"player_id","player_name","team","tbf","ip","gs","siera","xfip","k_minus_bb_pct","contact_pct","csw_pct","balls","pitches","ball_pct_raw","stuff_plus","pitching_plus","start_ip","relief_ip","start_ip_relief_ip_raw","ip_per_gs","ball_pct","start_share","start_ip_filled","relief_ip_filled","lookback_season","sp_skillz_weight_profile","sp_skillz_score_initial","sp_skillz_score_initial_stabilized","sp_skillz_reliability_initial","sp_skillz_rank_initial","sp_skillz_rank_initial_stabilized","sp_skillz_score","sp_skillz_score_stabilized","sp_skillz_reliability","sp_skillz_rank","sp_skillz_rank_stabilized","sp_skillz_starter_pool_flag","tbf_z","tbf_sample","tbf_rel","w_tbf","w_eff_tbf","ip_per_gs_z","ip_per_gs_sample","ip_per_gs_rel","w_ip_per_gs","w_eff_ip_per_gs","siera_z","siera_sample","siera_rel","w_siera","w_eff_siera","xfip_z","xfip_sample","xfip_rel","w_xfip","w_eff_xfip","k_minus_bb_pct_z","k_minus_bb_pct_sample","k_minus_bb_pct_rel","w_k_minus_bb_pct","w_eff_k_minus_bb_pct","contact_pct_z","contact_pct_sample","contact_pct_rel","w_contact_pct","w_eff_contact_pct","csw_pct_z","csw_pct_sample","csw_pct_rel","w_csw_pct","w_eff_csw_pct","ball_pct_z","ball_pct_sample","ball_pct_rel","w_ball_pct","w_eff_ball_pct","stuff_plus_z","stuff_plus_sample","stuff_plus_rel","w_stuff_plus","w_eff_stuff_plus","pitching_plus_z","pitching_plus_sample","pitching_plus_rel","w_pitching_plus","w_eff_pitching_plus"
669373,"Tarik Skubal","DET",748,195.333333333333,31,2.71344699538584,2.66399980772163,0.27807487,0.69587629,0.32081432,846,2849,,116.021885104919,119.267320261438,195.333333333333,,,6.3010752688172,29.6946296946297,1,195.333333333333,0,2025,"high_ip",23.4045617466719,20.435043761083,0.872902523899437,1,1,23.3391875241489,20.3935801942309,0.872902523899437,1,1,TRUE,1.22122767874643,748,0.998664886515354,0,0,1.20233640790216,31,0.96875,0,0,-2.1520001556042,195.333333333333,0.866863905325444,-1.61,-1.39565088757396,-1.99024083414462,195.333333333333,0.866863905325444,-1.34,-1.16159763313609,2.26916540739917,748,0.861751152073733,2,1.72350230414747,-1.77774861520581,748,0.713740458015267,-1.73,-1.23477099236641,2.09708825237151,2849,0.934404722859954,1.19,1.11194162020335,-2.4808948572459,2849,0.949983327775925,-0.58,-0.550990330110037,1.6021885104919,2849,0.96609020006782,1.56,1.5071007121058,1.9267320261438,2849,0.904731660844713,1.64,1.48375992378533
666142,"Cole Ragans","KCR",257,61.6666666666667,13,2.51825140139923,2.4520953323618,0.30350195,0.67984934,0.31510658,374,1079,,108.808454376164,106.733631284916,61.6666666666667,,,4.74358974358974,34.6617238183503,1,61.6666666666667,0,2025,"low_ip",20.639420201186,13.8320890142695,0.714247711640271,4,6,20.9324567586055,13.9753026702514,0.714247711640271,2,6,TRUE,-0.879763177120765,257,0.996124031007752,0,0,-1.13378518339093,13,0.928571428571429,0,0,-2.51262329283011,61.6666666666667,0.672727272727273,-0.76,-0.511272727272727,-2.34685913414221,61.6666666666667,0.672727272727273,-0.42,-0.282545454545455,2.78874347464664,257,0.681697612732096,1.23,0.838488063660477,-2.25771342057648,257,0.461400359066427,-2,-0.922800718132855,1.79055330597422,1079,0.843627834245504,1.26,1.06297107114934,-0.354999481651487,1079,0.877949552481692,-0.01,-0.00877949552481692,0.880845437616399,1079,0.91518235793045,1.75,1.60156912637829,0.6733631284916,1079,0.782451051486584,1.15,0.899818709209572
660271,"Shohei Ohtani","LAD",188,47,14,2.66728776305178,2.44903102504446,0.28191489,0.71542553,0.3001328,258,753,,119.4801062417,117.829375830013,47,,,3.35714285714286,34.2629482071713,1,47,0,2025,"low_ip",20.8542690755748,13.8179319890893,0.654154769282761,3,7,19.9161583291269,13.2848577154625,0.654154769282761,3,7,TRUE,-1.17501443792491,188,0.994708994708995,0,0,-3.21336053362518,14,0.933333333333333,0,0,-2.23727916644801,47,0.61038961038961,-0.76,-0.463896103896104,-2.35201611850662,47,0.61038961038961,-0.42,-0.256363636363636,2.34763254439609,188,0.61038961038961,1.23,0.750779220779221,-1.19230053108847,188,0.385245901639344,-2,-0.770491803278688,0.98638443183752,753,0.790136411332634,1.26,0.995571878279119,-0.525673764560039,753,0.833887043189369,-0.01,-0.00833887043189369,1.94801062417,753,0.882766705744431,1.75,1.54484173505276,1.7829375830013,753,0.715099715099715,1.15,0.822364672364672
668881,"Hunter Greene","CIN",420,107.666666666667,19,3.06314697997177,3.26757428106362,0.25238095,0.71075269,0.30549199,549,1748,,123.547687894435,123.492587492828,107.666666666667,,,5.66666666666667,31.4073226544622,1,107.666666666667,0,2025,"high_ip",21.0401047310608,17.151706833522,0.802506506837237,2,2,19.5796732853521,16.0323241799741,0.802506506837237,4,2,TRUE,-0.182285561018213,420,0.997624703087886,0,0,0.250766965245868,19,0.95,0,0,-1.50593072876109,107.666666666667,0.782082324455206,-1.61,-1.25915254237288,-0.974473223575467,107.666666666667,0.782082324455206,-1.34,-1.04799031476998,1.74413471989548,420,0.777777777777778,2,1.55555555555556,-1.3322397423001,420,0.583333333333333,-1.73,-1.00916666666667,1.27420045348233,1748,0.897330595482546,1.19,1.06782340862423,-1.74786948014799,1748,0.920969441517387,-0.58,-0.534162276080084,2.3547687894435,1748,0.945887445887446,1.56,1.47558441558442,2.3492587492828,1748,0.853515625,1.64,1.399765625
695505,"Chase Burns","CIN",188,43.3333333333333,8,2.75623916684627,2.68040069184377,0.2712766,0.69825436,0.28627451,266,765,,114.56173858377,120.599336823508,34.3333333333333,9,,5.41666666666667,34.7712418300654,0.792307692307692,34.3333333333333,9,2025,"low_ip",19.6376092905542,12.1591679622849,0.644752554238332,5,14,18.5454946980319,11.39833726151,0.644752554238332,5,11,TRUE,-1.17501443792491,188,0.994708994708995,0,0,-0.124215908343266,8,0.888888888888889,0,0,-2.07294177725869,34.3333333333333,0.533678756476684,-0.76,-0.40559585492228,-1.96263945666468,34.3333333333333,0.533678756476684,-0.42,-0.224145077720207,2.13024926023534,188,0.61038961038961,1.23,0.750779220779221,-1.7065317021495,188,0.385245901639344,-2,-0.770491803278688,0.242123098576328,765,0.792746113989637,1.26,0.998860103626943,-0.308126233661799,765,0.836065573770492,-0.01,-0.00836065573770492,1.456173858377,765,0.884393063583815,1.75,1.54768786127168,2.0599336823508,765,0.71830985915493,1.15,0.826056338028169
680694,"Kyle Bradish","BAL",126,32,6,2.63007491506731,2.67426692582667,0.29365079,0.67567568,0.33198381,178,494,,94.7752032520325,105.065731707317,32,,,5.33333333333333,36.0323886639676,1,32,0,2025,"low_ip",17.9491648433321,8.42921638768207,0.57179701149511,7,23,18.4570314543093,8.67767861225812,0.57179701149511,6,18,TRUE,-1.44031267227067,126,0.992125984251969,0,0,-0.249210199539645,6,0.857142857142857,0,0,-2.30602976532777,32,0.516129032258065,-0.76,-0.392258064516129,-1.9729620947585,32,0.516129032258065,-0.42,-0.216774193548387,2.58744443940761,126,0.51219512195122,1.23,0.63,-2.382703509744,126,0.295774647887324,-2,-0.591549295774648,2.69694721904399,494,0.711815561959654,1.26,0.896887608069164,0.231639302355482,494,0.767080745341615,-0.01,-0.00767080745341615,-0.52247967479675,494,0.831649831649832,1.75,1.45538720538721,0.5065731707317,494,0.622166246851385,1.15,0.715491183879093
554430,"Zack Wheeler","PHI",585,149.666666666667,24,2.73081445209842,2.73152650134757,0.27692308,0.71083333,0.28863826,845,2394,,111.645039765592,119.706923398912,149.666666666667,,,6.23611111111111,35.296574770259,1,149.666666666667,0,2025,"high_ip",19.1573714523436,16.0114488063484,0.84630287139809,6,3,18.2556190655542,15.2520485647063,0.84630287139809,7,3,TRUE,0.52375006264388,585,0.998293515358362,0,0,1.10489462175445,24,0.96,0,0,-2.1199138436265,149.666666666667,0.833024118738404,-1.61,-1.34116883116883,-1.87659880443076,149.666666666667,0.833024118738404,-1.34,-1.11625231910946,2.24562968005356,585,0.829787234042553,2,1.65957446808511,-1.32982478737074,585,0.661016949152542,-1.73,-1.1435593220339,0.369068611081561,2394,0.92289899768697,1.19,1.09824980724749,-0.0832859466876302,2394,0.941037735849057,-0.58,-0.545801886792453,1.1645039765592,2394,0.95990376904571,1.56,1.49744987971131,1.9706923398912,2394,0.888641425389755,1.64,1.4573719376392
813349,"Connelly Early","BOS",79,19.3333333333333,4,2.34459967651429,2.34641080079569,0.3164557,0.68292683,0.29411765,115,323,,97.7082608695652,107.340559006211,19.3333333333333,,,4.83333333333333,35.6037151702786,1,19.3333333333333,0,2025,"low_ip",17.0402114550524,5.97467250113405,0.476121208309242,10,38,17.0799720461298,5.83925798652692,0.476121208309242,8,26,TRUE,-1.64142584991987,79,0.9875,0,0,-0.999175946717912,4,0.8,0,0,-2.83344421165163,19.3333333333333,0.391891891891892,-0.76,-0.297837837837838,-2.52471775614229,19.3333333333333,0.391891891891892,-0.42,-0.164594594594595,3.05344096993934,79,0.396984924623116,1.23,0.488291457286432,-2.1655507265592,79,0.20844327176781,-2,-0.41688654353562,0.663339989935523,323,0.617590822179732,1.26,0.778164435946463,0.0481688515900617,323,0.682875264270613,-0.01,-0.00682875264270613,-0.229173913043481,323,0.763593380614657,1.75,1.33628841607565,0.7340559006211,323,0.518459069020867,1.15,0.596227929373997
650911,"Cristopher Sanchez","PHI",807,202,32,3.02081921202277,2.77090914455971,0.20817844,0.71719298,0.31377287,956,2897,,114.269112959113,116.986437976438,202,,,6.3125,32.9996548153262,1,202,0,2025,"high_ip",17.8040467321368,15.678832049929,0.878064596756479,8,4,16.3049561269058,14.4113572733864,0.878064596756479,9,4,TRUE,1.47368890175288,807,0.998762376237624,0,0,1.2194727220178,32,0.96969696969697,0,0,-1.58413112333857,202,0.870689655172414,-1.61,-1.40181034482759,-1.81032096273876,202,0.870689655172414,-1.34,-1.16672413793103,0.840898693057665,807,0.870550161812298,2,1.7411003236246,-1.13937007362448,807,0.7289972899729,-1.73,-1.26116531165312,1.71892623057142,2897,0.935421375524701,1.19,1.11315143687439,-1.06635801834076,2897,0.95077125041024,-0.58,-0.551447325237939,1.4269112959113,2897,0.966633299966633,1.56,1.50794794794795,1.6986437976438,2897,0.906162026900219,1.64,1.48610572411636
676979,"Garrett Crochet","BOS",814,205.333333333333,32,2.85518506041598,2.64371918029572,0.25675676,0.73444239,0.29038401,1037,3151,,116.057816677276,112.139955442393,205.333333333333,,,6.41666666666667,32.9101872421453,1,205.333333333333,0,2025,"high_ip",17.5335048601358,15.5100654001796,0.880957754586034,9,5,16.1877497181301,14.380593225342,0.880957754586034,10,5,TRUE,1.50364192821127,814,0.998773006134969,0,0,1.37571558601327,32,0.96969696969697,0,0,-1.89013960521183,205.333333333333,0.872521246458923,-1.61,-1.40475920679887,-2.02437150959747,205.333333333333,0.872521246458923,-1.34,-1.16917847025496,1.83355021323731,814,0.87152034261242,2,1.74304068522484,-0.622795821292702,814,0.730700179533214,-1.73,-1.26411131059246,0.462824350248569,3151,0.940316323485527,1.19,1.11897642494778,-1.10464976304166,3151,0.954559224477431,-0.58,-0.55364435019691,1.6057816677276,3151,0.969240233774223,1.56,1.51201476468779,1.2139955442393,3151,0.913068675746161,1.64,1.4974326282237
690997,"Nolan McLean","NYM",188,48,8,3.0399592442229,2.78448425183694,0.21808511,0.74121406,0.32162162,269,740,,117.022922868742,112.629364005413,48,,,6,36.3513513513514,1,48,0,2025,"low_ip",16.9784094532695,11.8324528288015,0.653565299301427,11,15,15.1745653456052,10.9590498243236,0.653565299301427,11,12,TRUE,-1.17501443792491,188,0.994708994708995,0,0,0.750744130031379,8,0.888888888888889,0,0,-1.54876998471015,48,0.615384615384615,-0.76,-0.467692307692308,-1.78747514189769,48,0.615384615384615,-0.42,-0.258461538461538,1.04333202206983,188,0.61038961038961,1.23,0.750779220779221,-0.420002197204251,188,0.385245901639344,-2,-0.770491803278688,2.14044440773713,740,0.787234042553192,1.26,0.991914893617021,0.36815398985819,740,0.831460674157303,-0.01,-0.00831460674157303,1.7022922868742,740,0.880952380952381,1.75,1.54166666666667,1.2629364005413,740,0.711538461538462,1.15,0.818269230769231
669302,"Logan Gilbert","SEA",535,131,25,2.85645708894854,2.95295927620116,0.26542056,0.6946217,0.30751391,727,2156,,95.8594142259414,107.514132961413,131,,,5.24,33.7198515769944,1,131,0,2025,"high_ip",15.6604408354964,12.4389363071073,0.832971712213875,14,11,14.887916910418,11.7908474012829,0.832971712213875,12,9,TRUE,0.309799873655367,535,0.998134328358209,0,0,-0.389203805679587,25,0.961538461538462,0,0,-1.8877895372073,131,0.813664596273292,-1.61,-1.31,-1.50394513773521,131,0.813664596273292,-1.34,-1.09031055900621,2.01058668219162,535,0.816793893129771,2,1.63358778625954,-1.81532027077159,535,0.640718562874252,-1.73,-1.10844311377246,1.38278793974128,2156,0.915110356536503,1.19,1.08898132427844,-0.758116836069442,2156,0.934952298352125,-0.58,-0.542272333044232,-0.414058577405859,2156,0.955673758865248,1.56,1.49085106382979,0.7514132961413,2156,0.87785016286645,1.64,1.43967426710098
519242,"Chris Sale","ATL",510,125.666666666667,20,2.88028564700671,2.98334776952709,0.26078431,0.72745694,0.31166913,674,2031,,106.745925002114,105.520455927417,120,5.66666666666667,,6.28333333333333,33.1856228458887,0.954907161803713,120,5.66666666666667,2025,"high_ip",15.8123232329367,12.9017909141252,0.824675109099383,13,9,14.6273815288965,12.0048142688327,0.824675109099383,13,8,TRUE,0.20282477916111,510,0.998043052837573,0,0,1.17572472009906,20,0.952380952380952,0,0,-1.84376636441429,120,0.8,-1.61,-1.288,-1.45280373163239,120,0.8,-1.34,-1.072,1.9158493464741,510,0.80952380952381,2,1.61904761904762,-0.831991591522004,510,0.62962962962963,-1.73,-1.08925925925926,1.60594459017893,2031,0.910354101299865,1.19,1.08332138054684,-0.98676448410648,2031,0.931224209078404,-0.58,-0.540110041265475,0.674592500211401,2031,0.9530736743313,1.56,1.48679493195683,0.5520455927417,2031,0.871299871299871,1.64,1.42893178893179
686790,"Trevor McDonald","SFG",60,15,2,3.07684535583271,2.69629586140315,0.2,0.70754717,0.35680751,60,213,,94.9668560515636,107.038950337303,13,2,,7.5,28.169014084507,0.866666666666667,13,2,2025,"low_ip",15.061777475808,5.04653975216019,0.399085751195398,17,47,14.4763097749054,5.04062263882297,0.399085751195398,14,31,TRUE,-1.72272692173551,60,0.983606557377049,0,0,3.00064137156618,2,0.666666666666667,0,0,-1.48062303007291,13,0.302325581395349,-0.76,-0.229767441860465,-1.9358891563852,13,0.302325581395349,-0.42,-0.126976744186046,0.673780091617804,60,0.333333333333333,1.23,0.41,-1.42823659653074,60,0.166666666666667,-2,-0.333333333333333,4.03010737505717,213,0.515738498789346,1.26,0.649830508474576,-3.13385191618422,213,0.586776859504132,-0.01,-0.00586776859504132,-0.50331439484364,213,0.680511182108626,1.75,1.1908945686901,0.703895033730301,213,0.415204678362573,1.15,0.477485380116959
694973,"Paul Skenes","PIT",733,187.666666666667,32,3.09664733385941,3.02996388323901,0.23738063,0.72151045,0.29295963,1045,2997,,106.850750250083,115.719659886629,187.666666666667,,,5.86458333333333,34.8682015348682,1,187.666666666667,0,2025,"high_ip",15.1615847503833,13.0760748305674,0.871926772590125,16,8,13.3059488810827,11.4985147280938,0.871926772590125,15,10,TRUE,1.15704262204988,733,0.998637602179837,0,0,0.547628406837264,32,0.96969696969697,0,0,-1.44403894898061,187.666666666667,0.862174578866769,-1.61,-1.3881010719755,-1.3743525370731,187.666666666667,0.862174578866769,-1.34,-1.15531393568147,1.43761752351691,733,0.859320046893318,2,1.71864009378664,-1.01007325493823,733,0.709583736689255,-1.73,-1.22757986447241,0.60114836967479,2997,0.937441351266813,1.19,1.11555520800751,-0.266627888165383,2997,0.952335557673975,-0.58,-0.552354623450906,0.6850750250083,2997,0.967710687762351,1.56,1.50962867290927,1.5719659886629,2997,0.909008189262966,1.64,1.49077343039126
680885,"Spencer Schwellenbach","ATL",434,110.666666666667,17,3.29776934479324,3.00718466130046,0.20737327,0.74078624,0.30324221,492,1573,,109.903220878421,117.981629535328,110.666666666667,,,6.50980392156863,31.2778130959949,1,110.666666666667,0,2025,"high_ip",15.232726286663,12.3992154844872,0.80170821224424,15,12,12.9296541928633,10.6839251270168,0.80170821224424,16,13,TRUE,-0.12237950810143,434,0.997701149425287,0,0,1.51541508793863,17,0.944444444444444,0,0,-1.07246677838583,110.666666666667,0.786729857819905,-1.61,-1.26663507109005,-1.41268814744281,110.666666666667,0.786729857819905,-1.34,-1.05421800947867,0.824445813985209,434,0.783393501805054,2,1.56678700361011,-0.432814275798972,434,0.591280653950954,-1.73,-1.02291553133515,1.15337571519612,1573,0.887196841511562,1.19,1.05576424139876,-1.80329902599174,1573,0.912942542077771,-0.58,-0.529506674405107,0.9903220878421,1573,0.940227136879857,1.56,1.46675433353258,1.7981629535328,1573,0.839829151094501,1.64,1.37731980779498
694819,"Jacob Misiorowski","MIL",273,66,14,3.55669609566479,3.65604562443644,0.20512821,0.73830156,0.28669528,403,1165,,118.578232272812,128.827108135846,63.6666666666667,2.33333333333333,,4.71428571428571,34.5922746781116,0.964646464646465,63.6666666666667,2.33333333333333,2025,"low_ip",15.9442530141591,12.17978496083,0.724916112877231,12,13,12.8475951517812,10.1367646533603,0.724916112877231,17,15,TRUE,-0.811299116644441,273,0.996350364963504,0,0,-1.17773921985559,14,0.933333333333333,0,0,-0.594100564764151,63.6666666666667,0.679715302491103,-0.76,-0.516583629893238,-0.320706993125865,63.6666666666667,0.679715302491103,-0.42,-0.285480427046263,0.778570159539059,273,0.694656488549618,1.23,0.854427480916031,-0.507223876665538,273,0.476439790575916,-2,-0.952879581151832,0.264720608167794,1165,0.853479853479853,1.26,1.07538461538462,-0.384723421322261,1165,0.885931558935361,-0.01,-0.00885931558935361,1.8578232272812,1165,0.92094861660079,1.75,1.61166007905138,2.8827108135846,1165,0.795221843003413,1.15,0.914505119453925
686218,"Emmet Sheehan","LAD",291,73.3333333333333,12,3.19568876637389,3.37157922039794,0.23024055,0.68815331,0.29668412,407,1146,,102.05342225907,108.302708619626,59.6666666666667,13.6666666666667,,6.11111111111111,35.5148342059337,0.813636363636364,59.6666666666667,13.6666666666667,2025,"low_ip",13.9846255720093,9.11309440389484,0.727673017834545,19,20,12.5252195720038,8.02622131226357,0.727673017834545,18,19,TRUE,-0.734277048608577,291,0.996575342465753,0,0,0.917403184959882,12,0.923076923076923,0,0,-1.26106026908699,59.6666666666667,0.66542750929368,-0.76,-0.505724907063197,-0.799441221095216,59.6666666666667,0.66542750929368,-0.42,-0.279479553903346,1.29171681583076,291,0.708029197080292,1.23,0.870875912408759,-2.00903146020012,291,0.49238578680203,-2,-0.984771573604061,0.801172607377851,1146,0.851411589895988,1.26,1.07277860326895,0.0101281730015542,1146,0.884259259259259,-0.01,-0.00884259259259259,0.205342225907,1146,0.919743178170145,1.75,1.60955056179775,0.8302708619626,1146,0.79253112033195,1.15,0.911410788381743
594798,"Jacob deGrom","TEX",669,172.666666666667,30,3.3245469467339,3.36591041200367,0.22122571,0.7237037,0.2888804,883,2617,,110.726919249904,119.383153463452,172.666666666667,,,5.75555555555556,33.7409247229652,1,172.666666666667,0,2025,"high_ip",14.8148458691019,12.7258335924709,0.861075055775731,18,10,12.3212483514081,10.6299241955598,0.861075055775731,19,14,TRUE,0.883186380144581,669,0.998507462686567,0,0,0.38409420918867,30,0.967741935483871,0,0,-1.02299525793804,172.666666666667,0.851973684210526,-1.61,-1.37167763157895,-0.808981372661831,172.666666666667,0.851973684210526,-1.34,-1.14164473684211,1.10750718012956,669,0.847908745247148,2,1.6958174904943,-0.944391212542189,669,0.690402476780186,-1.73,-1.19439628482972,0.382072772434503,2617,0.929002484913028,1.19,1.1055129570465,-0.749097618302945,2617,0.945789663895916,-0.58,-0.548558005059631,1.0726919249904,2617,0.963194700036805,1.56,1.50258373205742,1.9383153463452,2617,0.897154610901611,1.64,1.47133356187864
702056,"Trey Yesavage","TOR",62,14,3,3.87296634636928,3.23041592666081,0.14516129,0.67256637,0.33054393,84,239,,105.530125523013,98.9060251046025,14,,,4.66666666666667,35.1464435146443,1,14,0,2025,"low_ip",13.6906058606387,4.89220721847052,0.416412661869998,20,50,12.2056470985703,4.38056011347231,0.416412661869998,20,36,TRUE,-1.71416891417597,62,0.984126984126984,0,0,-1.24916452911067,3,0.75,0,0,-0.00979244750151594,14,0.318181818181818,-0.76,-0.241818181818182,-1.03700776493112,14,0.318181818181818,-0.42,-0.133636363636364,-0.446796512229152,62,0.340659340659341,1.23,0.419010989010989,-2.47581912868504,62,0.171270718232044,-2,-0.342541436464088,2.61961826947402,239,0.544419134396355,1.26,0.685968109339408,-0.147541492101832,239,0.61439588688946,-0.01,-0.0061439588688946,0.5530125523013,239,0.705014749262537,1.75,1.23377581120944,-0.109397489539749,239,0.443413729128015,1.15,0.509925788497217
605483,"Blake Snell","LAD",254,61.3333333333333,11,3.64190191734266,3.0896685766105,0.18110236,0.67494824,0.30126336,390,1029,,97.9371624266145,112.545029354207,61.3333333333333,,,5.57575757575758,37.9008746355685,1,61.3333333333333,0,2025,"low_ip",13.1035994623338,7.91662413390533,0.710234118544784,21,26,11.4332636212691,6.66806354033677,0.710234118544784,21,23,TRUE,-0.892600188460076,254,0.996078431372549,0,0,0.114409556668001,11,0.916666666666667,0,0,-0.436683124668179,61.3333333333333,0.671532846715328,-0.76,-0.51036496350365,-1.27387430877772,61.3333333333333,0.671532846715328,-0.42,-0.282043795620438,0.28762488753072,254,0.679144385026738,1.23,0.835347593582888,-2.40448841566926,254,0.458483754512635,-2,-0.916967509025271,1.04710130909523,1029,0.83726606997559,1.26,1.05495524816924,1.03134343266779,1029,0.872773536895674,-0.01,-0.00872773536895674,-0.206283757338549,1029,0.911426040744021,1.75,1.59499557130204,1.2545029354207,1029,0.774266365688488,1.15,0.890406320541761
666200,"Jesus Luzardo","PHI",758,183.666666666667,32,3.40202728525284,3.24886332297371,0.20976253,0.71677105,0.30580431,1060,3015,,101.601362126246,112.911707641196,183.666666666667,,,5.73958333333333,35.1575456053068,1,183.666666666667,0,2025,"high_ip",12.7908103426781,10.9590371166006,0.873123949936806,22,17,10.4904643115497,8.99934157133631,0.873123949936806,22,17,TRUE,1.26401771654413,758,0.998682476943347,0,0,0.360136970042697,32,0.96969696969697,0,0,-0.879850619376464,183.666666666667,0.859594383775351,-1.61,-1.38394695787832,-1.00596227095882,183.666666666667,0.859594383775351,-1.34,-1.15185647425897,0.873268057551978,758,0.863325740318907,2,1.72665148063781,-1.15200576228203,758,0.716446124763705,-1.73,-1.23945179584121,1.29097364119915,3015,0.937791601866252,1.19,1.11597200622084,-0.142789844033391,3015,0.95260663507109,-0.58,-0.552511848341232,0.1601362126246,3015,0.967897271268058,1.56,1.50991974317817,1.2911707641196,3015,0.909502262443439,1.64,1.49158371040724
657277,"Logan Webb","SFG",856,207,34,3.13603703524115,2.78212657280014,0.20794393,0.76805832,0.30408288,1117,3282,,104.654862385321,110.795896024465,207,,,6.08823529411765,34.0341255332115,1,207,0,2025,"high_ip",12.2871139238249,11.0000305752282,0.884509660324924,23,16,9.90093985559832,9.0168904370354,0.884509660324924,23,16,TRUE,1.68336008696162,856,0.998833138856476,0,0,0.883091026592249,34,0.971428571428571,0,0,-1.37126662150866,207,0.873417721518987,-1.61,-1.40620253164557,-1.79144292732844,207,0.873417721518987,-1.34,-1.17037974683544,0.836106705438551,856,0.877049180327869,2,1.75409836065574,0.383912460682594,856,0.740484429065744,-1.73,-1.28103806228374,1.19852401091173,3282,0.942561746122918,1.19,1.12164847788627,-0.623608905768521,3282,0.956293706293706,-0.58,-0.55465034965035,0.4654862385321,3282,0.97043169722058,1.56,1.5138734476641,1.0795896024465,3282,0.916247906197655,1.64,1.50264656616415
656302,"Dylan Cease","SDP",722,168,32,3.57915199753624,3.55708785819865,0.19944598,0.68163539,0.29579777,1121,3046,,107.60855354201,107.40039538715,168,,,5.25,36.8023637557452,1,168,0,2025,"high_ip",12.1683943237207,10.1284732047326,0.868068354284016,24,18,9.65270638517115,7.92426407931015,0.868068354284016,24,20,TRUE,1.10997358047241,722,0.998616874135546,0,0,-0.374204490736022,32,0.96969696969697,0,0,-0.552613369194178,168,0.848484848484849,-1.61,-1.36606060606061,-0.4872450065744,168,0.848484848484849,-1.34,-1.1369696969697,0.662459222653832,722,0.857482185273159,2,1.71496437054632,-2.20422594225826,722,0.706457925636008,-1.73,-1.22217221135029,0.753571061102225,3046,0.938385705483672,1.19,1.11667898952557,0.56118540036798,3046,0.953066332916145,-0.58,-0.552778473091364,0.760855354201,3046,0.968213604577241,1.56,1.5104132231405,0.740039538715,3046,0.910340705319785,1.64,1.49295875672445
808967,"Yoshinobu Yamamoto","LAD",684,173.666666666667,30,3.32290161567902,3.04545940848154,0.20760234,0.72867025,0.2997851,1004,2792,,97.8912890484739,110.35387432675,173.666666666667,,,5.78888888888889,35.9598853868195,1,173.666666666667,0,2025,"high_ip",11.257808035165,9.46879851525762,0.864149404953831,25,19,8.8976430329898,7.49661060024584,0.864149404953831,25,21,TRUE,0.947371436841135,684,0.998540145985401,0,0,0.434091925667221,30,0.967741935483871,0,0,-1.02603500097049,173.666666666667,0.852700490998363,-1.61,-1.37284779050737,-1.34827480624567,173.666666666667,0.852700490998363,-1.34,-1.14261865793781,0.829126640405875,684,0.850746268656716,2,1.70149253731343,-0.79565616288435,684,0.695121951219512,-1.73,-1.20256097560976,0.967711156449657,2792,0.933155080213904,1.19,1.11045454545455,0.200608204944106,2792,0.949014276002719,-0.58,-0.550428280081577,-0.210871095152611,2792,0.965421853388658,1.56,1.50605809128631,1.035387432675,2792,0.902975420439845,1.64,1.48087968952135
543135,"Nathan Eovaldi","TEX",496,130,22,3.17236941768304,3.03006623158088,0.21774194,0.74665294,0.290625,634,1920,,97.2603133159269,104.403279373368,130,,,5.90909090909091,33.0208333333333,1,130,0,2025,"high_ip",10.3336516866337,8.30894608942822,0.824215629123932,27,24,7.93267137777605,6.44803664859154,0.824215629123932,26,24,TRUE,0.142918726244327,496,0.997987927565392,0,0,0.614386721453512,22,0.956521739130435,0,0,-1.3041426794591,130,0.8125,-1.61,-1.308125,-1.37418029299178,130,0.8125,-1.34,-1.08875,1.0363196712479,496,0.805194805194805,2,1.61038961038961,-0.257122112058017,496,0.623115577889447,-1.73,-1.07798994974874,0.475766750696432,1920,0.905660377358491,1.19,1.0777358490566,-1.05729370178628,1920,0.927536231884058,-0.58,-0.537971014492754,-0.273968668407311,1920,0.95049504950495,1.56,1.48277227722772,0.440327937336799,1920,0.864864864864865,1.64,1.41837837837838
543243,"Sonny Gray","STL",753,180.666666666667,32,3.28814892082847,3.06717082430314,0.21646746,0.74336973,0.30837004,923,2724,,95.8339948358539,101.246344522317,180.666666666667,,,5.64583333333333,33.8839941262849,1,180.666666666667,0,2025,"high_ip",10.0725385048381,8.59174469527871,0.8697431354148,30,22,7.80218561212121,6.71460214131708,0.8697431354148,27,22,TRUE,1.24262269764528,753,0.99867374005305,0,0,0.219518392446772,32,0.96969696969697,0,0,-1.09024047604346,180.666666666667,0.857594936708861,-1.61,-1.38072784810127,-1.31173622824871,180.666666666667,0.857594936708861,-1.34,-1.14917721518987,1.0102768910645,753,0.86254295532646,2,1.72508591065292,-0.355445576512644,753,0.715099715099715,-1.73,-1.23712250712251,1.42876651684169,2724,0.931600547195622,1.19,1.10860465116279,-0.687864515943598,2724,0.947807933194154,-0.58,-0.54972860125261,-0.41660051641461,2724,0.964589235127479,1.56,1.50475920679887,0.1246344522317,2724,0.900793650793651,1.64,1.47730158730159
656731,"Tylor Megill","NYM",305,68.3333333333333,14,3.74474379081665,3.73032635490157,0.18360656,0.72151899,0.29983793,464,1234,,107.670551948052,104.117548701299,68.3333333333333,,,4.88095238095238,37.6012965964344,1,68.3333333333333,0,2025,"low_ip",10.597489303452,7.58686942569082,0.739868028943706,26,30,7.78805328469444,5.66414864743096,0.739868028943706,28,27,TRUE,-0.674370995691793,305,0.996732026143791,0,0,-0.927750637462839,14,0.933333333333333,0,0,-0.24668314417208,68.3333333333333,0.694915254237288,-0.76,-0.528135593220339,-0.195698459086778,68.3333333333333,0.694915254237288,-0.42,-0.291864406779661,0.338795820095574,305,0.717647058823529,1.23,0.882705882352941,-1.009817504503,305,0.504132231404959,-2,-1.00826446280992,0.970548398723859,1234,0.860529986052999,1.26,1.08426778242678,0.903125293014765,1234,0.891618497109827,-0.01,-0.00891618497109826,0.767055194805199,1234,0.92503748125937,1.75,1.6188155922039,0.4117548701299,1234,0.804432855280313,1.15,0.92509778357236
605540,"Brandon Woodruff","MIL",257,64.6666666666667,12,2.90324652705655,3.24025084608445,0.26848249,0.75365344,0.3060166,300,964,,96.3879288702929,100.894623430962,64.6666666666667,,,5.38888888888889,31.1203319502075,1,64.6666666666667,0,2025,"low_ip",9.57988783940353,6.42283141063425,0.708867954915284,33,34,7.56708809581465,5.28331143740509,0.708867954915284,29,28,TRUE,-0.879763177120765,257,0.996124031007752,0,0,-0.165880672075392,12,0.923076923076923,0,0,-1.8013462235293,64.6666666666667,0.683098591549296,-0.76,-0.519154929577465,-1.02045638139137,64.6666666666667,0.683098591549296,-0.42,-0.286901408450704,2.07315429402306,257,0.681697612732096,1.23,0.838488063660477,-0.0474756340945032,257,0.461400359066427,-2,-0.922800718132855,1.30237470427678,964,0.828178694158076,1.26,1.04350515463918,-1.87070029345998,964,0.865350089766607,-0.01,-0.00865350089766607,-0.36120711297071,964,0.906015037593985,1.75,1.58552631578947,0.0894623430962,964,0.762658227848101,1.15,0.877056962025316
592254,"Jose De Leon","BOS",28,6.66666666666667,1,3.87220363591759,3.9352235722625,0.17857143,0.71698113,0.30693069,32,101,,99.8935042735043,110.763076923077,6.66666666666667,,,6.66666666666667,31.6831683168317,1,6.66666666666667,0,2025,"low_ip",10.1684649797748,2.02853931773522,0.258018481733207,29,74,7.42142682003798,1.52210412945404,0.258018481733207,30,53,TRUE,-1.85965504268815,28,0.96551724137931,0,0,1.7506984596024,1,0.5,0,0,-0.0112015522372624,6.66666666666667,0.181818181818182,-0.76,-0.138181818181818,0.149127185607199,6.66666666666667,0.181818181818182,-0.42,-0.0763636363636364,0.23590775297423,28,0.189189189189189,1.23,0.232702702702703,-1.14571442136487,28,0.0853658536585366,-2,-0.170731707317073,1.35146603099318,101,0.335548172757475,1.26,0.422790697674419,-1.62980869784703,101,0.402390438247012,-0.01,-0.00402390438247012,-0.0106495726495694,101,0.502487562189055,1.75,0.879353233830846,1.0763076923077,101,0.251870324189526,1.15,0.289650872817955
693433,"Bryan Woo","SEA",731,186.666666666667,30,3.30322181299748,3.33320640526838,0.22161423,0.76699029,0.26823876,877,2714,,104.768426883309,110.975214180207,186.666666666667,,,6.22222222222222,32.3139277818718,1,186.666666666667,0,2025,"high_ip",10.1885395718287,8.92838614647848,0.869132657234347,28,21,6.95829526877805,6.236168955723,0.869132657234347,31,25,TRUE,1.14848461449034,731,0.998633879781421,0,0,1.08406223988839,30,0.967741935483871,0,0,-1.06239336356494,186.666666666667,0.861538461538462,-1.61,-1.38707692307692,-0.864019602813622,186.666666666667,0.861538461538462,-1.34,-1.15446153846154,1.11544621483928,731,0.858989424206816,2,1.71797884841363,0.351927784179577,731,0.7090203685742,-1.73,-1.22660523763337,-0.72648928732161,2714,0.931365820178449,1.19,1.10832532601235,-1.3598463020395,2714,0.947625698324022,-0.58,-0.549622905027933,0.4768426883309,2714,0.964463397299218,1.56,1.50456289978678,1.0975214180207,2714,0.900464499004645,1.64,1.47676177836762
665795,"Edward Cabrera","MIA",581,137.666666666667,26,3.7195922936551,3.6197664824627,0.17555938,0.71980198,0.30670217,830,2253,,105.049323241318,107.158833481745,137.666666666667,,,5.2948717948718,36.8397691966267,1,137.666666666667,0,2025,"high_ip",9.60506420774392,7.87515254993788,0.841069018735839,32,27,6.3888028750118,5.247475230334,0.841069018735839,32,29,TRUE,0.506634047524799,581,0.998281786941581,0,0,-0.306899872399511,26,0.962962962962963,0,0,-0.293150442060725,137.666666666667,0.821073558648111,-1.61,-1.32192842942346,-0.381761890216062,137.666666666667,0.821073558648111,-1.34,-1.10023856858847,0.174359391249141,581,0.828815977175464,2,1.65763195435093,-1.06123741724183,581,0.659477866061294,-1.73,-1.14089670828604,1.33919333357692,2253,0.918467183041174,1.19,1.092975947819,0.577194771604223,2253,0.937578027465668,-0.58,-0.543795255930087,0.504932324131801,2253,0.957501062473438,1.56,1.49370165745856,0.715883348174501,2253,0.882491186839013,1.64,1.44728554641598
686613,"Hunter Brown","HOU",729,185.333333333333,31,3.39147694744567,3.18757781913008,0.20438958,0.74563402,0.28306343,1132,2964,,107.189844173442,103.31539295393,185.333333333333,,,5.97849462365591,38.191632928475,1,185.333333333333,0,2025,"high_ip",9.07664426431852,7.77515402302131,0.870999303310952,35,28,6.03659369336256,5.2073823462829,0.870999303310952,33,30,TRUE,1.1399266069308,729,0.998630136986301,0,0,0.718487538754894,31,0.96875,0,0,-0.899342329415143,185.333333333333,0.860681114551084,-1.61,-1.38569659442724,-1.1091008769656,185.333333333333,0.860681114551084,-1.34,-1.15331269349845,0.763476961743205,729,0.858657243816254,2,1.71731448763251,-0.28763607382169,729,0.708454810495627,-1.73,-1.22562682215743,0.069671614157375,2964,0.936788874841972,1.19,1.11477876106195,1.15578675806278,2964,0.951830443159923,-0.58,-0.552061657032755,0.7189844173442,2964,0.967362924281984,1.56,1.5090861618799,0.331539295393,2964,0.908088235294118,1.64,1.48926470588235
800048,"Parker Messick","CLE",165,39.6666666666667,7,3.43330070774526,3.14991179719255,0.19393939,0.74912892,0.3152,212,625,,95.7025320512821,105.83641025641,39.6666666666667,,,5.66666666666667,33.92,1,39.6666666666667,0,2025,"low_ip",8.50215623861127,4.90470195345289,0.622599813354027,37,49,5.90356804839156,3.64183733561703,0.622599813354027,34,38,TRUE,-1.27343152485963,165,0.993975903614458,0,0,0.250766965245866,7,0.875,0,0,-0.822073087103981,39.6666666666667,0.569377990430622,-0.76,-0.432727272727273,-1.17248978221748,39.6666666666667,0.569377990430622,-0.42,-0.239138755980861,0.54993732122731,165,0.578947368421053,1.23,0.712105263157895,-0.182973053203923,165,0.354838709677419,-2,-0.709677419354839,1.79557043967204,625,0.757575757575758,1.26,0.954545454545455,-0.67245415356297,625,0.806451612903226,-0.01,-0.00806451612903226,-0.429746794871789,625,0.862068965517241,1.75,1.50862068965517,0.583641025641,625,0.675675675675676,1.15,0.777027027027027
691587,"Eury Perez","MIA",385,95.3333333333333,20,3.79802425783261,4.07142119680437,0.18961039,0.73539928,0.27164179,599,1675,,117.86377245509,109.729089820359,95.3333333333333,,,4.76666666666667,35.7611940298507,1,95.3333333333333,0,2025,"blended_ip",9.72623468826519,7.7666461155781,0.788486540494395,31,29,5.68086312355988,4.69305633259964,0.788486540494395,35,33,TRUE,-0.332050693310172,385,0.99740932642487,0,0,-1.09917137967501,20,0.952380952380952,0,0,-0.148247678618103,95.3333333333333,0.76063829787234,-1.41166666666667,-1.07376773049645,0.378336904964733,95.3333333333333,0.76063829787234,-1.12533333333333,-0.855971631205674,0.46147834547727,385,0.762376237623762,1.82033333333333,1.38777887788779,-0.59413949413057,385,0.562043795620438,-1.793,-1.00774452554745,-0.543729102267911,1675,0.893333333333333,1.20633333333333,1.07765777777778,0.115569140567766,1675,0.917808219178082,-0.447,-0.410260273972603,1.786377245509,1675,0.943661971830986,1.60433333333333,1.51394835680751,0.972908982035899,1675,0.848101265822785,1.52566666666667,1.29391983122363
669923,"George Kirby","SEA",524,126,23,3.39091701406937,3.24929107876997,0.20610687,0.75808031,0.2798275,727,2087,,97.9644686907021,109.438311195446,126,,,5.47826086956522,34.8346909439387,1,126,0,2025,"high_ip",8.69938507384974,7.06201491048313,0.82916414096895,36,32,5.51595592310002,4.55402606586121,0.82916414096895,36,34,TRUE,0.262730832077894,524,0.998095238095238,0,0,-0.0318288235459432,23,0.958333333333333,0,0,-0.90037680425484,126,0.807692307692308,-1.61,-1.30038461538462,-1.00524239213315,126,0.807692307692308,-1.34,-1.08230769230769,0.798568140875981,524,0.813664596273292,2,1.62732919254658,0.0850974255301438,524,0.635922330097087,-1.73,-1.10014563106796,-0.104114442862639,2087,0.912549191080018,1.19,1.08593353738522,-0.280970280017861,2087,0.932945909700492,-0.58,-0.541108627626285,-0.203553130929789,2087,0.954275262917238,1.56,1.48866941015089,0.9438311195446,2087,0.874319229157939,1.64,1.43388353581902
608331,"Max Fried","NYY",801,195.333333333333,32,3.59536718720183,3.40759381514046,0.17228465,0.7580756,0.27909968,1136,3110,,111.277739858339,113.102234385061,195.333333333333,,,6.10416666666667,36.5273311897106,1,195.333333333333,0,2025,"high_ip",9.21796515461025,8.19547099132764,0.878437979409458,34,25,5.37989172822324,4.92638385322864,0.878437979409458,37,32,TRUE,1.44801487907426,801,0.998753117206983,0,0,0.906986994026851,32,0.96969696969697,0,0,-0.522655866319808,195.333333333333,0.866863905325444,-1.61,-1.39565088757396,-0.738831535856759,195.333333333333,0.866863905325444,-1.34,-1.16159763313609,0.107443414890184,801,0.86970684039088,2,1.73941368078176,0.0849563734751174,801,0.727520435967302,-1.73,-1.25861035422343,-0.143202114110257,3110,0.939577039274924,1.19,1.11809667673716,0.443472619875524,3110,0.95398773006135,-0.58,-0.553312883435583,1.1277739858339,3110,0.968847352024922,1.56,1.51140186915888,1.3102234385061,3110,0.912023460410557,1.64,1.49571847507331
640455,"Sean Manaea","NYM",263,60.6666666666667,12,3.07446389194091,3.30485942274158,0.23954373,0.75958188,0.28584475,346,1095,,103.10195507181,98.6454801446354,51.3333333333333,9.33333333333333,,5.05555555555556,31.5981735159817,0.846153846153846,51.3333333333333,9.33333333333333,2025,"low_ip",7.97201447386343,5.44927993965309,0.711433728582855,39,41,5.096909943243,3.67590460803569,0.711433728582855,38,37,TRUE,-0.854089154442144,263,0.996212121212121,0,0,-0.665857836860904,12,0.923076923076923,0,0,-1.48502277579622,51.3333333333333,0.631147540983606,-0.76,-0.479672131147541,-0.911725309366554,51.3333333333333,0.631147540983606,-0.42,-0.265081967213115,1.48181840373056,263,0.68668407310705,1.23,0.844621409921671,0.130065479514243,263,0.467140319715808,-2,-0.934280639431616,0.219042779822547,1095,0.845559845559846,1.26,1.06540540540541,-1.66618611481877,1095,0.879518072289157,-0.01,-0.00879518072289157,0.310195507181,1095,0.916317991631799,1.75,1.60355648535565,-0.13545198553646,1095,0.78494623655914,1.15,0.902688172043011
657746,"Joe Ryan","MIN",689,171,30,3.32475446576709,3.69931148008296,0.22496372,0.76623377,0.27412437,966,2798,,103.440913897712,105.905434019333,166,5,,5.7,34.5246604717655,0.970760233918129,166,5,2025,"high_ip",8.46140726969389,7.29363934870278,0.8631325483756,38,31,5.0335417564607,4.46033901222812,0.8631325483756,39,35,TRUE,0.968766455739987,689,0.998550724637681,0,0,0.300764681724419,30,0.967741935483871,0,0,-1.02261186729251,166,0.846938775510204,-1.61,-1.36357142857143,-0.247894015191336,166,0.846938775510204,-1.34,-1.13489795918367,1.18388984031514,689,0.851668726823239,2,1.70333745364648,0.329272009090806,689,0.696663296258847,-1.73,-1.20522750252781,-0.410401808588274,2798,0.933288859239493,1.19,1.110613742495,-0.41366201701126,2798,0.949118046132971,-0.58,-0.550488466757123,0.344091389771199,2798,0.965493443754313,1.56,1.50616977225673,0.5905434019333,2798,0.903163331181407,1.64,1.48118786313751
669372,"J.T. Ginn","ATH",392,90.3333333333333,16,3.57111870137732,3.52034746277457,0.17346939,0.72172619,0.28616751,637,1576,,96.0502714262198,108.95525221842,75,15.3333333333333,,5.64583333333333,40.4187817258883,0.830258302583026,75,15.3333333333333,2025,"low_ip",7.69222487434716,5.21036526854922,0.775809524824083,41,45,4.67959469821158,2.97907529218757,0.775809524824083,40,43,TRUE,-0.30209766685178,392,0.997455470737914,0,0,0.219518392446772,16,0.941176470588235,0,0,-0.567454854106452,75,0.714285714285714,-0.76,-0.542857142857143,-0.549076156365484,75,0.714285714285714,-0.42,-0.3,0.131652443980066,392,0.765625,1.23,0.94171875,-1.00361241197617,392,0.566473988439306,-2,-1.13294797687861,0.236376649147219,1576,0.887387387387387,1.26,1.11810810810811,2.10899706800453,1576,0.913093858632677,-0.01,-0.00913093858632677,-0.394972857378021,1576,0.940334128878282,1.75,1.64558472553699,0.895525221842,1576,0.840085287846482,1.15,0.966098081023454
676962,"Ben Brown","CHC",472,106.333333333333,15,3.51864805612378,3.55684568492552,0.18855932,0.7326969,0.30187607,610,1759,,98.8159933216455,96.8407837902791,75.6666666666667,30.6666666666667,,7.08888888888889,34.6787947697555,0.711598746081505,75.6666666666667,30.6666666666667,2025,"low_ip",7.37334775450909,5.40549305454567,0.79572742653893,44,42,4.60957983472442,3.37262091190154,0.79572742653893,41,40,TRUE,0.0402226355298403,472,0.997885835095137,0,0,2.38400286833072,15,0.9375,0,0,-0.664394176952527,75.6666666666667,0.71608832807571,-0.76,-0.54422712933754,-0.487652564842444,75.6666666666667,0.71608832807571,-0.42,-0.300757097791798,0.440000735026451,472,0.797297297297297,1.23,0.980675675675676,-0.675068634780387,472,0.61139896373057,-2,-1.22279792746114,1.0800069822701,1759,0.897907095456866,1.26,1.13136294027565,-0.347693186311515,1759,0.921424829753798,-0.01,-0.00921424829753798,-0.118400667835451,1759,0.946207638515331,1.75,1.65586336740183,-0.31592162097209,1759,0.85429820301117,1.15,0.982442933462846
664285,"Framber Valdez","HOU",802,192,31,3.66497300232288,3.33874150781582,0.14837905,0.75534267,0.28502415,1035,2898,,108.151521890202,109.188575399583,192,,,6.19354838709677,35.7142857142857,1,192,0,2025,"high_ip",7.88503897135591,6.96079246595727,0.876295095987103,40,33,3.94366108902327,3.60931361538067,0.876295095987103,42,39,TRUE,1.45229388285403,802,0.998754669987547,0,0,1.04105345151974,31,0.96875,0,0,-0.39405938058232,192,0.864864864864865,-1.61,-1.39243243243243,-0.85470446750358,192,0.864864864864865,-1.34,-1.15891891891892,-0.38104466334732,802,0.869848156182213,2,1.73969631236443,0.00311234104588764,802,0.727767695099819,-1.73,-1.25903811252269,0.174972346163406,2898,0.935442220787605,1.19,1.11317624273725,0.0954925789700304,2898,0.950787401574803,-0.58,-0.551456692913386,0.8151521890202,2898,0.966644429619747,1.56,1.5079653102068,0.9188575399583,2898,0.906191369606004,1.64,1.48615384615385
666157,"Nick Lodolo","CIN",642,156.666666666667,28,3.57381953353226,3.65915135339165,0.19470405,0.75080906,0.28438887,841,2479,,102.331401170817,100.209963127258,155.666666666667,1,,5.5952380952381,33.9249697458653,0.993617021276596,155.666666666667,1,2025,"high_ip",7.20052768336525,6.04780379355819,0.85390223701719,46,36,3.64347351657483,3.12511110418613,0.85390223701719,43,42,TRUE,0.767653278090784,642,0.998444790046656,0,0,0.143629001363257,28,0.96551724137931,0,0,-0.562465076699376,155.666666666667,0.838420107719928,-1.61,-1.34985637342908,-0.315480299454674,155.666666666667,0.838420107719928,-1.34,-1.1234829443447,0.565562417184118,642,0.84251968503937,2,1.68503937007874,-0.132657299545522,642,0.681528662420382,-1.73,-1.17904458598726,0.140854548094948,2479,0.925345278088839,1.19,1.10116088092572,-0.670327123253156,2479,0.9429440852035,-0.58,-0.54690756941803,0.2331401170817,2479,0.961225281116712,1.56,1.49951143854207,0.0209963127258007,2479,0.892047499100396,1.64,1.46295789852465
605400,"Aaron Nola","PHI",404,94.3333333333333,17,3.81316967839466,3.71427619570132,0.17079208,0.75923393,0.29464286,547,1568,,105.359539347409,108.007242482406,94.3333333333333,,,5.54901960784314,34.8852040816327,1,94.3333333333333,0,2025,"blended_ip",7.56141734344278,6.0925969554214,0.788509991710131,42,35,3.60751101284703,3.1903178798296,0.788509991710131,44,41,TRUE,-0.250749621494537,404,0.997530864197531,0,0,0.0743044364980393,17,0.944444444444444,0,0,-0.120266570201963,94.3333333333333,0.758713136729222,-1.36916666666667,-1.03880473637176,-0.22270959454753,94.3333333333333,0.758713136729222,-1.07933333333333,-0.818904378909741,0.0769441740874032,404,0.770992366412214,1.78183333333333,1.37377989821883,0.119645296383406,404,0.573863636363636,-1.8065,-1.03668465909091,0.691546463810879,1568,0.886877828054299,1.20983333333333,1.07297435897436,-0.259350869723706,1568,0.912689173457509,-0.4185,-0.381960419091967,0.5359539347409,1568,0.940047961630695,1.61383333333333,1.51708073541167,0.8007242482406,1568,0.839400428265525,1.50116666666667,1.26007994289793
642547,"Freddy Peralta","MIL",723,176.666666666667,33,3.67870730822308,3.85337932926639,0.19087137,0.72341904,0.27646488,1187,3089,,102.254980595084,106.821675291074,176.666666666667,,,5.35353535353535,38.4266752994497,1,176.666666666667,0,2025,"high_ip",7.30629023486928,6.02043640331197,0.870079744203335,45,37,3.6043869929182,2.84255900928879,0.870079744203335,45,45,TRUE,1.11425258425218,723,0.998618784530387,0,0,-0.218908553189008,33,0.970588235294118,0,0,-0.368685301279637,176.666666666667,0.854838709677419,-1.61,-1.37629032258065,0.0113898643340131,176.666666666667,0.854838709677419,-1.34,-1.14548387096774,0.487245266068928,723,0.857651245551601,2,1.7153024911032,-0.952916027400711,723,0.706744868035191,-1.73,-1.22266862170088,-0.284704403416989,3089,0.93919124353907,1.19,1.11763757981149,1.2563839034113,3089,0.953689410311825,-0.58,-0.553139857980858,0.225498059508401,3089,0.968642207588586,1.56,1.51108184383819,0.6821675291074,3089,0.911478312186486,1.64,1.49482443198584
805673,"Zebby Matthews","MIN",354,79.3333333333333,16,3.81869320106214,3.80644825337711,0.18079096,0.74781341,0.27790096,458,1353,,105.995553903346,108.276669144981,79.3333333333333,,,4.95833333333333,33.8507021433851,1,79.3333333333333,0,2025,"low_ip",7.43337617242356,5.59046245485359,0.761652613975977,43,40,3.59715521937057,2.87167209316347,0.761652613975977,46,44,TRUE,-0.46469981048305,354,0.997183098591549,0,0,-0.811684509923345,16,0.941176470588235,0,0,-0.110061882523297,79.3333333333333,0.725609756097561,-0.76,-0.551463414634146,-0.067591386403015,79.3333333333333,0.725609756097561,-0.42,-0.304756097560976,0.281261726281341,354,0.746835443037975,1.23,0.918607594936709,-0.222369101804134,354,0.541284403669725,-2,-1.08256880733945,-0.207579533359449,1353,0.871216999356085,1.26,1.09773341918867,-0.702113344479597,1353,0.900199600798403,-0.01,-0.00900199600798403,0.599555390334601,1353,0.931176875430144,1.75,1.62955953200275,0.8276669144981,1353,0.818511796733212,1.15,0.941288566243194
669456,"Shane Bieber","TOR",159,40.3333333333333,7,3.51727894266315,3.34801468761707,0.18867925,0.73489933,0.29767442,234,645,,92.3803410852713,101.441085271318,40.3333333333333,,,5.76190476190476,36.2790697674419,1,40.3333333333333,0,2025,"low_ip",6.26020669741471,2.87127926155419,0.622420783851345,49,66,3.4313510000348,1.36124328201272,0.622420783851345,47,55,TRUE,-1.29910554753825,159,0.99375,0,0,0.393617583756013,7,0.875,0,0,-0.66692360900223,40.3333333333333,0.57345971563981,-0.76,-0.435829383886256,-0.839098446863014,40.3333333333333,0.57345971563981,-0.42,-0.24085308056872,0.442451389903259,159,0.56989247311828,1.23,0.700967741935484,-0.609111675640157,159,0.34640522875817,-2,-0.69281045751634,0.854356802421291,645,0.763313609467456,1.26,0.961775147928994,0.337217776219716,645,0.811320754716981,-0.01,-0.00811320754716981,-0.76196589147287,645,0.865771812080537,1.75,1.51510067114094,0.1441085271318,645,0.682539682539683,1.15,0.784920634920635
677960,"Ryan Weathers","MIA",166,38.3333333333333,8,4.05549239601311,4.03196076097528,0.15060241,0.7275641,0.28660436,230,642,,102.74546875,106.72734375,38.3333333333333,,,4.79166666666667,35.8255451713396,1,38.3333333333333,0,2025,"low_ip",7.03131573209155,3.89969696800221,0.624130677181698,47,55,3.31980967062406,1.8048157248065,0.624130677181698,48,50,TRUE,-1.26915252107986,166,0.994011976047904,0,0,-1.0616730923161,8,0.888888888888889,0,0,0.327423753457023,38.3333333333333,0.560975609756098,-0.76,-0.426341463414634,0.311928144514354,38.3333333333333,0.560975609756098,-0.42,-0.235609756097561,-0.335612427652331,166,0.58041958041958,1.23,0.713916083916084,-0.828782432664984,166,0.356223175965665,-2,-0.71244635193133,0.259837737307096,642,0.762470308788599,1.26,0.960712589073634,0.143111158233986,642,0.81060606060606,-0.01,-0.00810606060606061,0.274546875,642,0.865229110512129,1.75,1.51415094339623,0.672734375,642,0.681528662420382,1.15,0.783757961783439
656427,"Jack Flaherty","DET",681,161,31,3.67413547043216,3.68723481956476,0.18942731,0.7507764,0.29318262,1030,2831,,98.3223700035373,100.376915458083,161,,,5.19354838709677,36.3829035676439,1,161,0,2025,"high_ip",6.06852029202421,5.04976698891797,0.861794208705379,52,46,2.42161785682486,2.02794814531274,0.861794208705379,49,47,TRUE,0.934534425501825,681,0.998533724340176,0,0,-0.458878042836795,31,0.96875,0,0,-0.377131754672242,161,0.842931937172775,-1.61,-1.35712041884817,-0.26821806986897,161,0.842931937172775,-1.34,-1.12952879581152,0.457737280732452,681,0.850187265917603,2,1.70037453183521,-0.133635380249799,681,0.694189602446483,-1.73,-1.20094801223242,0.613124077695324,2831,0.934015176509403,1.19,1.11147806004619,0.381658205609979,2831,0.949681314994968,-0.58,-0.550815162697081,-0.16776299964627,2831,0.965881951552371,1.56,1.5067758444217,0.0376915458083005,2831,0.904183966783775,1.64,1.48286170552539
663460,"Kris Bubic","KCR",476,116.333333333333,20,3.85360877471534,3.62875554352683,0.16176471,0.7260274,0.30139276,610,1795,,93.2801447661469,99.8120378619154,116.333333333333,,,5.81666666666667,33.983286908078,1,116.333333333333,0,2025,"high_ip",5.9647366872373,4.44843967560647,0.814808782228068,54,53,2.41250972343282,1.66008959369748,0.814808782228068,50,51,TRUE,0.0573386506489214,476,0.9979035639413,0,0,0.475756689399347,20,0.952380952380952,0,0,-0.0455554894654552,116.333333333333,0.79498861047836,-1.61,-1.27993166287016,-0.366634018707821,116.333333333333,0.79498861047836,-1.34,-1.065284738041,-0.107521500183015,476,0.798657718120805,2,1.59731543624161,-0.874802537327015,476,0.61340206185567,-1.73,-1.06118556701031,1.05405075354502,1795,0.899749373433584,1.19,1.07070175438596,-0.645367623316611,1795,0.922879177377892,-0.58,-0.535269922879177,-0.67198552338531,1795,0.947229551451187,1.56,1.47767810026385,-0.01879621380846,1795,0.856801909307876,1.64,1.40515513126492
676282,"Joey Cantillo","CLE",401,95.3333333333333,13,3.82766630897019,3.66274065733096,0.16458853,0.71914894,0.31521075,612,1637,,88.9658613918082,92.3860156728953,67,28.3333333333333,,7.33333333333333,37.3854612095296,0.702797202797203,67,28.3333333333333,2025,"low_ip",5.00588742747602,2.91295468182132,0.776101586368881,61,65,2.37586603035822,1.05598950030479,0.776101586368881,51,59,TRUE,-0.263586632833848,401,0.997512437810945,0,0,2.75065278917342,13,0.928571428571429,0,0,-0.0934840988839306,67,0.690721649484536,-0.76,-0.524948453608247,-0.309439787724859,67,0.690721649484536,-0.42,-0.290103092783505,-0.0498194385284805,401,0.769673704414587,1.23,0.946698656429942,-1.08079423975012,401,0.572039942938659,-2,-1.14407988587732,1.79614776987169,1637,0.891126837234622,1.26,1.12281981491562,0.810748655994907,1637,0.91606043648573,-0.01,-0.0091606043648573,-1.10341386081918,1637,0.942429476108233,1.75,1.64925158318941,-0.76139843271047,1637,0.845121321631389,1.15,0.971889519876097
607074,"Carlos Rodon","NYY",789,195.333333333333,33,3.91780502321831,3.88670352366813,0.16476553,0.72413793,0.29536259,1202,3213,,104.2166375,99.760025,195.333333333333,,,5.91919191919192,37.4105197634609,1,195.333333333333,0,2025,"high_ip",6.22010510493471,5.23340738424762,0.878446050996923,50,44,2.32179937683536,1.87164644086983,0.878446050996923,52,49,TRUE,1.39666683371701,789,0.99873417721519,0,0,0.629537544628831,33,0.970588235294118,0,0,0.0730468419727391,195.333333333333,0.866863905325444,-1.61,-1.39565088757396,0.0674718207729126,195.333333333333,0.866863905325444,-1.34,-1.16159763313609,-0.0462026127701632,789,0.867986798679868,2,1.73597359735974,-0.931387171384255,789,0.724517906336088,-1.73,-1.25341597796143,0.730199660517547,3213,0.941400527395253,1.19,1.12026662760035,0.821473611591634,3213,0.955396966993756,-0.58,-0.554130240856378,0.42166375,3213,0.969815876848778,1.56,1.51291276788409,-0.0239975000000001,3213,0.914602903501281,1.64,1.4999487617421
676974,"Max Meyer","MIA",285,64.6666666666667,12,3.71901474703068,3.50698321224992,0.16842105,0.74693878,0.28846154,372,1040,,96.5074517374517,107.384826254826,64.6666666666667,,,5.38888888888889,35.7692307692308,1,64.6666666666667,0,2025,"low_ip",5.85084024373138,3.78064405588739,0.72267052433478,55,56,2.28895697607921,1.44480841201869,0.72267052433478,53,54,TRUE,-0.759951071287198,285,0.996503496503496,0,0,-0.165880672075392,12,0.923076923076923,0,0,-0.294217457311115,64.6666666666667,0.683098591549296,-0.76,-0.519154929577465,-0.571567122140274,64.6666666666667,0.683098591549296,-0.42,-0.286901408450704,0.0284944431396972,285,0.703703703703704,1.23,0.865555555555556,-0.248561959317344,285,0.487179487179487,-2,-0.974358974358974,0.359577839650606,1040,0.838709677419355,1.26,1.05677419354839,0.119008831191152,1040,0.873949579831933,-0.01,-0.00873949579831933,-0.34925482625483,1040,0.912280701754386,1.75,1.59649122807018,0.7384826254826,1040,0.776119402985075,1.15,0.892537313432836
592332,"Kevin Gausman","TOR",775,193,32,3.7917679011367,3.76583263203888,0.17935484,0.75512821,0.28382838,988,3030,,99.7840727272727,102.178862809917,193,,,6.03125,32.6072607260726,1,193,0,2025,"high_ip",6.11412288427103,5.30263734760388,0.875842161954192,51,43,2.12035188230557,1.91903617797103,0.875842161954192,54,48,TRUE,1.33676078080023,775,0.998711340206186,0,0,0.79761698923002,32,0.96969696969697,0,0,-0.159806274451154,193,0.865470852017937,-1.61,-1.39340807174888,-0.135944231761237,193,0.865470852017937,-1.34,-1.15973094170404,0.251915987252894,775,0.865921787709497,2,1.73184357541899,-0.00331016929823939,775,0.72093023255814,-1.73,-1.24720930232558,0.110753357062029,3030,0.938080495356037,1.19,1.11631578947368,-1.23430103672873,3030,0.952830188679245,-0.58,-0.552641509433962,-0.0215927272727299,3030,0.968051118210863,1.56,1.51015974440895,0.217886280991701,3030,0.90990990990991,1.64,1.49225225225225
693645,"Cameron Schlittler","NYY",304,73,14,3.84344492466748,3.77047895821807,0.17434211,0.77866242,0.26735834,429,1253,,114.081744421907,109.383610547667,73,,,5.21428571428571,34.2378292098962,1,73,0,2025,"low_ip",6.66931958691137,5.60871323050101,0.742287144349497,48,39,1.97893860024152,2.46491293576206,0.742287144349497,55,46,TRUE,-0.678649999471563,304,0.99672131147541,0,0,-0.427773472677327,14,0.933333333333333,0,0,-0.0643331647996864,73,0.70873786407767,-0.76,-0.538640776699029,-0.128124836062097,73,0.70873786407767,-0.42,-0.297669902912621,0.149485642713394,304,0.716981132075472,1.23,0.88188679245283,0.701477237051841,304,0.503311258278146,-2,-1.00662251655629,-0.773772362147567,1253,0.862353750860289,1.26,1.08656572608396,-0.53642458965345,1253,0.893086243763364,-0.01,-0.00893086243763364,1.4081744421907,1253,0.926090169992609,1.75,1.62065779748707,0.9383610547667,1253,0.806825499034127,1.15,0.927849323889247
676917,"Cade Cavalli","WSN",219,48.6666666666667,10,4.09023516955765,3.92971661846371,0.11415525,0.74677003,0.28987342,268,790,,108.319333333333,103.575604938272,48.6666666666667,,,4.86666666666667,33.9240506329114,1,48.6666666666667,0,2025,"low_ip",5.97588759790742,4.17213468230558,0.672406553796307,53,54,1.68965360161373,1.5870615189821,0.672406553796307,56,52,TRUE,-1.04236532075204,219,0.995454545454545,0,0,-0.949178230239361,10,0.909090909090909,0,0,0.391610898953867,48.6666666666667,0.61864406779661,-0.76,-0.470169491525424,0.139859422391934,48.6666666666667,0.61864406779661,-0.42,-0.259830508474576,-1.08037529265529,219,0.646017699115044,1.23,0.794601769911504,-0.253615575938493,219,0.421965317919075,-2,-0.84393063583815,0.43540304544474,790,0.797979797979798,1.26,1.00545454545455,-0.670720499728342,790,0.840425531914894,-0.01,-0.00840425531914894,0.8319333333333,790,0.887640449438202,1.75,1.55337078651685,0.357560493827199,790,0.724770642201835,1.15,0.83348623853211
687888,"Brandon Walter","HOU",212,53.6666666666667,9,3.20936801744104,3.13986780288265,0.22641509,0.77560976,0.2797546,268,815,,96.717881773399,101.815837438424,53.6666666666667,,,5.96296296296296,32.8834355828221,1,53.6666666666667,0,2025,"low_ip",5.09184027870749,3.19487551471107,0.674817596719346,60,61,1.65759273817015,1.2382806713074,0.674817596719346,57,57,TRUE,-1.07231834721043,212,0.995305164319249,0,0,0.695191111721877,9,0.9,0,0,-1.23578790338454,53.6666666666667,0.641434262948207,-0.76,-0.487490039840638,-1.18939302208488,53.6666666666667,0.641434262948207,-0.42,-0.269402390438247,1.21354719851203,212,0.63855421686747,1.23,0.785421686746988,0.610058135927623,212,0.4140625,-2,-0.828125,-0.108029547193313,815,0.80295566502463,1.26,1.01172413793103,-1.11609936061888,815,0.844559585492228,-0.01,-0.00844559585492228,-0.3282118226601,815,0.890710382513661,1.75,1.55874316939891,0.1815837438424,815,0.730941704035874,1.15,0.840582959641256
694462,"Hurston Waldrep","ATL",229,56.3333333333333,9,3.95616403917618,3.66329702057984,0.1441048,0.74177215,0.27539503,348,886,,103.240870475748,106.951407623701,50.6666666666667,5.66666666666667,,6.25925925925926,39.2776523702032,0.899408284023669,50.6666666666667,5.66666666666667,2025,"low_ip",5.68689139763827,3.56864658431496,0.685565065832665,56,59,1.58849514135516,0.98450560167017,0.685565065832665,58,61,TRUE,-0.999575282954333,229,0.995652173913044,0,0,1.13961525819789,9,0.9,0,0,0.143914981939949,50.6666666666667,0.628099173553719,-0.76,-0.477355371900826,-0.30850347283269,50.6666666666667,0.628099173553719,-0.42,-0.263801652892562,-0.468384875197542,229,0.656160458452722,1.23,0.807077363896848,-0.403288876314794,229,0.43289224952741,-2,-0.86578449905482,-0.342160841937868,886,0.815837937384899,1.26,1.02795580110497,1.62059850744152,886,0.855212355212355,-0.01,-0.00855212355212355,0.3240870475748,886,0.898580121703854,1.75,1.57251521298174,0.6951407623701,886,0.747048903878583,1.15,0.859106239460371
601713,"Nick Pivetta","SDP",721,181.666666666667,31,3.69415268657417,3.84508952011713,0.19417476,0.77933579,0.28576438,976,2852,,97.9044099913867,103.719391329314,181.666666666667,,,5.86021505376344,34.2215988779804,1,181.666666666667,0,2025,"high_ip",5.39335153585131,4.73797532061762,0.868866163806,58,51,1.26587304802839,1.31681250984752,0.868866163806,59,56,TRUE,1.10569457669263,721,0.998614958448753,0,0,0.541076286734229,31,0.96875,0,0,-0.340150021958767,181.666666666667,0.858267716535433,-1.61,-1.38181102362205,-0.0025612220745849,181.666666666667,0.858267716535433,-1.34,-1.15007874015748,0.554746882124119,721,0.85731272294887,2,1.71462544589774,0.721642889343291,721,0.70617042115573,-1.73,-1.22167482859941,0.214726498134533,2852,0.934469200524246,1.19,1.11201834862385,-0.54337110339064,2852,0.950033311125916,-0.58,-0.551019320453031,-0.20955900086133,2852,0.966124661246612,1.56,1.50715447154472,0.371939132931401,2852,0.904822335025381,1.64,1.48390862944162
681857,"Reese Olson","DET",285,68.6666666666667,13,4.15381502826997,4.03447802301626,0.14035088,0.71345029,0.29421915,450,1159,,94.9156747404844,97.0842387543253,68.6666666666667,,,5.28205128205128,38.8265746333046,1,68.6666666666667,0,2025,"low_ip",4.67093451347256,2.38739041344536,0.730663383785138,63,70,1.24387479283851,0.00876649189867474,0.730663383785138,60,64,TRUE,-0.759951071287198,285,0.996503496503496,0,0,-0.326129763352799,13,0.928571428571429,0,0,0.509074452535868,68.6666666666667,0.695945945945946,-0.76,-0.528918918918919,0.316164495389806,68.6666666666667,0.695945945945946,-0.42,-0.292297297297297,-0.545092641020501,285,0.703703703703704,1.23,0.865555555555556,-1.25145375002035,285,0.487179487179487,-2,-0.974358974358974,0.668791061122949,1159,0.852832965415747,1.26,1.07456953642384,1.42753913489474,1159,0.885408708938121,-0.01,-0.00885408708938121,-0.508432525951559,1159,0.920571882446386,1.75,1.61100079428118,-0.29157612456747,1159,0.794379712131597,1.15,0.913536668951336
669203,"Corbin Burnes","ARI",265,64.3333333333333,11,4.04727779636469,3.72716173920561,0.13962264,0.75483871,0.2864222,367,1009,,102.350636182903,107.998489065606,64.3333333333333,,,5.84848484848485,36.3726461843409,1,64.3333333333333,0,2025,"low_ip",5.34743281774669,3.77933173169229,0.714256494578181,59,57,1.119918848552,1.05344540942429,0.714256494578181,61,60,TRUE,-0.845531146882603,265,0.996240601503759,0,0,0.5234817824016,11,0.916666666666667,0,0,0.31224731101913,64.3333333333333,0.681978798586572,-0.76,-0.518303886925795,-0.201024254437361,64.3333333333333,0.681978798586572,-0.42,-0.28643109540636,-0.559973529100938,265,0.688311688311688,1.23,0.846623376623377,-0.0119799293682952,265,0.469026548672566,-2,-0.938053097345133,0.250054809942548,1009,0.834574028122415,1.26,1.05156327543424,0.377268088735523,1009,0.870578084555651,-0.01,-0.00870578084555652,0.2350636182903,1009,0.909828674481515,1.75,1.59220018034265,0.7998489065606,1009,0.770817417876241,1.15,0.886440030557678
669358,"Shane Baz","TBR",711,166.333333333333,31,3.94725527766135,3.88345577337816,0.15752461,0.76204819,0.2756975,953,2724,,107.383552311436,106.913562738964,166.333333333333,,,5.36559139784946,34.985315712188,1,166.333333333333,0,2025,"high_ip",5.66291628936261,4.96962350670339,0.864160365642726,57,48,0.993979254517675,1.0654967962081,0.864160365642726,62,58,TRUE,1.06290453889493,711,0.998595505617977,0,0,-0.200825312624917,31,0.96875,0,0,0.12745607802383,166.333333333333,0.847198641765705,-1.61,-1.36398981324278,0.0620061165434048,166.333333333333,0.847198641765705,-1.34,-1.13524617996604,-0.194163889436363,711,0.855595667870036,2,1.71119133574007,0.203924947418849,711,0.70326409495549,-1.73,-1.216646884273,-0.325916649799335,2724,0.931600547195622,1.19,1.10860465116279,-0.216503513273505,2724,0.947807933194154,-0.58,-0.54972860125261,0.738355231143601,2724,0.964589235127479,1.56,1.50475920679887,0.6913562738964,2724,0.900793650793651,1.64,1.47730158730159
669854,"Ronel Blanco","HOU",199,48.3333333333333,9,4.32280999997835,4.39988621697097,0.14070352,0.6984127,0.29974811,292,794,,88.454898989899,93.0108838383838,48.3333333333333,,,5.37037037037037,36.7758186397985,1,48.3333333333333,0,2025,"low_ip",3.38074685711848,0.553261343621936,0.663959012998415,73,93,0.154656397301181,-1.48299626894061,0.663959012998415,63,81,TRUE,-1.12794539634744,199,0.995,0,0,-0.193657181230143,9,0.9,0,0,0.821292037104198,48.3333333333333,0.617021276595745,-0.76,-0.468936170212766,0.931117288208557,48.3333333333333,0.617021276595745,-0.42,-0.259148936170213,-0.537886779803478,199,0.623824451410658,1.23,0.76730407523511,-1.70178983752258,199,0.398797595190381,-2,-0.797595190380762,0.965724603511499,794,0.798792756539235,1.26,1.00647887323944,0.549824202486444,794,0.841101694915254,-0.01,-0.00841101694915254,-1.1545101010101,794,0.888143176733781,1.75,1.55425055928412,-0.69891161616162,794,0.725776965265082,1.15,0.834643510054845
669022,"MacKenzie Gore","WSN",680,159.666666666667,30,3.80038900115564,3.77508935779718,0.17794118,0.72904624,0.26888968,1044,2819,,97.6117123531505,97.0627554289782,159.666666666667,,,5.32222222222222,37.0344093650231,1,159.666666666667,0,2025,"high_ip",4.1537793568751,3.12932649550757,0.861328532714281,65,62,0.135705647717797,-0.275797023771039,0.861328532714281,64,66,TRUE,0.930255421722054,680,0.998531571218796,0,0,-0.265876105032495,30,0.967741935483871,0,0,-0.143878824083694,159.666666666667,0.84182776801406,-1.61,-1.35534270650264,-0.120365901960211,159.666666666667,0.84182776801406,-1.34,-1.12804920913884,0.223029196848921,680,0.85,2,1.7,-0.784396255842067,680,0.693877551020408,-1.73,-1.20040816326531,-0.691531540944071,2819,0.933752898310699,1.19,1.11116594898973,0.660499944325361,2819,0.949477938699899,-0.58,-0.550697204445941,-0.238828764684951,2819,0.965741692360397,1.56,1.50655704008222,-0.293724457102179,2819,0.903815325424816,1.64,1.4822571336967
607192,"Tyler Glasnow","LAD",366,90.3333333333333,18,3.88277284985861,3.71546059973632,0.17213115,0.73836276,0.28908356,591,1484,,98.259864498645,94.1457181571816,90.3333333333333,,,5.01851851851852,39.8247978436658,1,90.3333333333333,0,2025,"blended_ip",3.9199416886958,2.50265440277984,0.776148277896815,68,68,0.120301060589952,-0.293667037245855,0.776148277896815,65,68,TRUE,-0.413351765125807,366,0.997275204359673,0,0,-0.721410855170406,18,0.947368421052632,0,0,0.00832503138882004,90.3333333333333,0.750692520775623,-1.19916666666667,-0.900205447830101,-0.220716337195345,90.3333333333333,0.750692520775623,-0.895333333333333,-0.672120036934441,0.104306789161925,366,0.753086419753086,1.62783333333333,1.22589917695473,-0.505391098370935,366,0.54954954954955,-1.8605,-1.02243693693694,0.392983507630936,1484,0.881235154394299,1.22383333333333,1.07848495645289,1.8547744668333,1484,0.908200734394125,-0.3045,-0.276547123623011,-0.1740135501355,1484,0.936868686868687,1.65183333333333,1.54755092592593,-0.58542818428184,1484,0.831838565022421,1.40316666666667,1.16720814648729
669432,"Trevor Rogers","BAL",423,109.666666666667,18,3.75423014915021,3.63710823239389,0.1749409,0.76251455,0.27904118,517,1627,,92.3947783251231,97.6237068965517,109.666666666667,,,6.09259259259259,31.7762753534112,1,109.666666666667,0,2025,"high_ip",4.01170195993026,2.99890864904224,0.80099921501708,67,64,-0.0402122397940584,-0.065418697804888,0.80099921501708,66,65,TRUE,-0.169448549678902,423,0.997641509433962,0,0,0.889626675805132,18,0.947368421052632,0,0,-0.22915713227177,109.666666666667,0.785202863961814,-1.61,-1.26417661097852,-0.352577110758513,109.666666666667,0.785202863961814,-1.34,-1.05217183770883,0.161721343819739,423,0.779005524861878,2,1.55801104972376,0.217891197181447,423,0.5850622406639,-1.73,-1.01215767634855,-0.146343864499071,1627,0.890530925013684,1.19,1.05973180076628,-1.58995927813211,1627,0.915588069780529,-0.58,-0.531041080472707,-0.76052216748769,1627,0.94209612044007,1.56,1.46966994788651,-0.23762931034483,1627,0.844317592112091,1.64,1.38468085106383
682847,"Luis L. Ortiz","CLE",382,88.6666666666667,16,4.14321929608173,3.83304105061154,0.14136126,0.74244604,0.29826897,535,1502,,99.8992256341789,95.1361949265688,88.6666666666667,,,5.54166666666667,35.6191744340879,1,88.6666666666667,0,2025,"blended_ip",3.84835951160409,2.72870152762584,0.778712014591343,69,67,-0.277368023556266,-0.279505789854212,0.778712014591343,67,67,TRUE,-0.344887704649483,382,0.997389033942559,0,0,0.0632755284513007,16,0.941176470588235,0,0,0.489498876546224,88.6666666666667,0.747191011235955,-1.12833333333333,-0.84308052434457,-0.0228378335305734,88.6666666666667,0.747191011235955,-0.818666666666667,-0.611700374531835,-0.524446491813219,382,0.760956175298805,1.56366666666667,1.1898818061089,-0.38310765139731,382,0.560117302052786,-1.883,-1.0547008797654,0.886287190347252,1502,0.882491186839013,1.22966666666667,1.08516999608304,0.0547853514234778,1502,0.909200968523002,-0.257,-0.233664648910412,-0.0100774365821096,1502,0.937578027465668,1.66766666666667,1.56356762380358,-0.486380507343119,1502,0.833518312985572,1.36233333333333,1.13552978172401
671212,"Joe Boyle","TBR",226,52,9,4.24492730752668,4.38281210557773,0.13274336,0.74878049,0.28158458,364,934,,109.019852433956,96.3270022885991,38,14,,5.77777777777778,38.9721627408994,0.730769230769231,38,14,2025,"low_ip",4.24107697153423,2.99992768796224,0.678287589568301,64,63,-0.325585492940041,0.253960481408989,0.678287589568301,68,63,TRUE,-1.01241229429364,226,0.995594713656388,0,0,0.417426020174371,9,0.9,0,0,0.67740405114152,38,0.558823529411765,-0.76,-0.424705882352941,0.902382923024966,38,0.558823529411765,-0.42,-0.234705882352941,-0.700545038155623,226,0.653179190751445,1.23,0.803410404624277,-0.193407611066478,226,0.429657794676806,-2,-0.859315589353612,-0.00975022451776739,934,0.82363315696649,1.26,1.03777777777778,1.48985023208117,934,0.861623616236162,-0.01,-0.00861623616236162,0.9019852433956,934,0.903288201160542,1.75,1.58075435203095,-0.36729977114009,934,0.756888168557536,1.15,0.870421393841167
682052,"Jacob Lopez","ATH",399,92.6666666666667,17,3.76334146259895,4.13298142662314,0.19047619,0.73837981,0.28571429,628,1666,,93.0881484333213,92.8338816041024,84,8.66666666666667,,5.45098039215686,37.6950780312125,0.906474820143885,84,8.66666666666667,2025,"blended_ip",3.14040274493424,1.72109501238797,0.783549379083888,74,80,-0.479441805800842,-0.942640127900758,0.783549379083888,69,73,TRUE,-0.272144640393389,399,0.9975,0,0,-0.0727476707918166,17,0.944444444444444,0,0,-0.212324014407652,84,0.736842105263158,-0.93,-0.685263157894737,0.481937852835949,84,0.736842105263158,-0.604,-0.445052631578947,0.479170140627278,399,0.76878612716763,1.384,1.064,-0.504880495921215,399,0.570815450643777,-1.946,-1.11080686695279,0.212036407929821,1666,0.892818863879957,1.246,1.11245230439443,0.943263352319769,1666,0.917400881057269,-0.124,-0.113757709251101,-0.691185156667871,1666,0.943374858437146,1.712,1.61505775764439,-0.71661183958976,1666,0.847405900305188,1.248,1.05756256358087
656876,"Drew Rasmussen","TBR",585,150,31,3.90093894714796,3.72075967868169,0.15384615,0.80463872,0.26338515,799,2316,,111.945138408305,108.869922145329,150,,,4.83870967741935,34.4991364421416,1,150,0,2025,"high_ip",4.73778693489351,4.458978978805,0.845403415672592,62,52,-0.491990562417267,0.265664943565595,0.845403415672592,70,62,TRUE,0.52375006264388,585,0.998293515358362,0,0,-0.99111179889879,31,0.96875,0,0,0.0418868288753246,150,0.833333333333333,-1.61,-1.34166666666667,-0.211798410748336,150,0.833333333333333,-1.34,-1.11666666666667,-0.269329702311737,585,0.829787234042553,2,1.65957446808511,1.47939878630171,585,0.661016949152542,-1.73,-1.1435593220339,-0.987153066888198,2316,0.920508744038156,1.19,1.09540540540541,-0.424586194244965,2316,0.939172749391727,-0.58,-0.544720194647202,1.1945138408305,2316,0.958609271523179,1.56,1.49543046357616,0.8869922145329,2316,0.885321100917431,1.64,1.45192660550459
681347,"Mike Burrows","PIT",402,96,19,3.86894194795469,3.86134124395614,0.16417911,0.75335121,0.28803641,531,1538,,95.4340830845366,98.4333785146343,86.6666666666667,9.33333333333333,,5.05263157894737,34.5253576072822,0.902777777777778,86.6666666666667,9.33333333333333,2025,"blended_ip",3.48965051497747,2.39067076295379,0.782308832371956,72,69,-0.552367908475678,-0.553476310150517,0.782308832371956,71,70,TRUE,-0.259307629054078,402,0.997518610421836,0,0,-0.670243601464286,19,0.95,0,0,-0.0172275086731117,86.6666666666667,0.742857142857143,-1.04333333333333,-0.775047619047619,0.0247891305673622,86.6666666666667,0.742857142857143,-0.726666666666667,-0.539809523809524,-0.0581855447543025,402,0.770114942528736,1.48666666666667,1.14490421455939,-0.05652662402878,402,0.572649572649573,-1.91,-1.09376068376068,0.336746175671188,1538,0.884925201380898,1.23666666666667,1.09435749904104,-0.413363645944781,1538,0.911137440758294,-0.2,-0.182227488151659,-0.45659169154634,1538,0.938949938949939,1.68666666666667,1.58369556369556,-0.15666214853657,1538,0.836779107725789,1.31333333333333,1.0989698948132
670912,"Johan Oviedo","PIT",170,40.3333333333333,9,4.72635264335107,4.89762312764922,0.11176471,0.72241993,0.29835082,265,667,,101.596090225564,95.6925714285714,40.3333333333333,,,4.48148148148148,39.7301349325337,1,40.3333333333333,0,2025,"low_ip",3.67386560814593,1.81824207963883,0.630966501464383,71,78,-0.636636040872412,-0.627741621053886,0.630966501464383,72,71,TRUE,-1.25203650596078,170,0.994152046783626,0,0,-1.52692962065817,9,0.9,0,0,1.56683557671652,40.3333333333333,0.57345971563981,-0.76,-0.435829383886256,1.76876873766813,40.3333333333333,0.57345971563981,-0.42,-0.24085308056872,-1.12922369179817,170,0.586206896551724,1.23,0.721034482758621,-0.982836732007256,170,0.361702127659574,-2,-0.723404255319149,0.890682955634847,667,0.769319492502884,1.26,0.969342560553633,1.81425913935947,667,0.81640146878825,-0.01,-0.0081640146878825,0.1596090225564,667,0.869621903520209,1.75,1.52183833116037,-0.43074285714286,667,0.68976215098242,1.15,0.793226473629783
624133,"Ranger Suarez","PHI",651,157.333333333333,26,3.7317698888786,3.61269915813057,0.17357911,0.8,0.27179276,836,2432,,95.9450676506765,106.948306683067,157.333333333333,,,6.05128205128205,34.375,1,157.333333333333,0,2025,"high_ip",3.70413289684011,3.29226010418234,0.854483702599393,70,60,-0.941356075697827,-0.47354642246483,0.854483702599393,73,69,TRUE,0.806164312108717,651,0.998466257668712,0,0,0.827663693844535,26,0.962962962962963,0,0,-0.270652379969902,157.333333333333,0.839857651245552,-1.61,-1.35217081850534,-0.393655632358959,157.333333333333,0.839857651245552,-1.34,-1.12540925266904,0.133894467269347,651,0.844357976653696,2,1.68871595330739,1.34048137893667,651,0.684542586750789,-1.73,-1.18425867507886,-0.535621238059379,2432,0.924012158054711,1.19,1.09957446808511,-0.477716068919849,2432,0.941905499612703,-0.58,-0.546305189775368,-0.405493234932349,2432,0.960505529225908,1.56,1.49838862559242,0.6948306683067,2432,0.890190336749634,1.64,1.4599121522694
686752,"Ryan Pepiot","TBR",679,167.666666666667,31,4.04770068225489,4.07060550725723,0.15611193,0.76740741,0.25925926,962,2700,,109.47015578635,105.829777448071,167.666666666667,,,5.40860215053763,35.6296296296296,1,167.666666666667,0,2025,"high_ip",4.08368396193181,3.59876607023954,0.861756114587782,66,58,-1.12495210964592,-0.758977558344368,0.861756114587782,74,72,TRUE,0.925976417942284,679,0.998529411764706,0,0,-0.136312130071949,31,0.96875,0,0,0.313028591135642,167.666666666667,0.84822934232715,-1.61,-1.36564924114671,0.376964164633822,167.666666666667,0.84822934232715,-1.34,-1.13662731871838,-0.223030654477381,679,0.849812265331665,2,1.69962453066333,0.364419426046323,679,0.693564862104188,-1.73,-1.19986721144025,-1.20873454572065,2700,0.931034482758621,1.19,1.10793103448276,0.059260131103409,2700,0.947368421052632,-0.58,-0.549473684210526,0.947015578635,2700,0.964285714285714,1.56,1.50428571428571,0.5829777448071,2700,0.9,1.64,1.476
678906,"Kai-Wei Teng","SFG",139,29.6666666666667,7,3.99712984678786,4.43998272654738,0.15827338,0.73092369,0.30017452,217,573,,93.7303932036997,85.2505149202612,24.6666666666667,5,,4.23809523809524,37.8708551483421,0.831460674157303,24.6666666666667,5,2025,"low_ip",2.29582529462396,0.281271517469227,0.584209354365722,82,101,-1.23269250676837,-1.43067167308794,0.584209354365722,75,80,TRUE,-1.38468562313366,139,0.992857142857143,0,0,-1.89199231240633,7,0.875,0,0,0.219599159836559,24.6666666666667,0.451219512195122,-0.76,-0.342926829268293,0.998596509950786,24.6666666666667,0.451219512195122,-0.42,-0.189512195121951,-0.17886349043605,139,0.536679536679537,1.23,0.66011583011583,-0.728171589025038,139,0.316628701594533,-2,-0.633257403189066,0.988625010063526,573,0.741267787839586,1.26,0.933997412677878,1.01849521850417,573,0.79253112033195,-0.01,-0.0079253112033195,-0.62696067963003,573,0.851411589895988,1.75,1.48997028231798,-1.47494850797388,573,0.656357388316151,1.15,0.754810996563574
641154,"Pablo Lopez","MIN",312,75.6666666666667,14,3.86977759716775,3.86869716809599,0.16987179,0.75947282,0.27640985,446,1259,,93.3656892430279,105.897689243028,75.6666666666667,,,5.4047619047619,35.4249404289118,1,75.6666666666667,0,2025,"low_ip",2.82206187017518,1.62979676849665,0.745812694562238,78,81,-1.39951692580284,-1.25006401028483,0.745812694562238,76,77,TRUE,-0.644417969233401,312,0.996805111821086,0,0,-0.142072235657034,14,0.933333333333333,0,0,-0.0156836498457717,75.6666666666667,0.71608832807571,-0.76,-0.54422712933754,0.0371685631263493,75.6666666666667,0.71608832807571,-0.42,-0.300757097791798,0.0581389278889726,312,0.722222222222222,1.23,0.888333333333333,0.126799420677489,312,0.509803921568627,-2,-1.01960784313725,-0.287659796987867,1259,0.862919808087731,1.26,1.08727895819054,-0.0283459851491509,1259,0.893541518807665,-0.01,-0.00893541518807665,-0.66343107569721,1259,0.926416482707873,1.75,1.62122884473878,0.5897689243028,1259,0.807568954457986,1.15,0.928704297626684
690986,"Kyle Harrison","- - -",156,35.6666666666667,6,3.96508553038846,3.95180457732024,0.15384615,0.75675676,0.27891156,199,588,,96.6755413378414,103.043439975672,27.3333333333333,8.33333333333333,,5.94444444444444,33.843537414966,0.766355140186916,27.3333333333333,8.33333333333333,2025,"low_ip",2.91478933530239,1.25162016348537,0.59991638739922,77,85,-1.40716439339881,-0.972049500312784,0.59991638739922,77,75,TRUE,-1.31194255887756,156,0.993630573248408,0,0,0.667414602567126,6,0.857142857142857,0,0,0.160397403924979,27.3333333333333,0.476744186046512,-0.76,-0.362325581395349,0.177031692229354,27.3333333333333,0.476744186046512,-0.42,-0.200232558139535,-0.269329702311737,156,0.565217391304348,1.23,0.695217391304348,0.0454606001735835,156,0.342105263157895,-2,-0.68421052631579,-0.153305124078522,588,0.746192893401015,1.26,0.940203045685279,-0.705179818082499,588,0.796747967479675,-0.01,-0.00796747967479675,-0.33244586621586,588,0.854651162790698,1.75,1.49563953488372,0.3043439975672,588,0.662162162162162,1.15,0.761486486486486
650633,"Michael King","SDP",308,73.3333333333333,15,3.99115348214698,4.20284017834669,0.16233766,0.76350093,0.28137818,465,1219,,98.7880459770115,101.56986863711,73.3333333333333,,,4.88888888888889,38.1460213289582,1,73.3333333333333,0,2025,"low_ip",2.94074095517589,2.01244586155572,0.742101691956786,76,76,-1.48297165035105,-0.964689248151672,0.742101691956786,78,74,TRUE,-0.661533984352482,308,0.996763754045307,0,0,-0.915846419253661,15,0.9375,0,0,0.208557848288574,73.3333333333333,0.709677419354839,-0.76,-0.539354838709677,0.599504549987118,73.3333333333333,0.709677419354839,-0.42,-0.298064516129032,-0.0958138147692968,308,0.719626168224299,1.23,0.885140186915888,0.247430671923771,308,0.506578947368421,-2,-1.01315789473684,-0.0208349643511167,1219,0.859055673009161,1.26,1.08241014799154,1.13626518547503,1219,0.890430971512053,-0.01,-0.00890430971512053,-0.121195402298849,1219,0.924184988627748,1.75,1.61732373009856,0.156986863711,1219,0.802501645819618,1.15,0.922876892692561
657376,"Clarke Schmidt","NYY",316,78.6666666666667,14,4.37411733640207,4.44084404000554,0.13607595,0.75601375,0.28443358,437,1227,,100.988158730159,103.665984126984,78.6666666666667,,,5.61904761904762,35.6153219233904,1,78.6666666666667,0,2025,"low_ip",3.12439851590586,2.22647659472941,0.746641241386914,75,71,-1.58331826180866,-1.00791074673324,0.746641241386914,79,76,TRUE,-0.62730195411432,316,0.996845425867508,0,0,0.179341655990795,14,0.933333333333333,0,0,0.916082151194048,78.6666666666667,0.723926380368098,-0.76,-0.550184049079755,1.00004603167841,78.6666666666667,0.723926380368098,-0.42,-0.304049079754601,-0.632446748020528,316,0.724770642201835,1.23,0.891467889908257,0.0232094138880797,316,0.512987012987013,-2,-1.02597402597403,0.143255704674158,1227,0.859845830413455,1.26,1.08340574632095,0.0531364930623832,1227,0.891067538126362,-0.01,-0.00891067538126362,0.0988158730159,1227,0.924642049736247,1.75,1.61812358703843,0.3665984126984,1227,0.803536345776031,1.15,0.924066797642436
701656,"Logan Henderson","MIL",99,25.3333333333333,5,3.19572306160852,3.36384364910602,0.25252525,0.78026906,0.24878049,133,410,,93.1523076923077,100.324038461538,25.3333333333333,,,5.06666666666667,32.4390243902439,1,25.3333333333333,0,2025,"low_ip",2.05752427034498,0.101120965834632,0.526534136274221,85,108,-1.94273534717362,-1.68111342217911,0.526534136274221,80,84,TRUE,-1.55584577432447,99,0.99,0,0,-0.649191931368054,5,0.833333333333333,0,0,-1.26099690876798,25.3333333333333,0.457831325301205,-0.76,-0.347951807228916,-0.812459569475779,25.3333333333333,0.457831325301205,-0.42,-0.192289156626506,1.74708335242048,99,0.452054794520548,1.23,0.556027397260274,0.749591859915251,99,0.24812030075188,-2,-0.496240601503759,-1.77149830164851,410,0.672131147540984,1.26,0.846885245901639,-1.30630548025985,410,0.732142857142857,-0.01,-0.00732142857142857,-0.68476923076923,410,0.803921568627451,1.75,1.40686274509804,0.0324038461537995,410,0.577464788732394,1.15,0.664084507042254
664062,"Tony Gonsolin","LAD",157,36,7,4.40259657313419,4.57272107435597,0.12738854,0.72075472,0.29720854,235,609,,94.6461716171617,88.0214191419142,36,,,5.14285714285714,38.5878489326765,1,36,0,2025,"low_ip",1.91657253876973,0.116151120107279,0.612824902720433,86,107,-1.98652435393437,-2.02082938478468,0.612824902720433,81,87,TRUE,-1.30766355509779,157,0.993670886075949,0,0,-0.534911436559936,7,0.875,0,0,0.968697435619172,36,0.545454545454545,-0.76,-0.414545454545454,1.22198454297655,36,0.545454545454545,-0.42,-0.229090909090909,-0.809965664749716,157,0.566787003610108,1.23,0.697148014440433,-1.03270537161438,157,0.343544857768052,-2,-0.687089715536105,0.829336654196676,609,0.752781211372064,1.26,0.948504326328801,1.32536553995981,609,0.802371541501976,-0.01,-0.00802371541501976,-0.53538283828383,609,0.858956276445698,1.75,1.50317348377997,-1.19785808580858,609,0.66996699669967,1.15,0.77046204620462
667755,"Jose Soriano","LAA",724,169,31,3.9295088121004,3.53950995834622,0.10220995,0.74535166,0.27837644,1078,2784,,94.7486822262119,107.953414721723,169,,,5.45161290322581,38.7212643678161,1,169,0,2025,"high_ip",2.656629915079,2.02584169096669,0.866184083819976,79,75,-2.12987092548928,-2.02770739024394,0.866184083819976,82,88,TRUE,1.11853158803195,724,0.998620689655172,0,0,-0.0717989475189797,31,0.96875,0,0,0.0946695486019604,169,0.849246231155779,-1.61,-1.3672864321608,-0.516827207480053,169,0.849246231155779,-1.34,-1.13798994974874,-1.3244660764453,724,0.85781990521327,2,1.71563981042654,-0.296092009757379,724,0.70703125,-1.73,-1.2231640625,-0.182043815840257,2784,0.932975871313673,1.19,1.11024128686327,1.38246678457719,2784,0.948875255623722,-0.58,-0.550347648261759,-0.52513177737881,2784,0.965325936199723,1.56,1.50590846047157,0.795341472172299,2784,0.90272373540856,1.64,1.48046692607004
663554,"Casey Mize","DET",627,149,28,3.95759266046473,3.96883949429397,0.16427432,0.78073947,0.27114322,803,2353,,95.6565065873353,103.457025074373,149,,,5.32142857142857,34.1266468338292,1,149,0,2025,"high_ip",2.5472078340331,2.15421575023441,0.849562482597622,80,72,-2.39604378810298,-1.86827427169439,0.849562482597622,83,85,TRUE,0.70346822139423,627,0.998407643312102,0,0,-0.267066526853413,28,0.96551724137931,0,0,0.146554354481422,149,0.832402234636871,-1.61,-1.34016759776536,0.205700096336705,149,0.832402234636871,-1.34,-1.11541899441341,-0.0562400194410286,627,0.839357429718876,2,1.67871485943775,0.763679396476757,627,0.676375404530744,-1.73,-1.17012944983819,-0.570504871350822,2353,0.921660791226009,1.19,1.09677634155895,-0.584010178579552,2353,0.940071913703556,-0.58,-0.545241709948062,-0.43434934126647,2353,0.959233591520587,1.56,1.49640440277212,0.345702507437301,2353,0.886920467395401,1.64,1.45454956652846
701542,"Will Warren","NYY",711,162.333333333333,33,4.07707480128317,3.90856926359176,0.1490858,0.77656904,0.28561254,1074,2808,,100.294045746962,102.688255897069,162.333333333333,,,4.91919191919192,38.2478632478632,1,162.333333333333,0,2025,"high_ip",2.47059763744435,2.14550379113094,0.864138986393254,81,73,-2.52112516196977,-1.99906819324401,0.864138986393254,84,86,TRUE,1.06290453889493,711,0.998595505617977,0,0,-0.870393949727704,33,0.970588235294118,0,0,0.367297167289837,162.333333333333,0.844020797227036,-1.61,-1.35887348353553,0.104270113902462,162.333333333333,0.844020797227036,-1.34,-1.13098786828423,-0.36660290286884,711,0.855595667870036,2,1.71119133574007,0.63878603727479,711,0.70326409495549,-1.73,-1.216646884273,0.206571910458683,2808,0.933510638297872,1.19,1.11087765957447,1.17985309805516,2808,0.949290060851927,-0.58,-0.550588235294118,0.0294045746961999,2808,0.965612104539202,1.56,1.50635488308116,0.2688255897069,2808,0.903474903474903,1.64,1.48169884169884
669713,"Hayden Wesneski","HOU",131,32,6,3.84458078967612,3.8097017545253,0.17557252,0.78838174,0.28149606,175,508,,94.6199604743083,103.929169960474,32,,,5.33333333333333,34.4488188976378,1,32,0,2025,"low_ip",1.60470453027393,0.825490683866923,0.577605139435157,88,89,-2.98769200102671,-1.31111731466035,0.577605139435157,85,78,TRUE,-1.41891765337182,131,0.992424242424242,0,0,-0.249210199539645,6,0.857142857142857,0,0,-0.0622346584014881,32,0.516129032258065,-0.76,-0.392258064516129,-0.0621160039386402,32,0.516129032258065,-0.42,-0.216774193548387,0.174627894585098,131,0.52191235059761,1.23,0.64195219123506,0.992545190226668,131,0.303944315545244,-2,-0.607888631090487,-0.0145042030548211,508,0.717514124293785,1.26,0.90406779661017,-0.446121891477101,508,0.772036474164134,-0.01,-0.00772036474164134,-0.53800395256917,508,0.835526315789474,1.75,1.46217105263158,0.3929169960474,508,0.628712871287129,1.15,0.723019801980198
694477,"Chad Patrick","MIL",503,119.666666666667,23,3.90425836375694,3.98376196837427,0.17296223,0.79041916,0.24863252,714,2011,,105.140565323709,100.896133861699,115.666666666667,4,,5.20289855072464,35.5047240179015,0.966573816155989,115.666666666667,4,2025,"high_ip",2.15220612552955,1.85673222641918,0.821990839048369,84,77,-3.13869286633045,-2.29014002663928,0.821990839048369,86,91,TRUE,0.172871752702718,503,0.998015873015873,0,0,-0.444853437933975,23,0.958333333333333,0,0,0.0480194387710802,115.666666666667,0.794050343249428,-1.61,-1.27842105263158,0.230813427847227,115.666666666667,0.794050343249428,-1.34,-1.06402745995423,0.121289114310075,503,0.807383627608347,2,1.61476725521669,1.05356053586375,503,0.62640099626401,-1.73,-1.08367372353674,-1.77944505045248,2011,0.909543193125283,1.19,1.08235639981909,0.0058010550833971,2011,0.93058769088385,-0.58,-0.539740860712633,0.5140565323709,2011,0.952629085741355,1.56,1.48610137375651,0.0896133861698999,2011,0.870186066637819,1.64,1.42710514928602
690953,"Mick Abel","- - -",174,39,8,4.2840190426987,4.34035393641545,0.13218391,0.77183099,0.25972222,256,720,,108.551593653247,103.168164813262,34,5,,4.875,35.5555555555556,0.871794871794872,34,5,2025,"low_ip",2.17370174355149,1.72329974081521,0.6330680989732,83,79,-3.28496171967837,-1.31379286264675,0.6330680989732,87,79,TRUE,-1.2349204908417,174,0.994285714285714,0,0,-0.936678801119723,8,0.888888888888889,0,0,0.749625887144157,34,0.53125,-0.76,-0.40375,0.830929216905964,34,0.53125,-0.42,-0.223125,-0.711976863977605,174,0.591836734693878,1.23,0.727959183673469,0.496893958863956,174,0.367088607594937,-2,-0.734177215189873,-1.1838712164898,720,0.782608695652174,1.26,0.986086956521739,0.0275567392201191,720,0.827586206896552,-0.01,-0.00827586206896552,0.8551593653247,720,0.878048780487805,1.75,1.53658536585366,0.3168164813262,720,0.705882352941177,1.15,0.811764705882353
675911,"Spencer Strider","ATL",539,125.333333333333,23,4.14850075498752,4.24060604906784,0.14842301,0.70658683,0.27427759,821,2111,,96.493004271476,90.0520740389179,125.333333333333,,,5.44927536231884,38.8915206063477,1,125.333333333333,0,2025,"high_ip",1.17999275641984,0.255547908430125,0.831020643819049,91,104,-3.43322631190657,-3.54406653155215,0.831020643819049,88,106,TRUE,0.326915888774448,539,0.998148148148148,0,0,-0.0753050987446836,23,0.958333333333333,0,0,0.49925635232135,125.333333333333,0.8068669527897,-1.61,-1.29905579399142,0.663061492763506,125.333333333333,0.8068669527897,-1.34,-1.0812017167382,-0.380146382780453,539,0.817905918057663,2,1.63581183611533,-1.45699624207713,539,0.642431466030989,-1.73,-1.11140643623361,-0.402173107826326,2111,0.913457377758546,1.19,1.08701427953267,1.45533573796222,2111,0.933657673595754,-0.58,-0.541521450685537,-0.3506995728524,2111,0.954771596562641,1.56,1.48944369063772,-0.994792596108211,2111,0.87557030277893,1.64,1.43593529655745
668909,"Gavin Williams","CLE",704,167.666666666667,31,4.34993066276815,4.08152776946515,0.12784091,0.74176647,0.27726496,1123,2925,,102.588327086882,98.9993798977854,167.666666666667,,,5.40860215053763,38.3931623931624,1,167.666666666667,0,2025,"high_ip",1.64188972370099,1.20905877771625,0.865708247436123,87,86,-3.60454448091174,-3.23108791861583,0.865708247436123,89,100,TRUE,1.03295151243654,704,0.998581560283688,0,0,-0.136312130071949,31,0.96875,0,0,0.871397361200676,167.666666666667,0.84822934232715,-1.61,-1.36564924114671,0.395345459196395,167.666666666667,0.84822934232715,-1.34,-1.13662731871838,-0.800721916341297,704,0.854368932038835,2,1.70873786407767,-0.403458977306842,704,0.701195219123506,-1.73,-1.21306772908367,-0.241735999125002,2925,0.936,1.19,1.11384,1.24204052059546,2925,0.951219512195122,-0.58,-0.551707317073171,0.2588327086882,2925,0.966942148760331,1.56,1.50842975206612,-0.10006201022146,2925,0.906976744186046,1.64,1.48744186046512
676440,"Tanner Bibee","CLE",762,182.333333333333,31,4.14966368151722,4.16995413945333,0.14173228,0.7840992,0.27734769,1066,2971,,102.076607797401,100.674235254915,182.333333333333,,,5.88172043010753,35.880175025244,1,182.333333333333,0,2025,"high_ip",1.44521027279954,1.3614593346288,0.872811307398665,89,84,-4.00981454947026,-3.22794982762436,0.872811307398665,90,99,TRUE,1.28113373166322,762,0.998689384010485,0,0,0.573332878010713,31,0.96875,0,0,0.501404854779517,182.333333333333,0.858712715855573,-1.61,-1.38252747252747,0.544159974258407,182.333333333333,0.858712715855573,-1.34,-1.15067503924647,-0.516865052870558,762,0.863945578231292,2,1.72789115646258,0.86429443274679,762,0.717514124293785,-1.73,-1.24129943502825,-0.237292973318738,2971,0.936928413749606,1.19,1.11494481236203,0.1664925057366,2971,0.951938481256008,-0.58,-0.552124319128484,0.2076607797401,2971,0.967437316834907,1.56,1.50920221426246,0.0674235254915004,2971,0.908284928156527,1.64,1.4895872821767
506433,"Yu Darvish","SDP",296,72,15,3.93881142050767,4.1508491013613,0.16554054,0.7896679,0.27758621,407,1160,,99.2753633217993,98.5856228373702,72,,,4.8,35.0862068965517,1,72,0,2025,"low_ip",0.894158855375157,0.832946285868109,0.735407069953383,94,88,-4.03284040988344,-2.37374641350784,0.735407069953383,91,93,TRUE,-0.712882029709725,296,0.996632996632997,0,0,-1.04917366319646,15,0.9375,0,0,0.11185608319374,72,0.705882352941177,-0.76,-0.536470588235294,0.512007721720088,72,0.705882352941177,-0.42,-0.296470588235294,-0.0303660244596896,296,0.711538461538462,1.23,0.875192307692308,1.03106228387677,296,0.496644295302013,-2,-0.993288590604027,-0.224483224553958,1160,0.852941176470588,1.26,1.07470588235294,-0.17332251107488,1160,0.885496183206107,-0.01,-0.00885496183206107,-0.0724636678200696,1160,0.920634920634921,1.75,1.61111111111111,-0.14143771626298,1160,0.794520547945205,1.15,0.913698630136986
518876,"Merrill Kelly","- - -",748,184,32,3.95298674297738,3.81093996327672,0.15909091,0.78463747,0.26984127,973,2835,,90.4368464873445,97.3405881465454,183.299995422363,,,5.75,34.320987654321,1,183.299995422363,0,2025,"high_ip",0.561231629250585,0.390305062612061,0.870876490185298,100,96,-4.38886140345827,-3.75988336853402,0.870876490185298,92,109,TRUE,1.22122767874643,748,0.998664886515354,0,0,0.375761256442245,32,0.96969696969697,0,0,0.138044938975835,183.299995422363,0.859353020891557,-1.61,-1.38355836363541,-0.0600321975479364,183.299995422363,0.859353020891557,-1.34,-1.15153304799469,-0.162158046581827,748,0.861751152073733,2,1.72350230414747,0.880414197005544,748,0.713740458015267,-1.73,-1.23477099236641,-0.640426271670732,2835,0.934102141680395,1.19,1.11158154859967,-0.500833125501416,2835,0.949748743718593,-0.58,-0.550854271356784,-0.95631535126555,2835,0.965928449744463,1.56,1.50684838160136,-0.26594118534546,2835,0.904306220095694,1.64,1.48306220095694
700249,"Cade Povich","BAL",488,112.333333333333,20,4.01682974947076,3.95235502869633,0.15368852,0.77866061,0.27650939,737,1971,,96.8402259680141,95.3891894388811,103.666666666667,8.66666666666667,,5.61666666666667,37.3921867072552,0.922848664688427,103.666666666667,8.66666666666667,2025,"high_ip",0.59293488334817,0.339074080887692,0.814757346449991,99,100,-4.46613355095226,-3.56253160314647,0.814757346449991,93,107,TRUE,0.108686696006164,488,0.997955010224949,0,0,0.17577039052804,20,0.952380952380952,0,0,0.255994657109104,103.666666666667,0.775561097256858,-1.61,-1.24865336658354,0.177958057912001,103.666666666667,0.775561097256858,-1.34,-1.03925187032419,-0.272550720641022,488,0.802631578947368,2,1.60526315789474,0.701423032334305,488,0.619289340101523,-1.73,-1.07137055837563,-0.282313987864749,1971,0.907876554583141,1.19,1.08037309995394,0.813627140709962,1971,0.929278642149929,-0.58,-0.538981612446959,-0.31597740319859,1971,0.951714147754708,1.56,1.48467407049734,-0.46108105611189,1971,0.867899603698811,1.64,1.42335535006605
592662,"Robbie Ray","SFG",755,182.333333333333,32,4.17096122793154,4.28970617001082,0.14966887,0.74401596,0.26953125,1117,3072,,97.3504018294675,93.2960535772623,182.333333333333,,,5.69791666666667,36.3606770833333,1,182.333333333333,0,2025,"high_ip",0.6075153573777,0.231624618630802,0.873145546767572,98,105,-4.5083251177872,-4.14350344710744,0.873145546767572,94,113,TRUE,1.25118070520482,755,0.998677248677249,0,0,0.297639824444509,32,0.96969696969697,0,0,0.540751992930971,182.333333333333,0.858712715855573,-1.61,-1.38252747252747,0.745693073010353,182.333333333333,0.858712715855573,-1.34,-1.15067503924647,-0.354688424931539,755,0.862857142857143,2,1.72571428571429,-0.336092695510661,755,0.71563981042654,-1.73,-1.23805687203791,-0.657075937577395,3072,0.938875305623472,1.19,1.11726161369193,0.372145363889101,3072,0.953445065176909,-0.58,-0.552998137802607,-0.26495981705325,3072,0.968474148802018,1.56,1.51081967213115,-0.67039464227377,3072,0.911032028469751,1.64,1.49409252669039
656550,"Grant Holmes","ATL",492,115,21,4.18155018990212,4.03520460398754,0.1402439,0.72967265,0.27670397,729,1966,,90.6786739947968,92.3608798915581,114,1,,5.47619047619048,37.0803662258393,0.991304347826087,114,1,2025,"high_ip",0.259523368703098,-0.422947022854603,0.819255844381186,107,121,-4.52237060480947,-4.23884867055157,0.819255844381186,95,117,TRUE,0.125802711125246,492,0.997971602434077,0,0,-0.0349342717744251,21,0.954545454545455,0,0,0.560315060968555,114,0.791666666666667,-1.61,-1.27458333333333,0.317387273107683,114,0.791666666666667,-1.34,-1.06083333333333,-0.547278675029681,492,0.803921568627451,2,1.6078431372549,-0.765636931470788,492,0.621212121212121,-1.73,-1.07469696969697,-0.271864042725344,1966,0.907663896583564,1.19,1.08012003693444,0.680169287295822,1966,0.929111531190926,-0.58,-0.538884688090737,-0.93213260052032,1966,0.951597289448209,1.56,1.48449177153921,-0.76391201084419,1966,0.867608120035305,1.64,1.4228773168579
671096,"Andrew Abbott","CIN",684,166.333333333333,29,4.20298973566433,4.30507648866792,0.15497076,0.77986476,0.27157266,904,2677,,96.9182602174728,98.970146231721,166.333333333333,,,5.73563218390805,33.7691445648114,1,166.333333333333,0,2025,"high_ip",0.807656508809981,0.703438184975044,0.861660686346734,95,91,-4.64194704624956,-3.81692697867177,0.861660686346734,96,110,TRUE,0.947371436841135,684,0.998540145985401,0,0,0.354210516580801,29,0.966666666666667,0,0,0.599924542389518,166.333333333333,0.847198641765705,-1.61,-1.36398981324278,0.771560091159019,166.333333333333,0.847198641765705,-1.34,-1.13524617996604,-0.24634937227749,684,0.850746268656716,2,1.70149253731343,0.737484143174928,684,0.695121951219512,-1.73,-1.20256097560976,-0.547441738240194,2677,0.930483142161974,1.19,1.10727493917275,-0.737019644786358,2677,0.94694021931376,-0.58,-0.549225327201981,-0.308173978252719,2677,0.96398991717681,1.56,1.50382427079582,-0.1029853768279,2677,0.899227410144441,1.64,1.47473295263688
593423,"Frankie Montas","NYM",178,38.6666666666667,7,4.6267102129607,4.75700324429467,0.1011236,0.76676385,0.2651622,257,709,,106.133958714542,105.643864080875,33.6666666666667,5,,5.52380952380952,36.2482369534556,0.870689655172414,33.6666666666667,5,2025,"low_ip",1.13147559575398,1.02982605078674,0.633593688060008,92,87,-4.67817094142556,-2.20593855184484,0.633593688060008,97,89,TRUE,-1.21780447572262,178,0.994413407821229,0,0,0.0364910374806478,7,0.875,0,0,1.38274655547224,33.6666666666667,0.528795811518325,-0.76,-0.401884816753927,1.53211671008539,33.6666666666667,0.528795811518325,-0.42,-0.222094240837696,-1.34666459996253,178,0.597315436241611,1.23,0.734697986577181,0.345146504489548,178,0.372384937238494,-2,-0.744769874476987,-0.89171635700034,709,0.77997799779978,1.26,0.982772277227723,0.324021461626642,709,0.825378346915017,-0.01,-0.00825378346915017,0.6133958714542,709,0.876390605686032,1.75,1.53368355995056,0.5643864080875,709,0.702675916749257,1.15,0.808077304261645
605135,"Chris Bassitt","TOR",736,170.333333333333,31,3.91972808861362,3.84239934659043,0.15489131,0.7873956,0.2690409,1029,2836,,95.8699838912703,95.3748278518016,169.333333333333,1,,5.49462365591398,36.2834978843441,0.99412915851272,169.333333333333,1,2025,"high_ip",0.384268792529606,0.271930592925603,0.867564903376774,105,102,-4.68853934586575,-3.96148489535116,0.867564903376774,98,112,TRUE,1.16987963338919,736,0.998643147896879,0,0,-0.00728576496600914,31,0.96875,0,0,0.0765996981708914,169.333333333333,0.849498327759197,-1.61,-1.36769230769231,-0.0070885691641695,169.333333333333,0.849498327759197,-1.34,-1.13832775919732,-0.247972857059967,736,0.85981308411215,2,1.7196261682243,0.963012902850201,736,0.71042471042471,-1.73,-1.22903474903475,-0.683410250451827,2836,0.934123847167325,1.19,1.11160737812912,0.3391129916134,2836,0.949765572672472,-0.58,-0.550864032150033,-0.413001610872971,2836,0.965940054495913,1.56,1.50686648501362,-0.46251721481984,2836,0.904336734693878,1.64,1.48311224489796
669194,"Ryne Nelson","ARI",619,154,23,4.06915023401093,4.04945048595328,0.14701131,0.81194512,0.24483178,854,2467,,108.056037261936,105.898394810641,128,26,,6.69565217391304,34.6169436562627,0.831168831168831,128,26,2025,"high_ip",1.31696322595766,1.44526908778599,0.844575252211717,90,82,-4.70043212466,-3.4031600956458,0.844575252211717,99,102,TRUE,0.669236191156068,619,0.998387096774194,0,0,1.79417473480114,23,0.958333333333333,0,0,0.352656558593162,128,0.810126582278481,-1.61,-1.30430379746835,0.341361954151874,128,0.810126582278481,-1.34,-1.08556962025316,-0.408993122458515,619,0.837618403247632,2,1.67523680649526,1.69820616100246,619,0.673558215451578,-1.73,-1.16525571273123,-1.98356430468797,2467,0.925009373828271,1.19,1.10076115485564,-0.374165202519531,2467,0.942682460833015,-0.58,-0.546755827283149,0.8056037261936,2467,0.96104402025711,1.56,1.49922867160109,0.5898394810641,2467,0.891579327791832,1.64,1.4621900975786
694738,"Landen Roupp","SFG",476,106.666666666667,22,4.358316008758,4.10473978540101,0.1197479,0.77334994,0.29011345,686,1851,,97.1138002171553,101.864788273616,106.666666666667,,,4.84848484848485,37.0610480821178,1,106.666666666667,0,2025,"high_ip",0.635975000563625,0.513186592808807,0.812251587371771,97,94,-4.88116659155145,-3.73054533221587,0.812251587371771,100,108,TRUE,0.0573386506489214,476,0.9979035639413,0,0,-0.976449711954934,22,0.956521739130435,0,0,0.886889256872213,106.666666666667,0.780487804878049,-1.61,-1.25658536585366,0.434409427281577,106.666666666667,0.780487804878049,-1.34,-1.04585365853659,-0.966094837416564,476,0.798657718120805,2,1.59731543624161,0.542382497925835,476,0.61340206185567,-1.73,-1.06118556701031,0.448293888963146,1851,0.902486591906387,1.19,1.0739590443686,0.671901203104209,1851,0.92503748125937,-0.58,-0.536521739130435,-0.28861997828447,1851,0.948744233726294,1.56,1.48004100461302,0.1864788273616,1851,0.860529986052999,1.64,1.41126917712692
682990,"Quinn Priester","MIL",653,157.333333333333,24,3.95793046332672,3.80866083632805,0.12557427,0.77531083,0.26893479,920,2469,,97.6034069542139,97.3861466234878,130.666666666667,26.6666666666667,,6.55555555555556,37.2620494127177,0.830508474576271,130.666666666667,26.6666666666667,2025,"high_ip",0.289458260555022,0.0990820086355786,0.848351863209889,106,109,-4.94754370844179,-4.18130837856767,0.848351863209889,101,114,TRUE,0.814722319668257,653,0.998470948012232,0,0,1.5840394046739,24,0.96,0,0,0.147178444018315,130.666666666667,0.813278008298755,-1.61,-1.309377593361,-0.0638677860909968,130.666666666667,0.813278008298755,-1.34,-1.08979253112033,-0.847038537453349,653,0.844760672703752,2,1.6895213454075,0.601105972273936,653,0.685204616998951,-1.73,-1.18540398740818,-0.689108902310922,2469,0.925065567628325,1.19,1.10082802547771,0.757928926470687,2469,0.942726231386025,-0.58,-0.546781214203895,-0.23965930457861,2469,0.961074347995329,1.56,1.49927598287271,-0.26138533765122,2469,0.891657638136511,1.64,1.46231852654388
690990,"Cade Horton","CHC",476,118,22,4.25570289718441,4.27257949451912,0.13445378,0.77251732,0.28212291,613,1790,,96.2358370142793,97.4497376725586,114,4,,5.36363636363636,34.2458100558659,0.966101694915254,114,4,2025,"high_ip",0.45727169947838,0.339536404397265,0.813865059059212,101,99,-4.98315727041779,-3.87013032779568,0.813865059059212,102,111,TRUE,0.0573386506489214,476,0.9979035639413,0,0,-0.203757730013689,22,0.956521739130435,0,0,0.697311913140168,114,0.791666666666667,-1.61,-1.27458333333333,0.716870246649139,114,0.791666666666667,-1.34,-1.06083333333333,-0.665594240903975,476,0.798657718120805,2,1.59731543624161,0.517447728911908,476,0.61340206185567,-1.73,-1.06118556701031,0.0191608607268422,1790,0.899497487437186,1.19,1.07040201005025,-0.533008821174403,1790,0.922680412371134,-0.58,-0.535154639175258,-0.37641629857207,1790,0.947089947089947,1.56,1.47746031746032,-0.25502623274414,1790,0.856459330143541,1.64,1.40459330143541
701581,"David Festa","MIN",229,53.3333333333333,10,4.16382953691539,4.49382686201129,0.14847162,0.74444444,0.26077098,315,882,,90.6100574278243,100.524731757326,48.6666666666667,4.66666666666667,,5.33333333333333,35.7142857142857,0.9125,48.6666666666667,4.66666666666667,2025,"low_ip",-0.234619979579697,-1.23786518676563,0.683965085012994,113,138,-5.00057102465502,-4.27300502865399,0.683965085012994,103,119,TRUE,-0.999575282954333,229,0.995652173913044,0,0,-0.249210199539644,10,0.909090909090909,0,0,0.527576220181992,48.6666666666667,0.61864406779661,-0.76,-0.470169491525424,1.08921188757022,48.6666666666667,0.61864406779661,-0.42,-0.259830508474576,-0.379153083909764,229,0.656160458452722,1.23,0.807077363896848,-0.323260851659822,229,0.43289224952741,-2,-0.86578449905482,-1.12754741926295,882,0.815157116451017,1.26,1.02709796672828,0.0954925789700304,882,0.854651162790698,-0.01,-0.00854651162790698,-0.93899425721757,882,0.89816700610998,1.75,1.57179226069246,0.0524731757325995,882,0.746192893401015,1.15,0.858121827411167
453286,"Max Scherzer","TOR",358,85,17,4.25935846589312,4.55486039834864,0.16480447,0.78591954,0.27011494,467,1392,,96.1828357191548,104.574519427403,85,,,5,33.5488505747126,1,85,0,2025,"blended_ip",0.411576845000465,0.35212035789424,0.767626679938934,103,98,-5.0078536070956,-3.47216920913,0.767626679938934,104,105,TRUE,-0.447583795363969,358,0.997214484679666,0,0,-0.749187364325156,17,0.944444444444444,0,0,0.704065562795654,85,0.739130434782609,-0.9725,-0.718804347826087,1.19192645239717,85,0.739130434782609,-0.65,-0.480434782608696,-0.045406911103333,358,0.748953974895398,1.4225,1.0653870292887,0.918808805962432,358,0.544072948328267,-1.9325,-1.05142097264438,-0.625728787415922,1392,0.874371859296482,1.2425,1.08640703517588,-0.83130454520441,1392,0.90272373540856,-0.1525,-0.137665369649805,-0.38171642808452,1392,0.932975871313673,1.7025,1.58839142091153,0.4574519427403,1392,0.822695035460993,1.2725,1.04687943262411
622491,"Luis Castillo","SEA",745,180.666666666667,32,4.03363377017057,4.09071328359252,0.1557047,0.77813923,0.25033467,1040,2988,,96.1761058981233,100.450154155496,180.666666666667,,,5.64583333333333,34.805890227577,1,180.666666666667,0,2025,"high_ip",0.427037117985104,0.26826338638264,0.871524884592299,102,103,-5.02311218523187,-4.34364339588195,0.871524884592299,105,120,TRUE,1.20839066740712,745,0.998659517426273,0,0,0.219518392446772,32,0.96969696969697,0,0,0.287040023139192,180.666666666667,0.857594936708861,-1.61,-1.38072784810127,0.410803945512667,180.666666666667,0.857594936708861,-1.34,-1.14917721518987,-0.23135201014721,745,0.861271676300578,2,1.72254335260116,0.68580907894803,745,0.712918660287081,-1.73,-1.23334928229665,-1.688030855165,2988,0.937264742785445,1.19,1.11534504391468,-0.293296865381874,2988,0.952198852772467,-0.58,-0.552275334608031,-0.38238941018767,2988,0.967616580310881,1.56,1.50948186528497,0.0450154155495994,2988,0.908759124087591,1.64,1.49036496350365
663855,"Jordan Hicks","- - -",314,67.3333333333333,9,4.40720093288704,4.38519253483417,0.08280255,0.79078695,0.27583333,454,1200,,109.598492058824,103.248131535948,45.3333333333333,21.300000667572,,7.48148148148148,37.8333333333333,0.680340163268994,45.3333333333333,21.300000667572,2025,"low_ip",0.90419717229812,1.41638847853878,0.728096869100432,93,83,-5.0613700083457,-2.44417169946957,0.728096869100432,106,94,TRUE,-0.635859961673861,314,0.996825396825397,0,0,2.97286486241143,9,0.9,0,0,0.977203973216037,45.3333333333333,0.601769911504425,-0.76,-0.457345132743363,0.906388995257534,45.3333333333333,0.601769911504425,-0.42,-0.252743362831858,-1.72103773871634,314,0.723502304147465,1.23,0.889907834101382,1.06457487457244,314,0.511400651465798,-2,-1.0228013029316,-0.318621881332456,1200,0.857142857142857,1.26,1.08,1.00243603963135,1200,0.888888888888889,-0.01,-0.00888888888888889,0.959849205882399,1200,0.923076923076923,1.75,1.61538461538462,0.3248131535948,1200,0.8,1.15,0.92
700363,"AJ Smith-Shawver","ATL",192,44.3333333333333,9,4.59950006559614,4.3635968300281,0.109375,0.75609756,0.28270042,261,711,,97.8168124118477,94.5385049365303,44.3333333333333,,,4.92592592592593,36.7088607594937,1,44.3333333333333,0,2025,"low_ip",-0.143137397349289,-0.425043616092032,0.649858643706766,111,122,-5.2013130286429,-3.34740281128072,0.649858643706766,107,101,TRUE,-1.15789842280583,192,0.994818652849741,0,0,-0.860293400944158,9,0.9,0,0,1.33247590895519,44.3333333333333,0.596412556053812,-0.76,-0.453273542600897,0.87004514965393,44.3333333333333,0.596412556053812,-0.42,-0.250493273542601,-1.17805513068466,192,0.615384615384615,1.23,0.756923076923077,0.0257193019415191,192,0.390243902439024,-2,-0.780487804878049,0.0501761131549321,711,0.78046103183315,1.26,0.98338090010977,0.521166511580237,711,0.825783972125436,-0.01,-0.00825783972125436,-0.218318758815229,711,0.876695437731196,1.75,1.53421701602959,-0.54614950634697,711,0.70326409495549,1.15,0.808753709198813
434378,"Justin Verlander","SFG",662,152,29,4.43591345311156,4.5667040737836,0.12839879,0.77373418,0.27684049,900,2608,,106.109415384615,97.7468461538462,152,,,5.24137931034483,34.5092024539877,1,152,0,2025,"high_ip",0.643761981851068,0.693992876309741,0.856157243375831,96,92,-5.30694683872186,-4.21269901956537,0.856157243375831,108,116,TRUE,0.85323335368619,662,0.998491704374057,0,0,-0.387134934652889,29,0.966666666666667,0,0,1.03025024802969,152,0.835164835164835,-1.61,-1.34461538461538,1.21185841179617,152,0.835164835164835,-1.34,-1.11912087912088,-0.789322171968132,662,0.846547314578005,2,1.69309462915601,0.553889470669598,662,0.688149688149688,-1.73,-1.19049896049896,-0.264532217715418,2608,0.928774928774929,1.19,1.10524216524217,-0.420277983548469,2608,0.945612762871646,-0.58,-0.548455402465555,0.6109415384615,2608,0.963072378138848,1.56,1.5023929098966,-0.225315384615379,2608,0.896836313617607,1.64,1.47081155433287
681343,"Shane Smith","CHW",616,146.333333333333,29,4.19576426844742,4.23202473748021,0.14123377,0.75236457,0.26911947,888,2419,,95.0337230514096,95.1518905472636,146.333333333333,,,5.04597701149425,36.709384042993,1,146.333333333333,0,2025,"high_ip",-0.106646490274026,-0.402138352551018,0.848739131825435,110,120,-5.39920508203229,-4.76970816204228,0.848739131825435,109,126,TRUE,0.656399179816758,616,0.99837925445705,0,0,-0.680224996768533,29,0.966666666666667,0,0,0.586575518456818,146.333333333333,0.829867674858223,-1.61,-1.33608695652174,0.648619831043367,146.333333333333,0.829867674858223,-1.34,-1.11202268431002,-0.527051628061399,616,0.83695652173913,2,1.67391304347826,-0.0860738850841233,616,0.672489082969432,-1.73,-1.16340611353712,-0.679190638006545,2419,0.923634975181367,1.19,1.09912562046583,0.521390474715135,2419,0.941611521992993,-0.58,-0.546134682755936,-0.49662769485904,2419,0.960301707026598,1.56,1.49807066296149,-0.48481094527364,2419,0.889665318131666,1.64,1.45905112173593
804636,"Jonah Tong","NYM",87,18.6666666666667,5,4.11022693798952,3.95887878969286,0.14942529,0.80368098,0.28225806,136,372,,100.518706199461,96.1066846361186,18.6666666666667,,,3.73333333333333,36.5591397849462,1,18.6666666666667,0,2025,"low_ip",-0.269306825519758,0.373708571412065,0.496688006035063,115,97,-5.53593820253094,-1.56347715197465,0.496688006035063,110,83,TRUE,-1.60719381968171,87,0.988636363636364,0,0,-2.6491005905101,5,0.833333333333333,0,0,0.428545617117071,18.6666666666667,0.383561643835616,-0.76,-0.291506849315068,0.188937026394014,18.6666666666667,0.383561643835616,-0.42,-0.161095890410959,-0.359665749328212,87,0.420289855072464,1.23,0.51695652173913,1.45071700388548,87,0.224806201550388,-2,-0.449612403100775,0.026419109702021,372,0.65034965034965,1.26,0.819440559440559,0.45708656473569,372,0.71264367816092,-0.01,-0.0071264367816092,0.0518706199460993,372,0.788135593220339,1.75,1.37923728813559,-0.38933153638814,372,0.553571428571429,1.15,0.636607142857143
571510,"Matthew Boyd","CHC",718,179.666666666667,31,4.08914394487812,4.22033939207728,0.15598886,0.79086367,0.26319621,903,2747,,94.1029094906559,96.9224038109198,179.666666666667,,,5.79569892473118,32.8722242446305,1,179.666666666667,0,2025,"high_ip",-0.215250322244873,-0.177292203667617,0.86734987861908,112,114,-5.72816511895561,-4.78042577586075,0.86734987861908,111,128,TRUE,1.09285756535332,718,0.998609179415855,0,0,0.444306512904774,31,0.96875,0,0,0.389594865398429,179.666666666667,0.85691573926868,-1.61,-1.37963434022258,0.628954328437056,179.666666666667,0.85691573926868,-1.34,-1.14826709062003,-0.225545472251822,718,0.856801909307876,2,1.71360381861575,1.06687243585941,718,0.705304518664047,-1.73,-1.2201768172888,-0.997300115067042,2747,0.9321343739396,1.19,1.10923990498812,-1.12089776616991,2747,0.948222298929927,-0.58,-0.549968933379358,-0.58970905093441,2747,0.964875307341061,1.56,1.50520547945205,-0.30775961890802,2747,0.901542500820479,1.64,1.47852970134559
690916,"Richard Fitts","BOS",195,45,10,4.32256322820663,4.26854714287652,0.12307692,0.77319588,0.24761905,249,735,,103.091002178751,105.464722742675,41,4,,4.5,33.8775510204082,0.911111111111111,41,4,2025,"low_ip",0.0477516726523562,-0.0104896473177153,0.651117483277753,108,111,-5.75254717576258,-3.4328504124187,0.651117483277753,112,103,TRUE,-1.14506141146652,195,0.994897959183674,0,0,-1.49915311150342,10,0.909090909090909,0,0,0.820836127169558,41,0.577464788732394,-0.76,-0.43887323943662,0.710084121036008,41,0.577464788732394,-0.42,-0.242535211267606,-0.898069496817951,195,0.619047619047619,1.23,0.761428571428571,0.537768807990106,195,0.393939393939394,-2,-0.787878787878788,-1.83387359347043,735,0.786096256684492,1.26,0.99048128342246,-0.69062213813609,735,0.830508474576271,-0.01,-0.00830508474576271,0.3091002178751,735,0.880239520958084,1.75,1.54041916167665,0.546472274267499,735,0.710144927536232,1.15,0.816666666666667
677651,"Luis Garcia","HOU",28,7.66666666666667,2,3.78139887766434,4.30371891025523,0.21428572,0.76470588,0.25471698,40,106,,89.2815094339623,91.4643396226415,7.66666666666667,,,3.83333333333333,37.7358490566038,1,7.66666666666667,0,2025,"low_ip",-1.30076138950653,-1.40450922405157,0.266311696587114,130,140,-5.78919302361265,-2.33713947366245,0.266311696587114,113,92,TRUE,-1.85965504268815,28,0.96551724137931,0,0,-2.49910744107445,2,0.666666666666667,0,0,-0.178963006927544,7.66666666666667,0.20353982300885,-0.76,-0.154690265486726,0.769275395166522,7.66666666666667,0.20353982300885,-0.42,-0.0854867256637168,0.965695120273813,28,0.189189189189189,1.23,0.232702702702703,0.283515740650595,28,0.0853658536585366,-2,-0.170731707317073,-1.45267830565393,106,0.34640522875817,1.26,0.436470588235294,0.960713179558528,106,0.4140625,-0.01,-0.004140625,-1.07184905660377,106,0.514563106796116,1.75,0.900485436893204,-0.85356603773585,106,0.261083743842365,1.15,0.300246305418719
684007,"Shota Imanaga","CHC",567,144.666666666667,25,4.36052251493243,4.5073707264942,0.16049383,0.77739726,0.25757576,706,2178,,94.3002740977615,101.177286432161,144.666666666667,,,5.78666666666667,32.415059687787,1,144.666666666667,0,2025,"high_ip",-0.00987302542140142,-0.0714548641799999,0.84041855261519,109,113,-5.81799347730311,-4.7753371919909,0.84041855261519,114,127,TRUE,0.446727994608015,567,0.998239436619718,0,0,0.430758744568651,25,0.961538461538462,0,0,0.890965768860418,144.666666666667,0.82824427480916,-1.61,-1.33347328244275,1.11200512928488,144.666666666667,0.82824427480916,-1.34,-1.10984732824427,-0.133490717808612,567,0.825327510917031,2,1.65065502183406,0.663589037914591,567,0.653979238754325,-1.73,-1.13138408304498,-1.29914714024315,2178,0.915895710681245,1.19,1.08991589571068,-1.3165622720302,2178,0.935567010309278,-0.58,-0.542628865979381,-0.56997259022385,2178,0.956101843722564,1.56,1.4915188762072,0.1177286432161,2178,0.878934624697337,1.64,1.44145278450363
571578,"Patrick Corbin","TEX",663,155.333333333333,30,4.42214763302729,4.20844687776856,0.12066365,0.74937133,0.2761684,974,2589,,95.9040602839047,97.8681766773817,154.333333333333,1,,5.17777777777778,37.6207029741213,0.993562231759657,154.333333333333,1,2025,"high_ip",-0.346195092659271,-0.560141581365569,0.856568527394771,116,124,-5.89947877051452,-5.19303353223121,0.856568527394771,115,132,TRUE,0.85751235746596,663,0.998493975903614,0,0,-0.482532876439549,30,0.967741935483871,0,0,1.00481794638862,154.333333333333,0.837251356238698,-1.61,-1.3479746835443,0.608940177115943,154.333333333333,0.837251356238698,-1.34,-1.12191681735986,-0.947382361777133,663,0.846743295019157,2,1.69348659003831,-0.175713514210545,663,0.688473520249221,-1.73,-1.19105919003115,-0.300626901797764,2589,0.928289709573324,1.19,1.10466475439226,0.911431140972156,2589,0.945235487404162,-0.58,-0.548236582694414,-0.40959397160953,2589,0.962811454072146,1.56,1.50198586835255,-0.21318233226183,2589,0.896157840083074,1.64,1.46969885773624
702070,"Noah Cameron","KCR",556,138.333333333333,24,4.3254719755863,4.10057394872976,0.12769784,0.75419546,0.26869806,810,2166,,94.1049489322192,98.5537418755804,138.333333333333,,,5.76388888888889,37.3961218836565,1,138.333333333333,0,2025,"high_ip",-0.433830569389029,-0.68209923764232,0.83745972414904,118,127,-5.92101549948601,-5.14484488848326,0.83745972414904,116,130,TRUE,0.399658953030542,556,0.998204667863555,0,0,0.396593638308309,24,0.96,0,0,0.826210027184566,138.333333333333,0.821782178217822,-1.61,-1.32306930693069,0.427398657031226,138.333333333333,0.821782178217822,-1.34,-1.10118811881188,-0.803645414992385,556,0.822485207100592,2,1.64497041420118,-0.0312435672441652,556,0.649532710280374,-1.73,-1.12369158878505,-0.701822518884316,2166,0.915469146238377,1.19,1.08940828402367,0.815311379644299,2166,0.935233160621762,-0.58,-0.542435233160622,-0.58950510677808,2166,0.955869373345101,1.56,1.49115622241836,-0.14462581244196,2166,0.878345498783455,1.64,1.44048661800487
657006,"Justin Steele","CHC",92,22.6666666666667,4,3.77325329593434,3.64072475475321,0.17391304,0.82608696,0.27476038,93,313,,100.781661341853,96.8833226837061,22.6666666666667,,,5.66666666666667,29.7124600638978,1,22.6666666666667,0,2025,"low_ip",-0.672647760651295,0.414206002159986,0.489511298829965,122,95,-6.03999331771707,-1.55682602024165,0.489511298829965,117,82,TRUE,-1.58579880078286,92,0.989247311827957,0,0,0.250766965245868,4,0.8,0,0,-0.194011939016677,22.6666666666667,0.430379746835443,-0.76,-0.327088607594937,-0.346490792602684,22.6666666666667,0.430379746835443,-0.42,-0.180759493670886,0.140718007526267,92,0.433962264150943,1.23,0.53377358490566,2.1217169027957,92,0.23469387755102,-2,-0.469387755102041,-0.37624480577137,313,0.610136452241715,1.26,0.768771929824561,-2.47326353425746,313,0.676025917926566,-0.01,-0.00676025917926566,0.0781661341852995,313,0.757869249394673,1.75,1.32627118644068,-0.31166773162939,313,0.510603588907015,1.15,0.587194127243067
681293,"Spencer Arrighetti","HOU",156,35.3333333333333,7,5.09547629548825,5.03498072460577,0.07051282,0.75555556,0.28432956,239,619,,103.68498381877,97.7392556634304,35.3333333333333,,,5.04761904761905,38.610662358643,1,35.3333333333333,0,2025,"low_ip",-0.246660219255482,0.0245309035668391,0.612954153333613,114,110,-6.04061107749207,-3.06283891228631,0.612954153333613,118,97,TRUE,-1.31194255887756,156,0.993630573248408,0,0,-0.677762055070082,7,0.875,0,0,2.24879015744914,35.3333333333333,0.540816326530612,-0.76,-0.411020408163265,1.99993059791304,35.3333333333333,0.540816326530612,-0.42,-0.227142857142857,-1.97216662022351,156,0.565217391304348,1.23,0.695217391304348,0.0094878340383392,156,0.342105263157895,-2,-0.68421052631579,0.137669296546903,619,0.755799755799756,1.26,0.952307692307692,1.33512959023861,619,0.804941482444733,-0.01,-0.00804941482444733,0.368498381876999,619,0.860917941585535,1.75,1.50660639777469,-0.22607443365696,619,0.673558215451578,1.15,0.774591947769314
656849,"David Peterson","NYM",723,168.666666666667,30,4.09296140814346,3.72486152251239,0.1175657,0.77715655,0.2782512,965,2699,,89.7831433891992,96.1015865921788,168.666666666667,,,5.62222222222222,35.7539829566506,1,168.666666666667,0,2025,"high_ip",-0.815096162212658,-0.864662642001994,0.865242758198245,126,130,-6.04399862461898,-5.22845303185261,0.865242758198245,119,133,TRUE,1.11425258425218,723,0.998618784530387,0,0,0.184103343274465,30,0.967741935483871,0,0,0.396647614647913,168.666666666667,0.848993288590604,-1.61,-1.36687919463087,-0.204895335335342,168.666666666667,0.848993288590604,-1.34,-1.13765100671141,-1.01068600786742,723,0.857651245551601,2,1.7153024911032,0.656380409429397,723,0.706744868035191,-1.73,-1.22266862170088,-0.18876984692906,2699,0.931010693342532,1.19,1.10790272507761,0.112482831593664,2699,0.947349947349947,-0.58,-0.549462969462969,-1.02168566108008,2699,0.964272954626652,1.56,1.50426580921758,-0.38984134078212,2699,0.899966655551851,1.64,1.47594531510504
645261,"Sandy Alcantara","MIA",745,174.666666666667,31,4.37874488556577,4.18745153267481,0.11409396,0.81096275,0.25717249,986,2893,,108.389417475728,106.884646324549,174.666666666667,,,5.63440860215054,34.0822675423436,1,174.666666666667,0,2025,"high_ip",0.401947189342354,0.732573742553876,0.869676856212291,104,90,-6.0917303296423,-4.69736559434195,0.869676856212291,120,123,TRUE,1.20839066740712,745,0.998659517426273,0,0,0.202382078331139,31,0.96875,0,0,0.924631531141606,174.666666666667,0.85342019543974,-1.61,-1.37400651465798,0.57360668893698,174.666666666667,0.85342019543974,-1.34,-1.14358306188925,-1.08162769520178,745,0.861271676300578,2,1.72254335260116,1.66878677516473,745,0.712918660287081,-1.73,-1.23334928229665,-1.32080480997472,2893,0.935337859683156,1.19,1.11305205302296,-0.603004328517395,2893,0.95070653959908,-0.58,-0.551409792967466,0.8389417475728,2893,0.96658870698296,1.56,1.50787838289342,0.6884646324549,2893,0.906044472283119,1.64,1.48591293454432
450203,"Charlie Morton","- - -",654,142,27,4.39377347461238,4.39518551754379,0.117737,0.75105485,0.27871423,942,2551,,100.478431370233,93.5851848427394,125.666666666667,16.3333333333333,,5.25925925925926,36.9266954135633,0.884976525821596,125.666666666667,16.3333333333333,2025,"high_ip",-0.444481967815115,-0.547136429892352,0.847831227961019,119,123,-6.09685369069827,-5.17693618082781,0.847831227961019,121,131,TRUE,0.819001323448027,654,0.998473282442748,0,0,-0.360316236158647,27,0.964285714285714,0,0,0.952396793765511,125.666666666667,0.807280513918629,-1.61,-1.29972162740899,0.923206386677695,125.666666666667,0.807280513918629,-1.34,-1.08175588865096,-1.00718565615894,654,0.844961240310077,2,1.68992248062015,-0.125296538482933,654,0.685534591194969,-1.73,-1.1859748427673,-0.163902758338768,2551,0.927299163940385,1.19,1.10348600508906,0.614398826530605,2551,0.944465012958164,-0.58,-0.547789707515735,0.0478431370232997,2551,0.9622783855149,1.56,1.50115428140324,-0.64148151572606,2551,0.894773763591722,1.64,1.46742897229042
687473,"Ryan Gusto","- - -",453,101.666666666667,17,4.26709811254212,4.60532050595588,0.13465784,0.78215527,0.26503973,618,1762,,100.437278963763,100.198882379719,81.6666666666667,20,,5.98039215686275,35.0737797956867,0.80327868852459,81.6666666666667,20,2025,"blended_ip",-0.548153598799121,-0.37390542817972,0.794669562000577,120,118,-6.19408523279796,-4.54389501211418,0.794669562000577,122,122,TRUE,-0.0410784362857946,453,0.997797356828194,0,0,0.721333708573408,17,0.944444444444444,0,0,0.718364531325516,81.6666666666667,0.73134328358209,-0.830833333333334,-0.607624378109453,1.27684678153148,81.6666666666667,0.73134328358209,-0.496666666666667,-0.363233830845771,-0.661424469919556,453,0.790575916230366,1.29416666666667,1.0231369982548,0.806078865586212,453,0.601593625498008,-1.9775,-1.18965139442231,-0.898293624865606,1762,0.898063200815494,1.25416666666667,1.12632093102277,-0.178641257932281,1762,0.921548117154812,-0.0575000000000001,-0.0529890167364018,0.0437278963763006,1762,0.946294307196563,1.73416666666667,1.64103204439671,0.0198882379718995,1762,0.8545101842871,1.19083333333333,1.01757921112189
806960,"Luis Morales","ATH",199,48.6666666666667,9,4.4507846798667,4.53505920297892,0.12562814,0.78393352,0.26065773,324,821,,102.706897071041,103.647951560737,46.6666666666667,2,,5.40740740740741,39.4640682095006,0.958904109589041,46.6666666666667,2,2025,"low_ip",-0.374838775374624,-0.0122046652418973,0.665154627537227,117,112,-6.24837635493817,-3.46707911471452,0.665154627537227,123,104,TRUE,-1.12794539634744,199,0.995,0,0,-0.138104162920642,9,0.9,0,0,1.05772478440271,46.6666666666667,0.608695652173913,-0.76,-0.462608695652174,1.15860262278631,46.6666666666667,0.608695652173913,-0.42,-0.255652173913044,-0.845937755512103,199,0.623824451410658,1.23,0.76730407523511,0.859332754513952,199,0.398797595190381,-2,-0.797595190380762,-1.13362952578488,821,0.80411361410382,1.26,1.01318315377081,1.70038370192927,821,0.84552008238929,-0.01,-0.0084552008238929,0.2706897071041,821,0.8914223669924,1.75,1.5599891422367,0.3647951560737,821,0.732381801962533,1.15,0.842239072256913
647336,"Michael Soroka","- - -",379,89.6666666666667,17,3.77993196697237,4.20770812079432,0.17414248,0.79365079,0.27290576,560,1528,,94.8075236301849,89.9109793159627,83.3333333333333,6.33333333333333,,5.27450980392157,36.6492146596859,0.929368029739777,83.3333333333333,6.33333333333333,2025,"blended_ip",-1.45073110175266,-1.22981629764649,0.775352944976605,135,136,-6.42866916134165,-4.72808086629617,0.775352944976605,124,125,TRUE,-0.357724715988794,379,0.997368421052632,0,0,-0.337441463913558,17,0.944444444444444,0,0,-0.181673119000077,83.3333333333333,0.735294117647059,-0.901666666666667,-0.662990196078431,0.607696908157995,83.3333333333333,0.735294117647059,-0.573333333333333,-0.42156862745098,0.145406394543151,379,0.759519038076152,1.35833333333333,1.03168002672011,1.15033931560538,379,0.558173784977909,-1.955,-1.09122974963181,-0.475847422969661,1528,0.884259259259259,1.24833333333333,1.10385030864198,0.495638231947256,1528,0.910607866507747,-0.105,-0.0956138259833133,-0.51924763698151,1528,0.938574938574939,1.71833333333333,1.6127846027846,-1.00890206840373,1528,0.835886214442013,1.23166666666667,1.02953318745441
668678,"Zac Gallen","ARI",813,192,33,4.2393576092504,4.11633670389031,0.13407134,0.7877055,0.27591707,1160,3135,,92.8295936,100.5752384,192,,,5.81818181818182,37.0015948963317,1,192,0,2025,"high_ip",-0.825588999120936,-0.759671161057627,0.878841802935062,127,129,-6.48419737768005,-5.56436945343054,0.878841802935062,125,138,TRUE,1.4993629244315,813,0.998771498771499,0,0,0.478029312875645,33,0.970588235294118,0,0,0.66711405419655,192,0.864864864864865,-1.61,-1.39243243243243,0.453926114457919,192,0.864864864864865,-1.34,-1.15891891891892,-0.673409036627201,813,0.871382636655949,2,1.7427652733119,0.972293589018458,813,0.730458221024259,-1.73,-1.26369272237197,-0.314124613339991,3135,0.940029985007496,1.19,1.11863568215892,0.646455489860461,3135,0.954337899543379,-0.58,-0.55351598173516,-0.71704064,3135,0.969088098918083,1.56,1.51177743431221,0.0575238400000003,3135,0.912663755458515,1.64,1.49676855895197
592791,"Jameson Taillon","CHC",519,129.666666666667,23,4.40001382665143,4.34089054701968,0.13680154,0.80736842,0.28196059,645,1979,,94.2713719512195,101.009308943089,129.666666666667,,,5.63768115942029,32.5922182920667,1,129.666666666667,0,2025,"high_ip",-0.621904502465435,-0.249226225856879,0.827933464138945,121,115,-6.59868150703602,-4.90703363469686,0.827933464138945,126,129,TRUE,0.241335813179043,519,0.998076923076923,0,0,0.207290690047126,23,0.958333333333333,0,0,0.963925821054266,129.666666666667,0.812108559498956,-1.61,-1.30749478079332,0.831832289675504,129.666666666667,0.812108559498956,-1.34,-1.0882254697286,-0.617620010156248,519,0.812206572769953,2,1.62441314553991,1.56114608876539,519,0.633699633699634,-1.73,-1.09630036630037,0.0104434432377471,1979,0.908214777420835,1.19,1.08077558513079,-1.240739135161,1979,0.929544387036167,-0.58,-0.539135744480977,-0.572862804878049,1979,0.951899951899952,1.56,1.48496392496393,0.1009308943089,1979,0.868363317244405,1.64,1.42411584028082
694297,"Brandon Pfaadt","ARI",767,176.666666666667,33,4.1220898457984,4.01351885387716,0.14341591,0.80782669,0.25282244,1021,2923,,97.2097458791209,101.375315934066,176.666666666667,,,5.35353535353535,34.9298665754362,1,176.666666666667,0,2025,"high_ip",-0.793311063853428,-0.58415496713409,0.87176065925184,124,125,-6.71124478833395,-5.5496901759436,0.87176065925184,127,137,TRUE,1.30252875056207,767,0.998697916666667,0,0,-0.218908553189008,33,0.970588235294118,0,0,0.450462295374438,176.666666666667,0.854838709677419,-1.61,-1.37629032258065,0.280891888451911,176.666666666667,0.854838709677419,-1.34,-1.14548387096774,-0.482461683653177,767,0.864712514092446,2,1.72942502818489,1.57487006440375,767,0.71883786316776,-1.73,-1.24358950328022,-1.55442483183549,2923,0.935959013768812,1.19,1.11379122638489,-0.240235510385932,2923,0.95118776439961,-0.58,-0.551688903351773,-0.27902541208791,2923,0.966920277869666,1.56,1.50839563347668,0.137531593406599,2923,0.906919019547006,1.64,1.48734719205709
656288,"Griffin Canning","NYM",328,76.3333333333333,16,4.4495468625014,4.09044317708748,0.10670732,0.75613748,0.28071482,500,1343,,91.6881371087929,92.2909836065574,76.3333333333333,,,4.77083333333333,37.2300819061802,1,76.3333333333333,0,2025,"low_ip",-1.78317350774682,-1.96014166003679,0.753686081495185,140,143,-6.74024745691664,-5.41043757408688,0.753686081495185,128,134,TRUE,-0.575953908757077,328,0.996960486322188,0,0,-1.0929216651152,16,0.941176470588235,0,0,1.05543792140303,76.3333333333333,0.717868338557994,-0.76,-0.545579937304075,0.410349377847297,76.3333333333333,0.717868338557994,-0.42,-0.301504702194357,-1.23256662073522,328,0.732142857142857,1.23,0.900535714285714,0.0269148004630991,328,0.522292993630573,-2,-1.04458598726115,-0.0564608026062078,1343,0.870382372002592,1.26,1.09668178872327,0.744246968242269,1343,0.899531145344943,-0.01,-0.00899531145344943,-0.83118628912071,1343,0.930699930699931,1.75,1.62872487872488,-0.77090163934426,1343,0.817407181984175,1.15,0.940018259281801
669330,"Tyler Wells","BAL",82,21.6666666666667,4,3.92092402849919,4.16986573486268,0.19512195,0.79581152,0.25730994,101,342,,96.1118475073314,94.0412316715542,21.6666666666667,,,5.41666666666667,29.5321637426901,1,21.6666666666667,0,2025,"low_ip",-1.58601204425199,-1.05080268189522,0.488596830161292,137,132,-6.79912355823272,-3.08761309492576,0.488596830161292,129,98,TRUE,-1.62858883858056,82,0.987951807228916,0,0,-0.124215908343266,4,0.8,0,0,0.0788091926818043,21.6666666666667,0.419354838709677,-0.76,-0.318709677419355,0.54401119639623,21.6666666666667,0.419354838709677,-0.42,-0.176129032258065,0.574101804101638,82,0.405940594059406,1.23,0.499306930693069,1.21504746992723,82,0.214659685863874,-2,-0.429319371727749,-1.31342303918938,342,0.6309963099631,1.26,0.795055350553506,-2.55042960076337,342,0.695121951219512,-0.01,-0.00695121951219512,-0.38881524926686,342,0.773755656108597,1.75,1.35407239819005,-0.59587683284458,342,0.532710280373832,1.15,0.612616822429906
663903,"Brady Singer","CIN",716,169.666666666667,32,4.17002098835025,4.24867549976947,0.14385475,0.78281623,0.2754386,1074,2850,,95.154041505452,93.7724375659515,169.666666666667,,,5.30208333333333,37.6842105263158,1,169.666666666667,0,2025,"high_ip",-1.31625707290241,-1.23386305213109,0.86633034664437,131,137,-6.87633446859701,-5.87527202680564,0.86633034664437,130,142,TRUE,1.08429955779378,716,0.99860529986053,0,0,-0.296083058738287,32,0.96969696969697,0,0,0.539014903785547,169.666666666667,0.84974958263773,-1.61,-1.36809682804674,0.676641733512282,169.666666666667,0.84974958263773,-1.34,-1.13866444073456,-0.473494407857809,716,0.856459330143541,2,1.71291866028708,0.825872871167924,716,0.704724409448819,-1.73,-1.21917322834646,-0.339820909212389,2850,0.934426229508197,1.19,1.11196721311475,0.938612105971563,2850,0.95,-0.58,-0.551,-0.4845958494548,2850,0.966101694915254,1.56,1.5071186440678,-0.622756243404849,2850,0.904761904761905,1.64,1.48380952380952
683004,"Jack Leiter","TEX",646,151.666666666667,29,4.43297386705851,4.52890826111459,0.125387,0.77813765,0.25531915,962,2585,,107.010844306739,99.5942525174284,151.666666666667,,,5.22988505747126,37.2147001934236,1,151.666666666667,0,2025,"high_ip",-0.798070112936346,-0.615189031398113,0.854506164370022,125,126,-7.16761276051933,-5.88720603523212,0.854506164370022,131,143,TRUE,0.784769293209865,646,0.998454404945904,0,0,-0.404375526542046,29,0.966666666666667,0,0,1.02481937367979,151.666666666667,0.834862385321101,-1.61,-1.34412844036697,1.14825107911402,151.666666666667,0.834862385321101,-1.34,-1.11871559633028,-0.850865220841824,646,0.843342036553525,2,1.68668407310705,0.685761762122779,646,0.682875264270613,-1.73,-1.18137420718816,-1.4203386846004,2585,0.92818671454219,1.19,1.10454219030521,0.73766365993293,2585,0.945155393053016,-0.58,-0.54819012797075,0.7010844306739,2585,0.962756052141527,1.56,1.50189944134078,-0.0405747482571599,2585,0.896013864818024,1.64,1.46946273830156
621121,"Lance McCullers Jr.","HOU",274,55.3333333333333,13,4.93850931735352,5.12392127118277,0.08029197,0.75929978,0.28247602,474,1147,,101.796437633692,92.9781296973046,51.3333333333333,4,,4.25641025641026,41.3251961639058,0.927710843373494,51.3333333333333,4,2025,"low_ip",-1.41023572307777,-0.998523658703268,0.717696804995469,133,131,-7.17575161267895,-4.71654295120906,0.717696804995469,132,124,TRUE,-0.807020112864671,274,0.996363636363636,0,0,-1.86452103961591,13,0.928571428571429,0,0,1.9587942464774,51.3333333333333,0.631147540983606,-0.76,-0.479672131147541,2.14961043108922,51.3333333333333,0.631147540983606,-0.42,-0.265081967213115,-1.77233904048085,274,0.695431472081218,1.23,0.855380710659898,0.121617329891571,274,0.477351916376307,-2,-0.954703832752613,0.0381246808942548,1147,0.851521900519673,1.26,1.07291759465479,2.49693863185596,1147,0.884348496530455,-0.01,-0.00884348496530455,0.179643763369199,1147,0.919807538091419,1.75,1.60966319165998,-0.70218703026954,1147,0.792674498963372,1.15,0.911575673807878
665152,"Dean Kremer","BAL",708,171.666666666667,29,4.25144899839806,4.24202387924026,0.13700565,0.78745387,0.26560232,952,2756,,95.0399646067273,95.5343445963724,163.333333333333,8.33333333333333,,5.91954022988506,34.5428156748911,0.951456310679612,163.333333333333,8.33333333333333,2025,"high_ip",-1.38958156315579,-1.22519845166392,0.863642615772585,132,134,-7.20137914863735,-6.05949226822466,0.863642615772585,133,147,TRUE,1.05006752755562,708,0.998589562764457,0,0,0.630059986807289,29,0.966666666666667,0,0,0.689452850881416,163.333333333333,0.844827586206897,-1.61,-1.3601724137931,0.665447587653267,163.333333333333,0.844827586206897,-1.34,-1.13206896551724,-0.613449217469636,708,0.855072463768116,2,1.71014492753623,0.964757935386582,708,0.702380952380952,-1.73,-1.21511904761905,-0.868079653049499,2756,0.93234100135318,1.19,1.10948579161028,-0.405891666499202,2756,0.948382656572608,-0.58,-0.550061940812113,-0.49600353932727,2756,0.964985994397759,1.56,1.5053781512605,-0.446565540362759,2756,0.901832460732984,1.64,1.47900523560209
690928,"Hunter Dobbins","BOS",256,61,11,4.32221487244231,4.11061761144732,0.109375,0.79861111,0.27467811,330,932,,97.8180965297963,103.537999937039,53,8,,5.54545454545455,35.4077253218884,0.868852459016393,53,8,2025,"low_ip",-1.41123923984002,-0.68601455094694,0.700256039651216,134,128,-7.21129270840046,-4.2519531484669,0.700256039651216,134,118,TRUE,-0.884042180900536,256,0.996108949416342,0,0,0.0689570871420453,11,0.916666666666667,0,0,0.820192541184679,53,0.63855421686747,-0.76,-0.485301204819277,0.44430133885521,53,0.63855421686747,-0.42,-0.268192771084337,-1.17805513068466,256,0.680851063829787,1.23,0.837446808510638,1.2988877932244,256,0.460431654676259,-2,-0.920863309352518,-0.380663127215606,932,0.823321554770318,1.26,1.0373851590106,-0.03571397848688,932,0.861367837338262,-0.01,-0.00861367837338262,-0.218190347020369,932,0.903100775193798,1.75,1.58042635658915,0.3537999937039,932,0.756493506493506,1.15,0.869967532467532
605280,"Clay Holmes","NYM",708,165.666666666667,31,4.43270115787964,4.24611013857306,0.08898305,0.79545455,0.27078814,1030,2766,,104.437921502253,106.396705863027,161,4.66666666666667,,5.34408602150538,37.237888647867,0.971830985915493,161,4.66666666666667,2025,"high_ip",-0.704989652968643,-0.378697224875493,0.863256147406438,123,119,-7.21691021760447,-5.79122149781551,0.863256147406438,135,141,TRUE,1.05006752755562,708,0.998589562764457,0,0,-0.233081903901403,31,0.96875,0,0,1.02431554448147,161,0.842931937172775,-1.61,-1.35712041884817,0.672324435601562,161,0.842931937172775,-1.34,-1.12952879581152,-1.59474513081079,708,0.855072463768116,2,1.71014492753623,1.20435716162944,708,0.702380952380952,-1.73,-1.21511904761905,-0.589574490633893,2766,0.932569116655428,1.19,1.10975724881996,0.747588220821135,2766,0.948559670781893,-0.58,-0.550164609053498,0.4437921502253,2766,0.965108164689463,1.56,1.50556873691556,0.6396705863027,2766,0.902152641878669,1.64,1.47953033268102
579328,"Yusei Kikuchi","LAA",772,178.333333333333,33,4.34247441627956,4.27727715906563,0.12953368,0.78389262,0.25896028,1123,3097,,94.9376717188004,103.164056755885,178.333333333333,,,5.4040404040404,36.2608976428802,1,178.333333333333,0,2025,"high_ip",-1.21232870998838,-1.10545115203462,0.873767355367277,129,133,-7.28815637734186,-6.25177587441956,0.873767355367277,136,149,TRUE,1.32392376946092,772,0.998706338939198,0,0,-0.143154437312415,33,0.970588235294118,0,0,0.85762197341795,178.333333333333,0.856,-1.61,-1.37816,0.724776040718332,178.333333333333,0.856,-1.34,-1.14704,-0.766131779963289,772,0.865470852017937,2,1.73094170403587,0.858107907581774,772,0.720149253731343,-1.73,-1.24585820895522,-1.22479130693856,3097,0.939338792841978,1.19,1.11781316348195,0.32944018340426,3097,0.953803510933169,-0.58,-0.553206036341238,-0.50623282811996,3097,0.968720675633406,1.56,1.51120425398811,0.3164056755885,3097,0.911686782455107,1.64,1.49516632322638
677944,"Slade Cecconi","CLE",545,132,23,4.19104769704435,4.08945142270038,0.1412844,0.79436326,0.27263923,738,2065,,92.776198745779,94.0036179450072,132,,,5.73913043478261,35.7384987893462,1,132,0,2025,"high_ip",-1.68461837617294,-1.43947670883552,0.832974772161295,138,141,-7.31203043737041,-5.89638428621977,0.832974772161295,137,144,TRUE,0.352589911453069,545,0.998168498168498,0,0,0.359457653242717,23,0.958333333333333,0,0,0.577861670251608,132,0.814814814814815,-1.61,-1.31185185185185,0.408680334459033,132,0.814814814814815,-1.34,-1.09185185185185,-0.526017052422169,545,0.819548872180451,2,1.6390977443609,1.17167590958504,545,0.644970414201183,-1.73,-1.11579881656805,-0.49016145256163,2065,0.911699779249448,1.19,1.08492273730684,0.105855673169168,2065,0.932279909706546,-0.58,-0.540722347629797,-0.7223801254221,2065,0.953810623556582,1.56,1.48794457274827,-0.599638205499279,2065,0.873150105708245,1.64,1.43196617336152
677958,"Kumar Rocker","TEX",287,64.3333333333333,14,4.31658428962386,4.13909242116502,0.11498258,0.77264654,0.26152482,398,1128,,97.6596102745793,94.3772896368468,64.3333333333333,,,4.5952380952381,35.2836879432624,1,64.3333333333333,0,2025,"low_ip",-2.06833808231536,-1.79185264986232,0.727843518061747,141,142,-7.60083317967053,-5.48893321111527,0.727843518061747,138,135,TRUE,-0.751393063727658,287,0.996527777777778,0,0,-1.35630249299328,14,0.933333333333333,0,0,0.80979006027346,64.3333333333333,0.681978798586572,-0.76,-0.518303886925795,0.492222168356511,64.3333333333333,0.681978798586572,-0.42,-0.28643109540636,-1.06346959517151,287,0.705159705159705,1.23,0.867346437346437,0.521317526481004,287,0.488926746166951,-2,-0.977853492333901,-1.08706234040649,1128,0.849397590361446,1.26,1.07024096385542,-0.0888014543940936,1128,0.882629107981221,-0.01,-0.00882629107981221,-0.234038972542071,1128,0.9185667752443,1.75,1.60749185667752,-0.56227103631532,1128,0.789915966386555,1.15,0.908403361344538
641927,"Bailey Ober","MIN",624,146.333333333333,27,4.50558994328559,4.75114341015667,0.14262821,0.77347611,0.26740238,782,2356,,93.9180340425532,96.8650978723404,146.333333333333,,,5.41975308641975,33.1918505942275,1,146.333333333333,0,2025,"high_ip",-1.55571121807021,-1.39563285205376,0.848691062991214,136,139,-7.65785663213442,-6.39139380092238,0.848691062991214,139,152,TRUE,0.69063121005492,624,0.9984,0,0,-0.119586490150808,27,0.964285714285714,0,0,1.15897730566591,146.333333333333,0.829867674858223,-1.61,-1.33608695652174,1.52225507745582,146.333333333333,0.829867674858223,-1.34,-1.11202268431002,-0.498557579979882,624,0.838709677419355,2,1.67741935483871,0.546160956053778,624,0.675324675324675,-1.73,-1.16831168831169,-0.771407188008708,2356,0.921752738654147,1.19,1.09688575899843,-0.984099034033659,2356,0.940143655227454,-0.58,-0.545283320031923,-0.60819659574468,2356,0.95928338762215,1.56,1.49648208469055,-0.31349021276596,2356,0.887048192771084,1.64,1.45475903614458
695549,"Jackson Jobe","DET",218,49,10,5.258945076886,5.1437257112289,0.05504587,0.77142857,0.2668187,344,877,,108.67506302521,102.978319327731,49,,,4.9,39.2246294184721,1,49,0,2025,"low_ip",-1.18962697726638,-0.264821582833465,0.679397375580101,128,116,-7.8840380340973,-4.36371502317096,0.679397375580101,140,121,TRUE,-1.04664432453181,218,0.995433789954338,0,0,-0.899180513760809,10,0.909090909090909,0,0,2.55079812587796,49,0.620253164556962,-0.76,-0.471392405063291,2.18293972123122,49,0.620253164556962,-0.42,-0.260506329113924,-2.28821895447555,218,0.644970414201183,1.23,0.793313609467456,0.484842543156209,218,0.420849420849421,-2,-0.841698841698842,-0.80275380111883,877,0.814298978644382,1.26,1.02601671309192,1.59790490730473,877,0.853943524829601,-0.01,-0.00853943524829601,0.867506302520999,877,0.897645854657114,1.75,1.57088024564995,0.2978319327731,877,0.745114698385726,1.15,0.856881903143585
547179,"Michael Lorenzen","KCR",606,141.666666666667,26,4.16479224857729,4.2322865007542,0.14521452,0.7833935,0.25970664,842,2318,,92.1441024346325,93.6035655700191,140.666666666667,1,,5.44871794871795,36.3244176013805,0.992941176470588,140.666666666667,1,2025,"high_ip",-2.23564902297764,-2.07672922385198,0.845133270056859,142,146,-7.96326863759788,-6.73478791464043,0.845133270056859,141,157,TRUE,0.613609142019055,606,0.99835255354201,0,0,-0.0761411809600454,26,0.962962962962963,0,0,0.529354826413145,140.666666666667,0.82421875,-1.61,-1.3269921875,0.649060357717537,140.666666666667,0.82421875,-1.34,-1.104453125,-0.445708808075958,606,0.834710743801653,2,1.66942148760331,0.843160582379122,606,0.66887417218543,-1.73,-1.15715231788079,-1.18470794249079,2318,0.920571882446386,1.19,1.0954805401112,0.356626458250318,2318,0.939222042139384,-0.58,-0.544748784440843,-0.78558975653675,2318,0.958643507030604,1.56,1.49548387096774,-0.63964344299809,2318,0.885408708938121,1.64,1.45207028265852
641778,"Eric Lauer","TOR",426,104.666666666667,15,3.87683018352812,4.15394858389788,0.17840376,0.80440098,0.27224199,568,1686,,92.3016477487742,90.6758658316111,74,30.6666666666667,,6.97777777777778,33.6892052194543,0.707006369426752,74,30.6666666666667,2025,"low_ip",-2.87228176714442,-2.33069451283208,0.785163867886603,145,148,-8.05191737641455,-5.98653315915861,0.785163867886603,142,146,TRUE,-0.156611538339592,426,0.997658079625293,0,0,2.21734381340221,15,0.9375,0,0,-0.00265402265547921,74,0.711538461538462,-0.76,-0.540769230769231,0.51722390316784,74,0.711538461538462,-0.42,-0.298846153846154,0.232481576844867,426,0.78021978021978,1.23,0.95967032967033,1.47227910146904,426,0.586776859504132,-2,-1.17355371900826,-0.511495280330041,1686,0.893955461293743,1.26,1.12638388123012,-0.771233348088451,1686,0.918300653594771,-0.01,-0.00918300653594771,-0.76983522512258,1686,0.944008958566629,1.75,1.6520156774916,-0.93241341683889,1686,0.848942598187311,1.15,0.976283987915408
477132,"Clayton Kershaw","LAD",463,112.666666666667,22,4.46433403124471,4.17551985564124,0.10583153,0.77278402,0.27934537,657,1772,,95.7287265365146,91.9796873595603,111.666666666667,1,,5.12121212121212,37.0767494356659,0.99112426035503,111.666666666667,1,2025,"high_ip",-2.4911768700254,-2.16295604212933,0.810873865806508,144,147,-8.42485081267399,-6.75400081446753,0.810873865806508,145,158,TRUE,0.00171160151190801,463,0.997844827586207,0,0,-0.567377486221334,22,0.956521739130435,0,0,1.08275716091039,111.666666666667,0.788235294117647,-1.61,-1.26905882352941,0.553526629879205,111.666666666667,0.788235294117647,-1.34,-1.05623529411765,-1.25046255198311,463,0.794168096054888,2,1.58833619210978,0.525434689225155,463,0.606815203145478,-1.73,-1.04979030144168,-0.130007299528594,1772,0.898580121703854,1.19,1.06931034482759,0.678621316326775,1772,0.921956295525494,-0.58,-0.534734651404787,-0.42712734634854,1772,0.946581196581197,1.56,1.47666666666667,-0.80203126404397,1772,0.855212355212355,1.64,1.40254826254826
800311,"Didier Fuentes","ATL",69,13,4,5.07400836907234,5.74423381156903,0.08695652,0.7761194,0.2559727,114,293,,109.611058020478,100.822252559727,13,,,3.25,38.9078498293515,1,13,0,2025,"low_ip",-1.68602454162569,0.165686238754394,0.44384070068297,139,106,-8.50921198696383,-2.21048569469726,0.44384070068297,146,90,TRUE,-1.68421588771757,69,0.985714285714286,0,0,-3.37406747944909,4,0.8,0,0,2.20912824287554,13,0.302325581395349,-0.76,-0.229767441860465,3.19354687105396,13,0.302325581395349,-0.42,-0.126976744186046,-1.63615533365827,69,0.365079365079365,1.23,0.449047619047619,0.625320507333854,69,0.186991869918699,-2,-0.373983739837398,-1.3852396937182,293,0.594320486815416,1.26,0.748843813387424,1.46232457666876,293,0.661399548532731,-0.01,-0.00661399548532731,0.9611058020478,293,0.745547073791349,1.75,1.30470737913486,0.0822252559727005,293,0.494097807757167,1.15,0.568212478920742
607536,"Kyle Freeland","COL",709,162.666666666667,31,4.41109059943979,4.28916904415322,0.1212976,0.80896226,0.26510878,793,2482,,94.6367027677497,96.6011391897312,162.666666666667,,,5.24731182795699,31.9500402900886,1,162.666666666667,0,2025,"high_ip",-2.47668703985407,-1.96210403961695,0.860748276643087,143,144,-8.81470243712233,-7.19264036094942,0.860748276643087,147,164,TRUE,1.05434653133539,709,0.998591549295775,0,0,-0.378236564645583,31,0.96875,0,0,0.984390117771695,162.666666666667,0.844290657439446,-1.61,-1.35930795847751,0.744789133110562,162.666666666667,0.844290657439446,-1.34,-1.13134948096886,-0.934428199689644,709,0.85524728588661,2,1.71049457177322,1.60887738544954,709,0.702675916749257,-1.73,-1.21562933597621,-0.894585285304109,2482,0.925428784489187,1.19,1.10126025354213,-1.51558861671079,2482,0.943009118541033,-0.58,-0.546945288753799,-0.53632972322503,2482,0.961270333075136,1.56,1.49958171959721,-0.33988608102688,2482,0.8921639108555,1.64,1.46314881380302
673540,"Kodai Senga","NYM",482,113.333333333333,22,4.51878314054073,4.35212377705097,0.1120332,0.7424594,0.26362683,760,1908,,94.0980787401575,93.546813648294,113.333333333333,,,5.15151515151515,39.832285115304,1,113.333333333333,0,2025,"high_ip",-2.88541157959174,-2.89441851745243,0.816696272143369,146,160,-8.84649101722506,-7.63694478180462,0.816696272143369,148,168,TRUE,0.0830126733275429,482,0.997929606625259,0,0,-0.521925016695378,22,0.956521739130435,0,0,1.18335168875016,113.333333333333,0.790697674418605,-1.61,-1.27302325581395,0.850736918237209,113.333333333333,0.790697674418605,-1.34,-1.05953488372093,-1.12373735536963,482,0.800664451827243,2,1.60132890365449,-0.382707554697705,482,0.616368286445013,-1.73,-1.06631713554987,-0.97417360989729,1908,0.905123339658444,1.19,1.07709677419355,1.85797898757623,1908,0.927113702623907,-0.58,-0.537725947521866,-0.59019212598425,1908,0.950199203187251,1.56,1.48231075697211,-0.6453186351706,1908,0.864130434782609,1.64,1.41717391304348
605488,"Jeffrey Springs","ATH",713,171,30,4.59808058152103,4.63986583625853,0.11781206,0.76125095,0.27658828,1056,2849,,93.7951838605677,92.9379101042311,158.333333333333,12.6666666666667,,5.7,37.0656370656371,0.925925925925926,158.333333333333,12.6666666666667,2025,"high_ip",-2.94695571042211,-2.75222323672916,0.863813412042177,147,155,-9.10061984478222,-7.90820505462953,0.863813412042177,150,173,TRUE,1.07146254645447,713,0.99859943977591,0,0,0.300764681724419,30,0.967741935483871,0,0,1.32985341738172,158.333333333333,0.84070796460177,-1.61,-1.35353982300885,1.33498381211786,158.333333333333,0.84070796460177,-1.34,-1.12654867256637,-1.00565187682889,713,0.85594237695078,2,1.71188475390156,0.180049715922293,713,0.703849950641658,-1.73,-1.21766041461007,-0.278077189776314,2849,0.934404722859954,1.19,1.11194162020335,0.673865268732789,2849,0.949983327775925,-0.58,-0.550990330110037,-0.62048161394323,2849,0.96609020006782,1.56,1.5071007121058,-0.706208989576891,2849,0.904731660844713,1.64,1.48375992378533
693821,"Bryce Elder","ATL",679,156.333333333333,28,4.28768376723815,4.04218945987514,0.11782032,0.7968885,0.25805169,937,2515,,90.2533892215569,100.306538922156,156.333333333333,,,5.58333333333333,37.2564612326044,1,156.333333333333,0,2025,"high_ip",-3.080445129013,-2.73202099928012,0.857493228563746,149,153,-9.25162367256545,-7.83219333886977,0.857493228563746,151,171,TRUE,0.925976417942284,679,0.998529411764706,0,0,0.12577267404949,28,0.96551724137931,0,0,0.756396452163036,156.333333333333,0.838998211091234,-1.61,-1.35078711985689,0.329142227448003,156.333333333333,0.838998211091234,-1.34,-1.12425760286225,-1.00548309162683,679,0.849812265331665,2,1.69962453066333,1.24730017528215,679,0.693564862104188,-1.73,-1.19986721144025,-1.27358725541328,2515,0.92633517495396,1.19,1.10233885819521,0.755537208906052,2515,0.943714821763602,-0.58,-0.547354596622889,-0.97466107784431,2515,0.961759082217973,1.56,1.50034416826004,0.0306538922155994,2515,0.893428063943162,1.64,1.46522202486679
607067,"Colin Rea","CHC",662,159.333333333333,27,4.35633029347764,4.31121626130062,0.12537764,0.80733945,0.26498423,889,2536,,94.8758785972724,95.5209578408409,143.333333333333,16,,5.90123456790124,35.0552050473186,0.899581589958159,143.333333333333,16,2025,"high_ip",-3.04762674941293,-2.50556594918566,0.85330247507494,148,149,-9.36933579597931,-7.65853272306774,0.85330247507494,152,169,TRUE,0.85323335368619,662,0.998491704374057,0,0,0.602602747872709,27,0.964285714285714,0,0,0.883220655243378,143.333333333333,0.826923076923077,-1.61,-1.33134615384615,0.781892837906945,143.333333333333,0.826923076923077,-1.34,-1.10807692307692,-0.851056483492094,662,0.846547314578005,2,1.69309462915601,1.56027851381122,662,0.688149688149688,-1.73,-1.19049896049896,-0.901274259849863,2536,0.926900584795322,1.19,1.10301169590643,-0.186591172042026,2536,0.94415487714073,-0.58,-0.547609828741623,-0.51241214027276,2536,0.96206373292868,1.56,1.50081942336874,-0.447904215915911,2536,0.894217207334274,1.64,1.46651622002821
676083,"Janson Junk","MIA",447,110,16,4.14596979931183,4.06287571980898,0.14317673,0.83490566,0.24660912,511,1622,,94.4931450838327,107.198450962335,87.3333333333333,22.6666666666667,,6.875,31.5043156596794,0.793939393939394,87.3333333333333,22.6666666666667,2025,"blended_ip",-3.09081366214517,-2.07271772678131,0.792871366582787,150,145,-9.60644951217689,-6.83132908347229,0.792871366582787,153,159,TRUE,-0.0667524589644161,447,0.997767857142857,0,0,2.06318418759335,16,0.941176470588235,0,0,0.494580421080762,87.3333333333333,0.744318181818182,-1.07166666666667,-0.797660984848485,0.363955550000004,87.3333333333333,0.744318181818182,-0.757333333333333,-0.56369696969697,-0.487349098256987,447,0.788359788359788,1.51233333333333,1.19226278659612,2.38581366662926,447,0.598393574297189,-1.901,-1.13754618473896,-1.88811202031101,1622,0.890230515916575,1.23433333333333,1.09884120014636,-1.70635688221443,1622,0.915349887133183,-0.219,-0.200461625282167,-0.55068549161673,1622,0.941927990708479,1.68033333333333,1.58275300038715,0.7198450962335,1622,0.843912591050989,1.32966666666667,1.1221224419008
