"projection_system","projection_type","season","playerid","name","team","ab","pa","h","x2b","x3b","bb","hbp","r","hr","rbi","sb","cs","avg"
"batx","thebatx",2026,2396,"Carlos Santana","ARI",308.77,345.376,67.8394,14.3205,0.175557,31.2703,1.70099,36.4819,10.3232,40.1451,2.8099,1.06014,0.219709
"batx","thebatx",2026,2967,"Tommy Pham",,201.084,224.808,48.4346,9.57887,0.455229,20.2891,1.62275,26.3642,6.2274,24.3963,3.59101,1.24349,0.240868
"batx","thebatx",2026,4949,"Giancarlo Stanton","NYY",350.319,391.943,76.2218,11.5201,0,36.8045,2.06099,47.8631,23.7573,58.768,0.0394931,0.020705,0.217578
"batx","thebatx",2026,5235,"Justin Turner",,113.24,124.409,27.0146,5.39607,0.14773,8.06597,1.8037,12.344,2.68597,13.2259,0.514703,0.234728,0.238561
"batx","thebatx",2026,5273,"Sandy León","ATL",8.04255,9.065,1.40473,0.238468,0.00369074,0.694264,0.0871932,0.747427,0.199691,0.786762,0.0226759,0.0112788,0.174662
"batx","thebatx",2026,5361,"Freddie Freeman","LAD",542.017,617.901,146.392,31.3214,0.85065,63.2393,6.86759,82.9995,22.1085,81.7519,7.89419,2.88287,0.270088
"batx","thebatx",2026,5417,"Jose Altuve","HOU",540.595,600.038,137.156,24.587,0.77085,49.6934,5.12034,74.4873,20.4778,69.5806,11.4498,3.90192,0.253713
"batx","thebatx",2026,5517,"Kyle Higashioka","TEX",249.913,272.493,53.3837,10.8696,0.0696878,17.2245,1.443,26.9742,9.29163,31.431,1.78245,0.783459,0.213609
"batx","thebatx",2026,5827,"Wilmer Flores",,61.8221,68.662,13.628,2.30611,0.0548431,5.27742,0.860731,6.70923,1.98443,7.52398,0.0967835,0.0422801,0.220439
"batx","thebatx",2026,7304,"Salvador Perez","KCR",525.264,576.695,131.516,25.4201,0,30.0906,9.32409,64.9958,28.6173,92.4416,0.403963,0.207718,0.250381
"batx","thebatx",2026,7739,"Travis d'Arnaud","LAA",199.053,221.092,44.5091,8.64755,0.284715,14.2547,2.9438,22.4443,7.57604,25.6459,0.678069,0.267514,0.223604
"batx","thebatx",2026,7802,"Miguel Rojas","LAD",160.233,178.053,39.1595,7.01936,0.389299,11.0306,1.41877,19.9359,2.82873,16.9787,2.50168,1.07974,0.244391
"batx","thebatx",2026,8623,"Donovan Solano",,18.7406,20.469,4.57536,0.824465,0.0294139,1.20887,0.359631,2.01766,0.380377,2.06903,0.0313805,0.0142683,0.244142
"batx","thebatx",2026,9218,"Paul Goldschmidt","NYY",311.502,341.042,75.7526,14.827,0.24605,24.7954,1.76236,38.5438,11.7566,39.7195,3.81011,1.48998,0.243185
"batx","thebatx",2026,9241,"Starling Marte","KCR",233.381,257.116,60.4816,10.7872,0.715699,15.8717,4.55466,30.9396,5.70963,26.1234,7.70574,2.57265,0.259153
"batx","thebatx",2026,9774,"Christian Vázquez","HOU",104.882,115.885,23.3754,3.96377,0.00306641,7.12663,0.786553,11.0323,2.32124,10.7779,1.17944,0.619335,0.222873
"batx","thebatx",2026,9777,"Nolan Arenado","ARI",512.929,559.192,129.348,24.1811,0.893649,36.1198,3.99046,59.0665,16.0655,70.0299,2.45243,1.12087,0.252175
"batx","thebatx",2026,9847,"Andrew McCutchen","TEX",178.52,204.701,40.1122,8.26714,0.224848,22.9614,1.58319,22.8599,6.39527,22.6215,1.0394,0.368724,0.224694
"batx","thebatx",2026,9874,"DJ LeMahieu",,93.7944,104.529,22.132,3.40532,0.22689,9.45355,0.426538,10.6714,1.76642,9.56256,0.329972,0.153554,0.235963
"batx","thebatx",2026,10155,"Mike Trout","LAA",424.383,502.22,100.868,19.1531,1.03084,67.6283,6.64683,64.3204,24.6602,68.6351,3.36821,1.03867,0.237682
"batx","thebatx",2026,10231,"Jose Iglesias",,119.811,131.296,31.0219,5.11748,0.652458,6.21125,1.89085,13.5838,1.26413,11.6191,1.57073,0.510777,0.258923
"batx","thebatx",2026,10243,"Randal Grichuk","NYY",147.464,160.177,35.2157,7.01896,0.23326,9.80913,1.52483,18.17,7.04906,20.7622,0.421065,0.148198,0.238809
"batx","thebatx",2026,10324,"Marcell Ozuna","PIT",451.696,520.422,108.034,20.5379,0,61.1676,3.16899,60.1676,19.4963,67.0111,0.289688,0.128993,0.239174
"batx","thebatx",2026,10472,"Enrique Hernández","LAD",172.119,188.767,39.5653,8.26355,0.260563,13.1601,1.25223,21.484,6.49553,23.016,0.484194,0.190943,0.229871
"batx","thebatx",2026,10681,"Gio Urshela",,95.1048,102.579,23.1434,4.27864,0.0248631,5.96711,0.471649,9.47736,1.4674,9.883,0.329741,0.15964,0.243346
"batx","thebatx",2026,11442,"Gary Sánchez","MIL",154.72,173.81,32.8102,5.75561,0,13.7741,3.0215,17.6004,7.59426,25.0993,0.126559,0.0592956,0.212062
"batx","thebatx",2026,11445,"Mark Canha","TEX",86.6891,99.196,19.719,3.78034,0.3121,8.79561,2.8611,10.7668,1.879,8.89252,1.06828,0.337507,0.227468
"batx","thebatx",2026,11477,"Christian Yelich","MIL",502.992,575.253,128.319,22.5062,2.6447,64.2941,4.08569,72.3591,17.7764,68.7604,15.9021,4.09143,0.255111
"batx","thebatx",2026,11493,"Manny Machado","SDP",568.489,628.868,148.408,27.3136,0.0382983,51.5287,2.2988,79.2479,27.9202,86.2496,8.18396,3.59897,0.261057
"batx","thebatx",2026,11579,"Bryce Harper","PHI",521.952,606.564,142.3,28.3049,2.25012,74.7176,4.72701,84.5178,25.8032,85.5545,10.3092,3.8317,0.272631
"batx","thebatx",2026,11609,"Willson Contreras","BOS",486.858,563.119,123.24,22.5611,1.32471,51.6107,16.4219,72.014,22.7218,74.3419,5.10881,1.76315,0.253133
"batx","thebatx",2026,11680,"Elias Díaz","KCR",74.5158,82.078,16.0437,2.91905,0,5.45697,0.541047,7.76169,2.39007,9.35217,0.15433,0.0737653,0.215306
"batx","thebatx",2026,11737,"Nick Castellanos","SDP",310.224,336.273,78.4624,14.7085,1.68014,19.8924,2.84184,38.2164,10.0557,39.3395,2.59631,0.886311,0.252922
"batx","thebatx",2026,11739,"J.T. Realmuto","PHI",425.21,474.105,109.717,22.4035,1.67513,31.3307,6.95811,58.1631,14.8411,58.1809,8.49433,2.58671,0.25803
"batx","thebatx",2026,11850,"Tyler Austin","CHC",126.004,141.989,30.1305,6.27175,0.189289,13.7744,1.05368,17.3625,6.15043,19.4556,0.370427,0.0679207,0.239123
"batx","thebatx",2026,11899,"Joc Pederson","TEX",341.845,397.432,77.891,14.517,0.424452,44.1617,7.24428,48.3685,17.2234,50.7784,2.78309,1.06083,0.227855
"batx","thebatx",2026,12037,"Jon Berti",,122.996,134.955,29.6382,4.90901,0.693799,9.18787,1.15018,15.4752,1.10506,9.40275,6.49974,1.6804,0.24097
"batx","thebatx",2026,12144,"Max Kepler",,125.934,141.11,29.6389,6.24543,0.371287,12.5629,1.31684,15.8662,5.11623,17.7647,0.454656,0.137001,0.235352
"batx","thebatx",2026,12158,"Austin Barnes",,40.9028,45.694,8.65054,1.45435,0.0447856,3.29253,0.406007,4.11782,0.545634,3.53828,0.535684,0.220158,0.21149
"batx","thebatx",2026,12160,"Ben Gamel","ATL",38.0254,43.14,8.34426,1.69692,0.0902519,4.40507,0.302117,4.51013,0.927812,4.08,0.289345,0.0990886,0.219439
"batx","thebatx",2026,12161,"Xander Bogaerts","SDP",505.994,568.505,134.067,24.9913,1.77062,44.8541,4.90439,72.2292,14.9445,61.7325,16.0595,5.42678,0.264959
"batx","thebatx",2026,12180,"Jorge Alfaro","KCR",25.5991,27.333,5.60717,1.07458,0.04742,1.04736,0.40817,2.64386,0.63951,2.84425,0.324107,0.0993029,0.219037
"batx","thebatx",2026,12533,"Marcus Semien","NYM",513.713,577.17,125.779,22.7394,4.01522,49.4897,3.37571,70.0591,18.9014,65.9146,8.36728,2.4447,0.244843
"batx","thebatx",2026,12552,"Eugenio Suárez","CIN",530.721,596.995,122.418,23.1948,0.423954,50.2802,9.73821,72.9084,33.5777,91.9811,2.32922,0.919504,0.230664
"batx","thebatx",2026,12564,"Trevor Story","BOS",521.483,575.096,129.856,23.5907,2.9553,35.7547,6.25754,74.1749,21.3711,69.9686,21.9211,5.84974,0.249013
"batx","thebatx",2026,12856,"George Springer","TOR",498.694,568.284,131.136,23.0325,1.66565,56.686,6.0827,81.6787,26.5268,76.3972,12.1695,3.47905,0.26296
"batx","thebatx",2026,12859,"James McCann","ARI",178.984,197.274,42.6358,7.62215,0.421892,10.8036,2.14636,20.1676,4.82044,22.2914,1.12023,0.50531,0.23821
"batx","thebatx",2026,12916,"Francisco Lindor","NYM",552.772,627.632,141.629,27.3809,1.6148,54.4149,9.59011,86.2601,25.2249,77.6953,21.8292,6.80483,0.256215
"batx","thebatx",2026,12927,"Brandon Nimmo","TEX",540.204,614.136,135.689,25.2186,2.93421,59.8889,8.65164,78.4339,21.4973,71.2805,7.58517,2.13054,0.251182
"batx","thebatx",2026,12976,"Austin Hedges","CLE",124.504,141.865,23.2124,3.83774,0.0185938,10.2923,1.54168,12.5151,3.52862,11.1851,1.75522,0.77306,0.186438
"batx","thebatx",2026,12979,"Javier Báez","DET",318.23,341.852,73.5201,15.02,0.436062,13.323,4.42752,34.8413,8.78696,36.7177,4.96511,1.70526,0.231028
"batx","thebatx",2026,13066,"Teoscar Hernández","LAD",507.831,553.783,133.716,25.5834,1.44203,36.0169,5.37571,77.3075,26.3167,80.2747,6.14762,1.98023,0.263308
"batx","thebatx",2026,13145,"Josh Bell","MIN",476.868,539.829,117.818,20.4922,0.210492,53.9571,4.02072,63.953,20.6086,66.9575,1.54084,0.615525,0.247067
"batx","thebatx",2026,13152,"Jorge Polanco","NYM",450.835,507.172,108.955,21.6501,0.772421,45.9549,3.64038,60.5919,19.6732,63.2443,5.52907,1.86326,0.241673
"batx","thebatx",2026,13185,"Orlando Arcia","MIN",114.907,125.2,24.6285,4.91794,0,7.96539,0.625455,11.2002,2.7703,12.3659,0.222758,0.0982544,0.214335
"batx","thebatx",2026,13301,"Max Muncy","LAD",371.476,443.801,82.1487,16.5874,1.2015,62.9387,5.30511,60.5425,20.5623,60.4713,2.33628,0.767836,0.221141
"batx","thebatx",2026,13324,"Ildemaro Vargas","ARI",84.9001,91.823,20.2052,3.98405,0.367633,4.60155,0.608218,8.80237,0.896041,7.9892,1.01834,0.353204,0.237988
"batx","thebatx",2026,13355,"Luke Maile","KCR",87.2201,99.055,18.2268,3.5147,0.0587113,8.54078,1.3787,9.46167,1.77069,8.84546,0.916542,0.363977,0.208975
"batx","thebatx",2026,13419,"Christian Walker","HOU",507.201,566.112,116.287,21.4886,0.148648,46.4085,7.3409,67.6155,26.906,76.6872,3.72811,1.36549,0.229273
"batx","thebatx",2026,13499,"Tom Murphy",,55.4844,61.999,12.5046,2.43434,0.0718858,5.12382,0.502302,6.92614,2.29707,7.66951,0.345088,0.145339,0.225372
"batx","thebatx",2026,13510,"José Ramírez","CLE",575.51,648.819,155.507,30.938,4.12193,62.1472,4.49984,91.6591,26.3471,84.2034,34.1634,9.39131,0.270208
"batx","thebatx",2026,13590,"Jesse Winker",,186.026,216.091,42.8622,7.88659,0.449115,25.5887,2.43396,25.1332,6.02477,22.0136,3.23459,1.0866,0.23041
"batx","thebatx",2026,13602,"Patrick Wisdom","SEA",6.11999,6.846,1.12506,0.215459,0.0182365,0.599246,0.0749015,0.77073,0.334791,0.933078,0.0723903,0.0223402,0.183834
"batx","thebatx",2026,13611,"Mookie Betts","LAD",545.319,621.516,145.316,31.2769,1.56972,63.0827,5.78183,83.1583,20.0201,76.9315,8.29746,3.24466,0.266479
"batx","thebatx",2026,13613,"Ketel Marte","ARI",533.288,611.663,147.114,30.7844,1.81183,66.8552,6.25351,85.6551,28.9896,94.6523,4.76013,1.81841,0.275862
"batx","thebatx",2026,13620,"Carson Kelly","CHC",321.536,363.811,75.5144,13.045,0.382192,33.6849,4.03995,40.5934,12.5588,44.3228,1.164,0.445123,0.234855
"batx","thebatx",2026,13621,"Jeimer Candelario","LAA",121.877,134.501,25.2538,5.33575,0.508917,9.92519,1.60833,12.9836,3.50216,13.174,1.02109,0.308892,0.207207
"batx","thebatx",2026,13624,"Corey Seager","TEX",453.818,526.391,125.024,23.4946,0.683625,59.5715,4.62726,70.9381,27.9008,83.2588,1.75645,0.694079,0.275494
"batx","thebatx",2026,13675,"Tyrone Taylor","NYM",259.072,281.207,58.9108,12.0657,2.29212,14.2856,4.74341,31.9544,6.45528,26.1909,7.59897,2.01038,0.227391
"batx","thebatx",2026,13723,"Jacob Stallings","BAL",88.3654,99.573,17.51,3.19013,0,7.90377,1.23176,8.64713,1.66728,8.36033,0.17181,0.103029,0.198155
"batx","thebatx",2026,13755,"Tomás Nido","DET",19.2795,21.024,4.22843,0.75293,0.00564364,0.941018,0.142552,1.80432,0.411399,1.77657,0.0829858,0.0397463,0.219323
"batx","thebatx",2026,13757,"Chris Taylor",,150.184,168.743,32.3632,6.4088,0.698816,14.202,2.35101,18.8344,4.18192,16.0909,3.79113,1.17059,0.215491
"batx","thebatx",2026,13770,"Rob Refsnyder","SEA",202.936,232.556,48.5232,8.73361,0.770705,23.5561,3.18168,27.6114,7.3477,26.1015,2.73447,0.934196,0.239106
"batx","thebatx",2026,13897,"Tyler Heineman","TOR",129.209,145.372,27.0184,4.1085,0.355418,10.3418,2.38147,14.1087,2.63816,11.1993,1.84623,0.572319,0.209105
"batx","thebatx",2026,14111,"Eric Haase","SFG",21.9499,23.927,4.65911,0.829702,0.0427193,1.53612,0.167595,2.29551,0.590567,2.30206,0.156613,0.0467974,0.212261
"batx","thebatx",2026,14161,"Byron Buxton","MIN",470.539,524.543,117.419,27.8564,2.08225,41.5959,8.51869,75.1053,26.9874,74.1343,14.4998,3.32199,0.249542
"batx","thebatx",2026,14162,"Carlos Correa","HOU",485.483,545.71,126.117,22.1998,0.519356,48.7391,3.28726,62.1003,14.753,61.11,0.462389,0.16875,0.259778
"batx","thebatx",2026,14221,"Jorge Soler","LAA",414.668,474.883,93.7471,18.9344,0,49.7259,4.96524,55.3779,22.3694,63.0612,0.711056,0.252575,0.226077
"batx","thebatx",2026,14344,"Matt Olson","ATL",573.081,665.132,135.977,26.6067,0.443577,80.8383,5.67055,80.6157,26.6467,85.5647,1.08323,0.43559,0.237274
"batx","thebatx",2026,14366,"Joey Meneses","ATH",37.3671,40.423,9.3243,1.88645,0.000667872,2.35816,0.316994,4.19366,1.04015,4.50942,0.0863049,0.0351522,0.249532
"batx","thebatx",2026,14551,"Anthony Santander","TOR",103.634,116.486,23.1005,4.3484,0.145968,10.5866,1.28187,13.7475,5.47681,15.591,0.304376,0.100566,0.222904
"batx","thebatx",2026,14712,"Manuel Margot",,38.3171,41.689,9.61791,1.71966,0.116805,2.5282,0.416149,4.64483,0.987652,4.44885,0.606299,0.195019,0.251008
"batx","thebatx",2026,14813,"Kyle Farmer","ATL",92.4356,101.683,21.908,4.0357,0.329649,6.03191,1.99508,10.9799,2.55609,10.8038,0.856549,0.387296,0.237008
"batx","thebatx",2026,14854,"Mike Yastrzemski","ATL",402.681,462.264,91.8828,20.4353,1.07316,49.9803,4.25937,54.8671,16.444,54.5603,4.2708,1.43391,0.228178
"batx","thebatx",2026,14968,"Victor Caratini","MIN",314.642,352.286,78.0193,13.58,0,27.0242,6.30437,38.0616,10.2772,39.9499,0.802888,0.373327,0.247962
"batx","thebatx",2026,15055,"Dom Nuñez","CLE",12.9408,14.669,2.20128,0.480151,0.0310391,1.40153,0.12153,1.23966,0.331978,1.24977,0.0532508,0.00833287,0.170104
"batx","thebatx",2026,15112,"Ryan McMahon","NYY",414.625,474.609,88.2817,16.4342,0.953849,53.869,2.69703,53.5221,16.5754,52.1257,3.53492,1.19727,0.212919
"batx","thebatx",2026,15149,"Trey Mancini","LAA",8.59604,9.51,1.95903,0.34447,0.00278968,0.720925,0.119682,0.931454,0.282342,1.02939,0.0309968,0.0128033,0.227899
"batx","thebatx",2026,15161,"Mitch Garver","SEA",97.8516,112.336,19.6611,3.62566,0.0831353,12.0431,1.2505,11.7783,4.1227,13.3505,0.474329,0.181093,0.200927
"batx","thebatx",2026,15172,"Tim Anderson",,47.8907,51.363,11.7611,1.92346,0.0885199,2.15342,0.405329,4.99579,0.409505,4.20137,1.05151,0.366548,0.245582
"batx","thebatx",2026,15194,"Jake Bauers","MIL",265.316,304.176,54.6736,10.5671,0.942442,34.3357,2.54091,34.8249,11.0583,36.9835,7.1188,2.1844,0.20607
"batx","thebatx",2026,15223,"Adam Frazier","LAA",272.184,299.377,60.4245,10.7385,1.66164,19.2154,3.36883,27.8438,3.44702,22.4094,4.84663,1.63609,0.221999
"batx","thebatx",2026,15271,"Austin Wynns","ATH",139.588,152.807,30.8334,5.40013,0.000820894,9.29225,1.3739,14.7514,4.18101,15.3082,0.546418,0.239589,0.220889
"batx","thebatx",2026,15274,"Mike Tauchman","NYM",125.431,144.521,28.3233,5.44428,0.064734,16.5216,1.46533,15.8231,3.59656,14.4232,0.916497,0.407819,0.225807
"batx","thebatx",2026,15362,"Jeff McNeil","ATH",473.88,531.659,119.795,25.0914,2.11129,42.4822,8.24514,59.6635,12.2758,54.852,2.72709,0.94224,0.252795
"batx","thebatx",2026,15429,"Kris Bryant","COL",66.9498,75.252,16.449,3.32506,0.123682,6.40203,1.21737,8.10336,1.98592,8.70442,0.11575,0.0488437,0.245692
"batx","thebatx",2026,15491,"J.P. Crawford","SEA",500.254,577.654,120.27,22.8251,1.02425,63.2835,5.09233,61.5374,9.93346,52.9326,4.29322,1.36347,0.240418
"batx","thebatx",2026,15518,"Amed Rosario","NYY",237.068,253.038,61.8449,11.1688,0.956571,11.2043,1.81647,28.1609,4.61272,24.0694,5.7112,1.69207,0.260874
"batx","thebatx",2026,15640,"Aaron Judge","NYY",518.342,637.642,148.723,26.0782,0.425088,108.312,5.98003,105.705,49.4923,119.526,7.83279,2.90398,0.286921
"batx","thebatx",2026,15653,"Dominic Smith","ATL",206.715,229.89,49.171,9.78683,0.162599,17.8028,3.04356,23.6769,5.4045,24.7014,0.97535,0.410279,0.237868
"batx","thebatx",2026,15674,"Reese McGuire","CHW",94.8283,103.716,20.9987,3.73038,0.220239,6.2623,0.846549,10.2314,2.85699,10.911,0.700379,0.245073,0.221439
"batx","thebatx",2026,15679,"Rowdy Tellez","ATL",109.258,120.631,23.3582,3.95192,0,9.32777,1.06174,12.3353,4.79755,15.2546,0.169866,0.0800583,0.213789
"batx","thebatx",2026,15711,"Tyler O'Neill","BAL",336.097,382.935,78.8689,14.2833,0.982495,38.7534,5.05171,51.0117,19.7905,52.8108,4.06196,1.29029,0.234661
"batx","thebatx",2026,15730,"Tyler Wade","TEX",54.8801,61.493,11.3986,1.8136,0.320957,4.79066,0.487828,6.30509,0.215456,2.79831,2.83796,0.620901,0.207701
"batx","thebatx",2026,15878,"Miguel Andujar","SDP",317.492,339.297,80.701,12.8639,1.42998,16.9266,1.80864,35.523,7.62666,35.7801,2.18816,0.856242,0.254183
"batx","thebatx",2026,15905,"Luis Torrens","NYM",203.493,221.725,48.1762,8.36693,0.846567,14.144,1.88693,22.7917,5.00309,22.4629,1.02993,0.418176,0.236746
"batx","thebatx",2026,15986,"Willy Adames","SFG",568.475,648.568,132.983,27.7324,1.27042,68.1535,3.69852,81.446,26.1976,81.0823,11.2375,3.55148,0.23393
"batx","thebatx",2026,15998,"Cody Bellinger","NYY",531.641,591.79,131.491,24.5347,3.51097,50.1065,3.23229,71.639,20.7589,68.191,11.3352,2.84813,0.24733
"batx","thebatx",2026,16153,"Austin Slater",,123.769,140.126,29.3267,5.06112,0.537864,13.4318,1.80052,16.22,3.32894,13.5926,1.69145,0.521282,0.236948
"batx","thebatx",2026,16252,"Trea Turner","PHI",571.707,627.251,161.972,29.2129,4.75838,39.588,5.29522,85.6756,17.3235,74.0598,25.4057,5.57189,0.283312
"batx","thebatx",2026,16376,"Michael Conforto","CHC",144.422,165.54,31.3785,6.05631,0.305222,17.3147,2.55335,17.8046,4.84649,18.4093,0.262138,0.0919475,0.217269
"batx","thebatx",2026,16417,"Sergio Alcántara","WSN",10.2273,11.359,2.09117,0.407072,0.0364565,0.952806,0.0528498,0.909137,0.115108,0.89031,0.0701508,0.0243736,0.204469
"batx","thebatx",2026,16426,"Thairo Estrada",,118.075,126.876,28.8855,5.05799,0.550647,5.62429,2.02902,13.8042,2.50658,12.388,2.76806,0.879828,0.244636
"batx","thebatx",2026,16442,"Ryan O'Hearn","PIT",452.973,511.044,118.61,22.7129,1.97375,47.8619,4.91449,59.3356,12.923,58.178,3.83577,1.09236,0.261847
"batx","thebatx",2026,16472,"Rhys Hoskins","CLE",344.633,397.466,74.3445,14.9701,0.0465902,44.3191,4.9567,44.2536,15.3197,48.5785,2.4234,1.12539,0.215721
"batx","thebatx",2026,16478,"Kyle Schwarber","PHI",548.334,657.095,126.294,21.7073,0.666155,97.9143,7.09761,94.464,40.5768,106.83,5.768,2.22936,0.230323
"batx","thebatx",2026,16505,"Matt Chapman","SFG",533.812,614.074,127.507,28.0393,1.46984,68.4694,6.47742,80.0486,24.4469,75.2555,8.94558,2.58658,0.238862
"batx","thebatx",2026,16512,"Isiah Kiner-Falefa","BOS",198.715,214.071,50.1932,7.66472,0.753679,9.51062,2.55601,22.0821,1.95185,17.415,6.3296,2.04632,0.252589
"batx","thebatx",2026,16530,"Mauricio Dubón","ATL",380.138,407.404,95.4655,15.2789,2.92872,19.5048,2.19717,41.6053,5.85332,37.9342,3.16946,1.12564,0.251134
"batx","thebatx",2026,16535,"Danny Jansen","TEX",289.974,333.51,59.0619,11.6179,0.589271,35.2982,5.00909,35.4659,11.6651,37.152,0.369149,0.142779,0.20368
"batx","thebatx",2026,16556,"Ozzie Albies","ATL",534.015,587.901,130.728,27.3416,1.66507,42.5028,4.8028,67.1151,17.7314,67.8741,9.0774,3.00848,0.244802
"batx","thebatx",2026,16572,"Connor Joe","SEA",24.5224,27.776,5.08461,0.960451,0.125416,2.70818,0.35492,2.93064,0.596173,2.5024,0.380957,0.138203,0.207346
"batx","thebatx",2026,16578,"Yandy Díaz","TBR",549.859,615.681,157.151,24.7778,0.481389,56.0583,5.4195,77.1013,23.1955,84.5934,2.12505,0.904473,0.285802
"batx","thebatx",2026,16622,"Luis Urías","ARI",68.2575,77.187,15.6709,2.86875,0.144115,6.62055,1.5499,8.04931,1.69269,8.08063,0.423553,0.193029,0.229585
"batx","thebatx",2026,16725,"Jose Trevino","CIN",233.461,253.407,54.0601,8.97509,0.0203248,14.2351,1.63298,22.7776,6.17557,26.7609,0.314384,0.19517,0.231559
"batx","thebatx",2026,16930,"Jonah Heim","ATL",131.017,143.438,28.6769,5.62935,0.00824761,10.1946,0.73091,13.7805,3.82511,15.5577,0.562889,0.243646,0.218879
"batx","thebatx",2026,16939,"Lane Thomas","KCR",350.645,389.434,81.7913,17.2713,1.67362,31.2606,4.35209,50.5609,12.313,42.0035,16.8428,4.4103,0.23326
"batx","thebatx",2026,16947,"Derek Hill","CHW",129.617,140.682,30.6157,5.38995,0.735142,7.69924,1.30584,16.3733,3.75413,12.8543,4.4861,0.984046,0.236201
"batx","thebatx",2026,16953,"Chadwick Tromp","ATL",42.261,45.474,8.5381,1.63296,0,2.5856,0.264903,3.6824,0.768366,4.1144,0.0265388,0.0141803,0.202033
"batx","thebatx",2026,16997,"Gleyber Torres","DET",550.717,631.352,140.764,26.6005,0.508292,69.6776,3.96577,75.0785,16.9088,68.4969,7.1111,3.21199,0.255602
"batx","thebatx",2026,17022,"Edmundo Sosa","PHI",225.686,244.95,55.9462,10.0821,1.43639,10.3094,5.3757,28.3516,7.59045,28.3417,3.38477,0.955246,0.247894
"batx","thebatx",2026,17027,"Alex Verdugo","SDP",117.773,129.99,29.2092,6.23386,0.130019,10.0798,0.84503,13.6636,2.5812,13.427,0.623991,0.232738,0.248013
"batx","thebatx",2026,17040,"Jose Herrera","TEX",16.5167,19.057,3.19528,0.529077,0.0305966,1.73272,0.132238,1.60878,0.206852,1.08027,0.100533,0.0360492,0.193458
"batx","thebatx",2026,17128,"Ramón Laureano","SDP",460.169,510.558,112.203,20.4999,3.17243,36.6341,9.6667,66.1068,19.0979,62.1518,8.30927,3.05691,0.243831
"batx","thebatx",2026,17161,"Chad Wallach","ATH",11.192,12.21,2.14833,0.390094,0.00858969,0.758866,0.122345,1.06467,0.290946,1.13188,0.0293464,0.0132467,0.191952
"batx","thebatx",2026,17232,"Yoán Moncada","LAA",335.002,378.143,78.2805,16.3927,0.67164,35.8113,4.24086,40.8065,12.1462,42.626,0.907183,0.30257,0.233672
"batx","thebatx",2026,17273,"Jorge Mateo","ATL",158.59,171.751,35.456,7.41005,1.33908,8.73459,1.2811,23.2185,3.4772,12.75,13.5577,3.00256,0.22357
"batx","thebatx",2026,17276,"Alex Jackson","MIN",38.36,42.099,7.49786,1.67725,0.0410603,2.73493,0.647442,4.00295,1.3487,4.60945,0.140019,0.0471171,0.19546
"batx","thebatx",2026,17338,"Willi Castro","COL",469.127,526.558,120.586,23.1799,3.75782,40.6305,11.2314,65.755,11.5377,53.3572,15.6977,4.7504,0.257044
"batx","thebatx",2026,17350,"Rafael Devers","SFG",557.182,650.588,137.671,26.023,0.773746,82.6757,6.28883,82.4173,29.3651,89.933,2.13151,0.878418,0.247085
"batx","thebatx",2026,17452,"Jose Siri","LAA",33.2131,36.483,7.00214,1.26106,0.160286,2.534,0.385307,4.51171,1.5225,4.08683,1.3273,0.289795,0.210825
"batx","thebatx",2026,17484,"Eloy Jiménez","TOR",25.1385,27.442,6.138,1.00929,0,1.87746,0.190062,3.004,0.911527,3.27582,0.0599912,0.0234661,0.244167
"batx","thebatx",2026,17548,"Taylor Ward","BAL",552.051,630.484,135.759,26.2508,1.46735,65.9449,6.6209,81.5467,27.509,81.7971,4.71963,1.68687,0.245917
"batx","thebatx",2026,17620,"Myles Straw","TOR",142.665,158.447,33.9786,5.65182,0.858429,11.5321,0.610012,17.8721,1.70869,11.2176,6.31059,1.30576,0.238171
"batx","thebatx",2026,17678,"Alex Bregman","CHC",563.663,641.481,142.085,27.7721,0.85569,63.6079,7.86412,76.4697,22.6265,80.7955,2.28109,0.909738,0.252075
"batx","thebatx",2026,17684,"Vimael Machín","COL",14.7713,16.188,3.62143,0.727395,0.026815,1.17239,0.0855685,1.62,0.306406,1.7219,0.139655,0.0589805,0.245167
"batx","thebatx",2026,17696,"Kevin Newman","KCR",23.9661,25.924,5.51449,1.0513,0.0759419,1.22697,0.140149,2.30807,0.179497,2.03807,0.376032,0.132837,0.230095
"batx","thebatx",2026,17901,"Andrew Benintendi","CHW",434.902,485.357,107.314,19.3685,1.48966,42.0616,2.47076,54.3444,17.2012,57.5995,3.13491,1.0859,0.246755
"batx","thebatx",2026,17907,"Brendan Rodgers","BOS",86.5376,94.373,19.7666,3.50659,0.123428,6.18871,0.876972,8.99221,2.08773,9.85042,0.216437,0.0878678,0.228416
"batx","thebatx",2026,17919,"Ian Happ","CHC",539.12,625.541,128.878,28.3535,1.77175,76.7599,5.17468,79.5538,21.141,74.0071,8.24456,2.52441,0.239052
"batx","thebatx",2026,17929,"Cedric Mullins","TBR",399.642,450.88,92.2024,17.1222,2.69089,41.2569,4.02915,59.5707,17.1131,50.2757,20.8083,4.67782,0.230713
"batx","thebatx",2026,17975,"Scott Kingery","CHC",6.56841,7.132,1.24203,0.233367,0.0227389,0.391351,0.0389995,0.661665,0.148818,0.57743,0.168783,0.0249927,0.189091
"batx","thebatx",2026,17982,"Ty France","SDP",163.093,181.094,40.9136,6.61755,0.251128,10.5132,5.84353,19.3553,4.37417,19.4396,0.32617,0.17146,0.25086
"batx","thebatx",2026,17988,"Tyler Stephenson","CIN",377.128,425.522,89.199,16.7951,0.54033,40.0592,4.94958,47.2236,14.7808,51.0679,0.956143,0.383925,0.236522
"batx","thebatx",2026,18015,"Paul DeJong","NYY",60.9925,66.824,12.5114,2.3151,0.0577442,3.88421,0.870452,6.88027,2.6185,7.79283,0.636035,0.239649,0.20513
"batx","thebatx",2026,18030,"Harrison Bader","SFG",441,482.422,105.5,18.7409,2.61456,30.1692,7.11757,59.3187,13.2146,48.38,15.8757,4.50233,0.239229
"batx","thebatx",2026,18036,"Jake Cronenworth","SDP",501.017,579.283,118.849,24.5264,1.56942,60.9363,9.86325,67.3563,15.7038,60.7115,4.71877,1.37705,0.237216
"batx","thebatx",2026,18042,"Dylan Moore","PHI",151.828,172.085,31.7114,6.34277,0.608409,15.362,3.35179,22.5422,5.97967,17.7526,8.7365,2.81858,0.208865
"batx","thebatx",2026,18054,"Sam Haggerty","TEX",199.985,223.024,48.1332,9.22286,1.44508,17.9181,2.59868,27.5578,2.82247,16.1814,12.0546,2.78784,0.240684
"batx","thebatx",2026,18067,"Garrett Stubbs","PHI",27.0407,29.983,5.57731,0.956017,0.1397,2.25262,0.320986,2.82468,0.348368,2.24169,0.517251,0.129626,0.206256
"batx","thebatx",2026,18123,"Nathan Lukes","TOR",284.488,315.362,72.1952,12.3199,1.35472,23.593,2.231,34.5107,5.22683,28.8712,3.21552,0.936439,0.253773
"batx","thebatx",2026,18126,"LaMonte Wade Jr.",,82.9626,97.302,18.3728,3.48503,0.210229,11.8966,1.09652,10.4759,2.62962,10.0157,0.494172,0.195718,0.221459
"batx","thebatx",2026,18217,"Brett Sullivan","COL",40.7683,44.079,9.07902,2.12317,0.193933,2.59256,0.289438,4.04252,0.631086,4.21853,0.43058,0.128449,0.222698
"batx","thebatx",2026,18314,"Dansby Swanson","CHC",564.426,629.707,138.571,27.0921,1.58865,50.9777,3.66458,79.0157,22.1799,76.6331,15.2625,4.38573,0.245507
"batx","thebatx",2026,18345,"Kyle Tucker","LAD",528.452,620.3,142.098,28.3821,2.4412,81.2411,3.53704,95.4406,28.3952,86.2898,17.2588,6.46336,0.268894
"batx","thebatx",2026,18360,"Austin Riley","ATL",570.277,633.46,147.485,28.6683,2.82135,49.1527,8.5056,83.3672,29.85,90.7845,2.48431,0.859338,0.25862
"batx","thebatx",2026,18363,"Victor Robles","SEA",268.555,301.642,62.8088,10.9639,2.12119,19.2277,7.30789,37.3695,5.65852,23.1311,15.801,4.10091,0.233877
"batx","thebatx",2026,18373,"Ryan Mountcastle","BAL",168.977,183.974,43.6783,7.68601,0.698972,11.7175,1.42304,21.5406,5.90448,21.6354,0.967635,0.333106,0.258487
"batx","thebatx",2026,18400,"Juan Yepez",,13.3067,14.559,3.13819,0.604812,0.0262552,0.974834,0.117542,1.52661,0.372126,1.56353,0.0722322,0.0261131,0.235836
"batx","thebatx",2026,18401,"Ronald Acuña Jr.","ATL",534.009,629.035,148.423,24.6652,3.23678,82.1972,8.44499,101.764,29.219,82.6423,26.1774,9.01864,0.27794
"batx","thebatx",2026,18564,"Trent Grisham","NYY",439.671,518.687,98.062,19.1261,1.0266,67.654,5.8164,68.1837,24.7089,64.5896,5.44632,1.82276,0.223035
"batx","thebatx",2026,18568,"Luis Arraez","SFG",558.509,606.134,163.964,24.7744,3.0607,33.5711,3.9098,63.6272,0.117448,51.8737,8.29192,2.98016,0.293574
"batx","thebatx",2026,18577,"Ke'Bryan Hayes","CIN",466.385,506.703,112.458,19.0056,1.5828,32.5726,3.45826,52.1011,8.51956,46.1561,9.88532,3.8916,0.241127
"batx","thebatx",2026,18795,"Ramón Urías","STL",257.553,283.674,61.5799,11.6302,0.696242,20.3769,3.40572,30.0374,7.74672,31.0004,1.59732,0.622258,0.239096
"batx","thebatx",2026,18819,"Andy Ibáñez","ATH",174.452,189.941,42.2057,8.66179,0.496873,11.968,1.8085,20.6341,4.56988,19.311,2.56964,0.878096,0.241933
"batx","thebatx",2026,18821,"José Azocar","ATL",12.1887,13.106,2.85104,0.476535,0.100018,0.599606,0.102901,1.44924,0.113358,0.896628,0.565419,0.158499,0.233909
"batx","thebatx",2026,18839,"Josh Naylor","SEA",540.679,604.046,135.037,24.7068,0.243224,51.0921,5.95703,69.9145,20.0422,73.4546,12.918,5.63881,0.249755
"batx","thebatx",2026,18848,"Yohel Pozo","STL",163.253,171.328,38.0995,7.67882,0.00970935,5.67981,0.883509,14.0685,3.40866,18.0033,0.129649,0.0551051,0.233377
"batx","thebatx",2026,18872,"Jahmai Jones","DET",123.483,140.436,30.0928,6.59096,0.333555,13.0958,2.10787,17.8006,4.61425,15.2008,3.05823,0.884168,0.243701
"batx","thebatx",2026,18882,"Brandon Lowe","PIT",471.98,527.145,112.134,23.4602,1.16066,45.6406,5.12481,61.6463,20.4685,69.0717,4.10101,1.3163,0.237582
"batx","thebatx",2026,18887,"Seby Zavala","LAD",12.3117,13.653,2.27306,0.48875,0.00845887,1.0232,0.135802,1.3511,0.386311,1.39535,0.0596176,0.0258605,0.184626
"batx","thebatx",2026,18900,"Leody Taveras","BAL",79.0189,86.138,18.7803,3.36342,0.385479,5.63416,0.262964,10.7331,2.54397,8.45147,3.54515,0.833813,0.237668
"batx","thebatx",2026,19197,"Will Smith","LAD",424.939,497.391,114.988,20.9336,1.67182,56.2148,9.09564,72.3622,23.7568,72.3145,2.92171,1.07782,0.270599
"batx","thebatx",2026,19238,"Lourdes Gurriel Jr.","ARI",330.486,358.6,87.789,16.7298,1.16265,20.8655,3.51581,42.3038,10.5967,45.2487,4.71754,1.80607,0.265636
"batx","thebatx",2026,19251,"Pete Alonso","BAL",574.55,655.282,144.104,26.3153,0,62.569,12.5489,87.4303,37.2653,99.2846,2.62299,1.07896,0.250812
"batx","thebatx",2026,19252,"Cavan Biggio","HOU",21.7107,24.888,4.42535,0.839797,0.0989974,2.48806,0.379183,2.56487,0.488596,2.0624,0.295791,0.0703178,0.203833
"batx","thebatx",2026,19260,"Jake Fraley","TBR",324.56,362.304,76.4353,14.8193,1.74734,31.4656,3.60456,41.5756,7.41687,33.8611,13.082,3.40143,0.235505
"batx","thebatx",2026,19262,"Garrett Hampson","CIN",47.2447,52.57,10.1909,1.84617,0.309437,4.00051,0.365077,5.41819,0.706712,3.60799,1.65823,0.336817,0.215705
"batx","thebatx",2026,19287,"Adolis García","PHI",513.459,562.273,119.804,23.1026,0.987551,37.7756,5.2753,66.9613,23.653,74.793,10.0753,3.6529,0.233327
"batx","thebatx",2026,19290,"Randy Arozarena","SEA",563.779,650.708,130.95,24.602,2.70499,65.4256,16.8695,87.7689,24.0994,73.6498,23.8436,7.39645,0.232271
"batx","thebatx",2026,19296,"Alex Call","LAD",144.316,165.9,33.9049,6.38355,0.60392,16.62,2.18419,20.0987,3.24669,14.9729,2.88877,1.0041,0.234935
"batx","thebatx",2026,19318,"Matt Thaiss","BOS",22.1739,25.639,4.69408,0.905865,0.023491,2.97619,0.264768,2.58163,0.563778,2.44843,0.172533,0.0652297,0.211693
"batx","thebatx",2026,19326,"Bryan Reynolds","PIT",562.528,632.344,144.61,28.923,3.43642,56.3748,8.2545,75.52,16.7218,72.3339,6.07936,1.83189,0.257071
"batx","thebatx",2026,19339,"Nicky Lopez","COL",28.1444,31.375,7.01305,1.12897,0.179153,2.3559,0.24175,3.19754,0.0337995,2.09671,0.672112,0.227988,0.249181
"batx","thebatx",2026,19346,"Eli White","ATL",137.472,148.809,33.0778,5.24976,1.45658,8.51988,1.61256,18.9622,3.94117,14.3984,5.43053,1.338,0.240615
"batx","thebatx",2026,19352,"Sean Murphy","ATL",303.443,347.531,67.3694,13.0434,0,33.1087,7.52635,39.8256,13.4626,43.599,0.154096,0.0761131,0.222017
"batx","thebatx",2026,19354,"Luke Raley","SEA",299.748,341.219,65.7177,12.6059,0.830882,25.8665,11.7646,40.1291,11.6561,37.2316,7.07943,1.54445,0.219243
"batx","thebatx",2026,19358,"Weston Wilson","BAL",14.429,16.005,2.98325,0.566565,0.0463677,1.32333,0.0946599,1.80067,0.454752,1.49998,0.439937,0.129992,0.206753
"batx","thebatx",2026,19363,"Austin Hays","CHW",410.96,449.156,98.9896,20.5833,1.10203,28.7133,5.39244,48.0059,13.3696,49.6879,3.4388,1.15767,0.240874
"batx","thebatx",2026,19392,"Zach McKinstry","DET",363.329,405.02,84.7508,16.5378,4.36141,33.787,3.70603,49.4344,7.81304,34.6583,14.6602,3.69999,0.233262
"batx","thebatx",2026,19422,"Brian Serven","ATH",22.6354,24.871,4.44988,0.863435,0.0276112,1.73421,0.280068,2.1557,0.450585,2.1076,0.0461634,0.0172484,0.196589
"batx","thebatx",2026,19452,"Jake Rogers","DET",174.92,195.184,36.1027,7.51147,0.294709,16.1032,2.01745,19.6415,6.22229,21.3332,0.734855,0.268609,0.206396
"batx","thebatx",2026,19455,"Andruw Monasterio","BOS",110.526,122.229,26.122,4.82726,0.379593,9.51333,1.12689,13.5293,3.15548,12.8832,2.78268,0.913087,0.236343
"batx","thebatx",2026,19470,"Tommy Edman","LAD",395.403,433.031,96.7549,18.4677,2.36759,28.0829,4.19476,53.9276,10.6382,45.2652,9.57556,2.66358,0.244699
"batx","thebatx",2026,19514,"Andrew Knizner","SEA",100.695,111.612,20.9295,3.81507,0.157131,7.72299,1.99091,9.63579,1.74292,9.64739,0.401007,0.148064,0.20785
"batx","thebatx",2026,19522,"TJ Friedl","CIN",497.586,576.29,115.03,19.0856,2.20348,57.3973,11.5455,64.2486,11.995,48.833,11.4192,3.58995,0.231176
"batx","thebatx",2026,19556,"Yordan Alvarez","HOU",475.733,558.79,138.797,27.2352,1.28419,69.56,7.76126,84.2369,33.3627,92.4117,3.50988,1.18546,0.291754
"batx","thebatx",2026,19566,"Nathaniel Lowe","CIN",187.983,214.077,45.2144,7.26335,0.407462,23.2365,1.30115,23.3352,5.93437,22.8898,0.54031,0.185216,0.240524
"batx","thebatx",2026,19599,"Chas McCormick","CHC",72.9538,81.822,15.787,2.30903,0.234689,6.41448,1.07615,9.15429,2.16357,7.56962,2.52313,0.801105,0.216397
"batx","thebatx",2026,19600,"Bryan De La Cruz","PHI",40.1146,43.267,9.29927,1.87491,0.0702014,2.54023,0.221082,4.36264,1.15905,4.9471,0.296052,0.108811,0.231818
"batx","thebatx",2026,19608,"Otto Lopez","MIA",516.387,563.407,141.162,26.1387,3.12775,36.5058,4.06351,66.7643,11.9478,60.0389,16.97,4.77781,0.273365
"batx","thebatx",2026,19610,"Keibert Ruiz","WSN",318.575,343.403,72.8827,14.4184,0.0143551,17.2295,4.01551,27.856,6.32199,36.5082,1.09979,0.639016,0.228777
"batx","thebatx",2026,19611,"Vladimir Guerrero Jr.","TOR",578.528,662.728,173.119,30.8611,1.17922,72.1295,7.14667,97.6648,31.506,98.0239,5.83913,2.26736,0.299241
"batx","thebatx",2026,19612,"Bo Bichette","NYM",558.586,601.953,158.893,26.3129,2.59212,34.8471,3.62695,73.7379,17.3046,72.2357,5.71467,2.46566,0.284456
"batx","thebatx",2026,19627,"Brent Rooker","ATH",565.931,638.681,150.699,32.5188,0.917166,59.5511,8.27857,89.52,33.9494,94.418,6.67682,2.21214,0.266286
"batx","thebatx",2026,19643,"Daniel Johnson","MIA",19.5071,20.94,4.12314,0.899493,0.0732822,1.08495,0.17673,2.0059,0.45802,2.01757,0.530717,0.120345,0.211366
"batx","thebatx",2026,19709,"Fernando Tatis Jr.","SDP",567.018,648.293,154.796,27.7098,4.10947,69.8968,6.20556,99.518,29.1101,85.3857,23.1702,7.18019,0.273
"batx","thebatx",2026,19722,"Carlos Narváez","BOS",367.117,409.973,82.3331,14.7067,0.442715,35.0877,3.72423,42.6457,13.083,47.8259,2.71291,1.20896,0.224269
"batx","thebatx",2026,19734,"Josh Rojas","KCR",54.1232,60.909,12.5444,2.58783,0.245564,5.69969,0.241332,6.77545,1.29811,6.03188,1.28735,0.429852,0.231776
"batx","thebatx",2026,19755,"Shohei Ohtani","LAD",558.764,660.136,159.004,30.8075,3.1078,91.2082,4.74889,120.963,47.1697,118.31,25.3033,8.35042,0.284565
"batx","thebatx",2026,19779,"Dairon Blanco","TEX",17.7427,19.469,3.94767,0.664018,0.123059,1.10502,0.271058,2.63336,0.39971,1.29183,1.69563,0.348698,0.222495
"batx","thebatx",2026,19802,"Jhonny Pereda","SEA",29.9234,33.13,6.30886,1.18379,0.0148735,2.76872,0.178868,2.80851,0.381586,2.74972,0.0242187,0.0099573,0.210834
"batx","thebatx",2026,19806,"Jason Delay","BOS",11.7045,12.681,2.52828,0.482179,0.0234783,0.674508,0.12301,1.05658,0.152784,1.08886,0.0629648,0.0244973,0.21601
"batx","thebatx",2026,19844,"Abraham Toro","KCR",34.3845,37.675,8.04986,1.66169,0.212853,2.45632,0.440191,3.92914,0.793697,3.94905,0.396455,0.117414,0.234113
"batx","thebatx",2026,19858,"Luis Rengifo","MIL",394.021,428.329,94.5527,15.7287,2.13341,26.493,3.87925,43.7043,5.83244,39.046,12.3572,4.07892,0.239969
"batx","thebatx",2026,19864,"Riley Adams","WSN",82.2693,91.2,16.8877,3.38312,0.12496,6.40283,1.83292,8.42478,2.66754,10.1672,0.27291,0.108396,0.205273
"batx","thebatx",2026,19877,"Tristan Gray","MIN",82.2418,89.524,16.7177,3.68055,0.273608,5.5793,0.773573,8.19942,2.26778,8.93951,0.337314,0.106192,0.203275
"batx","thebatx",2026,19890,"Emmanuel Rivera",,9.48577,10.371,2.20442,0.386557,0.0304868,0.686073,0.0996448,1.01719,0.177717,0.962702,0.035039,0.0143936,0.232392
"batx","thebatx",2026,19892,"Pavin Smith","ARI",345.002,393.864,80.1342,16.4557,1.0494,43.6756,2.02252,44.659,11.2422,45.5017,2.07853,0.727595,0.232272
"batx","thebatx",2026,19896,"Connor Wong","BOS",201.855,221.05,46.4837,8.5867,0.96799,14.0228,2.56329,23.5616,5.22705,21.8609,4.10726,1.27375,0.230282
"batx","thebatx",2026,19901,"Gavin Sheets","SDP",427.808,473.997,101.834,21.9465,0.526776,38.6863,3.71772,51.6591,14.2191,53.8838,2.03739,0.651146,0.238037
"batx","thebatx",2026,19913,"Jesús Sánchez","TOR",372.002,413.047,91.3401,17.7863,0.864517,34.8079,3.12392,53.02,15.4352,49.4253,8.3722,2.4405,0.245537
"batx","thebatx",2026,19918,"Daulton Varsho","TOR",492.156,545.727,108.714,21.5355,2.0878,44.1624,4.56714,69.7426,26.3242,71.8102,9.85773,2.28884,0.220894
"batx","thebatx",2026,19921,"Blake Perkins","MIL",159.647,178.744,34.4983,6.26586,1.30425,16.1899,1.1452,18.9736,2.99461,15.0265,5.96473,1.36013,0.216091
"batx","thebatx",2026,19931,"Luke Williams","ATL",21.0805,22.832,4.33469,0.909755,0.107416,1.38274,0.164044,2.46755,0.39734,1.80865,0.859298,0.239542,0.205626
"batx","thebatx",2026,19948,"Cristian Pache","NYM",7.69001,8.433,1.54662,0.2912,0.047605,0.60677,0.0579418,0.851505,0.159153,0.677699,0.131035,0.0421085,0.20112
"batx","thebatx",2026,19950,"Andrés Giménez","TOR",506.705,558.095,123.572,22.4392,2.369,30.333,13.7101,65.1419,8.50702,46.6966,22.3389,5.23978,0.243875
"batx","thebatx",2026,19953,"Josh Lowe","LAA",429.145,473.471,98.5648,20.1991,3.02335,37.8135,2.33108,56.7894,12.2998,43.758,21.1438,4.91707,0.229677
"batx","thebatx",2026,19955,"Gavin Lux","TBR",396.921,446.276,100.281,20.429,2.64705,43.6972,2.0059,48.8078,6.90426,42.742,4.07239,1.15515,0.252648
"batx","thebatx",2026,19956,"Mickey Moniak","COL",436.752,471.502,110.553,23.4154,3.8443,27.3353,3.97318,60.4585,19.7041,65.5964,9.31773,2.555,0.253126
"batx","thebatx",2026,19960,"Taylor Trammell","HOU",46.2496,52.348,9.51637,1.90486,0.215217,5.12864,0.495423,6.07349,1.50288,4.99484,1.27711,0.312307,0.205761
"batx","thebatx",2026,19968,"Jared Oliva","SFG",24.5662,26.632,5.48321,1.0096,0.108193,1.45838,0.315983,3.07728,0.435638,1.97473,1.4744,0.203286,0.223202
"batx","thebatx",2026,19997,"Santiago Espinal","LAD",125.949,137.811,31.5375,5.51384,0.394403,8.64807,0.832081,15.3358,2.14869,12.8903,1.69558,0.634745,0.250399
"batx","thebatx",2026,20002,"Bryce Johnson","SDP",140.974,157.153,30.6125,5.68616,0.460883,11.2511,1.9468,16.0259,1.27719,9.41179,5.54163,1.36675,0.21715
"batx","thebatx",2026,20017,"Miles Mastrobuoni","SEA",36.2147,40.342,8.32715,1.66125,0.117506,3.40601,0.0988843,4.12806,0.301633,2.84686,1.48798,0.355216,0.229939
"batx","thebatx",2026,20036,"Isaac Paredes","HOU",424.299,491.992,99.1266,17.8068,0.399275,54.1929,9.3844,58.1106,18.0127,57.3526,1.0293,0.419117,0.233624
"batx","thebatx",2026,20043,"Luis Robert Jr.","NYM",474.157,522.897,110.819,19.8267,2.60892,37.9937,5.99116,71.5982,18.9542,55.492,29.4385,7.8492,0.233717
"batx","thebatx",2026,20084,"J.C. Escarra","NYY",132.469,147.92,27.5514,5.95205,0.271129,12.0876,1.94498,13.7331,2.62639,12.7363,0.914384,0.301338,0.207984
"batx","thebatx",2026,20123,"Juan Soto","NYM",547.721,678.277,147.819,26.4158,0.426924,121.478,4.14448,107.561,38.1008,99.5609,16.705,6.10812,0.269879
"batx","thebatx",2026,20126,"Dylan Carlson","CHC",95.3625,107.791,21.2959,4.1901,0.457967,9.93627,1.464,11.5419,2.30921,10.6323,1.15783,0.354173,0.223315
"batx","thebatx",2026,20178,"Miguel Vargas","CHW",513.707,580.593,125.555,28.6904,1.13367,55.0616,6.01879,70.1419,22.4302,71.0354,7.37865,2.43762,0.244411
"batx","thebatx",2026,20202,"Brandon Marsh","PHI",420.804,474.678,103.786,19.6764,2.8586,46.116,2.91827,57.0863,11.256,47.601,10.0755,2.63538,0.246637
"batx","thebatx",2026,20220,"Jo Adell","LAA",516.097,567.69,122.246,23.0565,1.43463,39.6966,7.85669,72.2803,30.4847,79.8363,10.1393,3.08278,0.236867
"batx","thebatx",2026,20287,"Ben Rortvedt","NYM",36.104,40.422,6.88199,1.27185,0.0305247,3.40511,0.517238,3.43812,0.628144,3.21559,0.119548,0.043991,0.190616
"batx","thebatx",2026,20308,"Jake Meyers","HOU",411.037,456.452,102.867,21.3553,0.968154,34.6093,5.85334,53.704,10.022,44.0762,10.651,3.14903,0.250262
"batx","thebatx",2026,20321,"Stuart Fairchild","CLE",41.4347,46.449,8.91375,1.83212,0.162036,3.43534,0.844294,5.17513,1.08986,3.93597,1.55936,0.386642,0.215127
"batx","thebatx",2026,20352,"Ernie Clement","TOR",516.687,553.597,131.351,24.6986,2.86101,23.4349,3.53075,60.1874,10.4124,54.2442,10.5771,3.02902,0.254219
"batx","thebatx",2026,20391,"Luis García Jr.","WSN",471.666,507.676,124.651,24.3837,1.204,28.5014,1.91491,56.916,14.5311,62.4567,13.4139,4.65969,0.264278
"batx","thebatx",2026,20404,"Jared Young","NYM",33.2406,36.947,7.26645,1.52524,0.0578642,2.84915,0.492609,3.92366,1.01974,3.77708,0.50241,0.138774,0.218602
"batx","thebatx",2026,20437,"Royce Lewis","MIN",456.405,498.414,107.484,22.91,0.560845,34.7786,2.87381,57.1283,16.9562,57.3172,9.7135,3.53295,0.235501
"batx","thebatx",2026,20454,"Jazz Chisholm Jr.","NYY",518.678,584.601,121.091,20.577,2.669,55.8527,4.82645,84.7861,26.5772,68.0782,31.1978,8.21663,0.233461
"batx","thebatx",2026,20503,"William Contreras","MIL",523.755,599.947,137.722,27.13,0,66.492,4.63937,71.6423,20.9595,81.0408,5.31856,2.10204,0.262952
"batx","thebatx",2026,20505,"Drew Waters","KCR",31.492,34.407,6.93128,1.51004,0.219173,2.35136,0.306579,3.68757,0.563727,3.03541,0.879511,0.255756,0.220097
"batx","thebatx",2026,20521,"Nick Madrigal","LAA",44.7994,48.664,11.5459,1.84069,0.191706,2.36701,0.813392,4.7859,0.147699,3.49774,1.12848,0.366611,0.257725
"batx","thebatx",2026,20529,"Nolan Jones","CLE",103.08,117.47,23.1712,4.47211,0.401913,12.3878,1.04494,13.3727,2.94385,11.3711,2.50258,0.697463,0.224788
"batx","thebatx",2026,20536,"Vidal Bruján","NYM",31.3857,34.443,6.7254,1.43874,0.0743215,2.38638,0.312874,3.53467,0.412568,2.62765,1.17592,0.412607,0.214282
"batx","thebatx",2026,20538,"Jose Miranda","SDP",36.7136,39.579,8.37947,1.56864,0.0560893,2.04012,0.474038,3.77182,0.951765,4.14554,0.124449,0.0573139,0.228239
"batx","thebatx",2026,20572,"Kody Clemens","MIN",261.147,287.493,60.5063,12.1443,1.33087,20.8688,2.23043,34.6365,12.3161,36.7707,3.45239,0.950132,0.231694
"batx","thebatx",2026,20599,"Iván Herrera","STL",478.322,543.151,127.14,22.9402,0.566042,51.4339,9.26914,68.5272,18.2251,64.4218,7.08577,2.9283,0.265805
"batx","thebatx",2026,21009,"Leo Rivas","SEA",133.455,155.356,28.8828,5.22936,0.468088,17.9864,1.23883,17.1006,1.96479,10.4024,6.03888,1.53496,0.216423
"batx","thebatx",2026,21454,"Lars Nootbaar","STL",427.594,492.942,104.143,20.3308,1.21678,57.3809,3.37029,60.0652,16.9765,57.3212,5.51727,1.92509,0.243556
"batx","thebatx",2026,21479,"Nico Hoerner","CHC",556.724,607.817,153.929,26.3887,3.35742,36.3234,8.92497,73.6855,5.6984,54.9268,25.4776,7.27106,0.276491
"batx","thebatx",2026,21489,"Hayden Senger","NYM",13.1323,14.229,2.61535,0.514544,0.0354499,0.716794,0.210395,1.20435,0.22205,1.15622,0.0710291,0.0257589,0.199154
"batx","thebatx",2026,21496,"Brandon Lockridge","MIL",119.344,130.785,27.6602,5.50728,0.557148,8.36116,1.02613,13.6656,0.99731,9.02135,6.63996,1.31023,0.231768
"batx","thebatx",2026,21497,"Luken Baker","ARI",5.71719,6.389,1.21617,0.254355,0.00654366,0.570724,0.0451055,0.654659,0.208699,0.780297,0.00453591,0.00193634,0.212722
"batx","thebatx",2026,21501,"Trevor Larnach","MIN",375.843,426.385,92.8111,18.3173,0.821815,42.1929,4.03729,49.2581,12.0941,46.7409,3.80803,1.33605,0.246941
"batx","thebatx",2026,21523,"Jonathan India","KCR",434.873,503.554,107.093,23.0186,1.4027,51.4564,12.2927,61.5242,12.6603,53.8478,8.32365,2.62084,0.246263
"batx","thebatx",2026,21524,"Joey Bart","PIT",273.228,308.755,64.925,11.5727,0.340758,27.7938,5.55808,34.2113,8.86846,34.3624,0.839648,0.319892,0.237622
"batx","thebatx",2026,21534,"Cal Raleigh","SEA",534.315,618.703,119.895,22.1523,0.854776,73.3185,6.16702,81.292,38.7385,102.128,7.31373,2.56692,0.22439
"batx","thebatx",2026,21538,"Nick Fortes","TBR",287.077,315.363,62.2299,11.1215,0.645324,16.8706,5.16135,28.3123,6.53106,28.8891,2.19312,0.811331,0.216771
"batx","thebatx",2026,21558,"Matt Vierling","DET",293.545,324.663,71.7533,14.4179,0.87665,24.8777,3.01015,36.4243,8.44906,34.1756,3.85514,1.13802,0.244437
"batx","thebatx",2026,21562,"Romy Gonzalez","BOS",180.625,195.954,47.9837,8.73099,0.887654,11.783,1.58394,25.0779,6.49322,23.8328,5.98429,1.78281,0.265654
"batx","thebatx",2026,21587,"César Salazar","HOU",105.75,119.315,21.6348,4.30927,0.151031,8.79949,2.93745,10.5856,1.76428,9.83467,0.541201,0.205126,0.204585
"batx","thebatx",2026,21614,"Kyle Isbel","KCR",401.654,444.285,90.6105,15.771,4.03831,28.3627,3.92731,47.8271,6.45848,34.3024,10.2497,2.33975,0.225593
"batx","thebatx",2026,21618,"Alec Bohm","PHI",516.101,562.062,140.122,26.0488,1.00615,35.2529,4.42473,62.6107,13.9844,67.5742,2.58796,1.02388,0.271501
"batx","thebatx",2026,21622,"Jake McCarthy","COL",335.111,370.2,88.3398,14.2111,4.43001,23.5193,5.57771,46.8888,4.97064,31.0715,17.1884,3.04332,0.263613
"batx","thebatx",2026,21626,"Griffin Conine","MIA",308.852,343.576,64.1596,12.8132,0.839265,29.2423,3.16128,32.1783,8.92126,36.184,0.907966,0.25248,0.207736
"batx","thebatx",2026,21636,"Jeremy Peña","HOU",538.073,589.806,146.69,27.6722,2.02483,34.1924,10.0059,76.0114,16.4447,65.2121,16.4796,3.96954,0.272621
"batx","thebatx",2026,21646,"Rafael Marchán","PHI",144.172,159.406,32.1345,6.62001,0.301439,11.4291,1.91355,14.6486,2.25284,14.5616,0.729216,0.261413,0.222889
"batx","thebatx",2026,21693,"Miguel Amaya","CHC",256.616,285.697,57.3308,11.1306,0.301811,19.0412,5.29394,27.7644,6.92073,29.4052,0.551446,0.247341,0.223411
"batx","thebatx",2026,21707,"Oswaldo Cabrera","NYY",123.085,135.943,26.7667,5.36963,0.321809,9.86677,0.89381,13.4034,2.39038,11.3351,2.22718,0.725344,0.217465
"batx","thebatx",2026,21711,"Oneil Cruz","PIT",476.894,538.322,116.066,24.5387,1.90134,54.0662,3.74862,78.9276,24.7111,70.1714,25.3768,5.79882,0.243379
"batx","thebatx",2026,21716,"Enmanuel Valdez","PIT",39.1075,43.415,8.91299,1.91268,0.0832995,3.52762,0.272101,4.62204,1.32147,5.01325,0.409848,0.156554,0.22791
"batx","thebatx",2026,21735,"Sebastián Rivero","LAA",20.6223,22.144,4.13193,0.880445,0.0135426,0.954353,0.223539,1.69266,0.412713,1.92514,0.110033,0.0441102,0.200363
"batx","thebatx",2026,21746,"José Fermín","STL",137.184,155.038,33.1903,6.33842,0.438799,13.1792,2.43554,16.9169,2.19401,12.7913,4.53492,1.34339,0.241939
"batx","thebatx",2026,21780,"Esteury Ruiz","MIA",101.637,112.57,23.8432,4.23596,0.729447,7.28307,2.29798,14.5078,1.98211,8.41299,9.34779,2.03003,0.234592
"batx","thebatx",2026,21797,"Andrés Chaparro","WSN",259.849,285.697,58.0225,11.2445,0.367569,20.5906,2.75331,26.5201,8.65757,34.3542,0.926393,0.393868,0.223294
"batx","thebatx",2026,21837,"Jonathan Aranda","TBR",500.87,568.338,129.067,25.8907,1.00989,53.3803,9.12053,67.3655,21.4029,76.6552,0.94998,0.331197,0.257685
"batx","thebatx",2026,21840,"Freddy Fermin","SDP",398.764,434.703,91.523,13.0274,2.16829,26.1275,2.94772,42.7642,8.77023,39.6695,2.55674,0.965934,0.229517
"batx","thebatx",2026,21842,"Carlos Cortes","ATH",133.235,146.251,30.6381,7.00778,0.388485,10.6461,0.902646,15.4737,4.31746,16.3082,0.552908,0.179339,0.229955
"batx","thebatx",2026,21853,"Will Benson","CIN",227.304,256.386,50.6508,10.8673,1.25188,24.8286,2.16251,32.758,10.2119,30.2929,7.88882,1.87727,0.222833
"batx","thebatx",2026,21865,"Bo Naylor","CLE",393.001,445.615,83.4247,17.0703,1.59892,43.6792,3.47554,49.586,15.9748,50.2895,5.18497,1.53944,0.212276
"batx","thebatx",2026,21871,"Jerar Encarnacion","SFG",125.035,136.207,27.7742,4.77532,0.130024,9.11863,1.10631,13.6379,3.67834,14.224,0.99539,0.36343,0.222131
"batx","thebatx",2026,21897,"Christopher Morel","MIA",310.007,347.219,68.7757,14.3765,1.0614,30.856,3.63454,41.3248,13.8287,43.4202,7.27323,2.40549,0.221852
"batx","thebatx",2026,22054,"Dane Myers","CIN",220.299,239.945,53.6357,9.09279,0.735239,15.1313,2.63878,27.6118,6.34404,24.2569,7.37243,2.27821,0.243467
"batx","thebatx",2026,22165,"Ryan Vilade","TBR",136.892,149.744,30.6961,6.33633,0.428417,10.0298,1.37902,14.4805,2.7595,14.2712,2.18639,0.656419,0.224236
"batx","thebatx",2026,22168,"Akil Baddoo","MIL",27.8639,31.18,5.86516,1.15055,0.177522,2.9005,0.150634,3.43741,0.844062,3.18216,0.989033,0.249797,0.210493
"batx","thebatx",2026,22184,"Mark Vientos","NYM",397.266,434.978,92.3813,17.2159,0.601248,30.3057,3.49284,47.7971,17.109,55.2162,0.715452,0.29726,0.232543
"batx","thebatx",2026,22186,"Brice Turang","MIL",565.739,633.141,144.18,23.3595,5.06555,56.8394,2.44186,77.5699,11.8944,59.1627,31.053,6.33999,0.254853
"batx","thebatx",2026,22197,"MJ Melendez","NYM",91.8109,102.933,19.0811,4.38735,0.154148,9.63782,0.666186,11.1126,3.45891,11.6303,1.21088,0.379101,0.207831
"batx","thebatx",2026,22209,"Sam Huff","BAL",11.9273,12.958,2.29445,0.434335,0.00453586,0.869592,0.0889047,1.12003,0.309799,1.25027,0.00023465,0.000123301,0.192369
"batx","thebatx",2026,22217,"Luis Campusano","SDP",224.346,247.576,51.1529,8.928,0.138215,18.8143,2.14883,24.1153,5.79833,25.2747,0.190546,0.0968599,0.228009
"batx","thebatx",2026,22232,"Mason McCoy","SDP",60.3484,65.868,11.738,2.22088,0.351802,4.19231,0.374867,6.24373,0.866348,4.43488,1.63648,0.432611,0.194504
"batx","thebatx",2026,22239,"Jeremiah Jackson","BAL",191.57,204.741,44.8549,8.88889,0.87308,10.2469,1.24848,22.6512,5.53054,21.3257,3.7474,1.21571,0.234144
"batx","thebatx",2026,22244,"Jack Suwinski","LAD",110.449,125.954,22.8657,4.5493,0.534375,13.0899,1.33303,16.1848,4.75223,14.8281,2.37847,0.699196,0.207026
"batx","thebatx",2026,22263,"Nolan Gorman","STL",442.176,496.646,90.7452,17.6807,0.866794,47.6669,3.00645,51.8959,18.8404,60.4784,3.82434,1.44074,0.205224
"batx","thebatx",2026,22266,"Xavier Edwards","MIA",515.38,571.843,140.43,21.4794,3.98661,44.4902,2.69126,64.7948,1.7034,40.4565,27.1368,6.56193,0.272479
"batx","thebatx",2026,22274,"Samad Taylor","SDP",17.5278,19.403,3.90036,0.675273,0.114628,1.35221,0.142751,2.20562,0.266541,1.32189,0.885673,0.203652,0.222524
"batx","thebatx",2026,22275,"Jake Burger","TEX",491.43,532.012,118.282,22.9957,0.839942,29.2501,7.51641,63.3678,26.3126,76.0745,2.03401,0.676057,0.240689
"batx","thebatx",2026,22277,"Nick Allen","HOU",117.893,129.551,25.5293,4.27848,0.259486,8.3551,0.736822,11.9636,0.724718,7.78061,3.07665,0.997561,0.216546
"batx","thebatx",2026,22458,"Taylor Walls","TBR",227.836,255.734,49.3602,10.0364,1.38733,23.3612,1.00149,28.9571,4.734,21.0886,11.9584,3.09447,0.216648
"batx","thebatx",2026,22514,"Triston Casas","BOS",160.08,184.345,37.1523,7.20905,0.189285,21.3654,1.39663,20.3041,6.67597,23.7085,0.227217,0.140507,0.232086
"batx","thebatx",2026,22515,"Heliot Ramos","SFG",550.823,609.422,141.549,26.404,1.3588,45.2963,8.19904,75.2298,22.0607,75.4256,6.65661,2.35952,0.256978
"batx","thebatx",2026,22530,"Johnathan Rodríguez","CLE",98.3563,108.175,22.9789,4.29689,0.206151,8.35324,0.796924,10.9118,2.53347,11.049,0.591361,0.208333,0.233629
"batx","thebatx",2026,22532,"Tyler Freeman","COL",266.496,300.76,76.7182,14.1577,1.95885,21.4723,8.32215,40.4832,5.53657,30.0649,12.3954,3.9027,0.287877
"batx","thebatx",2026,22541,"George Valera","CLE",311.315,349.25,68.4628,12.5651,0.958373,32.5902,2.6281,37.2585,10.355,37.2146,2.6681,0.49063,0.219915
"batx","thebatx",2026,22542,"Lawrence Butler","ATH",498.416,553.249,120.043,25.3662,1.39286,48.5017,1.74407,72.8851,21.9979,65.9313,15.292,4.6829,0.240849
"batx","thebatx",2026,22557,"Michael Siani","LAD",23.702,26.51,4.84973,0.776838,0.149876,2.10371,0.208978,2.9796,0.237448,1.5943,1.05938,0.234272,0.204613
"batx","thebatx",2026,22558,"Jarred Kelenic","CHW",89.1346,98.128,18.9036,4.17976,0.293075,7.58783,0.582085,10.3136,2.87144,9.92246,1.83051,0.558311,0.212079
"batx","thebatx",2026,22563,"Gabriel Arias","CLE",400.455,434.639,89.9999,17.6293,0.663051,26.4039,4.67563,45.9645,11.3754,43.7064,8.68619,3.10934,0.224744
"batx","thebatx",2026,22566,"Tirso Ornelas","SDP",84.8912,93.09,19.5971,4.21753,0.0871278,6.82216,0.576965,9.4909,1.88516,9.14649,1.07231,0.229012,0.23085
"batx","thebatx",2026,22581,"Alejandro Kirk","TOR",429.28,484.104,115.302,19.6791,0,45.1233,4.55482,59.343,18.025,62.447,0.29136,0.147248,0.268594
"batx","thebatx",2026,22664,"Gabriel Moreno","ARI",379.677,424.92,104.403,19.5363,1.61605,37.3123,3.76493,51.2679,10.0554,50.1626,3.77743,1.47888,0.274977
"batx","thebatx",2026,22707,"Gustavo Campero","LAA",23.2285,25.748,5.44458,1.02118,0.174842,1.68627,0.533644,2.9528,0.527858,2.23135,0.965636,0.21441,0.234393
"batx","thebatx",2026,22715,"Maikel Garcia","KCR",576.13,639.538,155.509,30.9768,2.93131,52.4401,1.64399,82.3829,13.134,66.2983,25.1774,7.51977,0.26992
"batx","thebatx",2026,22766,"Steward Berroa","MIL",14.0882,15.774,2.81407,0.580865,0.0780812,1.32492,0.0932888,1.67606,0.219401,1.04121,0.848026,0.188128,0.199747
"batx","thebatx",2026,22799,"Geraldo Perdomo","ARI",551.852,648.649,140.581,25.4374,3.62935,71.8471,6.88992,80.8727,11.2243,55.2444,17.913,5.76784,0.254744
"batx","thebatx",2026,22823,"Oswald Peraza","LAA",252.883,277.067,54.5945,10.0544,0.655467,18.6848,3.61599,30.5719,7.57619,25.5264,9.81807,2.44881,0.215888
"batx","thebatx",2026,22857,"Wenceel Pérez","DET",364.504,403.664,84.7503,16.5251,3.56952,32.0288,2.90627,48.2915,10.4939,39.3148,10.3337,2.86137,0.232509
"batx","thebatx",2026,22896,"Lenyn Sosa","CHW",374.068,398.788,91.3287,17.1395,0.713369,16.6277,2.79035,39.6026,11.9531,44.7335,2.19908,0.865645,0.24415
"batx","thebatx",2026,23003,"Yainer Diaz","HOU",485.256,516.084,130.721,24.2022,0.696167,22.5725,3.37032,58.5469,17.4925,65.9661,1.58302,0.548347,0.269386
"batx","thebatx",2026,23296,"Jacob Amaya","ARI",13.263,14.488,2.84586,0.552855,0.0432814,1.01214,0.07304,1.37429,0.202849,1.28188,0.192233,0.0664809,0.214571
"batx","thebatx",2026,23359,"Nelson Velázquez","STL",148.126,163.635,33.813,6.89899,0.436996,12.6839,1.4574,18.3624,6.17572,20.1622,2.0745,0.758687,0.228271
"batx","thebatx",2026,23372,"Hunter Feduccia","TBR",224.97,251.85,47.5289,10.0309,0.526732,23.75,1.19215,22.6372,4.28332,23.3808,0.459926,0.153822,0.211268
"batx","thebatx",2026,23378,"José Barrero","BAL",8.70556,9.46,1.62729,0.304964,0.0251481,0.536361,0.140505,0.956059,0.243285,0.84687,0.217656,0.0752526,0.186925
"batx","thebatx",2026,23395,"Eric Wagaman","MIN",110.918,120.049,27.5215,5.93693,0.161616,7.49861,0.562157,13.1848,3.46748,13.6939,1.09927,0.418696,0.248125
"batx","thebatx",2026,23401,"José Caballero","NYY",324.175,367.109,69.9227,12.8667,1.19166,31.672,6.6309,50.3745,8.13728,25.3437,33.8509,8.04843,0.215694
"batx","thebatx",2026,23442,"Luis Vázquez","BAL",18.2876,19.937,4.0195,0.715649,0.0513598,1.14954,0.220988,1.99878,0.377558,1.67772,0.285734,0.0917129,0.219794
"batx","thebatx",2026,23565,"Davis Schneider","TOR",284.336,327.493,60.3341,12.5832,0.655806,36.8601,3.60428,39.8749,13.392,40.196,3.47127,1.16133,0.212193
"batx","thebatx",2026,23690,"Brayan Rocchio","CLE",421.577,466.107,97.0578,19.8183,1.6047,32.3762,6.16601,48.5911,7.38815,39.4698,12.2844,3.99577,0.230226
"batx","thebatx",2026,23691,"José Tena","WSN",205.056,222.909,49.4825,9.61808,0.8668,14.1906,1.35514,22.822,3.62584,20.4553,6.13403,1.89318,0.241313
"batx","thebatx",2026,23695,"Everson Pereira","CHW",204.696,225.238,45.0392,8.58537,0.646087,16.7062,2.32357,24.6763,7.20874,23.844,3.65804,1.04721,0.220029
"batx","thebatx",2026,23697,"Julio Rodríguez","SEA",598.723,660.213,163.638,25.7974,6.17401,47.779,9.25549,95.6606,28.2022,87.3291,25.7437,6.52597,0.273312
"batx","thebatx",2026,23698,"Ronny Mauricio","NYM",129.906,139.975,29.7322,5.74185,0.188417,8.27134,0.831426,15.3989,3.86052,14.5138,3.86979,1.49265,0.228874
"batx","thebatx",2026,23733,"Ezequiel Duran","TEX",248.412,266.613,56.7375,11.05,1.38806,13.2086,2.7031,28.9732,5.31856,23.5329,7.84288,2.13399,0.228401
"batx","thebatx",2026,23772,"Wilyer Abreu","BOS",447.43,504.634,107.198,23.4127,1.56707,49.4717,3.18816,62.7783,22.3169,69.8618,8.58677,2.59084,0.239585
"batx","thebatx",2026,23782,"Leo Jiménez","TOR",109.976,124.127,26.5374,4.86256,0.342706,9.11669,3.88937,13.9881,2.84615,12.5476,0.917371,0.300644,0.241302
"batx","thebatx",2026,23789,"Blaze Alexander","BAL",267.203,299.49,58.7576,9.88597,1.70986,23.6642,5.35983,34.8841,7.23974,26.1765,6.37303,1.86579,0.219899
"batx","thebatx",2026,23790,"Will Banfield","CIN",20.3463,21.771,4.05132,0.858328,0.0286753,1.02731,0.172708,1.72561,0.471724,2.11505,0.0412591,0.0077273,0.199118
"batx","thebatx",2026,23792,"Alek Thomas","ARI",373.224,406.42,89.9068,18.8854,2.43985,24.1154,3.38819,46.0201,8.89424,41.8195,7.70318,2.21163,0.240892
"batx","thebatx",2026,23800,"Parker Meadows","DET",374.092,417.37,82.1263,14.1383,5.05085,36.7797,2.71677,50.4314,10.0226,36.5049,11.89,2.6746,0.219535
"batx","thebatx",2026,23802,"Anthony Seigler","BOS",13.9323,15.881,3.13324,0.733686,0.0426953,1.67639,0.108846,1.71859,0.27014,1.45304,0.437254,0.12309,0.224891
"batx","thebatx",2026,23818,"Ji Hwan Bae","NYM",22.7276,25.176,5.28336,1.01421,0.0776668,2.00217,0.179595,2.87646,0.299776,1.81438,1.23337,0.265937,0.232465
"batx","thebatx",2026,23917,"Jorbit Vivas","WSN",23.2641,26.048,5.41024,1.07419,0.0663358,2.02245,0.510602,2.45491,0.300709,2.27824,0.489229,0.163196,0.232557
"batx","thebatx",2026,23968,"Jorge Barrosa","ARI",114.154,125.451,25.7366,6.07699,0.455165,8.66759,0.97355,12.8766,1.60388,10.8421,2.73692,0.742131,0.225456
"batx","thebatx",2026,23986,"Curtis Mead","CHW",93.4479,102.104,22.4677,4.68902,0.211596,6.18761,1.64216,10.7478,2.57813,10.548,1.39236,0.505698,0.24043
"batx","thebatx",2026,24064,"Ezequiel Tovar","COL",581.079,625.6,152.672,32.4468,2.93436,30.5148,3.8845,73.8526,20.3112,78.2841,9.62917,3.24463,0.262738
"batx","thebatx",2026,24257,"Jhonkensy Noel","BAL",24.1562,26.123,5.13201,0.956205,0.0492845,1.43952,0.349018,2.7316,1.02007,3.13551,0.0778685,0.0284377,0.212451
"batx","thebatx",2026,24262,"Ceddanne Rafaela","BOS",522.384,559.153,130.74,25.3132,3.99839,24.2807,6.04561,68.5759,16.6005,62.3103,21.0423,5.48393,0.250276
"batx","thebatx",2026,24273,"Liover Peguero","PHI",27.1644,29.355,6.00415,1.22331,0.0905257,1.64717,0.179766,3.02487,0.566289,2.71191,0.68052,0.173651,0.22103
"batx","thebatx",2026,24336,"Johan Rojas","PHI",76.4452,83.431,17.9695,2.95332,0.569037,4.16153,0.671089,9.76251,1.11673,5.67995,4.45942,0.870567,0.235063
"batx","thebatx",2026,24488,"Max Schuemann","NYY",63.4786,72.007,14.107,2.59358,0.238328,6.13926,1.23144,7.81841,1.22352,5.58415,1.90462,0.544412,0.222233
"batx","thebatx",2026,24496,"DaShawn Keirsey Jr.","ATL",24.6801,26.677,5.20712,1.02949,0.0754652,1.51847,0.256819,2.80803,0.401518,2.08151,1.04793,0.26208,0.210985
"batx","thebatx",2026,24589,"Richie Palacios","TBR",150.579,170.186,33.856,6.93682,0.715095,15.8773,1.75948,17.9013,2.54126,14.0701,4.53764,1.28107,0.224839
"batx","thebatx",2026,24598,"Addison Barger","TOR",426.92,470.191,101.257,22.8055,1.32625,35.7518,4.18551,56.0473,17.206,57.6401,4.30728,1.15423,0.237181
"batx","thebatx",2026,24605,"Michael Helman","TEX",91.474,99.124,18.763,4.05019,0.3215,5.66546,0.894818,10.1199,2.43001,9.01448,2.46439,0.583062,0.205119
"batx","thebatx",2026,24610,"Steven Kwan","CLE",568.615,637.762,150.262,23.3536,3.73382,56.3812,4.76697,69.9034,4.40172,50.4163,16.4712,4.80681,0.26426
"batx","thebatx",2026,24617,"Jarren Duran","BOS",552.792,615.296,144.727,34.3307,3.7012,50.8492,7.11826,83.6145,19.3458,71.5882,25.0427,5.10878,0.261811
"batx","thebatx",2026,24618,"Ryan Jeffers","MIN",444.477,505.368,104.991,20.7771,0.476068,45.6545,9.05155,56.9791,15.9335,55.3099,2.34702,0.963261,0.236213
"batx","thebatx",2026,24622,"Ryan Fitzgerald","LAD",10.3207,11.372,2.14794,0.47986,0.0529863,0.805425,0.128072,1.2389,0.265435,1.14188,0.134733,0.0409839,0.20812
"batx","thebatx",2026,24641,"Willie MacIver","TEX",27.6515,30.311,5.83078,1.19295,0.0633601,2.01025,0.382421,2.95577,0.532389,2.59639,0.51159,0.162153,0.210867
"batx","thebatx",2026,24679,"Brendan Donovan","SEA",503.536,569.307,133.078,26.0578,1.09545,49.9705,9.78512,65.6085,13.8342,63.7189,5.11679,1.7568,0.264287
"batx","thebatx",2026,24703,"Jonah Bride","TEX",32.6459,37.164,7.01211,1.23577,0.103595,3.71193,0.468274,3.67868,0.649012,3.16984,0.123913,0.0452037,0.214793
"batx","thebatx",2026,24729,"Logan O'Hoppe","LAA",412.809,453.345,95.1106,17.5568,0.898044,31.4495,5.14084,50.0102,19.203,56.9687,2.8063,0.923206,0.230399
"batx","thebatx",2026,24759,"Mickey Gasper","BOS",33.7874,38.034,7.74943,1.55513,0.0830778,3.26283,0.622066,3.79249,0.770939,3.81883,0.286773,0.0880127,0.229358
"batx","thebatx",2026,24770,"James Outman","MIN",177.699,200.085,35.5865,6.8516,0.995181,18.0453,2.95238,22.6549,6.14864,20.0607,4.17271,1.06875,0.200263
"batx","thebatx",2026,24816,"Andy Pages","LAD",524.895,574.094,134.414,29.0103,1.93014,35.5154,8.29748,75.9053,21.9005,75.6482,9.23708,3.16815,0.256078
"batx","thebatx",2026,24878,"Heriberto Hernández","MIA",292.17,329.345,65.3171,13.5124,1.43218,30.202,3.38893,35.6356,10.3272,36.9796,2.88812,0.839273,0.223559
"batx","thebatx",2026,24934,"David Fry","CLE",187.253,208.917,41.8803,8.43163,0.273079,16.5146,3.41448,22.5047,7.08356,24.0974,1.76087,0.63607,0.223656
"batx","thebatx",2026,25005,"Justin Dean","CHC",22.7858,25.084,4.63578,0.763989,0.076845,1.80059,0.281152,2.61739,0.302811,1.72492,1.18345,0.167445,0.20345
"batx","thebatx",2026,25040,"Vinny Capra","BOS",9.29162,10.17,2.09016,0.417582,0.0273364,0.657234,0.0964881,0.946483,0.127273,0.87838,0.136119,0.0388049,0.224951
"batx","thebatx",2026,25055,"Nate Eaton","BOS",74.6411,81.149,16.5722,3.42326,0.333053,4.56704,0.853361,8.52086,1.33513,6.74017,2.99772,0.646121,0.222025
"batx","thebatx",2026,25180,"Daniel Schneemann","CLE",195.742,219.176,43.2007,8.43456,0.846803,20.2187,1.18357,24.3357,5.71566,21.3079,4.25811,1.17674,0.220702
"batx","thebatx",2026,25332,"Endy Rodríguez","PIT",91.8513,101.014,21.6893,5.07879,0.458909,7.41821,0.837706,10.2475,1.9293,10.5028,0.604011,0.190646,0.236135
"batx","thebatx",2026,25346,"Ronny Simon","PIT",10.462,11.505,2.48271,0.503533,0.0519727,0.815432,0.0679901,1.26623,0.16187,0.963441,0.378411,0.0961525,0.237307
"batx","thebatx",2026,25477,"Isaac Collins","KCR",358.68,411.572,86.3892,17.3103,3.1404,43.3837,4.90294,51.1955,8.05676,37.9214,13.0317,3.89196,0.240853
"batx","thebatx",2026,25479,"Brenton Doyle","COL",514.068,561.433,132.572,26.3644,3.64221,36.3366,3.29591,74.7172,19.5861,66.6255,20.7581,5.54775,0.257889
"batx","thebatx",2026,25483,"Nick Sogard","BOS",80.6431,89.775,18.6637,3.95411,0.213298,7.55299,0.630226,8.9197,1.0072,7.49595,1.9535,0.536356,0.231435
"batx","thebatx",2026,25493,"Joey Ortiz","MIL",470.333,514.156,113.168,19.2346,3.0691,33.0005,4.0188,55.0918,10.5099,49.918,13.0177,3.66685,0.240611
"batx","thebatx",2026,25524,"Aaron Schunk","ATL",15.9276,17.035,3.53149,0.728129,0.0718112,0.823446,0.113387,1.59238,0.254501,1.52347,0.183564,0.0652526,0.221722
"batx","thebatx",2026,25543,"Korey Lee","CHW",113.955,122.036,24.674,4.60834,0.297562,6.43397,0.776634,11.6016,2.90907,11.5312,1.52682,0.502729,0.216523
"batx","thebatx",2026,25575,"Kyle McCann","COL",30.2167,33.477,6.14141,1.19727,0.0298745,2.72072,0.333048,3.20044,0.935334,3.69685,0.0428863,0.0164234,0.203245
"batx","thebatx",2026,25616,"Marco Luciano","NYY",16.3306,18.149,3.03171,0.608564,0.0233565,1.59916,0.0927476,1.68743,0.404786,1.58075,0.197387,0.0640033,0.185646
"batx","thebatx",2026,25621,"Bryan Ramos","BAL",34.2004,37.321,7.42393,1.51107,0.110293,2.33195,0.474285,3.84727,0.879177,3.59424,0.565285,0.168772,0.217072
"batx","thebatx",2026,25629,"Cody Freeman","TEX",158.492,170.47,37.1175,7.05796,0.476754,8.97051,1.26709,16.768,3.15192,16.2331,2.3074,0.732456,0.234191
"batx","thebatx",2026,25643,"Drew Millas","WSN",112.618,123.14,26.8424,5.37281,0.397023,8.548,0.641623,11.3765,1.28797,10.71,2.60819,0.772341,0.23835
"batx","thebatx",2026,25660,"Will Brennan","SFG",142.933,153.809,35.2001,6.73005,0.689292,8.18901,1.3965,15.5923,1.64543,13.4141,2.94455,0.802524,0.246271
"batx","thebatx",2026,25690,"Grant McCray","SFG",57.0208,62.379,11.8402,2.49774,0.26963,4.36451,0.42382,6.74441,1.13604,4.95357,2.204,0.426257,0.207647
"batx","thebatx",2026,25705,"Dustin Harris","CHW",23.1422,25.496,5.21887,1.02392,0.123613,1.83473,0.241947,2.79777,0.522136,2.20463,0.970822,0.216661,0.225514
"batx","thebatx",2026,25714,"Blaine Crim","COL",140.754,154.885,35.6808,7.26201,0.280039,10.9881,1.64271,16.6945,4.42097,19.0221,0.513298,0.191623,0.253498
"batx","thebatx",2026,25764,"Bobby Witt Jr.","KCR",598.539,659.483,174.534,35.3254,5.58207,47.9623,6.42046,104.505,31.2421,96.6472,37.1328,8.39743,0.2916
"batx","thebatx",2026,25768,"CJ Abrams","WSN",557.652,614.234,136.234,28.604,2.94131,38.0495,11.9586,74.4658,16.3513,64.9317,30.2019,8.28798,0.244298
"batx","thebatx",2026,25779,"Tyler Tolbert","KCR",111.523,122.145,24.5091,5.07803,0.496352,6.62118,1.31959,13.8105,1.44379,7.96122,7.16888,1.54064,0.219767
"batx","thebatx",2026,25782,"Pedro Pagés","STL",305.636,332.677,66.369,12.0688,0.309122,20.1605,3.15704,29.5877,8.20402,34.1623,0.610721,0.294931,0.217151
"batx","thebatx",2026,25805,"Blake Sabol","TBR",8.4315,9.342,1.77891,0.34764,0.0267985,0.711094,0.0929455,0.953283,0.258601,0.971996,0.118994,0.037292,0.210984
"batx","thebatx",2026,25807,"Jared Triolo","PIT",420.923,473.434,102.426,19.854,2.26226,44.2207,3.62703,54.6281,8.77969,44.2397,11.4807,3.32178,0.243338
"batx","thebatx",2026,25813,"Grae Kessinger","NYM",6.97077,7.71,1.35886,0.256349,0.0135876,0.595301,0.0643993,0.710345,0.145292,0.6468,0.107326,0.03988,0.194936
"batx","thebatx",2026,25816,"Shea Langeliers","ATH",477.256,525.121,121.982,25.3873,1.48197,39.0598,4.09885,70.7797,28.4116,76.3069,5.95035,1.76879,0.255591
"batx","thebatx",2026,25845,"Michael Toglia","CIN",59.4959,66.356,12.3068,2.49544,0.122972,6.0415,0.343655,7.17698,2.5982,8.03665,0.630898,0.210151,0.20685
"batx","thebatx",2026,25867,"Ryan Kreidler","MIN",89.9518,100.36,17.1265,3.85369,0.142705,8.18421,1.16298,9.57415,1.56513,7.45198,2.45525,0.753146,0.190397
"batx","thebatx",2026,25878,"Corbin Carroll","ARI",527.081,606.092,136.818,29.2385,6.90709,63.6059,7.92845,96.6427,25.5813,77.2415,33.9503,6.80463,0.259577
"batx","thebatx",2026,25931,"Michael Harris II","ATL",535.291,573.807,139.76,28.6468,1.68317,28.0697,4.77376,72.9723,18.1766,66.8675,18.9398,5.0577,0.261092
"batx","thebatx",2026,25961,"Kerry Carpenter","DET",430.645,473.308,107.796,20.1195,3.1213,31.2234,6.85585,60.4861,23.2451,67.4605,2.75521,0.844583,0.250313
"batx","thebatx",2026,25967,"Orelvis Martinez",,64.2353,70.479,12.865,3.01066,0.143437,4.8738,0.798055,6.20431,2.19473,8.47147,0.182448,0.0385861,0.200279
"batx","thebatx",2026,25971,"Kevin Alcántara","CHC",47.2631,51.351,11.0987,2.03236,0.11516,3.37994,0.327672,5.50406,1.20977,5.31278,0.939316,0.16469,0.234829
"batx","thebatx",2026,25976,"Riley Greene","DET",561.871,629.559,139.034,26.0733,3.34462,58.0648,4.89933,80.6538,26.8697,82.756,3.71801,1.12782,0.247448
"batx","thebatx",2026,25979,"Nasim Nuñez","WSN",319.736,357.996,73.0904,11.6895,1.25166,30.1589,1.60298,39.317,3.86724,22.5354,23.3349,4.25486,0.228596
"batx","thebatx",2026,25980,"Matthew Lugo","LAA",61.7075,66.243,13.4956,2.97279,0.244207,3.37397,0.636397,6.80017,1.69563,6.32389,1.46363,0.37591,0.218702
"batx","thebatx",2026,25999,"Victor Mesa Jr.","TBR",28.1224,30.555,6.49497,1.37046,0.105562,1.90136,0.180776,3.0227,0.706858,3.26532,0.344128,0.0671886,0.230953
"batx","thebatx",2026,26031,"Vaughn Grissom","LAA",209.186,229.431,51.7364,9.44966,0.58871,15.3002,3.13181,23.4601,3.71714,20.7054,4.00919,1.21731,0.247322
"batx","thebatx",2026,26106,"Maverick Handley","BAL",7.82759,8.746,1.58066,0.286126,0.0237802,0.671666,0.140614,0.849165,0.130264,0.652832,0.12688,0.023102,0.201934
"batx","thebatx",2026,26121,"Francisco Alvarez","NYM",380.9,426.96,84.6553,14.2595,0.662045,37.0821,5.65149,46.9619,16.115,51.619,0.841944,0.400487,0.222251
"batx","thebatx",2026,26123,"Brett Baty","NYM",403.865,445.836,94.7627,16.9603,0.430323,35.076,3.21955,49.8866,14.8499,51.052,3.7476,1.21102,0.234639
"batx","thebatx",2026,26143,"Troy Johnston","COL",202.95,221.088,50.9818,10.4417,0.906595,13.4139,2.91154,24.7136,4.4891,23.3197,5.07491,1.65581,0.251204
"batx","thebatx",2026,26148,"Tristin English","ATL",6.48749,6.966,1.45401,0.275466,0.0128087,0.327267,0.0905003,0.644514,0.144296,0.703239,0.0180873,0.00516648,0.224125
"batx","thebatx",2026,26149,"Dominic Fletcher","PIT",14.8986,16.167,3.29861,0.67283,0.0498777,0.861088,0.177883,1.43626,0.214767,1.41566,0.134911,0.0507338,0.221404
"batx","thebatx",2026,26151,"Kyle Stowers","MIA",482.03,543.427,113.744,23.8682,1.50647,50.5572,6.4607,63.6231,22.7143,73.6785,3.63073,1.03406,0.235969
"batx","thebatx",2026,26197,"Andrew Vaughn","MIL",489.086,537.724,125.332,24.8843,0.188369,36.2207,6.6148,59.0545,21.6798,79.6003,0.607628,0.247193,0.256258
"batx","thebatx",2026,26202,"Jake Mangum","PIT",307.637,327.679,81.5499,14.1748,2.40458,14.1019,3.06431,36.0305,1.1413,25.5874,12.3638,3.04125,0.265085
"batx","thebatx",2026,26208,"Tyler Fitzgerald","SFG",74.4135,81.043,16.0395,3.17131,0.477635,4.6588,1.03238,8.58292,1.59741,6.89593,2.11449,0.476388,0.215545
"batx","thebatx",2026,26224,"Darell Hernaiz","ATH",176.239,193.096,45.5105,8.80126,0.66461,12.5267,1.2894,21.125,2.52121,16.7459,3.70423,1.13303,0.258231
"batx","thebatx",2026,26284,"John Rave","KCR",93.714,104.361,20.0958,3.93779,0.676628,8.57284,0.54972,11.2546,1.93345,8.78974,2.54591,0.564916,0.214438
"batx","thebatx",2026,26288,"Adley Rutschman","BAL",489.234,559.479,122.565,24.389,1.2195,60.7991,3.83673,66.3394,17.567,64.2436,1.05643,0.368207,0.250525
"batx","thebatx",2026,26289,"Gunnar Henderson","BAL",583.114,659.777,155.906,34.6273,2.71855,64.9907,5.72109,94.2521,24.9809,80.1243,20.6505,5.18536,0.267369
"batx","thebatx",2026,26294,"Bryson Stott","PHI",500.33,554.881,127.501,23.0942,3.27699,46.1998,2.83142,69.5937,13.2805,56.8795,22.0546,5.20554,0.254835
"batx","thebatx",2026,26295,"Oliver Dunn","CHW",10.4553,11.627,2.04752,0.409556,0.0542223,0.935665,0.122459,1.1573,0.188399,0.826576,0.293699,0.0672887,0.195835
"batx","thebatx",2026,26299,"Josh Jung","TEX",469.885,507.019,114.916,22.2531,1.02607,29.0811,4.27505,55.0015,15.9505,59.7117,3.75262,1.4207,0.244563
"batx","thebatx",2026,26319,"Michael Busch","CHC",519.748,590.739,125.996,26.8831,1.63302,58.0196,8.04178,73.7213,24.5961,80.3212,3.15493,1.02938,0.242417
"batx","thebatx",2026,26323,"Spencer Steer","CIN",383.801,433.66,88.8262,17.998,1.70721,40.6781,5.44016,50.0954,13.2314,46.5123,7.8767,2.56799,0.231438
"batx","thebatx",2026,26365,"Jonny DeLuca","TBR",252.702,275.684,58.472,11.9675,1.76384,17.2977,2.91896,30.582,6.09701,26.4779,8.84289,2.17,0.231388
"batx","thebatx",2026,26368,"JJ Bleday","CIN",265.391,299.943,60.1943,12.934,0.779092,30.6423,1.49059,34.4668,12.3494,38.1836,1.95409,0.614405,0.226814
"batx","thebatx",2026,26374,"Kameron Misner","KCR",45.0671,50.484,9.21853,1.93185,0.346959,4.59128,0.369562,5.67159,1.1616,4.65469,1.42325,0.331626,0.204551
"batx","thebatx",2026,26396,"Josh Smith","TEX",447.467,511.163,104.684,20.2508,2.35536,46.7351,10.4471,56.7311,8.92511,44.0685,9.37117,2.71864,0.233948
"batx","thebatx",2026,26420,"Kyren Paris","LAA",55.5823,62.071,11.223,2.26452,0.224648,5.25094,0.716869,6.98617,1.69276,5.36525,2.34451,0.538882,0.201917
"batx","thebatx",2026,26438,"Dominic Canzone","SEA",384.603,421.016,89.8353,17.4099,0.546626,30.2951,2.80999,44.9794,14.7139,52.6753,3.54562,1.16169,0.233579
"batx","thebatx",2026,26466,"Matt Wallner","MIN",417.856,480.958,91.4359,19.9092,0.892687,49.0952,10.7904,60.9306,22.2566,62.7417,4.2505,1.32803,0.218822
"batx","thebatx",2026,26467,"Luis Matos","SFG",165.147,177.707,41.1081,8.35338,0.519212,8.9233,1.60766,19.886,5.0499,19.7608,2.9171,0.956515,0.248918
"batx","thebatx",2026,26469,"Davis Wendzel","PIT",13.7527,15.111,2.82843,0.576346,0.0175683,1.00178,0.216583,1.34987,0.327966,1.48015,0.0711656,0.0174391,0.205664
"batx","thebatx",2026,26477,"Spencer Horwitz","PIT",419.506,476.631,104.418,22.1608,0.766001,48.1418,4.9119,51.8655,10.1798,50.8842,1.76911,0.779542,0.248908
"batx","thebatx",2026,26517,"Noelvi Marte","CIN",458.74,496.766,114.094,22.793,1.66525,29.7352,4.60852,59.8007,16.4719,57.4821,13.9015,4.06707,0.248712
"batx","thebatx",2026,26536,"Warming Bernabel",,60.4186,64.303,14.8511,3.05865,0.193074,2.78244,0.501881,6.06503,1.22495,6.88079,0.738361,0.208493,0.245804
"batx","thebatx",2026,26540,"Angel Martínez","CLE",264.896,290.781,60.7754,11.9611,1.27963,18.0614,2.97783,29.9085,6.37316,27.3158,5.08563,1.48436,0.229431
"batx","thebatx",2026,26546,"Agustín Ramírez","MIA",473.288,519.089,116.678,24.676,1.03005,36.4869,5.10994,59.6356,17.6545,65.039,8.88581,3.52561,0.246526
"batx","thebatx",2026,26548,"Luisangel Acuña","CHW",338.808,363.579,83.4143,14.5173,1.75892,18.9236,1.83271,40.3685,4.02398,26.9323,17.1583,3.82907,0.246199
"batx","thebatx",2026,26599,"Jonatan Clase","TOR",31.2027,34.269,6.78493,1.47408,0.160958,2.47889,0.23666,4.11997,0.680472,2.83961,1.84126,0.315453,0.217447
"batx","thebatx",2026,26668,"Elly De La Cruz","CIN",573.596,640.095,146.302,30.1482,3.72937,57.6833,3.30301,91.3125,21.4632,69.6092,40.4665,9.71583,0.255061
"batx","thebatx",2026,27462,"Austin Martin","MIN",272.325,311.435,70.4879,14.362,1.02185,29.7685,5.32677,37.7821,3.44232,24.0003,10.9894,3.36391,0.258837
"batx","thebatx",2026,27464,"Dillon Dingler","DET",383.114,417.283,92.4827,20.2708,0.869705,24.2369,6.49879,43.3713,11.0425,46.4462,1.66519,0.565714,0.241398
"batx","thebatx",2026,27465,"Spencer Torkelson","DET",538.421,615.471,123.497,26.4579,0.61657,63.659,7.4473,72.6116,26.414,80.6189,2.2612,0.825449,0.229369
"batx","thebatx",2026,27467,"Tyler Soderstrom","ATH",523.903,584.997,133.9,27.5922,2.27024,50.5643,5.47132,74.9677,23.3649,74.2385,5.88521,1.72106,0.255582
"batx","thebatx",2026,27475,"Jordan Walker","STL",453.386,496.926,107.492,23.0393,1.13326,35.0727,5.17931,57.678,17.4376,59.4707,7.77523,2.3851,0.237088
"batx","thebatx",2026,27478,"Patrick Bailey","SFG",428.692,473.742,91.2737,18.3077,0.641401,35.3414,3.34206,43.0046,8.63825,42.3705,1.81621,0.710411,0.212912
"batx","thebatx",2026,27479,"Masyn Winn","STL",560.795,611.501,139.181,26.1837,3.49602,38.2386,4.66296,66.9359,12.1929,58.4782,12.3147,3.68356,0.248185
"batx","thebatx",2026,27482,"Robert Hassell III","WSN",192.969,210.152,46.5353,8.50039,0.699224,14.0005,1.15289,20.7183,3.64658,20.1412,4.38578,1.19632,0.241154
"batx","thebatx",2026,27490,"Nick Gonzales","PIT",372.434,405.713,97.4182,20.9601,2.27879,23.6928,5.13603,44.2536,7.43812,43.3509,3.34296,1.00148,0.261572
"batx","thebatx",2026,27493,"Rece Hinds","CIN",23.9572,25.796,5.27199,1.1374,0.119784,1.42887,0.232338,2.92429,0.899897,2.9176,0.618791,0.165582,0.220059
"batx","thebatx",2026,27496,"Owen Caissie","MIA",380.259,422.58,86.0788,18.5779,0.973194,36.2597,3.06691,43.1467,10.7812,44.6186,4.67312,1.09683,0.226369
"batx","thebatx",2026,27497,"Tyler Callihan","PIT",51.5586,56.883,11.2818,2.36703,0.182585,3.97803,0.452975,5.99328,1.13503,4.9383,1.64712,0.258694,0.218815
"batx","thebatx",2026,27501,"Justin Foscue","TEX",38.8016,42.769,8.41787,1.87992,0.0826072,3.0503,0.554896,4.28239,1.04586,4.28762,0.418249,0.144845,0.216946
"batx","thebatx",2026,27504,"Nick Yorke","PIT",143.627,155.93,36.0449,6.82405,0.56672,9.88989,1.22872,16.8175,2.50379,15.0525,3.49948,1.12636,0.250961
"batx","thebatx",2026,27506,"Ha-Seong Kim","ATL",310.307,352.531,75.2297,13.1881,2.07611,33.45,3.03231,45.1625,8.60776,32.3034,12.7353,4.14774,0.242436
"batx","thebatx",2026,27531,"David Hamilton","MIL",177.106,194.48,36.8358,7.07148,1.53806,14.2963,1.05,24.2997,4.28885,15.5312,15.7737,2.9957,0.207988
"batx","thebatx",2026,27534,"Edouard Julien","COL",256.227,295.385,62.2237,11.8796,1.29026,34.31,2.58629,34.3308,6.56992,29.8171,3.24143,1.1039,0.242846
"batx","thebatx",2026,27555,"Garrett Mitchell","MIL",318.732,358.13,69.9894,12.518,2.4361,32.2887,3.41334,40.4356,7.78681,31.739,12.3685,2.49866,0.219587
"batx","thebatx",2026,27562,"Austin Wells","NYY",394.7,441.062,85.5367,16.9735,1.33845,37.3004,4.75425,49.5423,17.5488,52.0237,3.31499,1.1453,0.216713
"batx","thebatx",2026,27577,"Casey Schmitt","SFG",241.213,264.568,57.8865,11.5171,0.69139,17.3672,2.85259,28.9749,8.17192,30.233,1.90746,0.647746,0.239981
"batx","thebatx",2026,27604,"Alika Williams","PIT",16.0206,17.462,3.69424,0.696965,0.0484607,0.946296,0.150128,1.5707,0.207618,1.45543,0.170433,0.0545937,0.230593
"batx","thebatx",2026,27615,"Alec Burleson","STL",523.48,574.503,137.594,25.2166,0.505876,39.2681,3.96409,65.4537,20.6077,73.6329,4.81957,1.86246,0.262846
"batx","thebatx",2026,27630,"Nick Loftin","KCR",120.997,133.418,28.5364,5.75536,0.483779,9.73704,1.26619,13.9201,2.44521,13.2125,1.69523,0.534347,0.235844
"batx","thebatx",2026,27647,"Anthony Volpe","NYY",409.846,450.702,94.1231,19.7284,1.70176,31.3596,4.20067,54.1584,12.6263,44.4449,15.7843,4.39146,0.229655
"batx","thebatx",2026,27653,"Christian Koss","SFG",91.2795,98.527,21.5017,4.22748,0.447408,4.51979,1.05556,10.1648,1.42343,8.03262,2.17621,0.556036,0.235559
"batx","thebatx",2026,27676,"Vinnie Pasquantino","KCR",562.85,628.633,144.571,30.5184,1.80494,51.9648,6.07661,73.4757,23.7658,86.8438,0.909383,0.3176,0.256855
"batx","thebatx",2026,27684,"Michael Massey","KCR",257.988,278.786,60.7896,12.9203,0.887229,14.1697,2.85153,28.5221,8.2727,33.6657,2.0069,0.670847,0.23563
"batx","thebatx",2026,27690,"Joey Wiemer","WSN",125.281,138.638,26.3009,5.33406,0.458869,10.9501,1.41201,13.8779,3.77559,14.8092,2.38861,0.748124,0.209935
"batx","thebatx",2026,27735,"Brett Wisely","ATL",35.7584,39.404,7.62538,1.69992,0.0604349,2.72678,0.287227,3.70804,0.583857,3.32747,0.700033,0.208499,0.213247
"batx","thebatx",2026,27763,"Drew Romo","CHW",19.4343,20.953,4.10721,0.81733,0.0600153,1.05866,0.180978,1.83844,0.41159,1.89113,0.188471,0.059424,0.211338
"batx","thebatx",2026,27769,"Pete Crow-Armstrong","CHC",561.895,618.578,136.848,26.7194,5.95458,36.2775,8.0719,87.1174,22.1212,66.8465,35.3089,6.37423,0.243546
"batx","thebatx",2026,27770,"Zac Veen","COL",108.244,119.052,25.8902,5.32803,0.615813,8.5078,0.87665,13.9369,2.54527,11.5978,4.52859,0.740126,0.239183
"batx","thebatx",2026,27781,"Pedro León","PHI",26.9627,29.618,5.47193,1.0554,0.0482617,1.8525,0.455208,3.13202,0.770736,2.77472,0.870222,0.150774,0.202945
"batx","thebatx",2026,27789,"Shay Whitcomb","HOU",27.4145,29.79,5.69746,1.11048,0.0178486,1.89177,0.283988,3.1231,0.910554,3.10203,0.598594,0.177452,0.207827
"batx","thebatx",2026,27790,"Evan Carter","TEX",384.84,434.312,90.2931,18.2433,3.23891,40.1673,5.62365,54.4817,10.4017,40.0598,16.3353,3.67037,0.234625
"batx","thebatx",2026,27815,"Jordan Westburg","BAL",360.557,394.449,93.6678,17.5536,3.06151,25.8251,5.01269,52.1974,15.7869,49.4183,5.09864,1.47922,0.259787
"batx","thebatx",2026,27845,"Matt Mervis","WSN",35.6546,39.169,7.0818,1.47386,0.0316048,2.75831,0.444901,3.47061,1.30647,4.71031,0.193663,0.0662953,0.198622
"batx","thebatx",2026,27883,"Thomas Saggese","STL",214.448,232.246,52.0714,10.3653,1.22979,13.1212,2.36211,23.4426,4.27436,22.5948,2.74264,0.869906,0.242816
"batx","thebatx",2026,27899,"Colt Keith","DET",442.89,493.37,112.315,20.5087,4.6742,43.5303,2.98224,59.4204,13.8035,54.3863,3.7865,1.04505,0.253595
"batx","thebatx",2026,27915,"Alejandro Osuna","TEX",61.9835,69.606,14.7929,2.9784,0.299174,5.63618,0.930228,7.926,1.20103,5.95092,2.08459,0.520124,0.238658
"batx","thebatx",2026,27931,"Petey Halpin","CLE",50.2077,54.671,10.7297,2.28442,0.244599,3.66963,0.311984,5.28781,1.09466,5.03605,0.889295,0.1874,0.213706
"batx","thebatx",2026,27962,"Adael Amador","COL",128.222,143.017,31.5227,5.77097,0.491211,11.8626,1.20662,16.5384,2.67748,13.466,4.58511,1.51381,0.245845
"batx","thebatx",2026,27963,"Maximo Acosta","MIA",75.9293,82.535,17.7827,3.63163,0.353387,5.09271,0.727639,9.02994,1.74288,7.93827,2.87892,0.760386,0.234201
"batx","thebatx",2026,28022,"Edgar Quero","CHW",383.05,428.259,96.8342,17.3644,0.677525,35.1241,5.51604,44.0177,8.38926,42.5639,0.769328,0.502985,0.252798
"batx","thebatx",2026,28080,"Jasson Domínguez","NYY",205.848,230.433,49.0978,9.52467,1.02933,21.3717,1.65222,30.1678,7.51024,23.688,9.42764,2.30918,0.238515
"batx","thebatx",2026,28142,"Jhostynxon Garcia","PIT",217.392,236.505,50.5602,10.273,1.04243,14.7191,2.28068,25.2587,6.43901,26.21,3.19606,0.641405,0.232577
"batx","thebatx",2026,28163,"Junior Caminero","TBR",584.141,636.073,156.527,27.2351,0.633688,41.5342,4.65575,81.9507,36.1666,104.953,4.87754,1.77972,0.267961
"batx","thebatx",2026,28253,"Javier Sanoja","MIA",218.772,235.3,59.0571,11.2325,1.89583,12.552,0.973773,26.4286,3.348,22.945,7.13204,2.09937,0.269948
"batx","thebatx",2026,28312,"Coby Mayo","BAL",189.793,210.856,42.1209,8.30292,0.946218,17.3129,2.38322,24.4153,7.75984,24.4053,1.58615,0.524759,0.22193
"batx","thebatx",2026,28344,"Tsung-Che Cheng","BOS",15.3491,17.163,3.31488,0.73711,0.0560562,1.32898,0.113337,1.73528,0.223389,1.26904,0.498439,0.0833616,0.215965
"batx","thebatx",2026,28552,"Yanquiel Fernández","NYY",71.0411,76.681,15.4692,3.18189,0.113681,4.63625,0.417335,7.02435,1.91739,7.95875,0.134314,0.0482698,0.21775
"batx","thebatx",2026,28806,"Jackson Chourio","MIL",579.152,629.213,155.763,30.6675,4.23159,39.9481,4.30086,81.0084,21.3603,81.8259,24.5669,6.40718,0.26895
"batx","thebatx",2026,28816,"Denzer Guzman","LAA",35.7294,38.98,7.53241,1.58044,0.0857265,2.62016,0.273717,3.80173,1.05215,3.73807,0.580711,0.102829,0.210818
"batx","thebatx",2026,28820,"Moisés Ballesteros","CHC",320.922,354.744,81.6596,15.531,1.0653,28.1377,2.23542,38.3763,8.41492,40.3933,1.35491,0.450959,0.254453
"batx","thebatx",2026,28824,"Samuel Basallo","BAL",389.092,426.772,91.9548,17.8999,0.585423,31.1215,2.9116,48.139,15.6846,51.7229,3.08162,1.07652,0.236332
"batx","thebatx",2026,29478,"Carter Jensen","KCR",354.729,397.614,84.1633,17.607,3.0389,37.5269,2.16657,47.1877,11.5634,45.4881,4.90068,1.333,0.237261
"batx","thebatx",2026,29487,"Blake Dunn","CIN",28.8117,32.418,6.56459,1.11358,0.120996,2.46233,0.707367,3.54536,0.563528,2.48026,0.98402,0.23202,0.227844
"batx","thebatx",2026,29490,"Jackson Merrill","SDP",554.024,606.448,150.451,33.6788,1.92227,41.138,3.15642,76.9987,22.3788,78.8112,9.16193,2.44491,0.271561
"batx","thebatx",2026,29518,"James Wood","WSN",549.563,629.981,141.388,28.9897,1.95034,72.4855,4.27751,81.803,22.6453,79.579,17.3678,5.12214,0.257274
"batx","thebatx",2026,29524,"Bryce Teodosio","LAA",199.698,215.879,40.6852,8.21172,0.991335,10.8736,2.87373,21.2228,2.86018,14.2113,8.35907,1.69502,0.203734
"batx","thebatx",2026,29547,"Ryan Bliss","SEA",91.4047,100.804,19.5225,3.82772,0.644625,7.34057,0.952613,12.1961,2.0336,7.95334,6.00887,1.56214,0.213583
"batx","thebatx",2026,29554,"Adrian Del Castillo","ARI",203.824,225.304,46.2234,10.3231,0.612738,17.5652,1.91529,23.4597,6.68352,27.3997,0.469508,0.167586,0.226781
"batx","thebatx",2026,29571,"Tim Tawa","ARI",144.864,158.503,32.9908,6.65488,0.526334,11.049,1.12856,17.3373,3.88696,16.8193,2.79524,0.944868,0.227736
"batx","thebatx",2026,29573,"Billy Cook","PIT",51.6323,56.309,11.059,2.39502,0.176294,3.49786,0.630943,5.71964,1.23877,5.28753,1.30607,0.356929,0.214187
"batx","thebatx",2026,29575,"Trey Sweeney","DET",54.9374,60.491,11.5082,2.17643,0.434378,4.64862,0.49847,6.65429,1.5642,5.79768,1.1066,0.293812,0.209478
"batx","thebatx",2026,29576,"Ben Rice","NYY",475.304,541.356,118.394,23.3232,2.57091,53.9362,7.81633,73.3195,25.7673,71.2518,5.1816,1.59059,0.249091
"batx","thebatx",2026,29591,"Colton Cowser","BAL",454.16,512.5,103.887,22.282,0.841684,47.152,7.11265,65.8248,20.9363,61.9553,11.1201,3.12998,0.228745
"batx","thebatx",2026,29592,"Connor Norby","MIA",414.921,453.534,100.972,21.0059,2.91125,30.7312,4.12487,50.0862,11.8661,50.3355,8.15343,2.30333,0.243352
"batx","thebatx",2026,29606,"Justyn-Henry Malloy","TBR",106.722,122.541,25.0377,4.88295,0.222674,13.4784,1.39026,13.5136,3.38682,13.4598,0.773745,0.30015,0.234607
"batx","thebatx",2026,29617,"Henry Davis","PIT",233.031,260.426,50.7068,9.74028,0.72818,19.3374,5.15365,28.2944,7.84384,27.6983,3.61448,1.16065,0.217597
"batx","thebatx",2026,29622,"Sal Frelick","MIL",492.358,546.819,123.296,20.8122,4.61051,42.6764,5.40848,59.9969,6.13762,47.109,16.4935,3.67585,0.250419
"batx","thebatx",2026,29630,"Joey Loperfido","HOU",322.838,354.167,73.3177,14.0174,2.84773,22.0482,5.33506,38.7724,6.71703,31.0103,7.00469,1.69229,0.227103
"batx","thebatx",2026,29634,"Will Wagner","SDP",74.611,82.678,18.2165,3.74792,0.121137,6.6472,0.678002,8.38848,1.0521,7.39307,0.571616,0.184254,0.244153
"batx","thebatx",2026,29646,"Caleb Durbin","BOS",478.569,531.998,119.439,21.3379,2.94355,32.7841,13.1383,61.3535,8.76743,48.1902,18.9557,5.13306,0.249575
"batx","thebatx",2026,29668,"Marcelo Mayer","BOS",394.549,431.776,96.5345,22.2265,1.35691,31.6739,2.05844,46.9382,10.3738,48.1258,7.06395,1.84646,0.244671
"batx","thebatx",2026,29695,"Matt McLain","CIN",485.885,546.145,114.687,22.2666,2.6889,48.9414,6.50555,67.4487,17.8496,58.2801,16.1606,4.45714,0.236038
"batx","thebatx",2026,29704,"Braxton Fulford","COL",172.872,190.381,41.5686,9.19165,0.98334,12.3907,3.18211,21.3295,5.04628,21.1851,2.52004,0.741904,0.240459
"batx","thebatx",2026,29712,"Colson Montgomery","CHW",492.572,550.992,106.917,20.1079,1.78593,45.3206,8.76353,62.1575,22.8043,66.5692,3.58504,1.04767,0.217059
"batx","thebatx",2026,29715,"Hunter Goodman","COL",510.143,554.801,129.707,29.0342,1.28903,34.0333,5.59889,68.9218,27.6481,86.265,2.40223,0.871959,0.254256
"batx","thebatx",2026,29766,"Zack Gelof","ATH",149.098,164.374,32.6022,6.6852,0.403048,12.7005,1.10158,20.1372,5.44656,16.6729,5.76644,1.64847,0.218663
"batx","thebatx",2026,29779,"Max Muncy","ATH",346.4,377.924,79.5145,16.1142,1.03163,22.2987,4.66362,41.8299,11.0841,38.766,4.99689,1.54812,0.229545
"batx","thebatx",2026,29782,"Niko Kavadas","LAA",19.6041,22.393,3.52314,0.728159,0.0329656,2.27185,0.360398,2.09862,0.720958,2.40137,0.0440434,0.0142738,0.179714
"batx","thebatx",2026,29788,"Brett Harris","ATH",100.695,111.835,23.0439,4.35259,0.241094,8.41197,1.5259,11.8236,2.21083,9.83991,1.50243,0.494644,0.228848
"batx","thebatx",2026,29794,"Kyle Manzardo","CLE",462.227,522.69,107.453,21.8381,0.749239,49.117,5.77128,59.798,23.7668,73.078,1.34842,0.503783,0.232468
"batx","thebatx",2026,29830,"Jack Winkler","HOU",5.82986,6.328,1.17158,0.243834,0.00584179,0.381428,0.0632327,0.618361,0.104312,0.499816,0.194937,0.0277657,0.200963
"batx","thebatx",2026,29844,"Liam Hicks","MIA",267.317,306.109,63.8004,12.0163,0.809003,29.5549,5.51948,29.1865,3.25583,26.4219,1.33191,0.461978,0.238669
"batx","thebatx",2026,29858,"Denzel Clarke","ATH",348.697,381.965,77.5147,16.9169,1.85713,25.2083,5.10208,43.8858,7.74309,31.9447,11.2094,2.62963,0.222298
"batx","thebatx",2026,29931,"Jacob Young","WSN",331.947,369.117,80.1189,11.5824,2.52789,23.1158,4.72999,38.9653,1.07208,19.4544,19.4533,4.35662,0.24136
"batx","thebatx",2026,29949,"Tyler Black","MIL",32.9675,37.359,7.01697,1.37504,0.224621,3.63328,0.508536,3.95406,0.576794,3.1489,1.23088,0.359718,0.212845
"batx","thebatx",2026,29958,"Harry Ford","WSN",226.087,255.537,51.6684,10.6962,0.604044,23.9332,3.4763,26.4325,5.4768,25.7144,5.55677,0.960875,0.228533
"batx","thebatx",2026,29976,"Jordan Lawlar","ARI",369.987,407.896,88.8092,18.4139,2.5951,29.4409,4.70592,49.176,8.46592,39.7282,14.8972,3.50241,0.240034
"batx","thebatx",2026,29993,"Brady House","WSN",474.635,505.317,112.117,20.9972,1.59492,22.6204,4.33014,46.8952,10.8853,54.3588,5.52548,1.96247,0.236218
"batx","thebatx",2026,29995,"Daylen Lile","WSN",505.267,550.82,134.058,30.2153,4.60034,34.4515,5.53314,61.4536,8.55327,56.4816,14.7325,3.52847,0.265321
"batx","thebatx",2026,30011,"Christian Encarnacion-Strand","CIN",83.2448,89.564,20.0326,3.90351,0.233627,4.46436,1.10091,9.63775,3.50358,11.5455,0.457811,0.15014,0.240646
"batx","thebatx",2026,30038,"Carson Williams","TBR",386.357,424.709,83.6562,16.6523,2.08868,31.0777,4.09736,47.9097,13.1069,46.075,9.71268,2.87152,0.216525
"batx","thebatx",2026,30063,"Tristan Peters","CHW",26.8519,29.59,5.92006,1.26197,0.151769,2.2423,0.202625,2.9238,0.545914,2.60031,0.446302,0.0908504,0.220471
"batx","thebatx",2026,30116,"Seiya Suzuki","CHC",501.979,572.715,127.773,25.6588,1.68848,61.0865,4.15412,78.258,25.8428,79.4352,9.56471,2.87931,0.254538
"batx","thebatx",2026,30163,"César Prieto","STL",38.569,40.972,9.2684,1.85876,0.0943276,1.56323,0.409449,3.6704,0.528365,3.831,0.405289,0.116946,0.240307
"batx","thebatx",2026,31166,"Heston Kjerstad","BAL",54.8602,60.043,12.4976,2.55523,0.173076,3.66061,1.02166,6.24637,1.54356,6.3068,0.32761,0.0969659,0.227808
"batx","thebatx",2026,31347,"Zach Neto","LAA",567.393,633.931,141.084,28.8488,2.15621,43.3777,16.0492,85.2357,26.3331,75.4118,26.9273,8.15081,0.248654
"batx","thebatx",2026,31349,"Victor Scott II","STL",453.868,506.877,100.314,15.7699,4.02411,36.7411,7.10099,60.5003,7.62883,33.0121,31.3938,4.89561,0.22102
"batx","thebatx",2026,31354,"Jimmy Crooks","STL",91.2196,100.753,21.8088,4.42877,0.325249,7.15225,1.36445,10.2247,2.13162,10.1387,0.462099,0.103001,0.23908
"batx","thebatx",2026,31357,"Nathan Church","STL",156.174,169.683,38.3602,6.83766,0.764231,9.42325,1.90627,17.165,2.32664,14.8743,3.55665,0.86039,0.245625
"batx","thebatx",2026,31363,"Graham Pauley","MIA",288.076,319.728,63.2361,13.5208,0.841308,25.7201,2.96984,31.4512,7.92932,33.6625,4.29324,1.2803,0.219512
"batx","thebatx",2026,31370,"Jakob Marsee","MIA",491.159,564.173,114.153,24.2881,2.69092,57.7519,7.47669,69.2726,12.7213,50.9091,25.5742,6.72566,0.232416
"batx","thebatx",2026,31382,"Dalton Rushing","LAD",178.85,201.421,39.6713,8.53694,0.59754,17.7096,3.425,24.0032,6.68474,23.9002,0.692908,0.214992,0.221813
"batx","thebatx",2026,31394,"Brooks Baldwin","CHW",316.176,345.35,74.3881,13.7173,1.80279,22.0112,1.8514,38.8794,11.3235,36.2681,6.79563,1.70666,0.235275
"batx","thebatx",2026,31396,"Tyler Locklear","ARI",170.16,188.94,40.1046,8.15365,0.525409,14.0458,3.324,21.2036,4.73606,20.8904,3.17783,1.14439,0.235688
"batx","thebatx",2026,31431,"Jordan Beck","COL",492.239,540.797,124.394,26.2276,3.03904,40.6702,3.66571,68.4604,16.5921,62.9472,15.4858,4.67212,0.252711
"batx","thebatx",2026,31437,"Jace Jung","DET",67.4583,76.5,13.9281,2.66643,0.316194,7.86577,0.613184,7.66548,1.70987,7.06012,0.347408,0.119124,0.20647
"batx","thebatx",2026,31490,"Wade Meckler","LAA",29.3653,32.513,7.05681,1.29452,0.177104,2.68762,0.1788,3.23743,0.258956,2.46425,0.506949,0.116945,0.240311
"batx","thebatx",2026,31500,"Ryan Ritter","COL",205.375,227.794,50.101,10.1574,1.51828,15.3879,3.64077,24.8442,3.64681,20.3794,3.88763,1.06389,0.243949
"batx","thebatx",2026,31505,"Sal Stewart","CIN",440.316,483.912,119.35,24.1228,0.543427,35.121,4.27516,59.243,18.2757,63.7694,5.77926,2.15398,0.271056
"batx","thebatx",2026,31522,"Tim Elko","CHW",15.1275,16.198,3.33947,0.588626,0.0210996,0.843644,0.134747,1.53026,0.472525,1.71922,0.0375638,0.0124357,0.220755
"batx","thebatx",2026,31539,"Drake Baldwin","ATL",480.947,535.046,122.438,22.3678,0.655246,44.8986,4.36451,60.459,15.9877,63.5439,0.466256,0.174728,0.254577
"batx","thebatx",2026,31545,"Drew Gilbert","SFG",115.819,128.068,25.5507,5.49771,0.479836,9.53025,1.69446,13.0937,2.47273,11.7603,1.6307,0.445622,0.220608
"batx","thebatx",2026,31562,"Zach Dezenzo","HOU",105.565,115.45,23.9188,4.6182,0.152868,8.11101,0.965718,12.5162,3.26963,12.1537,1.51358,0.429717,0.226578
"batx","thebatx",2026,31564,"Alan Roden","MIN",175.382,195.695,43.3139,8.41172,0.9084,14.9644,3.8095,21.2901,2.4599,16.7352,3.20902,0.858343,0.246969
"batx","thebatx",2026,31567,"Trey Lipscomb","WSN",21.3554,22.832,4.811,0.861425,0.076312,1.15521,0.128219,1.94539,0.205241,1.85415,0.430663,0.162377,0.225282
"batx","thebatx",2026,31580,"Chase Meidroth","CHW",475.025,536.631,118.735,19.3284,1.53862,49.4746,7.37578,57.0023,4.68533,39.939,10.551,3.79167,0.249955
"batx","thebatx",2026,31583,"Zach Cole","HOU",275.007,305.525,55.6159,10.8916,2.18149,24.4881,4.07974,35.7448,9.41582,30.5233,6.89522,1.62382,0.202234
"batx","thebatx",2026,31595,"Brooks Lee","MIN",498.211,540.637,117.954,22.4352,1.26604,33.8552,3.08382,53.2411,11.6248,54.9879,3.61753,1.3494,0.236755
"batx","thebatx",2026,31661,"Jacob Melton","TBR",123.072,133.886,26.8081,5.72836,0.552374,8.99884,0.797275,15.5069,3.16047,12.2009,6.59624,1.37424,0.217824
"batx","thebatx",2026,31665,"Alex Freeland","LAD",64.4535,72.41,14.0458,2.77326,0.198971,6.66039,0.716233,8.64466,1.7978,7.14178,1.51364,0.489124,0.217921
"batx","thebatx",2026,31680,"Cole Young","SEA",349.718,392.924,82.6574,17.218,1.1054,34.3963,4.52686,42.2556,8.07192,38.5723,6.32507,1.78944,0.236354
"batx","thebatx",2026,31695,"Dylan Beavers","BAL",345.802,391.626,82.6203,17.9295,1.4771,39.282,2.30765,48.2205,10.7819,39.8105,10.3846,2.37151,0.238924
"batx","thebatx",2026,31765,"Nacho Alvarez Jr.","ATL",47.4835,52.72,11.4137,1.93653,0.216884,4.00798,0.807919,5.73222,0.918017,4.80642,0.694653,0.282299,0.240371
"batx","thebatx",2026,31781,"Jackson Holliday","BAL",448.522,504.755,112.528,22.4375,2.07033,48.4893,3.9062,64.2008,13.2092,51.3377,14.0115,3.72157,0.250885
"batx","thebatx",2026,31792,"Otto Kemp","PHI",200.822,222.985,47.8605,10.1715,1.03178,14.9139,5.4503,26.1375,6.65914,25.5943,4.16917,1.18571,0.238323
"batx","thebatx",2026,31793,"Rhylan Thomas","SEA",16.9964,18.388,4.23265,0.799092,0.0212297,0.968292,0.0933314,1.77756,0.125807,1.49022,0.575754,0.122392,0.249032
"batx","thebatx",2026,31812,"Roman Anthony","BOS",529.359,609.576,140.386,30.568,2.35018,71.3374,4.69658,80.3305,19.4175,73.18,9.83222,2.82513,0.2652
"batx","thebatx",2026,31837,"Masataka Yoshida","BOS",192.911,213.302,51.7647,9.92822,0.489577,15.196,3.23788,23.8453,5.02779,24.6217,1.80203,0.579872,0.268334
"batx","thebatx",2026,31855,"Colby Thomas","ATH",236.991,256.748,54.7703,12.4535,0.738512,13.712,3.66759,30.3132,9.23946,29.3124,4.6224,1.22881,0.231107
"batx","thebatx",2026,31912,"Chandler Simpson","TBR",415.302,447.695,118.483,14.8571,4.23327,23.1624,1.15237,56.7697,0,29.2284,37.0619,6.41016,0.285294
"batx","thebatx",2026,31991,"Rafael Flores Jr.","PIT",60.2337,65.9,13.9739,2.72754,0.0979156,4.72285,0.509841,6.65718,1.64033,7.13377,0.35188,0.0731693,0.231995
"batx","thebatx",2026,32127,"Chase DeLauter","CLE",418.588,459.509,100.1,21.0429,0.971204,34.1252,2.90294,47.5868,11.65,49.7983,4.1228,1.00816,0.239137
"batx","thebatx",2026,33189,"Nolan Schanuel","LAA",515.31,598.241,130.838,22.4711,2.44924,65.7835,9.25106,65.2724,8.47083,50.8168,5.92473,2.30466,0.253902
"batx","thebatx",2026,33197,"Ben Williamson","TBR",242.195,262.154,60.934,10.7341,1.26313,15.3424,2.41115,26.5872,2.76794,22.8923,4.71497,1.52567,0.251591
"batx","thebatx",2026,33252,"Kyle Karros","COL",239.459,265.13,63.4525,12.8727,0.992858,20.8479,2.65446,28.8701,4.67357,28.3797,1.94721,0.711074,0.264983
"batx","thebatx",2026,33266,"Jacob Wilson","ATH",532.531,574.73,155.771,26.4633,2.276,28.9921,6.3094,65.3748,7.04931,56.3304,5.15225,1.93763,0.292511
"batx","thebatx",2026,33280,"Brice Matthews","HOU",54.5423,60.721,11.388,2.12789,0.106797,4.89045,0.782596,7.50325,1.98741,5.95473,2.81961,0.408183,0.208792
"batx","thebatx",2026,33321,"Luke Keaschall","MIN",474.635,534.407,128.718,27.0106,1.88171,45.5704,8.67198,68.3415,10.5178,52.1708,19.9712,5.54449,0.271194
"batx","thebatx",2026,33322,"Matt Shaw","CHC",284.077,313.892,67.5107,12.5721,1.67524,24.1489,2.92948,37.6285,7.0138,30.1919,10.9181,2.9209,0.23765
"batx","thebatx",2026,33333,"Wyatt Langford","TEX",533.039,613.384,133.37,27.2974,3.07073,69.7725,6.30816,86.7097,25.0067,74.3305,19.8444,5.32612,0.250206
"batx","thebatx",2026,33390,"Bryce Eldridge","SFG",294.058,327.028,69.3462,13.9492,0.454452,27.9502,2.1538,36.9597,12.8319,42.6127,1.65955,0.281836,0.235825
"batx","thebatx",2026,33541,"Dylan Crews","WSN",401.165,439.741,94.6575,17.7075,2.39088,28.8698,6.23097,51.8255,12.4524,47.0641,17.5739,5.077,0.235956
"batx","thebatx",2026,33549,"Kyle Teel","CHW",346.026,394.336,84.1291,15.1054,1.52013,40.6958,3.91355,45.8004,10.6454,39.4567,4.54025,1.30762,0.24313
"batx","thebatx",2026,33644,"Kristian Campbell","BOS",110.694,124.295,27.041,4.48764,0.403496,11.0004,1.7693,13.9251,2.71862,12.3357,1.63636,0.580162,0.244287
"batx","thebatx",2026,33704,"CJ Kayfus","CLE",297.901,331.903,68.9947,14.1635,1.88152,26.9709,4.1764,36.6043,8.52361,33.9925,3.50951,0.973651,0.231603
"batx","thebatx",2026,33824,"Jung Hoo Lee","SFG",513.989,567.464,137.228,31.8751,3.58471,42.752,4.9518,65.177,7.04218,55.08,8.55697,2.25046,0.266986
"batx","thebatx",2026,34979,"Christian Moore","LAA",284.158,315.918,61.9867,10.6831,1.28082,26.4341,2.52579,33.1432,8.53178,30.1661,5.44867,1.49901,0.218141
"batx","thebatx",2026,35041,"Jac Caglianone","KCR",447.331,494.451,103.627,20.7024,1.90401,37.683,5.93346,55.4714,16.484,60.0036,3.32648,1.06222,0.231655
"batx","thebatx",2026,35108,"Cam Smith","HOU",433.081,483.457,104.871,21.2543,1.42604,40.7515,6.17173,55.2612,10.8479,47.1596,7.05567,1.86515,0.242152
"batx","thebatx",2026,35110,"Nick Kurtz","ATH",498.967,579.097,125.295,23.4411,2.26989,71.408,4.3805,83.8585,33.6699,88.0907,3.20314,0.980259,0.25111
"batx","thebatx",2026,35322,"Hyeseong Kim","LAD",152.342,164.049,37.041,6.65474,1.12989,9.40217,0.842794,19.7829,1.99014,13.9044,6.18619,1.35907,0.243143
"batx","thebatx",2026,,"A.J. Vukovich","ARI",22.2181,23.926,5.06474,0.959607,0.0767627,1.40363,0.142884,2.45988,0.592546,2.63769,0.246562,0.0540253,0.227955
"batx","thebatx",2026,,"Abimelec Ortiz","WSN",182.061,200.187,39.5894,8.22353,0.488288,14.3776,1.93288,18.7912,6.02079,23.6481,1.01591,0.251296,0.217452
"batx","thebatx",2026,,"Aidan Miller","PHI",49.4366,54.99,11.2518,2.34596,0.169913,4.48501,0.663722,6.47801,1.27134,5.23017,2.24888,0.341197,0.227601
"batx","thebatx",2026,,"Ben Cowles","CHC",15.5827,17.104,3.46702,0.740133,0.0511735,1.18021,0.191116,1.76224,0.326095,1.61827,0.330371,0.059324,0.222491
"batx","thebatx",2026,,"Blake Hunt","SDP",15.619,16.954,3.21918,0.690876,0.060836,1.01511,0.176043,1.56568,0.372597,1.65543,0.0591132,0.0137516,0.206107
"batx","thebatx",2026,,"Blaze Jordan","STL",15.5136,16.684,3.97381,0.866476,0.0300542,0.900491,0.131486,1.67927,0.360418,1.86095,0.0658772,0.0133389,0.256151
"batx","thebatx",2026,,"Braden Montgomery","CHW",116.071,127.593,26.0447,5.32411,0.385459,9.16053,1.35808,13.0916,3.16154,12.3841,1.63196,0.371734,0.224386
"batx","thebatx",2026,,"Brandon Valenzuela","TOR",20.8553,22.859,4.39629,0.925102,0.0439588,1.70013,0.121047,2.22122,0.533323,2.26447,0.163796,0.041792,0.2108
"batx","thebatx",2026,,"Brennen Davis","SEA",15.3121,17.078,3.01456,0.576277,0.0454033,1.29388,0.341056,1.76655,0.612955,2.01092,0.177275,0.0357406,0.196874
"batx","thebatx",2026,,"Brock Wilken","MIL",42.7305,47.871,8.44937,1.73431,0.0815146,4.43362,0.380189,4.57944,1.58464,5.79895,0.112662,0.0253085,0.197736
"batx","thebatx",2026,,"Bryan Torres","STL",35.1802,38.679,8.75057,1.74873,0.142457,2.76447,0.170733,3.87657,0.176947,2.85539,1.0385,0.196612,0.248735
"batx","thebatx",2026,,"Cameron Cauley","TEX",19.6417,21.256,4.12065,0.878877,0.0966851,1.34552,0.103451,2.24607,0.49653,1.96223,0.643298,0.0692327,0.209791
"batx","thebatx",2026,,"Carson Benge","NYM",343.816,381.367,82.1043,17.583,0.766762,30.7718,3.71786,42.1519,8.94995,39.0361,7.30269,1.49263,0.238803
"batx","thebatx",2026,,"Charlie Condon","COL",156.161,171.631,37.7511,7.30799,0.71522,11.5266,2.5343,18.8971,4.81538,19.6227,1.3053,0.351597,0.241744
"batx","thebatx",2026,,"Christian Franklin","WSN",68.2075,76.879,15.3681,2.85593,0.227041,7.0566,0.920478,7.73122,1.23666,6.58909,1.69869,0.377701,0.225313
"batx","thebatx",2026,,"Colt Emerson","SEA",255.32,283.281,61.2099,13.1935,0.601925,21.9918,3.69455,29.8782,5.43956,28.4453,5.19918,0.921859,0.239737
"batx","thebatx",2026,,"Daniel Susac","SFG",82.3909,88.502,18.5991,3.33889,0.236918,4.56605,0.884244,8.75141,1.97524,8.7089,0.935866,0.18938,0.225742
"batx","thebatx",2026,,"Deyvison De Los Santos","MIA",76.8193,82.377,18.1966,3.25479,0.205612,4.35946,0.599307,8.01775,2.11429,9.18204,1.01091,0.228067,0.236875
"batx","thebatx",2026,,"Dom Keegan","TBR",62.6396,68.568,14.2881,2.94346,0.173181,4.67031,0.693665,6.60479,1.73626,7.67393,0.104989,0.0275358,0.2281
"batx","thebatx",2026,,"Eduardo Valencia","DET",11.5448,12.631,2.82231,0.559205,0.0152597,0.83631,0.101159,1.31904,0.365787,1.43647,0.0529443,0.0118213,0.244467
"batx","thebatx",2026,,"Edwin Arroyo","CIN",24.1709,26.145,6.02507,1.29592,0.141757,1.47997,0.238499,2.80045,0.459709,2.53556,0.607927,0.108974,0.249269
"batx","thebatx",2026,,"Emmanuel Rodriguez","MIN",61.5741,71.815,13.177,2.55481,0.469733,9.1472,0.605612,8.84764,1.8124,6.28228,1.79804,0.310119,0.214003
"batx","thebatx",2026,,"Esmerlyn Valdez","PIT",33.6445,36.96,7.66352,1.5233,0.0813805,2.58248,0.460486,3.94268,1.17906,4.35566,0.228347,0.055383,0.227779
"batx","thebatx",2026,,"Ethan Murray","MIL",13.5656,14.931,2.71824,0.577985,0.0324262,1.0477,0.137638,1.27945,0.234265,1.29773,0.184834,0.0378338,0.200378
"batx","thebatx",2026,,"Gabriel Gonzalez","MIN",48.1345,52.016,12.591,2.77413,0.107414,2.75523,0.697121,5.65301,0.984506,5.41475,0.595357,0.126327,0.26158
"batx","thebatx",2026,,"Gabriel Rincones Jr.","PHI",42.4009,47.455,9.14137,1.94547,0.110782,4.20808,0.540825,5.24602,1.22539,4.83982,1.25595,0.214704,0.215594
"batx","thebatx",2026,,"Hao-Yu  Lee","DET",18.1038,19.802,4.52208,0.934968,0.0416816,1.29609,0.222366,2.20338,0.466811,2.082,0.432866,0.0794363,0.249787
"batx","thebatx",2026,,"Héctor Rodríguez","CIN",16.1259,17.173,4.11426,0.802227,0.0761118,0.798499,0.104404,1.89993,0.477143,1.95003,0.315624,0.0680595,0.255135
"batx","thebatx",2026,,"James Triantos","CHC",20.7468,22.264,5.44631,1.04859,0.0830827,1.11856,0.197084,2.53704,0.366898,2.23541,0.756316,0.112111,0.262514
"batx","thebatx",2026,,"Jared Serna","MIA",26.9022,29.277,6.32864,1.34852,0.0792031,1.84251,0.285493,2.8404,0.442262,2.7876,0.633319,0.0995183,0.235246
"batx","thebatx",2026,,"Jase Bowen","SDP",11.0478,11.979,2.3386,0.435495,0.0628179,0.658702,0.124085,1.2469,0.254544,1.0413,0.297655,0.0455026,0.21168
"batx","thebatx",2026,,"Jeferson Quero","MIL",26.9535,29.213,6.50813,1.35676,0.0771498,1.75083,0.228804,2.85417,0.73298,3.50605,0.28198,0.0549436,0.241457
"batx","thebatx",2026,,"Jesus Rodriguez","SFG",47.715,52.17,12.6724,2.29143,0.170865,3.62535,0.403933,5.71805,0.67334,4.89781,1.08883,0.200935,0.265585
"batx","thebatx",2026,,"Jett Williams","MIL",123.705,137.82,27.848,6.25648,0.53035,11.4155,1.54837,14.9803,3.35408,14.4367,4.28723,0.579143,0.225116
"batx","thebatx",2026,,"JJ Wetherholt","STL",435.345,485.849,104.213,21.3708,1.55976,40.0864,6.04527,51.0095,8.48121,45.4885,7.77117,1.47196,0.23938
"batx","thebatx",2026,,"Joe Mack","MIA",209.497,230.404,45.2822,9.0201,0.419044,16.7558,2.30152,21.8661,6.38518,25.4431,1.66268,0.41768,0.216147
"batx","thebatx",2026,,"Jonathon Long","CHC",17.3997,19.565,4.08273,0.741095,0.0250676,1.77818,0.219482,2.10913,0.602344,2.30446,0.0589753,0.0136637,0.234643
"batx","thebatx",2026,,"Josh Kasevich","TOR",10.3631,11.212,2.4862,0.44246,0.0142864,0.668576,0.0805207,1.06497,0.119603,0.990099,0.137321,0.0275461,0.23991
"batx","thebatx",2026,,"Joshua Báez","STL",79.2275,88.234,18.7667,4.54442,0.276829,6.91107,1.31647,10.9327,2.9396,10.1304,3.85429,0.212692,0.236871
"batx","thebatx",2026,,"Juan Brito","CLE",102.666,114.809,23.5746,5.42257,0.291466,9.92805,0.954293,11.8814,2.42475,11.25,1.78802,0.347106,0.229623
"batx","thebatx",2026,,"Junior Perez","ATH",38.9785,43.161,7.88373,1.86578,0.107798,3.48113,0.205579,4.94227,1.21912,3.91276,1.54047,0.208805,0.202258
"batx","thebatx",2026,,"Justin Crawford","PHI",419.32,455.524,111.48,19.7947,2.0706,28.2873,2.29727,55.7949,5.80017,38.0954,23.921,3.48968,0.265859
"batx","thebatx",2026,,"Kahlil Watson","CLE",19.5938,21.633,4.17792,0.846913,0.0789843,1.62054,0.238428,2.42706,0.657486,2.25262,0.653626,0.0938085,0.213227
"batx","thebatx",2026,,"Kazuma Okamoto","TOR",460.177,523.02,108.704,22.1842,0.48884,51.7053,6.97147,65.8474,25.2744,73.5458,1.33903,0.339522,0.236223
"batx","thebatx",2026,,"Kemp Alderman","MIA",12.8002,13.717,2.95192,0.544806,0.0376501,0.677536,0.141117,1.37826,0.355346,1.46492,0.219703,0.0445427,0.230615
"batx","thebatx",2026,,"Kevin McGonigle","DET",401.014,446.713,101.943,20.6822,3.31985,38.2923,2.51965,55.2198,13.0484,49.8624,9.68747,1.69738,0.254213
"batx","thebatx",2026,,"Konnor Griffin","PIT",358.719,391.843,91.9521,16.091,1.07566,23.0559,6.75984,48.144,10.543,41.4304,15.7178,2.42333,0.256334
"batx","thebatx",2026,,"Kristian Robinson","ARI",12.1475,13.523,2.61167,0.497105,0.0473582,1.16661,0.116344,1.52704,0.324787,1.31763,0.388449,0.0689321,0.214996
"batx","thebatx",2026,,"Leandro Cedeño","SDP",5.94069,6.411,1.41956,0.290166,0.0118374,0.351539,0.0653717,0.634996,0.158916,0.76674,0.0191925,0.0047142,0.238955
"batx","thebatx",2026,,"Leo De Vries","ATH",27.7961,30.847,6.80294,1.59528,0.167483,2.46549,0.281203,3.85098,1.17707,3.80545,0.570429,0.104337,0.244745
"batx","thebatx",2026,,"Matt Koperniak","STL",31.0399,33.651,7.1563,1.26502,0.0814362,1.9862,0.303461,3.19104,0.60863,3.1353,0.361339,0.0996972,0.230552
"batx","thebatx",2026,,"Max Anderson","DET",19.6299,21.108,4.94729,0.985455,0.0246444,1.10838,0.182115,2.08543,0.496959,2.38383,0.0842841,0.0207464,0.252028
"batx","thebatx",2026,,"Michael Arroyo","SEA",17.8027,19.954,4.0913,0.851274,0.109268,1.55524,0.445282,2.22012,0.494816,2.0842,0.311671,0.058082,0.229813
"batx","thebatx",2026,,"Munetaka Murakami","CHW",457.339,547.172,94.2207,15.8225,0.725015,80.8701,5.95939,77.4579,30.9439,77.4307,11.5403,2.2672,0.206019
"batx","thebatx",2026,,"Nate Furman","SFG",7.12429,7.991,1.72585,0.305834,0.0230908,0.652803,0.121105,0.866071,0.112099,0.681452,0.173773,0.0289644,0.242248
"batx","thebatx",2026,,"Nelson Rada","LAA",70.6726,79.315,16.7576,2.84115,0.354822,6.2305,1.04749,8.81125,0.767577,4.92491,3.90829,0.565743,0.237117
"batx","thebatx",2026,,"Nick Morabito","NYM",9.93157,10.788,2.43047,0.385433,0.0488446,0.67103,0.111225,1.23159,0.134286,0.850324,0.474356,0.073491,0.244722
"batx","thebatx",2026,,"RJ Schreck","TOR",9.76962,11.1,2.12407,0.456547,0.024332,1.06859,0.168311,1.23433,0.327335,1.18431,0.110224,0.0189715,0.217416
"batx","thebatx",2026,,"Rodolfo Durán","SDP",14.1311,15.127,3.0954,0.629358,0.0476254,0.71852,0.10386,1.42947,0.34891,1.49753,0.089224,0.0207096,0.219048
"batx","thebatx",2026,,"Ryan Clifford","NYM",38.3137,43.42,8.20462,1.71257,0.0345802,4.30913,0.500015,4.77336,1.52398,5.01683,0.321011,0.0732176,0.214143
"batx","thebatx",2026,,"Ryan Waldschmidt","ARI",141.108,158.319,34.8256,7.00541,0.624135,13.7815,2.08187,18.502,3.34546,16.4627,3.96074,0.807197,0.246801
"batx","thebatx",2026,,"Ryan Ward","LAD",15.9713,17.361,3.40997,0.66691,0.0585588,1.16208,0.0970066,1.99233,0.603264,2.07033,0.232096,0.0562257,0.213506
"batx","thebatx",2026,,"Sam Antonacci","CHW",23.2679,26.414,5.74111,1.16001,0.134522,2.13834,0.634143,2.98945,0.342144,2.05797,0.854243,0.152812,0.246739
"batx","thebatx",2026,,"Shane McGuire","ATH",16.7119,18.723,3.61326,0.745755,0.0486836,1.63123,0.173413,1.84657,0.28894,1.54866,0.189363,0.0435131,0.21621
"batx","thebatx",2026,,"Spencer Jones","NYY",32.7806,35.903,6.84331,1.33388,0.127478,2.66079,0.261098,4.19611,1.2486,3.74563,1.0249,0.159867,0.208761
"batx","thebatx",2026,,"Sterlin Thompson","COL",23.9651,26.268,5.82955,1.20804,0.129162,1.72714,0.388181,2.90449,0.55519,2.71974,0.45227,0.102933,0.243251
"batx","thebatx",2026,,"Sung-Mun Song","SDP",236.011,256.79,52.8728,11.4036,0.494674,17.8178,0.796045,26.1233,5.79987,25.6422,4.47087,0.776402,0.224027
"batx","thebatx",2026,,"Tanner Murray","CHW",59.0415,62.853,13.6154,3.17033,0.115147,2.82644,0.517375,5.80695,1.1608,5.98597,0.417565,0.0896051,0.230608
"batx","thebatx",2026,,"TJ Rumfield","COL",241.922,266.713,59.3125,12.8444,0.668654,19.5789,2.97668,27.3992,5.4552,29.2333,1.76258,0.430132,0.245172
"batx","thebatx",2026,,"Tommy Troy","ARI",44.5302,48.82,10.6867,2.14433,0.147755,3.30781,0.521928,5.26816,0.866789,4.83187,1.02968,0.198841,0.239988
"batx","thebatx",2026,,"Travis Bazzana","CLE",186.159,210.592,39.9108,8.18334,0.769645,20.2147,2.39158,22.2125,4.87491,19.7186,3.18713,0.598917,0.21439
"batx","thebatx",2026,,"Tre' Morgan","TBR",36.7516,41.037,9.29298,1.85914,0.151755,3.54398,0.419529,4.45644,0.775,4.21958,0.62728,0.126284,0.252859
"batx","thebatx",2026,,"Trei Cruz","DET",17.2672,19.444,3.68087,0.795108,0.0966251,1.92623,0.0892065,2.01644,0.363626,1.69637,0.276716,0.0634689,0.213172
"batx","thebatx",2026,,"Victor Bericoto","SFG",17.7124,19.045,4.20361,0.782894,0.0522596,1.07455,0.0724931,1.88043,0.401163,1.92654,0.140438,0.0320906,0.237326
"batx","thebatx",2026,,"Walker Jenkins","MIN",70.3041,78.153,17.3854,3.59936,0.386533,6.33488,0.851048,9.09856,1.70274,7.67058,1.62793,0.288127,0.247288
"batx","thebatx",2026,,"Yohandy Morales","WSN",53.067,57.784,12.0956,2.3693,0.161924,3.82787,0.492507,5.29552,1.11617,5.81081,0.409832,0.117275,0.227931
