"season","playerid","name","team","systems_used","systems_included","weights_used","weighted_pa","weighted_ab_per_pa","weighted_bb_per_pa","weighted_2b_per_pa","weighted_3b_per_pa","weighted_hbp_per_pa","weighted_cs_per_pa","weighted_h_per_pa","weighted_r_per_pa","weighted_hr_per_pa","weighted_rbi_per_pa","weighted_sb_per_pa","weighted_avg","weighted_obp"
2026,1744,"Miguel Cabrera",,1,"steamer",2,1,0.9162,0.064,0.0355,0.0028,0.009,0.0032,0.2161,0.096,0.0169,0.0916,0.0107,0.235865531543331,0.2801
2026,2136,"David Peralta",,1,"steamer",2,6.51426,0.910586927755416,0.0700002763168802,0.0457611455483815,0.00271711598861574,0.00899564954423066,0.00280922161534848,0.217062260333484,0.0993973221824121,0.0215680675932493,0.101362242219377,0.00847371765941181,0.238376209582252,0.287062536650364
2026,2396,"Carlos Santana","ARI",4,"batx,steamer,oopsy,atc",9,334.742888888889,0.885450193172631,0.0995957186954342,0.038714399880024,0.000575954714616992,0.0057070265196536,0.00175007430230382,0.195927301935457,0.103752236882484,0.0268868702131019,0.107062757190978,0.00952383362678967,0.221274221233648,0.295523020630891
2026,2967,"Tommy Pham",,4,"batx,steamer,oopsy,atc",9,191.359555555556,0.892754552130654,0.0904818098236282,0.0408895120428892,0.00165074744334914,0.00662356585684049,0.00565885795480236,0.213759530879045,0.111510995313906,0.0240088043282746,0.102568769757776,0.0172134376626891,0.239438186418523,0.304241340702673
2026,3174,"Shin-Soo Choo",,1,"steamer",2,1,0.8952,0.082,0.0344,0.0029,0.012,0.0042,0.197,0.0981,0.0192,0.0909,0.0124,0.220062555853441,0.279
2026,3516,"Eric Hosmer",,1,"steamer",2,1,0.9132,0.067,0.0353,0.0034,0.009,0.0044,0.2032,0.0973,0.0209,0.0945,0.0137,0.22251423565484,0.2702
2026,3917,"Dayan Viciedo",,1,"steamer",2,1,0.9182,0.06,0.037,0.0027,0.011,0.0024,0.2214,0.1012,0.022,0.1006,0.0077,0.241123938139839,0.2814
2026,4106,"Michael Brantley",,1,"steamer",2,1,0.8882,0.092,0.0416,0.0038,0.009,0.0048,0.2269,0.1081,0.0177,0.0974,0.0163,0.255460481873452,0.3189
2026,4892,"Mike Moustakas",,1,"steamer",2,1,0.9142,0.065,0.0382,0.0031,0.01,0.003,0.2026,0.1,0.0247,0.1,0.0101,0.221614526361846,0.2676
2026,4940,"Jason Heyward",,2,"steamer,oopsy",5,4.35396,0.96085200694733,0.0307984102121493,0.0164391735660476,0.0013511065648009,0.00399791153874841,0.00136815522807915,0.0812795021790323,0.0424128120704536,0.0118530831441997,0.043380323711494,0.00439855512578717,0.0845910729137788,0.112077912391182
2026,4949,"Giancarlo Stanton","NYY",4,"batx,steamer,oopsy,atc",9,389.107111111111,0.893315853662636,0.0939086934380662,0.0308382504799716,0.000247768285754069,0.00521961385137025,0.000201632186310053,0.202907657421569,0.123880133342036,0.0604945569282305,0.154506371706545,0.00140636364133985,0.227139881811834,0.296816350859635
2026,5038,"Josh Donaldson",,1,"steamer",2,1,0.8922,0.088,0.0365,0.0033,0.009,0.0038,0.1876,0.1052,0.0295,0.1036,0.0123,0.210266756332661,0.2756
2026,5235,"Justin Turner",,4,"batx,steamer,oopsy,atc",9,167.177666666667,0.894707683552868,0.0795683044779462,0.0415065569533012,0.000790309582659547,0.0151068217970066,0.00303743656229378,0.212484921802905,0.100979282034576,0.0201918047620006,0.10143975022977,0.00523471866220998,0.237490887480848,0.292053226280851
2026,5254,"Robbie Grossman",,1,"steamer",2,9.3849,0.865784398342017,0.115994842779358,0.0372300184338672,0.0024614007607966,0.00800221632622617,0.00259992114993234,0.189570480239534,0.105563191935982,0.0220993297744249,0.0933840531065861,0.0091530010975077,0.21895806924052,0.305565323018892
2026,5273,"Sandy León","ATL",3,"batx,steamer,oopsy",8,3.944875,0.93151219925449,0.0500235936970519,0.016500635377838,0.000571879024059641,0.00586947221280922,0.000944506099627245,0.096151889190105,0.0525231192815995,0.0133283039647577,0.0533786513046425,0.00244883090477804,0.103221288209706,0.146175482887157
2026,5297,"Aaron Hicks",,1,"steamer",2,5.91023,0.871675044795211,0.110993988389623,0.0297281154878913,0.00291020823216694,0.00700480353556461,0.0035193215830856,0.189129695460244,0.103633868732689,0.0226048732452037,0.0932281823211618,0.0118946301582172,0.216972708567879,0.300123683849867
2026,5343,"Brandon Crawford",,1,"steamer",2,5.91023,0.903974972209203,0.0740072721366174,0.0373251125590713,0.0030624865698966,0.0109978799471425,0.0030794063851999,0.191819946093468,0.093126663429342,0.0184256788652895,0.0896750211074696,0.0103210873350107,0.212196080633388,0.265827218230086
2026,5361,"Freddie Freeman","LAD",4,"batx,steamer,oopsy,atc",9,637.969222222222,0.87675201333319,0.102810552632001,0.0511794054933131,0.00194379074363563,0.012130232229983,0.00363093941651927,0.240179980421687,0.134460098164612,0.0364444187805713,0.137108762242601,0.0127090985313929,0.27394289008654,0.342990533053687
2026,5417,"Jose Altuve","HOU",4,"batx,steamer,oopsy,atc",9,605.249333333333,0.898803634421901,0.0837099815635697,0.042303153992926,0.00101116315307713,0.00902722944498114,0.00626856123935453,0.232601865525429,0.124267430372288,0.0318731510333951,0.113562453327789,0.0207226561422388,0.258790526225493,0.316311847088999
2026,5452,"Ji Man Choi",,1,"steamer",2,1,0.8802,0.1,0.0348,0.0033,0.009,0.0033,0.1843,0.1073,0.0307,0.1041,0.0111,0.209384230856623,0.2843
2026,5497,"Marwin Gonzalez",,1,"steamer",2,1,0.9272,0.051,0.0357,0.0031,0.011,0.0032,0.1879,0.0899,0.0201,0.0902,0.0107,0.202653149266609,0.2389
2026,5517,"Kyle Higashioka","TEX",4,"batx,steamer,oopsy,atc",9,255.254777777778,0.920223082368938,0.0627667330251243,0.0401139878343263,0.00103287222264516,0.0047951576988921,0.00300785761499032,0.20481467510264,0.103904352565982,0.0364277350420579,0.118624567871772,0.00747769106696501,0.222570677726735,0.267581408127764
2026,5663,"Neftali Soto",,1,"steamer",2,1,0.9162,0.064,0.0371,0.002,0.009,0.001,0.197,0.0989,0.0278,0.1022,0.0031,0.215018554900677,0.261
2026,5760,"Avisaíl García",,1,"steamer",2,5.77307,0.922646009835322,0.0570060643643677,0.029932081197699,0.00362025750597169,0.00999468220548166,0.00320453415600365,0.194610493203789,0.0966383570613209,0.0301572646789317,0.104259951810735,0.0106702326491797,0.210926499577584,0.251616557568157
2026,5827,"Wilmer Flores",,4,"batx,steamer,oopsy,atc",9,183.081666666667,0.89774285960333,0.0800220333920416,0.0361860868774257,0.000648685792389995,0.0119079050532143,0.00046308264461539,0.203951572809518,0.101795926329762,0.0284309011290673,0.109294460437982,0.00129115582825827,0.227182617636898,0.28397360620156
2026,5933,"Jean Segura",,1,"steamer",2,1,0.9162,0.063,0.0336,0.0035,0.01,0.005,0.2132,0.0947,0.0146,0.0883,0.0162,0.232700283780834,0.2762
2026,6153,"Eduardo Escobar",,1,"steamer",2,1,0.9192,0.062,0.0368,0.0055,0.008,0.0039,0.2069,0.1035,0.0283,0.1064,0.0121,0.225087032201915,0.2689
2026,6184,"J.D. Martinez",,1,"steamer",2,31.1161,0.897438946397524,0.0850010123376644,0.0446971182121153,0.00300487528964105,0.0089985570171069,0.00108946815314259,0.205662020625978,0.106475425904917,0.0296373902899142,0.113439666282085,0.00330696970378679,0.229165472984587,0.290663032963643
2026,6887,"Martín Maldonado",,2,"steamer,oopsy",5,2.964092,0.967633746910019,0.024398373667353,0.0123108576146783,0.000676792612131846,0.00320122905538363,0.000771543577830304,0.0679567461841586,0.0361813330445685,0.0101248174774924,0.0364791217939065,0.00311324601580649,0.0702298223901011,0.0923551198515117
2026,7168,"Juan Centeno","ARI",1,"steamer",2,1,0.9274,0.0528,0.0391,0.004,0.009,0.0038,0.1995,0.0896,0.0133,0.0858,0.0124,0.215117532887643,0.2523
2026,7226,"Matt Davidson",,1,"steamer",2,1,0.9182,0.056,0.034,0.0016,0.015,0.0012,0.2094,0.1172,0.0498,0.1337,0.0039,0.228054890002178,0.2654
2026,7304,"Salvador Perez","KCR",4,"batx,steamer,oopsy,atc",9,587.284333333333,0.919628422229956,0.0519532601660042,0.0431300426896382,0.000305571798920469,0.0162619846394613,0.00021402465108914,0.232095989043891,0.113275541376393,0.0474967283811242,0.149637033819397,0.000984131382146982,0.252380182510122,0.284049249209896
2026,7739,"Travis d'Arnaud","LAA",4,"batx,steamer,oopsy,atc",9,213.586444444444,0.908079745096406,0.0655496852813853,0.0416198749675905,0.00101120367100551,0.0132478526598202,0.000755078281831385,0.200964927110612,0.100021345760505,0.0337863763535829,0.113994031024129,0.00344472439033656,0.22130757589938,0.266514612391997
2026,7802,"Miguel Rojas","LAD",4,"batx,steamer,oopsy,atc",9,160.840222222222,0.909477531352368,0.0648120561375193,0.0433997085300561,0.00114459995157127,0.0075561904331352,0.00548330567039301,0.221297984342766,0.107548187106043,0.0158236677873971,0.0970932660040427,0.0156533373534878,0.243324300726486,0.286110040480285
2026,8090,"Matt Carpenter",,1,"steamer",2,5.59476,0.8773387955873,0.101005226318913,0.038768419020655,0.00264533241819131,0.0109924286296463,0.00325304391966769,0.180543937541557,0.103418198457128,0.026560567388056,0.0980739120176737,0.010313221657408,0.2057858816339,0.281549163860469
2026,8202,"Josh Harrison",,1,"steamer",2,1,0.9262,0.048,0.0413,0.0039,0.015,0.0042,0.2119,0.0917,0.0127,0.0868,0.013,0.228784279853163,0.2599
2026,8418,"Ehire Adrianza",,1,"steamer",2,1.89218,0.903296726527075,0.0770011309706265,0.0392668773583909,0.00491496580663573,0.00898434609815134,0.00396368210212559,0.197285670496464,0.0949698231669291,0.0141107082835671,0.0860911752581678,0.013159424579057,0.218406271940089,0.274286801467091
2026,8623,"Donovan Solano",,4,"batx,steamer,oopsy,atc",9,12.1478444444444,0.942730972942363,0.0405944290509904,0.0269106830172457,0.00175058167715008,0.0110254635333518,0.000609820663511212,0.150702743055567,0.0648412170520537,0.011334368367438,0.0654604586605622,0.00169515197296114,0.159857634235998,0.191297172106557
2026,9218,"Paul Goldschmidt","NYY",4,"batx,steamer,oopsy,atc",9,368.161111111111,0.904845747372408,0.0813576169615342,0.0445428601550729,0.000726882583056413,0.00559259201525556,0.00318617976551906,0.223659357172422,0.116155795788779,0.0327438212278605,0.118701842639291,0.0115320041191135,0.24717954173063,0.305016974133956
2026,9241,"Starling Marte","KCR",4,"batx,steamer,oopsy,atc",9,247.004777777778,0.907463998739604,0.0623292676954043,0.0421064561306998,0.00323063998132785,0.0175316461908529,0.0079232769762479,0.238523585822748,0.117534991281653,0.022346916188596,0.105030130925467,0.0293272980772069,0.262846334569788,0.300852853518152
2026,9256,"AJ Pollock",,1,"steamer",2,1,0.9172,0.063,0.0404,0.0038,0.009,0.0041,0.2047,0.102,0.0258,0.1027,0.0141,0.223179241168775,0.2677
2026,9627,"Yan Gomes",,1,"steamer",2,6.40373,0.928349571265497,0.0470038555654283,0.0366973623185237,0.00332618645695556,0.0129924278506433,0.0029357889854819,0.200148975675114,0.0948353537703807,0.0214718609310511,0.0946948106806502,0.0111965994818645,0.215596561758819,0.247152831240543
2026,9774,"Christian Vázquez","HOU",4,"batx,steamer,oopsy,atc",9,93.8632666666667,0.910083153088159,0.0629594864105907,0.0364139468236433,0.000425484823376216,0.00954381337759875,0.00281464302688955,0.204793325715919,0.0942314948119952,0.0177823432258997,0.0923793020358329,0.010868398508868,0.225027048375744,0.26775281212651
2026,9777,"Nolan Arenado","ARI",4,"batx,steamer,oopsy,atc",9,568.367555555556,0.914781749193069,0.0675819026255865,0.044756674502283,0.0014587444373715,0.00772096268168686,0.00239915371652408,0.228273020768695,0.10634640761551,0.0274799627149747,0.118215171019319,0.0049652783790887,0.249538232447308,0.295854923394282
2026,9847,"Andrew McCutchen","TEX",4,"batx,steamer,oopsy,atc",9,195.444444444444,0.869330928541237,0.112792540142542,0.0379134747027583,0.000706978775276151,0.0071966541307371,0.00302493799873016,0.19643484701251,0.111008357282653,0.0300128782273132,0.106640031970639,0.00531425142064145,0.225960955216598,0.309227387155052
2026,9874,"DJ LeMahieu",,3,"batx,steamer,atc",6,74.72293,0.89417471269094,0.0912524836685559,0.0336777809287765,0.00244916678488808,0.00512622257318418,0.00180874275892924,0.21464854526761,0.102093308266312,0.0173631910957972,0.0926627095162079,0.00476445927980346,0.240052130999818,0.305901028936166
2026,9929,"Darin Ruf",,1,"steamer",2,1,0.8842,0.096,0.0346,0.0032,0.009,0.0042,0.1897,0.1055,0.0273,0.1005,0.0147,0.214544220764533,0.2857
2026,9952,"Trayce Thompson",,2,"steamer,oopsy",5,1,0.95928,0.0332,0.0144,0.00084,0.0032,0.00144,0.06972,0.0402,0.01216,0.04024,0.00516,0.0726795096322242,0.10292
2026,10028,"Christian Bethancourt","CHC",2,"steamer,oopsy",5,3.747268,0.9757519219844,0.0168018738791866,0.0149920502480246,0.000706644620032358,0.00280115960890525,0.00129636243243346,0.0769886771638132,0.0381791445787267,0.0107776013990547,0.0401516489857235,0.00519561727822353,0.0789018965058662,0.0937905510429998
2026,10030,"Chris Owings",,1,"steamer",2,1,0.8892,0.09,0.034,0.0038,0.01,0.0045,0.18,0.0958,0.0192,0.0874,0.0141,0.202429149797571,0.27
2026,10047,"Wil Myers",,1,"steamer",2,1,0.9102,0.07,0.0362,0.0034,0.009,0.0047,0.1981,0.1006,0.0259,0.1001,0.0145,0.217644473742035,0.2681
2026,10059,"Max Stassi",,2,"steamer,oopsy",5,1,0.95288,0.0368,0.01412,0.00108,0.006,0.00132,0.07308,0.04028,0.00924,0.0374,0.0044,0.0766938124422802,0.10988
2026,10155,"Mike Trout","LAA",4,"batx,steamer,oopsy,atc",9,502.679444444444,0.846871804465541,0.132697560235344,0.0348668413408299,0.00297391455908552,0.0125967084777924,0.00188333439201754,0.201648161387505,0.132868169232287,0.0487764144975696,0.132982440658109,0.0067544649444574,0.238109428515883,0.334345721622849
2026,10200,"Tucker Barnhart",,2,"steamer,oopsy",5,2.909228,0.955817615237647,0.0351979102972942,0.0143147406838996,0.000866090312433419,0.00439973878716177,0.00100466476242277,0.072259646946945,0.0354819879197723,0.00437895261966337,0.0307427417301367,0.00341586019223741,0.0755998276187649,0.107457557244239
2026,10231,"Jose Iglesias",,4,"batx,steamer,oopsy,atc",9,150.410444444444,0.916277938572098,0.0508796878493974,0.0409783169530028,0.00228219378146002,0.0140548330545378,0.00469686427561616,0.231254133817098,0.0972697790250103,0.0117076861476635,0.0887999984093389,0.0122304558547388,0.252384264732465,0.282133821666496
2026,10243,"Randal Grichuk","NYY",4,"batx,steamer,oopsy,atc",9,136.600333333333,0.917584528309653,0.0621765595764635,0.0459963090084025,0.00154359157623777,0.0090135791367044,0.000772549332807719,0.219655271149266,0.11371856032914,0.040845657537735,0.127411845511934,0.0021399321151666,0.239384235863162,0.28183183072573
2026,10264,"Brandon Belt",,1,"steamer",2,1,0.8732,0.107,0.034,0.0026,0.009,0.0031,0.1885,0.1132,0.0362,0.1117,0.0101,0.21587265231333,0.2955
2026,10323,"Rafael Ortega",,2,"steamer,oopsy",5,2.682268,0.949795511432726,0.0431990502663442,0.0144842066439094,0.000991226873774173,0.00279695024847906,0.00364218246642603,0.0748722066515934,0.0416622644155315,0.00846769003797782,0.0368598086317419,0.0101427866153636,0.0788298173136782,0.118071256917938
2026,10324,"Marcell Ozuna","PIT",4,"batx,steamer,oopsy,atc",9,505.456555555555,0.868820322949066,0.117218701524192,0.0387538106379809,0.000254898358738874,0.00590961269435104,0.000202828333931163,0.2105476582858,0.116928897292105,0.0391932826500557,0.128348366187428,0.00115201191800719,0.242337400178591,0.327766359809993
2026,10348,"Domingo Santana",,1,"steamer",2,1,0.9002,0.081,0.0438,0.0015,0.008,0.002,0.2222,0.1058,0.0225,0.1016,0.0066,0.246834036880693,0.3032
2026,10441,"Jon Singleton",,2,"steamer,oopsy",5,8.40232,0.946459001937885,0.0476002009658666,0.0127244204287955,0.000641860369736181,0.00199940530508874,0.000473705256897948,0.0692388930471962,0.0409068072060618,0.01192465830676,0.0402526428036789,0.00147033190128064,0.073155723497192,0.116839094013063
2026,10472,"Enrique Hernández","LAD",4,"batx,steamer,oopsy,atc",9,178.897777777778,0.91079974593921,0.0718104392628574,0.0435940068832156,0.000960568559377066,0.00576132624554948,0.000799157413500888,0.205579378867753,0.1075205339297,0.030716846616903,0.116175375328414,0.00413777272532165,0.225713039319923,0.277389818130611
2026,10556,"César Hernández",,1,"steamer",2,1,0.8982,0.082,0.0357,0.0033,0.009,0.0053,0.1887,0.0906,0.0115,0.079,0.0169,0.210086840347361,0.2707
2026,10642,"Carlos Pérez","HOU",2,"steamer,oopsy",5,4.32064,0.95964995269631,0.0312419368710759,0.0165089877010407,0.000958974800034403,0.00479917433559818,0.000455835555173304,0.0773501333103982,0.0442977552249075,0.0142212092543218,0.0458286746366217,0.00150511739915713,0.0806024458116931,0.108592070181474
2026,10655,"Rob Brantly",,2,"steamer,oopsy",5,1.043452,0.965929119724344,0.0228029189179438,0.0162362555586625,0.00115457817306044,0.00678314676673011,0.00101025590142789,0.083129628460352,0.0381010797109946,0.00638626051974058,0.0360444873402307,0.00353589565499761,0.0860618307936253,0.105932547378296
2026,10681,"Gio Urshela","MIN",4,"batx,steamer,oopsy,atc",9,79.9931111111111,0.926698287682537,0.0633353869260189,0.0458675085562426,0.000888485520270728,0.00303700916073473,0.00100111644383454,0.233372576541586,0.0944188373433297,0.0175720674758792,0.0954173724484267,0.00247791831833479,0.251832316562489,0.296707963467604
2026,10711,"Arismendy Alcántara",,1,"steamer",2,1,0.9232,0.057,0.0372,0.0035,0.009,0.0043,0.2024,0.1022,0.0301,0.107,0.0132,0.219237435008665,0.2594
2026,10762,"Corey Dickerson",,1,"steamer",2,1,0.9282,0.052,0.0425,0.0043,0.009,0.0044,0.2158,0.0974,0.0193,0.0967,0.013,0.23249299719888,0.2678
2026,10815,"Jurickson Profar","ATL",1,"steamer",2,56.007,0.862433267270163,0.112300248183263,0.0423589908404307,0.00207116967521917,0.014999910725445,0.00442266145303266,0.218163800953452,0.130674737086436,0.0291481421965112,0.105754637813131,0.0149731283589551,0.25296310941715,0.330464049136715
2026,10950,"Adam Duvall",,1,"steamer",2,12.4233,0.911867217245016,0.065996957330178,0.0370432976745309,0.00257580514034113,0.012001642075777,0.00201234776589151,0.191334025580965,0.104432799658706,0.0383714472000193,0.115734144711953,0.00661659945425129,0.209826630415593,0.257330982911143
2026,11038,"Kevin Kiermaier",,1,"steamer",2,12.0693,0.918744251945018,0.060997738062688,0.0393891940709072,0.0067858119360692,0.00899803634013572,0.00562584408374968,0.206938264853803,0.100809491851226,0.0207302826178817,0.0968407446993612,0.0206805697099252,0.225240336922605,0.267936002916491
2026,11155,"Elliot Soto",,1,"steamer",2,1,0.9022,0.079,0.0349,0.0041,0.008,0.0053,0.1746,0.0842,0.008,0.0713,0.0187,0.19352693416094,0.2536
2026,11200,"Kole Calhoun",,1,"steamer",2,4.98009,0.910224514014807,0.0679907391231885,0.0388547194930212,0.0042167912628085,0.0110038172000908,0.00339351296864113,0.206060533042576,0.10327122602202,0.0258429064534978,0.103030266521288,0.0108030176161475,0.226384292962718,0.274051272165764
2026,11281,"Whit Merrifield",,1,"steamer",2,1.03918,0.907061336823265,0.0740006543620932,0.039165495871745,0.00423410766181027,0.00798706672568756,0.00808329644527416,0.21661309878943,0.101329894724687,0.01385707962047,0.0880501934217364,0.03223695606151,0.238807553575217,0.290613753151523
2026,11339,"Jake Marisnick",,2,"steamer,oopsy",5,1,0.96368,0.0268,0.01636,0.0016,0.0052,0.00212,0.077,0.03996,0.00968,0.03916,0.00672,0.0799020421716752,0.1038
2026,11342,"Jesús Aguilar",,1,"steamer",2,1,0.9112,0.068,0.0322,0.0026,0.01,0.0025,0.1956,0.1,0.0282,0.1019,0.0083,0.214661984196664,0.2636
2026,11368,"Yasmani Grandal",,2,"steamer,oopsy",5,4.425172,0.954347464636884,0.0375993550093957,0.0134519441217284,0.000694347862004637,0.00360140668184333,0.000702713498896259,0.0779844671037015,0.0398664426070253,0.00932768513415867,0.0386241455286194,0.0023800236956665,0.0817149623102666,0.115583822113097
2026,11379,"Delino DeShields",,2,"steamer,oopsy",5,1,0.94648,0.0452,0.01288,0.00144,0.004,0.00192,0.07212,0.0382,0.00488,0.03116,0.00644,0.0761981235736624,0.11732
2026,11381,"Drew Maggi",,1,"steamer",2,1,0.9112,0.067,0.0369,0.0031,0.011,0.0037,0.1897,0.0937,0.0196,0.0901,0.0124,0.208187006145742,0.2567
2026,11442,"Gary Sánchez","MIL",4,"batx,steamer,oopsy,atc",9,154.409,0.889661239028769,0.0813332878372162,0.0335297724077786,0.000632341006657581,0.0192017403233776,0.000398812655736585,0.192927055119989,0.108516940055501,0.0432141680627862,0.133563431750609,0.00117513047630422,0.216854513444471,0.274260342957205
2026,11445,"Mark Canha","TEX",4,"batx,steamer,oopsy,atc",9,82.9085777777778,0.875009259887634,0.0906216427601548,0.0366580566101095,0.00156461145132737,0.027938677150607,0.00199826054034126,0.198280306369419,0.108016848728114,0.0181068047849689,0.0879778561179688,0.0121430594442513,0.226603666337064,0.288901949129574
2026,11470,"Tony Wolters",,1,"steamer",2,1,0.8802,0.096,0.0341,0.0031,0.013,0.0042,0.181,0.0936,0.0136,0.0802,0.013,0.205635082935696,0.277
2026,11472,"Dixon Machado",,2,"steamer,oopsy",5,1,0.95248,0.04,0.01224,0.00072,0.0032,0.00108,0.07188,0.03552,0.00396,0.0296,0.00332,0.0754661515202419,0.11188
2026,11477,"Christian Yelich","MIL",4,"batx,steamer,oopsy,atc",9,571.114111111111,0.875285725812213,0.109953127642039,0.038632188859557,0.00283173087362445,0.00760857444181428,0.00676589302569349,0.223848272088323,0.124452377285383,0.0320757935246128,0.120680837239898,0.0287428916298986,0.25574308535719,0.333801399730361
2026,11489,"Michael A. Taylor",,1,"oopsy",3,1,1,0,0,0,0,0,0,0,0,0,0,0,0
2026,11493,"Manny Machado","SDP",4,"batx,steamer,oopsy,atc",9,626.097111111111,0.906235381058976,0.0812910890793974,0.0436386397285649,0.000270635826047384,0.00379953807646851,0.00487308259798427,0.238781238789716,0.123929062348143,0.0438763041679953,0.139194670030822,0.0150140207812974,0.263486996624088,0.320072327869113
2026,11579,"Bryce Harper","PHI",4,"batx,steamer,oopsy,atc",9,624.304111111111,0.862176762133474,0.122083757583954,0.0508724969517315,0.00158124080250069,0.00773735487860708,0.00582120001205481,0.234141041034162,0.137373945021899,0.0445490300617733,0.144727352556544,0.0163101376387131,0.271569649424063,0.356224798618116
2026,11602,"Yolmer Sánchez","LAA",2,"steamer,oopsy",5,1.317304,0.949084906817751,0.0426039726531568,0.0128258032856362,0.00142756767005342,0.00399272832718066,0.00124912171129674,0.0689916688043005,0.0354884400477343,0.00455037194829528,0.0292874429809397,0.00397042258233608,0.0726928310720136,0.111595641457457
2026,11609,"Willson Contreras","BOS",4,"batx,steamer,oopsy,atc",9,554.695888888889,0.868876506365742,0.0917454719826445,0.0432414484153748,0.00197685060206435,0.0292251940639849,0.00309500218043259,0.215910322989894,0.12493714685746,0.0393978402798058,0.131514992197274,0.00894553418953525,0.248493682828396,0.307655794972538
2026,11615,"Brandon Drury","KCR",2,"steamer,oopsy",5,7.00708,0.962446543511241,0.0284809929016026,0.0172858774980178,0.00139096124911816,0.00519924833153324,0.000606828695755321,0.0821266473963178,0.0408548043726627,0.0102961099283917,0.0424305611916817,0.0016556684168139,0.0853311261285221,0.11060764029792
2026,11680,"Elias Díaz","KCR",4,"batx,steamer,oopsy,atc",9,48.6617888888889,0.915820086463747,0.0701216135530727,0.0499572620074846,0.000439076858427974,0.00439729754137623,0.000620178720012991,0.211294515162659,0.090598144485941,0.0180150714679582,0.0985316392203189,0.00164375895167835,0.230716183544882,0.281416128715732
2026,11737,"Nick Castellanos","SDP",4,"batx,steamer,oopsy,atc",9,355.905444444444,0.922298429640307,0.0594291828310595,0.043570576289267,0.00376377053462282,0.00847348744316646,0.00247688199214544,0.227700819260997,0.11049149324703,0.030592789071386,0.118086247240705,0.00772259125582072,0.246884101656553,0.287130002092056
2026,11739,"J.T. Realmuto","PHI",4,"batx,steamer,oopsy,atc",9,464.621666666667,0.904451210958647,0.0664396025723931,0.0452830309605063,0.00397021047282032,0.0150690167632854,0.00443525248849526,0.227096055458889,0.117414645797455,0.0308902389685068,0.118509514464852,0.0148714146004933,0.251087126322916,0.293535658031282
2026,11850,"Tyler Austin","CHC",4,"batx,steamer,oopsy,atc",9,149.377111111111,0.893162675584802,0.0941665519480632,0.0480653888439267,0.00102394437494475,0.00672667472337925,0.000540590025176552,0.21686156610479,0.121603739501052,0.0412518243004497,0.135741181682881,0.00216532806684094,0.242801868050295,0.311028118052853
2026,11899,"Joc Pederson","TEX",4,"batx,steamer,oopsy,atc",9,397.587888888889,0.862244436741178,0.110101114284384,0.0365035804903403,0.00208585293791704,0.0188712762535096,0.00343404200053492,0.202082738711791,0.123970985669399,0.0422969651514002,0.127007461311475,0.00735880386612549,0.234368272036124,0.312183852996176
2026,11905,"Orlando Calixte",,1,"steamer",2,1,0.9392,0.044,0.0387,0.0034,0.006,0.0031,0.2178,0.0934,0.0183,0.0947,0.0093,0.231899488926746,0.2618
2026,12005,"Nick Martini",,2,"steamer,oopsy",5,3.207216,0.95213653184086,0.0372013672821891,0.0156550128566256,0.00127032052580223,0.00640069714208566,0.000552313272087928,0.0799504145417948,0.0416198734588926,0.00986186031383668,0.0403925106320305,0.00155261397598051,0.0839694853291877,0.117151781823984
2026,12037,"Jon Berti",,4,"batx,steamer,oopsy,atc",9,130.191333333333,0.906963990325562,0.0716805234676097,0.0373099721411593,0.00316499783484803,0.00862239575255336,0.0135440630062505,0.21611158033424,0.107529346524129,0.0124417958647192,0.0799781336678646,0.0510126539436398,0.238280221309188,0.287792103801849
2026,12092,"Niko Goodrum",,1,"oopsy",3,1,1,0,0,0,0,0,0,0,0,0,0,0,0
2026,12144,"Max Kepler",,4,"batx,steamer,oopsy,atc",9,128.595333333333,0.891200578359773,0.0883816799176481,0.0419535639680448,0.00171162943139071,0.0089594996906351,0.000824345490837317,0.211814857099516,0.114380206761095,0.03630832825828,0.120210849834835,0.00569488884471047,0.237673608212143,0.300196537017164
2026,12147,"Nick Ahmed",,2,"steamer,oopsy",5,4.35396,0.970552696352652,0.0216006563735362,0.0162004922801522,0.00160257434815501,0.00320088653049047,0.00194354761371991,0.0788543298277019,0.0359726795170966,0.00509755032019521,0.0333770205329838,0.00709224392374985,0.0812468298980956,0.100454986201238
2026,12155,"Eddie Rosario",,2,"steamer,oopsy",5,6.35248,0.967257252524129,0.026798876310739,0.01633243401107,0.00117375462409257,0.00199983311545629,0.00247267265596751,0.0817233610547103,0.0408255222095514,0.0115233777431647,0.0430089283230885,0.00766278196534364,0.0844897888761725,0.108522237365449
2026,12158,"Austin Barnes","NYM",4,"batx,steamer,oopsy,atc",9,26.6402777777778,0.932289191249372,0.10618847102228,0.0191818451939358,0.0011433102967792,0.0051016685751247,0.00266653045216381,0.179883031179734,0.119269478983861,0.00857502552250946,0.105088694035674,0.0073843908540273,0.192947674249736,0.286071502202014
2026,12160,"Ben Gamel","ATL",4,"batx,steamer,oopsy,atc",9,71.2751555555556,0.875581634029065,0.108649823998501,0.0406194752082054,0.0013991205152005,0.00505392725373778,0.00172149887649187,0.195844311081718,0.108903842449466,0.0245028810107556,0.0971667857038907,0.00967737406493043,0.223673388602869,0.304494135080219
2026,12161,"Xander Bogaerts","SDP",4,"batx,steamer,oopsy,atc",9,579.493777777778,0.895440004160366,0.081427276039225,0.0446211640102977,0.00158357952577996,0.00826856263715216,0.00750884836799685,0.236128624157604,0.119796096349642,0.025059422782301,0.106038235294928,0.0282409834415778,0.26370122293008,0.317555900196829
2026,12164,"Miguel Sanó",,1,"steamer",2,9.63915,0.898689199773839,0.0799966802052048,0.0336025479425053,0.0029255691632561,0.012003133056338,0.00239647686777361,0.189612154598694,0.107882956484752,0.0380531478397991,0.117468863955847,0.00733467162561014,0.210987463348186,0.269608834803899
2026,12174,"Jorge Bonifacio",,1,"steamer",2,1,0.8932,0.087,0.039,0.0039,0.009,0.0035,0.1998,0.108,0.0288,0.1059,0.0119,0.223690103000448,0.2868
2026,12179,"Maikel Franco",,1,"steamer",2,1,0.9332,0.049,0.0343,0.0018,0.007,0.0014,0.1982,0.0919,0.0231,0.0959,0.0045,0.212387483926275,0.2472
2026,12180,"Jorge Alfaro","KCR",4,"batx,steamer,oopsy,atc",9,12.7027222222222,0.95913639830366,0.0251980508638177,0.0265169404934419,0.00147505643972502,0.00962283385889742,0.00255395105633635,0.137871951170268,0.0640301268588148,0.0155281620383038,0.0682403455710823,0.00931690977100152,0.143745927496975,0.163070002034085
2026,12282,"Rougned Odor",,1,"steamer",2,1,0.9042,0.074,0.0412,0.0036,0.011,0.0046,0.2051,0.105,0.0252,0.1026,0.0153,0.226830347268303,0.2791
2026,12325,"Jace Peterson",,1,"steamer",2,1.80798,0.891160300445801,0.0879987610482417,0.0357304837442892,0.00442482770827111,0.0100111726899634,0.00486731047909822,0.196241108861824,0.0995586234361,0.0170908970231972,0.0883859334727154,0.0199670350335734,0.220208540218471,0.284239869910065
2026,12434,"Kevin Pillar",,2,"steamer,oopsy",5,5.56932,0.969550763484742,0.0211988763050075,0.0166203826680512,0.00113657401817553,0.00559915642381654,0.00317467983547045,0.0833627136107154,0.0412676181046904,0.0109342928207481,0.0436598971287822,0.00968180757125723,0.0859807621739109,0.104561589915723
2026,12510,"Curt Casali",,1,"steamer",2,5.8799,0.87637544856205,0.0979948638582289,0.036548240616337,0.00270412762121805,0.0139968366808959,0.00301025527645028,0.190938621405126,0.10068198438749,0.0179935032908723,0.0891341689484515,0.0107484821170428,0.217873083640598,0.288933485263355
2026,12532,"Kolten Wong",,1,"steamer",2,1,0.9052,0.072,0.042,0.0033,0.012,0.0041,0.2045,0.0999,0.0194,0.0947,0.0131,0.225916924436589,0.2765
2026,12533,"Marcus Semien","NYM",4,"batx,steamer,oopsy,atc",9,620.978,0.892043058934755,0.0889742188319876,0.0386757386027529,0.00447592602117403,0.00656700889184637,0.00419320349392162,0.214221333440005,0.119053549371791,0.0309822231439195,0.11329695628902,0.0159311897443235,0.240146853107988,0.303195552271993
2026,12546,"C.J. Cron",,1,"steamer",2,1,0.9202,0.06,0.038,0.0033,0.009,0.0032,0.2112,0.1107,0.0377,0.1195,0.0109,0.229515322755923,0.2712
2026,12547,"John Hicks",,1,"steamer",2,1,0.9152,0.064,0.0405,0.0035,0.01,0.0046,0.1962,0.1013,0.027,0.1023,0.0156,0.214379370629371,0.2602
2026,12552,"Eugenio Suárez","CIN",4,"batx,steamer,oopsy,atc",9,597.641333333333,0.889966429582655,0.0847543805992829,0.0384385014357908,0.000576905287380386,0.0171587669205169,0.00215207413992692,0.206530660466571,0.121629692657575,0.0540857782076532,0.14852850711548,0.00454286789844836,0.232065675290047,0.291285041065854
2026,12564,"Trevor Story","BOS",4,"batx,steamer,oopsy,atc",9,574.316333333333,0.913425144436775,0.0629207755645263,0.0444202618636637,0.00273976619185206,0.010399180577426,0.00873218122916308,0.224432260020034,0.120054356509985,0.0342973163141987,0.120230620915667,0.0381402142973354,0.245704052912208,0.28735303558456
2026,12649,"Alex Dickerson",,1,"steamer",2,1,0.9022,0.076,0.0376,0.0033,0.011,0.004,0.2001,0.1076,0.031,0.1084,0.0135,0.221791177122589,0.2761
2026,12775,"Brad Miller",,1,"steamer",2,1,0.9002,0.079,0.0336,0.0031,0.01,0.0041,0.2012,0.1049,0.0278,0.1035,0.014,0.223505887580538,0.2802
2026,12856,"George Springer","TOR",4,"batx,steamer,oopsy,atc",9,586.172222222222,0.878905109086551,0.100446404644341,0.039580265671048,0.00296147496804906,0.0106473932898669,0.00534064647869682,0.227855758380647,0.137985206056976,0.0432060329513695,0.128342567398607,0.0230172631987007,0.259249554957597,0.328302163024988
2026,12859,"James McCann","ARI",4,"batx,steamer,oopsy,atc",9,198.058666666667,0.915697000665275,0.0554083542905636,0.0417681280277046,0.00125620226062726,0.0109558455069697,0.00147439493076835,0.216099319745361,0.102364938381343,0.0254220583321839,0.110423976708019,0.00559118882494853,0.235994351393922,0.271507674035925
2026,12861,"Anthony Rendon","LAA",1,"steamer",2,9.8784,0.878188775510204,0.096604713313897,0.0399963556851312,0.00276360544217687,0.0150024295432459,0.00473760932944606,0.200953595724004,0.106292517006803,0.0168650793650794,0.0831814868804665,0.0172801263362488,0.228827333402497,0.297558309037901
2026,12907,"Gregory Polanco",,1,"steamer",2,1,0.9112,0.072,0.0338,0.0018,0.006,0.0012,0.1939,0.1022,0.0316,0.1066,0.0044,0.212796312554873,0.2659
2026,12916,"Francisco Lindor","NYM",4,"batx,steamer,oopsy,atc",9,636.679888888889,0.884618353965986,0.0878899931368896,0.043813267962594,0.00188834951343122,0.0161793345791215,0.00946080962116749,0.226742490442982,0.137170387841036,0.0397226448933297,0.123157428604283,0.0363314868908252,0.256316737524644,0.314632483579871
2026,12927,"Brandon Nimmo","TEX",4,"batx,steamer,oopsy,atc",9,626.414333333333,0.880970711271156,0.0957408222065595,0.0412235704487061,0.00364068942645649,0.0144051971820999,0.00404818041447259,0.221864034689766,0.127322854558952,0.0338656236587915,0.115486477783517,0.01442495678421,0.251840420857622,0.317604856896326
2026,12937,"José Osuna",,1,"steamer",2,1,0.9282,0.056,0.0383,0.0011,0.005,0.0023,0.2168,0.0964,0.0206,0.0971,0.0065,0.23357035121741,0.2728
2026,12944,"Sócrates Brito",,1,"steamer",2,1,0.9282,0.054,0.0409,0.0036,0.007,0.0055,0.2322,0.1061,0.0254,0.1082,0.0168,0.25016160310278,0.2862
2026,12976,"Austin Hedges","CLE",4,"batx,steamer,oopsy,atc",9,134.505555555556,0.891645852900801,0.0758423972285935,0.03032535217563,0.000457891423489066,0.0116601997717735,0.00561516086453962,0.168850134091109,0.0883079264541581,0.0210447834573994,0.0793602901658309,0.0128747980633087,0.189369056718861,0.244692531319703
2026,12977,"Michael Pérez",,2,"steamer,oopsy",5,1,0.95888,0.032,0.01328,0.00076,0.0048,0.00072,0.0702,0.03808,0.00968,0.03704,0.0024,0.0732104121475054,0.1022
2026,12979,"Javier Báez","DET",4,"batx,steamer,oopsy,atc",9,362.290222222222,0.932653297703999,0.0417399515602374,0.0408439134391287,0.00340123871352096,0.0123556816148319,0.00362956357734303,0.216910691441015,0.103222776863758,0.0251201042251332,0.105681218867456,0.0152006386132842,0.232573767738778,0.258650643001253
2026,12981,"Cam Gallagher",,1,"steamer",2,1,0.9202,0.059,0.0369,0.0034,0.01,0.0037,0.1733,0.0836,0.0135,0.0785,0.0125,0.188328624212128,0.2323
2026,12984,"Jackie Bradley Jr.",,1,"steamer",2,1,0.9182,0.061,0.0377,0.0037,0.01,0.0048,0.1752,0.0876,0.0167,0.0836,0.0156,0.190808102809845,0.2362
2026,13066,"Teoscar Hernández","LAD",4,"batx,steamer,oopsy,atc",9,566.347555555556,0.916626881366483,0.0657864126430801,0.0460964913115244,0.00206680344706307,0.00965516156114266,0.00340046221945944,0.237904607033892,0.130204363699591,0.0478444663609759,0.148597367835994,0.0116488754174732,0.259543563329967,0.303691019676972
2026,13075,"Norichika Aoki",,1,"steamer",2,1,0.9002,0.079,0.0364,0.003,0.01,0.0036,0.2024,0.0961,0.015,0.0872,0.0124,0.224838924683404,0.2814
2026,13145,"Josh Bell","MIN",4,"batx,steamer,oopsy,atc",9,540.741222222222,0.881876102909095,0.101481417590078,0.0390090693821243,0.00143666920764907,0.00770188805527644,0.00208930442743877,0.218051017087072,0.118187756007701,0.0365894780312058,0.121105731798865,0.00253982618180906,0.247258108443776,0.31953243467715
2026,13151,"José Briceño",,1,"steamer",2,1,0.9272,0.052,0.036,0.0034,0.01,0.0035,0.1946,0.0968,0.0267,0.1007,0.0118,0.209879206212252,0.2466
2026,13152,"Jorge Polanco","NYM",4,"batx,steamer,oopsy,atc",9,509.065111111111,0.888391043365384,0.094855226256847,0.0420955373261369,0.000746613456033252,0.00740923864626053,0.00433813615765448,0.217989291555622,0.120320874208023,0.0392784592999793,0.129822756508515,0.0114055064247497,0.245375381914973,0.312844517812469
2026,13185,"Orlando Arcia","MIN",4,"batx,steamer,oopsy,atc",9,117.898,0.913303048291754,0.0683114868673661,0.0403420643704656,0.000554567496263131,0.00351407429463136,0.000751082281196448,0.206845277255809,0.0966266384822183,0.0226691337865303,0.101088930978073,0.00207709190239305,0.226480441122685,0.275156764123175
2026,13265,"Mike Zunino",,1,"steamer",2,1,0.9042,0.075,0.0306,0.0028,0.01,0.0034,0.1723,0.1062,0.0415,0.1145,0.0113,0.190555186905552,0.2473
2026,13301,"Max Muncy","LAD",4,"batx,steamer,oopsy,atc",9,426.961111111111,0.837286759238199,0.141535077472102,0.0352196234715466,0.0025433743070941,0.0127669958229536,0.00188259403519072,0.186282417311814,0.131483350614918,0.0457162792050386,0.133761069597554,0.00608052597322813,0.222483414739894,0.327817494783915
2026,13324,"Ildemaro Vargas","ARI",4,"batx,steamer,oopsy,atc",9,93.9533333333333,0.923094361572974,0.053930398896731,0.0440266875926152,0.0037835809369021,0.00889297433185969,0.00246494666772059,0.224501672524943,0.10200211498851,0.0114021195821297,0.0918427526375611,0.0110920797781034,0.243205550668067,0.278432071421674
2026,13329,"Jake Lamb",,2,"steamer,oopsy",5,1,0.95528,0.0348,0.01552,0.00076,0.0056,6e-04,0.07652,0.03924,0.00784,0.03628,0.00192,0.0801021689975714,0.11132
2026,13338,"Omar Narváez",,2,"steamer,oopsy",5,4.352032,0.952628122574648,0.0388013748283597,0.013889007343221,0.000869928614681325,0.00399996588515236,0.000545837562152988,0.0748991479816803,0.0381233422316228,0.00571423697878909,0.0329847933066669,0.00197866116280458,0.0786237002737773,0.11370052281004
2026,13355,"Luke Maile","KCR",3,"batx,steamer,atc",6,70.0289333333333,0.881004775320786,0.0883555386604317,0.0375765438219104,0.00138359874814806,0.0134767820147865,0.00351373364098157,0.188558872269548,0.098163397608428,0.0184841467300976,0.0909937095808522,0.0108393237379423,0.214027071761207,0.27691441092998
2026,13359,"Tyler Naquin",,1,"steamer",2,1,0.9212,0.058,0.0397,0.0035,0.01,0.0035,0.1951,0.0975,0.0256,0.0996,0.0113,0.211788970907512,0.2531
2026,13367,"Stephen Piscotty",,1,"steamer",2,1,0.9092,0.069,0.0351,0.0029,0.011,0.003,0.1898,0.0974,0.0246,0.0966,0.0102,0.208754949406071,0.2588
2026,13369,"Erik González",,1,"steamer",2,1.79326,0.93422035845332,0.0480131157779686,0.0390908178401347,0.00278821810557309,0.00702630962604419,0.00289974682979601,0.209283651004316,0.0851521809442022,0.00914535538627974,0.0801333883541706,0.00914535538627974,0.22401957858294,0.257296766782285
2026,13419,"Christian Walker","HOU",4,"batx,steamer,oopsy,atc",9,563.185111111111,0.895610391336354,0.0825044722619609,0.0384168568127104,0.00117059972613945,0.0136106615008096,0.00195931087937409,0.206688071135747,0.117514913936806,0.0446143477539763,0.133589819026234,0.00567324716163858,0.230779000707377,0.289192543397708
2026,13499,"Tom Murphy",,4,"batx,steamer,oopsy,atc",9,57.6903111111111,0.899886201325349,0.0808252511879944,0.038903774890892,0.00115044527754729,0.00520402086893603,0.00175823546625286,0.20581580640283,0.112825797986958,0.0364432684090081,0.117569119943388,0.00485214892433414,0.228713148506672,0.286641057590824
2026,13510,"José Ramírez","CLE",4,"batx,steamer,oopsy,atc",9,649.162888888889,0.88851582651178,0.0961995129350408,0.0496056411077418,0.00491491846251421,0.00708147146700063,0.0129191447113089,0.239753545016838,0.136316845464232,0.0393741115166655,0.132631114642522,0.0527645623356064,0.269835987005528,0.335953057951879
2026,13546,"Roman Quinn","COL",1,"steamer",2,1,0.88,0.0962,0.0395,0.0047,0.013,0.0065,0.1866,0.1019,0.0205,0.0907,0.0204,0.212045454545455,0.2828
2026,13590,"Jesse Winker",,4,"batx,steamer,oopsy,atc",9,227.897444444444,0.8529685393849,0.125053760892105,0.0374516900806737,0.00251598525581088,0.0127943246057216,0.0048207503744081,0.200285600416311,0.116922251702905,0.0267503590206826,0.104617768041194,0.0159895024742746,0.234810067626577,0.325339361308416
2026,13602,"Patrick Wisdom","SEA",3,"batx,steamer,oopsy",8,12.244275,0.881191359482067,0.106738498325661,0.0201344303726932,0.00164285403990343,0.00659467770462585,0.00186407342700779,0.15911321757584,0.124726907709604,0.03063288221127,0.136152295670735,0.00598947523882569,0.180566021061942,0.265851715901501
2026,13611,"Mookie Betts","LAD",4,"batx,steamer,oopsy,atc",9,624.600555555556,0.878373724983312,0.1039801476205,0.0480403175330073,0.00337136892364704,0.00850722417270929,0.00451770369958427,0.234126439383749,0.136719396326691,0.0342641860437845,0.128079107793157,0.0146938673608584,0.266545358455704,0.33810658700425
2026,13613,"Ketel Marte","ARI",4,"batx,steamer,oopsy,atc",9,617.998222222222,0.873172668140806,0.107737867883332,0.0497057521378475,0.00318042433678212,0.0107660543383079,0.00297109099875377,0.239535304585784,0.14162255103447,0.0436327105466664,0.140999998020729,0.00889360957906879,0.274327533746346,0.347273172469115
2026,13620,"Carson Kelly","CHC",4,"batx,steamer,oopsy,atc",9,355.498777777778,0.884856659081202,0.092918558373446,0.0359324910041646,0.00210294220069072,0.0109476073321229,0.000854945475021647,0.207605482556511,0.111632161692925,0.0323750520340694,0.114814677302751,0.00476372768893057,0.234620466971542,0.300524040929957
2026,13621,"Jeimer Candelario","LAA",4,"batx,steamer,oopsy,atc",9,111.361888888889,0.902925980817852,0.0761521931252437,0.0412396396590922,0.00194417686809185,0.0116554923306501,0.00154437527181004,0.190445546401323,0.0992006565600069,0.0285086703121409,0.105208114233171,0.00818433317577725,0.210920441373081,0.266597739526567
2026,13624,"Corey Seager","TEX",4,"batx,steamer,oopsy,atc",9,539.765222222222,0.871267104820297,0.1095379141956,0.0453313678375721,0.00073000502954774,0.00878429265936576,0.00151131844542089,0.239810306659071,0.136127340752376,0.0511277392337882,0.151611978841179,0.00449458344963952,0.275243154862977,0.349348220854671
2026,13633,"Preston Tucker",,1,"steamer",2,1,0.8852,0.092,0.0337,0.0036,0.012,0.0038,0.1765,0.0975,0.0213,0.0897,0.0127,0.19938996836873,0.2685
2026,13663,"Jack López",,2,"steamer,oopsy",5,5.31168,0.975529747351263,0.0163983971746808,0.0152166530834012,0.00118174409127954,0.00359956533550666,0.00192203205650638,0.0786606900298832,0.0354794892692203,0.00643167617495246,0.034328307525129,0.00658448791089378,0.0806338199767469,0.095059087204564
2026,13675,"Tyrone Taylor","NYM",4,"batx,steamer,oopsy,atc",9,265.542222222222,0.917242723505634,0.0540697414307904,0.0459931603129747,0.00730791111075819,0.0176381171678237,0.00702171252810218,0.209969483020286,0.113182829477391,0.0225342133018847,0.100602416378191,0.0275492658293717,0.228913762561994,0.264039224451076
2026,13723,"Jacob Stallings","BAL",3,"batx,steamer,atc",6,72.0866666666667,0.891526149355756,0.0785079680857567,0.0337103989265666,0.00109266175548526,0.014007286456307,0.00126558719096086,0.179442321493163,0.0890824599756818,0.0170028025493674,0.0853637217206365,0.00334568533470056,0.201275443937156,0.25795028957892
2026,13744,"David Dahl",,1,"steamer",2,10.3409,0.912966956454467,0.0700035780251235,0.0433811370383622,0.00352000309450822,0.00599560966647004,0.00337494802193233,0.208511831658753,0.101954375344506,0.0260422206964578,0.104961850515913,0.0107534160469592,0.228389242551028,0.278515409683877
2026,13750,"Elier Hernandez",,1,"steamer",2,8.26067,0.917225842455878,0.0640020724711192,0.0436889501699015,0.00278427778860552,0.00800177225334023,0.00411588890489512,0.211060361931901,0.0990839726075488,0.0205915500800783,0.0970502392663065,0.0114155389332827,0.230107299819187,0.275062434403021
2026,13755,"Tomás Nido","DET",4,"batx,steamer,oopsy,atc",9,20.7110111111111,0.9244686538725,0.0556404535552799,0.0225124629535376,0.000606397962213679,0.00473184039923458,0.00114885436173639,0.212836875551289,0.0839874322676371,0.0124048624077906,0.0830591077211138,0.00299673972056875,0.230226167928721,0.268477329106569
2026,13757,"Chris Taylor","LAA",4,"batx,steamer,oopsy,atc",9,122.469,0.889247903899413,0.0873576515759302,0.0389439170180717,0.00205124831668611,0.0126344316857773,0.00760680145299901,0.190902101980002,0.103326053724008,0.022455071729496,0.0953121654733543,0.0212495897482132,0.21467815796122,0.278259753555932
2026,13768,"Travis Jankowski","NYM",2,"steamer,oopsy",5,4.268816,0.954590690838679,0.0367595431332615,0.014753533565052,0.000894021395458371,0.00440032969764632,0.00298297870484647,0.0823023013419043,0.040392322754807,0.00528999001312685,0.0348581122629208,0.0123113287774584,0.0862173726726746,0.119061844475166
2026,13770,"Rob Refsnyder","SEA",4,"batx,steamer,oopsy,atc",9,236.186333333333,0.874943678390493,0.101649961529328,0.0400383138252878,0.00169736052488473,0.0137114419729579,0.00379397286464729,0.208366753718936,0.117657372551016,0.0310040674634516,0.114199142308873,0.0114257058249624,0.238148761874865,0.310016715248264
2026,13788,"Matt Reynolds",,1,"steamer",2,1,0.8982,0.082,0.0425,0.0035,0.009,0.0035,0.1939,0.0972,0.0176,0.0895,0.0122,0.215876196838121,0.2759
2026,13807,"Kevin Plawecki",,1,"steamer",2,1,0.9062,0.074,0.038,0.0026,0.009,0.0023,0.1962,0.095,0.018,0.0899,0.0076,0.216508497020525,0.2702
2026,13836,"Matt Duffy",,1,"steamer",2,3.24449,0.911206383745982,0.0670059084786823,0.0333488468141372,0.00261982622846734,0.0110032701595628,0.00311296998912002,0.202497156718005,0.0915706320561937,0.0140854186636421,0.0850364772275458,0.0107875197642773,0.222229738871601,0.269503065196687
2026,13853,"Joey Wendle",,1,"steamer",2,4.58283,0.937128368278989,0.0430083594634756,0.0460195992432623,0.00495327123196802,0.00899007818313138,0.00471324487270966,0.209673935101237,0.0897043966282843,0.0121540620097189,0.0868895420515271,0.0154271487268784,0.223740889934105,0.252682294564712
2026,13854,"Anthony Bemboom",,1,"steamer",2,1,0.8932,0.087,0.0358,0.0029,0.009,0.0027,0.1788,0.0917,0.0157,0.0826,0.009,0.200179131213614,0.2658
2026,13897,"Tyler Heineman","TOR",4,"batx,steamer,oopsy,atc",9,137.850088888889,0.882317892591093,0.0797015452026277,0.0340991471776011,0.00223068028052033,0.0184350551228065,0.00473247175507118,0.192353806880354,0.100830442982056,0.0158902365039062,0.0834241564719936,0.0125821101698786,0.218009640851179,0.272055352082981
2026,14109,"Albert Almora Jr.",,2,"steamer,oopsy",5,8.644,0.96849129786176,0.024,0.0180029835902536,0.00193336648433615,0.00320039781203381,0.00246444554947787,0.0865141720537046,0.0388244654400796,0.00580009945300845,0.0365708602685231,0.00716061660865241,0.0893288068201656,0.110514172053705
2026,14111,"Eric Haase","SFG",4,"batx,steamer,oopsy,atc",9,22.6430222222222,0.918692516507511,0.0698106223614248,0.0218060908633927,0.00134943286398519,0.00462978734093832,0.0012600809389801,0.205934875774378,0.0904167687162683,0.0176246449859457,0.0915131749424503,0.00389902653441258,0.224160828649457,0.275745498135803
2026,14128,"Joey Gallo",,1,"steamer",2,13.9212,0.851751285808695,0.127999023072724,0.0256874407378674,0.00190357153118984,0.00999913800534437,0.00281584920840157,0.153693647099388,0.111017728356751,0.0424532367899319,0.112935666465535,0.00942447490158894,0.180444279521649,0.281692670172112
2026,14130,"Daniel Vogelbach",,1,"steamer",2,9.82011,0.860153297671818,0.12099660798097,0.0334721301492549,0.00259671225678735,0.00900193582352947,0.00259671225678735,0.197115918253462,0.114601567599548,0.0339201903033673,0.113786912773889,0.00805489958870115,0.229163706965952,0.318112526234431
2026,14137,"Tim Lopes",,1,"steamer",2,1,0.9032,0.078,0.037,0.0033,0.008,0.0079,0.1905,0.0978,0.0202,0.0912,0.0256,0.210916740478299,0.2685
2026,14145,"Daniel Robertson",,1,"steamer",2,1,0.8952,0.079,0.0386,0.0038,0.015,0.0038,0.1896,0.0955,0.0157,0.0863,0.0126,0.211796246648794,0.2686
2026,14161,"Byron Buxton","MIN",4,"batx,steamer,oopsy,atc",9,527.532888888889,0.898215118469858,0.077902652333236,0.0481512299750243,0.00629002868007116,0.0156360343650555,0.00568051481986038,0.225585377615499,0.144969528325659,0.0523207462660936,0.141392824646237,0.0297274558510769,0.251148497700408,0.303488029948735
2026,14162,"Carlos Correa","HOU",4,"batx,steamer,oopsy,atc",9,539.458666666667,0.891844616606839,0.0911049437209898,0.0442355520275995,0.00146882501824029,0.00596769696086958,0.000819177951741257,0.234668124849456,0.117821877786285,0.029404546298354,0.118506977577283,0.00120033269483375,0.263126693237536,0.325773068570446
2026,14196,"Andrew Velazquez","TEX",2,"steamer,oopsy",5,2.355092,0.970050117030902,0.0232375282891153,0.0152698547996344,0.000610794191985377,0.0023975951118232,0.00303573829747956,0.0745260077534397,0.0365200228819914,0.0067552014367338,0.0339674501393659,0.0140209174219927,0.0768269664061755,0.097763536042555
2026,14221,"Jorge Soler","LAA",4,"batx,steamer,oopsy,atc",9,479.555444444444,0.87634377350086,0.103675236563324,0.04013708650534,0.000361424574716605,0.0104270208866117,0.00104537095650067,0.199451368869028,0.116663308459777,0.0447839494535155,0.13053635365889,0.0018461094088877,0.227594894720653,0.303126605432352
2026,14225,"Yasiel Puig",,1,"steamer",2,1,0.9122,0.065,0.0357,0.0032,0.012,0.0024,0.2014,0.1011,0.0269,0.1025,0.0078,0.220784915588687,0.2664
2026,14274,"Mitch Haniger",,1,"steamer",2,15.4774,0.897185573804386,0.0839998966234639,0.0330804915554292,0.00218382932533888,0.00900021967513924,0.00143434943853619,0.192797239846486,0.102652900357941,0.0317689017535245,0.108513057748717,0.00449041828730924,0.214891150142949,0.27679713646995
2026,14344,"Matt Olson","ATL",4,"batx,steamer,oopsy,atc",9,668.926444444444,0.865184533872474,0.119046381205202,0.0439643605196456,0.00138249535429229,0.00844226640852492,0.000868185030066651,0.215078217951226,0.130290867934571,0.0448849971172085,0.140104982964026,0.00155779164311741,0.248592305491823,0.334124599156428
2026,14366,"Joey Meneses","ATH",4,"batx,steamer,oopsy,atc",9,36.4594,0.949292874189066,0.038718698360473,0.0319211098035728,0.000406384339350713,0.00580230387863888,0.000617791052261238,0.152557747363619,0.0680631254913699,0.0162314518011542,0.0734308489645268,0.00160749214898279,0.160706723406031,0.191276445724092
2026,14387,"Harold Ramírez",,1,"steamer",2,17.9613,0.933434662301726,0.047301698652102,0.0420292517802164,0.00382489018055486,0.00999927622165434,0.00496623295641184,0.241235322610279,0.0968025699698797,0.0175933813254052,0.0993914694370675,0.0133564942403946,0.258438359269222,0.288537021262381
2026,14388,"Ronald Guzmán",,1,"steamer",2,1,0.8962,0.082,0.0401,0.004,0.011,0.0047,0.2025,0.1128,0.0343,0.114,0.0157,0.225954028118724,0.2845
2026,14412,"Joe Hudson",,2,"steamer,oopsy",5,1,0.95172,0.0388,0.01064,0.00084,0.0052,0.00124,0.05968,0.03636,0.00932,0.03364,0.00416,0.0627075190181986,0.09848
2026,14446,"Hiroyuki Nakajima",,1,"steamer",2,1,0.9232,0.054,0.0394,0.0039,0.012,0.0045,0.201,0.0895,0.0127,0.0839,0.0145,0.217720970537262,0.255
2026,14477,"Jake Cave",,1,"steamer",2,23.1075,0.91721735367305,0.0640008655198529,0.0453835334847993,0.00642215730823326,0.00800173103970572,0.00440982365032998,0.223429622416964,0.104779833387428,0.0234036568213783,0.104628367413178,0.0155490641566591,0.243595066667925,0.287430487936817
2026,14551,"Anthony Santander","TOR",4,"batx,steamer,oopsy,atc",9,104.612777777778,0.890811726654292,0.0910395136429328,0.03735715704134,0.000883978729028188,0.0130022179121276,0.000611141494186772,0.204986387985471,0.121543933895763,0.0428699000916662,0.131187385522702,0.00175162021186706,0.230111910128708,0.296025901628404
2026,14566,"Franmil Reyes",,1,"steamer",2,1,0.9082,0.076,0.0353,0.0017,0.005,9e-04,0.2142,0.1144,0.0411,0.1235,0.0028,0.235851134111429,0.2902
2026,14567,"Franchy Cordero",,1,"oopsy",3,1,1,0,0,0,0,0,0,0,0,0,0,0,0
2026,14593,"David Bote","LAD",1,"steamer",2,9.13305,0.906148548403874,0.0723964064578646,0.0456802492048111,0.00263876799097782,0.0110039909997208,0.00284680364171881,0.204652334105255,0.107510634453989,0.0243511203814717,0.104981358910769,0.00905502542962099,0.225848548194154,0.27704874056312
2026,14691,"Harold Castro",,2,"steamer,oopsy",5,1.397616,0.975298389199815,0.0175924254277748,0.0164088985175824,0.00136406491344206,0.00280836893943953,0.0013440051353032,0.0933983270145032,0.039517762933542,0.00796373192112495,0.0401396160558464,0.00433291207799242,0.095763848324544,0.110990752442278
2026,14712,"Manuel Margot",,4,"batx,steamer,oopsy,atc",9,40.8632,0.914354908205337,0.0566566779748044,0.0438774000517549,0.00190201778082604,0.00639013470711364,0.00272232256915023,0.230266880468718,0.101879378513477,0.0121144445286134,0.0969310340668548,0.00779069088957994,0.251835341400067,0.286923558443523
2026,14735,"Brett Phillips",,1,"steamer",2,1,0.8902,0.091,0.0288,0.0035,0.008,0.0049,0.1601,0.096,0.0271,0.0921,0.0179,0.17984722534262,0.2511
2026,14773,"Yu Chang",,1,"steamer",2,1,0.9082,0.07,0.0388,0.0034,0.011,0.0051,0.1994,0.104,0.0277,0.1038,0.0169,0.21955516406078,0.2694
2026,14811,"Luke Voit",,1,"steamer",2,1,0.8872,0.088,0.0364,0.0022,0.014,0.0016,0.2139,0.1169,0.0374,0.1192,0.0054,0.24109558160505,0.3019
2026,14813,"Kyle Farmer","ATL",4,"batx,steamer,oopsy,atc",9,58.5269888888889,0.904792634940056,0.06390709499527,0.0381959401246769,0.00183992954791922,0.0244495453123954,0.00242252213467506,0.212776512374407,0.105682227750182,0.0283402372006675,0.104968612357229,0.00528378581924985,0.23516605259337,0.276683607369677
2026,14854,"Mike Yastrzemski","ATL",4,"batx,steamer,oopsy,atc",9,448.035222222222,0.874568739832003,0.106529732075891,0.0428964331966611,0.00366582215911743,0.00881840364966223,0.0035441236053657,0.19964702248846,0.121129962734511,0.0348865463530471,0.117358958216023,0.0100249717779522,0.228280538047599,0.306176754564351
2026,14885,"Pat Valaika",,1,"steamer",2,1,0.9122,0.068,0.0338,0.0033,0.009,0.004,0.1869,0.0897,0.0158,0.084,0.0132,0.204889278666959,0.2549
2026,14894,"Tony Kemp",,1,"steamer",2,4.1677,0.892962545288768,0.0840031672145308,0.0379825803200806,0.00376706576768961,0.011997024737865,0.00523070278570914,0.207356575569259,0.102094680519231,0.0150442690212827,0.0886580128128224,0.019819084866953,0.232211951848667,0.29135974278379
2026,14938,"Jack Reinheimer",,1,"steamer",2,1,0.9332,0.047,0.0372,0.0032,0.009,0.0041,0.1863,0.0807,0.0093,0.0753,0.0145,0.199635662237462,0.2333
2026,14942,"Andrew Knapp",,1,"steamer",2,4.72431,0.899242429053132,0.079990517133719,0.0359629236862103,0.00313273261068812,0.00999087697462698,0.00268822325376616,0.182968518153974,0.0935798031881904,0.01875406143966,0.0876530117625643,0.00853034623045482,0.203469623143375,0.262959035287693
2026,14968,"Victor Caratini","MIN",4,"batx,steamer,oopsy,atc",9,357.090888888889,0.894323523909708,0.0767344377960388,0.0377226997422258,0.00045967357053492,0.0181361069263614,0.00158833249689138,0.223937056253186,0.107880756455539,0.0277459927975492,0.111148629012215,0.00364869777433285,0.250398262224169,0.300671494049225
2026,15055,"Dom Nuñez","CLE",3,"batx,steamer,oopsy",8,12.0394,0.922385981174862,0.126517066429938,0.0204664357150499,0.00120383506333328,0.00559825747066355,0.000681654779589139,0.155065902605405,0.1160439446745,0.0129222119889615,0.113378537643853,0.0029195291097765,0.168113897836885,0.281582969035344
2026,15082,"Adam Engel",,1,"steamer",2,1,0.9112,0.068,0.0351,0.0034,0.01,0.0049,0.1707,0.0903,0.0208,0.087,0.0179,0.18733538191396,0.2387
2026,15104,"Jonathan Davis",,1,"steamer",2,1,0.8892,0.086,0.0354,0.0038,0.014,0.0046,0.1821,0.0956,0.0176,0.0859,0.0156,0.204790823211876,0.2681
2026,15112,"Ryan McMahon","NYY",4,"batx,steamer,oopsy,atc",9,464.445444444444,0.875037511751472,0.110775481118567,0.0362861467993211,0.00187272529160766,0.00593069047500873,0.00320194517371143,0.187944514584581,0.110389775706238,0.0339554067215721,0.109175983419775,0.00704404701807309,0.21478452301821,0.298719995703148
2026,15117,"Hunter Dozier",,1,"steamer",2,1,0.9192,0.062,0.0391,0.0037,0.008,0.0037,0.1827,0.0943,0.0243,0.0954,0.0115,0.198759791122715,0.2447
2026,15124,"Tim Locastro",,2,"steamer,oopsy",5,1,0.95888,0.0256,0.01624,0.00188,0.0112,0.00376,0.07972,0.04132,0.00752,0.03728,0.01364,0.0831386617720674,0.10532
2026,15149,"Trey Mancini","LAA",3,"batx,steamer,oopsy",8,11.682125,0.887519106079131,0.0455996159841703,0.0235013173627599,0.000552842806446221,0.00772971940613417,0.000986805731300576,0.237108395873499,0.116362966169931,0.0186301451611237,0.120730377949021,0.0028168219007787,0.267158638331735,0.282708011857669
2026,15161,"Mitch Garver","SEA",4,"batx,steamer,oopsy,atc",9,80.0052888888889,0.869804379697558,0.108742340588647,0.0353444028338689,0.00132060479800816,0.0152856515481232,0.00106643269613577,0.177375777094958,0.108249786943176,0.0316460359966629,0.11418435709363,0.00296899576272165,0.203926056519321,0.286118117683605
2026,15170,"Josh VanMeter",,1,"steamer",2,1,0.8562,0.122,0.0355,0.0029,0.011,0.0041,0.1668,0.0988,0.0172,0.0826,0.0137,0.194814295725298,0.2888
2026,15172,"Tim Anderson",,3,"batx,steamer,atc",6,40.88825,0.935176108903977,0.0423629526729631,0.036779088663676,0.00201469611233194,0.00854388454135093,0.00638729883439694,0.228438918769976,0.0937783759200688,0.0082789414550336,0.0811545171322596,0.0194764352966505,0.244273689837634,0.270801871442939
2026,15189,"Dustin Peterson",,1,"steamer",2,1,0.9022,0.078,0.0353,0.0029,0.009,0.0035,0.1853,0.0973,0.0238,0.0945,0.0113,0.205386832187985,0.2633
2026,15191,"Chad Pinder",,1,"steamer",2,1,0.9262,0.053,0.0423,0.004,0.01,0.0039,0.2169,0.1063,0.0302,0.1114,0.0133,0.23418268192615,0.2699
2026,15194,"Jake Bauers","MIL",4,"batx,steamer,oopsy,atc",9,290.791444444444,0.868797598751369,0.115921511925544,0.0347019338046689,0.00304392988709705,0.00796308083733596,0.00684317464039479,0.185989654621239,0.116137290638259,0.0369781148895817,0.119027273421563,0.0252584114456918,0.214077081806559,0.301911166546783
2026,15214,"Brandon Dixon",,1,"steamer",2,1,0.9162,0.061,0.0356,0.0036,0.012,0.0038,0.192,0.1039,0.0342,0.1098,0.0131,0.209561231172233,0.253
2026,15223,"Adam Frazier","LAA",4,"batx,steamer,oopsy,atc",9,227.293888888889,0.907484071888526,0.0670142305451665,0.0369230382318993,0.00407847150668387,0.0124571647923171,0.00650571789048163,0.206812779165142,0.095065393078153,0.0130172165875288,0.0804013240600322,0.0179560480099264,0.227896869566815,0.273827009710308
2026,15271,"Austin Wynns","ATH",4,"batx,steamer,oopsy,atc",9,146.923,0.911871457169512,0.066439605944145,0.039371394666668,0.000454654144622314,0.010170440350981,0.00117200178672229,0.207320059068525,0.100891028254942,0.026468288313696,0.103727395110908,0.00544406326526598,0.227356671204575,0.273759665012671
2026,15274,"Mike Tauchman","NYM",4,"batx,steamer,oopsy,atc",9,134.195222222222,0.86210191392368,0.115812447150746,0.0380039778317289,0.000688989754147433,0.00982283296470759,0.00158102973541694,0.195646387635363,0.114022020927242,0.0220815549164385,0.0956191305225921,0.0075775889296382,0.226941135932431,0.311458834786109
2026,15279,"Garrett Cooper",,2,"steamer,oopsy",5,2.934184,0.964447704208409,0.0275967961394646,0.0154914951006433,0.00124069053682143,0.00400311200830783,0.00063062723418548,0.0814126050045755,0.0389755049302026,0.00992552429457147,0.0402984511932221,0.00198099207260439,0.0844137060509638,0.10900940114404
2026,15362,"Jeff McNeil","ATH",4,"batx,steamer,oopsy,atc",9,541.108222222222,0.890907906503568,0.0804524194145685,0.0477109657360955,0.00449171343370025,0.0171991737126859,0.00176827591073879,0.228677702794556,0.113520992030991,0.0210532447433666,0.104261907717593,0.00701383641100322,0.256679395395668,0.309130122209124
2026,15429,"Kris Bryant","COL",4,"batx,steamer,oopsy,atc",9,61.6814888888889,0.892825493545028,0.0848468099765594,0.0403787999423625,0.0014256070412854,0.0168537659442498,0.000675338677660726,0.215796202127824,0.107663441558216,0.0237882004129319,0.110497900886731,0.00202930003964597,0.241700313989679,0.300643012104383
2026,15464,"Hunter Renfroe",,2,"steamer,oopsy",5,7.1022,0.961571160530282,0.0316003814093691,0.0173504352373043,0.00068653686444588,0.00280028298114484,0.000597951462581895,0.0840035680231306,0.0433748577404571,0.0140014149057242,0.0468985881701578,0.00174464027559903,0.0873607398716126,0.1156039494325
2026,15487,"Victor Reyes",,1,"steamer",2,1,0.9212,0.062,0.0517,0.0023,0.006,0.0022,0.2561,0.1089,0.0191,0.1062,0.0074,0.278006947459835,0.3181
2026,15491,"J.P. Crawford","SEA",4,"batx,steamer,oopsy,atc",9,581.685555555556,0.864634222669644,0.113548568237367,0.0409009203987174,0.00156672210057403,0.0088518993408644,0.00274491199223131,0.208120643843672,0.110402712073068,0.0175120395224774,0.0931219355120599,0.00865487046871512,0.240703685312246,0.321669212081039
2026,15504,"Jamie Westbrook",,2,"steamer,oopsy",5,6.67512,0.956109508947971,0.0344012957768736,0.017026824161498,0.000545174416307826,0.00519890965116738,0.000663690593766049,0.0808833405759886,0.0401690830798404,0.00736380515940426,0.0367373813192167,0.00211485534442118,0.0845963143541856,0.115284636352862
2026,15518,"Amed Rosario","NYY",4,"batx,steamer,oopsy,atc",9,235.843111111111,0.93347049736427,0.0470227897893681,0.0452026665882866,0.0043118234467604,0.00829876432630876,0.00537714266400916,0.244838537673464,0.113245689408729,0.0182755943185443,0.102487441223026,0.0211667437887034,0.262288458354908,0.291861327462832
2026,15519,"Franklin Barreto",,1,"steamer",2,1,0.9042,0.074,0.0376,0.0035,0.011,0.0045,0.1929,0.0997,0.0231,0.0963,0.0149,0.213337757133378,0.2669
2026,15585,"Mike Ford",,2,"steamer,oopsy",5,5.00476,0.954914229152099,0.0368001888865682,0.0126408703311872,0.00098075718086797,0.00439887757789301,0.000748281404662229,0.0739926806454835,0.0414823963167119,0.0126336054631807,0.0423687102134963,0.00240103887612492,0.0774862059718014,0.110792869532052
2026,15640,"Aaron Judge","NYY",4,"batx,steamer,oopsy,atc",9,638.766333333333,0.811521388114688,0.171199856530157,0.0395680272569963,0.00132942835053722,0.00952029995712491,0.00386336911439053,0.236938420351821,0.170193524857809,0.0758552038233232,0.183226544339777,0.0144159713578481,0.291968177083136,0.408138276881979
2026,15653,"Dominic Smith","ATL",4,"batx,steamer,oopsy,atc",9,224.245888888889,0.899112536268103,0.0773406395540305,0.0405890514238449,0.000896899744439799,0.0123776838236175,0.00266201187143314,0.21558199009964,0.104881967686242,0.0240605015830243,0.106635288554566,0.00654818410944251,0.239771976703211,0.292922629653671
2026,15654,"Billy McKinney",,2,"steamer,oopsy",5,4.073088,0.954460353437632,0.0372003243223322,0.0140555033445741,0.00152947463467669,0.00399874693644388,0.00123463615088359,0.0764368769233604,0.0403790517257265,0.00954078906149225,0.0386606961873699,0.00395728527466048,0.0800838679658736,0.113637201245693
2026,15674,"Reese McGuire","MIL",4,"batx,steamer,oopsy,atc",9,39.4958444444444,0.945223411935586,0.040512852962906,0.023338099861493,0.00158348583138691,0.00518413657734808,0.00153807134545835,0.190643127884511,0.121783453459579,0.0174541718621179,0.129838072111014,0.00470413640573336,0.201691076921297,0.231155980847417
2026,15676,"José Abreu",,1,"steamer",2,1,0.9139,0.065,0.0377,0.0029,0.01,0.0022,0.2082,0.0983,0.0243,0.1014,0.0069,0.227814859393807,0.2732
2026,15679,"Rowdy Tellez",,4,"batx,steamer,oopsy,atc",9,201.770111111111,0.905517794151104,0.0782399652194722,0.0375509961158516,0.000378636443645621,0.00687899428853022,0.000606725689501917,0.206643204767642,0.108052072282422,0.0424016074642678,0.12944543534095,0.00366706347421287,0.228204466110315,0.284883169987115
2026,15697,"Gosuke Katoh",,1,"steamer",2,1,0.9082,0.071,0.0427,0.0038,0.01,0.0042,0.2087,0.0987,0.0166,0.0922,0.0137,0.229795199295309,0.2797
2026,15711,"Tyler O'Neill","BAL",4,"batx,steamer,oopsy,atc",9,395.361666666667,0.880192648510925,0.10003322711373,0.0363666187454889,0.00252309890545366,0.0117422109194992,0.00281152084717032,0.207385144625224,0.127913474032797,0.048356172490726,0.137071380143972,0.0117400177927355,0.235613356889619,0.307418371738953
2026,15730,"Tyler Wade","TEX",4,"batx,steamer,oopsy,atc",9,56.2407333333333,0.894324220921459,0.0817082180594428,0.0346941330000526,0.00317561047777691,0.00519676568038504,0.0137027215671503,0.194786168648266,0.100297928435771,0.00319714281492116,0.0662819014014443,0.0398864318580689,0.217802631407623,0.276494386707709
2026,15817,"Erick Mejia","WSN",1,"steamer",2,1,0.8994,0.0818,0.0361,0.0039,0.008,0.006,0.188,0.0959,0.021,0.0902,0.0198,0.209028241049589,0.2698
2026,15878,"Miguel Andujar","SDP",4,"batx,steamer,oopsy,atc",9,334.381555555556,0.930013176729153,0.0541153789849945,0.0423123988988697,0.00353019507332461,0.00580095627846083,0.00244185671325736,0.244523428533109,0.108092121960066,0.0236841627795678,0.109643548786934,0.00601714312154211,0.262924692522202,0.298638807518104
2026,15905,"Luis Torrens","NYM",4,"batx,steamer,oopsy,atc",9,216.946555555556,0.91286397456661,0.0679928973523369,0.0405607712540885,0.0023876372456353,0.00913522469856043,0.00135980153482875,0.214959723928439,0.103801005642153,0.0253431875736783,0.107988707904227,0.00514384845328938,0.235478373467956,0.282952621280776
2026,15937,"Aledmys Díaz",,1,"steamer",2,5.88062,0.922589794953593,0.0540929357788805,0.0410330883478273,0.00341800694484595,0.0120055368311505,0.00312892178035649,0.199757848662216,0.0964013998523965,0.019334696001442,0.0931874530236608,0.0101860007958345,0.216518597707082,0.253850784441096
2026,15941,"Austin Nola",,2,"steamer,oopsy",5,1,0.96128,0.0304,0.01512,0.00128,0.004,0.00072,0.08036,0.03704,0.00588,0.03512,0.0022,0.0835968708388815,0.11076
2026,15983,"Clint Frazier",,1,"steamer",2,1,0.8782,0.1,0.0344,0.0037,0.011,0.0051,0.1758,0.0997,0.0217,0.0901,0.0171,0.20018219084491,0.2758
2026,15986,"Willy Adames","SFG",4,"batx,steamer,oopsy,atc",9,652.873555555556,0.878640724741563,0.106247475917052,0.0427083024667286,0.0020796712822573,0.00611368268903075,0.00567337919472691,0.206660362265822,0.124224118231377,0.0407392891384075,0.12803398807838,0.0177633642001337,0.235204625106135,0.312907838182875
2026,15994,"Kean Wong",,1,"steamer",2,1,0.8942,0.085,0.0353,0.0033,0.01,0.0051,0.2012,0.0934,0.0099,0.0796,0.0178,0.225005591590248,0.2862
2026,15998,"Cody Bellinger","NYY",4,"batx,steamer,oopsy,atc",9,597.087555555556,0.900310959892532,0.0844236207469841,0.0414878361862925,0.00474081024035493,0.00558732252973138,0.00478659718067765,0.227885417776394,0.125057237956987,0.0358630096122967,0.125301076329633,0.0186356464781738,0.253118564505308,0.312309038523378
2026,16153,"Austin Slater","DET",4,"batx,steamer,oopsy,atc",9,59.6928888888889,0.886066458530403,0.101090091708888,0.0371586736101978,0.00169061310540829,0.00704813125381604,0.00214705620994225,0.209429821197614,0.110711972839532,0.0283004954748388,0.10053770188605,0.00742785104305902,0.236359044156763,0.310519912906502
2026,16219,"J.D. Davis",,2,"steamer,oopsy",5,4.97068,0.958589510099115,0.0331994106180274,0.0150383921952648,0.000944475459196281,0.00440023062772841,0.000845635004164112,0.0811736388845672,0.0412201305060082,0.011373973843887,0.0426551474827716,0.00267601380105613,0.084680291229323,0.114373049502595
2026,16221,"Bradley Zimmer",,1,"steamer",2,1,0.9072,0.068,0.0302,0.0031,0.014,0.0054,0.1702,0.0897,0.0208,0.0855,0.0182,0.187610229276896,0.2382
2026,16252,"Trea Turner","PHI",4,"batx,steamer,oopsy,atc",9,629.034444444444,0.91526357839215,0.0638260902772249,0.046454110755092,0.00622788977867663,0.00836468574632644,0.00822974323676289,0.255892021068284,0.135510404359119,0.0282394072403535,0.113861376724876,0.0429989908127251,0.279582873294064,0.319718111345509
2026,16285,"Michael Hermosillo",,1,"steamer",2,1,0.9062,0.068,0.0379,0.0036,0.015,0.0046,0.2049,0.111,0.035,0.1148,0.0154,0.226109026704922,0.2729
2026,16337,"Nick Gordon",,2,"steamer,oopsy",5,7.87552,0.973482582688248,0.0188005805770584,0.0171995953553835,0.0014954257565095,0.00360001759324419,0.00272035538353272,0.0856021287825475,0.038225721323012,0.00898574947220267,0.040143384940183,0.00794774806474314,0.0879339089418111,0.104402709359606
2026,16357,"Pablo Reyes","SDP",2,"steamer,oopsy",5,5.93296,0.959680177612433,0.0328402988209175,0.0152740691848429,0.00125408778614503,0.003201224085686,0.00247517326212835,0.0832828297980859,0.0416279139539768,0.0087456121928535,0.0390687348114368,0.0075905313371936,0.0867818589368839,0.116123128619003
2026,16375,"Óscar Mercado","ARI",2,"steamer,oopsy",5,1.65376,0.956210142726997,0.0346796234436684,0.0156088672942606,0.00201943516550258,0.00479805648344974,0.004342544791983,0.078287276040085,0.0426207105982387,0.00786516853932584,0.0381718797449135,0.0150470695414516,0.0818724593495935,0.112966899483753
2026,16376,"Michael Conforto","CHC",4,"batx,steamer,oopsy,atc",9,127.038222222222,0.875377722607601,0.102624103421766,0.0391443495690122,0.00120747636754622,0.0128900531882908,0.000492877503592277,0.193567578537341,0.109815374645211,0.0300630969588976,0.111314085501079,0.00149011105008025,0.221124634015972,0.296191681959107
2026,16398,"Brian Navarreto","MIA",2,"steamer,oopsy",5,1.305108,0.967262887387464,0.0253691633054794,0.0149310460241552,0.00152033447358419,0.00319950986231896,0.000930353931596295,0.0793523828973718,0.037940287161683,0.00889509124843286,0.0384621930257493,0.00304066894716838,0.0820380725158381,0.104721546202851
2026,16403,"Francisco Mejía",,2,"steamer,oopsy",5,1.803676,0.970890505418402,0.0219992755525573,0.0169480823743266,0.00131596874906536,0.00280474147528072,0.000850727272123063,0.0838099289177486,0.039292965881184,0.00925165908433831,0.0401038153124263,0.0027914488616538,0.0863227402575443,0.105809204470306
2026,16417,"Sergio Alcántara","WSN",3,"batx,steamer,oopsy",8,13.255375,0.878796143485615,0.111073460204422,0.0228841380756301,0.00230829067846658,0.00324592586344929,0.00144621165942893,0.170286056795737,0.106616896874191,0.00660018840330227,0.101984129576888,0.00445362035629545,0.193771966408867,0.281359517000159
2026,16426,"Thairo Estrada","BAL",4,"batx,steamer,oopsy,atc",9,75.4974666666667,0.932278639669251,0.0531778560140133,0.0505993487033912,0.00278641115616769,0.00890875523857467,0.00415506363405166,0.22368536551423,0.0977473690999193,0.0140899788529338,0.115285523358212,0.0118565008654083,0.239934024009805,0.276863221528243
2026,16429,"Jason Martin",,1,"steamer",2,1,0.8932,0.088,0.0375,0.0038,0.008,0.0054,0.2091,0.1126,0.0321,0.1119,0.0161,0.23410210479176,0.2971
2026,16434,"Christian Arroyo","NYM",2,"steamer,oopsy",5,2.57664,0.970454913388376,0.0208434515136798,0.0177108628784199,0.000817548971992877,0.00440343208677351,0.000963250768981706,0.0821272462360369,0.0372187145863688,0.00613566456208515,0.0357778857050348,0.00309211591387405,0.0846275752773375,0.102970697749717
2026,16442,"Ryan O'Hearn","PIT",4,"batx,steamer,oopsy,atc",9,508.855333333333,0.889509607653583,0.0913396695205769,0.0449758069962599,0.00351136782996546,0.00963558187152414,0.00196281627499393,0.234417734175516,0.118622778926159,0.0271345017838086,0.114650613858126,0.0069538934593952,0.263535921544323,0.325757403696093
2026,16448,"Jacob Nottingham","SEA",2,"steamer,oopsy",5,1,0.96224,0.02744,0.01296,8e-04,0.006,0.0012,0.06524,0.0368,0.0104,0.03696,0.00396,0.0678001330229465,0.09268
2026,16451,"Luis Guillorme",,2,"steamer,oopsy",5,5.9408,0.948238466147394,0.0444008388256441,0.0145476333133613,0.00106051527860995,0.00280107849011384,0.00144098262432594,0.0775164769322948,0.0382534451767525,0.00273517076093469,0.0294877171959257,0.00472139005392451,0.0817478721858196,0.121917315757939
2026,16472,"Rhys Hoskins","CLE",4,"batx,steamer,oopsy,atc",9,376.112666666667,0.872243318035607,0.107129744606398,0.0384988795289209,0.000741092345869189,0.0118299802412765,0.00253821112724673,0.193000312259001,0.111419575430029,0.0376220218722043,0.120825161961241,0.00666778632181969,0.221268891682266,0.3001300568654
2026,16478,"Kyle Schwarber","PHI",4,"batx,steamer,oopsy,atc",9,660.031888888889,0.835637808375914,0.146335934228345,0.0316561475768124,0.00142061386046882,0.0106839269823289,0.00407997161931476,0.195068282799363,0.145204846436956,0.0625624054844436,0.155649608099987,0.0091452020065125,0.233436401326172,0.341404217027708
2026,16496,"Forrest Wall",,2,"steamer,oopsy",5,5.5214,0.956643231600764,0.0347998537001666,0.0152899581419921,0.00154752712642744,0.00399886211240704,0.0043857438940139,0.0826691591823465,0.0406355914983541,0.00542934937212988,0.0345170073556305,0.0170130450684765,0.0864158721365906,0.117469012882513
2026,16505,"Matt Chapman","SFG",4,"batx,steamer,oopsy,atc",9,628.407444444444,0.869808553347434,0.11169350059189,0.0452135638082694,0.00304489642165275,0.0112429940823878,0.00502102865762964,0.206197654702533,0.127686996659468,0.039177601030405,0.125597989098763,0.0149499086058754,0.237060964632949,0.317891155294423
2026,16512,"Isiah Kiner-Falefa","BOS",4,"batx,steamer,oopsy,atc",9,189.944555555556,0.925600005817305,0.0476908857702579,0.0387145520802802,0.00460655498800586,0.0118279406102254,0.00759817226883814,0.235670939080537,0.102923912982823,0.00854470265018868,0.0835547233063704,0.0288242976003077,0.254614236818678,0.283361824850794
2026,16524,"Ryan McBroom",,1,"steamer",2,1,0.9032,0.077,0.0341,0.0026,0.009,0.0029,0.1896,0.1013,0.0287,0.1016,0.0098,0.20992028343667,0.2666
2026,16530,"Mauricio Dubón","ATL",4,"batx,steamer,oopsy,atc",9,396.961666666667,0.928492966253501,0.0530623406205597,0.0450592117807322,0.0039250936255573,0.0059769894922726,0.00265348176523297,0.236936524386677,0.10465257281994,0.0148632464870236,0.0963074530576734,0.0089863475585312,0.255183973382936,0.289998865007236
2026,16535,"Danny Jansen","TEX",4,"batx,steamer,oopsy,atc",9,333.612666666667,0.870206737927849,0.105847877738354,0.0378311520067171,0.000964959193663025,0.0143921310233398,0.000465821082656776,0.186521512695742,0.110977127355227,0.035598634726973,0.113669061847025,0.00257402227170189,0.214341609374217,0.292369390434096
2026,16556,"Ozzie Albies","ATL",4,"batx,steamer,oopsy,atc",9,593.131444444444,0.907340318893364,0.0743878588248107,0.0470330118318405,0.00316747974019966,0.00829080379481636,0.00497832063871692,0.228176830815678,0.116991215750031,0.0297016317086658,0.117594403464247,0.0175523899807392,0.251478773801184,0.302564689640489
2026,16572,"Connor Joe","SEA",4,"batx,steamer,oopsy,atc",9,17.1119666666667,0.919428873718639,0.0664038531644564,0.0252520779442476,0.00268945761506927,0.00859141627262183,0.00358895201062268,0.123614267425869,0.0697061985609866,0.0138505375839072,0.0608347996336169,0.00981700671957904,0.134446797310062,0.190018120590325
2026,16578,"Yandy Díaz","TBR",4,"batx,steamer,oopsy,atc",9,627.268444444444,0.888117190133027,0.0939141595188072,0.0445361441831549,0.00135705538936667,0.00923947500455361,0.00151239879110306,0.251163141839022,0.126229963240015,0.0330856492398641,0.121631787297011,0.00366628893197195,0.282804054047644,0.34507730135783
2026,16593,"Kevin Padlo",,1,"steamer",2,1.15489,0.889262180813757,0.0919568097394557,0.0358475698984319,0.00225129666028799,0.00796612664409597,0.00450259332057599,0.168847249521599,0.0973252863909117,0.0245044982639039,0.0919568097394557,0.015066369957312,0.189873417721519,0.260804059261055
2026,16622,"Luis Urías","ARI",4,"batx,steamer,oopsy,atc",9,72.3087111111111,0.870715596687875,0.0968730238012494,0.0364748118924325,0.00106590111036704,0.0258046624372017,0.00167050321994948,0.204190024396906,0.105715514788538,0.0279396154025423,0.103341240112868,0.00492816188843142,0.23450828855441,0.301063048198155
2026,16623,"Greg Allen",,2,"steamer,oopsy",5,1,0.95844,0.0272,0.01632,0.0016,0.01,0.0028,0.07828,0.03964,0.00688,0.03588,0.01128,0.0816743875464296,0.10548
2026,16680,"Brian O'Keefe","SEA",2,"steamer,oopsy",5,1,0.96308,0.0302,0.014,0.00068,0.0024,0.001,0.07024,0.03904,0.0118,0.04024,0.00308,0.0729326743365037,0.10044
2026,16686,"Jason Vosler",,1,"steamer",2,13.1887,0.915420018652331,0.0650026158757118,0.0431354113748891,0.00329827807137929,0.00900012889822348,0.00136480471919143,0.211446162244952,0.105491822545057,0.0307839286662067,0.111352900589141,0.00451143782177167,0.230982672365239,0.276448778120664
2026,16725,"Jose Trevino","CIN",4,"batx,steamer,oopsy,atc",9,251.091666666667,0.919460642833365,0.0596066422958298,0.0401064604887826,0.000499628791141047,0.0069450661716055,0.00074153045057751,0.218150659908669,0.0961213307766425,0.0240591530652649,0.10265363720941,0.00320260538723642,0.237259377667789,0.277757302204499
2026,16909,"Colin Moran","SEA",1,"steamer",2,1,0.8967,0.0815,0.0312,0.0023,0.011,0.004,0.1889,0.1002,0.0255,0.0974,0.0136,0.21066131370581,0.2704
2026,16925,"Aramis Garcia","ARI",2,"steamer,oopsy",5,1.715296,0.964215419045706,0.0263248500846412,0.0128826786790233,0.000789028204171807,0.00519324018018535,0.000688606432731759,0.0691906005221932,0.0365822167388747,0.00918141910309012,0.0366969844776633,0.00232404671046969,0.071758446458647,0.0955154506068344
2026,16930,"Jonah Heim","ATL",4,"batx,steamer,oopsy,atc",9,107.561666666667,0.913133213136484,0.0717243424456352,0.0399820354811781,0.000416087298648808,0.00344663020187074,0.00109066426340329,0.207297437452341,0.0995067417819656,0.027915970539624,0.105819043431671,0.00294097881917335,0.227017739000319,0.279021779897976
2026,16939,"Lane Thomas","KCR",4,"batx,steamer,oopsy,atc",9,404.340666666667,0.899108680323259,0.0799713285838629,0.0450197482662356,0.00424799712879057,0.0108533186162095,0.0126299337990818,0.213347648680265,0.123194726479938,0.030373532111646,0.111998003499124,0.0393793986374662,0.237287942324792,0.293318977264128
2026,16947,"Derek Hill","CHW",4,"batx,steamer,oopsy,atc",9,118.970888888889,0.916854318694314,0.0575986407038898,0.0384853066856788,0.00655819358947245,0.00987919884110237,0.00805862212846634,0.214337200844467,0.111838035657052,0.0269299600710175,0.0955825023062018,0.0294853375119433,0.233774544629624,0.271935841548357
2026,16953,"Chadwick Tromp","ATL",3,"batx,steamer,atc",6,32.7610833333333,0.922271437878328,0.062838141232755,0.0368788413525308,0.000740943077447995,0.00575772394401374,0.000940889577607984,0.188525166336507,0.0866360292987062,0.0182095813256943,0.0914177301846891,0.0030056038176456,0.204413970327658,0.251363307569262
2026,16959,"Eddy Alvarez",,1,"oopsy",3,1,1,0,0,0,0,0,0,0,0,0,0,0,0
2026,16997,"Gleyber Torres","DET",4,"batx,steamer,oopsy,atc",9,642.535,0.872846249198971,0.110540182853758,0.0422017393281656,0.000647031149552352,0.00637060503034508,0.0037410821875791,0.225939134638586,0.12181070404896,0.027659850436039,0.108666811415675,0.009498853732224,0.258853303025516,0.336479317492344
2026,17022,"Edmundo Sosa","PHI",4,"batx,steamer,oopsy,atc",9,237.662111111111,0.921846378080761,0.0448982857413212,0.0427484415057638,0.00660923257642994,0.0201810630192299,0.00391704671570298,0.228851055114579,0.116069441448483,0.0284373685254393,0.113483244904245,0.0125573198858612,0.248252919961606,0.273749340855901
2026,17027,"Alex Verdugo","SDP",4,"batx,steamer,oopsy,atc",9,58.6255111111111,0.890556138727736,0.0992225156173316,0.030254646556949,0.000851092855133827,0.0041661836159114,0.00126898317887067,0.245773006703344,0.120229407313208,0.0128619416196677,0.116571588620469,0.00353942117365201,0.275976994616487,0.344995522320676
2026,17040,"Jose Herrera","TEX",3,"batx,steamer,oopsy",8,16.9805,0.920808739041185,0.121100638995549,0.0191411871579055,0.00121046290366261,0.00434353820564337,0.00117401225293474,0.17301164464591,0.118511383002554,0.00785141584599408,0.104554138143914,0.00378047963608749,0.187890967266517,0.29411228364146
2026,17128,"Ramón Laureano","SDP",4,"batx,steamer,oopsy,atc",9,508.135,0.901233229590541,0.0717343700738283,0.0418857211059508,0.00466246993852702,0.0185518238905885,0.00619501031070969,0.220737005445686,0.123758988068757,0.0384063928018329,0.125102510152846,0.0168943321673053,0.244927725918377,0.292471375519515
2026,17161,"Chad Wallach","ATH",3,"batx,steamer,oopsy",8,5.203,0.945704095674967,0.041116192250983,0.0203488634501966,0.000881707589285714,0.00626459084207077,0.000884194790301442,0.110746801277851,0.056445752785059,0.0151229910714286,0.0580554841087811,0.00238791673492792,0.11710513022449,0.151862993528834
2026,17216,"Monte Harrison",,1,"steamer",2,1,0.9012,0.077,0.0327,0.003,0.011,0.0055,0.1789,0.0964,0.0241,0.0925,0.02,0.198513093652907,0.2559
2026,17232,"Yoán Moncada","LAA",4,"batx,steamer,oopsy,atc",9,397.604888888889,0.886368448198915,0.0934846900479786,0.0426839435607572,0.0027811065510445,0.0114222190053876,0.00131380991111298,0.211839649829914,0.113347478603977,0.0324684796600473,0.115825492043817,0.00332015889857442,0.238997281841844,0.305324339877893
2026,17273,"Jorge Mateo","ATL",4,"batx,steamer,oopsy,atc",9,153.410222222222,0.920153737892654,0.0582120568757134,0.0437852400976718,0.00651307728419428,0.00706111824365854,0.018141434835994,0.206354098363664,0.119598753700734,0.0204992632724868,0.0906807226211599,0.0781484118842944,0.224260457645108,0.264566155239377
2026,17276,"Alex Jackson","MIN",4,"batx,steamer,oopsy,atc",9,44.1776888888889,0.90867218207609,0.0658458303775956,0.0385072380636001,0.000956150534864503,0.00919818603215656,0.000943912937061275,0.194263942521233,0.109393269349385,0.0324493957194249,0.115470144590551,0.0030193767388997,0.213788807837594,0.260109772898828
2026,17321,"Michael Chavis","CIN",2,"steamer,oopsy",5,1.385944,0.967496920900217,0.0237981332003298,0.0173447472084525,0.00107895727939904,0.00439725985566402,0.00107895727939904,0.0845251061144306,0.0426697067475545,0.012662479769551,0.0445018983540812,0.0033590179452989,0.087364728805321,0.10832323931476
2026,17326,"Cole Tucker",,1,"steamer",2,13.2039,0.896545717553147,0.0859973189739395,0.0382084081218428,0.00332477525579564,0.00699793242905505,0.004816758684934,0.184990798173267,0.0896780496671438,0.0112163830383447,0.0798324737388196,0.0139352766985512,0.206337272658157,0.270988117147206
2026,17338,"Willi Castro","COL",4,"batx,steamer,oopsy,atc",9,517.872777777778,0.887119532266685,0.0799529530958778,0.0446661017894327,0.00806429229820039,0.0221072728417098,0.00957438791751241,0.227295054449913,0.123586852378267,0.0231913337764024,0.10223295244533,0.0282893835692279,0.256216942793662,0.307248007545791
2026,17350,"Rafael Devers","SFG",4,"batx,steamer,oopsy,atc",9,656.111777777778,0.859594746841174,0.122764019310445,0.0427051024137677,0.00153667234848968,0.00994426032868797,0.00135619670413044,0.215736689390446,0.133206713006785,0.0457316994764971,0.136527335275165,0.00365444813249917,0.250974881109072,0.338500708700892
2026,17452,"Jose Siri","LAA",4,"batx,steamer,oopsy,atc",9,42.1739555555556,0.913591425029358,0.0735971420196617,0.0327369585165222,0.00219948749427689,0.00668914029240185,0.00505719328280103,0.192830839636784,0.116163125488876,0.0359731597501392,0.11266731599658,0.0316787749617811,0.211069012201584,0.266427981656445
2026,17473,"Narciso Crook",,1,"steamer",2,1,0.8912,0.083,0.0364,0.0035,0.015,0.0047,0.1789,0.1016,0.0276,0.0985,0.015,0.200740574506284,0.2619
2026,17484,"Eloy Jiménez","TOR",4,"batx,steamer,oopsy,atc",9,31.4488,0.920457947219997,0.0700342369734342,0.0500579344909963,0.000356935930063271,0.00428623341347145,0.000723005362016524,0.22038558199794,0.0945049101071177,0.0202604773257929,0.126650915717567,0.00200043232732642,0.239430364704392,0.290419818971375
2026,17548,"Taylor Ward","BAL",4,"batx,steamer,oopsy,atc",9,635.100222222222,0.879211117760708,0.102174642780372,0.0417066199190393,0.00224656476672822,0.00975292459442243,0.00284128746287388,0.214900496258872,0.129048685588057,0.0425435988112806,0.131402474788424,0.00813214477903881,0.244424225214769,0.317075139039244
2026,17620,"Myles Straw","TOR",4,"batx,steamer,oopsy,atc",9,166.373888888889,0.902000658122701,0.0768576060198952,0.0375865658352215,0.00506274905440425,0.00481053073072292,0.00691041581925333,0.210802188914418,0.106776568274353,0.00836765352225467,0.0759053111951926,0.0378888324922822,0.2337051387004,0.287659794934313
2026,17678,"Alex Bregman","CHC",4,"batx,steamer,oopsy,atc",9,650.801333333333,0.877041361373443,0.101955095523912,0.0433472889238878,0.00156927055581628,0.0121134747003947,0.00146815025206222,0.221379939840373,0.122954913577793,0.0331729439402889,0.119893192939421,0.00406963810194561,0.252416761159009,0.323335035364285
2026,17684,"Vimael Machín","COL",3,"batx,steamer,oopsy",8,12.690075,0.889754317724183,0.0464575001062209,0.0279023520165349,0.00146821495654137,0.00374570996215022,0.00267264656913781,0.247739402785064,0.117838382340837,0.0123645194784443,0.118661934150868,0.00760476193582287,0.278435741024256,0.294196902891285
2026,17696,"Kevin Newman","KCR",4,"batx,steamer,oopsy,atc",9,21.8080666666667,0.903702607210046,0.0334814442556273,0.0277088060062748,0.00179330759712442,0.00392462908204133,0.00297434658983446,0.242568979766053,0.112426270544902,0.00552186525168836,0.105816742492922,0.00900156219189803,0.268416819682443,0.27605042402168
2026,17710,"Matt Beaty",,1,"steamer",2,1,0.8952,0.072,0.0353,0.0027,0.022,0.0029,0.2065,0.1003,0.0192,0.0934,0.0092,0.230674709562109,0.2785
2026,17719,"Steven Duggar",,1,"steamer",2,1,0.8932,0.087,0.0345,0.0031,0.009,0.0037,0.1731,0.0943,0.021,0.0876,0.0145,0.193797581728616,0.2601
2026,17723,"Skye Bolt",,1,"steamer",2,1,0.8942,0.086,0.0356,0.0038,0.009,0.0031,0.1963,0.0996,0.0206,0.093,0.0113,0.219525833146947,0.2823
2026,17736,"Richie Martin Jr.","TEX",2,"steamer,oopsy",5,1,0.95924,0.02884,0.014,0.004,0.0076,0.00396,0.075,0.0372,0.00316,0.03072,0.01344,0.0781868979608857,0.10384
2026,17766,"DJ Stewart",,2,"steamer,oopsy",5,7.2502,0.945154130702836,0.0439998797028661,0.0120056539652943,0.000726594688881538,0.00679919400920273,0.00108508014796547,0.0685236534239572,0.0424745120447505,0.0129247240684491,0.0416083726805209,0.00349102282638116,0.0724999777263858,0.112523533126823
2026,17837,"Jakson Reetz","SEA",2,"steamer,oopsy",5,2.582064,0.958180159671938,0.0306024427061891,0.0151680268649246,0.000686153423905585,0.0067969550932765,0.0011704970172507,0.0663308551086141,0.0394740028576272,0.0116726805996174,0.0395224372169617,0.00385860396031611,0.0692258699359048,0.0969332978148032
2026,17838,"Willie Calhoun",,1,"steamer",2,19.9798,0.89455850408913,0.0889998898887877,0.0437441816234397,0.00215717875053804,0.00799807805883943,0.00229231523839077,0.212364488133014,0.103729767064735,0.0218971160872481,0.106462527152424,0.00598104085125977,0.237395863056772,0.301364378021802
2026,17893,"Tyler Nevin",,1,"steamer",2,24.2546,0.894799337032975,0.0809990682179875,0.0413035053144558,0.0018553181664509,0.0140014677628161,0.00160381948166533,0.220032488682559,0.111554096954804,0.0290542824866211,0.110853198980812,0.00494751511053573,0.245901488273511,0.301031556900547
2026,17901,"Andrew Benintendi","CHW",4,"batx,steamer,oopsy,atc",9,490.136555555556,0.897640097934201,0.0865195371969616,0.0406872792805517,0.00257590332573708,0.00551477487965698,0.00211022429268909,0.224298739011427,0.110833453080432,0.03119560519757,0.114184849059708,0.00676464861365572,0.249876024397329,0.310818276208389
2026,17907,"Brendan Rodgers","BOS",3,"batx,steamer,atc",6,76.8973666666667,0.914251693850656,0.0674955033413102,0.0399398031988323,0.00194860248444886,0.00949724191934244,0.00128975881721112,0.212227492014615,0.0983756200357222,0.0221031618522826,0.102641806189869,0.00339206309107393,0.232132457005087,0.279722995355926
2026,17910,"Marcus Wilson",,1,"steamer",2,1,0.8772,0.102,0.0382,0.0036,0.01,0.005,0.1839,0.1084,0.0295,0.1028,0.0177,0.209644322845417,0.2859
2026,17919,"Ian Happ","CHC",4,"batx,steamer,oopsy,atc",9,639.143222222222,0.862268311322348,0.122338707777262,0.0457555402053108,0.00203596651794713,0.00763708764701575,0.00409647369006259,0.20758861584583,0.12605724329814,0.0338676174123795,0.119220865370447,0.0131338264577135,0.240747123743279,0.329927323623092
2026,17922,"Isan Díaz",,2,"steamer,oopsy",5,1,0.95608,0.036,0.01324,0.00108,0.0036,0.00128,0.0752,0.0418,0.01176,0.04108,0.00408,0.0786545058990879,0.1112
2026,17929,"Cedric Mullins","TBR",4,"batx,steamer,oopsy,atc",9,450.161555555556,0.889526977559527,0.0906497651996713,0.0408961933154708,0.00464696100620335,0.00845421238466009,0.010441698964998,0.201807660642106,0.118668013337188,0.0301856014874101,0.107878374609436,0.0448569717005175,0.226870759103651,0.292457425841777
2026,17932,"Andrew Stevenson",,2,"steamer,oopsy",5,1,0.96488,0.026,0.01796,0.0012,0.0048,0.00376,0.0872,0.04168,0.00772,0.03884,0.01348,0.0903739325097421,0.1132
2026,17954,"Sam Hilliard",,2,"steamer,oopsy",5,4.87248,0.956461820769202,0.0371980676328502,0.0150619780549002,0.0036962139085496,0.00199977530614538,0.00224693854623076,0.0791147062127851,0.0455566790248287,0.0134067333258435,0.0449425158221923,0.0087143766617983,0.0827160107124399,0.116312773845635
2026,17975,"Scott Kingery","CHC",3,"batx,steamer,oopsy",8,7.85631,0.949856408513274,0.0368010883157063,0.0207673099811384,0.00258061106690155,0.00355268587151366,0.00239517503454331,0.113344768652848,0.0587612018774324,0.0131632865437146,0.053701236447146,0.0133022848282567,0.119328319140634,0.150145856968555
2026,17982,"Ty France","SDP",4,"batx,steamer,oopsy,atc",9,148.254666666667,0.895059454865231,0.0600864888290995,0.0416246570877702,0.000749556984890848,0.0328519009752795,0.000600299059822489,0.225566820905704,0.106304885359018,0.0245237555300878,0.10679785321029,0.00139947998986837,0.252013226249498,0.285653309734803
2026,17988,"Tyler Stephenson","CIN",4,"batx,steamer,oopsy,atc",9,427.872666666667,0.884613187939552,0.095964191094398,0.0410686055757807,0.000943105349353408,0.010990618970878,0.00144276118441197,0.210115803405339,0.111106300938621,0.0341361307644834,0.117782315907588,0.00249536706542168,0.237522802361496,0.306079994499737
2026,17992,"David Fletcher",,2,"steamer,oopsy",5,1.802412,0.97277073083103,0.0199998004011936,0.0139985296221262,0.000984687444902413,0.00279438328958793,0.00142380481898052,0.0833923813135597,0.033865264152387,0.00282099646377448,0.0308180557080269,0.00538916777277672,0.0857266554908764,0.103392181714753
2026,18015,"Paul DeJong","NYY",4,"batx,steamer,oopsy,atc",9,50.5009555555556,0.912637609355952,0.0551759502446778,0.0391858988404912,0.000570015712517824,0.00821639728594536,0.00226810190477862,0.189196823287365,0.100365035224352,0.0415385648612208,0.109618440656945,0.00631486042242711,0.207307721430505,0.244372773532043
2026,18027,"Hoy Park","ATH",1,"steamer",2,3.40759,0.870820726671929,0.109402833087314,0.0350100804380809,0.00349220416775492,0.00900929982773749,0.0052823256318982,0.186378056045475,0.102506463512336,0.0170208270361164,0.0861312540534513,0.0182240234300488,0.214025746444699,0.295780889132789
2026,18030,"Harrison Bader","SFG",4,"batx,steamer,oopsy,atc",9,489.869444444444,0.910525233535659,0.0642772251525008,0.040564435323843,0.00372596210104649,0.0152362595832108,0.00987294317235881,0.220781231824791,0.115385584012015,0.027332157171413,0.104553914217396,0.0298155294905032,0.242476785588331,0.285058456977292
2026,18032,"Mark Mathias",,1,"steamer",2,1,0.8812,0.098,0.0382,0.0034,0.01,0.005,0.2127,0.1086,0.022,0.099,0.0174,0.241375397185656,0.3107
2026,18036,"Jake Cronenworth","SDP",4,"batx,steamer,oopsy,atc",9,587.125888888889,0.864966600014903,0.10519771307136,0.0419658076198824,0.00376792120510338,0.0182649678103334,0.00273557288158787,0.203035198602606,0.115003263615834,0.0244955158129859,0.102902594687112,0.00784713373731371,0.234731836580866,0.308232911673966
2026,18042,"Dylan Moore","PHI",4,"batx,steamer,oopsy,atc",9,122.284244444444,0.874867516271642,0.094423764667267,0.0371397722394058,0.00236617976603022,0.0201460095239513,0.0143385988000373,0.185062275411405,0.123061269860366,0.0337148996114181,0.104615443792878,0.053844850044092,0.211531771347588,0.279486040078672
2026,18054,"Sam Haggerty","TEX",4,"batx,steamer,oopsy,atc",9,227.547777777778,0.894501207815201,0.082008895384534,0.0412172583747184,0.00744229546072895,0.0110770884201242,0.0116199396910828,0.215639824611315,0.121543314086112,0.0146112640350966,0.0839354109311671,0.0514779611578336,0.241072703678076,0.297648719995849
2026,18063,"Kyle Garlick",,1,"steamer",2,9.66546,0.898229365182826,0.0799961926281832,0.0332938111584963,0.00296933617230841,0.0109979245685151,0.00177953247957159,0.181377813368427,0.101485081930917,0.0308935115348881,0.102747308457125,0.00593867234461681,0.201928171577323,0.261374005996611
2026,18067,"Garrett Stubbs","PHI",4,"batx,steamer,oopsy,atc",9,29.6392888888889,0.898526088689937,0.0866679028189012,0.0400535870165896,0.00231231406243666,0.00761487297600356,0.00253795048625936,0.195971435708468,0.100786847708361,0.00896500662468034,0.0891699277814722,0.00942854325224674,0.218103222794785,0.282639338527369
2026,18083,"Austin Allen",,1,"steamer",2,1.63393,0.913258217916312,0.0659758986003072,0.0347016090040577,0.00287650021726757,0.00997594756201306,0.0026928938204207,0.194806387054525,0.101901550250011,0.0305398640088621,0.105451273922383,0.00899671344549644,0.213309207880981,0.260782285654832
2026,18123,"Nathan Lukes","TOR",4,"batx,steamer,oopsy,atc",9,294.267222222222,0.901739747590474,0.0781221069499357,0.0448230547547095,0.00396519624990727,0.00687819628303525,0.00435052945195315,0.233512365465144,0.112830942693015,0.0190382687398977,0.100786407614967,0.0100266138027354,0.258957605106251,0.31163447241508
2026,18126,"LaMonte Wade Jr.","CHW",4,"batx,steamer,oopsy,atc",9,59.4767111111111,0.90076888359513,0.0827750475728762,0.0218711284610501,0.00182690311855029,0.00766396704130454,0.00120275645438351,0.126465753796718,0.0725242506942335,0.0189117289169222,0.0660861388480474,0.00347546124438327,0.14039756046187,0.209240801369594
2026,18171,"Seth Brown","NYY",2,"steamer,oopsy",5,8.21124,0.962680456798104,0.0302394879152411,0.0144333906170348,0.000956480153036825,0.00319947866576274,0.000956480153036825,0.0841849685465181,0.0464407901997572,0.0173911215518102,0.051727707968741,0.0031153924984628,0.0874485068768499,0.114424456461759
2026,18206,"Nick Dini","TBR",1,"steamer",2,1,0.8721,0.1031,0.0304,0.0028,0.014,0.0042,0.1693,0.1003,0.0268,0.0943,0.0142,0.194129113633758,0.2724
2026,18217,"Brett Sullivan","COL",4,"batx,steamer,oopsy,atc",9,45.5119555555556,0.918709307203105,0.0620016362416016,0.0434627434530942,0.00456633078160935,0.00494703393948411,0.00192143563802189,0.210466107233794,0.103601678489608,0.0175658273442585,0.0972351190049915,0.0134684403996173,0.229088902859308,0.272467743475395
2026,18288,"Austin Dean",,1,"steamer",2,1,0.9052,0.078,0.0428,0.0028,0.006,0.0035,0.2387,0.1202,0.0359,0.1243,0.0103,0.263698630136986,0.3167
2026,18289,"Brian Anderson",,1,"steamer",2,6.64638,0.894095733316482,0.0849936356332319,0.0329653134488248,0.0029790652956948,0.0100054465739245,0.00243741706011393,0.186281855686855,0.097647140247774,0.0221323487372073,0.0919297422055314,0.00801940304346125,0.208346655448044,0.271275491320087
2026,18314,"Dansby Swanson","CHC",4,"batx,steamer,oopsy,atc",9,624.936777777778,0.900441497810222,0.0821360071858319,0.0404277770193646,0.00297042256903798,0.00578536482042886,0.00634465407540648,0.218151861352666,0.117952126927309,0.0343901367329854,0.118867539985996,0.0248076149933112,0.242272109718608,0.300287868538498
2026,18316,"Edwin Rios",,2,"steamer,oopsy",5,3.355716,0.959276500190876,0.0327987354284694,0.0153223336512181,0.000876723145636198,0.00359979039930094,0.000429652402497209,0.0739989171598234,0.0409156821675383,0.0124076646504937,0.0416995074964184,0.00137024279715326,0.0771403418567005,0.106797652588293
2026,18345,"Kyle Tucker","LAD",4,"batx,steamer,oopsy,atc",9,617.588666666667,0.854302884948521,0.13063077545937,0.0454896137533195,0.00352107003555612,0.00609116346684087,0.00790474977988205,0.230359631688708,0.152569175165531,0.0466888160261831,0.142270547857329,0.032892698391431,0.269646323039854,0.360990407148078
2026,18353,"Daz Cameron","MIL",2,"steamer,oopsy",5,6.4858,0.958606816405586,0.0329987427367563,0.0162696659757382,0.00184307995514628,0.00440110095484046,0.0030745183322573,0.0799021373475144,0.0435515987631248,0.0121295320941928,0.0434727649597336,0.0109008121240953,0.0833523567536451,0.112900880084271
2026,18360,"Austin Riley","ATL",4,"batx,steamer,oopsy,atc",9,639.960222222222,0.902509179110173,0.0770492955608269,0.0460929713594616,0.00353474327940421,0.0124367526329168,0.00193486640877304,0.237882141439006,0.132231980808726,0.0467890207784602,0.146443870678759,0.0041792316969567,0.263578639359153,0.314931436999832
2026,18363,"Victor Robles","SEA",4,"batx,steamer,oopsy,atc",9,304.369111111111,0.89412163096651,0.0658580499003706,0.0420502968798983,0.00481626801983887,0.023649788459249,0.0136837292007633,0.21263958820166,0.117064733104511,0.0172284179548003,0.0879415101779464,0.0538292812717132,0.237819532418431,0.278497638102031
2026,18373,"Ryan Mountcastle","BAL",4,"batx,steamer,oopsy,atc",9,165.451555555556,0.919599762601346,0.0643119517421557,0.0452088990138193,0.00182620958817509,0.00740005199320728,0.00119760902122992,0.234368918555282,0.117669109764402,0.0353492072931039,0.126135572206494,0.00599055199042733,0.254859698845836,0.298680870297437
2026,18395,"Travis Blankenhorn",,2,"steamer,oopsy",5,5.94824,0.959547065950668,0.0311997965685908,0.0156522519557836,0.00116075568785245,0.00519946748837001,0.000685085186902607,0.0734357470868921,0.0404439591342199,0.0123046086189101,0.0419008870207769,0.00210013013626913,0.0765316780101202,0.104635543655483
2026,18400,"Juan Yepez","TOR",4,"batx,steamer,oopsy,atc",9,16.9264,0.941287337834381,0.046698268204237,0.0285521123295391,0.00111979797880985,0.00508986626652292,0.0011865539744985,0.143185932920804,0.0704893818549747,0.0182792272534543,0.0735721958507599,0.00323944876355186,0.15211713487003,0.189884201125041
2026,18401,"Ronald Acuña Jr.","ATL",4,"batx,steamer,oopsy,atc",9,646.801,0.847838272949422,0.131969966968501,0.0407283603530575,0.00387313296995579,0.0122744870251714,0.0110431932961134,0.241111004575779,0.159689100091318,0.0470551073225734,0.134787923244334,0.0390491484786143,0.28438325122669,0.37308097154428
2026,18433,"P.J. Higgins","CIN",2,"steamer,oopsy",5,7.37704,0.967051101956016,0.0254411955662059,0.0167317885094377,0.000670499214996518,0.00319903674760663,0.000441490680297003,0.0817088286331496,0.0372032627813913,0.00691039155737608,0.0359094826059755,0.00144251767733406,0.084492772375607,0.107150024199355
2026,18482,"Chris Gittens",,1,"steamer",2,1,0.9012,0.078,0.0339,0.0034,0.01,0.0043,0.1987,0.1084,0.0339,0.1107,0.0142,0.220483799378606,0.2767
2026,18497,"ByungHo Park",,1,"steamer",2,1,0.9062,0.07,0.0274,0.0017,0.013,0.0016,0.1814,0.0993,0.0328,0.1036,0.0054,0.20017656146546,0.2514
2026,18551,"Ali Sánchez","NYY",2,"steamer,oopsy",5,5.76044,0.964753393121517,0.02783948655541,0.0152297090945733,0.000635604715876941,0.0027997612606677,0.00100146499135733,0.0806752912542341,0.039202858670966,0.00774817651208036,0.0370449031477936,0.00338575780359814,0.0836227079681,0.108514777809644
2026,18564,"Trent Grisham","NYY",4,"batx,steamer,oopsy,atc",9,520.096555555555,0.852230554431458,0.127579217037555,0.0356860391509913,0.00201273585476873,0.0100921266909019,0.00341083055900181,0.191224317555704,0.132149458097364,0.0442941695534864,0.122390348635273,0.0101384068326537,0.224380968930731,0.318803534593259
2026,18568,"Luis Arraez","SFG",4,"batx,steamer,oopsy,atc",9,609.325444444444,0.925470716861228,0.0550707665418285,0.0464554599415469,0.0052512302248834,0.00739241211884854,0.00545518496846268,0.276646779106621,0.115256378339519,0.00582409198294497,0.0883857912942901,0.0137338864581044,0.298925480910817,0.33171754564845
2026,18577,"Ke'Bryan Hayes","CIN",4,"batx,steamer,oopsy,atc",9,495.979,0.914342238444461,0.0677625820882467,0.039451231514756,0.00368502608371789,0.00740519969068771,0.00638316713232181,0.222428196938205,0.104101255774039,0.0181317738874007,0.0939184593344448,0.0204792609703151,0.243265800906906,0.290190779026451
2026,18587,"Brendon Davis",,1,"steamer",2,7.93788,0.878231971256809,0.0979984580265764,0.0397335308671837,0.00262034699441161,0.0130009523953499,0.00466119417275141,0.180766149148135,0.105116227506589,0.0261656764778505,0.0980488493149304,0.0162511904941874,0.205829615710126,0.278764607174712
2026,18607,"Jared Walsh",,1,"steamer",2,11.2101,0.904505758200194,0.076002890250756,0.0320960562350024,0.00297945602626203,0.00900081176795925,0.00246206545882731,0.171452529415438,0.0932641100436214,0.0282780706684151,0.0966182282049223,0.00765381218722402,0.189553828553395,0.247455419666194
2026,18718,"Hyun Soo Kim",,1,"steamer",2,1,0.9092,0.072,0.0382,0.0018,0.008,0.0018,0.222,0.0977,0.015,0.0912,0.0061,0.244170699516058,0.294
2026,18721,"Guillermo Heredia",,1,"steamer",2,1,0.9262,0.051,0.0445,0.0018,0.012,0.003,0.2546,0.1088,0.0233,0.1099,0.0081,0.274886633556467,0.3056
2026,18795,"Ramón Urías","STL",4,"batx,steamer,oopsy,atc",9,293.466444444444,0.905259698989145,0.073391171290384,0.0427370029041013,0.00267215825393888,0.0118737488359249,0.00248317480183282,0.222165045881558,0.106670231024565,0.0271297713508891,0.107596547431683,0.00639313919637421,0.24541581396989,0.295556217171942
2026,18819,"Andy Ibáñez","ATH",4,"batx,steamer,oopsy,atc",9,195.331888888889,0.911889735022524,0.0677706294295953,0.0476335839901645,0.00180988671833724,0.00994442140151498,0.0045508427704602,0.22280604249722,0.108370191905258,0.022647161743986,0.103291775479815,0.0138342344045802,0.244334412308871,0.290576671926816
2026,18821,"José Azocar","ATL",3,"batx,steamer,oopsy",8,15.81565,0.902477333151469,0.0297839252582868,0.0239886599980716,0.00403775364912643,0.00545377589062881,0.00781988846267803,0.243303372930254,0.119824614541418,0.00681819381279394,0.102164223503541,0.0262470691196155,0.26959499589938,0.27308729818854
2026,18839,"Josh Naylor","SEA",4,"batx,steamer,oopsy,atc",9,604.054222222222,0.898996822395426,0.0835628732670928,0.0443250008708859,0.000432398249083805,0.00916751149637533,0.00766816895171182,0.230999951245234,0.118418778012537,0.0344371614987872,0.129345313835132,0.0257373756981812,0.256953023070451,0.314562824512327
2026,18848,"Yohel Pozo","STL",4,"batx,steamer,oopsy,atc",9,173.046777777778,0.952276263894295,0.032305692541415,0.0508801347294212,0.000495291123369059,0.00551717029659085,0.000589763629774081,0.238071534128255,0.0936190902528507,0.0254756475413969,0.113474052324299,0.00395863031176242,0.250002591847318,0.27037722666967
2026,18872,"Jahmai Jones","DET",4,"batx,steamer,oopsy,atc",9,133.308,0.873182332880627,0.0982452724519702,0.0457259057320528,0.00523034055913379,0.0184546230418811,0.00658599055205325,0.210301492562895,0.128386250456118,0.0304482803947175,0.109558051583944,0.0212799885834268,0.240844878147169,0.308546765014865
2026,18882,"Brandon Lowe","PIT",4,"batx,steamer,oopsy,atc",9,523.834,0.89675042464072,0.085727118260556,0.0434161684372328,0.00202616675054388,0.00922389865951828,0.00224470689326026,0.217515899086825,0.121409728889093,0.0423921833746896,0.132930645620714,0.00834087062506777,0.242560129451817,0.303243017347381
2026,18887,"Seby Zavala","LAD",3,"batx,steamer,oopsy",8,14.343675,0.937115578658065,0.111402063738026,0.0219359093479989,0.0007295475526461,0.00625232536940741,0.00129587113939956,0.165007037924959,0.124340504646707,0.0174545205741622,0.125017058290666,0.00371285198533742,0.176079708504309,0.276409101662985
2026,18889,"Danny Mendick",,1,"steamer",2,7.58552,0.911855746211202,0.0669960661892659,0.0413155591178983,0.00239930815553845,0.0100059059893059,0.0056159630453812,0.210295404929392,0.0992944452061296,0.0202095571562661,0.0967896729558422,0.0178761640599458,0.230623545229799,0.277291471118658
2026,18899,"Lucius Fox",,1,"steamer",2,1,0.9112,0.069,0.0373,0.0036,0.009,0.004,0.1928,0.0909,0.0142,0.0838,0.014,0.211589113257243,0.2618
2026,18900,"Leody Taveras","BAL",4,"batx,steamer,oopsy,atc",9,93.3132555555556,0.913175903497198,0.0713945871691596,0.0396133128394631,0.00281068155201635,0.00205739841647006,0.0110824126378752,0.219611718483748,0.118649125890865,0.0269193839543811,0.102786729373454,0.039810775527977,0.240492239931758,0.291006305652908
2026,18905,"Yusniel Díaz",,1,"steamer",2,1,0.8762,0.106,0.0356,0.003,0.007,0.0051,0.1921,0.107,0.0256,0.0992,0.0159,0.219242182150194,0.2981
2026,19151,"Estevan Florial",,1,"steamer",2,17.1118,0.890251171706074,0.0910015311071892,0.0415268995663811,0.00466344861440643,0.00800032725955189,0.0100982947439778,0.198699143281245,0.110344908192008,0.0288806554541311,0.10507953575895,0.0332519080400659,0.223194475442765,0.289700674388434
2026,19181,"Zack Collins",,1,"steamer",2,1,0.8712,0.11,0.0375,0.0028,0.008,0.0034,0.1713,0.0999,0.0221,0.0899,0.0112,0.196625344352617,0.2813
2026,19197,"Will Smith","LAD",4,"batx,steamer,oopsy,atc",9,492.558444444444,0.85872286301698,0.113203047496825,0.0420338763876004,0.00262028470260404,0.0173010830930103,0.00272170671812841,0.224744544005198,0.137531309579003,0.0423635573418019,0.138098070728115,0.00578063754271421,0.261719529879053,0.337947591502023
2026,19198,"Yuli Gurriel","SDP",2,"steamer,oopsy",5,3.466924,0.963662238692062,0.0296401299790298,0.0162124981338884,0.00123895854930232,0.00280160897184578,0.00118314960564005,0.0846007776976299,0.0387481495847117,0.00741142771834901,0.0378552064861154,0.00447587728171378,0.0877909025598586,0.11424090767666
2026,19212,"Taylor Kohlwey",,1,"steamer",2,1,0.8842,0.095,0.038,0.0032,0.01,0.0054,0.1903,0.0977,0.0156,0.0856,0.0171,0.215222800271432,0.2853
2026,19238,"Lourdes Gurriel Jr.","ARI",4,"batx,steamer,oopsy,atc",9,395.571111111111,0.920902498081862,0.0589153947112235,0.0477233722567521,0.00305218483695434,0.0101731402505373,0.00544936217111069,0.242941536890894,0.115641520116413,0.0297427514494591,0.124893501221426,0.0142551242089944,0.263808098465271,0.301856931602118
2026,19245,"Chris Okey",,2,"steamer,oopsy",5,1,0.97168,0.02,0.01372,0.00176,0.004,0.00096,0.07788,0.03508,0.00644,0.03456,0.00312,0.0801498435698996,0.09788
2026,19251,"Pete Alonso","BAL",4,"batx,steamer,oopsy,atc",9,660.119222222222,0.880268825254264,0.0924101505161696,0.0423688704261699,0.00100838926618958,0.0196349361234802,0.001506505373776,0.22317679149339,0.133908351769501,0.0558456612214547,0.156401391410724,0.00408735556037159,0.253532540390631,0.31558694200956
2026,19252,"Cavan Biggio","HOU",4,"batx,steamer,oopsy,atc",9,19.4494777777778,0.865672699760834,0.116998052903265,0.0216305990124063,0.00227239515840171,0.0101981632101736,0.00194986762991607,0.167372280081091,0.117679861309219,0.012160431310516,0.106139428064236,0.00746725051239114,0.193343604490857,0.284370332984356
2026,19260,"Jake Fraley","TBR",4,"batx,steamer,oopsy,atc",9,368.879333333333,0.890945968908808,0.0897668747839903,0.0415228679996611,0.00329986304239029,0.00989344795283104,0.0095644598863364,0.212764832153218,0.110563765978481,0.0217769599373529,0.0990387868093594,0.0333289570729767,0.238807783612067,0.302531706937208
2026,19262,"Garrett Hampson","CIN",4,"batx,steamer,oopsy,atc",9,43.0211666666667,0.900699202939754,0.0847255636977917,0.0411155072566201,0.00276982041302754,0.00444476535155494,0.00428986261682295,0.193598110704307,0.0984952630576719,0.00757498489602874,0.0804260945609913,0.03563504925042,0.214942025120518,0.278323674402099
2026,19273,"Stone Garrett",,2,"steamer,oopsy",5,3.331,0.962563163676309,0.029597949469059,0.0151153423654339,0.000861222995239839,0.00359721713658001,0.00089637495422922,0.0760043939948737,0.0391885756133285,0.0102585133650677,0.0391827169534969,0.00308751373123398,0.0789604224044797,0.105602343463933
2026,19287,"Adolis García","PHI",4,"batx,steamer,oopsy,atc",9,564.084888888889,0.913325417294897,0.0677940993435371,0.0435517653377951,0.00151618540177168,0.00972616648504452,0.00630503388786034,0.216117068030193,0.1174454636387,0.0428758909472173,0.134752382354401,0.0201500354910006,0.236626577929137,0.28391116737373
2026,19290,"Randy Arozarena","SEA",4,"batx,steamer,oopsy,atc",9,656.311111111111,0.86495295835462,0.0998160535468999,0.0406895952714104,0.00249718786069653,0.0269776751430261,0.0120631803401776,0.202935393052661,0.128359197753475,0.0350206696216128,0.116824548702035,0.0360833554641017,0.234620150254992,0.30275144659956
2026,19292,"Armando Alvarez",,2,"steamer,oopsy",5,4.92416,0.962824687338119,0.029719529342115,0.0171390512839488,0.000865832901650263,0.0032006216236217,0.00104343965070673,0.0813290905054392,0.0421113002294087,0.0111411233626878,0.0421113002294087,0.00339672907570488,0.0844692617202061,0.111048619847554
2026,19293,"Nick Senzel","LAD",2,"steamer,oopsy",5,8.65584,0.957816441240144,0.0344793342469562,0.0136487318516753,0.000840135851754752,0.0036008659556297,0.00153726985640231,0.0764424318258555,0.041367256549286,0.00997835110925738,0.0407475818784882,0.0039921348984091,0.0798090620859262,0.110921766072812
2026,19294,"Nick Solak","SDP",2,"steamer,oopsy",5,1.869288,0.955071504654578,0.034438204725799,0.015025746717845,0.000768935024990388,0.00640359004418225,0.00150005357334191,0.0875325379267747,0.041232565028583,0.00746245139007065,0.037992953529853,0.00448755522781276,0.0916502455577216,0.121970742652574
2026,19296,"Alex Call","LAD",4,"batx,steamer,oopsy,atc",9,156.130666666667,0.864191524697517,0.1099656497557,0.0405238034909473,0.00209414979143161,0.0137148185276291,0.00606201103190594,0.200127740566639,0.118484313470385,0.0217476959230826,0.100159911535824,0.015246183172085,0.23157799497824,0.31009339032234
2026,19314,"Donovan Walton","LAA",2,"steamer,oopsy",5,3.38092,0.960467758871165,0.0306776174791076,0.0153445622312041,0.00102412151374365,0.00440142111243761,0.000995354055492427,0.0831954892625462,0.0387209988061505,0.00706528774650116,0.0361376810551904,0.0031414064410339,0.0866197626043436,0.113873106741654
2026,19318,"Matt Thaiss","BOS",4,"batx,steamer,oopsy,atc",9,20.1304222222222,0.907379131397953,0.135642124759524,0.0233320561093648,0.00122013748608796,0.00671992271465046,0.00163769453530855,0.179705943063772,0.124938647437631,0.012700123228605,0.120251707137873,0.0045511087241758,0.198049455674508,0.315348067823296
2026,19326,"Bryan Reynolds","PIT",4,"batx,steamer,oopsy,atc",9,630.334333333333,0.89165677505817,0.0874934866694023,0.0452587812829862,0.00483917433799501,0.0123042566371226,0.00291572741462025,0.226544189223437,0.120553309092737,0.0301272467083402,0.117423802369447,0.00916491537441731,0.254071068106512,0.31403767589284
2026,19331,"Jose Rojas","NYM",2,"steamer,oopsy",5,1,0.95736,0.03552,0.01684,0.00124,0.0028,0.00144,0.07552,0.04464,0.0136,0.0448,0.0048,0.078883596557199,0.11104
2026,19339,"Nicky Lopez","COL",4,"batx,steamer,oopsy,atc",9,27.5062888888889,0.884157522167418,0.100143038731677,0.0230131726740589,0.00373053404021239,0.00557191989869127,0.0041791758685477,0.245677396240438,0.11742483900148,0.00134331284662892,0.0484323540335925,0.0125092383182315,0.277866092953873,0.345820434972115
2026,19346,"Eli White","ATL",4,"batx,steamer,oopsy,atc",9,139.736666666667,0.912478287808296,0.0663156148614043,0.0353786771943889,0.00804584193635231,0.012880599969338,0.00814939005012432,0.215095210818629,0.120649612614044,0.0276101960609212,0.102234591934363,0.0352888330012435,0.235726387896057,0.281410825680033
2026,19352,"Sean Murphy","ATL",4,"batx,steamer,oopsy,atc",9,358.299,0.873342889051901,0.0970595640036799,0.0390013752816995,0.000538571795863421,0.0207352893840828,0.00115511185753232,0.195967080575954,0.116499083552771,0.0397822186416792,0.125843237655981,0.00170673792693582,0.224387331748582,0.293026644579634
2026,19354,"Luke Raley","SEA",4,"batx,steamer,oopsy,atc",9,320.284888888889,0.881386817983227,0.0742502605094251,0.0372504158399157,0.00250576970187391,0.0343659561263811,0.00493889892971833,0.197421130630041,0.116492141641217,0.0355460652384566,0.114292037227686,0.0176373149016921,0.223989202699646,0.271671391139466
2026,19358,"Weston Wilson","BAL",3,"batx,steamer,oopsy",8,17.86415,0.881434846763528,0.108143241716915,0.0222352649370228,0.00189495260960933,0.00396297333037835,0.00493351085545252,0.172519790843224,0.123397091341152,0.0184550130633563,0.115953086367614,0.0162780085971008,0.195726083983048,0.280663032560139
2026,19363,"Austin Hays","CHW",4,"batx,steamer,oopsy,atc",9,442.304444444444,0.912529452740753,0.0662247993188723,0.0461059780417591,0.00411382428488683,0.0115539794281514,0.00338744443551811,0.221891680564084,0.111082542014935,0.0304420565470747,0.115400030122616,0.0104290242808169,0.243161116496174,0.288116479882956
2026,19369,"Jae-Gyun Hwang",,1,"steamer",2,1,0.9272,0.056,0.037,0.0015,0.006,0.0032,0.2145,0.0912,0.0148,0.0882,0.0087,0.231341673856773,0.2705
2026,19384,"Trenton Brooks",,2,"steamer,oopsy",5,3.706544,0.947735618745461,0.0447983353849165,0.0172332984821718,0.000849818962808832,0.00280182736829094,0.000860119798721666,0.0783533083709743,0.0433562183571197,0.00944586653206908,0.0395346082334581,0.00332201958188907,0.0826742256186302,0.123151643755891
2026,19392,"Zach McKinstry","DET",4,"batx,steamer,oopsy,atc",9,388.986777777778,0.893549524556405,0.085317231465667,0.0396079407115841,0.0118463204432699,0.00991194651293112,0.00927497056701417,0.2098644020641,0.121905858308705,0.0194567954503694,0.0925213753225379,0.0342103007797222,0.234865999361686,0.295181633529767
2026,19422,"Brian Serven","ATH",2,"steamer,oopsy",5,4.86152,0.958700182094652,0.0325217293360116,0.0126827986258424,0.000589461037376335,0.00440030787136984,0.000627006326381197,0.0660571814751544,0.0353000807223714,0.00686327883008879,0.0319623045298391,0.00222643563798832,0.0689028569190703,0.098578910811166
2026,19432,"Yonny Hernández","NYM",2,"steamer,oopsy",5,1.077972,0.954966399705422,0.0363201191701606,0.0130216832785184,0.00157331391797009,0.00438519411178898,0.00254408208012185,0.0783978977848075,0.0369561396901911,0.00227628396642481,0.0295247420350983,0.00753182194772915,0.082094927956618,0.114718016954968
2026,19452,"Jake Rogers","DET",4,"batx,steamer,oopsy,atc",9,194.677777777778,0.896879947873151,0.0821767476266768,0.0395042746277225,0.00363613513064756,0.00997461486491284,0.000981420758934635,0.190617907781145,0.105652081823205,0.0316575848051768,0.109453635050911,0.00490266045694261,0.212534473797941,0.272794655407822
2026,19455,"Andruw Monasterio","BOS",4,"batx,steamer,oopsy,atc",9,112.707333333333,0.893124891380124,0.0845301282234524,0.0410973345427548,0.00163559070544305,0.00972861803892895,0.00842847295246238,0.212867780633026,0.10796451094287,0.0208968057564498,0.0983188352668844,0.0293262043035275,0.238340441171768,0.297397908856479
2026,19458,"Cooper Hummel",,2,"steamer,oopsy",5,3.108484,0.940074722421989,0.0499999202705698,0.0144278376900152,0.00266615214607707,0.00560019517764514,0.00188799290726989,0.0728854559168007,0.0434047018039581,0.00952288314376332,0.0387740164976137,0.00591911289846776,0.0775315559267674,0.122885376187371
2026,19470,"Tommy Edman","LAD",4,"batx,steamer,oopsy,atc",9,445.092444444444,0.91207749931786,0.0659933419876831,0.0432403330861243,0.00438359914758709,0.0101943340393776,0.00464662590138561,0.221689190450057,0.117985103006561,0.0250950744644903,0.108364052744787,0.0208547048354596,0.243059598132678,0.28768253243774
2026,19477,"Alex De Goti",,2,"steamer,oopsy",5,1,0.95368,0.0376,0.0146,0.00088,0.0044,0.00152,0.07048,0.035,0.00324,0.02872,0.00492,0.0739031960406006,0.10808
2026,19508,"Kyle Lewis",,1,"steamer",2,1,0.8922,0.088,0.0339,0.0028,0.009,0.0033,0.2046,0.1131,0.0361,0.1151,0.0114,0.229320780094149,0.2926
2026,19514,"Andrew Knizner","SEA",4,"batx,steamer,oopsy,atc",9,95.7752888888889,0.893597043303364,0.0732037699066397,0.0364268172809195,0.00121549341640193,0.0210495772102556,0.00100517918084052,0.192328391144343,0.0967254751164555,0.0159163172293043,0.0900924281054585,0.00310107367162985,0.215229439919992,0.265532161050983
2026,19522,"TJ Friedl","CIN",4,"batx,steamer,oopsy,atc",9,577.690888888889,0.866367206122785,0.0995559549551938,0.0353812222637113,0.00421264789120268,0.0205131258308406,0.00538050423380967,0.207874918232357,0.121207075087879,0.0226132153171989,0.089445464094222,0.0201095481201202,0.239938581196593,0.307430873187551
2026,19533,"Taylor Jones",,1,"steamer",2,1,0.8982,0.081,0.0422,0.0037,0.01,0.0048,0.1969,0.106,0.0275,0.1038,0.0158,0.219216210198174,0.2779
2026,19552,"Jaylin Davis",,1,"steamer",2,1,0.8832,0.093,0.0357,0.0035,0.013,0.0041,0.181,0.1027,0.0261,0.0973,0.0128,0.204936594202899,0.274
2026,19553,"Símon Muzziotti",,1,"steamer",2,1.77538,0.910227669569332,0.0719845892147033,0.0394845047257489,0.00529464114724735,0.00698442023679438,0.00591422681341459,0.217361916885399,0.101217767463867,0.0175173765616375,0.0947966069235882,0.0188691998332751,0.238799504950495,0.289346506100102
2026,19556,"Yordan Alvarez","HOU",4,"batx,steamer,oopsy,atc",9,554.629666666667,0.853781507371297,0.123490378872248,0.0494864200662475,0.00222277115375011,0.0138801554610226,0.00265654232249481,0.253159382481309,0.153694913107068,0.0575587973680132,0.162440294047425,0.00739325360759653,0.296515420275101,0.376649761353557
2026,19562,"Zack Short","NYY",2,"steamer,oopsy",5,6.21068,0.943844239913878,0.04799988593183,0.0131092844361111,0.000533268694703672,0.00359885076318735,0.00125760157414075,0.0635616360227281,0.0402774708235009,0.00850663377701099,0.0341862305460301,0.00454276486985535,0.0673433532089233,0.111561521954558
2026,19563,"Nate Mondou","SDP",2,"steamer,oopsy",5,1.569196,0.952853292832409,0.0384318548570155,0.0163764604889001,0.00179942963033277,0.00440777716787936,0.00153529317083438,0.0817502342147512,0.0393563324652599,0.00439126863916071,0.0333472280116715,0.0044903198114726,0.0857951951572147,0.120182089071767
2026,19566,"Nathaniel Lowe","CIN",4,"batx,steamer,oopsy,atc",9,171.672777777778,0.875829035391624,0.108539630586387,0.0351812218649584,0.00147604949601115,0.00738582873214907,0.00052039365191128,0.21323394979333,0.112774229558859,0.0285615722384161,0.11070464396266,0.00156799350064324,0.243465266823431,0.321773580379717
2026,19599,"Chas McCormick","CHC",4,"batx,steamer,oopsy,atc",9,74.6950555555556,0.89251024763838,0.0811912898068482,0.0335456193214157,0.00163030278612593,0.0161887302265426,0.0137603384871413,0.199050722068849,0.108412422318988,0.0245469246768838,0.0985770457253007,0.0340419851100269,0.223023458381061,0.280242011875697
2026,19600,"Bryan De La Cruz","PHI",4,"batx,steamer,oopsy,atc",9,42.3128555555556,0.927752407043352,0.0632326127101205,0.0526655399988262,0.000978379424164854,0.00338624842777029,0.00169451839137075,0.215206818155842,0.0914559895889936,0.0182954038260123,0.123603877361721,0.0049715083881252,0.231965787986132,0.278439430865962
2026,19608,"Otto Lopez","MIA",4,"batx,steamer,oopsy,atc",9,561.327888888889,0.91333262920506,0.0681531765131368,0.0466465974389199,0.00449362430785754,0.00739009948989304,0.00905793035167019,0.245310292423276,0.113613396183621,0.0204871085760209,0.104734654604685,0.0293010511523295,0.268588118478574,0.313463468936413
2026,19610,"Keibert Ruiz","WSN",4,"batx,steamer,oopsy,atc",9,328.317444444444,0.927210638024439,0.0519234694365847,0.0447424062729107,0.000377236469606642,0.0104934728851401,0.00239928895001155,0.226507684215079,0.093485980089078,0.0221785779331518,0.108443428034105,0.00513315915273642,0.244289350149915,0.278431153651663
2026,19611,"Vladimir Guerrero Jr.","TOR",4,"batx,steamer,oopsy,atc",9,662.312777777778,0.870793514666366,0.111286371769753,0.0489590753865096,0.00135573067634243,0.00980959960918387,0.0035527653013044,0.260993001079181,0.145614443169291,0.0481162814042035,0.15136632210924,0.00836511158188906,0.299718586189951,0.372279372848934
2026,19612,"Bo Bichette","NYM",4,"batx,steamer,oopsy,atc",9,619.439555555556,0.920720917529087,0.0640935893507891,0.0482613666124067,0.00327784961696563,0.00623557400096145,0.0039271105028094,0.261225176405696,0.124752469019547,0.0301780829580464,0.124796678024678,0.00984605595809201,0.283718085939374,0.325318765756485
2026,19625,"David MacKinnon",,1,"steamer",2,1,0.8972,0.086,0.0423,0.0032,0.006,0.0025,0.2229,0.1071,0.0216,0.1017,0.0078,0.248439589835042,0.3089
2026,19627,"Brent Rooker","ATH",4,"batx,steamer,oopsy,atc",9,641.543444444444,0.886209730631442,0.0945438882421373,0.0478749381126134,0.00247190679106258,0.0116734929713123,0.00311923738179168,0.233094346516646,0.136927637152717,0.051592773147707,0.149480123166605,0.0100784806762038,0.263023907840147,0.327638234758783
2026,19635,"Sheldon Neuse",,1,"steamer",2,1,0.9192,0.063,0.0358,0.0029,0.007,0.0027,0.2242,0.0981,0.0173,0.0945,0.0094,0.24390774586597,0.2872
2026,19643,"Daniel Johnson","MIA",2,"steamer,oopsy",5,5.01932,0.968654001068038,0.0233592498393418,0.016436917896871,0.00188626304499335,0.0035987436981255,0.00292171646316628,0.0850411375505734,0.0427721911968357,0.0115999746567345,0.0425296199415295,0.00925391236660844,0.0877930999684171,0.108400387389915
2026,19644,"Ben DeLuzio",,1,"steamer",2,1,0.9032,0.075,0.0366,0.0037,0.011,0.0049,0.1825,0.0924,0.0173,0.0854,0.0164,0.202059344552701,0.2575
2026,19667,"Zach Reks",,1,"steamer",2,1,0.8942,0.085,0.0343,0.0032,0.01,0.0034,0.1871,0.097,0.0211,0.0911,0.0105,0.209237307090136,0.2721
2026,19683,"Mike Brosseau",,2,"steamer,oopsy",5,1.753684,0.963690577315799,0.0260036543802289,0.0135773747403968,0.000610219089456038,0.00600511058487419,0.000943065865522968,0.0761387000253102,0.0384438026357304,0.00952773896491587,0.0380416127813162,0.00328686191366093,0.079007413600932,0.102142354405539
2026,19698,"Edward Olivares","TBR",1,"steamer",2,18.2958,0.908804206429891,0.0688026760240055,0.0397522928759606,0.00333956427158146,0.0129975185561714,0.00708359295576034,0.217743963095355,0.105537883011402,0.0289519999125482,0.112534024202276,0.0189551700390253,0.239593920841026,0.286546639119361
2026,19703,"Jake Noll",,1,"steamer",2,1,0.9292,0.05,0.045,0.0038,0.01,0.0035,0.2124,0.1004,0.024,0.1027,0.0121,0.228583727938011,0.2624
2026,19709,"Fernando Tatis Jr.","SDP",4,"batx,steamer,oopsy,atc",9,639.825444444444,0.875196455448717,0.107564941153848,0.0445058838106017,0.00366733005682043,0.00945373923560769,0.00968776227547761,0.23886321706116,0.147080795092215,0.0462903046208665,0.135694469116914,0.0374317825656746,0.27292525646564,0.346428158215009
2026,19717,"Darick Hall",,2,"steamer,oopsy",5,3.516468,0.961692293555081,0.0307988978449275,0.0140553573706278,0.000800968843134915,0.00319838928457298,0.000603469676334525,0.0760536374820502,0.0404544126662799,0.0117457143366565,0.0411072571343145,0.0019256168763038,0.0790831308431341,0.106852535326978
2026,19722,"Carlos Narváez","BOS",4,"batx,steamer,oopsy,atc",9,398.609222222222,0.886684923262922,0.0931396533938411,0.0408245086005152,0.000715331917329069,0.0101640372703764,0.00257553454347738,0.201738702122419,0.106937170875708,0.0291140147942613,0.110541867443888,0.00719257075670244,0.227520167344267,0.29487835551626
2026,19727,"Joe Dunand",,1,"steamer",2,1,0.8932,0.083,0.041,0.0038,0.013,0.0036,0.197,0.103,0.0229,0.0975,0.0121,0.220555306762203,0.28
2026,19734,"Josh Rojas","KCR",4,"batx,steamer,oopsy,atc",9,44.3074222222222,0.879786457137686,0.0855586899648947,0.0541817645136002,0.00218993841753672,0.00292478079064717,0.00422726336223493,0.21116316283432,0.0953509614693238,0.0122799592201415,0.0869806421517077,0.0135437267501508,0.240016382522325,0.296721852799215
2026,19755,"Shohei Ohtani","LAD",4,"batx,steamer,oopsy,atc",9,665.954111111111,0.849360948339946,0.135465588006857,0.0428934430082521,0.00736139579708212,0.00718507638275311,0.0108550269436262,0.241160973470368,0.183086461849754,0.07110330187914,0.171845074374291,0.0367056748757029,0.283932259826298,0.376626561477225
2026,19768,"Rylan Bannon",,1,"steamer",2,9.49786,0.865226482597133,0.115004853724944,0.0317650502323681,0.0027585161288964,0.00900202782521537,0.00475896675672204,0.162078615603936,0.0992960519527557,0.0228472519072717,0.0882619874371701,0.0147506912083354,0.187325074837548,0.27708346932888
2026,19779,"Dairon Blanco","TEX",3,"batx,steamer,oopsy",8,14.829775,0.890048503831164,0.0380315094209579,0.0225590524244305,0.00320880533770977,0.0089583898395391,0.0118105660407883,0.182618977160357,0.132127960606833,0.0130293677693626,0.103108987397879,0.106356881965754,0.205178680009329,0.220650486581315
2026,19788,"Zach Remillard",,1,"steamer",2,13.1463,0.900078349041175,0.0780980199752021,0.0334314598023779,0.00340019625293809,0.0109992925766185,0.00557571331857633,0.189642713158836,0.0883746757642835,0.0130150688786959,0.0799540555137187,0.0177540448643345,0.210695783718002,0.267740733134038
2026,19802,"Jhonny Pereda","SEA",3,"batx,steamer,atc",6,30.9631666666667,0.893878287376895,0.0901835955349641,0.037583664227016,0.00108046252343655,0.00649398608232768,0.0007489205087321,0.194733840742293,0.089848376602459,0.0123179175650153,0.0843856828778242,0.00241058116248697,0.217852747395559,0.284917436277257
2026,19806,"Jason Delay","BOS",3,"batx,steamer,oopsy",8,7.122565,0.949596450400903,0.0356967779513516,0.025532422733759,0.00134123410833871,0.0066301924092781,0.00128570794083056,0.125239782394864,0.0539226949006798,0.00675420221947241,0.0521538449737353,0.00370655367602143,0.131887374201946,0.160936560346215
2026,19813,"Charles Leblanc",,2,"steamer,oopsy",5,3.989268,0.949016955873658,0.0431998885895125,0.0152622926248382,0.0013973518765704,0.00360195770886221,0.00103385155732742,0.0787049002911543,0.0420196927478146,0.00870512452836424,0.0382713907545818,0.00322429503951886,0.0829330812310927,0.121904788880667
2026,19818,"Joshua Palacios",,2,"steamer,oopsy",5,7.07496,0.958795112247798,0.0320001976846189,0.0161285938445952,0.000993365209978131,0.00519910547709947,0.00173962464632986,0.08534292103735,0.0432830473084004,0.0109492568293858,0.0423045084448398,0.0053276004793852,0.0890105925105023,0.117343118721969
2026,19824,"Chuckie Robinson","LAD",2,"steamer,oopsy",5,5.23312,0.968408329592154,0.0225990261422109,0.0123527989777947,0.00118106157405809,0.00439962703318714,0.000673412300998031,0.0773975204613738,0.037980453776289,0.00796007873743827,0.0374140967641676,0.00226888144490106,0.0799224026645556,0.0999965466035846
2026,19828,"Cody Thomas",,1,"steamer",2,1,0.9222,0.058,0.0449,0.0053,0.009,0.0032,0.2094,0.1063,0.0303,0.111,0.0111,0.227065712426805,0.2674
2026,19842,"Caleb Hamilton",,1,"steamer",2,1,0.8752,0.104,0.0282,0.0026,0.01,0.0037,0.1498,0.0931,0.0231,0.0848,0.0125,0.171160877513711,0.2538
2026,19844,"Abraham Toro","KCR",4,"batx,steamer,oopsy,atc",9,24.4630666666667,0.940169922038174,0.0448778693007956,0.0303682004539805,0.00299214180858239,0.0080145167655815,0.00201579062363741,0.144191166649833,0.0705587955169949,0.0144751728432575,0.0687922609937486,0.0067799009636045,0.153367134248716,0.189069035950629
2026,19858,"Luis Rengifo","MIL",4,"batx,steamer,oopsy,atc",9,411.240333333333,0.914580084045162,0.066042694814733,0.0378354529316339,0.00515180687712063,0.00929870691924409,0.0102445201307164,0.225358588638832,0.107700589122341,0.0198352743025709,0.0980245481274449,0.0278607431577768,0.246406621541634,0.291401283453565
2026,19859,"René Pinto","PHI",2,"steamer,oopsy",5,6.21424,0.971019407791616,0.0212402747299724,0.0170224286813531,0.000604177947504916,0.00320043318418878,0.000783721394169113,0.076496907862863,0.0410385020946735,0.0134971073555815,0.0439254467211947,0.00289264441847873,0.078779998884718,0.0977371825928354
2026,19864,"Riley Adams","WSN",4,"batx,steamer,oopsy,atc",9,60.0835333333333,0.897273323324348,0.0724605918441225,0.0384668751654634,0.00117028696413443,0.0248945389910602,0.00086864975200549,0.190109271339726,0.101408735705912,0.0326296639624327,0.110370035645974,0.00246099172061016,0.211874427109213,0.262569863183848
2026,19872,"Greg Deichmann",,1,"steamer",2,1,0.9132,0.067,0.0356,0.0043,0.009,0.005,0.1865,0.0955,0.023,0.0939,0.0163,0.204226894437144,0.2535
2026,19873,"Drew Ellis",,2,"steamer,oopsy",5,1,0.94808,0.0432,0.01444,0.00108,0.0044,0.00076,0.06968,0.04256,0.01204,0.04064,0.00252,0.0734959075183529,0.11288
2026,19877,"Tristan Gray","MIN",4,"batx,steamer,oopsy,atc",9,70.2466444444444,0.917551772520185,0.0635138372418656,0.0438846818928588,0.00214203801983512,0.0113976481507855,0.000898307390124389,0.196427789824923,0.101970856834733,0.0290861832809913,0.106281041849888,0.00272919589344492,0.214078154179144,0.259941627066788
2026,19878,"Adam Haseley",,1,"steamer",2,1,0.9082,0.071,0.0357,0.0037,0.01,0.0047,0.2014,0.0983,0.02,0.0936,0.0158,0.221757322175732,0.2724
2026,19890,"Emmanuel Rivera",,3,"batx,steamer,oopsy",8,10.164375,0.945460376614976,0.0422534470589665,0.0241392785826036,0.00198957632768684,0.00609769927661689,0.000982066156667859,0.134510791759858,0.0613481038075682,0.011158949562103,0.0594541936410231,0.00276580683866008,0.142270152284378,0.176764238818825
2026,19892,"Pavin Smith","ARI",4,"batx,steamer,oopsy,atc",9,409.395555555556,0.870850565173189,0.116451618944219,0.0421285889396066,0.00257888383969313,0.00472113315366912,0.00218348424400661,0.204106020014906,0.114918416920406,0.0286339625392443,0.113181765071701,0.00638095019856835,0.234375480911946,0.320557638959125
2026,19896,"Connor Wong","BOS",4,"batx,steamer,oopsy,atc",9,219.634,0.909133716965637,0.0676069215161358,0.0442519495194403,0.00243733934548691,0.0110254410215559,0.00540201270670079,0.216590408895192,0.106678589147617,0.023026858798946,0.100984178848993,0.0159257249603156,0.238238231465106,0.284197330411328
2026,19901,"Gavin Sheets","SDP",4,"batx,steamer,oopsy,atc",9,461.103777777778,0.901219739381126,0.0822802772782553,0.0455055231395814,0.00164887586588873,0.00803324517891578,0.00171305935274056,0.215750919414784,0.108581445435037,0.0301020942013032,0.115820212023724,0.0051696128316076,0.239398794752257,0.29803119669304
2026,19906,"Diego Castillo",,2,"steamer,oopsy",5,6.59756,0.95445614549917,0.0387997785766212,0.0166067534130546,0.000909703279333596,0.00240097639706814,0.00175538052141204,0.0800512208298041,0.0406111818806315,0.00705887060738034,0.0363454471485071,0.00486864658294373,0.0838710308559418,0.118850999406425
2026,19910,"Sandro Fabian",,1,"steamer",2,12.2274,0.930467638255067,0.0479987568902629,0.0475325907388325,0.00182377283805224,0.0109998855030505,0.0025680030096341,0.220668335050788,0.103889624940707,0.0278554721363495,0.110514091303139,0.00758951207942817,0.237158527581479,0.26866709194105
2026,19913,"Jesús Sánchez","TOR",4,"batx,steamer,oopsy,atc",9,407.047888888889,0.899439183141152,0.0849586351889011,0.0445273161426918,0.00364456029111273,0.00721139370440402,0.00642838937801431,0.223224581932544,0.125611771044827,0.0368643529828033,0.123504125028575,0.0221543589017985,0.248181962845967,0.308183217121445
2026,19918,"Daulton Varsho","TOR",4,"batx,steamer,oopsy,atc",9,555.670888888889,0.903276176518644,0.0802061214577656,0.0409479083294053,0.00507597431934521,0.00789792795898041,0.00452814919624937,0.20409520791405,0.126678792480452,0.0440243338138325,0.130114286876914,0.0168514321777502,0.225949951099853,0.284301329371815
2026,19921,"Blake Perkins","MIL",4,"batx,steamer,oopsy,atc",9,204.985,0.883696963909549,0.0982377652039158,0.0359249865295101,0.00594303272508085,0.0060231173364331,0.00904439285899749,0.194115490616384,0.108294158778317,0.018688258774457,0.0895498544487367,0.0341916088311055,0.219662959752177,0.2923532558203
2026,19928,"Ryan McKenna",,1,"steamer",2,9.45545,0.905551824609088,0.0729949394264683,0.0389405052112803,0.00343717115525967,0.0109989476968309,0.00681088684303761,0.199419382472542,0.104828432279796,0.0278781020469676,0.104987070948501,0.0225478427785034,0.220218630290573,0.272414321899011
2026,19931,"Luke Williams","ATL",4,"batx,steamer,oopsy,atc",9,13.5341555555556,0.94535419405272,0.0422966284460306,0.0262645369747649,0.00261787484165113,0.00547178535494311,0.00693294628156154,0.126543074659824,0.0697596421189615,0.011155606814958,0.0552278345882006,0.0286327548164488,0.133857844452285,0.168839703105855
2026,19938,"Aaron Whitefield",,1,"steamer",2,1,0.9062,0.073,0.035,0.0033,0.01,0.0056,0.1775,0.0904,0.0174,0.0838,0.0188,0.195872875744869,0.2505
2026,19948,"Cristian Pache","NYM",3,"batx,steamer,oopsy",8,13.34425,0.886704615338176,0.102189818864311,0.0216215001040683,0.00305648220055288,0.00483574647631119,0.00308784187880516,0.166596489202981,0.114674350775342,0.0112274794719391,0.104714752823775,0.00937534676580572,0.187882736055731,0.268786308067292
2026,19950,"Andrés Giménez","TOR",4,"batx,steamer,oopsy,atc",9,563.151111111111,0.904366740471518,0.058445928109887,0.0428531954622621,0.00362377136733497,0.0249076499445724,0.00847894789228639,0.22459690113919,0.114313503361113,0.018947372556509,0.0960521143077579,0.0373593040353059,0.248347148439017,0.283042829249077
2026,19952,"Khalil Lee",,1,"steamer",2,1,0.8872,0.091,0.0482,0.0045,0.011,0.0053,0.2116,0.1162,0.0312,0.1137,0.016,0.238503155996393,0.3026
2026,19953,"Josh Lowe","LAA",4,"batx,steamer,oopsy,atc",9,459.340333333333,0.90460960747616,0.0818114224647215,0.0452571709815614,0.00494970440312927,0.00486030409059601,0.00831778139484885,0.216891400929162,0.11900657964369,0.0293942995796385,0.108538596572789,0.0450452945234454,0.239762433580917,0.298702823393883
2026,19955,"Gavin Lux","TBR",4,"batx,steamer,oopsy,atc",9,434.196,0.885685705590557,0.0996366758043602,0.0465501037190792,0.0048711976622635,0.00471638460597166,0.00221984529878086,0.222090339913155,0.110593194807254,0.015128852965423,0.0954561320647113,0.00722275943442997,0.250755249307168,0.321727015717515
2026,19956,"Mickey Moniak","COL",4,"batx,steamer,oopsy,atc",9,458.643,0.928996716388465,0.0546995916208452,0.0466748220252216,0.0097793418413254,0.00849887404564446,0.0067692902095951,0.240628349772884,0.13046508067965,0.0426213607375355,0.137115105814982,0.0198438708939884,0.259019591272984,0.295327941393729
2026,19958,"Carter Kieboom","CLE",2,"steamer,oopsy",5,1.335156,0.963264395584067,0.0294032831126999,0.01490840039393,0.00102291214381709,0.00319932096044921,0.00132760937814559,0.0856634510226401,0.038827133288717,0.00787859991620826,0.0378695134093988,0.00437458172143055,0.0889303616072084,0.11506673413534
2026,19960,"Taylor Trammell","HOU",4,"batx,steamer,oopsy,atc",9,27.3125555555556,0.871632610366675,0.116881990637859,0.0238496542593417,0.00210613864753605,0.00561690110449123,0.00419542167092366,0.168635707867803,0.125726451926812,0.0197964078062301,0.115933097888232,0.0148310254293316,0.193471086168818,0.285517698505662
2026,19964,"Eguy Rosario",,2,"steamer,oopsy",5,7.133,0.96118659115261,0.0311991428134088,0.0173714985458442,0.00142782795040563,0.00320097964181846,0.00295117097811113,0.0775435481402112,0.0422544007347314,0.0115769171896525,0.0422470534210929,0.00889759681616409,0.0806748126263649,0.10874269095362
2026,19966,"Bobby Dalbec",,2,"steamer,oopsy",5,6.81128,0.958931492381602,0.0324004070014554,0.0135778776677271,0.000865522082404915,0.00439973725222498,0.000965984466969771,0.0710140260944604,0.0401926817016782,0.0129235841887662,0.0416274906299507,0.00366043714017079,0.074055369605278,0.103414433095916
2026,19968,"Jared Oliva","SFG",2,"steamer,oopsy",5,1,0.9636,0.02648,0.015,0.00312,0.0056,0.00672,0.08144,0.04192,0.00708,0.03692,0.02692,0.084516396845164,0.10792
2026,19977,"Tres Barrera","WSN",2,"steamer,oopsy",5,1,0.96212,0.02916,0.01204,0.00088,0.0044,0.00076,0.071,0.03512,0.008,0.03388,0.00248,0.0737953685610942,0.10016
2026,19983,"Conner Capel","COL",2,"steamer,oopsy",5,2.594112,0.956417292509147,0.0365235252583606,0.0145548494768599,0.00223859041016753,0.00280024391809487,0.00349829899223313,0.0804448295782784,0.0418431863405867,0.00898645612683741,0.0387300211823609,0.010559085949034,0.0841105971298706,0.116968354836639
2026,19997,"Santiago Espinal","LAD",4,"batx,steamer,oopsy,atc",9,117.197666666667,0.910657231789021,0.0683730609400249,0.0437380960736181,0.00133349057245348,0.00768214417202202,0.0028971933031993,0.226531175555389,0.103717762350811,0.0127158703484216,0.0911527477983301,0.0112338370112307,0.248755698244838,0.294904236495414
2026,20002,"Bryce Johnson","SDP",4,"batx,steamer,oopsy,atc",9,144.304777777778,0.891464191130701,0.079075245662584,0.0367636612551368,0.0046601378518045,0.0135258439992695,0.00785035790923224,0.199198517397043,0.103295156336238,0.0117706905231946,0.0738660008200895,0.036294063166662,0.223450946632401,0.278273763059627
2026,20003,"Keston Hiura","LAD",2,"steamer,oopsy",5,3.691056,0.960027123416722,0.0281586616353764,0.0145866008250902,0.00105077358676129,0.00759869766189936,0.00055385602848994,0.0821466838517322,0.0466429595581575,0.0160307674788163,0.0502300831819288,0.00169262543286178,0.0855670447719991,0.110305345487109
2026,20017,"Miles Mastrobuoni","SEA",4,"batx,steamer,oopsy,atc",9,33.1670111111111,0.880125626568852,0.0849290595264182,0.0530280020660341,0.00141431663285966,0.00207715459535604,0.00574834724412223,0.210362739218833,0.0931540934126644,0.00556334101341678,0.074676076976825,0.046003745360183,0.239014446197786,0.295291798745252
2026,20022,"Kramer Robertson",,1,"steamer",2,1,0.8502,0.122,0.0329,0.0028,0.017,0.0051,0.172,0.0975,0.0119,0.0763,0.0183,0.202305339920019,0.294
2026,20036,"Isaac Paredes","HOU",4,"batx,steamer,oopsy,atc",9,492.864777777778,0.858793100012696,0.113095086440176,0.0388391022463568,0.00160354592844284,0.0200030636151196,0.00131613188767889,0.207332239337569,0.124471743751776,0.0369468034281932,0.121840312774912,0.00222717301223794,0.241422805253679,0.320427325777745
2026,20040,"Jorge Ona",,1,"steamer",2,1,0.9172,0.06,0.0383,0.0035,0.012,0.0041,0.1945,0.1002,0.028,0.1025,0.0136,0.212058438726559,0.2545
2026,20043,"Luis Robert Jr.","NYM",4,"batx,steamer,oopsy,atc",9,527.178888888889,0.90544119572904,0.07524771851935,0.0398995655547669,0.00275586274592747,0.0106723232417732,0.0146858618386581,0.213882247694713,0.125659519675867,0.0374667408575216,0.119266746040027,0.0567135969606188,0.236218816532309,0.289129966214063
2026,20047,"Brian Miller",,1,"steamer",2,1,0.9022,0.077,0.0383,0.0041,0.01,0.0059,0.2058,0.0962,0.013,0.0854,0.0204,0.228109066725781,0.2828
2026,20054,"Bligh Madris","STL",2,"steamer,oopsy",5,6.28684,0.95890019764931,0.0347609568758748,0.0146387097227986,0.00125764044706726,0.00239992684865409,0.00213264308473599,0.0718346216879673,0.0373634566824458,0.00862341827798918,0.0367557378086952,0.0059759022585478,0.0749135539486444,0.106595578563842
2026,20056,"Alan Trejo",,2,"steamer,oopsy",5,6.64704,0.969466052812616,0.0227999153304757,0.0184711859025242,0.000971053606392549,0.00319892046356565,0.00111922527385299,0.0807191617717098,0.0384717150870509,0.00828438376461872,0.03865163782611,0.00334444620839287,0.0832614628820961,0.103519077102186
2026,20078,"Evan White",,1,"steamer",2,1,0.9032,0.075,0.0345,0.0034,0.011,0.0044,0.1877,0.1063,0.0342,0.1094,0.015,0.20781665190434,0.2627
2026,20084,"J.C. Escarra","NYY",4,"batx,steamer,oopsy,atc",9,140.768666666667,0.886515677833357,0.0882382316888929,0.0406917508719715,0.00176768970598855,0.0132540949935616,0.00148845058723435,0.196814613548135,0.104561355230498,0.0209238717868496,0.0957579130515323,0.00754589659939213,0.222009174196614,0.285052845237028
2026,20122,"Mark Contreras",,1,"steamer",2,2.67275,0.899223646057431,0.0769993452436629,0.0382751847348237,0.00381629407913198,0.0129828827986157,0.00725844167991769,0.18572631185109,0.0994107192966046,0.0218501543354223,0.0928631559255449,0.0254419605275465,0.206540733960223,0.262725657094753
2026,20123,"Juan Soto","NYM",4,"batx,steamer,oopsy,atc",9,668.097111111111,0.805845724625072,0.180689321985085,0.0382969288403724,0.00184231001172316,0.00592003594596689,0.010027221907707,0.222181311159462,0.162222492430596,0.0563606014947646,0.148942101730063,0.0294541419789644,0.275711968643668,0.402870633144547
2026,20126,"Dylan Carlson","CHC",4,"batx,steamer,oopsy,atc",9,86.0353555555556,0.877629785736144,0.0969825906208297,0.0408363789501307,0.00240847456897013,0.0137021750323368,0.00245676574091173,0.1994516484536,0.110092619745972,0.0243208230900289,0.099440176946831,0.0130634583423915,0.227261712962833,0.29643423907443
2026,20157,"Matthew Batten",,2,"steamer,oopsy",5,9.72412,0.962053984384247,0.0304003016181287,0.0138411156363573,0.00118718298312604,0.00320030863250374,0.00220251377667106,0.0732441046369403,0.03620995778223,0.00585349600838218,0.0326922486771327,0.00828573056908502,0.0761330505624583,0.103644406255069
2026,20178,"Miguel Vargas","CHW",4,"batx,steamer,oopsy,atc",9,567.635333333333,0.876834011373815,0.103173086249066,0.0484787005144438,0.00220429956988752,0.0104283139513589,0.00379923221493336,0.21111903483007,0.118878308844809,0.032678531180814,0.117027554360006,0.0139564439890825,0.240774231030672,0.314292121079136
2026,20202,"Brandon Marsh","PHI",4,"batx,steamer,oopsy,atc",9,467.464,0.885519471766934,0.0980600315516006,0.0438374144451741,0.00564484434059834,0.00594593116558961,0.00579369854827401,0.222758180991679,0.122933324711242,0.0276387478990507,0.1090605800637,0.0217402672219055,0.251556502249685,0.320818212543279
2026,20220,"Jo Adell","LAA",4,"batx,steamer,oopsy,atc",9,557.483777777778,0.907946068418259,0.0703866035330555,0.0399809221428767,0.00340415380304357,0.0143701405503565,0.00530552809236022,0.218808339705493,0.126396402885933,0.054314573304501,0.144548834934649,0.0171540216959233,0.240992661697056,0.289194943238549
2026,20233,"Gilberto Celestino","TEX",2,"steamer,oopsy",5,1,0.95484,0.03764,0.0148,0.00108,0.0032,0.00172,0.0804,0.04008,0.0066,0.03552,0.00608,0.0842025889154204,0.11804
2026,20242,"Kevin Smith",,1,"steamer",2,1.92451,0.929535310286774,0.0510259754430998,0.0411533325365937,0.00270198647967535,0.00898930117276605,0.00483239889634245,0.195738135941097,0.0959724813069301,0.0249414136585417,0.0989862354573372,0.0177187959532556,0.210576331824026,0.246764111384196
2026,20287,"Ben Rortvedt","NYM",4,"batx,steamer,oopsy,atc",9,32.8794222222222,0.874551079499583,0.0847220733350589,0.0211933486151903,0.000577751297463181,0.00826745411288049,0.000842902040905356,0.167558065758174,0.0853589102467003,0.0107047843071998,0.0806600599093953,0.00246842824183634,0.191593229584773,0.252280139093233
2026,20308,"Jake Meyers","HOU",4,"batx,steamer,oopsy,atc",9,451.300555555556,0.897663230066982,0.0790232940137908,0.0436846053065527,0.00350354489173199,0.0125016545320041,0.00766331683639609,0.224277218868864,0.115912744981963,0.022263869047036,0.099489576830089,0.0271780896093284,0.249845611758129,0.303300512882654
2026,20311,"Corey Julks","DET",2,"steamer,oopsy",5,7.13028,0.960746552980883,0.0326797625829214,0.0181333725353277,0.00077913963872912,0.00240112215708974,0.00229086654783562,0.0837501607894302,0.042433708814936,0.00896745621933516,0.0387879233355997,0.00811971309040347,0.087171960731559,0.116429923372352
2026,20321,"Stuart Fairchild","CLE",4,"batx,steamer,oopsy,atc",9,30.3759,0.897967675364987,0.08245662690933,0.04315375691564,0.00221965602216501,0.0111873783874136,0.0055944739086592,0.194106241215631,0.104676401798262,0.030987667668367,0.0920936945240668,0.0381894371150704,0.21616172445933,0.276562868124961
2026,20352,"Ernie Clement","TOR",4,"batx,steamer,oopsy,atc",9,564.168222222222,0.932651317170695,0.0462048871565579,0.0483619410212356,0.00424514566315132,0.00671794776721793,0.00608552078147392,0.244362953102154,0.109680956325966,0.0184570616425263,0.101739377806141,0.0167831490754477,0.262008907941563,0.290567840258712
2026,20391,"Luis García Jr.","WSN",4,"batx,steamer,oopsy,atc",9,490.33,0.928844482779512,0.0571433581554936,0.0495296473984709,0.00313836032771444,0.00409055149164794,0.00967971093667839,0.24992645074365,0.114570183050482,0.0306825658492595,0.123809532315865,0.0265862938233041,0.269072439334258,0.307069808899144
2026,20404,"Jared Young","NYM",4,"batx,steamer,oopsy,atc",9,24.3437666666667,0.880823854164296,0.104246344540814,0.0259054389031751,0.00147554658512787,0.00871503441528349,0.00247305636858541,0.181101902053501,0.122425711046421,0.0194675185848967,0.120102407368703,0.00811476613486534,0.20560512887713,0.285348246594314
2026,20437,"Royce Lewis","MIN",4,"batx,steamer,oopsy,atc",9,513.850444444445,0.912193027119434,0.0735321961035247,0.0462717976118081,0.00132022114452464,0.00529609762814346,0.00596623090098315,0.22428981443033,0.115261508871583,0.0374761623260633,0.125095247572102,0.0214722253066716,0.24587977298906,0.297822010533854
2026,20450,"Brewer Hicklen","ATL",2,"steamer,oopsy",5,5.30204,0.95515138110267,0.0337997975346871,0.0136825718198909,0.00200083368070029,0.00679875118033875,0.00297743107247067,0.071893901370469,0.0434194519825437,0.0114775714370784,0.0406802153958707,0.0138459051815808,0.0752696408054934,0.105693698905156
2026,20454,"Jazz Chisholm Jr.","NYY",4,"batx,steamer,oopsy,atc",9,581.694444444444,0.887219389555885,0.0956444760780481,0.0350087105765408,0.00368768787252575,0.00846130212210937,0.0143628856925223,0.213013841332853,0.135155942971832,0.0465635357895237,0.128742407965179,0.0532551319500817,0.240091508188839,0.308658317410901
2026,20493,"Seth Beer",,2,"steamer,oopsy",5,1.312868,0.960100327129286,0.0287963550054147,0.0149480689272067,0.00105489375312119,0.0068006980254409,0.000628447342284967,0.076850132142276,0.0397044053036467,0.00962871106572325,0.0387392897422805,0.00208734295830364,0.0800438558041731,0.105646487147691
2026,20501,"Scott Hurst",,1,"steamer",2,1,0.8672,0.111,0.0337,0.0033,0.011,0.006,0.1849,0.1032,0.0204,0.0902,0.0189,0.213214944649447,0.2959
2026,20503,"William Contreras","MIL",4,"batx,steamer,oopsy,atc",9,600.056222222222,0.871264407466656,0.113450311265435,0.0464118737889813,0.00102916189406926,0.00702418490115423,0.00340799996013119,0.231945523760508,0.124154823394193,0.0337339082835975,0.129206598645489,0.0101940716054561,0.26621714576282,0.345395835025943
2026,20505,"Drew Waters","KCR",4,"batx,steamer,oopsy,atc",9,30.8567888888889,0.917356859106513,0.0714539227347733,0.0538715783205152,0.00414487680295917,0.00593209999533398,0.00475436690180743,0.208367586846779,0.11982520454095,0.0116148411466221,0.084800213554435,0.0154614983728346,0.227139073282479,0.279821509581553
2026,20510,"Jack Larsen",,1,"steamer",2,1,0.8822,0.096,0.0367,0.0035,0.011,0.0046,0.186,0.0994,0.0195,0.0895,0.0148,0.210836545001134,0.282
2026,20521,"Nick Madrigal","LAA",4,"batx,steamer,oopsy,atc",9,39.9928111111111,0.923246976082529,0.0581079562240317,0.0527324790621424,0.00244688054507224,0.010969517515809,0.00415962004436995,0.230310437219676,0.0876317566435277,0.00330707683408468,0.0764688726406761,0.0125708224907241,0.249457017662724,0.288418393443708
2026,20529,"Nolan Jones","CLE",4,"batx,steamer,oopsy,atc",9,92.4966444444444,0.877756811640203,0.102906249772881,0.0425532204321763,0.00222348611741205,0.00583081060795186,0.00404044042662494,0.195585118014671,0.113717245912101,0.0246379330013235,0.0971220169723713,0.0219016451267109,0.222823811129639,0.298491367787552
2026,20536,"Vidal Bruján","NYM",4,"batx,steamer,oopsy,atc",9,31.7671222222222,0.913182267642958,0.0739462999843431,0.0531677354760635,0.00157829164774731,0.00629677851397257,0.00701965038338626,0.204222404676475,0.117987132429703,0.00846142157858956,0.0781697552244238,0.0430794440610877,0.223638162842999,0.278168704660818
2026,20538,"Jose Miranda","SDP",4,"batx,steamer,oopsy,atc",9,35.8371222222222,0.92753110372463,0.0598103540646498,0.0520426735477261,0.00127073095094047,0.0071672397870838,0.000978000292569618,0.215297345758345,0.0882501265728108,0.0158878278936306,0.0937294358447463,0.0023494896465904,0.23211873423305,0.275107699822995
2026,20540,"José Devers",,2,"steamer,oopsy",5,2.146316,0.966631400050184,0.0248021749758781,0.0180040819599616,0.00189353275785803,0.00439754875458833,0.00122096647774452,0.0842466869643721,0.0375705871244946,0.00496664329929975,0.0353769863339705,0.00394227311881918,0.0871549247831162,0.10904886194025
2026,20543,"Elehuris Montero",,1,"steamer",2,32.425,0.914525828835775,0.0670007710100231,0.0418010794140324,0.002763299922899,0.008,0.000814186584425598,0.212144949884349,0.10508866615266,0.0317255204317656,0.113995373939861,0.00248573631457209,0.231972617060381,0.279145720894372
2026,20557,"CJ Alexander","HOU",2,"steamer,oopsy",5,3.01444,0.96809197992081,0.0252414638591143,0.0157452659830023,0.00291578999685227,0.00239889995195573,0.00106028727158264,0.077553387120823,0.0399728301386657,0.0109408392836434,0.0417090505458823,0.00345918722353838,0.0801095234020707,0.102794850979937
2026,20572,"Kody Clemens","MIN",4,"batx,steamer,oopsy,atc",9,252.184222222222,0.911047533577111,0.0719497275253873,0.0403180384599059,0.00660277933689015,0.00862010947903161,0.00365237601682174,0.211588713620441,0.120684781565262,0.0407996673049105,0.126683085287104,0.0119437931500828,0.232247721246404,0.283538441145828
2026,20599,"Iván Herrera","STL",4,"batx,steamer,oopsy,atc",9,543.170777777778,0.87300252362952,0.100833401394507,0.041920036772226,0.00152529237773298,0.0175279108087258,0.00506233486684574,0.23314197455556,0.124449448653551,0.0322336300019519,0.119249960706028,0.0150744324331407,0.267057618099738,0.333975375950066
2026,20626,"Logan Porter","SFG",2,"steamer,oopsy",5,1.17364,0.946865630011854,0.0446830764939683,0.0130813750784464,0.000948329963043024,0.00398856425632801,0.000753085558887107,0.0704274457848128,0.0385468237919252,0.00719615089603236,0.0336657136880273,0.00259396136950003,0.074379556668385,0.115110522278781
2026,20926,"Dérmis Garcia",,1,"steamer",2,2.58606,0.903227303310828,0.0759843159091436,0.0328685335993751,0.00290016472935663,0.0100152355320449,0.0026681515510081,0.179036835958949,0.104019241626258,0.0359233737809641,0.108930187234635,0.00908718281865077,0.198219025601507,0.255021151868093
2026,20970,"Oscar Gonzalez",,2,"steamer,oopsy",5,4.64276,0.977599461753851,0.0152014960076779,0.0180312459804688,0.00216089997922212,0.0032017730461368,0.0013060384489804,0.0942920183241152,0.0418446803668781,0.0114258575824437,0.045612403407573,0.00377959611750388,0.0964526086736501,0.109493514331793
2026,21009,"Leo Rivas","SEA",4,"batx,steamer,oopsy,atc",9,162.770222222222,0.845831062737617,0.130512045108472,0.0305577388473798,0.00179743892382964,0.00976673702124149,0.0102945370007647,0.181148448865191,0.109220738801418,0.0145496387026222,0.0739425002156934,0.0424711639231631,0.214166228748902,0.311660493973663
2026,21078,"Trey Cabbage",,1,"steamer",2,12.9542,0.90982075311482,0.0709962791990243,0.0427892112210712,0.00292569205354248,0.00799740624662272,0.00563523799231137,0.202413116981365,0.106899692763737,0.0305615167281654,0.108520788624539,0.0198700035509719,0.22247581876803,0.273409396180389
2026,21127,"Alejo Lopez","SEA",2,"steamer,oopsy",5,1,0.95548,0.0334,0.01512,0.00104,0.0068,0.00216,0.08336,0.03844,0.0034,0.03228,0.00732,0.08724410767363,0.11676
2026,21139,"Tyler Payne",,1,"steamer",2,1,0.9292,0.05,0.0429,0.0031,0.01,0.0029,0.2106,0.0919,0.0147,0.0891,0.0098,0.226646577701248,0.2606
2026,21270,"Sean Bouchard",,2,"steamer,oopsy",5,5.17676,0.945764252440591,0.0456008180459539,0.014466128877197,0.00229682133212141,0.00440136690584606,0.00211852926524441,0.0701841477377009,0.0420279848626539,0.00959281238255884,0.0373609278179323,0.0070477805259616,0.0742089242182576,0.115784965783655
2026,21293,"Dalton Guthrie",,1,"steamer",2,1,0.9032,0.073,0.0408,0.0038,0.013,0.0063,0.2098,0.1001,0.0169,0.0919,0.02,0.232285208148804,0.2828
2026,21304,"Mark Kolozsvary","PHI",2,"steamer,oopsy",5,1,0.95964,0.03004,0.01488,0.00088,0.006,0.00116,0.06872,0.0388,0.0102,0.03788,0.00396,0.0716101871535159,0.09876
2026,21386,"Michael Papierski",,1,"steamer",2,2.12463,0.876246687658557,0.102982636976791,0.0357709342332547,0.00230628391767037,0.00997820797032895,0.0024004179551263,0.178995872222458,0.0955931150365005,0.0162851884798765,0.083591025260869,0.00743658895901875,0.204275662029328,0.281978509199249
2026,21454,"Lars Nootbaar","STL",4,"batx,steamer,oopsy,atc",9,485.997777777778,0.866138376744146,0.117463057108131,0.041866081481434,0.00248514471531697,0.00655615288343283,0.00483080922717298,0.211687321759239,0.122267580569639,0.0316011321106238,0.110150596296558,0.0121554239215491,0.244403581971487,0.329150378867369
2026,21479,"Nico Hoerner","CHC",4,"batx,steamer,oopsy,atc",9,621.444111111111,0.91072067800378,0.064443294773181,0.0453117191704287,0.00434261606175833,0.014684766238598,0.0104053722319256,0.252060848438294,0.116293804650461,0.010924718559684,0.0915136713880386,0.0423527560763356,0.276770753674759,0.316504143211475
2026,21489,"Hayden Senger","NYM",3,"batx,steamer,oopsy",8,11.9365,0.950198079808098,0.033640389451964,0.0224774404196108,0.00191086284226298,0.00881947829543249,0.00131571995171859,0.178421973741356,0.117191293489528,0.0100573641811735,0.114579337129732,0.00422375993581965,0.18777345222313,0.21206236319332
2026,21496,"Brandon Lockridge","MIL",4,"batx,steamer,oopsy,atc",9,81.3764555555556,0.899720959915649,0.0737925935857709,0.0422599816507206,0.00324144679824999,0.00911212844431303,0.0104201779980414,0.209753434218366,0.106173369013833,0.0101522031644648,0.0799534235957137,0.0511174726065277,0.233131652549287,0.283546027804137
2026,21497,"Luken Baker","ARI",3,"batx,steamer,oopsy",8,7.211025,0.93040360073403,0.0596568488453932,0.0248141849777061,0.000838132523086452,0.00416436400813312,0.000321768472380178,0.118251462176849,0.067158399812018,0.0213489216913843,0.0749243249453127,0.000933779056030764,0.12709695242318,0.177908311022242
2026,21501,"Trevor Larnach","MIN",4,"batx,steamer,oopsy,atc",9,405.733888888889,0.881794321537864,0.100091556244755,0.0427062165574959,0.00225093502384001,0.00909385726917977,0.00387429476867205,0.217058865290334,0.116615761412512,0.0303139412717943,0.113150109424415,0.00944434063728839,0.246155889178079,0.317150421535089
2026,21523,"Jonathan India","KCR",4,"batx,steamer,oopsy,atc",9,499.498444444444,0.865060943835746,0.101853439450857,0.0465146964164359,0.0022619097876269,0.023270746111899,0.00505007323003964,0.215328045124912,0.1207490386741,0.0240068240552674,0.10348706341533,0.0125223499354147,0.248916618718366,0.317181484575769
2026,21524,"Joey Bart","PIT",4,"batx,steamer,oopsy,atc",9,286.562111111111,0.879551716717897,0.0935835770491214,0.037699606396804,0.00105090158518738,0.0178342911862462,0.00214096677537291,0.208288065128365,0.109243617523075,0.0262524768285188,0.104909756268965,0.00399968202522861,0.236811617974671,0.301871642177486
2026,21534,"Cal Raleigh","SEA",4,"batx,steamer,oopsy,atc",9,626.198222222222,0.864325695785867,0.118546122035241,0.0369552742658077,0.00120119628937621,0.00946377019293795,0.00429694933901902,0.200700204400297,0.135656575673804,0.0608426432702219,0.158262794674265,0.0129510346078051,0.232204370850985,0.319246326435539
2026,21535,"Connor Kaiser","KCR",2,"steamer,oopsy",5,1.602296,0.955902847063143,0.0361250568694278,0.0156600445377413,0.00159633481526415,0.00360771668249699,0.00116532441514283,0.0686902871008165,0.0373542346771812,0.00585854877201944,0.0322938533127938,0.00399083703816038,0.0718590673852017,0.104815343970244
2026,21538,"Nick Fortes","TBR",4,"batx,steamer,oopsy,atc",9,298.396777777778,0.908990147726133,0.0582808402725751,0.0383160853683947,0.00254031083595913,0.0173674039810229,0.00276994487790702,0.204764796232378,0.0963995275956956,0.0214805105682219,0.0951289824684564,0.00716827157536128,0.225266243803195,0.263045636504953
2026,21547,"Coco Montes",,2,"steamer,oopsy",5,1,0.9646,0.028,0.01836,0.00136,0.0032,0.0014,0.08152,0.03828,0.00724,0.03744,0.00424,0.0845117147003939,0.10952
2026,21558,"Matt Vierling","DET",4,"batx,steamer,oopsy,atc",9,264.961888888889,0.900634188639879,0.0791754349780651,0.0418487171658746,0.00363424563179819,0.0100530062990998,0.00357675874669704,0.220135606269903,0.113163393054857,0.024541282719587,0.102601679448365,0.0128088575499475,0.244422884503582,0.299311041247968
2026,21562,"Romy Gonzalez","BOS",4,"batx,steamer,oopsy,atc",9,217.377,0.921194236798539,0.0598910760060246,0.0462696896974798,0.00537397445585747,0.00888085125600175,0.00922731522964627,0.245070795726137,0.124983003788539,0.0324495494542964,0.122740538459564,0.0284931924361499,0.266035962814792,0.304961871732161
2026,21587,"César Salazar","HOU",4,"batx,steamer,oopsy,atc",9,104.984911111111,0.878198575707057,0.0816895151299048,0.033996712958122,0.0012309478348361,0.0273249624611592,0.00121808020908172,0.182501504796409,0.0969530100145303,0.0180358758968481,0.0885302877077332,0.0073310368770586,0.207813483014901,0.264191019926314
2026,21614,"Kyle Isbel","KCR",4,"batx,steamer,oopsy,atc",9,445.543666666667,0.907750852358422,0.0655424895586811,0.0413317278138311,0.00939298809872314,0.0093593604247388,0.00654472511564424,0.215773388799654,0.113904368801946,0.0165476283991787,0.088335618252111,0.0210534357450827,0.237701113955503,0.281315878358335
2026,21618,"Alec Bohm","PHI",4,"batx,steamer,oopsy,atc",9,571.163555555555,0.915839544062749,0.0653492418771221,0.0476375351349976,0.00309222912379573,0.00831319599251311,0.00171784309220423,0.248859705986059,0.114417835185561,0.0257832516867606,0.120664373360471,0.00535910899693066,0.271728500477381,0.314208947863181
2026,21622,"Jake McCarthy","COL",4,"batx,steamer,oopsy,atc",9,350.568555555556,0.90308025161699,0.0665809173141218,0.0403767907031858,0.0128043967768648,0.0161157347176696,0.00845239034711837,0.242257787177445,0.130259083146616,0.0173300216137764,0.0904981961303088,0.0425975742356742,0.268257208308648,0.308838704491566
2026,21626,"Griffin Conine","MIA",4,"batx,steamer,oopsy,atc",9,342.757,0.894132737959043,0.0903442154873829,0.0376555139573214,0.00264807456184414,0.00870363519878802,0.00164537162612735,0.196060217212978,0.106486373207786,0.0325583445267135,0.113274952113851,0.00315581885506758,0.219274173609287,0.286404432700361
2026,21634,"Ford Proctor",,1,"steamer",2,1,0.8742,0.106,0.0314,0.0029,0.009,0.0045,0.1857,0.1,0.0192,0.0883,0.0147,0.212422786547701,0.2917
2026,21635,"Nick Maton",,2,"steamer,oopsy",5,4.89524,0.947458116426556,0.0440003352548402,0.0157234520073384,0.00118456710218754,0.00439928851472793,0.00107654054255408,0.0736294130246506,0.043147297939114,0.00951378735530494,0.0375634423221985,0.00329294754193014,0.0777125782639892,0.117629748279491
2026,21636,"Jeremy Peña","HOU",4,"batx,steamer,oopsy,atc",9,591.825222222222,0.911390828951372,0.0602968470628944,0.0471257696500284,0.00328142082574484,0.0174804044716774,0.00756729824567177,0.248014170603716,0.127254761789186,0.0283652909715568,0.113881227051085,0.0282948187517128,0.272127130014108,0.308311017666611
2026,21646,"Rafael Marchán","PHI",4,"batx,steamer,oopsy,atc",9,145.299333333333,0.895202382484529,0.0806409425284818,0.0407083476912751,0.00142743266196017,0.0134613925041508,0.00120627753561916,0.206269285435949,0.101536869165209,0.0165412922706908,0.0948227447906717,0.00634807297020465,0.230416372288323,0.286910227964431
2026,21682,"Luis De Los Santos",,2,"steamer,oopsy",5,5.81164,0.966088217912212,0.0247998710578628,0.0149327275099585,0.000936365520258498,0.00479848953496404,0.000957855876461152,0.0770091564267678,0.0367730695136272,0.00770889777498062,0.0359748562832429,0.00303014022457422,0.0797123440685264,0.101809027484631
2026,21693,"Miguel Amaya","CHC",4,"batx,steamer,oopsy,atc",9,285.305777777778,0.897019489344321,0.072131322639451,0.040955953805062,0.00238791663858184,0.018637094293708,0.000757979454742729,0.207885468771083,0.105423820481923,0.0266037475129963,0.10679804254669,0.00358569822632995,0.231751340121983,0.280016791410534
2026,21707,"Oswaldo Cabrera","NYY",4,"batx,steamer,oopsy,atc",9,144.783555555556,0.90082402527643,0.0768280174604556,0.0403148922122315,0.00132032193776643,0.00757615866802614,0.00582692656356259,0.208494195385106,0.107663088205813,0.0224911177377868,0.0974867352471329,0.0151835751778883,0.23144830681123,0.285322212845562
2026,21711,"Oneil Cruz","PIT",4,"batx,steamer,oopsy,atc",9,530.379111111111,0.882092067064703,0.102559930675237,0.0431515602425957,0.00480640113780547,0.00734301258493447,0.0110871428635902,0.212521111071618,0.139047085844368,0.0432931592672929,0.126721717901791,0.0511611530681911,0.240928491488213,0.315081041746855
2026,21716,"Enmanuel Valdez","PIT",4,"batx,steamer,oopsy,atc",9,32.4197333333333,0.88380648048461,0.105551243866913,0.0275333009785517,0.00203247245132717,0.0039574862403297,0.0021128335344924,0.18545476473416,0.121634829048409,0.0205371229524837,0.126278254666093,0.00563132724269777,0.209836393859062,0.291006008601073
2026,21730,"Jair Camargo","ATL",2,"steamer,oopsy",5,2.278312,0.968198523278151,0.0234807354055742,0.0140140808145327,0.000953338830920592,0.00400402308986649,0.000924738665992974,0.0740934939391484,0.0389629580197246,0.011621200348922,0.040974502952967,0.00300301731739986,0.0765271709858436,0.0975742293447226
2026,21735,"Sebastián Rivero","LAA",4,"batx,steamer,oopsy,atc",9,17.3251222222222,0.955727591122374,0.0298148273712465,0.0258568472136186,0.000899565923922175,0.00610414614931382,0.00137999251095286,0.184082715045182,0.111243105468083,0.0117453318106318,0.116755169088437,0.00392059514948556,0.192610024817847,0.213897542416428
2026,21746,"José Fermín","STL",4,"batx,steamer,oopsy,atc",9,156.077222222222,0.872365674069436,0.0991741375801374,0.044228400856626,0.00144089848187788,0.0175134081010881,0.010812948828983,0.211182383153304,0.110911200529657,0.017097010785449,0.0913790524355492,0.0341045790851609,0.24208011551873,0.310356520733441
2026,21780,"Esteury Ruiz","MIA",4,"batx,steamer,oopsy,atc",9,107.963,0.893052504460494,0.0756355359239562,0.0405587151209168,0.00768010947473392,0.0199530599059503,0.0191918880936884,0.216648755817508,0.124429022985016,0.0194432337270814,0.0906411420390852,0.0885362021976718,0.242593525840218,0.292284291741464
2026,21797,"Andrés Chaparro","WSN",4,"batx,steamer,oopsy,atc",9,262.794111111111,0.903905125180694,0.078523218346344,0.0420979140451455,0.00107712009662125,0.00928338137416239,0.000910487636894516,0.209499048776012,0.102977627407345,0.0343982595218841,0.121049589095451,0.00390153845981242,0.231771059749365,0.288022267122356
2026,21837,"Jonathan Aranda","TBR",4,"batx,steamer,oopsy,atc",9,560.818333333333,0.876316648442496,0.0984411104534623,0.0433111320595625,0.00101377297418232,0.0164970127335603,0.00119103564538529,0.22341552419167,0.119347745093036,0.034920378677683,0.123926802222418,0.00283368258447058,0.254948396323125,0.321856634645132
2026,21840,"Freddy Fermin","SDP",4,"batx,steamer,oopsy,atc",9,440.435444444444,0.912130533233378,0.0670424818712259,0.0354189103896365,0.00217894404252144,0.00683780726537573,0.00219992172605857,0.216229680536771,0.100847711049388,0.0222591478679268,0.096186013490314,0.00652675217025666,0.237060017901458,0.283272162407997
2026,21842,"Carlos Cortes","ATH",4,"batx,steamer,oopsy,atc",9,140.696222222222,0.902268030329835,0.0799978714353213,0.0479409390237318,0.00158728728226137,0.00645537296052112,0.000908942761162732,0.211192263839853,0.109913326497677,0.0318109310982275,0.116347533112697,0.00306691461480654,0.234068211153009,0.291190135275174
2026,21853,"Will Benson","CIN",4,"batx,steamer,oopsy,atc",9,223.753222222222,0.881454855545544,0.102405443701073,0.0407911423585313,0.00664541322143735,0.00816334870262078,0.00789316645951348,0.197675316715564,0.124314326885344,0.0390011502691612,0.116783149974001,0.0274366030470955,0.224260284541991,0.300080760416637
2026,21865,"Bo Naylor","CLE",4,"batx,steamer,oopsy,atc",9,439.388444444444,0.879203991048324,0.103725957666577,0.0404850147526742,0.00278680008649283,0.00674082482042543,0.00380605760190353,0.192003955124668,0.113114200462261,0.0356495881884566,0.114909120654444,0.0115775998491738,0.21838385298471,0.295729912791245
2026,21871,"Jerar Encarnacion","SFG",4,"batx,steamer,oopsy,atc",9,112.505,0.908986815397802,0.0737762175081667,0.0361671046907352,0.000961507128004527,0.00854906750088826,0.00179879362277115,0.208963435825967,0.108636911485081,0.0340392353147862,0.112670209431223,0.00892165729118837,0.229886102071258,0.282739653334133
2026,21897,"Christopher Morel","MIA",4,"batx,steamer,oopsy,atc",9,353.228111111111,0.890699075774472,0.0914474983424921,0.0414791802621429,0.00397804351091053,0.0104877553180354,0.00726194161415594,0.202797885739339,0.119267876193263,0.0394066250214187,0.123894972397996,0.0194791286166893,0.227683952139508,0.294245384081831
2026,21987,"Rodolfo Castro",,2,"steamer,oopsy",5,2.432944,0.959692385582975,0.0307963582084341,0.0149966392863066,0.000785621382868216,0.00520255937988286,0.00294171562251765,0.0766591887149853,0.0421005769952601,0.0119501741460732,0.0417950575685891,0.00795223421992161,0.0798789173141328,0.107455546923419
2026,22045,"Grant Koch",,1,"steamer",2,2.51959,0.912291285486924,0.0679872518941574,0.0324259105648141,0.00297667477645172,0.00900940232339389,0.00293698577943237,0.171178644144484,0.0866807694902742,0.0179394266527491,0.0831881377525709,0.00992224925483908,0.187635952318803,0.239165896038641
2026,22054,"Dane Myers","CIN",4,"batx,steamer,oopsy,atc",9,237.542555555556,0.909546966116422,0.0683684718969905,0.0376637556566777,0.00175651957130119,0.0114572922617336,0.00905561370461103,0.219577798674096,0.109759932214051,0.0260349206621699,0.102131088720618,0.0347523839593643,0.241414469899942,0.287946270571087
2026,22093,"Steele Walker",,1,"steamer",2,1,0.9082,0.071,0.0355,0.0035,0.01,0.0047,0.1906,0.0972,0.0226,0.0945,0.0146,0.209865668354988,0.2616
2026,22117,"Nick Pratto","TEX",2,"steamer,oopsy",5,7.38464,0.957251674370342,0.0352396000377323,0.0152084708989718,0.00107772851617772,0.00320016979530233,0.0012498820865956,0.0719177436090935,0.0414347703046882,0.0120248089802849,0.0409301009338742,0.00440760305631544,0.0751293996496786,0.107157343646826
2026,22164,"Payton Henry","NYY",2,"steamer,oopsy",5,1,0.96668,0.0234,0.01376,0.00072,0.0056,0.00068,0.08076,0.03932,0.00972,0.03936,0.00224,0.0835436752596516,0.10416
2026,22165,"Ryan Vilade","TBR",4,"batx,steamer,oopsy,atc",9,156.714,0.903246600523121,0.0755804833115144,0.0419566156690681,0.00430670560448759,0.0105431894996959,0.00509121667983815,0.208260205351622,0.103916436190117,0.0188576055490995,0.0957079780426519,0.0160571111362963,0.230568490632576,0.283840688663136
2026,22168,"Akil Baddoo","MIL",4,"batx,steamer,oopsy,atc",9,31.6256777777778,0.877550839121399,0.113717494897278,0.0497417987077676,0.00376308878852795,0.00299882531122525,0.00536905455430922,0.1969531040445,0.122221562238485,0.0169657828548635,0.0923175723033796,0.0443036536700654,0.224434978880185,0.310670598941778
2026,22169,"Cal Mitchell",,1,"oopsy",3,1,1,0,0,0,0,0,0,0,0,0,0,0,0
2026,22184,"Mark Vientos","NYM",4,"batx,steamer,oopsy,atc",9,437.860666666667,0.909604314655135,0.0731660989072552,0.0412210998826133,0.00216075357508949,0.00901711353248107,0.00124136526008937,0.218476725159916,0.116748745897746,0.0426940609529082,0.134188039588243,0.0021676019950122,0.240188752009986,0.291642824067171
2026,22186,"Brice Turang","MIL",4,"batx,steamer,oopsy,atc",9,634.651777777778,0.892204829581712,0.0919691951690926,0.0394041661408713,0.00503957634333828,0.00379853426559819,0.01029010819333,0.228751440600562,0.122000100485878,0.0217782250246398,0.0990835689174963,0.0459239262142745,0.256388928882851,0.320720635769655
2026,22197,"MJ Melendez","NYM",4,"batx,steamer,oopsy,atc",9,70.1789444444444,0.902657342034328,0.0876505736365,0.0383640907913559,0.00124171106777014,0.00453298796173614,0.0034512438009231,0.191437031424666,0.110384069890991,0.0322809761624805,0.113271339268952,0.0197213302567006,0.212081620023411,0.279087605061166
2026,22202,"Jeter Downs",,1,"steamer",2,1,0.8842,0.091,0.0398,0.0055,0.014,0.0074,0.1914,0.1082,0.0254,0.1006,0.0257,0.216466862700746,0.2824
2026,22209,"Sam Huff","BAL",3,"batx,steamer,oopsy",8,7.3586325,0.947626915595358,0.0430628776821404,0.0215748974258754,0.000788864866774412,0.00431841864509076,0.000313328705030317,0.113796189384653,0.0574299122733306,0.0162947463560595,0.0621615638422676,0.00105878833685765,0.120085433952833,0.156859067066794
2026,22217,"Luis Campusano","SDP",4,"batx,steamer,oopsy,atc",9,222.448777777778,0.895633931247087,0.0872582867494076,0.0377041953364359,0.000659941279593788,0.00720301575235292,0.00043259055118598,0.211869085834641,0.106695529811204,0.0274177163193988,0.108817099901376,0.0014921733067637,0.236557681037869,0.299127372584049
2026,22232,"Mason McCoy","SDP",4,"batx,steamer,oopsy,atc",9,50.2247111111111,0.905970933624604,0.0700304225945706,0.0362082332786846,0.00272390052084414,0.00391384544862102,0.00447133007487813,0.179561341843272,0.09944047792653,0.00919985242572089,0.0737003560789946,0.0299012660394958,0.198197685134206,0.249591764437843
2026,22239,"Jeremiah Jackson","BAL",4,"batx,steamer,oopsy,atc",9,211.739111111111,0.934282026161537,0.0492738917309906,0.0463520258975644,0.00256300571854266,0.00601054044067825,0.00730696823051788,0.22332797150385,0.111168157710765,0.0316564460246302,0.117155198532568,0.0178941340378678,0.23903699873301,0.27260186323484
2026,22244,"Jack Suwinski","LAD",3,"batx,steamer,atc",6,91.9611666666667,0.874017095400586,0.106374430571037,0.0353375755839671,0.00336270672643258,0.0108564960886934,0.00558268514877234,0.180487134307861,0.125271231076341,0.0391377774922986,0.119322556669963,0.0200912064919309,0.206502979469914,0.286861564878898
2026,22254,"Joe Perez",,1,"steamer",2,1.59583,0.91024733210931,0.0709975373316707,0.0378486430258862,0.00375979897608141,0.00802090448230701,0.00300783918086513,0.197452109560542,0.0993840196010853,0.0246266832933332,0.0986947231221371,0.00971281402154365,0.216921382348892,0.268449646892213
2026,22261,"Bubba Thompson",,1,"steamer",2,5.48595,0.926348216808392,0.0530081389731952,0.0398107893801438,0.00379150375048989,0.0100073824952834,0.00993446896162014,0.206509355717788,0.0988525232639743,0.0177179886801739,0.0915611698976476,0.0417976831724679,0.222928432279266,0.259517494690983
2026,22263,"Nolan Gorman","STL",4,"batx,steamer,oopsy,atc",9,496.264222222222,0.889390329226427,0.0977099259076711,0.035856295925504,0.0011131433712672,0.00481337567669629,0.00242653510906643,0.189756045661006,0.108549403220862,0.0403676642913616,0.12268404747837,0.00764786783398718,0.213355193355939,0.287465971568677
2026,22266,"Xavier Edwards","MIA",4,"batx,steamer,oopsy,atc",9,582.262777777778,0.898175554474571,0.0829772610054497,0.0395796716331783,0.00701507998567177,0.00450328970049377,0.0115480265245171,0.248431751090464,0.118435215296623,0.00621795131421865,0.07662513288402,0.0462735912459501,0.276595983772677,0.331409012095914
2026,22274,"Samad Taylor","SDP",3,"batx,steamer,oopsy",8,21.3748,0.883209729650751,0.101976698211939,0.0220011982239938,0.00353323500121184,0.0047723087349668,0.00668821930155869,0.180659118245112,0.122766297227718,0.00964637053128233,0.102300295384833,0.0275848255990941,0.204548378692058,0.282635816457051
2026,22275,"Jake Burger","TEX",4,"batx,steamer,oopsy,atc",9,546.283444444444,0.921810957114424,0.0563578188287165,0.0419111679275026,0.00237721355268665,0.0139980088307847,0.00202348554628031,0.226509607838033,0.120045843906192,0.0487585160194197,0.142859278252464,0.00356262473775151,0.245722407712622,0.282867426666749
2026,22277,"Nick Allen","HOU",4,"batx,steamer,oopsy,atc",9,131.285333333333,0.902737619621449,0.0735188917968482,0.0375018914809663,0.00117138223267029,0.00685929877906654,0.0077380683330883,0.203816841659352,0.0951888780537377,0.00775541340002161,0.0727263880334549,0.0237569239270288,0.2257763908685,0.2773357334562
2026,22411,"Cal Stevenson","DET",2,"steamer,oopsy",5,3.706392,0.940711668070224,0.0524389709991527,0.0142570544863623,0.00186969320034303,0.0024002122076029,0.00348185290201623,0.073484608510452,0.0418955495636095,0.00590781845948612,0.0332784786981167,0.0130157430227737,0.0781159743252662,0.125923579509605
2026,22458,"Taylor Walls","TBR",4,"batx,steamer,oopsy,atc",9,286.286888888889,0.883934339845919,0.0988346659644514,0.0394832199415431,0.0045835188814519,0.00393715100308093,0.0129800862843192,0.189871978523624,0.107470782405863,0.0163205964018464,0.0856108721466993,0.0456319731924913,0.214803260790526,0.288706644488075
2026,22471,"Livan Soto",,2,"steamer,oopsy",5,4.178384,0.954470621375459,0.0372011500163202,0.013650854687479,0.00090320099799239,0.00400180640199598,0.000956856502823621,0.0743441732357399,0.0362264083452195,0.00436845235167606,0.0306462358427715,0.00295552405778698,0.0778904783141516,0.11154532325206
2026,22505,"Buddy Kennedy","SFG",2,"steamer,oopsy",5,5.14352,0.950082755220622,0.0395217804697679,0.0173363383455999,0.00140507800119731,0.00600063386977498,0.00102475613621157,0.0827516991231468,0.0412930943409515,0.00647251470225728,0.036292566116139,0.00324330034862838,0.0870994644081618,0.122273479592915
2026,22514,"Triston Casas","BOS",4,"batx,steamer,oopsy,atc",9,159.595444444444,0.86519833817393,0.11933697758255,0.0419350370250257,0.000992216390665177,0.00765922342481634,0.000661482043466304,0.208743279464316,0.1191938946106,0.0382509090453691,0.128529728174825,0.0015234924100909,0.241266389744675,0.328080257046866
2026,22515,"Heliot Ramos","SFG",4,"batx,steamer,oopsy,atc",9,599.324444444444,0.9013256616469,0.0757246214185563,0.0422702914837089,0.00356100399651388,0.0141446296223072,0.00412025738279175,0.230275809693973,0.123463584733612,0.0362060061858989,0.121366789258669,0.0107480984037381,0.2554856912353,0.306000431112529
2026,22530,"Johnathan Rodríguez","CLE",4,"batx,steamer,oopsy,atc",9,119.498733333333,0.903943725459776,0.0819276840042811,0.0427111466478704,0.00149130690245301,0.00907385234144778,0.00127461170528264,0.218946264938533,0.109804518893559,0.0305475732810923,0.111874031801668,0.00385970018978979,0.242212273587241,0.300873948942814
2026,22532,"Tyler Freeman","COL",4,"batx,steamer,oopsy,atc",9,310.022111111111,0.882801759456548,0.0751163603152663,0.0473833188711133,0.0046874368476232,0.029038799195826,0.0126281760739006,0.247077301186992,0.12668615420803,0.0169362960444559,0.0960774514411573,0.0398375944180841,0.279878578106926,0.322193661502258
2026,22541,"George Valera","CLE",4,"batx,steamer,oopsy,atc",9,364.553,0.887233460013813,0.0980753010564366,0.0369490253627388,0.00267205030305541,0.00641659587240954,0.0028931083928177,0.198533506134416,0.112982661653918,0.031721699814985,0.108703498257257,0.00640881822498288,0.223766928415126,0.296608807190852
2026,22542,"Lawrence Butler","ATH",4,"batx,steamer,oopsy,atc",9,549.664777777778,0.900783847773632,0.0881394009926935,0.0465353768997408,0.00304672043988028,0.00278515888467938,0.00791141087760023,0.220470886285887,0.128010495069344,0.0382495036245463,0.122995063811651,0.0322740648760036,0.244754484475716,0.30861028727858
2026,22557,"Michael Siani","LAD",4,"batx,steamer,oopsy,atc",9,23.5644222222222,0.881995954306404,0.103467007810907,0.0189120719774779,0.00312790467826724,0.00482214766003607,0.00574640026803766,0.168577799421705,0.121421121484944,0.00737442919838301,0.096385592731132,0.0242022846041049,0.191132168575845,0.272044807232612
2026,22558,"Jarred Kelenic","CHW",4,"batx,steamer,oopsy,atc",9,84.8981555555555,0.907540968901837,0.0780102741942665,0.0438828193014933,0.00199830197047706,0.00341668473473169,0.00972543228475586,0.19919127001088,0.107846115441963,0.0302960447961861,0.104371715885198,0.0178039407813578,0.219484603821147,0.277201544205146
2026,22563,"Gabriel Arias","CLE",4,"batx,steamer,oopsy,atc",9,433.714,0.916062217567382,0.0633877130050188,0.0435614192251383,0.00398107495287083,0.0106453994533485,0.00765330679568917,0.210117151624487,0.106575096113287,0.026089935252535,0.104966215835852,0.0212977120672835,0.229369957187468,0.273504864629506
2026,22566,"Tirso Ornelas","SDP",3,"batx,steamer,atc",6,66.7830166666667,0.906618032493212,0.0776544267869222,0.0449428527716835,0.00127859000185204,0.00682206669975973,0.00280444881176312,0.212090893984582,0.103548951042502,0.0218467467832327,0.100684149531518,0.0110896811050572,0.233936328622682,0.289745320771504
2026,22581,"Alejandro Kirk","TOR",4,"batx,steamer,oopsy,atc",9,479.146,0.883679572878121,0.0983212433252408,0.0420812018799324,0.00035592065053969,0.00842720903451998,0.000304006052878051,0.240698305269905,0.120666452483753,0.0337864137265703,0.125591785053879,0.00157318759011114,0.272381882140783,0.339019548595146
2026,22650,"Jordan Diaz","ATH",1,"steamer",2,15.2734,0.922027839249938,0.0581992221771184,0.0446789843780691,0.00221299776081292,0.0090025796482774,0.00154517003417707,0.228482197807954,0.11053858341954,0.0300718896905732,0.113602734165281,0.00483847735278327,0.24780401207172,0.286681419985072
2026,22664,"Gabriel Moreno","ARI",4,"batx,steamer,oopsy,atc",9,431.363888888889,0.889561615193927,0.0927932688166727,0.0476125371884784,0.0031235184773346,0.00861271830436732,0.0038479195800181,0.245699495208152,0.120674944009795,0.0245305507540001,0.118733353781947,0.00925543052789745,0.276202897035512,0.338492764024825
2026,22707,"Gustavo Campero","LAA",4,"batx,steamer,oopsy,atc",9,20.5479222222222,0.886208410071323,0.0457278719668366,0.0255473066060261,0.00387430383034166,0.0136469696649629,0.00571825774805984,0.189955595696987,0.124037660661635,0.0144380058352957,0.111467309215646,0.0231943151261149,0.214346415062456,0.235683467663824
2026,22715,"Maikel Garcia","KCR",4,"batx,steamer,oopsy,atc",9,644.016,0.900228642791355,0.0840800847613177,0.0497084366262764,0.00548847187423209,0.0025198050323967,0.0110918363150663,0.243841770686666,0.128549710491744,0.0202185615701935,0.103159787094564,0.0409297638219933,0.270866487796458,0.327921855447984
2026,22766,"Steward Berroa","MIL",3,"batx,steamer,oopsy",8,17.740275,0.876509266380797,0.110150967098159,0.0228621632690943,0.00268765137408002,0.004219395707501,0.0082308999301652,0.165038400523227,0.118491742510874,0.00871422115313938,0.0981382143055494,0.0876164436673324,0.188290537080901,0.275189367621386
2026,22799,"Geraldo Perdomo","ARI",4,"batx,steamer,oopsy,atc",9,641.713777777778,0.855482811737529,0.115486000505042,0.0428306026308715,0.00572379745101218,0.0111967797355166,0.00875966642299013,0.22237235842384,0.130563333275257,0.019076477465155,0.0940715561381608,0.0303955547737837,0.259937844890408,0.337858358928882
2026,22823,"Oswald Peraza","LAA",4,"batx,steamer,oopsy,atc",9,250.658666666667,0.904579720612093,0.0725354993291025,0.0356995123966698,0.00252726609484663,0.0138338269510386,0.00927874472825476,0.201663187797857,0.108763042327821,0.0281550042552541,0.0992532354736298,0.0355602392389806,0.222935782444248,0.274198687126959
2026,22842,"Alexander Canario",,2,"steamer,oopsy",5,3.718668,0.961626181433868,0.031197934502807,0.0146729308794652,0.00134416359804891,0.00320136673733786,0.00148268427418372,0.0773920147960604,0.0430440175100395,0.014888407486786,0.046086341989593,0.00477639812894479,0.0804803532706047,0.108589949298867
2026,22857,"Wenceel Pérez","DET",4,"batx,steamer,oopsy,atc",9,394.866666666667,0.90161979596979,0.08038205970977,0.0413066957717323,0.00952132993044768,0.0067688027536938,0.00743761025616127,0.2145065136863,0.12253734667324,0.0255215595411426,0.102996073149096,0.0249059928633946,0.237912382409012,0.29488857339607
2026,22871,"Tucupita Marcano","SDP",1,"steamer",2,9.04319,0.909126093778855,0.0691017218481531,0.0440110182358217,0.00392560589791877,0.0110027545589554,0.00653530446667603,0.217080477132516,0.102375378599808,0.018002496906512,0.0959174804466123,0.0191967657430619,0.238779283333739,0.286182198980669
2026,22896,"Lenyn Sosa","CHW",4,"batx,steamer,oopsy,atc",9,396.308444444444,0.938673267965625,0.0426513016296023,0.0420849967413876,0.00120873221149919,0.00693988251436014,0.00304742171113432,0.234038430664121,0.101755849721429,0.032613013006246,0.116494946743838,0.00534731573795147,0.249328961046637,0.276689732293723
2026,22906,"Israel Pineda",,1,"steamer",2,1,0.9232,0.058,0.0335,0.0029,0.008,0.003,0.1798,0.0888,0.0208,0.0889,0.0099,0.194757365684575,0.2378
2026,23003,"Yainer Diaz","HOU",4,"batx,steamer,oopsy,atc",9,507.250222222222,0.939255690733847,0.0448368579341859,0.0469114909282134,0.00200047685481247,0.00633336992074836,0.00136664964209298,0.255379629580732,0.115111667298683,0.0366549695946493,0.131911258986775,0.00339279006175322,0.271895749049124,0.300216487514918
2026,23250,"David Bañuelos","MIN",2,"steamer,oopsy",5,1.607836,0.959899824971523,0.0314336856393302,0.0139229001543902,0.00103191392250326,0.00439754086974468,0.00101603832369552,0.0677411801126374,0.037672795970773,0.00979524446437714,0.0363233700721149,0.00334975134843367,0.0705710933061656,0.0991748657519676
2026,23264,"Canaan Smith-Njigba",,1,"steamer",2,4.01289,0.877223148404267,0.105011600118618,0.0418401700520074,0.00378779383436875,0.00700243465432643,0.00510853773714206,0.190012684125406,0.102519630490744,0.0185153343351051,0.0901594611364877,0.0183658161574327,0.216607010965286,0.295024284244024
2026,23296,"Jacob Amaya","ARI",2,"steamer,oopsy",5,5.29744,0.956738989747607,0.0358799686637828,0.0141557954971218,0.00124323035525733,0.00279982288225076,0.00179842637692019,0.0755100650567117,0.0398446813583569,0.00719029939711843,0.0357982220102864,0.00668278892332845,0.0789244149824308,0.111390033720495
2026,23312,"Ryan Noda","BAL",2,"steamer,oopsy",5,8.00024,0.930311449358399,0.0586791779726063,0.0115801649676227,0.000596737403111251,0.00679977946661189,0.00103996627136417,0.0607677588834957,0.0443834254024194,0.0122136579354183,0.0379966055154968,0.00360420743111034,0.0653198011541241,0.119446936856102
2026,23359,"Nelson Velázquez","STL",4,"batx,steamer,oopsy,atc",9,135.255111111111,0.902210923570737,0.080594328182689,0.0390939880642069,0.00169999950808336,0.00767356218523357,0.00468414246850564,0.204400881744078,0.108968768995404,0.0380681041059686,0.119524411133205,0.0137517683377042,0.226555538626275,0.284995209926767
2026,23372,"Hunter Feduccia","TBR",4,"batx,steamer,oopsy,atc",9,249.412888888889,0.880114407001953,0.105456816790009,0.0388468203686362,0.00340045852032398,0.00464872347548168,0.000664092128065899,0.188720039621017,0.100552106548765,0.0177647479280119,0.0925173591141042,0.00378525988906382,0.214426713299557,0.294176856411026
2026,23378,"José Barrero","BAL",3,"batx,steamer,oopsy",8,5.24526,0.948646367390027,0.035965343575335,0.0210486858233399,0.00185421176906214,0.00956533726670486,0.00461488683372068,0.110622866593471,0.062544142492765,0.0160070794011564,0.0578583683203743,0.0143757679390689,0.11661127939363,0.146588210168806
2026,23395,"Eric Wagaman","MIN",4,"batx,steamer,oopsy,atc",9,115.536555555556,0.921507666998856,0.0661790915814149,0.0517755375721698,0.00450432320092534,0.00337316464310935,0.00208717728145059,0.227633106052172,0.110970294846422,0.0268481274305165,0.113654021632306,0.00917044425992394,0.247022476539475,0.293812197633586
2026,23401,"José Caballero","NYY",4,"batx,steamer,oopsy,atc",9,324.451,0.871414768566261,0.0974774779637288,0.0381935190127298,0.00298330952916228,0.0184914980617938,0.0245775446490388,0.192041728925814,0.121860327748999,0.0198606390119865,0.0840482070022133,0.0992963497887719,0.220379245169072,0.289519206889543
2026,23442,"Luis Vázquez","BAL",3,"batx,steamer,oopsy",8,22.937425,0.920362251232698,0.0641102617293237,0.0499594127194921,0.00174053450827695,0.00765170884229617,0.00297412569247785,0.20870575071757,0.117139759608007,0.012780141356708,0.0835765046691946,0.00903065561504049,0.226764787927837,0.272816012446894
2026,23552,"Chandler Seagle",,2,"steamer,oopsy",5,1,0.97288,0.0184,0.01456,0.00088,0.0044,0.00116,0.0656,0.03068,0.00516,0.0298,0.00364,0.0674286654058055,0.084
2026,23557,"Chris Roller",,1,"steamer",2,6.4107,0.886299468076809,0.0900057716006052,0.0326485407209821,0.0032757733164865,0.0129939008220631,0.0045704837225264,0.159842138923986,0.0909105089927777,0.018983886315067,0.082175113482147,0.0153961345874865,0.180347777112887,0.249847910524592
2026,23565,"Davis Schneider","TOR",4,"batx,steamer,oopsy,atc",9,320.973777777778,0.860817201668531,0.120689843565072,0.0380062883949573,0.00265292911996156,0.0104962250522631,0.00331289100131608,0.186637498012463,0.121044081650195,0.0385041044093286,0.117896773992215,0.0116971665910229,0.216814322077558,0.307327341577535
2026,23667,"Wander Franco","TBR",1,"steamer",2,23.2248,0.897329578726189,0.0828984533774241,0.0518669697909132,0.00658778547070373,0.00899900106782405,0.0117159243567221,0.242650098170921,0.12439719610072,0.0318151286555751,0.122304605421791,0.0377139953842444,0.270413573700954,0.325548551548345
2026,23690,"Brayan Rocchio","CLE",4,"batx,steamer,oopsy,atc",9,463.331444444444,0.896306766998224,0.0766926824646742,0.0459175868570415,0.00372700087615832,0.0144159276427508,0.00968366122545783,0.211139254116513,0.107486742027138,0.0177781543035528,0.0927861758669753,0.0256767088871291,0.235565837379125,0.287831936581187
2026,23691,"José Tena","WSN",4,"batx,steamer,oopsy,atc",9,212.668444444444,0.91512760841802,0.0677754624529487,0.0453991668618213,0.00420032568565647,0.00570990040110443,0.0107202288564003,0.22396058896846,0.103112102871781,0.0190878922623609,0.0945120268933084,0.0295534719765015,0.244731540069718,0.291736051421409
2026,23695,"Everson Pereira","CHW",4,"batx,steamer,oopsy,atc",9,208.884777777778,0.901917341739155,0.0792003599251185,0.0367031279355359,0.00343998154119771,0.0105043892983003,0.00470630023463221,0.201531493475058,0.112400520610208,0.0352452231443512,0.111642695117894,0.0173887704691688,0.223447852866924,0.280731853400177
2026,23697,"Julio Rodríguez","SEA",4,"batx,steamer,oopsy,atc",9,659.035555555556,0.906542265491545,0.0727482580938021,0.0429248672597791,0.00591682576819942,0.0139044297981556,0.0101111646912029,0.250528440210199,0.14099202990613,0.0440203994757502,0.13989883207522,0.0398695334566488,0.276356050618729,0.323276698304001
2026,23698,"Ronny Mauricio","NYM",4,"batx,steamer,oopsy,atc",9,135.502777777778,0.922993163255755,0.0614677559507936,0.0415125026550295,0.0010254600179702,0.00734020430105586,0.00874068973923928,0.220154241877348,0.114242622259009,0.0313789933905392,0.11160044317481,0.0256176419053338,0.238522072147077,0.281621997828142
2026,23733,"Ezequiel Duran","TEX",4,"batx,steamer,oopsy,atc",9,250.801111111111,0.927450249590043,0.0522885753697004,0.0472534374418744,0.00402542968211183,0.00978236336264188,0.00971296946333553,0.222407045628468,0.108319709640165,0.021936297755577,0.0997779018047744,0.0301784030760964,0.239804825894195,0.274695620998168
2026,23772,"Wilyer Abreu","BOS",4,"batx,steamer,oopsy,atc",9,492.453777777778,0.882116593664453,0.103983698445313,0.0481726378365102,0.00237659035985699,0.00526544552080837,0.00554214984440969,0.2168170232855,0.124869681154015,0.0416753522000271,0.134902864118147,0.017505251977493,0.245791797640726,0.320800721730813
2026,23782,"Leo Jiménez","TOR",4,"batx,steamer,oopsy,atc",9,107.606666666667,0.873837610949309,0.081325400017121,0.0398359411524822,0.00150956772867902,0.0330213575531387,0.00156862131163639,0.204414689253309,0.108167809067234,0.0234929346893386,0.0963262911066172,0.00521029054144549,0.233927547512219,0.28574008927043
2026,23788,"Jordyn Adams","MIL",2,"steamer,oopsy",5,10.83656,0.965435263408801,0.027360754003298,0.0126948896895051,0.00238048719491704,0.00279937791601866,0.0036746719601116,0.0732058425877443,0.0370390052908399,0.00803394890471018,0.0356807364974171,0.0124416796267496,0.0758267750954796,0.100566596591042
2026,23789,"Blaze Alexander","BAL",4,"batx,steamer,oopsy,atc",9,273.967666666667,0.885978346146703,0.0818290510205369,0.0370401495428923,0.0044573041617306,0.0205787204708355,0.00706820554666008,0.197034457768809,0.114059046794123,0.0252982242572724,0.0966001914468338,0.020257876130841,0.22239195644651,0.278863508789345
2026,23790,"Will Banfield","CIN",4,"batx,steamer,oopsy,atc",9,16.2253888888889,0.95765713034276,0.031232512805327,0.0250239025551813,0.000924994461103754,0.0048045172134384,0.000433189513454124,0.181018133350365,0.11386026581194,0.0135373660429569,0.11997696049093,0.00163629494854845,0.189021861389552,0.212250646155692
2026,23792,"Alek Thomas","ARI",4,"batx,steamer,oopsy,atc",9,375.881444444444,0.919342346931181,0.0591867614825829,0.0466238147843111,0.00668019216987938,0.00911357428421752,0.00625652775385102,0.223965514052413,0.114945483440777,0.0229019415184337,0.105442270530452,0.0187058868499315,0.243614921905886,0.283152275534996
2026,23794,"Jordan Groshans","ATL",2,"steamer,oopsy",5,2.16636,0.957894736842105,0.0349957864092546,0.0145253964605838,0.00124620138410072,0.00279884573150489,0.000643530222937256,0.0841390229576853,0.0394289946117112,0.00524017467248908,0.0349447125820373,0.00207359738502005,0.087837441549232,0.11913480936694
2026,23800,"Parker Meadows","DET",4,"batx,steamer,oopsy,atc",9,401.930333333333,0.89297380374225,0.0906301900855267,0.0360946550887522,0.0117621218605463,0.00572245547823812,0.00675986701804535,0.202713196643306,0.124349663861845,0.0248215382106879,0.0966109866541684,0.0279795720994189,0.227009119185558,0.293343386728833
2026,23802,"Anthony Seigler","BOS",3,"batx,steamer,oopsy",8,13.50365,0.864151069154393,0.124378926388043,0.0282135284792126,0.00217943728326111,0.00481373492925784,0.00515587286350614,0.174871261754273,0.121855249711464,0.0110650627365619,0.110881266893935,0.0180462054325739,0.202361911008675,0.299250188142316
2026,23818,"Ji Hwan Bae","NYM",4,"batx,steamer,oopsy,atc",9,15.0301777777778,0.931777916870655,0.0563642074962593,0.0273555597917819,0.00277119114418526,0.00487017785573392,0.00780693303939866,0.139483402474504,0.0740351414584305,0.00730732497779875,0.0509081296297288,0.0337198309042402,0.149695973631736,0.195847609970763
2026,23917,"Jorbit Vivas","NYY",4,"batx,steamer,oopsy,atc",9,18.3785555555556,0.87346418285858,0.108372027721959,0.0248110883893352,0.00176114301389915,0.0120747783761817,0.00394908938725983,0.179567123420293,0.118193202217463,0.00863445660253079,0.104454034838415,0.0121484534147079,0.205580408383347,0.287939151142252
2026,23968,"Jorge Barrosa","ARI",4,"batx,steamer,oopsy,atc",9,113.3616,0.900410973796822,0.0791557455095803,0.0478724989770556,0.00272484068411415,0.00823499578018773,0.00706585873976702,0.203378946418933,0.103347968788307,0.0156145440770611,0.0878876978850898,0.0192478950728152,0.225873464826102,0.282534691928513
2026,23985,"Osleivis Basabe","SFG",2,"steamer,oopsy",5,1,0.96956,0.02212,0.01816,0.0018,0.004,0.00152,0.08716,0.03788,0.00568,0.03636,0.0048,0.0898964478732621,0.10928
2026,23986,"Curtis Mead","CHW",4,"batx,steamer,oopsy,atc",9,69.0068111111111,0.908622465862101,0.0663690069216235,0.0464441040633595,0.00174485803025098,0.0196975425698371,0.0030696729062769,0.2264964615044,0.110337198077525,0.0240810173673952,0.107812307772403,0.0176107542609015,0.249274555730361,0.292865468426024
2026,24064,"Ezequiel Tovar","COL",4,"batx,steamer,oopsy,atc",9,631.533666666667,0.929466336984105,0.0505675268680239,0.0531178028312644,0.00519280608024942,0.0068557208089565,0.00559672791741468,0.243389074684607,0.121087524825449,0.0325777601594748,0.122821565290403,0.0147169372917169,0.261858945289343,0.293956601552631
2026,24257,"Jhonkensy Noel","BAL",4,"batx,steamer,oopsy,atc",9,29.8142,0.92535926012551,0.0615206274186001,0.0497614658113107,0.00128335656540896,0.0081705157601764,0.000737100542239756,0.206996882726649,0.122510083160004,0.0534134278589778,0.132433863784526,0.0019936971562675,0.223693533578054,0.268517510145249
2026,24262,"Ceddanne Rafaela","BOS",4,"batx,steamer,oopsy,atc",9,563.228333333333,0.931438499662576,0.0458907475872926,0.0491440972542537,0.00659181176168889,0.0119899573979741,0.0108154160408541,0.23710766194921,0.121431186117782,0.0296923233342333,0.116052988205294,0.0366714455747758,0.25456072734282,0.282998409536503
2026,24273,"Liover Peguero","PHI",4,"batx,steamer,oopsy,atc",9,20.7774888888889,0.948562214667348,0.0394360543125874,0.0278146921388074,0.00200645170967981,0.00442079326484416,0.00386642699427222,0.137185504381251,0.0695368440299964,0.0142597479199324,0.0637692476023875,0.0154641568298038,0.144624677496099,0.176621558693838
2026,24336,"Johan Rojas","PHI",4,"batx,steamer,oopsy,atc",9,99.1717111111111,0.919365609887083,0.0535006108933767,0.0397371227662879,0.0085897800223048,0.00940517113776125,0.0107626507535683,0.223130096085112,0.115820198420891,0.0126819389952476,0.0821629422180329,0.0531437438548191,0.242700068052923,0.276630706978489
2026,24388,"José Rodríguez","PHI",2,"steamer,oopsy",5,1.419552,0.972847604544922,0.0196399984381711,0.0171020264729999,0.00142516887274999,0.00320174924836984,0.00320174924836984,0.0907227363242357,0.0416422630900785,0.00884385615555816,0.0414665573386436,0.0100933192768732,0.093254828300342,0.110362734762407
2026,24400,"Terrin Vavra",,2,"steamer,oopsy",5,1.239404,0.957633045773877,0.0344070415574504,0.01576468085905,0.00162651469180675,0.00360335562492571,0.00155144478295413,0.0811005248637794,0.0377101175469656,0.00395368186623793,0.032305084109577,0.00505470719607635,0.0846885194926005,0.11550756642123
2026,24451,"J.P. Martínez",,1,"steamer",2,7.21223,0.885703866903856,0.0933969105255933,0.0385595024007831,0.00339700758295285,0.00999690802983266,0.00995531201861283,0.184131676333117,0.104308930802262,0.0186627437006307,0.0890015986733646,0.0400985548159169,0.207893047793485,0.277528586858711
2026,24488,"Max Schuemann","NYY",4,"batx,steamer,oopsy,atc",9,46.1561222222222,0.871439036235322,0.0855546815990762,0.0225398046305004,0.00227483092493989,0.010170030845117,0.00454060711248631,0.200888539500862,0.120572635275935,0.0106516970078826,0.0773714241645116,0.0166037764242595,0.230525063885954,0.286443221099938
2026,24491,"Travis Swaggerty",,2,"steamer,oopsy",5,1,0.95368,0.0376,0.01512,0.00136,0.0044,0.00184,0.07396,0.03984,0.00808,0.03616,0.00616,0.0775522187735928,0.11156
2026,24496,"DaShawn Keirsey Jr.","ATL",4,"batx,steamer,oopsy,atc",9,15.0433888888889,0.947443378438598,0.0394722386027862,0.0249930923276373,0.00265402253023704,0.00685646257976669,0.00703908861253068,0.132552885558577,0.0701388079970424,0.0113380755534656,0.0567637483402587,0.0295275194979876,0.139905865168456,0.172025124161363
2026,24589,"Richie Palacios","TBR",4,"batx,steamer,oopsy,atc",9,175.873444444444,0.876615664292165,0.101593334837032,0.0410502981283408,0.00220524940036231,0.0108503570207348,0.0068447060022076,0.198267223109959,0.10775308526172,0.0164703752586858,0.0877822520360127,0.0309494374749223,0.226173488777493,0.299860557946991
2026,24597,"Jonathan Ornelas","NYY",2,"steamer,oopsy",5,7.36344,0.961288338478644,0.0302402327809517,0.0112983925339768,0.00163703677418592,0.00400033119241096,0.00168908129590859,0.0722306991708361,0.0365068663283773,0.0052990785753995,0.0309026176028766,0.00575565097051205,0.0751394730171699,0.102470931951788
2026,24598,"Addison Barger","TOR",4,"batx,steamer,oopsy,atc",9,479.139777777778,0.902565265416947,0.0811758036681677,0.0518137068105009,0.00218080652221236,0.00819028984761569,0.00296222892935468,0.220128372401917,0.120435853524245,0.0369114929338794,0.130328970273752,0.00883115074825805,0.243891916558773,0.301304176070085
2026,24605,"Michael Helman","TEX",4,"batx,steamer,oopsy,atc",9,90.7092111111111,0.917562421183394,0.059676662747856,0.0442643359603371,0.00193299436875976,0.0108340426329948,0.00782585448507658,0.196917118934748,0.102003492691737,0.0245515223981196,0.0994277716466952,0.028373248385224,0.214608962168242,0.256593781682604
2026,24610,"Steven Kwan","CLE",4,"batx,steamer,oopsy,atc",9,640.356222222222,0.890302414867198,0.0914975562320985,0.0411265414830238,0.00458016979249984,0.007301138649747,0.00740331918334185,0.240962566812886,0.120694899333986,0.0118002366319053,0.0831489572465706,0.0274802685851554,0.270652491545616,0.332460123044984
2026,24617,"Jarren Duran","BOS",4,"batx,steamer,oopsy,atc",9,598.965444444445,0.896906540033725,0.0821219202204585,0.0567030663096203,0.0106353962774049,0.0117500455719485,0.00840374289934564,0.235173553644818,0.140044344301595,0.0286364878122852,0.117387664577728,0.0388637459869024,0.26220519435166,0.317295473865276
2026,24618,"Ryan Jeffers","MIN",4,"batx,steamer,oopsy,atc",9,497.165444444444,0.878022465978473,0.0931271576214864,0.0449551525908529,0.00141862220495036,0.0180228838070372,0.00185726468668376,0.213308900772124,0.116581363918995,0.0316287471612796,0.115358150942206,0.00512222696630732,0.242942417805234,0.30643605839361
2026,24622,"Ryan Fitzgerald","LAD",3,"batx,steamer,oopsy",8,5.2743525,0.940076390890679,0.0462917562472015,0.0266257078487674,0.00278037620543531,0.00700362675010853,0.00241272651741522,0.119418061937247,0.0679816977771564,0.0151014495178347,0.0640749557345805,0.00754678434680113,0.127030168074005,0.165709818184449
2026,24641,"Willie MacIver","TEX",4,"batx,steamer,oopsy,atc",9,26.153,0.887759645650504,0.0723917927422661,0.027618715597635,0.00176969869520324,0.00834614087751735,0.00335862679675379,0.208296639837451,0.091290765379354,0.012533933996939,0.0866334249705972,0.0109359901227868,0.234631795732078,0.280688432579717
2026,24655,"Owen Miller","CHC",2,"steamer,oopsy",5,5.13188,0.967734361898373,0.0236016840693046,0.0177021456878823,0.00103091873571233,0.00439905734485467,0.00206889855865557,0.0867878231550703,0.039030159668835,0.00625965383019851,0.0372154602504921,0.00708933157983,0.0896814524440585,0.110389507224375
2026,24671,"Cody Wilson",,1,"steamer",2,1,0.9142,0.062,0.0319,0.0023,0.013,0.0052,0.1585,0.0806,0.014,0.074,0.0185,0.173375628965215,0.2205
2026,24679,"Brendan Donovan","SEA",4,"batx,steamer,oopsy,atc",9,558.862666666667,0.884872144409038,0.0877590504285772,0.0463312707971295,0.00175585895152002,0.0168616657929052,0.00411275589595996,0.234381172816359,0.119210912281991,0.0232101012184909,0.107107805597591,0.00936012856628139,0.264875749900446,0.322140223244937
2026,24703,"Jonah Bride","TEX",4,"batx,steamer,oopsy,atc",9,36.6066666666667,0.86666486274103,0.119848973579052,0.0482791889572025,0.00141960993956763,0.0076747183899465,0.000878029596227419,0.197558330295409,0.113937910870101,0.0123836615085318,0.0832531773732102,0.0023727291362646,0.227952394043742,0.317407303874461
2026,24729,"Logan O'Hoppe","LAA",4,"batx,steamer,oopsy,atc",9,436.765444444444,0.908356435713558,0.0709209939206458,0.0344205014715456,0.00221157617362484,0.010881587040457,0.00298409752415059,0.211230623877591,0.109576634283686,0.0421786434229298,0.122792628838354,0.00628224942952088,0.232541561409932,0.282151617798237
2026,24759,"Mickey Gasper","BOS",4,"batx,steamer,oopsy,atc",9,24.3671111111111,0.921556026157007,0.117659157481286,0.027426526787231,0.00122198267882772,0.0100169707171637,0.0016183467950306,0.192792965093761,0.126679696307613,0.0141193213605961,0.123833818661143,0.00523178594704104,0.209203737615096,0.310452122575047
2026,24765,"Bryan Lavastida","ATH",2,"steamer,oopsy",5,2.06464,0.956772995411842,0.0337229626392834,0.0150863010705702,0.00147476512999782,0.00519991260651082,0.00370329910421674,0.0772449202534411,0.0418614813196417,0.00836792658946909,0.0373607166266113,0.0120493773213896,0.0807348458034093,0.110967882892724
2026,24770,"James Outman","MIN",4,"batx,steamer,oopsy,atc",9,204.538555555556,0.883424086219376,0.0936021657651868,0.0362680023669854,0.00467094050800473,0.0143152107965093,0.00505810366949871,0.186641371361228,0.118977686760952,0.033443508308974,0.109095272870456,0.0212753103794464,0.21127041278664,0.280243537126415
2026,24782,"David Villar",,2,"steamer,oopsy",5,7.59736,0.952436919066619,0.038800919203814,0.0154503984359816,0.000610515966021471,0.00439937347799742,0.000633381732539129,0.074604136417163,0.0418512124572696,0.0121097099477517,0.0416705729017801,0.00198017538042919,0.0783297401892763,0.113405055620977
2026,24816,"Andy Pages","LAD",4,"batx,steamer,oopsy,atc",9,563.646333333333,0.910591803711674,0.064454408330532,0.0488376890682085,0.00246296814828777,0.0148822963313996,0.00783641120853595,0.232431406844641,0.126981334453959,0.0405154926672031,0.135488714263535,0.0157243948705493,0.255253128676564,0.296885815175173
2026,24878,"Heriberto Hernández","MIA",4,"batx,steamer,oopsy,atc",9,317.341333333333,0.883211266253073,0.0970872924844537,0.0410199318758662,0.003651090478207,0.0108381690408894,0.00388840251295077,0.198626643210991,0.111533227007922,0.0327058306313807,0.114175055148805,0.00905050217119725,0.224891428359653,0.295713935695445
2026,24934,"David Fry","CLE",4,"batx,steamer,oopsy,atc",9,193.490666666667,0.895096550760928,0.0815195075398431,0.0410153438819007,0.00129851487631941,0.0160770368049565,0.00184808304340041,0.199077642563488,0.108438718638153,0.0309986906883693,0.113145542841888,0.00909146250758743,0.222409127143045,0.280597150103331
2026,25005,"Justin Dean","CHC",4,"batx,steamer,oopsy,atc",9,19.6395666666667,0.887505385253711,0.10049460016915,0.0192894178031472,0.00249697133713966,0.00659630145767855,0.0059173281511704,0.170360622748104,0.116036026412389,0.00730022379258842,0.097727826143366,0.0337696328186402,0.191954466506593,0.270855222917254
2026,25040,"Vinny Capra","BOS",3,"batx,steamer,oopsy",8,7.03535,0.941351196448502,0.0452120190339044,0.0258705889903418,0.00193175648950781,0.00604977756593934,0.00248540565938549,0.129429337628556,0.0605333580621438,0.00885534731124589,0.0552827184694091,0.00870179096913148,0.137493146146585,0.174641356662461
2026,25055,"Nate Eaton","BOS",4,"batx,steamer,oopsy,atc",9,71.8139,0.918971878291866,0.0607002734171974,0.0449981909746701,0.00230689939670456,0.0125256838946947,0.0110304018546796,0.212964606047538,0.108030304849267,0.0174431293089729,0.0970587058511243,0.0397084364326123,0.231742244869762,0.273664879464736
2026,25111,"David Hensley",,2,"steamer,oopsy",5,5.86656,0.946229797059181,0.046718920889537,0.0150929639081298,0.00117268197836918,0.00280106938874711,0.00202029408190546,0.067483898408069,0.0367693522906793,0.00591201847126018,0.0318355814801312,0.00665026127111435,0.0713187204818581,0.114202819297606
2026,25138,"Levi Jordan","WSN",2,"steamer,oopsy",5,3.484892,0.962484280174093,0.0267989234952296,0.016632858353103,0.00127006487591217,0.00640023959302463,0.00204097761718636,0.0815559126650148,0.0387231133782478,0.00706022963771261,0.0358391232670062,0.00702695282873674,0.0847347996688975,0.108354836160244
2026,25180,"Daniel Schneemann","CLE",4,"batx,steamer,oopsy,atc",9,198.690666666667,0.888914196298102,0.094183362899293,0.0396582017710244,0.0023223114326041,0.005601965663447,0.00542695630070405,0.193784249550548,0.106359920740988,0.0249767218148605,0.0971775610616271,0.0191965878737006,0.218001074071678,0.287967612449841
2026,25183,"Drew Avans","COL",2,"steamer,oopsy",5,7.75572,0.958301330963202,0.0349191975091256,0.0165238438619734,0.00180219460795,0.00239919952150168,0.00413431492568183,0.0860536745428832,0.0412179347431146,0.00560558546170057,0.0352121100322539,0.0154595204954917,0.0897981373524646,0.120972872052009
2026,25332,"Endy Rodríguez","PIT",4,"batx,steamer,oopsy,atc",9,99.3761222222222,0.901426258123961,0.0775218855873421,0.0491940644440216,0.0030527772061168,0.00849498323945909,0.00174860258657547,0.21686134086653,0.107351874668861,0.0232615026685793,0.10380639834924,0.00816716820228851,0.240575797423363,0.294383226453872
2026,25346,"Ronny Simon","PIT",3,"batx,steamer,oopsy",8,9.829475,0.940949460531987,0.0468784541945147,0.0275186769802843,0.00289760452472269,0.00421608976741086,0.0056077834472162,0.135839259910868,0.068219106220987,0.00965059864176018,0.0548007224720728,0.0204995423794564,0.144364033998243,0.182717714105383
2026,25353,"Michael Stefanic","ATH",2,"steamer,oopsy",5,9.87292,0.946904319243561,0.0413591403786509,0.0160173925796836,0.000636692649133175,0.00720032093450607,0.00167541615801711,0.0919908723465748,0.0444477036359636,0.00415316858120204,0.0343089339711763,0.00486750667535145,0.0971490682607321,0.133350012725226
2026,25425,"Austin Shenton",,2,"steamer,oopsy",5,6.47072,0.95104382426687,0.041199716559468,0.0174806497329118,0.000670445873759948,0.0036002398342963,0.000370653003379483,0.0750299792870381,0.0433146189905156,0.0124332279515971,0.0426114684399869,0.00121007304044478,0.0788922417375207,0.116229695846506
2026,25434,"Will Wilson","SEA",2,"steamer,oopsy",5,2.183376,0.964739644910621,0.0274350501712796,0.013924677398167,0.000970079122078394,0.00359737674437405,0.00138438374713271,0.0723012095674054,0.0358120875900607,0.0083366174553612,0.0363375471145199,0.00422388617738301,0.0749437529066235,0.0997362597386849
2026,25448,"Greg Jones","MIL",2,"steamer,oopsy",5,3.22988,0.964281259981444,0.0265624287039713,0.0130865286629048,0.00139321946248498,0.00480021902140022,0.00407623161513073,0.0703423730360321,0.0392656699164981,0.0102027468933944,0.0372336380367165,0.0173878656060353,0.0729479830784907,0.0969048017400033
2026,25459,"Peyton Burdick",,1,"steamer",2,1,0.8832,0.092,0.0312,0.0024,0.014,0.0034,0.1555,0.0977,0.0297,0.0949,0.0118,0.176064311594203,0.2475
2026,25467,"Will Robertson","BAL",2,"steamer,oopsy",5,2.006,0.960432432432432,0.0311237553342817,0.0161365576102418,0.00094452347083926,0.00399431009957326,0.000842105263157895,0.0743783783783784,0.0417752489331437,0.0126657183499289,0.042697012802276,0.00250355618776671,0.0774425934263845,0.10550213371266
2026,25475,"Logan Driscoll","TBR",1,"steamer",2,12.2577,0.909134666372974,0.0676962235982281,0.0433033929693172,0.00317351542295863,0.0120006200184374,0.00239849237622066,0.198454848788924,0.0948872953327296,0.0197263760738148,0.0926682819778588,0.00799497458740221,0.218289826721345,0.266151072387153
2026,25476,"Cam Eden",,2,"steamer,oopsy",5,1.817712,0.960098282680962,0.0299972407268714,0.0135598565177973,0.00186579421078219,0.00559738263234656,0.00421774606803579,0.0733572470337814,0.0384721510504947,0.00628063121657666,0.0334134836480219,0.0170680752099018,0.0764059767182791,0.103354487760653
2026,25477,"Isaac Collins","KCR",4,"batx,steamer,oopsy,atc",9,410.103,0.862525200073672,0.113753452127961,0.0441584727130409,0.00756620751211254,0.0124482958476348,0.0103861094445418,0.209810514784714,0.125228968210216,0.0191881009578363,0.0970663887447566,0.0337084875481244,0.243251460672446,0.323563966912675
2026,25479,"Brenton Doyle","COL",4,"batx,steamer,oopsy,atc",9,556.405111111111,0.918176651104587,0.0641954248463609,0.0432983633393066,0.00547436438707726,0.00551642399868914,0.0089632508385948,0.228955505039196,0.12037069786195,0.0338578230378897,0.116422289603128,0.0366513504997796,0.249358884005335,0.293150929885557
2026,25482,"TJ Hopkins",,1,"steamer",2,1,0.8892,0.09,0.0384,0.0031,0.01,0.0037,0.1989,0.1051,0.0252,0.1001,0.012,0.223684210526316,0.2889
2026,25483,"Nick Sogard","BOS",4,"batx,steamer,oopsy,atc",9,58.3622555555556,0.879186628731504,0.0937545216720466,0.0461224449952773,0.00131889111408861,0.00472780665592127,0.00391373596005535,0.20301506542766,0.0988405710984269,0.00725835530849278,0.0884192056240395,0.0131578837168385,0.230912366945993,0.296769587099706
2026,25493,"Joey Ortiz","MIL",4,"batx,steamer,oopsy,atc",9,545.133222222222,0.907988856579162,0.0710505446907444,0.0446312089680749,0.00581841918584319,0.00811118185744527,0.00730755690157956,0.222424907322671,0.112304483057049,0.0203272175087532,0.100024721304801,0.0246236100469018,0.244964357999562,0.293475452013415
2026,25505,"Cade Marlowe","ATH",2,"steamer,oopsy",5,3.781312,0.957532992677235,0.0349189265309407,0.0145801480646978,0.00161945763257423,0.0031986802929106,0.00405367345296532,0.0755864247203669,0.0432626538987688,0.0096563933370886,0.0377554920737105,0.0147109117244709,0.078938715739736,0.110505351251308
2026,25524,"Aaron Schunk","ATL",3,"batx,steamer,oopsy",8,11.89435,0.957898423494937,0.0312523862346472,0.0264441813100904,0.00349283192443581,0.00425400855670434,0.00244653258840081,0.131003953526301,0.0599774054919712,0.00982006674257227,0.0574472396170811,0.00714719067800297,0.136761842710135,0.162256339760948
2026,25543,"Korey Lee","CHW",4,"batx,steamer,oopsy,atc",9,124.930888888889,0.929271099121802,0.0560394764908705,0.0379757506008039,0.00130858745920313,0.00650717917277708,0.00275359518373142,0.204512256496578,0.0972319465394704,0.027275583983211,0.100231496244517,0.0134666167095339,0.220078141556162,0.260551732987449
2026,25575,"Kyle McCann","COL",3,"batx,steamer,atc",6,26.7073666666667,0.9014880839215,0.0812115670838907,0.0355951786975503,0.00177089066411526,0.00961035479715832,0.00122769409485673,0.188707551049782,0.0991459722042363,0.0300603071207171,0.110344736097147,0.00382190436672363,0.209328946677696,0.269919118133673
2026,25616,"Marco Luciano","NYY",3,"batx,steamer,oopsy",8,11.555575,0.931004806598794,0.0602096828011392,0.0206898318290187,0.000941864682891246,0.00341685652662743,0.00218599986941817,0.105204856059069,0.0603818160983981,0.0148987144792779,0.0561400170722295,0.0068410287948859,0.1130014102112,0.165414538860208
2026,25621,"Bryan Ramos","BAL",4,"batx,steamer,oopsy,atc",9,32.3592222222222,0.919282620281236,0.0673705662026412,0.050870296017429,0.00162367596786598,0.00785392577190213,0.00316605970153605,0.202771829115374,0.115580850717525,0.0162219284317671,0.114739522332923,0.0094903109575448,0.220576158671792,0.270142395318015
2026,25629,"Cody Freeman","TEX",4,"batx,steamer,oopsy,atc",9,176.613666666667,0.926141052837388,0.054701532112002,0.0434799618181297,0.00147240462989828,0.00643771062047444,0.00463964730259698,0.220912193593924,0.100844999070921,0.0234496619355026,0.104913593590811,0.014153578378843,0.238529749779607,0.275613725705926
2026,25643,"Drew Millas","WSN",4,"batx,steamer,oopsy,atc",9,134.968777777778,0.908472261033094,0.0753344685596143,0.0426093933659747,0.00555611606275963,0.00610994611054151,0.00638111908361099,0.219268972970622,0.0997029389642227,0.0136287297796566,0.0909673004774254,0.0213900099566008,0.241360118933377,0.294603441530236
2026,25660,"Will Brennan","SFG",4,"batx,steamer,oopsy,atc",9,110.715888888889,0.926095719598915,0.0528448237574587,0.0494486216445513,0.00261706289262682,0.00927072094443171,0.00666925491242744,0.237991287960088,0.103761046371913,0.0149308796988222,0.0945034589441755,0.0174969116666634,0.256983466096961,0.290836111717547
2026,25688,"Cam Devanney",,2,"steamer,oopsy",5,4.304524,0.96151257219551,0.029201052550881,0.0163907697723108,0.00138641293726265,0.004798457237691,0.00133458441624349,0.0757257882524179,0.0406594747395347,0.00998994742644399,0.0388843478946283,0.00423266254989845,0.0787569403065695,0.104926840803299
2026,25690,"Grant McCray","SFG",4,"batx,steamer,oopsy,atc",9,69.2445111111111,0.906577629171714,0.0750583888316229,0.0406318079358919,0.00354904236130557,0.00420784883363221,0.00433716047830941,0.196661101390734,0.113348123240433,0.0203359309034975,0.092502508027024,0.0343914542982157,0.216926929435058,0.271719490222357
2026,25705,"Dustin Harris","CHW",4,"batx,steamer,oopsy,atc",9,20.3391333333333,0.935542752234467,0.0514050429672615,0.0261307242076934,0.00270082304070771,0.00628914810259182,0.00617396413740794,0.136946352229237,0.0722946360751885,0.0144315510047745,0.060131381266811,0.0253477824119393,0.146381714680758,0.188351395196499
2026,25714,"Blaine Crim","COL",4,"batx,steamer,oopsy,atc",9,159.659333333333,0.903174600525955,0.0763485190460196,0.0445980307793364,0.00145519321952679,0.0117974906473379,0.00105780574994124,0.221699473521534,0.110616843401707,0.0317079582536602,0.119715293169145,0.00541728135578972,0.245466904618918,0.298047992567554
2026,25764,"Bobby Witt Jr.","KCR",4,"batx,steamer,oopsy,atc",9,660.549888888889,0.906408212824385,0.0743557436433703,0.0554979905875089,0.00892581077192048,0.00999726197177763,0.0146785881437239,0.267875280202255,0.158214356762358,0.04603059565593,0.146314235958324,0.0524821211265174,0.29553492169665,0.342231023845626
2026,25768,"CJ Abrams","WSN",4,"batx,steamer,oopsy,atc",9,614.637222222222,0.905671541768653,0.0635602953747192,0.0479754414679444,0.00588209091356324,0.0199588614197641,0.0120140764615234,0.228038666025765,0.127926258722247,0.0288004847682392,0.106653392074507,0.0497854894406567,0.251789589833458,0.291598961400484
2026,25779,"Tyler Tolbert","KCR",4,"batx,steamer,oopsy,atc",9,124.956666666667,0.910546002860794,0.0570711558579215,0.0423736606340108,0.00557408752494866,0.0140595310358237,0.0120896700304761,0.201699503399818,0.113363905752681,0.0107143183031179,0.0773603716138701,0.0755652402733645,0.221514896299703,0.258770659257739
2026,25782,"Pedro Pagés","STL",4,"batx,steamer,oopsy,atc",9,327.132444444444,0.912562515036959,0.0668804200737769,0.0377523794192427,0.00199117422896028,0.00884190611393889,0.000610143911237943,0.204771878679337,0.0969476522957033,0.0259815258257586,0.103372972823024,0.00260887592111864,0.224392165254611,0.271652298753113
2026,25805,"Blake Sabol","TBR",3,"batx,steamer,oopsy",8,8.8408,0.936417321051615,0.0497514880807939,0.022970267803848,0.00171662920154524,0.0067235531355026,0.002556487710224,0.116749806550578,0.0621509102478448,0.0161579279271876,0.0622739274567489,0.008203962499751,0.124677111289938,0.166501294631372
2026,25807,"Jared Triolo","PIT",4,"batx,steamer,oopsy,atc",9,482.191555555556,0.880905086717448,0.100205664171934,0.0420572476752844,0.004231118116378,0.00800649632031604,0.00656699877985473,0.212661553665281,0.111304062827519,0.0180461587800502,0.0928542334597163,0.0262589140291524,0.24141256177522,0.312867217837215
2026,25813,"Grae Kessinger","NYM",3,"batx,steamer,oopsy",8,6.51245,0.934746568330834,0.0533901878257817,0.0205120649364941,0.00128067677009595,0.00539654015843602,0.00303560528408236,0.10945985290285,0.0586993585086171,0.0111386892036109,0.0517850824306323,0.00860042154164188,0.117101101636897,0.162850040728632
2026,25814,"C.J. Stubbs","TOR",2,"steamer,oopsy",5,1,0.95572,0.03272,0.0118,0.00088,0.0072,0.00128,0.0578,0.03584,0.00936,0.03368,0.00428,0.0604779642573139,0.09052
2026,25816,"Shea Langeliers","ATH",4,"batx,steamer,oopsy,atc",9,517.893111111111,0.90835848068557,0.0758436749281107,0.047412798081299,0.00287229024671683,0.00772347683363191,0.00346753883353701,0.231766981796031,0.133725487976229,0.0528212096734753,0.147052712434338,0.0110666136366768,0.255149246386854,0.307610656724142
2026,25817,"Braden Shewmake","NYY",2,"steamer,oopsy",5,5.45048,0.967505071663011,0.0246012765746895,0.0154244528376573,0.00185053850340585,0.00359881908594613,0.00258943444772476,0.0764196533126618,0.0381125166993782,0.00763305899622305,0.03691181078986,0.00991901832395969,0.0789863077216813,0.101020929887351
2026,25822,"Andre Lipcius",,2,"steamer,oopsy",5,7.9928,0.957690726111893,0.0343988745806731,0.0156325073044043,0.000945785088193919,0.00359917757818418,0.00100638459041229,0.0794199761930527,0.0412596039389676,0.00976734119684017,0.0396818526133535,0.00325722324423764,0.0829286261499974,0.113818850773726
2026,25844,"Logan Davidson","TBR",2,"steamer,oopsy",5,1.434556,0.956155848139609,0.0360047737958867,0.0152416374695047,0.00116948413288024,0.00360431175379483,0.00113114039081859,0.0713385321056945,0.037059226702582,0.00820556080119249,0.0353529301808387,0.00354679614070236,0.0746097325498743,0.107343305901581
2026,25845,"Michael Toglia","CIN",4,"batx,steamer,oopsy,atc",9,39.2216111111111,0.929479334898344,0.0615903880329617,0.0239239666898308,0.00145182215179597,0.0036306390128363,0.00203128656702558,0.122649319668319,0.072218592227007,0.0271495898130901,0.0804221389378108,0.00637002454501309,0.131954864474457,0.184239707701281
2026,25855,"Matt Gorski","LAD",2,"steamer,oopsy",5,1.833052,0.969321001871778,0.0242001148370061,0.0157008787950549,0.00158306381239396,0.00240054758436789,0.00234864385281399,0.0790623590894788,0.0447539925323506,0.0159474215199359,0.0497237748286366,0.00753901700820403,0.0815646818100586,0.103262473926485
2026,25867,"Ryan Kreidler","MIN",4,"batx,steamer,oopsy,atc",9,95.8376666666667,0.882231023549794,0.0917996188362131,0.0378009041651893,0.00139503563723303,0.0143467109977295,0.00867990685775051,0.173556908895921,0.0994537103083553,0.0171354275758056,0.0832663897901398,0.0309222117833978,0.196725012228189,0.265356527732134
2026,25878,"Corbin Carroll","ARI",4,"batx,steamer,oopsy,atc",9,614.859444444444,0.870921039838795,0.105562250889424,0.045322718750219,0.0151956786514812,0.0140084457647138,0.0113965918854865,0.227130040126448,0.162879324933648,0.0411098619875065,0.130347558432817,0.0548484295299104,0.260792918917758,0.332692291015872
2026,25931,"Michael Harris II","ATL",4,"batx,steamer,oopsy,atc",9,557.309333333333,0.93341835231425,0.0474684896922411,0.0486783766864999,0.00496828384077348,0.00828414370504748,0.00875742815307602,0.252879775222705,0.127772816324641,0.0357026221124233,0.128055281174522,0.0324756245049497,0.270917937916834,0.300348264914946
2026,25961,"Kerry Carpenter","DET",4,"batx,steamer,oopsy,atc",9,467.310777777778,0.9134784890691,0.0646470776735293,0.0416670056709661,0.00683473219002391,0.0139592809313714,0.0026602483399337,0.231296804149846,0.129127551529816,0.0481571893727043,0.14254659290687,0.00562264340501033,0.253204434387452,0.295943881823375
2026,25967,"Orelvis Martinez","WSN",4,"batx,steamer,oopsy,atc",9,66.1630333333333,0.901085011748351,0.0731392592980817,0.0393572588379434,0.00136793664612805,0.0139628274406642,0.0006122611033164,0.186518991126023,0.0987312745632976,0.0333119012502791,0.117406268673245,0.00232289303563999,0.206993778271958,0.259658250424104
2026,25971,"Kevin Alcántara","CHC",4,"batx,steamer,oopsy,atc",9,36.9615333333333,0.920305966495816,0.0707757499636382,0.0515877063199159,0.00118269669823259,0.00379095789247802,0.00251913377897424,0.212961171811915,0.119405584417923,0.015884102662715,0.117910591966803,0.0117795315682232,0.231402576496154,0.283736921775553
2026,25976,"Riley Greene","DET",4,"batx,steamer,oopsy,atc",9,626.185111111111,0.894483265664101,0.090740746745003,0.0438021048289103,0.00523060049155775,0.00774302958405496,0.0022775196101402,0.23142118060267,0.132591234659213,0.044188772681041,0.137855575775091,0.006460505445536,0.258720525566069,0.322161927347673
2026,25979,"Nasim Nuñez","WSN",4,"batx,steamer,oopsy,atc",9,355.447777777778,0.885073217858507,0.0941518087808892,0.0320461433004376,0.00280699020160338,0.00443265247770723,0.0170814156366097,0.201813209721721,0.103465600967494,0.0126634828230129,0.0726713858266447,0.0760174682157955,0.228018660659534,0.29596501850261
2026,25980,"Matthew Lugo","LAA",4,"batx,steamer,oopsy,atc",9,45.6569666666667,0.925485799103956,0.0535659503208152,0.0492087495823072,0.00273529406169462,0.00606982774537876,0.00357888769324003,0.203840038546426,0.106686230094352,0.0275537718641582,0.105339240147734,0.0230483005796803,0.220251935517305,0.257405988867241
2026,25999,"Victor Mesa Jr.","TBR",4,"batx,steamer,oopsy,atc",9,28.0571,0.920469148357217,0.0681105064818188,0.0545715261250617,0.00207914602285806,0.00388703714360883,0.00180952572987802,0.214283356312057,0.0897749423263503,0.0157792032018748,0.0965662199689424,0.00706540715223218,0.232797977742647,0.282393862793876
2026,26031,"Vaughn Grissom","LAA",4,"batx,steamer,oopsy,atc",9,189.851666666667,0.902049308278294,0.0738152101120265,0.0425476186701736,0.0013984320625284,0.0134906790399624,0.00567617317284805,0.225252460392022,0.106918313901604,0.0191017494955387,0.0953834187229555,0.0180029276481849,0.249711915218862,0.299067670504049
2026,26106,"Maverick Handley","BAL",3,"batx,steamer,oopsy",8,10.6524,0.930214915514762,0.115089490884763,0.0204235419511674,0.00207341150274557,0.00977307897309496,0.0019101513602721,0.173966115470378,0.123186404600873,0.00913504800775422,0.110498800243846,0.00868634215775357,0.187017121064016,0.289055606355141
2026,26121,"Francisco Alvarez","NYM",4,"batx,steamer,oopsy,atc",9,427.506444444444,0.886971600708466,0.092059807065859,0.0365603275859908,0.0021620958103011,0.0130382240504976,0.000656985222361896,0.20749185303853,0.119264385075666,0.0436343754998314,0.130802955338401,0.00250631656569329,0.233932916085247,0.299551660104389
2026,26123,"Brett Baty","NYM",4,"batx,steamer,oopsy,atc",9,420.809555555556,0.900945462095712,0.083325287525589,0.0377019343359449,0.00195887127466851,0.00779302250231893,0.00423214452389572,0.219173793172396,0.11528036335273,0.0359193658455949,0.118751943381986,0.00880255655715499,0.243270877531888,0.302499080697985
2026,26143,"Troy Johnston","COL",4,"batx,steamer,oopsy,atc",9,240.225333333333,0.911624693265875,0.0622980744328154,0.0456210519451969,0.00609981410457101,0.016008275452589,0.00786280279166065,0.230174442125093,0.113860476258214,0.0241533236493661,0.107468442673334,0.0313742707259084,0.252488160780834,0.292472516557908
2026,26148,"Tristin English","ATL",3,"batx,steamer,oopsy",8,4.35024,0.955436330417281,0.0307416106555022,0.0256064056838867,0.0011157265150134,0.00789132103041181,0.000646658882062547,0.133090322928331,0.0601317821591712,0.0139895518453086,0.0645648592797012,0.00207033021538498,0.139297950780461,0.163831933583833
2026,26149,"Dominic Fletcher","PIT",3,"batx,steamer,oopsy",8,18.679,0.895706706191774,0.0357543415969805,0.0276765028273078,0.00225171096055737,0.00688186678991611,0.00218111982042104,0.18443527467071,0.111373816304097,0.00972972752123063,0.110877818641037,0.00591865915222877,0.205910342521452,0.220189616267691
2026,26151,"Kyle Stowers","MIA",4,"batx,steamer,oopsy,atc",9,569.142,0.886032405952199,0.093810974736566,0.0436726862767972,0.00424850220416697,0.0124065515909857,0.00310996146355438,0.214871168564341,0.12280470310396,0.043361636902185,0.136165477190042,0.00701940891723844,0.242509379025955,0.308682143300907
2026,26197,"Andrew Vaughn","MIL",4,"batx,steamer,oopsy,atc",9,535.401666666667,0.907260569883259,0.0720948679976839,0.0461778627760538,0.00131361464625831,0.0110814633641855,0.000335609684055033,0.229357998601584,0.11194175581897,0.037851088572307,0.13564012004846,0.00156044860719895,0.252802784795438,0.301452866599268
2026,26202,"Jake Mangum","PIT",4,"batx,steamer,oopsy,atc",9,325.112222222222,0.933320026083432,0.0456478844994047,0.0479329908342135,0.00562933007987375,0.00965598380828768,0.0114356242760691,0.250828170172888,0.106309583110897,0.00690671541807024,0.0861994935559578,0.0392596904586459,0.268748299793222,0.296476054672293
2026,26208,"Tyler Fitzgerald","SFG",4,"batx,steamer,oopsy,atc",9,58.1799,0.912839615596843,0.0559901117868875,0.0431641610724729,0.00332591439554593,0.00784640934590488,0.00412961553869298,0.197281412632683,0.103568528127932,0.0320988630214554,0.0936996239197801,0.0337953055017339,0.216118373109491,0.253271524419571
2026,26224,"Darell Hernaiz","ATH",4,"batx,steamer,oopsy,atc",9,171.843222222222,0.9076869620901,0.0700326583414599,0.047562001356783,0.00251402365757561,0.00652660227144138,0.00595665959567117,0.233561837461012,0.107137300506119,0.0131050263930149,0.0914834871900359,0.0185704650411342,0.25731540411597,0.303594495802471
2026,26244,"Kenedy Corona","NYY",2,"steamer,oopsy",5,2.183376,0.960232818989299,0.0314770465132729,0.0134497428279827,0.00148543365568254,0.00400157637857338,0.00313254716504482,0.0724224694576651,0.0390153696910904,0.00758884813209244,0.0347611685411425,0.0103171956629379,0.0754217810779411,0.103899515970938
2026,26284,"John Rave","KCR",4,"batx,steamer,oopsy,atc",9,101.745,0.896744481106563,0.0867828999942443,0.0406360929528869,0.00775831079212031,0.0033921892988236,0.00810986159138695,0.200552340607689,0.112631156409683,0.0214990127899974,0.0939518316857159,0.0281965213750184,0.223644912049207,0.287335240601934
2026,26288,"Adley Rutschman","BAL",4,"batx,steamer,oopsy,atc",9,558.434888888889,0.873393169034916,0.111807059341711,0.0452204149073543,0.00227669069720717,0.00573393379054962,0.00103251677586806,0.221948733391201,0.122861521609205,0.0307269425258979,0.119430900731757,0.00183923072336888,0.254122360078051,0.333755792732912
2026,26289,"Gunnar Henderson","BAL",4,"batx,steamer,oopsy,atc",9,664.873777777778,0.879516279805563,0.103004183384839,0.0504888222252982,0.00647339953441385,0.00885221177809568,0.00800623741629901,0.240935133816811,0.151557074200705,0.0402643093888057,0.130962120753058,0.0341670070083887,0.273940504967202,0.34393931720165
2026,26294,"Bryson Stott","PHI",4,"batx,steamer,oopsy,atc",9,573.332111111111,0.896628625825442,0.0871371065727855,0.0421188941782406,0.00464821944036652,0.00547348618949019,0.00942750025862242,0.229060487050034,0.11935538470499,0.0233159774662608,0.104285204014721,0.0407501541404776,0.255468630436776,0.316197593622819
2026,26295,"Oliver Dunn","CHW",3,"batx,steamer,oopsy",8,8.02325,0.934988628452959,0.0518701951557119,0.0220005927056144,0.00296836040782648,0.00669747788303923,0.00395943686376727,0.110447920948064,0.0614018791968525,0.0113836694538406,0.0488750627187697,0.0157792243008873,0.118127555338093,0.162318116103776
2026,26299,"Josh Jung","TEX",4,"batx,steamer,oopsy,atc",9,506.440111111111,0.925335893397582,0.0573833209158411,0.0440224922041143,0.00214234964828728,0.00834045713503139,0.00304628698264993,0.229498862537097,0.109185030567313,0.0335170642428748,0.120534434031764,0.008246225128331,0.248016816568564,0.286882183452938
2026,26319,"Michael Busch","CHC",4,"batx,steamer,oopsy,atc",9,578.029777777778,0.878484690189401,0.100282485364081,0.043790415653952,0.00320597337789481,0.0131262586733082,0.0017004808166664,0.21615903883367,0.129320045657672,0.0444070870354136,0.133939730748907,0.0056146379156001,0.246058970916233,0.31644152419775
2026,26323,"Spencer Steer","CIN",4,"batx,steamer,oopsy,atc",9,404.428222222222,0.882335203461547,0.0970338739049505,0.0440913701632535,0.00332167741516577,0.0125014584573519,0.00533313700359924,0.207978366548205,0.117153024194659,0.0317145239713285,0.114448424354358,0.0179196951375968,0.235713553910432,0.305012240453156
2026,26365,"Jonny DeLuca","TBR",4,"batx,steamer,oopsy,atc",9,275.886666666667,0.909756769853487,0.0694421939900994,0.0406743068667678,0.00765215142505915,0.0120030766429137,0.00768053085578703,0.210142419310389,0.113676894516292,0.0261451929991841,0.103423456434147,0.0330516655539937,0.230987475195411,0.279584613300489
2026,26368,"JJ Bleday","CIN",4,"batx,steamer,oopsy,atc",9,338.544222222222,0.880168650712868,0.107195776128453,0.0448529132012697,0.00263009401566782,0.00516171541710636,0.00357168670211768,0.201974072236852,0.11714703331967,0.0395709216684056,0.124221955820934,0.0076986802320134,0.229472013202548,0.309169848365305
2026,26374,"Kameron Misner","KCR",4,"batx,steamer,oopsy,atc",9,45.9494111111111,0.886476520752518,0.10334802470514,0.0455645067708484,0.00348266412174854,0.00434871347769777,0.00450014942898575,0.188565001363608,0.111546589419628,0.0252754656524516,0.10031937187672,0.0287712943341187,0.212712911114146,0.291913026068748
2026,26396,"Josh Smith","TEX",4,"batx,steamer,oopsy,atc",9,496.074666666667,0.873583879211044,0.0939171979037371,0.0421311458789052,0.00330382497804634,0.0205374160632249,0.00557244628306159,0.210035816237234,0.114805301289644,0.0192202612247072,0.0931902502545833,0.0186254522281683,0.240430050548693,0.303953014140971
2026,26420,"Kyren Paris","LAA",4,"batx,steamer,oopsy,atc",9,44.0935222222222,0.880068606479809,0.082919416029176,0.0223379139900633,0.00282482029462503,0.00743755907180412,0.00575116319810815,0.191803858753685,0.12220210255176,0.0177504150504687,0.0839828585499784,0.0508204540666237,0.217941939232308,0.274723274782861
2026,26438,"Dominic Canzone","SEA",4,"batx,steamer,oopsy,atc",9,397.437666666667,0.911241262221432,0.0736403539761025,0.042159751470909,0.000897428043753307,0.00689534517689763,0.00354403554404642,0.219604858117898,0.11120038602634,0.0371358302772518,0.12630790078019,0.01000081174776,0.240995296440531,0.293245212094
2026,26466,"Matt Wallner","MIN",4,"batx,steamer,oopsy,atc",9,463.304111111111,0.866006211150131,0.103199208289715,0.0436449322693343,0.00411267322319905,0.0232902427607485,0.0035243900258254,0.199662627643939,0.130510742192915,0.0464978172443173,0.135124470609643,0.00992446147525728,0.230555653150305,0.302861835933654
2026,26467,"Luis Matos","SFG",4,"batx,steamer,oopsy,atc",9,157.063555555556,0.924485113921153,0.0564440366676418,0.0483654208913324,0.00198155691562917,0.00913914118191124,0.00605070391496475,0.231988136664178,0.113158626714078,0.0298070620600845,0.11656515103538,0.0166682021675105,0.250937665918938,0.288432173331819
2026,26469,"Davis Wendzel","PIT",2,"batx,steamer",5,13.12652,0.9027867142123,0.0726869444256989,0.0374796649704731,0.00123011272555704,0.0146102920617487,0.00139772883290373,0.185620228649287,0.0932874864064756,0.0229453333194964,0.0967812250572767,0.00504812455604425,0.20560806414973,0.258307173074986
2026,26477,"Spencer Horwitz","PIT",4,"batx,steamer,oopsy,atc",9,469.358111111111,0.871437274597613,0.108862009213498,0.0514157567441812,0.00105865194578082,0.0104725048727051,0.00242103323926052,0.223763955853913,0.114209029935417,0.0225176239876209,0.109534531622986,0.00402881329018889,0.256775745514485,0.332625965067411
2026,26517,"Noelvi Marte","CIN",4,"batx,steamer,oopsy,atc",9,471.423777777778,0.91676131427153,0.0634068709577966,0.0457208644133119,0.00303955109008586,0.00980736135089673,0.00914678192775587,0.230655621499695,0.11746790744542,0.0330393195220176,0.118478208682374,0.0281382462386434,0.251598336348842,0.294062492457491
2026,26536,"Warming Bernabel","WSN",4,"batx,steamer,oopsy,atc",9,48.7180444444445,0.95881041432888,0.0296463866092661,0.0311116799981744,0.0017798966417774,0.00542839225738947,0.00216268829751099,0.154641401576739,0.0638438436787738,0.0141401291042981,0.0704701068993575,0.00722765286068089,0.161284649463242,0.184287788186005
2026,26540,"Angel Martínez","CLE",4,"batx,steamer,oopsy,atc",9,259.256333333333,0.911528150311728,0.0638203504762031,0.0457620269183528,0.00379087402317423,0.0102417763952239,0.00584498510554447,0.213668427558262,0.106226385857055,0.0219348049849907,0.0981290545018767,0.0172289540974448,0.234406833716754,0.277488778034465
2026,26546,"Agustín Ramírez","MIA",4,"batx,steamer,oopsy,atc",9,491.130555555556,0.909156259465581,0.0726254657066056,0.0502165253949327,0.00201635383017383,0.00966857045086762,0.00653354070610257,0.225321008840299,0.117869476876702,0.036068383859831,0.12889914399495,0.022393100557405,0.247835293982079,0.297946474546905
2026,26548,"Luisangel Acuña","CHW",4,"batx,steamer,oopsy,atc",9,367.081888888889,0.9259271479852,0.0571036695041465,0.0415271970287341,0.00455014307748165,0.00460289644914483,0.0129913789332822,0.231725482357633,0.107151386636424,0.0134105955414415,0.0832666076286723,0.0526699173654405,0.250263190642874,0.288829151861779
2026,26599,"Jonatan Clase","TOR",4,"batx,steamer,oopsy,atc",9,29.9600444444444,0.913837086999501,0.0750199599806876,0.0542500222486436,0.00228854206586637,0.00454089902728568,0.00697760783903754,0.204361676278768,0.125390522077816,0.0131843706710036,0.0820297104877926,0.0589065402097319,0.223630315716087,0.279381636259455
2026,26668,"Elly De La Cruz","CIN",4,"batx,steamer,oopsy,atc",9,645.696777777778,0.892231251834504,0.0940039067685069,0.0473328441152368,0.00878307479033127,0.00585661019858006,0.0160832468336891,0.23286907561229,0.143786940213201,0.0369696219724912,0.123701593180073,0.062062773726011,0.260996322571633,0.326872982380797
2026,27459,"Yoshi Tsutsugo",,1,"steamer",2,1,0.8822,0.099,0.0324,0.0031,0.008,0.0019,0.1783,0.1069,0.0341,0.1069,0.0059,0.202108365450011,0.2773
2026,27461,"Shogo Akiyama",,1,"steamer",2,1,0.9312,0.049,0.0387,0.0029,0.009,0.0032,0.2274,0.0919,0.0117,0.0876,0.0093,0.244201030927835,0.2764
2026,27462,"Austin Martin","MIN",4,"batx,steamer,oopsy,atc",9,317.335333333333,0.865855425113651,0.104610472735406,0.0454903163184868,0.00317926666331684,0.0172393694724302,0.010113720534497,0.217391788013935,0.115734950153564,0.0102019540537602,0.0811818942574448,0.035474821342731,0.251071693620676,0.322002260749341
2026,27464,"Dillon Dingler","DET",4,"batx,steamer,oopsy,atc",9,404.394555555556,0.910951058296358,0.063103906065504,0.0454893838848494,0.00350208416047603,0.0162328918227315,0.00161664528868138,0.220971380854301,0.107757593567581,0.0296150760906865,0.113663907152103,0.00322023073515178,0.242572176454306,0.284075286919805
2026,27465,"Spencer Torkelson","DET",4,"batx,steamer,oopsy,atc",9,612.281,0.873112851317235,0.106638635301309,0.0437158059251608,0.00140468956122425,0.0114215377334518,0.00134142699303224,0.202640221547693,0.119536384160878,0.0419003186909503,0.130078383108215,0.00338592969823416,0.23208938139208,0.309278856849002
2026,27467,"Tyler Soderstrom","ATH",4,"batx,steamer,oopsy,atc",9,558.878333333333,0.896870000342168,0.084927388311164,0.0477600098871031,0.00315533024324824,0.00986981967615856,0.00383385274637017,0.23038925673349,0.1278239920859,0.0426116749009131,0.136379990161402,0.00898008992323886,0.256881439501369,0.315316645044654
2026,27471,"Zach DeLoach",,2,"steamer,oopsy",5,7.68956,0.956553580193975,0.0359988490117863,0.0165945418333437,0.00115324505328963,0.00320019860188785,0.00204018302969437,0.0776713928650015,0.041036115076253,0.00861435688533562,0.0372942749620569,0.00653129390258352,0.0811992077320445,0.113670241876788
2026,27475,"Jordan Walker","STL",4,"batx,steamer,oopsy,atc",9,498.250111111111,0.907501691328607,0.0737351154936088,0.0469249673514162,0.00367355820188146,0.00997677741051859,0.00542613315727384,0.220245817733946,0.113775557616276,0.0308547683224713,0.113860006783977,0.0177288909332067,0.242694663644648,0.293980933227555
2026,27478,"Patrick Bailey","SFG",4,"batx,steamer,oopsy,atc",9,474.620666666667,0.903425587817207,0.0768107722385209,0.0403839479780302,0.0025245675997566,0.00654769336086094,0.00159662628054379,0.199512529061753,0.0985009363916565,0.0201775937914517,0.0946597311847499,0.00441501937252561,0.22084002462649,0.276323301300274
2026,27479,"Masyn Winn","STL",4,"batx,steamer,oopsy,atc",9,630.604111111111,0.91184419948677,0.0681045545349477,0.0464609117522156,0.00505199537008271,0.00804951555341218,0.00608937025429464,0.231733171172276,0.115711443259914,0.0217891897102252,0.100840981525577,0.020783607988963,0.254136804623757,0.299837725707223
2026,27482,"Robert Hassell III","WSN",4,"batx,steamer,oopsy,atc",9,251.716333333333,0.911599525922085,0.0717373298327996,0.0390173523622477,0.00166883235038742,0.00528509281023156,0.00633310238949897,0.217965318056344,0.0981170902192963,0.0183515120531087,0.0922998056178176,0.0230248103041533,0.23910205288432,0.289702647889143
2026,27490,"Nick Gonzales","PIT",4,"batx,steamer,oopsy,atc",9,397.070555555556,0.913308414610782,0.0628903007448086,0.0522507083924147,0.00675837755022158,0.0130071634544713,0.00344296375946253,0.236810763557831,0.112705871753438,0.0187534767580227,0.105125491500199,0.00661662838806899,0.259288932160722,0.29970106430264
2026,27493,"Rece Hinds","CIN",4,"batx,steamer,oopsy,atc",9,36.0147333333333,0.919550829296044,0.0539375308257393,0.0458412357757198,0.00241920038319255,0.0055883540013694,0.00436474385044163,0.217788818064303,0.125258317402451,0.0415296005644175,0.127995030886445,0.0329053551954946,0.236842609593457,0.271726348890042
2026,27496,"Owen Caissie","MIA",4,"batx,steamer,oopsy,atc",9,394.984555555556,0.890668261577078,0.0929334284420195,0.0464664808012937,0.0035477927526926,0.00737311687877159,0.0044870231289286,0.210750934452459,0.113028673753499,0.029443305390227,0.112199410264404,0.0102624023021382,0.236621134426963,0.303684362894478
2026,27497,"Tyler Callihan","PIT",4,"batx,steamer,oopsy,atc",9,48.7324,0.909588859186246,0.0769406062396905,0.0467722755095212,0.0024068822822036,0.0048373898758112,0.00372383919265042,0.201406500109445,0.107519286609515,0.0226934596894273,0.08782348697866,0.0281332945702627,0.221425865186642,0.278347106349136
2026,27501,"Justin Foscue","TEX",4,"batx,steamer,oopsy,atc",9,31.5901444444444,0.885577133126568,0.0769342340464741,0.0548849920973979,0.00110979735105591,0.00802966986681291,0.00217221794181198,0.203197690772257,0.0946204771737509,0.0167599642624858,0.117690170179208,0.0060908134795142,0.229452278261588,0.280131924818731
2026,27504,"Nick Yorke","PIT",4,"batx,steamer,oopsy,atc",9,133.391444444444,0.914763756900551,0.0683686049757713,0.0446793271721778,0.00217068260824162,0.00793831016508138,0.00781213737603816,0.22810015600288,0.106199976722767,0.0171179861461402,0.0978382160640155,0.0237138673895718,0.249354168529523,0.296468760978651
2026,27506,"Ha-Seong Kim","ATL",4,"batx,steamer,oopsy,atc",9,376.325777777778,0.875900067460187,0.102847194259223,0.039174677290785,0.00390063132636978,0.00880292994807665,0.0104516436922018,0.21227899193051,0.119688018822581,0.0220390415127222,0.0969004707715588,0.0369441905805018,0.242355263821416,0.315126186189733
2026,27531,"David Hamilton","MIL",4,"batx,steamer,oopsy,atc",9,186.214222222222,0.900871690689403,0.0827080087101166,0.0347239516366345,0.00623408707154718,0.00563276130486768,0.0186262313860826,0.192825379098463,0.11977595465567,0.0249020552664508,0.0910341323791393,0.0866192738451944,0.214043110790729,0.27553338780858
2026,27534,"Edouard Julien","COL",4,"batx,steamer,oopsy,atc",9,336.213333333333,0.85683218564849,0.125281968387539,0.0400680170586755,0.00344221689979751,0.00848444307238173,0.00325915487872064,0.206830150698184,0.11623891068174,0.025337354642744,0.101296726637089,0.0119915475629956,0.241389334063875,0.332112119085723
2026,27543,"Duke Ellis","NYY",2,"steamer,oopsy",5,2.024792,0.964280540598207,0.0278384494017372,0.0138013127530194,0.00115666005985435,0.00360473669139074,0.00833244431467891,0.0770582653468015,0.0431220837848612,0.00747898640643687,0.0352725169708982,0.0352837466802172,0.0799127039305358,0.104896714748539
2026,27555,"Garrett Mitchell","MIL",4,"batx,steamer,oopsy,atc",9,363.155444444444,0.885668683800549,0.093890589691678,0.0381085158327613,0.00709430648538376,0.00956491709850965,0.00765820689028874,0.206243029591633,0.119149185378055,0.0264798579178717,0.100626653706171,0.0344108416859519,0.232867022808813,0.300133619283312
2026,27562,"Austin Wells","NYY",4,"batx,steamer,oopsy,atc",9,436.266111111111,0.892752244756637,0.0864288802508428,0.0422582266745607,0.00247883513571315,0.0108920157973449,0.00252942325621824,0.201550765990437,0.115192083354725,0.0400435090109094,0.124664528775472,0.00943407414285909,0.225763381917208,0.28797964624128
2026,27573,"Gage Workman","DET",2,"steamer,oopsy",5,6.88688,0.960076858473519,0.0322805588781717,0.0159392258163032,0.00358333545415214,0.00319904308655486,0.00264169190441045,0.0734532868449851,0.0406662764360064,0.00936808082864632,0.0377726312574759,0.00899651337388339,0.0765077151862328,0.105733845723157
2026,27577,"Casey Schmitt","SFG",4,"batx,steamer,oopsy,atc",9,235.416888888889,0.910879902546923,0.0660359632954652,0.0438377709089983,0.00170950154087467,0.0106194109037988,0.00309778500280829,0.217789882215955,0.107659969842915,0.0317450889807953,0.112780194591227,0.0058449971353064,0.239098350514695,0.28382584551142
2026,27599,"Jacob Hurtubise","MIL",2,"steamer,oopsy",5,6.89996,0.939321519501711,0.0454402885097683,0.0114159454980667,0.00242541222483952,0.0107987987225316,0.00293335195779021,0.0724677617000743,0.0408815294065359,0.00453336211658487,0.0303900342224395,0.011659756569883,0.07714904875012,0.117908050209843
2026,27604,"Alika Williams","PIT",4,"batx,steamer,oopsy,atc",9,32.3322,0.92086243019713,0.0630356304514224,0.0510206360250887,0.00233769715174404,0.00564868183174263,0.00204444014006363,0.21253779864416,0.0849535967652295,0.00781750325700573,0.0796913630328796,0.00625675972903452,0.230802986064554,0.275573429095582
2026,27615,"Alec Burleson","STL",4,"batx,steamer,oopsy,atc",9,578.052333333333,0.913217807627216,0.0694096564179059,0.0441688698489723,0.00165759294123738,0.00699890768826623,0.00330591424275449,0.245981884077387,0.115147645655189,0.0346126353605922,0.127027028624501,0.00962847432107764,0.269357301207817,0.315391540495292
2026,27630,"Nick Loftin","KCR",4,"batx,steamer,oopsy,atc",9,116.873222222222,0.890577348731161,0.0894621481486693,0.0440408465803672,0.00218488446944257,0.00981078610889314,0.00596913057107742,0.214185000972818,0.106724116193898,0.0186626679767527,0.0990404607411723,0.015184144934158,0.240501289728484,0.303647149121488
2026,27647,"Anthony Volpe","NYY",4,"batx,steamer,oopsy,atc",9,451.825,0.903038810783612,0.0765604668118606,0.0455849297427724,0.00522535940744005,0.00935594998713596,0.01018023101626,0.210156547695238,0.121879803121589,0.0304471773542693,0.110013425475561,0.0373521280734207,0.232721501208652,0.286717014507098
2026,27653,"Christian Koss","SFG",4,"batx,steamer,oopsy,atc",9,77.7305555555556,0.922957723862474,0.0456148933271917,0.0435015326432243,0.00271593855666475,0.0150831597683296,0.00356668286088848,0.221291355774176,0.103746144764091,0.0180064850564747,0.0939394340803306,0.0201165060483458,0.239763263314051,0.266906249101368
2026,27676,"Vinnie Pasquantino","KCR",4,"batx,steamer,oopsy,atc",9,616.071666666667,0.89687353680973,0.0845473111117789,0.0495065856953691,0.00272268445653225,0.00938265911490886,0.000392058984851725,0.235826895481408,0.123109466308138,0.0403895732168612,0.140547653679011,0.00227742608434002,0.262943308953309,0.320374206593187
2026,27684,"Michael Massey","KCR",4,"batx,steamer,oopsy,atc",9,257.456333333333,0.926874135235793,0.0503909044673461,0.0471939155923827,0.00214076035845046,0.0105050013789276,0.00291496981605489,0.226971206355451,0.103703241829388,0.02843847519668,0.116415287136734,0.00749828347139405,0.244878131481909,0.277362110822797
2026,27690,"Joey Wiemer","WSN",4,"batx,steamer,oopsy,atc",9,114.992888888889,0.895559083611009,0.085678143249477,0.0397793501123413,0.00160827433528312,0.010051594391704,0.00650269730972513,0.189110559077271,0.100383897509613,0.0264843478135266,0.101613951231705,0.0203937282238562,0.211164804799648,0.274788702326748
2026,27698,"Eric Yang","CHC",2,"steamer,oopsy",5,2.039808,0.958914521936258,0.0312041605547406,0.0129017202293639,0.00100013335111348,0.0056007467662355,0.000855669644841534,0.0688869627061386,0.0350713428457128,0.00594523714273014,0.031826465750989,0.00282259856869805,0.0718384810431703,0.100091123260879
2026,27735,"Brett Wisely","ATL",4,"batx,steamer,oopsy,atc",9,52.0502,0.90450338167159,0.0735548708707,0.0448636860019351,0.00113952108466394,0.00458936692014954,0.00353308621516559,0.204072110878771,0.098048027106081,0.0192210894461187,0.0910532396681555,0.0202171462432485,0.225617852861567,0.277626981749471
2026,27763,"Drew Romo","CHW",4,"batx,steamer,oopsy,atc",9,11.5868222222222,0.951948704468658,0.0342223911347836,0.0262219159735442,0.00185278899078853,0.00595167385040433,0.0019275275978173,0.133806085470613,0.0607965266022802,0.0142144650640713,0.0625007789389124,0.00565301292995464,0.14056018443273,0.168028476605396
2026,27769,"Pete Crow-Armstrong","CHC",4,"batx,steamer,oopsy,atc",9,600.328888888889,0.915038500706596,0.0570933986616147,0.0456844213788562,0.00866223549662894,0.0134075166564369,0.0135253248934675,0.228311987556605,0.135450000103087,0.0380527526902893,0.124445913574236,0.056262036099165,0.249510799141568,0.28540538621822
2026,27770,"Zac Veen","COL",4,"batx,steamer,oopsy,atc",9,118.855888888889,0.905405250878726,0.0732417327789633,0.0435965563450605,0.00677204166497088,0.00823585015912218,0.00767342779210738,0.219691910055128,0.116181544433428,0.0240709324286272,0.101305655004493,0.0365226747319477,0.24264483759279,0.292933642834092
2026,27781,"Pedro León","PHI",4,"batx,steamer,oopsy,atc",9,45.4376333333333,0.905954803974634,0.0689464393525497,0.0408852980008809,0.00119296999389066,0.0181801005277388,0.0127847177855934,0.188536167443201,0.110300445741835,0.0336319879783008,0.104727847919851,0.0347546050772973,0.208107696560633,0.257482606795751
2026,27784,"Tyler Gentry","KCR",2,"steamer,oopsy",5,6.85332,0.957562382862224,0.0337203277618929,0.0169816993213205,0.00126652722074034,0.00440086226196644,0.0012332648896906,0.078291851368553,0.0417416668265817,0.00975609756097561,0.0397510442452969,0.00419872963481798,0.081761619681146,0.112012179130446
2026,27789,"Shay Whitcomb","HOU",4,"batx,steamer,oopsy,atc",9,28.0138555555556,0.920741901340529,0.0682398385531076,0.0495164809978018,0.000574527253090162,0.00609770917753383,0.00369398976995866,0.201167434636332,0.0970603021828213,0.0465694217470264,0.120332042292591,0.0119841365073264,0.218484066320266,0.26940727318944
2026,27790,"Evan Carter","TEX",4,"batx,steamer,oopsy,atc",9,434.132777777778,0.875909089959196,0.100607150161444,0.0412878553592458,0.0077131695638954,0.0143931766902365,0.0114098713113515,0.20967135700284,0.125438726792123,0.025468224224517,0.101387759766964,0.0393071321557566,0.239375706230663,0.310278507164284
2026,27815,"Jordan Westburg","BAL",4,"batx,steamer,oopsy,atc",9,412.020111111111,0.913058948092353,0.0658737634227073,0.0473485106912253,0.00583371307323626,0.013260214129835,0.00397613437346553,0.237350945171938,0.131681842601918,0.0401147077351091,0.132270306199894,0.0106100056465025,0.259951392697956,0.303224708594645
2026,27845,"Matt Mervis","WSN",4,"batx,steamer,oopsy,atc",9,38.3142333333333,0.909984841305307,0.0778844207606571,0.0344612001822964,0.00098784727173218,0.00695210869681543,0.00119550934626498,0.189648666991129,0.102181622544156,0.0325241488270237,0.116131064777887,0.00342386442453715,0.208408600212606,0.267533087751787
2026,27883,"Thomas Saggese","STL",4,"batx,steamer,oopsy,atc",9,215.522444444444,0.919787009364735,0.0588436975453348,0.0465744968191885,0.0047164283744247,0.0110144705350044,0.0045509899037139,0.225725467858745,0.10343866056471,0.0210895481573675,0.101951862879536,0.0119218311391432,0.245410584799024,0.28456916540408
2026,27899,"Colt Keith","DET",4,"batx,steamer,oopsy,atc",9,490.186111111111,0.895813934652296,0.089578324436878,0.0433450487183838,0.00692658746075697,0.00557845681041727,0.00219846534385541,0.232543778208266,0.123506820434163,0.0298161106890953,0.114323427923515,0.00708357919626358,0.259589373655508,0.322122102645144
2026,27915,"Alejandro Osuna","TEX",4,"batx,steamer,oopsy,atc",9,62.0711777777778,0.888667577573633,0.0874811714610642,0.0403992373418712,0.00237727633887242,0.0155623246774187,0.0119732434183238,0.214524742781786,0.111773630848728,0.0186334029041602,0.0975248022568199,0.0315491264514679,0.24140043835909,0.30200591424285
2026,27931,"Petey Halpin","CLE",4,"batx,steamer,oopsy,atc",9,50.0389888888889,0.914365375313477,0.070489263780418,0.0390109303558959,0.00261880391188692,0.00356474736389768,0.00262065685404192,0.195866965848659,0.100498002743476,0.0191018166570095,0.0898180031413671,0.0166548507400406,0.214210829868212,0.266356229629077
2026,27962,"Adael Amador","COL",4,"batx,steamer,oopsy,atc",9,108.049088888889,0.888560119517106,0.0927881352352572,0.0419306116091422,0.00232466386092781,0.0109476749880965,0.0118903200978385,0.21793068920304,0.114661217068635,0.0226976635116445,0.0982978750767232,0.0357208112887396,0.245262739589839,0.310718824438297
2026,27963,"Maximo Acosta","MIA",4,"batx,steamer,oopsy,atc",9,72.1097777777778,0.911718326675795,0.0657188094034118,0.0436096002662325,0.00258166555822373,0.011149354107699,0.0124929843132341,0.209710144851406,0.102944573636758,0.0195865971458519,0.096234877977123,0.0393924207144295,0.23001637536017,0.275428954254818
2026,28022,"Edgar Quero","CHW",4,"batx,steamer,oopsy,atc",9,432.983111111111,0.887105831893514,0.088707975665368,0.0412603566896643,0.000879719138740371,0.0136363959753145,0.00158712983390629,0.22414167693904,0.105255602694522,0.0214703759747422,0.101113928887987,0.00274815052652902,0.252666219610588,0.312849652604408
2026,28080,"Jasson Domínguez","NYY",4,"batx,steamer,oopsy,atc",9,158.672444444444,0.886853724532812,0.0956565592425036,0.0421324474262431,0.00233292538969548,0.00467510089450856,0.0106775476770269,0.217688517642293,0.124939212706397,0.0322397323652747,0.108582384272917,0.0427862857517477,0.245461581341353,0.313345076884796
2026,28142,"Jhostynxon Garcia","PIT",4,"batx,steamer,oopsy,atc",9,245.782666666667,0.914903488867125,0.0649433325708036,0.0415576290405924,0.00570708460321738,0.010190588634671,0.00324651518013098,0.212436962887668,0.110529417443001,0.0279747487987436,0.109253209876642,0.0123719236245522,0.232196035399009,0.277380295458472
2026,28163,"Junior Caminero","TBR",4,"batx,steamer,oopsy,atc",9,620.65,0.918528308252879,0.0661124807660918,0.0437007415433236,0.00237321716174805,0.00666179904733438,0.0034261616922662,0.249393694340196,0.132995234759341,0.0571402664557681,0.161532842949433,0.00820627123921037,0.271514434666216,0.315506175106288
2026,28253,"Javier Sanoja","MIA",4,"batx,steamer,oopsy,atc",9,221.748666666667,0.925981382239821,0.0560237334535359,0.0498603379821982,0.00823440493955697,0.00349376129242343,0.0104841301514041,0.24282917176497,0.112053099095197,0.0148191797304582,0.0975542705501542,0.0272040004336251,0.262239799225336,0.298852905218506
2026,28312,"Coby Mayo","BAL",4,"batx,steamer,oopsy,atc",9,179.832444444444,0.89315531708815,0.0871642533693872,0.04383804006521,0.0045206076890254,0.0110862457170531,0.00175493734160201,0.207242647754748,0.121081165826111,0.038907950912236,0.124613105971529,0.00699744550722047,0.232034276446337,0.294406901124135
2026,28344,"Tsung-Che Cheng","BOS",3,"batx,steamer,oopsy",8,11.265325,0.934201393508119,0.0505071440998058,0.026588669134152,0.00243190416972729,0.0044707282659899,0.00397276895601105,0.120061886515509,0.0614781149289818,0.00747943803554854,0.0479601558702455,0.0172073122202319,0.128518205335417,0.170569030615315
2026,28552,"Yanquiel Fernández","NYY",3,"batx,steamer,atc",6,54.3192933333333,0.924013097820605,0.0612927662383408,0.0417474128471281,0.00151835581425396,0.00594383611126808,0.000829186056467463,0.208231612900335,0.0982341923071191,0.0292264604147878,0.109760907478029,0.00276399451463536,0.2253556939739,0.269524379138676
2026,28806,"Jackson Chourio","MIL",4,"batx,steamer,oopsy,atc",9,628.635888888889,0.920692602810716,0.0630755768936253,0.0511599427621923,0.00556363536789405,0.00654406747518591,0.0104654262652818,0.247635655827976,0.13319351023697,0.0373134713510323,0.130785886331065,0.0381705603897672,0.268966705143484,0.310711232721602
2026,28816,"Denzer Guzman","LAA",4,"batx,steamer,oopsy,atc",9,27.5046666666667,0.918461091955022,0.0710512975554419,0.0516069983794923,0.00131895602572841,0.00447487473809275,0.00210141878664958,0.200540946739235,0.0876240632521274,0.0160991739969814,0.0862842230930408,0.0089630551533571,0.218344520520044,0.271592244294677
2026,28820,"Moisés Ballesteros","CHC",4,"batx,steamer,oopsy,atc",9,333.091111111111,0.90312822718919,0.0797098228588392,0.0446473722686584,0.00205880607648554,0.00651464005256323,0.0019427607405858,0.233395938516472,0.111211697424346,0.025892854008464,0.114711735380334,0.0030241909277404,0.25843056554978,0.313105761375311
2026,28824,"Samuel Basallo","BAL",4,"batx,steamer,oopsy,atc",9,417.501111111111,0.906367039920999,0.0782880787796875,0.043993117438011,0.00233388336013812,0.00752222887650057,0.00230859260560284,0.222112689893661,0.119991717293278,0.0412021867209512,0.130500179120149,0.00595728680092974,0.245058216054525,0.300400768673348
2026,29478,"Carter Jensen","KCR",4,"batx,steamer,oopsy,atc",9,372.450333333333,0.886777478773719,0.100365110806362,0.0436755718949479,0.00696213361653719,0.00448230695069534,0.00296052194902956,0.214646579333104,0.121844906419871,0.0303043693194799,0.115207381803902,0.00993196552498559,0.24205235752032,0.315011690139466
2026,29487,"Blake Dunn","CIN",4,"batx,steamer,oopsy,atc",9,30.098,0.875047455371271,0.0784472645147142,0.023387924200623,0.00197402504367912,0.0152885258659925,0.00445366337165785,0.205050880939055,0.0961061671008854,0.0112005293306013,0.0787540633065282,0.0438422948656632,0.234331155048105,0.28349814545377
2026,29490,"Jackson Merrill","SDP",4,"batx,steamer,oopsy,atc",9,609.737888888889,0.916774940825486,0.0664551108104967,0.050907519648722,0.00567889539377831,0.00554028520577271,0.00421751786579736,0.246465605278824,0.129241075978895,0.0377108713073688,0.131612399375859,0.0128201787302934,0.268839814771661,0.312920716089321
2026,29518,"James Wood","WSN",4,"batx,steamer,oopsy,atc",9,606.325222222222,0.870777091597667,0.11593214160806,0.0475134821018218,0.00340825385145016,0.00628444919430127,0.00832647202946151,0.224264537508556,0.133886574483507,0.0395764729324894,0.1272165722078,0.0266781855799494,0.257545288768546,0.340196679116616
2026,29524,"Bryce Teodosio","LAA",4,"batx,steamer,oopsy,atc",9,222.597444444444,0.918278409949408,0.0539007844258192,0.0367664764348979,0.00720071201336351,0.01460475965821,0.00982109564679627,0.193267262946847,0.102356203436156,0.0143877793476357,0.0767296227718678,0.042740272051495,0.210466957355009,0.247168047372667
2026,29547,"Ryan Bliss","SEA",4,"batx,steamer,oopsy,atc",9,76.5748888888889,0.900688988555028,0.0788163733666494,0.0403276849054087,0.00329455778501944,0.013642541367515,0.0183819125265771,0.191536933544412,0.111581990781834,0.0211420507346376,0.0928111517707804,0.0588307018310881,0.212656017757799,0.270353306911061
2026,29554,"Adrian Del Castillo","ARI",4,"batx,steamer,oopsy,atc",9,173.584222222222,0.89931050330079,0.083656321708019,0.0475285209898416,0.00452874816123549,0.0082003511133198,0.00069540808679604,0.20575687785114,0.108632440304599,0.0309028624153693,0.116916506732393,0.00202656572501884,0.22879403398041,0.289413199559159
2026,29571,"Tim Tawa","ARI",4,"batx,steamer,oopsy,atc",9,156.111222222222,0.906119322275254,0.0755468058463544,0.0430641851962057,0.00450678830858401,0.00731214039940996,0.00629853770170867,0.204706196874377,0.109866640572456,0.0264190791307576,0.10843849603458,0.0196522509139218,0.225915276103331,0.280253002720732
2026,29573,"Billy Cook","PIT",3,"batx,steamer,oopsy",8,17.671625,0.892149843825728,0.0408422291869939,0.0259869646941455,0.00211351193784159,0.00695565942744574,0.00377178803753387,0.177117521247399,0.117022695166639,0.0141904535755758,0.113523138214381,0.0141557053572709,0.198528893406383,0.217959750434393
2026,29575,"Trey Sweeney","DET",4,"batx,steamer,oopsy,atc",9,46.0727111111111,0.913117815644562,0.0766734222972335,0.0490908970653673,0.00391954538056326,0.00493987496133929,0.00312981299430657,0.200338784804051,0.119660285832022,0.0156888319241981,0.0870610961154611,0.0114824523136223,0.21940080608616,0.277012207101284
2026,29576,"Ben Rice","NYY",4,"batx,steamer,oopsy,atc",9,525.841777777778,0.875444001806481,0.101813098618366,0.0414997792690852,0.00353986572158696,0.0148220172805281,0.00319570769955408,0.216927857108021,0.134819478725485,0.0490323260611043,0.140470753087891,0.00888650360444197,0.247791813822917,0.318740955726387
2026,29591,"Colton Cowser","BAL",4,"batx,steamer,oopsy,atc",9,486.927,0.88112887701989,0.0965914238103797,0.042596428057489,0.00183896262892088,0.0136688240557075,0.00690206243105755,0.204894822232721,0.124984043287368,0.0398658797615222,0.124020235320573,0.023927173061678,0.232536723714817,0.301486246043101
2026,29592,"Connor Norby","MIA",4,"batx,steamer,oopsy,atc",9,467.631888888889,0.910532693508419,0.0704638476225697,0.0460426973637742,0.0037916552866245,0.00935786405689887,0.00556988184468802,0.220171401122032,0.109532169014809,0.0285338092251735,0.112486934495587,0.017740717271605,0.241805047409862,0.290635248744602
2026,29606,"Justyn-Henry Malloy","TBR",4,"batx,steamer,oopsy,atc",9,126.344222222222,0.855634605031806,0.123384410522498,0.0403460415473855,0.00100328518998569,0.0116565258048819,0.00156370293193761,0.197803028705853,0.111960527087924,0.0275209612016775,0.104045220759294,0.00804484037886437,0.231176985529354,0.321187439228351
2026,29614,"Chad Stevens","COL",2,"steamer,oopsy",5,1.327168,0.962568209822214,0.0281640556240099,0.0183946488294314,0.00246435486710086,0.00479669072346418,0.00231033268790706,0.0875506072874494,0.0429281816581588,0.00873525787713431,0.0402437951064953,0.00781112480197148,0.0909552241535381,0.115714662911459
2026,29617,"Henry Davis","PIT",4,"batx,steamer,oopsy,atc",9,261.203444444444,0.8886923912648,0.0807850359245076,0.0401133351881041,0.0029690359678762,0.0201966941332596,0.00429304253275182,0.198009025587575,0.107813189131448,0.0284641738284881,0.105068564182168,0.0143493383240414,0.222809407995229,0.278794061512082
2026,29622,"Sal Frelick","MIL",4,"batx,steamer,oopsy,atc",9,515.508444444444,0.897543377983954,0.0813588706915939,0.040445623641944,0.00671359735457924,0.00992760817622358,0.00754010216236929,0.233634565002682,0.115084205102709,0.0143935751421195,0.0933472122132235,0.0299984598214297,0.260304483029519,0.314993435694276
2026,29630,"Joey Loperfido","HOU",4,"batx,steamer,oopsy,atc",9,371.939222222222,0.90888939828127,0.0647575972059851,0.0422027119787122,0.0057960358731113,0.0154644410383243,0.00492450320169563,0.211009951195462,0.110647863905333,0.0240843776556779,0.100932929095427,0.0194210982082204,0.232162407873264,0.275767548401447
2026,29634,"Will Wagner","SDP",4,"batx,steamer,oopsy,atc",9,58.8331444444444,0.898923392233717,0.0902292554384627,0.0463932218953739,0.00115115525697813,0.00497198644939333,0.00150336526784004,0.227729775993501,0.100314404104259,0.0093012799167631,0.0932421164743419,0.00476820074677929,0.253336132935222,0.317959031431964
2026,29646,"Caleb Durbin","BOS",4,"batx,steamer,oopsy,atc",9,519.458888888889,0.892345374906712,0.0674958807458013,0.0474375040593411,0.00304801701544645,0.0277413508406926,0.0107418096189077,0.227868267587159,0.112951071238519,0.0181109181701924,0.0989098525241018,0.0406330855718109,0.255358826296355,0.29536414833296
2026,29668,"Marcelo Mayer","BOS",4,"batx,steamer,oopsy,atc",9,398.768333333333,0.910038940516545,0.0743986122808884,0.05282661283898,0.00403222418154411,0.00526356599615099,0.00439258714978801,0.226485434425844,0.113892174393853,0.0273724111404832,0.115823729902707,0.0132981054616602,0.248874442996131,0.300884046706733
2026,29695,"Matt McLain","CIN",4,"batx,steamer,oopsy,atc",9,557.452111111111,0.883940355136234,0.0942505280753251,0.0413685523095651,0.00352180899077699,0.0121924883702711,0.00737804270387034,0.207985154222166,0.120951115167151,0.0318741884807031,0.10832727832745,0.0292556566852258,0.235293199381208,0.302235682297491
2026,29704,"Braxton Fulford","COL",4,"batx,steamer,oopsy,atc",9,179.393222222222,0.898728100697279,0.070154752282162,0.0453281299983385,0.00590516416351675,0.0197413973513901,0.00462163203372607,0.214754877428033,0.113111374841742,0.0285275080072648,0.110917761681951,0.0123582502935476,0.238954225712332,0.284909629710195
2026,29712,"Colson Montgomery","CHW",4,"batx,steamer,oopsy,atc",9,562.244222222222,0.888534926440524,0.0860912134813852,0.0361529478808529,0.00397532949367818,0.0164423024012924,0.00236918908192928,0.196938922524432,0.117872110155767,0.0399927558955809,0.119356571697303,0.00558144919112359,0.221644548417888,0.283030136005817
2026,29715,"Hunter Goodman","COL",4,"batx,steamer,oopsy,atc",9,545.065777777778,0.921590910821895,0.0604247533997494,0.0518296968056194,0.00438333096381066,0.00995489147509513,0.00224620906396763,0.235837875392796,0.126137491489563,0.0496959397456899,0.152015358773532,0.00422511586187748,0.255902996246426,0.296262628792545
2026,29766,"Zack Gelof","ATH",4,"batx,steamer,oopsy,atc",9,157.267777777778,0.90129791240801,0.0829227365919777,0.0411193446939307,0.00137935704478823,0.00687311670988199,0.00848076470555698,0.200090154601568,0.115868987602278,0.0336051837655937,0.109048789336417,0.0332188858918445,0.22200223904545,0.283012891193545
2026,29779,"Max Muncy","ATH",4,"batx,steamer,oopsy,atc",9,357.309222222222,0.911556692623239,0.0622873608368274,0.0462084473724311,0.00249708906243016,0.0141339353410652,0.00431980217222655,0.213608141999423,0.109111847450946,0.0284796388871632,0.109786796063697,0.0111035496252524,0.234333359327011,0.275895502836251
2026,29782,"Niko Kavadas","LAA",3,"batx,steamer,atc",6,21.4346666666667,0.869724306473377,0.106721174329011,0.0314387601416709,0.00183111876730126,0.015502712509359,0.00082989535461106,0.160428225163189,0.0983134914299592,0.0339262476590988,0.106417199034782,0.00271115029236276,0.184458711765462,0.267149399492199
2026,29788,"Brett Harris","ATH",4,"batx,steamer,oopsy,atc",9,112.127044444444,0.888902311975419,0.0849299774915681,0.0390501863250046,0.00132003634517735,0.0140371149282049,0.00280193120941332,0.2060998756791,0.106452688015636,0.0231500338388762,0.0970752783597414,0.0132870454573043,0.231858858844772,0.291029853170668
2026,29794,"Kyle Manzardo","CLE",4,"batx,steamer,oopsy,atc",9,495.750444444444,0.882124638491118,0.0976292448168952,0.0438060297018147,0.00197677281438244,0.0112855305645808,0.001347498053053,0.206887450859856,0.116924956275333,0.0437221308454936,0.135889013818529,0.00339483494002914,0.234533128123186,0.304516695676752
2026,29830,"Jack Winkler","HOU",3,"batx,steamer,oopsy",8,4.802245,0.948085495587244,0.039624912502695,0.0246704676262556,0.000804489126872085,0.00650570372663671,0.00373005941393361,0.11560436532405,0.0597347690186043,0.00944559348460206,0.0501502272930343,0.0192806273711413,0.121934536349429,0.155229277826745
2026,29844,"Liam Hicks","MIA",4,"batx,steamer,oopsy,atc",9,289.551,0.864060869012292,0.103246205370138,0.0394881468549158,0.00187506938733093,0.0204890513901687,0.00102109906223174,0.208052727101236,0.100106781197335,0.0131025521686553,0.0879734707952862,0.00444182902100326,0.240784804129669,0.311298932471375
2026,29858,"Denzel Clarke","ATH",4,"batx,steamer,oopsy,atc",9,375.827888888889,0.901726361912392,0.0736670620116907,0.04432673185098,0.00728786675566079,0.0150673914017468,0.00701896863225319,0.204297018661448,0.119822275495965,0.0226333349203029,0.0950528575945186,0.0337424043171713,0.226562100533661,0.277964080673139
2026,29912,"Darren Baker","CHW",2,"steamer,oopsy",5,6.01612,0.963743787065279,0.0300406933376661,0.0139346986403551,0.00128800691269765,0.00199995568783557,0.00379902956359903,0.0855667895098336,0.0355029061394504,0.00186701919455256,0.0294114606027931,0.0137072295296264,0.0887858273726415,0.1156074828475
2026,29931,"Jacob Young","WSN",4,"batx,steamer,oopsy,atc",9,308.162,0.899900056202119,0.0670461261165665,0.0369333344880095,0.00470723441641262,0.0140954486139557,0.0129080568190978,0.219542374029264,0.104185709926887,0.00722491539692348,0.0699464438763156,0.052943973437608,0.243963062915905,0.286588500145831
2026,29949,"Tyler Black","MIL",4,"batx,steamer,oopsy,atc",9,31.7893333333333,0.867866808115322,0.118670184581142,0.0232488757806365,0.00367773374142946,0.00871684789000172,0.00631947316855529,0.196906555448443,0.119850906734279,0.0113800387451104,0.0827668548336791,0.0477277246743225,0.226885685230951,0.315576740029585
2026,29958,"Harry Ford","WSN",4,"batx,steamer,oopsy,atc",9,253.077555555556,0.864289863735359,0.107697917440801,0.0393919682705034,0.00138231817729497,0.0154547321294814,0.00575708396809461,0.198207976332897,0.107772142608076,0.0213385675275185,0.0961061658569206,0.0198125789403203,0.229330441845361,0.305905893773698
2026,29976,"Jordan Lawlar","ARI",4,"batx,steamer,oopsy,atc",9,394.573111111111,0.896210057521734,0.0808664263747456,0.0469731101462433,0.00701194934592392,0.0126468163257266,0.00922028399069363,0.214790668306687,0.121233364953539,0.0224650830714131,0.101829402116504,0.0378936920976713,0.239665541023543,0.295657094681432
2026,29993,"Brady House","WSN",4,"batx,steamer,oopsy,atc",9,496.921666666667,0.93682373191569,0.0448911244558338,0.0422280564323876,0.00239883375723667,0.00886680191294925,0.00388029087531453,0.22620407231214,0.0980011008434196,0.02619221092569,0.107821228544357,0.0106084703088643,0.241458520536815,0.271095196767974
2026,29995,"Daylen Lile","WSN",4,"batx,steamer,oopsy,atc",9,533.374333333333,0.913233944606587,0.0650423499863687,0.0489599990935067,0.0124460154015105,0.0104995660382704,0.00800577571664448,0.242084293591511,0.121765749559353,0.0187828863922859,0.103994812711304,0.026813311246199,0.265084642353936,0.30712664357788
2026,30011,"Christian Encarnacion-Strand","CIN",4,"batx,steamer,oopsy,atc",9,51.8774222222222,0.904937657099247,0.0343977223520608,0.028334128415447,0.00152486724685751,0.00757688348615395,0.00120262146185416,0.244597623502132,0.122973868839913,0.0260648910804428,0.135223411116246,0.00350414339833784,0.270292236800249,0.278995345854193
2026,30028,"Bob Seymour",,2,"steamer,oopsy",5,4.099004,0.965182777727605,0.0271985970864852,0.0146555991362113,0.00168276458100648,0.00320091088778407,0.00063103671787743,0.083205392163027,0.044145133872382,0.0151082993903408,0.0473414720303263,0.00228636491984576,0.0862068761306776,0.110403989249512
2026,30038,"Carson Williams","TBR",4,"batx,steamer,oopsy,atc",9,376.409666666667,0.901048533521157,0.080240970898257,0.0361742495808083,0.00667569156693314,0.010141601314753,0.00920947452787483,0.190546605186325,0.1158512292479,0.0332254447436412,0.109610573309541,0.0279102508834775,0.21147207736047,0.270787576084582
2026,30063,"Tristan Peters","CHW",4,"batx,steamer,oopsy,atc",9,32.5996444444444,0.90346504070545,0.0856418926726397,0.0438312416453669,0.00282328241217244,0.00472569436759311,0.00251285788856975,0.197014574257098,0.0976377431714902,0.0120460084588692,0.0919291207608782,0.00912751627033315,0.218065520391651,0.282656466929738
2026,30116,"Seiya Suzuki","CHC",4,"batx,steamer,oopsy,atc",9,585.024,0.880138567187012,0.10510412790695,0.043948050324276,0.00420113250431965,0.00657304718380795,0.00551106999440289,0.224835137446932,0.133826254324751,0.0433571692254075,0.137795717689747,0.0140808490257776,0.255454249852409,0.329939265353882
2026,30162,"Oscar Colás",,2,"steamer,oopsy",5,9.74788,0.964693896290725,0.0280003672982155,0.0143508659929951,0.00164759485257787,0.00320074159258757,0.00169132083061868,0.0789568730678583,0.0388584021653104,0.00970017096857414,0.0395020485620712,0.00474164505874585,0.0818465560645192,0.106957240366074
2026,30163,"César Prieto","STL",4,"batx,steamer,oopsy,atc",9,33.2667111111111,0.935573500786213,0.051747123819336,0.0557738036879994,0.00169820307387624,0.00639270985239167,0.00295220103868843,0.225098150185003,0.0854511608875809,0.00856642710032872,0.0857552806063331,0.00779256434964644,0.240599108456835,0.276845274004339
2026,31166,"Heston Kjerstad","BAL",4,"batx,steamer,oopsy,atc",9,47.0474,0.911382464807036,0.0615103750216782,0.0361671009533217,0.00231881072603918,0.0215925678974561,0.00116687382047131,0.21573663064435,0.109000671896701,0.0282153349592166,0.110098919188464,0.00355686245671411,0.236713607047538,0.277247005666028
2026,31347,"Zach Neto","LAA",4,"batx,steamer,oopsy,atc",9,636.455888888889,0.894730452670081,0.0699052830413055,0.0473514411009799,0.00227456265789664,0.0254903246125232,0.0136509284808744,0.225631978712406,0.132794525374431,0.0421859352641645,0.123704659751483,0.0438928219802906,0.252178718226331,0.295537261753711
2026,31349,"Victor Scott II","STL",4,"batx,steamer,oopsy,atc",9,511.657111111111,0.894413468980518,0.0752332443343587,0.0341892630418728,0.00564885806588773,0.0147930683153289,0.0120062064488221,0.199027180787827,0.109883836266302,0.014670971298307,0.0756381431636113,0.0644028759494526,0.22252256667678,0.274260425122186
2026,31354,"Jimmy Crooks","STL",4,"batx,steamer,oopsy,atc",9,103.114888888889,0.907832144327371,0.0706777001417432,0.0421217730635247,0.0019937876760368,0.0112432045561559,0.000664598356053703,0.215645385459513,0.101609233480457,0.0215893828047094,0.102103579081356,0.00253568375410997,0.237538830065649,0.286323085601256
2026,31357,"Nathan Church","STL",4,"batx,steamer,oopsy,atc",9,175.421666666667,0.915033847959459,0.0609369464144117,0.0403736760448957,0.00489101287471525,0.0113974652448834,0.00576728778991417,0.228670151714339,0.10374543852099,0.0162589435088004,0.0907625953431621,0.0221955930805693,0.249903489607819,0.289607098128751
2026,31363,"Graham Pauley","MIA",4,"batx,steamer,oopsy,atc",9,282.339555555556,0.89616016691035,0.0839636940182263,0.0439822864650188,0.00308842376316192,0.00977228937559526,0.0037196254342539,0.205448257184164,0.105121428676166,0.0276311995323666,0.107915580066787,0.0135176224599221,0.229253948981551,0.28941195120239
2026,31370,"Jakob Marsee","MIA",4,"batx,steamer,oopsy,atc",9,561.639222222222,0.862432337144544,0.111716590193635,0.039671989887153,0.0056816596861387,0.0139324997163499,0.0144840579638693,0.197919799720253,0.123693434057661,0.02247150279771,0.0912855741102969,0.0591335552258157,0.22949023499693,0.309636389913889
2026,31382,"Dalton Rushing","LAD",4,"batx,steamer,oopsy,atc",9,183.476444444444,0.877464618325197,0.0979854947312297,0.0388759571417448,0.0016126474138335,0.016845405466407,0.000830224132989371,0.196602770222325,0.119371574980766,0.0344287479008139,0.119041578873356,0.00282577179599606,0.224057775226969,0.294588264953555
2026,31394,"Brooks Baldwin","CHW",4,"batx,steamer,oopsy,atc",9,346.619111111111,0.913933408182424,0.0670694083052509,0.0410435020141324,0.00378995003136699,0.00576774964317477,0.00538158276024285,0.22197117508758,0.109731118881161,0.0322387544812697,0.11086956481601,0.0203340781576967,0.242874560772456,0.289040583392831
2026,31396,"Tyler Locklear","ARI",4,"batx,steamer,oopsy,atc",9,177.392444444444,0.890866189771313,0.0808346063902438,0.0420127400848546,0.00216031326837513,0.0206807278741592,0.00616052543642868,0.208286923914322,0.111772422240246,0.0284512394083404,0.110842902893834,0.0207808590688365,0.233802703824454,0.289121530304566
2026,31431,"Jordan Beck","COL",4,"batx,steamer,oopsy,atc",9,532.478666666667,0.906316913730994,0.0785819172297432,0.04683155481397,0.00640499099180198,0.00564361309759681,0.00889340838495883,0.225357328876612,0.120872038707826,0.0299392814294583,0.114885026183176,0.0301285270522912,0.248651796587237,0.303939246106355
2026,31437,"Jace Jung","DET",4,"batx,steamer,oopsy,atc",9,56.3147222222222,0.869447590084087,0.111205704113915,0.0352152157764444,0.00216111730542376,0.00475696643362583,0.00122346473184875,0.189579031599461,0.106833784418577,0.0248095427420476,0.101616233708628,0.00337262883765369,0.218045381644138,0.300784735713377
2026,31490,"Wade Meckler","LAA",3,"batx,steamer,atc",6,35.5988833333333,0.894935626882606,0.0897380684999933,0.0397525683427613,0.00461185406045791,0.00609701000469661,0.00387649551801313,0.214207719962975,0.10015598105724,0.00942077892848131,0.0802333755994504,0.0148613761899764,0.23935545030109,0.303945788462968
2026,31500,"Ryan Ritter","COL",4,"batx,steamer,oopsy,atc",9,225.820444444444,0.896004465018669,0.0727380175990581,0.0447311217541362,0.00752005759294647,0.0178126302648503,0.00427289996338213,0.219213503969002,0.115184040810828,0.0223989935598774,0.0984474259679308,0.0166813647824356,0.244656709344004,0.29195152156806
2026,31505,"Sal Stewart","CIN",4,"batx,steamer,oopsy,atc",9,474.478222222222,0.901471386893533,0.0807276977613175,0.0500971568673448,0.000720898490454906,0.00861946323120229,0.00436246707118249,0.238073644702062,0.119644925606482,0.036247550691367,0.129833777563323,0.0135284307808961,0.264094510556195,0.318801342463379
2026,31522,"Tim Elko","CHW",3,"batx,steamer,oopsy",8,18.42255,0.956792419903477,0.0332687568212625,0.0225557444744139,0.000847104842176336,0.00511677420450271,0.00066114818953108,0.23839626890519,0.115179070839389,0.0203759881522012,0.122431078869805,0.00215797435974892,0.249161953989183,0.271665025726452
2026,31539,"Drake Baldwin","ATL",4,"batx,steamer,oopsy,atc",9,534.793888888889,0.893273981808747,0.0900848705881143,0.041589146274402,0.00202653754407857,0.00835539902698944,0.000916453698210327,0.234552894130402,0.123635345123414,0.0348122666972212,0.126382793730392,0.00158486804706328,0.26257665498716,0.324637764718516
2026,31545,"Drew Gilbert","SFG",4,"batx,steamer,oopsy,atc",9,111.979688888889,0.898455100568598,0.0774548072012074,0.0417637159168955,0.00293209544946764,0.0135390903301767,0.00237220756740682,0.204649715525665,0.109956719810394,0.0240901159871745,0.10029785030207,0.0127298077390195,0.227779568946907,0.282104522726873
2026,31562,"Zach Dezenzo","HOU",4,"batx,steamer,oopsy,atc",9,106.434333333333,0.909193168332689,0.0761188472249216,0.0415236850342725,0.000957968241166556,0.00910643528112983,0.0023333556259213,0.210702395017854,0.11052556986141,0.0296473193691628,0.109318935526717,0.0117107843520203,0.23174656646865,0.286821242242776
2026,31564,"Alan Roden","MIN",4,"batx,steamer,oopsy,atc",9,198.332777777778,0.884987809898402,0.0835084847316311,0.0448230988437535,0.00458894371453714,0.0208272301705837,0.00440932108134432,0.221808296674484,0.113986180780385,0.0171030927588612,0.0957412307040832,0.0150410192140256,0.25063429596838,0.305316781406115
2026,31567,"Trey Lipscomb","WSN",4,"batx,steamer,oopsy,atc",9,26.3449,0.931575655546368,0.0588717103190112,0.0516247756286715,0.00167208193338602,0.00380005518116299,0.00441152012360044,0.213414888962812,0.0813336461131049,0.00714568680520606,0.0789973198200599,0.0124540163517854,0.229090238342096,0.272286599281823
2026,31580,"Chase Meidroth","CHW",4,"batx,steamer,oopsy,atc",9,530.574222222222,0.868051746324416,0.10652734348947,0.0370601164587492,0.00213045851849896,0.0147733027082867,0.00697697943173685,0.218884725579919,0.11346080405061,0.0128192513953308,0.0788962791239665,0.0218631105344459,0.252156310389031,0.32541206906939
2026,31583,"Zach Cole","HOU",4,"batx,steamer,oopsy,atc",9,334.115888888889,0.895822051585602,0.0826073175612488,0.0381138499072371,0.00742298192371594,0.0136488257908648,0.00690328847920605,0.18868083260048,0.119986268783575,0.0330449311162637,0.10891204695772,0.0269364918508686,0.210623116797042,0.271288150161729
2026,31595,"Brooks Lee","MIN",4,"batx,steamer,oopsy,atc",9,536.371,0.918021717751749,0.0659389502420202,0.0433274279071143,0.00234516440061901,0.00573180897574782,0.00276861191927994,0.224684938360935,0.105319538374647,0.0249933892677328,0.108760097959439,0.00749610884222015,0.244749044620853,0.290623888602955
2026,31661,"Jacob Melton","TBR",4,"batx,steamer,oopsy,atc",9,143.009111111111,0.9128706847686,0.0725890817880335,0.0420524920335904,0.00238385890764411,0.00660912277460097,0.0121395683175457,0.201649227156816,0.109360903597541,0.0256447809033481,0.10105617362693,0.0532729974210475,0.22089571997586,0.274238308944849
2026,31665,"Alex Freeland","LAD",4,"batx,steamer,oopsy,atc",9,64.4823222222222,0.87263700099714,0.107603119265707,0.0400027391169556,0.00151537458949638,0.0139339958997464,0.00405131644389926,0.189729834582921,0.112120653471422,0.0232465969055441,0.100613922621371,0.0205753022234732,0.217421258055895,0.297332953848628
2026,31680,"Cole Young","SEA",4,"batx,steamer,oopsy,atc",9,361.555666666667,0.880113593919739,0.0956203585723936,0.0425428450001354,0.0042144747907601,0.0131778158242144,0.00560059879615798,0.208864579165347,0.112537333229912,0.0196879829714436,0.0971461327521088,0.0153677003557986,0.237315479056667,0.304484937737741
2026,31695,"Dylan Beavers","BAL",4,"batx,steamer,oopsy,atc",9,373.580111111111,0.871921783803625,0.111469094848028,0.042570923560448,0.00438554412682433,0.00585180579661049,0.00731941883007597,0.210130937446561,0.125481022134323,0.0283339884409723,0.106980368483308,0.0278911880502077,0.240997462558966,0.321600032294589
2026,31765,"Nacho Alvarez Jr.","ATL",4,"batx,steamer,oopsy,atc",9,34.0384888888889,0.88272631807483,0.101268829504419,0.0248651142595711,0.00202171697537944,0.0101138160449386,0.0029338288050454,0.191231976886858,0.120101228179417,0.010039424545376,0.109601640319584,0.00781149602775868,0.216637901205804,0.292500806391277
2026,31781,"Jackson Holliday","BAL",4,"batx,steamer,oopsy,atc",9,478.362111111111,0.879043925545713,0.104330274593094,0.0437223054542156,0.00413141154674274,0.00752561631807437,0.00889534794184659,0.221052380435114,0.130581813321243,0.0272564734792342,0.105847359589506,0.0272841499634513,0.251469095014659,0.325382655028208
2026,31792,"Otto Kemp","PHI",4,"batx,steamer,oopsy,atc",9,220.527777777778,0.891591582075801,0.0697648917502691,0.0442238392947707,0.00396393528450111,0.0284461541535649,0.00648357558712809,0.208896136868795,0.11852530643116,0.0296495331586052,0.111911092220336,0.0173499172173793,0.234295770696314,0.278661028619064
2026,31793,"Rhylan Thomas","SEA",3,"batx,steamer,oopsy",8,15.87095,0.950778807102873,0.0358711533758167,0.0266566082696476,0.000792637257464331,0.00389660346419959,0.00467032311075241,0.253955266468521,0.115488903244774,0.00560673362840113,0.107377416268742,0.0186608151545475,0.267102363421783,0.289826419844338
2026,31812,"Roman Anthony","BOS",4,"batx,steamer,oopsy,atc",9,594.562444444444,0.859781165846396,0.124599266593039,0.0510496091119687,0.00430981051947231,0.00736723003851483,0.00526622138033779,0.227211534386498,0.138004533213239,0.0306460405588544,0.115503293784825,0.0151669274837045,0.264266703449852,0.351810800979537
2026,31837,"Masataka Yoshida","BOS",4,"batx,steamer,oopsy,atc",9,190.504888888889,0.90277197557287,0.0731325123438582,0.0492576406645057,0.00135571339495461,0.0162005636161647,0.00166532185169498,0.244641461750036,0.113385949090267,0.0239922768824702,0.11708422914762,0.00974036071725106,0.270989206986398,0.317773974093895
2026,31855,"Colby Thomas","ATH",4,"batx,steamer,oopsy,atc",9,244.140111111111,0.91930828779681,0.0547951314325037,0.050761730406238,0.00338186923530958,0.0165066101524327,0.00460076617726081,0.216861096010133,0.118857875854192,0.0368748278684485,0.123998947897401,0.0164140891680878,0.235895943601092,0.271656227442636
2026,31912,"Chandler Simpson","TBR",4,"batx,steamer,oopsy,atc",9,429.163444444444,0.926138452051497,0.0563555738602903,0.0355803518441967,0.00775210392523043,0.0019517375151496,0.0188663240651495,0.258717178469853,0.115929733335557,0.00274848077405952,0.0729795699774655,0.0914148930986278,0.279350433940807,0.315072752330143
2026,31991,"Rafael Flores Jr.","PIT",4,"batx,steamer,oopsy,atc",9,58.4931777777778,0.904444453699246,0.0787705670158396,0.0421144418973312,0.00108267299668616,0.00471766212833334,0.000913098113058105,0.212462110219588,0.10394890089579,0.0238739966907618,0.106500812292792,0.003778287506936,0.234908964669529,0.291232677235427
2026,32127,"Chase DeLauter","CLE",4,"batx,steamer,oopsy,atc",9,462.735111111111,0.899159756771575,0.0861511868443482,0.0472132504252548,0.00227149182297443,0.0054772992204383,0.00220009458870975,0.221503671050368,0.108834717483629,0.0272863164591274,0.110533271372271,0.00728762406672945,0.246345178798565,0.307654857894716
2026,33098,"Carson McCusker",,2,"steamer,oopsy",5,3.948968,0.968208952728124,0.0239978405287838,0.0162485876246055,0.000783524954553164,0.00360230375447003,0.00123739611725164,0.0770434354702702,0.0387367093385186,0.0117337639535523,0.0414694914970821,0.00369307798700973,0.0795731492186525,0.101041275999054
2026,33189,"Nolan Schanuel","LAA",4,"batx,steamer,oopsy,atc",9,595.669333333333,0.862741136323507,0.111459564151066,0.0392672950392609,0.00257964796564722,0.0148464899132527,0.00283192717688788,0.224756609153625,0.116508567899397,0.0198302562356267,0.0964389616070205,0.0105780117355344,0.260514538707873,0.336216173304691
2026,33197,"Ben Williamson","TBR",4,"batx,steamer,oopsy,atc",9,237.982777777778,0.912623777102214,0.0656599510401033,0.0455138497514406,0.00402213209311486,0.0102055083381371,0.00501672486710718,0.228390280006441,0.103589866589501,0.0107739279166052,0.088738937830254,0.0186125352065853,0.250256771450369,0.294050231046545
2026,33252,"Kyle Karros","COL",4,"batx,steamer,oopsy,atc",9,228.240444444444,0.895134070020165,0.0842967754141179,0.0481787333289968,0.00424249588748727,0.0101687283301627,0.00166660317713683,0.231413345036003,0.109423175213063,0.0181856624965649,0.101321061180402,0.00686595977111869,0.258523670125515,0.315710120450121
2026,33266,"Jacob Wilson","ATH",4,"batx,steamer,oopsy,atc",9,567.910111111111,0.921523751778997,0.0560567576541655,0.0538055195124561,0.00258397367533968,0.0120361835941788,0.00327153433000908,0.271793820306119,0.118602197507907,0.0179218671729577,0.110118611952506,0.00907359106370877,0.294939571314817,0.327850577960285
2026,33280,"Brice Matthews","HOU",4,"batx,steamer,oopsy,atc",9,72.4307222222222,0.888803619139007,0.0919632996476773,0.0361580320711031,0.00264893915761973,0.0125096705713658,0.0105213954733199,0.191012783060926,0.118603433564022,0.0339545106490008,0.102325371162982,0.0468093562357372,0.214909996930438,0.282976082708603
2026,33321,"Luke Keaschall","MIN",4,"batx,steamer,oopsy,atc",9,533.648555555556,0.877592922352778,0.0936058262131924,0.0487568006828588,0.00270224221355821,0.0190134041417682,0.0110589878643988,0.231764048139388,0.122173972196713,0.020996440332863,0.104717874103371,0.0419584648488462,0.264090607656727,0.32536987435258
2026,33322,"Matt Shaw","CHC",4,"batx,steamer,oopsy,atc",9,277.216888888889,0.893851468575642,0.0858826236850945,0.0400189585502657,0.00601118506138613,0.0100403590502586,0.0100951019539952,0.215910907261498,0.122579794067899,0.0282021289532422,0.106374150796191,0.0370740307640295,0.241551213878469,0.301793530946593
2026,33333,"Wyatt Langford","TEX",4,"batx,steamer,oopsy,atc",9,611.347444444444,0.867185862455788,0.115857841953108,0.0448353188574327,0.00379275518676904,0.0089887725226194,0.00924540952730067,0.220222423234942,0.138515834058526,0.0402841767144462,0.12527300068798,0.034272448830313,0.253950661293408,0.33608026518805
2026,33390,"Bryce Eldridge","SFG",4,"batx,steamer,oopsy,atc",9,382.774777777778,0.902082921453129,0.0829077697357688,0.0421886861548435,0.00103443729793847,0.00641957361568633,0.000747572225428264,0.209213513746352,0.109665766223775,0.0386536115537194,0.126115235507096,0.0038654237746657,0.2319227077366,0.292121283482121
2026,33541,"Dylan Crews","WSN",4,"batx,steamer,oopsy,atc",9,560.690666666667,0.906927314983108,0.0685784188773469,0.0399102087164148,0.00611374079235879,0.0157435112762725,0.0131890475890232,0.217319600187587,0.116253633738861,0.0300570069125898,0.107817569033281,0.0424517336007319,0.239621849069167,0.285898019064934
2026,33549,"Kyle Teel","CHW",4,"batx,steamer,oopsy,atc",9,384.218222222222,0.872601835705542,0.108648059060432,0.0376610444842223,0.0019256938940129,0.00893867158607179,0.00332567078093843,0.212428414144244,0.113799724298495,0.026998066853633,0.102521933703028,0.0127040816819537,0.243442547851719,0.321076473204677
2026,33644,"Kristian Campbell","BOS",4,"batx,steamer,oopsy,atc",9,106.520422222222,0.879263970503008,0.0948181611971578,0.0408014847157745,0.00201588174013632,0.0174785812169985,0.00286841657211792,0.218267302600772,0.118376641419614,0.0223630587843378,0.104517940616354,0.0122503043228002,0.248238651784976,0.31308546379793
2026,33704,"CJ Kayfus","CLE",4,"batx,steamer,oopsy,atc",9,273.332222222222,0.889877711019621,0.0874370426755085,0.0437804838947652,0.00645721268595158,0.0128076158515354,0.00325877281564349,0.208323612574694,0.115706638468158,0.0273190521766473,0.107956131200214,0.00971665166574627,0.234103641427311,0.295760655250202
2026,33824,"Jung Hoo Lee","SFG",4,"batx,steamer,oopsy,atc",9,559.719666666667,0.900846280049319,0.0796957000879332,0.0540164612918262,0.00891881749222004,0.00929091679711087,0.00533543451014823,0.243768657004949,0.121931495431839,0.0165360669747276,0.103762845391428,0.0157346283272312,0.270599615498888,0.323464357092883
2026,34979,"Christian Moore","LAA",4,"batx,steamer,oopsy,atc",9,344.253555555556,0.894241474455691,0.0881845812911352,0.0347088015526371,0.00535644585223704,0.00716986215796697,0.00515833299226136,0.201346129364804,0.10993150279109,0.028227296302644,0.100715358978049,0.0162752085297218,0.225158567474585,0.28953071065594
2026,35041,"Jac Caglianone","KCR",4,"batx,steamer,oopsy,atc",9,451.481444444444,0.904378216139669,0.075698330106201,0.0435657505594469,0.00378426132811931,0.0124881620246028,0.00211773596016159,0.222971447289652,0.120275809806284,0.0381461979875103,0.127743658786685,0.00581064142093102,0.24654668070335,0.298669777395853
2026,35108,"Cam Smith","HOU",4,"batx,steamer,oopsy,atc",9,453.090444444444,0.892270561528056,0.0856580240517774,0.042701070668256,0.00478308666022269,0.0123278961583492,0.00396359915607572,0.215571142062653,0.117692641373551,0.0242098130067451,0.10367745896748,0.0135997547676667,0.241598402275513,0.301229166114431
2026,35110,"Nick Kurtz","ATH",4,"batx,steamer,oopsy,atc",9,571.348333333333,0.868558794679195,0.117161316800428,0.0429110996444824,0.00334693830972076,0.00639096331171892,0.00176198099573154,0.224789816422427,0.149172618680277,0.0596138400795839,0.154669004981424,0.00575533358808244,0.258807829475095,0.341951133222855
2026,35322,"Hyeseong Kim","LAD",4,"batx,steamer,oopsy,atc",9,142.476888888889,0.923052630651785,0.0584107316876133,0.0387516527107102,0.00653639813808217,0.00673602112223847,0.0108773369944177,0.222159455339649,0.11326345590359,0.0164934865281359,0.0931808321547996,0.0458253326604282,0.24067907718629,0.280570187027262
2026,,"A.J. Ewing","NYM",2,"steamer,oopsy",5,1,0.9574,0.03508,0.0166,0.00196,0.0032,0.00472,0.08532,0.04236,0.0054,0.03576,0.0164,0.0891163567996658,0.1204
2026,,"A.J. Vukovich","ARI",4,"batx,steamer,oopsy,atc",9,27.7497444444444,0.925412001794212,0.0656191101401956,0.0518973681812072,0.00236859314291972,0.00394306711691653,0.00146418271987592,0.214947325358404,0.119906494428098,0.017238175817077,0.0995798690159509,0.00555406206401648,0.232272031205192,0.2805664354986
2026,,"Aaron Antonini","DET",2,"steamer,oopsy",5,1,0.96064,0.02864,0.01308,0.0018,0.0064,0.00156,0.07164,0.03768,0.00876,0.03616,0.0052,0.0745752831445703,0.10028
2026,,"Aaron Bracho",,2,"steamer,oopsy",5,2.106356,0.964089232558572,0.0279986935359238,0.0149340527737135,0.00118962582550207,0.00360074245397502,0.00131708573537729,0.0761679178096014,0.0383760545315981,0.00867789553067137,0.0374307268666902,0.00422742034419486,0.0790050497789104,0.104166611345525
2026,,"Aaron McKeithan","SEA",2,"steamer,oopsy",5,1,0.95588,0.033,0.01256,0.00108,0.0068,0.00092,0.0744,0.03764,0.0066,0.03424,0.003,0.0778340377453237,0.1074
2026,,"Aaron Palensky",,1,"steamer",2,1,0.8782,0.096,0.0406,0.0032,0.015,0.0068,0.1855,0.1079,0.0269,0.1005,0.0223,0.211227510817581,0.2815
2026,,"Aaron Parker","TOR",2,"steamer,oopsy",5,1,0.96896,0.02272,0.01152,0.00076,0.004,0.00108,0.06936,0.03548,0.00904,0.03588,0.00364,0.0715819022457067,0.09208
2026,,"Aaron Pinero","TBR",1,"steamer",2,1,0.9256,0.0516,0.0184,0.0013,0.012,0.0028,0.1388,0.0625,0.0064,0.0566,0.0093,0.149956784788245,0.1904
2026,,"Aaron Sabato","MIN",2,"steamer,oopsy",5,1.794192,0.961496308801265,0.0310033897396734,0.0152739258008762,0.000830687192679234,0.00320216514597318,0.000669909026354221,0.073006685692083,0.0403955142891595,0.0122861315433364,0.0412262014818388,0.00222409796749601,0.0759302818157496,0.104010075431756
2026,,"Aaron Salazar","MIN",1,"steamer",2,1,0.9221,0.0561,0.0143,0.0011,0.011,0.0028,0.1084,0.0569,0.0073,0.0503,0.0092,0.117557748617287,0.1645
2026,,"Aaron Shackelford",,1,"steamer",2,1,0.8972,0.079,0.0363,0.0038,0.013,0.0035,0.1782,0.099,0.0258,0.0963,0.0119,0.198617922425323,0.2572
2026,,"Aaron Zavala","TEX",2,"steamer,oopsy",5,3.983656,0.950049768652605,0.041640166730897,0.0131550015722638,0.00134765472613055,0.00400040666072438,0.00160299983213424,0.0691843378877758,0.0386185829765201,0.00748539449636724,0.0339561704854158,0.00496031511477526,0.0728218038365459,0.110824504618673
2026,,"Abdias De La Cruz","ARI",2,"steamer,oopsy",5,1,0.96776,0.02432,0.011,0.00096,0.0036,0.00132,0.0648,0.0296,0.00236,0.02596,0.00436,0.0669587501033314,0.08912
2026,,"Abel Bastidas",,2,"steamer,oopsy",5,1,0.97408,0.018,0.01128,0.001,0.0036,0.00084,0.06768,0.02876,0.00312,0.027,0.0028,0.0694809461235217,0.08568
2026,,"Abel De Leon","CHC",1,"steamer",2,1,0.9352,0.044,0.013,0.0013,0.01,0.003,0.1182,0.059,0.0104,0.0566,0.0099,0.126390076988879,0.1622
2026,,"Abel Lorenzo","LAD",2,"steamer,oopsy",5,1,0.96988,0.0214,0.00616,0.00048,0.0044,0.00152,0.05096,0.02776,0.00532,0.02604,0.00504,0.0525425825875366,0.07236
2026,,"Abel Pena",,1,"steamer",2,1,0.9452,0.033,0.0138,0.0013,0.011,0.0022,0.1239,0.0585,0.0115,0.0592,0.0074,0.131083368599238,0.1569
2026,,"Abel Valdes","TEX",1,"steamer",2,1,0.9071,0.0701,0.0124,0.0012,0.012,0.0023,0.112,0.062,0.0085,0.0531,0.0075,0.123470400176386,0.1821
2026,,"Abelardo Medrano","DET",1,"steamer",2,1,0.9419,0.0373,0.015,0.0019,0.01,0.0029,0.1277,0.0612,0.0126,0.0616,0.0098,0.135577025161907,0.165
2026,,"Abimelec Ortiz","WSN",4,"batx,steamer,oopsy,atc",9,238.156666666667,0.904079742097777,0.0768949291379415,0.0403222464291152,0.00318316758857273,0.00900159506174836,0.002352418908766,0.204837785870536,0.105893240337735,0.0349896149674524,0.116249238408784,0.0035316097359809,0.226570485248615,0.281732715008477
2026,,"Abraham Bastidas","SDP",1,"steamer",2,1,0.9212,0.055,0.0178,0.0012,0.013,0.0026,0.138,0.0636,0.0052,0.055,0.0085,0.149804602692141,0.193
2026,,"Abraham Cohen",,1,"steamer",2,1,0.9112,0.067,0.0159,0.0013,0.011,0.0029,0.1227,0.0649,0.0093,0.0569,0.0097,0.134657594381036,0.1897
2026,,"Abraham Nunez","CHW",2,"steamer,oopsy",5,1,0.96964,0.02244,0.009,0.00084,0.0036,0.00272,0.06648,0.0308,0.00548,0.02912,0.00848,0.0685615279897694,0.08892
2026,,"Abrahan Gutierrez","NYY",2,"steamer,oopsy",5,1,0.96424,0.02704,0.01564,0.00116,0.0044,0.00112,0.07968,0.03804,0.0064,0.03536,0.00364,0.0826350286235792,0.10672
2026,,"Abrahan Ramirez","MIA",2,"steamer,oopsy",5,1,0.95664,0.03544,0.01096,8e-04,0.0036,0.00152,0.06628,0.03084,0.002,0.02512,0.00504,0.0692841612309751,0.10172
2026,,"Adam Brett Walker",,1,"steamer",2,1,0.9402,0.039,0.0397,0.004,0.01,0.0038,0.2037,0.1,0.031,0.1088,0.0129,0.21665603063178,0.2427
2026,,"Adam Hackenberg","CHW",2,"steamer,oopsy",5,1.253852,0.962846638077118,0.0288505655714137,0.0130916476511504,0.000587288866593663,0.00398867021894863,0.00112563699430452,0.0705725454690052,0.033304172809749,0.00567712571040541,0.0307837247572845,0.00379290726341741,0.0732957281856893,0.0994231110404189
2026,,"Adam Hall",,2,"steamer,oopsy",5,1,0.96248,0.026,0.0134,0.00204,0.0072,0.003,0.07396,0.03424,0.00236,0.02816,0.01188,0.0768431551824453,0.09996
2026,,"Adam Retzbach","BAL",2,"steamer,oopsy",5,1,0.959,0.03148,0.01356,0.0012,0.0052,0.00076,0.06704,0.03688,0.0082,0.03452,0.00248,0.0699061522419187,0.09852
2026,,"Adam Zebrowski","ATL",2,"steamer,oopsy",5,1,0.96544,0.02624,0.01332,0.00092,0.004,0.00084,0.0712,0.03628,0.00804,0.03528,0.0028,0.0737487570434206,0.09744
2026,,"Adan Chacon",,1,"steamer",2,1,0.9352,0.045,0.0146,0.0014,0.009,0.0027,0.1318,0.0646,0.0135,0.064,0.0089,0.140932420872541,0.1768
2026,,"Adan Sanchez",,2,"steamer,oopsy",5,1,0.97208,0.0192,0.00648,0.00056,0.0044,0.0014,0.05404,0.02564,0.00368,0.02384,0.00456,0.0555921323347873,0.07324
2026,,"Adari Grant",,1,"steamer",2,1,0.9282,0.049,0.024,0.0023,0.012,0.0045,0.1591,0.0723,0.009,0.0663,0.0147,0.171407024348201,0.2081
2026,,"Adbiel Feliz","PIT",1,"steamer",2,1,0.9138,0.0664,0.0166,0.0017,0.009,0.0036,0.1422,0.0661,0.0045,0.0559,0.0121,0.155613919894944,0.2086
2026,,"Addison Kopack",,2,"steamer,oopsy",5,1,0.96568,0.026,0.01028,0.00096,0.004,0.00172,0.06032,0.03024,0.0048,0.02752,0.00552,0.0624637561096844,0.08632
2026,,"Adolfo Miranda","NYM",1,"steamer",2,1,0.9476,0.0306,0.0181,0.0014,0.011,0.0029,0.1482,0.0693,0.0155,0.0716,0.0097,0.156395103419164,0.1788
2026,,"Adolfo Sanchez","CIN",1,"steamer",2,1,0.9146,0.0636,0.0176,0.0014,0.011,0.003,0.138,0.0709,0.0132,0.0653,0.0101,0.150885633063634,0.2016
2026,,"Adrian Bello","MIA",1,"steamer",2,1,0.9178,0.0624,0.0157,0.0017,0.009,0.0024,0.1261,0.0628,0.0096,0.0575,0.0082,0.137393767705382,0.1885
2026,,"Adrian De Leon","ARI",2,"steamer,oopsy",5,1,0.95896,0.03152,0.00992,0.00072,0.0052,0.00084,0.0578,0.031,0.00456,0.02716,0.00276,0.0602736297655794,0.08932
2026,,"Adrian Garcia",,2,"steamer,oopsy",5,1,0.97728,0.0144,0.00764,0.00076,0.004,0.00128,0.05996,0.02552,0.00272,0.02416,0.00432,0.0613539620170269,0.07436
2026,,"Adrian Gil","CHW",2,"steamer,oopsy",5,1,0.96524,0.02484,0.00828,0.00056,0.0056,0.0018,0.05536,0.02932,0.0066,0.02784,0.00588,0.0573536115370271,0.0802
2026,,"Adrian Hoyte","DET",1,"steamer",2,1,0.9197,0.0585,0.0166,0.002,0.011,0.0028,0.1351,0.0662,0.01,0.0605,0.0094,0.146895726867457,0.1936
2026,,"Adrian Ibarra",,1,"steamer",2,1,0.9482,0.031,0.0165,0.0015,0.01,0.003,0.141,0.064,0.0129,0.0655,0.01,0.148702805315334,0.172
2026,,"Adrian Meza",,1,"steamer",2,1,0.9232,0.054,0.0163,0.0015,0.012,0.0034,0.1428,0.0651,0.0054,0.0568,0.0114,0.154679376083189,0.1968
2026,,"Adrian Pinto","TOR",2,"steamer,oopsy",5,1,0.96576,0.02512,0.0134,0.001,0.0048,0.00188,0.0782,0.03876,0.00856,0.03768,0.0062,0.0809724983432737,0.10332
2026,,"Adrian Placencia","LAA",2,"steamer,oopsy",5,1,0.95184,0.03984,0.01232,0.00124,0.004,0.00136,0.06692,0.037,0.00828,0.03352,0.00404,0.0703059337703816,0.10676
2026,,"Adrian Reyes",,1,"steamer",2,1,0.9202,0.06,0.0162,0.0015,0.009,0.0028,0.1203,0.0658,0.014,0.0625,0.0094,0.130732449467507,0.1803
2026,,"Adrian Rodriguez","ARI",2,"steamer,oopsy",5,1,0.96736,0.02392,0.00896,0.001,0.0044,0.00116,0.06192,0.0286,0.00252,0.02516,0.0038,0.0640092623221965,0.08584
2026,,"Adrian Santana","TBR",2,"steamer,oopsy",5,1,0.97024,0.02264,0.01288,0.00108,0.0028,0.005,0.07788,0.03312,0.00212,0.02832,0.01764,0.0802687994722955,0.10052
2026,,"Adrián Sugastey","SFG",2,"steamer,oopsy",5,1.20578,0.971937006834164,0.0205487140546073,0.0159793984614877,0.0017167948760276,0.00319587969229753,0.00110931361220245,0.0848889035623494,0.0370563570933342,0.00655023275776685,0.0367394103469907,0.00364488758295091,0.087339923231088,0.105437617616957
2026,,"Adriander Mejía","BAL",2,"steamer,oopsy",5,1,0.96412,0.02756,0.00676,0.00068,0.004,0.00104,0.05788,0.02908,0.00388,0.02536,0.00348,0.0600340206613285,0.08544
2026,,"Adriel Cuello",,1,"steamer",2,1,0.9472,0.031,0.0157,0.0015,0.011,0.0032,0.1312,0.0571,0.0067,0.0548,0.0107,0.138513513513514,0.1622
2026,,"Adriel Radney","ARI",1,"steamer",2,1,0.9313,0.0479,0.0183,0.0023,0.01,0.0032,0.1477,0.0693,0.0104,0.0658,0.0108,0.158595511650381,0.1956
2026,,"Aeverson Arteaga","SFG",2,"steamer,oopsy",5,1.092184,0.972316044406157,0.0205451619719455,0.015896493994116,0.00143035937779367,0.00279570242023308,0.001007753197991,0.0756139980170018,0.033548429042797,0.00542886400208052,0.032800741186223,0.00331583310306715,0.0777668932360188,0.0961591599889472
2026,,"Agustin Acosta","LAD",1,"steamer",2,1,0.9187,0.0585,0.0169,0.0014,0.012,0.0033,0.1313,0.0732,0.0151,0.0687,0.0111,0.142919342549254,0.1898
2026,,"Agustin Ruiz",,1,"steamer",2,1,0.8987,0.0765,0.0381,0.003,0.014,0.0031,0.1849,0.1022,0.0287,0.1016,0.0098,0.205741626794258,0.2614
2026,,"Ah-seop Son",,1,"steamer",2,1,0.9262,0.058,0.0396,0.0036,0.005,0.0038,0.2324,0.0934,0.0097,0.0866,0.0106,0.250917728352408,0.2904
2026,,"Ahbram Liendo","BOS",2,"steamer,oopsy",5,1,0.96172,0.03076,0.01392,0.00172,0.0032,0.00444,0.07728,0.03676,0.00356,0.03068,0.01548,0.080356028781766,0.10804
2026,,"Aidan Longwell","COL",2,"steamer,oopsy",5,1,0.96708,0.025,0.01596,0.00104,0.0036,0.00092,0.08628,0.03976,0.0086,0.03904,0.003,0.0892170244447202,0.11128
2026,,"Aidan Miller","PHI",4,"batx,steamer,oopsy,atc",9,48.3914111111111,0.885865872419496,0.0924110755879866,0.0447184133789868,0.00186265839723189,0.0164793735705131,0.0146967007521311,0.196869650573199,0.116715175056591,0.0223291882775499,0.0940297658019042,0.0538280967116097,0.222234151582682,0.289280726161186
2026,,"Aidan Smith","TBR",2,"steamer,oopsy",5,1,0.96092,0.03116,0.01152,8e-04,0.0036,0.00336,0.06764,0.03624,0.00856,0.03416,0.01188,0.0703908754110644,0.0988
2026,,"Aiden Taurek","SEA",2,"steamer,oopsy",5,1,0.9726,0.01908,0.01024,0.00072,0.004,0.00164,0.07,0.03216,0.00608,0.03164,0.00548,0.0719720337240387,0.08908
2026,,"Aiva Arquette","MIA",2,"steamer,oopsy",5,1,0.96752,0.02456,0.01148,0.00096,0.0036,0.00212,0.06924,0.0312,0.00404,0.02852,0.00704,0.0715644121051761,0.0938
2026,,"AJ Lewis","COL",1,"steamer",2,1,0.8829,0.0883,0.0423,0.004,0.018,0.0042,0.1952,0.1041,0.0221,0.0952,0.0133,0.221089591120172,0.2835
2026,,"AJ Salgado","NYM",1,"oopsy",3,1,1,0,0,0,0,0,0,0,0,0,0,0,0
2026,,"Alain Camou",,1,"steamer",2,1,0.9392,0.041,0.0258,0.0026,0.009,0.0035,0.1723,0.0726,0.0079,0.0685,0.0117,0.183454003407155,0.2133
2026,,"Alan Angulo","KCR",1,"steamer",2,1,0.9381,0.0411,0.0196,0.0025,0.01,0.0029,0.1591,0.0672,0.0052,0.0614,0.0096,0.169598123867392,0.2002
2026,,"Alan Escobar","CHW",1,"steamer",2,1,0.9321,0.0471,0.015,0.0012,0.01,0.0026,0.1433,0.0652,0.0117,0.0634,0.0087,0.153738869220041,0.1904
2026,,"Alan Espinal","COL",2,"steamer,oopsy",5,1,0.9754,0.01588,0.00932,0.00088,0.0044,0.00144,0.06364,0.02932,0.00592,0.02908,0.00472,0.0652450276809514,0.07952
2026,,"Alan Frias",,1,"steamer",2,1,0.9292,0.049,0.0126,0.0012,0.011,0.0028,0.1127,0.0608,0.0138,0.0594,0.0094,0.121287128712871,0.1617
2026,,"Albert Alberto",,1,"steamer",2,1,0.9222,0.056,0.0147,0.0013,0.011,0.0029,0.1216,0.0636,0.0117,0.0593,0.0097,0.131858599002386,0.1776
2026,,"Albert Carpio",,1,"steamer",2,1,0.9352,0.042,0.0174,0.0017,0.012,0.0035,0.1439,0.0631,0.0056,0.0575,0.0113,0.153870829769033,0.1859
2026,,"Albert Fabian","SDP",2,"steamer,oopsy",5,1,0.96364,0.02804,0.01644,8e-04,0.004,0.00148,0.0816,0.04168,0.01104,0.0418,0.00456,0.0846789257399028,0.10964
2026,,"Albert Feliz",,2,"steamer,oopsy",5,1,0.97288,0.0196,0.00916,0.00064,0.0032,0.00068,0.0606,0.03168,0.00988,0.03384,0.00224,0.0622892854206069,0.0802
2026,,"Albert Gutierrez","CHC",2,"steamer,oopsy",5,1,0.97688,0.0152,0.00632,0.00068,0.0036,0.00092,0.0546,0.02612,0.00572,0.02668,0.003,0.055892228318729,0.0698
2026,,"Albert Jimenez","SFG",1,"steamer",2,1,0.9317,0.0485,0.0183,0.0017,0.009,0.0021,0.1475,0.0691,0.0135,0.0683,0.007,0.158312761618547,0.196
2026,,"Alberth Palma","TBR",2,"steamer,oopsy",5,1,0.9658,0.02588,0.0092,0.00104,0.004,0.00192,0.06672,0.02932,0.00228,0.02548,0.00632,0.0690826258024436,0.0926
2026,,"Alberto Barriga","ARI",2,"steamer,oopsy",5,1,0.96456,0.02672,0.01036,8e-04,0.0044,0.0016,0.05852,0.0298,0.00388,0.02644,0.00512,0.0606701501202621,0.08524
2026,,"Alberto Hernandez","HOU",2,"steamer,oopsy",5,1,0.96884,0.02324,0.01028,0.00076,0.0036,0.00228,0.0648,0.03004,0.00288,0.02628,0.00732,0.0668841088311796,0.08804
2026,,"Alberto Mendez",,2,"steamer,oopsy",5,1,0.96808,0.0236,0.00968,0.00096,0.004,0.00132,0.06608,0.03036,0.00396,0.02768,0.00432,0.068258821584993,0.08968
2026,,"Alberto Rios","LAA",2,"steamer,oopsy",5,1,0.9678,0.02388,0.00956,0.00096,0.004,0.00108,0.0628,0.02988,0.00536,0.02812,0.0036,0.0648894399669353,0.08668
2026,,"Alberto Rodriguez","KCR",1,"steamer",2,4.05426,0.914026234133973,0.0651906883130337,0.0486401957447228,0.00429178197747554,0.00998949253377928,0.00456310152777572,0.217721606409061,0.102854774977431,0.018597721902394,0.0977490343490551,0.0143552707522458,0.238200609871279,0.282912294722095
2026,,"Albertson Asigen",,2,"steamer,oopsy",5,1,0.96328,0.028,0.00916,8e-04,0.0044,0.00236,0.0646,0.03236,0.00556,0.0292,0.00776,0.0670625363341915,0.0926
2026,,"Alcides Hernandez","SDP",1,"steamer",2,1,0.9061,0.0731,0.0139,0.0012,0.01,0.0033,0.126,0.0659,0.008,0.0558,0.0108,0.139057499172277,0.1991
2026,,"Aldalay Kolokie","COL",2,"steamer,oopsy",5,1,0.96708,0.0234,0.00828,8e-04,0.0052,0.00132,0.06524,0.03052,0.0048,0.02792,0.00444,0.0674608098606113,0.08864
2026,,"Aldo Gaxiola","TOR",2,"steamer,oopsy",5,1,0.97292,0.01876,0.00668,0.00052,0.004,0.00096,0.057,0.02772,0.00552,0.02724,0.00316,0.0585865230440324,0.07576
2026,,"Aldrin Lucas",,2,"steamer,oopsy",5,1,0.96448,0.0264,0.00764,0.00096,0.0048,0.00124,0.06008,0.03116,0.00648,0.0294,0.00404,0.0622926343729263,0.08648
2026,,"Alec Makarewicz","CHW",2,"steamer,oopsy",5,1,0.97044,0.02204,0.01168,0.0014,0.0032,0.00104,0.06964,0.03292,0.00748,0.03308,0.00348,0.0717612629322781,0.09168
2026,,"Alejandro Blasco","CLE",1,"steamer",2,1,0.9107,0.0665,0.0174,0.0011,0.012,0.0029,0.1304,0.0671,0.0107,0.0604,0.0097,0.143186559789173,0.1969
2026,,"Alejandro Castellano",,1,"steamer",2,1,0.9232,0.056,0.0136,0.0012,0.01,0.0027,0.1191,0.0598,0.0079,0.0537,0.0088,0.129007798960139,0.1751
2026,,"Alejandro Cruz","CHW",1,"steamer",2,1,0.9221,0.0561,0.015,0.0011,0.011,0.0039,0.1278,0.0632,0.0104,0.0584,0.0128,0.138596681487908,0.1839
2026,,"Alejandro Guerrero","KCR",1,"steamer",2,1,0.9311,0.0471,0.014,0.0013,0.011,0.0028,0.1178,0.0599,0.0104,0.0565,0.0094,0.126517022876168,0.1649
2026,,"Alejandro Loaiza","STL",1,"oopsy",3,1,1,0,0,0,0,0,0,0,0,0,0,0,0
2026,,"Alejandro Nunez","HOU",2,"steamer,oopsy",5,1,0.97204,0.02004,0.01308,0.00116,0.0036,0.00272,0.07628,0.03432,0.00504,0.03208,0.00876,0.0784741368667956,0.09632
2026,,"Alejandro Pereira","ATH",1,"steamer",2,1,0.933,0.0432,0.0168,0.0011,0.013,0.0021,0.1323,0.0621,0.0072,0.0563,0.0072,0.141800643086817,0.1755
2026,,"Alen Pineda","ATL",2,"steamer,oopsy",5,1,0.9706,0.02028,0.00672,0.00076,0.0048,0.00112,0.04976,0.0262,0.00488,0.02476,0.00376,0.0512672573665774,0.07004
2026,,"Alerick Soularie",,1,"steamer",2,1,0.8932,0.084,0.036,0.0034,0.012,0.0097,0.1882,0.1006,0.0205,0.0914,0.0318,0.210703090013435,0.2722
2026,,"Alessander De La Cruz","COL",2,"steamer,oopsy",5,1,0.97344,0.01824,0.00852,0.00088,0.004,0.00112,0.06324,0.03016,0.00708,0.03032,0.0038,0.064965483234714,0.08148
2026,,"Alessandro Duran","SFG",1,"steamer",2,1,0.9258,0.0534,0.0147,0.0013,0.01,0.0023,0.1229,0.0591,0.0075,0.054,0.0075,0.132750054007345,0.1763
2026,,"Alex Acosta","NYM",1,"steamer",2,1,0.9363,0.0429,0.0155,0.0014,0.01,0.003,0.1356,0.065,0.0114,0.0627,0.0099,0.144825376481897,0.1785
2026,,"Alex Binelas","PHI",2,"steamer,oopsy",5,1.800784,0.95644712121414,0.036043118495916,0.0139775346773441,0.00161227997708164,0.00319791069834375,0.00118589188396914,0.0733520766432597,0.0419059547762129,0.0118056203280523,0.0411064771016269,0.00414395927993711,0.0766922446796061,0.109395195139176
2026,,"Alex De Jesus",,2,"steamer,oopsy",5,2.381076,0.963294996956896,0.0291958344281771,0.0157837172585561,0.00201226674212667,0.00319806678659417,0.00131156671585042,0.0770770028903876,0.0368765847162053,0.00591103355499709,0.0341187012794513,0.00414131682196605,0.0800139138414279,0.106272837318565
2026,,"Alex Hall",,1,"steamer",2,1,0.9092,0.07,0.0284,0.0025,0.01,0.0035,0.1664,0.0866,0.0191,0.0829,0.0113,0.18301803783546,0.2364
2026,,"Alex Isola",,1,"steamer",2,3.6616,0.896220231592746,0.0840069914791348,0.0363775398732794,0.00229407909110771,0.00901245357220887,0.00333187677518025,0.193084990168232,0.101649552108368,0.0249617653484815,0.098181123006336,0.0108149442866506,0.215443686006826,0.277091981647367
2026,,"Alex Lodise","ATL",2,"steamer,oopsy",5,1,0.97736,0.01432,0.01192,0.00104,0.004,0.00144,0.0676,0.02956,0.00392,0.02844,0.0048,0.0691659163460751,0.08192
2026,,"Alex McCoy","SDP",2,"steamer,oopsy",5,1,0.97208,0.0188,0.01008,0.00096,0.0048,0.00176,0.06956,0.03356,0.00812,0.03384,0.00588,0.0715578964694264,0.08836
2026,,"Alex McGarry",,1,"steamer",2,1,0.9202,0.061,0.0401,0.004,0.008,0.0045,0.1997,0.1011,0.0275,0.1035,0.0149,0.217018039556618,0.2607
2026,,"Alex McKenna",,1,"steamer",2,1,0.8912,0.088,0.0354,0.0039,0.01,0.0046,0.1818,0.0971,0.0207,0.0899,0.0144,0.203994614003591,0.2698
2026,,"Alex Mooney","CLE",2,"steamer,oopsy",5,1,0.96068,0.0302,0.01588,0.00092,0.0048,0.00324,0.06992,0.035,0.0048,0.03044,0.01156,0.0727817795728026,0.10012
2026,,"Alex Ramírez",,2,"steamer,oopsy",5,8.05796,0.96249269237164,0.0303997339755107,0.0158735096460694,0.00112202264426197,0.00279969321369383,0.00527758260972169,0.0764369881308025,0.0385263530509684,0.00621081368095297,0.0341905829476157,0.0166200945030545,0.079415655554181,0.106836722106313
2026,,"Alex Rodriguez","TEX",1,"steamer",2,1,0.9302,0.049,0.0184,0.0012,0.01,0.002,0.1552,0.0703,0.011,0.0669,0.0068,0.166845839604386,0.2042
2026,,"Alex Stone","TOR",2,"steamer,oopsy",5,1,0.96976,0.02112,0.0152,0.00112,0.0048,0.001,0.07728,0.03708,0.00784,0.0368,0.00332,0.0796898201616895,0.0984
2026,,"Alexander Albertus","CHW",2,"steamer,oopsy",5,1,0.95924,0.03244,0.00892,0.00068,0.004,0.00156,0.06564,0.03344,0.0068,0.0308,0.0052,0.0684291730953672,0.09808
2026,,"Alexander Alzi",,1,"steamer",2,1,0.9472,0.031,0.0148,0.0011,0.011,0.0019,0.1237,0.0574,0.0112,0.0584,0.0064,0.130595439189189,0.1547
2026,,"Alexander Benua","ARI",2,"steamer,oopsy",5,1,0.96936,0.02232,0.00996,0.0012,0.004,0.00132,0.06532,0.03128,0.00516,0.02968,0.00444,0.0673846661714946,0.08764
2026,,"Alexander Frias","MIL",1,"steamer",2,1,0.937,0.0422,0.0157,0.0016,0.01,0.003,0.1377,0.0647,0.0128,0.0646,0.01,0.146958377801494,0.1799
2026,,"Alexander Garcia",,1,"steamer",4,1,0.9317,0.047,0.0161,0.00145,0.0105,0.00285,0.13005,0.0614,0.00845,0.05715,0.00945,0.139583556938929,0.17705
2026,,"Alexander Herrera",,1,"steamer",2,1,0.9262,0.053,0.013,0.0012,0.01,0.0027,0.1154,0.0596,0.0099,0.0554,0.0091,0.124595119844526,0.1684
2026,,"Alexander Martinez",,2,"steamer,oopsy",5,1,0.97288,0.0188,0.0084,8e-04,0.004,0.0012,0.05868,0.02764,0.00456,0.02648,0.004,0.0603157635062906,0.07748
2026,,"Alexander Orasma",,1,"steamer",2,1,0.9332,0.046,0.0158,0.0015,0.01,0.0033,0.1333,0.0601,0.0052,0.054,0.0108,0.142841834547793,0.1793
2026,,"Alexander Ovalles",,1,"steamer",2,1,0.8872,0.092,0.0352,0.0036,0.01,0.0048,0.1862,0.1022,0.0245,0.0962,0.0156,0.209873760144274,0.2782
2026,,"Alexander Ramirez","CHC",2,"steamer,oopsy",5,1,0.97208,0.02,0.00984,0.00088,0.0036,0.00172,0.06148,0.031,0.0076,0.0312,0.00532,0.0632458233890215,0.08148
2026,,"Alexander Requena","MIA",1,"steamer",2,1,0.9319,0.0453,0.0176,0.0014,0.012,0.0028,0.1384,0.0639,0.0105,0.0618,0.0092,0.148513789033158,0.1837
2026,,"Alexander Rincon","BAL",1,"steamer",2,1,0.9399,0.0403,0.0185,0.0016,0.009,0.0049,0.1611,0.0705,0.0089,0.0657,0.0162,0.171401212894989,0.2014
2026,,"Alexander Suarez","SFG",1,"steamer",2,1,0.9377,0.0395,0.0306,0.0031,0.012,0.0056,0.1936,0.0895,0.0225,0.0929,0.019,0.206462621307454,0.2331
2026,,"Alexander Vargas","CIN",2,"steamer,oopsy",5,1.236812,0.971500537050181,0.0210046293097492,0.0158288474463421,0.00206026268349215,0.00319089464394515,0.00394464928424716,0.0811793747605259,0.0375118559323631,0.0064571647519205,0.0356525944862848,0.0117334472340345,0.08356081305628,0.102184004070275
2026,,"Alexey Lumpuy","CHC",2,"steamer,oopsy",5,1,0.97128,0.0196,0.0092,0.00164,0.0048,0.0026,0.05992,0.03076,0.00656,0.02984,0.00836,0.0616917881558356,0.07952
2026,,"Alexfri Planez",,1,"steamer",2,4.45269,0.936220576774938,0.0439958766498454,0.0391224181337574,0.00368316680478542,0.00900579200438387,0.00285220844029115,0.206773882754021,0.102477378842902,0.032811626230436,0.111864962528269,0.00952233369042085,0.220860220212536,0.250769759403866
2026,,"Alexi Quiroz","HOU",1,"steamer",2,1,0.9011,0.0761,0.0137,0.0012,0.012,0.0026,0.1117,0.0648,0.0091,0.0545,0.0085,0.123959604927311,0.1878
2026,,"Alexis Hernandez","CHC",2,"steamer,oopsy",10,1,0.96572,0.02596,0.01078,0.00074,0.004,0.00202,0.06696,0.03338,0.00596,0.03094,0.00678,0.0693368678291844,0.09292
2026,,"Alfonsin Rosario","CLE",2,"steamer,oopsy",5,1,0.95988,0.031,0.0154,0.00112,0.0048,0.00152,0.07632,0.04064,0.01136,0.04048,0.00516,0.0795099387423428,0.10732
2026,,"Alfonzo Martinez","TBR",2,"steamer,oopsy",5,1,0.97468,0.017,0.00644,0.00064,0.004,0.0014,0.057,0.02616,0.005,0.026,0.00464,0.0584807321377272,0.074
2026,,"Alfredo Alcantara","CIN",2,"steamer,oopsy",5,1,0.9598,0.03028,0.00904,0.00052,0.0056,0.00116,0.0622,0.033,0.007,0.03044,0.00384,0.0648051677432799,0.09248
2026,,"Alfredo Benzan","ARI",1,"steamer",2,1,0.9284,0.0518,0.0209,0.0023,0.009,0.0034,0.1585,0.071,0.0076,0.065,0.0112,0.170723825937096,0.2103
2026,,"Alfredo Duno","CIN",2,"steamer,oopsy",5,1,0.95008,0.042,0.01172,0.00052,0.0036,0.001,0.06952,0.03964,0.00984,0.03656,0.00332,0.0731727854496463,0.11152
2026,,"Alfredo Guanchez","ARI",1,"steamer",2,1,0.9194,0.0598,0.0155,0.0024,0.01,0.0039,0.1372,0.0693,0.0106,0.0634,0.013,0.149227757232978,0.197
2026,,"Alfredo Rodriguez","TBR",1,"steamer",2,1,0.9377,0.0415,0.015,0.0016,0.01,0.0027,0.1285,0.0594,0.0098,0.0581,0.009,0.137037432014504,0.17
2026,,"Alfredo Velásquez","BAL",2,"steamer,oopsy",5,1,0.97832,0.01416,0.01548,0.00204,0.0032,0.00272,0.0884,0.03588,0.00324,0.03332,0.00904,0.0903589827459318,0.10256
2026,,"Ali Camarillo","ATH",2,"steamer,oopsy",5,1,0.9708,0.02128,0.01228,0.00076,0.0036,0.00184,0.0744,0.03204,0.00264,0.02804,0.00608,0.0766378244746601,0.09568
2026,,"Alirio Ferrebus","PHI",2,"steamer,oopsy",5,1,0.97284,0.01764,0.01008,0.00068,0.0052,0.001,0.06792,0.0314,0.00584,0.03084,0.00336,0.0698162082151227,0.08556
2026,,"Allan Castro","BOS",2,"steamer,oopsy",5,1.2776,0.956127508854782,0.0363636363636364,0.018913813459268,0.00153482880755608,0.00321133412042503,0.00214876033057851,0.0823848878394333,0.0425265643447462,0.0080047225501771,0.0389374262101535,0.00708382526564345,0.0861651684283315,0.11874852420307
2026,,"Allan Cerda",,2,"steamer,oopsy",5,1,0.95128,0.04,0.0132,0.0018,0.0044,0.00168,0.06716,0.0422,0.01308,0.04128,0.00512,0.0705996131528046,0.10716
2026,,"Allen Ajoti","LAD",1,"steamer",2,1,0.9435,0.0347,0.0138,0.001,0.011,0.0026,0.1244,0.0676,0.0187,0.0715,0.0086,0.131849496555379,0.1591
2026,,"Almen Tolentino","MIA",1,"steamer",2,1,0.9077,0.0695,0.0161,0.0018,0.012,0.0048,0.1285,0.0695,0.0131,0.0633,0.0157,0.141566596893247,0.198
2026,,"Alonso Gallegos",,1,"steamer",2,1,0.9282,0.051,0.0166,0.0017,0.01,0.003,0.1478,0.0647,0.0053,0.0574,0.0099,0.159232923938806,0.1988
2026,,"Alsander Womack",,1,"steamer",2,1.61344,0.897213407378025,0.0810070408568029,0.0344605315351051,0.00297500991669972,0.0109703490678302,0.00433855612852043,0.202734529948433,0.0954482348274494,0.0138214002380008,0.085097679492265,0.0138833796112654,0.225960210002763,0.283741570805236
2026,,"Alvaro Aguero",,1,"steamer",2,1,0.9412,0.038,0.0242,0.0022,0.01,0.004,0.1665,0.0781,0.0187,0.0806,0.0135,0.176901827454314,0.2045
2026,,"Alvaro Gonzalez",,1,"steamer",2,1,0.9192,0.059,0.0227,0.0025,0.011,0.0034,0.15,0.0728,0.0106,0.0665,0.0113,0.163185378590078,0.209
2026,,"Alvaro Matos",,1,"steamer",2,1,0.9412,0.036,0.0146,0.0016,0.012,0.0032,0.1245,0.0605,0.0119,0.0602,0.0107,0.132277943051424,0.1605
2026,,"Amauri Ramirez","HOU",1,"steamer",2,1,0.9301,0.0491,0.0164,0.0016,0.01,0.0027,0.128,0.0637,0.0106,0.06,0.0089,0.137619610794538,0.1771
2026,,"Ambioris Tavarez","ATL",2,"steamer,oopsy",5,1,0.96144,0.02944,0.01264,0.00112,0.0048,0.00256,0.06668,0.03364,0.00436,0.02904,0.0078,0.0693543018805126,0.09612
2026,,"Anderdson Rojas","ARI",2,"steamer,oopsy",5,1,0.96896,0.02392,0.01388,0.0014,0.0028,0.00256,0.07628,0.03404,0.00312,0.03048,0.00812,0.0787235799207398,0.1002
2026,,"Anderson Araujo","PHI",1,"steamer",2,1,0.9371,0.0421,0.0176,0.0014,0.01,0.0033,0.1404,0.0709,0.0174,0.0724,0.0109,0.149823924874613,0.1825
2026,,"Anderson Areinamo","HOU",1,"steamer",2,1,0.9301,0.0481,0.0178,0.0013,0.011,0.003,0.1469,0.0706,0.0127,0.0677,0.0102,0.157940006450919,0.195
2026,,"Anderson De Los Santos","BAL",2,"steamer,oopsy",5,1,0.95864,0.03304,0.01112,0.00128,0.004,0.00236,0.06684,0.03576,0.00624,0.0316,0.00708,0.0697237753484102,0.09988
2026,,"Anderson Fermin","BOS",2,"steamer,oopsy",5,1,0.95852,0.03316,0.00672,0.00064,0.004,0.00212,0.05516,0.02912,0.00324,0.02384,0.007,0.0575470517047114,0.08832
2026,,"Anderson Garcia","KCR",1,"steamer",2,1,0.928,0.0512,0.0149,0.0013,0.01,0.0024,0.1214,0.0612,0.0102,0.0571,0.0079,0.130818965517241,0.1726
2026,,"Anderson Machado",,2,"steamer,oopsy",5,1,0.97688,0.0148,0.00608,6e-04,0.004,0.00124,0.05248,0.02404,0.0038,0.0234,0.00416,0.0537220538858406,0.06728
2026,,"Anderson Navas","PHI",1,"steamer",2,1,0.9542,0.026,0.0183,0.0015,0.009,0.0026,0.1365,0.061,0.011,0.0626,0.0088,0.143051771117166,0.1625
2026,,"Anderson Suriel",,2,"steamer,oopsy",5,1,0.97288,0.018,0.01052,8e-04,0.0048,0.00152,0.06336,0.03012,0.00588,0.0296,0.0048,0.0651262231724365,0.08136
2026,,"Anderson Tovar",,1,"steamer",2,1,0.9382,0.04,0.018,0.0018,0.011,0.0035,0.145,0.0645,0.0084,0.0611,0.0113,0.154551268386272,0.185
2026,,"Andreimi Antunez","TBR",1,"steamer",2,1,0.9418,0.0354,0.0206,0.0025,0.012,0.003,0.1614,0.0651,0.0063,0.0621,0.0099,0.171373964748354,0.1968
2026,,"Andrés Alvarez",,1,"steamer",2,1.7926,0.899754546468816,0.0794934731674662,0.0372643088251701,0.00463014615642084,0.00998549592770278,0.00407229722191231,0.190784335601919,0.0952805980140578,0.0176838112239206,0.0888653352672096,0.0138346535758117,0.212040424080848,0.270277808769385
2026,,"Andres Arias","TOR",2,"steamer,oopsy",5,1,0.97252,0.01876,0.0056,0.00048,0.0044,0.00128,0.04844,0.02528,0.00524,0.02456,0.00424,0.0498087442931765,0.0672
2026,,"Andres Garza",,1,"steamer",2,1,0.9252,0.053,0.0126,0.0012,0.011,0.0021,0.1104,0.0566,0.0079,0.0514,0.007,0.119325551232166,0.1634
2026,,"Andres Hernandez",,1,"steamer",2,1,0.9342,0.045,0.0143,0.0014,0.01,0.0032,0.1237,0.0602,0.0098,0.0572,0.0105,0.13241275958039,0.1687
2026,,"Andres Lacruz",,1,"steamer",2,1,0.9182,0.061,0.0141,0.0014,0.01,0.0037,0.1239,0.0651,0.0114,0.0595,0.0124,0.134937922021346,0.1849
2026,,"Andrés Nolaya","BAL",2,"steamer,oopsy",5,1,0.96964,0.02164,0.00884,0.00092,0.0044,0.0022,0.06128,0.02972,0.00408,0.02672,0.00724,0.0631987129243843,0.08292
2026,,"Andres Sosa",,1,"steamer",2,1.5752,0.878237684103606,0.09300406297613,0.0375825292026409,0.00323768410360589,0.0180294565769426,0.00311071609954292,0.169819705434231,0.0935119349923819,0.015744032503809,0.0813864906043677,0.010411376333164,0.193364175220471,0.262823768410361
2026,,"Andres Torres","TBR",1,"steamer",2,1,0.9064,0.0718,0.0166,0.0014,0.011,0.0028,0.1309,0.0647,0.0065,0.0551,0.0093,0.144417475728155,0.2027
2026,,"Andres Valor","MIA",2,"steamer,oopsy",5,1,0.96752,0.02376,0.011,0.00084,0.0044,0.00352,0.06488,0.03192,0.00596,0.02984,0.01172,0.0670580453117248,0.08864
2026,,"Andres Villafane",,1,"steamer",2,1,0.9372,0.042,0.0189,0.0016,0.01,0.004,0.1511,0.0672,0.0092,0.0636,0.0132,0.161224925309432,0.1931
2026,,"Andrew Bechtold","PHI",1,"steamer",2,1,0.8951,0.0851,0.038,0.0031,0.009,0.0038,0.1909,0.1068,0.03,0.1056,0.0127,0.213272260082672,0.276
2026,,"Andrew Cossetti","MIN",2,"steamer,oopsy",5,1.769124,0.94969087966717,0.0400026002374427,0.0158203920200081,0.00114957865889333,0.00599423157851519,0.000834813073720153,0.067510375289533,0.0394551818284459,0.00881343638484883,0.0358559057892918,0.00281920480633363,0.0710866838198897,0.107512975526976
2026,,"Andrew Fischer","MIL",1,"oopsy",3,1,1,0,0,0,0,0,0,0,0,0,0,0,0
2026,,"Andrew Jenkins","DET",2,"steamer,oopsy",5,1,0.96912,0.02176,0.0124,0.00096,0.0048,0.00052,0.07632,0.03412,0.00648,0.03332,0.00172,0.0787518573551263,0.09808
2026,,"Andrew Kachel",,1,"steamer",2,1,0.8982,0.08,0.0394,0.0032,0.011,0.0043,0.1995,0.0996,0.0196,0.0928,0.0145,0.222110888443554,0.2795
2026,,"Andrew Miller",,2,"steamer,oopsy",5,1,0.96888,0.0232,0.00968,8e-04,0.0036,0.00104,0.0626,0.03168,0.00748,0.0314,0.00348,0.0646106845016927,0.0858
2026,,"Andrew Navigato",,2,"steamer,oopsy",5,3.994944,0.966092636579572,0.0243986351468537,0.0163820080684689,0.00154111525845493,0.00519831844059873,0.00286543754477246,0.0742940089733439,0.0383252271613317,0.00888379896693436,0.0375051841797685,0.00820042981563171,0.0769015373477848,0.0986926441201976
2026,,"Andrew Patrick",,2,"steamer,oopsy",5,1,0.96928,0.0224,0.00772,0.00068,0.004,0.00148,0.05456,0.0278,0.0054,0.02636,0.00492,0.0562892043578739,0.07696
2026,,"Andrew Pinckney","WSN",2,"steamer,oopsy",5,12.47568,0.965652156339679,0.0244398636541234,0.0126551069075623,0.00156689974805653,0.0055993425218598,0.00344232919714913,0.0822723414574997,0.0392061759831858,0.0093084353906471,0.0379909192568341,0.0117214340568287,0.0851987342619877,0.106712205111623
2026,,"Andrew Pintar","MIA",2,"steamer,oopsy",5,1.092452,0.963081071860811,0.0285916190816567,0.016732595258015,0.0015270523827703,0.00399632857618611,0.00328153809914469,0.0797966096188055,0.0378189143307368,0.00614070000731036,0.0346673381365087,0.0114691381088918,0.0828555476276021,0.108388228700462
2026,,"Andrew Salas","MIA",2,"steamer,oopsy",5,1,0.95948,0.033,0.00808,0.00084,0.0032,0.00324,0.0582,0.0304,0.00436,0.026,0.01076,0.0606578563388502,0.0912
2026,,"Andrew Sojka","STL",1,"oopsy",3,1,1,0,0,0,0,0,0,0,0,0,0,0,0
2026,,"Andrew Tess","BAL",2,"steamer,oopsy",5,1,0.96448,0.0256,0.00536,0.00056,0.0056,0.00156,0.04744,0.02616,0.0038,0.02252,0.0052,0.0491871267418713,0.07304
2026,,"Andrews Sosa",,2,"steamer,oopsy",5,1,0.96968,0.022,0.00604,0.00052,0.004,0.00116,0.05128,0.0254,0.0038,0.02332,0.0038,0.0528834254599456,0.07328
2026,,"Andrick Nava","MIL",2,"steamer,oopsy",5,1,0.95788,0.0346,0.01504,0.00116,0.0032,0.001,0.07444,0.0368,0.00596,0.03348,0.00332,0.0777132835010648,0.10904
2026,,"Andru Arthur","STL",2,"steamer,oopsy",5,1,0.966,0.02448,0.00548,0.00044,0.0052,0.00148,0.04852,0.0252,0.00408,0.02276,0.00484,0.0502277432712215,0.073
2026,,"Andruw Musett","BOS",2,"steamer,oopsy",5,1,0.96448,0.0276,0.01068,8e-04,0.0036,0.00064,0.07008,0.03356,0.00596,0.03148,0.00216,0.0726609157266092,0.09768
2026,,"Andruw Salcedo",,2,"steamer,oopsy",5,1,0.97208,0.0196,0.00548,0.00052,0.004,0.00116,0.048,0.02384,0.00368,0.02224,0.00384,0.0493786519628014,0.0676
2026,,"Andry Batista","TEX",1,"steamer",2,1,0.9201,0.0591,0.0138,0.0016,0.01,0.0029,0.124,0.0657,0.0129,0.0614,0.0097,0.134767960004347,0.1831
2026,,"Andry Javier",,1,"steamer",2,1,0.9152,0.063,0.0173,0.0017,0.011,0.004,0.1408,0.0683,0.0073,0.0593,0.0132,0.153846153846154,0.2038
2026,,"Andy Acevedo","WSN",2,"steamer,oopsy",5,1,0.9708,0.02048,0.0052,0.00048,0.0044,0.00188,0.04724,0.02376,0.0042,0.02208,0.00616,0.0486608982282653,0.06772
2026,,"Andy Atwood",,1,"steamer",2,1,0.9252,0.053,0.0406,0.0038,0.011,0.0044,0.1957,0.0875,0.0119,0.0819,0.0147,0.211521833117164,0.2487
2026,,"Andy Blake",,1,"steamer",2,1,0.9155,0.0637,0.0343,0.0036,0.01,0.0052,0.191,0.0914,0.0193,0.0878,0.0174,0.208629164391043,0.2547
2026,,"Andy Encarnacion","ARI",1,"steamer",2,1,0.9304,0.0498,0.0199,0.0019,0.009,0.0039,0.1414,0.0675,0.0091,0.0629,0.0127,0.151977644024076,0.1912
2026,,"Andy Garriola","CHC",2,"steamer,oopsy",5,1,0.96968,0.0216,0.01548,0.00084,0.0044,0.00108,0.07368,0.0378,0.01024,0.03904,0.0036,0.07598382971702,0.09528
2026,,"Andy Lugo","MIN",2,"steamer,oopsy",5,1,0.97044,0.02124,0.01556,0.001,0.004,0.00188,0.07836,0.0356,0.00588,0.03388,0.00644,0.0807468777049586,0.0996
2026,,"Andy Mata","DET",1,"steamer",2,1,0.9449,0.0343,0.0167,0.0019,0.01,0.0031,0.1364,0.0635,0.0132,0.0646,0.0105,0.144353899883586,0.1707
2026,,"Andy Perez","COL",2,"steamer,oopsy",5,1,0.9794,0.01308,0.0154,0.00132,0.0032,0.00216,0.08808,0.03512,0.00484,0.03424,0.00684,0.0899326118031448,0.10116
2026,,"Andy Polanco","SFG",1,"oopsy",3,1,1,0,0,0,0,0,0,0,0,0,0,0,0
2026,,"Andy Thomas","SDP",1,"steamer",2,3.08263,0.892127825914884,0.0881065843127459,0.0327317907111784,0.00223834842326195,0.00898583352526901,0.00285470523546452,0.175726571142174,0.0907990903871045,0.0161874762783727,0.081715937365172,0.00940755134414445,0.196974655467074,0.26383315545492
2026,,"Andy Weber","CHW",2,"steamer,oopsy",5,1,0.96644,0.02644,0.01608,0.00252,0.0028,0.001,0.0884,0.0374,0.005,0.03508,0.003,0.0914697239352676,0.11484
2026,,"Andy Yerzy","STL",2,"steamer,oopsy",5,1,0.96008,0.032,0.01208,8e-04,0.0036,0.00104,0.068,0.03708,0.01028,0.03692,0.00344,0.0708274310474127,0.1
2026,,"Aneudi Escanio",,1,"steamer",2,1,0.9342,0.045,0.0168,0.0017,0.01,0.0033,0.129,0.0637,0.0117,0.0617,0.0109,0.138086062941554,0.174
2026,,"Aneudis Mordán",,2,"steamer,oopsy",5,1,0.96808,0.0244,0.01076,0.00068,0.0032,0.00112,0.06492,0.03216,0.00676,0.03128,0.00348,0.0670605735063218,0.08932
2026,,"Angel Abreu","CLE",1,"steamer",2,1,0.9127,0.0665,0.0172,0.0015,0.01,0.0028,0.1541,0.072,0.0102,0.065,0.0094,0.168839706365728,0.2206
2026,,"Angel Acosta","KCR",2,"steamer,oopsy",5,1,0.97364,0.01804,0.01132,0.00084,0.004,0.0018,0.07484,0.03136,0.00292,0.02868,0.00588,0.0768661928433507,0.09288
2026,,"Angel Aquino",,1,"steamer",2,1,0.9422,0.038,0.0148,0.0012,0.009,0.0026,0.1182,0.0552,0.008,0.053,0.0088,0.125451071959244,0.1562
2026,,"Angel Arevalo",,1,"steamer",2,1,0.9202,0.059,0.0227,0.0023,0.01,0.0041,0.1466,0.0703,0.0088,0.063,0.0136,0.159313192784177,0.2056
2026,,"Angel Arredondo","TEX",2,"steamer,oopsy",5,1,0.96804,0.02284,0.0062,0.00056,0.0048,0.0012,0.05184,0.025,0.00228,0.02156,0.00392,0.0535515061361101,0.07468
2026,,"Angel Brachi","MIA",1,"steamer",2,1,0.9188,0.0544,0.0197,0.0017,0.016,0.0036,0.1623,0.0678,0.0033,0.0583,0.0118,0.17664344797562,0.2167
2026,,"Angel Cepeda","CHC",2,"steamer,oopsy",5,1,0.97048,0.0208,0.00916,0.001,0.0044,0.00216,0.06464,0.03016,0.00452,0.02792,0.00712,0.0666062154809991,0.08544
2026,,"Angel Cruz",,1,"steamer",2,1,0.9482,0.03,0.0195,0.0018,0.011,0.0036,0.1572,0.0684,0.0121,0.069,0.0118,0.165787808479224,0.1872
2026,,"Angel Del Rosario",,2,"steamer,oopsy",5,1,0.97208,0.0196,0.00932,0.00128,0.004,0.00508,0.06768,0.0312,0.00344,0.02728,0.01732,0.06962389926755,0.08728
2026,,"Angel Diaz","LAD",2,"steamer,oopsy",5,1,0.96708,0.0238,0.00952,6e-04,0.0048,0.00084,0.06344,0.03368,0.00744,0.03268,0.0028,0.0655995367498035,0.08724
2026,,"Angel Feliz","WSN",2,"steamer,oopsy",7,1,0.9612,0.0274857142857143,0.0116571428571429,0.00111428571428571,0.00514285714285714,0.00225714285714286,0.0864,0.0396571428571428,0.00682857142857143,0.0380857142857143,0.00745714285714286,0.0898876404494382,0.113885714285714
2026,,"Angel Galarraga",,1,"steamer",2,1,0.9252,0.054,0.0246,0.0023,0.01,0.0035,0.1587,0.077,0.0147,0.0742,0.0116,0.171530479896239,0.2127
2026,,"Angel Garcia","BAL",1,"steamer",2,1,0.9309,0.0443,0.0174,0.0016,0.014,0.0023,0.1411,0.0679,0.0114,0.0643,0.0078,0.151573745837362,0.1854
2026,,"Angel Genao","CLE",2,"steamer,oopsy",5,1,0.96708,0.0258,0.0198,0.00168,0.0028,0.00148,0.08984,0.03816,0.00444,0.03524,0.00504,0.0928982090416512,0.11564
2026,,"Angel Gonzalez","MIL",1,"steamer",2,1,0.9108,0.0644,0.0157,0.0016,0.014,0.0038,0.1237,0.0663,0.0109,0.0596,0.0127,0.135814668423364,0.1881
2026,,"Angel Guzman","SFG",2,"steamer,oopsy",7,1,0.951571428571429,0.0371142857142857,0.0104,0.000914285714285714,0.00514285714285714,0.0016,0.0787714285714286,0.0396571428571429,0.00611428571428571,0.036,0.00531428571428571,0.0827803633088125,0.115885714285714
2026,,"Angel Herrera",,1,"steamer",2,1,0.9162,0.063,0.0158,0.0017,0.01,0.0044,0.1301,0.0673,0.0104,0.0603,0.0147,0.141999563414102,0.1931
2026,,"Angel Mata","PHI",2,"steamer,oopsy",5,1,0.97324,0.01844,0.00688,0.00052,0.004,0.00108,0.0532,0.02544,0.00368,0.02392,0.00352,0.0546627758826189,0.07164
2026,,"Angel Mateo","TBR",2,"steamer,oopsy",5,1,0.96904,0.02184,0.01292,0.00068,0.0048,0.00184,0.07476,0.03384,0.00612,0.03272,0.006,0.077148518121027,0.0966
2026,,"Angel Nieblas",,2,"steamer,oopsy",5,1,0.97688,0.0148,0.00684,0.00064,0.004,0.0016,0.05648,0.02456,0.0026,0.023,0.00532,0.0578167226271395,0.07128
2026,,"Angel Ortiz","ARI",2,"steamer,oopsy",5,1,0.96736,0.02472,0.01504,0.00136,0.0036,0.00092,0.08024,0.03728,0.00644,0.03596,0.00284,0.0829474032418128,0.10496
2026,,"Angel Perez",,1,"steamer",2,1,0.9252,0.051,0.0148,0.0011,0.013,0.002,0.1161,0.0609,0.0114,0.0576,0.0069,0.125486381322957,0.1671
2026,,"Angel Ramirez","KCR",1,"steamer",2,1,0.921,0.0572,0.019,0.0016,0.011,0.0034,0.1502,0.0721,0.0104,0.0657,0.0114,0.163083604777416,0.2074
2026,,"Angel Requena","WSN",1,"steamer",2,1,0.9447,0.0325,0.0173,0.0016,0.012,0.0054,0.1461,0.0639,0.0106,0.0624,0.018,0.154652270562083,0.1786
2026,,"Angel Rodriguez",,1,"steamer",2,1,0.9372,0.039,0.0161,0.0015,0.013,0.003,0.1331,0.0637,0.0121,0.0627,0.01,0.142018779342723,0.1721
2026,,"Angel Salio","CIN",1,"steamer",2,1,0.9358,0.0444,0.0204,0.0021,0.009,0.0034,0.1595,0.0724,0.0127,0.0704,0.0115,0.170442402222697,0.2039
2026,,"Angel Tejada",,2,"steamer,oopsy",5,1,0.97728,0.0144,0.01276,0.00096,0.004,0.00432,0.07348,0.03212,0.00424,0.03012,0.01384,0.0751882776686313,0.08788
2026,,"Angel Ventura",,1,"steamer",2,1,0.9322,0.047,0.0147,0.0015,0.01,0.0043,0.1258,0.0603,0.0084,0.0555,0.0147,0.134949581634842,0.1728
2026,,"Angel Zarate",,1,"steamer",2,1,0.9102,0.068,0.0275,0.0025,0.011,0.0046,0.1756,0.0856,0.0147,0.0788,0.0155,0.192924631949022,0.2436
2026,,"Angelo Castellano",,1,"steamer",2,1,0.8951,0.0851,0.0355,0.0025,0.009,0.0048,0.195,0.0964,0.0193,0.0897,0.0157,0.217852753882248,0.2801
2026,,"Angelo DiSpigna",,1,"steamer",2,1,0.9142,0.064,0.0216,0.0021,0.011,0.0034,0.1474,0.0772,0.0168,0.0736,0.0113,0.161233865674907,0.2114
2026,,"Angelo Hernandez","CHW",2,"steamer,oopsy",5,1,0.96844,0.02244,0.00548,0.00044,0.0048,0.00112,0.04872,0.0248,0.00452,0.02324,0.00368,0.0503077113708645,0.07116
2026,,"Angelo Mora",,1,"steamer",2,1,0.9392,0.038,0.0168,0.0015,0.012,0.0027,0.1394,0.0642,0.0108,0.0628,0.0089,0.148424190800681,0.1774
2026,,"Anibal Salas","DET",2,"steamer,oopsy",5,1,0.96788,0.0234,0.0058,0.00064,0.0044,0.00124,0.05072,0.02676,0.00568,0.02544,0.00416,0.0524031904781585,0.07412
2026,,"Aniel Mendoza",,1,"steamer",2,1,0.9362,0.043,0.0159,0.0016,0.01,0.0029,0.1383,0.0687,0.0164,0.0698,0.0097,0.147724845118564,0.1813
2026,,"Anielson Buten","CIN",2,"steamer,oopsy",5,1,0.97716,0.01452,0.00752,0.00056,0.004,0.0014,0.05964,0.02724,0.0056,0.02736,0.0046,0.0610340169470711,0.07416
2026,,"Anthony Abreu","MIA",1,"steamer",2,1,0.9309,0.0473,0.0127,0.0016,0.011,0.0025,0.1109,0.0567,0.0113,0.0553,0.0083,0.11913202277366,0.1582
2026,,"Anthony DePino","CHW",2,"steamer,oopsy",5,1,0.96844,0.02284,0.00824,0.00064,0.0044,0.0018,0.06252,0.03164,0.00804,0.03152,0.00608,0.0645574325719714,0.08536
2026,,"Anthony Donofrio","SEA",2,"steamer,oopsy",5,1,0.96304,0.02864,0.01168,0.00048,0.004,0.00132,0.06212,0.0322,0.006,0.02988,0.00448,0.0645040704435953,0.09076
2026,,"Anthony Garcia",,1,"steamer",2,1,0.8892,0.091,0.0242,0.0021,0.009,0.0038,0.1576,0.0941,0.0275,0.0911,0.0128,0.177237966711651,0.2486
2026,,"Anthony Gutierrez","TEX",2,"steamer,oopsy",5,1,0.96884,0.02244,0.01264,0.00084,0.0044,0.0056,0.07656,0.0356,0.0044,0.031,0.0192,0.0790223359894306,0.099
2026,,"Anthony Hall",,2,"steamer,oopsy",5,1,0.96488,0.028,0.011,0.00096,0.0028,0.00148,0.06584,0.03268,0.00592,0.03036,0.00496,0.0682364646380897,0.09384
2026,,"Anthony Huezo","HOU",2,"steamer,oopsy",5,1,0.96924,0.02204,0.00812,0.001,0.0044,0.00196,0.06004,0.03156,0.00764,0.03096,0.0064,0.0619454417894433,0.08208
2026,,"Anthony Longo","KCR",1,"steamer",2,1,0.924,0.0542,0.0157,0.0015,0.011,0.003,0.1356,0.0658,0.0085,0.0594,0.01,0.146753246753247,0.1898
2026,,"Anthony Marquez","SFG",1,"steamer",2,1,0.91,0.0682,0.0187,0.0016,0.011,0.003,0.1458,0.0675,0.0052,0.0572,0.0099,0.16021978021978,0.214
2026,,"Anthony Millan","HOU",1,"steamer",2,1,0.9271,0.0521,0.0157,0.0017,0.01,0.003,0.134,0.0675,0.0126,0.0641,0.01,0.144536727429619,0.1861
2026,,"Anthony Mulrine",,1,"steamer",2,1,0.8992,0.076,0.0337,0.003,0.014,0.0034,0.1687,0.0865,0.0138,0.0776,0.0112,0.187611209964413,0.2447
2026,,"Anthony Prato",,2,"steamer,oopsy",5,1.833052,0.942486772658412,0.0444036423443618,0.0161161086474861,0.00179067873860956,0.00879768249838612,0.00264709030924892,0.0737941303367579,0.0404459828133769,0.00439884124919306,0.0318688911740948,0.00916100861926342,0.078297258356859,0.11819777268112
2026,,"Anthony Quirion",,1,"steamer",2,1,0.9182,0.058,0.0235,0.0022,0.013,0.0036,0.1503,0.0781,0.0174,0.0756,0.0118,0.1636898279242,0.2083
2026,,"Anthony Santa Cruz de Oviedo","LAA",1,"steamer",2,1,0.9304,0.0498,0.0183,0.0014,0.009,0.0022,0.1437,0.0663,0.0118,0.0637,0.0073,0.15444969905417,0.1935
2026,,"Anthony Scull","LAA",2,"steamer,oopsy",5,1,0.97136,0.01872,0.01176,0.00064,0.0056,0.00136,0.076,0.03416,0.00764,0.03412,0.00432,0.078240816998847,0.09472
2026,,"Anthony Servideo",,2,"steamer,oopsy",5,1.816124,0.959292309007963,0.0336018366548148,0.0122224378435094,0.0014077511832675,0.00280234581342034,0.00188138709539488,0.0591387062503495,0.0310494653505728,0.00351279968161141,0.0261157579325792,0.00607832753896807,0.0616482647624965,0.0927405429051643
2026,,"Anthony Sherwin","HOU",2,"steamer,oopsy",5,1,0.95964,0.03244,0.01256,0.00124,0.0036,0.00144,0.06584,0.0346,0.00612,0.03112,0.00464,0.0686090617314826,0.09828
2026,,"Anthony Stephan","CIN",2,"steamer,oopsy",5,1,0.9622,0.02868,0.01216,0.00076,0.0048,0.00136,0.07116,0.0368,0.00868,0.0354,0.0046,0.073955518603201,0.09984
2026,,"Anthony Tandron","SFG",1,"steamer",2,1,0.9416,0.0376,0.0161,0.0019,0.01,0.0034,0.1394,0.0589,0.0053,0.0549,0.0113,0.148045879354291,0.177
2026,,"Anthony Vilar","SDP",2,"steamer,oopsy",5,1,0.95164,0.04044,0.01212,0.00128,0.0036,0.00164,0.06448,0.0358,0.00596,0.03064,0.00548,0.0677567147240553,0.10492
2026,,"Anthuan Valencia","CIN",2,"steamer,oopsy",5,1,0.97312,0.01816,0.00708,0.00044,0.0044,0.00144,0.05828,0.02628,0.00348,0.0244,0.0048,0.0598898388687932,0.07644
2026,,"Antoni Urena","LAD",1,"steamer",2,1,0.9227,0.0565,0.0163,0.0013,0.01,0.0028,0.1393,0.0694,0.0077,0.0614,0.0095,0.150969979408258,0.1958
2026,,"Antonio Anderson","BOS",2,"steamer,oopsy",5,1,0.96608,0.026,0.01184,8e-04,0.0036,0.00072,0.0668,0.03184,0.00496,0.02948,0.0024,0.069145412388208,0.0928
2026,,"Antonio Gomez","NYY",2,"steamer,oopsy",5,1,0.96588,0.0262,0.01448,0.00088,0.0036,0.00112,0.07116,0.0356,0.00708,0.03388,0.00368,0.0736737482917133,0.09736
2026,,"Antonio Jimenez","NYM",1,"oopsy",3,1,1,0,0,0,0,0,0,0,0,0,0,0,0
2026,,"Antonio Pimentel","PIT",1,"steamer",2,1,0.9179,0.0613,0.0213,0.0023,0.01,0.0043,0.1536,0.0701,0.0058,0.061,0.0144,0.167338490031594,0.2149
2026,,"Antonis Macias","TEX",2,"steamer,oopsy",5,1,0.95564,0.03604,0.01196,0.00076,0.004,0.00108,0.0716,0.03368,0.00248,0.02744,0.00344,0.0749236114017831,0.10764
2026,,"Antony Gomez",,1,"steamer",2,1,0.9162,0.063,0.0134,0.0014,0.01,0.0038,0.1209,0.0644,0.0109,0.0582,0.0123,0.131958087753766,0.1839
2026,,"Antony Peguero",,1,"steamer",2,1,0.9392,0.04,0.0161,0.0016,0.01,0.0035,0.1391,0.0663,0.0138,0.0663,0.0114,0.148104770017036,0.1791
2026,,"Anyelo Encarnación","STL",2,"steamer,oopsy",5,1,0.96364,0.02844,0.01072,0.00084,0.0036,0.00184,0.0638,0.03072,0.00424,0.02748,0.006,0.0662072973309535,0.09224
2026,,"Anyelo Gonzalez",,1,"steamer",2,1,0.9322,0.047,0.0165,0.0016,0.01,0.0029,0.1396,0.0658,0.0104,0.0625,0.0098,0.149753271830079,0.1866
2026,,"Anyelo Marquez","LAA",2,"steamer,oopsy",5,1,0.97016,0.02192,0.00688,0.00064,0.0036,0.0014,0.05644,0.02564,0.00316,0.02316,0.0046,0.05817597097386,0.07836
2026,,"Archer Brookman","ATL",2,"steamer,oopsy",5,1,0.96584,0.02544,0.0108,8e-04,0.0044,8e-04,0.06668,0.03244,0.005,0.02988,0.00264,0.0690383500372732,0.09212
2026,,"Arfeni Batista",,2,"steamer,oopsy",5,1,0.97888,0.0128,0.00644,6e-04,0.004,0.00124,0.05256,0.02364,0.00376,0.02336,0.00408,0.0536940176528277,0.06536
2026,,"Argenis Valdez","BAL",1,"steamer",2,1,0.9319,0.0473,0.0176,0.0016,0.01,0.003,0.1384,0.0667,0.0101,0.0622,0.0101,0.148513789033158,0.1857
2026,,"Ariel Almonte","CIN",2,"steamer,oopsy",5,1,0.96744,0.02544,0.01124,0.00064,0.0028,0.00076,0.06328,0.03356,0.00928,0.034,0.00252,0.0654097411725792,0.08872
2026,,"Ariel Armas","CHC",2,"steamer,oopsy",5,1,0.96488,0.0264,0.01204,0.00072,0.0044,0.00156,0.0688,0.03352,0.00524,0.03068,0.00516,0.0713042036315397,0.0952
2026,,"Ariel Castro","MIN",2,"steamer,oopsy",5,1,0.97252,0.01876,0.00576,0.00056,0.0044,0.00124,0.04748,0.02504,0.00564,0.0246,0.00412,0.04882161806441,0.06624
2026,,"Ariel Lebron","HOU",1,"steamer",2,1,0.9231,0.0501,0.0167,0.0014,0.016,0.0039,0.1376,0.0685,0.011,0.0629,0.0129,0.149062940093164,0.1877
2026,,"Arjun Nimmala","TOR",2,"steamer,oopsy",5,1,0.96496,0.02632,0.01352,0.00096,0.0044,0.00148,0.06928,0.03616,0.00792,0.03484,0.005,0.0717957221024706,0.0956
2026,,"Arlenn Manzanillo","ATL",1,"steamer",2,1,0.9245,0.0547,0.0133,0.0012,0.01,0.0026,0.1173,0.0614,0.0093,0.056,0.0085,0.126879394267171,0.172
2026,,"Armando Cruz","WSN",2,"steamer,oopsy",5,1,0.97792,0.01496,0.01044,0.00116,0.0028,0.00156,0.06688,0.02672,0.00236,0.02524,0.00492,0.0683900523560209,0.08184
2026,,"Armando Sierra",,1,"steamer",2,1,0.9352,0.044,0.0181,0.0018,0.01,0.0033,0.146,0.0695,0.0143,0.0689,0.0109,0.156116338751069,0.19
2026,,"Armani Smith",,1,"steamer",2,1,0.8922,0.087,0.0357,0.0034,0.01,0.005,0.1954,0.1014,0.0222,0.0948,0.0162,0.219009190764403,0.2824
2026,,"Armstrong Muhoozi","PIT",1,"steamer",2,1,0.937,0.0412,0.0164,0.0015,0.011,0.006,0.1383,0.0651,0.0108,0.0624,0.0202,0.147598719316969,0.1795
2026,,"Arnaldo Lantigua","CIN",2,"steamer,oopsy",5,1,0.96948,0.0226,0.0108,0.00064,0.0036,0.00108,0.06872,0.03544,0.01052,0.03684,0.0036,0.070883360151834,0.09132
2026,,"Arnaldo Montano",,1,"steamer",2,1,0.9292,0.05,0.0143,0.0013,0.01,0.0029,0.1244,0.0621,0.0108,0.0588,0.0098,0.13387860525183,0.1744
2026,,"Arnold Prado",,2,"steamer,oopsy",5,1,0.97128,0.0204,0.008,0.00092,0.004,0.00156,0.05844,0.0282,0.00512,0.02692,0.00516,0.0601680256980479,0.07884
2026,,"Arol Vera","LAA",2,"steamer,oopsy",5,1.42196,0.968173633753467,0.0239233052703295,0.0139179522117865,0.000953817704024527,0.00360114847437832,0.000992749038882671,0.0723149544990024,0.0320015572533943,0.00445763784125748,0.0296072801596185,0.00311450678865152,0.0746921337019352,0.0962382597693318
2026,,"Aron Estrada","BAL",2,"steamer,oopsy",5,1,0.96412,0.02756,0.01628,0.00244,0.004,0.00376,0.09084,0.04304,0.00688,0.03908,0.01232,0.0942206364352985,0.1184
2026,,"Aroon Escobar","PHI",2,"steamer,oopsy",5,1,0.96244,0.02844,0.01016,0.00156,0.0048,0.00188,0.07392,0.03664,0.00684,0.03392,0.00632,0.0768047878309297,0.10236
2026,,"Arquímedes Gamboa",,1,"steamer",2,1,0.8752,0.106,0.0349,0.0032,0.008,0.0046,0.1766,0.0943,0.0136,0.0793,0.0158,0.201782449725777,0.2826
2026,,"Arturo De Freitas",,1,"steamer",2,1,0.9122,0.067,0.0331,0.0032,0.01,0.0036,0.1778,0.0896,0.0191,0.0861,0.0119,0.194913396185047,0.2448
2026,,"Arturo Disla","TEX",2,"steamer,oopsy",5,1,0.97004,0.02164,0.0128,0.00052,0.004,0.00096,0.07336,0.03592,0.009,0.03652,0.00316,0.0756257473918601,0.095
2026,,"Arturo Flores","HOU",1,"oopsy",3,1,1,0,0,0,0,0,0,0,0,0,0,0,0
2026,,"Arxy Hernandez","CHW",2,"steamer,oopsy",5,1,0.97084,0.02044,0.0104,0.00108,0.0044,0.00088,0.068,0.03024,0.00512,0.02924,0.00296,0.0700424374768242,0.08844
2026,,"Asbel Gonzalez","KCR",2,"steamer,oopsy",5,1,0.9612,0.02728,0.01052,0.00096,0.0072,0.00676,0.06908,0.0348,0.00348,0.02812,0.02064,0.0718684977111943,0.09636
2026,,"Ashly Andujar","COL",2,"steamer,oopsy",5,1,0.9762,0.01548,0.0084,0.00088,0.004,0.00144,0.07064,0.02784,0.00212,0.02544,0.0048,0.0723622208563819,0.08612
2026,,"Ashton Creal",,1,"steamer",2,1,0.9042,0.073,0.0339,0.0033,0.012,0.0042,0.1736,0.091,0.0199,0.0862,0.0141,0.191992921919929,0.2466
2026,,"Athanael Duarte","LAA",2,"steamer,oopsy",5,1,0.97056,0.02112,0.0068,0.00056,0.004,0.00112,0.05444,0.02604,0.00468,0.02464,0.00368,0.0560913287174415,0.07556
2026,,"Austin Callahan","CIN",2,"steamer,oopsy",5,1.092452,0.967857171866497,0.0250501571726788,0.0165051619244109,0.000877242858187194,0.00279418095570736,0.00149456190654115,0.0731035715155995,0.0355445809946959,0.00711541429418502,0.0342449619455297,0.00484108095814414,0.0755313631396877,0.0981537286882782
2026,,"Austin Charles","KCR",2,"steamer,oopsy",5,1,0.9708,0.02128,0.01296,0.0012,0.0036,0.0026,0.07152,0.03304,0.00452,0.0304,0.00848,0.0736711990111248,0.0928
2026,,"Austin Deming",,2,"steamer,oopsy",5,1,0.96448,0.0268,0.01484,0.00108,0.0044,0.00156,0.0726,0.03848,0.01036,0.03856,0.00524,0.0752737226277372,0.0994
2026,,"Austin Gauthier","LAD",2,"steamer,oopsy",5,4.424604,0.940172211292986,0.0523180962002864,0.0153239394196105,0.00126758221243297,0.00320033132841988,0.0011253452645032,0.0762139034524882,0.0426669009392868,0.00438842818759798,0.0333043630137918,0.00379437975800893,0.0810637695275782,0.128531999652775
2026,,"Austin Green","NYY",2,"steamer,oopsy",5,1,0.97232,0.01896,0.00852,0.00076,0.0044,0.00144,0.06236,0.02972,0.00516,0.02832,0.00488,0.0641352641105809,0.08132
2026,,"Austin Hendrick","CIN",2,"steamer,oopsy",5,3.190856,0.96829217833797,0.0233992163207836,0.0131354270557684,0.000549625297585045,0.00400176621163044,0.00166122702303795,0.0725628904115088,0.038319381702418,0.0121843900239921,0.0401041200282841,0.0051812991536388,0.0749390442625073,0.0959621067322923
2026,,"Austin Machado","ATL",1,"oopsy",3,1,1,0,0,0,0,0,0,0,0,0,0,0,0
2026,,"Austin Murr","PHI",2,"steamer,oopsy",5,1,0.95604,0.03444,0.0156,0.00176,0.0052,0.0018,0.07524,0.03996,0.00748,0.03628,0.00588,0.0786996359984938,0.10968
2026,,"Austin Overn","TBR",2,"steamer,oopsy",5,1,0.95688,0.0348,0.014,0.0018,0.004,0.00604,0.0752,0.04128,0.00888,0.03716,0.02168,0.0785887467603043,0.11
2026,,"Austin Smith","TOR",1,"oopsy",3,1,1,0,0,0,0,0,0,0,0,0,0,0,0
2026,,"Austin St. Laurent","SEA",2,"steamer,oopsy",5,1,0.96464,0.02744,0.00952,0.00064,0.0036,0.00144,0.06564,0.03028,0.00296,0.0264,0.00476,0.0680461104660806,0.09308
2026,,"Avery Owusu-Asiedu","ARI",2,"steamer,oopsy",5,1,0.96296,0.02912,0.01144,0.00132,0.0036,0.00256,0.06912,0.0354,0.00624,0.0324,0.00876,0.0717786823959458,0.09824
2026,,"Avinson Pinto","BOS",2,"steamer,oopsy",5,1,0.97328,0.0184,0.00792,0.00084,0.004,0.00228,0.06256,0.02752,0.00256,0.02476,0.0074,0.0642774946572415,0.08096
2026,,"Axel Sanchez","SEA",2,"steamer,oopsy",5,1,0.96424,0.02704,0.01428,0.00096,0.0044,0.00232,0.0696,0.03556,0.00696,0.03364,0.00708,0.0721811997013192,0.09664
2026,,"Axell De Paula",,1,"steamer",2,1,0.9402,0.038,0.0162,0.0015,0.011,0.0033,0.142,0.0681,0.0158,0.0695,0.0109,0.151031695383961,0.18
2026,,"Axiel Plaz","PIT",2,"steamer,oopsy",5,1,0.96512,0.02576,0.01148,0.00072,0.0048,0.00076,0.06924,0.03616,0.00996,0.03688,0.00256,0.071742374005305,0.095
2026,,"Ayden Johnson","ATH",1,"steamer",2,1,0.929,0.0492,0.0144,0.0011,0.011,0.0032,0.1204,0.0608,0.0092,0.0552,0.0108,0.129601722282024,0.1696
2026,,"B.Y. Choi",,2,"steamer,oopsy",5,1,0.96728,0.0248,0.01,0.00076,0.0036,0.0012,0.06284,0.0286,0.00268,0.02512,0.004,0.0649656769497974,0.08764
2026,,"Baek-ho Kang",,1,"steamer",2,1,0.9032,0.079,0.0397,0.0022,0.007,0.004,0.22,0.1105,0.0296,0.1106,0.0116,0.243578387953942,0.299
2026,,"Bairon Ledesma","COL",2,"steamer,oopsy",5,1,0.97424,0.01784,0.00836,0.00092,0.0036,0.00148,0.068,0.02832,0.00296,0.02604,0.00484,0.0697979963869273,0.08584
2026,,"Baron Radcliff",,1,"steamer",2,1,0.9002,0.081,0.0302,0.0026,0.008,0.0031,0.1682,0.0966,0.0301,0.0976,0.0101,0.186847367251722,0.2492
2026,,"Barrett Riebock",,1,"steamer",2,1,0.9222,0.056,0.0216,0.0022,0.011,0.0042,0.1576,0.0783,0.0164,0.0757,0.0137,0.170895684233355,0.2136
2026,,"Beau Brewer",,1,"steamer",2,1,0.9112,0.069,0.0292,0.0026,0.009,0.0037,0.186,0.0824,0.0073,0.0717,0.0122,0.204126426690079,0.255
2026,,"Beau Philip",,1,"steamer",2,1,0.8932,0.085,0.0333,0.0032,0.011,0.0041,0.1754,0.0918,0.017,0.083,0.0138,0.196372592924317,0.2604
2026,,"Belfi Rivera","ARI",1,"steamer",2,1,0.9264,0.0538,0.0154,0.0015,0.009,0.0032,0.1276,0.0622,0.0075,0.0562,0.0108,0.137737478411054,0.1814
2026,,"Ben Cowles","CHC",3,"batx,steamer,oopsy",8,16.2392,0.891654234860637,0.0418473523075771,0.0268350917825994,0.00208176630365813,0.00694861666232053,0.00292485528669859,0.178563449055781,0.115615361285672,0.0107643084486437,0.11063752982057,0.0125435559542433,0.200260865786938,0.220410801363358
2026,,"Ben Gobbel","LAA",2,"steamer,oopsy",5,1,0.97016,0.02032,0.01648,6e-04,0.0052,0.00156,0.08412,0.03896,0.00988,0.03964,0.00516,0.0867073472416921,0.10444
2026,,"Ben Hartl","TEX",2,"steamer,oopsy",5,1,0.96124,0.02564,0.0104,8e-04,0.0088,0.00104,0.06544,0.03196,0.00424,0.02808,0.00344,0.0680787316383005,0.09108
2026,,"Ben Malgeri","DET",2,"steamer,oopsy",5,2.11006,0.962655788511715,0.0290425546004795,0.017821808404964,0.00257473212984915,0.00400513886865423,0.00186482656318292,0.0818510522760685,0.0404646172999748,0.00832814590148736,0.0387375336079361,0.00585936982636452,0.0850262921107158,0.110893606876548
2026,,"Ben McCabe","COL",2,"steamer,oopsy",5,1,0.96584,0.02224,0.01504,0.00136,0.0076,0.00124,0.06984,0.034,0.00592,0.03164,0.00416,0.0723101134763522,0.09208
2026,,"Ben McLaughlin","ARI",2,"steamer,oopsy",5,1,0.9518,0.04028,0.01876,0.00092,0.0036,0.00068,0.0838,0.04388,0.00876,0.04068,0.00228,0.0880437066610632,0.12408
2026,,"Ben Metzinger",,1,"steamer",2,1,0.9012,0.079,0.0234,0.0021,0.009,0.0032,0.1525,0.0806,0.0157,0.0736,0.0106,0.169218819351975,0.2315
2026,,"Ben Newton","ATH",2,"steamer,oopsy",5,1,0.9736,0.01768,0.01096,0.00088,0.0044,0.00104,0.06704,0.03136,0.00604,0.03056,0.00344,0.0688578471651602,0.08472
2026,,"Ben Norman",,1,"steamer",2,1,0.9002,0.079,0.0339,0.0032,0.01,0.0048,0.184,0.1016,0.0289,0.1008,0.0164,0.204399022439458,0.263
2026,,"Ben Ramirez",,1,"oopsy",3,1,1,0,0,0,0,0,0,0,0,0,0,0,0
2026,,"Ben Ross","MIN",2,"steamer,oopsy",5,2.221704,0.962690108675813,0.0302003324897762,0.0158351955720649,0.000897821057356953,0.00280199099219093,0.0023284150498488,0.07340427106303,0.0377578152363193,0.00775480605585236,0.0354787310137978,0.00760681357387045,0.076249117344727,0.103604603552806
2026,,"Benjamin Blackwell",,1,"steamer",2,1,0.9272,0.053,0.0263,0.0025,0.009,0.0059,0.1683,0.0752,0.0084,0.0679,0.0192,0.181514236410699,0.2213
2026,,"Bennett Hostetler","MIA",2,"steamer,oopsy",5,1,0.96272,0.02696,0.01456,0.001,0.006,0.00212,0.06884,0.03436,0.00632,0.032,0.0074,0.0715057337543626,0.0958
2026,,"Bennett Lee","DET",2,"steamer,oopsy",5,1,0.9594,0.03188,0.00892,6e-04,0.0044,0.00076,0.05156,0.02864,0.00488,0.02532,0.00248,0.053741922034605,0.08344
2026,,"Bennett Thompson","CLE",2,"steamer,oopsy",5,1,0.96268,0.0286,0.01236,0.00076,0.0044,0.00132,0.07108,0.03308,0.00456,0.02984,0.00432,0.0738355424440105,0.09968
2026,,"Benny Montgomery","COL",2,"steamer,oopsy",5,1,0.96628,0.0262,0.01596,0.00124,0.0032,0.0018,0.08216,0.03868,0.00812,0.0372,0.00592,0.0850271142939935,0.10836
2026,,"Bernard Moon","CIN",2,"steamer,oopsy",5,1,0.97028,0.0202,0.01152,0.00064,0.0052,0.00192,0.06912,0.03164,0.00484,0.02952,0.00604,0.0712371686523478,0.08932
2026,,"Beycker Barroso","TEX",2,"steamer,oopsy",5,1,0.96564,0.02284,0.00956,0.00072,0.0072,0.00168,0.06104,0.03032,0.00448,0.02732,0.00536,0.0632119630504122,0.08388
2026,,"Bill Knight","SEA",2,"steamer,oopsy",5,1,0.96304,0.02544,0.01364,0.00164,0.0072,0.00372,0.07432,0.03676,0.00544,0.03276,0.01284,0.0771722877554411,0.09976
2026,,"Billy Amick","MIN",2,"steamer,oopsy",5,1,0.96108,0.029,0.01268,0.00076,0.0056,0.00092,0.07088,0.0352,0.00656,0.0326,0.003,0.073750364173638,0.09988
2026,,"BJ Murray","CHC",2,"steamer,oopsy",5,2.16636,0.948895528486427,0.0435966189126382,0.0142189534972803,0.000735463111928292,0.00319722158379938,0.00220638933578488,0.0731377205750913,0.0419929007380168,0.00949973186240711,0.0379478536224112,0.00731377205750913,0.0770766837649161,0.11673433948773
2026,,"Bjay Cooke","ATH",1,"steamer",2,1,0.926,0.0532,0.0216,0.0018,0.01,0.0037,0.1512,0.0711,0.0092,0.0638,0.0122,0.163282937365011,0.2044
2026,,"Bladimir Restituyo",,2,"steamer,oopsy",5,2.595632,0.978490623521772,0.0139985728831769,0.0149286040712917,0.00122667906708251,0.00319898658670536,0.00398470259045756,0.0839834197888188,0.0366881268690821,0.00705540901328501,0.0366961443793244,0.0120182478533116,0.0858295601101896,0.0979819926719956
2026,,"Blake Burke","MIL",2,"steamer,oopsy",5,1,0.96152,0.03056,0.01596,0.00112,0.0036,0.00144,0.08384,0.04208,0.011,0.04216,0.00472,0.0871952741492637,0.1144
2026,,"Blake Hunt","SDP",2,"batx,steamer",5,10.5724,0.915576817270261,0.0639568337855373,0.0402205827533325,0.00361059926860918,0.0110624867287956,0.00112130588651646,0.188845020644096,0.0938630742007786,0.0223523109590657,0.096173863395069,0.00427991742361685,0.206257975389904,0.252801854429633
2026,,"Blake Mitchell","KCR",2,"steamer,oopsy",5,1,0.94956,0.04252,0.00976,0.00084,0.0036,0.00208,0.05952,0.03552,0.00676,0.03016,0.00676,0.0626816630860609,0.10204
2026,,"Blake Rambusch","SEA",2,"steamer,oopsy",5,1,0.95548,0.035,0.01368,0.00216,0.0052,0.004,0.07944,0.0376,0.0022,0.02988,0.014,0.0831414576966551,0.11444
2026,,"Blake Robertson","TBR",2,"steamer,oopsy",5,1,0.95692,0.03476,0.01076,0.00076,0.004,0.00076,0.06408,0.0332,0.00628,0.03032,0.0026,0.0669648455461272,0.09884
2026,,"Blake Wright","COL",2,"steamer,oopsy",5,1,0.97184,0.01984,0.01504,0.00112,0.004,0.00136,0.0862,0.03808,0.00768,0.03764,0.00448,0.0886977280210734,0.10604
2026,,"Blayberg Diaz","MIL",2,"steamer,oopsy",5,1,0.97316,0.01812,0.01164,0.00072,0.0044,0.00096,0.0702,0.0296,0.00344,0.02808,0.00308,0.0721361338320523,0.08832
2026,,"Blaze Jordan","STL",2,"batx,steamer",5,11.975424,0.926733693545258,0.0560511053100439,0.0501769871446317,0.00212933918319253,0.00793265608212766,0.00126287603514036,0.2343748584181,0.10220846434541,0.0229861267275246,0.110041685004043,0.00501337751884774,0.252904216227954,0.290425963728144
2026,,"Blaze O'Saben",,2,"steamer,oopsy",5,1,0.97168,0.0192,0.00972,0.00076,0.0048,0.0024,0.0674,0.03188,0.00596,0.0306,0.00812,0.0693643998024041,0.0866
2026,,"Bo Davidson","SFG",2,"steamer,oopsy",5,1.279468,0.957291292599504,0.0352040125509958,0.0158241447720864,0.00240187911719169,0.00320250548958891,0.0019780180965108,0.0848192998051417,0.0432102762749681,0.0101255688273767,0.0415619278612091,0.00640501097917783,0.0886034381184192,0.120023312356137
2026,,"Bo Walker","ARI",1,"oopsy",3,1,1,0,0,0,0,0,0,0,0,0,0,0,0
2026,,"Bobby Blandford","ATH",2,"steamer,oopsy",5,1,0.968,0.02328,0.00832,8e-04,0.0044,0.0012,0.06148,0.033,0.00888,0.03276,0.00396,0.0635123966942149,0.08476
2026,,"Bobby Boser","ATH",2,"steamer,oopsy",5,1,0.9676,0.02288,0.0086,0.00076,0.0052,0.00112,0.05928,0.02908,0.0042,0.02608,0.00368,0.0612649855312112,0.08216
2026,,"Bohan Adderley","NYM",2,"steamer,oopsy",5,1,0.97168,0.02,0.00548,0.00056,0.004,0.00212,0.04768,0.024,0.00276,0.02108,0.00708,0.0490696525605138,0.06768
2026,,"Bon Ki Shin",,1,"steamer",2,1,0.9052,0.072,0.0347,0.0031,0.012,0.004,0.2001,0.098,0.0207,0.0937,0.0124,0.221056120194432,0.2721
2026,,"Boston Baro","NYM",2,"steamer,oopsy",5,1,0.97044,0.02204,0.01268,0.0012,0.0032,0.0022,0.07256,0.03272,0.00332,0.02916,0.00776,0.0747702073286344,0.0946
2026,,"Bracewell Taveras","STL",2,"steamer,oopsy",5,1,0.98064,0.01144,0.00724,0.00056,0.0036,0.0012,0.06116,0.02484,0.00332,0.02484,0.00404,0.062367433512808,0.0726
2026,,"Brad Cumbest",,1,"steamer",2,1,0.9382,0.041,0.0215,0.0021,0.01,0.0028,0.143,0.0695,0.0154,0.0703,0.0095,0.152419526753357,0.184
2026,,"Braden Barry","TOR",2,"steamer,oopsy",5,1,0.96696,0.02392,0.00888,0.00064,0.0048,0.00204,0.06012,0.03048,0.00528,0.02796,0.00688,0.0621742367833209,0.08404
2026,,"Braden Montgomery","CHW",4,"batx,steamer,oopsy,atc",9,128.570666666667,0.905188165999233,0.0723417308126287,0.0431355554726458,0.00214149775473775,0.00940581325770791,0.00481494088706359,0.202520023711808,0.102603368479902,0.0222774955173776,0.0967696576216385,0.0114271956517628,0.223732513657254,0.274861754524437
2026,,"Brady Allen",,2,"steamer,oopsy",5,1.78446,0.960886817621532,0.0307988450433109,0.016196410178478,0.00112118602569947,0.00399844654948246,0.00141836786383669,0.0722827279941915,0.0381473414045219,0.0086182733059791,0.0365128412947672,0.00451176063353765,0.075225017836244,0.103081573037502
2026,,"Brady Cerkownyk","DET",1,"oopsy",3,1,1,0,0,0,0,0,0,0,0,0,0,0,0
2026,,"Brady Day","PHI",2,"steamer,oopsy",5,1,0.96844,0.02364,0.00948,0.00092,0.0036,0.00148,0.06872,0.03228,0.00516,0.03016,0.00488,0.0709594812275412,0.09236
2026,,"Brady Lindsly",,2,"steamer,oopsy",5,1,0.96368,0.0288,0.01296,0.00092,0.0032,0.00092,0.06896,0.03424,0.00648,0.0322,0.00312,0.0715590237423211,0.09776
2026,,"Brady Marget","TBR",1,"oopsy",3,1,1,0,0,0,0,0,0,0,0,0,0,0,0
2026,,"Brady Whalen",,1,"steamer",2,1,0.9112,0.069,0.0389,0.0034,0.009,0.0032,0.1935,0.0968,0.0217,0.0945,0.0111,0.212357330992098,0.2625
2026,,"Braedon Karpathios","SDP",2,"steamer,oopsy",5,1,0.95284,0.04004,0.01472,0.00108,0.0028,0.00112,0.07264,0.03924,0.00824,0.0358,0.0036,0.0762352546072793,0.11268
2026,,"Brahian Silva",,1,"steamer",2,1,0.9232,0.054,0.0144,0.0014,0.012,0.0033,0.123,0.0624,0.0093,0.0568,0.011,0.133232235701906,0.177
2026,,"Braiden Ward","BOS",2,"steamer,oopsy",5,1,0.95568,0.0276,0.01696,0.0028,0.0124,0.00652,0.08544,0.04384,0.00468,0.0352,0.02688,0.0894023103967855,0.11304
2026,,"Brailer Guerrero","TBR",2,"steamer,oopsy",5,1,0.9682,0.02388,0.009,0.00092,0.0036,0.00152,0.06292,0.03108,0.00704,0.0306,0.00512,0.0649865730221029,0.0868
2026,,"Brailin Pascual",,1,"steamer",2,1,0.9522,0.028,0.0157,0.0016,0.009,0.0031,0.128,0.0557,0.0076,0.0551,0.0103,0.134425540852762,0.156
2026,,"Brailyn Antunez","MIL",1,"steamer",2,1,0.9229,0.0533,0.0155,0.0012,0.013,0.0037,0.1276,0.0635,0.0098,0.0586,0.0122,0.138259833134684,0.1809
2026,,"Brainer Bonaci",,1,"steamer",2,1.51912,0.900258044130813,0.0799805150350203,0.0433145505292538,0.00381799989467586,0.00901837906156196,0.00480541366054031,0.214663752698931,0.10387592816894,0.0191558270577703,0.0967665490547159,0.0156669650850492,0.238446914302428,0.294644267733951
2026,,"Brainerh Palacios","TBR",1,"steamer",2,1,0.9297,0.0495,0.0143,0.0014,0.01,0.0027,0.1241,0.0582,0.0074,0.054,0.0089,0.133483919543939,0.1736
2026,,"Bralyn Brazoban","PIT",1,"steamer",2,1,0.941,0.0382,0.0161,0.0015,0.01,0.0028,0.1289,0.0589,0.0089,0.0575,0.0094,0.136981934112646,0.1671
2026,,"Branden Boissiere","WSN",2,"steamer,oopsy",5,1,0.96528,0.0264,0.01604,0.00116,0.004,0.00052,0.079,0.03628,0.0072,0.03512,0.00176,0.0818415382065308,0.1054
2026,,"Branden Fryman",,1,"steamer",2,1,0.9372,0.043,0.038,0.0041,0.009,0.0042,0.1906,0.0837,0.0124,0.0811,0.0137,0.203371745625267,0.2336
2026,,"Brando Mayea","NYY",2,"steamer,oopsy",5,1,0.97352,0.01816,0.00628,0.00052,0.004,0.00184,0.056,0.0278,0.00576,0.027,0.006,0.057523214725943,0.07416
2026,,"Brandon Butterworth","BAL",2,"steamer,oopsy",5,1,0.96688,0.024,0.01736,0.00232,0.0048,0.00232,0.08364,0.04012,0.0066,0.03736,0.0078,0.0865050471620056,0.10764
2026,,"Brandon Compton","MIA",2,"steamer,oopsy",5,1,0.96308,0.0286,0.00928,0.0014,0.004,0.00204,0.06352,0.03316,0.00764,0.03176,0.00692,0.065955060846451,0.09212
2026,,"Brandon Eike","SEA",2,"steamer,oopsy",5,1,0.9726,0.01868,0.01148,0.00048,0.0044,0.00064,0.0638,0.0318,0.00808,0.03296,0.00216,0.0655973678799095,0.08248
2026,,"Brandon Lewis",,1,"steamer",2,1,0.9202,0.06,0.0335,0.003,0.009,0.0022,0.1807,0.0969,0.0313,0.103,0.0073,0.196370354270811,0.2407
2026,,"Brandon Martorano",,1,"steamer",2,1,0.8922,0.087,0.0325,0.0029,0.01,0.0035,0.1679,0.0935,0.0221,0.0879,0.0114,0.188186505267877,0.2549
2026,,"Brandon McIlwain",,1,"steamer",2,1,0.8942,0.079,0.0401,0.0032,0.016,0.0056,0.1945,0.0997,0.0193,0.0917,0.0175,0.217512860657571,0.2735
2026,,"Brandon Parker",,1,"steamer",2,1,0.9052,0.073,0.0353,0.0027,0.011,0.0045,0.1751,0.0951,0.0248,0.0932,0.0148,0.193437914273089,0.2481
2026,,"Brandon Pimentel","WSN",2,"steamer,oopsy",5,1,0.97708,0.013,0.01208,0.00084,0.0056,0.0012,0.07396,0.03108,0.00584,0.03136,0.00408,0.07569492774389,0.08696
2026,,"Brandon Valenzuela","TOR",4,"batx,steamer,oopsy,atc",9,21.5457888888889,0.913597101348508,0.0773066303471285,0.0506879844169722,0.00110735122292658,0.00361384082007487,0.00132402495639983,0.176570426358723,0.0896904354164092,0.0141245301918337,0.088802042671684,0.00441087330502602,0.193269468672895,0.253877056705852
2026,,"Brandon Vasquez","SFG",1,"steamer",2,1,0.9347,0.0445,0.0177,0.0015,0.01,0.0031,0.1389,0.0632,0.0088,0.06,0.0103,0.148603830105916,0.1834
2026,,"Brandon Winokur","MIN",2,"steamer,oopsy",5,1,0.96924,0.02204,0.01272,0.00092,0.0044,0.0022,0.07144,0.03524,0.00784,0.03448,0.00748,0.0737072345342743,0.09348
2026,,"Branny De Oleo","NYM",2,"steamer,oopsy",5,1,0.97496,0.01632,0.00696,0.00072,0.0044,0.0018,0.05672,0.0262,0.00324,0.02428,0.00592,0.0581767457126446,0.07304
2026,,"Brauli Diaz",,1,"steamer",2,1,0.9412,0.037,0.0125,0.0012,0.011,0.0031,0.1084,0.0538,0.0094,0.0523,0.0105,0.115172120696983,0.1454
2026,,"Brayan Amoroso","STL",1,"steamer",2,1,0.9298,0.0494,0.0153,0.0012,0.01,0.0021,0.134,0.0623,0.0099,0.0594,0.007,0.144117014411701,0.1834
2026,,"Brayan Buelvas","ATH",2,"steamer,oopsy",5,1.092452,0.964413181386206,0.0276818857472403,0.0169275381153899,0.00103969523933297,0.00360644286143624,0.00207939047866594,0.0743057191360782,0.0384362333790908,0.00789518572368474,0.0359994476619041,0.00685549048435177,0.0770475980318668,0.101987604883319
2026,,"Brayan Cortesia","WSN",1,"steamer",2,1,0.928,0.0512,0.0162,0.0016,0.01,0.0059,0.1416,0.0622,0.0052,0.0543,0.0192,0.152586206896552,0.1928
2026,,"Brayan Cota","ATH",1,"steamer",2,1,0.91,0.0682,0.0139,0.0013,0.011,0.0024,0.1186,0.0644,0.0084,0.0546,0.008,0.13032967032967,0.1868
2026,,"Brayan Guedez",,1,"steamer",2,1,0.9292,0.05,0.0174,0.0017,0.01,0.0042,0.143,0.0644,0.0058,0.0572,0.014,0.153895824365045,0.193
2026,,"Brayan Hernández",,1,"steamer",2,1,0.9352,0.044,0.0219,0.0021,0.01,0.0032,0.1489,0.0746,0.0186,0.0765,0.0107,0.159217279726262,0.1929
2026,,"Brayan Joseph",,1,"steamer",2,1,0.9462,0.034,0.0155,0.0014,0.009,0.0032,0.1283,0.0561,0.0057,0.0531,0.0107,0.135595011625449,0.1623
2026,,"Brayan Rijo",,1,"steamer",2,1,0.9432,0.036,0.0157,0.0015,0.01,0.0035,0.1365,0.0622,0.0109,0.0614,0.0114,0.14472010178117,0.1725
2026,,"Brayan Sanchez",,1,"steamer",2,1,0.9162,0.063,0.0132,0.0013,0.01,0.0032,0.1184,0.0632,0.0102,0.0568,0.0107,0.129229425889544,0.1814
2026,,"Brayden Jobert",,2,"steamer,oopsy",5,1,0.95928,0.0308,0.01004,0.00084,0.0056,0.0016,0.0628,0.03384,0.00688,0.031,0.0052,0.06546576599116,0.0936
2026,,"Brayden Taylor","TBR",2,"steamer,oopsy",5,1.092452,0.953658833754356,0.0396383809995695,0.0145557333506616,0.00175448571637439,0.00240429524095749,0.00237180476472834,0.0670278524607474,0.0385661952840074,0.00896737143924687,0.0357395238520709,0.00818760000974714,0.0702849384793855,0.106666233460317
2026,,"Braylen Wimmer","COL",2,"steamer,oopsy",5,1,0.96788,0.0226,0.01924,0.00128,0.0052,0.00264,0.09516,0.04288,0.00832,0.04104,0.00956,0.0983179733024755,0.11776
2026,,"Braylin Morel","TEX",2,"steamer,oopsy",5,1,0.97488,0.0168,0.01132,0.00104,0.004,0.00116,0.06964,0.03292,0.00788,0.03384,0.0038,0.071434432955851,0.08644
2026,,"Braylin Tavera","BAL",2,"steamer,oopsy",5,1,0.96296,0.02872,0.00824,0.00084,0.004,0.00236,0.06036,0.03148,0.00512,0.02776,0.00716,0.0626817313284041,0.08908
2026,,"Braylon Bishop",,2,"steamer,oopsy",5,1,0.96592,0.02536,0.00936,0.00076,0.0044,0.00256,0.05928,0.03028,0.00528,0.02776,0.0086,0.0613715421567003,0.08464
2026,,"Braylon Payne","MIL",2,"steamer,oopsy",5,1,0.96352,0.02896,0.00828,0.00116,0.0032,0.0032,0.06076,0.03276,0.0074,0.0308,0.01036,0.0630604450348721,0.08972
2026,,"Breiny Ramírez","BAL",1,"steamer",2,1,0.9398,0.0394,0.015,0.0012,0.01,0.0033,0.1296,0.0637,0.0126,0.0625,0.0108,0.137901681208768,0.169
2026,,"Brendan Durfee","SDP",2,"steamer,oopsy",5,1,0.96564,0.02524,0.01104,0.00064,0.0048,6e-04,0.06464,0.03172,0.0058,0.02988,0.002,0.0669400604780249,0.08988
2026,,"Brendan Jones","MIA",2,"steamer,oopsy",5,1,0.9478,0.04508,0.01452,0.003,0.0028,0.00468,0.07828,0.04332,0.00804,0.03744,0.01692,0.0825912639797426,0.12336
2026,,"Brendan Tunink","LAD",1,"oopsy",3,1,1,0,0,0,0,0,0,0,0,0,0,0,0
2026,,"Brenden Dixon",,2,"steamer,oopsy",5,1.00562,0.957694393767566,0.0343967259997042,0.0127015433164045,0.00118337360090725,0.00358956658941867,0.00193284354814851,0.0678073073319856,0.0382624130960012,0.00962477195404566,0.0363690153345496,0.0065480005916868,0.0708026566441847,0.10220403333169
2026,,"Brennan Milone","ATH",2,"steamer,oopsy",5,8.19492,0.954771873831456,0.0373196821033006,0.0164552095347943,0.00107650903498654,0.00360030125399609,0.00101752223854892,0.0801778030578334,0.0428075608433005,0.00961063447672918,0.0397086473590242,0.00327798054489053,0.0839758745050622,0.117497485161134
2026,,"Brennan Orf","TOR",2,"steamer,oopsy",5,1,0.9518,0.03988,0.01156,0.00112,0.004,0.00116,0.06348,0.03576,0.00608,0.03084,0.00384,0.0666946837570918,0.10336
2026,,"Brennen Davis","SEA",2,"steamer,oopsy",5,14.46184,0.869378368234714,0.117914358995491,0.0130721196198732,0.000753081318749854,0.00839927342464899,0.00114599331114108,0.15629344110942,0.128362387809037,0.0142664473427767,0.129272945759658,0.00371239465826791,0.179776086937585,0.27420780010491
2026,,"Brenner Cox","WSN",2,"steamer,oopsy",5,1,0.96488,0.0268,0.00984,0.00064,0.004,0.00196,0.05644,0.02956,0.00612,0.02752,0.00664,0.0584943205372689,0.08324
2026,,"Brennon McNair","KCR",2,"steamer,oopsy",5,1,0.9684,0.02328,0.01072,0.00092,0.004,0.00156,0.06148,0.03212,0.00716,0.0312,0.00512,0.0634861627426683,0.08476
2026,,"Brenny Escanio",,2,"steamer,oopsy",5,1,0.96168,0.0312,0.01096,0.00096,0.0028,0.00236,0.06484,0.0316,0.0034,0.02688,0.00748,0.0674236752350054,0.09604
2026,,"Bret Boswell",,1,"steamer",2,1,0.8952,0.085,0.0373,0.0037,0.009,0.004,0.1811,0.0943,0.0178,0.0862,0.0136,0.202301161751564,0.2661
2026,,"Brett Auerbach",,2,"steamer,oopsy",5,1,0.96084,0.03124,0.01488,0.00184,0.0036,0.00188,0.07624,0.03768,0.00708,0.03524,0.00596,0.0793472378335623,0.10748
2026,,"Brett Bateman","CHC",2,"steamer,oopsy",5,1.092452,0.94888273374867,0.0439921048142763,0.0131261523965788,0.00110467619179128,0.00279418095570736,0.00292414286062398,0.0808038143819093,0.0397033619520278,0.0039313476237278,0.0318731571808014,0.00964967144005913,0.0851567970498152,0.124795919196186
2026,,"Brett Callahan","DET",2,"steamer,oopsy",5,1,0.96952,0.02136,0.0114,0.002,0.0048,0.00188,0.07568,0.0364,0.00856,0.03632,0.00628,0.0780592458123608,0.09704
2026,,"Brett Johnson",,1,"steamer",2,1,0.8762,0.104,0.0367,0.0048,0.009,0.0046,0.1701,0.0975,0.0192,0.0863,0.0151,0.194133759415659,0.2741
2026,,"Brett Roberts",,1,"steamer",2,1,0.9342,0.046,0.0283,0.0029,0.009,0.004,0.1842,0.085,0.0186,0.0856,0.0135,0.197174052665382,0.2302
2026,,"Brett Squires","KCR",2,"steamer,oopsy",5,1,0.9636,0.02848,0.01664,0.00248,0.0036,0.00224,0.08224,0.041,0.00832,0.03896,0.00748,0.0853466168534662,0.11072
2026,,"Breyias Dean","MIA",2,"steamer,oopsy",5,1,0.97196,0.01852,0.00632,0.00056,0.0052,0.00108,0.05068,0.02464,0.00468,0.024,0.00352,0.0521420634594016,0.0692
2026,,"Breyner Figuereo",,1,"steamer",2,1,0.9402,0.04,0.0145,0.0015,0.009,0.0028,0.1281,0.0608,0.0111,0.0599,0.0092,0.136247606892151,0.1681
2026,,"Breyson Guedez","ATH",1,"steamer",2,1,0.9471,0.0331,0.0234,0.0017,0.009,0.0024,0.1785,0.0758,0.0127,0.075,0.0078,0.188470066518847,0.2116
2026,,"Brian Kalmer","CHC",2,"steamer,oopsy",5,1,0.96208,0.0304,0.01056,0.00092,0.0032,0.00076,0.06396,0.03552,0.0096,0.03512,0.0026,0.0664809579244969,0.09436
2026,,"Brian Sanchez","PIT",2,"steamer,oopsy",5,1,0.96632,0.02576,0.01224,0.00112,0.0036,0.00252,0.07008,0.03364,0.00556,0.03124,0.00844,0.0725225598145542,0.09584
2026,,"Brock Jones","TBR",2,"steamer,oopsy",5,1,0.95244,0.03924,0.01264,0.00124,0.004,0.00392,0.06068,0.03916,0.0116,0.03716,0.01288,0.0637100499769014,0.09992
2026,,"Brock Rodden","SEA",2,"steamer,oopsy",5,1,0.96544,0.02624,0.01676,0.00096,0.004,0.003,0.07888,0.03796,0.00656,0.03544,0.00992,0.081703679151475,0.10512
2026,,"Brock Tibbitts","TOR",2,"steamer,oopsy",5,1,0.96576,0.02552,0.00896,0.00072,0.0044,0.00116,0.05828,0.02996,0.00508,0.02748,0.00388,0.0603462557985421,0.0838
2026,,"Brock Vradenburg","PHI",2,"steamer,oopsy",5,1,0.95644,0.03684,0.0102,0.00096,0.0024,0.0018,0.06084,0.03416,0.00636,0.0302,0.00588,0.0636108903851784,0.09768
2026,,"Brock Wilken","MIL",4,"batx,steamer,oopsy,atc",9,46.8541555555556,0.872663239761182,0.109284378782828,0.0311698409989405,0.00102758763695892,0.00506500438316709,0.00061592617029663,0.171280257309738,0.106555576199975,0.0297790600600683,0.107860181167562,0.00216170686210947,0.196273028936812,0.280564636092566
2026,,"Brody Moore","STL",2,"steamer,oopsy",5,1,0.97036,0.02172,0.01476,0.00112,0.0036,0.0022,0.08156,0.0338,0.00324,0.03084,0.00732,0.0840512799373428,0.10328
2026,,"Brooks Brannon","BOS",2,"steamer,oopsy",5,1,0.96928,0.0236,0.01564,0.00136,0.0028,0.00092,0.08028,0.03824,0.00884,0.03848,0.00312,0.082824364476725,0.10388
2026,,"Browm Martinez","WSN",1,"steamer",2,1,0.9319,0.0443,0.0171,0.0015,0.013,0.0049,0.1511,0.0699,0.014,0.068,0.0165,0.162141860714669,0.1954
2026,,"Bryan Acuna","MIN",2,"steamer,oopsy",5,1,0.96352,0.02816,0.00908,0.00072,0.004,0.00168,0.06192,0.02864,0.002,0.02372,0.00544,0.0642643639986715,0.09008
2026,,"Bryan Andrade","ATH",2,"steamer,oopsy",5,1,0.9688,0.02328,0.0088,0.00076,0.0036,0.00096,0.06508,0.031,0.00512,0.02872,0.00316,0.0671758876961189,0.08836
2026,,"Bryan Arias",,1,"steamer",2,1,0.8872,0.091,0.0372,0.0035,0.011,0.0048,0.1872,0.1024,0.0236,0.0956,0.0163,0.211000901713255,0.2782
2026,,"Bryan Broecker","TBR",2,"steamer,oopsy",5,1,0.95204,0.03964,0.00892,0.00064,0.004,0.00104,0.05576,0.03068,0.00436,0.02568,0.00344,0.0585689676904332,0.0954
2026,,"Bryan Gonzalez",,2,"steamer,oopsy",5,1,0.97208,0.0204,0.01268,0.00124,0.0032,0.0026,0.0752,0.03596,0.00856,0.0362,0.00784,0.0773598880750555,0.0956
2026,,"Bryan Gonzalez Garcia","LAD",1,"oopsy",3,1,1,0,0,0,0,0,0,0,0,0,0,0,0
2026,,"Bryan Martinez","LAA",2,"steamer,oopsy",5,1,0.97496,0.01672,0.00604,6e-04,0.004,0.00156,0.05232,0.02452,0.00468,0.02388,0.00504,0.0536637400508739,0.06904
2026,,"Bryan Rincon","PHI",2,"steamer,oopsy",5,1,0.95684,0.03484,0.01072,8e-04,0.004,0.00416,0.05908,0.0338,0.005,0.02804,0.01404,0.0617449103298357,0.09392
2026,,"Bryan Torres","STL",4,"batx,steamer,oopsy,atc",9,36.8457666666667,0.88187864552018,0.0906481179795485,0.0447528541585765,0.00194503053598664,0.00310140485166212,0.00437805603553014,0.230830537229149,0.0997111077285575,0.00403601496679877,0.0846627369079497,0.0351944595874985,0.261748641269108,0.321478655208697
2026,,"Bryant Betancourt","COL",2,"steamer,oopsy",5,1,0.96272,0.02976,0.01508,0.00108,0.0032,0.0012,0.08348,0.0404,0.00904,0.03896,0.00392,0.0867126474987535,0.11324
2026,,"Bryant Mendez","SEA",2,"steamer,oopsy",5,1,0.9734,0.01788,0.00612,0.00052,0.0044,0.00148,0.0498,0.02388,0.00312,0.0222,0.00492,0.0511608793918225,0.06768
2026,,"Bryce Arnold","CLE",2,"steamer,oopsy",5,1,0.96028,0.0298,0.0114,0.00068,0.0056,0.00116,0.06552,0.03352,0.00664,0.03108,0.004,0.0682300995542967,0.09532
2026,,"Bryce Ball",,1,"steamer",2,1,0.8952,0.086,0.0393,0.003,0.008,0.0027,0.1733,0.094,0.0205,0.0883,0.0088,0.193588025022341,0.2593
2026,,"Bryce Madron",,2,"steamer,oopsy",5,1,0.95328,0.0384,0.0092,0.00072,0.004,0.00164,0.05888,0.03272,0.0052,0.02772,0.0052,0.0617656931856328,0.09728
2026,,"Bryce Martin-Grudzielanek","NYY",1,"oopsy",3,1,1,0,0,0,0,0,0,0,0,0,0,0,0
2026,,"Bryce Rainer","DET",2,"steamer,oopsy",5,1,0.97032,0.02136,0.00944,0.00112,0.004,0.00188,0.06824,0.03172,0.0058,0.03036,0.00628,0.0703273147003051,0.0896
2026,,"Bryce Willits",,2,"steamer,oopsy",5,1,0.96128,0.0312,0.01476,0.00112,0.0032,0.00152,0.0782,0.03732,0.006,0.03412,0.00488,0.0813498668442077,0.1094
2026,,"Bryson Brigman",,2,"steamer,oopsy",5,1.6691,0.968294827424937,0.0230025254887288,0.0157291179496773,0.00121223458984192,0.00439996258535216,0.00197549340566832,0.0890618277055467,0.0379085211860443,0.00516322140117856,0.0351697689645496,0.00597137779440651,0.0919780062673637,0.112064353194276
2026,,"Bryson Horne",,2,"steamer,oopsy",5,1.78446,0.970896442260608,0.0220049642875234,0.0140756125154079,0.00108066122958986,0.00279621093156375,0.00102662816811036,0.0736605710619185,0.0352025395538895,0.00805092616044442,0.0354051635344376,0.00339057460783817,0.0758686177594897,0.0956655353494419
2026,,"Bryson Ware","PHI",2,"steamer,oopsy",5,1,0.96644,0.02484,0.01512,0.00116,0.0044,0.00128,0.0746,0.03832,0.0096,0.03832,0.00428,0.0771905136376805,0.09944
2026,,"Bubba Alleyne",,2,"steamer,oopsy",5,1,0.96568,0.026,0.01488,0.0014,0.004,0.00292,0.0746,0.037,0.0072,0.03496,0.00912,0.0772512633584624,0.1006
2026,,"Byeong-woo Jeon",,1,"steamer",2,1,0.9012,0.078,0.0333,0.0026,0.01,0.0028,0.1782,0.0891,0.0163,0.0821,0.0092,0.197736351531292,0.2562
2026,,"Byron Castillo","LAA",1,"steamer",2,1,0.9434,0.0348,0.0164,0.0014,0.011,0.0029,0.1385,0.0634,0.0142,0.0647,0.0094,0.146809412762349,0.1733
2026,,"Byron Chourio","MIN",2,"steamer,oopsy",5,1,0.96308,0.029,0.00884,0.00092,0.0036,0.00216,0.0636,0.03104,0.00408,0.02708,0.00704,0.0660381276737135,0.0926
2026,,"C.J. Hinojosa",,1,"steamer",2,2.67275,0.924628191937143,0.0555981666822561,0.0405574782527359,0.00355439154428959,0.00901693012814517,0.00303058647460481,0.204508465064073,0.0900944719857824,0.0154522495557011,0.0881863249462164,0.0098774670283416,0.221179136486869,0.260106631746329
2026,,"C.J. Pittaro","ATH",2,"steamer,oopsy",5,1,0.9652,0.02608,0.01072,0.00124,0.0044,0.00096,0.06824,0.03224,0.004,0.02844,0.00312,0.0707003729796933,0.09432
2026,,"Caberea Weaver",,1,"steamer",2,1,0.9362,0.043,0.0275,0.0025,0.01,0.0043,0.1773,0.0843,0.0211,0.0869,0.0142,0.189382610553301,0.2203
2026,,"Cade Bunnell",,2,"steamer,oopsy",5,1,0.95248,0.0404,0.0126,0.00096,0.0028,0.00104,0.05892,0.03524,0.00784,0.03176,0.00352,0.0618595666050731,0.09932
2026,,"Cade Doughty","TOR",2,"steamer,oopsy",5,1.092452,0.972145914728745,0.0199491524047014,0.0159528238285153,0.000844752381958038,0.00360644286143624,0.00120214762047875,0.0798940810474929,0.036194390519279,0.00656307619828938,0.0354796000422376,0.00383387619504033,0.0821832194499172,0.0998432334521943
2026,,"Cade Fergus","PHI",2,"steamer,oopsy",5,1.092452,0.95963708138052,0.0304435762267185,0.0110142714416837,0.00103969523933297,0.00558836191141472,0.00272920000324905,0.0620568095976867,0.0385986857602365,0.0124763428719956,0.0384687238553199,0.00899986191547602,0.0646669567086889,0.0925003858244052
2026,,"Cade Hunter","CIN",2,"steamer,oopsy",5,1,0.95736,0.03392,0.01272,0.00064,0.0044,0.00108,0.0686,0.0368,0.00836,0.03436,0.00364,0.0716553856438539,0.10252
2026,,"Cade McGee","STL",2,"steamer,oopsy",5,1,0.9656,0.02608,0.00908,0.00056,0.004,0.00212,0.0624,0.03208,0.00716,0.03084,0.007,0.0646230323115162,0.08848
2026,,"Caden Connor","CHW",2,"steamer,oopsy",5,1,0.96004,0.03284,0.01584,0.00088,0.0028,0.00136,0.08572,0.03892,0.00648,0.03596,0.00456,0.0892879463355693,0.11856
2026,,"Caden Kendle","MIN",2,"steamer,oopsy",5,1,0.96556,0.02492,0.0136,0.00088,0.0052,0.00192,0.07368,0.03584,0.00672,0.0338,0.00628,0.0763080492149633,0.0986
2026,,"Caden Powell","HOU",2,"steamer,oopsy",5,1,0.96884,0.02284,0.0096,0.00076,0.004,0.00272,0.06212,0.03164,0.00612,0.02964,0.00916,0.0641179142066802,0.08496
2026,,"Caden Rose","BOS",2,"steamer,oopsy",5,1,0.96012,0.02876,0.01228,0.00216,0.0068,0.00212,0.06624,0.03712,0.009,0.0354,0.00692,0.0689913760779902,0.095
2026,,"Cadyn Grenier","BAL",1,"steamer",2,1,0.8651,0.1131,0.0414,0.0047,0.011,0.0057,0.2017,0.1084,0.0151,0.09,0.0184,0.233152236735637,0.3148
2026,,"Caeden Trenkle",,2,"steamer,oopsy",5,1.00562,0.965307430600069,0.0267836891672008,0.0132143385434643,0.00173561461466397,0.00358956658941867,0.0014200483210887,0.0733297174695528,0.0355406538139145,0.00666633795177753,0.0336472560524629,0.00457571125684138,0.0759651434817698,0.100113406636754
2026,,"Cal Conley","ATL",2,"steamer,oopsy",5,4.217296,0.97021244598175,0.0226821360485844,0.0134509313033824,0.00141542190630792,0.00279988145841535,0.00325989357796542,0.074964282712833,0.033554345566412,0.00279988145841535,0.0293213494278599,0.0104873916870502,0.0772658431906398,0.0976464187614174
2026,,"Cal Stark","TEX",2,"steamer,oopsy",5,1,0.97128,0.0196,0.00852,8e-04,0.0048,0.00136,0.05792,0.0292,0.0064,0.02868,0.00448,0.0596326496993658,0.07752
2026,,"Caleb Bartolero","LAA",2,"steamer,oopsy",5,1,0.97256,0.01792,0.01068,0.00104,0.0052,0.00108,0.06984,0.03288,0.00828,0.03364,0.00352,0.0718104795591017,0.08776
2026,,"Caleb Bonemer","CHW",2,"steamer,oopsy",5,1,0.95844,0.03324,0.01288,0.00084,0.004,0.00232,0.0712,0.03588,0.00664,0.03256,0.00768,0.0742873836651225,0.10444
2026,,"Caleb Cali","SEA",2,"steamer,oopsy",5,1,0.96148,0.031,0.01356,0.00128,0.0032,0.0018,0.06928,0.03772,0.0096,0.037,0.00556,0.0720555809793235,0.10028
2026,,"Caleb Farmer","WSN",2,"steamer,oopsy",5,1,0.9692,0.02168,0.00916,0.00128,0.0048,0.00096,0.05896,0.0292,0.00624,0.02852,0.00324,0.0608336772595955,0.08064
2026,,"Caleb Hobson","COL",2,"steamer,oopsy",5,1,0.95516,0.03652,0.00988,0.00136,0.004,0.00336,0.06192,0.03384,0.00512,0.028,0.01172,0.0648268352946103,0.09844
2026,,"Caleb Ketchup","LAA",2,"steamer,oopsy",5,1,0.961,0.03148,0.01312,0.00164,0.0032,0.00416,0.0702,0.03496,0.00496,0.02992,0.01476,0.0730489073881374,0.10168
2026,,"Caleb Knight",,2,"steamer,oopsy",5,1,0.96488,0.0256,0.01384,0.001,0.0052,0.00172,0.07124,0.03628,0.008,0.03504,0.00556,0.0738330155045187,0.09684
2026,,"Caleb Lomavita","WSN",2,"steamer,oopsy",5,1,0.97272,0.01656,0.0118,0.00092,0.0064,0.001,0.07556,0.03188,0.00532,0.03108,0.00332,0.0776790854511062,0.09212
2026,,"Caleb McNeely",,2,"steamer,oopsy",5,1,0.96928,0.0224,0.00848,0.00076,0.004,0.00192,0.06108,0.02956,0.00484,0.02744,0.00656,0.0630158468141301,0.08348
2026,,"Caleb Pendleton","LAA",2,"steamer,oopsy",5,1,0.97576,0.01632,0.00984,0.00092,0.0036,0.00124,0.06456,0.02964,0.00688,0.03024,0.0042,0.0661638107731409,0.08088
2026,,"Caleb Ricketts","PHI",2,"steamer,oopsy",5,1,0.96684,0.02404,0.0154,0.001,0.0048,0.00076,0.08164,0.03904,0.00848,0.03856,0.00244,0.0844400314426379,0.10568
2026,,"Caleb Roberts","ARI",2,"steamer,oopsy",5,3.280316,0.957408604060118,0.0338825720549368,0.0171382777254622,0.0021549697871445,0.00439948125519528,0.00141475855831924,0.0771371733780644,0.0410638148636206,0.00822589575259037,0.0384969533443072,0.00463228962555161,0.0805687070817474,0.111019745433001
2026,,"Callan Moss","PIT",2,"steamer,oopsy",5,1,0.95868,0.033,0.0134,0.00088,0.004,0.00172,0.07728,0.03836,0.0076,0.0358,0.00564,0.0806108399048692,0.11028
2026,,"Calvin Harris","CHW",2,"steamer,oopsy",5,1,0.96564,0.02684,0.0138,0.00116,0.0032,0.00108,0.07812,0.0348,0.00556,0.03272,0.00356,0.0808997141791972,0.10496
2026,,"Cam Cannarella","MIA",1,"oopsy",3,1,1,0,0,0,0,0,0,0,0,0,0,0,0
2026,,"Cam Cannon",,1,"steamer",2,1,0.9182,0.062,0.0438,0.0039,0.009,0.0043,0.2036,0.0948,0.0157,0.09,0.014,0.221738183402309,0.2656
2026,,"Cam Clayton","MIA",2,"steamer,oopsy",5,1,0.96792,0.02376,0.0112,0.00104,0.004,0.00124,0.06644,0.03008,0.00392,0.02788,0.00408,0.0686420365319448,0.0902
2026,,"Cam Collier","CIN",2,"steamer,oopsy",5,1,0.95292,0.03916,0.01544,6e-04,0.0036,0.00056,0.07684,0.04052,0.00904,0.03756,0.00188,0.0806363598203417,0.116
2026,,"Cam Fisher",,2,"steamer,oopsy",5,1,0.95608,0.0352,0.00776,0.00068,0.0044,0.0024,0.05196,0.03396,0.01,0.03208,0.00812,0.0543469165760187,0.08716
2026,,"Cam Magee",,1,"steamer",2,1,0.9302,0.047,0.0223,0.0019,0.012,0.0055,0.1493,0.0691,0.0086,0.0631,0.0185,0.160503117609116,0.1963
2026,,"Cam Williams",,1,"steamer",2,1,0.9102,0.069,0.0259,0.0022,0.01,0.0032,0.1488,0.0889,0.0298,0.0921,0.0107,0.163480553724456,0.2178
2026,,"Camden Duzenack",,1,"steamer",2,1,0.9182,0.058,0.0436,0.0037,0.013,0.0043,0.2146,0.1016,0.0217,0.1001,0.0138,0.233718144195164,0.2726
2026,,"Camden Janik","PIT",2,"steamer,oopsy",5,1,0.96716,0.02412,0.00956,0.00092,0.0044,0.0012,0.0682,0.0318,0.0054,0.03012,0.00404,0.0705157367963936,0.09232
2026,,"Camden Troyer","NYY",1,"oopsy",3,1,1,0,0,0,0,0,0,0,0,0,0,0,0
2026,,"Cameron Barstad","CLE",2,"steamer,oopsy",5,1,0.96348,0.027,0.01496,0.00072,0.0052,0.00068,0.06972,0.03464,0.00736,0.0334,0.00224,0.0723626852659111,0.09672
2026,,"Cameron Cauley","TEX",2,"steamer,oopsy",5,27.8356,0.909708464761105,0.0550116081508347,0.0455044013457204,0.00240174328546299,0.00239964294153168,0.00323978051405918,0.19417544622932,0.0977635087745618,0.0372962572621267,0.0961493944633434,0.0402619428931488,0.213447993231889,0.249187054380155
2026,,"Cameron Decker","LAD",2,"steamer,oopsy",5,1,0.96272,0.02856,0.01096,0.00064,0.0044,0.00108,0.06188,0.0368,0.01028,0.03652,0.00352,0.0642762173840784,0.09044
2026,,"Cameron Leary","ATH",2,"steamer,oopsy",5,1,0.95956,0.03252,0.0126,8e-04,0.0036,0.00328,0.06996,0.03736,0.00684,0.03284,0.01132,0.0729084163574972,0.10248
2026,,"Cameron Masterman",,1,"steamer",2,1,0.9122,0.067,0.0366,0.0032,0.01,0.0032,0.1824,0.0938,0.0232,0.0928,0.0108,0.199956149967112,0.2494
2026,,"Cameron Sisneros","CHC",2,"steamer,oopsy",5,1,0.95688,0.034,0.01112,0.00092,0.0048,0.00144,0.07236,0.03792,0.00784,0.03492,0.00492,0.0756207674943567,0.10636
2026,,"Camilo Diaz","HOU",1,"steamer",2,1,0.9281,0.0521,0.0147,0.0015,0.009,0.0036,0.1222,0.0619,0.0093,0.0567,0.0119,0.131666846245017,0.1743
2026,,"Canyon Brown","KCR",2,"steamer,oopsy",5,1,0.9684,0.02288,0.01148,8e-04,0.0044,0.0016,0.06812,0.03232,0.00504,0.02996,0.00532,0.0703428335398596,0.091
2026,,"Capri Ortiz","LAA",2,"steamer,oopsy",5,1,0.96856,0.02272,0.01144,0.00124,0.0044,0.00292,0.07328,0.03216,0.00396,0.0288,0.0094,0.0756587098372842,0.096
2026,,"Carlos  Garces","CLE",1,"steamer",2,1,0.8946,0.0786,0.0181,0.0018,0.016,0.0036,0.1398,0.073,0.0093,0.0618,0.012,0.156270959087861,0.2184
2026,,"Carlos Aguiar",,1,"steamer",2,1,0.9332,0.047,0.0265,0.0027,0.009,0.0035,0.1702,0.0881,0.0278,0.0946,0.0112,0.182383197599657,0.2172
2026,,"Carlos Altuve",,1,"steamer",2,1,0.9322,0.046,0.0142,0.0014,0.011,0.003,0.1293,0.0619,0.0096,0.0584,0.0101,0.13870414074233,0.1753
2026,,"Carlos Amaya",,1,"steamer",2,1,0.9322,0.047,0.0284,0.0024,0.01,0.0033,0.1705,0.0786,0.0141,0.0767,0.0109,0.182900665093328,0.2175
2026,,"Carlos Arroyo",,2,"steamer,oopsy",5,1,0.97248,0.0184,0.01084,0.00088,0.0048,0.00176,0.06544,0.02944,0.00384,0.02744,0.00584,0.0672918723264232,0.08384
2026,,"Carlos Avila","LAD",2,"steamer,oopsy",5,1,0.97144,0.02024,0.006,0.00048,0.004,0.00104,0.05244,0.02656,0.00376,0.02436,0.00352,0.0539817178621428,0.07268
2026,,"Carlos Batista","WSN",2,"steamer,oopsy",5,1,0.97236,0.01932,0.00524,0.00052,0.004,0.00172,0.04648,0.0236,0.0048,0.02268,0.00564,0.0478012258834177,0.0658
2026,,"Carlos Bello","NYY",1,"steamer",2,1,0.9308,0.0474,0.0152,0.0011,0.011,0.0031,0.125,0.0622,0.0096,0.0576,0.0104,0.134293081220456,0.1724
2026,,"Carlos Benavides","DET",1,"steamer",2,1,0.9439,0.0353,0.0171,0.0013,0.01,0.0026,0.1314,0.0596,0.0096,0.0587,0.0087,0.13920966204047,0.1667
2026,,"Carlos Blanco",,1,"steamer",2,1,0.9402,0.038,0.0167,0.0015,0.011,0.0031,0.1344,0.0625,0.0104,0.0609,0.0102,0.142948308870453,0.1724
2026,,"Carlos Caripa","CLE",1,"steamer",2,1,0.9409,0.0383,0.0164,0.0012,0.01,0.0027,0.1373,0.062,0.0107,0.0614,0.009,0.145924115208843,0.1756
2026,,"Carlos Caro","PIT",2,"steamer,oopsy",5,1,0.96796,0.02332,0.00932,0.00084,0.0044,0.0018,0.06188,0.02824,0.00276,0.025,0.00588,0.063928261498409,0.0852
2026,,"Carlos Cauro","HOU",2,"steamer,oopsy",5,1,0.97004,0.02164,0.0062,0.00056,0.004,0.00116,0.05292,0.02852,0.00712,0.02824,0.00388,0.0545544513628304,0.07456
2026,,"Carlos Colmenarez","TBR",2,"steamer,oopsy",5,1,0.95892,0.03196,0.00908,0.00088,0.0048,0.00136,0.05856,0.02968,0.0042,0.02592,0.00416,0.0610687022900763,0.09052
2026,,"Carlos Concepcion","SFG",1,"steamer",2,1,0.9357,0.0435,0.018,0.0019,0.01,0.002,0.1426,0.067,0.0143,0.0676,0.0067,0.152399273271348,0.1861
2026,,"Carlos De La Cruz",,2,"steamer,oopsy",5,1.874528,0.968086067940445,0.0231991764794496,0.0145748073012127,0.0020588013758819,0.00439378342413819,0.00131813502724146,0.0752090185543197,0.0377990911145146,0.00946546486228627,0.0381254864545934,0.00439378342413819,0.0776883595838985,0.0984081950337694
2026,,"Carlos De Sousa","TBR",1,"steamer",2,1,0.9398,0.0404,0.0136,0.0013,0.009,0.0026,0.116,0.0546,0.0086,0.0533,0.0086,0.123430517131305,0.1564
2026,,"Carlos Dominguez",,1,"steamer",2,1,0.9282,0.05,0.0227,0.0022,0.011,0.004,0.1688,0.0875,0.0272,0.0924,0.0128,0.181857358327947,0.2188
2026,,"Carlos Done","MIL",1,"steamer",2,1,0.9269,0.0503,0.015,0.0013,0.012,0.0034,0.1296,0.0667,0.0149,0.0656,0.0114,0.139820908404359,0.1799
2026,,"Carlos Franco","ATH",2,"steamer,oopsy",5,1,0.9732,0.01928,0.01516,0.00104,0.0032,8e-04,0.07992,0.0356,0.00596,0.03436,0.00272,0.0821208384710234,0.0992
2026,,"Carlos Gonzalez","SEA",2,"steamer,oopsy",5,1,0.96664,0.02504,0.00548,0.00048,0.004,0.00104,0.04584,0.02532,0.0048,0.02348,0.0034,0.0474219978482165,0.07088
2026,,"Carlos Gutierrez","SFG",2,"steamer,oopsy",10,1,0.96784,0.02384,0.01074,0.00102,0.004,0.00208,0.07202,0.03282,0.00492,0.03036,0.007,0.0744131261365515,0.09586
2026,,"Carlos Jimenez","SEA",2,"steamer,oopsy",5,1,0.96384,0.02824,0.01036,8e-04,0.0036,0.00244,0.06764,0.03476,0.00744,0.03296,0.00772,0.0701776228419655,0.09588
2026,,"Carlos Jorge","CIN",2,"steamer,oopsy",5,1,0.9646,0.02748,0.0132,0.00112,0.0036,0.00348,0.07528,0.03696,0.00656,0.03372,0.01212,0.0780427120049761,0.10276
2026,,"Carlos Linarez","STL",2,"steamer,oopsy",5,1,0.96876,0.02372,0.01272,0.00132,0.0032,0.00108,0.07232,0.03428,0.0076,0.0342,0.00348,0.0746521326231471,0.09604
2026,,"Carlos Luis",,1,"steamer",2,1,0.9292,0.051,0.0315,0.0027,0.009,0.0033,0.1882,0.0854,0.0161,0.0838,0.011,0.202539819199311,0.2392
2026,,"Carlos Martinez","MIA",1,"steamer",2,1,0.9379,0.0403,0.0148,0.0015,0.011,0.0028,0.1294,0.0617,0.0121,0.0619,0.0093,0.13796780040516,0.1697
2026,,"Carlos Matias","TBR",1,"steamer",2,1,0.9297,0.0475,0.0168,0.0013,0.012,0.0039,0.1395,0.0658,0.0114,0.0632,0.0129,0.150048402710552,0.187
2026,,"Carlos Mendoza","TOR",2,"steamer,oopsy",5,4.66544,0.946211972135857,0.0430792238970443,0.01549057420599,0.00154276043921445,0.0063993073320477,0.00282577039631627,0.081951277106537,0.0415561415246566,0.00396316265890039,0.033149671376284,0.00904403951355819,0.0866098501391298,0.125030501003581
2026,,"Carlos Monteverde","ATL",2,"steamer,oopsy",5,1,0.96224,0.02984,0.00824,0.00064,0.0036,0.00096,0.05664,0.02988,0.00472,0.02648,0.00316,0.0588626538077819,0.08648
2026,,"Carlos Mota","COL",1,"steamer",2,1,0.9415,0.0357,0.0187,0.0018,0.012,0.0025,0.151,0.0671,0.0123,0.0663,0.0082,0.160382368560807,0.1867
2026,,"Carlos Oviedo",,1,"steamer",2,1,0.9332,0.046,0.0157,0.0015,0.01,0.0031,0.1248,0.0625,0.0116,0.0603,0.0104,0.133733390484355,0.1708
2026,,"Carlos Pacheco","ATH",2,"steamer,oopsy",5,1,0.95796,0.03252,0.009,0.00076,0.0052,0.00204,0.0588,0.03252,0.00532,0.02768,0.00688,0.0613804334210197,0.09132
2026,,"Carlos Renzullo","COL",2,"steamer,oopsy",5,1,0.96548,0.0262,0.00868,0.00096,0.004,0.00172,0.07208,0.03108,0.00244,0.02648,0.00568,0.0746571653478063,0.09828
2026,,"Carlos Rodriguez","SDP",2,"steamer,oopsy",5,1,0.96244,0.02924,0.00936,0.00072,0.004,0.001,0.0612,0.03136,0.00556,0.0286,0.00328,0.0635883795353477,0.09044
2026,,"Carlos Rodríguez","SDP",2,"steamer,oopsy",5,4.184732,0.961252110339071,0.0324398030313005,0.0136400712800845,0.00137471922587239,0.00199959160126894,0.00287887630093407,0.0857503434008456,0.0387242337781458,0.00490078477275289,0.0342251526752907,0.00845363056429323,0.0892069234267772,0.118190146432146
2026,,"Carlos Rojas",,2,"steamer,oopsy",5,1,0.96608,0.0256,0.01168,0.00084,0.004,0.00064,0.07276,0.03264,0.00404,0.02976,0.0022,0.0753146737330242,0.09836
2026,,"Carlos Rondon","NYY",1,"steamer",2,1,0.9197,0.0585,0.0116,9e-04,0.011,0.0024,0.1048,0.0595,0.0112,0.0544,0.0079,0.11395020115255,0.1633
2026,,"Carlos Sanchez","CIN",2,"steamer,oopsy",10,1,0.96324,0.02924,0.01022,0.00094,0.0032,0.00158,0.06602,0.0316,0.00468,0.02844,0.00496,0.0685395124787176,0.09526
2026,,"Carlos Santiago",,1,"steamer",2,1,0.9372,0.043,0.0289,0.0024,0.009,0.0038,0.1725,0.0826,0.0199,0.0849,0.0126,0.184058898847631,0.2155
2026,,"Carlos Silva","MIN",1,"steamer",2,1,0.919,0.0602,0.0168,0.0013,0.01,0.0028,0.1251,0.0639,0.009,0.0573,0.0093,0.136126224156692,0.1853
2026,,"Carlos Tavares","WSN",2,"steamer,oopsy",5,1,0.9716,0.02048,0.00892,0.00068,0.0036,0.00096,0.05928,0.02784,0.00556,0.02724,0.0032,0.0610127624536846,0.07976
2026,,"Carlos Tirado",,2,"steamer,oopsy",5,1,0.97168,0.02,0.00672,0.00056,0.004,0.00116,0.05288,0.02676,0.00556,0.02608,0.0038,0.054421208628355,0.07288
2026,,"Carlos Torres","TEX",1,"steamer",2,1,0.9412,0.038,0.0191,0.0016,0.01,0.0021,0.1506,0.0652,0.0079,0.0623,0.007,0.160008499787505,0.1886
2026,,"Carlos Vasquez",,1,"steamer",2,1,0.9302,0.049,0.0167,0.0016,0.01,0.0037,0.139,0.0626,0.0057,0.056,0.0121,0.149430230058052,0.188
2026,,"Carlos Villarroel","NYY",1,"steamer",2,1,0.9318,0.0474,0.014,0.001,0.01,0.0026,0.1279,0.0675,0.0169,0.0677,0.0086,0.137261214852973,0.1753
2026,,"Carlos Virahonda","ARI",2,"steamer,oopsy",5,1,0.96736,0.02072,0.01056,0.00088,0.0076,0.00088,0.06532,0.03104,0.00432,0.02876,0.00296,0.0675239827985445,0.08604
2026,,"Carson Benge","NYM",4,"batx,steamer,oopsy,atc",9,344.156111111111,0.889789379801665,0.0896298003116172,0.0431575072814842,0.00407245431666536,0.0116125696376954,0.00388224300339516,0.212878483054593,0.118700162448579,0.0249403659748811,0.105082698162314,0.0191854946779059,0.239245924807558,0.30250828336621
2026,,"Carson DeMartini","PHI",2,"steamer,oopsy",5,1,0.96044,0.03044,0.01432,0.0018,0.0048,0.00452,0.07624,0.04052,0.00816,0.03696,0.01504,0.0793802840364833,0.10668
2026,,"Carson Jones",,1,"oopsy",3,1,1,0,0,0,0,0,0,0,0,0,0,0,0
2026,,"Carson Roccaforte","KCR",2,"steamer,oopsy",5,1,0.95596,0.03692,0.01732,0.00188,0.0028,0.00424,0.07672,0.0424,0.00868,0.03832,0.01344,0.0802544039499561,0.11364
2026,,"Carson Rucker","DET",2,"steamer,oopsy",5,1,0.97476,0.01652,0.01,0.00084,0.0044,0.0012,0.06636,0.0284,0.0038,0.02712,0.00392,0.0680782961959867,0.08288
2026,,"Carson Taylor","SEA",2,"steamer,oopsy",5,2.785276,0.952731645796687,0.0389589232664432,0.0129155310358966,0.000944503119972031,0.00399766436825371,0.00096646830880859,0.0744546684263223,0.0401377217340052,0.00904965780066225,0.0373993948590476,0.0032581696774229,0.0781486253288694,0.113413591692766
2026,,"Carter Aldrete",,2,"steamer,oopsy",5,1,0.96928,0.0236,0.01568,0.0012,0.0028,0.00104,0.07708,0.03816,0.0098,0.03908,0.00324,0.0795229448662925,0.10068
2026,,"Carter Cunningham","TOR",2,"steamer,oopsy",5,1,0.9554,0.03668,0.00984,0.00068,0.0036,0.0014,0.0598,0.03548,0.00872,0.03288,0.0046,0.0625915846765753,0.09648
2026,,"Carter Dorighi","SEA",2,"steamer,oopsy",5,1,0.971,0.02068,0.01292,0.00076,0.004,0.00164,0.07376,0.03176,0.0034,0.02924,0.00552,0.0759629248197734,0.09444
2026,,"Carter Frederick","KCR",2,"steamer,oopsy",5,1,0.9652,0.02648,0.01352,0.00108,0.004,0.0018,0.0676,0.0332,0.00488,0.02996,0.00608,0.0700372979693328,0.09408
2026,,"Carter Graham","CIN",2,"steamer,oopsy",5,1,0.97108,0.0198,0.012,0.00056,0.0048,0.00136,0.0718,0.03452,0.00828,0.03472,0.00452,0.0739382955060345,0.0916
2026,,"Carter Howell",,1,"oopsy",3,1,1,0,0,0,0,0,0,0,0,0,0,0,0
2026,,"Carter Johnson","MIA",2,"steamer,oopsy",5,1,0.97116,0.02052,0.00936,0.00104,0.004,0.0012,0.05908,0.0262,0.00268,0.02404,0.00392,0.0608344659994234,0.0796
2026,,"Carter Mathison","PHI",2,"steamer,oopsy",5,1,0.96524,0.02564,0.00756,0.00068,0.0048,0.00136,0.05584,0.03076,0.0074,0.02956,0.00464,0.057850897186192,0.08148
2026,,"Carter Trice","CHC",2,"steamer,oopsy",5,1,0.95168,0.04,0.01284,0.00092,0.004,0.00256,0.0664,0.04076,0.01108,0.03824,0.00848,0.0697713517148621,0.1064
2026,,"Carter Williams",,1,"steamer",2,1,0.9202,0.059,0.0373,0.0035,0.01,0.0043,0.2023,0.0985,0.0241,0.099,0.0141,0.219843512279939,0.2613
2026,,"Carter Young","BAL",2,"steamer,oopsy",5,1,0.97004,0.02284,0.01416,0.00092,0.0028,0.0014,0.07172,0.03272,0.00408,0.02984,0.00452,0.073935095459981,0.09456
2026,,"Casey Cook","TEX",2,"steamer,oopsy",5,1,0.96564,0.02524,0.01112,8e-04,0.0048,0.00304,0.0668,0.03216,0.00392,0.02816,0.00976,0.0691769189345926,0.09204
2026,,"Casey Martin","MIL",1,"steamer",2,2.72677,0.926920862412305,0.053286489142832,0.0317225141834478,0.0036306692533657,0.00898498956641008,0.00410742380178746,0.158209163222421,0.0783711130751769,0.0156595532443147,0.0769041760031099,0.0137525350506277,0.170682492581602,0.211495652365253
2026,,"Casey Opitz","CHC",2,"steamer,oopsy",5,1,0.95808,0.034,0.01152,0.0012,0.0036,0.00092,0.06456,0.03488,0.00692,0.03192,0.0032,0.0673847695390781,0.09856
2026,,"Casey Saucke","CHW",2,"steamer,oopsy",5,1,0.97284,0.01884,0.01012,8e-04,0.004,0.0016,0.07016,0.03312,0.00868,0.03424,0.00528,0.0721187451173883,0.089
2026,,"Casey Yamauchi","ATH",2,"steamer,oopsy",5,1,0.97244,0.01684,0.01408,0.00116,0.0064,0.00192,0.08688,0.03488,0.002,0.03056,0.0062,0.0893422730451236,0.10372
2026,,"Cayden Wallace","WSN",2,"steamer,oopsy",5,1.092452,0.965647819482914,0.0260248714595534,0.0167650857342441,0.0015270523827703,0.00399632857618611,0.0018194666688327,0.0805763810483052,0.0380463476643409,0.00789518572368474,0.0367467286151747,0.00601073810239374,0.0834428240012516,0.106601252507859
2026,,"Cesar Acosta","NYM",1,"steamer",2,1,0.9373,0.0419,0.0141,0.0011,0.01,0.0025,0.1165,0.0594,0.0111,0.0576,0.0083,0.12429318254561,0.1584
2026,,"Cesar Franco","ATH",2,"steamer,oopsy",5,1,0.964,0.02768,0.00764,0.00072,0.004,0.001,0.05244,0.02864,0.00512,0.02556,0.00336,0.0543983402489627,0.08012
2026,,"Cesar Garcia","MIA",1,"steamer",2,1,0.9319,0.0473,0.0134,0.0019,0.01,0.0029,0.1199,0.057,0.0083,0.0538,0.0095,0.128661873591587,0.1672
2026,,"Cesar Gonzalez","ATH",2,"steamer,oopsy",5,1,0.9664,0.02528,0.00888,0.00064,0.004,0.00112,0.05796,0.02944,0.00468,0.02648,0.00372,0.0599751655629139,0.08324
2026,,"Cesar Hernandez","HOU",2,"steamer,oopsy",5,1,0.96684,0.02404,0.00936,0.00092,0.0048,0.00344,0.06648,0.03428,0.00708,0.03212,0.01104,0.0687600843986595,0.09052
2026,,"Cesar Lugo","CHC",2,"steamer,oopsy",5,1,0.96648,0.0248,0.0068,0.00072,0.0044,0.00164,0.05392,0.02756,0.00408,0.02464,0.00544,0.0557900836023508,0.07872
2026,,"Cesar Mujica","PHI",2,"steamer,oopsy",5,1,0.97524,0.01604,0.00548,0.00048,0.0044,0.00108,0.04652,0.02264,0.00332,0.02148,0.00364,0.0477010787088306,0.06256
2026,,"Cesar Paredes","LAA",1,"steamer",2,1,0.9234,0.0548,0.0151,0.0013,0.011,0.0045,0.1256,0.0592,0.0056,0.051,0.0152,0.136019059995668,0.1804
2026,,"Cesar Quintas","SEA",2,"steamer,oopsy",5,1,0.967,0.02108,0.01064,0.00072,0.0076,0.00116,0.06432,0.03208,0.00636,0.03088,0.0038,0.0665149948293692,0.0854
2026,,"Chad Castillo",,1,"steamer",2,1,0.9312,0.045,0.0231,0.0021,0.013,0.0034,0.1631,0.0825,0.0231,0.0859,0.011,0.175150343642612,0.2081
2026,,"Chandler Pollard","TEX",2,"steamer,oopsy",5,1,0.97208,0.0184,0.01004,0.00088,0.0052,0.00356,0.06712,0.0302,0.00312,0.02668,0.0122,0.0690478149946506,0.08552
2026,,"Chandler Redmond",,1,"steamer",2,2.0333,0.894211380514435,0.0860178035705503,0.0310824767619141,0.00216396990114592,0.00900014754340235,0.0026066001081985,0.174986475188118,0.098854079575075,0.029115231397236,0.0980671814292037,0.00845915506811587,0.195688043119569,0.261004278758668
2026,,"Channy Ortiz",,1,"steamer",2,1,0.9212,0.058,0.0293,0.0031,0.01,0.0043,0.1787,0.0793,0.0083,0.0713,0.0138,0.19398610508033,0.2367
2026,,"Charles Mack",,2,"steamer,oopsy",5,1,0.97088,0.0208,0.01008,0.001,0.004,0.00152,0.06348,0.0322,0.00784,0.03232,0.00512,0.0653839815425181,0.08428
2026,,"Charles McAdoo","TOR",2,"steamer,oopsy",5,1.236812,0.964163991884575,0.0283160493206786,0.0164318511585837,0.00105525649642281,0.00319089464394515,0.00316576948926842,0.0805763710482843,0.04261226233174,0.0110048177484093,0.0418333825367612,0.0110550680577627,0.0835712303368517,0.108892420368963
2026,,"Charles Nova",,1,"steamer",2,1,0.9262,0.053,0.0159,0.0015,0.01,0.0033,0.1337,0.0623,0.0058,0.0551,0.0111,0.144353271431656,0.1867
2026,,"Charlie Condon","COL",4,"batx,steamer,oopsy,atc",9,153.243444444444,0.89818614484383,0.0748029917246016,0.0407245302634899,0.00606276120822926,0.0182826973734651,0.00140883999008653,0.211717899598945,0.110929193746411,0.0274153362298884,0.107743915765228,0.007562524409727,0.235717173788911,0.286520891323547
2026,,"Charlie Pagliarini","SEA",2,"steamer,oopsy",5,1,0.95628,0.0354,0.01204,0.00068,0.004,0.00068,0.06108,0.03528,0.00852,0.03336,0.00224,0.0638725059605973,0.09648
2026,,"Charlie Szykowny","SFG",2,"steamer,oopsy",5,1,0.97148,0.0174,0.01524,0.00116,0.0068,0.00088,0.08004,0.03616,0.0076,0.03652,0.00288,0.0823897558364557,0.09744
2026,,"Chase Adkison","STL",2,"steamer,oopsy",5,1,0.95848,0.032,0.01148,0.00076,0.0052,0.00092,0.07104,0.03396,0.00484,0.03028,0.00308,0.0741173524747517,0.10304
2026,,"Chase Call","HOU",2,"steamer,oopsy",5,1,0.96524,0.02604,0.00928,0.00072,0.0044,0.00232,0.06284,0.03328,0.00716,0.03128,0.00772,0.0651029795698479,0.08888
2026,,"Chase Davis","STL",2,"steamer,oopsy",5,1,0.95492,0.03636,0.01448,6e-04,0.0044,0.00116,0.07504,0.03816,0.00764,0.03516,0.00388,0.0785824990575127,0.1114
2026,,"Chase Harlan","LAD",2,"steamer,oopsy",5,1,0.96948,0.0226,0.009,0.00056,0.0036,0.00108,0.06456,0.03448,0.00892,0.0348,0.00356,0.0665924000495111,0.08716
2026,,"Chase Jaworsky","MIA",2,"steamer,oopsy",5,1,0.96188,0.0274,0.0118,0.00112,0.0064,0.00368,0.06816,0.03312,0.00412,0.02864,0.0128,0.0708612300910716,0.09556
2026,,"Chase Luttrell",,1,"steamer",2,1,0.9312,0.049,0.0292,0.0024,0.009,0.0036,0.1692,0.0818,0.0185,0.0823,0.0117,0.181701030927835,0.2182
2026,,"Chase Pinder",,1,"steamer",2,1,0.8542,0.124,0.0373,0.0029,0.011,0.0047,0.1825,0.1061,0.0209,0.0913,0.0149,0.213650199016624,0.3065
2026,,"Chase Strumpf",,2,"steamer,oopsy",5,1,0.94808,0.0436,0.01404,0.00108,0.004,0.0012,0.06632,0.03988,0.00968,0.0364,0.004,0.0699519027930132,0.10992
2026,,"Chase Valentine",,2,"steamer,oopsy",5,1,0.96848,0.0232,0.01092,0.00068,0.004,0.00208,0.06352,0.02932,0.00316,0.02604,0.00644,0.0655873120766562,0.08672
2026,,"Chavez Young",,1,"steamer",2,1,0.8842,0.09,0.0352,0.004,0.015,0.0078,0.1815,0.0986,0.0177,0.0864,0.0278,0.205270300836915,0.2715
2026,,"Cherif Neymour",,2,"steamer,oopsy",5,1,0.97488,0.0168,0.00712,0.00072,0.004,0.00216,0.05516,0.02464,0.0022,0.02216,0.00728,0.0565813228294764,0.07196
2026,,"Ching-Hsien Ko","LAD",2,"steamer,oopsy",5,1,0.95916,0.03252,0.00912,8e-04,0.004,0.001,0.06272,0.03408,0.00568,0.0302,0.00336,0.0653905500646399,0.09524
2026,,"Chris Arroyo","MIA",1,"oopsy",3,1,1,0,0,0,0,0,0,0,0,0,0,0,0
2026,,"Chris Brito","KCR",2,"steamer,oopsy",5,1,0.95476,0.03692,0.01148,0.00076,0.004,0.00128,0.07028,0.03668,0.00632,0.03232,0.0042,0.0736101219154552,0.1072
2026,,"Chris Lanzilli",,1,"steamer",2,1,0.9122,0.065,0.0269,0.0024,0.012,0.0041,0.1755,0.0871,0.0185,0.0834,0.013,0.192392019294014,0.2405
2026,,"Chris Meyers","DET",2,"steamer,oopsy",5,4.130664,0.961853747623676,0.0286405050154872,0.0161556013259829,0.00183988054371642,0.00519788912227275,0.000657100194184437,0.0816979469017726,0.0408172513725463,0.00994713742230923,0.0403640788248329,0.00217069650354721,0.084938013813028,0.11033845191726
2026,,"Chris Newell","LAD",2,"steamer,oopsy",5,1.092452,0.954828490898605,0.03807883814057,0.0135810190637869,0.000812261905728883,0.00279418095570736,0.00214437143112425,0.0706667857984128,0.0443170095765679,0.0133535857301828,0.0433098048134641,0.00747280953270573,0.0740099258369502,0.108745623938983
2026,,"Chris Rotondo",,1,"steamer",2,1,0.9012,0.074,0.0384,0.0033,0.014,0.0049,0.1903,0.096,0.0187,0.0892,0.0163,0.211162893919219,0.2643
2026,,"Chris Seise",,1,"steamer",2,1,0.9182,0.062,0.0394,0.0033,0.009,0.0046,0.1882,0.0888,0.0146,0.0832,0.0158,0.204966238292311,0.2502
2026,,"Chris Suero","NYM",2,"steamer,oopsy",5,1,0.94684,0.04204,0.01208,0.00088,0.0068,0.00316,0.06576,0.04028,0.00864,0.0348,0.0102,0.0694520721558025,0.1078
2026,,"Chris Williams",,2,"steamer,oopsy",5,1,0.95128,0.04,0.01344,0.00084,0.0044,0.001,0.06512,0.0406,0.01224,0.0394,0.0034,0.0684551341350601,0.10512
2026,,"Christian Astudillo","BAL",1,"steamer",2,1,0.9171,0.0601,0.0169,0.0014,0.012,0.002,0.1379,0.0687,0.009,0.0608,0.0068,0.150365281866754,0.198
2026,,"Christian Cairo","PHI",2,"steamer,oopsy",5,2.221704,0.95365270110945,0.0368402618480314,0.0147795158672606,0.00170684662552476,0.00519946920029796,0.00431151430840647,0.073147750760928,0.0379354062146976,0.00340382708558405,0.0300720723387252,0.0150952331621554,0.076702714390501,0.109988012608959
2026,,"Christian Cerda","ARI",2,"steamer,oopsy",5,1.395948,0.947821716996588,0.0446863362933257,0.0152773799293421,0.000824174443556614,0.00319618869574394,0.000683461733681095,0.0759848633327805,0.0428570710649439,0.00942775156165981,0.0393191515023594,0.00227150517370481,0.0801678859749677,0.120671199626106
2026,,"Christian Franklin","WSN",4,"batx,steamer,oopsy,atc",9,22.8390444444444,0.872913434402001,0.113790079654279,0.047379656077115,0.00223108118327939,0.00739700456410452,0.00390949356480368,0.203950492765989,0.117676938242255,0.0105276444689817,0.0807692491982174,0.0139784777070441,0.233643434421086,0.317740572420268
2026,,"Christian Gonzalez","CHW",1,"steamer",2,1,0.9081,0.0701,0.0173,0.0016,0.011,0.0038,0.1527,0.0727,0.0105,0.0648,0.0122,0.16815328708292,0.2228
2026,,"Christian Knapczyk","CLE",2,"steamer,oopsy",5,1,0.95744,0.03304,0.01556,0.00116,0.0052,0.00152,0.07996,0.03672,0.00424,0.032,0.00484,0.083514371657754,0.113
2026,,"Christian Martin","STL",2,"steamer,oopsy",5,1,0.96324,0.02804,0.01004,0.00064,0.0044,0.00216,0.06784,0.03048,0.00236,0.02588,0.00712,0.0704289688966405,0.09588
2026,,"Christian Molfetta",,1,"steamer",2,1,0.9202,0.059,0.0238,0.0023,0.01,0.0036,0.1492,0.0734,0.0119,0.068,0.0119,0.162138665507498,0.2082
2026,,"Christian Olivo","CHC",2,"steamer,oopsy",5,1,0.96328,0.028,0.01012,0.00072,0.0044,0.0028,0.0664,0.03312,0.005,0.0294,0.009,0.0689311518976829,0.0944
2026,,"Christian Pregent",,1,"steamer",2,1,0.9152,0.064,0.0217,0.002,0.01,0.0029,0.1443,0.0733,0.0131,0.068,0.0097,0.157670454545455,0.2083
2026,,"Christian Saez","STL",1,"steamer",2,1,0.9377,0.0415,0.0134,0.0012,0.01,0.0025,0.1195,0.0588,0.0124,0.059,0.0082,0.12743947957769,0.161
2026,,"Christofer Reyes","NYY",1,"steamer",2,1,0.9389,0.0403,0.0162,0.0012,0.01,0.0062,0.1327,0.061,0.0061,0.0545,0.0206,0.141335605495793,0.173
2026,,"Christopher Alvarado","BOS",1,"steamer",2,1,0.9182,0.061,0.0198,0.0018,0.01,0.0039,0.1477,0.0686,0.0058,0.0591,0.0129,0.160858200827706,0.2087
2026,,"Christopher Espinola",,2,"steamer,oopsy",5,1,0.96368,0.028,0.0096,0.00084,0.004,0.00168,0.06324,0.03196,0.00552,0.02916,0.0056,0.0656234434667109,0.09124
2026,,"Christopher Familia",,2,"steamer,oopsy",5,1,0.96768,0.0236,0.01124,0.00128,0.0044,0.00108,0.07148,0.03744,0.0112,0.03896,0.0036,0.0738673941798942,0.09508
2026,,"Christopher Orelin",,1,"steamer",2,1,0.9312,0.048,0.0156,0.0015,0.01,0.0033,0.1249,0.0586,0.0055,0.0524,0.0109,0.134128006872852,0.1729
2026,,"Christopher Paciolla","CHC",2,"steamer,oopsy",5,1,0.97448,0.0168,0.00944,6e-04,0.0044,0.0014,0.06076,0.02816,0.0046,0.02724,0.00456,0.0623512026927182,0.07756
2026,,"CJ Rodriguez","ATH",2,"steamer,oopsy",5,1,0.95876,0.03292,0.01032,0.00068,0.004,0.00068,0.06172,0.03152,0.00348,0.02632,0.00228,0.0643748174725687,0.09464
2026,,"Clark Elliott","ATH",2,"steamer,oopsy",5,1,0.94512,0.04456,0.0144,0.00168,0.006,0.00148,0.07428,0.04252,0.00804,0.03636,0.00508,0.0785931945149822,0.11884
2026,,"Claudiel Lantigua",,1,"steamer",2,1,0.9402,0.039,0.017,0.0016,0.01,0.0032,0.1456,0.0619,0.0058,0.0573,0.0107,0.154860667942991,0.1846
2026,,"Clay Dungan","SDP",2,"steamer,oopsy",5,5.89168,0.954452272246243,0.0368397181991352,0.0153357723823058,0.00204093973936444,0.00439935899374112,0.00269706407038974,0.0722613612312158,0.0378677471048892,0.00502827079490823,0.0319837934266622,0.00962416472651408,0.0757097691864186,0.109101079430351
2026,,"Clay Winklaar",,1,"steamer",2,1,0.9332,0.043,0.0117,0.0011,0.013,0.0026,0.1057,0.0553,0.0104,0.053,0.0085,0.113266180882983,0.1487
2026,,"Clayton Campbell","DET",2,"steamer,oopsy",5,1,0.96508,0.0262,0.00956,0.00068,0.0044,0.001,0.05956,0.03036,0.0058,0.02844,0.0034,0.0617150909769138,0.08576
2026,,"Cleudis Valenzuela",,1,"steamer",2,1,0.9202,0.06,0.0182,0.0016,0.009,0.0035,0.1423,0.0663,0.0059,0.0576,0.0115,0.154640295587916,0.2023
2026,,"Cliuver Puello",,1,"steamer",2,1,0.9412,0.037,0.015,0.0014,0.011,0.003,0.1298,0.0574,0.0057,0.0534,0.01,0.137909052273693,0.1668
2026,,"Cobb Hightower","BAL",2,"steamer,oopsy",5,1,0.96728,0.0244,0.00964,0.00088,0.004,0.00164,0.06736,0.03124,0.00336,0.0274,0.00548,0.069638574146059,0.09176
2026,,"Coby Morales","NYY",2,"steamer,oopsy",5,1,0.96344,0.02864,0.01448,0.00096,0.0036,0.002,0.07696,0.03776,0.00684,0.03484,0.00664,0.0798804284646683,0.1056
2026,,"Cody Miller","ATL",2,"steamer,oopsy",5,1,0.97536,0.01632,0.0114,0.00124,0.004,0.0024,0.07408,0.03268,0.00472,0.03108,0.00796,0.0759514435695538,0.0904
2026,,"Cody Milligan",,2,"steamer,oopsy",5,1.816124,0.956884659787982,0.0351937795816874,0.014038042173331,0.00232870990129296,0.00360489555341396,0.00384171350947765,0.0722426331525404,0.035733198259388,0.00264446717604455,0.0285497202587894,0.0133012751989106,0.0754977440735096,0.107436412734228
2026,,"Cody Morissette","MIA",2,"steamer,oopsy",5,1.432948,0.96552581913877,0.0273534482344636,0.0150213458703304,0.00136383063528576,0.00280449679932001,0.00267003462401014,0.0726095746673262,0.0359398185721077,0.00724174858454549,0.0343646902327636,0.00900896574576084,0.0752021056589584,0.0999630229017898
2026,,"Cody Roberts",,2,"steamer,oopsy",5,1,0.96408,0.028,0.01508,0.00132,0.0036,0.00108,0.07392,0.03556,0.00608,0.0332,0.0036,0.0766741349265621,0.10192
2026,,"Cody Schrier","MIA",2,"steamer,oopsy",5,1,0.97236,0.01932,0.01004,0.00128,0.004,0.00252,0.069,0.03308,0.00792,0.03348,0.00848,0.0709613723312353,0.08832
2026,,"Colby Halter","ATH",2,"steamer,oopsy",5,1,0.95836,0.03332,0.01644,0.00256,0.004,0.00284,0.07736,0.03896,0.00488,0.03304,0.00952,0.0807212321048458,0.11068
2026,,"Colby Jones","ATL",2,"steamer,oopsy",5,1,0.96344,0.02824,0.0094,0.00108,0.004,0.00524,0.06748,0.03256,0.00204,0.0258,0.01692,0.0700406875363282,0.09572
2026,,"Colby Shade","MIA",2,"steamer,oopsy",5,1,0.95344,0.03544,0.01548,0.00148,0.0068,0.00504,0.07452,0.03888,0.00552,0.03264,0.01808,0.0781590870951502,0.10996
2026,,"Colby Shelton","CHW",2,"steamer,oopsy",5,1,0.97444,0.01684,0.00812,0.00076,0.0044,0.0016,0.06236,0.02744,0.00424,0.02644,0.00524,0.0639957308813267,0.0792
2026,,"Colby Smelley",,2,"steamer,oopsy",5,1,0.96328,0.028,0.01512,0.00128,0.0044,0.00088,0.07896,0.03648,0.00544,0.03356,0.00292,0.0819699360518229,0.10696
2026,,"Cole Carrigg","COL",2,"steamer,oopsy",5,1,0.96468,0.0266,0.01572,0.0036,0.0044,0.00524,0.0884,0.04488,0.01036,0.04264,0.01792,0.0916366048845213,0.115
2026,,"Cole Conn","ATH",2,"steamer,oopsy",5,1,0.95636,0.03452,0.01492,0.00128,0.0048,0.00148,0.07376,0.03848,0.00644,0.03384,0.00484,0.0771257685390439,0.10828
2026,,"Cole Fontenelle","LAA",2,"steamer,oopsy",5,1,0.963,0.02628,0.01132,0.00132,0.0064,0.00256,0.065,0.03436,0.00832,0.03268,0.00824,0.0674974039460021,0.09128
2026,,"Cole Foster","SFG",2,"steamer,oopsy",5,1,0.96952,0.02096,0.0106,8e-04,0.0052,0.00124,0.06256,0.02976,0.0052,0.02848,0.004,0.064526776136645,0.08352
2026,,"Cole Gabrielson","NYY",2,"steamer,oopsy",5,1,0.9546,0.03548,0.01344,0.00108,0.0056,0.0026,0.06552,0.03724,0.007,0.03252,0.00864,0.0686360779384035,0.101
2026,,"Cole Mathis","CHC",2,"steamer,oopsy",5,1,0.96928,0.022,0.00884,0.00072,0.0044,0.00124,0.06208,0.03232,0.00828,0.03252,0.00412,0.0640475404423902,0.08408
2026,,"Cole McConnell","CHW",2,"steamer,oopsy",5,1,0.96324,0.02764,0.00924,0.00056,0.0048,0.00128,0.06332,0.03172,0.0068,0.03008,0.00412,0.0657364727378431,0.09096
2026,,"Cole Messina","COL",2,"steamer,oopsy",5,1,0.96192,0.02936,0.01388,0.00096,0.0044,0.0018,0.07852,0.0374,0.00636,0.03412,0.0058,0.0816284098469727,0.10788
2026,,"Cole Roberts",,2,"steamer,oopsy",5,1,0.96768,0.0244,0.01032,0.00108,0.0036,0.0016,0.06784,0.03052,0.003,0.02704,0.00536,0.0701058201058201,0.09224
2026,,"Cole Roederer",,1,"steamer",2,3.00196,0.893216431931138,0.0860104731575371,0.0365427920425322,0.00296472970992285,0.00999347093232422,0.00406401151247851,0.179449426374768,0.0975362762994843,0.0226518674466016,0.0920065557169316,0.0132913163399912,0.200902513612292,0.265459899532306
2026,,"Cole Turney",,2,"steamer,oopsy",5,1,0.96688,0.0244,0.01208,0.00088,0.0044,0.00132,0.06848,0.03428,0.00776,0.03348,0.00444,0.0708257488002648,0.09288
2026,,"Cole Urman",,2,"steamer,oopsy",5,1,0.96528,0.0272,0.01412,0.00132,0.0032,0.00104,0.0698,0.034,0.00596,0.03192,0.00344,0.0723106248964031,0.097
2026,,"Colin Barber",,2,"steamer,oopsy",5,1.037284,0.961687141537308,0.0300033845281327,0.0143064918908535,0.00197583263965752,0.00398825477264204,0.00120745327979071,0.0737278290538872,0.0377603571134549,0.00801309903861106,0.0360040614337593,0.00384189679933407,0.0766650877082846,0.10373121358202
2026,,"Colin Burgess","ATL",2,"steamer,oopsy",5,1,0.9738,0.01748,0.00888,8e-04,0.0044,0.001,0.06272,0.02944,0.00516,0.02864,0.00328,0.0644074758677346,0.0802
2026,,"Colin Davis","SEA",2,"steamer,oopsy",5,1,0.96424,0.02664,0.0136,0.00088,0.0048,0.00164,0.06836,0.03628,0.00868,0.03556,0.00564,0.0708952128100888,0.095
2026,,"Colin Houck","NYM",2,"steamer,oopsy",5,1,0.9672,0.02488,0.01044,0.00124,0.0036,0.0012,0.0618,0.03068,0.0048,0.02812,0.004,0.0638957816377171,0.08668
2026,,"Colin Simpson",,1,"steamer",2,1,0.9052,0.075,0.0386,0.0033,0.009,0.0037,0.1873,0.0977,0.0235,0.0951,0.0126,0.206915598762704,0.2623
2026,,"Colin Summerhill","LAA",2,"steamer,oopsy",5,1,0.965,0.02708,0.01152,6e-04,0.0036,0.00088,0.06592,0.0324,0.0068,0.03092,0.00288,0.0683108808290155,0.093
2026,,"Colin Tuft","BAL",2,"steamer,oopsy",5,1,0.95784,0.03304,0.00896,0.00116,0.0048,0.00312,0.0602,0.03324,0.00492,0.02788,0.01016,0.0628497452601687,0.09324
2026,,"Collin Price","HOU",1,"steamer",2,1,0.8981,0.0801,0.035,0.0032,0.011,0.0024,0.1742,0.0979,0.0259,0.0956,0.0079,0.193965037300969,0.2543
2026,,"Colt Emerson","SEA",4,"batx,steamer,oopsy,atc",9,297.369444444444,0.890652902444572,0.0840234714912637,0.0437852592920942,0.00280473480615798,0.0151295598942667,0.00350264590777527,0.207784590719575,0.107031156753572,0.0194097410433662,0.0974014855268104,0.0163528686630335,0.233294687694016,0.291808062210839
2026,,"Colton Becker","KCR",2,"steamer,oopsy",5,1,0.9608,0.03128,0.0168,0.00156,0.0036,0.0068,0.08272,0.03984,0.00308,0.03196,0.02324,0.0860949208992506,0.114
2026,,"Colton Bender",,2,"steamer,oopsy",5,1,0.96328,0.0288,0.00972,0.00084,0.0036,0.00124,0.06088,0.03088,0.00492,0.02788,0.0042,0.0632007308363093,0.08968
2026,,"Colton Ledbetter","STL",2,"steamer,oopsy",5,1,0.9648,0.02728,0.01672,0.00156,0.0036,0.00412,0.08424,0.04008,0.00748,0.0376,0.01356,0.0873134328358209,0.11152
2026,,"Colton Vincent","SDP",2,"steamer,oopsy",5,1,0.97168,0.0192,0.00908,0.00076,0.0048,0.00092,0.06104,0.02772,0.00356,0.02576,0.00312,0.0628190350732752,0.08024
2026,,"Connor Burns","CIN",2,"steamer,oopsy",5,1,0.9622,0.03028,0.01232,0.00064,0.0032,0.00064,0.062,0.03524,0.01024,0.0352,0.00208,0.064435668260237,0.09228
2026,,"Connor Caskenette","MIA",2,"steamer,oopsy",5,1,0.95504,0.03624,0.0156,0.00124,0.0044,0.00224,0.0748,0.03668,0.00484,0.03184,0.0074,0.0783213268554197,0.11104
2026,,"Connor Charping","SEA",2,"steamer,oopsy",5,1.001508,0.950319296253126,0.0389730715203682,0.0135887703358339,0.00139474182332606,0.00641581238729988,0.001872939019895,0.0758341054225569,0.0382557757255148,0.00446317383464339,0.0319196628709764,0.0062564133217769,0.0797985537298381,0.114807176942925
2026,,"Connor Dykstra","SEA",2,"steamer,oopsy",5,1,0.9678,0.02068,0.00812,0.00064,0.0072,0.00092,0.053,0.02712,0.00456,0.02532,0.003,0.0547633808638148,0.07368
2026,,"Connor Hollis",,1,"steamer",2,4.0453,0.89911749437619,0.0750994981830767,0.0406891948681186,0.00375744691370232,0.0150050676093244,0.00741601364546511,0.207302301436235,0.0949249746619534,0.00929473710231627,0.0811064692359034,0.021901960299607,0.230561970746728,0.282401799619311
2026,,"Connor Hoover",,1,"steamer",2,1,0.8942,0.084,0.0352,0.0034,0.011,0.0041,0.1689,0.092,0.0186,0.0845,0.0138,0.188883918586446,0.2529
2026,,"Connor Hujsak","TBR",2,"steamer,oopsy",5,1,0.97468,0.0174,0.01056,0.001,0.0036,0.00204,0.06536,0.03072,0.00684,0.03116,0.00708,0.0670579061845939,0.08276
2026,,"Connor Kokx",,1,"steamer",2,1.49262,0.887231847355657,0.0860232343128191,0.0374509252187429,0.003014832978253,0.0160121129289437,0.00790556203186343,0.189599496187911,0.0987525291098873,0.0167490721014056,0.0866931971968753,0.0259945599013815,0.213697802612701,0.27562273050073
2026,,"Connor Pavolony","BAL",2,"steamer,oopsy",5,1,0.9598,0.03148,0.01324,0.00112,0.0044,0.00108,0.06608,0.03536,0.00644,0.03196,0.0036,0.0688476765992915,0.09756
2026,,"Connor Scott","KCR",2,"steamer,oopsy",5,1,0.9676,0.02488,0.01932,0.00156,0.0032,0.00156,0.08128,0.03892,0.00708,0.0374,0.0048,0.0840016535758578,0.10616
2026,,"Cooper Bowman","ATH",2,"steamer,oopsy",5,4.130664,0.959170966141213,0.0325196620239139,0.0165770517953563,0.00179909501442222,0.00400151359630936,0.00340332583332767,0.0773610856201553,0.0410664962737887,0.00683837374499528,0.0356193622502736,0.014234149723678,0.0806541152213795,0.109880747644069
2026,,"Cooper Ingle","CLE",2,"steamer,oopsy",5,4.89992,0.941729148449273,0.0507581536400677,0.0187203482855495,0.000472566931477795,0.00320005953599137,0.00071815289586783,0.0790489125379077,0.0425161398351597,0.00737502093062196,0.0366667286833243,0.00236655565684943,0.0839401782009997,0.129807066177975
2026,,"Cooper Johnson","TEX",2,"steamer,oopsy",5,1,0.95404,0.03804,0.01436,0.00088,0.0036,0.00072,0.0654,0.03696,0.0078,0.03372,0.00252,0.0685505848811371,0.10344
2026,,"Cooper Kinney","TBR",2,"steamer,oopsy",5,1,0.97024,0.02264,0.01812,0.00144,0.0028,0.00064,0.08264,0.037,0.00732,0.0372,0.00208,0.0851748021108179,0.10528
2026,,"Cooper Pratt","MIL",2,"steamer,oopsy",5,1,0.95548,0.0358,0.01576,0.00104,0.0044,0.00296,0.07808,0.03908,0.00576,0.03416,0.01036,0.0817180893372964,0.11388
2026,,"Core Jackson","NYY",2,"steamer,oopsy",5,1,0.97112,0.02016,0.01092,0.00088,0.0044,0.00136,0.06348,0.02956,0.00372,0.02704,0.00444,0.0653678227201582,0.08364
2026,,"Corey Collins","NYM",2,"steamer,oopsy",5,1,0.95496,0.03512,0.00816,0.00092,0.0056,0.00124,0.05612,0.03324,0.00688,0.02948,0.00416,0.058766859344894,0.09124
2026,,"Corey Joyce","PIT",2,"steamer,oopsy",5,1,0.94584,0.04384,0.01532,0.00116,0.006,0.00188,0.07596,0.03892,0.00428,0.03172,0.00648,0.0803095660999746,0.1198
2026,,"Corey Rosier","BOS",2,"steamer,oopsy",5,1.23036,0.957332318040485,0.0347483977409734,0.018554476806904,0.00124373373945047,0.00360428961228504,0.00385811282441779,0.080868075385494,0.0410432134018656,0.00591408084269306,0.0355606320197982,0.0136556888127419,0.0844723131785823,0.115616473126467
2026,,"Cortland Lawson","WSN",2,"steamer,oopsy",5,1.78446,0.968451446228661,0.0236394643972781,0.0149671580298195,0.00097259510663087,0.00360670685375614,0.00147240092531618,0.0757003191327694,0.0314472417810648,0.00263411174712527,0.028016142377117,0.004687368083346,0.0781663545731293,0.0993397835300475
2026,,"Creed Willems","BAL",2,"steamer,oopsy",5,1,0.96252,0.02796,0.0158,0.00076,0.0052,0.00068,0.08008,0.04332,0.01284,0.0442,0.0022,0.0831982712047542,0.10804
2026,,"Cris Rodriguez","DET",1,"steamer",2,1,0.951,0.0292,0.0191,0.0014,0.009,0.003,0.1562,0.0736,0.0217,0.0805,0.0101,0.164248159831756,0.1854
2026,,"Cristhian Rodriguez",,1,"steamer",2,1,0.9222,0.057,0.0271,0.0028,0.01,0.0039,0.1607,0.0732,0.0074,0.0652,0.0129,0.174257211017133,0.2177
2026,,"Cristhian Vaquero","WSN",2,"steamer,oopsy",5,1,0.96764,0.02404,0.01008,0.00124,0.004,0.00232,0.06576,0.03124,0.00564,0.0292,0.00768,0.0679591583646811,0.0898
2026,,"Cristian Arguelles","COL",1,"steamer",2,1,0.9097,0.0665,0.0244,0.0024,0.013,0.0027,0.1863,0.0847,0.0128,0.0767,0.009,0.204792788831483,0.2528
2026,,"Cristian Benavides","SDP",1,"steamer",4,1,0.9387,0.0405,0.01395,0.00125,0.01,0.00305,0.1253,0.06215,0.01365,0.06235,0.01005,0.133482475764355,0.1658
2026,,"Cristian Bonifacio",,1,"steamer",2,1,0.9382,0.041,0.0125,0.0011,0.01,0.0027,0.1083,0.0561,0.0121,0.0558,0.0089,0.115433809422298,0.1493
2026,,"Cristian Feliz",,1,"steamer",2,1,0.9272,0.049,0.0196,0.0017,0.013,0.0026,0.144,0.0791,0.0256,0.0837,0.0088,0.155306298533218,0.193
2026,,"Cristian Garcia",,1,"steamer",2,1,0.9122,0.067,0.0232,0.0019,0.01,0.003,0.1474,0.0765,0.015,0.0716,0.0099,0.161587371190528,0.2144
2026,,"Cristian Gonzalez",,2,"steamer,oopsy",5,1,0.97688,0.0156,0.01176,8e-04,0.0032,0.00088,0.07164,0.03056,0.00492,0.03036,0.00292,0.073335517156662,0.08724
2026,,"Cristian Hernandez","MIA",2,"steamer,oopsy",5,1,0.96388,0.029,0.01376,0.00092,0.0028,0.00424,0.07424,0.0344,0.0038,0.02972,0.01476,0.0770220359380836,0.10324
2026,,"Cristian Jauregui","PIT",2,"steamer,oopsy",5,1,0.96716,0.02372,0.0064,6e-04,0.0048,0.00164,0.05428,0.02732,0.00464,0.0252,0.00548,0.0561230820133173,0.078
2026,,"Cristian Montilla","MIL",1,"steamer",2,1,0.942,0.0372,0.0183,0.0018,0.01,0.0033,0.146,0.0614,0.0058,0.058,0.011,0.154989384288747,0.1832
2026,,"Cristian Perez","DET",1,"steamer",2,1,0.9368,0.0424,0.0162,0.0014,0.01,0.0022,0.1397,0.065,0.0134,0.0649,0.0072,0.149124679760888,0.1821
2026,,"Cristian Santana","DET",2,"steamer,oopsy",7,1,0.937171428571429,0.0500857142857143,0.016,0.00137142857142857,0.00657142857142857,0.00205714285714286,0.0967428571428571,0.0544857142857143,0.0127142857142857,0.0509428571428571,0.00628571428571429,0.103228560104875,0.146828571428571
2026,,"Cristofer Lebron","STL",1,"steamer",2,1,0.9318,0.0474,0.0179,0.0012,0.01,0.0032,0.1417,0.0639,0.0088,0.0603,0.0104,0.152071259927023,0.1891
2026,,"Cristofer Torin","ARI",2,"steamer,oopsy",5,1,0.9566,0.03548,0.01404,0.00112,0.0036,0.00168,0.08156,0.03764,0.00312,0.03168,0.0054,0.0852602968848003,0.11704
2026,,"Cristopfer Gonzalez",,1,"steamer",2,1,0.9272,0.052,0.0144,0.0014,0.01,0.0026,0.1176,0.0603,0.0105,0.0567,0.0085,0.126833477135462,0.1696
2026,,"Cristopher Acosta","MIL",1,"steamer",2,1,0.9139,0.0653,0.0133,0.0016,0.01,0.0034,0.114,0.059,0.0059,0.0502,0.0113,0.124740124740125,0.1793
2026,,"Cristopher Barete",,1,"steamer",2,1,0.9322,0.048,0.0258,0.0025,0.009,0.0054,0.1727,0.0785,0.0131,0.0751,0.0179,0.185260673675177,0.2207
2026,,"Cristopher Larez","NYM",1,"steamer",2,1,0.9394,0.0398,0.0152,0.0014,0.01,0.0033,0.1254,0.0596,0.0083,0.0562,0.0108,0.133489461358314,0.1652
2026,,"Cristopher Navarro",,1,"steamer",2,1,0.9202,0.059,0.0376,0.0034,0.01,0.0035,0.1849,0.0823,0.0081,0.074,0.0115,0.200934579439252,0.2439
2026,,"Cristopher Polanco","TOR",1,"steamer",2,1,0.9074,0.0718,0.0142,0.0011,0.01,0.0027,0.1078,0.0584,0.004,0.0465,0.0088,0.118800969803835,0.1796
2026,,"Cruzmel Arias","COL",2,"steamer,oopsy",5,1,0.9778,0.01348,0.00784,8e-04,0.0044,0.00112,0.06176,0.02588,0.00316,0.02476,0.00368,0.0631622008590714,0.07524
2026,,"Curley Martha","TEX",1,"steamer",2,1,0.9352,0.042,0.0175,0.0016,0.012,0.0034,0.1422,0.066,0.0102,0.0628,0.0114,0.152053036783576,0.1842
2026,,"Curtis Washington Jr.","SEA",2,"steamer,oopsy",5,1,0.9682,0.02308,0.01092,0.00088,0.0044,0.00292,0.06468,0.03136,0.00452,0.02848,0.00988,0.0668043792604834,0.08776
2026,,"Cutter Coffey","TOR",2,"steamer,oopsy",5,1,0.96336,0.02872,0.01304,0.00048,0.0036,0.00136,0.07144,0.03636,0.0076,0.03456,0.0044,0.0741571167580136,0.10016
2026,,"D'Andre Smith","NYM",2,"steamer,oopsy",5,1,0.97008,0.0204,0.0162,0.002,0.0052,0.00308,0.08544,0.03908,0.00572,0.03616,0.01096,0.0880752102919347,0.10584
2026,,"D'Angelo Ortiz","BOS",2,"steamer,oopsy",5,1,0.96968,0.0224,0.00892,0.00092,0.0036,0.00132,0.06628,0.03068,0.00492,0.02888,0.00444,0.0683524461678079,0.08868
2026,,"D'Angelo Tejada","CHW",2,"steamer,oopsy",5,1,0.97684,0.01484,0.00628,0.00052,0.004,0.00156,0.05292,0.02304,0.00296,0.02196,0.00512,0.0541746857213054,0.06776
2026,,"D'Shawn Knowles",,1,"steamer",2,1,0.9042,0.077,0.0387,0.0037,0.008,0.0067,0.1967,0.0955,0.0153,0.0865,0.0224,0.217540367175404,0.2737
2026,,"Daiber De Los Santos","MIN",2,"steamer,oopsy",5,1,0.97576,0.01552,0.00664,0.00052,0.0044,0.0018,0.0492,0.02356,0.00372,0.0224,0.00584,0.0504222349758137,0.06472
2026,,"Daiverson Gutierrez","NYM",2,"steamer,oopsy",5,1,0.95824,0.03184,0.00884,0.00064,0.0056,0.001,0.06264,0.03232,0.00432,0.02768,0.00324,0.0653698447153114,0.09448
2026,,"Daje Morales",,1,"steamer",2,1,0.9172,0.063,0.0176,0.0018,0.009,0.0039,0.1318,0.065,0.0067,0.0561,0.0129,0.143698211949411,0.1948
2026,,"Dakota Harris","STL",2,"steamer,oopsy",5,1.092452,0.973088138539391,0.0178047809735771,0.0168950476391608,0.000682300000812262,0.00480859048191499,0.00256674762210327,0.0887639810580524,0.0374940095684452,0.00617319048353951,0.0365842762340289,0.00831756191466376,0.0912188501149418,0.106568762031629
2026,,"Dakota Jordan","SFG",2,"steamer,oopsy",5,1,0.97312,0.01896,0.01032,0.00136,0.0036,0.002,0.07656,0.03504,0.00828,0.03572,0.00676,0.0786747780335416,0.09552
2026,,"Dakota Kotowski",,1,"steamer",2,1,0.9322,0.046,0.0204,0.0018,0.011,0.0034,0.1496,0.0777,0.0227,0.0813,0.0112,0.160480583565758,0.1956
2026,,"Dalton Davis","SEA",1,"oopsy",3,1,1,0,0,0,0,0,0,0,0,0,0,0,0
2026,,"Dalton McIntyre","ATL",2,"steamer,oopsy",5,1,0.971,0.02068,0.0056,0.00052,0.004,0.00172,0.05256,0.02644,0.00432,0.02444,0.0058,0.054129763130793,0.07324
2026,,"Dalton Shuffield",,1,"oopsy",3,1,1,0,0,0,0,0,0,0,0,0,0,0,0
2026,,"Dalvy Rosario",,2,"steamer,oopsy",5,1.092452,0.970878786155808,0.0219960524071382,0.0128337381105164,0.0015270523827703,0.00279418095570736,0.00237180476472834,0.0727461762770788,0.0348622809938837,0.00718039524664333,0.0340175286119256,0.00783020477122643,0.0749281757047314,0.0947422286842169
2026,,"Dameury Pena","MIN",2,"steamer,oopsy",5,1,0.968,0.02328,0.01124,0.00076,0.0044,0.0024,0.07712,0.03404,0.00408,0.03064,0.00804,0.0796694214876033,0.1004
2026,,"Damian Bravo","SFG",2,"steamer,oopsy",5,1,0.97308,0.0178,0.01136,0.00116,0.0048,0.00144,0.07504,0.03344,0.00672,0.03344,0.0048,0.0771159616886587,0.09284
2026,,"Damiano Palmegiani","TOR",2,"steamer,oopsy",5,3.125584,0.955371272545281,0.033519376112614,0.0140133925460408,0.000861582905181534,0.00679763571514549,0.000709538863090675,0.0668613675094552,0.0392717090383848,0.0105100444095306,0.0378653016490443,0.00236935298924922,0.0699846954067653,0.100380743622069
2026,,"Damon Dues",,2,"steamer,oopsy",5,1,0.94728,0.0448,0.01456,0.00212,0.0036,0.00272,0.07632,0.03876,0.00316,0.03036,0.00944,0.080567519635166,0.12112
2026,,"Damon Keith","LAD",2,"steamer,oopsy",5,1,0.96272,0.02976,0.0146,0.00132,0.0032,0.00208,0.07568,0.043,0.0122,0.04316,0.0064,0.0786106032906764,0.10544
2026,,"Daneurys De La Cruz",,1,"steamer",2,1,0.9132,0.066,0.0233,0.0022,0.01,0.0038,0.1527,0.0775,0.0143,0.072,0.0124,0.167214191852825,0.2187
2026,,"Dangelo Sarmiento",,2,"steamer,oopsy",5,1,0.97408,0.0176,0.00596,0.00064,0.004,0.00132,0.05096,0.02364,0.00284,0.02184,0.0044,0.0523160315374507,0.06856
2026,,"Daniel Bruzual",,1,"steamer",2,1,0.9472,0.033,0.0186,0.0017,0.009,0.003,0.1459,0.0622,0.0078,0.0604,0.0099,0.154032939189189,0.1789
2026,,"Daniel Cabrera","DET",1,"steamer",2,1,0.8905,0.0897,0.0378,0.005,0.009,0.0041,0.1932,0.0987,0.0183,0.09,0.0137,0.216956765861875,0.2829
2026,,"Daniel Campos","CHC",1,"steamer",2,1,0.9262,0.052,0.0174,0.0014,0.011,0.0028,0.1403,0.0689,0.0115,0.065,0.0092,0.151479162167998,0.1923
2026,,"Daniel Cope",,2,"steamer,oopsy",5,1,0.96208,0.0292,0.01312,0.00136,0.0044,0.00088,0.06996,0.03532,0.00704,0.03328,0.00296,0.0727174455346749,0.09916
2026,,"Daniel Dominguez","TOR",1,"steamer",2,1,0.9293,0.0499,0.0126,0.0016,0.01,0.0022,0.1171,0.0613,0.0117,0.0587,0.0074,0.126008823845906,0.167
2026,,"Daniel Flames","TEX",1,"steamer",2,1,0.8951,0.0821,0.0174,0.0015,0.012,0.0034,0.1413,0.071,0.0051,0.0564,0.0112,0.157859457043906,0.2234
2026,,"Daniel Gaitor",,1,"steamer",2,1,0.9322,0.047,0.0156,0.0015,0.01,0.0038,0.1263,0.0639,0.0129,0.062,0.0126,0.135485947221626,0.1733
2026,,"Daniel Guilarte","MIL",2,"steamer,oopsy",5,1,0.96512,0.02736,0.00932,0.00084,0.0032,0.0032,0.05952,0.02808,0.00216,0.02352,0.00972,0.0616710875331565,0.08688
2026,,"Daniel Hernandez","WSN",1,"steamer",2,1,0.9486,0.0306,0.0177,0.0013,0.01,0.0027,0.1461,0.0605,0.0083,0.0598,0.0089,0.154016445287793,0.1767
2026,,"Daniel Lopez","KCR",2,"steamer,oopsy",5,1,0.97444,0.01764,0.00852,8e-04,0.0036,0.00152,0.06252,0.02896,0.005,0.028,0.00508,0.0641599277533763,0.08016
2026,,"Daniel Mateo",,1,"steamer",2,1.23113,0.933207703491914,0.0470299643417023,0.0372828214729557,0.00373640476635286,0.0090161071535906,0.00820384524786172,0.207776595485448,0.0979587858309033,0.0237180476472834,0.0995833096423611,0.0245303095530123,0.22264775002176,0.254806559827151
2026,,"Daniel McElveny",,2,"steamer,oopsy",5,1,0.96168,0.0292,0.00804,8e-04,0.0048,0.00128,0.0548,0.02908,0.00456,0.02568,0.0042,0.0569836120123118,0.084
2026,,"Daniel Meza","COL",1,"steamer",2,1,0.9227,0.0565,0.015,0.0016,0.01,0.0027,0.134,0.0614,0.0054,0.053,0.0089,0.145225967269969,0.1905
2026,,"Daniel Mielcarek","LAD",1,"steamer",2,1,0.9187,0.0605,0.0136,0.001,0.01,0.0032,0.1153,0.0668,0.0132,0.0617,0.0107,0.125503428758028,0.1758
2026,,"Daniel Montano",,1,"steamer",2,1,0.8832,0.097,0.0364,0.0048,0.009,0.0041,0.1821,0.0991,0.0203,0.0901,0.0132,0.206182065217391,0.2791
2026,,"Daniel Montesino",,1,"oopsy",3,1,1,0,0,0,0,0,0,0,0,0,0,0,0
2026,,"Daniel Pena","MIN",2,"steamer,oopsy",5,1,0.96556,0.02572,0.00956,0.00068,0.0044,0.00084,0.06488,0.0314,0.0052,0.02912,0.00276,0.0671941671154563,0.0906
2026,,"Daniel Perez",,1,"steamer",2,1,0.9252,0.054,0.022,0.0026,0.01,0.0034,0.1512,0.0748,0.0154,0.0726,0.0113,0.163424124513619,0.2052
2026,,"Daniel Rodriguez","TEX",1,"steamer",2,1,0.9021,0.0771,0.0146,0.0014,0.01,0.0029,0.1193,0.0628,0.0046,0.05,0.0096,0.132246979270591,0.1964
2026,,"Daniel Rojas","STL",2,"steamer,oopsy",5,1,0.98024,0.01184,0.00688,0.00072,0.0036,0.00176,0.05892,0.024,0.00252,0.02328,0.00572,0.0601077287194973,0.07076
2026,,"Daniel Susac","SFG",4,"batx,steamer,oopsy,atc",9,83.8514,0.925021717966211,0.0530971777976283,0.0390041386973609,0.00199139928635932,0.0114458102882261,0.00174714859687534,0.209469342620368,0.101074552574973,0.0248656355602594,0.101986077725006,0.0114981444980327,0.226448026626786,0.262566520417996
2026,,"Daniel Vazquez","KCR",2,"steamer,oopsy",5,1,0.966,0.02728,0.0134,0.00116,0.0024,0.00264,0.0752,0.03308,0.00192,0.0278,0.00832,0.0778467908902692,0.10248
2026,,"Daniel Vellojin","TBR",2,"steamer,oopsy",5,1,0.95488,0.0372,0.01304,0.00112,0.0036,0.00096,0.0636,0.03448,0.00652,0.03124,0.00308,0.0666052278820375,0.1008
2026,,"Danny Bautista Jr.","ATH",1,"steamer",2,1,0.923,0.0542,0.0344,0.0029,0.012,0.0055,0.1986,0.0898,0.0122,0.0819,0.0167,0.215167930660888,0.2528
2026,,"Danny Cancro","COL",1,"steamer",2,1,0.9256,0.0526,0.0202,0.0022,0.011,0.0042,0.1515,0.0706,0.0098,0.0643,0.0139,0.163677614520311,0.2041
2026,,"Danny De Andrade","MIN",2,"steamer,oopsy",5,1,0.9656,0.02448,0.01444,0.00144,0.0056,0.00184,0.0708,0.03416,0.005,0.0312,0.00596,0.0733222866611433,0.09528
2026,,"Danny Gonzalez",,2,"steamer,oopsy",5,1,0.97408,0.0172,0.00592,0.00052,0.0044,0.00136,0.05248,0.026,0.00556,0.0258,0.00456,0.0538764783180026,0.06968
2026,,"Danny Puerta",,1,"steamer",2,1,0.9322,0.047,0.0162,0.0015,0.01,0.0032,0.135,0.0643,0.0103,0.0609,0.0106,0.144818708431667,0.182
2026,,"Danny Serretti","ARI",2,"steamer,oopsy",5,1,0.9574,0.03468,0.01616,0.00136,0.0036,0.0014,0.07416,0.03684,0.00424,0.032,0.00444,0.0774597869229162,0.10884
2026,,"Dante Nori","PHI",2,"steamer,oopsy",5,1,0.96004,0.03244,0.01076,0.00216,0.0032,0.00392,0.07308,0.03672,0.00476,0.03136,0.0132,0.076121828257156,0.10552
2026,,"Danyer Cueva","TEX",2,"steamer,oopsy",5,1,0.97728,0.0148,0.01268,8e-04,0.0036,0.0016,0.0738,0.03096,0.00404,0.02984,0.00536,0.0755157170923379,0.0886
2026,,"Daonil Montero","ARI",1,"steamer",2,1,0.9503,0.0279,0.015,0.0017,0.011,0.0025,0.1327,0.0606,0.0109,0.062,0.0084,0.139640113648322,0.1606
2026,,"Darell Morel","PIT",1,"steamer",2,1,0.9219,0.0573,0.0181,0.0016,0.01,0.0047,0.135,0.0635,0.0057,0.0553,0.0156,0.146436706801171,0.1923
2026,,"Darian Castillo","SDP",1,"steamer",2,1,0.9152,0.063,0.0165,0.0014,0.011,0.0032,0.1405,0.065,0.0045,0.0545,0.0107,0.153518356643357,0.2035
2026,,"Dariel Arias","CLE",1,"steamer",2,1,0.9389,0.0403,0.016,0.0012,0.01,0.0027,0.1383,0.0621,0.0101,0.0607,0.009,0.147300031952285,0.1786
2026,,"Dariel Garcia","COL",1,"steamer",2,1,0.9256,0.0536,0.0197,0.0016,0.01,0.0044,0.1487,0.0693,0.01,0.0631,0.0146,0.160652549697494,0.2023
2026,,"Dariel Ramon","TOR",2,"steamer,oopsy",5,1,0.96096,0.02952,0.0094,0.00072,0.0052,0.00172,0.0602,0.0298,0.00236,0.02444,0.00576,0.0626456876456876,0.08972
2026,,"Dario Laverde","LAA",2,"steamer,oopsy",5,1,0.97016,0.02152,0.01096,0.00092,0.004,6e-04,0.06892,0.03012,0.00448,0.0284,0.002,0.0710398284818999,0.09044
2026,,"Dario Reynoso","SFG",2,"steamer,oopsy",5,1,0.96284,0.02884,0.00864,8e-04,0.004,0.00164,0.0556,0.02844,0.0042,0.02512,0.00544,0.0577458352374226,0.08444
2026,,"Daris Cordero",,1,"steamer",2,1,0.9412,0.038,0.0148,0.0014,0.01,0.0029,0.1258,0.0594,0.0105,0.0583,0.0096,0.133659158521037,0.1638
2026,,"Darison Garcia","KCR",2,"steamer,oopsy",5,1,0.9672,0.02488,0.00748,0.00068,0.0036,0.00176,0.05568,0.0266,0.002,0.02236,0.00592,0.0575682382133995,0.08056
2026,,"Darius Hill",,2,"steamer,oopsy",5,1.712064,0.966496892265193,0.0259985036832413,0.0174810082872928,0.00135244014732965,0.00319406077348066,0.00113662523020258,0.0838800644567219,0.0367173112338858,0.00440262430939227,0.0337102900552486,0.00343865101289134,0.086787722886652,0.109878568139963
2026,,"Darius Perry",,2,"steamer,oopsy",5,1,0.97048,0.0212,0.00844,0.00076,0.004,0.00108,0.05496,0.0286,0.0066,0.02828,0.0036,0.0566317698458495,0.07616
2026,,"Darlin Moquete",,2,"steamer,oopsy",5,1,0.96728,0.0244,0.01364,0.00128,0.004,0.00332,0.0784,0.03944,0.00972,0.03892,0.01056,0.0810520221652469,0.1028
2026,,"Darling Fernandez","ATH",2,"steamer,oopsy",5,1,0.964,0.02768,0.00704,6e-04,0.004,0.0012,0.0548,0.02876,0.00444,0.0252,0.00404,0.0568464730290456,0.08248
2026,,"Darlyn De Leon","CHC",2,"steamer,oopsy",5,1,0.97008,0.0212,0.00668,0.00092,0.0044,0.00188,0.05676,0.02772,0.00432,0.02556,0.00624,0.0585106382978723,0.07796
2026,,"Darlyn Montero",,2,"steamer,oopsy",5,1,0.97448,0.0164,0.0108,8e-04,0.0048,0.00116,0.06888,0.03144,0.00648,0.03156,0.00392,0.0706838519005008,0.08528
2026,,"Darrien Miller","MIL",2,"steamer,oopsy",5,2.221704,0.93780763937192,0.0478805010038823,0.012904944428823,0.00110501053213163,0.0100042917819775,0.00076956090630596,0.0620285822813534,0.0383793836606434,0.00677805567477172,0.031759186633319,0.00262440001381263,0.0661421166529375,0.109909083285236
2026,,"Darvin Cruz",,1,"steamer",2,1,0.9152,0.065,0.0166,0.0015,0.009,0.0028,0.1374,0.0663,0.0073,0.0578,0.0093,0.150131118881119,0.2024
2026,,"Darwin Almanzar","MIN",1,"steamer",2,1,0.9363,0.0429,0.0207,0.0012,0.01,0.0029,0.1436,0.0711,0.0166,0.0721,0.0096,0.153369646480829,0.1865
2026,,"Darwin De Leon","HOU",1,"steamer",2,1,0.9241,0.0541,0.0174,0.0016,0.011,0.0037,0.148,0.0727,0.0128,0.0682,0.0121,0.160155827291419,0.2021
2026,,"Darwin Nuñez","TOR",1,"steamer",2,1,0.9054,0.0748,0.0138,0.0011,0.009,0.0026,0.1209,0.0671,0.0103,0.0584,0.0087,0.133532140490391,0.1957
2026,,"Dasan Brown","MIL",2,"steamer,oopsy",5,1.092452,0.959539609951833,0.0313533095611349,0.0136784904924744,0.00129961904916621,0.00480859048191499,0.00464613810076921,0.0706342953221837,0.0377864238545076,0.00718039524664333,0.0338550762307799,0.0162777285908068,0.0736126936184838,0.101987604883319
2026,,"Dashyll Tejeda","WSN",2,"steamer,oopsy",5,1,0.9696,0.02128,0.0066,0.00064,0.0048,0.00492,0.05576,0.02804,0.00444,0.02468,0.017,0.0575082508250825,0.07704
2026,,"Dauri Fernandez","CLE",2,"steamer,oopsy",5,1,0.97556,0.01612,0.00856,0.00068,0.004,0.0018,0.0658,0.02776,0.00348,0.02636,0.00604,0.0674484398704334,0.08192
2026,,"Daury Arias",,1,"steamer",2,1,0.9132,0.066,0.0233,0.002,0.01,0.0037,0.1576,0.0805,0.0164,0.0761,0.0122,0.172579938677179,0.2236
2026,,"Dauwin Gonzalez",,1,"steamer",2,1,0.9272,0.053,0.0143,0.0014,0.009,0.003,0.1344,0.0677,0.0142,0.0656,0.0101,0.14495254529767,0.1874
2026,,"Dave Neely","TEX",1,"steamer",2,1,0.9302,0.049,0.013,0.0011,0.01,0.0034,0.1107,0.0543,0.0054,0.0478,0.0113,0.119006665233283,0.1597
2026,,"David Avitia",,1,"oopsy",3,1,1,0,0,0,0,0,0,0,0,0,0,0,0
2026,,"David Beckles","TOR",2,"steamer,oopsy",5,1,0.96536,0.02632,0.009,6e-04,0.004,0.00088,0.06156,0.03172,0.00664,0.03016,0.00292,0.0637689566586558,0.08788
2026,,"David Calabrese","LAA",2,"steamer,oopsy",5,1.58768,0.961007613802041,0.0314757816296776,0.0134294508342783,0.000955775149846104,0.00320751660456828,0.00241373724283169,0.0724607160213834,0.0380204114693018,0.00962254981370484,0.0366110481127491,0.00758140288352503,0.0754007720445696,0.103936497651061
2026,,"David Carrera","NYY",1,"steamer",2,1,0.9157,0.0635,0.0152,0.0011,0.01,0.0034,0.1263,0.0666,0.0107,0.0594,0.0112,0.137927268756143,0.1898
2026,,"David García","MIL",2,"steamer,oopsy",5,1,0.95348,0.0366,0.01284,0.00116,0.0056,0.00104,0.06644,0.03484,0.00536,0.0304,0.00352,0.0696815874480849,0.10304
2026,,"David Guzman","TOR",1,"steamer",2,1,0.9234,0.0548,0.0181,0.0014,0.011,0.0032,0.1448,0.0709,0.0115,0.0659,0.0106,0.156811782542777,0.1996
2026,,"David Leon","CLE",2,"steamer,oopsy",5,1,0.96188,0.0298,0.00532,0.00052,0.004,0.00124,0.04764,0.02532,0.00344,0.02168,0.00408,0.0495280076516821,0.07744
2026,,"David Martin","ARI",2,"steamer,oopsy",5,1,0.95896,0.03112,0.01112,0.00112,0.0056,0.0012,0.0722,0.03488,0.00416,0.03048,0.00392,0.0752898973888379,0.10332
2026,,"David McCabe","ATL",2,"steamer,oopsy",5,1,0.95552,0.03816,0.01524,0.00076,0.002,0.00068,0.07836,0.0406,0.00812,0.03744,0.00236,0.0820077026121902,0.11652
2026,,"David Mershon","LAA",2,"steamer,oopsy",5,1.20578,0.95466340915844,0.0378487239591931,0.0133910000330153,0.00113572584106441,0.00319587969229753,0.00332794083660735,0.066558816732147,0.0333586450526594,0.00279969625936809,0.0263329921753772,0.0114100828683681,0.0697196688315731,0.10440754069134
2026,,"David Ortiz Jr.","TEX",1,"steamer",2,1,0.9141,0.0651,0.0118,9e-04,0.01,0.0022,0.1014,0.0589,0.0106,0.0528,0.0074,0.110928782408927,0.1665
2026,,"David Smith",,2,"steamer,oopsy",5,1,0.95408,0.0368,0.00848,0.00072,0.0048,0.00224,0.0584,0.03228,0.0046,0.0268,0.00748,0.0612107999329197,0.0952
2026,,"Davis Bradshaw",,1,"steamer",2,1,0.9162,0.06,0.037,0.0042,0.013,0.0046,0.2211,0.0954,0.013,0.0882,0.0141,0.241322855271775,0.2811
2026,,"Davis Diaz","ATH",2,"steamer,oopsy",5,1,0.95916,0.03172,0.01168,8e-04,0.0048,0.00112,0.06832,0.03388,0.00392,0.02864,0.00376,0.071228992034697,0.10004
2026,,"Dawel Joseph","SEA",1,"steamer",2,1,0.9196,0.0596,0.0126,9e-04,0.01,0.003,0.1002,0.0543,0.006,0.0467,0.0099,0.108960417572858,0.1598
2026,,"Dawson Dimon",,1,"steamer",2,1,0.9152,0.064,0.0207,0.002,0.01,0.0034,0.1334,0.0688,0.0107,0.062,0.0113,0.14576048951049,0.1974
2026,,"Dax Kilby","NYY",1,"oopsy",3,1,1,0,0,0,0,0,0,0,0,0,0,0,0
2026,,"Dayan Frias","CLE",2,"steamer,oopsy",5,2.381076,0.957051580056101,0.0354392513289719,0.0149303005598863,0.000718666693616668,0.00319806678659417,0.00278483343776459,0.0713276693414543,0.0364184346990246,0.00621646689978418,0.0324567845504628,0.00831856697861293,0.0745285529305256,0.106766920670426
2026,,"Dayber Cruceta","PHI",1,"steamer",2,1,0.9181,0.0601,0.0149,0.0014,0.011,0.0032,0.1329,0.0677,0.0111,0.0617,0.0106,0.144755473259993,0.193
2026,,"Dayker Baldallo",,1,"steamer",2,1,0.9282,0.051,0.0147,0.0014,0.01,0.0029,0.1316,0.0598,0.0045,0.0524,0.0098,0.141779788838612,0.1826
2026,,"Dayquer Alfonzo","SDP",1,"steamer",2,1,0.9262,0.052,0.0142,0.0011,0.011,0.0025,0.1225,0.06,0.0082,0.0546,0.0082,0.132260850788167,0.1745
2026,,"Dayro Perez",,1,"steamer",2,1,0.9332,0.046,0.0237,0.0027,0.01,0.0046,0.1574,0.0728,0.0117,0.0694,0.0153,0.168666952421775,0.2034
2026,,"Dayson Croes","SFG",2,"steamer,oopsy",5,1,0.96556,0.02492,0.02056,0.002,0.0052,0.00088,0.09076,0.03808,0.0034,0.0346,0.00288,0.0939972658353701,0.11568
2026,,"Deinys Gonzalez","TBR",1,"steamer",2,1,0.9186,0.0566,0.0157,0.0015,0.014,0.002,0.1294,0.0664,0.0133,0.0636,0.0067,0.140866536033094,0.186
2026,,"Deivid Coronil","SDP",1,"steamer",2,1,0.9362,0.041,0.0132,0.0012,0.012,0.0025,0.1163,0.0535,0.0047,0.0482,0.0082,0.124225592822047,0.1573
2026,,"Deivis Mosquera",,1,"steamer",2,1,0.9222,0.054,0.0162,0.0014,0.013,0.0028,0.1324,0.0644,0.009,0.0585,0.0091,0.143569724571676,0.1864
2026,,"Deivis Nadal",,1,"steamer",2,1,0.9172,0.062,0.0267,0.0028,0.01,0.005,0.1497,0.0758,0.0125,0.0695,0.0167,0.16321412996075,0.2117
2026,,"Delvin Pérez",,1,"steamer",2,1,0.9002,0.078,0.0344,0.0033,0.011,0.0056,0.1879,0.091,0.0125,0.0798,0.0202,0.208731393023772,0.2659
2026,,"Delvis Matos",,1,"steamer",2,1,0.9502,0.029,0.0153,0.0015,0.01,0.003,0.1295,0.0597,0.0118,0.0611,0.0099,0.136287097453168,0.1585
2026,,"Demetrio Crisantes","ARI",2,"steamer,oopsy",5,1,0.96136,0.03032,0.01436,0.00112,0.004,0.002,0.08188,0.03848,0.00524,0.03464,0.00676,0.0851710077390364,0.1122
2026,,"Demetrio Nadal","MIL",2,"steamer,oopsy",5,1,0.96192,0.02856,0.00904,0.00088,0.0052,0.00232,0.06244,0.03056,0.00368,0.0264,0.0076,0.0649118429807053,0.091
2026,,"Dencer Diaz","MIN",1,"steamer",2,1,0.9353,0.0439,0.0157,0.0014,0.01,0.0029,0.1371,0.0649,0.0117,0.0631,0.0095,0.14658398374853,0.181
2026,,"Deniel Ortiz","STL",2,"steamer,oopsy",5,1,0.95928,0.032,0.0112,0.00064,0.0044,0.00292,0.0722,0.03684,0.00788,0.0342,0.00964,0.0752647819197732,0.1042
2026,,"Dennys Riera","SFG",1,"steamer",2,1,0.9406,0.0356,0.0187,0.002,0.013,0.0023,0.1371,0.0591,0.0058,0.0558,0.0078,0.14575802679141,0.1727
2026,,"Dereck Salom","ATH",1,"steamer",2,1,0.8979,0.0823,0.0262,0.0019,0.009,0.0031,0.1662,0.0813,0.0076,0.0669,0.0101,0.1850985633144,0.2485
2026,,"Derek Berg","PIT",2,"steamer,oopsy",5,1,0.96152,0.02976,0.00944,0.00104,0.0044,0.0014,0.06044,0.03136,0.00572,0.02872,0.00452,0.0628588068890923,0.0902
2026,,"Derek Bernard","COL",2,"steamer,oopsy",5,1,0.97064,0.02144,0.01356,0.00104,0.0036,0.00204,0.08156,0.03552,0.0058,0.03356,0.00668,0.0840270337097173,0.103
2026,,"Derek Cueto",,1,"steamer",2,1,0.9299,0.0493,0.0145,0.0014,0.01,0.0039,0.1148,0.0582,0.0102,0.0553,0.013,0.12345413485321,0.1641
2026,,"Derek Datil","TBR",2,"steamer,oopsy",5,1,0.965,0.02668,0.0086,0.00084,0.004,0.00132,0.06136,0.03012,0.00548,0.02824,0.0044,0.0635854922279793,0.08804
2026,,"Derik Alcantara","CHC",2,"steamer,oopsy",5,1,0.96368,0.0284,0.0102,0.00124,0.0036,0.00168,0.06992,0.03412,0.00552,0.03116,0.00552,0.0725552050473186,0.09832
2026,,"Derlin Figueroa","KCR",2,"steamer,oopsy",5,1,0.9668,0.02608,0.01172,0.00096,0.0028,0.002,0.07152,0.03468,0.00624,0.03244,0.00644,0.0739760033098883,0.0976
2026,,"Derniche Valdez","CHC",1,"oopsy",3,1,1,0,0,0,0,0,0,0,0,0,0,0,0
2026,,"Dervin Andrade",,1,"steamer",2,1,0.9402,0.039,0.0162,0.0016,0.01,0.0032,0.1312,0.0607,0.0085,0.0581,0.0107,0.139544777706871,0.1702
2026,,"Dervy Ventura","SEA",2,"steamer,oopsy",5,1,0.96188,0.031,0.01056,0.00056,0.0028,0.00264,0.06588,0.03144,0.0028,0.02632,0.0088,0.0684908720422506,0.09688
2026,,"Derwin Laya",,1,"steamer",2,1,0.9332,0.045,0.0156,0.0015,0.011,0.003,0.1379,0.0672,0.0138,0.0662,0.0101,0.147771110158594,0.1829
2026,,"Deshandro Tromp",,1,"steamer",2,1,0.9252,0.052,0.0138,0.0017,0.012,0.0032,0.1146,0.0578,0.007,0.0514,0.0107,0.123865110246433,0.1666
2026,,"Deuri Castillo","SEA",1,"steamer",2,1,0.9116,0.0666,0.0128,0.0012,0.011,0.0039,0.1138,0.062,0.0087,0.0538,0.0131,0.124835454146556,0.1804
2026,,"Devin Fitz-Gerald","WSN",2,"steamer,oopsy",5,1,0.96644,0.02484,0.0094,8e-04,0.0044,0.0016,0.06572,0.03044,0.0048,0.028,0.00532,0.0680021522287985,0.09056
2026,,"Devin Hurdle",,1,"steamer",2,1,0.9342,0.044,0.0274,0.0029,0.011,0.0041,0.1736,0.0747,0.0086,0.0697,0.0134,0.185827445943053,0.2176
2026,,"Devin Mann","SFG",2,"steamer,oopsy",5,1.41332,0.952923818423253,0.0375547140117051,0.0180002950868047,0.000845915506811587,0.00519352776275021,0.000767225692224463,0.0743028574238922,0.038735061230512,0.00696404859096051,0.0350366399449171,0.00245905670584764,0.0779735546403245,0.111857571435597
2026,,"Devin Ortiz","CHC",2,"steamer,oopsy",5,1,0.96008,0.0316,0.0122,0.00076,0.004,0.00184,0.07612,0.03608,0.00488,0.0318,0.00588,0.0792850595783685,0.10772
2026,,"Devin Saltiban","PHI",2,"steamer,oopsy",5,1,0.96924,0.02164,0.01056,0.00096,0.0048,0.00252,0.0654,0.0334,0.00724,0.0322,0.00852,0.0674755478519252,0.08704
2026,,"Devin Taylor","ATH",2,"steamer,oopsy",5,1,0.9672,0.02448,0.00848,0.00072,0.004,0.0012,0.06252,0.03384,0.0094,0.03372,0.00404,0.0646401985111662,0.087
2026,,"Devonte Brown",,2,"steamer,oopsy",5,1.78446,0.952889924522567,0.0387957381422758,0.0136703645543117,0.000878037249041757,0.00399844654948246,0.00175607449808351,0.0694865170626277,0.0394711514107695,0.009374736166692,0.0363777586410685,0.00642993431605964,0.0729218719543529,0.108282255204904
2026,,"Deward Tovar","TEX",2,"steamer,oopsy",5,1,0.97164,0.02044,0.00656,0.00056,0.0036,0.001,0.0544,0.02712,0.00584,0.0266,0.00328,0.0559878144168622,0.07484
2026,,"Dexters Peralta","NYY",2,"steamer,oopsy",5,1,0.97556,0.01612,0.00584,0.00048,0.004,0.00176,0.04996,0.0242,0.00372,0.0228,0.00588,0.0512116117922014,0.06608
2026,,"Deyvison De Los Santos","MIA",4,"batx,steamer,oopsy,atc",9,91.9099444444444,0.930970559935086,0.0507220879628021,0.0401789937427655,0.00158597306353972,0.00893061811115938,0.00600799442773192,0.222903141176013,0.103967160926662,0.0302118069941005,0.111417837486912,0.0124543244834146,0.23943092377868,0.273625229138815
2026,,"Diego Arce","TOR",1,"steamer",2,1,0.9203,0.0539,0.0111,0.001,0.015,0.002,0.0979,0.0553,0.0085,0.0493,0.0068,0.106378354884277,0.1518
2026,,"Diego Benitez",,2,"steamer,oopsy",5,1,0.96928,0.022,0.00856,8e-04,0.0044,0.00112,0.05916,0.02812,0.004,0.02592,0.0038,0.0610349950478706,0.08116
2026,,"Diego Campos",,1,"steamer",2,1,0.9372,0.042,0.0157,0.0014,0.01,0.0023,0.132,0.0619,0.0103,0.0601,0.0077,0.140845070422535,0.174
2026,,"Diego Cartaya","SFG",2,"steamer,oopsy",5,2.70668,0.958493933582699,0.0328023240359238,0.0127290333605484,0.000994930411832836,0.00439744052252834,0.000751893975354586,0.0671464104657565,0.0372909032221315,0.0101999354434466,0.0367364763514155,0.00252909791710179,0.0700540797527783,0.0999487345016804
2026,,"Diego Contreras","SEA",1,"steamer",2,1,0.9205,0.0577,0.0178,0.0014,0.011,0.0033,0.1463,0.0668,0.0054,0.0583,0.011,0.15893536121673,0.204
2026,,"Diego Felix",,1,"steamer",2,1,0.9402,0.039,0.0148,0.0014,0.01,0.0036,0.1184,0.0556,0.0071,0.0521,0.0119,0.125930653052542,0.1574
2026,,"Diego Gonzalez","CHC",2,"steamer,oopsy",7,1,0.955542857142857,0.0317142857142857,0.00991428571428571,0.000885714285714286,0.00657142857142857,0.00151428571428571,0.079,0.0380571428571429,0.00522857142857143,0.0347142857142857,0.00491428571428571,0.0826755172826217,0.110714285714286
2026,,"Diego Guzman","KCR",2,"steamer,oopsy",5,1,0.97524,0.01684,0.01172,0.00104,0.0036,0.00208,0.06492,0.02884,0.00324,0.02672,0.00672,0.066568229358927,0.08176
2026,,"Diego Hernandez",,2,"steamer,oopsy",5,2.253368,0.97409215613221,0.0183963884628226,0.0140126094130284,0.0020418926699924,0.0032031586434478,0.00239027246202902,0.0824305296824421,0.0363476249691539,0.00669663378025945,0.0358734413633262,0.00712243130385976,0.084622927269783,0.100826918145265
2026,,"Diego Infante",,1,"steamer",2,1,0.9132,0.068,0.0373,0.0029,0.008,0.0046,0.2035,0.0983,0.0224,0.0962,0.0146,0.222842750766535,0.2715
2026,,"Diego Mosquera","NYM",2,"steamer,oopsy",5,1,0.96596,0.02492,0.00964,0.00088,0.0048,0.00152,0.06732,0.03028,0.00196,0.02556,0.00484,0.0696923268044225,0.09224
2026,,"Diego Munoz","CIN",1,"steamer",2,1,0.8924,0.0838,0.0137,0.001,0.013,0.0028,0.1197,0.0698,0.0121,0.0596,0.0093,0.134132675930076,0.2035
2026,,"Diego Omana","CIN",2,"steamer,oopsy",5,1,0.96988,0.0222,0.01008,0.00064,0.0036,0.00092,0.06524,0.03024,0.00512,0.02868,0.00304,0.0672660535323957,0.08744
2026,,"Diego Rincones",,1,"steamer",2,1,0.9232,0.055,0.037,0.0034,0.011,0.0038,0.2145,0.1053,0.0301,0.11,0.0128,0.232344020797227,0.2695
2026,,"Diego Tornes","ATL",1,"steamer",2,1,0.9295,0.0497,0.0157,0.0019,0.01,0.005,0.1336,0.066,0.0097,0.0604,0.0166,0.143733189887036,0.1833
2026,,"Diego Velasquez","SFG",2,"steamer,oopsy",5,1.2776,0.956080283353011,0.0348051948051948,0.0164108618654073,0.00115702479338843,0.00479338842975207,0.00231404958677686,0.0831877213695396,0.0372609208972845,0.0025974025974026,0.0309563164108619,0.0072491145218418,0.08700913805878,0.117992916174734
2026,,"Diego Villegas","SFG",1,"steamer",2,1,0.907,0.0712,0.0166,0.0015,0.011,0.0024,0.1315,0.0665,0.0087,0.0581,0.008,0.144983461962514,0.2027
2026,,"Diego Viloria",,1,"oopsy",3,1,1,0,0,0,0,0,0,0,0,0,0,0,0
2026,,"Dilan Granadillo","CHC",2,"steamer,oopsy",5,1,0.96808,0.0236,0.00784,0.00076,0.004,0.00088,0.05468,0.0272,0.00404,0.02492,0.003,0.0564829352946037,0.07828
2026,,"Dilan Rosario",,1,"steamer",2,1,0.9112,0.068,0.0375,0.004,0.01,0.0048,0.1941,0.0911,0.0136,0.0834,0.0157,0.21301580333626,0.2621
2026,,"Dillon Head","MIA",2,"steamer,oopsy",5,1,0.96348,0.0286,0.00832,0.00228,0.0036,0.00304,0.06612,0.03208,0.00468,0.02872,0.00972,0.0686262299165525,0.09472
2026,,"Dillon Lewis","MIA",2,"steamer,oopsy",5,1,0.96712,0.02496,0.0118,0.00112,0.0036,0.00188,0.0714,0.03652,0.01012,0.03732,0.00652,0.0738274464389114,0.09636
2026,,"Dillon Tatum",,1,"steamer",2,1,0.9022,0.075,0.023,0.0021,0.012,0.0034,0.1417,0.078,0.0157,0.0714,0.0113,0.157060518731988,0.2167
2026,,"Diomedes Hernandez","NYY",2,"steamer,oopsy",5,1,0.97312,0.01856,0.00852,0.00068,0.004,0.00128,0.05884,0.02844,0.00516,0.02736,0.00424,0.0604653074646498,0.0774
2026,,"Dionmy Salon",,2,"steamer,oopsy",5,1,0.96928,0.0216,0.00936,0.00072,0.0048,0.00112,0.0648,0.02952,0.0038,0.02712,0.00372,0.0668537471112578,0.0864
2026,,"Diorland Zambrano","CIN",1,"steamer",2,1,0.9297,0.0495,0.019,0.0012,0.01,0.0027,0.1653,0.0732,0.0109,0.0692,0.0089,0.177799290093579,0.2148
2026,,"Diosbel Arias",,1,"steamer",2,1,0.9102,0.07,0.038,0.0038,0.009,0.0036,0.19,0.0889,0.0127,0.081,0.0121,0.20874533069655,0.26
2026,,"Diosfran Cabeza","ARI",2,"steamer,oopsy",5,1,0.96816,0.02312,0.00964,0.00092,0.0044,0.00128,0.06592,0.03084,0.00408,0.02836,0.00416,0.0680879193521732,0.08904
2026,,"Diover De Aza","NYM",1,"steamer",2,1,0.9455,0.0347,0.0149,0.0016,0.009,0.0027,0.1343,0.0605,0.0089,0.0587,0.0091,0.142041248016922,0.169
2026,,"Diwarys Encarnacion","MIA",1,"steamer",2,1,0.9309,0.0483,0.0201,0.0014,0.01,0.0039,0.1524,0.0692,0.0114,0.0667,0.0129,0.163712536255237,0.2007
2026,,"Dixon Williams","ATL",2,"steamer,oopsy",5,1,0.9714,0.01988,0.00932,0.00104,0.0044,0.00152,0.064,0.03008,0.00452,0.02812,0.00504,0.0658842907144328,0.08388
2026,,"DJ Gladney","NYY",2,"steamer,oopsy",5,1.065624,0.972729928010584,0.0197584316959607,0.014810233149494,0.00140886208614676,0.00319571156125973,0.00158067453567685,0.0788619143343127,0.0397230383313575,0.0115457966084222,0.0416817002560005,0.00518873597580881,0.081072774737794,0.0986203460302734
2026,,"DJ Layton","BAL",1,"oopsy",3,1,1,0,0,0,0,0,0,0,0,0,0,0,0
2026,,"Djean Macares","SFG",1,"steamer",2,1,0.9189,0.0583,0.0159,0.002,0.012,0.0028,0.1341,0.0651,0.0086,0.0589,0.0093,0.145935357492654,0.1924
2026,,"Dom Johnson",,1,"steamer",2,1,0.9232,0.054,0.0269,0.0022,0.012,0.0059,0.1705,0.0828,0.0163,0.0791,0.0201,0.184683708838821,0.2245
2026,,"Dom Keegan","TBR",4,"batx,steamer,oopsy,atc",9,68.6946444444444,0.907377604224818,0.0740964826713862,0.0437142385904733,0.00176542426659308,0.0119444085912464,0.000462024404893599,0.202603927412308,0.100892831778488,0.0266621114651035,0.106582067376708,0.00153258555041869,0.223285131205541,0.276700410083694
2026,,"Domingo Batista","TBR",1,"steamer",2,1,0.9246,0.0556,0.0141,0.0015,0.009,0.0024,0.1223,0.06,0.0096,0.0562,0.0079,0.13227341553104,0.1779
2026,,"Domingo Morla",,1,"steamer",2,1,0.9502,0.03,0.0151,0.0012,0.009,0.0023,0.1249,0.0594,0.0136,0.0623,0.0077,0.131446011366028,0.1549
2026,,"Dominic Miroglio",,1,"steamer",2,1,0.8912,0.087,0.0394,0.0036,0.011,0.0043,0.1863,0.1003,0.0216,0.0936,0.0142,0.209043985637343,0.2733
2026,,"Dominic Pitelli","CIN",2,"steamer,oopsy",5,1.236812,0.963008234769445,0.0294718064358084,0.0137685847628499,0.00155775958995748,0.00319089464394515,0.00354264680941942,0.0700489312387329,0.0337430827308531,0.00334164557200555,0.0283160493206786,0.012160574863539,0.0727397011880209,0.0995207376745413
2026,,"Dong-Yub Kim","CHC",1,"steamer",2,1,0.9242,0.055,0.0356,0.0029,0.01,0.0037,0.1969,0.0943,0.0216,0.0945,0.0113,0.213049123566328,0.2519
2026,,"Donovan Antonia",,1,"steamer",2,1,0.9292,0.05,0.023,0.0022,0.01,0.0042,0.1576,0.0722,0.0102,0.0674,0.0136,0.169608265174343,0.2076
2026,,"Donovan Casey",,1,"steamer",2,1,0.9148,0.0624,0.0346,0.0025,0.012,0.0054,0.1818,0.096,0.0205,0.0917,0.0189,0.19873196327066,0.2442
2026,,"Donta' Williams",,2,"steamer,oopsy",5,1.197048,0.952882850290094,0.0384022725141027,0.0145783923570634,0.00109873912985221,0.00439495651940883,0.00267985153622489,0.0672642735592448,0.0367943615923678,0.00581527783360802,0.0315150540660047,0.00809315163939918,0.0705902866640605,0.105666546073348
2026,,"Donte Grant","SDP",2,"steamer,oopsy",5,1,0.97048,0.02,0.00568,0.00048,0.0052,0.00152,0.04856,0.02484,0.00424,0.023,0.00512,0.0500370950457506,0.06856
2026,,"Dorian Soto","BOS",1,"steamer",2,1,0.9472,0.033,0.0217,0.0019,0.009,0.0025,0.1638,0.0673,0.0076,0.0652,0.0082,0.172930743243243,0.1968
2026,,"Douglas Glod","ATL",2,"steamer,oopsy",5,1,0.96184,0.02984,0.00832,6e-04,0.004,0.00084,0.05484,0.03044,0.00616,0.02792,0.00272,0.0570157198702487,0.08468
2026,,"Douglas Hodo III","BAL",2,"steamer,oopsy",5,1,0.95312,0.03816,0.01484,0.00076,0.0044,0.0044,0.07004,0.04036,0.00756,0.03456,0.01504,0.0734849756588887,0.1082
2026,,"Drake Logan","CHW",2,"steamer,oopsy",5,1,0.96724,0.02444,0.0132,0.0014,0.004,0.00308,0.07512,0.03604,0.00788,0.03472,0.01056,0.0776642818741987,0.09956
2026,,"Drake Osborn",,1,"oopsy",3,1,1,0,0,0,0,0,0,0,0,0,0,0,0
2026,,"Drew Bowser","CHC",2,"steamer,oopsy",5,1,0.96008,0.0316,0.00932,0.00084,0.004,0.00188,0.05924,0.03152,0.005,0.0276,0.0062,0.0617031914007166,0.09084
2026,,"Drew Brutcher","HOU",2,"steamer,oopsy",5,1,0.96444,0.02804,0.01184,0.00108,0.0032,0.00084,0.07072,0.03416,0.00572,0.03164,0.0028,0.0733275268549625,0.09876
2026,,"Drew Campbell",,1,"steamer",2,1,0.9192,0.058,0.038,0.0033,0.012,0.0057,0.2034,0.0985,0.0231,0.0978,0.0173,0.221279373368146,0.2614
2026,,"Drew Cavanaugh","SFG",2,"steamer,oopsy",5,1,0.95332,0.03676,0.0142,0.00104,0.0056,0.001,0.0728,0.03828,0.0078,0.03508,0.00332,0.0763647044014602,0.10956
2026,,"Drew Compton","ATL",2,"steamer,oopsy",5,1,0.96184,0.03064,0.0164,0.00084,0.0032,6e-04,0.08096,0.03848,0.00612,0.0354,0.00204,0.0841720036596523,0.1116
2026,,"Drew Davies","CIN",2,"steamer,oopsy",5,1,0.95896,0.03312,0.00832,0.00056,0.0036,0.00132,0.05964,0.03232,0.00668,0.02932,0.0044,0.0621923750729957,0.09276
2026,,"Drew Ehrhard","BOS",2,"steamer,oopsy",5,1,0.96808,0.0232,0.0166,0.00184,0.0044,0.00144,0.08536,0.04136,0.01,0.0418,0.00472,0.0881745310304934,0.10856
2026,,"Drew Faurot","MIA",1,"oopsy",3,1,1,0,0,0,0,0,0,0,0,0,0,0,0
2026,,"Drew Jemison",,2,"steamer,oopsy",5,1,0.97248,0.0188,0.00664,6e-04,0.0044,0.00116,0.05372,0.0248,0.0028,0.02268,0.0038,0.0552402105955907,0.07252
2026,,"Drew Lugbauer",,1,"steamer",2,1,0.9039,0.0773,0.0336,0.0025,0.008,0.0021,0.1729,0.1057,0.0394,0.1116,0.0069,0.191282221484677,0.2502
2026,,"Drew Mount",,1,"steamer",2,1,0.9132,0.061,0.0362,0.0036,0.015,0.0043,0.1984,0.1002,0.0262,0.1007,0.0136,0.217257993867718,0.2594
2026,,"Drew Swift","ATH",2,"steamer,oopsy",5,1,0.96276,0.03012,0.01516,0.00124,0.0028,0.00208,0.0768,0.03492,0.00232,0.02872,0.00732,0.0797706593543562,0.10692
2026,,"Drew Vogel",,1,"oopsy",3,1,1,0,0,0,0,0,0,0,0,0,0,0,0
2026,,"Dru Baker","CHW",2,"steamer,oopsy",5,1.78446,0.966857470915016,0.0244364520541006,0.013427215777654,0.0014588926599463,0.00440369451057866,0.00412002093781132,0.0848589230535434,0.0377420934434257,0.0062002938047718,0.0348243081235331,0.0137919389426405,0.0877677688865914,0.109295375107644
2026,,"Druw Jones","ARI",2,"steamer,oopsy",5,1,0.96176,0.03112,0.01316,0.00156,0.0028,0.00212,0.07584,0.03608,0.0044,0.03184,0.0072,0.0788554317085343,0.10696
2026,,"Dub Gleed","MIA",2,"steamer,oopsy",5,1,0.95624,0.03464,0.01696,0.00108,0.0048,0.00152,0.07992,0.0394,0.00736,0.03652,0.00492,0.0835773445996821,0.11456
2026,,"Duce Gourson","PIT",2,"steamer,oopsy",5,1,0.95992,0.02976,0.01844,0.00124,0.006,0.0032,0.08336,0.04052,0.00648,0.03672,0.01128,0.086840570047504,0.11312
2026,,"Duncan Pastore","NYY",2,"steamer,oopsy",5,1,0.96748,0.0234,0.01684,0.0012,0.0048,0.00164,0.08224,0.03696,0.0046,0.0336,0.00548,0.0850043411750114,0.10564
2026,,"Dustin Crenshaw","SEA",2,"steamer,oopsy",5,1,0.96784,0.02424,0.00856,6e-04,0.0036,0.00128,0.06248,0.03048,0.00556,0.02896,0.0042,0.0645561249793354,0.08672
2026,,"Dustin Dickerson","KCR",2,"steamer,oopsy",5,1,0.95076,0.04092,0.0128,0.00104,0.004,0.00248,0.07296,0.03692,0.00352,0.02952,0.00792,0.0767386091127098,0.11388
2026,,"Dyan Jorge","COL",2,"steamer,oopsy",5,1,0.96748,0.025,0.01612,0.0012,0.0032,0.00336,0.0864,0.03616,0.00276,0.0312,0.01048,0.0893041716624633,0.1114
2026,,"Dylan Campbell","PHI",2,"steamer,oopsy",5,1,0.96284,0.02964,0.0158,0.00088,0.0032,0.00412,0.0772,0.04072,0.00892,0.03824,0.01368,0.080179469070666,0.10684
2026,,"Dylan Dreiling","TEX",2,"steamer,oopsy",5,1,0.96084,0.03204,0.0118,0.00092,0.0028,0.00188,0.0694,0.03664,0.00796,0.0344,0.00608,0.0722284667582532,0.10144
2026,,"Dylan Fien","ATH",2,"steamer,oopsy",5,1,0.9708,0.02008,0.00952,0.00076,0.0048,0.00076,0.06468,0.02992,0.00436,0.02772,0.00248,0.0666254635352287,0.08476
2026,,"Dylan Grego","SDP",2,"steamer,oopsy",5,1,0.97408,0.0176,0.00916,8e-04,0.004,0.00124,0.06548,0.02948,0.005,0.02864,0.00408,0.0672224047306176,0.08308
2026,,"Dylan Jasso","MIA",2,"steamer,oopsy",5,1,0.96632,0.02496,0.01572,0.00224,0.0044,0.00056,0.0806,0.03756,0.00792,0.0374,0.0018,0.0834092226177664,0.10556
2026,,"Dylan Neuse",,1,"steamer",2,1,0.9022,0.077,0.0261,0.0026,0.01,0.0045,0.1684,0.086,0.0158,0.0785,0.0147,0.186654843715362,0.2454
2026,,"Dylan O'Rae","MIL",1,"steamer",2,2.0549,0.872645870845297,0.103606014891236,0.0351355297094749,0.00384446931724172,0.0129933330089055,0.0111440946031437,0.185507810599056,0.0952357778967346,0.00822424448878291,0.074504842084773,0.0385420215095625,0.21258086103056,0.289113825490292
2026,,"Dylan Rock",,1,"steamer",2,1,0.9032,0.073,0.0354,0.0028,0.013,0.0037,0.1769,0.0934,0.0215,0.0895,0.0124,0.195859167404783,0.2499
2026,,"Dylan Shockley",,2,"steamer,oopsy",5,1,0.96288,0.028,0.0118,0.00096,0.0048,0.00084,0.06308,0.03148,0.00496,0.02856,0.00276,0.0655117979395148,0.09108
2026,,"E.J. Exposito","ATL",2,"steamer,oopsy",5,1,0.96824,0.02384,0.01568,0.00136,0.0036,0.0022,0.07628,0.03768,0.0074,0.0362,0.0072,0.0787821201355036,0.10012
2026,,"Easton Shelton","LAD",2,"steamer,oopsy",5,1,0.9774,0.01428,0.00576,0.00044,0.004,0.001,0.05084,0.02704,0.00736,0.02852,0.00328,0.0520155514630653,0.06512
2026,,"Echedry Vargas","MIA",2,"steamer,oopsy",5,1,0.97636,0.01532,0.01344,0.00108,0.004,0.002,0.07396,0.03264,0.00652,0.0332,0.00656,0.0757507476750379,0.08928
2026,,"Ed Howard","CHC",2,"steamer,oopsy",5,1,0.97088,0.0212,0.01344,0.001,0.0036,0.00144,0.07108,0.03144,0.00352,0.02884,0.00484,0.0732119314436388,0.09228
2026,,"Eddie Micheletti Jr.","TOR",2,"steamer,oopsy",5,1,0.947,0.04308,0.01304,0.00072,0.0056,0.00072,0.06868,0.04008,0.00852,0.03576,0.00236,0.0725237592397043,0.11176
2026,,"Eddie Park","CHW",1,"steamer",2,1,0.9011,0.0791,0.0243,0.0021,0.009,0.0045,0.1864,0.087,0.0144,0.0789,0.015,0.206858284319165,0.2655
2026,,"Eddie Rynders","PIT",2,"steamer,oopsy",5,1,0.97356,0.01812,0.006,0.00052,0.004,0.00116,0.05088,0.02452,0.00424,0.02376,0.00384,0.0522618020460989,0.069
2026,,"Eddinson Paulino","NYM",2,"steamer,oopsy",5,1.236812,0.966500631269511,0.0256025326155914,0.0169594794067951,0.00170851051801788,0.00359289711877289,0.00211051299284561,0.0772598506309554,0.0382656105726651,0.00786417341381758,0.0370093528388284,0.00648228990659724,0.0799377135734238,0.102862383246547
2026,,"Eddson Martinez","SDP",1,"steamer",2,1,0.9061,0.0721,0.0158,0.0011,0.011,0.0032,0.1309,0.0675,0.0087,0.0578,0.0103,0.144465290806754,0.203
2026,,"Eddy Isturiz",,1,"steamer",2,1,0.9182,0.061,0.0211,0.0023,0.01,0.0049,0.1461,0.0752,0.0146,0.0705,0.0165,0.159115661076018,0.2071
2026,,"Eddy Marmolejos","WSN",1,"steamer",2,1,0.9447,0.0355,0.0187,0.0013,0.009,0.0026,0.1408,0.0613,0.0105,0.0611,0.0087,0.149042023922938,0.1763
2026,,"Eddy Rodriguez",,2,"steamer,oopsy",5,1,0.96408,0.0276,0.00904,0.00068,0.004,0.00136,0.05912,0.03152,0.00692,0.02984,0.00456,0.0613227118081487,0.08672
2026,,"Eddys Leonard","MIL",1,"steamer",2,1,0.9189,0.0573,0.0408,0.0049,0.013,0.0048,0.2048,0.1029,0.0279,0.1063,0.0146,0.222875176841876,0.2621
2026,,"Edgar Alfonso","LAA",2,"steamer,oopsy",5,1,0.97616,0.01552,0.00708,0.00068,0.004,0.00128,0.0582,0.02428,0.00248,0.02264,0.00424,0.0596213735453204,0.07372
2026,,"Edgar Alvarez","CHC",2,"steamer,oopsy",5,1,0.96208,0.03,0.01192,0.00072,0.0036,0.00104,0.07272,0.0352,0.00604,0.0324,0.00344,0.0755862298353567,0.10272
2026,,"Edgar Basabe",,1,"steamer",2,1,0.9282,0.051,0.0159,0.0016,0.01,0.0045,0.1398,0.0688,0.013,0.0655,0.0152,0.150614091790562,0.1908
2026,,"Edgar Jimenez","NYY",1,"steamer",2,1,0.951,0.0292,0.0162,0.0012,0.009,0.0032,0.1313,0.0577,0.0072,0.0558,0.0106,0.138065194532072,0.1605
2026,,"Edgar Lugo","DET",1,"steamer",2,1,0.9439,0.0353,0.0216,0.0019,0.01,0.0031,0.1637,0.0671,0.0075,0.0642,0.0101,0.173429388706431,0.199
2026,,"Edgar Montero","ATH",1,"steamer",2,1,0.8939,0.0873,0.0183,0.0013,0.008,0.0026,0.1309,0.0751,0.0131,0.0643,0.0086,0.146436961628818,0.2182
2026,,"Edgar Mota",,1,"steamer",2,1,0.9442,0.035,0.0139,0.0013,0.01,0.0026,0.1238,0.0568,0.0082,0.0553,0.0086,0.131116288921839,0.1588
2026,,"Edgar Walker","PIT",1,"steamer",2,1,0.936,0.0432,0.0179,0.0016,0.01,0.0038,0.1485,0.0667,0.0104,0.0644,0.0125,0.158653846153846,0.1917
2026,,"Edgardo De Leon","MIA",2,"steamer,oopsy",5,1,0.97076,0.02052,0.00616,0.00064,0.0044,0.00116,0.05284,0.0264,0.00588,0.02612,0.00384,0.0544315793811035,0.07336
2026,,"Edgardo Figueroa","WSN",1,"steamer",2,1,0.9496,0.0286,0.0134,0.0013,0.011,0.0027,0.1201,0.0559,0.0125,0.0582,0.0088,0.126474304970514,0.1487
2026,,"Edgardo Ordonez","MIL",2,"steamer,oopsy",5,1,0.96312,0.02856,0.00812,0.00084,0.004,0.00112,0.05452,0.02928,0.00588,0.02732,0.00372,0.0566076916687432,0.08308
2026,,"Edgleen Perez","PIT",2,"steamer,oopsy",5,1,0.94984,0.04144,0.0086,6e-04,0.0044,8e-04,0.05948,0.0308,0.00228,0.02404,0.00272,0.0626210730228249,0.10092
2026,,"Ediel Rivera","NYY",2,"steamer,oopsy",5,1,0.97072,0.01936,0.00776,6e-04,0.0056,0.00184,0.05392,0.02752,0.0048,0.0256,0.00608,0.0555463985495302,0.07328
2026,,"Edinson Duran","NYY",2,"steamer,oopsy",5,1,0.97272,0.01816,0.0098,0.00088,0.0048,0.00156,0.06484,0.03156,0.00656,0.031,0.0052,0.0666584423061107,0.083
2026,,"Edrei Campos","BAL",2,"steamer,oopsy",5,1,0.97516,0.01692,0.00888,0.00068,0.0036,0.00168,0.0612,0.02844,0.00452,0.02712,0.00536,0.062758931867591,0.07812
2026,,"Edrick Felix",,2,"steamer,oopsy",5,1,0.97128,0.0196,0.009,0.00084,0.0048,0.00144,0.0618,0.02864,0.00424,0.02684,0.00476,0.0636273783049172,0.0814
2026,,"Edryn Rodriguez",,1,"steamer",2,1,0.9332,0.046,0.0257,0.0025,0.01,0.0036,0.1568,0.0712,0.0099,0.0672,0.0118,0.168024003429061,0.2028
2026,,"Eduardo Acevedo",,1,"steamer",2,1,0.9332,0.045,0.0161,0.0017,0.011,0.0036,0.1379,0.0658,0.0112,0.0629,0.0119,0.147771110158594,0.1829
2026,,"Eduardo Beltre","MIN",2,"steamer,oopsy",5,1,0.96596,0.02532,0.0092,0.00064,0.0044,0.00208,0.0612,0.0328,0.00812,0.03184,0.00696,0.0633566607312932,0.08652
2026,,"Eduardo Garcia","MIL",2,"steamer,oopsy",5,1,0.96676,0.02372,0.01664,0.00116,0.0052,0.00312,0.07616,0.03692,0.00688,0.035,0.01056,0.0787786006868302,0.09988
2026,,"Eduardo Guerrero","LAD",2,"steamer,oopsy",5,1,0.95364,0.03844,0.01344,0.00152,0.0036,0.00136,0.07228,0.03796,0.00388,0.03132,0.0044,0.0757938005956126,0.11072
2026,,"Eduardo Guillen","PHI",1,"steamer",2,1,0.9381,0.0401,0.0145,0.0018,0.011,0.0035,0.122,0.0615,0.0125,0.0606,0.0116,0.130050101268521,0.1621
2026,,"Eduardo Herrera","CHW",1,"steamer",2,1,0.9231,0.0561,0.0142,0.001,0.01,0.002,0.1236,0.0629,0.0131,0.0606,0.0067,0.133896652583685,0.1797
2026,,"Eduardo Lopez",,2,"steamer,oopsy",5,1,0.96248,0.03,0.0116,0.00108,0.0032,0.00148,0.0686,0.03588,0.0082,0.0344,0.00488,0.0712742082952373,0.0986
2026,,"Eduardo Oviedo",,2,"steamer,oopsy",5,1,0.97528,0.0164,0.006,0.00056,0.004,0.0014,0.05252,0.02584,0.00576,0.02596,0.00456,0.0538512017061767,0.06892
2026,,"Eduardo Perez","HOU",1,"steamer",2,1,0.9452,0.033,0.0142,0.0012,0.011,0.0026,0.1228,0.0627,0.0169,0.0661,0.0086,0.129919593736775,0.1558
2026,,"Eduardo Ponce","SEA",2,"steamer,oopsy",5,1,0.96704,0.02464,0.00584,0.00052,0.004,0.00092,0.05036,0.02672,0.005,0.02508,0.00308,0.0520764394440768,0.075
2026,,"Eduardo Quintero","LAD",2,"steamer,oopsy",5,1,0.95324,0.03844,0.01212,0.00108,0.004,0.00328,0.07376,0.04348,0.01032,0.03984,0.01076,0.077378204859217,0.1122
2026,,"Eduardo Rojas","LAD",1,"steamer",2,1,0.893,0.0852,0.0155,0.0011,0.011,0.003,0.1295,0.0743,0.0088,0.0606,0.01,0.14501679731243,0.2147
2026,,"Eduardo Tait","MIN",2,"steamer,oopsy",5,1,0.97248,0.0196,0.01496,0.00064,0.0036,6e-04,0.07812,0.03632,0.0086,0.03728,0.002,0.0803307008884501,0.09772
2026,,"Eduardo Valencia","DET",3,"batx,steamer,oopsy",8,11.17885,0.944894984649571,0.042735596420497,0.026392044454153,0.00123496682090633,0.00526123884820923,0.00062995631593599,0.199087950730559,0.12797570691495,0.0182101640822814,0.132187875712957,0.00251100262024844,0.210698494504544,0.241823547151056
2026,,"Eduarlin Tejeda","SDP",1,"steamer",2,1,0.9151,0.0641,0.0166,0.0014,0.01,0.0023,0.1356,0.0633,0.0043,0.0531,0.0076,0.148180526718391,0.1997
2026,,"Eduarqui Fernandez",,1,"steamer",2,1,0.9152,0.066,0.0282,0.0023,0.008,0.0059,0.1632,0.0844,0.0188,0.0809,0.0186,0.178321678321678,0.2292
2026,,"Edward Duran","TOR",2,"steamer,oopsy",5,1,0.96456,0.02672,0.01172,0.00104,0.0044,0.00116,0.07112,0.03396,0.00504,0.031,0.0038,0.0737331011030936,0.09784
2026,,"Edward Florentino","PIT",2,"steamer,oopsy",5,1,0.95992,0.03136,0.01132,0.00064,0.0044,0.00312,0.06712,0.03728,0.00944,0.0356,0.01052,0.0699224935411284,0.09848
2026,,"Edward Guribe","STL",1,"steamer",2,1,0.9417,0.0365,0.0184,0.0012,0.011,0.0022,0.1444,0.0673,0.0155,0.07,0.0073,0.153339704789211,0.1809
2026,,"Edward Lantigua","NYM",2,"steamer,oopsy",5,1,0.96476,0.02572,0.00628,0.00064,0.0052,0.00168,0.05376,0.0284,0.00452,0.02516,0.00548,0.0557237033044488,0.07948
2026,,"Edwardo Espinal","LAA",2,"steamer,oopsy",5,1,0.96976,0.02192,0.00908,0.00064,0.004,0.00124,0.06044,0.028,0.00464,0.02624,0.00412,0.0623246988945719,0.08236
2026,,"Edwilmin Matos","HOU",1,"steamer",2,1,0.9381,0.0401,0.0148,0.0013,0.011,0.0023,0.1305,0.0631,0.0121,0.0622,0.0076,0.139110968979853,0.1706
2026,,"Edwin Amparo","BAL",2,"steamer,oopsy",5,1,0.96296,0.02912,0.01028,0.00104,0.0036,0.00548,0.0634,0.03368,0.00476,0.02848,0.0164,0.0658386641189665,0.09252
2026,,"Edwin Arroyo","CIN",4,"batx,steamer,oopsy,atc",9,34.2487666666667,0.920631230248307,0.0579512930207442,0.050788250234904,0.00303761795431288,0.00574375571753311,0.00292313320962308,0.229170294526385,0.106976226919924,0.0194680970301019,0.0914958296811098,0.0137427362226606,0.248927352230463,0.287121587547129
2026,,"Edwin Brito","BOS",2,"steamer,oopsy",5,1,0.97408,0.0168,0.00632,0.00064,0.0048,0.00112,0.0538,0.0272,0.00656,0.0276,0.00368,0.0552316031537451,0.0706
2026,,"Edwin Darville","BOS",1,"steamer",2,1,0.9172,0.063,0.0186,0.0022,0.009,0.0033,0.1371,0.0667,0.0074,0.0583,0.011,0.149476668120366,0.2001
2026,,"Edwin Díaz","HOU",2,"steamer,oopsy",5,1,0.96204,0.02884,0.01464,8e-04,0.0048,0.001,0.07248,0.04004,0.0114,0.04028,0.00332,0.0753399027067482,0.10132
2026,,"Edwin Sanchez","HOU",1,"steamer",2,1,0.8691,0.1061,0.0164,0.001,0.014,0.0026,0.1203,0.0793,0.0156,0.066,0.0087,0.138419054193994,0.2264
2026,,"Edwin Solano",,1,"steamer",2,1,0.9402,0.038,0.0139,0.0013,0.011,0.0029,0.1224,0.0566,0.0072,0.0535,0.0096,0.13018506700702,0.1604
2026,,"Efren Teran","BOS",2,"steamer,oopsy",5,1,0.97288,0.0192,0.00728,0.00072,0.0036,0.00136,0.05896,0.02612,0.00224,0.02352,0.00444,0.0606035687854617,0.07816
2026,,"Efrenyer Narvaez",,1,"steamer",2,1,0.9372,0.041,0.021,0.0021,0.011,0.0035,0.1516,0.072,0.0151,0.0722,0.0115,0.161758429364063,0.1926
2026,,"EJ Andrews Jr.",,2,"steamer,oopsy",5,1,0.96368,0.0284,0.01044,0.00104,0.0036,0.00152,0.06088,0.0332,0.0078,0.0318,0.00508,0.0631744977585921,0.08928
2026,,"Elaineiker Coronado","TOR",1,"steamer",2,1,0.8865,0.0927,0.0176,0.0014,0.01,0.0023,0.1505,0.0746,0.0042,0.0577,0.0077,0.169768753525099,0.2432
2026,,"Eli Lovich","CHC",2,"steamer,oopsy",5,1,0.97328,0.0188,0.00808,0.00112,0.0036,0.00168,0.06216,0.02928,0.00544,0.02844,0.0056,0.0638665132336018,0.08096
2026,,"Eli Serrano III","NYM",2,"steamer,oopsy",5,1,0.95984,0.03184,0.01224,0.00068,0.004,0.0014,0.06736,0.03576,0.00684,0.03268,0.0046,0.0701783630605101,0.0992
2026,,"Eli Wilson",,2,"steamer,oopsy",5,1,0.96568,0.026,0.01508,0.00124,0.004,0.00144,0.07788,0.0392,0.00968,0.03908,0.00472,0.0806478336508989,0.10388
2026,,"Elian Adames","PHI",1,"steamer",2,1,0.9482,0.032,0.0166,0.0015,0.009,0.0026,0.1362,0.0602,0.0092,0.0595,0.0087,0.143640582155663,0.1682
2026,,"Elian Garcia",,1,"steamer",2,1,0.9262,0.053,0.0144,0.0014,0.01,0.0034,0.1252,0.0639,0.0113,0.06,0.0113,0.135175987907579,0.1782
2026,,"Elian Peña","NYM",1,"steamer",2,1,0.92,0.0592,0.0179,0.0011,0.01,0.0038,0.1422,0.0746,0.0155,0.0707,0.0128,0.154565217391304,0.2014
2026,,"Elian Rayo",,2,"steamer,oopsy",5,1,0.97048,0.0216,0.01004,0.00068,0.0036,8e-04,0.06436,0.03076,0.00628,0.0302,0.00268,0.0663176984584948,0.08596
2026,,"Elian Soto","WSN",2,"steamer,oopsy",5,1,0.9692,0.02248,0.00528,0.00044,0.004,0.00104,0.04488,0.02328,0.00436,0.02176,0.00344,0.0463062319438712,0.06736
2026,,"Elias Marrero","PHI",1,"steamer",2,1,0.9442,0.035,0.0127,0.0013,0.01,0.0022,0.1149,0.052,0.0053,0.0488,0.0073,0.12169031984749,0.1499
2026,,"Elias Medina","LAD",1,"steamer",2,1,0.9356,0.0436,0.018,0.0014,0.01,0.0044,0.1469,0.0759,0.0176,0.076,0.0146,0.157011543394613,0.1905
2026,,"Elias Perez","SEA",1,"steamer",2,1,0.9265,0.0527,0.014,0.0011,0.01,0.0024,0.1266,0.0621,0.0097,0.0581,0.0079,0.136643281165677,0.1793
2026,,"Elias Reyno","ATL",1,"steamer",2,1,0.9086,0.0676,0.0132,0.0011,0.013,0.0032,0.1075,0.0623,0.0092,0.0533,0.0106,0.11831388950033,0.1751
2026,,"Eliesbert Alejos","ARI",2,"steamer,oopsy",5,1,0.97692,0.01396,0.00812,0.00076,0.0048,0.00124,0.06532,0.02672,0.00184,0.0248,0.00408,0.0668632027187487,0.07928
2026,,"Eliezer Alfonzo","LAD",2,"steamer,oopsy",7,1.56032857142857,0.958269164730884,0.030713805688427,0.0154018366416523,0.000891337101174495,0.00485818492332853,0.00170136071651699,0.0968539857825507,0.0453013153673404,0.00643777779385905,0.0423587356263614,0.00565808747084265,0.101071796262745,0.127567791470978
2026,,"Eliezer Rivero","LAA",2,"steamer,oopsy",5,1,0.97536,0.01552,0.0058,0.00052,0.0048,0.00112,0.05152,0.02316,0.00344,0.02208,0.00372,0.0528215223097113,0.06704
2026,,"Elih Marrero","KCR",2,"steamer,oopsy",5,1,0.9588,0.03328,0.01692,0.00112,0.0036,0.0028,0.07624,0.03848,0.00572,0.03388,0.0088,0.0795160617438465,0.10952
2026,,"Elijah Dunham","LAA",1,"steamer",2,11.6979,0.890629942126364,0.0885970986245394,0.0372203557903555,0.00355619384675882,0.0100017951940092,0.00603527128800896,0.179314235888493,0.0992314859932125,0.0247309346121953,0.0930936321903931,0.021892818369109,0.201334165186927,0.267911334513032
2026,,"Elijah Green","WSN",2,"steamer,oopsy",5,1,0.96804,0.02444,0.0098,0.00088,0.0032,0.00208,0.06092,0.03088,0.00732,0.02992,0.00744,0.0629312838312466,0.08536
2026,,"Elijah Hainline","LAD",2,"steamer,oopsy",5,1,0.9548,0.03648,0.01128,0.00064,0.0044,0.0026,0.06852,0.0378,0.00572,0.03204,0.00876,0.0717637201508169,0.105
2026,,"Elijah Nunez","WSN",2,"steamer,oopsy",5,1,0.95464,0.03744,0.0102,8e-04,0.0036,0.00308,0.06552,0.03316,0.0042,0.02728,0.01052,0.0686332020447498,0.10296
2026,,"Elio Campos",,2,"steamer,oopsy",5,1,0.971,0.02108,0.00908,0.00104,0.0036,0.002,0.0724,0.03132,0.00284,0.02788,0.00668,0.074562306900103,0.09348
2026,,"Elio Prado",,2,"steamer,oopsy",5,1,0.96128,0.03,0.01416,0.00104,0.0044,0.00232,0.0742,0.03744,0.00728,0.0348,0.00704,0.0771887483355526,0.1042
2026,,"Eliomar Garces","TBR",1,"steamer",2,1,0.9216,0.0576,0.0165,0.0016,0.01,0.0033,0.1393,0.0651,0.0081,0.0592,0.0108,0.151150173611111,0.1969
2026,,"Elis Barreat",,1,"steamer",2,1,0.9362,0.043,0.0254,0.0028,0.01,0.0042,0.1734,0.0756,0.0105,0.0721,0.0137,0.185216834009827,0.2164
2026,,"Elis Cuevas","BAL",2,"steamer,oopsy",5,1,0.96216,0.02872,0.0106,0.00076,0.0048,0.00424,0.06972,0.03664,0.00668,0.03244,0.01408,0.0724619605886755,0.09844
2026,,"Elisandro Ramirez","ATL",1,"steamer",2,1,0.9335,0.0447,0.0137,0.0015,0.011,0.0029,0.1251,0.062,0.0104,0.0589,0.0096,0.13401178361007,0.1698
2026,,"Elorky Rodriguez","TEX",1,"steamer",2,1,0.9161,0.0621,0.0178,0.0013,0.011,0.0029,0.1498,0.0732,0.0122,0.0673,0.0095,0.163519266455627,0.2119
2026,,"Elvin Garcia","BAL",2,"steamer,oopsy",5,1,0.97004,0.02164,0.00692,0.00064,0.004,0.00128,0.05296,0.02584,0.00296,0.02284,0.00424,0.0545956867758031,0.0746
2026,,"Elvis Rijo",,2,"steamer,oopsy",5,1,0.97008,0.0192,0.01108,0.00092,0.0064,0.00132,0.06516,0.02896,0.00264,0.02596,0.00436,0.0671697179614052,0.08436
2026,,"Elvis Rojas",,1,"steamer",2,1,0.9312,0.049,0.0153,0.0015,0.009,0.0033,0.1295,0.0629,0.0103,0.0594,0.0111,0.139067869415808,0.1785
2026,,"Ely Brown","CHW",2,"steamer,oopsy",5,1,0.96844,0.02324,0.00868,0.00072,0.004,0.0022,0.06908,0.03244,0.00672,0.03128,0.00748,0.0713312130849614,0.09232
2026,,"Emaarion Boyd","MIA",2,"steamer,oopsy",5,1,0.96148,0.0274,0.0154,0.00152,0.0068,0.00792,0.07984,0.0386,0.00512,0.03332,0.02336,0.083038648749844,0.10724
2026,,"Emdys Rosillo","CIN",1,"steamer",2,1,0.9358,0.0444,0.017,0.0013,0.009,0.0023,0.1421,0.0642,0.0093,0.0611,0.0076,0.151848685616585,0.1865
2026,,"Emil Martinez",,1,"steamer",2,1,0.9422,0.037,0.0154,0.0014,0.01,0.0028,0.1344,0.0596,0.0076,0.057,0.0092,0.142644873699851,0.1714
2026,,"Emil Morales","LAD",2,"steamer,oopsy",5,1,0.96672,0.02536,0.01064,0.00052,0.0036,0.00116,0.07028,0.03752,0.00984,0.0376,0.00392,0.0726994372724264,0.09564
2026,,"Emil Turbi",,2,"steamer,oopsy",5,1,0.97128,0.02,0.00696,0.00056,0.0044,0.00116,0.05124,0.02376,0.00204,0.02096,0.00384,0.0527551272547566,0.07124
2026,,"Emile Torres","TBR",1,"steamer",2,1,0.9408,0.0384,0.0125,0.0011,0.01,0.0028,0.1098,0.0548,0.0117,0.0555,0.0094,0.116709183673469,0.1482
2026,,"Emiliano Galan",,1,"steamer",2,1,0.9342,0.045,0.0159,0.0014,0.01,0.0028,0.1407,0.0675,0.0136,0.0665,0.0092,0.150610147719974,0.1857
2026,,"Émilien Pitre","TBR",2,"steamer,oopsy",5,1,0.96296,0.02912,0.01316,0.00104,0.0036,0.00164,0.07452,0.03388,0.00444,0.03064,0.00528,0.0773863919581291,0.10364
2026,,"Emilio Sanchez","BAL",1,"steamer",2,1,0.9084,0.0708,0.0137,0.0013,0.01,0.0038,0.1181,0.0618,0.0041,0.0488,0.0128,0.130008806693087,0.1889
2026,,"Emilio Taveras",,1,"steamer",2,1,0.9192,0.06,0.0154,0.0014,0.01,0.003,0.1222,0.0675,0.0153,0.0647,0.01,0.132941688424717,0.1822
2026,,"Emmanuel Cedeno","TBR",1,"steamer",2,1,0.8781,0.1021,0.0169,0.0016,0.009,0.0035,0.1484,0.0755,0.0061,0.0595,0.0116,0.169001252704703,0.2505
2026,,"Emmanuel Rodriguez","MIN",4,"batx,steamer,oopsy,atc",9,56.6386555555556,0.838618311353262,0.144164688929804,0.0357932712686895,0.00346786936589428,0.00621858755477537,0.00335539303391637,0.1798806590931,0.127594029570245,0.0283372405308907,0.096804339528705,0.0214646245931884,0.214496460019851,0.324045348022904
2026,,"Enddy Azocar","BOS",2,"steamer,oopsy",5,1,0.97128,0.0204,0.01,0.00092,0.004,0.00164,0.06852,0.03236,0.0064,0.0316,0.0054,0.0705460835186558,0.08892
2026,,"Enderso Lira",,2,"steamer,oopsy",5,1,0.97328,0.0192,0.0098,0.00092,0.0032,0.00116,0.06544,0.0302,0.00556,0.02964,0.00376,0.067236560907447,0.08464
2026,,"Enderson Asencio",,1,"steamer",2,1,0.9292,0.049,0.0161,0.0014,0.011,0.0031,0.1297,0.0646,0.0121,0.0619,0.0102,0.13958243650452,0.1787
2026,,"Enderson Delgado","DET",2,"steamer,oopsy",5,1,0.96548,0.0246,0.00888,0.00084,0.0056,0.00092,0.05928,0.0296,0.00524,0.02752,0.003,0.0613995111240005,0.08388
2026,,"Endry Reyes",,1,"steamer",2,1,0.9372,0.042,0.0134,0.0012,0.01,0.0026,0.1157,0.0592,0.0128,0.059,0.0086,0.123452838241571,0.1577
2026,,"Endy Rios","SDP",1,"steamer",2,1,0.9452,0.034,0.0171,0.0015,0.01,0.003,0.1375,0.0584,0.0053,0.0548,0.0097,0.145471857807871,0.1715
2026,,"Engel Paulino","MIL",2,"steamer,oopsy",5,1,0.97076,0.02092,0.0062,0.00068,0.004,0.00164,0.048,0.02444,0.00412,0.02284,0.00544,0.0494457950471795,0.06892
2026,,"Engelth Urena","NYY",2,"steamer,oopsy",5,1,0.9594,0.03188,0.00992,0.00052,0.0044,0.00104,0.06152,0.03356,0.00652,0.03044,0.00336,0.0641234104648739,0.0934
2026,,"Enmanuel Bonilla","TOR",2,"steamer,oopsy",5,1,0.97572,0.01596,0.006,0.00052,0.004,0.00124,0.05228,0.02556,0.00524,0.02544,0.00408,0.0535809453531751,0.06824
2026,,"Enmanuel Corniel","BAL",1,"steamer",2,1,0.932,0.0472,0.0127,0.001,0.01,0.0028,0.1162,0.0615,0.0125,0.0591,0.0094,0.124678111587983,0.1634
2026,,"Enmanuel Figuereo","BOS",1,"steamer",2,1,0.9232,0.056,0.0157,0.0016,0.01,0.0034,0.1363,0.0674,0.0107,0.0623,0.0111,0.147638648180243,0.1923
2026,,"Enmanuel Ramirez","WSN",2,"steamer,oopsy",5,1,0.97396,0.01772,0.00696,0.00092,0.004,0.00132,0.05664,0.02608,0.00468,0.0254,0.00436,0.0581543389872274,0.07436
2026,,"Enmanuel Santos","KCR",1,"steamer",2,1,0.9401,0.0391,0.0166,0.0016,0.01,0.0033,0.138,0.0682,0.0158,0.0692,0.011,0.146792894372939,0.1771
2026,,"Enmanuel Tejeda","NYY",2,"steamer,oopsy",5,1,0.96144,0.03024,0.00996,0.00072,0.004,0.003,0.07044,0.03456,0.00452,0.02964,0.00996,0.0732651023464803,0.10068
2026,,"Enmanuel Terrero",,2,"steamer,oopsy",5,1,0.96768,0.0244,0.00944,0.00096,0.0036,0.00228,0.06648,0.0338,0.00808,0.03308,0.00728,0.0687003968253968,0.09088
2026,,"Enrique Bradfield Jr.","BAL",2,"steamer,oopsy",5,1.092452,0.954698528993689,0.0370066524250079,0.0156279190662237,0.00142958095408283,0.00399632857618611,0.00656307619828938,0.0813236620015758,0.0438296524331305,0.00614070000731036,0.0356095619471542,0.0251801190775954,0.0851825571442914,0.118330314426584
2026,,"Enrique Jimenez","MIN",2,"steamer,oopsy",5,1,0.96064,0.03144,0.00944,0.00076,0.0036,0.00108,0.061,0.03288,0.00708,0.03064,0.00356,0.0634993337774817,0.09244
2026,,"Enry Torres","CIN",1,"steamer",2,1,0.9206,0.0586,0.014,0.0012,0.01,0.0026,0.13,0.0662,0.0118,0.0615,0.0088,0.141212252878557,0.1886
2026,,"Enyel Rosario",,1,"steamer",2,1,0.9432,0.037,0.0172,0.0026,0.009,0.0045,0.153,0.064,0.0055,0.0593,0.0149,0.162213740458015,0.19
2026,,"Enyervert Perez","ARI",2,"steamer,oopsy",5,1,0.97292,0.01836,0.01144,0.00088,0.0044,0.00092,0.06916,0.03088,0.00456,0.02976,0.00308,0.071084981293426,0.08752
2026,,"Enzo Paulino",,1,"steamer",2,1,0.9362,0.043,0.0251,0.0022,0.01,0.0034,0.1652,0.0769,0.016,0.0771,0.0112,0.176458021790216,0.2082
2026,,"Eriandys Ramon","CHC",2,"steamer,oopsy",5,1,0.97688,0.0148,0.0102,0.00108,0.004,0.00128,0.0634,0.02768,0.0034,0.02652,0.00424,0.0649004995495864,0.0782
2026,,"Eric Bitonti","MIL",2,"steamer,oopsy",5,1,0.96392,0.02856,0.00916,0.00056,0.0032,0.00156,0.06056,0.0342,0.01048,0.03476,0.00496,0.0628267906050295,0.08912
2026,,"Eric Brown Jr.","MIL",2,"steamer,oopsy",5,2.221704,0.963134086121758,0.0285625490225097,0.0146019248888823,0.00102608120840795,0.00399579701351171,0.00299931430150015,0.0713619748116796,0.0346499731146991,0.00457790077597391,0.0307725700867729,0.0100240241129084,0.0740934993787127,0.0999245238341892
2026,,"Eric Hartman","ATL",2,"steamer,oopsy",5,1,0.9678,0.02308,0.0098,0.00092,0.0048,0.00364,0.06644,0.03364,0.00584,0.0306,0.01256,0.0686505476338086,0.08952
2026,,"Eric Martinez","MIL",2,"steamer,oopsy",5,1,0.9748,0.01608,0.00656,0.00064,0.0048,0.001,0.05168,0.02564,0.00584,0.02616,0.00332,0.0530160032827247,0.06776
2026,,"Eric Mota","HOU",1,"steamer",2,1,0.9381,0.0411,0.0151,0.0014,0.01,0.0032,0.1279,0.0597,0.0075,0.0556,0.0109,0.136339409444622,0.169
2026,,"Eric Rataczak","MIA",2,"steamer,oopsy",5,1,0.95664,0.03504,0.01408,0.00152,0.004,0.002,0.07432,0.038,0.0078,0.03528,0.00652,0.0776885766850644,0.10936
2026,,"Eric Snow","TOR",1,"oopsy",3,1,1,0,0,0,0,0,0,0,0,0,0,0,0
2026,,"Erick Alvarez",,2,"steamer,oopsy",5,1,0.97088,0.0212,0.01072,0.00084,0.0036,0.0012,0.06736,0.03048,0.00444,0.02868,0.00404,0.0693803559657218,0.08856
2026,,"Erick Arosemena",,1,"steamer",2,1,0.9272,0.05,0.0157,0.0016,0.012,0.003,0.1317,0.0659,0.0125,0.063,0.01,0.142040552200173,0.1817
2026,,"Erick Bautista",,1,"steamer",2,1,0.9252,0.053,0.0152,0.0014,0.011,0.0031,0.1274,0.0696,0.0186,0.0698,0.0103,0.137699956766105,0.1804
2026,,"Erick Brito","PHI",2,"steamer,oopsy",5,1.092452,0.964868048053414,0.0260248714595534,0.015692900018682,0.00116965714424959,0.00480859048191499,0.00298912381308229,0.077814690568827,0.0351871857561752,0.00266421905079074,0.0299887095595104,0.0094547285826842,0.0806480126747023,0.10383956202838
2026,,"Erick De La Cruz","ARI",1,"steamer",2,1,0.9343,0.0449,0.0208,0.0019,0.01,0.0034,0.1602,0.076,0.0155,0.0759,0.0113,0.171465268115166,0.2051
2026,,"Erick Lara","TBR",2,"steamer,oopsy",5,1,0.97104,0.02104,0.00648,0.00064,0.0036,0.00124,0.05032,0.02344,0.00248,0.0212,0.00412,0.0518207282913165,0.07136
2026,,"Erick Lugo",,1,"steamer",2,1,0.9402,0.039,0.0166,0.0013,0.01,0.0024,0.1325,0.0597,0.0079,0.057,0.0079,0.140927462242076,0.1715
2026,,"Erick Peña",,1,"steamer",2,1,0.9162,0.065,0.0205,0.0018,0.008,0.0036,0.1323,0.0757,0.0207,0.075,0.0116,0.144400785854617,0.1973
2026,,"Erick Torres","KCR",2,"steamer,oopsy",5,1,0.968,0.02368,0.01252,0.00092,0.004,0.00224,0.07644,0.03424,0.00412,0.03092,0.00688,0.0789669421487603,0.10012
2026,,"Eriel Dihigo","COL",1,"steamer",2,1,0.9018,0.0754,0.0196,0.0023,0.012,0.0035,0.1588,0.0787,0.012,0.0689,0.0118,0.176092259924595,0.2342
2026,,"Erik Ostberg",,1,"steamer",2,1,0.9042,0.075,0.0371,0.0033,0.01,0.0044,0.1876,0.0988,0.0241,0.0962,0.0145,0.207476222074762,0.2626
2026,,"Ernesto Martinez Jr.","NYY",2,"steamer,oopsy",5,1.78446,0.958212181078297,0.0322847542339969,0.0155750299714638,0.00116171082180909,0.00520068216740118,0.00152643398679567,0.0786721375141415,0.0416594904006889,0.00961788494334971,0.0394711514107695,0.00493051686000372,0.0821030446780691,0.110956891748138
2026,,"Ernie Yake",,1,"steamer",2,1,0.9072,0.072,0.0418,0.0042,0.01,0.0048,0.2004,0.0952,0.0141,0.087,0.0156,0.220899470899471,0.2724
2026,,"Ernny Ordonez",,1,"steamer",2,1,0.9352,0.044,0.0272,0.0026,0.01,0.0034,0.1712,0.0851,0.0241,0.0897,0.0114,0.1830624465355,0.2152
2026,,"Erny Orellana","LAD",1,"steamer",2,1,0.9247,0.0535,0.0165,0.001,0.011,0.0026,0.1309,0.0723,0.0162,0.0702,0.0085,0.141559424678274,0.1844
2026,,"Errol Robinson","BAL",1,"steamer",2,1,0.9005,0.0797,0.0345,0.0033,0.009,0.0065,0.1841,0.0886,0.0081,0.0735,0.0216,0.204441976679622,0.2638
2026,,"Erubiel Fuentes",,1,"steamer",2,1,0.9252,0.052,0.0149,0.0015,0.012,0.0034,0.1319,0.0611,0.005,0.0533,0.0111,0.142563769995677,0.1839
2026,,"Eryks Rivero","MIL",1,"steamer",2,1,0.9189,0.0593,0.0115,0.0012,0.011,0.0022,0.1041,0.058,0.0113,0.054,0.0074,0.113287626509958,0.1634
2026,,"Esmeiquel Arrieche",,1,"steamer",2,1,0.9082,0.071,0.0127,0.0012,0.01,0.0022,0.1107,0.0601,0.007,0.0507,0.0075,0.121889451662629,0.1817
2026,,"Esmerlyn Valdez","PIT",4,"batx,steamer,oopsy,atc",9,16.9826555555556,0.935619066899163,0.0503082452121921,0.0270269512470209,0.00151060302691135,0.00840693110470385,0.00108894134721935,0.137874747748564,0.0709650353854182,0.0210643795921057,0.0758597647318475,0.0042623093741178,0.147362054308608,0.188182992960756
2026,,"Esmil Valencia","MIA",2,"steamer,oopsy",5,1,0.97476,0.01692,0.01064,0.00108,0.004,0.00608,0.07476,0.0336,0.00588,0.03188,0.01916,0.07669580204358,0.09168
2026,,"Esmith Pineda","CIN",2,"steamer,oopsy",5,1,0.96744,0.02384,0.01144,0.00048,0.0044,8e-04,0.06896,0.03324,0.00692,0.03216,0.00272,0.0712809063094352,0.0928
2026,,"Esnaider Vargas","WSN",1,"steamer",2,1,0.9496,0.0296,0.016,0.0014,0.01,0.0028,0.1363,0.0604,0.0125,0.0624,0.0094,0.143534119629318,0.1659
2026,,"Estanlin Cassiani",,1,"steamer",2,1,0.9372,0.041,0.0241,0.0022,0.011,0.0036,0.1797,0.0764,0.0111,0.0736,0.0119,0.191741357234315,0.2207
2026,,"Estarling Mercado","NYM",2,"steamer,oopsy",5,1,0.96312,0.02816,0.0102,8e-04,0.0044,0.00128,0.06496,0.03504,0.00832,0.0336,0.00428,0.0674474624138217,0.09312
2026,,"Esteban González","CLE",2,"steamer,oopsy",5,1,0.97072,0.02056,0.01508,0.00096,0.0044,0.00332,0.0788,0.03616,0.00696,0.035,0.01068,0.0811768584143728,0.09936
2026,,"Esteban Mejia","TEX",2,"steamer,oopsy",5,1,0.96604,0.02604,0.01112,0.00096,0.0036,0.00184,0.06836,0.03308,0.00548,0.03052,0.006,0.0707631153989483,0.0944
2026,,"Esteban Romero","HOU",1,"steamer",2,1,0.9241,0.0551,0.0169,0.0018,0.01,0.0026,0.1514,0.0706,0.0096,0.0646,0.0088,0.163835082783249,0.2065
2026,,"Esterling Rodriguez","PHI",1,"steamer",2,1,0.9261,0.0531,0.0162,0.0016,0.01,0.0034,0.1297,0.0662,0.0118,0.0622,0.0114,0.140049670661916,0.1828
2026,,"Estivel Morillo","CLE",1,"steamer",2,1,0.9238,0.0554,0.0157,0.0013,0.01,0.0036,0.124,0.0616,0.0097,0.0567,0.0119,0.134228187919463,0.1794
2026,,"Estiven Giron",,1,"steamer",2,1,0.9212,0.058,0.0147,0.0013,0.01,0.0028,0.1232,0.0635,0.0104,0.0584,0.0092,0.133738601823708,0.1812
2026,,"Estiven Machado",,1,"steamer",2,1,0.9152,0.063,0.03,0.0027,0.011,0.0041,0.1733,0.0792,0.0081,0.07,0.0131,0.189357517482518,0.2363
2026,,"Estivenzon Montero","NYY",1,"steamer",2,1,0.9318,0.0484,0.0153,0.0012,0.009,0.0027,0.1323,0.0691,0.0174,0.0694,0.0089,0.141983258209916,0.1807
2026,,"Estuar Suero","PIT",2,"steamer,oopsy",5,1,0.96836,0.02372,0.00632,0.00052,0.0036,0.0016,0.04944,0.02564,0.00452,0.0238,0.00524,0.0510553926225784,0.07316
2026,,"Ethan Anderson","BAL",2,"steamer,oopsy",5,1,0.9602,0.03228,0.0156,0.00116,0.0032,0.00212,0.0806,0.03972,0.00628,0.03552,0.00708,0.0839408456571548,0.11288
2026,,"Ethan Frey","HOU",2,"steamer,oopsy",5,1,0.96684,0.02484,0.00916,0.00076,0.004,0.00216,0.06728,0.03452,0.00808,0.03344,0.00708,0.0695875222373919,0.09212
2026,,"Ethan Hearn","CHC",2,"steamer,oopsy",5,1,0.96808,0.0232,0.01376,0.0014,0.0044,0.00116,0.06988,0.03564,0.0084,0.03552,0.00384,0.0721841170151227,0.09308
2026,,"Ethan Hedges","COL",1,"oopsy",3,1,1,0,0,0,0,0,0,0,0,0,0,0,0
2026,,"Ethan Lege",,2,"steamer,oopsy",5,1,0.97048,0.0204,0.00872,0.00068,0.0048,0.00136,0.06352,0.02984,0.00516,0.0284,0.00448,0.0654521473909818,0.08392
2026,,"Ethan Long","SDP",2,"steamer,oopsy",5,1,0.96564,0.02644,0.00912,0.00068,0.0036,0.00076,0.06268,0.03252,0.00804,0.03196,0.00256,0.0649103185452135,0.08912
2026,,"Ethan Murray","MIL",3,"batx,steamer,oopsy",8,20.455725,0.88485295458776,0.0751791441859255,0.0501483641924079,0.00150456682336796,0.00596132129511152,0.00211154431967149,0.165342796292507,0.0816995184252447,0.00993513131151992,0.0798178558902939,0.00854840122543344,0.186859065605468,0.240521940478432
2026,,"Ethan O'Donnell","MIA",2,"steamer,oopsy",5,1,0.95988,0.0314,0.0134,0.00184,0.0044,0.00232,0.0792,0.0382,0.00716,0.03548,0.00808,0.0825103137892237,0.1106
2026,,"Ethan Petry","WSN",1,"oopsy",3,1,1,0,0,0,0,0,0,0,0,0,0,0,0
2026,,"Ethan Salas","SDP",2,"steamer,oopsy",5,1,0.96004,0.03204,0.0164,0.00104,0.0036,0.00172,0.0756,0.03828,0.00704,0.03528,0.0056,0.0787467188867131,0.10764
2026,,"Ethan Wagner","HOU",1,"oopsy",3,1,1,0,0,0,0,0,0,0,0,0,0,0,0
2026,,"Ethan Wilson",,1,"steamer",2,3.85763,0.92523129486239,0.0550078675248793,0.0393765083743127,0.00324033149887366,0.00899516024087328,0.00534006631014379,0.196856619219573,0.0970803317062549,0.024315447567548,0.0986097681737232,0.0162016574943683,0.212764765213493,0.251864486744452
2026,,"Ethan Workinger","ATL",2,"steamer,oopsy",5,1.092452,0.96464061471981,0.028234223843136,0.0154979571613071,0.00142958095408283,0.00279418095570736,0.00168950476391608,0.0810962286679717,0.0409704905249649,0.00932476667776758,0.0400282667143194,0.00519847619666485,0.0840688515810906,0.109330452511108
2026,,"Euiji Yang",,1,"steamer",2,1,0.9092,0.068,0.0387,0.0021,0.012,0.0023,0.2346,0.1075,0.0235,0.1055,0.0075,0.258029036515618,0.3026
2026,,"Euri Rosa","LAD",1,"steamer",2,1,0.9316,0.0466,0.0144,0.0011,0.011,0.0028,0.1309,0.071,0.0169,0.0709,0.0093,0.140510948905109,0.1775
2026,,"Euribiel Angeles","ATH",2,"steamer,oopsy",5,1.092452,0.970001543297621,0.0224834095505755,0.0187794952604518,0.000812261905728883,0.00318406667045722,0.00220935238358256,0.0927928001104676,0.0394109476659654,0.00422376190979019,0.0354796000422376,0.00714790477041417,0.0956625283244487,0.115276209661043
2026,,"Evan Edwards",,2,"steamer,oopsy",5,1,0.95688,0.0344,0.01216,0.00136,0.0044,0.00136,0.06972,0.03968,0.0112,0.0388,0.00468,0.0728618008527715,0.10412
2026,,"Evan Estevez","SFG",1,"steamer",2,1,0.9277,0.0525,0.018,0.0018,0.009,0.0028,0.1388,0.0658,0.0114,0.0627,0.0093,0.149617333189609,0.1913
2026,,"Evan Mendoza",,1,"steamer",2,1,0.8872,0.093,0.0344,0.0034,0.009,0.0055,0.1947,0.0928,0.0088,0.077,0.0186,0.219454463480613,0.2877
2026,,"Evan Skoug",,1,"steamer",2,1,0.8842,0.093,0.0355,0.0033,0.012,0.004,0.1683,0.0982,0.024,0.0918,0.0133,0.190341551685139,0.2613
2026,,"Everett Cooper III","WSN",2,"steamer,oopsy",5,1,0.96568,0.026,0.01016,0.00088,0.004,0.00188,0.0668,0.02984,0.003,0.02608,0.00624,0.0691740535166929,0.0928
2026,,"Ewry Espinal",,1,"steamer",2,1,0.9092,0.07,0.015,0.0015,0.01,0.0038,0.1234,0.0693,0.0139,0.0631,0.0129,0.135723713154421,0.1934
2026,,"Eybert Sanchez","ARI",1,"steamer",2,1,0.9084,0.0718,0.0166,0.0018,0.009,0.0037,0.1471,0.0696,0.0041,0.0573,0.0122,0.161933069132541,0.2189
2026,,"Eyeksson Rojas","WSN",1,"oopsy",3,1,1,0,0,0,0,0,0,0,0,0,0,0,0
2026,,"Eyke Ugueto",,1,"steamer",2,1,0.9282,0.049,0.017,0.0016,0.012,0.0034,0.1348,0.062,0.0056,0.055,0.0111,0.14522732169791,0.1838
2026,,"Ezequiel Pagan",,2,"steamer,oopsy",5,1.07744,0.96970509383378,0.0208109919571046,0.0156166219839142,0.00197721179624665,0.00519436997319035,0.00204423592493298,0.0844839142091153,0.0392761394101877,0.00807640750670241,0.0387734584450402,0.00626675603217158,0.0871233066076859,0.10529490616622
2026,,"Ezequiel Pena","CHC",1,"steamer",2,1,0.9142,0.065,0.0186,0.002,0.01,0.004,0.1556,0.0706,0.0045,0.0592,0.0136,0.170203456574054,0.2206
2026,,"Ezequiel Surun",,1,"steamer",2,1,0.9472,0.031,0.0179,0.0016,0.011,0.0032,0.1488,0.062,0.007,0.0596,0.0106,0.157094594594595,0.1798
2026,,"Fabian Alcantara","SDP",1,"steamer",2,1,0.9252,0.054,0.0135,0.001,0.01,0.0028,0.1209,0.0678,0.0191,0.0684,0.0095,0.130674448767834,0.1749
2026,,"Fabian Cordero","BAL",1,"steamer",2,1,0.9379,0.0413,0.0149,0.001,0.01,0.0026,0.1308,0.0641,0.0126,0.0628,0.0088,0.139460496854675,0.1721
2026,,"Fabian Lopez","MIA",2,"steamer,oopsy",5,1,0.9788,0.01328,0.00712,0.00068,0.0036,0.00156,0.0546,0.02332,0.00304,0.02284,0.00516,0.0557825909276665,0.06788
2026,,"Fabian Pertuz",,1,"steamer",2,1.23113,0.926222251102646,0.0530407024440961,0.0396383809995695,0.00308659524176976,0.00999082144046526,0.0041425357192173,0.187794952604518,0.087967964390438,0.0160827857334319,0.0852062739109598,0.0135647738256723,0.202753661317197,0.240835655048614
2026,,"Facundo Velasquez","STL",2,"steamer,oopsy",5,1,0.96876,0.02292,0.00568,0.00052,0.004,0.00128,0.04672,0.02464,0.00492,0.02332,0.00416,0.0482265989512366,0.06964
2026,,"Fadriel Cruz",,1,"steamer",2,1,0.9142,0.066,0.0209,0.002,0.009,0.0043,0.1516,0.0769,0.0146,0.0715,0.0141,0.165828046379348,0.2176
2026,,"Faruk De La Cruz",,1,"steamer",2,1,0.9312,0.049,0.0156,0.0015,0.009,0.0031,0.1274,0.0611,0.0081,0.0565,0.0104,0.136812714776632,0.1764
2026,,"Feldi Tavarez","WSN",2,"steamer,oopsy",5,1,0.97592,0.01576,0.00592,0.00052,0.004,0.00136,0.0512,0.02424,0.00492,0.02416,0.0044,0.0524633166653004,0.06696
2026,,"Félix Amparo","BAL",2,"steamer,oopsy",5,1,0.97476,0.01612,0.00792,0.00084,0.0048,0.00188,0.06652,0.02964,0.00404,0.02772,0.00632,0.0682424391645123,0.08264
2026,,"Felix Cotes","TBR",2,"steamer,oopsy",5,1,0.9658,0.02588,0.00676,0.00064,0.004,0.00164,0.05548,0.02624,0.0026,0.0228,0.0054,0.0574446055083868,0.08136
2026,,"Felix Morrobel","LAA",2,"steamer,oopsy",5,1,0.97536,0.01632,0.00648,0.00064,0.004,0.00168,0.05936,0.02516,0.00288,0.0234,0.00544,0.0608595800524934,0.07568
2026,,"Felix Reyes","PHI",2,"steamer,oopsy",5,1,0.97524,0.01764,0.01972,0.0014,0.0028,0.00152,0.09304,0.0432,0.01104,0.04544,0.00508,0.0954021574176613,0.11068
2026,,"Felix Stevens",,2,"steamer,oopsy",5,1,0.95968,0.0316,0.01476,0.00128,0.0044,0.00096,0.07416,0.04096,0.01204,0.04124,0.00316,0.0772757585861954,0.10576
2026,,"Felix Tena",,2,"steamer,oopsy",5,1,0.97528,0.016,0.01092,0.001,0.0044,0.00156,0.06956,0.03084,0.0052,0.03028,0.00492,0.0713231072102371,0.08556
2026,,"Felix Valerio",,1,"steamer",2,1,0.9092,0.069,0.0386,0.0038,0.011,0.005,0.1959,0.0957,0.0178,0.0901,0.0159,0.215464144302684,0.2649
2026,,"Feliz Genao","ARI",1,"steamer",2,1,0.9224,0.0568,0.0175,0.0016,0.01,0.0023,0.1342,0.0664,0.0096,0.0611,0.0078,0.145490026019081,0.191
2026,,"Felnin Celesten","SEA",2,"steamer,oopsy",5,1,0.9702,0.02228,0.01156,0.00092,0.0032,0.00192,0.07196,0.03196,0.00416,0.02968,0.0062,0.0741702741702742,0.09424
2026,,"Fenwick Trimble","MIA",2,"steamer,oopsy",5,1,0.95584,0.03504,0.0174,0.00132,0.0048,0.004,0.0814,0.04148,0.00776,0.03756,0.0136,0.0851606963508537,0.11644
2026,,"Fernando Caldera","HOU",2,"steamer,oopsy",5,1,0.96684,0.02444,0.0088,0.00076,0.0044,0.00112,0.05388,0.02876,0.00556,0.02688,0.00368,0.0557279384386248,0.07832
2026,,"Fernando Cruz","CHC",1,"steamer",2,1,0.9462,0.033,0.0136,0.0012,0.01,0.0035,0.1226,0.0578,0.01,0.0572,0.0118,0.129570915239907,0.1556
2026,,"Fernando Gonzalez","SFG",2,"steamer,oopsy",5,1,0.97032,0.02096,0.00892,0.00092,0.0044,0.00108,0.06368,0.03032,0.00608,0.02976,0.0036,0.0656278341165801,0.08464
2026,,"Fernando Hernandez",,1,"steamer",2,1,0.9262,0.052,0.0185,0.0018,0.011,0.0037,0.1431,0.0661,0.0071,0.0593,0.0121,0.154502267328871,0.1951
2026,,"Fernando Peguero","BAL",2,"steamer,oopsy",5,1,0.96572,0.02636,0.01436,0.00128,0.0036,0.00348,0.07636,0.03592,0.00384,0.03088,0.01176,0.0790705380441536,0.10272
2026,,"Fernando Pena","SFG",1,"steamer",2,1,0.9288,0.0474,0.0147,0.0015,0.013,0.0024,0.1292,0.061,0.0087,0.0571,0.0079,0.139104220499569,0.1766
2026,,"Fernando Roquez",,1,"steamer",2,1,0.9192,0.06,0.0131,0.0013,0.01,0.0028,0.1146,0.064,0.0143,0.0608,0.0094,0.12467362924282,0.1746
2026,,"Fidel Montero","CHW",1,"steamer",2,1,0.9241,0.0551,0.0151,0.0013,0.01,0.0039,0.1301,0.0688,0.0176,0.0684,0.0128,0.140785629260902,0.1852
2026,,"Fidel Pinango",,1,"steamer",2,1,0.9442,0.035,0.0151,0.0021,0.01,0.0045,0.1346,0.062,0.01,0.0604,0.0151,0.142554543528913,0.1696
2026,,"Filippo Di Turi","MIL",2,"steamer,oopsy",5,1,0.96112,0.03176,0.00916,0.00084,0.0028,0.00116,0.06016,0.03012,0.00428,0.02668,0.00372,0.0625936407524555,0.09192
2026,,"Frailin Yan",,1,"steamer",2,1,0.9272,0.052,0.0123,0.0012,0.01,0.0034,0.1124,0.0593,0.0111,0.0558,0.0111,0.121225194132873,0.1644
2026,,"Fraimy Santa","TEX",1,"steamer",2,1,0.9362,0.043,0.0158,0.0013,0.01,0.0022,0.129,0.0619,0.011,0.0601,0.0073,0.137791070284127,0.172
2026,,"Frainner Chirinos","BAL",1,"steamer",2,1,0.932,0.0462,0.0132,0.0013,0.011,0.0031,0.1187,0.0613,0.0113,0.058,0.0105,0.127360515021459,0.1649
2026,,"Frainyer Chavez","TEX",2,"steamer,oopsy",5,1.78446,0.959252317511778,0.0332438410752579,0.0136433480235719,0.000878037249041757,0.00320145889265995,0.00214781419380984,0.0768755382199483,0.0361751346605204,0.00430913665298955,0.0312716343312564,0.00629485166236091,0.0801411024154283,0.110119379295206
2026,,"Fran Alduey",,1,"steamer",2,1,0.9392,0.04,0.0258,0.0026,0.01,0.0059,0.162,0.0711,0.0085,0.0665,0.019,0.172487223168654,0.202
2026,,"Francesco Barbieri",,1,"oopsy",3,1,1,0,0,0,0,0,0,0,0,0,0,0,0
2026,,"Franchely Silverio","HOU",1,"steamer",2,1,0.9492,0.03,0.0165,0.0015,0.01,0.0026,0.135,0.0593,0.0079,0.058,0.0088,0.142225031605563,0.165
2026,,"Francis Sosa","MIL",1,"steamer",2,1,0.935,0.0432,0.0115,0.001,0.011,0.0029,0.1049,0.0589,0.0167,0.0611,0.0097,0.112192513368984,0.1481
2026,,"Francisco Acuna","SDP",2,"steamer,oopsy",5,1,0.95924,0.03084,0.01616,0.00128,0.0056,0.00232,0.07748,0.03792,0.00544,0.03348,0.00772,0.080772278053459,0.10832
2026,,"Francisco Caldera",,1,"steamer",2,1,0.9292,0.05,0.0146,0.0014,0.01,0.0028,0.1273,0.0648,0.013,0.0627,0.0095,0.13699956952217,0.1773
2026,,"Francisco Espinoza","LAD",2,"steamer,oopsy",5,1,0.96788,0.0234,0.00624,0.00052,0.0044,0.001,0.05444,0.02848,0.00444,0.02596,0.00332,0.0562466421457206,0.07784
2026,,"Francisco Garcia",,2,"steamer,oopsy",5,1,0.97568,0.0156,0.00912,0.00084,0.0044,0.00128,0.06124,0.02892,0.00616,0.0292,0.00428,0.0627664808133814,0.07684
2026,,"Francisco Hernandez",,1,"steamer",2,1,0.9212,0.059,0.0311,0.0032,0.009,0.0048,0.1792,0.082,0.0112,0.0754,0.0155,0.194528875379939,0.2382
2026,,"Francisco Loreto","PIT",2,"steamer,oopsy",5,1,0.9744,0.01688,0.00632,0.00056,0.0044,0.00112,0.0536,0.02552,0.00488,0.02528,0.00368,0.055008210180624,0.07048
2026,,"Francisco Perez","TEX",1,"steamer",2,1,0.9412,0.037,0.0154,0.0014,0.011,0.0025,0.1426,0.0711,0.0194,0.0751,0.0084,0.151508712282193,0.1796
2026,,"Francisco Toledo","NYM",1,"oopsy",3,1,1,0,0,0,0,0,0,0,0,0,0,0,0
2026,,"Francisco Urbaez","CIN",2,"steamer,oopsy",5,1.712064,0.959806629834254,0.0318830570902394,0.0193514042357274,0.00158264272559853,0.00399976979742173,0.00153947974217311,0.0898653314917127,0.0406883057090239,0.00497813075506446,0.0361993554327808,0.00466160220994475,0.0936285796517485,0.121748388581952
2026,,"Francisco Vilorio","NYY",1,"steamer",2,1,0.9318,0.0484,0.0168,0.0012,0.009,0.0026,0.1303,0.0635,0.0103,0.0597,0.0084,0.139836874865851,0.1787
2026,,"Franco Willias","SFG",1,"steamer",2,1,0.9416,0.0336,0.0186,0.002,0.014,0.0031,0.1512,0.0653,0.0096,0.0639,0.0103,0.160577740016992,0.1848
2026,,"Frandy Duran",,1,"steamer",2,1,0.9322,0.047,0.0144,0.0014,0.01,0.0031,0.1321,0.0643,0.0119,0.062,0.0104,0.14170778802832,0.1791
2026,,"Frandy Guillen","BAL",1,"steamer",2,1,0.9457,0.0335,0.0148,0.0016,0.01,0.0025,0.1373,0.0629,0.0105,0.0619,0.0084,0.145183461985831,0.1708
2026,,"Frandy Lafond","MIL",1,"steamer",2,1,0.9169,0.0613,0.0145,0.0013,0.011,0.0033,0.1178,0.0632,0.0117,0.0584,0.0108,0.128476387828553,0.1791
2026,,"Frank Hernandez",,1,"steamer",2,1,0.9302,0.049,0.0212,0.002,0.01,0.0037,0.1593,0.072,0.0104,0.0677,0.012,0.171253493872286,0.2083
2026,,"Frank Mieses","CHW",1,"steamer",2,1,0.9311,0.0471,0.0142,0.0012,0.011,0.0027,0.1316,0.064,0.014,0.0634,0.009,0.141338202126517,0.1787
2026,,"Frank Rodriguez","LAD",2,"steamer,oopsy",5,1,0.96512,0.02656,0.01472,0.00096,0.004,8e-04,0.07388,0.0384,0.00784,0.037,0.00268,0.0765500663129974,0.10044
2026,,"Frankeli Mesta","PIT",1,"steamer",2,1,0.9259,0.0543,0.0163,0.0018,0.009,0.0023,0.1394,0.0644,0.0084,0.0596,0.0077,0.150556215574036,0.1937
2026,,"Frankie Tostado",,1,"steamer",2,1,0.9222,0.059,0.0402,0.0037,0.008,0.0035,0.2154,0.1046,0.0277,0.1077,0.0114,0.233571893298634,0.2744
2026,,"Franklin Arias","BOS",2,"steamer,oopsy",5,1,0.96688,0.0252,0.01984,0.00112,0.0036,0.00208,0.0946,0.04128,0.00568,0.03844,0.00648,0.0978404765844779,0.1198
2026,,"Franklin Primera","BOS",1,"steamer",2,1,0.9122,0.064,0.0186,0.0016,0.013,0.0022,0.1497,0.0724,0.0094,0.0645,0.0073,0.164108748081561,0.2137
2026,,"Franklin Rojas","TOR",1,"steamer",2,1,0.9144,0.0618,0.0151,0.0012,0.013,0.0021,0.1283,0.0663,0.0095,0.0591,0.0069,0.140310586176728,0.1901
2026,,"Franyer Noria",,2,"steamer,oopsy",5,1,0.96888,0.0216,0.00736,0.00068,0.0052,0.00172,0.05836,0.02672,0.00216,0.02316,0.00568,0.0602344975641978,0.07996
2026,,"Franyerber Montilla","DET",2,"steamer,oopsy",5,1,0.96384,0.02784,0.01084,0.00092,0.004,0.00304,0.06536,0.0318,0.00412,0.02768,0.00988,0.0678120849933599,0.0932
2026,,"Fraymi De Leon","BOS",2,"steamer,oopsy",5,1,0.97048,0.0208,0.01096,0.00092,0.0044,0.00292,0.06648,0.03004,0.00288,0.02656,0.00932,0.0685021844860275,0.08728
2026,,"Fredderick Ovalle","PIT",1,"steamer",2,1,0.9178,0.0624,0.0204,0.0015,0.009,0.0053,0.1477,0.0683,0.0055,0.0587,0.0176,0.160928306820658,0.2101
2026,,"Freddy Zamora","MIL",2,"steamer,oopsy",5,1.417608,0.955886928699328,0.0354008277805501,0.0144812673065821,0.000645786244752987,0.00440308803240673,0.00238745217757165,0.0735022162209763,0.0357530748231426,0.00410954883024628,0.0304302306239665,0.0075928806958836,0.0768942581116686,0.108903044001526
2026,,"Frederi Montero","MIL",2,"steamer,oopsy",5,1,0.96996,0.02172,0.0066,0.00064,0.004,0.00112,0.05388,0.0254,0.00336,0.0234,0.00368,0.0555486824198936,0.0756
2026,,"Frederick Bencosme","BAL",2,"steamer,oopsy",5,4.88076,0.964170848167148,0.0287201338080154,0.0150178940188191,0.000990478326278511,0.00279950289200983,0.00241452452368271,0.0804716919425523,0.0389463553200834,0.00639138844504247,0.0355338771619993,0.00803221857800951,0.0834620670138761,0.109191825750568
2026,,"Frederik Jimenez","BOS",2,"steamer,oopsy",5,1,0.96808,0.0236,0.00944,0.00072,0.004,0.00148,0.06236,0.03152,0.00676,0.03048,0.0048,0.0644161639533923,0.08596
2026,,"Freider Rojas","MIL",1,"steamer",2,1,0.9148,0.0654,0.013,0.0015,0.009,0.003,0.1142,0.0604,0.0083,0.0534,0.0098,0.124836029733275,0.1796
2026,,"Freiker Betencourt","CHC",1,"steamer",2,1,0.9172,0.062,0.0168,0.0021,0.01,0.0035,0.1368,0.0693,0.0105,0.0626,0.0116,0.149149585695595,0.1988
2026,,"Freili Encarnacion","BOS",2,"steamer,oopsy",5,1,0.97488,0.0152,0.01268,0.001,0.0056,0.00156,0.07572,0.03564,0.00892,0.037,0.00504,0.07767109798129,0.09092
2026,,"Freilyn Rodriguez","CLE",1,"steamer",2,1,0.9288,0.0504,0.0133,0.001,0.01,0.0028,0.1158,0.0575,0.0092,0.0538,0.0095,0.124677002583979,0.1662
2026,,"Freuddy Batista","HOU",2,"steamer,oopsy",5,1,0.96804,0.02244,0.01796,0.001,0.0052,6e-04,0.08212,0.04076,0.0104,0.0416,0.00208,0.0848312053220941,0.10456
2026,,"Freylin Minyety",,1,"steamer",2,1,0.9072,0.071,0.0379,0.0036,0.011,0.0049,0.2048,0.0922,0.0101,0.0815,0.0156,0.225749559082892,0.2758
2026,,"Gabe Matthews",,1,"steamer",2,1,0.8702,0.104,0.0342,0.003,0.015,0.0035,0.1749,0.1031,0.0255,0.0949,0.0116,0.200988278556654,0.2789
2026,,"Gabriel Araujo",,1,"steamer",2,1,0.9272,0.05,0.0175,0.0016,0.012,0.0036,0.1443,0.0681,0.0104,0.0635,0.012,0.155629853321829,0.1943
2026,,"Gabriel Azocar","PHI",1,"steamer",2,1,0.9431,0.0361,0.0138,0.0013,0.01,0.0024,0.1248,0.0587,0.0096,0.0576,0.0079,0.132329551479164,0.1609
2026,,"Gabriel Cancel",,1,"steamer",2,1,0.8964,0.0828,0.0389,0.0032,0.01,0.0042,0.1873,0.1026,0.0254,0.0988,0.0142,0.208946898705935,0.2701
2026,,"Gabriel Cesa","ATL",1,"steamer",2,1,0.9305,0.0487,0.0147,0.0018,0.01,0.0031,0.1309,0.0638,0.0095,0.0593,0.0101,0.140677055346588,0.1796
2026,,"Gabriel Davalillo","LAA",1,"steamer",2,1,0.9264,0.0528,0.0162,0.0014,0.01,0.0023,0.1466,0.0728,0.0184,0.0731,0.0077,0.158246977547496,0.1994
2026,,"Gabriel Flores","PHI",1,"steamer",2,1,0.9391,0.0381,0.0143,0.0013,0.012,0.0032,0.1233,0.0603,0.0103,0.0584,0.0107,0.13129592162709,0.1614
2026,,"Gabriel Gomes",,1,"steamer",2,1,0.9162,0.061,0.0147,0.0015,0.012,0.003,0.1313,0.0676,0.0114,0.0618,0.0099,0.143309321108928,0.1923
2026,,"Gabriel Gonzalez","MIN",4,"batx,steamer,oopsy,atc",9,46.7620666666667,0.914048543336198,0.0551479793663003,0.0511766443597885,0.00145321837747321,0.017302277758405,0.00170912706564782,0.239574025490883,0.111692355271543,0.021272880723609,0.109317907361452,0.00651093181588261,0.262102081161312,0.294722004857183
2026,,"Gabriel Guanchez","SEA",1,"steamer",2,1,0.9434,0.0368,0.0154,0.001,0.009,0.0019,0.1211,0.061,0.0151,0.064,0.0062,0.128365486538054,0.1579
2026,,"Gabriel Lara","NYY",2,"steamer,oopsy",5,1,0.97192,0.01976,0.00616,0.00052,0.004,0.00168,0.05564,0.02812,0.0058,0.02708,0.00552,0.0572475100831344,0.0754
2026,,"Gabriel Lopez","COL",1,"steamer",2,1,0.9286,0.0506,0.0166,0.0018,0.01,0.0026,0.1333,0.0638,0.0097,0.0592,0.0087,0.143549429248331,0.1839
2026,,"Gabriel Martinez",,2,"steamer,oopsy",5,2.566224,0.967290807151169,0.0248028708834802,0.0171374166931133,0.00105786522796996,0.00359674177509785,0.000968353554834037,0.081309148906737,0.037879712586155,0.00705514732807656,0.0366672362864048,0.00317359568390987,0.0840586391451459,0.106112019790217
2026,,"Gabriel Moncada",,2,"steamer,oopsy",5,1,0.96648,0.0256,0.01268,8e-04,0.0036,8e-04,0.0676,0.03288,0.00612,0.03132,0.0026,0.0699445410148167,0.0932
2026,,"Gabriel Rincones Jr.","PHI",4,"batx,steamer,oopsy,atc",9,41.8331333333333,0.886556240804807,0.0918724375278657,0.0456232114019599,0.00142618323853119,0.00713806681538981,0.00372667751402854,0.194013274956665,0.112736681760518,0.027807582148938,0.107047109074488,0.0271324328523517,0.218839218570658,0.28588571248453
2026,,"Gabriel Rodriguez","CLE",2,"steamer,oopsy",9,1,0.941288888888889,0.0435111111111111,0.0141555555555556,0.00128888888888889,0.008,0.0024,0.0949333333333333,0.0487555555555556,0.00875555555555556,0.0448666666666667,0.00793333333333333,0.100854620142594,0.138444444444444
2026,,"Gabriel Silva","KCR",2,"steamer,oopsy",5,1,0.97284,0.01884,0.0088,8e-04,0.004,0.00108,0.05836,0.03008,0.00776,0.03072,0.00356,0.0599893096500966,0.0772
2026,,"Gabriel Terrero",,2,"steamer,oopsy",5,1,0.97288,0.0188,0.00724,0.00064,0.004,0.00172,0.05956,0.02804,0.00488,0.02684,0.00576,0.0612202943836856,0.07836
2026,,"Gage Miller","MIA",2,"steamer,oopsy",5,1,0.95788,0.033,0.0162,0.00136,0.0048,0.00244,0.07788,0.03692,0.00452,0.03236,0.00804,0.0813045475424897,0.11088
2026,,"Garret Forrester","MIA",2,"steamer,oopsy",5,1,0.95224,0.03784,0.01036,0.00084,0.0056,0.0014,0.06308,0.03224,0.00376,0.02672,0.0048,0.0662438040830043,0.10092
2026,,"Garret Guillemette","HOU",2,"steamer,oopsy",5,1,0.96364,0.02764,0.0152,0.00072,0.0044,0.00104,0.07608,0.03988,0.01036,0.03976,0.00332,0.0789506454692624,0.10372
2026,,"Garrett Frechette",,1,"steamer",2,1,0.9422,0.036,0.0277,0.0025,0.011,0.0033,0.1788,0.0794,0.0162,0.0807,0.011,0.189768626618552,0.2148
2026,,"Garrett Howe","CLE",2,"steamer,oopsy",5,1,0.96752,0.02456,0.00984,0.00068,0.0036,0.00344,0.06456,0.02956,0.00312,0.02572,0.01104,0.0667273027947743,0.08912
2026,,"Garrett Martin","NYY",2,"steamer,oopsy",5,1,0.96508,0.0246,0.01456,0.0012,0.006,0.00248,0.07288,0.03964,0.01044,0.03904,0.00852,0.0755170555808845,0.09748
2026,,"Garrett Pennington","DET",2,"steamer,oopsy",5,1,0.97232,0.01856,0.01484,0.00072,0.0048,0.00124,0.07984,0.03664,0.00856,0.03736,0.00404,0.0821128846470298,0.0984
2026,,"Garrett Spain","MIN",2,"steamer,oopsy",5,2.221704,0.963933245524461,0.0277633896198073,0.0145624602270205,0.00146019248888823,0.00399579701351171,0.00183510677657575,0.0698425853299986,0.0375506257615446,0.00939258952311889,0.0368501280134969,0.00567304514264009,0.0724558320343006,0.0976059749498059
2026,,"Garrett Whitley",,1,"steamer",2,1,0.8742,0.104,0.0386,0.0038,0.011,0.0048,0.1853,0.1073,0.0265,0.0996,0.0163,0.21196522534889,0.2893
2026,,"Garrett Wolforth",,1,"steamer",2,1,0.9152,0.064,0.0386,0.0034,0.01,0.0039,0.1828,0.0939,0.0225,0.0929,0.0128,0.199737762237762,0.2468
2026,,"Gavin Collins",,2,"steamer,oopsy",5,1,0.96288,0.0284,0.01468,0.00144,0.0044,0.00108,0.0788,0.03812,0.00704,0.03604,0.00344,0.0818378198737122,0.1072
2026,,"Gavin Conticello","ARI",2,"steamer,oopsy",5,1,0.96096,0.03072,0.01872,0.00216,0.004,0.00128,0.08516,0.04176,0.00736,0.0394,0.00404,0.0886197136197136,0.11588
2026,,"Gavin Cross","KCR",2,"steamer,oopsy",5,2.221704,0.967208812458994,0.0252771159225111,0.0171572617444367,0.00135166466876816,0.00319663761080937,0.00277239249579455,0.0815833222338972,0.0417832107462274,0.0103298752423377,0.0412504378110925,0.0101325519330285,0.0843492337776399,0.106860438156408
2026,,"Gavin Dugas","WSN",2,"steamer,oopsy",5,1,0.96244,0.02484,0.011,0.00064,0.0084,0.0012,0.0622,0.0298,0.00404,0.02636,0.00396,0.0646274053447488,0.08704
2026,,"Gavin Logan","ARI",2,"steamer,oopsy",5,1,0.9558,0.03508,0.0146,0.00148,0.0048,0.00088,0.06648,0.037,0.00724,0.03392,0.00284,0.0695543000627746,0.10156
2026,,"Gavin Turley","ATH",2,"steamer,oopsy",5,1,0.9716,0.02008,0.00944,0.00064,0.004,0.00108,0.06436,0.03252,0.00824,0.03268,0.00356,0.0662412515438452,0.08444
2026,,"Geisel Cepeda",,1,"steamer",2,1,0.9071,0.0711,0.04,0.0031,0.011,0.0048,0.2104,0.0998,0.0172,0.0929,0.0157,0.23194796604564,0.2815
2026,,"Geomaikel Martinez","BOS",1,"steamer",2,1,0.9412,0.038,0.0179,0.0018,0.01,0.0029,0.1458,0.0655,0.0103,0.0639,0.0097,0.154908627284318,0.1838
2026,,"Geonchang Seo",,1,"steamer",2,1,0.9092,0.071,0.0397,0.0037,0.009,0.0049,0.2052,0.0912,0.0088,0.0803,0.0149,0.225692916849978,0.2762
2026,,"George Feliz","SEA",2,"steamer,oopsy",5,1,0.9726,0.01908,0.00832,8e-04,0.004,0.001,0.05932,0.02912,0.00664,0.0294,0.00328,0.0609911577215711,0.0784
2026,,"George Lombard Jr.","NYY",2,"steamer,oopsy",5,1,0.95016,0.04032,0.016,0.00128,0.0052,0.00328,0.0698,0.03876,0.00496,0.03148,0.01096,0.0734613117790688,0.11012
2026,,"George Wolkow","CHW",2,"steamer,oopsy",5,1,0.96684,0.02484,0.0088,0.00068,0.004,0.002,0.06448,0.0332,0.009,0.03316,0.0068,0.0666914898018287,0.08932
2026,,"Geovanny Planchart","TOR",2,"steamer,oopsy",5,1,0.957,0.03508,0.01036,0.00072,0.0036,0.00084,0.06332,0.03376,0.0056,0.02984,0.00272,0.0661650992685475,0.0984
2026,,"Geraldi Diaz",,1,"steamer",2,1,0.9122,0.067,0.025,0.0023,0.01,0.0036,0.1494,0.0755,0.0146,0.0705,0.0119,0.163779872834905,0.2164
2026,,"Geraldo Quintero","ATL",2,"steamer,oopsy",5,2.161828,0.955890661455679,0.0350051350084644,0.0133177276883242,0.00218205845970235,0.00480462637371081,0.00587004458877674,0.0754398051513995,0.0398302501940034,0.0055012459758693,0.0335811625864052,0.0164525158980374,0.0789209563325119,0.110444940159864
2026,,"Gerardo Rodriguez","BOS",2,"steamer,oopsy",5,1,0.97168,0.0204,0.0112,0.00096,0.0036,0.0012,0.07388,0.03344,0.006,0.03256,0.00404,0.0760332619792524,0.09428
2026,,"German Guilarte",,1,"steamer",2,1,0.9302,0.049,0.0148,0.0014,0.01,0.0028,0.1221,0.0599,0.0087,0.0557,0.0092,0.131262094173296,0.1711
2026,,"German Ortiz","ATH",2,"steamer,oopsy",5,1,0.968,0.02408,0.00924,0.00072,0.0036,0.00092,0.06348,0.03072,0.00508,0.02824,0.00312,0.0655785123966942,0.08756
2026,,"German Ramirez","HOU",2,"steamer,oopsy",5,1,0.97364,0.01804,0.00908,8e-04,0.004,0.0014,0.0604,0.0272,0.00308,0.02504,0.00452,0.0620352491680703,0.07844
2026,,"Gery Holguin","MIL",2,"steamer,oopsy",5,1,0.96592,0.02616,0.00816,0.00072,0.0036,0.00112,0.05364,0.02776,0.00512,0.02592,0.00368,0.0555325492794434,0.0798
2026,,"Geuri Lubo","CHC",1,"steamer",2,1,0.9412,0.038,0.0166,0.0016,0.01,0.0037,0.1411,0.0634,0.0086,0.0606,0.0122,0.149915002124947,0.1791
2026,,"Geury Estevez",,1,"steamer",2,1,0.9242,0.052,0.0179,0.0016,0.013,0.0028,0.1526,0.0715,0.0115,0.067,0.0095,0.165115775806103,0.2046
2026,,"Geyber Blanco",,1,"steamer",2,1,0.9482,0.03,0.0215,0.0017,0.011,0.003,0.1482,0.0622,0.0066,0.0598,0.01,0.156296140054841,0.1782
2026,,"Ghordy Santos",,1,"steamer",2,1,0.9192,0.061,0.0279,0.0029,0.009,0.0043,0.1723,0.0844,0.0177,0.0815,0.0138,0.187445604873803,0.2333
2026,,"Gian Zapata","ARI",2,"steamer,oopsy",5,1,0.97016,0.02112,0.00692,0.00072,0.0044,0.00132,0.0536,0.02784,0.00572,0.02696,0.00436,0.0552486187845304,0.07472
2026,,"Gilbert Lara",,1,"steamer",2,1,0.9322,0.048,0.0384,0.0037,0.009,0.0042,0.2012,0.0891,0.0148,0.0866,0.0137,0.215833512121862,0.2492
2026,,"Gilberto Jimenez",,1,"steamer",2,1,0.9392,0.04,0.0302,0.0029,0.01,0.005,0.1857,0.0826,0.0161,0.0826,0.0152,0.197721465076661,0.2257
2026,,"Gilberto Rojas",,1,"steamer",2,1,0.9362,0.043,0.0154,0.0015,0.01,0.0031,0.1316,0.0631,0.0111,0.0612,0.0105,0.140568254646443,0.1746
2026,,"Gio Cueto","LAD",2,"steamer,oopsy",5,1,0.96708,0.0238,0.00828,6e-04,0.0048,0.00104,0.0594,0.0312,0.00568,0.02912,0.00352,0.0614220126566572,0.0832
2026,,"Giomar Ubiera","NYM",1,"steamer",2,1,0.9088,0.0694,0.0131,0.0012,0.011,0.0038,0.1113,0.0623,0.0076,0.052,0.0124,0.122469190140845,0.1807
2026,,"Gionti Turner",,1,"steamer",2,1,0.9182,0.059,0.0354,0.0033,0.012,0.006,0.1842,0.0853,0.0115,0.0776,0.0191,0.200609888913091,0.2432
2026,,"Giullianno Allende",,2,"steamer,oopsy",5,1,0.97088,0.0208,0.00832,0.00084,0.004,0.00208,0.05948,0.02928,0.0056,0.02792,0.00688,0.0612640079103494,0.08028
2026,,"Givian Sirvania","BOS",1,"steamer",2,1,0.9232,0.054,0.018,0.0021,0.012,0.004,0.1416,0.0657,0.0057,0.0573,0.0134,0.153379549393414,0.1956
2026,,"GJ Hill","COL",2,"steamer,oopsy",5,1,0.96588,0.025,0.01584,0.00244,0.0048,0.00276,0.07928,0.04104,0.01036,0.04024,0.01004,0.0820805897212904,0.10428
2026,,"Gleider Figuereo","TEX",2,"steamer,oopsy",5,1,0.96764,0.02444,0.00944,6e-04,0.0036,0.00088,0.06656,0.03544,0.0108,0.0368,0.00284,0.0687859121160762,0.091
2026,,"Glenn Santiago",,1,"steamer",2,1,0.9072,0.072,0.0369,0.0033,0.01,0.004,0.1943,0.0976,0.0218,0.0943,0.0132,0.214175485008818,0.2663
2026,,"Grant Lavigne",,1,"steamer",2,9.70226,0.878228371534055,0.098997553147411,0.032961392500304,0.00466901526036202,0.01199720477497,0.00422581955132103,0.184936293193545,0.103594420269092,0.0248086528293408,0.0962765376314384,0.0127599136695986,0.210578818890245,0.283933846340956
2026,,"Grant Magill","CHW",2,"steamer,oopsy",5,1,0.97124,0.02044,0.00824,0.00064,0.004,0.00112,0.06136,0.02796,0.0048,0.02688,0.00368,0.0631769696470491,0.0818
2026,,"Grant Richardson","MIA",2,"steamer,oopsy",5,1.78446,0.966330648565591,0.0257602620603482,0.01491312496834,0.00108066122958986,0.00360670685375614,0.00220184725528933,0.0754841868868514,0.0385390811002482,0.0108336288266383,0.0393901018185502,0.00728095503436165,0.0781142427790106,0.1012444489472
2026,,"Grant Smith",,2,"steamer,oopsy",5,1,0.98168,0.0096,0.00656,0.00056,0.0044,0.00112,0.0548,0.02312,0.00308,0.02304,0.00376,0.0558226713389292,0.0644
2026,,"Grant Witherspoon",,1,"steamer",2,1,0.8932,0.087,0.0341,0.0036,0.009,0.0046,0.1758,0.0968,0.0232,0.0917,0.0141,0.196820420958352,0.2628
2026,,"Graysen Tarlow","STL",2,"steamer,oopsy",5,1,0.95572,0.03476,0.01404,0.00104,0.0052,0.0012,0.07696,0.03684,0.00532,0.03264,0.00384,0.0805256769765203,0.11172
2026,,"Gregori Arias","MIA",1,"steamer",2,1,0.9208,0.0574,0.0153,0.0016,0.011,0.0037,0.1223,0.0596,0.0069,0.0529,0.0125,0.132819287576021,0.1797
2026,,"Gregori Cano",,1,"steamer",2,1,0.9302,0.049,0.0148,0.0014,0.01,0.0034,0.1301,0.0649,0.0126,0.0625,0.0113,0.139862395183831,0.1791
2026,,"Gregory Barrios","TBR",2,"steamer,oopsy",5,1,0.97064,0.02104,0.01644,0.00108,0.004,0.00484,0.08468,0.03532,0.00252,0.03096,0.01628,0.0872414077309816,0.10572
2026,,"Gregory Duran","MIN",1,"steamer",2,1,0.919,0.0602,0.0225,0.0021,0.01,0.0032,0.1509,0.0776,0.0175,0.0753,0.0104,0.164200217627856,0.2111
2026,,"Grenyerbert Velasquez",,1,"steamer",2,1,0.9272,0.052,0.0163,0.0016,0.01,0.0034,0.1343,0.0632,0.0073,0.0569,0.0114,0.144844693701467,0.1863
2026,,"Greyber Altamirano",,1,"steamer",2,1,0.9402,0.039,0.0166,0.0017,0.01,0.0033,0.1372,0.0612,0.0072,0.0576,0.011,0.145926398638588,0.1762
2026,,"Greylin De La Paz","LAA",1,"steamer",2,1,0.9135,0.0657,0.0167,0.0014,0.01,0.003,0.137,0.066,0.009,0.0582,0.0097,0.149972632731253,0.2027
2026,,"Greyson Jenista",,1,"steamer",2,1,0.9122,0.067,0.0343,0.0034,0.01,0.004,0.1923,0.1088,0.0396,0.1171,0.0133,0.210809033106775,0.2593
2026,,"Griff O'Ferrall","BAL",2,"steamer,oopsy",5,1,0.9614,0.03068,0.01496,0.00168,0.0036,0.00392,0.0804,0.03832,0.00352,0.03192,0.01316,0.0836280424381111,0.11108
2026,,"Griffin Burkholder","PHI",2,"steamer,oopsy",5,1,0.97324,0.01804,0.00908,0.00084,0.0044,0.00116,0.06084,0.03092,0.00796,0.03176,0.00384,0.0625128436973409,0.07888
2026,,"Griffin Doersching",,1,"steamer",2,1,0.9092,0.071,0.0274,0.0019,0.009,0.0027,0.1651,0.0907,0.0262,0.0915,0.009,0.18158820941487,0.2361
2026,,"Griffin Lockwood-Powell","LAD",2,"steamer,oopsy",5,1.634424,0.9552121760516,0.0372767839879972,0.0138898556104653,0.000742442170715297,0.00320178186120972,0.000510428992366767,0.0716766045644726,0.0405559035753231,0.00887837095813709,0.037725342799471,0.00170142997455589,0.0750373648509697,0.10895338855247
2026,,"Guillermo Batista","DET",1,"steamer",2,1,0.9076,0.0706,0.0169,0.0015,0.011,0.0026,0.1302,0.0664,0.0084,0.0574,0.0085,0.143455266637285,0.2008
2026,,"Guillermo Rosario","PHI",2,"steamer,oopsy",5,1,0.96964,0.02204,0.0076,0.00064,0.004,0.001,0.0546,0.02768,0.00512,0.02624,0.00328,0.0563095581865435,0.07664
2026,,"Guillermo Williamson",,2,"steamer,oopsy",5,1,0.96288,0.0292,0.0102,0.00076,0.0036,0.00084,0.0664,0.036,0.0102,0.03612,0.00284,0.0689597873047524,0.0956
2026,,"Gunner Gouldsmith","ATH",2,"steamer,oopsy",5,1,0.96316,0.02852,0.01096,0.00076,0.004,0.00168,0.06384,0.03096,0.00272,0.02576,0.00544,0.0662818223348146,0.09236
2026,,"Gustavo Antunez","BOS",1,"steamer",2,1,0.9322,0.047,0.0171,0.0015,0.01,0.0029,0.1375,0.0656,0.0109,0.0627,0.0098,0.147500536365587,0.1845
2026,,"Gustavo Baptista","CLE",1,"steamer",2,1,0.9007,0.0765,0.0133,0.0011,0.012,0.0023,0.112,0.0634,0.0105,0.055,0.0075,0.124347729543688,0.1885
2026,,"Gustavo Beltran",,1,"steamer",2,1,0.9362,0.043,0.0138,0.0013,0.01,0.0028,0.126,0.0626,0.013,0.062,0.0095,0.134586626789148,0.169
2026,,"Gustavo Marquez",,2,"steamer,oopsy",5,1,0.96728,0.024,0.0058,0.00052,0.0044,0.00128,0.05012,0.0254,0.00368,0.02272,0.00428,0.0518153998842114,0.07412
2026,,"Guy Lipscomb","CLE",2,"steamer,oopsy",5,1,0.95984,0.03264,0.01684,0.00096,0.0032,0.00376,0.08264,0.03956,0.00608,0.0352,0.01304,0.0860976829471579,0.11528
2026,,"Hak-Ju Lee",,1,"steamer",2,1,0.9272,0.052,0.0331,0.0043,0.01,0.0042,0.1801,0.0823,0.0133,0.0787,0.0124,0.194240724762726,0.2321
2026,,"Hancel Almonte",,2,"steamer,oopsy",5,1,0.97568,0.0156,0.00528,0.00048,0.0044,0.00112,0.04648,0.02328,0.00488,0.02316,0.00376,0.0476385700229583,0.06208
2026,,"Handelfry Encarnacion","MIL",2,"steamer,oopsy",5,1,0.96836,0.02332,0.00992,0.00088,0.004,0.00124,0.06308,0.03084,0.00608,0.02992,0.00408,0.0651410632409434,0.0864
2026,,"Haniel German",,2,"steamer,oopsy",5,1,0.97568,0.016,0.00632,0.00052,0.004,0.00104,0.05252,0.02508,0.00496,0.02492,0.0034,0.0538291243030502,0.06852
2026,,"Hanley Ramirez","PIT",1,"steamer",2,1,0.937,0.0422,0.0134,0.0013,0.01,0.0029,0.1244,0.0584,0.0093,0.0564,0.0096,0.132764140875133,0.1666
2026,,"Hans Montero","NYY",2,"steamer,oopsy",5,1,0.96788,0.0242,0.00888,0.00072,0.0036,0.00224,0.06236,0.03172,0.00632,0.02972,0.00732,0.0644294747282721,0.08656
2026,,"Hansel Jimenez","CIN",1,"steamer",2,1,0.9409,0.0363,0.0159,0.0011,0.012,0.0031,0.1365,0.0639,0.0127,0.0636,0.0105,0.145073865447975,0.1728
2026,,"Hao-Yu  Lee","DET",3,"batx,steamer,oopsy",8,17.750425,0.888130936082218,0.0983003735624555,0.0275814488216697,0.00252053960253838,0.00747342270782926,0.00305012259236711,0.243573392495321,0.121277978135732,0.0141349416072163,0.11731778690018,0.0135214827691423,0.274253922028421,0.341873766057777
2026,,"Haritzon Castillo","MIN",1,"steamer",2,1,0.9282,0.051,0.0193,0.0017,0.01,0.0035,0.1476,0.0674,0.0078,0.0613,0.0115,0.1590174531351,0.1986
2026,,"Harold Coll","LAA",2,"steamer,oopsy",5,1,0.9674,0.02508,0.01088,8e-04,0.0032,0.00188,0.06928,0.03256,0.00628,0.03076,0.00632,0.0716146371718007,0.09436
2026,,"Harold Gonzalez","LAD",1,"steamer",2,1,0.8989,0.0803,0.0165,0.0011,0.01,0.0031,0.1357,0.0739,0.0078,0.0606,0.0103,0.15096228723996,0.216
2026,,"Harold Rivas","BOS",1,"steamer",2,1,0.9202,0.06,0.0167,0.002,0.009,0.0042,0.1398,0.0701,0.0116,0.0644,0.0138,0.151923494892415,0.1998
2026,,"Harrison Spohn",,2,"steamer,oopsy",5,1.840944,0.96369731430266,0.0292035740533014,0.0120682319266623,0.0014440619399425,0.00279787000863858,0.0016890367333256,0.063809486971209,0.0318467231398032,0.00477056176588146,0.0286362640054668,0.00513157725086708,0.0662132041089916,0.0930130610245104
2026,,"Harry Owen",,2,"steamer,oopsy",5,1,0.97048,0.0208,0.01032,0.00084,0.0044,0.00088,0.06612,0.031,0.00548,0.02988,0.00296,0.068131234028522,0.08692
2026,,"Hayden Alvarez","LAA",2,"steamer,oopsy",5,1,0.9646,0.02748,0.01004,0.00084,0.0036,0.00312,0.06924,0.03264,0.00508,0.02908,0.01024,0.0717810491395397,0.09672
2026,,"Hayden Cantrelle","CHC",2,"steamer,oopsy",5,1,0.94728,0.0424,0.01288,0.00204,0.006,0.00336,0.0662,0.03756,0.00444,0.02968,0.01188,0.0698843003124736,0.1086
2026,,"Hayden Gilliland","TOR",2,"steamer,oopsy",5,1,0.96456,0.02712,0.01012,0.00068,0.004,0.00104,0.05948,0.03168,0.0066,0.02992,0.00348,0.0616654225760969,0.0866
2026,,"Haydn McGeary","CHC",2,"steamer,oopsy",5,1.37134,0.956885420177872,0.0348069593175513,0.0127362771281147,0.000974926750849172,0.00400342261518915,0.00103715611792465,0.0724557263982161,0.0393704462364197,0.00981149687556719,0.0376902533253818,0.00352633080094381,0.0757203787102823,0.107262685715767
2026,,"Hector Campusano","BAL",1,"steamer",2,1,0.8906,0.0886,0.0157,0.0013,0.01,0.0037,0.1372,0.0723,0.0056,0.056,0.0123,0.154053447114305,0.2258
2026,,"Hector Liriano",,1,"steamer",2,1,0.9352,0.044,0.015,0.0013,0.01,0.0026,0.1248,0.0606,0.0111,0.0588,0.0085,0.133447390932421,0.1688
2026,,"Hector Nieves",,1,"steamer",2,1,0.9092,0.07,0.0371,0.0035,0.01,0.0047,0.1825,0.0896,0.0152,0.0827,0.0154,0.200725912890453,0.2525
2026,,"Hector Osorio","TEX",2,"steamer,oopsy",5,1,0.95164,0.03844,0.00884,0.001,0.0056,0.00156,0.06744,0.03556,0.00528,0.03004,0.00504,0.0708671346307427,0.10588
2026,,"Hector Ramos","BOS",1,"steamer",2,1,0.9332,0.046,0.018,0.0017,0.01,0.0024,0.1394,0.0661,0.011,0.0636,0.0079,0.149378482640377,0.1854
2026,,"Héctor Rodríguez","CIN",3,"batx,steamer,oopsy",8,15.296675,0.959605673142261,0.030522014572718,0.0283360160903586,0.00268757846239004,0.00403085359183361,0.00278329184563238,0.255517348392801,0.122501503822457,0.0177122815192487,0.124491111600454,0.0108663317860001,0.266273278226984,0.28603936296552
2026,,"Hector Salas","HOU",2,"steamer,oopsy",5,1,0.96364,0.02844,0.01132,0.00104,0.0036,0.00208,0.06756,0.03176,0.00268,0.02676,0.0068,0.0701091693993608,0.096
2026,,"Hedbert Perez","TOR",2,"steamer,oopsy",5,1,0.96136,0.03112,0.0114,0.001,0.0032,0.0014,0.06568,0.03684,0.00968,0.03592,0.00448,0.0683198801697595,0.0968
2026,,"Heins Brito","CLE",1,"steamer",2,1,0.9359,0.0433,0.0159,0.0012,0.01,0.0028,0.1331,0.0598,0.0077,0.0564,0.0095,0.142216048723154,0.1764
2026,,"Heison Sanchez",,1,"steamer",2,1,0.9202,0.059,0.0186,0.0018,0.01,0.0035,0.1437,0.0672,0.0069,0.0591,0.0115,0.156161703977396,0.2027
2026,,"Helder Rosario",,1,"steamer",2,1,0.9322,0.047,0.0129,0.0012,0.01,0.003,0.1133,0.0578,0.0101,0.0549,0.01,0.121540441965244,0.1603
2026,,"Hendry Arvelo","LAD",1,"steamer",2,1,0.9207,0.0585,0.0147,0.0013,0.01,0.003,0.1331,0.0692,0.0099,0.0621,0.0101,0.144563918757467,0.1916
2026,,"Hendry Mendez","MIN",2,"steamer,oopsy",5,1,0.94964,0.04244,0.01588,0.00176,0.0036,0.00132,0.08744,0.04356,0.00732,0.03856,0.00416,0.0920769975990902,0.12988
2026,,"Henniel Alcala","CHC",2,"steamer,oopsy",5,1,0.97088,0.0196,0.0054,0.00048,0.0052,0.00112,0.04952,0.025,0.00412,0.0234,0.00376,0.0510052735662492,0.06912
2026,,"Henry Bolte","ATH",2,"steamer,oopsy",5,1.42196,0.956766752640031,0.0337145359871527,0.016759939656431,0.00212175774976885,0.00519733320356222,0.00397099615553068,0.0818336658718186,0.0435252323714049,0.00827290865735559,0.0383862961701299,0.0145019222346586,0.0855314690294294,0.115548201858971
2026,,"Henry Ramos","KCR",2,"steamer,oopsy",5,1,0.968,0.02408,0.01004,0.00108,0.0036,0.00248,0.06524,0.03124,0.0042,0.028,0.00808,0.067396694214876,0.08932
2026,,"Herard Gonzalez",,1,"steamer",2,1,0.9082,0.072,0.0301,0.003,0.009,0.0046,0.1792,0.0851,0.0119,0.0765,0.0143,0.197313367099758,0.2512
2026,,"Heribert Silva","CLE",2,"steamer,oopsy",5,1,0.97476,0.01692,0.00656,0.00052,0.004,0.00148,0.0572,0.02684,0.00568,0.02684,0.00508,0.0586811112478969,0.07412
2026,,"Heriberto Caraballo","STL",2,"steamer,oopsy",5,1,0.96996,0.02132,0.0082,0.00068,0.0044,0.00116,0.05768,0.02752,0.00456,0.02616,0.00392,0.0594663697472061,0.079
2026,,"Heriberto Rincon","NYM",1,"steamer",2,1,0.9343,0.0459,0.0189,0.0018,0.009,0.0061,0.1571,0.0722,0.01,0.0666,0.0205,0.168147276035535,0.203
2026,,"Herlinton Herrera","COL",1,"steamer",2,1,0.9127,0.0665,0.0183,0.0019,0.01,0.0032,0.1443,0.0678,0.0059,0.0572,0.0105,0.158102333735072,0.2108
2026,,"Heudy Pena",,1,"steamer",2,1,0.9312,0.049,0.0142,0.0012,0.009,0.0029,0.1173,0.0559,0.0056,0.05,0.0097,0.125966494845361,0.1663
2026,,"Hiverson López","CLE",1,"steamer",2,1,0.9369,0.0403,0.0134,0.0011,0.012,0.0023,0.1198,0.056,0.0085,0.0538,0.0076,0.127868502508272,0.1601
2026,,"Ho-young Son",,1,"steamer",2,1,0.9352,0.04,0.0411,0.0031,0.014,0.0043,0.2273,0.0968,0.0177,0.0964,0.0131,0.243049615055603,0.2673
2026,,"Hogan Windish","SEA",2,"steamer,oopsy",5,4.099004,0.958689501355243,0.0317987633052149,0.0142120443417613,0.000850527750182623,0.00519919382772926,0.00132151892367085,0.0657650005544435,0.0354569471769681,0.00702371303376618,0.032685872894115,0.00466418443648535,0.0685988533946344,0.0975637638596583
2026,,"Hojans Hernandez",,1,"steamer",2,1,0.9262,0.053,0.0138,0.0011,0.01,0.0032,0.1141,0.0585,0.0083,0.0531,0.0108,0.12319153530555,0.1671
2026,,"Homer Bush Jr.","TBR",2,"steamer,oopsy",5,1,0.96136,0.02872,0.01312,0.00288,0.0056,0.00544,0.08732,0.03924,0.00396,0.0334,0.01908,0.0908296579845219,0.11604
2026,,"Hudson Haskin",,2,"steamer,oopsy",5,1,0.95448,0.0332,0.01376,0.00136,0.008,0.00272,0.06972,0.03748,0.00652,0.03284,0.00872,0.0730450088006035,0.10292
2026,,"Hudson Head",,2,"steamer,oopsy",5,1,0.96368,0.028,0.01352,0.00212,0.004,0.0016,0.07188,0.03784,0.00932,0.0372,0.005,0.0745890752116885,0.09988
2026,,"Hudson Potts",,1,"steamer",2,1,0.9092,0.071,0.0342,0.003,0.009,0.0033,0.1639,0.0931,0.0277,0.0945,0.0112,0.180268367795864,0.2349
2026,,"Hudson White","BOS",2,"steamer,oopsy",5,1,0.96728,0.024,0.00984,0.00116,0.0044,0.00084,0.0642,0.03128,0.00544,0.02952,0.00284,0.0663716814159292,0.0882
2026,,"Hugo Sanchez",,1,"steamer",2,1,0.9142,0.065,0.0147,0.0014,0.01,0.0032,0.1214,0.0668,0.0133,0.0617,0.0106,0.13279369940932,0.1864
2026,,"Humberto Tiberi","LAA",1,"steamer",2,1,0.9453,0.0339,0.0148,0.0013,0.01,0.0027,0.1305,0.059,0.0113,0.0592,0.009,0.138051412250079,0.1644
2026,,"Hun Gon Kim",,1,"steamer",2,1,0.9282,0.05,0.0334,0.0026,0.011,0.0039,0.2114,0.0921,0.0167,0.0901,0.0117,0.227752639517345,0.2614
2026,,"Hunter Bishop",,2,"steamer,oopsy",5,3.948968,0.966890337560705,0.024399158188433,0.0144617685209294,0.00239357318433619,0.0044001614825821,0.00205914180129521,0.0759780326357254,0.0369881109643329,0.00718549714419487,0.0353780627345499,0.00688928649064428,0.0785797827160055,0.100377190824158
2026,,"Hunter Fitz-Gerald","SEA",2,"steamer,oopsy",5,1,0.96664,0.02584,0.01684,0.00072,0.0032,0.00132,0.07728,0.03748,0.00788,0.03672,0.00444,0.0799470330216006,0.10312
2026,,"Hunter Haas","TBR",2,"steamer,oopsy",5,1,0.9654,0.02588,0.01052,0.00068,0.0044,0.0014,0.05848,0.02892,0.00444,0.02652,0.0046,0.0605759270768593,0.08436
2026,,"Hunter Stovall","PIT",2,"steamer,oopsy",5,1.312868,0.969167924496541,0.0237238871712575,0.0153969598859817,0.00139156197220243,0.0028055684923436,0.00222201024593613,0.0846383902770218,0.0363826122087118,0.00466846597125976,0.0340259346751432,0.00691292076513464,0.0873309858257943,0.108362277448279
2026,,"Hyun Seung Lee","PIT",1,"steamer",2,1,0.9118,0.0674,0.0166,0.0013,0.01,0.0037,0.1301,0.0654,0.0075,0.0567,0.0124,0.142684799298092,0.1975
2026,,"Hyungchan Um","KCR",2,"steamer,oopsy",5,1,0.9656,0.02568,0.01024,0.00064,0.0044,0.00096,0.06432,0.0316,0.0052,0.02912,0.00316,0.0666114333057167,0.09
2026,,"Ian Farrow",,2,"steamer,oopsy",5,1,0.97208,0.0196,0.00872,0.00072,0.004,0.00096,0.06076,0.03068,0.00804,0.03148,0.0032,0.0625051436095795,0.08036
2026,,"Ian Lewis Jr.","MIA",2,"steamer,oopsy",5,1,0.96912,0.02296,0.01376,0.00136,0.0036,0.0046,0.07732,0.03492,0.00468,0.03176,0.01524,0.0797837213141819,0.10028
2026,,"Ian Moller","TEX",2,"steamer,oopsy",5,1,0.95404,0.03884,0.01352,8e-04,0.0028,0.00156,0.06636,0.03596,0.00592,0.0312,0.00548,0.0695568319986583,0.1052
2026,,"Ian Petrutz","STL",2,"steamer,oopsy",5,1,0.95888,0.0304,0.0122,0.00076,0.0064,0.0016,0.07604,0.03608,0.00568,0.03272,0.00496,0.079300850992825,0.10644
2026,,"Ibrahim Ruiz",,1,"steamer",2,1,0.9532,0.025,0.0159,0.0016,0.011,0.0031,0.1373,0.0603,0.0106,0.0615,0.0103,0.144041124632816,0.1623
2026,,"Ichiro Cano","CIN",2,"steamer,oopsy",5,1,0.9622,0.02948,0.00832,6e-04,0.004,0.00108,0.05864,0.03028,0.00548,0.0274,0.00364,0.0609436707545209,0.08812
2026,,"Idalberto Santiesteban",,1,"steamer",2,1,0.9392,0.04,0.0146,0.0014,0.01,0.0034,0.134,0.0625,0.0108,0.0608,0.0113,0.14267461669506,0.174
2026,,"Ike Irish","BAL",1,"oopsy",3,1,1,0,0,0,0,0,0,0,0,0,0,0,0
2026,,"Ilan Fernandez","BOS",2,"steamer,oopsy",5,1,0.97328,0.0176,0.00708,8e-04,0.0048,0.0016,0.05944,0.02644,0.00272,0.02412,0.00536,0.0610718395528522,0.07704
2026,,"Imanol Vargas",,2,"steamer,oopsy",5,1,0.95508,0.0382,0.01624,0.00088,0.0024,0.00068,0.07544,0.04052,0.01,0.03908,0.0022,0.0789881475897307,0.11364
2026,,"Ire Garcia","HOU",1,"steamer",2,1,0.9121,0.0671,0.0151,0.0013,0.01,0.0032,0.1257,0.0665,0.009,0.058,0.0108,0.137813836202171,0.1928
2026,,"Irvin Nunez","MIN",2,"steamer,oopsy",5,1,0.96436,0.02652,0.00632,0.00052,0.0048,0.00116,0.05004,0.02648,0.00396,0.02336,0.00384,0.0518893359326393,0.07656
2026,,"Isaac De León",,1,"steamer",2,1,0.9052,0.073,0.0294,0.0026,0.011,0.0046,0.1662,0.0827,0.0122,0.0736,0.0154,0.183605832965091,0.2392
2026,,"Isaac Garcia","CIN",1,"steamer",2,1,0.9348,0.0424,0.0198,0.0013,0.012,0.0026,0.1564,0.0715,0.0131,0.07,0.0089,0.167308515190415,0.1988
2026,,"Isaac Pena",,2,"steamer,oopsy",5,1,0.96168,0.03,0.00836,0.00076,0.004,0.00168,0.05912,0.03028,0.00452,0.0266,0.0054,0.0614757507694867,0.08912
2026,,"Isaac Ponce","SDP",1,"steamer",2,1,0.9222,0.055,0.0149,0.0011,0.012,0.0021,0.1322,0.0672,0.0132,0.0639,0.0069,0.143352851875949,0.1872
2026,,"Isael Arias","NYY",2,"steamer,oopsy",5,1,0.97232,0.01896,0.00584,0.00052,0.0044,0.002,0.05244,0.02628,0.00436,0.0244,0.0068,0.0539328616093467,0.0714
2026,,"Isaiah Drake","ATL",2,"steamer,oopsy",5,1,0.96944,0.02344,0.00964,0.00152,0.0028,0.00372,0.07416,0.03472,0.00528,0.03164,0.01216,0.076497771909556,0.0976
2026,,"Isaiah Greene","BAL",1,"steamer",2,1,0.8916,0.0886,0.026,0.0025,0.009,0.0049,0.162,0.0899,0.0174,0.0797,0.0167,0.181695827725437,0.2506
2026,,"Isaias Castillo","NYY",1,"steamer",2,1,0.9379,0.0413,0.0142,0.0012,0.01,0.004,0.1228,0.0622,0.0125,0.0605,0.0134,0.130930802857448,0.1641
2026,,"Isaias Dipre",,2,"steamer,oopsy",5,1,0.97008,0.0208,0.0082,0.00064,0.0048,0.00112,0.05808,0.02932,0.00644,0.02876,0.00372,0.0598713508164275,0.07888
2026,,"Isais Chavez","MIL",1,"steamer",2,1,0.934,0.0442,0.0134,0.0012,0.011,0.0027,0.1194,0.0625,0.0156,0.0638,0.009,0.127837259100642,0.1636
2026,,"Ishel Comenencia","COL",1,"steamer",2,1,0.9266,0.0536,0.0142,0.0016,0.009,0.0026,0.1288,0.064,0.012,0.0604,0.0086,0.139002805957263,0.1824
2026,,"Isiah Gilliam",,1,"steamer",2,1,0.8748,0.1044,0.0353,0.0025,0.01,0.0059,0.1717,0.103,0.0265,0.0958,0.0193,0.196273433927755,0.2761
2026,,"Ismael Del Rosario",,1,"steamer",2,1,0.9362,0.043,0.0129,0.0012,0.01,0.0029,0.1123,0.0558,0.0093,0.0532,0.0095,0.119953001495407,0.1553
2026,,"Ismael Javier",,2,"steamer,oopsy",5,1,0.97248,0.0192,0.00684,0.00064,0.004,0.00132,0.05596,0.02636,0.00404,0.02488,0.00428,0.0575435998683778,0.07516
2026,,"Ismael Mena",,2,"steamer,oopsy",5,1,0.97168,0.0204,0.00928,0.00092,0.0036,0.0018,0.06652,0.03132,0.00604,0.03044,0.00576,0.0684587518524617,0.08692
2026,,"Ismael Munguia","TOR",2,"steamer,oopsy",5,1.800784,0.960577755866167,0.027515356633666,0.0168956281895828,0.00134578741888633,0.0075950379085664,0.00443710109395195,0.0869298724833109,0.042412290636784,0.00646244453623633,0.0377753201241855,0.0141507548401711,0.0904974864891858,0.114445229116977
2026,,"Israel Alvarez","CLE",1,"steamer",2,1,0.9349,0.0423,0.0165,0.0013,0.012,0.0022,0.1365,0.0583,0.0046,0.0532,0.0074,0.146004920312333,0.1788
2026,,"Israfell Bautista","TBR",1,"steamer",2,1,0.9226,0.0576,0.0165,0.0017,0.009,0.0082,0.1456,0.065,0.0038,0.0543,0.0287,0.157814871016692,0.2032
2026,,"Ivan Brethowr","PIT",2,"steamer,oopsy",5,1,0.94828,0.039,0.00928,0.00088,0.0084,0.00232,0.0618,0.03512,0.00576,0.02928,0.00804,0.0651706247100013,0.1008
2026,,"Ivan Cespedes","CHC",1,"steamer",2,1,0.9432,0.036,0.0132,0.0012,0.01,0.0024,0.1325,0.0666,0.0182,0.0706,0.0081,0.140479219677693,0.1685
2026,,"Ivan Johnson","CIN",2,"steamer,oopsy",5,1.816124,0.958568698586657,0.0327203475961333,0.0165641003713437,0.00123671599277705,0.00439428874029293,0.0024734319855541,0.0750055093066168,0.0406932187836109,0.00977531896418457,0.0385355440728084,0.00828862846222918,0.0782474009606272,0.10772585690275
2026,,"Ivan Luciano","ARI",1,"oopsy",3,1,1,0,0,0,0,0,0,0,0,0,0,0,0
2026,,"Ivan Melendez","ARI",2,"steamer,oopsy",5,1.78446,0.965776809685426,0.0247201256268679,0.0143998108842848,0.00135082653698732,0.00520068216740118,0.00063488847238404,0.0821707782449386,0.0431048747952654,0.0136163314928322,0.0458470526653496,0.00212079766307009,0.0850825754158493,0.106890903871807
2026,,"Ivan Sosa","KCR",2,"steamer,oopsy",5,1,0.98004,0.01164,0.00712,0.00072,0.004,0.00128,0.05492,0.02464,0.004,0.02456,0.0042,0.056038529039631,0.06656
2026,,"Ivan Torres","TBR",1,"steamer",2,1,0.9095,0.0647,0.0165,0.0013,0.015,0.0027,0.1328,0.066,0.0084,0.0583,0.0089,0.146014293567894,0.1975
2026,,"Iverson Allen","PIT",1,"steamer",2,1,0.9159,0.0603,0.014,0.0021,0.013,0.0032,0.1239,0.0633,0.009,0.0566,0.0109,0.135276776940714,0.1842
2026,,"Iverson Espinoza",,2,"steamer,oopsy",5,1,0.96928,0.022,0.00952,0.00088,0.0044,0.00132,0.06328,0.02872,0.00312,0.02584,0.0044,0.0652855727963024,0.08528
2026,,"Izaac Pacheco","DET",2,"steamer,oopsy",5,1,0.9578,0.03508,0.01272,0.0012,0.0028,6e-04,0.06708,0.03636,0.00872,0.03468,0.00196,0.0700354980162873,0.10216
2026,,"J.C. Correa",,1,"steamer",2,1.49262,0.91825112888746,0.0639814554273693,0.040800739639024,0.00328281813187549,0.00696761399418472,0.00388578472752609,0.207286516326995,0.0941297852098994,0.0148731760260482,0.0889040747142608,0.0123273170666345,0.225740551583248,0.271267971754365
2026,,"J.D. Gonzalez","TBR",2,"steamer,oopsy",5,1,0.97144,0.02064,0.00784,0.00072,0.0036,0.00088,0.05568,0.02576,0.0038,0.02448,0.00296,0.0573169727414972,0.07632
2026,,"J.D. Orr",,1,"steamer",2,1,0.8752,0.103,0.0344,0.0035,0.011,0.006,0.1805,0.0939,0.0112,0.0769,0.0204,0.206238574040219,0.2835
2026,,"J.J. D'Orazio","LAA",2,"steamer,oopsy",5,1.164992,0.968203443588582,0.0242693701857725,0.0156603987313095,0.00110444041685546,0.00320004531037608,0.000764612596284549,0.0797179429089261,0.0356252831898505,0.00657000453103761,0.0343792478477571,0.00249207068418668,0.0823359423443661,0.103987313094699
2026,,"J.P. Cabrera","STL",1,"steamer",2,1,0.9239,0.0543,0.0152,0.0014,0.011,0.0025,0.1309,0.0635,0.0099,0.0594,0.0083,0.141682000216474,0.1852
2026,,"J.R. Freethy","TOR",2,"steamer,oopsy",5,1,0.9542,0.03628,0.01092,0.00084,0.0052,0.00116,0.0652,0.0342,0.00448,0.0288,0.00392,0.0683294906728149,0.10148
2026,,"J.T. Arruda","SEA",2,"steamer,oopsy",5,1.833052,0.959887498661857,0.0325955434158494,0.0136766332644528,0.00118080989285123,0.00320505542345335,0.00233566791992552,0.0700959894635425,0.0350609706646597,0.00455455244385476,0.0305193941536934,0.00830459704862406,0.0730252134351793,0.102691532879392
2026,,"J.T. Bain","TOR",1,"steamer",2,1,0.9313,0.0469,0.0109,0.001,0.011,0.0024,0.0961,0.0543,0.0114,0.0522,0.0081,0.10318909051863,0.143
2026,,"Jace Avina","NYY",2,"steamer,oopsy",5,1,0.9586,0.03148,0.01688,0.00056,0.0056,0.00104,0.07704,0.04128,0.01012,0.03976,0.00332,0.080367202169831,0.10852
2026,,"Jace Bohrofen","TOR",2,"steamer,oopsy",5,1,0.9558,0.03588,0.01628,0.00108,0.004,0.00164,0.0724,0.041,0.01004,0.03884,0.00552,0.0757480644486294,0.10828
2026,,"Jace Grady",,2,"steamer,oopsy",5,1,0.96328,0.0292,0.0112,0.00068,0.0032,0.00176,0.06504,0.03272,0.00556,0.02988,0.0056,0.0675193090274894,0.09424
2026,,"Jack Alexander",,1,"steamer",2,1,0.9282,0.051,0.0255,0.0025,0.01,0.0034,0.1596,0.0756,0.0133,0.0726,0.0115,0.171945701357466,0.2106
2026,,"Jack Blomgren","HOU",2,"steamer,oopsy",5,1,0.95844,0.03124,0.01516,0.00152,0.006,0.00264,0.077,0.03892,0.006,0.03432,0.00896,0.0803388840198656,0.10824
2026,,"Jack Brannigan","PIT",2,"steamer,oopsy",5,1,0.95868,0.0318,0.015,0.00164,0.0052,0.00184,0.07724,0.04056,0.0096,0.03912,0.0064,0.0805691158676514,0.10904
2026,,"Jack Costello","SDP",2,"steamer,oopsy",5,1,0.96928,0.02,0.01148,6e-04,0.0064,0.00116,0.07244,0.03532,0.00852,0.03548,0.00392,0.0747358864311654,0.09244
2026,,"Jack Dunn",,1,"oopsy",3,1,1,0,0,0,0,0,0,0,0,0,0,0,0
2026,,"Jack Gurevitch","STL",1,"oopsy",3,1,1,0,0,0,0,0,0,0,0,0,0,0,0
2026,,"Jack Herman",,1,"steamer",2,1,0.9272,0.052,0.0249,0.0024,0.01,0.004,0.1634,0.0826,0.0215,0.0839,0.0131,0.176229508196721,0.2154
2026,,"Jack Hurley","ARI",2,"steamer,oopsy",5,1,0.97056,0.02112,0.0168,0.0018,0.004,0.00172,0.07712,0.03744,0.00792,0.0374,0.00528,0.0794592812396967,0.09824
2026,,"Jack Lines","TBR",2,"steamer,oopsy",5,1,0.96864,0.02144,0.0088,0.00076,0.0056,0.00148,0.05708,0.0268,0.00344,0.02448,0.00496,0.0589279814998348,0.07852
2026,,"Jack Moss","CIN",2,"steamer,oopsy",5,1,0.96544,0.02664,0.01112,0.00072,0.0036,8e-04,0.07488,0.03412,0.00564,0.0318,0.00276,0.07756049055353,0.10152
2026,,"Jack Payton","SFG",2,"steamer,oopsy",5,1,0.96044,0.03004,0.01156,0.00108,0.0052,0.00096,0.06796,0.03432,0.00664,0.03204,0.00316,0.0707592353504644,0.098
2026,,"Jack Penney","DET",2,"steamer,oopsy",5,1,0.9578,0.03348,0.01096,0.00132,0.0044,0.00116,0.06848,0.03324,0.00408,0.0286,0.00388,0.0714971810398831,0.10196
2026,,"Jack Pineda","KCR",2,"steamer,oopsy",5,1,0.9628,0.02808,0.01748,0.00096,0.0048,0.00172,0.07924,0.0368,0.00412,0.0324,0.00568,0.0823016202742003,0.10732
2026,,"Jack Rogers","WSN",2,"steamer,oopsy",5,1,0.96568,0.0268,0.0156,0.00132,0.0032,0.00096,0.07652,0.03536,0.00688,0.034,0.003,0.0792394996272057,0.10332
2026,,"Jackson Appel","CHW",2,"steamer,oopsy",5,1,0.95204,0.03804,0.01068,0.00068,0.0056,0.00148,0.06688,0.03372,0.0042,0.02812,0.00492,0.0702491491954119,0.10492
2026,,"Jackson Castillo","NYY",2,"steamer,oopsy",5,1,0.957,0.03548,0.0148,0.00084,0.0032,0.00188,0.07668,0.04004,0.00776,0.03632,0.00652,0.0801253918495298,0.11216
2026,,"Jackson Cluff","NYM",2,"steamer,oopsy",5,1,0.95372,0.03756,0.01344,0.00164,0.0044,0.003,0.06484,0.03768,0.0066,0.03228,0.01076,0.067986411105985,0.1024
2026,,"Jackson Feltner",,2,"steamer,oopsy",5,1,0.96128,0.0288,0.00908,0.00076,0.0056,0.00076,0.05988,0.03372,0.00916,0.03304,0.00256,0.0622919440745672,0.08868
2026,,"Jackson Glenn",,1,"steamer",2,1,0.9212,0.059,0.0428,0.0035,0.009,0.0034,0.1972,0.0903,0.014,0.0854,0.0112,0.214068606165871,0.2562
2026,,"Jackson Hornung","TOR",2,"steamer,oopsy",5,1,0.96336,0.02872,0.0158,0.00144,0.0036,0.00088,0.07624,0.03732,0.00672,0.03508,0.00292,0.0791396777943863,0.10496
2026,,"Jackson Loftin",,1,"steamer",2,1,0.9142,0.062,0.0279,0.0022,0.013,0.0071,0.1613,0.0813,0.0128,0.0731,0.0253,0.17643841610151,0.2233
2026,,"Jackson Nicklaus",,2,"steamer,oopsy",5,1,0.96392,0.02816,0.00832,0.00068,0.0036,8e-04,0.05384,0.03164,0.00756,0.0302,0.00264,0.0558552576977342,0.082
2026,,"Jackson Ross","WSN",2,"steamer,oopsy",5,1,0.96724,0.02484,0.01096,0.00092,0.0036,0.00116,0.06336,0.03128,0.0068,0.03032,0.00384,0.0655059757660973,0.0882
2026,,"Jackson Strong","DET",2,"steamer,oopsy",5,1,0.96424,0.02744,0.01152,0.00156,0.004,0.0018,0.0688,0.03432,0.00684,0.03228,0.00608,0.071351530739235,0.09624
2026,,"Jacob Berry","MIA",2,"steamer,oopsy",5,4.201872,0.963930756006876,0.0273591065979024,0.0179773184610669,0.0011860499207079,0.00440215532367613,0.00300288294531288,0.0804026350742058,0.038348947436222,0.00665431753266079,0.0358346992897027,0.0102302358329224,0.0834112145225837,0.107761741672108
2026,,"Jacob Buchberger",,1,"oopsy",3,1,1,0,0,0,0,0,0,0,0,0,0,0,0
2026,,"Jacob Burke","CHW",2,"steamer,oopsy",5,1.07744,0.962064343163539,0.0276474530831099,0.0146447721179625,0.000904825737265416,0.00599865951742627,0.00328418230563003,0.0765080428954424,0.0365281501340483,0.00596514745308311,0.0330093833780161,0.010857908847185,0.0795248711160652,0.104155495978552
2026,,"Jacob Campbell","SDP",2,"steamer,oopsy",5,1,0.96768,0.0228,0.01408,0.0012,0.0052,0.00132,0.07568,0.03688,0.00848,0.03648,0.00436,0.078207671957672,0.09848
2026,,"Jacob Cozart","CLE",2,"steamer,oopsy",5,1,0.95784,0.03344,0.01428,0.00108,0.0044,6e-04,0.07364,0.03728,0.00784,0.03516,0.002,0.0768813162949971,0.10708
2026,,"Jacob Friend","CIN",2,"steamer,oopsy",5,1,0.95212,0.03836,0.00692,0.00056,0.0052,0.00144,0.05056,0.03176,0.00704,0.02772,0.00464,0.0531025500987271,0.08892
2026,,"Jacob Gonzalez","CHW",2,"steamer,oopsy",7,2.03778285714286,0.952663210640455,0.0346007534768739,0.0217685276607923,0.00161679508340303,0.00657004695044175,0.00240012483932488,0.113913188805909,0.052806426511333,0.00966213149577742,0.0505804332862102,0.00799966002255003,0.119573410134446,0.148513942282783
2026,,"Jacob Hinderleider","COL",2,"steamer,oopsy",5,1,0.9762,0.01548,0.01004,0.00092,0.004,0.00168,0.06736,0.0304,0.00636,0.0304,0.00544,0.0690022536365499,0.08284
2026,,"Jacob Jenkins-Cowart","MIA",2,"steamer,oopsy",5,1,0.96832,0.02376,0.01204,0.001,0.0036,0.0042,0.06636,0.03212,0.00528,0.02964,0.0132,0.0685310641110377,0.09012
2026,,"Jacob Lojewski",,2,"steamer,oopsy",5,1,0.97528,0.016,0.00948,0.00076,0.0044,0.00132,0.06372,0.0294,0.00552,0.0292,0.00436,0.0653350832581412,0.07972
2026,,"Jacob Pearson",,1,"steamer",2,1,0.8952,0.084,0.0346,0.0038,0.01,0.0045,0.1698,0.092,0.0187,0.0847,0.0145,0.189678284182306,0.2538
2026,,"Jacob Reimer","NYM",2,"steamer,oopsy",5,1,0.9546,0.03508,0.016,0.00136,0.006,0.00144,0.07988,0.04292,0.00952,0.03996,0.00472,0.0836790278650744,0.11496
2026,,"Jacob Sharp","TOR",2,"steamer,oopsy",5,1,0.96296,0.02632,0.01416,0.00088,0.0064,0.00092,0.0704,0.03612,0.00716,0.0342,0.003,0.07310791725513,0.09672
2026,,"Jacob Teter",,1,"steamer",2,1,0.9081,0.0731,0.0392,0.0043,0.008,0.0036,0.1983,0.1027,0.0252,0.101,0.0122,0.218368021143046,0.2714
2026,,"Jacob Walsh","WSN",1,"oopsy",3,1,1,0,0,0,0,0,0,0,0,0,0,0,0
2026,,"Jacob Wetzel","TOR",2,"steamer,oopsy",5,1,0.95896,0.03312,0.01172,0.00124,0.0036,0.00172,0.06508,0.03532,0.00672,0.03204,0.00572,0.0678651872862267,0.0982
2026,,"Jaden Rudd",,2,"steamer,oopsy",5,1,0.95688,0.0332,0.01008,0.00092,0.0056,0.00184,0.06196,0.03328,0.00556,0.02908,0.00608,0.0647521110275061,0.09516
2026,,"Jadher Areinamo","TBR",2,"steamer,oopsy",5,1.279468,0.969041662006158,0.0234300953098601,0.0193327721099448,0.000847722041361771,0.00320250548958891,0.00261380962753213,0.0913655977912131,0.039819388109521,0.00668758499296509,0.0384536137095492,0.00828883773775954,0.0942844888650748,0.114795693101073
2026,,"Jadiel Sanchez",,1,"steamer",2,1,0.9222,0.057,0.0309,0.0032,0.01,0.0029,0.1888,0.091,0.0209,0.0909,0.0094,0.204727824766862,0.2458
2026,,"Jadyn Fielder","MIL",1,"oopsy",3,1,1,0,0,0,0,0,0,0,0,0,0,0,0
2026,,"Jae-Hoon Ha",,1,"steamer",2,1,0.9282,0.052,0.038,0.0026,0.009,0.0072,0.1984,0.0986,0.0264,0.1006,0.025,0.213747037276449,0.2504
2026,,"Jaeden Calderon","PHI",1,"steamer",2,1,0.9201,0.0571,0.0172,0.0015,0.012,0.0033,0.1363,0.0714,0.0148,0.0679,0.0109,0.148136072166069,0.1934
2026,,"Jaeho Kim",,1,"steamer",2,1,0.9122,0.066,0.0378,0.003,0.011,0.0031,0.2099,0.0904,0.0089,0.0807,0.01,0.230103047577286,0.2759
2026,,"Jahni McPhee",,1,"steamer",2,1,0.9352,0.042,0.0123,0.0011,0.012,0.0027,0.104,0.0546,0.0107,0.0529,0.0089,0.111206159110351,0.146
2026,,"Jaime Ferrer","MIN",2,"steamer,oopsy",5,1,0.96932,0.01956,0.01368,0.00088,0.0068,0.00088,0.07004,0.0328,0.00556,0.03136,0.00296,0.0722568398464903,0.0896
2026,,"Jair Casanova",,1,"steamer",2,1,0.9232,0.056,0.0208,0.002,0.01,0.0035,0.1558,0.079,0.0191,0.0784,0.0118,0.168760831889081,0.2118
2026,,"Jairo Diaz","CHC",2,"steamer,oopsy",5,1,0.96648,0.0252,0.00876,0.00088,0.004,0.00152,0.061,0.02956,0.004,0.02652,0.00512,0.0631156361228375,0.0862
2026,,"Jairo Mendez",,1,"steamer",2,1,0.9402,0.039,0.0172,0.0017,0.01,0.0035,0.138,0.0661,0.0142,0.0666,0.0114,0.146777281429483,0.177
2026,,"Jairo Pomares",,2,"steamer,oopsy",5,2.002456,0.970892206243904,0.0211970999446685,0.0165309999030273,0.0014602953675552,0.00360510418865191,0.00211058314841963,0.081160478474904,0.0407285504857193,0.011419966116584,0.0423371571015419,0.00695922011100527,0.0835937068532974,0.102357578419573
2026,,"Jaison Chourio","CLE",2,"steamer,oopsy",5,1,0.94536,0.04752,0.0108,0.00072,0.0028,0.0024,0.06696,0.0358,0.00452,0.02864,0.00768,0.0708301599390708,0.11448
2026,,"Jake Anchia",,2,"steamer,oopsy",5,1,0.97208,0.0192,0.01412,0.001,0.0044,0.00092,0.06828,0.03312,0.00732,0.03336,0.00308,0.070241132417085,0.08748
2026,,"Jake Cunningham","SDP",2,"steamer,oopsy",5,1,0.96604,0.02604,0.01012,0.00072,0.0036,0.0036,0.06292,0.0322,0.00572,0.02904,0.01204,0.0651318785971595,0.08896
2026,,"Jake DeLeo",,1,"steamer",2,1,0.9262,0.054,0.0282,0.0025,0.009,0.0043,0.1721,0.0815,0.0156,0.0787,0.0147,0.185812999352192,0.2261
2026,,"Jake Fox","CLE",2,"steamer,oopsy",5,1,0.9534,0.03988,0.0146,0.00212,0.0024,0.0018,0.07264,0.03812,0.0066,0.03388,0.00604,0.0761904761904762,0.11252
2026,,"Jake Gatewood",,2,"steamer,oopsy",5,1,0.96728,0.024,0.01444,0.001,0.0044,0.0016,0.06824,0.03768,0.01156,0.03916,0.00512,0.0705483417417914,0.09224
2026,,"Jake Gelof","LAD",2,"steamer,oopsy",5,1,0.96116,0.03172,0.01296,0.00048,0.0028,0.00208,0.0666,0.04008,0.01128,0.03948,0.00672,0.0692912730450706,0.09832
2026,,"Jake Holton","SFG",2,"steamer,oopsy",5,1.833052,0.95373690647272,0.03676081787305,0.0159993252514898,0.00110295429552038,0.00520334908827852,0.000973194966635632,0.0775052471428618,0.0409260923302505,0.0093815994783675,0.0387072078063212,0.00308827202745707,0.0812648085828046,0.114266065015912
2026,,"Jake Means",,1,"steamer",2,1,0.9032,0.075,0.034,0.0032,0.011,0.004,0.1702,0.093,0.0225,0.0896,0.0135,0.188441098317095,0.2452
2026,,"Jake Rucker","MIN",2,"steamer,oopsy",5,4.49792,0.964329693785404,0.0273581807733355,0.0173302684508661,0.00150644446268779,0.00399802971841392,0.00182661522042525,0.0835235202364338,0.0382727198095394,0.00546342664805845,0.035185945324686,0.00514736064362532,0.0866130336696037,0.110881701009769
2026,,"Jake Scheiner",,1,"steamer",2,8.58357,0.892227825951207,0.0870034263132939,0.0368611195574802,0.00351834959113749,0.00999584089137736,0.00356495024797375,0.177758205501907,0.103430157848075,0.0303836282572403,0.102544745368186,0.0113589101038379,0.199229614154208,0.2647616318152
2026,,"Jake Slaughter",,1,"steamer",2,7.56853,0.904231072612515,0.0710045411724602,0.0394660521924337,0.00216686727805796,0.0140053616752527,0.00640811359669579,0.198321206363719,0.100547926744031,0.0226464055767765,0.0961084913450829,0.0202945618237623,0.21932580329354,0.269325747536179
2026,,"Jake Snider","TEX",2,"steamer,oopsy",5,1,0.95084,0.03884,0.01128,0.00116,0.006,0.00232,0.06784,0.03648,0.00508,0.0302,0.00796,0.0713474401581759,0.10668
2026,,"Jake Steels","ATL",2,"steamer,oopsy",5,1,0.96544,0.02504,0.00996,0.00092,0.0052,0.00116,0.0674,0.033,0.00544,0.03044,0.0038,0.0698127278753729,0.09244
2026,,"Jake Thompson",,2,"steamer,oopsy",5,1,0.95528,0.0352,0.0164,0.00136,0.0052,0.00124,0.07812,0.0402,0.00768,0.0368,0.004,0.0817770705971024,0.11332
2026,,"Jake Vogel",,1,"steamer",2,1,0.9092,0.068,0.0283,0.0026,0.012,0.0057,0.1636,0.0815,0.0122,0.0727,0.0192,0.179938407391113,0.2316
2026,,"Jake Zitella",,1,"oopsy",3,1,1,0,0,0,0,0,0,0,0,0,0,0,0
2026,,"Jakey Josepha","ARI",2,"steamer,oopsy",5,1,0.96736,0.02472,0.00936,0.00108,0.0036,0.00212,0.0652,0.03188,0.00516,0.02948,0.00712,0.0673999338405557,0.08992
2026,,"Jakob Christian","SFG",2,"steamer,oopsy",5,1,0.96876,0.02252,0.01312,8e-04,0.0044,0.0014,0.07232,0.03536,0.00876,0.03572,0.00476,0.0746521326231471,0.09484
2026,,"Jalen Battles","TBR",2,"steamer,oopsy",5,1,0.96944,0.02224,0.01412,0.00124,0.004,0.00184,0.07344,0.03204,0.00392,0.02976,0.0058,0.0757550750949002,0.09568
2026,,"Jalen Hairston","CIN",1,"oopsy",3,1,1,0,0,0,0,0,0,0,0,0,0,0,0
2026,,"Jalen Vasquez",,2,"steamer,oopsy",5,1,0.95848,0.034,0.01508,0.00156,0.0032,0.00312,0.06972,0.03536,0.00412,0.03,0.00984,0.0727401719389033,0.10372
2026,,"Jalin Flores","STL",1,"oopsy",3,1,1,0,0,0,0,0,0,0,0,0,0,0,0
2026,,"Jalvin Arias","PHI",1,"steamer",2,1,0.9311,0.0481,0.0132,0.0012,0.01,0.003,0.1209,0.0618,0.0118,0.0592,0.0099,0.129846418215014,0.169
2026,,"Jamari Baylor",,1,"steamer",2,1,0.8972,0.079,0.0266,0.0025,0.013,0.0047,0.1665,0.0872,0.0166,0.0791,0.0153,0.185577351761034,0.2455
2026,,"James Parker",,1,"steamer",2,1,0.9142,0.066,0.0282,0.0026,0.009,0.0037,0.1667,0.0865,0.0209,0.0848,0.0122,0.182345219864362,0.2327
2026,,"James Tibbs III","LAD",2,"steamer,oopsy",5,1,0.95004,0.04164,0.01332,0.00144,0.004,0.0012,0.07616,0.04528,0.01152,0.04256,0.00396,0.0801650456822871,0.1178
2026,,"James Triantos","CHC",4,"batx,steamer,oopsy,atc",9,22.7729888888889,0.905957520109942,0.0349169358568949,0.0287188472601196,0.002285672583133,0.00564324903891606,0.00519401609501315,0.252611458241976,0.121890623666644,0.00910396439483507,0.113359712279726,0.0234093047480439,0.278833667842749,0.287528394098871
2026,,"Jameson Hannah",,1,"steamer",2,1,0.9072,0.074,0.0407,0.0033,0.008,0.004,0.2127,0.0982,0.0159,0.0909,0.014,0.234457671957672,0.2867
2026,,"Jamesson Val",,1,"steamer",2,1,0.9202,0.059,0.0138,0.0015,0.01,0.0043,0.125,0.0671,0.0136,0.0629,0.0145,0.135840034775049,0.184
2026,,"Jamie Ritchie",,1,"steamer",2,1,0.8652,0.115,0.0331,0.0034,0.009,0.0045,0.1905,0.0978,0.0114,0.0795,0.0148,0.220180305131761,0.3055
2026,,"Jan Luis Reyes","CHC",1,"oopsy",3,1,1,0,0,0,0,0,0,0,0,0,0,0,0
2026,,"Jan Mercado",,1,"steamer",2,1,0.9132,0.066,0.0348,0.0032,0.01,0.004,0.1811,0.0917,0.0211,0.0895,0.0132,0.198313622426632,0.2471
2026,,"Jancarlos Cintron",,1,"steamer",2,7.09708,0.927226408607484,0.0510068929757027,0.0407632434747812,0.00363529789716334,0.0110045258049789,0.00407209725690002,0.210847278035474,0.0885998185169112,0.0090177932332734,0.0816814802707592,0.0128362650554876,0.227395678205635,0.261854171011176
2026,,"Jancel Santana",,1,"steamer",2,1,0.9302,0.048,0.0165,0.0016,0.011,0.0034,0.1364,0.0636,0.008,0.0584,0.0113,0.146635132229628,0.1844
2026,,"Jancel Villarroel","SFG",2,"steamer,oopsy",5,1,0.9648,0.02568,0.01224,0.00108,0.0052,0.00184,0.07296,0.03412,0.00544,0.03164,0.00588,0.0756218905472637,0.09864
2026,,"Jancory De La Cruz","MIA",2,"steamer,oopsy",5,1,0.96792,0.02416,0.00596,0.00064,0.0036,0.0012,0.04976,0.0258,0.00524,0.02456,0.004,0.0514092073725101,0.07392
2026,,"Janero Miller","MIA",1,"steamer",2,1,0.9369,0.0423,0.0157,0.0016,0.01,0.0031,0.1207,0.057,0.0096,0.0554,0.0101,0.12882911730174,0.163
2026,,"Jansel Luis","ARI",2,"steamer,oopsy",5,1,0.97452,0.01756,0.0156,0.00228,0.0036,0.00248,0.08784,0.0366,0.0038,0.03444,0.00788,0.0901366826745475,0.1054
2026,,"Jantzen Witte",,1,"steamer",2,1,0.9182,0.063,0.0359,0.0028,0.008,0.0038,0.1853,0.094,0.0241,0.0948,0.0114,0.201807884992376,0.2483
2026,,"Jared Dickey","ATH",2,"steamer,oopsy",5,1,0.95476,0.03692,0.0164,0.00128,0.004,0.00124,0.08376,0.04172,0.00664,0.03668,0.00396,0.0877288533243957,0.12068
2026,,"Jared Dupere",,1,"steamer",2,1,0.9272,0.052,0.0272,0.0026,0.01,0.0035,0.1645,0.0841,0.023,0.0864,0.012,0.177415875754961,0.2165
2026,,"Jared McKenzie","WSN",2,"steamer,oopsy",5,1,0.97396,0.01772,0.01492,0.00172,0.004,0.0018,0.0768,0.034,0.00672,0.03388,0.00584,0.0788533409996304,0.09452
2026,,"Jared Serna","MIA",4,"batx,steamer,oopsy,atc",9,28.9636888888889,0.911215874644726,0.0612952634443389,0.0454488322437051,0.00170185128162478,0.00597567845049494,0.00320934956860298,0.203040163816808,0.0960176161712234,0.00901715119225399,0.0917892253392904,0.0137725506497593,0.222823339086329,0.264335427261147
2026,,"Jared Sprague-Lott","ATH",2,"steamer,oopsy",5,1,0.95436,0.03692,0.00944,6e-04,0.0044,0.00132,0.06264,0.03376,0.00476,0.02808,0.00444,0.0656356092040739,0.09956
2026,,"Jared Sundstrom","SEA",2,"steamer,oopsy",5,1,0.96144,0.02944,0.0152,0.00152,0.0048,0.0032,0.0714,0.0386,0.00832,0.03624,0.01136,0.0742636045931103,0.10084
2026,,"Jared Thomas","COL",2,"steamer,oopsy",10,1,0.96102,0.03066,0.01258,0.00106,0.004,0.00218,0.07536,0.03756,0.0075,0.03474,0.0073,0.0784166822750827,0.10602
2026,,"Jared Wegner",,2,"steamer,oopsy",5,1.690708,0.961291931479369,0.0296027901143111,0.0141559427454461,0.00108553343332954,0.00479688422565893,0.00180433259864235,0.0685206306362473,0.0360573132314057,0.00758406466258614,0.0338275688818639,0.00573572395178178,0.0712797313619373,0.0981234207505584
2026,,"Jarol Capellan",,1,"steamer",2,1,0.9262,0.05,0.016,0.0015,0.013,0.0023,0.1333,0.0654,0.0112,0.0617,0.0078,0.143921399265817,0.1833
2026,,"Jarold Montealto",,1,"steamer",2,1,0.9362,0.043,0.0153,0.0015,0.01,0.0029,0.1332,0.0599,0.0067,0.0555,0.0098,0.142277291177099,0.1762
2026,,"Jaron Elkins","LAD",2,"steamer,oopsy",5,1,0.96948,0.021,0.01116,0.00068,0.0052,0.00364,0.06656,0.03524,0.00704,0.033,0.01288,0.0686553616371663,0.08756
2026,,"Jarrod Belbin",,1,"steamer",2,1,0.9272,0.052,0.0215,0.0023,0.01,0.0035,0.1582,0.0776,0.0173,0.0768,0.0117,0.170621225194133,0.2102
2026,,"Jarryd Dale",,1,"steamer",2,1,0.9002,0.078,0.0365,0.004,0.011,0.005,0.1826,0.0906,0.0133,0.0807,0.0163,0.202843812486114,0.2606
2026,,"Jase Bowen","SDP",2,"steamer,oopsy",5,2.221704,0.966054471099535,0.0256421640447332,0.0149768391765698,0.00165751579819745,0.00399579701351171,0.00317690527987845,0.0786826695870516,0.0400763641207027,0.00964910982522088,0.039119346070553,0.0106258602063015,0.081447446226813,0.104324833631785
2026,,"Jaset Martinez","CIN",1,"steamer",2,1,0.9075,0.0717,0.0177,0.0011,0.01,0.0021,0.1341,0.0736,0.0164,0.0689,0.0072,0.147768595041322,0.2058
2026,,"Jason Hernandez",,1,"steamer",2,1,0.9362,0.042,0.0159,0.0016,0.011,0.0031,0.135,0.0627,0.0093,0.0597,0.0105,0.144199957274087,0.177
2026,,"Jason Hinchman",,1,"steamer",2,1,0.9142,0.065,0.0239,0.002,0.01,0.0032,0.1503,0.0752,0.0129,0.0693,0.0107,0.164406038066069,0.2153
2026,,"Jason Matthews","CHW",2,"steamer,oopsy",5,1.618408,0.958850283972632,0.0320343123777504,0.0112332189063715,0.00163392275001767,0.00480750347601354,0.00144539320193871,0.0653411992050337,0.0317200964642854,0.00370774777888626,0.0272425196974101,0.00480750347601354,0.0681453614784545,0.0973755115827841
2026,,"Jason Schiavone","HOU",2,"steamer,oopsy",5,1,0.95404,0.03604,0.00716,0.00052,0.0056,0.00132,0.04632,0.02956,0.00572,0.0252,0.00432,0.0485514234204017,0.08236
2026,,"Javi Vaz","KCR",2,"steamer,oopsy",5,4.201872,0.950773153515727,0.040521151223586,0.0166491202352554,0.00126600834232866,0.00440215532367613,0.00241207905222618,0.0842228707738642,0.0411297236548106,0.00377137221977905,0.0334315045065455,0.00870214155305908,0.0885835600873127,0.12474402199745
2026,,"Javier Acevedo","PIT",1,"steamer",2,1,0.9078,0.0714,0.0148,0.0015,0.01,0.003,0.1282,0.0658,0.0084,0.0572,0.0098,0.141220533157083,0.1996
2026,,"Javier Castillo",,1,"steamer",2,1,0.9342,0.044,0.0154,0.0015,0.011,0.003,0.1283,0.0612,0.0091,0.0578,0.0101,0.137336758724042,0.1723
2026,,"Javier Francisco",,2,"steamer,oopsy",5,1,0.96968,0.0216,0.00952,0.001,0.0044,0.0012,0.06124,0.0306,0.0064,0.02984,0.00404,0.0631548552099662,0.08284
2026,,"Javier Herrera","LAD",2,"steamer,oopsy",5,1,0.96392,0.02816,0.00736,0.00064,0.0036,0.00148,0.05744,0.03044,0.0042,0.0266,0.00496,0.0595900074694995,0.0856
2026,,"Javier Mogollon","CHW",2,"steamer,oopsy",5,1,0.96484,0.02644,0.00988,8e-04,0.0044,0.00228,0.06356,0.03232,0.00692,0.0306,0.0076,0.0658762074540857,0.09
2026,,"Javier Mora",,1,"steamer",2,1,0.9292,0.05,0.0231,0.0021,0.01,0.0034,0.1524,0.0687,0.0076,0.0627,0.0113,0.164012053379251,0.2024
2026,,"Javier Osorio","DET",2,"steamer,oopsy",5,1,0.97272,0.01856,0.00848,0.00068,0.0044,0.00212,0.05884,0.02748,0.00428,0.02576,0.00696,0.0604901718891356,0.0774
2026,,"Javier Pariguan",,1,"oopsy",3,1,1,0,0,0,0,0,0,0,0,0,0,0,0
2026,,"Javier Rivas","PIT",2,"steamer,oopsy",5,1,0.976,0.01448,0.01584,0.001,0.0052,8e-04,0.0814,0.0366,0.00888,0.03872,0.00268,0.0834016393442623,0.09588
2026,,"Javier Roman",,2,"steamer,oopsy",5,1,0.97288,0.0188,0.00592,0.00052,0.004,0.00104,0.05004,0.02444,0.004,0.0232,0.00352,0.0514349148918674,0.06884
2026,,"Javier Sanchez","TEX",2,"steamer,oopsy",5,1,0.96364,0.02684,0.00652,0.00056,0.0052,0.001,0.05372,0.0278,0.00404,0.02448,0.00336,0.0557469594454361,0.08056
2026,,"Javier Valdes",,1,"steamer",2,1,0.8812,0.094,0.0358,0.0032,0.014,0.0036,0.1858,0.1036,0.0249,0.0971,0.0117,0.210848842487517,0.2798
2026,,"Jax Biggers","HOU",2,"steamer,oopsy",5,1.817032,0.950005587363356,0.0432790592194782,0.0135805796396479,0.00186683669780252,0.00240585292744973,0.00197201059627027,0.0701641370152962,0.0366399568787016,0.00332612453904252,0.0291726100874915,0.00628414043344793,0.0738565519493729,0.113443196234774
2026,,"Jaxx Groshans",,2,"steamer,oopsy",5,1,0.96528,0.0264,0.00976,0.00096,0.004,0.00144,0.06092,0.03208,0.00704,0.03068,0.00476,0.0631112216144538,0.08732
2026,,"Jay Allen II","CIN",2,"steamer,oopsy",5,1,0.95696,0.03232,0.01404,0.00112,0.0064,0.00352,0.07468,0.0396,0.00812,0.03588,0.01104,0.0780387895000836,0.107
2026,,"Jay Beshears","MIA",2,"steamer,oopsy",5,1,0.96308,0.0282,0.0132,0.00112,0.0044,0.00116,0.06888,0.03204,0.004,0.02892,0.0038,0.0715205382730407,0.09708
2026,,"Jay Harry","TOR",2,"steamer,oopsy",5,1,0.96456,0.02672,0.01664,0.00088,0.0044,0.00152,0.07444,0.03628,0.00556,0.03336,0.00488,0.0771750850128556,0.10116
2026,,"Jay Thomason","MIN",2,"steamer,oopsy",5,1,0.95904,0.03224,0.01032,0.00088,0.0044,0.0026,0.06548,0.03716,0.00964,0.03528,0.00888,0.0682766099432766,0.09772
2026,,"Jayce Easley",,1,"steamer",2,1,0.8832,0.095,0.0239,0.0022,0.011,0.0064,0.1528,0.0796,0.006,0.0615,0.0224,0.173007246376812,0.2478
2026,,"Jayden Felicia",,1,"steamer",2,1,0.9072,0.073,0.0162,0.0013,0.009,0.0031,0.1258,0.0634,0.005,0.0519,0.0105,0.138668430335097,0.1988
2026,,"Jayden Kim","PIT",1,"steamer",2,1,0.9168,0.0624,0.0141,0.0016,0.01,0.0027,0.12,0.0585,0.0043,0.0495,0.0089,0.130890052356021,0.1824
2026,,"Jaylen Palmer","CHC",2,"steamer,oopsy",5,1.07744,0.957674262734584,0.034014745308311,0.0123324396782842,0.000804289544235925,0.00398793565683646,0.00298257372654155,0.0664209115281501,0.0374329758713137,0.00867962466487936,0.0345174262734584,0.00978552278820375,0.06935647548728,0.100435656836461
2026,,"Jayln Pinder","TEX",1,"steamer",2,1,0.9231,0.0541,0.0151,0.0012,0.012,0.0036,0.1241,0.0606,0.0064,0.053,0.0118,0.134438305709024,0.1782
2026,,"Jayson Bass","MIN",2,"steamer,oopsy",5,1,0.97332,0.01876,0.00688,6e-04,0.0036,0.00164,0.05748,0.02668,0.00424,0.02524,0.0054,0.0590556035014178,0.07624
2026,,"JD Dix","ARI",2,"steamer,oopsy",5,1,0.96376,0.02792,0.01064,0.00116,0.004,0.00228,0.06868,0.032,0.00256,0.02716,0.00752,0.0712625549929443,0.0966
2026,,"Je'Von Ward","TOR",2,"steamer,oopsy",5,1,0.9482,0.04468,0.01524,0.00124,0.0028,0.00132,0.07128,0.04048,0.00784,0.0356,0.0042,0.0751740139211137,0.11596
2026,,"Jealmy Frias","CIN",1,"steamer",2,1,0.9368,0.0424,0.0133,0.0013,0.01,0.0029,0.1187,0.0602,0.013,0.0595,0.0096,0.126707941929974,0.1611
2026,,"Jean Arnaez",,1,"steamer",2,1,0.9432,0.035,0.0305,0.0026,0.011,0.0033,0.1909,0.0785,0.0102,0.0762,0.0111,0.202396098388465,0.2259
2026,,"Jean C. Gutierrez",,1,"steamer",2,1,0.9422,0.036,0.014,0.0013,0.011,0.0028,0.1239,0.0605,0.0131,0.0612,0.0093,0.131500742942051,0.1599
2026,,"Jean Carlos Sio","SFG",2,"steamer,oopsy",5,1,0.96164,0.02884,0.0134,0.00092,0.0052,0.0016,0.07748,0.035,0.00412,0.03112,0.00516,0.0805706917349528,0.10632
2026,,"Jean Joseph","TOR",2,"steamer,oopsy",5,1,0.97212,0.01796,0.01108,0.00056,0.0056,0.00124,0.0676,0.032,0.0062,0.03144,0.00384,0.069538740073242,0.08556
2026,,"Jean Perez",,2,"steamer,oopsy",5,1,0.98008,0.0112,0.01136,0.00092,0.0044,0.00176,0.07324,0.03068,0.00504,0.0308,0.0058,0.0747285935841972,0.08444
2026,,"Jean Ramirez","KCR",1,"steamer",2,1,0.916,0.0652,0.0276,0.0026,0.008,0.0068,0.1847,0.0883,0.0155,0.082,0.0204,0.201637554585153,0.2499
2026,,"Jean Walters","ARI",2,"steamer,oopsy",5,1.092452,0.970586371869746,0.0223209571694297,0.0165376524006401,0.00214437143112425,0.00279418095570736,0.00133210952539537,0.0830131667654919,0.0360644286143624,0.00389885714749864,0.0336926238496341,0.00412629048110273,0.0855288814797333,0.105334123934922
2026,,"Jefer Lista","MIL",1,"steamer",2,1,0.9098,0.0664,0.0138,0.0014,0.013,0.0025,0.1245,0.0637,0.0083,0.0558,0.0085,0.136843262255441,0.1909
2026,,"Jeferson Morales",,2,"steamer,oopsy",5,1.78446,0.958252705874407,0.0314337335156949,0.0179254681458217,0.00187764888641237,0.0059976698242237,0.00125626867939821,0.0804147037468551,0.0405653209057292,0.00744305421880013,0.0375259611975077,0.00412002093781132,0.0839180554919243,0.11184843726255
2026,,"Jeferson Quero","MIL",4,"batx,steamer,oopsy,atc",9,16.622,0.94364714185966,0.0447747938686195,0.0280957821575191,0.0016820352536838,0.00552884315285059,0.00134145351006225,0.20003088014572,0.125771118371628,0.0161333400005067,0.13284965166679,0.00545087240524819,0.211976353525022,0.244805674014339
2026,,"Jefferson Encarnacion",,1,"steamer",2,1,0.9222,0.058,0.0214,0.0021,0.009,0.0033,0.1518,0.0761,0.0163,0.0738,0.011,0.164606376057254,0.2098
2026,,"Jefferson Pena",,2,"steamer,oopsy",5,1,0.96928,0.022,0.00888,0.00076,0.0044,0.00176,0.06132,0.02928,0.00468,0.02716,0.00576,0.0632634532849125,0.08332
2026,,"Jefferson Rojas","CHC",2,"steamer,oopsy",5,1,0.95928,0.032,0.01444,0.00136,0.0044,0.00224,0.07812,0.03872,0.0062,0.03484,0.00748,0.0814360770577933,0.11012
2026,,"Jefferson Valladares",,2,"steamer,oopsy",5,1,0.97008,0.02,0.0114,0.00076,0.0056,0.00108,0.06704,0.03228,0.00664,0.03172,0.00356,0.0691077024575293,0.08704
2026,,"Jefferson Vargas","CLE",1,"steamer",2,1,0.9268,0.0524,0.0147,0.0011,0.01,0.0025,0.1232,0.0567,0.0049,0.0501,0.0084,0.132930513595166,0.1756
2026,,"Jeffrey Mercedes","CLE",2,"steamer,oopsy",5,1,0.97112,0.02096,0.0124,0.00112,0.0036,0.00112,0.0726,0.0316,0.00452,0.03008,0.00376,0.0747590411071752,0.09356
2026,,"Jeffrey Wehler",,1,"steamer",2,1,0.9262,0.054,0.0293,0.0029,0.009,0.005,0.1897,0.0856,0.0147,0.0818,0.016,0.204815374649104,0.2437
2026,,"Jeffry Parra",,1,"steamer",2,1,0.9142,0.062,0.0266,0.0024,0.013,0.0037,0.169,0.0852,0.0184,0.082,0.0122,0.184861080726318,0.231
2026,,"Jeffry Rosa",,2,"steamer,oopsy",5,1,0.97008,0.02,0.0084,0.00068,0.0056,0.00104,0.05804,0.03088,0.00864,0.03168,0.00348,0.059830117103744,0.07804
2026,,"Jefrank Silva","CHW",1,"steamer",2,1,0.9421,0.0371,0.0149,0.0013,0.01,0.0029,0.1442,0.0631,0.011,0.0627,0.0097,0.153062307610657,0.1813
2026,,"Jefrey De Los Santos",,2,"steamer,oopsy",5,1,0.96448,0.0276,0.01552,0.00192,0.0036,0.00172,0.07216,0.03528,0.00544,0.03236,0.0056,0.0748175182481752,0.09976
2026,,"Jehancarlos Mendez",,1,"steamer",2,1,0.9342,0.045,0.0167,0.0014,0.01,0.0028,0.1401,0.0626,0.007,0.0578,0.0094,0.149967886962107,0.1851
2026,,"Jeiker Gudino","DET",1,"steamer",2,1,0.9298,0.0474,0.0146,0.0014,0.012,0.0028,0.124,0.0608,0.0096,0.0571,0.0095,0.133362013336201,0.1714
2026,,"Jeison Lopez","ATH",1,"steamer",2,1,0.9441,0.0341,0.0182,0.0013,0.011,0.0025,0.1376,0.063,0.01,0.061,0.0084,0.145747272534689,0.1717
2026,,"Jeisson Rosario","ATH",1,"steamer",2,1,0.8718,0.1104,0.0342,0.0042,0.007,0.0054,0.1809,0.1019,0.019,0.0876,0.0161,0.207501720578114,0.2913
2026,,"Jelson Coca",,1,"steamer",2,1,0.9402,0.04,0.0163,0.0016,0.009,0.0031,0.1295,0.0579,0.0057,0.0537,0.0105,0.137736651776218,0.1695
2026,,"Jemone Nuel","BAL",1,"steamer",2,1,0.9054,0.0748,0.0165,0.0014,0.009,0.0064,0.1272,0.07,0.0086,0.0576,0.0217,0.140490390987409,0.202
2026,,"Jensy De Leon",,1,"steamer",2,1,0.9432,0.033,0.0175,0.0017,0.013,0.0034,0.1395,0.0612,0.0072,0.0582,0.0112,0.147900763358779,0.1725
2026,,"Jeong Choi",,1,"steamer",2,1,0.8932,0.078,0.0339,0.0018,0.018,0.002,0.1952,0.1089,0.0349,0.1114,0.0058,0.218540080609046,0.2732
2026,,"Jeral Perez","CHW",2,"steamer,oopsy",5,1,0.96684,0.02484,0.01296,0.00084,0.004,0.00108,0.0748,0.03696,0.00992,0.03772,0.00352,0.0773654379214762,0.09964
2026,,"Jeral Toledo",,2,"steamer,oopsy",5,1,0.96808,0.024,0.01028,0.00092,0.0036,0.00156,0.06544,0.0298,0.0032,0.02664,0.00488,0.0675977191967606,0.08944
2026,,"Jeremiah Boyd","ARI",2,"steamer,oopsy",5,1,0.96976,0.02192,0.00884,0.00088,0.004,0.00108,0.05956,0.02968,0.0056,0.02864,0.00356,0.0614172578782379,0.08148
2026,,"Jeremiah Jenkins","SFG",2,"steamer,oopsy",5,1,0.96912,0.02216,0.01052,0.001,0.0044,8e-04,0.06808,0.03272,0.00728,0.03264,0.00264,0.0702492983325078,0.09024
2026,,"Jeremy Almonte","MIA",2,"steamer,oopsy",5,1,0.97396,0.01652,0.00684,0.00064,0.0052,0.0012,0.05932,0.02624,0.00408,0.02548,0.00392,0.060905992032527,0.07584
2026,,"Jeremy Arocho",,1,"steamer",2,2.96115,0.866217516843118,0.116002228863786,0.0307650743798862,0.00381608496698918,0.00699052732890938,0.00810495922192392,0.182429123820137,0.0930381777350016,0.00520068216740118,0.0691623186937507,0.0301234317748172,0.210604288499025,0.298431352683924
2026,,"Jeremy Celedonio",,1,"steamer",2,1,0.9112,0.067,0.0177,0.0017,0.011,0.0036,0.1385,0.0806,0.0246,0.081,0.0118,0.151997366110623,0.2055
2026,,"Jeremy Ciriaco","COL",2,"steamer,oopsy",5,1,0.97424,0.01784,0.00888,0.00084,0.0036,0.0016,0.06968,0.0284,0.0024,0.02564,0.00528,0.0715224174741337,0.08752
2026,,"Jeremy De La Rosa",,2,"steamer,oopsy",5,1.092452,0.965680309959143,0.027194528603803,0.0159203333522861,0.00142958095408283,0.00279418095570736,0.00272920000324905,0.0747930762795156,0.0384037429028616,0.0088699000105594,0.0373965381397578,0.00812261905728883,0.0774511766556367,0.101987604883319
2026,,"Jeremy Eierman","ATH",1,"steamer",2,1.59851,0.924048019718363,0.0521735866525702,0.0359084397345028,0.00262744680984166,0.013012117534454,0.00287767983935039,0.182857786313504,0.0947132016690543,0.0260242350689079,0.096339716360861,0.00963397163608611,0.197887753029585,0.235031372966075
2026,,"Jeremy Rivas","STL",2,"steamer,oopsy",5,2.566224,0.962449039376999,0.0288390335994271,0.0131744908006412,0.000805605058223275,0.00440234683332113,0.00323055765772364,0.0736192824418784,0.0343806199090236,0.00441048425815167,0.0303444571930767,0.00995207056774813,0.0764916161062749,0.102458316041306
2026,,"Jeremy Rodriguez","NYM",2,"steamer,oopsy",5,1,0.96472,0.02776,0.00908,0.00076,0.0032,0.003,0.06372,0.03048,0.0024,0.0252,0.0094,0.066050252923128,0.09148
2026,,"Jerffson Pena",,1,"steamer",2,1,0.9352,0.043,0.0178,0.0016,0.011,0.004,0.1404,0.0676,0.0133,0.0661,0.0133,0.150128314798973,0.1834
2026,,"Jeron Williams","HOU",2,"steamer,oopsy",5,1.092452,0.9688643766296,0.0228408047890962,0.0173174238301398,0.00178697619260354,0.00399632857618611,0.0036389333376654,0.0821684143835338,0.0387936286176115,0.00558836191141472,0.035349638137321,0.0130611714441204,0.084808995320247,0.10500921917263
2026,,"Jesmaylin Arias","SDP",2,"steamer,oopsy",5,1,0.97488,0.0168,0.00628,0.00044,0.004,0.001,0.05008,0.02428,0.00452,0.02376,0.00328,0.0513704250779583,0.06688
2026,,"Jessada Brown","MIA",1,"oopsy",3,1,1,0,0,0,0,0,0,0,0,0,0,0,0
2026,,"Jesse Franklin V",,1,"steamer",2,1,0.9092,0.067,0.0383,0.0034,0.013,0.005,0.1926,0.1068,0.034,0.1105,0.0174,0.211834579850418,0.2596
2026,,"Jesús  Baéz","STL",2,"steamer,oopsy",5,1,0.9668,0.02528,0.01208,6e-04,0.0036,0.0014,0.07484,0.03556,0.0078,0.03508,0.00452,0.0774100124120811,0.10012
2026,,"Jesus Abreu",,1,"steamer",2,1,0.9272,0.05,0.0134,0.0012,0.012,0.0023,0.1102,0.0575,0.0094,0.0534,0.0078,0.118852459016393,0.1602
2026,,"Jesus Alexander","SFG",2,"steamer,oopsy",5,1,0.97508,0.017,0.0086,0.00068,0.0036,0.00092,0.06156,0.02712,0.00428,0.0266,0.00304,0.0631332813717849,0.07856
2026,,"Jesús Bastidas","MIA",2,"steamer,oopsy",5,9.53952,0.959931629438717,0.0277598797250859,0.0171821305841924,0.000912800687285223,0.0080004295532646,0.00160903493699885,0.0768452892325315,0.0390947164948454,0.00887564432989691,0.0377845790378007,0.0052673969072165,0.0800528775965678,0.104605168957617
2026,,"Jesus Bugarin",,2,"steamer,oopsy",5,1,0.98008,0.0124,0.01144,0.00076,0.0032,0.00148,0.07672,0.0324,0.00668,0.03356,0.00484,0.0782793241368051,0.08912
2026,,"Jesus Castillo","PIT",2,"steamer,oopsy",5,1,0.96032,0.03056,0.01,0.00068,0.0048,0.00268,0.0696,0.03164,0.0022,0.0262,0.00804,0.0724758413862046,0.10016
2026,,"Jesus Castro","SDP",2,"steamer,oopsy",5,1,0.97008,0.0216,0.00588,0.00048,0.004,0.00112,0.04952,0.02552,0.00476,0.02408,0.00372,0.0510473363021606,0.07112
2026,,"Jesus Chirinos",,1,"steamer",2,1,0.9012,0.08,0.0267,0.0019,0.008,0.0026,0.1695,0.0892,0.0212,0.0854,0.0085,0.188082556591212,0.2495
2026,,"Jesus Correa",,1,"steamer",2,1,0.9292,0.051,0.0153,0.0015,0.009,0.0035,0.1349,0.0648,0.0105,0.0608,0.0115,0.145178648299613,0.1859
2026,,"Jesus Fernandez","ATH",2,"steamer,oopsy",5,1,0.97564,0.01604,0.01068,8e-04,0.004,0.00152,0.07304,0.03044,0.0028,0.0278,0.00504,0.074863679225944,0.08908
2026,,"Jesus Freitez","COL",1,"oopsy",3,1,1,0,0,0,0,0,0,0,0,0,0,0,0
2026,,"Jesus Galiz","LAD",1,"steamer",2,1,0.9267,0.0515,0.0296,0.002,0.011,0.0026,0.1688,0.0864,0.0187,0.0854,0.0086,0.182151721161109,0.2203
2026,,"Jesus Gamez","TEX",1,"steamer",2,1,0.9512,0.028,0.0174,0.0017,0.01,0.0032,0.1405,0.0669,0.0171,0.0712,0.0106,0.147708158116064,0.1685
2026,,"Jesus Hernandez","MIA",2,"steamer,oopsy",5,1,0.96188,0.0298,0.01212,0.001,0.004,0.00244,0.06584,0.03156,0.0036,0.0274,0.00804,0.0684492868133239,0.09564
2026,,"Jesus Lizardo","PIT",1,"steamer",2,1,0.9229,0.0573,0.0151,0.0014,0.009,0.0023,0.1291,0.0616,0.007,0.0555,0.0077,0.139885144652725,0.1864
2026,,"Jesus Lopez","TEX",2,"steamer,oopsy",5,1,0.96764,0.02404,0.0094,0.00068,0.004,0.00112,0.05976,0.03016,0.00572,0.02856,0.00364,0.0617585052292175,0.0838
2026,,"Jesus Lugo","BOS",1,"steamer",2,1,0.9402,0.039,0.0146,0.0018,0.01,0.003,0.1283,0.063,0.0133,0.0632,0.0101,0.136460327589874,0.1673
2026,,"Jesus Machado",,1,"steamer",2,1,0.9232,0.054,0.0145,0.0014,0.012,0.0036,0.1287,0.0648,0.011,0.0599,0.0119,0.139406412478336,0.1827
2026,,"Jesús Made","MIL",2,"steamer,oopsy",5,1,0.96192,0.03056,0.01328,0.00168,0.0032,0.00356,0.07612,0.03608,0.00468,0.03176,0.01168,0.0791333998669328,0.10668
2026,,"Jesus Morales","KCR",1,"steamer",2,1,0.92,0.0592,0.0156,0.0014,0.01,0.0027,0.1266,0.0641,0.0082,0.057,0.0088,0.137608695652174,0.1858
2026,,"Jesus Moreno",,1,"steamer",2,1,0.9292,0.05,0.0194,0.0018,0.01,0.0032,0.1402,0.0695,0.0139,0.0675,0.0106,0.150882479552303,0.1902
2026,,"Jesus Mujica",,1,"steamer",2,1,0.9402,0.039,0.0159,0.0014,0.01,0.0029,0.1307,0.064,0.0143,0.065,0.0095,0.139012975962561,0.1697
2026,,"Jesus Ordonez",,2,"steamer,oopsy",5,1,0.96968,0.0212,0.0114,0.00084,0.0048,0.00148,0.0682,0.03204,0.00544,0.03048,0.00484,0.0703324808184143,0.0894
2026,,"Jesus Ortega","KCR",1,"steamer",2,1,0.926,0.0532,0.0158,0.0015,0.01,0.0032,0.1317,0.0622,0.0053,0.0543,0.0106,0.142224622030238,0.1849
2026,,"Jesus Perez","MIA",1,"steamer",2,1,0.9279,0.0503,0.0144,0.0014,0.011,0.0034,0.1384,0.0671,0.014,0.0659,0.0113,0.149154003664188,0.1887
2026,,"Jesus Pinto","DET",2,"steamer,oopsy",5,1,0.97032,0.02136,0.00984,0.00076,0.004,0.002,0.06512,0.03136,0.00648,0.03044,0.00648,0.0671118806167038,0.08648
2026,,"Jesus Premoli",,1,"steamer",2,1,0.9512,0.028,0.0152,0.0014,0.01,0.0026,0.1357,0.0628,0.0145,0.0662,0.0088,0.142661900756939,0.1637
2026,,"Jesus Rodriguez","SFG",4,"batx,steamer,oopsy,atc",9,44.9748333333333,0.897264376297672,0.0820504951723181,0.0380912980964592,0.002576435042723,0.00507104514411102,0.0032923063790385,0.228996913390191,0.113812013860838,0.0192445279090695,0.0926724111297147,0.0241443325212304,0.255216767141795,0.311047408562509
2026,,"Jesus Superlano","ATH",2,"steamer,oopsy",5,1,0.97604,0.01564,0.01,0.00064,0.004,0.00116,0.06452,0.02936,0.00524,0.0286,0.00388,0.0661038482029425,0.08016
2026,,"Jesus Torres","CIN",1,"steamer",2,1,0.9469,0.0323,0.0168,0.0014,0.01,0.0033,0.141,0.0644,0.0134,0.0655,0.011,0.148906959552223,0.1733
2026,,"Jesus Valdez","ARI",2,"steamer,oopsy",5,1,0.97256,0.01992,0.01588,0.00128,0.0032,0.00108,0.08164,0.03832,0.00888,0.03948,0.00344,0.0839434070905651,0.10156
2026,,"Jett Williams","MIL",4,"batx,steamer,oopsy,atc",9,143.604,0.880694725055149,0.0970091172055006,0.0434081148572405,0.00555232109079725,0.0117051019772804,0.00882885577836919,0.195059642502764,0.11591747115384,0.0240850077804499,0.100444042695064,0.034434564634976,0.221483831972026,0.292068759708265
2026,,"Jeury Ramirez","CHC",1,"steamer",2,1,0.9212,0.058,0.0147,0.002,0.01,0.0029,0.1245,0.0663,0.0129,0.0624,0.0098,0.135149804602692,0.1825
2026,,"Jeyson Moya","SFG",1,"steamer",2,1,0.9248,0.0544,0.0129,0.0015,0.01,0.0027,0.1109,0.0544,0.005,0.0476,0.0089,0.119917820069204,0.1653
2026,,"Jheremy Vargas","MIL",2,"steamer,oopsy",5,1,0.96472,0.02776,0.0134,0.00096,0.0032,0.00292,0.07484,0.03332,0.00292,0.02896,0.00888,0.0775769135085828,0.1026
2026,,"Jhoan De La Cruz","SDP",1,"steamer",2,1,0.9021,0.0741,0.0136,0.0013,0.013,0.0027,0.1146,0.0617,0.0059,0.05,0.0091,0.127036913867642,0.1887
2026,,"Jhoan Peguero","BOS",1,"steamer",2,1,0.9332,0.046,0.0162,0.0017,0.01,0.0045,0.1354,0.0661,0.0118,0.0631,0.0152,0.145092156022289,0.1814
2026,,"Jhoanjel Saez",,1,"steamer",2,1,0.9322,0.047,0.0162,0.0016,0.01,0.0039,0.1318,0.0609,0.0062,0.0549,0.013,0.14138596867625,0.1788
2026,,"Jhojan Downer","SDP",1,"steamer",2,1,0.9212,0.058,0.013,0.0011,0.01,0.0028,0.1088,0.0566,0.0067,0.0494,0.0093,0.118106817194963,0.1668
2026,,"Jhomnardo Reyes","MIN",1,"steamer",2,1,0.9363,0.0429,0.0181,0.0022,0.01,0.0031,0.1342,0.0628,0.0099,0.06,0.0101,0.143330129232084,0.1771
2026,,"Jhon Diaz","TBR",2,"steamer,oopsy",7,1,0.959085714285714,0.0287428571428571,0.0123714285714286,0.00142857142857143,0.006,0.00251428571428571,0.0878285714285714,0.0419142857142857,0.0078,0.0405428571428571,0.00808571428571428,0.0915753098188751,0.116571428571429
2026,,"Jhon GIl","LAD",1,"steamer",2,1,0.9227,0.0565,0.0166,0.0012,0.01,0.0032,0.1391,0.0717,0.0111,0.0656,0.0106,0.150753224233229,0.1956
2026,,"Jhon Imbert",,1,"steamer",2,1,0.9092,0.07,0.0144,0.0014,0.01,0.0037,0.1245,0.0707,0.0158,0.0658,0.0125,0.136933567971843,0.1945
2026,,"Jhon Lucena",,1,"steamer",2,1,0.9452,0.034,0.0149,0.0012,0.01,0.0028,0.1217,0.0571,0.01,0.0567,0.0093,0.128755818874312,0.1557
2026,,"Jhon Simon","TEX",1,"steamer",2,1,0.9372,0.042,0.0169,0.0014,0.01,0.0024,0.1405,0.0662,0.0126,0.0654,0.0079,0.149914639351259,0.1825
2026,,"Jhonael Cuello","NYM",1,"steamer",2,1,0.9394,0.0398,0.0158,0.0012,0.01,0.0031,0.1401,0.0678,0.014,0.0676,0.0104,0.149137747498403,0.1799
2026,,"Jhonayker Ugarte","KCR",2,"steamer,oopsy",5,1,0.97,0.02168,0.00688,6e-04,0.004,0.00124,0.05456,0.0256,0.0026,0.0226,0.00412,0.0562474226804124,0.07624
2026,,"Jhoneiker Betancourt",,1,"steamer",2,1,0.9252,0.052,0.0222,0.002,0.012,0.0032,0.1573,0.0792,0.0188,0.0791,0.0107,0.17001729355815,0.2093
2026,,"Jhonger Ochoa","DET",1,"steamer",2,1,0.9369,0.0403,0.0162,0.0013,0.012,0.0033,0.1292,0.0569,0.0047,0.0514,0.011,0.137901590351158,0.1695
2026,,"Jhonny Level","SFG",2,"steamer,oopsy",5,1,0.96716,0.02492,0.00992,0.00096,0.0036,0.00184,0.06832,0.03276,0.00632,0.03132,0.006,0.0706398114065925,0.09324
2026,,"Jhonny Osta","BOS",1,"steamer",2,1,0.9402,0.038,0.0165,0.0015,0.011,0.0027,0.1345,0.064,0.0124,0.0638,0.0089,0.143054669219315,0.1725
2026,,"Jhonny Perdomo",,1,"steamer",2,1,0.9342,0.045,0.0269,0.0027,0.01,0.0069,0.1747,0.0759,0.0077,0.0689,0.0237,0.187004923999144,0.2197
2026,,"Jhonny Severino","PIT",2,"steamer,oopsy",5,1,0.9756,0.01648,0.01184,0.00084,0.0036,0.00156,0.0684,0.0312,0.00624,0.0316,0.00508,0.0701107011070111,0.08488
2026,,"Jhonson Pena",,1,"steamer",2,1,0.9292,0.049,0.0162,0.0015,0.011,0.0043,0.1362,0.0664,0.011,0.0623,0.0144,0.146577701248386,0.1852
2026,,"Jhorman Bravo","BOS",1,"steamer",2,1,0.9352,0.045,0.0188,0.0023,0.009,0.0042,0.157,0.0697,0.0083,0.065,0.0141,0.167878528656972,0.202
2026,,"Jhorvic Abreus","CLE",2,"steamer,oopsy",5,1,0.97276,0.01892,0.00684,0.00052,0.004,0.00132,0.05392,0.02552,0.0044,0.02452,0.00432,0.0554299107693573,0.07284
2026,,"Jhosman Theran","LAD",1,"steamer",2,1,0.9237,0.0555,0.0135,0.001,0.01,0.004,0.1186,0.0692,0.0162,0.0666,0.0131,0.128396665584064,0.1741
2026,,"Jhosmmel Zue","KCR",2,"steamer,oopsy",5,1,0.97164,0.02004,0.00644,0.00064,0.004,0.00104,0.0512,0.02628,0.00524,0.02532,0.00344,0.0526944135688115,0.07124
2026,,"Jhostin Genao","TEX",1,"steamer",2,1,0.9372,0.042,0.0158,0.0014,0.01,0.0035,0.1447,0.0681,0.0133,0.0671,0.0118,0.154396073410158,0.1867
2026,,"Jim Haley",,1,"steamer",2,3.40759,0.913226062994668,0.0630064062871414,0.0383555533382831,0.00369762794232874,0.0130003903051717,0.00481278557572948,0.193186386859922,0.0982512567533066,0.0229487702452466,0.0959035564724629,0.018664217232707,0.211542787364633,0.256192793147063
2026,,"Jim Jarvis","ATL",2,"steamer,oopsy",5,1,0.96344,0.02744,0.01732,0.00148,0.0048,0.0024,0.08216,0.0378,0.00332,0.03264,0.00776,0.085277754712281,0.1096
2026,,"Jimmy Glowenke",,1,"steamer",2,3.04031,0.900237146869892,0.0710124954363206,0.0409497715693466,0.00256552785735665,0.0179915863842832,0.00312468136472925,0.188928102726367,0.0956481411435018,0.0182876088293628,0.0892343215001102,0.0103936769605731,0.209864815491414,0.259940598162687
2026,,"Jimmy Govern",,1,"steamer",2,1,0.9232,0.054,0.0406,0.0042,0.012,0.0038,0.198,0.0967,0.0225,0.0972,0.0127,0.214471403812825,0.252
2026,,"Jimmy Herron",,2,"steamer,oopsy",5,1.565872,0.959683270661123,0.0316066725197542,0.0139977139828052,0.00157370748919111,0.00440638096973512,0.00288236950651846,0.0784700250136664,0.0402040850133351,0.00798449483989597,0.036957277983004,0.0106515149005251,0.0817665863442724,0.110076697533421
2026,,"Jimmy Obertop","COL",2,"steamer,oopsy",5,1,0.96984,0.02184,0.0106,0.00152,0.004,0.00128,0.0712,0.03472,0.0086,0.03476,0.00432,0.0734141714097171,0.09304
2026,,"Jirvin Morillo","CIN",1,"steamer",2,1,0.9055,0.0747,0.0182,0.001,0.009,0.0028,0.1328,0.0727,0.0142,0.0661,0.0093,0.146659304251795,0.2075
2026,,"JJ Schwarz",,1,"steamer",2,1,0.8942,0.086,0.0347,0.0031,0.009,0.0039,0.1811,0.0949,0.0194,0.0878,0.0127,0.202527398792217,0.2671
2026,,"JJ Wetherholt","STL",4,"batx,steamer,oopsy,atc",9,513.644666666667,0.881593638195578,0.0941042980374264,0.0442045029317125,0.00255062524503891,0.0148659139695547,0.00456994021196463,0.217757733297955,0.115211367126243,0.021630306469036,0.0955498052842814,0.0210368589088974,0.247004655958788,0.311862031335381
2026,,"Jjam Alvarez",,1,"steamer",2,1,0.9232,0.056,0.0162,0.0013,0.01,0.0023,0.1431,0.0677,0.0103,0.0628,0.0078,0.155004332755633,0.1991
2026,,"Joan Delgado","CHC",2,"steamer,oopsy",5,1,0.97608,0.0156,0.00668,0.00068,0.004,0.00176,0.05168,0.02552,0.0052,0.02524,0.00588,0.052946479796738,0.06728
2026,,"Joan Gutierrez",,1,"steamer",2,1,0.9082,0.071,0.0149,0.0013,0.01,0.0032,0.118,0.0629,0.0072,0.0531,0.0105,0.129927328782207,0.189
2026,,"Joan Sierra",,1,"steamer",2,1,0.9232,0.055,0.0141,0.0013,0.011,0.0031,0.1198,0.065,0.0142,0.0624,0.0104,0.129766031195841,0.1748
2026,,"Joandrew Pena",,1,"steamer",2,1,0.9422,0.036,0.0131,0.0012,0.011,0.0026,0.1191,0.0601,0.0147,0.062,0.0088,0.126406283167056,0.1551
2026,,"Joaquin Arias Jr.","TEX",1,"steamer",2,1,0.9261,0.0541,0.0181,0.0014,0.009,0.0027,0.1453,0.0676,0.0091,0.0621,0.0089,0.156894503833279,0.1994
2026,,"Joe Delossantos",,2,"steamer,oopsy",5,1,0.96888,0.0224,0.00832,0.00108,0.0044,0.002,0.05928,0.02984,0.00576,0.0282,0.00672,0.0611840475600694,0.08168
2026,,"Joe Gray Jr.",,1,"steamer",2,1,0.9152,0.064,0.038,0.0037,0.01,0.0047,0.1909,0.0981,0.0248,0.0978,0.0158,0.208588286713287,0.2549
2026,,"Joe Lampe","CLE",2,"steamer,oopsy",5,2.221704,0.961496302654492,0.0302003324897762,0.0161015820396324,0.00186470527297213,0.00399579701351171,0.00233828121531426,0.0764035853645302,0.0376492874161993,0.00651166920720427,0.03456117762551,0.00834677598378002,0.0794632128626971,0.106603917854306
2026,,"Joe Mack","MIA",4,"batx,steamer,oopsy,atc",9,238.353666666667,0.90575212234802,0.0750078112642434,0.0401251774530688,0.00150416632832433,0.0106332798203044,0.00283442793346089,0.198613705502555,0.100039909767929,0.0296231225469679,0.108651784322622,0.00814655865414445,0.219280419666785,0.273621516766798
2026,,"Joe Naranjo",,2,"steamer,oopsy",5,1.124116,0.95289897656244,0.0395942882873257,0.0137679445008357,0.000854772607590686,0.00320539727846507,0.000580024269436537,0.0704576849399751,0.0363278358226042,0.00552549435621122,0.0315655312945989,0.00201482114646376,0.0739403511525949,0.110051973227301
2026,,"Joe Olsavsky","ATL",2,"steamer,oopsy",5,1,0.95668,0.0322,0.01004,0.001,0.0068,0.00124,0.06356,0.03336,0.00448,0.0284,0.00404,0.0664380984237154,0.09576
2026,,"Joe Redfield","LAA",2,"steamer,oopsy",5,1,0.9658,0.02588,0.01448,0.0016,0.004,0.00244,0.07912,0.03656,0.00648,0.03416,0.00792,0.0819217229240008,0.105
2026,,"Joe Rizzo",,1,"steamer",2,1,0.9152,0.065,0.043,0.0035,0.009,0.0036,0.2088,0.1056,0.0286,0.1078,0.0116,0.228146853146853,0.2738
2026,,"Joe Stewart",,1,"steamer",2,1,0.9242,0.054,0.0269,0.0026,0.011,0.0059,0.1756,0.0805,0.0119,0.0742,0.0205,0.190002164033759,0.2296
2026,,"Joe Suozzi",,1,"steamer",2,1.04487,0.900207681338348,0.0750332577258415,0.034549752600802,0.00344540469149272,0.0139730301377205,0.00373252174911712,0.193134074095342,0.0976197995922938,0.0212466622642051,0.0926431039268043,0.0125374448495985,0.214543908143738,0.268167331821184
2026,,"Joe Vetrano","LAD",2,"steamer,oopsy",5,1,0.96512,0.02736,0.0108,0.00096,0.0032,0.00208,0.06764,0.03616,0.00748,0.03404,0.00684,0.070084549071618,0.095
2026,,"Joel Dragoo","PHI",2,"steamer,oopsy",5,1,0.96244,0.02924,0.01116,8e-04,0.004,0.00124,0.06212,0.03172,0.00476,0.02832,0.00404,0.0645442832799967,0.09136
2026,,"Joel Mendez",,2,"steamer,oopsy",5,1,0.96968,0.0224,0.00972,0.001,0.0036,0.00092,0.06056,0.02996,0.00616,0.02916,0.00312,0.0624535929378764,0.08296
2026,,"Joendry Vargas","LAD",2,"steamer,oopsy",5,1,0.97224,0.01984,0.00976,0.00076,0.0036,0.00292,0.0676,0.03468,0.00752,0.03376,0.00976,0.0695301571628405,0.08744
2026,,"Johan Barrios",,1,"steamer",2,1,0.9342,0.045,0.0148,0.0015,0.01,0.0033,0.1347,0.0641,0.0115,0.0619,0.011,0.144187540141297,0.1797
2026,,"Johan Benitez",,1,"steamer",2,1,0.9322,0.048,0.0236,0.0022,0.009,0.0037,0.1596,0.0745,0.0139,0.0725,0.0121,0.171207895301437,0.2076
2026,,"Johan Contreras",,1,"steamer",2,1,0.9342,0.044,0.0136,0.0013,0.011,0.0027,0.1174,0.0584,0.0102,0.056,0.0089,0.125669021622779,0.1614
2026,,"Johan De Los Santos","PIT",1,"steamer",2,1,0.9168,0.0624,0.0215,0.0018,0.01,0.0069,0.1622,0.0727,0.0047,0.0615,0.0233,0.176919720767888,0.2246
2026,,"Johan Estrada",,1,"steamer",2,1,0.9262,0.054,0.0146,0.0013,0.009,0.0034,0.1232,0.0655,0.0144,0.0635,0.0112,0.133016627078385,0.1772
2026,,"Johan Fernandez","ARI",1,"steamer",2,1,0.9373,0.0409,0.0155,0.0016,0.011,0.0026,0.1306,0.0639,0.0118,0.0631,0.0086,0.139336391763576,0.1715
2026,,"Johan Ferreira",,1,"steamer",2,1,0.9292,0.049,0.0139,0.0014,0.011,0.0033,0.1202,0.0624,0.0125,0.06,0.011,0.129358588032716,0.1692
2026,,"Johan Machado","MIA",1,"steamer",2,1,0.9228,0.0564,0.0188,0.002,0.01,0.0046,0.1439,0.0637,0.0043,0.0553,0.0152,0.155938448201127,0.2003
2026,,"Johan Macias","LAA",2,"steamer,oopsy",5,1,0.97216,0.01912,0.01116,0.00124,0.0044,0.00132,0.07396,0.02988,0.00248,0.02708,0.00432,0.0760780118499012,0.09308
2026,,"Johan Mieses",,1,"steamer",2,1,0.8872,0.092,0.0353,0.0034,0.01,0.0039,0.1912,0.1105,0.0342,0.1103,0.0133,0.215509467989179,0.2832
2026,,"Johan Rodriguez","CLE",2,"steamer,oopsy",7,1,0.962942857142857,0.0248857142857143,0.00982857142857143,0.000771428571428571,0.006,0.00157142857142857,0.0815428571428571,0.0375714285714286,0.00588571428571429,0.0360857142857143,0.00517142857142857,0.0846808889416372,0.106428571428571
2026,,"Johanfran Garcia","BOS",2,"steamer,oopsy",5,1,0.96848,0.0228,0.0108,0.00092,0.0044,0.00084,0.07164,0.0358,0.00952,0.03656,0.00288,0.0739715843383446,0.09444
2026,,"Johanse Gomez","BAL",1,"steamer",2,1,0.9182,0.061,0.0129,0.001,0.01,0.0026,0.1067,0.06,0.0098,0.0533,0.0085,0.116205619690699,0.1677
2026,,"Johmphy De La Cruz",,1,"steamer",2,1,0.9332,0.046,0.0139,0.0013,0.01,0.0033,0.1154,0.0548,0.0054,0.0491,0.0108,0.123660522931847,0.1614
2026,,"John Bay","NYM",2,"steamer,oopsy",5,1,0.9656,0.02448,0.00732,8e-04,0.0056,0.00164,0.05772,0.03196,0.00804,0.03092,0.00544,0.0597763048881524,0.0822
2026,,"John Cristino","NYY",2,"steamer,oopsy",5,1,0.97312,0.01776,0.0088,0.00068,0.0048,0.0012,0.05752,0.02892,0.00644,0.0286,0.00404,0.0591088457744163,0.07528
2026,,"John Cruz","MIA",2,"steamer,oopsy",5,1,0.96632,0.02576,0.00892,0.00084,0.0036,0.00184,0.06176,0.03036,0.00572,0.02868,0.006,0.0639125755443331,0.08752
2026,,"John Estevez","ATL",2,"steamer,oopsy",5,1,0.96384,0.02824,0.006,0.00056,0.0036,0.0012,0.0502,0.02744,0.0044,0.02428,0.00396,0.0520833333333333,0.07844
2026,,"John Garcia","HOU",2,"steamer,oopsy",5,1,0.95724,0.03164,0.0148,0.00088,0.0068,0.00152,0.07008,0.03708,0.0066,0.03328,0.00504,0.0732104801303748,0.10172
2026,,"John Gil","ATL",2,"steamer,oopsy",5,1,0.96344,0.02904,0.01152,0.00072,0.0032,0.00456,0.0712,0.03484,0.00356,0.02908,0.01516,0.0739018516980819,0.10024
2026,,"John McHenry",,1,"steamer",2,1,0.9102,0.067,0.0243,0.0021,0.012,0.0045,0.1522,0.0762,0.011,0.0678,0.0149,0.167215996484289,0.2192
2026,,"John Michael Faile","CIN",2,"steamer,oopsy",5,1,0.97432,0.01736,0.01156,0.00052,0.004,0.00072,0.07076,0.03508,0.011,0.03784,0.00236,0.0726250102635684,0.08812
2026,,"John Peck","DET",2,"steamer,oopsy",5,1,0.96908,0.023,0.01792,0.00104,0.0036,0.00232,0.08772,0.03784,0.00544,0.0354,0.00776,0.0905188426136129,0.11072
2026,,"John Rhodes","LAD",2,"steamer,oopsy",5,2.37474,0.959173738125021,0.0329242593281269,0.014172216775415,0.000820401861681148,0.00359714662429426,0.0011720026595445,0.0701849284965685,0.039721874753485,0.00898835885819895,0.0375221159155707,0.00409299390333232,0.0731722791261623,0.103109187824695
2026,,"John Santana","TBR",1,"steamer",2,1,0.9327,0.0465,0.0167,0.0015,0.01,0.0026,0.132,0.0644,0.0137,0.0644,0.0085,0.141524605982631,0.1785
2026,,"John Spikerman","PHI",2,"steamer,oopsy",5,1,0.96164,0.02924,0.00964,0.001,0.0048,0.00292,0.06244,0.03368,0.00624,0.03004,0.01048,0.0649307433135061,0.09168
2026,,"John Taylor","TEX",2,"steamer,oopsy",5,1,0.97084,0.02044,0.01228,0.00088,0.0044,0.00168,0.07288,0.0322,0.00404,0.02976,0.00548,0.0750690124016316,0.09332
2026,,"John Wimmer","LAA",2,"steamer,oopsy",5,1,0.97296,0.01872,0.00956,0.00092,0.004,0.00108,0.05876,0.02576,0.00308,0.02384,0.00364,0.0603930274625884,0.07748
2026,,"John Zorrilla",,1,"steamer",2,1,0.9272,0.052,0.0151,0.0015,0.01,0.0035,0.1266,0.0643,0.0116,0.0607,0.0119,0.136540120793788,0.1786
2026,,"Johnathon Thomas","WSN",2,"steamer,oopsy",5,1,0.96956,0.02012,0.0146,0.00164,0.006,0.00496,0.07544,0.03472,0.00484,0.0312,0.01692,0.0778084904492759,0.09556
2026,,"Johnfrank Salazar","STL",2,"steamer,oopsy",5,1,0.96876,0.02292,0.01252,0.00068,0.004,0.0018,0.07548,0.03344,0.00496,0.03144,0.00604,0.0779140344357736,0.0984
2026,,"Johnny Ascanio","CIN",2,"steamer,oopsy",5,1,0.95656,0.03472,0.01492,0.00104,0.0044,0.00124,0.07664,0.03736,0.00528,0.03276,0.00404,0.0801204315463745,0.11136
2026,,"Johnny Olmstead","MIA",2,"steamer,oopsy",5,1,0.96672,0.02496,0.01608,0.00192,0.004,0.00312,0.07804,0.03712,0.00668,0.03536,0.00996,0.0807265806024495,0.103
2026,,"Johnny Tincher","CLE",2,"steamer,oopsy",5,1,0.95904,0.03184,0.01044,6e-04,0.0048,0.001,0.06204,0.03112,0.00444,0.02732,0.00332,0.0646896896896897,0.09388
2026,,"JoJo Blackmon",,1,"steamer",2,1,0.9192,0.06,0.0217,0.0021,0.01,0.0051,0.146,0.0776,0.0185,0.0754,0.0162,0.158833768494343,0.206
2026,,"Jommer Hernandez",,1,"steamer",2,1,0.9162,0.062,0.0252,0.0022,0.011,0.003,0.1646,0.0795,0.0141,0.0746,0.0099,0.179655097140362,0.2266
2026,,"Jon Jon Gazdar","STL",2,"steamer,oopsy",5,1,0.9628,0.02568,0.01688,0.00112,0.0072,0.002,0.08948,0.0372,0.0026,0.0324,0.00664,0.0929372663066057,0.11516
2026,,"Jonah Advincula","CLE",2,"steamer,oopsy",5,1,0.94576,0.04512,0.01404,0.00148,0.0048,0.00504,0.07612,0.04196,0.00672,0.03456,0.01784,0.0804855354423955,0.12124
2026,,"Jonah Cox","SFG",2,"steamer,oopsy",5,1,0.9656,0.02608,0.01184,0.00228,0.004,0.00464,0.07728,0.03648,0.00524,0.03248,0.01652,0.08003314001657,0.10336
2026,,"Jonatan Yan",,1,"steamer",2,1,0.9312,0.048,0.0146,0.0014,0.01,0.0032,0.1249,0.0628,0.0119,0.0604,0.0106,0.134128006872852,0.1729
2026,,"Jonathan Guzmán",,1,"steamer",2,1,0.9222,0.058,0.0327,0.0028,0.009,0.0036,0.1718,0.0797,0.011,0.0738,0.0117,0.186293645630015,0.2298
2026,,"Jonathan Hogart","PHI",1,"oopsy",3,1,1,0,0,0,0,0,0,0,0,0,0,0,0
2026,,"Jonathan Linares","LAA",2,"steamer,oopsy",5,1,0.967,0.02428,0.00768,0.00096,0.0044,0.00116,0.05768,0.02892,0.00596,0.0274,0.00384,0.0596483971044467,0.08196
2026,,"Jonathan Martinez","CLE",2,"steamer,oopsy",5,1,0.97072,0.02056,0.00704,6e-04,0.0044,0.00208,0.05584,0.0258,0.00304,0.02324,0.00692,0.0575243118509972,0.0764
2026,,"Jonathan Mejía","STL",2,"steamer,oopsy",5,1,0.9652,0.02688,0.00816,0.00128,0.0036,0.00196,0.05776,0.02888,0.0044,0.02604,0.00656,0.0598425196850394,0.08464
2026,,"Jonathan Moya","DET",1,"steamer",2,1,0.9419,0.0353,0.0183,0.0013,0.012,0.0023,0.1401,0.0628,0.0111,0.0623,0.0078,0.148741904660792,0.1754
2026,,"Jonathan Rangel","MIL",1,"steamer",2,1,0.9148,0.0634,0.0159,0.0026,0.011,0.0026,0.1328,0.0685,0.0124,0.0639,0.0087,0.145168342807171,0.1962
2026,,"Jonathan Rivero","PIT",2,"steamer,oopsy",5,1,0.97076,0.02092,0.00588,0.00052,0.004,0.00104,0.04948,0.02408,0.00336,0.02228,0.00348,0.0509703737278009,0.0704
2026,,"Jonathan Taveras",,1,"steamer",2,1,0.9462,0.034,0.0163,0.0017,0.009,0.004,0.1343,0.058,0.0057,0.0546,0.013,0.141936165715494,0.1683
2026,,"Jonathon Long","CHC",3,"batx,steamer,oopsy",8,16.4684,0.874760208379465,0.112370327647522,0.0231217500124524,0.00120448592392386,0.00696520770306396,0.000538673020016366,0.239342595384134,0.121979410937058,0.0184836962009375,0.12446888426827,0.00207649045910888,0.273609376708535,0.351712923031656
2026,,"Jonierbis Garces","WSN",1,"steamer",2,1,0.9329,0.0453,0.0143,0.0014,0.011,0.0069,0.1256,0.0627,0.0122,0.0595,0.0232,0.134633937185122,0.1709
2026,,"Jonny Butler",,2,"steamer,oopsy",5,1,0.95768,0.034,0.01652,0.00164,0.004,0.00172,0.075,0.03936,0.00756,0.03616,0.00608,0.0783142594603625,0.109
2026,,"Jonny Farmelo","SEA",2,"steamer,oopsy",5,1,0.96304,0.02864,0.0104,0.00076,0.004,0.00168,0.0654,0.03536,0.00904,0.03464,0.00564,0.0679099518192391,0.09404
2026,,"Joo-Hyung Kim",,1,"steamer",2,1,0.9222,0.054,0.0358,0.0035,0.013,0.0041,0.1772,0.0864,0.0175,0.084,0.0134,0.192149208414661,0.2312
2026,,"Jord David Diaz","TEX",1,"steamer",2,1,0.9402,0.037,0.0149,0.0015,0.012,0.0031,0.1356,0.0624,0.01,0.0603,0.0104,0.144224633056796,0.1726
2026,,"Jordan Brewer",,1,"steamer",2,1,0.9062,0.071,0.0399,0.0031,0.012,0.0044,0.1941,0.0983,0.0213,0.0942,0.0152,0.214191127786361,0.2651
2026,,"Jordan Dissin","PHI",2,"steamer,oopsy",5,1,0.95804,0.03324,0.00912,6e-04,0.0044,0.001,0.05988,0.03204,0.00544,0.02828,0.0032,0.0625026094943844,0.09312
2026,,"Jordan McCants",,1,"steamer",2,1,0.9322,0.049,0.0252,0.0026,0.008,0.0063,0.166,0.0728,0.0072,0.0656,0.0209,0.178073374812272,0.215
2026,,"Jordan Nwogu","CHC",2,"steamer,oopsy",5,1,0.96488,0.0252,0.01292,0.00136,0.0056,0.00316,0.07616,0.038,0.00792,0.03604,0.00992,0.0789320951828207,0.10136
2026,,"Jordan Qsar",,1,"steamer",2,1,0.8822,0.096,0.0375,0.0037,0.011,0.0046,0.1841,0.1062,0.0287,0.1016,0.0152,0.208682838358649,0.2801
2026,,"Jordan Sanchez","BAL",2,"steamer,oopsy",5,1,0.9696,0.02208,0.00736,0.00064,0.004,0.00108,0.05708,0.03012,0.00732,0.0296,0.00352,0.0588696369636964,0.07916
2026,,"Jordan Sprinkle","CHW",2,"steamer,oopsy",5,1,0.96164,0.03004,0.01044,0.00072,0.004,0.00568,0.06704,0.03252,0.00252,0.02568,0.02104,0.0697142381764486,0.09708
2026,,"Jordan Thompson","LAD",2,"steamer,oopsy",5,1,0.96908,0.0218,0.012,0.00048,0.0048,0.00192,0.06824,0.03492,0.00688,0.03344,0.006,0.0704173030090395,0.09004
2026,,"Jordan Viars",,2,"steamer,oopsy",5,1,0.96848,0.0224,0.00996,0.00096,0.0048,0.00104,0.06368,0.03272,0.00828,0.03284,0.00336,0.0657525194118619,0.08608
2026,,"Jordy Barley",,1,"steamer",2,1,0.9132,0.067,0.0345,0.0032,0.009,0.0077,0.179,0.088,0.0142,0.0798,0.0273,0.196014016644766,0.246
2026,,"Jorel Ortega","MIN",2,"steamer,oopsy",5,2.221704,0.95984865302176,0.0322426287411266,0.0161015820396324,0.00118393985585532,0.00360115039489327,0.00199296542402313,0.0750321883648311,0.0382905881714542,0.0071628361279247,0.0352024783807649,0.00648207071080789,0.0781708534242534,0.107274817105958
2026,,"Jorge Burgos","TOR",2,"steamer,oopsy",5,1,0.96176,0.03032,0.01528,0.00124,0.0036,8e-04,0.07484,0.04024,0.01052,0.04,0.0026,0.0778156712693395,0.10516
2026,,"Jorge Caballero",,1,"steamer",2,1,0.9032,0.075,0.0277,0.0023,0.011,0.0036,0.181,0.0862,0.0135,0.0777,0.0117,0.200398582816652,0.256
2026,,"Jorge Corona","CHW",2,"steamer,oopsy",5,1,0.97044,0.01884,0.00748,0.00056,0.0064,0.00096,0.05404,0.027,0.00592,0.02656,0.00324,0.0556860805407856,0.07288
2026,,"Jorge Garcia",,1,"steamer",2,1,0.9402,0.038,0.0169,0.0017,0.011,0.0034,0.1354,0.0635,0.0115,0.0624,0.0112,0.144011912359073,0.1734
2026,,"Jorge Hernandez","KCR",2,"steamer,oopsy",5,1,0.97284,0.01684,0.01004,0.00096,0.006,0.00132,0.0688,0.02932,0.0028,0.02672,0.00432,0.0707207762838699,0.08564
2026,,"Jorge Julio",,2,"steamer,oopsy",5,1,0.97168,0.02,0.00716,0.00068,0.004,0.0012,0.05652,0.0266,0.00396,0.02492,0.00396,0.0581672978758439,0.07652
2026,,"Jorge Lara","ARI",1,"steamer",2,1,0.9034,0.0738,0.0216,0.0023,0.012,0.0042,0.1596,0.0769,0.0065,0.0646,0.014,0.176665928713748,0.2334
2026,,"Jorge Puerta",,1,"steamer",2,1,0.9102,0.068,0.0247,0.0022,0.011,0.0035,0.1647,0.0823,0.0154,0.0767,0.0115,0.180949241924852,0.2327
2026,,"Jorge Quintana","SDP",2,"steamer,oopsy",5,1,0.96848,0.0236,0.0096,0.00068,0.0036,0.00248,0.05972,0.02852,0.00344,0.0252,0.00792,0.0616636378655212,0.08332
2026,,"Jorge Ramirez","SFG",1,"steamer",2,1,0.9347,0.0435,0.014,0.0017,0.011,0.0027,0.1289,0.0609,0.0106,0.0592,0.0091,0.137905210227881,0.1724
2026,,"Jorge Rodriguez","BOS",2,"steamer,oopsy",5,1,0.97768,0.014,0.00608,0.00064,0.004,0.0016,0.05612,0.0256,0.0044,0.02524,0.00528,0.057401194664921,0.07012
2026,,"Jorge Ruiz","LAA",2,"steamer,oopsy",5,1,0.97096,0.02072,0.01224,0.00112,0.004,0.00188,0.076,0.03172,0.0036,0.02908,0.00592,0.0782730493532174,0.09672
2026,,"Jorgelys Mota","WSN",2,"steamer,oopsy",5,1,0.97472,0.01656,0.01028,0.00092,0.0044,0.00244,0.06712,0.02996,0.0058,0.0294,0.00788,0.0688608010505581,0.08368
2026,,"Jose Acosta",,1,"steamer",2,1,0.9292,0.05,0.0316,0.003,0.01,0.0063,0.1842,0.086,0.0164,0.0836,0.0194,0.198235040895394,0.2342
2026,,"Jose Alpuria","ARI",2,"steamer,oopsy",5,1,0.96616,0.02312,0.00944,0.00084,0.0064,0.0026,0.0618,0.03112,0.00476,0.02812,0.00844,0.0639645607352819,0.08492
2026,,"José Alvarez",,1,"steamer",2,1,0.9132,0.067,0.0386,0.0035,0.009,0.0046,0.2112,0.0944,0.0132,0.0868,0.015,0.231274638633377,0.2782
2026,,"José Anderson","MIL",2,"steamer,oopsy",5,1,0.96996,0.02172,0.00956,0.00088,0.004,0.00136,0.06168,0.03176,0.00836,0.0324,0.00448,0.0635902511443771,0.0834
2026,,"Jose Astudillo","SFG",2,"steamer,oopsy",5,1,0.97388,0.017,0.01228,0.00112,0.0048,0.00176,0.08056,0.03192,0.00276,0.02964,0.0058,0.0827206637368054,0.09756
2026,,"Jose Aular","NYM",1,"steamer",2,1,0.917,0.0602,0.0138,0.0014,0.012,0.0028,0.1208,0.0634,0.0083,0.0555,0.0092,0.131733914940022,0.181
2026,,"Jose Barrios","MIN",1,"steamer",2,1,0.9404,0.0388,0.0175,0.0017,0.01,0.0036,0.1465,0.0645,0.0084,0.0612,0.012,0.155784772437261,0.1853
2026,,"Jose Bericoto",,1,"steamer",2,1,0.9242,0.056,0.0131,0.0016,0.009,0.0027,0.1196,0.061,0.0098,0.0562,0.0091,0.129409218783813,0.1756
2026,,"Jose Caguana",,2,"steamer,oopsy",5,1,0.96848,0.0236,0.00936,6e-04,0.0036,0.00112,0.06252,0.03152,0.00716,0.03096,0.00376,0.0645547662316207,0.08612
2026,,"Jose Camacho","LAA",1,"steamer",2,1,0.9234,0.0528,0.0144,0.0013,0.013,0.0028,0.1313,0.0647,0.0123,0.0611,0.0092,0.142191899501841,0.1841
2026,,"Jose Castro","NYY",1,"steamer",2,1,0.9248,0.0524,0.0138,0.0011,0.012,0.0045,0.1271,0.0701,0.0173,0.0682,0.0152,0.137435121107266,0.1795
2026,,"José Castro","MIA",1,"steamer",2,1,0.9168,0.0614,0.015,0.001,0.011,0.0027,0.1241,0.0717,0.0222,0.0734,0.0087,0.135362129144852,0.1855
2026,,"Jose Cerice","KCR",2,"steamer,oopsy",5,1,0.97724,0.01284,0.01216,0.00096,0.0056,0.00108,0.07972,0.03356,0.00564,0.03344,0.0036,0.0815766853587655,0.09256
2026,,"Jose Colmenares","PHI",2,"steamer,oopsy",10,1,0.96406,0.02682,0.01038,0.00092,0.0048,0.00172,0.06404,0.03248,0.00556,0.02974,0.0056,0.0664274007841836,0.09086
2026,,"Jose Contreras",,2,"steamer,oopsy",5,1,0.97208,0.0196,0.00928,8e-04,0.004,0.0014,0.06288,0.03016,0.00624,0.02968,0.00452,0.0646860340712699,0.08248
2026,,"Jose Cordoba","STL",2,"steamer,oopsy",5,1,0.96996,0.02132,0.01384,0.00092,0.0044,0.0022,0.07528,0.03388,0.00536,0.03228,0.00712,0.0776114478947585,0.0966
2026,,"Jose Cordova","COL",2,"steamer,oopsy",5,1,0.95876,0.03292,0.01832,0.00156,0.004,0.00152,0.08564,0.04052,0.00632,0.03652,0.0048,0.0893237097918144,0.11856
2026,,"Jose D. Hernandez","LAD",2,"steamer,oopsy",5,1,0.97384,0.01704,0.00772,0.00056,0.0048,0.00136,0.06004,0.03144,0.00792,0.03212,0.0044,0.0616528382485829,0.07708
2026,,"Jose De Jesus",,2,"steamer,oopsy",5,1,0.97168,0.02,0.00948,0.00088,0.004,0.0024,0.0684,0.03132,0.00524,0.02972,0.00752,0.0703935452000659,0.0884
2026,,"Jose De La Cruz","COL",2,"steamer,oopsy",9,1,0.9522,0.0334888888888889,0.0117333333333333,0.00102222222222222,0.00711111111111111,0.00182222222222222,0.0895777777777778,0.0438888888888889,0.00775555555555556,0.0415777777777778,0.00595555555555556,0.0940745408294243,0.123066666666667
2026,,"Jose Devers","CLE",2,"steamer,oopsy",5,1,0.97276,0.01932,0.0146,8e-04,0.0036,0.00176,0.07212,0.03276,0.00612,0.03224,0.00564,0.0741395616596077,0.09144
2026,,"Jose Dickson","DET",2,"steamer,oopsy",5,1,0.97152,0.02016,0.00704,0.00064,0.004,0.00156,0.05464,0.02492,0.00244,0.02228,0.00516,0.0562417654808959,0.0748
2026,,"Jose Escobar","CHC",2,"steamer,oopsy",5,1,0.96688,0.0244,0.0108,0.00092,0.0044,0.00148,0.07196,0.03256,0.00412,0.02952,0.00464,0.0744249544928016,0.09636
2026,,"Jose Escorche",,1,"steamer",2,1,0.9372,0.042,0.027,0.0024,0.01,0.0043,0.1735,0.0732,0.0075,0.068,0.0141,0.185125906956893,0.2155
2026,,"Jose Familia","PHI",2,"steamer,oopsy",5,1,0.97404,0.01804,0.0054,0.00052,0.0036,0.00108,0.04684,0.02256,0.00284,0.02084,0.00356,0.0480883741940783,0.06488
2026,,"Jose Fernandez","ARI",2,"steamer,oopsy",5,1,0.97412,0.01876,0.01756,0.00204,0.0028,0.00172,0.08992,0.03972,0.0072,0.0398,0.00552,0.0923089557754692,0.10868
2026,,"Jose Ferrer",,1,"steamer",2,1,0.9292,0.05,0.0211,0.0021,0.01,0.0035,0.1382,0.0664,0.0095,0.0617,0.0118,0.148730090400344,0.1882
2026,,"Jose Gerardo","MIA",2,"steamer,oopsy",5,1,0.97156,0.01972,0.00608,0.00056,0.0044,0.00208,0.04932,0.02596,0.0062,0.02564,0.00696,0.0507637202025608,0.06904
2026,,"Jose Gomez",,1,"steamer",2,1,0.9242,0.056,0.0385,0.0038,0.009,0.0046,0.1986,0.0877,0.0115,0.0816,0.0147,0.214888552261415,0.2546
2026,,"Jose Gonzalez","LAD",1,"steamer",2,1,0.8939,0.0843,0.015,0.0012,0.011,0.0031,0.118,0.0744,0.0139,0.0642,0.0102,0.132005817205504,0.2023
2026,,"Jose Guerra",,1,"steamer",2,1,0.9402,0.038,0.0169,0.0013,0.011,0.0026,0.1344,0.0614,0.009,0.0593,0.0085,0.142948308870453,0.1724
2026,,"Jose Hernandez",,1,"steamer",2,1,0.9082,0.069,0.0213,0.0021,0.012,0.0041,0.1395,0.0767,0.0164,0.0714,0.0134,0.153600528517948,0.2085
2026,,"Jose Izarra","LAD",1,"steamer",2,1,0.9128,0.0654,0.0381,0.0028,0.011,0.0042,0.1849,0.0951,0.0172,0.089,0.0139,0.202563540753725,0.2503
2026,,"Jose M. Mendoza","CHW",1,"steamer",2,1,0.9401,0.0391,0.0159,0.0012,0.01,0.0023,0.1433,0.0628,0.0107,0.0622,0.0078,0.152430592490161,0.1824
2026,,"Jose Marcano","CLE",1,"steamer",4,1,0.9325,0.0472,0.01885,0.0014,0.0095,0.0025,0.1503,0.0665,0.00835,0.0623,0.00835,0.161179624664879,0.1975
2026,,"Jose Marchan",,1,"steamer",2,1,0.9352,0.044,0.0149,0.0014,0.01,0.0034,0.1287,0.0628,0.0116,0.0609,0.0112,0.137617621899059,0.1727
2026,,"Jose Medina",,1,"steamer",2,1,0.9132,0.066,0.0143,0.0014,0.01,0.003,0.1259,0.064,0.0077,0.0554,0.01,0.137866841874726,0.1919
2026,,"José Mejía","ARI",2,"steamer,oopsy",5,1,0.96416,0.02672,0.00812,8e-04,0.0048,0.00232,0.06284,0.03024,0.00276,0.02572,0.00768,0.0651759044142051,0.08956
2026,,"Jose Mena",,1,"steamer",2,1,0.9342,0.045,0.0354,0.0033,0.01,0.0036,0.1865,0.0849,0.0159,0.084,0.0121,0.199636052237208,0.2315
2026,,"Jose Meza","LAD",2,"steamer,oopsy",5,1,0.95796,0.03252,0.00972,0.00068,0.0052,0.00192,0.06288,0.03608,0.00724,0.03252,0.00608,0.0656394839032945,0.0954
2026,,"Jose Monserrate","MIA",2,"steamer,oopsy",5,1,0.96792,0.02376,0.0066,6e-04,0.004,0.0022,0.05348,0.0262,0.00388,0.02376,0.00728,0.0552525002066287,0.07724
2026,,"Jose Montilla","KCR",1,"steamer",2,1,0.9381,0.0391,0.0164,0.0013,0.012,0.0026,0.127,0.0626,0.0119,0.0615,0.0087,0.135380023451658,0.1661
2026,,"Jose Monzon","TBR",2,"steamer,oopsy",5,1,0.9658,0.02708,0.00948,0.00068,0.0028,0.00152,0.06284,0.02848,0.0028,0.02508,0.00484,0.065065230896666,0.08992
2026,,"Jose Mujica","ATH",1,"steamer",2,1,0.925,0.0542,0.039,0.003,0.01,0.0037,0.1992,0.0954,0.02,0.093,0.0119,0.215351351351351,0.2534
2026,,"Jose Ochoa",,1,"steamer",2,1,0.9342,0.045,0.0171,0.0017,0.01,0.0032,0.1396,0.0643,0.0092,0.0606,0.0104,0.149432669663884,0.1846
2026,,"Jose Ortiz","SFG",2,"steamer,oopsy",5,1,0.96912,0.02096,0.00888,0.00096,0.0056,0.00144,0.0646,0.03028,0.00544,0.02892,0.00476,0.0666584117549942,0.08556
2026,,"Jose Pastrano",,1,"steamer",2,1,0.9022,0.078,0.0223,0.0021,0.009,0.0042,0.1529,0.0755,0.0078,0.0637,0.0138,0.169474617601419,0.2309
2026,,"Jose Paulino","KCR",1,"steamer",2,1,0.916,0.0632,0.0161,0.0016,0.01,0.0035,0.1287,0.0669,0.0104,0.0598,0.0115,0.140502183406114,0.1919
2026,,"José Peña","BAL",1,"steamer",2,1,0.931,0.0482,0.017,0.0014,0.01,0.0033,0.1361,0.0644,0.0076,0.0582,0.011,0.146186895810956,0.1843
2026,,"Jose Perdomo","ATL",2,"steamer,oopsy",5,1,0.97976,0.01192,0.0064,0.00064,0.004,0.00116,0.05672,0.02412,0.0024,0.023,0.00392,0.0578917285865926,0.06864
2026,,"Jose Perez","BAL",2,"steamer,oopsy",10,1,0.96222,0.02926,0.00738,0.00066,0.0042,0.00122,0.05506,0.02812,0.00372,0.02442,0.004,0.0572218411589865,0.08432
2026,,"Jose Peroza",,1,"steamer",2,1,0.8982,0.079,0.0397,0.0034,0.012,0.0032,0.1923,0.0998,0.0228,0.0956,0.0107,0.214094856379426,0.2713
2026,,"Jose Pirela","CLE",2,"steamer,oopsy",5,1,0.97196,0.01852,0.00964,0.00096,0.0052,0.00172,0.05964,0.0288,0.00588,0.02824,0.00548,0.0613605498168649,0.07816
2026,,"Jose Ramirez","DET",1,"steamer",2,1,0.9379,0.0393,0.0175,0.0016,0.012,0.0029,0.1433,0.0656,0.0117,0.0644,0.0096,0.152788143725344,0.1826
2026,,"Jose Ramos","NYM",2,"steamer,oopsy",12,2.63965,0.954621456339943,0.035317298092804,0.0127067865238346,0.00138511688918825,0.00466661745664135,0.00224563230269087,0.0796366077991739,0.041413576277077,0.00813966343418313,0.0383648226747494,0.00733203418866509,0.0834221850664282,0.114953905891978
2026,,"Jose Riera","CLE",1,"steamer",2,1,0.9339,0.0453,0.0177,0.0015,0.01,0.0041,0.1425,0.0661,0.011,0.0635,0.0137,0.152585929971089,0.1878
2026,,"Jose Rivas","LAD",1,"steamer",2,1,0.9257,0.0535,0.0155,0.0011,0.01,0.003,0.1335,0.0688,0.0104,0.0632,0.0099,0.144215188505995,0.187
2026,,"Jose Rivera",,1,"steamer",2,1,0.9332,0.047,0.0165,0.0015,0.009,0.0052,0.1369,0.0613,0.0049,0.0541,0.0172,0.146699528504072,0.1839
2026,,"Jose Robledo",,1,"steamer",2,1,0.9431,0.0361,0.0187,0.0018,0.01,0.0033,0.1432,0.0622,0.0061,0.058,0.0108,0.151839677658785,0.1793
2026,,"Jose Rodriguez",,2,"steamer,oopsy",5,1,0.96968,0.0224,0.00912,0.00076,0.0036,0.00084,0.05832,0.03144,0.00892,0.03232,0.00288,0.060143552512169,0.08072
2026,,"Jose Sabino","CIN",1,"steamer",2,1,0.9196,0.0586,0.0142,0.0011,0.011,0.0026,0.127,0.0637,0.0093,0.0574,0.0085,0.138103523270987,0.1856
2026,,"Jose Salas","MIN",2,"steamer,oopsy",5,1,0.96884,0.02244,0.01668,0.00108,0.0044,0.00288,0.07648,0.03672,0.00656,0.03464,0.01,0.078939763015565,0.09892
2026,,"Jose Sanabria",,2,"steamer,oopsy",5,1,0.96648,0.026,0.01472,0.00128,0.0032,0.0016,0.07488,0.03336,0.00332,0.02968,0.00512,0.0774770300471815,0.10088
2026,,"José Sánchez",,1,"steamer",2,1,0.9102,0.069,0.0401,0.0036,0.01,0.0041,0.1922,0.0905,0.0124,0.0822,0.0136,0.211162381894089,0.2612
2026,,"Jose Santana","LAA",1,"steamer",2,1,0.9185,0.0597,0.0123,0.0012,0.011,0.0029,0.1105,0.0553,0.0053,0.0469,0.0098,0.120304844855743,0.1702
2026,,"Jose Serrano",,2,"steamer,oopsy",5,1,0.97288,0.0192,0.01,0.00092,0.0036,0.00116,0.06264,0.02812,0.00388,0.02648,0.00388,0.0643861524545679,0.08184
2026,,"Jose Sibrian",,1,"steamer",2,1,0.9242,0.052,0.0281,0.0024,0.013,0.0033,0.1683,0.081,0.0157,0.0785,0.011,0.182103440813677,0.2203
2026,,"José Suárez","STL",2,"steamer,oopsy",5,1,0.97312,0.01856,0.0104,8e-04,0.004,0.00172,0.0692,0.03052,0.00524,0.02976,0.00556,0.0711114764879974,0.08776
2026,,"Jose Torres","COL",2,"steamer,oopsy",5,1,0.96984,0.02224,0.01568,0.00168,0.0036,0.00156,0.08012,0.03812,0.0088,0.03788,0.00528,0.0826115647941929,0.10236
2026,,"Jose Torrez",,1,"steamer",2,1,0.9272,0.05,0.015,0.0014,0.012,0.003,0.1251,0.0641,0.0117,0.0608,0.01,0.134922346850733,0.1751
2026,,"Jose Tovar","TBR",2,"steamer,oopsy",5,1,0.9678,0.02388,0.00668,6e-04,0.004,0.001,0.0502,0.02444,0.00296,0.02192,0.00336,0.0518702211200661,0.07408
2026,,"Jose Urbina","ARI",1,"steamer",2,1,0.9184,0.0578,0.0166,0.0016,0.013,0.002,0.1308,0.0659,0.0088,0.0596,0.0068,0.142421602787456,0.1886
2026,,"Jose Verdugo","SDP",1,"steamer",2,1,0.9322,0.047,0.0179,0.0014,0.01,0.003,0.1449,0.0661,0.0089,0.0617,0.0101,0.155438747049989,0.1919
2026,,"Joseph Rodriguez",,2,"steamer,oopsy",5,1,0.96608,0.0256,0.00856,0.00076,0.004,0.00132,0.05736,0.0294,0.00556,0.0274,0.00436,0.0593739648890361,0.08296
2026,,"Joseph Rosa",,1,"steamer",2,1,0.8942,0.083,0.0387,0.0038,0.012,0.0045,0.186,0.0925,0.0128,0.0809,0.0154,0.208007157235518,0.269
2026,,"Joseph Sequera",,1,"steamer",2,1,0.9222,0.055,0.0152,0.0012,0.012,0.0026,0.1211,0.0613,0.0088,0.0556,0.0087,0.131316417263067,0.1761
2026,,"Joseph Sullivan","HOU",2,"steamer,oopsy",5,1,0.9412,0.04728,0.01256,0.00128,0.0072,0.00376,0.06836,0.044,0.01052,0.03816,0.01256,0.0726306842328942,0.11564
2026,,"Joseph Tailor","MIA",2,"steamer,oopsy",5,1,0.97396,0.01612,0.00688,0.00088,0.0056,0.00152,0.05628,0.02576,0.00432,0.02504,0.005,0.0577847139512916,0.0724
2026,,"Josh Adamczewski","MIL",2,"steamer,oopsy",5,1,0.96152,0.03016,0.0134,0.00132,0.004,0.00124,0.07472,0.03516,0.00512,0.03204,0.00416,0.0777102920376071,0.10488
2026,,"Josh Bissonette",,1,"steamer",2,1,0.8912,0.089,0.038,0.0038,0.009,0.0046,0.1917,0.0906,0.0075,0.0754,0.0147,0.215103231597846,0.2807
2026,,"Josh Breaux","CHW",2,"steamer,oopsy",5,1,0.96684,0.02484,0.01284,0.00132,0.004,0.00068,0.07248,0.0378,0.0118,0.0398,0.00232,0.0749658681891523,0.09732
2026,,"Josh Caron","SEA",2,"steamer,oopsy",5,1,0.9714,0.02028,0.0092,0.00084,0.004,0.00148,0.06112,0.03084,0.0072,0.03096,0.00504,0.0629194976322833,0.0814
2026,,"Josh Crouch","LAA",2,"steamer,oopsy",5,1,0.9638,0.02708,0.01404,0.00072,0.0048,0.00084,0.0722,0.03584,0.00856,0.035,0.00272,0.0749118074289272,0.09928
2026,,"Josh Hatcher",,2,"steamer,oopsy",5,1.78446,0.975286628505817,0.0176012697769448,0.014588926599463,0.00125626867939821,0.00279621093156375,0.00220184725528933,0.083940361008392,0.0375529777282475,0.00849669891765024,0.0382824240582206,0.00709183931918343,0.0860673760461501,0.101541630785337
2026,,"Josh Hood","SEA",2,"steamer,oopsy",5,1,0.96864,0.02464,0.01412,0.00072,0.0024,0.0024,0.07192,0.03576,0.00784,0.03504,0.008,0.0742484307895606,0.09656
2026,,"Josh Kasevich","TOR",3,"batx,steamer,oopsy",8,17.670125,0.896212351814799,0.0394972872483349,0.0247917784312584,0.00096868110592134,0.00468792266970151,0.00174143708288987,0.244093419454358,0.112404480630653,0.00630600342580892,0.107300767675077,0.0073404572660329,0.272361141820995,0.283590706702693
2026,,"Josh Kross","STL",2,"steamer,oopsy",5,1,0.96836,0.02252,0.01124,0.001,0.0048,0.00068,0.06672,0.03336,0.00832,0.03388,0.00232,0.0688999958693048,0.08924
2026,,"Josh Morgan",,1,"steamer",2,1,0.9102,0.068,0.0366,0.0034,0.011,0.0038,0.1889,0.0938,0.0194,0.0899,0.0123,0.207536805097781,0.2569
2026,,"Josh Moylan","NYY",2,"steamer,oopsy",5,1,0.9558,0.03588,0.01088,0.00072,0.004,0.001,0.06328,0.0348,0.00656,0.03088,0.00332,0.066206319313664,0.09916
2026,,"Josh Rivera","TOR",2,"steamer,oopsy",5,2.206368,0.960574911850834,0.0327197752943286,0.0129783461821949,0.00098607541982908,0.00240044622402837,0.000826709695412259,0.0651805812864798,0.0330883085320425,0.00474113030140043,0.0292834518615909,0.00274905874619016,0.0678558022725057,0.0979003565808084
2026,,"Josh Sale",,1,"steamer",2,1,0.8862,0.092,0.0321,0.0031,0.011,0.0045,0.1759,0.1006,0.0267,0.0959,0.0149,0.198487925976078,0.2679
2026,,"Josh Springer","TEX",2,"steamer,oopsy",5,1,0.97208,0.0192,0.01004,0.00084,0.0044,0.00144,0.06804,0.03148,0.0054,0.03028,0.0048,0.069994239157271,0.08724
2026,,"Josh Stowers",,1,"steamer",2,1,0.9062,0.072,0.0369,0.0034,0.011,0.0046,0.1775,0.0976,0.026,0.0964,0.016,0.195872875744869,0.2495
2026,,"Josh Tate","PIT",1,"oopsy",3,1,1,0,0,0,0,0,0,0,0,0,0,0,0
2026,,"Josh Zamora",,2,"steamer,oopsy",5,1,0.96528,0.0264,0.01472,0.00072,0.004,8e-04,0.07748,0.03716,0.00756,0.03604,0.00264,0.0802668655726836,0.10388
2026,,"Joshua Báez","STL",4,"batx,steamer,oopsy,atc",9,56.6354888888889,0.899668741085735,0.085214869747881,0.0472619457637268,0.00179679911662416,0.00934556122417815,0.00424510385638227,0.204193342998563,0.110998265063781,0.037069325002619,0.106432070897917,0.0457467138014035,0.22696503020894,0.289408212746444
2026,,"Joshua Fermin","KCR",1,"steamer",2,1,0.9441,0.0341,0.0164,0.0015,0.011,0.0032,0.1309,0.0625,0.0122,0.0625,0.0105,0.138650566677259,0.165
2026,,"Joshua Francis","SEA",1,"steamer",2,1,0.9354,0.0438,0.0168,0.0015,0.01,0.0028,0.1409,0.062,0.0059,0.0571,0.0093,0.150630746204832,0.1847
2026,,"Joshua Kuroda-Grauer","ATH",2,"steamer,oopsy",5,1,0.9664,0.02408,0.01948,8e-04,0.0052,0.00236,0.09596,0.0402,0.00292,0.0346,0.00788,0.099296357615894,0.12004
2026,,"Joshua Liranzo","BAL",2,"steamer,oopsy",5,1,0.96452,0.02676,0.00884,0.00096,0.0044,0.00192,0.05936,0.02972,0.00336,0.02532,0.00628,0.061543565711442,0.08612
2026,,"Joshua Mears","SDP",2,"steamer,oopsy",5,1,0.96648,0.0244,0.01244,0.0012,0.0048,0.0024,0.06964,0.04092,0.01528,0.04404,0.00744,0.0720552934359738,0.09404
2026,,"Joshwan Wright",,1,"steamer",2,1,0.9332,0.045,0.0316,0.0031,0.011,0.0038,0.1916,0.0799,0.008,0.0741,0.0125,0.205315045006429,0.2366
2026,,"Josi Novas","KCR",2,"steamer,oopsy",5,1,0.97604,0.01564,0.00948,0.00068,0.004,0.00132,0.05784,0.02844,0.00644,0.02884,0.00436,0.0592598663989181,0.07348
2026,,"Josiah Ragsdale","MIL",1,"oopsy",3,1,1,0,0,0,0,0,0,0,0,0,0,0,0
2026,,"Josias Ramirez","CHC",1,"steamer",2,1,0.9002,0.079,0.014,0.0016,0.01,0.0028,0.1119,0.0683,0.0139,0.0608,0.0092,0.124305709842257,0.1909
2026,,"Josmir Reyes","NYM",1,"steamer",2,1,0.9017,0.0775,0.0181,0.0013,0.01,0.0026,0.1429,0.0765,0.0124,0.0674,0.0086,0.158478429632916,0.2204
2026,,"Josnaider Orellana","ATL",2,"steamer,oopsy",5,1,0.9734,0.01828,0.00632,0.00064,0.004,0.00116,0.0558,0.02644,0.00396,0.02492,0.00392,0.0573248407643312,0.07408
2026,,"Jostin Ogando","BOS",1,"steamer",2,1,0.9252,0.053,0.0146,0.0015,0.011,0.0023,0.1367,0.071,0.0172,0.0706,0.0076,0.147751837440553,0.1897
2026,,"Josuar Gonzalez","SFG",1,"steamer",2,1,0.9249,0.0553,0.0192,0.002,0.009,0.0055,0.1486,0.0692,0.0089,0.0629,0.0184,0.160666017947886,0.2039
2026,,"Josue Briceño","DET",2,"steamer,oopsy",5,3.037024,0.950972333469018,0.0407185156978347,0.0151069501162073,0.0021140538624158,0.00399831926152553,0.00070249615924997,0.0788634006066416,0.0427669157135917,0.0101894770014575,0.0402129810785614,0.00229131924839476,0.0829292270984988,0.119581916304476
2026,,"Josue Brito","BOS",1,"steamer",2,1,0.8943,0.0839,0.0152,0.0013,0.011,0.0033,0.1287,0.0787,0.0202,0.0733,0.0108,0.143911439114391,0.2126
2026,,"Josue De Paula","LAD",2,"steamer,oopsy",5,1,0.94568,0.0468,0.01124,0.00068,0.0032,0.00284,0.07112,0.04272,0.00828,0.03632,0.0096,0.0752051433888842,0.11792
2026,,"Josue Gonzalez","NYY",2,"steamer,oopsy",5,1,0.96024,0.03064,0.00892,0.00064,0.0048,0.0016,0.05704,0.03188,0.00592,0.0284,0.00532,0.0594018162126135,0.08768
2026,,"Josueth Quinonez","DET",1,"steamer",2,1,0.9198,0.0534,0.0188,0.0015,0.016,0.0028,0.1559,0.0722,0.0106,0.0665,0.009,0.169493368123505,0.2093
2026,,"Joswa Lugo","LAA",2,"steamer,oopsy",5,1,0.97616,0.01552,0.0072,6e-04,0.004,0.00132,0.05888,0.02564,0.00416,0.02488,0.00436,0.0603179806589084,0.0744
2026,,"Joswuill Rondon",,1,"steamer",2,1,0.9382,0.038,0.0161,0.0015,0.013,0.0034,0.1399,0.0664,0.0131,0.0658,0.0112,0.149115327222341,0.1779
2026,,"Joyner Perez","MIN",1,"steamer",2,1,0.9241,0.0541,0.0167,0.0013,0.011,0.0027,0.138,0.0697,0.0145,0.0672,0.0088,0.149334487609566,0.1921
2026,,"JP Smith II","MIN",1,"oopsy",3,1,1,0,0,0,0,0,0,0,0,0,0,0,0
2026,,"JT Mabry",,1,"steamer",2,1,0.9402,0.038,0.0223,0.0022,0.011,0.0037,0.1594,0.0712,0.0119,0.0699,0.0122,0.169538396085939,0.1974
2026,,"JT Schwartz","NYM",2,"steamer,oopsy",5,1.816124,0.957016225319129,0.033483427676783,0.0174982156424838,0.000894645611796165,0.00519683848028655,0.000947271824254763,0.0777026026951199,0.0399827649154198,0.00697297315076423,0.0362857734902033,0.00311810308817193,0.0811925656424572,0.111186030371903
2026,,"Juan Alonso",,1,"steamer",2,1,0.9052,0.071,0.0264,0.0025,0.013,0.0032,0.1592,0.082,0.0158,0.0758,0.0101,0.175872735307114,0.2302
2026,,"Juan Alva","MIA",1,"steamer",2,1,0.9239,0.0533,0.0182,0.0016,0.012,0.0034,0.1473,0.0685,0.0111,0.0646,0.0115,0.159432839051845,0.2006
2026,,"Juan Alvarez","ARI",1,"steamer",2,1,0.9443,0.0349,0.0172,0.0017,0.01,0.0023,0.1375,0.0641,0.012,0.0649,0.0075,0.14561050513608,0.1724
2026,,"Juan Baez","MIL",2,"steamer,oopsy",5,1,0.96512,0.02696,0.01128,0.00104,0.0036,0.00132,0.0728,0.03212,0.00312,0.02864,0.00416,0.0754310344827586,0.09976
2026,,"Juan Benjamin","CLE",2,"steamer,oopsy",5,1,0.96548,0.027,0.01408,0.00068,0.0032,0.00232,0.07732,0.03336,0.00304,0.02924,0.0076,0.0800845175456768,0.10432
2026,,"Juan Brima","ARI",1,"steamer",2,1,0.9254,0.0538,0.0168,0.0017,0.01,0.0032,0.1365,0.0643,0.0065,0.0574,0.0105,0.14750378214826,0.1903
2026,,"Juan Brito","CLE",4,"batx,steamer,oopsy,atc",9,113.144333333333,0.882789478753444,0.0969427666908504,0.0481828482722723,0.00147550644316169,0.00945928261826618,0.00638938079509455,0.200089615553007,0.104341153204561,0.0210525257743609,0.0995819207591575,0.0139295354415907,0.22665609453745,0.297032382243857
2026,,"Juan Brown","CIN",1,"steamer",2,1,0.9378,0.0404,0.015,0.001,0.011,0.0022,0.13,0.0627,0.0137,0.0628,0.0072,0.138622307528258,0.1704
2026,,"Juan Cabada","CHC",1,"steamer",2,1,0.9302,0.045,0.0177,0.0016,0.014,0.0039,0.1427,0.0666,0.0089,0.0615,0.0131,0.153407869275425,0.1877
2026,,"Juan Caricipe","CIN",1,"steamer",2,1,0.9418,0.0374,0.0158,0.0016,0.01,0.0042,0.1334,0.0588,0.0063,0.0545,0.014,0.141643661074538,0.1708
2026,,"Juan Castillo","COL",2,"steamer,oopsy",5,1,0.97304,0.01904,0.01036,0.00096,0.0036,0.00104,0.07212,0.03124,0.00496,0.02988,0.0034,0.0741182274110006,0.09116
2026,,"Juan Chacon","BOS",2,"steamer,oopsy",5,1,0.96528,0.0268,0.01644,0.0018,0.0036,0.00216,0.07756,0.03676,0.00552,0.03388,0.00664,0.0803497430797282,0.10436
2026,,"Juan Colorado","SFG",1,"steamer",2,1,0.9387,0.0405,0.0139,0.0015,0.01,0.003,0.1218,0.0564,0.0086,0.0542,0.0099,0.129753914988814,0.1623
2026,,"Juan Corniel",,2,"steamer,oopsy",5,1,0.97168,0.0204,0.01528,0.001,0.0036,0.00216,0.07648,0.0324,0.0028,0.02936,0.00612,0.0787090400131731,0.09688
2026,,"Juan Cruz",,1,"oopsy",3,1,1,0,0,0,0,0,0,0,0,0,0,0,0
2026,,"Juan Elejandro","ATL",1,"steamer",2,1,0.9355,0.0427,0.016,0.0015,0.011,0.0027,0.1374,0.0613,0.0051,0.0552,0.0089,0.146873329770176,0.1801
2026,,"Juan Espinal","ATL",1,"steamer",2,1,0.9146,0.0636,0.0119,0.0013,0.011,0.0033,0.1046,0.0625,0.0129,0.0569,0.0111,0.114366936365624,0.1682
2026,,"Juan Fernandez",,1,"steamer",2,1,0.9072,0.07,0.0383,0.0032,0.012,0.0048,0.2076,0.0974,0.0163,0.0904,0.0157,0.228835978835979,0.2776
2026,,"Juan Flores","LAA",2,"steamer,oopsy",5,1,0.97216,0.01752,0.01148,6e-04,0.006,0.00072,0.06884,0.03196,0.00752,0.03236,0.00232,0.0708113890717577,0.08636
2026,,"Juan Frances",,1,"steamer",2,1,0.9442,0.035,0.0165,0.0017,0.01,0.0034,0.1483,0.0655,0.0104,0.0645,0.0112,0.157064181317517,0.1833
2026,,"Juan Garcia","KCR",1,"steamer",6,1,0.9345,0.0440333333333333,0.0175666666666667,0.00166666666666667,0.0106666666666667,0.00313333333333333,0.138133333333333,0.0657333333333333,0.0112666666666667,0.0633333333333333,0.0103333333333333,0.147815230961298,0.182166666666667
2026,,"Juan Gonzalez","CHW",2,"steamer,oopsy",5,1,0.96724,0.02244,0.00924,0.00072,0.006,0.00128,0.06068,0.029,0.00488,0.02708,0.00424,0.062735205326496,0.08312
2026,,"Juan Guerrero",,2,"steamer,oopsy",5,1.092452,0.970488900441058,0.022385938121888,0.0170899904965357,0.000844752381958038,0.00279418095570736,0.00240429524095749,0.0896087334400104,0.0383062714741741,0.00542590953026894,0.0360969190905916,0.00747280953270573,0.09233359948711,0.111994671561898
2026,,"Juan Hernandez","DET",2,"steamer,oopsy",5,1,0.97192,0.01936,0.0068,0.00084,0.0044,0.00128,0.05792,0.02544,0.0024,0.02292,0.00428,0.0595933821713721,0.07728
2026,,"Juan Jerez",,1,"steamer",2,1,0.9242,0.055,0.024,0.0021,0.01,0.0044,0.1573,0.0792,0.0179,0.0777,0.0147,0.17020125513958,0.2123
2026,,"Juan Macero","LAD",1,"steamer",2,1,0.9277,0.0505,0.0185,0.0012,0.011,0.003,0.1524,0.0717,0.0073,0.0641,0.0101,0.164277244798965,0.2029
2026,,"Juan Machado",,1,"steamer",2,1,0.9002,0.079,0.0142,0.0015,0.01,0.0044,0.1261,0.0694,0.0106,0.0592,0.0148,0.140079982226172,0.2051
2026,,"Juan Martinez","MIL",1,"steamer",4,1,0.92605,0.05165,0.018,0.00195,0.0115,0.0032,0.13245,0.06315,0.00765,0.0574,0.0108,0.14302683440419,0.1841
2026,,"Juan Martínez",,1,"steamer",2,1,0.9262,0.053,0.0146,0.0014,0.01,0.0031,0.1236,0.0646,0.0131,0.062,0.0104,0.133448499244224,0.1766
2026,,"Juan Mateo","ATL",2,"steamer,oopsy",5,1,0.9718,0.02068,0.00964,0.00072,0.0032,0.00164,0.06808,0.02952,0.00248,0.02632,0.00532,0.0700555669890924,0.08876
2026,,"Juan Matheus","MIA",2,"steamer,oopsy",5,1,0.96188,0.0306,0.0144,0.00084,0.0032,0.00312,0.07408,0.03352,0.00288,0.0286,0.00996,0.0770158439722211,0.10468
2026,,"Juan Monso","CHC",1,"steamer",2,1,0.9242,0.053,0.0163,0.0017,0.012,0.0036,0.1288,0.0632,0.0074,0.0563,0.012,0.139363774074876,0.1818
2026,,"Juan Montero","BOS",2,"steamer,oopsy",5,1,0.96288,0.028,0.01088,0.00108,0.0048,0.00104,0.06312,0.03144,0.00444,0.02808,0.00344,0.0655533399800598,0.09112
2026,,"Juan Obispo","WSN",1,"steamer",2,1,0.9496,0.0296,0.0177,0.0017,0.01,0.0069,0.143,0.063,0.0113,0.0625,0.0222,0.150589721988206,0.1726
2026,,"Juan Olmos","ATL",1,"steamer",2,1,0.9265,0.0517,0.0133,0.0014,0.011,0.0029,0.1152,0.062,0.0115,0.0581,0.0098,0.124338909875877,0.1669
2026,,"Juan Ortega","BAL",2,"steamer,oopsy",5,1,0.96684,0.02284,0.00588,0.00064,0.006,0.0016,0.05084,0.02732,0.00468,0.0246,0.00524,0.0525836746514418,0.07368
2026,,"Juan Ortuno","MIL",2,"steamer,oopsy",5,1,0.96432,0.02656,0.00656,0.00068,0.0048,0.00172,0.0576,0.02824,0.00388,0.02508,0.00576,0.0597312095569935,0.08416
2026,,"Juan Perez","SFG",2,"steamer,oopsy",5,1,0.96992,0.02176,0.00776,0.00076,0.004,0.00092,0.05764,0.02624,0.00324,0.02412,0.003,0.0594275816562191,0.0794
2026,,"Juan Rojas","HOU",1,"steamer",2,1,0.9061,0.0731,0.0151,0.0017,0.01,0.003,0.1324,0.0678,0.0073,0.0568,0.0099,0.146120737225472,0.2055
2026,,"Juan Rujano","STL",1,"steamer",2,1,0.9328,0.0454,0.0155,0.0011,0.011,0.0023,0.1296,0.0618,0.0111,0.0602,0.0077,0.13893653516295,0.175
2026,,"Juan Sanchez","TOR",1,"steamer",2,1,0.9343,0.0429,0.0207,0.0016,0.012,0.0021,0.1574,0.0739,0.0148,0.0734,0.0071,0.168468372043241,0.2003
2026,,"Juan Santander",,1,"steamer",2,1,0.9272,0.053,0.0213,0.002,0.009,0.0036,0.1591,0.0772,0.0163,0.0757,0.0119,0.171591889559965,0.2121
2026,,"Juan Sierra","HOU",2,"steamer,oopsy",5,1,0.96884,0.02284,0.00636,0.00052,0.004,0.00112,0.05488,0.0296,0.00756,0.02932,0.00364,0.0566450600718385,0.07772
2026,,"Juan Sulbaran","TEX",2,"steamer,oopsy",5,1,0.97248,0.018,0.01,8e-04,0.0052,0.00116,0.06636,0.03048,0.0052,0.02944,0.00392,0.0682379072063179,0.08436
2026,,"Juan Tomas","CHC",1,"steamer",2,1,0.9282,0.052,0.014,0.0014,0.009,0.0032,0.1146,0.0569,0.006,0.0504,0.0106,0.123464770523594,0.1666
2026,,"Juan Torres","NYY",1,"steamer",2,1,0.953,0.0242,0.0206,0.0014,0.012,0.0039,0.1717,0.0723,0.0121,0.0727,0.0127,0.180167890870934,0.1959
2026,,"Juan Villavicencio","PHI",2,"steamer,oopsy",5,1,0.96804,0.02364,0.0088,0.00088,0.004,0.00188,0.059,0.0292,0.00424,0.02644,0.00628,0.0609478947150944,0.08264
2026,,"Juan Zabala",,1,"steamer",2,1,0.9132,0.067,0.0367,0.0028,0.009,0.0045,0.1885,0.0907,0.0166,0.0856,0.014,0.206416995181778,0.2555
2026,,"Juanfel Peguero","TBR",2,"steamer,oopsy",5,1,0.97064,0.02104,0.0064,0.00064,0.004,0.0014,0.05432,0.02428,0.00208,0.02168,0.00452,0.0559630759086788,0.07536
2026,,"Juarlin Soto","TOR",1,"steamer",2,1,0.9034,0.0758,0.0171,0.0011,0.01,0.0019,0.129,0.0683,0.0084,0.0582,0.0062,0.142793889749834,0.2048
2026,,"Jud Fabian","BAL",2,"steamer,oopsy",5,9.89032,0.951970653325181,0.0405204557001266,0.0124637256843682,0.000971333603148223,0.00319988977774716,0.00169294491470692,0.0662349628430452,0.041076733632426,0.0116181143383651,0.0388464552351265,0.00557139043649734,0.0695766855960214,0.106755418543172
2026,,"Jude Warwick","DET",2,"steamer,oopsy",5,1,0.97072,0.01976,0.00916,0.00104,0.0052,0.00228,0.06324,0.02844,0.00312,0.02556,0.0076,0.0651475193670677,0.083
2026,,"Julian Brock","TEX",2,"steamer,oopsy",5,1,0.96844,0.02324,0.01608,0.00096,0.004,0.00224,0.07612,0.03572,0.00592,0.0336,0.007,0.0786006360745116,0.09936
2026,,"Julio Acosta","CHC",1,"steamer",2,1,0.9362,0.044,0.0122,0.0011,0.009,0.0027,0.1087,0.0558,0.0102,0.0538,0.0091,0.116107669301431,0.1527
2026,,"Julio Carreras",,2,"steamer,oopsy",5,1.890812,0.967297484064294,0.024802992225049,0.0162254456884504,0.00257822208036492,0.00359463655435493,0.00342110237586883,0.0772227094263146,0.0360331326327924,0.00406565789596006,0.0319302888414424,0.0119738583155409,0.0798334645737399,0.102025701651364
2026,,"Julio E. Rodriguez",,2,"steamer,oopsy",5,1,0.96168,0.0296,0.01336,0.00084,0.0044,0.00092,0.07284,0.03768,0.00896,0.03664,0.00304,0.0757424507112553,0.10244
2026,,"Julio Henriquez","MIA",2,"steamer,oopsy",5,1,0.96712,0.02296,0.00916,0.00076,0.0056,0.0024,0.06104,0.02992,0.00532,0.02796,0.00788,0.0631152287203243,0.084
2026,,"Julio Valdez","CHC",1,"steamer",2,1,0.9422,0.037,0.0122,0.0012,0.01,0.0027,0.1134,0.0579,0.0132,0.0589,0.0091,0.12035661218425,0.1504
2026,,"Julio Zayas","NYM",2,"steamer,oopsy",5,1,0.96964,0.02164,0.00668,6e-04,0.0044,0.00092,0.05624,0.02828,0.0052,0.02676,0.00304,0.0580009075533187,0.07788
2026,,"July Vittini",,1,"steamer",2,1,0.9242,0.055,0.0139,0.0013,0.01,0.0032,0.1205,0.063,0.0112,0.0588,0.0107,0.13038303397533,0.1755
2026,,"Juneiker Caceres","CLE",2,"steamer,oopsy",5,1,0.96508,0.0262,0.0118,0.00076,0.0044,0.0014,0.0722,0.03356,0.00568,0.03136,0.00468,0.0748124507812824,0.0984
2026,,"Junior Aybar","BAL",2,"steamer,oopsy",5,1,0.97084,0.02124,0.00632,0.00052,0.0036,0.00172,0.05416,0.02712,0.00456,0.02504,0.00564,0.0557867413786,0.0754
2026,,"Junior Franco","ARI",2,"steamer,oopsy",5,1,0.96816,0.02432,0.01376,0.00136,0.0032,0.00276,0.08264,0.03852,0.00676,0.0368,0.00876,0.0853577921004793,0.10696
2026,,"Junior Garcia","ATL",2,"steamer,oopsy",5,1,0.96704,0.02464,0.00824,0.00072,0.004,0.00136,0.0602,0.03044,0.00556,0.02836,0.00448,0.0622518199867637,0.08484
2026,,"Junior Gonzalez",,1,"steamer",2,1,0.9262,0.053,0.0198,0.002,0.01,0.0032,0.1412,0.0709,0.0144,0.0686,0.0108,0.152450874541136,0.1942
2026,,"Junior Perez","ATH",4,"batx,steamer,oopsy,atc",9,40.9987777777778,0.896259746212296,0.0937375292300463,0.0412627746330979,0.00183300358876736,0.00318432787878937,0.00402729222009533,0.18176780723379,0.110768431430951,0.0305444503484971,0.0993175639915974,0.0338293177976103,0.202807063467888,0.275505336463837
2026,,"Junior Quezada",,1,"steamer",2,1,0.9372,0.042,0.0143,0.0014,0.01,0.0033,0.1356,0.0632,0.0108,0.0612,0.011,0.144686299615877,0.1776
2026,,"Junior Sanchez",,1,"steamer",2,1,0.9282,0.051,0.0251,0.0023,0.01,0.0041,0.1653,0.0726,0.0069,0.0654,0.0138,0.17808661926309,0.2163
2026,,"Junior Suriel","LAA",1,"steamer",2,1,0.9453,0.0339,0.0191,0.0017,0.01,0.0029,0.1584,0.0682,0.0131,0.0689,0.0097,0.167565852110441,0.1923
2026,,"Junior Tilien","DET",2,"steamer,oopsy",5,1,0.96908,0.0234,0.01356,0.00088,0.0032,8e-04,0.07304,0.03276,0.00492,0.031,0.00264,0.0753704544516449,0.09644
2026,,"Junwoo Jeon",,1,"steamer",2,1,0.9122,0.066,0.0414,0.0027,0.011,0.0022,0.2291,0.1011,0.0173,0.0964,0.0067,0.251151063363298,0.2951
2026,,"Jurdrick Profar","CHW",2,"steamer,oopsy",5,1,0.97324,0.01844,0.00632,0.00044,0.004,0.0014,0.05188,0.02408,0.00368,0.0228,0.00456,0.0533064814434261,0.07032
2026,,"Justice Bigbie","DET",2,"steamer,oopsy",5,6.77144,0.961453404715917,0.0310410536276785,0.0167066357284524,0.000806294803157772,0.00319925333471605,0.000904813139234927,0.0873183568178577,0.0398817779967074,0.00708294984638917,0.0374732639384001,0.00281814292936495,0.0908191248682071,0.118359410445536
2026,,"Justice Thompson",,1,"steamer",2,1.01405,0.900251466890193,0.0799763325279819,0.0378679552290321,0.00355012080272176,0.00897391647354667,0.0037473497362063,0.194369113949016,0.0996006114096938,0.0225827128839801,0.0953601893397761,0.0120309649425571,0.21590535655603,0.274345446476998
2026,,"Justin Barry","BOS",2,"steamer,oopsy",5,1,0.97728,0.0144,0.00708,0.00072,0.004,0.0014,0.05572,0.02548,0.00408,0.02492,0.00468,0.0570153896529142,0.07012
2026,,"Justin Bench",,1,"steamer",2,1,0.9302,0.044,0.0296,0.0024,0.015,0.0035,0.1815,0.0777,0.0088,0.0721,0.0118,0.195119329176521,0.2255
2026,,"Justin Boyd",,2,"steamer,oopsy",5,1,0.96008,0.0312,0.01352,0.00108,0.0044,0.00116,0.06732,0.03528,0.00704,0.03272,0.00396,0.0701191567369386,0.09852
2026,,"Justin Capellan","NYY",1,"steamer",2,1,0.9227,0.0545,0.0171,0.001,0.012,0.0035,0.1306,0.0691,0.0136,0.0649,0.0115,0.141541129294462,0.1851
2026,,"Justin Connell",,2,"steamer,oopsy",5,1,0.95328,0.0376,0.01568,0.00148,0.0048,0.0022,0.08116,0.04284,0.00924,0.0396,0.00684,0.0851376300772071,0.11876
2026,,"Justin Crawford","PHI",4,"batx,steamer,oopsy,atc",9,426.365666666667,0.914587656268914,0.0672392750230793,0.043629274979355,0.00534362380910345,0.0048993458048438,0.0114359210652934,0.242751781800546,0.119474265376555,0.0138914050650294,0.090065946305166,0.0534300058939182,0.265422105947569,0.309991056823626
2026,,"Justin Dirden",,1,"steamer",2,1,0.9122,0.068,0.0397,0.0059,0.009,0.0042,0.187,0.0981,0.0247,0.0977,0.0133,0.204998903749178,0.255
2026,,"Justin Farmer",,1,"steamer",2,1,0.8912,0.088,0.0352,0.0032,0.01,0.0055,0.1789,0.096,0.0196,0.0876,0.0185,0.200740574506284,0.2669
2026,,"Justin Gonzales","BOS",2,"steamer,oopsy",5,1,0.96768,0.024,0.01448,0.00112,0.004,0.00184,0.08244,0.03744,0.00632,0.03556,0.0058,0.0851934523809524,0.10644
2026,,"Justin Janas",,2,"steamer,oopsy",5,1,0.96568,0.022,0.01204,0.00108,0.008,0.00136,0.07696,0.03456,0.00472,0.03164,0.0044,0.0796951371054594,0.09896
2026,,"Justin Johnson","KCR",2,"steamer,oopsy",5,1,0.962,0.02928,0.01824,0.00084,0.0044,0.00164,0.07884,0.03776,0.00512,0.03384,0.00544,0.0819542619542619,0.10812
2026,,"Justin Lavey",,1,"steamer",2,1,0.9242,0.055,0.03,0.003,0.01,0.0043,0.1854,0.0838,0.0128,0.0786,0.0152,0.200605929452499,0.2404
2026,,"Justin Miknis",,2,"steamer,oopsy",5,1,0.96248,0.0296,0.00876,0.00084,0.0036,0.0012,0.05932,0.03124,0.00608,0.02884,0.004,0.0616324495054443,0.08892
2026,,"Justin Ramirez","NYM",1,"steamer",2,1,0.9231,0.0561,0.018,0.0015,0.01,0.003,0.1388,0.0721,0.015,0.069,0.0098,0.150362907593977,0.1949
2026,,"Justin Riemer","ATH",2,"steamer,oopsy",5,1,0.94112,0.04936,0.01032,0.00064,0.0052,0.0016,0.06448,0.03572,0.00248,0.02568,0.0054,0.0685141108466508,0.11384
2026,,"Justin Rodriguez",,1,"steamer",2,1,0.9352,0.044,0.0163,0.0018,0.01,0.003,0.1312,0.0621,0.01,0.0593,0.0101,0.140290846877673,0.1752
2026,,"Justin Toerner",,1,"steamer",2,1,0.8732,0.105,0.0336,0.0033,0.011,0.0045,0.1699,0.0986,0.0212,0.0881,0.015,0.194571690334402,0.2749
2026,,"Justin Trimble","HOU",2,"steamer,oopsy",5,1,0.97284,0.01844,0.0076,8e-04,0.0044,0.00152,0.05316,0.02768,0.0064,0.0274,0.00512,0.0546441346984088,0.0716
2026,,"Justin Williams",,1,"steamer",2,1,0.9302,0.05,0.0276,0.0027,0.009,0.0035,0.1596,0.0779,0.0169,0.0774,0.0112,0.171576005160181,0.2096
2026,,"Justin Wishkoski",,1,"oopsy",3,1,1,0,0,0,0,0,0,0,0,0,0,0,0
2026,,"Justin Yurchak",,1,"steamer",2,1,0.8912,0.089,0.0373,0.0035,0.009,0.0041,0.2028,0.1004,0.018,0.0914,0.0135,0.227558348294434,0.2918
2026,,"Kade Kern",,2,"steamer,oopsy",5,1,0.96848,0.0232,0.01004,0.00088,0.004,0.00208,0.06524,0.03272,0.00712,0.03168,0.00672,0.0673632909301173,0.08844
2026,,"Kade Kretzschmar",,1,"steamer",2,1,0.9102,0.067,0.0277,0.0029,0.012,0.0035,0.1795,0.0855,0.0141,0.0788,0.0117,0.197209404526478,0.2465
2026,,"Kade Snell","CHC",2,"steamer,oopsy",5,1,0.96688,0.0248,0.01056,0.00132,0.004,0.00308,0.06936,0.03484,0.00664,0.03256,0.0104,0.0717358927684925,0.09416
2026,,"Kaden Hollow","SDP",2,"steamer,oopsy",5,1,0.95804,0.03404,0.01124,0.00072,0.0036,0.00084,0.06712,0.03368,0.00512,0.02972,0.00272,0.0700597052315143,0.10116
2026,,"Kaden Polcovich","SEA",1,"steamer",2,1,0.8927,0.0845,0.0363,0.0035,0.012,0.0065,0.1715,0.0922,0.0157,0.0821,0.0219,0.192113812030917,0.256
2026,,"Kadil Rubio","TBR",1,"steamer",2,1,0.9337,0.0415,0.0139,0.0013,0.014,0.0026,0.1258,0.0594,0.0098,0.0575,0.0085,0.13473278354932,0.1673
2026,,"Kadon Morton",,1,"steamer",2,1,0.9132,0.066,0.0249,0.0024,0.01,0.0045,0.16,0.0843,0.0203,0.0817,0.0151,0.17520805957074,0.226
2026,,"Kaeden Kent","NYY",2,"steamer,oopsy",5,1,0.97836,0.01332,0.0108,0.00088,0.004,0.00128,0.07144,0.03152,0.00584,0.03172,0.0042,0.0730201561797293,0.08476
2026,,"Kaelen Culpepper","MIN",2,"steamer,oopsy",5,1.522136,0.961924922137299,0.0285597786009873,0.0161711504593683,0.00149218770333226,0.00520530594185673,0.00222093053519221,0.0882819887738902,0.0429264230005119,0.00930014661611736,0.0411219169406682,0.00756504463549845,0.0917763816512173,0.116841767374877
2026,,"Kahlil Watson","CLE",4,"batx,steamer,oopsy,atc",9,17.3834666666667,0.888265661653513,0.0993615257145831,0.0245781764519458,0.00236798267780769,0.00676841286871494,0.00371465566716213,0.175288175809412,0.122172427535806,0.0191311101705871,0.118118381591405,0.0174314347503379,0.19733755719332,0.274649701523995
2026,,"Kai Murphy","SDP",2,"steamer,oopsy",5,1,0.95804,0.03324,0.01488,0.00096,0.0044,0.00184,0.07528,0.03668,0.00504,0.03216,0.00556,0.0785770949020918,0.10852
2026,,"Kai Roberts","SDP",2,"steamer,oopsy",5,1,0.96004,0.03124,0.00892,8e-04,0.0044,0.00316,0.06364,0.03324,0.00556,0.02892,0.01096,0.0662889046289738,0.09488
2026,,"Kala'i Rosario","MIN",2,"steamer,oopsy",5,1.236812,0.955319937438365,0.0367581012920611,0.0181654868312783,0.00155775958995748,0.00359289711877289,0.00251251546767335,0.0783151071273782,0.0441448967670207,0.0115324459966207,0.0422856353209424,0.00851742743541265,0.0819778841184616,0.115073208419439
2026,,"Kalae Harrison",,2,"steamer,oopsy",5,1,0.97128,0.0208,0.01052,8e-04,0.0036,0.002,0.06632,0.03076,0.00476,0.02888,0.00676,0.068281031216539,0.08712
2026,,"Kale Emshoff",,2,"steamer,oopsy",5,1,0.96728,0.0248,0.01516,0.00112,0.0036,0.00104,0.07388,0.03716,0.0092,0.03732,0.0034,0.0763791249689852,0.09868
2026,,"Kale Fountain","SDP",2,"steamer,oopsy",5,1,0.96848,0.0224,0.00784,0.00064,0.0048,0.00168,0.0596,0.03048,0.00676,0.0294,0.00576,0.061539732364117,0.082
2026,,"Kamren James","TBR",2,"steamer,oopsy",5,1,0.96744,0.02304,0.01296,0.00116,0.0052,0.00132,0.07152,0.03488,0.00832,0.035,0.0042,0.0739270652443562,0.09456
2026,,"Kamuel Villar","COL",1,"steamer",2,1,0.9445,0.0347,0.0182,0.0022,0.01,0.0032,0.151,0.0626,0.0062,0.0586,0.0107,0.159872948650079,0.1857
2026,,"Kane Kepley","CHC",2,"steamer,oopsy",5,1,0.95888,0.0312,0.00844,0.0016,0.0056,0.00268,0.06768,0.03592,0.00692,0.0324,0.00896,0.0705823460704155,0.09888
2026,,"Karell Paz",,1,"steamer",2,1,0.9202,0.056,0.0284,0.0029,0.013,0.0054,0.1738,0.0862,0.0187,0.0837,0.0176,0.188871984351228,0.2298
2026,,"Karim Ayubi",,2,"steamer,oopsy",5,1,0.96648,0.0248,0.00904,8e-04,0.0044,0.00124,0.05844,0.02868,0.00432,0.02604,0.004,0.0604668487707971,0.08324
2026,,"Karniel Pratt","HOU",2,"steamer,oopsy",5,1,0.96604,0.02524,0.00612,6e-04,0.0044,0.00228,0.05248,0.02844,0.00544,0.02588,0.00744,0.0543248726760797,0.07772
2026,,"Karson Simas","CHC",2,"steamer,oopsy",5,1,0.96768,0.0236,0.01384,0.00112,0.0044,0.00276,0.0752,0.03432,0.00412,0.03076,0.00928,0.0777116402116402,0.0988
2026,,"Kasen Wells","SDP",2,"steamer,oopsy",5,1,0.96484,0.02684,0.01148,8e-04,0.004,0.00272,0.07276,0.03448,0.00516,0.031,0.0092,0.0754114671862692,0.0996
2026,,"Kashon Conliffe",,1,"steamer",2,1,0.9262,0.053,0.0148,0.0014,0.01,0.0041,0.1244,0.064,0.0116,0.06,0.0136,0.134312243575902,0.1774
2026,,"Kavares Tears","SDP",2,"steamer,oopsy",5,1,0.96848,0.024,0.00936,0.00056,0.0032,0.00104,0.06152,0.03148,0.00764,0.0312,0.0034,0.0635222203865852,0.08552
2026,,"Kay Robles",,1,"steamer",2,1,0.9492,0.028,0.0128,0.0012,0.012,0.0027,0.1124,0.0546,0.0119,0.0564,0.0091,0.118415507796039,0.1404
2026,,"Kay-Lan Nicasia","MIL",2,"steamer,oopsy",5,1,0.95828,0.0334,0.00936,0.00096,0.004,0.00204,0.05452,0.03244,0.0078,0.03016,0.00684,0.056893601035188,0.08792
2026,,"Kazuma Okamoto","TOR",4,"batx,steamer,oopsy,atc",9,533.751888888889,0.882662670778202,0.097191511852669,0.0429757956544175,0.00132313661922642,0.0119271752381573,0.00132785684502487,0.210860461145462,0.121162026621039,0.0451549568457511,0.135809917111568,0.00412981809027597,0.238891332018784,0.308051972998131
2026,,"Keaton Anthony","PHI",2,"steamer,oopsy",5,1,0.96604,0.02564,0.02016,0.00092,0.004,0.00052,0.09332,0.04232,0.00808,0.04128,0.00172,0.0966005548424496,0.11896
2026,,"Keduar Trujillo","HOU",2,"steamer,oopsy",5,1,0.96724,0.02484,0.00824,0.00068,0.0036,0.00112,0.05804,0.03032,0.00652,0.02904,0.0036,0.0600057896695753,0.08288
2026,,"Keegan Pieternella","TOR",1,"steamer",2,1,0.9214,0.0578,0.014,0.0012,0.01,0.0024,0.1221,0.0625,0.0086,0.0561,0.0081,0.132515736922075,0.1799
2026,,"Kehden Hettiger","PHI",2,"steamer,oopsy",5,1,0.95764,0.03484,0.01052,0.00076,0.0032,8e-04,0.06056,0.03364,0.00676,0.0306,0.0026,0.0632387953719561,0.0954
2026,,"Keiberg Camacaro","SFG",1,"steamer",2,1,0.9159,0.0613,0.0159,0.0019,0.012,0.003,0.1248,0.0617,0.0067,0.0538,0.0098,0.136259416966918,0.1861
2026,,"Keiner Delgado","PIT",2,"steamer,oopsy",5,1,0.95548,0.035,0.01176,0.00072,0.0052,0.00212,0.07,0.03628,0.00628,0.03224,0.00728,0.0732616067316951,0.105
2026,,"Keith Jones II","TEX",2,"steamer,oopsy",5,1,0.95364,0.03844,0.01504,0.0014,0.0036,0.00236,0.07732,0.04204,0.0094,0.03872,0.00776,0.0810788138081456,0.11576
2026,,"Keiver Garcia",,1,"steamer",2,1,0.9272,0.052,0.0172,0.0014,0.01,0.0037,0.1394,0.0624,0.0044,0.0542,0.0124,0.150345125107852,0.1914
2026,,"Kekai Rios",,1,"steamer",2,1,0.9112,0.067,0.0351,0.003,0.011,0.0037,0.1782,0.0885,0.0167,0.0834,0.0125,0.195566286215979,0.2452
2026,,"Kellen Strahm","HOU",1,"steamer",2,2.0333,0.881129198839325,0.102100034426794,0.03324644666306,0.00285250577878326,0.00600009836226823,0.00791816259282939,0.19028180789849,0.0996409777209462,0.0142133477597993,0.0830177543894162,0.0306890276889785,0.215952221478008,0.292381842325284
2026,,"Kellon Lindsey","LAD",2,"steamer,oopsy",5,1,0.96988,0.0218,0.0092,6e-04,0.004,0.0018,0.06244,0.03136,0.00512,0.02908,0.00604,0.0643790984451685,0.08424
2026,,"Kellum Clark",,1,"steamer",2,1,0.8942,0.084,0.0221,0.0025,0.011,0.0032,0.15,0.0797,0.0134,0.07,0.0106,0.167747707447998,0.234
2026,,"Kelvin Alcantara","SEA",2,"steamer,oopsy",5,1,0.9682,0.02348,0.00644,0.00044,0.004,0.00092,0.0532,0.02692,0.00484,0.02536,0.00312,0.0549473249328651,0.07668
2026,,"Kelvin Diaz",,2,"steamer,oopsy",10,1,0.97008,0.0218,0.0096,8e-04,0.0038,0.0025,0.05872,0.02934,0.00514,0.0274,0.00822,0.0605310902193633,0.08052
2026,,"Kelvin Hidalgo","COL",2,"steamer,oopsy",5,1,0.975,0.01708,0.01264,0.00128,0.0036,0.00284,0.07764,0.033,0.0044,0.0308,0.00976,0.0796307692307692,0.09472
2026,,"Kemp Alderman","MIA",3,"batx,steamer,oopsy",8,13.92255,0.956200989009088,0.032562632695667,0.0250432931893251,0.00230378447598298,0.00586130699264083,0.0028606116539885,0.2425086597727,0.117303440484991,0.0167228080332871,0.120544463061589,0.0112016898314123,0.253616825918588,0.275071292468367
2026,,"Kendall George","LAD",2,"steamer,oopsy",5,1,0.95164,0.04124,0.00976,0.00156,0.0028,0.00888,0.07792,0.04248,0.00408,0.03208,0.02872,0.0818797024084738,0.11916
2026,,"Kendall Simmons",,2,"steamer,oopsy",5,1,0.96688,0.0236,0.01604,0.0016,0.0052,0.0012,0.07672,0.03784,0.00844,0.03736,0.00396,0.079348005957306,0.10032
2026,,"Kendrick Hernandez","DET",1,"steamer",2,1,0.9328,0.0464,0.0128,0.0012,0.01,0.0022,0.11,0.0561,0.0108,0.0541,0.0074,0.117924528301887,0.1564
2026,,"Kendrick Herrera","PIT",2,"steamer,oopsy",5,1,0.96876,0.02292,0.00676,0.00068,0.004,0.00116,0.05616,0.02576,0.0024,0.02284,0.00392,0.0579710144927536,0.07908
2026,,"Kendry Chirinos","TOR",2,"steamer,oopsy",5,1,0.96376,0.02792,0.00928,8e-04,0.004,0.00072,0.06292,0.03176,0.00572,0.0294,0.00236,0.0652859633103677,0.09084
2026,,"Kendry Martínez","SEA",1,"steamer",2,1,0.9365,0.0427,0.0126,0.001,0.01,0.0024,0.1119,0.0526,0.005,0.0481,0.0081,0.119487453283502,0.1546
2026,,"Kenly Hunter","STL",1,"steamer",2,1,0.9209,0.0563,0.0176,0.0016,0.012,0.0044,0.1489,0.0691,0.0091,0.0627,0.0148,0.161689651427951,0.2052
2026,,"Kenneth Betancourt",,1,"steamer",2,1,0.9262,0.054,0.0425,0.0038,0.009,0.0046,0.22,0.0925,0.0103,0.0856,0.0154,0.237529691211401,0.274
2026,,"Kennew Blanco","TOR",1,"steamer",2,1,0.9453,0.0339,0.0195,0.0014,0.01,0.0022,0.1564,0.0666,0.0083,0.0646,0.0072,0.165450121654501,0.1903
2026,,"Kenni Gomez","HOU",2,"steamer,oopsy",5,1,0.97444,0.01804,0.01324,0.00124,0.0032,0.00312,0.07512,0.03496,0.0068,0.0342,0.0098,0.0770904314272813,0.09316
2026,,"Kenny Castillo","ARI",2,"steamer,oopsy",5,1,0.97532,0.01676,0.0144,0.001,0.0036,0.00068,0.07596,0.03276,0.00464,0.0322,0.0022,0.0778821309929049,0.09272
2026,,"Kenny Fenelon","MIL",1,"steamer",2,1,0.9229,0.0553,0.013,0.0013,0.011,0.0038,0.1173,0.0638,0.0143,0.0616,0.0126,0.127099360710803,0.1726
2026,,"Kenny Piper","TBR",2,"steamer,oopsy",5,1.690708,0.95693512837533,0.032756704819255,0.0128650381220272,0.000924170355402179,0.00599977262475383,0.0015402839256703,0.0644865536880632,0.037773629605724,0.0109286811868988,0.0371868547768972,0.00536898968376504,0.067388636675453,0.0972432585073182
2026,,"Kenyon Simmons",,1,"steamer",2,1,0.9372,0.041,0.0142,0.0012,0.011,0.003,0.1217,0.0595,0.0107,0.0578,0.01,0.12985488689714,0.1627
2026,,"Keoni Cavaco",,1,"steamer",2,1,0.9372,0.043,0.027,0.0025,0.009,0.003,0.1643,0.0769,0.0166,0.0778,0.01,0.175309432351686,0.2073
2026,,"Kervin Pichardo","WSN",2,"steamer,oopsy",5,2.381076,0.96564863037849,0.0256384342947746,0.0141757005315888,0.00139241671888229,0.00440183349840209,0.00135648338420146,0.0757115361725159,0.0357985846757803,0.00750108361462397,0.0346307512986532,0.00433895016271063,0.0784048501604983,0.101349970467291
2026,,"Keshawn Ogans","ATL",2,"steamer,oopsy",5,2.381076,0.961049163539344,0.0294383844372728,0.0154962505811094,0.00111393337510583,0.00520135019505063,0.00256923342967959,0.0795743696507055,0.038071368094343,0.00468031684217855,0.0333641012511538,0.00757295028398564,0.0827994786007094,0.109012754087978
2026,,"Kevin Alvarez","HOU",1,"steamer",2,1,0.9211,0.0551,0.0195,0.002,0.013,0.0033,0.152,0.0745,0.0124,0.0692,0.011,0.165020084681359,0.2071
2026,,"Kevin Bazzell","WSN",2,"steamer,oopsy",5,1,0.96444,0.02564,0.0096,0.00076,0.0056,0.00116,0.0674,0.03008,0.00324,0.02652,0.00384,0.0698851146779478,0.09304
2026,,"Kevin Bruggeman","LAA",2,"steamer,oopsy",5,1,0.95664,0.03424,0.0106,0.00128,0.0048,0.00164,0.06572,0.03328,0.00504,0.02884,0.00548,0.0686987790600435,0.09996
2026,,"Kevin Dume","ATH",2,"steamer,oopsy",5,1,0.9704,0.02168,0.00568,0.00048,0.0036,0.00088,0.0504,0.02668,0.00592,0.02564,0.00296,0.0519373454245672,0.07208
2026,,"Kevin Ereu","MIL",2,"steamer,oopsy",5,1,0.96636,0.02452,0.00572,0.00056,0.0048,0.0012,0.0456,0.02304,0.00204,0.0196,0.00392,0.0471873835837576,0.07012
2026,,"Kevin Fitzer","COL",2,"steamer,oopsy",5,1,0.97064,0.02024,0.01148,0.00132,0.0048,0.00108,0.0748,0.0332,0.00552,0.03164,0.0036,0.0770625566636446,0.09504
2026,,"Kevin Garcia","MIL",2,"steamer,oopsy",5,1,0.9736,0.01768,0.00764,0.00072,0.0044,0.00096,0.05732,0.0278,0.00644,0.02836,0.00316,0.0588742810188989,0.075
2026,,"Kevin Graham",,2,"steamer,oopsy",5,1.690708,0.964885927305933,0.0271970133161213,0.0147720563157142,0.00114421091621222,0.00359399582656403,0.00114421091621222,0.0710731011416438,0.0350891347638415,0.00663055556574262,0.0332114553115958,0.00382870575809474,0.0736595893154827,0.098270114457765
2026,,"Kevin Guerrero",,2,"steamer,oopsy",5,1,0.97208,0.0204,0.00956,8e-04,0.0032,0.00168,0.06376,0.0292,0.00456,0.02764,0.00524,0.0655913093572545,0.08416
2026,,"Kevin Hacen",,2,"steamer,oopsy",5,1,0.97208,0.0188,0.00588,0.00052,0.0048,0.00104,0.04912,0.0244,0.00408,0.02308,0.00344,0.0505308205086001,0.06792
2026,,"Kevin Kilpatrick Jr.","ATL",2,"steamer,oopsy",5,1.092184,0.963051216618175,0.0286396957235505,0.013880987598134,0.00182045738991922,0.00399850462428685,0.00386847195357834,0.0752889163402305,0.0367992458105099,0.00422606179802675,0.0314679063114607,0.0130032670708516,0.0781774790800981,0.103928612063781
2026,,"Kevin Made","WSN",2,"steamer,oopsy",5,1,0.96448,0.0272,0.01592,0.00096,0.004,0.00152,0.07724,0.0344,0.00428,0.03104,0.00512,0.080084605175846,0.10444
2026,,"Kevin Maitan",,2,"steamer,oopsy",5,1,0.96688,0.0248,0.01484,0.00124,0.004,0.00096,0.07436,0.03564,0.00716,0.03456,0.00308,0.0769071653152408,0.09916
2026,,"Kevin McGonigle","DET",4,"batx,steamer,oopsy,atc",9,470.044,0.887100320775633,0.0972951277171368,0.0474033319022839,0.00491157676451495,0.00552057730924697,0.00571583176749429,0.22537415136191,0.124938285127822,0.0297012955023246,0.110464672560383,0.0214170928369723,0.254057118550983,0.322669279079047
2026,,"Kevin Novoa",,1,"steamer",2,1,0.9172,0.06,0.015,0.0014,0.012,0.0031,0.1292,0.0651,0.009,0.058,0.0104,0.140863497601396,0.1892
2026,,"Kevin Parada","NYM",2,"steamer,oopsy",5,2.381076,0.962288863585832,0.0294024511025919,0.0151908172363223,0.000889350033350626,0.00399758348324271,0.000898333367020835,0.0732411194132087,0.0385834181135448,0.00907316700691043,0.0373706680680667,0.00293755011015813,0.0761113655002574,0.102643570515801
2026,,"Kevin Rivas","CLE",2,"steamer,oopsy",5,1,0.96508,0.0262,0.00876,0.00076,0.0044,0.00116,0.055,0.0288,0.00608,0.0272,0.00384,0.0569900940854644,0.0812
2026,,"Kevin Robledo","MIA",1,"steamer",2,1,0.9057,0.0735,0.0157,0.0012,0.01,0.0026,0.123,0.0658,0.011,0.0589,0.0088,0.135806558463067,0.1965
2026,,"Kevin Sim",,2,"steamer,oopsy",5,1,0.97248,0.0188,0.01104,8e-04,0.0044,0.00132,0.06836,0.03192,0.00644,0.0316,0.00424,0.0702945047713064,0.08716
2026,,"Kevin Tamburini",,1,"steamer",2,1,0.9502,0.029,0.0168,0.0015,0.01,0.0024,0.1417,0.0604,0.0088,0.0602,0.008,0.149126499684277,0.1707
2026,,"Kevin Verde","NYY",2,"steamer,oopsy",5,1,0.9804,0.01168,0.0076,6e-04,0.0036,0.0014,0.05892,0.02564,0.00352,0.02508,0.00464,0.0600979192166463,0.0706
2026,,"Kevin Villavicencio","NYM",2,"steamer,oopsy",5,1,0.97328,0.0188,0.01148,0.00108,0.0036,0.00284,0.0704,0.03116,0.00296,0.028,0.0088,0.0723327305605786,0.0892
2026,,"Kevin Watson Jr",,1,"steamer",2,1,0.9082,0.072,0.0251,0.0024,0.009,0.0041,0.1749,0.0844,0.0141,0.0772,0.0134,0.19257872715261,0.2469
2026,,"Kevyn Castillo","LAA",2,"steamer,oopsy",5,1,0.9642,0.02788,0.00964,0.00124,0.0036,0.00164,0.07132,0.03348,0.00632,0.0312,0.00524,0.0739680564198299,0.0992
2026,,"Keyber Rodriguez","TEX",2,"steamer,oopsy",5,2.221704,0.969251108710344,0.0232446858366262,0.0161706451978906,0.0013417985033027,0.00319663761080937,0.00206202858228135,0.0814846605792426,0.0356859204885725,0.0040747263372354,0.0325682122014868,0.00649193687627335,0.084069710983012,0.104729346415869
2026,,"Khadim Diaw","MIN",2,"steamer,oopsy",5,1,0.95832,0.02936,0.01096,0.00096,0.008,0.00128,0.07004,0.03552,0.00636,0.03212,0.00428,0.0730862342432591,0.0994
2026,,"Khris Almonte",,1,"steamer",2,1,0.9472,0.031,0.0152,0.0014,0.011,0.0034,0.1327,0.0618,0.0125,0.0628,0.0113,0.140097128378378,0.1637
2026,,"Kien Vu","CIN",1,"oopsy",3,1,1,0,0,0,0,0,0,0,0,0,0,0,0
2026,,"Kiko Romero",,2,"steamer,oopsy",5,1,0.95848,0.0324,0.01016,0.00084,0.0048,0.0014,0.06232,0.03476,0.00812,0.03252,0.00472,0.06501961438945,0.09472
2026,,"Kleimir Lemos","TEX",2,"steamer,oopsy",5,1,0.98048,0.0112,0.00816,0.00064,0.004,0.00108,0.06056,0.028,0.00692,0.02976,0.00344,0.0617656657963446,0.07176
2026,,"Kleiver Chauran","TBR",1,"steamer",2,1,0.8922,0.087,0.0178,0.0014,0.01,0.004,0.1293,0.0677,0.0062,0.0546,0.0133,0.144922663080027,0.2163
2026,,"Klendy Leen","TEX",1,"steamer",2,1,0.9251,0.0541,0.0112,0.0011,0.01,0.0026,0.1006,0.0549,0.0086,0.0498,0.0086,0.108745000540482,0.1547
2026,,"Kleyver Salazar","BOS",2,"steamer,oopsy",5,1,0.96292,0.02956,0.00924,0.00076,0.0032,0.00088,0.06348,0.03112,0.00448,0.02788,0.00296,0.0659244797075562,0.09304
2026,,"Kobe Kato",,2,"steamer,oopsy",5,1,0.95368,0.038,0.01592,0.00104,0.004,0.00376,0.07112,0.0372,0.00428,0.03048,0.0124,0.0745742806811509,0.10912
2026,,"Kodey Shojinaga","PHI",2,"steamer,oopsy",5,1,0.95724,0.03444,0.01064,0.00076,0.004,0.00084,0.06512,0.03292,0.00392,0.02804,0.00276,0.0680289164681794,0.09956
2026,,"Kody Hoese",,2,"steamer,oopsy",5,4.026604,0.96249067589952,0.0300005486481659,0.0167862992046936,0.000938538564713051,0.00319850207377333,0.000471603955403076,0.0795796654646992,0.0385127665758868,0.00752231655598371,0.0368131245979985,0.00153621486462982,0.0826809728731408,0.109580214112865
2026,,"Kody Huff","CLE",2,"steamer,oopsy",5,2.221704,0.962295462057194,0.0294011730870738,0.0157365339174103,0.000858356395495109,0.00399579701351171,0.00103594737387341,0.074173831969336,0.0351432813879722,0.00568291130810555,0.0324596843813668,0.00341369325104951,0.0770801015841509,0.10357500505641
2026,,"Kole Myers","LAD",2,"steamer,oopsy",5,1,0.94724,0.04324,0.01336,0.00168,0.0052,0.00392,0.07796,0.04472,0.00764,0.03768,0.01284,0.0823022676407246,0.1212
2026,,"Konner Piotto",,2,"steamer,oopsy",5,1,0.95888,0.0316,0.01288,0.00152,0.0052,0.0014,0.07196,0.03552,0.00528,0.03152,0.00468,0.0750458868680127,0.10356
2026,,"Konnor Griffin","PIT",4,"batx,steamer,oopsy,atc",9,424.318444444444,0.910130807293137,0.0604789097396881,0.0420365897084124,0.00346839861152309,0.0197244788561156,0.0108066557447952,0.234013748218497,0.120217001035113,0.0267390065889091,0.107093089152527,0.0468429542770714,0.257121005401947,0.294492657958185
2026,,"Korey Holland",,2,"steamer,oopsy",5,1,0.96968,0.0232,0.01576,0.001,0.0028,0.002,0.07432,0.03644,0.00828,0.03608,0.0066,0.0766438412672222,0.09752
2026,,"Korry Howell",,1,"steamer",2,1,0.8972,0.079,0.0373,0.0038,0.013,0.0058,0.1824,0.1022,0.0273,0.0993,0.0199,0.203299152920196,0.2614
2026,,"Kristian Robinson","ARI",3,"batx,steamer,oopsy",8,15.180475,0.877670774844063,0.11157880874968,0.0227192354601237,0.00265259167737817,0.00549632972421176,0.00398335301707932,0.172886765575729,0.122890001917374,0.0150131347862143,0.114572580985499,0.0177803651255572,0.196983619064274,0.284465574325408
2026,,"Kwang-Min Kwon",,1,"steamer",2,1,0.9112,0.068,0.037,0.0035,0.01,0.004,0.1938,0.1001,0.0266,0.1004,0.0133,0.212686567164179,0.2618
2026,,"Kyle Battle",,1,"steamer",2,1,0.9132,0.065,0.0237,0.0025,0.011,0.0042,0.1447,0.0773,0.0162,0.0726,0.0144,0.158453788874288,0.2097
2026,,"Kyle Datres",,2,"steamer,oopsy",5,1.234432,0.954484010894785,0.0367951175224453,0.0126601432462423,0.00103399576313931,0.00438817714112781,0.00181579743770806,0.0692020579037627,0.0383839402804398,0.00854937960254212,0.0351810753555937,0.00635529103197821,0.0725020609186413,0.105997175426208
2026,,"Kyle DeBarge","MIN",2,"steamer,oopsy",5,1,0.95984,0.03184,0.01276,0.00124,0.004,0.00492,0.06976,0.03556,0.00388,0.02908,0.01792,0.0726787797966328,0.1016
2026,,"Kyle Dernedde","CLE",2,"steamer,oopsy",5,1,0.96792,0.02256,0.01492,0.001,0.0052,0.00112,0.0712,0.03204,0.0044,0.02976,0.00376,0.0735597983304405,0.09376
2026,,"Kyle Hayes","KCR",2,"steamer,oopsy",5,1,0.95356,0.03532,0.01368,0.00112,0.0068,0.00096,0.06308,0.03512,0.00572,0.0304,0.00328,0.0661521036956248,0.0984
2026,,"Kyle Henley","CIN",2,"steamer,oopsy",5,1,0.97472,0.01696,0.00972,6e-04,0.004,0.00416,0.06744,0.0302,0.0042,0.02752,0.01444,0.0691891004596192,0.0844
2026,,"Kyle Hess","MIN",2,"steamer,oopsy",5,1,0.96108,0.0298,0.01216,0.0012,0.0048,0.00152,0.0658,0.03396,0.00604,0.03092,0.00484,0.0684646439422317,0.0956
2026,,"Kyle Lodise","CHW",2,"steamer,oopsy",5,1,0.96684,0.02404,0.01048,0.00096,0.0048,0.00212,0.06856,0.03324,0.00684,0.03188,0.00708,0.0709114227793637,0.0926
2026,,"Kyle Nevin","LAD",2,"steamer,oopsy",5,1,0.96352,0.02896,0.01516,0.00124,0.0032,0.00176,0.0812,0.04204,0.0092,0.04048,0.00584,0.0842743274659581,0.11016
2026,,"Kyle Sinzza","ARI",1,"steamer",2,1,0.9343,0.0449,0.0199,0.0018,0.01,0.0042,0.1627,0.0708,0.0075,0.0655,0.0141,0.174141068179386,0.2076
2026,,"Kyle Walker","HOU",1,"oopsy",3,1,1,0,0,0,0,0,0,0,0,0,0,0,0
2026,,"Kyler Castillo",,1,"steamer",2,1,0.9032,0.076,0.0276,0.0027,0.01,0.0047,0.1828,0.0869,0.0126,0.0773,0.0153,0.202391496899911,0.2588
2026,,"Kyler Fedko","MIN",2,"steamer,oopsy",5,1,0.95084,0.04124,0.01612,0.00056,0.0036,0.00348,0.07592,0.04312,0.00992,0.03908,0.0116,0.0798451895166379,0.11716
2026,,"Kyoung-min Hur",,1,"steamer",2,1,0.9162,0.056,0.0399,0.0015,0.017,0.0028,0.2312,0.0971,0.0123,0.0901,0.0083,0.252346649203231,0.2872
2026,,"L.J. Jones",,1,"steamer",2,1,0.9222,0.058,0.0429,0.0036,0.009,0.0035,0.2086,0.1018,0.0255,0.1037,0.0114,0.226198221643895,0.2666
2026,,"Lamar King Jr.","SDP",2,"steamer,oopsy",5,1,0.96768,0.0236,0.01316,0.00068,0.0044,0.00148,0.07172,0.03272,0.0044,0.02992,0.00508,0.07411541005291,0.09532
2026,,"Lamar Sparks",,1,"steamer",2,3.04031,0.906223378537057,0.0760119856198875,0.0389433972193625,0.00315757274751588,0.00700586453355086,0.00611779719831201,0.197150948423023,0.0987399311254445,0.021675421256385,0.0942995944492502,0.0186823054228023,0.217552264808362,0.27316293404291
2026,,"Landon Stephens",,1,"steamer",2,1,0.8872,0.091,0.0311,0.0027,0.011,0.0038,0.1653,0.1029,0.0344,0.1036,0.0119,0.18631650135257,0.2563
2026,,"Landon Wallace",,1,"steamer",2,1,0.9042,0.072,0.0399,0.0052,0.013,0.0041,0.1877,0.0964,0.02,0.0915,0.0135,0.207586817075868,0.2597
2026,,"Larry Martinez","TBR",2,"steamer,oopsy",5,1,0.97512,0.01576,0.01032,0.00076,0.0048,0.00088,0.07308,0.02992,0.0042,0.02936,0.00292,0.0749446222003446,0.08884
2026,,"Larry Suero","COL",1,"steamer",2,1,0.9266,0.0496,0.0162,0.0015,0.013,0.0028,0.133,0.0671,0.0138,0.0643,0.0093,0.143535506151522,0.1826
2026,,"Laz Rivera",,1,"steamer",2,1,0.9152,0.063,0.0394,0.004,0.011,0.005,0.1995,0.0919,0.0139,0.0854,0.0149,0.21798513986014,0.2625
2026,,"Lazaro Armenteros",,1,"steamer",2,1.49262,0.876244456057134,0.0990205142635098,0.0331631627607831,0.00375179215071485,0.0140022242767751,0.0081065508970803,0.178947086331417,0.104916187643205,0.0269995042274658,0.0971446181881524,0.0243866489796465,0.204220506154905,0.277967600594927
2026,,"Lazaro Montes","SEA",2,"steamer,oopsy",5,1,0.95232,0.03976,0.01328,0.00124,0.0036,0.00096,0.07368,0.04372,0.01384,0.0438,0.00312,0.0773689516129032,0.11344
2026,,"Lazaro Morales","SFG",1,"steamer",2,1,0.9416,0.0366,0.0162,0.0019,0.011,0.0035,0.1345,0.0622,0.0114,0.0619,0.0117,0.142841971112999,0.1711
2026,,"Leandro Alsinois","CHW",2,"steamer,oopsy",5,1,0.97244,0.01964,0.00688,0.00048,0.0036,0.00144,0.05492,0.02628,0.0052,0.02564,0.00468,0.0564764921229073,0.07456
2026,,"Leandro Arias","BAL",2,"steamer,oopsy",5,1,0.96372,0.02756,0.01112,0.00068,0.0044,0.00148,0.07004,0.03292,0.00348,0.02844,0.0046,0.0726767110779065,0.0976
2026,,"Leandro Cedeño","SDP",2,"batx,steamer",5,4.2466,0.925253795039776,0.0552761815629387,0.0402389330837623,0.00218838558727188,0.0101581937295274,0.00111787646233037,0.217973327094057,0.101978624239588,0.0289184464202153,0.117488572765559,0.00395252222742162,0.235582202702218,0.273249508656996
2026,,"Leandro Emiliani",,1,"steamer",2,1,0.9242,0.055,0.0277,0.0025,0.01,0.0033,0.1665,0.0861,0.0234,0.0881,0.0111,0.180155810430643,0.2215
2026,,"Leandro Morgado",,1,"steamer",2,1,0.9472,0.032,0.0177,0.0015,0.01,0.0042,0.1422,0.0635,0.01,0.0626,0.0137,0.150126689189189,0.1742
2026,,"Leandro Pineda","WSN",2,"steamer,oopsy",5,1,0.95856,0.03192,0.01704,0.00092,0.0052,0.00104,0.07644,0.03852,0.00836,0.03652,0.00348,0.0797446169253881,0.10836
2026,,"Leandro Romero","SEA",1,"steamer",2,1,0.9375,0.0427,0.0186,0.0013,0.009,0.0025,0.1428,0.068,0.0139,0.0684,0.0084,0.15232,0.1855
2026,,"Leandy Mella",,1,"steamer",2,1,0.9442,0.035,0.0169,0.0016,0.01,0.0028,0.1281,0.0558,0.0055,0.0524,0.0091,0.135670408811692,0.1631
2026,,"Leider Padilla","LAD",1,"steamer",2,1,0.9296,0.0486,0.0142,0.001,0.011,0.0026,0.1257,0.0669,0.0134,0.0643,0.0088,0.135219449225473,0.1743
2026,,"Leiker Figueroa",,2,"steamer,oopsy",5,1,0.97448,0.0168,0.00916,0.00092,0.0044,0.00176,0.06404,0.02792,0.0032,0.026,0.00568,0.0657171004022658,0.08084
2026,,"Leni Done","NYY",1,"steamer",2,1,0.9308,0.0454,0.0154,0.0011,0.013,0.0033,0.1342,0.0694,0.016,0.0685,0.0111,0.144177051998281,0.1796
2026,,"Lennyn Nunez",,1,"steamer",2,1,0.9172,0.057,0.015,0.0014,0.015,0.0033,0.1265,0.0643,0.0085,0.057,0.0108,0.137919755778456,0.1835
2026,,"Leny Carela",,1,"steamer",2,1,0.9292,0.05,0.0179,0.0017,0.01,0.0042,0.1439,0.0644,0.0053,0.0569,0.014,0.154864399483427,0.1939
2026,,"Leo Balcazar","CIN",2,"steamer,oopsy",5,1,0.96704,0.02504,0.01604,8e-04,0.0036,0.0014,0.089,0.03936,0.00696,0.0376,0.00436,0.0920334215751158,0.11404
2026,,"Leo De Vries","ATH",4,"batx,steamer,oopsy,atc",9,35.0026444444444,0.894043075831419,0.0843050086990231,0.0523402939322823,0.0031209580178617,0.00597017431886998,0.00245001855901313,0.208366263736109,0.117673067734585,0.0309273136174644,0.113913513649762,0.0100510792374217,0.233060653752435,0.292671272435132
2026,,"Leonard Rijo","MIL",1,"steamer",2,1,0.9179,0.0593,0.0138,0.002,0.012,0.0034,0.1272,0.0606,0.0045,0.0517,0.0114,0.138577187057414,0.1865
2026,,"Leonardo Bernal","STL",2,"steamer,oopsy",5,1,0.96088,0.032,0.01576,0.00068,0.0028,0.00172,0.08076,0.03936,0.0082,0.03764,0.00548,0.0840479560402964,0.11276
2026,,"Leonardo Carpio",,1,"steamer",2,1,0.9452,0.033,0.0125,0.001,0.011,0.0022,0.104,0.0509,0.009,0.0504,0.0073,0.110029623360135,0.137
2026,,"Leonardo Pineda","TBR",2,"steamer,oopsy",5,1,0.96944,0.02224,0.006,0.00052,0.004,0.00124,0.04912,0.02464,0.00424,0.02312,0.00416,0.0506684271331903,0.07136
2026,,"Leonel Espinoza","CHC",2,"steamer,oopsy",5,1,0.97048,0.0212,0.01108,0.00092,0.004,0.00248,0.07568,0.03456,0.00604,0.03292,0.008,0.0779820295111697,0.09688
2026,,"Leonel Valera",,1,"steamer",2,1,0.9282,0.051,0.0408,0.0059,0.01,0.005,0.2104,0.0954,0.0168,0.0924,0.0184,0.226675285498815,0.2614
2026,,"Leonel Vivas","CHC",1,"steamer",2,1,0.9172,0.057,0.0135,0.0013,0.015,0.0034,0.1205,0.0643,0.0104,0.058,0.0113,0.131378107283035,0.1775
2026,,"Leosdany Molina",,1,"steamer",2,1,0.9392,0.04,0.0234,0.0023,0.01,0.0042,0.1716,0.0745,0.0112,0.072,0.014,0.182708688245315,0.2116
2026,,"Leudy Arache","COL",1,"steamer",2,1,0.9355,0.0437,0.0166,0.0021,0.01,0.0026,0.1411,0.0652,0.0112,0.0626,0.0088,0.150828433992517,0.1848
2026,,"Lewis German","KCR",1,"steamer",2,1,0.9431,0.0361,0.0158,0.0014,0.01,0.0034,0.1295,0.0638,0.0142,0.0646,0.0116,0.137313116318524,0.1656
2026,,"Lexer Saduy",,1,"steamer",2,1,0.9192,0.058,0.0239,0.0022,0.012,0.005,0.1638,0.0796,0.0145,0.0749,0.0159,0.178198433420366,0.2218
2026,,"Liberts Aponte","CIN",1,"steamer",2,1,0.9287,0.0505,0.0163,0.0013,0.01,0.0027,0.1392,0.0697,0.0155,0.0686,0.0089,0.14988693873156,0.1897
2026,,"Limanol Payero","PIT",1,"steamer",2,1,0.9199,0.0583,0.0135,0.0013,0.011,0.0028,0.1083,0.0576,0.0086,0.0519,0.0093,0.11773018806392,0.1666
2026,,"Liordanys Menendez","LAA",1,"steamer",2,1,0.9294,0.0488,0.0179,0.0018,0.011,0.0033,0.1452,0.0629,0.0056,0.0562,0.0109,0.156229825693996,0.194
2026,,"Liosward Marin","BOS",1,"steamer",2,1,0.9312,0.048,0.018,0.0016,0.01,0.0029,0.1366,0.0647,0.0089,0.0603,0.0097,0.146692439862543,0.1846
2026,,"Lisandro Bonifacio",,1,"steamer",2,1,0.9312,0.048,0.0176,0.0016,0.01,0.0037,0.1397,0.063,0.0058,0.0565,0.0123,0.15002147766323,0.1877
2026,,"Lisandro Sanchez","BAL",1,"steamer",2,1,0.9418,0.0384,0.0175,0.0021,0.009,0.0032,0.1424,0.0652,0.0104,0.0629,0.0104,0.15119983011255,0.1808
2026,,"Lisbel Diaz","SFG",2,"steamer,oopsy",5,1,0.97588,0.0158,0.01296,0.00108,0.004,0.00188,0.07976,0.03412,0.00632,0.0342,0.00616,0.0817313604131655,0.09556
2026,,"Lizandro Espinoza","ATL",2,"steamer,oopsy",5,1,0.9694,0.02268,0.01452,0.00128,0.0036,0.00344,0.07032,0.03552,0.00668,0.03364,0.01036,0.0725397152878069,0.093
2026,,"Lizandro Rodriguez",,2,"steamer,oopsy",5,1,0.96808,0.024,0.01096,0.00112,0.0036,0.00256,0.06892,0.03232,0.0046,0.02952,0.00804,0.0711924634327742,0.09292
2026,,"LJ Talley",,1,"steamer",2,1,0.8952,0.085,0.0387,0.0038,0.009,0.0044,0.2022,0.1,0.0175,0.0911,0.0154,0.225871313672922,0.2872
2026,,"Logan Braunschweig","ATL",2,"steamer,oopsy",5,1,0.96544,0.02584,0.01048,0.00112,0.0044,0.00176,0.0728,0.03592,0.00708,0.03396,0.0058,0.0754060324825986,0.09864
2026,,"Logan Cerny",,2,"steamer,oopsy",5,1,0.96488,0.0268,0.01384,0.00096,0.004,0.0026,0.0706,0.03784,0.0098,0.03712,0.00908,0.073169720587016,0.0974
2026,,"Logan Tanner","CIN",2,"steamer,oopsy",5,1,0.96016,0.03232,0.0102,0.00068,0.0032,0.001,0.05848,0.03208,0.00668,0.02952,0.00328,0.0609065155807366,0.0908
2026,,"Logan Wagner","LAD",2,"steamer,oopsy",5,1,0.9552,0.03568,0.01136,0.00068,0.0048,0.00148,0.06384,0.0378,0.008,0.03416,0.00504,0.0668341708542714,0.09952
2026,,"Logan Warmoth",,1,"steamer",2,1,0.8832,0.094,0.0358,0.0029,0.012,0.0061,0.1782,0.0929,0.0131,0.0789,0.0197,0.201766304347826,0.2722
2026,,"Logun Clark","CLE",2,"steamer,oopsy",5,1,0.96592,0.02456,0.00796,0.00064,0.0052,0.001,0.05628,0.02764,0.00456,0.02544,0.00324,0.0582656948815637,0.08084
2026,,"Loidel Chapelli",,1,"steamer",2,1,0.9082,0.071,0.0319,0.0032,0.01,0.006,0.1825,0.0877,0.0129,0.0788,0.0196,0.20094692798943,0.2535
2026,,"Lolo Sanchez",,1,"steamer",2,1,0.8872,0.092,0.0328,0.0045,0.01,0.0046,0.1908,0.0993,0.0189,0.0901,0.0146,0.215058611361587,0.2828
2026,,"Lonnie White Jr.","PIT",2,"steamer,oopsy",5,1,0.96152,0.02856,0.01016,8e-04,0.0056,0.00268,0.06284,0.03556,0.00968,0.03464,0.00892,0.0653548548132124,0.0914
2026,,"Lorenzo Cedrola",,1,"steamer",2,1,0.9128,0.0584,0.0408,0.0038,0.018,0.0076,0.2164,0.0983,0.0166,0.0921,0.0242,0.237072743207713,0.2748
2026,,"Louis Andujar","BOS",1,"steamer",2,1,0.9212,0.057,0.0152,0.0015,0.011,0.0034,0.1345,0.0724,0.0177,0.071,0.0113,0.146005210594876,0.1915
2026,,"Louis Pierre",,1,"steamer",2,1,0.9262,0.053,0.0137,0.0014,0.01,0.0034,0.1181,0.061,0.0106,0.0568,0.0114,0.127510256963939,0.1711
2026,,"Luca Tresh","KCR",2,"steamer,oopsy",5,1.816124,0.964410208169562,0.0284839374932162,0.0166693527962609,0.00174982156424838,0.00280234581342034,0.00078939318687897,0.0813732810141071,0.041587864395407,0.0105120859386049,0.0416668037140949,0.00261815406981525,0.0843762128654285,0.109857218507323
2026,,"Lucas Dunn",,1,"steamer",2,1,0.8942,0.083,0.0355,0.0039,0.012,0.0043,0.1758,0.092,0.0165,0.0831,0.0138,0.196600313129054,0.2588
2026,,"Lucas Ramirez","LAA",2,"steamer,oopsy",5,1,0.97296,0.01872,0.00584,6e-04,0.004,0.00116,0.05204,0.02496,0.00488,0.0242,0.0038,0.053486268705805,0.07076
2026,,"Lucas Spence","HOU",2,"steamer,oopsy",5,1,0.95324,0.03804,0.01636,0.00148,0.0044,0.00228,0.07528,0.04164,0.00852,0.03764,0.00768,0.0789727665645588,0.11332
2026,,"Ludwing Espinoza","CHC",2,"steamer,oopsy",5,1,0.97368,0.018,0.0068,0.00068,0.004,0.00188,0.05228,0.02436,0.00244,0.02196,0.00608,0.0536932051598061,0.07028
2026,,"Luis Abreu",,1,"steamer",2,1,0.9292,0.049,0.0139,0.0014,0.011,0.0037,0.1205,0.0575,0.0053,0.0507,0.0122,0.12968144640551,0.1695
2026,,"Luis Aguilera","DET",1,"steamer",2,1,0.9318,0.0484,0.017,0.0028,0.009,0.0033,0.1517,0.0654,0.0059,0.0593,0.0109,0.162803176647349,0.2001
2026,,"Luis Almeyda","BAL",2,"steamer,oopsy",5,1,0.9712,0.02048,0.00936,0.00084,0.004,0.00284,0.0644,0.03068,0.00444,0.02796,0.00892,0.0663097199341021,0.08488
2026,,"Luis Arana","MIA",1,"steamer",2,1,0.9138,0.0624,0.0199,0.0021,0.013,0.0057,0.1575,0.0749,0.0108,0.0678,0.0188,0.172357189757058,0.2199
2026,,"Luis Arias","WSN",1,"oopsy",3,1,1,0,0,0,0,0,0,0,0,0,0,0,0
2026,,"Luis Ariza",,2,"steamer,oopsy",5,1,0.97248,0.0188,0.00648,6e-04,0.0044,0.00116,0.05204,0.0252,0.00404,0.02384,0.0038,0.0535126686410003,0.07084
2026,,"Luis Baez","HOU",2,"steamer,oopsy",5,1,0.96884,0.02404,0.01732,0.00132,0.0028,0.00132,0.08208,0.04028,0.00964,0.04048,0.00456,0.0847198711861608,0.10612
2026,,"Luis Bolivar",,1,"steamer",2,1,0.9322,0.047,0.0145,0.0013,0.01,0.0031,0.1187,0.0587,0.0091,0.055,0.0103,0.12733319030251,0.1657
2026,,"Luis Caicuto","PHI",2,"steamer,oopsy",5,1,0.96844,0.02164,0.01092,8e-04,0.0056,0.001,0.06884,0.0314,0.004,0.02876,0.00336,0.0710833918466813,0.09048
2026,,"Luis Castillo","MIL",2,"steamer,oopsy",5,1,0.96232,0.03016,0.00932,0.001,0.0032,0.00088,0.06072,0.03372,0.00924,0.03356,0.00288,0.0630975143403442,0.09088
2026,,"Luis Castro",,2,"steamer,oopsy",5,1,0.96488,0.026,0.01652,0.00136,0.0048,0.00148,0.08084,0.04108,0.01072,0.04132,0.00476,0.0837824392670591,0.10684
2026,,"Luis Chevalier",,2,"steamer,oopsy",5,1,0.96728,0.0244,0.00936,0.00084,0.004,0.00144,0.06376,0.03028,0.0044,0.02768,0.0048,0.065916797618063,0.08816
2026,,"Luis Colon",,1,"steamer",2,1,0.9332,0.046,0.0178,0.0018,0.01,0.0039,0.1406,0.063,0.0059,0.0569,0.0128,0.150664380625804,0.1866
2026,,"Luis Corobo","MIL",2,"steamer,oopsy",5,1,0.97276,0.01892,0.0058,0.00052,0.004,0.00112,0.05084,0.02496,0.00472,0.02436,0.0038,0.0522636621571611,0.06976
2026,,"Luis Cova","MIA",1,"steamer",2,1,0.9097,0.0685,0.0186,0.0014,0.011,0.0068,0.1453,0.077,0.0166,0.072,0.023,0.159722985599648,0.2138
2026,,"Luis Cruz","PIT",1,"steamer",2,1,0.9189,0.0593,0.0159,0.0016,0.011,0.0032,0.1339,0.0663,0.0099,0.0606,0.0107,0.14571770595277,0.1932
2026,,"Luis De La Cruz","CLE",2,"steamer,oopsy",5,1,0.97236,0.01932,0.00688,0.00052,0.004,0.0018,0.05644,0.02656,0.00464,0.02536,0.00592,0.0580443457155786,0.07576
2026,,"Luis De Leon","SDP",2,"steamer,oopsy",7,1,0.958057142857143,0.0297714285714286,0.00942857142857143,0.000742857142857143,0.006,0.00194285714285714,0.0782857142857143,0.0380285714285714,0.00585714285714286,0.0352571428571429,0.00648571428571428,0.081712990576166,0.108057142857143
2026,,"Luis Durango","NYY",2,"steamer,oopsy",5,1,0.96708,0.023,0.00968,8e-04,0.0056,0.00484,0.06888,0.03416,0.00524,0.03008,0.01592,0.0712247177069115,0.09188
2026,,"Luis Encarnacion",,2,"steamer,oopsy",5,1,0.97328,0.0192,0.01416,0.00104,0.0032,0.001,0.07952,0.0378,0.0102,0.03972,0.00324,0.0817031070195627,0.09872
2026,,"Luis Escudero","NYY",2,"steamer,oopsy",5,1,0.9598,0.03188,0.00684,0.00064,0.004,0.00212,0.05616,0.02964,0.00332,0.02436,0.00696,0.0585121900395916,0.08804
2026,,"Luis Felipe","TOR",1,"steamer",2,1,0.9413,0.0389,0.0151,0.0012,0.009,0.0022,0.1279,0.0602,0.0099,0.0588,0.0075,0.135875916285987,0.1668
2026,,"Luis Fragoza","MIN",2,"steamer,oopsy",5,1,0.96844,0.02124,0.00632,0.00052,0.006,0.00168,0.0508,0.02588,0.004,0.02336,0.00568,0.0524554954359589,0.07204
2026,,"Luis Freitez","ATH",2,"steamer,oopsy",5,1,0.9668,0.02488,0.009,0.00072,0.004,0.001,0.06036,0.0304,0.00536,0.02792,0.00336,0.0624327678940836,0.08524
2026,,"Luis Frias","SFG",1,"steamer",2,1,0.9436,0.0366,0.0202,0.0022,0.009,0.0035,0.1532,0.0649,0.0089,0.0632,0.0115,0.162356930902925,0.1898
2026,,"Luis Galan","CLE",1,"steamer",2,1,0.9299,0.0483,0.0149,0.0013,0.011,0.0024,0.1316,0.0606,0.0085,0.0566,0.0081,0.141520593612216,0.1799
2026,,"Luis Garcia","CLE",1,"steamer",2,1,0.9238,0.0564,0.0191,0.0012,0.009,0.0028,0.1331,0.0608,0.0046,0.0531,0.0094,0.144078804936133,0.1895
2026,,"Luis Guanipa","ATL",2,"steamer,oopsy",5,1,0.971,0.02068,0.0096,0.00088,0.004,0.00156,0.06924,0.03256,0.00584,0.0312,0.00504,0.071307929969104,0.08992
2026,,"Luis Guevara","BAL",2,"steamer,oopsy",5,1,0.96256,0.02872,0.00892,0.00116,0.0044,0.00208,0.065,0.03108,0.0024,0.02552,0.00688,0.0675282579787234,0.09372
2026,,"Luis Hernandez",,1,"steamer",2,1,0.9352,0.044,0.0118,0.0011,0.01,0.0023,0.1031,0.0524,0.0078,0.0492,0.0076,0.11024379811805,0.1471
2026,,"Luis Lameda","MIL",2,"steamer,oopsy",5,1,0.95308,0.039,0.00876,0.00084,0.0036,0.00136,0.05928,0.03016,0.00212,0.02376,0.0044,0.0621983464137323,0.09828
2026,,"Luis Lara","MIL",2,"steamer,oopsy",5,1,0.95148,0.0394,0.01652,0.00136,0.0048,0.0042,0.07892,0.03944,0.00396,0.0322,0.01404,0.0829444654643293,0.11832
2026,,"Luis Leon","CHC",1,"steamer",2,1,0.9402,0.038,0.0162,0.0013,0.011,0.004,0.1423,0.0695,0.0161,0.0707,0.0133,0.151350776430547,0.1803
2026,,"Luis Leones",,2,"steamer,oopsy",5,1,0.97008,0.0212,0.00748,0.00076,0.0044,0.00216,0.05588,0.02804,0.0052,0.02624,0.00752,0.0576034966188356,0.07708
2026,,"Luis Luna","LAD",1,"steamer",2,1,0.9356,0.0426,0.0146,0.0011,0.011,0.0034,0.1258,0.0613,0.0064,0.0554,0.0114,0.13445917058572,0.1684
2026,,"Luis Maldonado",,1,"steamer",2,1,0.9432,0.036,0.0152,0.0015,0.01,0.0027,0.1369,0.0612,0.0091,0.0597,0.0091,0.145144189991518,0.1729
2026,,"Luis Marinez",,2,"steamer,oopsy",5,1,0.96728,0.024,0.00704,0.00064,0.0044,0.00124,0.05016,0.02728,0.00572,0.02576,0.0042,0.0518567529567447,0.07416
2026,,"Luis Marquez","TEX",2,"steamer,oopsy",5,1,0.97084,0.02044,0.01176,0.00088,0.0044,0.00132,0.0722,0.032,0.0044,0.02996,0.0042,0.0743685880268633,0.09264
2026,,"Luis Martinez",,1,"steamer",2,1,0.9232,0.056,0.0156,0.0014,0.01,0.0029,0.128,0.064,0.0099,0.0589,0.0095,0.138648180242634,0.184
2026,,"Luis Mendez","COL",2,"steamer,oopsy",5,1,0.96868,0.0238,0.01108,0.00132,0.0032,0.00184,0.07112,0.03192,0.00404,0.02888,0.00584,0.0734194986992609,0.09492
2026,,"Luis Merejo","CLE",2,"steamer,oopsy",5,1,0.96348,0.0266,0.00908,6e-04,0.0056,0.00112,0.05808,0.03112,0.00748,0.03,0.00372,0.0602814796363183,0.08468
2026,,"Luis Meza",,1,"oopsy",3,1,1,0,0,0,0,0,0,0,0,0,0,0,0
2026,,"Luis Mieses",,2,"steamer,oopsy",5,1.342184,0.974483955461179,0.0187985728606383,0.0172679551162515,0.00144438575878758,0.00239293760037942,0.000668297888394253,0.0835803520420812,0.0385241395664687,0.00931305444471991,0.0402056632856542,0.00215579963998146,0.0857688334155552,0.10237892490272
2026,,"Luis Morejon","COL",1,"steamer",2,1,0.9097,0.0685,0.0187,0.0019,0.011,0.0032,0.1603,0.0805,0.0166,0.0751,0.0106,0.176211938001539,0.2288
2026,,"Luis Ogando",,1,"steamer",2,1,0.9322,0.045,0.0172,0.0016,0.012,0.0038,0.1429,0.0696,0.0143,0.0681,0.0127,0.153293284702853,0.1879
2026,,"Luis Parababire","ATL",2,"steamer,oopsy",5,1,0.9694,0.02148,0.00604,6e-04,0.0048,0.0012,0.04852,0.0254,0.00396,0.02316,0.00396,0.0500515782958531,0.07
2026,,"Luis Peña","MIL",2,"steamer,oopsy",5,1,0.97116,0.02052,0.014,0.00152,0.004,0.0042,0.08028,0.03652,0.00572,0.03416,0.0148,0.0826640306437662,0.1008
2026,,"Luis Pineda",,2,"steamer,oopsy",5,1,0.97528,0.0172,0.01048,8e-04,0.0032,0.00092,0.06852,0.03124,0.0068,0.03188,0.00296,0.0702567467804118,0.08572
2026,,"Luis Pino","STL",2,"steamer,oopsy",5,1,0.9644,0.02648,0.00912,6e-04,0.0048,0.001,0.05896,0.03044,0.00656,0.02912,0.00328,0.0611364579012858,0.08544
2026,,"Luis Puello","NYY",2,"steamer,oopsy",5,1,0.97556,0.01572,0.00616,0.00048,0.0044,0.001,0.0536,0.02564,0.00488,0.02516,0.0034,0.0549428020829062,0.06932
2026,,"Luis Quesada","HOU",1,"steamer",2,1,0.9151,0.0611,0.015,0.0013,0.013,0.0023,0.1284,0.0714,0.0167,0.0684,0.0076,0.140312534149273,0.1895
2026,,"Luis Ravelo",,2,"steamer,oopsy",5,1,0.96568,0.0264,0.01428,0.00108,0.0036,0.00088,0.07244,0.03348,0.00456,0.03068,0.00284,0.0750144975561263,0.09884
2026,,"Luis Reyes",,2,"steamer,oopsy",5,1,0.97288,0.0188,0.00992,8e-04,0.004,0.00104,0.06828,0.03172,0.00656,0.03164,0.00348,0.0701833730778719,0.08708
2026,,"Luis Rives","HOU",1,"oopsy",3,1,1,0,0,0,0,0,0,0,0,0,0,0,0
2026,,"Luis Rodriguez","LAA",2,"steamer,oopsy",9,1,0.952088888888889,0.0340444444444444,0.0164444444444444,0.00144444444444444,0.00666666666666667,0.00224444444444444,0.109377777777778,0.0515777777777778,0.00924444444444444,0.0495333333333333,0.00751111111111111,0.114881897115115,0.143422222222222
2026,,"Luis Sanchez","ATL",2,"steamer,oopsy",7,1,0.9528,0.0347428571428571,0.0115428571428571,0.00134285714285714,0.00628571428571429,0.0022,0.0849428571428571,0.0409428571428571,0.00465714285714286,0.036,0.007,0.0891507736595898,0.119685714285714
2026,,"Luis Santana",,1,"steamer",2,1,0.9162,0.061,0.0404,0.0031,0.012,0.0033,0.2017,0.0963,0.0196,0.0938,0.0107,0.220148439205414,0.2627
2026,,"Luis Santos","CHC",1,"steamer",2,1,0.9442,0.036,0.0196,0.0018,0.009,0.0048,0.1512,0.0663,0.0084,0.0632,0.016,0.160135564499047,0.1872
2026,,"Luis Steven King","KCR",1,"steamer",2,1,0.924,0.0532,0.0199,0.0014,0.012,0.0037,0.143,0.0669,0.0064,0.0588,0.0124,0.154761904761905,0.1962
2026,,"Luis Suarez",,1,"steamer",2,1,0.9352,0.044,0.0177,0.0017,0.01,0.0037,0.1389,0.0628,0.007,0.0578,0.0126,0.148524379811805,0.1829
2026,,"Luis Suisbel","SEA",2,"steamer,oopsy",5,1,0.96624,0.02424,0.01036,6e-04,0.0052,0.00076,0.06716,0.03592,0.0108,0.03732,0.0026,0.0695065408180162,0.0914
2026,,"Luis Toribio",,1,"steamer",2,1.01405,0.89620827375376,0.084019525664415,0.0347122922932794,0.00335289186923722,0.00897391647354667,0.00276120506878359,0.180957546472067,0.102756274345446,0.0308663280903309,0.103150732212416,0.00917114540703121,0.201914612676056,0.264977072136482
2026,,"Luis Torres",,1,"steamer",2,1,0.9312,0.048,0.0241,0.0023,0.01,0.0032,0.1613,0.0793,0.0195,0.0806,0.0107,0.17321735395189,0.2093
2026,,"Luis Valdez",,2,"steamer,oopsy",5,1,0.97288,0.0196,0.01348,0.00256,0.0032,0.00672,0.07516,0.03464,0.00304,0.0294,0.02432,0.0772551599375051,0.09476
2026,,"Luis Verdugo","SDP",2,"steamer,oopsy",5,2.221704,0.966853630502237,0.0260368106633516,0.0157464000828758,0.000779427071771421,0.00280199099219093,0.00101621504294249,0.0737298545233902,0.0349064934168011,0.00600849476846576,0.0330516543092944,0.00317690527987845,0.0762575142683085,0.0997666651867418
2026,,"Luis Vicioso",,1,"steamer",2,1,0.9422,0.037,0.0178,0.0017,0.01,0.0032,0.1467,0.0659,0.0113,0.065,0.0106,0.155699426873275,0.1837
2026,,"Luis Yanel Diaz",,1,"steamer",2,1,0.9182,0.06,0.0376,0.0037,0.011,0.0062,0.1984,0.1005,0.0266,0.1015,0.0193,0.216074929209323,0.2584
2026,,"Luiyin Alastre","MIL",2,"steamer,oopsy",5,1,0.96836,0.02332,0.01088,0.0014,0.004,0.00184,0.07264,0.03232,0.00432,0.02996,0.00584,0.075013424759387,0.09596
2026,,"LuJames Groover","ARI",2,"steamer,oopsy",5,2.596444,0.956610052673654,0.0346776568739218,0.0179599327604481,0.000857524678879047,0.00439982288508969,0.000761353686855229,0.0931736627724093,0.0444951123096866,0.0081905628206952,0.0417542390370078,0.0025084600419546,0.0973998365499044,0.127851319646331
2026,,"Luke Adams","MIL",2,"steamer,oopsy",5,1,0.9326,0.05068,0.01404,0.00076,0.0124,0.00248,0.0674,0.04448,0.01068,0.0384,0.00792,0.072271070126528,0.11808
2026,,"Luke Berryhill",,1,"steamer",2,1,0.8832,0.097,0.0332,0.0031,0.009,0.0038,0.1701,0.095,0.0206,0.0865,0.0127,0.192595108695652,0.2671
2026,,"Luke Brown",,1,"steamer",2,1,0.9082,0.07,0.0246,0.0024,0.011,0.0045,0.1579,0.0849,0.0202,0.0814,0.015,0.173860383175512,0.2279
2026,,"Luke Davis","PHI",2,"steamer,oopsy",5,1,0.9452,0.04648,0.00832,0.00072,0.004,8e-04,0.05616,0.03464,0.00616,0.02872,0.00272,0.0594159966144731,0.10264
2026,,"Luke Dickerson","WSN",2,"steamer,oopsy",5,1,0.96884,0.02324,0.00964,8e-04,0.0036,0.0022,0.06156,0.02892,0.0044,0.02652,0.00724,0.0635399033896206,0.0848
2026,,"Luke Gold",,2,"steamer,oopsy",5,1,0.96928,0.0204,0.01268,0.00092,0.006,0.00084,0.0702,0.03476,0.00832,0.035,0.00276,0.0724248927038627,0.0906
2026,,"Luke Mann","ATH",2,"steamer,oopsy",5,1,0.96156,0.02972,0.01368,0.00132,0.0044,0.00092,0.06816,0.03736,0.00904,0.03572,0.00316,0.0708848121802072,0.09788
2026,,"Luke Napleton",,1,"oopsy",3,1,1,0,0,0,0,0,0,0,0,0,0,0,0
2026,,"Luke Pelzer","KCR",1,"oopsy",3,1,1,0,0,0,0,0,0,0,0,0,0,0,0
2026,,"Luke Ritter","LAA",2,"steamer,oopsy",5,7.2724,0.953851687548708,0.0362400335711288,0.0124908578622385,0.00105269468257299,0.005599184701157,0.000666626701037108,0.0686721419579162,0.0378370601282897,0.00985792218691925,0.0358491697140459,0.00214855224506924,0.0719945698627382,0.104912175529045
2026,,"Luke Scherrer","PIT",2,"steamer,oopsy",5,1,0.96636,0.02412,0.00808,0.00076,0.0052,0.00148,0.05824,0.02844,0.00412,0.02588,0.00492,0.0602673951736413,0.08236
2026,,"Luke Shliger","SFG",2,"steamer,oopsy",5,1,0.95408,0.0368,0.0112,8e-04,0.0048,0.00184,0.06712,0.03428,0.00476,0.0292,0.006,0.0703504947174241,0.10392
2026,,"Luke Stevenson","SEA",1,"oopsy",3,1,1,0,0,0,0,0,0,0,0,0,0,0,0
2026,,"Luke Waddell","ATL",2,"steamer,oopsy",5,1.874528,0.954728966331065,0.0365562780888298,0.0151648296467398,0.0012428130256848,0.00439378342413819,0.00161942303346808,0.0802806999924678,0.0381505937884456,0.00293755806070953,0.0313088453137161,0.00514700343970474,0.0840874246237433,0.116836978081298
2026,,"Lyle Lin",,2,"steamer,oopsy",5,1,0.96288,0.0272,0.01456,0.0012,0.0056,0.00128,0.07616,0.03572,0.00496,0.03236,0.00416,0.0790960451977401,0.10336
2026,,"Lyle Miller-Green","CHW",2,"steamer,oopsy",5,1,0.95924,0.03244,0.0094,0.00088,0.004,0.00108,0.06208,0.03264,0.00712,0.03044,0.0036,0.0647179016721571,0.09452
2026,,"Mac Guscette","ATL",2,"steamer,oopsy",5,1,0.96744,0.02384,0.01112,0.00108,0.0044,0.00092,0.06768,0.03224,0.00444,0.0296,0.00304,0.0699578268419747,0.09152
2026,,"Mac Horvath","TBR",2,"steamer,oopsy",5,1,0.95932,0.03316,0.01156,0.00068,0.0032,0.00352,0.06864,0.03816,0.0098,0.03628,0.01304,0.0715506817328941,0.1018
2026,,"Mac McCroskey","LAA",2,"steamer,oopsy",5,1,0.9666,0.02628,0.01252,0.00144,0.0028,0.00216,0.06776,0.03044,0.003,0.02652,0.0072,0.0701013863025036,0.09404
2026,,"Maddox Latta","TOR",1,"oopsy",3,1,1,0,0,0,0,0,0,0,0,0,0,0,0
2026,,"Maddux Houghton","MIN",2,"steamer,oopsy",5,1,0.96392,0.02776,0.01544,0.00132,0.004,0.0024,0.07604,0.03808,0.00772,0.03584,0.00856,0.0788862146236202,0.1038
2026,,"Madison Stokes",,1,"steamer",2,1,0.8902,0.089,0.0371,0.0034,0.01,0.0037,0.1728,0.094,0.0189,0.0859,0.0125,0.19411368231858,0.2618
2026,,"Mahki Backstrom",,1,"steamer",2,1,0.9182,0.061,0.0224,0.0025,0.01,0.0039,0.1492,0.0814,0.0223,0.0817,0.0127,0.162491831844914,0.2102
2026,,"Maick Collado","CLE",2,"steamer,oopsy",5,1,0.96228,0.0302,0.01184,0.00064,0.0032,8e-04,0.07368,0.03392,0.00516,0.03108,0.00264,0.0765681506422247,0.10388
2026,,"Maikel Hernandez",,2,"steamer,oopsy",5,1,0.96968,0.022,0.00868,8e-04,0.004,0.00128,0.05948,0.02892,0.00488,0.02724,0.00424,0.0613398234469103,0.08148
2026,,"Maikol Escotto",,2,"steamer,oopsy",5,1,0.97208,0.0196,0.01528,0.00108,0.004,0.00336,0.07868,0.03728,0.00788,0.03672,0.01048,0.0809398403423587,0.09828
2026,,"Maikol Hernández","BAL",2,"steamer,oopsy",5,1,0.96532,0.02636,0.01,0.00084,0.004,0.00136,0.06024,0.02968,0.00324,0.0256,0.00452,0.0624041768532715,0.0866
2026,,"Maikol Orozco","DET",2,"steamer,oopsy",5,1,0.96708,0.0238,0.00712,6e-04,0.0048,0.00132,0.05588,0.02644,0.00304,0.02332,0.00428,0.0577821896844108,0.07968
2026,,"Mairoshendrick Martinus","LAD",2,"steamer,oopsy",5,1,0.97304,0.01904,0.01,0.00076,0.0036,0.00184,0.06616,0.032,0.00536,0.03048,0.00604,0.0679930938090932,0.0852
2026,,"Malcolm Moore","TEX",2,"steamer,oopsy",5,1,0.96644,0.02364,0.01088,0.00064,0.0056,0.00124,0.06484,0.03216,0.00584,0.03024,0.00408,0.0670915938909813,0.08848
2026,,"Malcom Nuñez",,2,"steamer,oopsy",5,4.567912,0.964092752057001,0.0271981838306898,0.0167423067850295,0.000625013861194502,0.00439929111331098,0.000729854895975516,0.0835058842030771,0.0399283048615998,0.00864535302194202,0.0390653824984022,0.00233472919762333,0.0866160273738266,0.110704068033767
2026,,"Malvin Fernandez","ATL",1,"steamer",2,1,0.9305,0.0487,0.015,0.0013,0.01,0.0027,0.1289,0.0606,0.0056,0.0539,0.0091,0.138527673293928,0.1776
2026,,"Malvin Valdez","CIN",2,"steamer,oopsy",5,1,0.96584,0.02584,0.00876,6e-04,0.004,0.00196,0.06072,0.02996,0.0048,0.02704,0.00636,0.0628675557028079,0.08656
2026,,"Mani Cedeno","NYY",1,"steamer",2,1,0.9207,0.0585,0.012,0.0011,0.01,0.003,0.1014,0.0563,0.0079,0.0491,0.01,0.110133594004562,0.1599
2026,,"Manni Ramirez","TEX",1,"steamer",2,1,0.9362,0.043,0.0175,0.0012,0.01,0.0023,0.1382,0.0696,0.0179,0.0717,0.0077,0.147618030335398,0.1812
2026,,"Manolfi Jimenez","PHI",2,"steamer,oopsy",5,1,0.97484,0.01684,0.01032,0.00092,0.004,0.00144,0.06836,0.03144,0.00608,0.0312,0.00468,0.0701243280948669,0.0852
2026,,"Manuel Almeida","SEA",1,"steamer",2,1,0.9454,0.0348,0.0137,0.001,0.009,0.0021,0.1299,0.0646,0.0179,0.0695,0.0069,0.137402157816797,0.1647
2026,,"Manuel Beltre","TOR",2,"steamer,oopsy",5,1,0.96696,0.02432,0.0114,6e-04,0.0044,0.00216,0.06764,0.0322,0.00408,0.0288,0.00708,0.0699511872259452,0.09196
2026,,"Manuel Cabrera","WSN",2,"steamer,oopsy",5,1,0.97352,0.01696,0.00628,0.00056,0.0052,0.00112,0.05136,0.02292,0.0026,0.02108,0.0038,0.0527570055057934,0.06832
2026,,"Manuel Campos","ATL",1,"steamer",2,1,0.9354,0.0408,0.0172,0.0016,0.013,0.003,0.1506,0.0668,0.0073,0.0616,0.0101,0.161000641436818,0.1914
2026,,"Manuel De Cesare",,1,"steamer",2,1,0.9492,0.031,0.0171,0.0014,0.009,0.0021,0.1439,0.0633,0.0118,0.0647,0.0071,0.151601348504003,0.1749
2026,,"Manuel Dos Passos","ATL",2,"steamer,oopsy",5,1,0.9678,0.02308,0.00544,0.00052,0.0048,0.0012,0.0454,0.02432,0.00324,0.0214,0.004,0.0469105187022112,0.06848
2026,,"Manuel German","KCR",2,"steamer,oopsy",5,1,0.97844,0.01284,0.0074,0.00064,0.0044,0.001,0.05812,0.02748,0.0064,0.02852,0.00332,0.0594006786312906,0.07096
2026,,"Manuel Mejias",,1,"steamer",2,1,0.9222,0.058,0.0234,0.0019,0.009,0.0028,0.1551,0.0732,0.0106,0.0678,0.0095,0.16818477553676,0.2131
2026,,"Manuel Palencia","NYY",2,"steamer,oopsy",5,1,0.97028,0.0218,0.01608,0.00096,0.0036,0.00112,0.08184,0.03616,0.00508,0.03396,0.00368,0.0843467864946201,0.10364
2026,,"Manuel Pena","ARI",2,"steamer,oopsy",5,1,0.97452,0.01836,0.01992,0.0018,0.0028,0.00124,0.09272,0.03928,0.00584,0.0388,0.00356,0.0951442761564668,0.11108
2026,,"Manuel Sequera",,1,"steamer",2,1,0.9402,0.038,0.0271,0.0025,0.011,0.0034,0.1735,0.0837,0.0225,0.0885,0.0111,0.184535205275473,0.2115
2026,,"Marcelo Alcala","CHW",2,"steamer,oopsy",5,1,0.97444,0.01644,0.00616,0.00056,0.0048,0.00144,0.05092,0.02532,0.00608,0.02564,0.00484,0.0522556545297812,0.06736
2026,,"Marco Argudin","TEX",1,"steamer",2,1,0.9201,0.0581,0.02,0.0018,0.011,0.0037,0.1614,0.0776,0.0139,0.073,0.0123,0.175415715683078,0.2195
2026,,"Marco Dinges","MIL",2,"steamer,oopsy",5,1,0.95708,0.0342,0.01056,0.00096,0.0044,0.00096,0.07024,0.0376,0.00944,0.03628,0.00324,0.0733898942617127,0.10444
2026,,"Marco Marcelino",,1,"steamer",2,1,0.9242,0.054,0.0137,0.0013,0.011,0.0033,0.1257,0.0652,0.0129,0.0619,0.0108,0.136009521748539,0.1797
2026,,"Marco Soto",,1,"steamer",2,1,0.9322,0.046,0.0273,0.0026,0.011,0.0039,0.1698,0.0733,0.0074,0.0673,0.013,0.18214975327183,0.2158
2026,,"Marco Vargas","NYM",2,"steamer,oopsy",5,1,0.9582,0.03428,0.01096,0.00108,0.0032,0.00348,0.07048,0.03432,0.00236,0.02716,0.01172,0.0735545815069923,0.10476
2026,,"Marconi German","WSN",1,"steamer",2,1,0.9032,0.072,0.0155,0.0012,0.014,0.0049,0.1289,0.0705,0.0139,0.0631,0.0165,0.142714791851196,0.2009
2026,,"Marcos Belen","CLE",1,"steamer",2,1,0.9198,0.0594,0.0139,0.0011,0.01,0.0037,0.1198,0.0614,0.0098,0.0558,0.0123,0.130245705588171,0.1792
2026,,"Marcos Castañon","SDP",2,"steamer,oopsy",5,1.78446,0.964452999679179,0.0272461712510342,0.0168583151816017,0.000905053779781504,0.00399844654948246,0.000796987656822518,0.0801310301740878,0.0392144943687419,0.0087668642250477,0.0384175067119194,0.00256657042027591,0.0830844325236616,0.107377201425122
2026,,"Marcos De La Rosa",,1,"steamer",2,1,0.9212,0.057,0.0232,0.0022,0.011,0.0054,0.1486,0.0783,0.0187,0.0765,0.0169,0.161311333043856,0.2056
2026,,"Marcos Terrero",,1,"steamer",2,1,0.9132,0.066,0.0161,0.0015,0.01,0.0027,0.1255,0.0644,0.0081,0.0562,0.009,0.137428821725799,0.1915
2026,,"Marcos Torres","TEX",2,"steamer,oopsy",5,1,0.96644,0.02564,0.00928,0.00096,0.0036,0.00228,0.0638,0.03288,0.00708,0.03128,0.00732,0.0660154794917429,0.08944
2026,,"Marcus Brown","WSN",2,"steamer,oopsy",5,1,0.97116,0.01972,0.0122,0.00092,0.0048,0.00156,0.06972,0.02964,0.00308,0.02708,0.00516,0.0717904361794143,0.08944
2026,,"Marcus Lee Sang","TEX",2,"steamer,oopsy",5,2.221704,0.963252480107344,0.0288388016555426,0.0152234933132064,0.00178577594924844,0.00360115039489327,0.00230868271891788,0.0819385041906538,0.0416845490915728,0.0102114812567522,0.0409149881852669,0.00704444214233917,0.0850644103003219,0.110777305846196
2026,,"Marcus Smith",,2,"steamer,oopsy",5,1,0.95688,0.0356,0.01072,0.002,0.0032,0.00208,0.0618,0.03564,0.0082,0.03284,0.00692,0.0645849009280161,0.0974
2026,,"Marek Houston","MIN",2,"steamer,oopsy",5,1,0.97496,0.01672,0.01256,0.00096,0.004,0.00208,0.07464,0.03204,0.00432,0.03044,0.00684,0.0765569869533109,0.09136
2026,,"Mario Baez","ATL",2,"steamer,oopsy",5,1,0.971,0.02028,0.00684,0.00068,0.0044,0.00208,0.05916,0.02744,0.00264,0.02416,0.00688,0.0609268795056643,0.07944
2026,,"Mario Camilletti","CHW",2,"steamer,oopsy",5,1,0.9464,0.04608,0.01224,0.00144,0.0032,0.00108,0.07304,0.03608,0.00356,0.02904,0.00352,0.0771766694843618,0.11912
2026,,"Mario Gomez",,2,"steamer,oopsy",5,1,0.96688,0.0244,0.0104,0.00136,0.0044,0.00104,0.06744,0.0332,0.00672,0.03204,0.00344,0.0697501241105411,0.09184
2026,,"Mark Coley II","MIA",2,"steamer,oopsy",5,1,0.96108,0.0282,0.01536,0.0018,0.0064,0.00324,0.0748,0.03812,0.00784,0.03576,0.01104,0.0778291089191327,0.103
2026,,"Marlon Quintero","LAA",2,"steamer,oopsy",5,1,0.97536,0.01672,0.00948,0.00088,0.0036,0.00128,0.06828,0.02888,0.00444,0.02796,0.00424,0.0700049212598425,0.085
2026,,"Marshall Toole","TBR",2,"steamer,oopsy",5,1,0.96176,0.02992,0.01048,0.002,0.004,0.00348,0.0702,0.03476,0.00568,0.03124,0.01188,0.0729911828314756,0.10012
2026,,"Martin Gonzalez","SEA",2,"steamer,oopsy",5,1,0.971,0.02068,0.00564,0.00044,0.004,0.001,0.04604,0.02364,0.00396,0.0222,0.00336,0.0474150360453141,0.06672
2026,,"Martin Tamara","DET",1,"steamer",2,1,0.9248,0.0524,0.0159,0.0014,0.012,0.0024,0.1215,0.0603,0.0085,0.0552,0.0079,0.131379757785467,0.1739
2026,,"Marty Costes",,1,"steamer",2,1,0.9032,0.072,0.0377,0.004,0.014,0.0041,0.202,0.0965,0.0161,0.0889,0.0132,0.223649247121346,0.274
2026,,"Marvin Alcantara","BOS",2,"steamer,oopsy",5,1,0.96848,0.0244,0.01628,0.00128,0.0028,0.00144,0.0848,0.03584,0.00328,0.0324,0.00464,0.0875598876590121,0.1092
2026,,"Marwin Rivero","KCR",1,"steamer",2,1,0.926,0.0522,0.0147,0.0014,0.011,0.0042,0.1267,0.0643,0.0103,0.059,0.0141,0.13682505399568,0.1789
2026,,"Mason Auer","TBR",1,"steamer",2,2.14834,0.90744481785937,0.0718228958172356,0.0377035292365268,0.00502713723153691,0.0100077268961151,0.0104266549987432,0.182187177076254,0.0971913198097135,0.0226221175419161,0.0927693009486394,0.0359347216920972,0.200769428058477,0.25401007289349
2026,,"Mason Dinesen",,2,"steamer,oopsy",5,1,0.97888,0.0128,0.00824,0.00068,0.004,0.00164,0.059,0.02752,0.00632,0.02844,0.00544,0.0602729650212488,0.0718
2026,,"Mason Guerra","ATL",2,"steamer,oopsy",5,1,0.96424,0.02784,0.00932,8e-04,0.0036,6e-04,0.0632,0.03344,0.00764,0.03228,0.00204,0.0655438480046462,0.09104
2026,,"Mason Lytle","HOU",1,"oopsy",3,1,1,0,0,0,0,0,0,0,0,0,0,0,0
2026,,"Mason Martin",,1,"steamer",2,1,0.8872,0.09,0.0356,0.0034,0.012,0.0038,0.172,0.107,0.0363,0.1087,0.012,0.193868349864743,0.262
2026,,"Mason White","BOS",2,"steamer,oopsy",5,1,0.97128,0.0204,0.01296,0.00108,0.004,0.00152,0.07268,0.03172,0.00336,0.02908,0.00508,0.074829091508113,0.09308
2026,,"Mat Nelson",,2,"steamer,oopsy",5,1,0.95528,0.0332,0.01248,0.00092,0.0072,0.00076,0.0664,0.03692,0.00844,0.03444,0.0026,0.0695084163805376,0.0996
2026,,"Mateo Gil",,1,"steamer",2,1,0.9272,0.054,0.0418,0.0036,0.008,0.0033,0.1944,0.0923,0.0195,0.0921,0.0105,0.209663503019845,0.2484
2026,,"Matt Coutney","LAA",2,"steamer,oopsy",5,1,0.9626,0.02868,0.01496,0.00084,0.0044,0.00064,0.07548,0.03748,0.00928,0.0368,0.00208,0.078412632453771,0.10416
2026,,"Matt Fraizer","BOS",2,"steamer,oopsy",5,1.8427,0.966492315120303,0.0259950108634425,0.0194286633942223,0.00142914621388911,0.00320592258791341,0.00284541723666211,0.0846028808240122,0.0398100909310373,0.00627021807354953,0.0368745473565623,0.00997827311499155,0.0875360098579588,0.110597891687455
2026,,"Matt Halbach","CHC",2,"steamer,oopsy",5,1,0.96728,0.0232,0.00984,0.00052,0.0052,0.00076,0.06604,0.033,0.00736,0.03232,0.00252,0.0682739227524605,0.08924
2026,,"Matt Higgins",,2,"steamer,oopsy",5,1,0.95928,0.032,0.0154,0.00092,0.0044,0.00116,0.07944,0.03892,0.00732,0.03616,0.00384,0.0828121090818114,0.11144
2026,,"Matt Hogan","CHW",2,"steamer,oopsy",5,1,0.95644,0.03404,0.0122,0.0014,0.0052,0.002,0.06436,0.03512,0.00752,0.03212,0.00676,0.0672912048847811,0.0984
2026,,"Matt Koperniak","STL",4,"batx,steamer,oopsy,atc",9,25.3498444444444,0.898885011514809,0.0424240708163008,0.0235162432775656,0.00153696682510383,0.00499399112818596,0.0021184634299546,0.237539284292048,0.113811344987041,0.0121007348057163,0.112034772938337,0.00658164366504821,0.264259923404157,0.279963355108349
2026,,"Matt Kroon",,2,"steamer,oopsy",5,1,0.96128,0.03,0.01748,0.0012,0.0044,0.00352,0.08244,0.04184,0.0088,0.03928,0.01172,0.0857606524633822,0.11244
2026,,"Matt Lloyd","BOS",2,"steamer,oopsy",5,3.438832,0.956529727719005,0.0359584505176777,0.0183737537127946,0.00100886561797246,0.00320131659781206,0.00165701950661399,0.0813010421187305,0.0422145445732611,0.00880925676475395,0.0393795758255508,0.00554030671769235,0.0849958341729802,0.117259492636408
2026,,"Matt O'Neill","ARI",2,"steamer,oopsy",5,1,0.9566,0.03628,0.014,0.00104,0.0028,0.00108,0.06652,0.03588,0.00624,0.03228,0.00352,0.069537946895254,0.1028
2026,,"Matt Rudick","NYM",2,"steamer,oopsy",5,3.852788,0.948412500292057,0.0424792516450503,0.0153960233498156,0.00121495775316436,0.00480080472505432,0.00184457148759772,0.0719136937298096,0.0404182504362412,0.00680277964626038,0.0345352971051295,0.00601084362091842,0.0758253330778161,0.11439294537486
2026,,"Matt Scheffler",,1,"steamer",2,1,0.8812,0.095,0.0333,0.0032,0.013,0.0049,0.1767,0.0922,0.0128,0.0781,0.0164,0.2005220154335,0.2717
2026,,"Matt Suggs","WSN",2,"steamer,oopsy",5,1,0.96288,0.0284,0.01456,0.00108,0.0044,0.00108,0.06892,0.0346,0.00744,0.03304,0.00368,0.0715769358590894,0.09732
2026,,"Matt Whatley",,1,"steamer",2,1,0.9112,0.067,0.0299,0.0026,0.011,0.0046,0.1677,0.0854,0.0173,0.0809,0.0139,0.184043020193152,0.2347
2026,,"Matthew Clayton",,1,"steamer",2,1,0.9242,0.05,0.0212,0.0019,0.015,0.0033,0.1539,0.0761,0.0161,0.0742,0.0109,0.166522397749405,0.2039
2026,,"Matthew Dyer",,1,"steamer",2,1,0.9092,0.071,0.0366,0.0039,0.009,0.0041,0.187,0.0967,0.0237,0.0949,0.0139,0.205675318961725,0.258
2026,,"Matthew Ellis","SEA",2,"steamer,oopsy",5,1,0.95948,0.0318,0.00988,0.00052,0.0044,0.00088,0.06012,0.03268,0.00676,0.03036,0.00288,0.0626589402593071,0.09192
2026,,"Matthew Etzel","MIA",2,"steamer,oopsy",5,1.236812,0.953862678467114,0.0390444903676438,0.0143464633204148,0.00223613876622928,0.00278889216911742,0.00487428000728629,0.0804004949655471,0.0416826316087008,0.00788929856849431,0.0371098534575353,0.015929348065049,0.0842893812500906,0.119444985333191
2026,,"Matthew Miura","STL",1,"oopsy",3,1,1,0,0,0,0,0,0,0,0,0,0,0,0
2026,,"Matthew Moses","MIL",1,"steamer",2,1,0.944,0.0352,0.0173,0.0013,0.01,0.0031,0.137,0.0675,0.0178,0.0717,0.0101,0.145127118644068,0.1722
2026,,"Matthew Wood","MIL",2,"steamer,oopsy",5,1,0.94984,0.04104,0.01504,0.00092,0.0048,0.00124,0.07584,0.03916,0.0062,0.0342,0.0042,0.0798450265307841,0.11688
2026,,"Maui Ahuna","SFG",2,"steamer,oopsy",5,1,0.96716,0.02412,0.01304,0.00092,0.0044,0.0016,0.06928,0.03168,0.00412,0.02896,0.0054,0.071632408288184,0.0934
2026,,"Max Anderson","DET",3,"batx,steamer,oopsy",8,15.539925,0.955691296769979,0.0327910977539077,0.0293666295807896,0.0011225492308676,0.00549364033002424,0.000801665109540112,0.252494468360467,0.115460002275174,0.0137436695087619,0.120838246686528,0.00292194796061289,0.264200866130979,0.285285566114375
2026,,"Max Burt","DET",2,"steamer,oopsy",5,1.31704,0.967488564096843,0.0234073412919781,0.0144594443824612,0.00120495369853844,0.0047975008367734,0.00225370969541448,0.0688385585183532,0.0342965524935847,0.00660493138458106,0.0324221800736361,0.00834542006024768,0.0711518058951058,0.0922458998103314
2026,,"Max Clark","DET",2,"steamer,oopsy",5,1.522136,0.945684367598706,0.046795700417292,0.0144360484787493,0.00277616316899026,0.0031925876443388,0.00180450605984367,0.0810119114750969,0.043585761753147,0.00825908542774602,0.0382763496924532,0.00628106916984046,0.085664852090982,0.127807611892389
2026,,"Max Durrington","ATH",2,"steamer,oopsy",5,1,0.9708,0.02128,0.0096,8e-04,0.0036,0.00136,0.06752,0.03028,0.00344,0.0272,0.00456,0.0695508858673259,0.0888
2026,,"Max Ferguson","BOS",2,"steamer,oopsy",5,1,0.95332,0.03956,0.0156,0.00116,0.0028,0.00364,0.07108,0.03848,0.00516,0.03188,0.01348,0.0745604833634037,0.11064
2026,,"Max Holy","HOU",2,"steamer,oopsy",5,1,0.95724,0.03484,0.009,0.00092,0.0036,0.00384,0.05692,0.03084,0.00272,0.02396,0.01284,0.0594626217040659,0.09176
2026,,"Max McDowell",,1,"steamer",2,1,0.8972,0.075,0.0297,0.0026,0.017,0.0029,0.1633,0.0863,0.0167,0.0791,0.0096,0.182010699955417,0.2383
2026,,"Max Wagner","BAL",2,"steamer,oopsy",5,1,0.96296,0.02952,0.01572,0.0016,0.0032,0.0022,0.07452,0.03756,0.0062,0.03404,0.007,0.0773863919581291,0.10404
2026,,"Max Williams","MIA",1,"oopsy",3,1,1,0,0,0,0,0,0,0,0,0,0,0,0
2026,,"Maximus Martin","BOS",2,"steamer,oopsy",5,1,0.97008,0.0212,0.01152,0.00104,0.0044,0.00184,0.06916,0.0316,0.00436,0.02924,0.00608,0.0712930892297542,0.09036
2026,,"Maxton Martin","TEX",2,"steamer,oopsy",5,1,0.96724,0.02444,0.01256,0.00108,0.004,0.00116,0.07224,0.0362,0.0086,0.03588,0.004,0.0746867375211943,0.09668
2026,,"Maxwell Costes",,1,"steamer",2,1,0.8992,0.075,0.0368,0.0032,0.015,0.0037,0.1994,0.104,0.0261,0.1016,0.0121,0.221752669039146,0.2744
2026,,"Maxwell Romero Jr.","WSN",2,"steamer,oopsy",5,1,0.96484,0.02644,0.01424,0.00068,0.0044,0.00088,0.06708,0.03364,0.00776,0.0328,0.00284,0.0695244807429211,0.09352
2026,,"Maykel Coret","TBR",1,"steamer",2,1,0.9307,0.0475,0.0153,0.0013,0.011,0.0031,0.1305,0.0626,0.0115,0.0606,0.0105,0.140217040936929,0.178
2026,,"Maykel Minoso","TOR",2,"steamer,oopsy",5,1,0.96976,0.02232,0.00616,0.00052,0.0036,0.00112,0.05268,0.02592,0.00332,0.02344,0.00372,0.0543227190232635,0.075
2026,,"Mayki De La Rosa","ARI",1,"steamer",2,1,0.9294,0.0488,0.0163,0.0017,0.011,0.0035,0.129,0.0652,0.0115,0.0621,0.0117,0.138799225306649,0.1778
2026,,"Maylerson Casanova","PHI",1,"steamer",2,1,0.9462,0.033,0.0163,0.0015,0.01,0.0033,0.1305,0.0582,0.0073,0.0558,0.0109,0.137920101458465,0.1635
2026,,"McCarthy Tatum",,1,"steamer",2,1,0.9212,0.053,0.0405,0.0037,0.015,0.0041,0.1928,0.0949,0.0215,0.0943,0.0135,0.20929222752931,0.2458
2026,,"Mel Rojas Jr.",,1,"steamer",2,1,0.8952,0.087,0.0413,0.0016,0.007,0.0019,0.2135,0.1106,0.0301,0.1102,0.0057,0.238494191242181,0.3005
2026,,"Merphy Hernandez","MIN",1,"steamer",2,1,0.9241,0.0551,0.0167,0.0018,0.01,0.0068,0.1389,0.0702,0.0121,0.0644,0.0229,0.150308408180933,0.194
2026,,"Meykel Baro","BAL",1,"steamer",2,1,0.931,0.0472,0.0125,0.0017,0.011,0.003,0.117,0.06,0.0098,0.0557,0.0099,0.125671321160043,0.1642
2026,,"Meylin De Leon",,2,"steamer,oopsy",5,1,0.97648,0.0152,0.00684,6e-04,0.004,0.00108,0.055,0.02384,0.00232,0.02224,0.0036,0.0563247583155825,0.0702
2026,,"Micael Ramirez",,1,"steamer",2,1,0.9022,0.078,0.0333,0.0029,0.009,0.0033,0.1904,0.0915,0.0145,0.0832,0.0106,0.211039680780315,0.2684
2026,,"Micah McDowell","MIA",2,"steamer,oopsy",5,1,0.96108,0.0302,0.00988,0.00172,0.0044,0.00152,0.06652,0.03344,0.00648,0.03124,0.005,0.0692138011403837,0.09672
2026,,"Micah Pries",,2,"steamer,oopsy",5,1,0.96248,0.0276,0.0152,0.0024,0.0056,0.00168,0.07648,0.04044,0.01004,0.03984,0.00544,0.0794613914055357,0.10408
2026,,"Michael Arroyo","SEA",3,"batx,steamer,oopsy",8,8.107,0.927566830392943,0.0522972609262229,0.0258673040296712,0.00267150536287089,0.0146048579089816,0.00208055646050521,0.124921611868484,0.0681057838813151,0.0147833412690457,0.0632614800521251,0.00893133269847634,0.134676669944703,0.177218872794707
2026,,"Michael Baez",,1,"steamer",2,1,0.9362,0.042,0.0144,0.0013,0.011,0.0027,0.1214,0.0591,0.0098,0.0568,0.0091,0.129673146763512,0.1634
2026,,"Michael Berglund",,1,"steamer",2,1,0.8822,0.094,0.0311,0.003,0.013,0.004,0.162,0.0909,0.0175,0.0804,0.0136,0.183631829517116,0.256
2026,,"Michael Brooks","ATH",1,"oopsy",3,1,1,0,0,0,0,0,0,0,0,0,0,0,0
2026,,"Michael Cordero","STL",1,"steamer",2,1,0.9348,0.0444,0.0136,0.0011,0.01,0.0023,0.1183,0.0594,0.013,0.0595,0.0077,0.126551133932392,0.1627
2026,,"Michael Curialle",,2,"steamer,oopsy",5,1,0.96648,0.0228,0.0122,0.00108,0.0064,0.00112,0.06936,0.0332,0.00584,0.03132,0.00368,0.0717655823193444,0.09216
2026,,"Michael De La Cruz",,1,"steamer",2,1,0.8981,0.0841,0.0355,0.0025,0.007,0.0037,0.1873,0.092,0.0143,0.0825,0.0121,0.208551386259882,0.2714
2026,,"Michael Gigliotti",,1,"steamer",2,1,0.8722,0.106,0.0352,0.0033,0.011,0.0051,0.1784,0.0996,0.0187,0.087,0.0169,0.204540243063518,0.2844
2026,,"Michael Guzman",,1,"steamer",2,1,0.9181,0.0611,0.0158,0.0014,0.01,0.0029,0.1336,0.068,0.0116,0.0624,0.0098,0.145517917438188,0.1947
2026,,"Michael Martinez","ATL",1,"steamer",2,1,0.9344,0.0408,0.0183,0.0015,0.014,0.0029,0.1379,0.0688,0.0142,0.0678,0.0095,0.147581335616438,0.1787
2026,,"Michael Reed",,1,"steamer",2,1,0.9052,0.074,0.0369,0.0034,0.01,0.0046,0.1869,0.0951,0.0203,0.0903,0.0156,0.206473707467963,0.2609
2026,,"Michael Sandle",,1,"steamer",2,1,0.9162,0.062,0.0382,0.0033,0.011,0.0046,0.1886,0.0948,0.0218,0.0931,0.0157,0.205850251036892,0.2506
2026,,"Michael Snyder","MIA",2,"steamer,oopsy",5,1,0.949,0.04228,0.01536,8e-04,0.0044,0.00232,0.07496,0.03884,0.00604,0.03332,0.00812,0.0789884088514225,0.11724
2026,,"Michael Trautwein","CIN",2,"steamer,oopsy",5,1,0.95656,0.03432,0.01352,0.00112,0.0048,0.0012,0.0668,0.03724,0.0088,0.03492,0.00396,0.0698335702935519,0.10112
2026,,"Michael Turconi",,1,"oopsy",3,1,1,0,0,0,0,0,0,0,0,0,0,0,0
2026,,"Michael Turner","CHW",2,"steamer,oopsy",5,1.78446,0.952052412069635,0.0404437465174003,0.0151427654796278,0.000851020718302011,0.00320145889265995,0.000891545514411631,0.0751734967833443,0.0363102173142191,0.00445772757205815,0.0309339276970096,0.00298532664674198,0.078959410039125,0.115617243300745
2026,,"Michel Triana",,1,"steamer",2,1,0.9282,0.051,0.0275,0.0026,0.01,0.0037,0.1652,0.0839,0.0218,0.0857,0.0122,0.177978883861237,0.2162
2026,,"Michell Ojeda","PIT",2,"steamer,oopsy",5,1,0.97036,0.02092,0.0068,6e-04,0.0044,0.0014,0.05424,0.02536,0.00288,0.023,0.00464,0.055896780576281,0.07516
2026,,"Miguel Blanco","SFG",1,"steamer",2,1,0.9278,0.0524,0.0153,0.0018,0.009,0.0029,0.139,0.0639,0.0086,0.0593,0.0098,0.149816770855788,0.1914
2026,,"Miguel Bleis","BOS",2,"steamer,oopsy",5,1,0.96608,0.026,0.01636,0.00104,0.0036,0.00372,0.07924,0.041,0.00996,0.04008,0.01224,0.0820221927790659,0.10524
2026,,"Miguel Briceno","MIN",2,"steamer,oopsy",5,1,0.97452,0.01796,0.01224,8e-04,0.0032,0.00204,0.0738,0.03116,0.00336,0.02896,0.00668,0.0757295899519764,0.09176
2026,,"Miguel Caraballo","MIN",1,"steamer",2,1,0.916,0.0612,0.0141,0.0013,0.012,0.0026,0.1227,0.0666,0.0137,0.0623,0.0085,0.133951965065502,0.1839
2026,,"Miguel Flores",,1,"steamer",2,1,0.9342,0.044,0.0162,0.0014,0.011,0.0023,0.136,0.0634,0.0093,0.0602,0.0076,0.145579105116677,0.18
2026,,"Miguel Hernandez","STL",1,"steamer",4,1,0.9315,0.0477,0.02745,0.00245,0.01,0.00365,0.1762,0.0774,0.01145,0.074,0.01205,0.189157273215244,0.2239
2026,,"Miguel Hiraldo",,1,"steamer",2,1.09321,0.924250601439797,0.053969502657312,0.043267075859167,0.00301863319947677,0.0109768479980973,0.00667758253217589,0.204718215164515,0.0950412089168595,0.0174714830636383,0.0912907858508429,0.0219536959961947,0.221496437054632,0.258687717821827
2026,,"Miguel Pabon",,2,"steamer,oopsy",5,1,0.96448,0.0276,0.00956,0.00084,0.0036,0.00104,0.06212,0.02976,0.00368,0.02632,0.00344,0.0644077637690776,0.08972
2026,,"Miguel Palma","NYY",2,"steamer,oopsy",5,1.092452,0.962236319478853,0.0290464857488649,0.0147831666842657,0.000909733334416349,0.00438621429093597,0.00097471428687466,0.0745006619934532,0.0380138571881117,0.00783020477122643,0.0359344667094458,0.00324904762291553,0.077424495921961,0.103547147742318
2026,,"Miguel Rivera",,1,"steamer",2,1,0.9152,0.064,0.0143,0.0013,0.01,0.0026,0.1308,0.0669,0.0103,0.0604,0.0085,0.14291958041958,0.1948
2026,,"Miguel Rodríguez","BAL",2,"steamer,oopsy",5,1,0.96096,0.02952,0.00924,0.00088,0.0052,0.00144,0.06584,0.03356,0.0052,0.0296,0.00468,0.0685148185148185,0.09536
2026,,"Miguel Santos",,1,"oopsy",3,1,1,0,0,0,0,0,0,0,0,0,0,0,0
2026,,"Miguel Sosa","PIT",1,"steamer",2,1,0.9018,0.0774,0.0216,0.002,0.01,0.0036,0.1468,0.0769,0.0134,0.0694,0.0117,0.162785540031049,0.2242
2026,,"Miguel Tamares",,1,"steamer",2,1,0.9192,0.059,0.0157,0.0016,0.011,0.0041,0.131,0.065,0.008,0.0574,0.0136,0.142515230635335,0.19
2026,,"Miguel Ugueto","STL",2,"steamer,oopsy",5,1,0.97708,0.015,0.0184,0.00144,0.0036,0.00308,0.0898,0.038,0.00664,0.03804,0.0096,0.0919064969091579,0.1048
2026,,"Miguel Vargas",,1,"steamer",2,1,0.9342,0.045,0.0138,0.0013,0.01,0.0033,0.1273,0.065,0.0152,0.0651,0.011,0.136266324127596,0.1723
2026,,"Miguel Villarroel","STL",2,"steamer,oopsy",5,1,0.97668,0.0158,0.01288,0.00108,0.0032,0.0032,0.08072,0.03208,0.00296,0.02976,0.01116,0.0826473358725478,0.09652
2026,,"Miguel Welch","BOS",1,"steamer",2,1,0.9252,0.054,0.0236,0.0018,0.01,0.0043,0.1578,0.0711,0.0064,0.063,0.0144,0.170557717250324,0.2118
2026,,"Mike Antico","STL",2,"steamer,oopsy",5,3.74388,0.962049442090665,0.0292377571663041,0.015257579805845,0.00134356273140196,0.00440220364644961,0.00301792689288395,0.0800183213099737,0.039482422993244,0.00765423616677481,0.0366833339694899,0.0120615290659949,0.0831748534005517,0.109256078476278
2026,,"Mike Boeve","MIL",2,"steamer,oopsy",5,1.236812,0.957882703215392,0.0341953355150343,0.0147484657952426,0.00206026268349215,0.00359289711877289,0.00115575711512974,0.0835662644548155,0.0408283763496919,0.00819080042461511,0.0385671124287859,0.00394464928424716,0.0872406028152537,0.11776159996985
2026,,"Mike Jarvis","PIT",2,"steamer,oopsy",5,1,0.96956,0.02212,0.01392,0.00144,0.004,0.0042,0.0706,0.03428,0.00512,0.03124,0.0154,0.0728165353356161,0.09272
2026,,"Mike Peabody",,1,"steamer",2,1,0.9182,0.059,0.026,0.0026,0.012,0.0041,0.1693,0.0862,0.021,0.0853,0.0133,0.184382487475496,0.2283
2026,,"Mike Salvatore",,1,"steamer",2,1,0.9112,0.068,0.0254,0.0026,0.01,0.0039,0.1644,0.0802,0.0121,0.0727,0.013,0.180421422300263,0.2324
2026,,"Mike Sirota","LAD",2,"steamer,oopsy",5,1,0.956,0.03608,0.0118,0.00084,0.0036,0.00152,0.07496,0.04424,0.01308,0.04372,0.00488,0.0784100418410042,0.11104
2026,,"Mikey Kane",,2,"steamer,oopsy",5,1,0.96408,0.0272,0.00916,0.00096,0.0044,0.00088,0.06944,0.03316,0.00572,0.03084,0.00292,0.0720272176582856,0.09664
2026,,"Mikey Perez",,1,"steamer",2,1,0.9102,0.066,0.0292,0.0028,0.013,0.0056,0.1733,0.0885,0.018,0.0832,0.0193,0.190397714787959,0.2393
2026,,"Mikey Romero","BOS",2,"steamer,oopsy",5,1,0.97208,0.0204,0.0222,0.00188,0.0032,0.00104,0.0842,0.04064,0.00932,0.0416,0.00336,0.0866183853180808,0.1046
2026,,"Milan Tolentino","CLE",2,"steamer,oopsy",5,2.381076,0.959854380161206,0.0326364512238669,0.0149752172282373,0.000988166703722918,0.00319806678659417,0.00282076677244542,0.0717139526892732,0.0383588347717896,0.00910910034159126,0.0363645346970034,0.00966606702914418,0.0747133671226556,0.10435040391314
2026,,"Milkar Perez",,2,"steamer,oopsy",5,1,0.95888,0.0332,0.01324,8e-04,0.0036,0.00064,0.0702,0.03396,0.00432,0.02976,0.00212,0.0732104121475054,0.1034
2026,,"Milo Rushford","KCR",2,"steamer,oopsy",5,1,0.962,0.02968,0.00892,0.00108,0.004,0.0014,0.05796,0.03028,0.00444,0.02652,0.0046,0.0602494802494802,0.08764
2026,,"Minho Kang",,1,"steamer",2,1,0.9182,0.06,0.0373,0.0022,0.011,0.0022,0.2165,0.0984,0.0201,0.0967,0.0073,0.235787410150294,0.2765
2026,,"Misael Mojica","WSN",1,"steamer",2,1,0.926,0.0532,0.0167,0.0015,0.01,0.0036,0.138,0.063,0.0079,0.0572,0.0119,0.14902807775378,0.1912
2026,,"Misael Urbina",,2,"steamer,oopsy",5,1,0.95648,0.0356,0.01312,0.0012,0.0036,0.00136,0.06692,0.03524,0.00564,0.03112,0.0042,0.0699648711943794,0.10252
2026,,"Mitch Jebb","PIT",2,"steamer,oopsy",5,1,0.95828,0.0346,0.01444,0.00276,0.0028,0.0034,0.0858,0.0384,0.00228,0.0316,0.01228,0.0895354176232416,0.1204
2026,,"Mitch Voit","NYM",1,"oopsy",3,1,1,0,0,0,0,0,0,0,0,0,0,0,0
2026,,"Mitchell Daly",,1,"oopsy",3,1,1,0,0,0,0,0,0,0,0,0,0,0,0
2026,,"Mitchell Tolman",,1,"steamer",2,1,0.8912,0.087,0.0442,0.0044,0.011,0.0052,0.2064,0.1038,0.0181,0.0943,0.0168,0.231597845601436,0.2934
2026,,"Modeifi Marte","ARI",2,"steamer,oopsy",5,1,0.97056,0.02152,0.01396,0.00096,0.0036,0.00128,0.07988,0.03548,0.00532,0.034,0.0042,0.0823030003297065,0.1014
2026,,"Moises Bolivar","LAD",2,"steamer,oopsy",5,1,0.97544,0.01664,0.00628,0.00048,0.0036,0.00092,0.054,0.0272,0.00556,0.02708,0.00312,0.0553596325760682,0.07064
2026,,"Moisés Castillo",,1,"steamer",2,1,0.8982,0.081,0.0376,0.0032,0.01,0.004,0.1974,0.0932,0.0118,0.0821,0.0131,0.219772879091516,0.2784
2026,,"Moises De La Rosa",,1,"steamer",2,1,0.9252,0.052,0.0163,0.0017,0.012,0.003,0.1319,0.0672,0.0134,0.0644,0.0099,0.142563769995677,0.1839
2026,,"Moises Gallardo",,2,"steamer,oopsy",5,1,0.97128,0.0204,0.00896,0.00088,0.004,0.00152,0.06124,0.0306,0.00704,0.0304,0.005,0.0630508195371057,0.08164
2026,,"Moisés Gómez",,2,"steamer,oopsy",5,1,0.96528,0.0268,0.01576,0.00108,0.0036,0.00104,0.0762,0.04016,0.01172,0.04132,0.00348,0.0789408254599702,0.103
2026,,"Moises Lopez",,1,"steamer",2,1,0.9332,0.046,0.0146,0.0014,0.01,0.0031,0.1281,0.066,0.0159,0.0663,0.0104,0.137269609944278,0.1741
2026,,"Moises Marchán","KCR",1,"steamer",2,1,0.9441,0.0351,0.0179,0.0017,0.01,0.0029,0.1437,0.064,0.0092,0.0621,0.0098,0.152208452494439,0.1788
2026,,"Moises Molero",,1,"steamer",2,1,0.9312,0.047,0.0162,0.0015,0.011,0.0029,0.1353,0.0639,0.0096,0.0601,0.0097,0.145296391752577,0.1823
2026,,"Moises Morales","MIA",1,"steamer",2,1,0.9218,0.0564,0.0139,0.0016,0.011,0.0026,0.1193,0.0601,0.0095,0.0556,0.0087,0.129420698633109,0.1757
2026,,"Moises Polanco","MIL",1,"steamer",2,1,0.9008,0.0784,0.0191,0.0014,0.01,0.0036,0.1354,0.0684,0.0063,0.0567,0.0119,0.150310834813499,0.2138
2026,,"Moises Semerite",,1,"steamer",2,1,0.9342,0.045,0.0152,0.0015,0.01,0.0032,0.1204,0.0602,0.011,0.0579,0.0106,0.128880325412117,0.1654
2026,,"Moises Valdez","SDP",1,"steamer",2,1,0.9242,0.055,0.0182,0.0017,0.01,0.0037,0.1481,0.0687,0.009,0.0623,0.0122,0.160246699848518,0.2031
2026,,"Morgan McCullough",,1,"steamer",2,1,0.8882,0.089,0.0392,0.0042,0.012,0.0056,0.1797,0.0944,0.0149,0.0828,0.0178,0.202319297455528,0.2687
2026,,"Munetaka Murakami","CHW",4,"batx,steamer,oopsy,atc",9,569.705222222222,0.840592722252063,0.142254369996545,0.0294525507673859,0.00144830117554953,0.0101124267477817,0.00563728314634615,0.183103111462838,0.132288087702183,0.0536375998447476,0.13849704390262,0.0186790251551079,0.217826191704682,0.325357481459383
2026,,"Murphy Stehly","WSN",2,"steamer,oopsy",5,1,0.96168,0.0272,0.01664,0.00104,0.0068,0.00136,0.08144,0.03848,0.00776,0.03656,0.00444,0.0846851343482239,0.10864
2026,,"Myles Emmerson",,1,"oopsy",3,1,1,0,0,0,0,0,0,0,0,0,0,0,0
2026,,"Myles Naylor","ATH",2,"steamer,oopsy",5,1,0.96196,0.03052,0.00844,0.00052,0.0032,0.001,0.05368,0.02988,0.0058,0.02676,0.00336,0.0558027360805023,0.0842
2026,,"Myles Smith","CIN",2,"steamer,oopsy",5,1,0.95936,0.03192,0.00928,0.00064,0.0044,0.0022,0.06072,0.03328,0.0068,0.03008,0.0072,0.063292194796531,0.09264
2026,,"Naibel Mariano","CIN",1,"steamer",2,1,0.9449,0.0343,0.0179,0.0013,0.01,0.003,0.1464,0.0644,0.0107,0.0636,0.01,0.154937030373585,0.1807
2026,,"Narbe Cruz","HOU",1,"steamer",2,1,0.9281,0.0501,0.0322,0.0026,0.011,0.0034,0.1897,0.086,0.0146,0.0826,0.0111,0.204396078008835,0.2398
2026,,"Narciso Polanco","TBR",2,"steamer,oopsy",5,1,0.96092,0.03116,0.01096,0.00112,0.0036,0.00292,0.06536,0.03128,0.00292,0.02644,0.00908,0.0680181492736128,0.09652
2026,,"Natanael Yuten","BOS",2,"steamer,oopsy",5,1,0.97408,0.018,0.01408,0.00132,0.0036,0.00172,0.0752,0.03264,0.00444,0.03116,0.0052,0.0772010512483574,0.0932
2026,,"Nate Baez","BOS",2,"steamer,oopsy",5,1.207744,0.958940606571188,0.0319608256107835,0.0156381634372367,0.0023167649536647,0.00479149115417018,0.000658171861836563,0.0831665964616681,0.0415701347935973,0.00866154170176917,0.0396219460825611,0.00223778433024431,0.0867275782167997,0.115127422072452
2026,,"Nate Furman","SFG",3,"batx,steamer,oopsy",8,4.788385,0.929141294731004,0.0544584800704258,0.0243555297821798,0.0023979185397569,0.00932834706998131,0.00246647320197472,0.13712624826185,0.0681125880197567,0.009828928586879,0.0561805216741461,0.0117369699383588,0.147583848699297,0.191584728332275
2026,,"Nate George","BAL",2,"steamer,oopsy",5,1,0.96728,0.0244,0.01216,0.00196,0.004,0.00668,0.0814,0.0394,0.00636,0.03528,0.01984,0.0841535026052436,0.1058
2026,,"Nate Nankil","ATH",2,"steamer,oopsy",5,1,0.96116,0.02892,0.01824,0.00108,0.0056,0.00112,0.08888,0.04092,0.00572,0.0366,0.00368,0.0924715968205086,0.1178
2026,,"Nate Rombach","WSN",2,"steamer,oopsy",5,1,0.972,0.02048,0.01104,8e-04,0.0032,0.00084,0.06596,0.02976,0.00552,0.02912,0.0028,0.0678600823045267,0.08644
2026,,"Nathan Archer","CHW",2,"steamer,oopsy",5,1,0.97084,0.02164,0.00848,0.00076,0.0032,0.00216,0.06076,0.02892,0.00564,0.02776,0.007,0.0625849779572329,0.0824
2026,,"Nathan Flewelling","TBR",2,"steamer,oopsy",5,1,0.95004,0.04164,0.00832,0.00076,0.004,0.00104,0.05376,0.03064,0.00452,0.02536,0.00352,0.0565870910698497,0.0954
2026,,"Nathan Hickey","BOS",2,"steamer,oopsy",5,1.816124,0.953332390447027,0.0391539020691969,0.0175639984080571,0.00114462012097451,0.00319704240685983,0.000592044890159227,0.0722163200463111,0.0406011229118083,0.00935430926451579,0.038061908160681,0.00202610917965602,0.075751459585306,0.111370222115508
2026,,"Nathan Humphreys","PHI",1,"oopsy",3,1,1,0,0,0,0,0,0,0,0,0,0,0,0
2026,,"Nathan Martorella","MIA",2,"steamer,oopsy",5,4.201872,0.95744968172106,0.0350395572080296,0.0141926198376844,0.00101280667386292,0.00319833686483029,0.00123935553512174,0.0736639169853898,0.0389974990782571,0.00963054767076676,0.0377759120812733,0.00420225926962424,0.0769376379685828,0.108703474193419
2026,,"Nathan Rose",,1,"oopsy",3,1,1,0,0,0,0,0,0,0,0,0,0,0,0
2026,,"Nathanael Cijntje","PHI",1,"steamer",2,1,0.9271,0.0521,0.0151,0.0012,0.01,0.0035,0.1303,0.0649,0.0105,0.0603,0.0115,0.140545787940891,0.1824
2026,,"Nathaniel Ochoa Leyva","WSN",2,"steamer,oopsy",5,1,0.97316,0.01892,0.00852,0.00076,0.0036,0.00136,0.05824,0.02668,0.0048,0.02584,0.00448,0.0598462739939989,0.07716
2026,,"Nauris De La Cruz","WSN",1,"steamer",2,1,0.9092,0.07,0.0173,0.0013,0.01,0.0043,0.1401,0.071,0.0125,0.0641,0.0142,0.154091509018918,0.2101
2026,,"Nayerich Waterfort","CIN",1,"steamer",2,1,0.9257,0.0515,0.0178,0.0011,0.012,0.0029,0.137,0.0651,0.009,0.0596,0.0096,0.147996111051096,0.1885
2026,,"Nazzan Zanetello","BOS",2,"steamer,oopsy",5,1,0.96012,0.03116,0.00972,0.00068,0.0044,0.00172,0.05528,0.03036,0.005,0.0266,0.00572,0.0575761363162938,0.08644
2026,,"Nehomar Ochoa Jr.","HOU",2,"steamer,oopsy",5,1,0.97084,0.02044,0.00868,0.00072,0.0044,0.00156,0.06196,0.03176,0.00788,0.03176,0.00512,0.0638210209715298,0.0824
2026,,"Nelly Taylor","BOS",2,"steamer,oopsy",5,1,0.95412,0.03836,0.01408,0.001,0.0032,0.00328,0.06596,0.03644,0.00564,0.031,0.01028,0.0691317653963862,0.10432
2026,,"Nelson Beltran",,2,"steamer,oopsy",5,1,0.96288,0.028,0.00824,0.00076,0.0048,0.00128,0.05692,0.02936,0.00476,0.02624,0.00428,0.0591143236955799,0.08492
2026,,"Nelson Marin",,1,"steamer",2,1,0.9252,0.054,0.0143,0.0012,0.01,0.0021,0.1229,0.0614,0.0097,0.057,0.007,0.132836143536533,0.1769
2026,,"Nelson Medina",,1,"steamer",2,1,0.9132,0.067,0.0349,0.0038,0.009,0.0048,0.1769,0.0904,0.0198,0.0871,0.016,0.1937144108629,0.2439
2026,,"Nelson Quiroz","LAD",2,"steamer,oopsy",5,2.722632,0.963933079309084,0.0281612639402402,0.0172012859506499,0.00166585635192535,0.00360307391954894,0.000723629908528657,0.0910341500552145,0.0428072317763983,0.00642221543819183,0.0398524096499063,0.00241209969509552,0.094440321646047,0.119195413995455
2026,,"Nelson Rada","LAA",4,"batx,steamer,oopsy,atc",9,70.2685444444444,0.881878304124757,0.0889905071408807,0.0335792843684114,0.00263325063917348,0.0139461667720084,0.0121963566129465,0.20280055021655,0.102448360393877,0.0107571062573118,0.0660745428014576,0.0531216825379932,0.229964326447314,0.29179105735743
2026,,"Nerwilian Cedeño",,2,"steamer,oopsy",5,1,0.96648,0.0256,0.01696,0.00128,0.0036,0.00204,0.07828,0.03656,0.0056,0.034,0.00624,0.0809949507491102,0.10388
2026,,"Nestor Miranda","DET",1,"steamer",2,1,0.9268,0.0514,0.0136,0.0013,0.011,0.0025,0.1219,0.0648,0.0159,0.0642,0.0082,0.131527837721191,0.1733
2026,,"Nestor Urbina",,1,"steamer",2,1,0.9382,0.041,0.0191,0.0016,0.01,0.0027,0.1422,0.0656,0.0111,0.0641,0.0091,0.151566830100192,0.1832
2026,,"Neurelin Montero","TEX",1,"steamer",2,1,0.9021,0.0731,0.0145,0.0013,0.014,0.0027,0.1187,0.0662,0.0095,0.0564,0.009,0.1315818645383,0.1918
2026,,"Newremberg Rondon","DET",2,"steamer,oopsy",5,1,0.97716,0.01492,0.008,0.00064,0.0036,0.001,0.06024,0.02624,0.00412,0.02584,0.00332,0.061648041262434,0.07516
2026,,"Neyfy Castillo",,1,"steamer",2,2.0076,0.911237298266587,0.0679916317991632,0.0362622036262204,0.00353656106794182,0.010011954572624,0.00527993624227934,0.192219565650528,0.101613867304244,0.0290396493325364,0.103008567443714,0.0162382944809723,0.210943478736198,0.260211197449691
2026,,"Nic Kent","COL",2,"steamer,oopsy",5,1.769124,0.967085099613044,0.0237990153311368,0.0162035849063059,0.00173805344856491,0.00480359653894711,0.00123169142024285,0.0850961916785559,0.0367454607039116,0.00451620187422378,0.0335293775510553,0.00407826714702632,0.0879924545550388,0.108895207009693
2026,,"Nicandro Aybar","TBR",2,"steamer,oopsy",5,1,0.97064,0.02144,0.0078,8e-04,0.0036,0.00152,0.06184,0.02676,0.00248,0.02424,0.00492,0.0637105414983928,0.08328
2026,,"Nicholas Northcut",,1,"steamer",2,3.04031,0.930234087971292,0.0490081603520694,0.0361805210652861,0.00309178998194263,0.00999898036713361,0.00200637434998405,0.180507908732991,0.100516065795922,0.0381540040324835,0.1126200946614,0.00670984208847124,0.194045682766424,0.22951606908506
2026,,"Nick Biddison","PHI",2,"steamer,oopsy",5,1,0.96124,0.02804,0.01004,8e-04,0.0064,0.00232,0.0644,0.03504,0.00776,0.0326,0.00792,0.066996795805418,0.09244
2026,,"Nick Cimillo","PIT",2,"steamer,oopsy",5,1,0.95948,0.0326,0.01688,0.00156,0.0036,0.00092,0.07888,0.04264,0.01204,0.0432,0.00304,0.0822111977321049,0.11148
2026,,"Nick Clarno",,1,"steamer",2,1,0.9072,0.071,0.022,0.002,0.011,0.0035,0.1408,0.0754,0.0139,0.0687,0.0116,0.155202821869489,0.2118
2026,,"Nick Dalesandro",,1,"steamer",2,1,0.9142,0.065,0.0337,0.0035,0.01,0.0057,0.1866,0.0862,0.0107,0.0768,0.0206,0.204112885583023,0.2516
2026,,"Nick Decker",,1,"steamer",2,1,0.9002,0.079,0.0369,0.003,0.01,0.0046,0.1669,0.0948,0.025,0.0921,0.0154,0.185403243723617,0.2459
2026,,"Nick Dunn",,2,"steamer,oopsy",5,1.39798,0.956500162911351,0.0359908769643349,0.0159402491290509,0.00146369583197574,0.00320810045364546,0.000942379508258352,0.0860171934133687,0.0402015088097446,0.00547382139903256,0.0358104213138174,0.00288729040828091,0.0899290943679022,0.122008070377704
2026,,"Nick Gile",,1,"steamer",2,1,0.9272,0.051,0.0226,0.0021,0.011,0.0031,0.1524,0.0702,0.0093,0.0649,0.0102,0.164365832614323,0.2034
2026,,"Nick Goodwin","TOR",2,"steamer,oopsy",5,1,0.96016,0.02952,0.01116,0.00076,0.006,0.00132,0.06808,0.0358,0.0072,0.0332,0.00424,0.0709048491918014,0.0976
2026,,"Nick Hollifield","WSN",1,"oopsy",3,1,1,0,0,0,0,0,0,0,0,0,0,0,0
2026,,"Nick Kahle",,2,"steamer,oopsy",5,1,0.96248,0.0284,0.01448,0.00104,0.0048,0.00096,0.0728,0.03716,0.00804,0.03568,0.00324,0.0756379353337212,0.1012
2026,,"Nick Lorusso","NYM",2,"steamer,oopsy",5,1,0.96228,0.0302,0.01668,0.00076,0.0032,0.00144,0.07588,0.0388,0.00776,0.03652,0.00468,0.0788543874963628,0.10608
2026,,"Nick Lucky",,1,"steamer",2,1,0.9202,0.057,0.0237,0.0024,0.012,0.0046,0.1535,0.0763,0.014,0.0716,0.0154,0.16681156270376,0.2105
2026,,"Nick Meyer",,1,"steamer",2,1,0.8822,0.097,0.0308,0.0029,0.01,0.0047,0.1836,0.0964,0.0173,0.0852,0.0152,0.208116073452732,0.2806
2026,,"Nick Mitchell","CLE",2,"steamer,oopsy",5,1,0.95864,0.03304,0.01072,0.00156,0.004,0.00256,0.07364,0.03636,0.0062,0.0326,0.00876,0.07681715763999,0.10668
2026,,"Nick Monistere","HOU",2,"steamer,oopsy",5,1,0.97564,0.01564,0.00892,0.00084,0.0044,0.0016,0.063,0.02888,0.00476,0.028,0.00528,0.0645729982370547,0.07864
2026,,"Nick Montgomery","ATL",2,"steamer,oopsy",5,1,0.969,0.02308,0.00716,8e-04,0.0036,0.00072,0.0532,0.02736,0.00484,0.02564,0.00244,0.0549019607843137,0.07628
2026,,"Nick Morabito","NYM",2,"batx,steamer",5,7.5628,0.913474243591891,0.0678702060646675,0.0369570514324007,0.00397265873680683,0.010212146088122,0.009661981906517,0.219886862120958,0.109775687719886,0.0129835047746691,0.082535999329871,0.0452754263695761,0.240714901009509,0.287757068185626
2026,,"Nick Peoples","WSN",2,"steamer,oopsy",5,1,0.9688,0.02248,0.00908,6e-04,0.0044,0.00148,0.0558,0.02824,0.00632,0.02736,0.00492,0.0575970272502064,0.07828
2026,,"Nick Podkul",,2,"steamer,oopsy",5,1,0.94848,0.0416,0.01248,0.00116,0.0056,0.00084,0.06752,0.03952,0.00952,0.0362,0.0028,0.0711875843454791,0.10912
2026,,"Nick Raposo","SEA",2,"steamer,oopsy",5,1,0.96228,0.0302,0.01472,0.0012,0.0032,0.00076,0.07268,0.03592,0.00624,0.03368,0.00256,0.0755289520721619,0.10288
2026,,"Nick Rodriguez","LAA",1,"oopsy",3,1,1,0,0,0,0,0,0,0,0,0,0,0,0
2026,,"Nick Roselli","NYM",2,"steamer,oopsy",5,1,0.96964,0.02204,0.01104,0.00072,0.004,0.00124,0.06412,0.03128,0.00544,0.02956,0.00412,0.0661276349985562,0.08616
2026,,"Nick Schnell","SDP",2,"steamer,oopsy",5,1.78446,0.968086723063675,0.024395927257991,0.0139270215963393,0.00248552082805667,0.00320145889265995,0.00190466541715212,0.0761325836246053,0.0395792175337285,0.0111578271955153,0.0405518126403593,0.00624081860088141,0.0786423176878935,0.100528510882596
2026,,"Nick Schwartz","ATH",2,"steamer,oopsy",5,1,0.9688,0.02328,0.00972,0.00084,0.0036,0.00096,0.06376,0.03068,0.005,0.02832,0.00328,0.065813377374071,0.08704
2026,,"Nick Tanielu",,1,"steamer",2,1,0.9022,0.075,0.0359,0.0036,0.012,0.004,0.1783,0.0944,0.021,0.0899,0.0132,0.197628020394591,0.2533
2026,,"Nick Ward",,1,"steamer",2,1,0.8882,0.089,0.0329,0.0028,0.012,0.0043,0.1856,0.091,0.0112,0.0774,0.0149,0.208961945507769,0.2746
2026,,"Nico Perez","LAD",2,"steamer,oopsy",5,1,0.96712,0.02496,0.01024,0.00072,0.0036,0.00376,0.06712,0.03408,0.00452,0.02976,0.01276,0.0694019356439739,0.09208
2026,,"Nicolas Barrios","MIL",1,"steamer",2,1,0.939,0.0392,0.0151,0.0017,0.011,0.0035,0.1266,0.0621,0.0131,0.0625,0.0115,0.13482428115016,0.1658
2026,,"Nicolas Deschamps","TOR",2,"steamer,oopsy",5,1,0.96096,0.02912,0.0094,0.00084,0.0056,0.00104,0.05548,0.03032,0.00516,0.02704,0.00336,0.0577339327339327,0.0846
2026,,"Nicolas Vergara","TOR",1,"steamer",2,1,0.9373,0.0409,0.0136,0.001,0.011,0.0026,0.1097,0.0565,0.0106,0.0549,0.0085,0.117038301504321,0.1506
2026,,"Nik McClaughry",,2,"steamer,oopsy",5,1,0.96848,0.022,0.0104,0.001,0.0052,0.00124,0.05988,0.02792,0.00272,0.02476,0.00404,0.0618288452007269,0.08188
2026,,"Nikau Pouaka-Grego","PHI",2,"steamer,oopsy",5,1,0.96564,0.02564,0.0094,0.00084,0.0044,0.001,0.0624,0.03024,0.004,0.02716,0.00332,0.0646203554119548,0.08804
2026,,"Niko Decolati",,1,"steamer",2,1.04487,0.870251801659537,0.104032080545905,0.0319656990821825,0.00306258194799353,0.0150257926823433,0.00507240135136428,0.171313177715888,0.095131451759549,0.0157914381693416,0.080488481820705,0.0168442007139644,0.196854723413615,0.275345258261793
2026,,"Niko Hulsizer",,1,"steamer",2,1,0.8782,0.1,0.0379,0.0032,0.011,0.0042,0.1815,0.1079,0.0309,0.104,0.0137,0.20667273969483,0.2815
2026,,"Niurby Asigen",,1,"steamer",2,1,0.9272,0.051,0.0148,0.0014,0.011,0.0033,0.1304,0.065,0.0116,0.0614,0.0111,0.140638481449525,0.1814
2026,,"Nixon Chirinos","MIA",1,"oopsy",3,1,1,0,0,0,0,0,0,0,0,0,0,0,0
2026,,"Nixson Cueche",,1,"steamer",2,1,0.9292,0.051,0.0164,0.0015,0.009,0.0033,0.1384,0.0653,0.0094,0.0608,0.0108,0.14894532931554,0.1894
2026,,"Noah Barber","KCR",1,"oopsy",3,1,1,0,0,0,0,0,0,0,0,0,0,0,0
2026,,"Noah Campbell",,1,"steamer",2,1,0.8732,0.105,0.0344,0.0056,0.011,0.0038,0.1778,0.0966,0.0159,0.0833,0.0118,0.203618873110399,0.2828
2026,,"Noah Cardenas","MIN",2,"steamer,oopsy",5,1.255304,0.944365363251254,0.0457314467788996,0.0155530868116172,0.000756900614066143,0.00559129808455312,0.00104989440015626,0.0704894217035147,0.0401645648431873,0.007324844652253,0.0345000183121116,0.00322293164699132,0.0746421082840589,0.116220868482414
2026,,"Noah Mendlinger","STL",2,"steamer,oopsy",5,2.619124,0.949331690376619,0.0371567075622894,0.01603071430977,0.00129164924987272,0.00920002931964555,0.00190973907496518,0.0865959693411598,0.0389792801234595,0.00226632935867237,0.0314354145659207,0.00557865688288585,0.0912178221995365,0.123752676903449
2026,,"Noah Miller","LAD",2,"steamer,oopsy",5,1.2776,0.969090909090909,0.0242030696576151,0.0156080283353011,0.000850059031877214,0.00240850059031877,0.000779220779220779,0.0813223140495868,0.0373553719008265,0.00498229043683589,0.0348524203069658,0.00255017709563164,0.0839160839160839,0.105525383707202
2026,,"Noah Myers","TBR",2,"steamer,oopsy",5,1,0.94636,0.04612,0.01336,0.00108,0.0032,0.0028,0.06876,0.0384,0.00656,0.03236,0.0104,0.0726573397015935,0.11488
2026,,"Noah Williams",,1,"steamer",2,1,0.9272,0.052,0.0213,0.0022,0.01,0.0036,0.1545,0.0758,0.0163,0.0745,0.0117,0.166630716134599,0.2065
2026,,"Noelberth Romero","BAL",2,"steamer,oopsy",5,1.092452,0.973575495682828,0.0181296857358687,0.0128987190629747,0.00155954285899946,0.00399632857618611,0.00191693809752016,0.0731360619918286,0.033887566707009,0.00578330476878965,0.0326204381340719,0.00594575714993543,0.0751210998182877,0.0912657477276973
2026,,"Nolan Beltran","PHI",2,"steamer,oopsy",5,1,0.96924,0.02284,0.0096,0.001,0.0036,0.00116,0.06596,0.03048,0.00396,0.028,0.00376,0.0680533201271099,0.0888
2026,,"Nolan Clifford",,1,"oopsy",3,1,1,0,0,0,0,0,0,0,0,0,0,0,0
2026,,"Nolan Sailors","KCR",2,"steamer,oopsy",5,1,0.9616,0.02928,0.01136,0.00136,0.0048,0.0036,0.0718,0.03676,0.00636,0.03276,0.01204,0.0746672212978369,0.10108
2026,,"Nomar Diaz",,1,"oopsy",3,1,1,0,0,0,0,0,0,0,0,0,0,0,0
2026,,"Nomar Fana",,2,"steamer,oopsy",5,1,0.96448,0.0276,0.0086,0.00072,0.0036,0.00148,0.05624,0.03044,0.00668,0.02872,0.00488,0.0583112143331121,0.08384
2026,,"Nomar Velasquez","CLE",1,"steamer",2,1,0.9258,0.0534,0.0159,0.0012,0.01,0.0032,0.147,0.0663,0.0092,0.0613,0.0107,0.158781594296824,0.2004
2026,,"Odalys Peguero",,1,"steamer",2,1,0.9112,0.069,0.024,0.0022,0.009,0.0051,0.1557,0.0741,0.0066,0.0629,0.0176,0.170873573309921,0.2247
2026,,"Oliver Carrillo",,2,"steamer,oopsy",5,1,0.95688,0.034,0.0104,0.00068,0.0048,0.00084,0.06472,0.03672,0.00992,0.03544,0.0028,0.0676364852437087,0.09872
2026,,"Oliver Guerrero","TEX",1,"steamer",2,1,0.9261,0.0531,0.0132,0.0014,0.01,0.0022,0.1323,0.0702,0.0184,0.0707,0.0073,0.142857142857143,0.1854
2026,,"Oliver Tejada","SFG",2,"steamer,oopsy",5,1,0.97152,0.01896,0.00756,0.00076,0.0052,0.00132,0.0576,0.02712,0.00464,0.026,0.00432,0.0592885375494071,0.07656
2026,,"Omar Alfonzo","PIT",2,"steamer,oopsy",5,1,0.95548,0.0366,0.01452,0.00088,0.0036,6e-04,0.07392,0.03852,0.00836,0.03628,0.00196,0.07736425670867,0.11052
2026,,"Omar De Los Santos",,2,"steamer,oopsy",5,1,0.97168,0.02,0.0124,0.00252,0.004,0.0068,0.07312,0.03896,0.00976,0.03772,0.0232,0.0752511114770295,0.09312
2026,,"Omar Guadamuz","CIN",1,"steamer",2,1,0.9388,0.0394,0.0152,0.0011,0.011,0.0033,0.1234,0.0571,0.0075,0.0535,0.011,0.131444397102684,0.1628
2026,,"Omar Hernandez","KCR",2,"steamer,oopsy",5,1,0.97204,0.02004,0.016,0.00108,0.0036,0.0024,0.07876,0.035,0.0044,0.03248,0.00776,0.08102547220279,0.0988
2026,,"Omar Martinez","LAA",2,"steamer,oopsy",5,1,0.95464,0.03784,0.012,0.00096,0.0032,0.00064,0.06856,0.03736,0.00956,0.0354,0.00208,0.0718176485376686,0.1064
2026,,"Omar Mejia","KCR",1,"steamer",2,1,0.9361,0.0431,0.0155,0.0013,0.01,0.0027,0.1355,0.0647,0.0118,0.0629,0.0091,0.14474949257558,0.1786
2026,,"Omar Meregildo",,1,"steamer",2,1,0.9072,0.071,0.0356,0.0034,0.011,0.0043,0.1945,0.1055,0.0326,0.1085,0.0139,0.21439594356261,0.2655
2026,,"Omar Reyes","KCR",1,"steamer",2,1,0.898,0.0812,0.0175,0.0017,0.01,0.0022,0.1449,0.0714,0.0054,0.0577,0.0073,0.161358574610245,0.2261
2026,,"Omar Urbina","BAL",1,"steamer",2,1,0.9319,0.0463,0.0145,0.0016,0.011,0.0026,0.1359,0.0655,0.0103,0.0615,0.0085,0.14583109775727,0.1822
2026,,"Onil Perez","SFG",2,"steamer,oopsy",5,1.522136,0.954533387699862,0.0367668109693147,0.0157373749642135,0.00152688974294464,0.00440715903077203,0.00241179175306029,0.0812548257523836,0.0385886680489646,0.00419894679309776,0.0328281294733098,0.00794676707123461,0.0851251792754816,0.118021636721698
2026,,"Onix Vega","NYM",2,"steamer,oopsy",5,1,0.95492,0.03676,0.01276,0.00124,0.004,0.00132,0.07148,0.03664,0.0048,0.03124,0.00432,0.0748544380681104,0.10824
2026,,"Orlando Martinez","TEX",2,"steamer,oopsy",5,2.14746,0.962048776705052,0.0308428004601088,0.0172773448102051,0.00146821242552312,0.002802011037442,0.00124074289480827,0.082850606800822,0.0399932793093198,0.00727902498287516,0.0375945097126905,0.00383596344978222,0.0861189253673596,0.113693407260931
2026,,"Oscar Colina",,1,"steamer",2,1,0.9162,0.06,0.015,0.0015,0.013,0.0037,0.1337,0.0672,0.0099,0.0601,0.0125,0.145928836498581,0.1937
2026,,"Osiris Johnson",,1,"steamer",2,1,0.9292,0.051,0.0276,0.0024,0.009,0.0055,0.1777,0.0847,0.018,0.0833,0.0188,0.191239776151528,0.2287
2026,,"Osmar Torrealba","CLE",1,"steamer",2,1,0.9137,0.0655,0.0151,0.0011,0.01,0.003,0.1331,0.0672,0.0111,0.0612,0.0099,0.145671445769946,0.1986
2026,,"Osvaldo Heredia","MIA",1,"steamer",2,1,0.9148,0.0624,0.0124,0.0015,0.012,0.0035,0.1096,0.0597,0.0104,0.0541,0.0114,0.119807608220376,0.172
2026,,"Osvaldo Tovalin",,1,"steamer",2,1,0.9362,0.039,0.0309,0.0025,0.014,0.0037,0.1852,0.083,0.0156,0.0825,0.0118,0.197820978423414,0.2242
2026,,"Oswaldo Linares","SDP",2,"steamer,oopsy",5,1,0.95804,0.03324,0.01348,0.00096,0.0044,0.00116,0.06852,0.0354,0.00612,0.03184,0.00376,0.0715210220867605,0.10176
2026,,"Oswaldo Osorio","LAD",2,"steamer,oopsy",5,1,0.96192,0.02896,0.008,6e-04,0.0048,0.00128,0.05496,0.0308,0.00508,0.0272,0.00416,0.0571357285429142,0.08392
2026,,"Oswaldo Patino",,1,"steamer",2,1,0.9252,0.054,0.017,0.0016,0.01,0.0034,0.151,0.0664,0.0053,0.0583,0.0114,0.163207955036749,0.205
2026,,"Ovandy Frias",,1,"steamer",2,1,0.9412,0.038,0.0146,0.0014,0.01,0.0031,0.1267,0.0592,0.0097,0.0576,0.0105,0.134615384615385,0.1647
2026,,"Owen Ayers","CHC",2,"steamer,oopsy",5,1,0.96848,0.0228,0.00956,0.00104,0.0044,0.00112,0.06156,0.03076,0.00576,0.02932,0.0038,0.0635635222203866,0.08436
2026,,"Owen Carey","ATL",2,"steamer,oopsy",5,1,0.9722,0.01868,0.01124,0.00072,0.0048,0.00176,0.0748,0.03312,0.00464,0.03112,0.00564,0.0769389014606048,0.09348
2026,,"Owen Cobb","NYY",2,"steamer,oopsy",5,1,0.97432,0.01736,0.01032,0.00092,0.004,0.00256,0.06836,0.03088,0.00424,0.02868,0.00868,0.0701617538385746,0.08572
2026,,"P.J. Hilson","PIT",2,"steamer,oopsy",5,1,0.97116,0.02052,0.01508,0.0014,0.004,0.00204,0.08424,0.04032,0.0108,0.04196,0.00672,0.0867416285678982,0.10476
2026,,"Pablo Aliendo",,2,"steamer,oopsy",5,1.037284,0.965272911883353,0.0252101609022969,0.0143064918908535,0.000768379359866814,0.00519570805243274,0.000768379359866814,0.070215237694496,0.037028567246915,0.0101718791449035,0.0375408201534929,0.00256126453288938,0.0727413323528353,0.0954253985967929
2026,,"Pablo Arosemena","CLE",1,"steamer",2,1,0.9158,0.0614,0.0143,0.0012,0.012,0.0025,0.1151,0.0589,0.0074,0.0517,0.0082,0.125682463419961,0.1765
2026,,"Pablo Guerrero","TEX",2,"steamer,oopsy",5,1,0.96884,0.02324,0.00988,6e-04,0.0036,0.00064,0.06432,0.03184,0.00712,0.0314,0.00208,0.0663886709879856,0.08756
2026,,"Pablo Martinez","HOU",1,"steamer",2,1,0.9221,0.0541,0.017,0.0016,0.013,0.0036,0.141,0.0664,0.0061,0.0577,0.0122,0.152911831688537,0.1951
2026,,"Pablo Nunez","CIN",1,"steamer",2,1,0.8561,0.1191,0.0172,0.0014,0.014,0.0039,0.1457,0.0852,0.0111,0.0659,0.0131,0.170190398317954,0.2648
2026,,"Paris Johnson",,1,"steamer",2,1,0.9362,0.043,0.0151,0.0014,0.01,0.0031,0.1261,0.0637,0.0143,0.0638,0.0102,0.134693441572314,0.1691
2026,,"Parker Chavers","CHC",2,"steamer,oopsy",5,1,0.95608,0.0368,0.01392,0.00188,0.0028,0.00296,0.07352,0.03788,0.00528,0.03256,0.0096,0.0768973307672998,0.11032
2026,,"Parks Harber","SFG",2,"steamer,oopsy",5,1,0.96204,0.02964,0.01344,0.00124,0.004,0.00108,0.07768,0.03808,0.00856,0.037,0.0036,0.0807450833645171,0.10732
2026,,"Pascanel Ferreras","HOU",2,"steamer,oopsy",5,2.359148,0.963248572604465,0.0280408470464111,0.0159349867094753,0.00182815772180624,0.00440213103161303,0.00210101708326986,0.0762460009049835,0.0372543981518326,0.00561180753410173,0.033816370197391,0.00635762312210229,0.0791550624350545,0.104286847951395
2026,,"Pascual Archila","TOR",1,"steamer",2,1,0.8984,0.0788,0.016,0.001,0.012,0.0029,0.1199,0.0678,0.0094,0.0568,0.0097,0.133459483526269,0.1987
2026,,"Patrick Clohisy","ATL",2,"steamer,oopsy",5,1,0.96344,0.02824,0.0152,0.00128,0.004,0.00692,0.0842,0.0422,0.00644,0.03664,0.02388,0.0873951673171137,0.11244
2026,,"Patrick Dorrian",,1,"steamer",2,1.08752,0.900213329410034,0.0789870531116669,0.0332867441518317,0.00349418861262322,0.010022804178314,0.00275856995733412,0.174157716639694,0.0962740915109607,0.0259305575989407,0.0948028542003825,0.00919523319111373,0.193462717058223,0.253144769751361
2026,,"Patrick Frick",,1,"steamer",2,1,0.9162,0.061,0.0403,0.0038,0.012,0.0047,0.2083,0.0911,0.0098,0.082,0.0156,0.227352106526959,0.2693
2026,,"Patrick Lee","DET",2,"steamer,oopsy",5,1,0.9586,0.03228,0.00992,0.00076,0.0048,0.00408,0.05996,0.03292,0.00556,0.02804,0.01436,0.0625495514291675,0.09224
2026,,"Patrick Winkel","MIN",2,"steamer,oopsy",5,1,0.96596,0.02652,0.01564,0.00076,0.0032,0.00064,0.07576,0.03756,0.009,0.03736,0.0022,0.0784297486438362,0.10228
2026,,"Paul McIntosh","PHI",2,"steamer,oopsy",5,3.175832,0.955650523791924,0.0352383229962202,0.0151127868587703,0.000801294494361434,0.00480155538094099,0.000931737784141202,0.0754831836858926,0.0410710015249442,0.00983293941530348,0.039077082666882,0.00299398407970706,0.0789861793685656,0.110721506682113
2026,,"Paul Witt",,2,"steamer,oopsy",5,1.23008,0.968080243778568,0.023590655154901,0.0160487557135602,0.00101574403250381,0.00401218892839005,0.000914169629253428,0.0744286439817166,0.0379126460132047,0.00975114271203657,0.0385982732351447,0.00302183849669883,0.0768827217165491,0.0980192991366176
2026,,"Paulino Santana","TEX",2,"steamer,oopsy",5,1,0.96484,0.02604,0.00848,0.00124,0.0048,0.00172,0.06072,0.03036,0.0048,0.02736,0.00556,0.0629327142324116,0.08676
2026,,"Paulo Asprilla","STL",2,"steamer,oopsy",5,1,0.97312,0.01856,0.0056,0.00048,0.004,0.00104,0.05152,0.0236,0.00304,0.02212,0.00348,0.0529431108188096,0.07008
2026,,"Paxton Kling","TEX",1,"oopsy",3,1,1,0,0,0,0,0,0,0,0,0,0,0,0
2026,,"Payton Eeles","BAL",2,"steamer,oopsy",5,1.327124,0.949497472233072,0.0365934833673486,0.0139728574493484,0.00154031499441636,0.00959396196522189,0.0039168009858016,0.0814606587047051,0.0424466803461308,0.00554513397989889,0.0347231008741288,0.01318069545222,0.0857934445187328,0.118054142072054
2026,,"Payton Green","MIA",2,"steamer,oopsy",5,1,0.96472,0.02696,0.01704,0.00128,0.004,0.00188,0.08128,0.03688,0.0058,0.0346,0.006,0.0842524255742599,0.10824
2026,,"Pedro Blanco","ARI",2,"steamer,oopsy",5,1,0.97452,0.01716,0.00688,0.00068,0.004,0.00104,0.0542,0.02676,0.00564,0.02684,0.00344,0.0556171243278742,0.07136
2026,,"Pedro Catuy","ARI",2,"steamer,oopsy",5,1,0.97692,0.01476,0.00716,0.00076,0.004,0.00132,0.05788,0.02692,0.00496,0.02692,0.00448,0.0592474307005691,0.07264
2026,,"Pedro Dalmagro","CLE",1,"steamer",2,1,0.9399,0.0393,0.0188,0.0013,0.01,0.0028,0.1436,0.0639,0.0105,0.0627,0.0094,0.152782210873497,0.1829
2026,,"Pedro Ibarguen","MIL",2,"steamer,oopsy",5,1,0.96312,0.02856,0.0082,0.00084,0.004,0.00216,0.06188,0.03184,0.00636,0.0296,0.00704,0.0642495223855802,0.09044
2026,,"Pedro Pineda","ATH",2,"steamer,oopsy",5,1,0.9684,0.02368,0.01044,0.00112,0.0036,0.00128,0.0678,0.03396,0.00764,0.03288,0.0042,0.0700123915737298,0.09148
2026,,"Pedro Ramirez","CHC",2,"steamer,oopsy",5,1,0.96568,0.0264,0.016,0.00204,0.0036,0.00296,0.08992,0.03932,0.00436,0.03524,0.00908,0.0931157319194764,0.11632
2026,,"Pedro Roque","KCR",1,"steamer",2,1,0.929,0.0512,0.0177,0.0019,0.009,0.0036,0.1443,0.0672,0.008,0.061,0.0122,0.155328310010764,0.1955
2026,,"Pedro Tovar",,1,"steamer",2,1,0.9292,0.051,0.0182,0.0015,0.009,0.003,0.1318,0.0624,0.0082,0.0573,0.0099,0.141842445114077,0.1828
2026,,"Peson Revierre","CIN",1,"steamer",2,1,0.9217,0.0565,0.0165,0.0013,0.011,0.0033,0.1386,0.07,0.0138,0.0662,0.0109,0.150374308343279,0.1951
2026,,"Peter Burns","LAA",2,"steamer,oopsy",5,1,0.9586,0.03188,0.00944,8e-04,0.0052,0.00132,0.06368,0.03192,0.00512,0.02812,0.0042,0.0664302107239725,0.09556
2026,,"Peyton Carr",,2,"steamer,oopsy",5,1,0.96848,0.0224,0.00932,0.00084,0.0048,0.00084,0.06464,0.03096,0.00572,0.02964,0.00276,0.066743763423096,0.08704
2026,,"Peyton Graham","DET",2,"steamer,oopsy",5,1,0.96184,0.02864,0.01344,0.00092,0.0052,0.00188,0.07256,0.03424,0.00436,0.03012,0.00652,0.0754387424103801,0.1012
2026,,"Peyton Holt",,2,"steamer,oopsy",5,1,0.97088,0.0204,0.00784,0.00068,0.0044,0.00124,0.05724,0.0292,0.0068,0.02896,0.00412,0.0589568226763349,0.07764
2026,,"Peyton Powell",,2,"steamer,oopsy",5,1,0.96128,0.0308,0.00948,0.00084,0.0036,0.001,0.06416,0.03196,0.00516,0.02872,0.00332,0.0667443408788282,0.09496
2026,,"Peyton Stovall","CIN",2,"steamer,oopsy",5,1,0.95936,0.03232,0.0116,0.00072,0.004,0.00172,0.06668,0.03308,0.00412,0.02836,0.0058,0.0695046697798532,0.099
2026,,"Peyton Williams","TOR",2,"steamer,oopsy",5,1,0.96536,0.02712,0.0156,0.00092,0.0032,0.00052,0.0772,0.0392,0.00992,0.0394,0.00176,0.0799701665699842,0.10432
2026,,"Peyton Wilson","KCR",2,"steamer,oopsy",5,3.053764,0.95756983964228,0.0337179940695193,0.0174360696464697,0.00233437282477043,0.00440140127575431,0.00251042887580061,0.0807053979111276,0.0404016034141833,0.00559467006606992,0.0352633749618953,0.00885496730736941,0.0842814743844446,0.114423391980647
2026,,"Phil Clarke",,2,"steamer,oopsy",5,1.182904,0.947281885181779,0.0427926382388867,0.0143008111112636,0.00079601443805498,0.00559954984011089,0.000905809532959115,0.0778996198344839,0.0396634780341188,0.00532506210285055,0.0333777088508571,0.00312916020476785,0.0822348881078152,0.120692258073371
2026,,"Phillando Williams",,1,"steamer",2,1,0.9232,0.053,0.0135,0.0013,0.013,0.0032,0.1221,0.0612,0.0088,0.0555,0.0106,0.132257365684575,0.1751
2026,,"Phillip Glasser","WSN",2,"steamer,oopsy",5,1,0.95696,0.03432,0.01608,0.0016,0.0044,0.00332,0.09232,0.04156,0.00596,0.03668,0.01068,0.0964721618458452,0.12664
2026,,"Phillip Sikes","BOS",2,"steamer,oopsy",5,2.183376,0.960889643394873,0.0292034235709017,0.0157839957154839,0.00114186396661311,0.00559816493366073,0.00267782257657057,0.0720890047594507,0.0390962096179303,0.00901365184264508,0.0370347914835137,0.00908438677862996,0.0750231884118935,0.101292428330352
2026,,"Pier-Olivier Boucher",,1,"steamer",2,1,0.9262,0.053,0.0204,0.0019,0.01,0.0044,0.1424,0.0708,0.0134,0.0673,0.0146,0.153746491038653,0.1954
2026,,"Pierce Bennett",,2,"steamer,oopsy",5,1,0.96128,0.03,0.01056,0.00128,0.0044,0.00132,0.07048,0.03412,0.005,0.0306,0.00428,0.0733189081225033,0.10048
2026,,"PJ Morlando","MIA",2,"steamer,oopsy",5,1,0.96188,0.0294,0.00816,0.00084,0.0044,0.0012,0.0598,0.03124,0.00684,0.02956,0.00408,0.0621699172453944,0.0892
2026,,"PK Morris",,1,"steamer",2,1,0.8932,0.087,0.0374,0.0036,0.009,0.004,0.1825,0.1012,0.026,0.0976,0.0134,0.204321540528437,0.2695
2026,,"Poncho Ruiz","MIN",2,"steamer,oopsy",5,1,0.95656,0.03552,0.01404,0.00056,0.0036,0.00072,0.06812,0.03348,0.00344,0.02824,0.00236,0.0712135150957598,0.10364
2026,,"Preston Palmeiro",,1,"steamer",2,1,0.9032,0.076,0.0366,0.0036,0.01,0.0041,0.1774,0.0923,0.0187,0.0867,0.0134,0.196412754650133,0.2534
2026,,"Queni Pineda","NYY",1,"steamer",2,1,0.8985,0.0807,0.0146,0.001,0.01,0.0028,0.123,0.0718,0.0134,0.0628,0.0092,0.136894824707846,0.2037
2026,,"Quincy Hamilton",,2,"steamer,oopsy",5,3.559432,0.954489645310316,0.0376018100770688,0.0137972421734982,0.00153542977165889,0.00360069094339725,0.00193550654314747,0.0688943013389056,0.0393102460201823,0.00923961084424308,0.0366070245912053,0.00609306110091396,0.0721792024433195,0.106496111415974
2026,,"Quincy Nieporte",,1,"steamer",2,1,0.9112,0.068,0.0363,0.0033,0.01,0.0037,0.1938,0.1017,0.0287,0.1034,0.0123,0.212686567164179,0.2618
2026,,"Quincy Scott","TEX",2,"steamer,oopsy",5,1,0.96244,0.02884,0.01056,0.00072,0.0044,0.00196,0.06796,0.03316,0.00496,0.02948,0.00648,0.0706121940068991,0.0968
2026,,"Quinn McDaniel","SFG",2,"steamer,oopsy",5,1,0.96044,0.03124,0.0112,0.00128,0.004,0.00216,0.06848,0.03436,0.006,0.03112,0.00744,0.0713006538669776,0.09972
2026,,"Qyshawn Legito","CIN",1,"steamer",2,1,0.9328,0.0464,0.0147,0.001,0.01,0.0027,0.1257,0.0618,0.0115,0.0594,0.0088,0.134755574614065,0.1721
2026,,"R.J. Yeager",,2,"steamer,oopsy",5,2.681972,0.966890621007391,0.0240003227709114,0.0155237438351717,0.000745447104956263,0.00480313856286252,0.00132950875420034,0.0816226154818605,0.0393088859984668,0.00897610534627747,0.0389861150870425,0.00444962756463584,0.0844176308141441,0.105622938252772
2026,,"Rabel Colon",,1,"steamer",2,1,0.9242,0.055,0.0213,0.002,0.01,0.0041,0.148,0.0755,0.0172,0.0739,0.0135,0.160138498160571,0.203
2026,,"Rafael Alvarez",,1,"steamer",2,1,0.9172,0.058,0.0135,0.0013,0.014,0.0032,0.1193,0.0659,0.014,0.062,0.0106,0.130069777583951,0.1773
2026,,"Rafael Castillo",,1,"steamer",2,1,0.9222,0.057,0.0155,0.0014,0.01,0.003,0.1267,0.0611,0.0063,0.0536,0.0101,0.13738885274344,0.1837
2026,,"Rafael Cruz",,1,"steamer",2,1,0.9402,0.039,0.0257,0.0023,0.01,0.0033,0.1644,0.0787,0.0198,0.082,0.011,0.174856413529036,0.2034
2026,,"Rafael Escalante",,1,"oopsy",3,1,1,0,0,0,0,0,0,0,0,0,0,0,0
2026,,"Rafael Flores","TOR",1,"steamer",2,1,0.9114,0.0618,0.0162,0.0013,0.016,0.0031,0.1336,0.0693,0.0103,0.0614,0.0104,0.146587667324995,0.1954
2026,,"Rafael Lantigua","TOR",2,"steamer,oopsy",5,3.452048,0.947410702765171,0.0450819902049334,0.0159660706972674,0.000998580669049048,0.00319770214246044,0.00269841180793591,0.07782758214448,0.0405378871603844,0.00469557314603401,0.0330541421462752,0.00800547536366849,0.0821476704003107,0.122909572349413
2026,,"Rafael Martinez",,1,"steamer",2,1,0.9422,0.037,0.017,0.0016,0.01,0.0034,0.1417,0.0609,0.006,0.0569,0.0112,0.150392697940989,0.1787
2026,,"Rafael Morel",,2,"steamer,oopsy",5,1,0.96008,0.0312,0.00956,0.00056,0.0044,0.00216,0.0616,0.0322,0.00544,0.02844,0.00704,0.0641613198900092,0.0928
2026,,"Rafael Oropeza",,1,"steamer",2,1,0.9412,0.038,0.0162,0.0013,0.01,0.0028,0.1291,0.0571,0.0055,0.0531,0.0094,0.137165320866978,0.1671
2026,,"Rafael Ramirez",,1,"steamer",2,1,0.9382,0.041,0.0144,0.0014,0.01,0.0032,0.1291,0.0642,0.0145,0.0647,0.0107,0.137603922404605,0.1701
2026,,"Rafael Ramirez Jr.","WSN",2,"steamer,oopsy",5,1,0.96448,0.0276,0.00936,0.00104,0.0036,0.00172,0.05956,0.02888,0.00416,0.02576,0.00548,0.0617534837425348,0.08716
2026,,"Rafe Perich","TEX",2,"steamer,oopsy",5,1,0.95964,0.03244,0.0104,0.00072,0.0036,0.00092,0.06636,0.03412,0.00628,0.03108,0.00316,0.0691509315993498,0.0988
2026,,"Rafhlmil Torres","CIN",2,"steamer,oopsy",5,1,0.96424,0.02704,0.01052,0.00072,0.0044,0.00208,0.06656,0.03212,0.00444,0.02852,0.00668,0.0690284576453995,0.0936
2026,,"Rafy Peguero","LAD",1,"steamer",2,1,0.9296,0.0496,0.0154,0.001,0.01,0.0022,0.1274,0.0687,0.0152,0.0674,0.0072,0.137048192771084,0.177
2026,,"Raider Tello","PHI",2,"steamer,oopsy",5,1,0.97364,0.01804,0.01036,0.00056,0.004,0.00064,0.07012,0.03192,0.00652,0.032,0.00216,0.0720184051600181,0.08816
2026,,"Railin Familia",,1,"steamer",2,1,0.9252,0.053,0.0153,0.0012,0.011,0.0026,0.1249,0.0625,0.0098,0.0578,0.0087,0.134997838305231,0.1779
2026,,"Railin Tea",,1,"steamer",2,1,0.9332,0.044,0.0184,0.0019,0.012,0.0042,0.143,0.0652,0.0077,0.06,0.014,0.153236176596657,0.187
2026,,"Railin Tejada",,1,"steamer",2,1,0.9342,0.045,0.0158,0.0016,0.01,0.003,0.1355,0.065,0.0122,0.0633,0.0099,0.145043887818454,0.1805
2026,,"Raily Liriano","ARI",1,"steamer",2,1,0.9403,0.0389,0.0191,0.0016,0.01,0.0045,0.138,0.065,0.0107,0.0632,0.0147,0.14676167180687,0.1769
2026,,"Raimel Medina","KCR",2,"steamer,oopsy",5,1,0.9696,0.02128,0.00788,0.00076,0.0048,0.00144,0.0596,0.0292,0.00504,0.0274,0.00472,0.0614686468646865,0.08088
2026,,"Raimundo De Los Santos","TOR",2,"steamer,oopsy",5,1,0.96856,0.02352,0.00592,0.00048,0.0036,0.00192,0.05224,0.0262,0.00352,0.02324,0.0062,0.0539357396547452,0.07576
2026,,"Rainer Espinoza","SFG",1,"steamer",2,1,0.912,0.0662,0.013,0.0015,0.011,0.0026,0.1179,0.0648,0.013,0.0601,0.0087,0.129276315789474,0.1841
2026,,"Rainer Nunez",,2,"steamer,oopsy",5,2.253368,0.96769551606176,0.0248027057497181,0.0147384006464381,0.000870949480091546,0.0032031586434478,0.000687082367627776,0.0842692008070798,0.0395604608290471,0.00958044428100701,0.0399862583526474,0.00230317751401987,0.087082351223483,0.109071906556798
2026,,"Rainer Reyes",,1,"steamer",2,1,0.9312,0.046,0.0163,0.0014,0.012,0.0029,0.1337,0.0677,0.0154,0.0674,0.0095,0.143578178694158,0.1797
2026,,"Rainiel Rodriguez","STL",2,"steamer,oopsy",5,1,0.95928,0.0316,0.011,0.00064,0.0048,0.00108,0.06916,0.03764,0.01056,0.03744,0.00348,0.0720957384705196,0.10076
2026,,"Ralphy Velazquez","CLE",2,"steamer,oopsy",5,1,0.96148,0.0306,0.01696,0.00176,0.0036,0.00076,0.08268,0.04296,0.01236,0.04396,0.00248,0.0859924283396431,0.11328
2026,,"Ramcell Medina","KCR",1,"steamer",2,1,0.918,0.0602,0.0189,0.002,0.011,0.0028,0.1444,0.0695,0.0079,0.0613,0.0093,0.157298474945534,0.2046
2026,,"Ramiro Altagracia",,1,"steamer",2,1,0.9362,0.043,0.0168,0.0016,0.01,0.0033,0.1432,0.0679,0.0137,0.0672,0.0109,0.152958769493698,0.1862
2026,,"Ramiro Dominguez","MIN",2,"steamer,oopsy",5,1,0.97292,0.01836,0.00836,6e-04,0.0044,0.00172,0.06156,0.02768,0.0034,0.02556,0.00572,0.063273444887555,0.07992
2026,,"Ramon Hernandez",,1,"steamer",2,1,0.9292,0.051,0.0402,0.0033,0.009,0.0027,0.2098,0.0978,0.0238,0.1005,0.0091,0.225785622040465,0.2608
2026,,"Ramon Landaeta","ATH",2,"steamer,oopsy",5,1,0.972,0.02008,0.00608,0.00044,0.0036,0.00092,0.05088,0.02548,0.00452,0.02392,0.00312,0.0523456790123457,0.07096
2026,,"Ramon Mendoza","STL",2,"steamer,oopsy",5,1.00562,0.954183718751541,0.0375129431487599,0.0154233025984912,0.00118337360090725,0.00398402445638775,0.00106503624081653,0.0796015975543612,0.0393274493368177,0.00694245845865589,0.0358167743207929,0.00331344608254031,0.0834237641976457,0.117114540703121
2026,,"Ramon Moreno",,1,"steamer",2,1,0.9282,0.051,0.0144,0.0014,0.01,0.0037,0.1206,0.0624,0.012,0.0592,0.0123,0.129928894634777,0.1716
2026,,"Ramon Peralta",,2,"steamer,oopsy",5,1,0.96848,0.0232,0.0092,0.00084,0.004,0.0012,0.05896,0.02836,0.00416,0.02608,0.00396,0.0608789030232942,0.08216
2026,,"Ramon Ramirez","KCR",2,"steamer,oopsy",7,1,0.954914285714286,0.0332,0.0123142857142857,0.00114285714285714,0.00571428571428571,0.0018,0.0869428571428571,0.0450857142857143,0.0107714285714286,0.0444285714285714,0.00597142857142857,0.0910478128179044,0.120142857142857
2026,,"Ramón Rodríguez","MIL",2,"steamer,oopsy",5,2.534088,0.956691112296855,0.0341990643652202,0.0152050992509131,0.00106716964274635,0.00479812707591382,0.00106716964274635,0.0822796067190324,0.040841988575494,0.00832226868684362,0.0385587418979902,0.00354895950959832,0.0860043598831946,0.116478671084253
2026,,"Ramses Velazquez",,1,"steamer",2,1,0.9112,0.068,0.0132,0.0013,0.01,0.0033,0.112,0.0636,0.0117,0.0571,0.0109,0.122914837576822,0.18
2026,,"Ramy Peralta","ARI",1,"steamer",2,1,0.9274,0.0508,0.0136,0.0016,0.011,0.0025,0.1227,0.0647,0.0135,0.063,0.0083,0.132305369851197,0.1735
2026,,"Randal Diaz","WSN",2,"steamer,oopsy",5,1,0.9696,0.02208,0.00988,0.00096,0.004,0.00236,0.06784,0.02892,0.00232,0.02536,0.00784,0.06996699669967,0.08992
2026,,"Randy Bednar",,1,"steamer",2,1,0.9332,0.044,0.0259,0.0024,0.012,0.0036,0.1632,0.0809,0.0209,0.0833,0.012,0.174882126018003,0.2072
2026,,"Randy De Jesus","LAA",2,"steamer,oopsy",5,1,0.967,0.02468,0.0102,0.00064,0.004,8e-04,0.06528,0.03388,0.01012,0.03476,0.00252,0.0675077559462254,0.08996
2026,,"Randy Florentino",,1,"steamer",2,1,0.9172,0.063,0.039,0.0033,0.009,0.0038,0.1989,0.095,0.0189,0.0921,0.0126,0.216855647623201,0.2619
2026,,"Randy Flores",,1,"oopsy",3,1,1,0,0,0,0,0,0,0,0,0,0,0,0
2026,,"Randy Guzman","NYM",2,"steamer,oopsy",5,1,0.97208,0.0196,0.01044,8e-04,0.004,0.00124,0.06576,0.03276,0.0078,0.03296,0.004,0.0676487531890379,0.08536
2026,,"Randy Martinez","CLE",1,"steamer",2,1,0.9087,0.0715,0.0153,0.0011,0.009,0.0023,0.1163,0.0612,0.0082,0.053,0.0078,0.127985033564433,0.1878
2026,,"Randy Perea",,1,"steamer",2,1,0.9332,0.046,0.016,0.0015,0.01,0.0045,0.1334,0.0642,0.0109,0.0608,0.015,0.142948992713245,0.1794
2026,,"Randy Soto","TOR",1,"steamer",2,1,0.8894,0.0878,0.0165,0.0011,0.012,0.002,0.1211,0.0678,0.0059,0.0533,0.0065,0.136159208455138,0.2089
2026,,"Rashawn Pinder","TEX",2,"steamer,oopsy",5,1,0.97208,0.0192,0.00672,0.00064,0.0044,0.00136,0.055,0.02656,0.00456,0.02516,0.00448,0.0565797053740433,0.0742
2026,,"Raudelis Martinez","BOS",2,"steamer,oopsy",5,1,0.96132,0.03076,0.01164,0.00088,0.0036,0.00096,0.06952,0.034,0.00488,0.03052,0.0032,0.0723172304747639,0.10028
2026,,"Raudi Rodriguez","LAA",2,"steamer,oopsy",5,1,0.967,0.02468,0.01036,0.00164,0.004,0.0022,0.0714,0.03436,0.0074,0.03292,0.00744,0.0738366080661841,0.09608
2026,,"Raudy De Los Santos",,1,"steamer",2,1,0.9322,0.046,0.0179,0.0017,0.011,0.0045,0.1464,0.0651,0.0061,0.0587,0.0144,0.157047843810341,0.1924
2026,,"Raul Pereira","TEX",1,"steamer",2,1,0.9422,0.036,0.0183,0.0017,0.011,0.0025,0.1444,0.0611,0.0053,0.0568,0.0082,0.153258331564424,0.1804
2026,,"Ray-Patrick Didder",,1,"steamer",2,3.40759,0.88323419190689,0.0870116416587676,0.0338362302976591,0.00246508529488583,0.018987026021323,0.00757133340572076,0.163106477011612,0.0911788096572651,0.0149372430368677,0.0776795330424141,0.0257953568357696,0.184669568395521,0.25011811867038
2026,,"Raylin Heredia","PHI",2,"steamer,oopsy",5,1,0.97324,0.01844,0.01276,0.00116,0.004,0.00144,0.0762,0.03676,0.00956,0.03808,0.0048,0.0782951789897662,0.09464
2026,,"Raylin Ramos","BAL",2,"steamer,oopsy",5,1,0.97436,0.01732,0.0098,0.00112,0.004,0.00168,0.07056,0.03172,0.00528,0.03048,0.0054,0.0724167658770885,0.08788
2026,,"Raymer Medina","TBR",1,"steamer",2,1,0.9377,0.0415,0.0158,0.0014,0.01,0.0026,0.119,0.0532,0.0046,0.0491,0.0086,0.126906259997867,0.1605
2026,,"Raymond Mola","PIT",1,"steamer",2,1,0.9289,0.0503,0.0146,0.0014,0.01,0.0038,0.1332,0.0673,0.0149,0.0664,0.0127,0.143395413930455,0.1835
2026,,"Rayne Doncon","MIN",2,"steamer,oopsy",5,1,0.96676,0.02572,0.01276,0.00104,0.0032,0.001,0.06872,0.03388,0.00672,0.03256,0.00328,0.071082792006289,0.09444
2026,,"Raynel Delgado","TBR",2,"steamer,oopsy",5,1.57536,0.959727690288714,0.0323654855643045,0.0150754593175853,0.00165682414698163,0.00359251968503937,0.00480643044619423,0.0805446194225722,0.037992125984252,0.00483923884514436,0.0330216535433071,0.0151246719160105,0.0839244509016323,0.112910104986877
2026,,"Rayner Arias","SFG",2,"steamer,oopsy",5,1,0.97272,0.01856,0.00656,0.00072,0.0044,0.00124,0.05408,0.026,0.00492,0.02536,0.00408,0.0555966773583354,0.07264
2026,,"Rayner Herrera","BAL",1,"steamer",2,1,0.931,0.0482,0.0128,0.0011,0.01,0.0033,0.1197,0.0651,0.0157,0.0641,0.011,0.128571428571429,0.1679
2026,,"Raynerd Ortega","LAD",2,"steamer,oopsy",5,1,0.97184,0.01904,0.009,0.00068,0.0048,0.00108,0.0612,0.03124,0.00648,0.03064,0.00356,0.0629733289430359,0.08024
2026,,"Raynier Ramirez",,1,"steamer",2,1,0.9272,0.052,0.0169,0.0014,0.01,0.0028,0.1299,0.0654,0.0121,0.0623,0.0095,0.140099223468507,0.1819
2026,,"Reece Walling",,2,"steamer,oopsy",5,1,0.95568,0.0364,0.00772,0.00068,0.0036,0.00072,0.05072,0.0292,0.00484,0.025,0.00236,0.0530721580445337,0.08712
2026,,"Reed Trimble","BAL",2,"steamer,oopsy",5,1,0.96136,0.03032,0.01536,0.002,0.004,0.00284,0.08136,0.04428,0.01124,0.04256,0.01124,0.0846301073479238,0.11168
2026,,"Reginald Preciado","CHC",2,"steamer,oopsy",5,1,0.97368,0.018,0.0112,0.00068,0.004,0.00164,0.0688,0.03104,0.00504,0.02992,0.00536,0.0706597650152001,0.0868
2026,,"Reidy Mercado",,1,"steamer",2,1,0.9312,0.049,0.0251,0.0025,0.009,0.0068,0.1701,0.0796,0.0145,0.0761,0.0231,0.182667525773196,0.2191
2026,,"Reinaldo De La Cruz",,1,"steamer",2,1,0.9282,0.05,0.0158,0.0021,0.011,0.0036,0.1383,0.0636,0.0068,0.0572,0.0119,0.148998060762767,0.1883
2026,,"Reiner Herrera","CLE",2,"steamer,oopsy",5,1,0.96832,0.02296,0.00604,0.00052,0.0044,0.001,0.05232,0.02612,0.00476,0.0246,0.00328,0.0540317250495704,0.07528
2026,,"Reivaj Garcia",,2,"steamer,oopsy",5,1,0.97328,0.0196,0.01684,0.00148,0.0028,0.00176,0.08972,0.03512,0.00212,0.0318,0.00568,0.0921831333223738,0.10932
2026,,"Reminton Batista",,1,"steamer",2,1,0.9402,0.039,0.0187,0.0018,0.01,0.0037,0.1475,0.0679,0.0125,0.0671,0.0122,0.156881514571368,0.1865
2026,,"Remy Veldhuisen",,1,"steamer",2,1,0.9192,0.058,0.0153,0.0013,0.012,0.0024,0.1288,0.0642,0.0097,0.0583,0.0078,0.140121845082681,0.1868
2026,,"Renair Manrique",,1,"steamer",2,1,0.9342,0.043,0.0184,0.0016,0.012,0.003,0.1356,0.0613,0.0062,0.0561,0.0102,0.145150931278099,0.1786
2026,,"Reniel Diaz",,1,"steamer",2,1,0.9322,0.046,0.0137,0.0014,0.011,0.0029,0.1168,0.0612,0.0134,0.0601,0.0098,0.125295001072731,0.1628
2026,,"Renny Hidalgo",,1,"steamer",2,1,0.9262,0.053,0.0238,0.0023,0.01,0.0048,0.1564,0.0761,0.0145,0.073,0.0156,0.168862016843014,0.2094
2026,,"Rey Cruz","PHI",1,"steamer",2,1,0.9351,0.0421,0.013,0.0017,0.012,0.0025,0.1272,0.0603,0.0087,0.0568,0.0085,0.136028232274623,0.1693
2026,,"Reyli Mariano","LAD",1,"steamer",2,1,0.9088,0.0714,0.0191,0.0016,0.009,0.0039,0.142,0.0765,0.011,0.0669,0.013,0.15625,0.2134
2026,,"Reylin Perez","HOU",2,"steamer,oopsy",5,1,0.96804,0.02404,0.01464,0.0012,0.0036,0.00208,0.06732,0.03272,0.00468,0.02984,0.0068,0.0695425808850874,0.09136
2026,,"Reynaldo De La Paz","ATH",2,"steamer,oopsy",5,1,0.9696,0.02168,0.0062,0.00052,0.0044,0.001,0.0484,0.0252,0.00412,0.02288,0.00336,0.0499174917491749,0.07008
2026,,"Riangelo Richardson","CIN",1,"steamer",2,1,0.9368,0.0424,0.0144,0.001,0.01,0.0029,0.1137,0.0548,0.0073,0.051,0.0096,0.121370623398804,0.1561
2026,,"Ricardo Chirinos","BAL",1,"steamer",2,1,0.9241,0.0531,0.0147,0.0014,0.012,0.0025,0.1292,0.067,0.0117,0.0623,0.0084,0.139811708689536,0.1823
2026,,"Ricardo Cova","SEA",2,"steamer,oopsy",5,1,0.9746,0.01668,0.01148,0.00068,0.0044,0.00236,0.0716,0.0322,0.00556,0.03144,0.0078,0.0734660373486559,0.08828
2026,,"Ricardo Crespo","SFG",1,"steamer",2,1,0.911,0.0662,0.0154,0.0014,0.012,0.0028,0.1335,0.0667,0.0093,0.0593,0.0094,0.146542261251372,0.1997
2026,,"Ricardo Genovés",,2,"steamer,oopsy",5,1,0.96168,0.0296,0.01452,0.00092,0.0044,0.00092,0.06976,0.03664,0.00844,0.03536,0.00292,0.0725397221528991,0.09936
2026,,"Ricardo Gonzalez","TBR",2,"steamer,oopsy",5,1,0.96536,0.02712,0.00932,0.00076,0.0032,0.002,0.06308,0.02796,0.0016,0.02364,0.00644,0.0653434987983757,0.0902
2026,,"Ricardo Hurtado","DET",2,"steamer,oopsy",5,1,0.96708,0.0242,0.00984,6e-04,0.0044,0.00068,0.06176,0.03052,0.0062,0.02936,0.00228,0.0638623485130496,0.08596
2026,,"Ricardo Olivar","MIN",2,"steamer,oopsy",5,2.871616,0.954130275539528,0.0379571195131572,0.0166859187468304,0.0008593001634079,0.00359919986476588,0.00154955767171916,0.0827886403335775,0.0425494449766158,0.00881134839691215,0.0392249394263819,0.00526849608384516,0.0867686965354531,0.120745759846735
2026,,"Ricardo Paez","MIN",2,"steamer,oopsy",5,1,0.96884,0.02244,0.0062,6e-04,0.0044,0.0016,0.05204,0.0266,0.00476,0.02468,0.00524,0.0537137194996078,0.07448
2026,,"Ricardo Pena","MIN",2,"steamer,oopsy",5,1,0.96924,0.02204,0.00904,0.00072,0.0044,0.00116,0.05956,0.02912,0.0052,0.02752,0.00392,0.0614502084107136,0.0816
2026,,"Ricardo Romero","CLE",1,"steamer",2,1,0.9248,0.0544,0.0212,0.0017,0.01,0.0023,0.1579,0.0692,0.0079,0.0635,0.0077,0.170739619377163,0.2123
2026,,"Ricardo Rosario",,1,"steamer",2,1,0.9242,0.054,0.0237,0.0022,0.011,0.005,0.1651,0.0803,0.0161,0.0773,0.0171,0.178640986799394,0.2191
2026,,"Richard Matic","NYY",1,"steamer",2,1,0.9106,0.0676,0.0167,0.0012,0.011,0.0028,0.1283,0.0699,0.0128,0.063,0.0093,0.140896112453327,0.1959
2026,,"Richard Meran","NYY",1,"steamer",2,1,0.9197,0.0575,0.0152,0.0012,0.012,0.0027,0.1235,0.066,0.0125,0.0611,0.009,0.134282918342938,0.181
2026,,"Richard Paz",,1,"steamer",2,1,0.9142,0.064,0.021,0.0021,0.011,0.0039,0.1476,0.0746,0.0127,0.0684,0.0131,0.161452636184642,0.2116
2026,,"Richard Ramirez","PIT",2,"steamer,oopsy",5,1,0.96956,0.02252,0.01,0.00068,0.0036,0.00088,0.06436,0.03072,0.00624,0.0302,0.00292,0.0663806262634597,0.08688
2026,,"Richer Mata","KCR",1,"steamer",2,1,0.9301,0.0491,0.0128,0.0012,0.01,0.0028,0.1117,0.0581,0.0095,0.0541,0.0094,0.120094613482421,0.1608
2026,,"Rickardo Perez",,1,"oopsy",3,1,1,0,0,0,0,0,0,0,0,0,0,0,0
2026,,"Ricky Cabrera","CIN",2,"steamer,oopsy",5,1,0.96988,0.0202,0.01212,0.00088,0.0056,0.0018,0.07228,0.03316,0.00564,0.0314,0.00576,0.0745246834659958,0.09248
2026,,"Ricson Gonzalez","KCR",2,"steamer,oopsy",5,1,0.97284,0.01844,0.00712,0.00064,0.0044,0.00104,0.05588,0.02592,0.00332,0.02404,0.0034,0.0574400723654455,0.07432
2026,,"Rikuu Nishida","CHW",2,"steamer,oopsy",5,1,0.94724,0.04284,0.01148,0.00172,0.0056,0.00428,0.08244,0.03808,0.00184,0.0288,0.01388,0.0870317976436806,0.12528
2026,,"Riley Mahan",,1,"steamer",2,1,0.9272,0.053,0.0419,0.004,0.009,0.0041,0.1997,0.0953,0.0214,0.0958,0.0134,0.215379637618637,0.2527
2026,,"Riley Tirotta","TOR",2,"steamer,oopsy",5,1.887944,0.953816625567571,0.0374798904300187,0.0142490667296094,0.00111806103370954,0.00439770673259086,0.00178889765393526,0.0726118526892474,0.0403620033169144,0.00910598597454548,0.0372065866217786,0.00571453417229321,0.0761276861220987,0.110091743119266
2026,,"Riley Unroe","HOU",2,"steamer,oopsy",5,1,0.95164,0.04124,0.0152,0.0012,0.0028,0.00264,0.07396,0.03932,0.00556,0.033,0.00912,0.0777184649657433,0.1152
2026,,"Rio Foster","LAA",2,"steamer,oopsy",5,1,0.95424,0.03584,0.01168,8e-04,0.0056,0.00116,0.07,0.0368,0.00816,0.03372,0.00384,0.0733568075117371,0.10584
2026,,"Ripken Reyes",,2,"steamer,oopsy",5,3.72786,0.946890206083392,0.0351985063270095,0.0136476696527338,0.00246558349798265,0.0136016317865889,0.00142717385049203,0.0725505617259084,0.0373367094435173,0.00279807919791806,0.0294642343327387,0.00461913256987205,0.0766198248326997,0.107749068052918
2026,,"Riquelmin Cabral",,1,"steamer",2,1,0.9342,0.046,0.0243,0.0024,0.009,0.0035,0.1565,0.0743,0.0148,0.0735,0.0114,0.167523014343824,0.2025
2026,,"River Town",,1,"steamer",2,1,0.8712,0.102,0.036,0.0038,0.016,0.0048,0.1967,0.1049,0.0192,0.0923,0.0158,0.225780532598714,0.2987
2026,,"Rixon Wingrove",,1,"steamer",2,1,0.9092,0.07,0.0371,0.0029,0.01,0.0029,0.1962,0.1054,0.0329,0.1095,0.0094,0.215794104707435,0.2662
2026,,"RJ Schreck","TOR",3,"batx,steamer,oopsy",8,13.29365,0.866491480260803,0.117977883470487,0.0253390351752514,0.00155546360713264,0.00968048887253419,0.00141071250932937,0.172056603923747,0.12325707898241,0.0179696607355183,0.119103075745966,0.00634345735566825,0.19856698864709,0.290034487394234
2026,,"Robbie Glendinning",,1,"steamer",2,1,0.8892,0.09,0.0381,0.0035,0.01,0.004,0.1941,0.1019,0.0221,0.095,0.0132,0.218286099865047,0.2841
2026,,"Robbie Tenerowicz",,1,"steamer",2,1.23636,0.886149665146074,0.0731178621113591,0.0350221618298877,0.00210294736160989,0.0300074411983565,0.00250736031576563,0.189427027726552,0.101103238538937,0.0235368339318645,0.095198809408263,0.0076838461289592,0.213764147499087,0.262544889837911
2026,,"Robby Martin Jr.",,1,"steamer",2,1,0.9312,0.05,0.0318,0.0026,0.008,0.0046,0.1885,0.087,0.0182,0.0866,0.0143,0.202426975945017,0.2385
2026,,"Robert Alvarez","CLE",1,"steamer",2,1,0.9409,0.0383,0.0142,0.0012,0.01,0.0024,0.1232,0.056,0.0079,0.0542,0.008,0.130938463173557,0.1615
2026,,"Robert Arias","CLE",2,"steamer,oopsy",5,1,0.96508,0.0266,0.00736,0.00056,0.004,0.00292,0.05856,0.02924,0.00436,0.02584,0.00996,0.0606789074480872,0.08516
2026,,"Robert Brooks","TOR",2,"steamer,oopsy",5,1,0.96496,0.02672,0.01324,0.00096,0.004,0.001,0.06644,0.03536,0.00844,0.0346,0.00332,0.0688525949262146,0.09316
2026,,"Robert Calaz","COL",2,"steamer,oopsy",5,1,0.96904,0.02224,0.0122,0.00136,0.0044,0.00116,0.07912,0.03704,0.00876,0.03688,0.00384,0.081647816395608,0.10136
2026,,"Robert Gonzalez",,2,"steamer,oopsy",5,1,0.96728,0.0248,0.0086,0.00088,0.0036,0.00184,0.05912,0.02976,0.0054,0.02764,0.00616,0.0611198412042015,0.08392
2026,,"Robert Hipwell","SFG",2,"steamer,oopsy",5,1,0.96084,0.03004,0.01092,0.00092,0.0048,0.00076,0.0592,0.03204,0.00696,0.03024,0.00256,0.0616127555055993,0.08924
2026,,"Robert Lantigua","ARI",1,"steamer",2,1,0.9363,0.0429,0.0139,0.002,0.01,0.0029,0.1249,0.0596,0.0076,0.056,0.0097,0.133397415358325,0.1678
2026,,"Robert Lopez",,2,"steamer,oopsy",5,1,0.96608,0.0264,0.00964,0.00068,0.0032,0.00096,0.06232,0.03032,0.00484,0.02796,0.00316,0.0645081152699569,0.08872
2026,,"Robert Moore","PHI",2,"steamer,oopsy",5,3.278588,0.962053440096051,0.029239285772952,0.0172986663122511,0.00091988764229512,0.00440231943098379,0.00241918503330859,0.0747498308810463,0.037649687073936,0.00610470889886761,0.0342986678055752,0.00706043631943397,0.0776982106873224,0.103989116653998
2026,,"Robert Perez","MIA",1,"steamer",2,1,0.9349,0.0443,0.0187,0.0013,0.01,0.004,0.1349,0.0668,0.016,0.0679,0.0133,0.144293507326987,0.1792
2026,,"Robert Perez Jr.",,1,"steamer",2,6.33878,0.898232782964545,0.0749986590479556,0.0358901870706981,0.0025714727439665,0.0159967690943683,0.00451190923174491,0.186061040137061,0.0988676054382705,0.0244526549272888,0.095286474684403,0.0140405567001852,0.207141226267629,0.261059699185017
2026,,"Robert Puason","ATH",1,"steamer",2,1,0.9401,0.0381,0.0236,0.0019,0.011,0.004,0.1591,0.0695,0.0079,0.0641,0.0128,0.169237315179236,0.1972
2026,,"Robert Robertis",,1,"steamer",2,1,0.9232,0.056,0.0221,0.0021,0.01,0.0037,0.1567,0.0766,0.0152,0.0736,0.0123,0.169735701906412,0.2127
2026,,"Roberto Campos","DET",2,"steamer,oopsy",5,1,0.96668,0.0262,0.01864,0.00164,0.0028,0.00104,0.08124,0.03732,0.00612,0.03544,0.00348,0.0840402201348947,0.10744
2026,,"Robin Ortiz","CHC",1,"steamer",2,1,0.9242,0.055,0.0151,0.0012,0.01,0.003,0.1308,0.0676,0.0138,0.0647,0.0098,0.141527807833802,0.1858
2026,,"Robinson Chacon","KCR",1,"steamer",2,1,0.92,0.0602,0.0159,0.0015,0.009,0.0026,0.1349,0.0658,0.0085,0.0587,0.0085,0.146630434782609,0.1951
2026,,"Roby Enriquez",,1,"steamer",2,1,0.9072,0.071,0.0404,0.0036,0.011,0.0047,0.2066,0.0985,0.0178,0.0923,0.0151,0.227733686067019,0.2776
2026,,"Roc Riggio","COL",2,"steamer,oopsy",5,1,0.95396,0.03732,0.01896,0.00132,0.0044,0.00352,0.08348,0.04532,0.01072,0.04216,0.01104,0.0875089102268439,0.1208
2026,,"Roderick Arias","NYY",2,"steamer,oopsy",5,1,0.96344,0.02904,0.00984,0.00068,0.0032,0.00292,0.06008,0.032,0.00544,0.02832,0.00924,0.0623598771070331,0.08912
2026,,"Roderick Flores","MIL",2,"steamer,oopsy",5,1,0.96352,0.02816,0.00656,0.00056,0.004,0.0012,0.05068,0.02544,0.00256,0.02164,0.00396,0.0525988043839256,0.07884
2026,,"Rodney Green Jr.","ATH",2,"steamer,oopsy",5,1,0.96236,0.02972,0.011,0.00088,0.0036,0.00172,0.06204,0.03468,0.00808,0.03244,0.00572,0.0644665198054782,0.09176
2026,,"Rodny Rosario","CLE",1,"steamer",2,1,0.9198,0.0594,0.0164,0.0019,0.01,0.0025,0.1369,0.0637,0.0072,0.0568,0.0083,0.148836703631224,0.1963
2026,,"Rodolfo Durán","SDP",3,"batx,steamer,oopsy",8,13.277725,0.956867662459548,0.0315554879303368,0.0262533301688709,0.00203081541139395,0.00458717835676982,0.000977962697398289,0.190934340492305,0.123306702720586,0.0155863299257228,0.126082780245565,0.00382017966772353,0.199541010719836,0.222489828422642
2026,,"Rodolfo Nolasco",,2,"steamer,oopsy",5,1,0.96168,0.03,0.01092,0.00072,0.004,0.0014,0.06316,0.03584,0.01028,0.03556,0.0046,0.0656767323849929,0.09316
2026,,"Rodrigo Gonzalez","ARI",1,"steamer",2,1,0.9373,0.0419,0.016,0.0018,0.01,0.0034,0.138,0.0613,0.0053,0.0561,0.0112,0.147231409367332,0.1799
2026,,"Roger Lasso",,2,"steamer,oopsy",5,1,0.96568,0.0252,0.01036,0.00076,0.0048,0.00092,0.06504,0.03116,0.00492,0.02876,0.003,0.0673515036036782,0.09024
2026,,"Roiber Niazoa",,2,"steamer,oopsy",5,1,0.97248,0.0188,0.00804,0.00068,0.0044,0.00096,0.05536,0.0272,0.00552,0.02672,0.00324,0.0569266205988812,0.07416
2026,,"Roiner Cespede",,1,"steamer",2,1,0.9382,0.041,0.0152,0.0015,0.01,0.0028,0.1393,0.0603,0.0058,0.0557,0.0093,0.148475804732466,0.1803
2026,,"Roiner Quintana","HOU",2,"steamer,oopsy",5,1,0.96764,0.02404,0.00624,6e-04,0.004,0.00152,0.05328,0.0278,0.005,0.02564,0.00504,0.0550617998429168,0.07732
2026,,"Roinny Aguiar",,2,"steamer,oopsy",5,1,0.96808,0.0236,0.0068,0.00068,0.004,0.00168,0.05628,0.02636,0.00248,0.02288,0.00548,0.0581356912651847,0.07988
2026,,"Roismar Quintana",,2,"steamer,oopsy",5,1,0.97048,0.0216,0.01168,0.00084,0.0036,0.00092,0.07324,0.03268,0.00536,0.03136,0.00296,0.075467809743632,0.09484
2026,,"Rolando Espinosa",,1,"steamer",2,1.01405,0.902223756225038,0.0789901878605592,0.0355998224939599,0.0030570484690104,0.00798777180612396,0.00621271140476308,0.182239534539717,0.0983186233420443,0.0248508456190523,0.0950643459395493,0.0202159656821656,0.201989288446825,0.261229722400276
2026,,"Roldy Brito","COL",2,"steamer,oopsy",5,1,0.97064,0.02104,0.01264,0.00124,0.004,0.003,0.08228,0.03404,0.0032,0.03016,0.00968,0.084768812330009,0.10332
2026,,"Romano Donato","MIL",1,"steamer",2,1,0.9259,0.0523,0.0149,0.0014,0.011,0.0035,0.1264,0.0606,0.0071,0.0548,0.0116,0.136515822443028,0.1787
2026,,"Romeli Espinosa","PHI",1,"steamer",2,1,0.9482,0.029,0.0181,0.002,0.012,0.0033,0.1453,0.063,0.0082,0.0612,0.0111,0.15323771356254,0.1743
2026,,"Romeo Sanabria","SDP",2,"steamer,oopsy",5,1.092452,0.963243524241957,0.0300536905119687,0.0160178047809736,0.00055233809589564,0.00240429524095749,0.000747280953270573,0.0833380715277834,0.0396058905233403,0.00841503334335123,0.038273780997945,0.0024692761934158,0.0865181747194905,0.113391762039752
2026,,"Romer Taveras","CLE",1,"steamer",2,1,0.9147,0.0645,0.0131,0.0012,0.01,0.0027,0.1132,0.0595,0.009,0.0529,0.009,0.123756422870887,0.1777
2026,,"Romtres Cabrera","STL",2,"steamer,oopsy",5,1,0.97152,0.01976,0.00612,0.00048,0.0044,0.0018,0.04984,0.02512,0.00476,0.024,0.00596,0.0513010540184453,0.0696
2026,,"Ronaiker Palma",,2,"steamer,oopsy",5,1,0.96648,0.0256,0.0144,0.00108,0.0036,0.00116,0.08208,0.0358,0.0044,0.03276,0.0038,0.0849267444747951,0.10768
2026,,"Ronald Hernandez","NYM",2,"steamer,oopsy",5,1,0.96148,0.0302,0.0106,0.00088,0.004,0.00208,0.06668,0.03388,0.00508,0.02976,0.00692,0.0693514165661272,0.09688
2026,,"Ronald Ramirez","DET",2,"steamer,oopsy",5,1,0.97112,0.02016,0.0072,6e-04,0.0044,0.00144,0.058,0.02556,0.00224,0.02268,0.00472,0.0597248537770821,0.07816
2026,,"Ronald Rosario","BOS",2,"steamer,oopsy",5,1,0.96648,0.0256,0.01528,0.00096,0.0036,0.00104,0.07816,0.03776,0.00796,0.03692,0.0034,0.0808707888419833,0.10376
2026,,"Ronaldo Flores",,1,"steamer",2,1,0.9392,0.041,0.0298,0.0024,0.009,0.0032,0.1782,0.0807,0.0163,0.0815,0.0106,0.18973594548552,0.2192
2026,,"Ronaldo Hernández",,2,"steamer,oopsy",5,1.389552,0.966486311224593,0.0243986463209516,0.0165156949763917,0.000871380225748272,0.00480272356982187,0.000830850912922771,0.0818084179382739,0.0408130180152795,0.0108618558372343,0.0417451922102661,0.00263440533365757,0.0846451905093389,0.106207064259225
2026,,"Roni Cabrera","KCR",2,"steamer,oopsy",5,1,0.9696,0.02168,0.00952,0.00092,0.0044,0.00224,0.06112,0.03148,0.00688,0.0304,0.00728,0.063036303630363,0.0828
2026,,"Ronny Cruz","WSN",1,"oopsy",3,1,1,0,0,0,0,0,0,0,0,0,0,0,0
2026,,"Ronny Hernandez","BOS",2,"steamer,oopsy",5,1,0.96212,0.03076,0.0114,0.00076,0.0028,0.00068,0.07056,0.03276,0.00376,0.02884,0.00228,0.0733380451502931,0.10132
2026,,"Ronny Polanco",,1,"steamer",2,1,0.9352,0.043,0.0235,0.0022,0.011,0.0034,0.1624,0.0731,0.0118,0.0707,0.0113,0.173652694610778,0.2054
2026,,"Ronny Suarez","ARI",1,"steamer",2,1,0.9353,0.0439,0.0156,0.0017,0.01,0.004,0.1269,0.0625,0.01,0.0596,0.0131,0.135678391959799,0.1708
2026,,"Ronny Ugarte","COL",1,"steamer",2,1,0.9336,0.0466,0.0273,0.0018,0.009,0.0019,0.18,0.0796,0.0152,0.0784,0.0065,0.19280205655527,0.2266
2026,,"Ronnyel Espinoza","CHC",1,"steamer",2,1,0.9102,0.069,0.0145,0.0017,0.01,0.0029,0.1241,0.0634,0.0058,0.053,0.0098,0.136343660733905,0.1931
2026,,"Rony Bello","WSN",1,"steamer",2,1,0.9398,0.0394,0.0172,0.0018,0.01,0.0033,0.1385,0.0591,0.0061,0.0552,0.011,0.147371781230049,0.1779
2026,,"Roosbert Tapia",,2,"steamer,oopsy",5,1,0.97648,0.0152,0.00748,0.00072,0.004,0.00116,0.06124,0.0268,0.004,0.02608,0.00384,0.062715058168114,0.07644
2026,,"Roque Salinas",,1,"steamer",2,1,0.9392,0.039,0.0267,0.0025,0.011,0.0035,0.184,0.0796,0.0136,0.0787,0.0115,0.195911413969336,0.223
2026,,"Rosman Verdugo","SDP",2,"steamer,oopsy",5,1,0.95764,0.03404,0.011,0.00084,0.004,0.001,0.06024,0.03284,0.00616,0.02948,0.00312,0.0629046405747463,0.09428
2026,,"Rosnel Alarcon","TEX",1,"steamer",2,1,0.9211,0.0531,0.0178,0.0013,0.015,0.0029,0.1431,0.0695,0.0107,0.0639,0.0098,0.155357724459885,0.1962
2026,,"Rosniell De Paula","COL",1,"steamer",2,1,0.9316,0.0476,0.017,0.0018,0.01,0.0028,0.1323,0.0594,0.0051,0.0527,0.0091,0.14201373980249,0.1799
2026,,"Ross Adolph",,1,"steamer",2,1,0.8782,0.098,0.0355,0.0034,0.013,0.0048,0.1814,0.1032,0.0252,0.0958,0.0152,0.206558870416762,0.2794
2026,,"Ross Friedrick",,1,"steamer",2,1,0.9352,0.044,0.0215,0.002,0.01,0.0027,0.161,0.0771,0.0186,0.079,0.0088,0.172155688622754,0.205
2026,,"Rowdey Jordan",,1,"oopsy",3,1,1,0,0,0,0,0,0,0,0,0,0,0,0
2026,,"Roy Rivero","KCR",1,"steamer",2,1,0.922,0.0582,0.0189,0.0018,0.009,0.0038,0.1494,0.0681,0.0048,0.0585,0.0124,0.162039045553145,0.2076
2026,,"Roybert Herrera","NYM",1,"steamer",2,1,0.9404,0.0378,0.0158,0.0014,0.011,0.0026,0.1424,0.0695,0.0165,0.0711,0.0089,0.15142492556359,0.1802
2026,,"Royelny Strop","STL",1,"steamer",2,1,0.9397,0.0395,0.0147,0.0011,0.01,0.0026,0.1239,0.0586,0.0111,0.0584,0.0086,0.131850590614026,0.1634
2026,,"Roynier Hernandez","COL",2,"steamer,oopsy",5,1,0.96868,0.0238,0.01176,0.0016,0.0032,0.0014,0.08244,0.03292,0.00184,0.02852,0.00448,0.0851055043977371,0.10624
2026,,"Rubel Cespedes","LAA",2,"steamer,oopsy",5,1,0.967,0.02588,0.01644,0.00132,0.0028,0.00072,0.08304,0.03868,0.00888,0.03852,0.00232,0.0858738366080662,0.10892
2026,,"Ruben Cardenas",,1,"steamer",2,1,0.9022,0.074,0.0401,0.0028,0.013,0.0043,0.2108,0.1096,0.0307,0.1105,0.0116,0.233651075149634,0.2848
2026,,"Ruben Castillo","NYY",1,"steamer",2,1,0.9338,0.0444,0.0154,0.0014,0.011,0.0046,0.1255,0.0649,0.0131,0.0625,0.0151,0.1343970871707,0.1699
2026,,"Ruben Ibarra","CIN",2,"steamer,oopsy",5,1,0.95776,0.03232,0.01376,0.00048,0.0056,0.00044,0.07376,0.04208,0.01392,0.04316,0.00148,0.0770130304042767,0.10608
2026,,"Ruben Santana","ARI",2,"steamer,oopsy",5,1,0.96496,0.02672,0.01144,0.001,0.004,0.00132,0.06728,0.03312,0.00536,0.03064,0.00448,0.0697230973304593,0.094
2026,,"Ruben Vizcaya",,1,"steamer",2,1,0.9212,0.058,0.018,0.0017,0.01,0.0038,0.1345,0.067,0.0099,0.0608,0.0129,0.146005210594876,0.1925
2026,,"Rudy Martin","KCR",2,"steamer,oopsy",5,1,0.9592,0.03288,0.01548,0.00204,0.0036,0.00564,0.08568,0.04452,0.00844,0.03968,0.02052,0.089324437030859,0.11856
2026,,"Ryan Burrowes","CHW",2,"steamer,oopsy",5,1,0.96924,0.02204,0.01064,0.00072,0.0044,0.00344,0.06908,0.031,0.00396,0.02776,0.01192,0.0712723370888531,0.09112
2026,,"Ryan Campos","STL",2,"steamer,oopsy",5,1,0.95652,0.03596,0.01244,0.00084,0.0032,0.0016,0.06928,0.03376,0.00384,0.02884,0.0054,0.0724292225985865,0.10524
2026,,"Ryan Castillo",,1,"steamer",2,1,0.9402,0.039,0.0158,0.0015,0.01,0.0028,0.1439,0.0677,0.015,0.0688,0.0094,0.153052542012338,0.1829
2026,,"Ryan Cermak","TBR",2,"steamer,oopsy",5,1,0.9646,0.02628,0.0108,0.001,0.0048,0.00236,0.06564,0.03452,0.00864,0.03376,0.00804,0.0680489321998756,0.09192
2026,,"Ryan Cesarini","CLE",2,"steamer,oopsy",5,1,0.96028,0.0306,0.01196,0.00116,0.0048,0.00316,0.07296,0.03608,0.006,0.03228,0.01076,0.075977839796726,0.10356
2026,,"Ryan Clifford","NYM",4,"batx,steamer,oopsy,atc",9,29.7490666666667,0.870107971076612,0.117966600916278,0.0242442674075899,0.00060740921404707,0.0068747330045558,0.00136871844525333,0.170925311539575,0.12289097801063,0.022510166352155,0.12410960279972,0.00483096601654093,0.196441496022711,0.288891912455853
2026,,"Ryan Galanie","CHW",2,"steamer,oopsy",5,1,0.96684,0.02444,0.01596,0.00128,0.0044,0.0014,0.08548,0.03968,0.00916,0.03964,0.00468,0.0884117330685532,0.10992
2026,,"Ryan Higgins",,1,"steamer",2,1,0.9162,0.059,0.0361,0.003,0.014,0.0042,0.1773,0.0907,0.0215,0.0895,0.0132,0.193516699410609,0.2363
2026,,"Ryan Ignoffo","MIA",2,"steamer,oopsy",5,1.207744,0.967918070766639,0.0249578770008425,0.0205086352148273,0.00134267059814659,0.00279064869418703,0.0023167649536647,0.0898009688289806,0.0402274641954507,0.00708192923336142,0.0389637742207245,0.00766112047177759,0.0927774483617749,0.114758845829823
2026,,"Ryan Jackson","SDP",2,"steamer,oopsy",5,1,0.95204,0.03924,0.0146,0.00108,0.0044,0.0016,0.07656,0.0372,0.00356,0.03056,0.00532,0.0804167892105374,0.1158
2026,,"Ryan Johnson","HOU",2,"steamer,oopsy",5,1,0.96804,0.02284,0.01444,8e-04,0.0048,0.0014,0.0692,0.035,0.00784,0.03424,0.00464,0.0714846493946531,0.09204
2026,,"Ryan Lasko","ATH",2,"steamer,oopsy",5,1,0.95596,0.03492,0.01456,0.00096,0.0048,0.00216,0.07612,0.03952,0.00684,0.03464,0.0072,0.0796267626260513,0.11104
2026,,"Ryan Leitch",,1,"steamer",2,1,0.9332,0.045,0.0242,0.0023,0.011,0.0033,0.167,0.0832,0.0231,0.0869,0.011,0.178954136305186,0.212
2026,,"Ryan McCarthy",,1,"steamer",2,1,0.9192,0.059,0.0243,0.0023,0.011,0.0039,0.1569,0.0773,0.014,0.0727,0.0129,0.170691906005222,0.2159
2026,,"Ryan McCarty","TOR",2,"steamer,oopsy",5,1,0.96256,0.02792,0.01552,0.0012,0.0052,0.00176,0.07396,0.03696,0.00632,0.03408,0.00528,0.0768367686170213,0.10188
2026,,"Ryan McCrystal","CIN",2,"steamer,oopsy",5,1,0.97352,0.01816,0.01328,0.00084,0.004,0.00076,0.07568,0.0332,0.00588,0.03268,0.00256,0.0777385159010601,0.09384
2026,,"Ryan Nicholson","LAA",2,"steamer,oopsy",5,1,0.95664,0.03504,0.01396,0.00076,0.004,0.00056,0.07468,0.03988,0.01116,0.03916,0.00184,0.078064893794949,0.10972
2026,,"Ryan Picollo","SEA",2,"steamer,oopsy",5,1,0.97536,0.01672,0.00788,0.00076,0.0036,0.00088,0.05508,0.02764,0.00708,0.0288,0.00296,0.0564714566929134,0.0718
2026,,"Ryan Reckley","SFG",2,"steamer,oopsy",5,1,0.9664,0.02568,0.0084,0.00104,0.0036,0.0012,0.05872,0.02752,0.00304,0.0244,0.004,0.0607615894039735,0.0844
2026,,"Ryan Spikes","TBR",2,"steamer,oopsy",5,1,0.97268,0.019,0.01396,0.00204,0.004,0.00272,0.07848,0.0368,0.00876,0.0376,0.00856,0.0806842949376979,0.09748
2026,,"Ryan Sprock","MIN",1,"oopsy",3,1,1,0,0,0,0,0,0,0,0,0,0,0,0
2026,,"Ryan Stafford","BAL",2,"steamer,oopsy",5,1,0.96096,0.02912,0.01056,0.00096,0.0056,0.00272,0.0606,0.0316,0.00324,0.02596,0.00932,0.0630619380619381,0.08972
2026,,"Ryan Waldschmidt","ARI",4,"batx,steamer,oopsy,atc",9,132.084444444444,0.871338495870098,0.104003134433282,0.0408402142878567,0.00304098146278545,0.0154625383933173,0.00713368060781201,0.209671462046059,0.11716226147315,0.0197781433169502,0.101353737773704,0.0260786711363413,0.24063146875737,0.313674596479341
2026,,"Ryan Ward","LAD",3,"batx,steamer,oopsy",8,17.225475,0.893217373973157,0.0979129894900524,0.0237165326811184,0.00244360715556176,0.00335744904058818,0.00230420420382467,0.177239131062541,0.125998005255197,0.0228350495122982,0.129084435574078,0.00846548816450951,0.198427769350428,0.275152120552593
2026,,"Ryan Wideman","SDP",1,"oopsy",3,1,1,0,0,0,0,0,0,0,0,0,0,0,0
2026,,"Ryan Wilson",,2,"steamer,oopsy",5,1,0.95648,0.0328,0.00984,0.00072,0.0064,0.00108,0.06388,0.0324,0.004,0.02752,0.00352,0.0667865506858481,0.09668
2026,,"Ryan Wrobleski",,2,"steamer,oopsy",5,1,0.96608,0.024,0.01404,0.00132,0.0056,0.00204,0.07308,0.03632,0.00744,0.03476,0.007,0.0756459092414707,0.09708
2026,,"Sabin Ceballos","SFG",2,"steamer,oopsy",5,1,0.95924,0.03164,0.01752,0.00084,0.0048,0.0012,0.08188,0.03892,0.00652,0.036,0.00376,0.0853592427338309,0.11352
2026,,"Sahid Valenzuela",,2,"steamer,oopsy",5,1.23008,0.971279837480955,0.0207973590655155,0.0135093956323007,0.00134586084306755,0.00360589131538852,0.00121889283900457,0.0783392585068563,0.0326307770441849,0.00292026409344845,0.0298120873539868,0.00383443372270188,0.0806557034170828,0.0991366175723718
2026,,"Saivel Zayas","TEX",1,"steamer",2,1,0.9412,0.038,0.0164,0.0013,0.01,0.0033,0.1349,0.0633,0.0115,0.0623,0.0108,0.14332766680833,0.1729
2026,,"Sam Antonacci","CHW",4,"batx,steamer,oopsy,atc",9,39.8345666666667,0.868578444099207,0.0926771818867695,0.0416274919885869,0.00297300306006422,0.0306285507526918,0.0122028705759658,0.210824674424221,0.115487116443539,0.0144096127509305,0.0813585651449621,0.0368280041826249,0.242723815973656,0.30350185631099
2026,,"Sam Brown","WSN",2,"steamer,oopsy",5,4.69564,0.958570577492162,0.0323192468088016,0.0158724887929603,0.00193767030305398,0.0048012032307527,0.000683653836762997,0.0796398120928597,0.0375775214618472,0.00613335156410231,0.0343819280991493,0.00230879667158246,0.083081844950025,0.111959058901661
2026,,"Sam Kulasingam","KCR",2,"steamer,oopsy",5,1,0.9636,0.02848,0.01476,0.00184,0.0036,0.0022,0.08268,0.03612,0.00228,0.03056,0.00716,0.0858032378580324,0.11116
2026,,"Sam Mongelli","LAD",1,"steamer",2,1,0.9207,0.0585,0.027,0.0019,0.01,0.0054,0.1736,0.086,0.0136,0.0791,0.0184,0.188552188552189,0.2321
2026,,"Sam Petersen","WSN",2,"steamer,oopsy",5,1,0.96444,0.02604,0.01164,0.00124,0.0052,0.00296,0.07564,0.03772,0.00924,0.03648,0.01048,0.0784289328522251,0.10168
2026,,"Sam Praytor","MIA",2,"steamer,oopsy",5,1,0.95988,0.0318,0.015,0.00144,0.004,0.0018,0.07256,0.03648,0.00684,0.034,0.00592,0.0755927824311372,0.10436
2026,,"Sam Ruta","KCR",2,"steamer,oopsy",5,1,0.9608,0.03088,0.01548,0.00152,0.004,0.00084,0.07212,0.038,0.00844,0.03628,0.00276,0.0750624479600333,0.103
2026,,"Sam Shaw","TOR",2,"steamer,oopsy",5,1,0.96056,0.03152,0.01012,8e-04,0.0036,0.00136,0.06404,0.03268,0.00476,0.02876,0.0044,0.0666694428250187,0.09556
2026,,"Sami Manzueta","HOU",1,"steamer",2,1,0.9071,0.0721,0.0157,0.0012,0.01,0.0029,0.1269,0.0699,0.0121,0.0622,0.0094,0.139896373056995,0.199
2026,,"Samil Dishmey","LAA",2,"steamer,oopsy",5,1,0.96936,0.02232,0.00576,0.00052,0.004,0.00124,0.0548,0.02616,0.00452,0.02436,0.00416,0.0565321449203598,0.07712
2026,,"Sammy Hernandez","STL",2,"steamer,oopsy",5,1,0.96084,0.02884,0.00988,6e-04,0.006,0.00116,0.06388,0.03088,0.004,0.02724,0.00376,0.0664834936097581,0.09272
2026,,"Sammy Infante",,1,"steamer",2,1,0.9202,0.057,0.0305,0.0026,0.012,0.005,0.176,0.085,0.0161,0.081,0.0162,0.191262768963269,0.233
2026,,"Sammy Siani","SEA",2,"steamer,oopsy",5,2.293524,0.959893334844974,0.0330010085478564,0.0135291852964587,0.00160611836619971,0.00279653550820656,0.00278708775311126,0.074278250559189,0.0381783783400767,0.00716139836223166,0.0351173056892019,0.00882420325900312,0.0773817755190322,0.107279259107045
2026,,"Sammy Stafura","PIT",2,"steamer,oopsy",5,1,0.95908,0.0322,0.01188,0.00148,0.0044,0.00228,0.06752,0.03336,0.00388,0.02864,0.00776,0.0704008007674021,0.09972
2026,,"Samuel Brito","HOU",1,"steamer",2,1,0.9351,0.0441,0.0156,0.0014,0.01,0.0031,0.1325,0.0603,0.0062,0.0549,0.0102,0.141696075286066,0.1766
2026,,"Samuel Capellan",,1,"steamer",2,1,0.9392,0.039,0.016,0.0017,0.011,0.0033,0.1282,0.0611,0.0104,0.0593,0.011,0.136499148211244,0.1672
2026,,"Samuel Escudero","PIT",1,"steamer",2,1,0.9209,0.0583,0.0188,0.0016,0.01,0.0029,0.1447,0.0693,0.0103,0.0643,0.0096,0.157128895645564,0.203
2026,,"Samuel Estevez","MIA",1,"steamer",2,1,0.9309,0.0483,0.0138,0.0013,0.01,0.0044,0.1175,0.058,0.0097,0.0547,0.0146,0.126221935761091,0.1658
2026,,"Samuel Gil","DET",2,"steamer,oopsy",5,1,0.9586,0.03348,0.01028,0.00092,0.0036,0.00124,0.06708,0.03116,0.00212,0.02556,0.00412,0.0699770498643856,0.10056
2026,,"Samuel Gonzalez","ATH",1,"steamer",2,1,0.912,0.0652,0.0179,0.0012,0.012,0.0031,0.1378,0.0676,0.0053,0.0557,0.0103,0.15109649122807,0.203
2026,,"Samuel Munoz","LAD",2,"steamer,oopsy",5,1,0.96276,0.03012,0.01136,0.00104,0.0028,0.00164,0.06928,0.03704,0.00728,0.03448,0.00528,0.0719597822925755,0.0994
2026,,"Samuel Rojas",,1,"steamer",2,1,0.9272,0.051,0.0165,0.0016,0.011,0.0033,0.1298,0.0632,0.0086,0.058,0.0108,0.139991371872304,0.1808
2026,,"Samuel Salcedo",,1,"steamer",2,1,0.9382,0.041,0.0152,0.0014,0.01,0.0028,0.129,0.0585,0.0064,0.0545,0.0092,0.137497335322959,0.17
2026,,"Samuel Zavala","CHW",2,"steamer,oopsy",5,1,0.95164,0.04044,0.01104,0.00072,0.0036,0.00204,0.06888,0.037,0.00764,0.03316,0.00632,0.0723803118826447,0.10932
2026,,"Samuell Sanchez","DET",1,"steamer",2,1,0.9157,0.0615,0.0127,0.0017,0.012,0.0027,0.1201,0.0641,0.0126,0.0594,0.0088,0.131156492300972,0.1816
2026,,"Sandor Feliciano","CIN",1,"steamer",2,1,0.9449,0.0323,0.0195,0.0013,0.012,0.0036,0.1472,0.0617,0.006,0.0578,0.0119,0.155783680812784,0.1795
2026,,"Sandro Pereira","HOU",1,"steamer",2,1,0.9161,0.0581,0.0179,0.0021,0.015,0.0038,0.1453,0.0686,0.0058,0.0583,0.0125,0.158607138958629,0.2034
2026,,"Sandy Luciano","KCR",1,"steamer",2,1,0.924,0.0572,0.0195,0.0016,0.008,0.0025,0.1545,0.0711,0.0088,0.0647,0.0083,0.167207792207792,0.2117
2026,,"Sandy Presbot","MIA",1,"steamer",2,1,0.9248,0.0534,0.0158,0.002,0.011,0.0053,0.1347,0.0651,0.0104,0.0604,0.0175,0.145653114186851,0.1881
2026,,"Sandy Ruiz",,1,"steamer",2,1,0.9282,0.051,0.0146,0.0014,0.01,0.0033,0.1303,0.0643,0.0109,0.0606,0.0111,0.140379228614523,0.1813
2026,,"Sandy Sanchez",,1,"steamer",2,1,0.9252,0.055,0.0177,0.0019,0.009,0.0037,0.1387,0.0642,0.0058,0.0565,0.0122,0.149913532209252,0.1937
2026,,"Sang-soo Kim",,1,"steamer",2,1,0.9072,0.073,0.0346,0.0026,0.009,0.003,0.2063,0.0891,0.0082,0.0783,0.0084,0.227402998236332,0.2793
2026,,"Santiago Almao","TEX",1,"steamer",2,1,0.9201,0.0591,0.0187,0.0015,0.01,0.0032,0.1462,0.069,0.008,0.0613,0.0107,0.158895772198674,0.2053
2026,,"Santiago Camacho","SFG",2,"steamer,oopsy",5,1,0.96992,0.02136,0.00748,0.00064,0.0044,0.001,0.05664,0.02724,0.00464,0.02592,0.0034,0.0583965687891785,0.078
2026,,"Santiago Contreras","SDP",1,"steamer",2,1,0.9142,0.062,0.0149,0.0013,0.013,0.0034,0.1179,0.063,0.0097,0.0557,0.0115,0.128965215488952,0.1799
2026,,"Santiago Gomez","NYY",2,"steamer,oopsy",5,1,0.96588,0.0234,0.00864,0.00068,0.0064,0.00292,0.06096,0.03068,0.00432,0.02684,0.0096,0.0631134302397813,0.08436
2026,,"Santiago Leon","MIN",1,"steamer",2,1,0.9139,0.0643,0.0169,0.0014,0.011,0.0032,0.1278,0.0632,0.0056,0.0534,0.0104,0.139840245103403,0.1921
2026,,"Santiago Martinez","HOU",1,"steamer",2,1,0.9061,0.0731,0.015,0.0013,0.01,0.004,0.1284,0.0656,0.005,0.0529,0.0133,0.141706213442225,0.2015
2026,,"Santiago Mendoza","TBR",1,"steamer",2,1,0.9175,0.0617,0.0139,0.0013,0.01,0.0027,0.1255,0.065,0.0128,0.0614,0.0091,0.136784741144414,0.1872
2026,,"Santiago Pinto","DET",1,"steamer",2,1,0.9389,0.0403,0.0185,0.0026,0.01,0.0048,0.1508,0.0681,0.0116,0.0661,0.0158,0.160613483864096,0.1911
2026,,"Santiago Prado",,1,"steamer",2,1,0.9392,0.04,0.0166,0.0014,0.01,0.003,0.1356,0.0583,0.0044,0.0531,0.0098,0.144378194207836,0.1756
2026,,"Santiago Ustariz","CLE",1,"steamer",2,1,0.9278,0.0504,0.014,0.0011,0.011,0.0022,0.1237,0.06,0.0097,0.0565,0.0073,0.133326147876698,0.1741
2026,,"Satchell Norman",,1,"steamer",2,1,0.9282,0.051,0.0225,0.0021,0.01,0.0043,0.1528,0.073,0.0125,0.0694,0.0142,0.164619694031459,0.2038
2026,,"Saul Gomez","BAL",1,"steamer",2,1,0.9359,0.0423,0.0151,0.0016,0.011,0.0029,0.1407,0.0672,0.0123,0.0649,0.0098,0.150336574420344,0.183
2026,,"Saul Ramirez",,1,"steamer",2,1,0.9252,0.054,0.0149,0.0012,0.01,0.0026,0.1264,0.0653,0.0132,0.0627,0.0088,0.136619109381755,0.1804
2026,,"Scott Bandura","SFG",2,"steamer,oopsy",5,1,0.95808,0.0336,0.01636,0.00144,0.004,0.00268,0.07904,0.03912,0.00644,0.03504,0.00988,0.08249832999332,0.11264
2026,,"Scott Kapers",,1,"steamer",2,1,0.9122,0.063,0.0366,0.0032,0.014,0.0034,0.1844,0.0952,0.0233,0.0943,0.0111,0.202148651611489,0.2474
2026,,"Sean Barnett","SDP",2,"steamer,oopsy",5,1,0.96528,0.0248,0.0092,0.00076,0.0056,0.00096,0.06088,0.03164,0.00724,0.03052,0.00324,0.0630697828609316,0.08568
2026,,"Sean Keys","TOR",2,"steamer,oopsy",5,1,0.9506,0.03988,0.01148,0.00064,0.0052,0.00096,0.06448,0.03828,0.009,0.03492,0.0032,0.0678308436776773,0.10436
2026,,"Sean McLain","LAD",2,"steamer,oopsy",5,1,0.96076,0.02932,0.01372,0.0012,0.0056,0.0016,0.07,0.03656,0.00508,0.0322,0.00508,0.0728589866355802,0.09932
2026,,"Sean Roby",,1,"steamer",2,1,0.9202,0.061,0.032,0.0035,0.008,0.0027,0.19,0.1036,0.0371,0.1126,0.009,0.206476852858074,0.251
2026,,"Seaver King","WSN",2,"steamer,oopsy",5,1,0.97356,0.01852,0.01568,0.00208,0.0036,0.00272,0.08292,0.0344,0.00404,0.032,0.00948,0.0851719462590904,0.10144
2026,,"Sebastian Baquera","TEX",1,"steamer",2,1,0.9241,0.0521,0.0147,0.0013,0.013,0.0028,0.1274,0.0655,0.0121,0.0617,0.0095,0.137863867546802,0.1795
2026,,"Sebastian Blanco","COL",1,"steamer",2,1,0.9256,0.0526,0.0204,0.0024,0.011,0.0026,0.1747,0.0746,0.0088,0.0679,0.0088,0.188742437337943,0.2273
2026,,"Sebastian Cadiz","CLE",1,"steamer",2,1,0.9258,0.0544,0.0165,0.0015,0.009,0.0023,0.1276,0.0617,0.0093,0.0575,0.0077,0.137826744437243,0.182
2026,,"Sebastian Castro",,1,"steamer",2,1,0.921,0.0572,0.0153,0.0013,0.011,0.0037,0.1239,0.0661,0.0116,0.0606,0.0122,0.134527687296417,0.1811
2026,,"Sebastian De Andrade","SEA",2,"steamer,oopsy",5,1,0.971,0.02068,0.00556,0.00044,0.004,0.00092,0.04904,0.02432,0.00376,0.02276,0.003,0.0505046343975283,0.06972
2026,,"Sebastián De Los Santos","CLE",1,"steamer",2,1,0.9157,0.0635,0.0145,0.0012,0.01,0.0032,0.1217,0.0589,0.005,0.0499,0.0107,0.132903789450693,0.1852
2026,,"Sebastian Dos Santos","STL",1,"steamer",2,1,0.9209,0.0573,0.0192,0.0015,0.011,0.0036,0.1409,0.0678,0.01,0.0625,0.012,0.153002497556738,0.1982
2026,,"Sebastian Espino",,1,"steamer",2,1,0.9282,0.052,0.0424,0.0038,0.009,0.004,0.1965,0.0951,0.0228,0.0967,0.013,0.211700064641241,0.2485
2026,,"Sebastian Pena","SDP",1,"steamer",2,1,0.9442,0.036,0.0167,0.0013,0.009,0.0029,0.1346,0.0608,0.0095,0.0595,0.0095,0.142554543528913,0.1706
2026,,"Sebastian Rojas","ATH",1,"steamer",2,1,0.919,0.0552,0.0149,0.0011,0.015,0.0027,0.1226,0.0658,0.0119,0.0599,0.009,0.133405875952122,0.1778
2026,,"Sebastian Walcott","TEX",1,"steamer",2,1,0.8931,0.0881,0.044,0.0042,0.008,0.009,0.2067,0.1052,0.0182,0.0943,0.0286,0.231441048034934,0.2948
2026,,"Sergio Campana",,1,"steamer",2,1,0.9062,0.072,0.0223,0.0022,0.011,0.0065,0.1475,0.0785,0.0143,0.0705,0.0213,0.162767600971088,0.2195
2026,,"Sergio Tapia","DET",2,"steamer,oopsy",5,1,0.97152,0.02016,0.0098,0.00076,0.004,0.001,0.0656,0.0314,0.00688,0.03136,0.00332,0.0675230566534914,0.08576
2026,,"Seth Gray",,1,"steamer",2,1,0.9012,0.077,0.0306,0.0031,0.011,0.005,0.1837,0.096,0.0231,0.092,0.0161,0.203839325343986,0.2607
2026,,"Seth Stephenson","DET",2,"steamer,oopsy",5,1,0.96308,0.0242,0.01604,0.0018,0.0084,0.00448,0.08604,0.04024,0.00548,0.03536,0.0168,0.0893383727208539,0.11024
2026,,"Shalin Polanco","PIT",2,"steamer,oopsy",5,1,0.96676,0.02572,0.01148,0.0012,0.0032,0.00204,0.06776,0.03556,0.0094,0.03588,0.00616,0.0700897844346063,0.09348
2026,,"Shane Matheny",,1,"steamer",2,1,0.8782,0.102,0.0335,0.0037,0.009,0.0042,0.1727,0.0967,0.0197,0.0863,0.0142,0.196652243224778,0.2747
2026,,"Shane McGuire","ATH",4,"batx,steamer,oopsy,atc",9,22.2909111111111,0.871835059598439,0.0900938255024379,0.0243106079991494,0.00135296514549766,0.00579948241859887,0.00176188447707057,0.17708227006769,0.0902662531678841,0.00919207931611121,0.0798711368882433,0.00632029419338219,0.203114417249121,0.267176095570128
2026,,"Shane Muntz",,1,"steamer",2,1,0.9152,0.062,0.0262,0.0024,0.012,0.0036,0.1645,0.0854,0.0207,0.0839,0.012,0.179742132867133,0.2265
2026,,"Shane Sasaki","CIN",2,"steamer,oopsy",5,1,0.96016,0.03192,0.01608,0.00108,0.0036,0.00384,0.08028,0.03928,0.00584,0.0342,0.0142,0.0836110648225296,0.1122
2026,,"Shawn Goosenberg",,2,"steamer,oopsy",5,1,0.96488,0.0264,0.0166,0.0014,0.0044,0.0026,0.07876,0.03904,0.00796,0.03716,0.00868,0.0816267307851754,0.10516
2026,,"Shawn Ross","PIT",2,"steamer,oopsy",5,1,0.95588,0.0358,0.01184,0.00072,0.004,0.00096,0.06028,0.03628,0.01044,0.0354,0.00316,0.0630623090764531,0.09608
2026,,"Shayne Fontana",,1,"steamer",2,1,0.8902,0.084,0.0358,0.0035,0.015,0.0064,0.1945,0.1,0.0187,0.0905,0.0207,0.2184902269153,0.2785
2026,,"Shendrion Martinus","CIN",1,"steamer",2,1,0.9378,0.0404,0.0158,0.0014,0.011,0.0028,0.1378,0.0594,0.0055,0.0544,0.0092,0.146939645979953,0.1782
2026,,"Sheng-En Lin","CIN",2,"steamer,oopsy",5,1,0.96908,0.023,0.00544,0.00048,0.0036,0.00124,0.04844,0.02556,0.0052,0.02412,0.00408,0.0499855533082924,0.07144
2026,,"Sheng-Ping Chen",,1,"steamer",2,1,0.9162,0.064,0.038,0.0036,0.009,0.0039,0.1926,0.0904,0.0148,0.0848,0.0131,0.210216110019646,0.2566
2026,,"Shervyen Newton",,1,"steamer",2,1,0.9132,0.067,0.0369,0.0032,0.009,0.003,0.1787,0.0916,0.0215,0.09,0.0098,0.195685501533071,0.2457
2026,,"Shotaro Morii","ATH",1,"oopsy",3,1,1,0,0,0,0,0,0,0,0,0,0,0,0
2026,,"Silas Ardoin","BAL",2,"steamer,oopsy",5,2.221704,0.952330634937078,0.0401552934444264,0.0133785203711651,0.000976750381080641,0.00319663761080937,0.00086822256096057,0.0685797161504196,0.0375407595960792,0.00652153537266974,0.0326372753597451,0.00282172332312185,0.0720125066174635,0.108735009594846
2026,,"Simon Juan","NYM",2,"steamer,oopsy",5,1,0.97328,0.0188,0.00896,0.00084,0.0036,0.00164,0.06348,0.03092,0.00664,0.03056,0.00544,0.0652227519316127,0.08228
2026,,"Simon Whiteman",,1,"steamer",2,1,0.8972,0.083,0.0384,0.0037,0.009,0.0048,0.1899,0.0906,0.0093,0.0772,0.0175,0.211658493089612,0.2729
2026,,"Sir Jamison Jones","WSN",1,"oopsy",3,1,1,0,0,0,0,0,0,0,0,0,0,0,0
2026,,"Skylar King","BOS",1,"oopsy",3,1,1,0,0,0,0,0,0,0,0,0,0,0,0
2026,,"Skyler Messinger","COL",2,"steamer,oopsy",5,1,0.97144,0.01944,0.01384,0.00096,0.0048,0.00164,0.07824,0.03636,0.00824,0.03624,0.00532,0.0805402289384831,0.09768
2026,,"Slade Caldwell","ARI",2,"steamer,oopsy",5,1,0.9502,0.04068,0.01276,0.00096,0.0048,0.0022,0.06676,0.03564,0.00376,0.02876,0.00708,0.0702588928646601,0.10744
2026,,"Slate Alford","LAA",2,"steamer,oopsy",5,1,0.9666,0.02428,0.0086,8e-04,0.0048,0.001,0.0624,0.03084,0.00696,0.0298,0.00332,0.0645561762880199,0.08668
2026,,"Solomon Maguire",,2,"steamer,oopsy",5,1,0.96808,0.024,0.00768,8e-04,0.0036,0.00148,0.057,0.03024,0.00724,0.0296,0.00492,0.0588794314519461,0.081
2026,,"Sonny DiChiara",,2,"steamer,oopsy",5,1,0.95608,0.0348,0.01332,8e-04,0.0048,0.00076,0.06784,0.03768,0.00928,0.0358,0.00256,0.0709564053217304,0.10264
2026,,"Spence Coffman",,2,"steamer,oopsy",5,1,0.97528,0.0164,0.00632,6e-04,0.004,0.00152,0.05652,0.02604,0.00432,0.02516,0.00504,0.0579525879747355,0.07292
2026,,"Spencer Bramwell","MIA",2,"steamer,oopsy",5,1,0.96792,0.02416,0.01364,0.00104,0.0036,0.00176,0.066,0.033,0.00744,0.0326,0.00568,0.0681874535085544,0.09016
2026,,"Spencer Henson",,1,"steamer",2,1,0.9222,0.055,0.0273,0.0024,0.012,0.0033,0.172,0.0901,0.0266,0.0935,0.0109,0.186510518325743,0.227
2026,,"Spencer Jones","NYY",4,"batx,steamer,oopsy,atc",9,35.2590222222222,0.908888943278972,0.081853058664388,0.0412460187826476,0.00191410940931192,0.00465409059518453,0.00393302546520517,0.192183249986563,0.126342184371888,0.0407226951314364,0.121920609903802,0.0359898201110532,0.211448550901312,0.274036308650951
2026,,"Spencer Nivens","KCR",2,"steamer,oopsy",5,1,0.95476,0.03852,0.01608,0.00132,0.0024,0.00164,0.07992,0.04152,0.008,0.03776,0.00532,0.0837069001633919,0.11844
2026,,"Spencer Packard","SEA",2,"steamer,oopsy",5,1.429336,0.949928135279308,0.0397619300259485,0.0157041295687152,0.000578776274031273,0.00599998070745753,0.0004244359342896,0.0798904183587834,0.0405722168095922,0.00671380477876277,0.0360191767872129,0.00138906305767506,0.0841015392551703,0.119652348384732
2026,,"Stanley Consuegra",,1,"steamer",2,1.1936,0.914209115281501,0.0640080428954424,0.039544235924933,0.00309986595174263,0.0109752010723861,0.00385388739946381,0.188840482573727,0.0986092493297587,0.0267258713136729,0.0999497319034853,0.0120643431635389,0.206561583577713,0.252848525469169
2026,,"Stanley Tucker","BOS",1,"steamer",2,1,0.9172,0.063,0.0222,0.0025,0.009,0.0059,0.1583,0.0807,0.016,0.0759,0.0194,0.172590492804187,0.2213
2026,,"Starlin Aguilar","LAA",2,"steamer,oopsy",5,1,0.97616,0.01552,0.00892,0.00068,0.004,0.001,0.05948,0.02676,0.00524,0.02672,0.00328,0.0609326339944271,0.075
2026,,"Starlin Gill",,1,"steamer",2,1,0.9322,0.046,0.0227,0.0022,0.011,0.004,0.158,0.0698,0.0075,0.0641,0.0131,0.169491525423729,0.204
2026,,"Starlin Mieses","BAL",1,"steamer",2,1,0.9113,0.0669,0.0143,0.0016,0.011,0.0033,0.1255,0.0685,0.0118,0.0609,0.0108,0.13771535169538,0.1924
2026,,"Starlyn Caba","MIA",2,"steamer,oopsy",5,1,0.95864,0.03384,0.00912,0.00092,0.0032,0.00316,0.06552,0.03104,0.00236,0.02532,0.01008,0.0683468246682801,0.09936
2026,,"Starlyn Nunez","BOS",2,"steamer,oopsy",5,1,0.97568,0.016,0.01368,0.00148,0.004,0.00204,0.0758,0.03328,0.00504,0.03228,0.0066,0.0776894063627419,0.0918
2026,,"Stephen Hrustich","DET",2,"steamer,oopsy",5,1,0.96468,0.0258,0.00928,0.00084,0.0052,0.00112,0.06456,0.03188,0.00616,0.03,0.00368,0.0669237467346685,0.09036
2026,,"Stephen Paolini",,2,"steamer,oopsy",5,1,0.95928,0.0328,0.0134,0.00104,0.0036,0.00364,0.06884,0.037,0.00728,0.03332,0.01208,0.0717621549495455,0.10164
2026,,"Stephen Scott",,2,"steamer,oopsy",5,1.610976,0.956091539265027,0.0355933276358687,0.0150349761023011,0.00180419713227614,0.0040040515304023,0.00166176051657013,0.0725160636849935,0.039929731269585,0.00898933308011268,0.0373658721868768,0.00561833317507043,0.0758463606327262,0.108109391320862
2026,,"Sterlin Thompson","COL",4,"batx,steamer,oopsy,atc",9,26.8495,0.916142640217157,0.0692339996846104,0.0549836203866096,0.00372979229522115,0.00945230881096853,0.00264727736393351,0.222209707494036,0.124003879979484,0.0150402453306087,0.0959418182822977,0.00996235543021716,0.242549246961548,0.291443707178647
2026,,"Sterling Bazil","DET",1,"steamer",2,1,0.9308,0.0494,0.0135,0.0016,0.009,0.0044,0.1232,0.0628,0.0124,0.0602,0.0146,0.132359260850881,0.1726
2026,,"Steven Cruz","CLE",1,"steamer",2,1,0.9047,0.0745,0.015,0.0011,0.01,0.003,0.1276,0.0675,0.011,0.0597,0.0102,0.14104122913673,0.2021
2026,,"Steven Herrera","MIA",1,"steamer",2,1,0.9289,0.0503,0.0163,0.0012,0.01,0.0036,0.1263,0.0619,0.0113,0.0594,0.0119,0.135967273118743,0.1766
2026,,"Steven Madero","DET",1,"steamer",2,1,0.9358,0.0434,0.0149,0.002,0.01,0.0028,0.1372,0.0657,0.0135,0.0652,0.0093,0.146612524043599,0.1806
2026,,"Steven Rivas",,1,"steamer",2,1,0.9382,0.041,0.0269,0.0027,0.01,0.0036,0.1713,0.0831,0.0224,0.0872,0.0119,0.182583670859092,0.2123
2026,,"Steven Santos",,1,"steamer",2,1,0.9332,0.045,0.014,0.0013,0.011,0.0027,0.123,0.0616,0.0121,0.06,0.0092,0.131804543506215,0.168
2026,,"Stevie Berman",,1,"steamer",2,1,0.8702,0.109,0.0349,0.0034,0.01,0.0043,0.1734,0.0989,0.019,0.0865,0.0143,0.199264536888072,0.2824
2026,,"Stiven Acevedo",,1,"steamer",2,1,0.9332,0.048,0.0247,0.0021,0.008,0.006,0.1699,0.0839,0.0216,0.0856,0.0196,0.1820617231033,0.2179
2026,,"Stiven De La Cruz","BOS",1,"steamer",2,1,0.9232,0.056,0.0152,0.0017,0.01,0.0029,0.1251,0.0632,0.0097,0.0578,0.0095,0.135506932409012,0.1811
2026,,"Stiven Flores","CHW",2,"steamer,oopsy",5,1,0.97404,0.01804,0.00728,0.00052,0.0036,0.00116,0.06376,0.02736,0.00412,0.02636,0.00388,0.0654593240524003,0.0818
2026,,"Stiven Marinez","NYY",1,"steamer",2,1,0.9187,0.0615,0.0152,0.0013,0.009,0.0038,0.1258,0.063,0.0063,0.0536,0.0128,0.13693262218352,0.1873
2026,,"Stiven Martinez","BAL",2,"steamer,oopsy",5,1,0.96412,0.02756,0.00756,0.00088,0.004,0.00128,0.05344,0.0294,0.0058,0.0268,0.00416,0.0554287847985728,0.081
2026,,"Stone Russell","KCR",2,"steamer,oopsy",5,1,0.9648,0.02688,0.01068,0.0012,0.004,0.00108,0.06708,0.0312,0.003,0.02716,0.00344,0.0695273631840796,0.09396
2026,,"Sung-Mun Song","SDP",4,"batx,steamer,oopsy,atc",9,271.400333333333,0.912495149964553,0.0741638607422678,0.0407197539939181,0.00279829635522196,0.00362098396293575,0.00377322629685558,0.215842454631489,0.105240405586993,0.0215982306439049,0.100522402965828,0.0199067003108258,0.236540933548933,0.290006315373757
2026,,"T.J. McCants","CHW",2,"steamer,oopsy",5,1,0.96884,0.02324,0.01044,0.00096,0.0036,0.003,0.06964,0.0332,0.00708,0.03204,0.00956,0.0718797737500516,0.09288
2026,,"T.J. Schofield-Sam",,2,"steamer,oopsy",5,1,0.96968,0.0176,0.01628,0.0014,0.0084,0.00072,0.0814,0.03568,0.0052,0.03404,0.00228,0.0839452190413332,0.099
2026,,"T.J. White","WSN",2,"steamer,oopsy",5,1,0.96568,0.0268,0.0112,0.00084,0.0032,8e-04,0.068,0.03308,0.00756,0.03232,0.00272,0.0704167011846574,0.0948
2026,,"Taegun Kim",,1,"steamer",2,1,0.9272,0.045,0.0354,0.003,0.017,0.0015,0.2208,0.0937,0.0153,0.0915,0.0047,0.238136324417601,0.2658
2026,,"Tai Peete","STL",2,"steamer,oopsy",5,1,0.96996,0.02292,0.01264,0.00104,0.0028,0.00304,0.07148,0.0346,0.00752,0.03388,0.01008,0.0736937605674461,0.0944
2026,,"Taishi Nakawake",,1,"steamer",2,1,0.9362,0.042,0.0242,0.0022,0.011,0.0034,0.1582,0.0671,0.0057,0.0614,0.0109,0.168980986968596,0.2002
2026,,"Tanner Allen",,1,"steamer",2,1.5752,0.91124936515998,0.0679913661757237,0.0378364652107669,0.0031742001015744,0.0100304723209751,0.00431691213814119,0.193562722194007,0.0938928390045708,0.0176485525647537,0.0888141188420518,0.0139029964448959,0.21241465793507,0.261554088369731
2026,,"Tanner Kirwer",,1,"steamer",2,1,0.9042,0.074,0.0321,0.003,0.011,0.0057,0.1878,0.0951,0.0196,0.0888,0.0217,0.207697412076974,0.2618
2026,,"Tanner Murphy",,1,"steamer",2,1,0.9092,0.07,0.0355,0.0032,0.01,0.0043,0.1736,0.0898,0.0194,0.0856,0.0148,0.190937087549494,0.2436
2026,,"Tanner Murray","CHW",4,"batx,steamer,oopsy,atc",9,62.2424444444444,0.933759405668454,0.0488247343549242,0.0506905105066646,0.00106960408560239,0.012131574953211,0.00118393933678428,0.214005029899318,0.0978391231445806,0.0183813445413327,0.0985430506095437,0.0044475752310065,0.229186478444217,0.262829764254242
2026,,"Tanner O'Tremba",,1,"steamer",2,1,0.9052,0.066,0.0278,0.0024,0.018,0.0044,0.1648,0.0859,0.0176,0.0801,0.0147,0.182059213433495,0.2308
2026,,"Tanner Schobel","MIN",2,"steamer,oopsy",5,4.536248,0.958611550898216,0.0338799791070075,0.0165314787076424,0.00127227755974725,0.00319898542977983,0.00155274769272668,0.0784340824053769,0.0388674697325982,0.00651178482656581,0.0352498114956171,0.00508911023898901,0.0818205062643825,0.112314061512384
2026,,"Tanner Thach","COL",1,"oopsy",3,1,1,0,0,0,0,0,0,0,0,0,0,0,0
2026,,"Tatem Levins","TBR",2,"steamer,oopsy",5,1,0.9468,0.04448,0.01448,0.00088,0.0044,0.00056,0.06784,0.03744,0.00688,0.03284,0.00188,0.071651880016899,0.11232
2026,,"Tavano Baker","BOS",2,"steamer,oopsy",5,1,0.97328,0.0184,0.00744,0.00076,0.004,0.00152,0.05684,0.02708,0.00444,0.0258,0.00516,0.0584004602991945,0.07524
2026,,"Tavian Josenberger","BAL",2,"steamer,oopsy",5,1,0.95156,0.04092,0.01392,0.00152,0.0032,0.00516,0.0728,0.04168,0.00696,0.03468,0.01792,0.0765059481272857,0.11372
2026,,"Tayden Hall","MIL",2,"steamer,oopsy",5,1,0.94664,0.04504,0.01004,0.00124,0.004,0.00116,0.06044,0.03444,0.00512,0.02852,0.0038,0.0638468689258852,0.10548
2026,,"Tayler Aguilar",,2,"steamer,oopsy",5,1,0.96408,0.0272,0.00804,0.00072,0.0044,0.00136,0.05284,0.03004,0.0072,0.02864,0.0046,0.0548087295660111,0.08004
2026,,"Taylor Snyder",,1,"steamer",2,1,0.9112,0.069,0.0337,0.0033,0.009,0.0044,0.1766,0.0935,0.0235,0.092,0.0155,0.193810359964881,0.2456
2026,,"Taylor Young","LAD",2,"steamer,oopsy",5,6.89544,0.95205164372943,0.0392411014956858,0.0155414077491009,0.000625214440928672,0.00439937478555907,0.00391902710533338,0.0739455860114623,0.0397392398307346,0.00304220197476269,0.0305745110746826,0.0146544165300599,0.0776697214888454,0.113186687507148
2026,,"Teilon Serrano","MIN",1,"steamer",2,1,0.9282,0.051,0.0154,0.0013,0.01,0.004,0.1304,0.0672,0.0148,0.0653,0.0134,0.140486964016376,0.1814
2026,,"Teo Banks","WSN",2,"steamer,oopsy",5,1,0.97116,0.02012,0.0096,0.00096,0.0044,0.00148,0.06464,0.03072,0.0068,0.03044,0.005,0.0665595782363359,0.08476
2026,,"Terence Doston",,1,"steamer",2,1,0.9112,0.068,0.0368,0.0034,0.01,0.0065,0.2144,0.1009,0.0195,0.0956,0.0213,0.235294117647059,0.2824
2026,,"Termarr Johnson","PIT",2,"steamer,oopsy",5,1,0.95144,0.04064,0.01496,0.00136,0.0036,0.00272,0.0812,0.04116,0.00684,0.03628,0.00852,0.0853443201883461,0.12184
2026,,"Terrell Tatum",,2,"steamer,oopsy",5,5.76768,0.952089912688092,0.0399993807666109,0.0143228682890581,0.00126323611369125,0.00360084215740913,0.00387949718248808,0.0706173756888972,0.0382067001052697,0.00539971515264103,0.0315870951761719,0.0137562697380643,0.0741709104862995,0.110616756455508
2026,,"Tevin Tucker","COL",2,"steamer,oopsy",5,1,0.95756,0.03332,0.01172,0.00092,0.0048,0.00328,0.06548,0.03356,0.00384,0.0274,0.01172,0.0683821379339154,0.0988
2026,,"Thayron Liranzo","DET",2,"steamer,oopsy",5,1,0.95296,0.03952,0.0152,0.00076,0.0032,0.00048,0.0696,0.03872,0.00924,0.03632,0.0016,0.0730355943586299,0.10912
2026,,"Theo Gillen","TBR",2,"steamer,oopsy",5,1,0.95204,0.03884,0.00876,0.00072,0.0048,0.00268,0.05924,0.03316,0.00564,0.02808,0.00924,0.0622242762909122,0.09808
2026,,"Theo Hardy","TEX",2,"steamer,oopsy",5,1,0.96204,0.02924,0.0104,0.00112,0.0044,0.002,0.06336,0.03108,0.00312,0.02628,0.00668,0.0658600473992765,0.0926
2026,,"Thomas Francisco",,1,"steamer",2,1,0.9292,0.051,0.0305,0.0027,0.009,0.0037,0.1797,0.0837,0.0161,0.0822,0.0119,0.193392165303487,0.2307
2026,,"Thomas Gavello","SFG",2,"steamer,oopsy",5,1,0.9624,0.02528,0.01532,0.00104,0.008,0.00128,0.07348,0.03704,0.0082,0.0358,0.00436,0.0763507896924356,0.09876
2026,,"Thomas Sosa","BAL",2,"steamer,oopsy",5,1,0.96492,0.02676,0.015,0.00108,0.004,0.0022,0.07816,0.04084,0.01044,0.04024,0.00692,0.0810015338059114,0.10492
2026,,"Thomas Takayoshi","ATH",2,"steamer,oopsy",5,1,0.97564,0.01604,0.00776,0.00068,0.004,0.00092,0.05808,0.02712,0.00488,0.02632,0.00304,0.0595301545652085,0.07412
2026,,"Tim Borden II",,1,"steamer",2,1,0.9242,0.048,0.0266,0.0023,0.017,0.0034,0.1688,0.0807,0.0166,0.0787,0.0112,0.182644449253408,0.2168
2026,,"Titus Dumitru","PIT",2,"steamer,oopsy",5,1,0.96636,0.02532,0.01152,0.00104,0.004,0.00208,0.07144,0.03416,0.00636,0.03244,0.00672,0.0739269009478869,0.09676
2026,,"TJ Rumfield","COL",4,"batx,steamer,oopsy,atc",9,204.079,0.898571185261796,0.0796089164559761,0.0474218492741883,0.00141752513726295,0.0117208210687109,0.00264424837245002,0.224963164413477,0.105854332012706,0.0230342552753663,0.107159309353765,0.00588749920373846,0.250356530571292,0.304572080869453
2026,,"TJayy Walton","PHI",2,"steamer,oopsy",5,1,0.96884,0.02244,0.00848,0.00084,0.0044,0.00232,0.05804,0.02972,0.0056,0.0278,0.0074,0.0599066925395318,0.08048
2026,,"Toby Simmons",,1,"steamer",2,1,0.9252,0.053,0.0165,0.0016,0.011,0.005,0.1346,0.069,0.0136,0.0653,0.017,0.14548205793342,0.1876
2026,,"Todd Lott",,1,"steamer",2,1,0.9222,0.057,0.0418,0.0041,0.01,0.0045,0.2087,0.1025,0.0265,0.1046,0.0144,0.226306657991759,0.2657
2026,,"Tom Guerrero",,1,"steamer",2,1,0.9282,0.051,0.0155,0.0012,0.01,0.0024,0.1162,0.0558,0.0046,0.049,0.008,0.125188536953243,0.1672
2026,,"Tomas Frick","NYY",2,"steamer,oopsy",5,1,0.959,0.03108,0.01528,0.00084,0.0056,0.00092,0.07432,0.03888,0.00804,0.03628,0.00312,0.0774973931178311,0.1054
2026,,"Tommy Hawke","CLE",2,"steamer,oopsy",5,1,0.9546,0.03748,0.0102,8e-04,0.0036,0.00556,0.06912,0.03512,0.00344,0.02748,0.01988,0.0724072910119422,0.1066
2026,,"Tommy Hopfe","COL",2,"steamer,oopsy",5,1,0.96548,0.0238,0.01324,0.00104,0.0064,0.00208,0.07988,0.03624,0.00548,0.03308,0.00684,0.0827360483904379,0.10368
2026,,"Tommy Sacco Jr.","HOU",2,"steamer,oopsy",5,3.764628,0.960049901599809,0.0328379828529609,0.012998684205537,0.0014813747460997,0.00280096112402469,0.00202741048868935,0.0698116808673879,0.0352243612835379,0.0047828686341649,0.0306993428611515,0.00659793188962494,0.0727167210277872,0.102649663720349
2026,,"Tommy Specht",,1,"steamer",2,1,0.9252,0.054,0.0221,0.002,0.01,0.0035,0.1547,0.0739,0.0129,0.0701,0.0117,0.167207090358841,0.2087
2026,,"Tommy Troy","ARI",4,"batx,steamer,oopsy,atc",9,50.7755111111111,0.903081015287773,0.0768661464359386,0.0434810412785733,0.00231196736005463,0.0140375301047337,0.00309912006853739,0.213927419967961,0.106192103388732,0.0181590910269766,0.0991858444717282,0.0211546572186749,0.236886188887263,0.2907935664039
2026,,"Tommy White","ATH",2,"steamer,oopsy",5,1,0.9688,0.02288,0.0184,0.00076,0.004,0.00088,0.09068,0.04304,0.01032,0.04316,0.00288,0.0936003303055326,0.11356
2026,,"Tony Blanco Jr.","PIT",2,"steamer,oopsy",5,1,0.97076,0.02132,0.00832,0.00072,0.0036,0.00092,0.06348,0.03264,0.00988,0.03452,0.00304,0.0653920639498949,0.0848
2026,,"Tony Bullard","MIA",2,"steamer,oopsy",5,1,0.96752,0.02376,0.01644,0.00136,0.0044,0.00172,0.08004,0.03792,0.00848,0.03784,0.00572,0.0827269720522573,0.1038
2026,,"Tony Ruiz",,1,"steamer",2,1,0.9432,0.036,0.0177,0.0015,0.01,0.0023,0.1317,0.064,0.0149,0.0661,0.0076,0.139631043256997,0.1677
2026,,"Torin Montgomery",,1,"steamer",2,1,0.9032,0.074,0.0273,0.0022,0.012,0.0025,0.1745,0.088,0.0183,0.0828,0.0084,0.193201948627104,0.2485
2026,,"Trace Willhoite","NYM",2,"steamer,oopsy",5,1,0.96396,0.02612,0.00948,0.00076,0.0056,0.0014,0.06536,0.03612,0.01008,0.03588,0.00464,0.0678036433047014,0.09148
2026,,"Travis Bazzana","CLE",4,"batx,steamer,oopsy,atc",9,214.423,0.871518001961065,0.107802172239323,0.0383168276106465,0.00418724691086282,0.0117075431246694,0.00380668973500592,0.185785796231193,0.108841771252125,0.0214374535455631,0.092051922560682,0.0161908761273457,0.21317493822634,0.293587968470517
2026,,"Travis Honeyman","STL",2,"steamer,oopsy",5,1,0.95844,0.03084,0.0118,0.00092,0.0064,0.00116,0.07552,0.03524,0.005,0.03148,0.00388,0.078794708067276,0.10636
2026,,"Tre Richardson III","STL",2,"steamer,oopsy",5,1,0.9648,0.02608,0.01324,0.00084,0.0048,0.00276,0.07236,0.0322,0.0026,0.0278,0.00868,0.075,0.09844
2026,,"Tre' Morgan","TBR",4,"batx,steamer,oopsy,atc",9,36.0398333333333,0.888953777113696,0.0992466218457916,0.0403390913118834,0.00244029583406351,0.00637364224963247,0.00242517965319754,0.217639126618857,0.107895668378856,0.0243041339753612,0.103206562343927,0.00953498799401784,0.244826145320513,0.316885748464648
2026,,"Trei Cruz","DET",3,"batx,steamer,oopsy",8,22.77155,0.870764806787156,0.120209070910566,0.0523800060846148,0.00288139915003856,0.00322235831877748,0.0025242925125528,0.196980575840085,0.117369753351947,0.0108719464384925,0.0806056319812279,0.00921565240723947,0.226215591517623,0.317189646750651
2026,,"Trent Farquhar","PHI",2,"steamer,oopsy",5,1,0.94724,0.04364,0.01564,0.00112,0.0048,0.0034,0.07656,0.03972,0.00344,0.03104,0.01124,0.0808242895148009,0.1202
2026,,"Trent Youngblood","ARI",2,"steamer,oopsy",5,1,0.9582,0.03428,0.00908,0.00088,0.0032,0.00196,0.06816,0.03452,0.00492,0.03004,0.00672,0.0711333750782717,0.10244
2026,,"Tres Gonzalez","PIT",2,"steamer,oopsy",5,2.206368,0.956690372318174,0.0346022829140023,0.0151895456084783,0.000856590768740413,0.00440247813701468,0.00172314189525688,0.0818741409191418,0.03766011275125,0.00436263670591048,0.032799458156537,0.00525906890575509,0.0855806050611245,0.116476423833144
2026,,"Trevor Austin","HOU",2,"steamer,oopsy",5,1,0.95924,0.03044,0.01648,0.00136,0.006,0.0016,0.07536,0.03688,0.00432,0.03192,0.00532,0.078562195071098,0.1058
2026,,"Trevor Boone",,2,"steamer,oopsy",5,1.215064,0.970094819400908,0.0220074658897285,0.0129547494244501,0.00213311135101388,0.00358987032243799,0.00161284028979098,0.0687538207406058,0.0377976925978435,0.0123564377040438,0.0401909394794688,0.00551487324896271,0.0708732995637122,0.0907612866303344
2026,,"Trevor Cohen","SFG",2,"steamer,oopsy",5,1,0.9656,0.02568,0.00984,0.001,0.0044,0.00176,0.07076,0.03336,0.00592,0.03132,0.00588,0.0732808616404308,0.09644
2026,,"Trevor Hauver","TEX",2,"steamer,oopsy",5,1.937496,0.946450381907684,0.0456375196636102,0.0162333195762828,0.00123215321765448,0.00360075843217475,0.000681871198119471,0.0741684461112407,0.0422401263256114,0.00922320515351074,0.0380531979161059,0.00222505338333722,0.0783648541212962,0.119805965774851
2026,,"Trevor Schwecke",,1,"steamer",2,2.54578,0.904241529118777,0.0749868409681905,0.0416375334867899,0.0033781395093056,0.0100165764520108,0.00463512165230303,0.196639143995161,0.0976910809260816,0.0187761707610241,0.0914847315950318,0.0155551540195932,0.217463075586447,0.271625984963351
2026,,"Trevor Werner","KCR",2,"steamer,oopsy",5,1,0.966,0.02648,0.01236,0.0012,0.0032,0.00232,0.06568,0.03448,0.00736,0.03272,0.0076,0.067991718426501,0.09216
2026,,"Trey Faltine","CIN",2,"steamer,oopsy",5,1,0.96584,0.02544,0.0136,0.00132,0.0044,0.00232,0.0638,0.03212,0.00508,0.029,0.0082,0.0660564896877329,0.08924
2026,,"Trey Harris",,1,"steamer",2,1.76277,0.923206090414518,0.0550270313200247,0.0363064948915627,0.0032335472012798,0.0110054062640049,0.00385756508222854,0.19072255597724,0.0863981120622656,0.0133312910929957,0.0817463424042842,0.0116861530432217,0.206587194297653,0.245749587297265
2026,,"Trey Paige","STL",2,"steamer,oopsy",5,1,0.96208,0.0304,0.01388,0.00196,0.0032,0.00132,0.07584,0.03608,0.00612,0.03364,0.0044,0.0788292033926493,0.10624
2026,,"Trey Snyder","NYM",2,"steamer,oopsy",5,1,0.96188,0.0302,0.00836,0.00072,0.0036,0.00272,0.063,0.03136,0.0032,0.02604,0.00912,0.0654967355595293,0.0932
2026,,"Tristen Lutz",,1,"steamer",2,1,0.8902,0.088,0.0344,0.0032,0.011,0.0042,0.1837,0.1023,0.0276,0.0992,0.0132,0.206358121770389,0.2717
2026,,"Troy Schreffler Jr.",,2,"steamer,oopsy",5,1,0.96808,0.0236,0.00996,0.0016,0.004,0.00244,0.06752,0.03416,0.00764,0.03308,0.00832,0.0697463019585158,0.09112
2026,,"TT Bowens","BAL",2,"steamer,oopsy",5,1.634424,0.966132262979204,0.0259545408845889,0.0152819346805565,0.00109819571084971,0.00360393803701384,0.000649636899375885,0.0754661531441653,0.0400764096734028,0.0114459834651942,0.0410044623867969,0.00218092387647618,0.0781116168416267,0.101420694028754
2026,,"Tucker Bradley",,1,"steamer",2,1,0.8932,0.088,0.0429,0.0043,0.008,0.0052,0.2057,0.104,0.0199,0.0959,0.0168,0.230295566502463,0.2937
2026,,"Tucker Flint","LAA",2,"steamer,oopsy",5,9.4646,0.953050109424001,0.0378403988899668,0.0135405996886492,0.00115154660108747,0.00479931412584888,0.00200347449405501,0.0681795004850755,0.0392662951515015,0.0105877309748889,0.0369794463371162,0.00656092773503599,0.0715382116962154,0.106019899375042
2026,,"Tucker Mitchell","TEX",2,"steamer,oopsy",5,1,0.96884,0.02244,0.0132,0.00116,0.0044,0.00104,0.07344,0.03528,0.0074,0.0346,0.00356,0.0758019900086702,0.09588
2026,,"Tucker Toman","TOR",2,"steamer,oopsy",5,1,0.96736,0.02392,0.01212,0.00068,0.0044,0.00076,0.06892,0.03276,0.00552,0.03088,0.00248,0.0712454515382071,0.09284
2026,,"Turner Hill","SFG",2,"steamer,oopsy",5,1,0.95532,0.03516,0.01704,0.00264,0.0052,0.0034,0.08368,0.03976,0.00376,0.03348,0.011,0.0875936858853578,0.11884
2026,,"Ty Duvall",,1,"steamer",2,1,0.8992,0.079,0.026,0.0025,0.011,0.0043,0.16,0.0842,0.0153,0.076,0.0144,0.177935943060498,0.239
2026,,"Ty Hanchey","SFG",1,"steamer",2,1,0.9179,0.0613,0.0231,0.0022,0.01,0.0031,0.1587,0.076,0.0131,0.0716,0.0103,0.172894650833424,0.22
2026,,"Ty Southisene","CHC",2,"steamer,oopsy",5,1,0.95768,0.0332,0.00852,0.00088,0.0048,0.00312,0.06596,0.032,0.00192,0.02508,0.01056,0.0688747807200735,0.09916
2026,,"Tyler Baca",,1,"oopsy",3,1,1,0,0,0,0,0,0,0,0,0,0,0,0
2026,,"Tyler Dearden",,2,"steamer,oopsy",5,1,0.96048,0.0312,0.01632,0.00144,0.004,0.00104,0.08376,0.04092,0.00852,0.03908,0.00348,0.0872063968015992,0.11496
2026,,"Tyler Hardman","NYY",2,"steamer,oopsy",5,1,0.96584,0.02704,0.01288,0.00132,0.0028,0.00172,0.06896,0.03972,0.01312,0.04136,0.00576,0.0713989894806593,0.096
2026,,"Tyler Herron",,1,"oopsy",3,1,1,0,0,0,0,0,0,0,0,0,0,0,0
2026,,"Tyler McDonough","BOS",2,"steamer,oopsy",5,1.816124,0.965291697228243,0.0271945952879805,0.0172745542395348,0.00197348296719742,0.00319704240685983,0.00239449266686621,0.0804523222960817,0.0381276909262542,0.00593360545470692,0.035246405794146,0.00744660906289161,0.0833450888753047,0.107646917584062
2026,,"Tyler Miller","BOS",2,"steamer,oopsy",5,1,0.97088,0.0216,0.01756,0.00208,0.0032,0.00112,0.08004,0.03788,0.00768,0.03776,0.0036,0.0824406723796968,0.10164
2026,,"Tyler Neslony",,1,"steamer",2,1,0.9042,0.077,0.044,0.0033,0.008,0.0059,0.2023,0.1016,0.0211,0.0964,0.0187,0.223733687237337,0.2793
2026,,"Tyler Osik",,1,"steamer",2,1,0.9092,0.069,0.0383,0.0036,0.011,0.0045,0.1996,0.0998,0.0231,0.0973,0.0148,0.219533655961285,0.2686
2026,,"Tyler Pettorini","PHI",1,"oopsy",3,1,1,0,0,0,0,0,0,0,0,0,0,0,0
2026,,"Tyler Reichenborn",,1,"steamer",2,1,0.9032,0.076,0.0265,0.0026,0.01,0.0046,0.1691,0.0879,0.0185,0.0822,0.0145,0.187223206377325,0.2451
2026,,"Tyler Robertson","SDP",2,"steamer,oopsy",5,1,0.96564,0.02524,0.01412,0.00116,0.0048,0.0026,0.07608,0.03788,0.00832,0.03636,0.00884,0.0787871256368833,0.10132
2026,,"Tyler Rodriguez","MIL",2,"steamer,oopsy",5,1,0.95028,0.0386,0.008,0.00068,0.0068,0.00228,0.05976,0.0332,0.00488,0.02748,0.00744,0.0628867281222377,0.09836
2026,,"Tyler Tolve","ATL",2,"steamer,oopsy",5,1.00562,0.968620876682609,0.0230757852176914,0.0142399289975839,0.00102559045411962,0.00398402445638775,0.000828361520635077,0.0701740545338001,0.0365267984813372,0.00954588038065184,0.0371184852817908,0.00284009664217741,0.0724473901224764,0.0932498397514916
2026,,"Tyler Whitaker","HOU",2,"steamer,oopsy",5,1,0.96164,0.02924,0.0112,0.00092,0.0048,0.0018,0.05972,0.03252,0.006,0.02936,0.00604,0.0621022420032444,0.08896
2026,,"Tyler Wilson","NYY",2,"steamer,oopsy",5,1,0.96464,0.02784,0.0106,0.00064,0.0032,0.00184,0.07212,0.03532,0.00668,0.03284,0.00588,0.0747636423950904,0.09996
2026,,"Tyresse Turner","CLE",2,"steamer,oopsy",5,1,0.95984,0.03184,0.01328,0.00116,0.004,0.00344,0.07004,0.03384,0.00364,0.02832,0.01248,0.0729704950825138,0.10188
2026,,"Tyson Lewis","CIN",2,"steamer,oopsy",5,1,0.97432,0.01736,0.00972,0.00072,0.004,0.00212,0.06552,0.03004,0.00564,0.0292,0.00696,0.0672469004023319,0.08288
2026,,"Tytus Cissell","ARI",1,"oopsy",3,1,1,0,0,0,0,0,0,0,0,0,0,0,0
2026,,"Vance Honeycutt","BAL",2,"steamer,oopsy",5,1,0.96412,0.02796,0.00848,0.0014,0.0036,0.00312,0.05536,0.03064,0.00524,0.02684,0.01032,0.0574202381446293,0.08332
2026,,"Vaun Brown",,2,"steamer,oopsy",5,1.23008,0.966480446927374,0.0248095479939055,0.0150330116810564,0.00137125444388014,0.00439309294057897,0.0037328593194515,0.0740731335703403,0.038395124428644,0.00876079228034535,0.0366429659725749,0.0136871508379888,0.0766421439831844,0.0988826815642458
2026,,"Viandel Pena","WSN",2,"steamer,oopsy",5,1,0.96332,0.02956,0.01508,0.00188,0.0028,0.0024,0.07644,0.03496,0.00444,0.03112,0.00796,0.0793505792467716,0.106
2026,,"Vicent Nunez",,1,"steamer",2,1,0.9302,0.048,0.0131,0.0012,0.011,0.0029,0.1173,0.058,0.0081,0.0535,0.0097,0.126101913566975,0.1653
2026,,"Vicente Guaylupo",,1,"steamer",2,1,0.9182,0.057,0.013,0.0012,0.014,0.0029,0.1176,0.0621,0.0104,0.0564,0.0096,0.128076671749074,0.1746
2026,,"Victor Acosta","CIN",2,"steamer,oopsy",5,1,0.9606,0.02788,0.01204,0.00096,0.0072,0.00176,0.06752,0.0322,0.003,0.02712,0.00556,0.0702894024567978,0.0954
2026,,"Victor Arias","TOR",2,"steamer,oopsy",5,1,0.96016,0.03152,0.01704,0.00188,0.004,0.00224,0.08312,0.041,0.007,0.03756,0.0072,0.0865689051824696,0.11464
2026,,"Victor Bericoto","SFG",2,"steamer,oopsy",5,3.350228,0.967213191051796,0.026080746759905,0.0156030700000145,0.00159404965697389,0.00240270988441686,0.000901743419091072,0.0854270991350535,0.0400548609060776,0.00966319883296948,0.0406424485533563,0.00281576654735535,0.0883229260367673,0.111507845894959
2026,,"Victor Cardoza","PHI",2,"steamer,oopsy",5,1,0.97728,0.0144,0.00736,6e-04,0.004,0.00136,0.05752,0.02752,0.00628,0.02816,0.00448,0.0588572364112639,0.07192
2026,,"Victor Diaz",,1,"steamer",2,1,0.9352,0.044,0.0207,0.0019,0.01,0.0031,0.1509,0.0752,0.0192,0.0774,0.0105,0.161355859709153,0.1949
2026,,"Victor Duarte","SDP",2,"steamer,oopsy",5,1,0.97008,0.0216,0.0104,8e-04,0.004,0.00136,0.06484,0.03056,0.005,0.02884,0.00464,0.0668398482599373,0.08644
2026,,"Victor Familia","PIT",1,"steamer",2,1,0.9319,0.0453,0.0149,0.0013,0.012,0.0026,0.1131,0.0557,0.0077,0.052,0.0085,0.121364953321172,0.1584
2026,,"Victor Figueroa","BAL",2,"steamer,oopsy",5,1,0.9602,0.03188,0.01156,0.00072,0.0036,0.0012,0.06952,0.03772,0.00916,0.03596,0.004,0.0724015830035409,0.1014
2026,,"Victor Hurtado","WSN",1,"steamer",2,1,0.9299,0.0483,0.0161,0.0013,0.011,0.0025,0.1425,0.066,0.0124,0.064,0.0084,0.153242284116572,0.1908
2026,,"Victor Izturis","CLE",2,"steamer,oopsy",5,1,0.96628,0.0254,0.00552,0.00044,0.004,0.00124,0.0484,0.02488,0.0038,0.02236,0.00412,0.0500890011176885,0.0738
2026,,"Victor Labrada","SEA",2,"steamer,oopsy",5,1,0.95232,0.03816,0.0154,0.00136,0.0052,0.00512,0.07792,0.04092,0.00576,0.03436,0.0166,0.0818212365591398,0.11608
2026,,"Victor Leal","MIN",2,"steamer,oopsy",5,1,0.96516,0.02612,0.00604,0.00052,0.0044,0.00128,0.0522,0.02724,0.00432,0.0244,0.00416,0.0540842969041402,0.07832
2026,,"Victor Marquez","PIT",1,"steamer",2,1,0.9199,0.0593,0.0134,0.0013,0.01,0.0033,0.1203,0.063,0.011,0.0584,0.0111,0.130775084248288,0.1796
2026,,"Victor Mesa","MIA",1,"steamer",2,1,0.9188,0.0594,0.0334,0.0034,0.011,0.0045,0.1888,0.0868,0.0154,0.0831,0.0158,0.205485415759687,0.2482
2026,,"Victor Ortega","MIA",2,"steamer,oopsy",5,1,0.95624,0.03544,0.0094,0.00084,0.004,0.00096,0.0622,0.03056,0.00328,0.0258,0.00324,0.0650464318581109,0.09764
2026,,"Victor Rodrigues","LAD",2,"steamer,oopsy",5,1,0.95284,0.03844,0.00912,0.00064,0.0044,0.0012,0.06648,0.036,0.00464,0.02992,0.004,0.0697703706813316,0.10492
2026,,"Victor Rodriguez","LAA",2,"steamer,oopsy",5,1,0.97696,0.01472,0.00608,0.00064,0.004,0.0012,0.05184,0.02456,0.00552,0.02496,0.00388,0.0530625614150016,0.06656
2026,,"Victor Santana","ARI",1,"steamer",2,1,0.9234,0.0548,0.0182,0.0018,0.011,0.0021,0.1543,0.0723,0.0104,0.0676,0.0069,0.167099848386398,0.2091
2026,,"Victor Torres",,2,"steamer,oopsy",5,1,0.97648,0.0152,0.00908,0.00084,0.004,0.00148,0.06328,0.02984,0.00656,0.0304,0.00492,0.0648041946583647,0.07848
2026,,"Vincent Perozo","NYM",2,"steamer,oopsy",5,1,0.96516,0.02492,0.01104,0.00072,0.0056,0.00124,0.06288,0.03164,0.00492,0.02872,0.00392,0.0651498197190103,0.0878
2026,,"Vinicius Dos Santos","SFG",1,"steamer",2,1,0.9367,0.0405,0.0148,0.0015,0.012,0.0026,0.1261,0.0584,0.0088,0.0561,0.0086,0.134621543717305,0.1666
2026,,"Vito Friscia",,1,"steamer",2,1,0.8732,0.105,0.0371,0.0037,0.011,0.0049,0.1904,0.1047,0.0214,0.0937,0.0164,0.218048557031608,0.2954
2026,,"Vladi Gomez","NYM",2,"steamer,oopsy",5,1,0.96636,0.02532,0.00648,0.00056,0.004,0.00212,0.05188,0.02668,0.00288,0.0226,0.00716,0.0536859969369593,0.0772
2026,,"Vladi Guerrero",,1,"steamer",2,1,0.9352,0.045,0.0142,0.0015,0.009,0.0023,0.1218,0.0589,0.01,0.0566,0.0079,0.130239520958084,0.1668
2026,,"Vladimir Asencio","BOS",1,"steamer",2,1,0.9402,0.038,0.0154,0.0016,0.011,0.0032,0.1365,0.0623,0.0094,0.0601,0.0105,0.145181876196554,0.1745
2026,,"Wade Stauss",,2,"steamer,oopsy",5,1,0.95648,0.0332,0.012,0.00104,0.006,0.00124,0.06044,0.03336,0.00604,0.0296,0.00408,0.0631900301104048,0.09364
2026,,"Wady Mendez","TEX",2,"steamer,oopsy",5,1,0.96324,0.02884,0.0106,0.00092,0.0036,0.00232,0.06668,0.034,0.0064,0.03116,0.00768,0.0692246999709314,0.09552
2026,,"Wagnel Luna","DET",1,"steamer",2,1,0.9147,0.0645,0.0153,0.0014,0.01,0.0031,0.1222,0.0603,0.0051,0.0508,0.0102,0.133595714441894,0.1867
2026,,"Walker Janek","HOU",2,"steamer,oopsy",5,1,0.97164,0.01964,0.01244,0.00088,0.0044,0.00244,0.07064,0.03504,0.00792,0.03456,0.0086,0.0727018237207196,0.09028
2026,,"Walker Jenkins","MIN",4,"batx,steamer,oopsy,atc",9,66.3488555555556,0.890006370613894,0.0873642910483254,0.0498909043586125,0.00270385796030042,0.00745010536601329,0.00306202519479367,0.221448190156776,0.114248066388168,0.0236393888815693,0.103298614543723,0.023918440071741,0.248816410161232,0.308812481205102
2026,,"Walker Martin","SFG",2,"steamer,oopsy",5,1,0.96244,0.02964,0.0096,8e-04,0.0036,0.00112,0.06064,0.03064,0.00536,0.02808,0.00376,0.063006525082083,0.09028
2026,,"Walking Cabrera",,1,"steamer",2,1,0.9232,0.056,0.0292,0.0027,0.01,0.0038,0.1795,0.0885,0.0215,0.0887,0.0127,0.194432409012132,0.2355
2026,,"Wanderly De La Cruz","CIN",1,"steamer",2,1,0.9136,0.0646,0.0155,0.0014,0.011,0.0033,0.1255,0.0665,0.0112,0.0597,0.0109,0.137368651488616,0.1901
2026,,"Wandi Feliz","COL",1,"steamer",2,1,0.9336,0.0466,0.0157,0.0019,0.009,0.003,0.1404,0.0694,0.0167,0.0696,0.0099,0.150385604113111,0.187
2026,,"Waner Luciano","HOU",2,"steamer,oopsy",5,1,0.96844,0.02284,0.00952,0.00064,0.0044,0.00144,0.06152,0.03136,0.00632,0.03,0.00476,0.0635248440791376,0.08436
2026,,"Warel Solano","TBR",1,"steamer",2,1,0.9408,0.0384,0.0192,0.0014,0.01,0.0023,0.1511,0.0645,0.0098,0.0637,0.0077,0.160607993197279,0.1895
2026,,"Wehiwa Aloy","BAL",1,"oopsy",3,1,1,0,0,0,0,0,0,0,0,0,0,0,0
2026,,"Welbyn Francisca","CLE",2,"steamer,oopsy",5,1,0.96628,0.0262,0.01116,0.00076,0.0032,0.00376,0.072,0.03232,0.00336,0.02808,0.01228,0.0745125636461481,0.0982
2026,,"Werner Blakely",,2,"steamer,oopsy",5,1,0.96008,0.032,0.01168,0.00104,0.0036,0.00176,0.063,0.03288,0.0052,0.029,0.00624,0.0656195317056912,0.095
2026,,"Wes Clarke",,1,"oopsy",3,1,1,0,0,0,0,0,0,0,0,0,0,0,0
2026,,"Wes Kath","CHW",2,"steamer,oopsy",5,1,0.96564,0.02564,0.01336,8e-04,0.0044,0.00104,0.06956,0.03576,0.00992,0.03628,0.00348,0.0720351269624291,0.0952
2026,,"Wesley Zapata",,1,"steamer",2,1,0.9262,0.054,0.0265,0.0025,0.009,0.0042,0.1652,0.0735,0.0073,0.0661,0.0137,0.178363204491471,0.2192
2026,,"Wesly Castillo","TEX",1,"steamer",2,1,0.9372,0.041,0.0183,0.0014,0.011,0.003,0.1521,0.0685,0.011,0.0662,0.0101,0.162291933418694,0.1931
2026,,"Weston Eberly",,2,"steamer,oopsy",5,1,0.96368,0.0272,0.0088,0.00076,0.0048,0.00116,0.05712,0.0302,0.00568,0.02784,0.00396,0.0592727876473518,0.08432
2026,,"Wilber Sanchez","CHW",2,"steamer,oopsy",5,1,0.96724,0.02484,0.01028,0.00064,0.0036,0.0026,0.06444,0.03004,0.00408,0.02704,0.00848,0.066622554898474,0.08928
2026,,"Wilberson De Pena","NYY",1,"steamer",2,1,0.9308,0.0474,0.015,0.0013,0.011,0.0036,0.1286,0.0685,0.0164,0.0678,0.0118,0.138160721959605,0.176
2026,,"Wilder Dalis","COL",2,"steamer,oopsy",5,1,0.96508,0.027,0.012,0.00104,0.0036,0.00188,0.07604,0.03424,0.00452,0.0306,0.00616,0.0787913955319766,0.10304
2026,,"Wilderd Patiño",,1,"steamer",2,1.59203,0.908211528677223,0.0660163439131172,0.0349867778873514,0.00288939278782435,0.0150122799193483,0.00810286238324655,0.195034013178144,0.0970459099388831,0.0195348077611603,0.090262118176165,0.0288311149915517,0.214745141434401,0.261050357091261
2026,,"Wilfred Veras","CHW",2,"steamer,oopsy",5,5.05532,0.968849824479499,0.0236409505938967,0.0151800544068664,0.00140057279836241,0.00319977016241258,0.00276523347368988,0.0806514459118537,0.0387168598439618,0.00971782049325301,0.0389718359175099,0.00860813589147356,0.0832445275563554,0.10429239650575
2026,,"Wilfredo Lara","MIA",2,"steamer,oopsy",5,1,0.96308,0.029,0.01204,0.00164,0.0036,0.00276,0.0692,0.03416,0.00592,0.03152,0.00872,0.0718528055820908,0.0982
2026,,"Wilfri De La Cruz","BAL",1,"steamer",2,1,0.9034,0.0758,0.0163,0.0014,0.01,0.0039,0.122,0.0654,0.0052,0.0519,0.0128,0.135045384104494,0.1978
2026,,"Wilian Trinidad","TBR",1,"steamer",2,1,0.9286,0.0516,0.0178,0.0018,0.009,0.0041,0.1377,0.0608,0.0048,0.0541,0.0132,0.148287744992462,0.1893
2026,,"Will Bartlett",,1,"steamer",2,1,0.8882,0.092,0.0245,0.0023,0.009,0.0038,0.1481,0.0852,0.018,0.0767,0.0126,0.166741724836748,0.2401
2026,,"Will Bush","HOU",2,"steamer,oopsy",5,1,0.95284,0.03764,0.01372,0.00088,0.0052,0.0012,0.07008,0.04052,0.0102,0.03804,0.00404,0.0735485495990933,0.10772
2026,,"Will Frizzell",,1,"steamer",2,1,0.8862,0.092,0.0329,0.003,0.011,0.0032,0.1753,0.0983,0.0244,0.0928,0.0107,0.197810877905665,0.2673
2026,,"Will Holland",,2,"steamer,oopsy",5,1,0.95768,0.0316,0.0148,0.00104,0.0064,0.00316,0.06992,0.0378,0.00712,0.03384,0.01084,0.0730097736195807,0.10152
2026,,"Will McGillis",,1,"steamer",2,1,0.9242,0.054,0.0268,0.0025,0.011,0.0034,0.1617,0.0776,0.0138,0.074,0.0114,0.174962129409219,0.2157
2026,,"Will Simpson","TBR",2,"steamer,oopsy",5,1,0.96336,0.02992,0.01696,8e-04,0.0024,0.00116,0.07924,0.03964,0.01008,0.03984,0.0038,0.0822537784421193,0.10916
2026,,"Will Taylor","PIT",2,"steamer,oopsy",5,1,0.96192,0.02856,0.01164,0.00084,0.0052,0.00292,0.07032,0.037,0.00892,0.03564,0.00908,0.0731037924151697,0.09888
2026,,"Will Turner","BOS",2,"steamer,oopsy",5,1,0.94932,0.04236,0.01016,0.00092,0.004,0.00156,0.06016,0.03532,0.00628,0.03008,0.00516,0.0633716765684911,0.10252
2026,,"Will Verdung","ATL",2,"steamer,oopsy",5,1,0.95988,0.0322,0.01116,0.001,0.0036,0.0014,0.07292,0.03324,0.00184,0.02708,0.00448,0.0759678293119973,0.10512
2026,,"William Bergolla Jr.","CHW",2,"steamer,oopsy",5,1,0.96724,0.02524,0.01532,0.0014,0.0032,0.0044,0.0928,0.037,0.00184,0.03152,0.01432,0.0959430958190315,0.11804
2026,,"William Lugo","PIT",2,"steamer,oopsy",5,1,0.96112,0.03096,0.01552,0.00088,0.0036,0.001,0.07232,0.03536,0.00568,0.03256,0.00332,0.0752455468619943,0.10328
2026,,"William Simoneit","TOR",1,"steamer",2,1,0.9004,0.0738,0.0352,0.0029,0.015,0.0033,0.1656,0.0895,0.018,0.083,0.011,0.183918258551755,0.2394
2026,,"William Sullivan",,1,"steamer",2,1,0.9212,0.056,0.0248,0.0023,0.012,0.0032,0.1632,0.0826,0.0201,0.0822,0.0107,0.177160225792445,0.2192
2026,,"Williams Wong",,2,"steamer,oopsy",5,1,0.96688,0.0252,0.00688,0.00056,0.0036,0.00112,0.05376,0.02576,0.00244,0.02228,0.00368,0.0556015224226378,0.07896
2026,,"Willian Berti","DET",1,"steamer",2,1,0.9167,0.0625,0.0168,0.002,0.01,0.002,0.1343,0.0682,0.0126,0.0636,0.0068,0.146503763499509,0.1968
2026,,"Willie Joe Garry Jr.",,1,"steamer",2,1,0.9082,0.071,0.0406,0.0039,0.01,0.0056,0.1884,0.0981,0.0224,0.0946,0.0192,0.20744329442854,0.2594
2026,,"Willmer De La Cruz",,1,"steamer",2,1,0.9252,0.054,0.0234,0.0024,0.01,0.0044,0.1571,0.0716,0.0081,0.0646,0.0144,0.16980112408128,0.2111
2026,,"Willy Fanas",,2,"steamer,oopsy",5,1,0.97248,0.0192,0.00856,0.00084,0.004,0.00152,0.06012,0.02812,0.00468,0.0268,0.00492,0.0618213228035538,0.07932
2026,,"Willy Montero","NYY",2,"steamer,oopsy",5,1,0.97312,0.01936,0.01028,0.00072,0.0032,0.0012,0.07124,0.03208,0.0056,0.03104,0.00392,0.0732078263729036,0.0906
2026,,"Willy Vasquez","BAL",2,"steamer,oopsy",5,2.36574,0.972050245222966,0.0208411204367574,0.0153318155560841,0.00203880526011757,0.0027999592238948,0.00253717987925742,0.0830292115486991,0.039525637976146,0.0085357980223589,0.0390906928539876,0.00776558270187004,0.0854165841289965,0.103870331985457
2026,,"Wilman Diaz",,2,"steamer,oopsy",5,1,0.97088,0.0212,0.01196,0.0012,0.0036,0.00188,0.06924,0.03168,0.00476,0.02976,0.00596,0.0713167435728411,0.09044
2026,,"Wilmer Feliciano",,1,"steamer",2,1,0.9342,0.045,0.0145,0.0014,0.01,0.0033,0.1252,0.063,0.013,0.0618,0.0109,0.134018411475059,0.1702
2026,,"Wilson Rodriguez","NYY",2,"steamer,oopsy",5,1,0.96788,0.0238,0.00868,0.00076,0.004,0.00164,0.06284,0.03268,0.00756,0.03168,0.0054,0.0649254039756995,0.08664
2026,,"Wilton Lara","HOU",2,"steamer,oopsy",5,1,0.97728,0.014,0.007,0.00056,0.0044,0.00124,0.05348,0.02544,0.00476,0.02528,0.00412,0.0547233136869679,0.06748
2026,,"Winder Diaz",,1,"steamer",2,1,0.9232,0.055,0.0168,0.0016,0.011,0.0035,0.1322,0.0631,0.0066,0.0557,0.0116,0.143197573656846,0.1872
2026,,"Winder Linares",,1,"steamer",2,1,0.9282,0.051,0.015,0.0015,0.01,0.0033,0.1331,0.0656,0.0118,0.0623,0.0112,0.143395819866408,0.1841
2026,,"Winifer Castillo",,1,"steamer",2,1,0.9452,0.033,0.0131,0.0014,0.011,0.0028,0.109,0.0529,0.0095,0.0524,0.0093,0.115319509098603,0.142
2026,,"Won-Bin Cho","STL",2,"steamer,oopsy",5,1,0.96128,0.0308,0.01128,0.00072,0.0036,0.00268,0.07052,0.03388,0.0052,0.03032,0.00848,0.0733605193075899,0.10132
2026,,"Woody Hadeen","DET",2,"steamer,oopsy",5,1,0.96024,0.02864,0.011,0.00116,0.0068,0.0028,0.06904,0.0336,0.00396,0.02864,0.00956,0.0718986919936683,0.09768
2026,,"Wooyeoul Shin",,2,"steamer,oopsy",5,1,0.96248,0.0288,0.00936,8e-04,0.0044,0.002,0.06416,0.0332,0.00636,0.03048,0.0068,0.0666611254259829,0.09296
2026,,"Wuilfredo Antunez","CLE",2,"steamer,oopsy",5,1,0.96832,0.02416,0.01844,0.00192,0.0032,0.0022,0.08636,0.0422,0.01108,0.0432,0.00708,0.089185393258427,0.11052
2026,,"Wuinder Torres","CLE",1,"steamer",2,1,0.951,0.0282,0.0217,0.0015,0.01,0.0021,0.1526,0.0617,0.007,0.061,0.0071,0.160462670872766,0.1808
2026,,"Wyatt Crenshaw",,1,"steamer",2,1,0.9242,0.054,0.023,0.0026,0.011,0.0037,0.159,0.0785,0.017,0.0767,0.0123,0.172040683834668,0.213
2026,,"Wyatt Hendrie","PIT",2,"steamer,oopsy",5,1,0.95668,0.0338,0.01348,0.00112,0.0052,0.0016,0.07036,0.03648,0.00656,0.03308,0.0054,0.0735460132959819,0.10416
2026,,"Wyatt Hoffman","SDP",2,"steamer,oopsy",5,1,0.96324,0.02724,0.01268,8e-04,0.0052,0.00204,0.06104,0.03008,0.00296,0.02544,0.00684,0.0633694614011046,0.08828
2026,,"Wyatt Sanford","PIT",2,"steamer,oopsy",5,1,0.96756,0.02292,0.00996,0.00096,0.0052,0.00352,0.06568,0.03164,0.0046,0.0286,0.01156,0.0678820951672248,0.0886
2026,,"Wyatt Young","NYM",2,"steamer,oopsy",5,4.5496,0.951650800081021,0.0408385659307272,0.0131294308284383,0.000939842009317399,0.00320032408345149,0.00199311322665586,0.0758314766052258,0.037168320842617,0.0030342313145635,0.0295928701640672,0.00641685233947742,0.0796841410723027,0.116670042535953
2026,,"Xavier Casserilla",,1,"steamer",2,1,0.9352,0.041,0.0249,0.002,0.013,0.0035,0.1591,0.0735,0.0132,0.0718,0.0116,0.170124037639008,0.2001
2026,,"Xavier Fernández",,1,"steamer",2,1,0.9052,0.074,0.0417,0.0031,0.01,0.0035,0.2098,0.1023,0.0214,0.0983,0.0116,0.231771984091913,0.2838
2026,,"Xavier Guillen",,2,"steamer,oopsy",5,1,0.96848,0.0232,0.0088,0.001,0.004,0.00168,0.06064,0.02976,0.00532,0.02788,0.00556,0.0626135800429539,0.08384
2026,,"Xavier Isaac","TBR",2,"steamer,oopsy",5,1.2776,0.950413223140496,0.0416765053128689,0.0141676505312869,0.00134592680047225,0.00358913813459268,0.00136953955135773,0.0723494687131051,0.0430224321133412,0.0133412042502952,0.0425029515938607,0.00455726092089728,0.0761242236024845,0.114025974025974
2026,,"Yadimir Fuentes",,1,"steamer",2,1,0.9232,0.056,0.0137,0.0012,0.01,0.0023,0.1119,0.0573,0.0069,0.0509,0.0076,0.12120883882149,0.1679
2026,,"Yael Romero","CIN",2,"steamer,oopsy",5,1,0.95736,0.03312,0.00664,0.00048,0.0052,0.00108,0.05132,0.02948,0.00564,0.02588,0.0036,0.0536057491434779,0.08444
2026,,"Yahil Melendez","CHC",2,"steamer,oopsy",5,1,0.96528,0.0256,0.00836,0.00092,0.0048,0.00152,0.05684,0.02804,0.00332,0.02444,0.00496,0.0588844687551799,0.08244
2026,,"Yaikel Mijares","CLE",2,"steamer,oopsy",5,1,0.96388,0.0282,0.00852,0.00064,0.0036,0.00188,0.05592,0.0272,0.00288,0.0232,0.00624,0.0580155206042246,0.08412
2026,,"Yairo Padilla","STL",2,"steamer,oopsy",5,1,0.97312,0.01816,0.00712,0.00072,0.0044,0.00256,0.0592,0.02588,0.00228,0.0232,0.00856,0.0608352515619862,0.07736
2026,,"Yaisel Ramos",,2,"steamer,oopsy",5,1,0.97128,0.0204,0.00536,0.00052,0.004,0.00132,0.04704,0.02428,0.00444,0.02288,0.00432,0.04843093649617,0.06744
2026,,"Yamal Encarnacion","HOU",2,"steamer,oopsy",5,1,0.96084,0.03124,0.01536,0.0014,0.0036,0.00392,0.0806,0.041,0.00752,0.0372,0.01304,0.0838849340160693,0.11184
2026,,"Yan Contreras",,1,"steamer",2,1,0.9232,0.054,0.0239,0.0024,0.012,0.0048,0.1467,0.0713,0.0103,0.0651,0.0161,0.158903812824957,0.2007
2026,,"Yan Cruz","BOS",1,"oopsy",3,1,1,0,0,0,0,0,0,0,0,0,0,0,0
2026,,"Yancel Guerrero","STL",2,"steamer,oopsy",5,1,0.97308,0.0174,0.00612,0.00052,0.0052,0.00228,0.0522,0.02544,0.00464,0.02432,0.00756,0.0536440991490936,0.0696
2026,,"Yandel Ricardo","KCR",2,"steamer,oopsy",5,1,0.97204,0.01964,0.01096,0.00132,0.004,0.00256,0.06724,0.03004,0.00268,0.02664,0.00844,0.0691741080613966,0.08688
2026,,"Yandro Hernandez","MIN",2,"steamer,oopsy",5,1,0.97292,0.01836,0.0064,0.00056,0.0044,0.00156,0.05192,0.02572,0.00484,0.02472,0.00512,0.0533651276569502,0.07028
2026,,"Yanki Jean-Baptiste",,1,"steamer",2,1,0.9162,0.063,0.0195,0.0021,0.01,0.0038,0.1352,0.0745,0.0183,0.0722,0.0125,0.147566033617114,0.1982
2026,,"Yannic Walther","MIL",2,"steamer,oopsy",5,1,0.96552,0.02656,0.00828,6e-04,0.0036,0.00088,0.05432,0.02716,0.004,0.02464,0.00296,0.0562598392576021,0.08088
2026,,"Yanuel Casiano","CIN",1,"oopsy",3,1,1,0,0,0,0,0,0,0,0,0,0,0,0
2026,,"Yasel Antuna",,1,"steamer",2,1,0.8782,0.101,0.0367,0.0035,0.01,0.0052,0.1777,0.0972,0.0169,0.0849,0.0165,0.202345707128217,0.2787
2026,,"Yasmil Bucce","BAL",2,"steamer,oopsy",5,1,0.95428,0.0374,0.00944,0.00072,0.004,0.00076,0.06212,0.03476,0.00672,0.03068,0.00252,0.0650961981808274,0.09952
2026,,"Yassel Garcia","ATL",1,"steamer",2,1,0.9086,0.0706,0.0142,0.0013,0.01,0.0033,0.1187,0.0654,0.0088,0.0559,0.0109,0.130640545894783,0.1893
2026,,"Yassel Pino",,1,"steamer",2,1,0.9272,0.053,0.0259,0.0022,0.009,0.0034,0.1732,0.0857,0.0217,0.0872,0.0112,0.186798964624676,0.2262
2026,,"Yassel Soler","ARI",2,"steamer,oopsy",5,1,0.96776,0.02272,0.01028,0.00096,0.0052,0.00084,0.06928,0.03412,0.0074,0.03372,0.0028,0.0715879970240555,0.092
2026,,"Yasser Mercedes","MIN",2,"steamer,oopsy",5,1,0.96472,0.02736,0.01028,6e-04,0.0036,0.00248,0.06228,0.03276,0.00664,0.03036,0.00864,0.0645575918401194,0.08964
2026,,"Yaxson Lucena","STL",1,"steamer",2,1,0.912,0.0652,0.0182,0.0014,0.012,0.0024,0.1497,0.0731,0.0127,0.068,0.008,0.164144736842105,0.2149
2026,,"Yeferson Portolatin","STL",1,"steamer",2,1,0.8863,0.0909,0.0153,0.0011,0.012,0.0044,0.1194,0.0673,0.0068,0.0531,0.0147,0.134717364323592,0.2103
2026,,"Yeicer Crespo",,1,"steamer",2,1,0.9302,0.049,0.0129,0.0012,0.01,0.0024,0.1141,0.0575,0.0092,0.0539,0.0078,0.122661793162761,0.1631
2026,,"Yeider Mindiola","NYM",1,"steamer",2,1,0.9231,0.0561,0.0133,0.0013,0.01,0.0031,0.125,0.0669,0.0133,0.0631,0.0105,0.135413281334633,0.1811
2026,,"Yeiferth Castillo","CLE",2,"steamer,oopsy",5,1,0.97112,0.02056,0.00724,0.00052,0.004,0.00096,0.06236,0.02836,0.00504,0.0274,0.00324,0.0642145151989456,0.08292
2026,,"Yeiker Reyes","COL",2,"steamer,oopsy",5,1,0.96588,0.0258,0.00996,0.00088,0.004,0.00324,0.07008,0.03248,0.0042,0.02836,0.01072,0.0725555969685675,0.09588
2026,,"Yeiner Fernandez","LAD",2,"steamer,oopsy",5,2.566224,0.959169657170292,0.0309222143560449,0.0158435661450577,0.000594032012629283,0.00559854828341023,0.00091139158102027,0.0824239761085207,0.0400361301662476,0.00490686717281449,0.0352024998169079,0.00293761036382426,0.0859326350582075,0.113346190464566
2026,,"Yeison Acosta","BAL",1,"steamer",2,1,0.9251,0.0531,0.0131,0.0014,0.011,0.0024,0.118,0.0608,0.0085,0.0547,0.0082,0.127553777969949,0.1711
2026,,"Yeison Morrobel","TEX",2,"steamer,oopsy",5,1,0.96764,0.02444,0.01144,0.00068,0.0036,0.00124,0.069,0.03396,0.00712,0.03296,0.00396,0.0713075110578314,0.09344
2026,,"Yeisy Celesten","TEX",1,"steamer",2,1,0.9151,0.0641,0.0163,0.0011,0.01,0.0027,0.1317,0.0702,0.0143,0.0658,0.009,0.143918697410119,0.1958
2026,,"Yelinson Betances","LAA",1,"steamer",2,1,0.9344,0.0438,0.0134,0.0014,0.011,0.0035,0.1288,0.0631,0.014,0.0624,0.0116,0.137842465753425,0.1726
2026,,"Yelserth Ayala",,1,"steamer",2,1,0.9392,0.04,0.0177,0.0017,0.01,0.0042,0.149,0.0638,0.006,0.0587,0.0139,0.158645655877342,0.189
2026,,"Yemil Rosario",,1,"steamer",2,1,0.9312,0.048,0.0168,0.0016,0.01,0.0035,0.1359,0.0618,0.0061,0.0557,0.0115,0.145940721649485,0.1839
2026,,"Yendry Rojas",,2,"steamer,oopsy",5,1,0.96928,0.0228,0.00996,0.00072,0.0036,0.00188,0.06368,0.02836,0.00212,0.02468,0.0062,0.0656982502476065,0.08648
2026,,"Yeniel Laboy",,1,"steamer",2,1,0.9162,0.063,0.0207,0.002,0.01,0.0032,0.152,0.0756,0.0137,0.0706,0.0108,0.165902641344685,0.215
2026,,"Yensi De La Cruz","HOU",1,"steamer",2,1,0.9331,0.0471,0.0171,0.0023,0.009,0.0033,0.1453,0.0713,0.0148,0.0701,0.0111,0.155717500803772,0.1924
2026,,"Yensi Reyes",,1,"steamer",2,1,0.9332,0.045,0.017,0.0015,0.011,0.003,0.1372,0.0683,0.0155,0.0683,0.01,0.147021003000429,0.1822
2026,,"Yensi Rivas",,1,"steamer",2,1,0.9332,0.045,0.0166,0.0016,0.011,0.005,0.1387,0.062,0.0055,0.0552,0.0164,0.148628375482212,0.1837
2026,,"Yeral Martinez",,2,"steamer,oopsy",5,1,0.97288,0.0188,0.0088,8e-04,0.004,0.00144,0.05888,0.02964,0.0072,0.02992,0.00476,0.0605213387056985,0.07768
2026,,"Yerald Nin","ARI",2,"steamer,oopsy",5,1,0.96896,0.02352,0.00984,0.00136,0.0032,0.0028,0.06928,0.03052,0.00188,0.02624,0.00888,0.0714993394980185,0.0928
2026,,"Yeremi Villahermosa","LAA",2,"steamer,oopsy",5,1,0.96816,0.02312,0.0072,0.00072,0.0044,0.00144,0.05596,0.02712,0.00452,0.02496,0.00476,0.0578003635762684,0.07908
2026,,"Yeremy Cabrera","WSN",2,"steamer,oopsy",5,1,0.96288,0.028,0.00992,0.00088,0.0048,0.0026,0.06908,0.03368,0.00632,0.0308,0.009,0.0717431040212695,0.09708
2026,,"Yerlin Confidan","CIN",2,"steamer,oopsy",5,1,0.965,0.02748,0.01324,0.00088,0.0032,0.00164,0.06772,0.03368,0.00624,0.03144,0.00508,0.0701761658031088,0.0952
2026,,"Yerlin Luis","CLE",2,"steamer,oopsy",5,1,0.95984,0.03184,0.00704,6e-04,0.004,0.002,0.04916,0.02764,0.0048,0.024,0.0066,0.0512168694782464,0.081
2026,,"Yeuni Munoz","TOR",2,"steamer,oopsy",5,1,0.97056,0.02072,0.00948,0.00068,0.0044,0.0012,0.06168,0.03228,0.0086,0.03288,0.004,0.0635509396636993,0.0824
2026,,"Yeycol Soriano","CIN",2,"steamer,oopsy",5,1,0.97068,0.0214,0.00676,0.00052,0.0036,0.00128,0.054,0.02656,0.0048,0.02504,0.00416,0.0556311039683521,0.0754
2026,,"Yhoan Escalona","PHI",1,"steamer",2,1,0.9271,0.0521,0.0143,0.0013,0.01,0.0029,0.1211,0.0617,0.0094,0.0569,0.0095,0.130622370833783,0.1732
2026,,"Yhoangel Aponte","TOR",2,"steamer,oopsy",5,1,0.97092,0.02036,0.00992,0.00068,0.0044,0.00132,0.06088,0.03152,0.00772,0.03164,0.00428,0.0627034153174309,0.08124
2026,,"Yhoswar Garcia",,2,"steamer,oopsy",5,1,0.97088,0.0216,0.01208,0.00112,0.0032,0.00992,0.07524,0.03616,0.00376,0.02996,0.03296,0.0774967040210943,0.09684
2026,,"Yiddi Cappe","MIA",2,"steamer,oopsy",5,1,0.97436,0.01852,0.0128,0.00084,0.0028,0.00396,0.07556,0.032,0.00404,0.03004,0.0122,0.0775483394228006,0.09408
2026,,"Yidel Diaz",,1,"steamer",2,1,0.9312,0.048,0.0149,0.0014,0.01,0.0031,0.1278,0.064,0.0123,0.0617,0.0104,0.137242268041237,0.1758
2026,,"Yilber Herrera","MIN",2,"steamer,oopsy",5,1,0.95944,0.03224,0.00684,0.00056,0.004,0.00188,0.04832,0.02696,0.00324,0.0222,0.00596,0.050362711581756,0.08056
2026,,"Yimmy Diaz",,1,"steamer",2,1,0.9252,0.052,0.0145,0.0014,0.012,0.0033,0.1291,0.0656,0.0123,0.0621,0.0109,0.139537397319498,0.1811
2026,,"Yimy Tovar","SDP",2,"steamer,oopsy",5,1,0.96968,0.0216,0.00764,0.00056,0.0044,0.00148,0.05848,0.02696,0.00296,0.02408,0.00484,0.0603085553997195,0.08008
2026,,"Yirer Garcia","TBR",2,"steamer,oopsy",5,1,0.96052,0.03076,0.00804,0.00076,0.0044,0.00108,0.06188,0.02952,0.00344,0.02564,0.0036,0.0644234373047932,0.09264
2026,,"Ynmanol Mariñez",,1,"steamer",2,1,0.9242,0.056,0.0296,0.0026,0.009,0.0035,0.174,0.0802,0.0127,0.0756,0.0115,0.188270937026618,0.23
2026,,"Yoander Rivero","WSN",2,"steamer,oopsy",5,1,0.96172,0.02996,0.01064,0.00092,0.004,0.00124,0.06172,0.0294,0.00328,0.02536,0.00392,0.0641766834421661,0.09168
2026,,"Yoander Santana","PIT",1,"steamer",2,1,0.944,0.0352,0.0172,0.002,0.01,0.0028,0.1405,0.064,0.0122,0.0649,0.0093,0.148834745762712,0.1757
2026,,"Yoeilin Cespedes","BOS",2,"steamer,oopsy",5,1,0.97408,0.0188,0.01292,0.0012,0.0028,0.0014,0.07316,0.0332,0.006,0.0328,0.00456,0.0751067674113009,0.09196
2026,,"Yoelqui Céspedes","CHW",1,"steamer",2,1,0.9141,0.0621,0.0395,0.003,0.013,0.0049,0.1966,0.0961,0.0236,0.0957,0.0151,0.215074937096598,0.2587
2026,,"Yoelvis Betancourt","ATL",1,"steamer",2,1,0.9245,0.0517,0.0156,0.0015,0.013,0.0024,0.1359,0.0675,0.0102,0.0623,0.0081,0.146998377501352,0.1876
2026,,"Yoerny Junco","STL",2,"steamer,oopsy",5,1,0.97468,0.017,0.00712,6e-04,0.004,0.00152,0.0568,0.02452,0.00244,0.02276,0.00496,0.0582755365863668,0.0738
2026,,"Yoffry Solano","MIA",2,"steamer,oopsy",5,1,0.97396,0.01732,0.00788,0.00084,0.0044,0.00156,0.06188,0.02592,0.00236,0.02396,0.0052,0.0635344367325147,0.0792
2026,,"Yohairo Cuevas","NYM",2,"steamer,oopsy",5,1,0.95536,0.03592,0.01228,0.00064,0.0044,0.002,0.065,0.03428,0.00404,0.02824,0.00676,0.0680371797018925,0.10092
2026,,"Yohander Linarez","BOS",2,"steamer,oopsy",5,1,0.97768,0.0144,0.01112,0.00124,0.0036,0.00136,0.07068,0.02904,0.00296,0.02768,0.00444,0.0722935929956632,0.08508
2026,,"Yohander Martinez",,2,"steamer,oopsy",5,1,0.95888,0.0312,0.0086,0.00072,0.0056,0.00124,0.06156,0.03036,0.00308,0.0254,0.00404,0.0641998998831971,0.09276
2026,,"Yohandy Morales","WSN",4,"batx,steamer,oopsy,atc",9,57.0611777777778,0.91398855097181,0.0699361044987663,0.0402804763842376,0.0019482884154876,0.00504742365616006,0.00146697680659383,0.210940926796979,0.0994769397689738,0.0194909386274573,0.0953734378685532,0.00485488380199979,0.230791651134682,0.280877031295745
2026,,"Yohangel Moris",,1,"steamer",2,1,0.9342,0.046,0.0138,0.0013,0.009,0.0029,0.1158,0.0593,0.0119,0.0578,0.0095,0.123956326268465,0.1618
2026,,"Yohendrick Pinango","TOR",2,"steamer,oopsy",5,2.359148,0.956608994808851,0.0358810060324657,0.0176540006866961,0.000964103077171449,0.00320154984117311,0.00103686557356175,0.078492542981034,0.0409016182833963,0.00795839804268885,0.0378092121868086,0.00350169513878309,0.0820529008267567,0.1143735490135
2026,,"Yohendry Sanchez","SFG",1,"steamer",2,1,0.9298,0.0484,0.0182,0.0018,0.011,0.0022,0.1405,0.0645,0.0089,0.0608,0.0072,0.151107765110777,0.1889
2026,,"Yoiber Ocopio","SDP",2,"steamer,oopsy",5,1,0.96004,0.02964,0.0084,0.00064,0.006,0.00104,0.05472,0.02904,0.0042,0.02508,0.00348,0.0569976250989542,0.08436
2026,,"Yoiber Ruiz",,1,"steamer",2,1,0.9032,0.076,0.0151,0.0014,0.01,0.0033,0.1344,0.0691,0.0081,0.0585,0.011,0.148804251550044,0.2104
2026,,"Yojackson Laya","LAD",1,"steamer",2,1,0.9138,0.0634,0.0158,0.0013,0.012,0.0037,0.1337,0.0682,0.0052,0.0564,0.012,0.146312103304881,0.1971
2026,,"Yojancel Cabrera","LAA",1,"steamer",2,1,0.9264,0.0528,0.0183,0.0013,0.01,0.003,0.148,0.068,0.0115,0.064,0.0099,0.159758203799655,0.2008
2026,,"Yojanser Calzado","CIN",1,"steamer",2,1,0.9146,0.0656,0.0149,0.0015,0.009,0.0074,0.1332,0.0679,0.0089,0.0579,0.0254,0.145637437130986,0.1988
2026,,"Yolbert Sanchez",,1,"steamer",2,2.80821,0.931233775251851,0.0499962609633895,0.0348620651589447,0.00288439967096478,0.0080122213082355,0.00405952546283932,0.226799277831786,0.0880988245181094,0.00744246334853875,0.0810480697668622,0.0116088184288212,0.243547091889412,0.276795538795176
2026,,"Yolfran Castillo","TEX",2,"steamer,oopsy",5,1,0.97044,0.02124,0.01044,0.00104,0.004,0.00208,0.07044,0.03032,0.00228,0.0266,0.00708,0.072585631260047,0.09168
2026,,"Yonaiker Hernandez","SDP",1,"steamer",2,1,0.9512,0.027,0.0159,0.0013,0.011,0.0025,0.1434,0.0617,0.0103,0.0624,0.0083,0.150756938603869,0.1704
2026,,"Yonatan Henriquez","NYM",2,"steamer,oopsy",5,1,0.96308,0.0294,0.00996,0.00076,0.0032,0.0028,0.06668,0.034,0.00552,0.03028,0.009,0.069236200523321,0.09608
2026,,"Yonathan Perlaza",,2,"steamer,oopsy",5,1,0.95488,0.038,0.02068,0.00088,0.0028,0.00212,0.08552,0.04564,0.01124,0.04388,0.00604,0.0895609919571046,0.12352
2026,,"Yoneiker Lugo","MIL",1,"steamer",2,1,0.9229,0.0573,0.0167,0.0014,0.009,0.0024,0.1413,0.067,0.0101,0.0625,0.0081,0.153104344999458,0.1986
2026,,"Yongkyu Lee",,1,"steamer",2,1,0.8982,0.078,0.0302,0.0042,0.013,0.004,0.2017,0.0929,0.0117,0.0816,0.0134,0.22456023157426,0.2797
2026,,"Yophery Rodriguez","BOS",2,"steamer,oopsy",5,1,0.96092,0.03196,0.01468,0.00188,0.0028,0.00152,0.0744,0.03668,0.00548,0.03312,0.00484,0.0774258002747367,0.10636
2026,,"Yorber Semprun","NYM",1,"steamer",2,1,0.9404,0.0388,0.0185,0.0014,0.01,0.0034,0.1497,0.0653,0.0067,0.0605,0.0116,0.159187579753296,0.1885
2026,,"Yordalin Peña","STL",2,"steamer,oopsy",5,1,0.97232,0.01976,0.0114,0.00092,0.0036,0.00224,0.06692,0.03076,0.00532,0.02972,0.00716,0.0688250781635675,0.08668
2026,,"Yordani Martinez","MIA",1,"steamer",2,1,0.9128,0.0644,0.0179,0.002,0.012,0.0057,0.1298,0.0639,0.0056,0.0539,0.0194,0.142199824715162,0.1942
2026,,"Yordani Soto","CHW",1,"steamer",2,1,0.9241,0.0551,0.0154,0.0012,0.01,0.0043,0.1324,0.0617,0.0071,0.0551,0.0142,0.143274537387729,0.1875
2026,,"Yordany De Los Santos","PIT",2,"steamer,oopsy",5,1,0.97316,0.01932,0.01184,0.00072,0.0032,0.0042,0.07052,0.03196,0.0046,0.02972,0.01384,0.072464959513338,0.08984
2026,,"Yordys Valdes",,2,"steamer,oopsy",5,2.381076,0.972493930635189,0.0199969007498838,0.0141667171979186,0.0014014000525525,0.00319806678659417,0.00228176675223292,0.0719115860300178,0.0327801845625903,0.00481506684723167,0.0308757178245061,0.00782448362675147,0.0739455371027852,0.0919084867799016
2026,,"Yorfran John",,1,"steamer",2,1,0.9432,0.036,0.0157,0.0016,0.01,0.0034,0.1437,0.0616,0.0068,0.0583,0.0113,0.15235368956743,0.1797
2026,,"Yorfran Medina",,1,"steamer",2,1,0.9142,0.06,0.0138,0.0012,0.015,0.0027,0.1158,0.0682,0.0178,0.0662,0.0089,0.126668125136732,0.1758
2026,,"Yorger Bautista","SEA",1,"steamer",2,1,0.9404,0.0378,0.014,0.001,0.011,0.0023,0.1201,0.0615,0.0155,0.0639,0.0078,0.127711612079966,0.1579
2026,,"Yorman Licourt","TOR",2,"steamer,oopsy",5,1,0.97016,0.02192,0.00832,0.00056,0.0036,0.00088,0.05608,0.02892,0.00656,0.02844,0.00296,0.0578048981611281,0.078
2026,,"Yorvin Morla","SDP",1,"steamer",2,1,0.9041,0.0731,0.0151,0.0014,0.012,0.0041,0.127,0.0649,0.005,0.0523,0.0135,0.140471186815618,0.2001
2026,,"Yorvit Diaz","ATH",1,"steamer",2,1,0.9411,0.0381,0.0192,0.0016,0.01,0.0031,0.153,0.0654,0.0057,0.0595,0.0105,0.162575709276379,0.1911
2026,,"Yosander Asencio",,2,"steamer,oopsy",5,1,0.96088,0.0316,0.00828,8e-04,0.0032,0.0012,0.05424,0.0298,0.0058,0.02696,0.004,0.0564482557655482,0.08584
2026,,"Yosmar Gimenez",,1,"steamer",2,1,0.9212,0.058,0.0147,0.0014,0.01,0.0031,0.1328,0.0664,0.0109,0.0613,0.0103,0.144159791576205,0.1908
2026,,"Yosneiker Rivas","SFG",1,"steamer",2,1,0.9239,0.0553,0.0203,0.0017,0.01,0.0025,0.1452,0.0657,0.0069,0.0594,0.0082,0.157159865786341,0.2005
2026,,"Yosweld Vasquez","HOU",2,"steamer,oopsy",5,1,0.97164,0.01924,0.00684,0.00052,0.0048,0.0012,0.05304,0.02668,0.00472,0.02532,0.00408,0.0545881190564406,0.07228
2026,,"Yosy Galan",,1,"steamer",2,1,0.9182,0.06,0.0268,0.003,0.011,0.007,0.1619,0.0906,0.0274,0.0923,0.0227,0.176323241123938,0.2219
2026,,"Yovanny Duran","MIN",1,"steamer",2,1,0.9047,0.0735,0.0171,0.0015,0.011,0.0054,0.137,0.0706,0.0085,0.0593,0.018,0.151431413728308,0.2105
2026,,"Yovanny Rodriguez","NYM",1,"steamer",2,1,0.919,0.0602,0.0173,0.0013,0.01,0.0021,0.1289,0.066,0.0097,0.0595,0.0069,0.140261153427639,0.1891
2026,,"Yoxander Benitez","SFG",1,"steamer",2,1,0.9357,0.0435,0.0175,0.0021,0.01,0.0044,0.1462,0.0626,0.005,0.0568,0.0148,0.156246660254355,0.1897
2026,,"Yoyner Fajardo",,2,"steamer,oopsy",5,2.16636,0.961694629587068,0.0303991419597027,0.0155979468321459,0.00150157052018693,0.00359559743609387,0.00449449679511734,0.0857529558977502,0.0399090885875533,0.00546489951224495,0.0352920146071146,0.0133506984345872,0.0891685918372766,0.116152097857453
2026,,"Yulian Barreto","SFG",1,"steamer",2,1,0.9189,0.0593,0.0175,0.002,0.011,0.0026,0.1529,0.0669,0.0053,0.0585,0.0086,0.166394602241811,0.2122
2026,,"Yunior Amparo","NYM",1,"steamer",2,1,0.9211,0.0581,0.0162,0.0014,0.01,0.0037,0.1425,0.0732,0.0144,0.0689,0.0123,0.154706329388774,0.2006
2026,,"Yunior Garcia",,1,"steamer",2,1,0.9342,0.045,0.0283,0.0026,0.01,0.0032,0.1833,0.0893,0.0252,0.0942,0.0106,0.196210661528581,0.2283
2026,,"Yunior Quezada","LAD",1,"steamer",2,1,0.9386,0.0396,0.0163,0.0012,0.011,0.0025,0.1308,0.0675,0.0142,0.0673,0.0082,0.139356488386959,0.1704
2026,,"Yunior Severino",,2,"steamer,oopsy",5,7.62172,0.956972365745145,0.035519502344155,0.0155927607480788,0.00102083250257772,0.00319921614647123,0.000818033188449554,0.0770455102168699,0.0413665027941872,0.0108395094079513,0.0402727536842825,0.00267740667528754,0.0805096499906542,0.112565012561025
2026,,"Zac Cook",,1,"steamer",2,1,0.9132,0.061,0.0358,0.0035,0.015,0.0046,0.1844,0.1009,0.0312,0.1042,0.0153,0.201927288655278,0.2454
2026,,"Zac Fascia",,1,"steamer",2,1,0.9202,0.057,0.0254,0.0027,0.012,0.0031,0.165,0.0805,0.0158,0.0774,0.0103,0.179308845903065,0.222
2026,,"Zach Arnold","PHI",2,"steamer,oopsy",5,1,0.97004,0.02124,0.01336,0.00104,0.0044,0.00116,0.07464,0.03568,0.00772,0.0354,0.00384,0.0769452806069853,0.09588
2026,,"Zach Daniels",,1,"steamer",2,1,0.9112,0.069,0.0366,0.0029,0.009,0.0059,0.1978,0.1033,0.029,0.104,0.0201,0.217076382791923,0.2668
2026,,"Zach Daudet","HOU",2,"steamer,oopsy",5,1,0.96484,0.02684,0.00936,0.00076,0.004,0.00208,0.066,0.03376,0.00672,0.03148,0.00688,0.0684051241656648,0.09284
2026,,"Zach Ehrhard","LAD",2,"steamer,oopsy",5,1,0.956,0.03488,0.01728,0.00096,0.0048,0.00324,0.08264,0.0466,0.0106,0.04336,0.01152,0.0864435146443515,0.11752
2026,,"Zach Evans","SDP",2,"steamer,oopsy",5,1,0.97128,0.0208,0.01156,0.00068,0.0036,0.00116,0.07524,0.03244,0.0046,0.0306,0.00392,0.0774647887323944,0.09604
2026,,"Zach Humphreys","LAA",2,"steamer,oopsy",5,1,0.95664,0.03584,0.01512,0.00072,0.0032,0.00216,0.07132,0.03544,0.00512,0.03064,0.00688,0.0745526007693594,0.10716
2026,,"Zach Kokoska","COL",2,"steamer,oopsy",5,1.78446,0.962291677219999,0.027800010131199,0.0160478192594094,0.00122925214865846,0.00560593012849737,0.00253955388953616,0.0760650422977559,0.0428076929571281,0.0135352819006129,0.0434425814295122,0.008415649325431,0.0790457239716581,0.103865052428955
2026,,"Zach Levenson","STL",2,"steamer,oopsy",5,1,0.95416,0.03712,0.0158,0.00096,0.0044,0.0016,0.07856,0.04124,0.0094,0.03892,0.00512,0.0823341997149325,0.11568
2026,,"Zach MacDonald","DET",2,"steamer,oopsy",5,1,0.96668,0.0242,0.0076,0.00072,0.0048,0.00208,0.05356,0.02868,0.00612,0.02692,0.00704,0.0554061323292092,0.07776
2026,,"Zach Morgan","SFG",2,"steamer,oopsy",5,1,0.95968,0.0324,0.01524,0.00116,0.0036,0.00116,0.0764,0.03696,0.00604,0.03392,0.004,0.0796098699566522,0.1088
2026,,"Zach Zubia",,1,"steamer",2,1,0.8692,0.11,0.0299,0.0028,0.01,0.003,0.171,0.1018,0.0264,0.0942,0.0098,0.196732627703636,0.281
2026,,"Zander Darby","SFG",2,"steamer,oopsy",5,1,0.9632,0.02848,0.01204,0.00092,0.004,0.00132,0.06816,0.03304,0.00548,0.03048,0.00452,0.0707641196013289,0.09664
2026,,"Zane Zielinski","SFG",2,"steamer,oopsy",5,1,0.96556,0.02492,0.01,0.00112,0.0052,0.00276,0.06968,0.03124,0.00304,0.02712,0.00912,0.0721653755333692,0.0946
2026,,"Zavier Warren","CIN",2,"steamer,oopsy",5,1.417608,0.96017260105087,0.0323284507979374,0.0126221856928993,0.00168295809238657,0.0032093619436209,0.00123286464907388,0.0715648574867173,0.0384927740433068,0.00970636295143883,0.037279478674377,0.00412911811039031,0.0745333259961724,0.103893308284655
2026,,"Zeus Nunez",,1,"steamer",2,1,0.9442,0.035,0.0123,0.0012,0.01,0.0022,0.115,0.0555,0.0111,0.0559,0.0075,0.12179622961237,0.15
2026,,"Zyhir Hope","LAD",2,"steamer,oopsy",5,1,0.956,0.03608,0.01256,0.00068,0.0036,0.00208,0.07152,0.04044,0.00872,0.037,0.00692,0.0748117154811715,0.1076
