"projection_system","projection_type","season","playerid","name","team","ab","pa","h","x2b","x3b","bb","hbp","r","hr","rbi","sb","cs","avg","ab_per_pa","bb_per_pa","x2b_per_pa","x3b_per_pa","hbp_per_pa","cs_per_pa","r_per_pa","hr_per_pa","rbi_per_pa","sb_per_pa","h_per_pa","obp"
"atc","atc",2026,2396,"Carlos Santana","ARI",300.004,339.197,66.4698,12.92,0.223175,34.8859,1.933,36.1823,9.38517,38.8992,3.25978,0.598582,0.221563,0.884453577124798,0.102848492174164,0.0380899595220477,0.000657950984236299,0.00569875323189769,0.00176470310763362,0.106670459939209,0.0276687883442365,0.114680259554182,0.00961028546832667,0.19596222843952,0.298810720613685
"atc","atc",2026,2967,"Tommy Pham",,213.698,238.819,51.4967,9.74858,0.431623,21.7744,1.54079,26.8403,5.75108,24.3817,4.13827,1.29642,0.240979,0.894811551844703,0.0911753252463162,0.0408199515113957,0.00180732270045516,0.00645170610378571,0.0054284625595116,0.11238762410026,0.0240813335622375,0.102092798311692,0.0173280601627174,0.215630665901792,0.306805991148108
"atc","atc",2026,4949,"Giancarlo Stanton","NYY",350.273,392.001,78.6444,12.2775,0.148726,37.3263,1.82886,46.7785,23.2229,63.3638,0.428638,0.115238,0.224523,0.89355129196099,0.0952199101532904,0.0313200731630787,0.000379402093362007,0.00466544728202224,0.000293973739862909,0.119332603743358,0.0592419407093349,0.161641934586902,0.00109346149627169,0.200622957594496,0.295842867747786
"atc","atc",2026,5235,"Justin Turner",,148.015,166.245,35.3675,7.24986,0.111329,13.651,2.48821,16.809,3.60624,17.2657,1.03051,0.233059,0.238945,0.890342566693735,0.0821137477818882,0.0436094920147974,0.00066966826069957,0.0149671268308821,0.00140190080904689,0.101109807813769,0.0216923215735812,0.103856958104003,0.00619874281933291,0.212743240398207,0.294856988180096
"atc","atc",2026,5361,"Freddie Freeman","LAD",540.042,617.716,150.325,33.2619,1.78103,64.6499,7.8666,83.9038,22.2408,84.0976,7.62912,2.15122,0.278359,0.874256130649036,0.104659584663502,0.0538465896949407,0.00288325055527135,0.0127349785338246,0.00348253890137215,0.135829086505773,0.0360048954535741,0.136142822915385,0.0123505300170305,0.243356170149389,0.348015754812891
"atc","atc",2026,5417,"Jose Altuve","HOU",539.859,599.634,141.549,25.4532,0.92051,50.0845,5.21987,78.2039,19.9974,67.6747,11.8628,3.69248,0.262196,0.900314191656911,0.0835251169880294,0.0424478932148611,0.00153511975638473,0.00870509344033194,0.0061578896460174,0.130419389160721,0.0333493430992906,0.112860011273544,0.0197834012080703,0.236058995987552,0.319584112975582
"atc","atc",2026,5517,"Kyle Higashioka","TEX",252.796,274.142,55.8001,11.2068,0.749592,16.9022,1.22224,27.5488,10.2335,34.7345,2.19553,0.597174,0.220731,0.922135243778772,0.0616549087699076,0.0408795441778348,0.00273432016983899,0.00445841935931014,0.00217833823347025,0.100490986423095,0.0373291943591278,0.126702584791823,0.00800873270057124,0.203544513427348,0.265199422197255
"atc","atc",2026,5827,"Wilmer Flores",,186.371,207.48,42.8152,7.60515,0.133406,16.3169,2.60487,21.0878,6.45433,24.2425,0.401076,0.11409,0.229731,0.898260073260073,0.0786432427221901,0.0366548582995951,0.000642982456140351,0.0125548004626952,0.000549884326200116,0.101637748216696,0.0311082032003085,0.116842587237324,0.00193308270676692,0.206358203200308,0.285001445922499
"atc","atc",2026,7304,"Salvador Perez","KCR",533.053,576.48,133.377,24.6916,0.595278,29.2392,10.0369,60.5075,26.4783,88.1364,0.129308,0.13429,0.250214,0.924668678878712,0.0507202331390508,0.0428316680543991,0.00103260824313072,0.0174106647238412,0.000232948237579795,0.104960276158757,0.0459309950041632,0.152887177352206,0.000224306133777408,0.231364487926728,0.282084721065779
"atc","atc",2026,7739,"Travis d'Arnaud","LAA",202.501,220.999,44.0257,9.42111,0.546731,14.0054,3.14499,21.8621,7.18586,24.6077,0.263422,0.177119,0.21741,0.916298263793049,0.063373137435011,0.0426296499079181,0.00247390712175168,0.014230788374608,0.000801447065371337,0.0989239770315703,0.0325153507481934,0.111347562658655,0.00119196014461604,0.199212213629926,0.262585351064937
"atc","atc",2026,7802,"Miguel Rojas","LAD",162.223,177.65,40.2566,8.26543,0.228554,11.7005,1.30211,20.2235,3.1997,17.0316,2.48316,0.851853,0.248156,0.913160709259781,0.0658626512806079,0.04652648466085,0.00128654095130875,0.00732963692654095,0.00479511961722488,0.113839009287926,0.0180112580917534,0.0958716577540107,0.0139778215592457,0.226606248240923,0.292468899521531
"atc","atc",2026,8623,"Donovan Solano",,18.9552,20.711,4.65861,0.835784,0.0488119,1.25082,0.340993,1.97319,0.352339,2.0311,0.0497078,0.0163387,0.245769,0.915223794119067,0.0603939935300082,0.0403545941770074,0.00235681039061368,0.0164643426198638,0.000788889961856019,0.0952725604751098,0.0170121674472503,0.0980686591666264,0.00240006759692917,0.224934092994061,0.285328086524069
"atc","atc",2026,9218,"Paul Goldschmidt","NYY",329.102,362.067,81.935,16.7056,0.326583,29.0215,1.89679,43.4086,10.9566,39.1476,3.94593,1.06311,0.248966,0.908953315270378,0.080155054175056,0.0461395266621924,0.000901996039407071,0.00523878177243438,0.00293622451093306,0.119891069884856,0.0302612499896428,0.108122529808019,0.010898342019571,0.226297895140955,0.306452949316011
"atc","atc",2026,9241,"Starling Marte","KCR",230.353,253.834,59.1246,10.4122,0.9744,15.8911,4.51914,29.4993,5.5327,25.7481,6.88448,1.84098,0.256669,0.907494661865629,0.0626043004483245,0.0410197215503045,0.00383872924824886,0.0178035251384763,0.00725269270468101,0.116214927866243,0.0217965284398465,0.1014367657603,0.0271219773552794,0.232926243135277,0.295530543583602
"atc","atc",2026,9774,"Christian Vázquez","HOU",106.26,116.257,23.3858,4.08884,0.0424352,7.34382,0.992783,10.7922,2.16501,10.3229,0.939623,0.344597,0.220081,0.914009478999114,0.0631688414461065,0.0351706993987459,0.000365011999277463,0.0085395546074645,0.0029640967855699,0.092830539236347,0.0186226205733848,0.0887937930619232,0.00808229181898724,0.201156059420078,0.264324900866184
"atc","atc",2026,9777,"Nolan Arenado","ARI",511.357,558.957,128.874,24.5628,1.30697,38.0403,4.08937,60.3415,16.0921,69.2275,3.0167,1.05426,0.252023,0.914841392092773,0.0680558611843129,0.0439439885357908,0.002338229953288,0.00731607261381466,0.00188612004143431,0.10795374241668,0.028789513325712,0.123851208590285,0.00539701622843976,0.230561563769664,0.298617424953977
"atc","atc",2026,9847,"Andrew McCutchen","TEX",172.654,198.602,39.0535,7.38512,0.105217,23.0386,1.65449,21.5696,5.58503,20.4157,1.09818,0.479715,0.226196,0.869346733668342,0.116003867030543,0.0371855268325596,0.000529788219655391,0.00833068146342937,0.00241545905882116,0.108607164076898,0.0281217208285919,0.102797051389211,0.00552955156544244,0.196642027774141,0.312645894804685
"atc","atc",2026,9874,"DJ LeMahieu",,95.5344,106.673,22.5463,3.52228,0.301378,9.65537,0.481369,10.7854,1.83745,9.82123,0.59467,0.209036,0.236002,0.895581824829151,0.0905137194979048,0.0330194144722657,0.00282525100072183,0.00451256644136754,0.00195959614897865,0.101107121764645,0.0172250710114087,0.0920685646789722,0.00557470025217253,0.2113590130586,0.301872732556504
"atc","atc",2026,10155,"Mike Trout","LAA",423.273,501.589,99.287,16.8469,1.66397,68.3123,6.05559,65.7332,24.1793,63.5793,3.41174,0.856514,0.23457,0.843864199573755,0.136191782515167,0.0335870603222957,0.00331739731134455,0.0120728126015523,0.00170760124324895,0.131049923343614,0.0482054032285397,0.126755770162424,0.00680186367723375,0.197944931009253,0.334136713524419
"atc","atc",2026,10231,"Jose Iglesias",,146.49,159.418,37.2682,6.90727,0.224462,8.34194,2.59514,15.963,1.7778,14.9434,1.97656,0.553769,0.254409,0.918905016999335,0.0523274661581503,0.0433280432573486,0.0014080091332221,0.0162788392778733,0.00347369180393682,0.100132983728312,0.0111518147260661,0.0937372191346021,0.0123985999071623,0.233776612427706,0.286104078585856
"atc","atc",2026,10243,"Randal Grichuk","NYY",144.43,156.969,34.5972,7.35228,0.668015,9.84929,1.36738,18.3353,5.9205,18.6934,0.356968,0.144754,0.239544,0.920117985079857,0.0627467206900726,0.0468390573934981,0.0042557129114666,0.00871114678694519,0.00092218208690888,0.116808414400296,0.0377176385146112,0.119089756576139,0.00227413056081137,0.220407851231772,0.283154571921844
"atc","atc",2026,10324,"Marcell Ozuna","PIT",448.867,519.846,108.758,19.0691,0.180563,63.6716,3.00248,61.434,21.4933,67.6131,0.264273,0.115366,0.242295,0.863461486671053,0.122481658029493,0.0366822097313435,0.000347339404362061,0.00577571049887851,0.000221923415780827,0.118177306356113,0.0413455138637212,0.130063711176002,0.000508367862790134,0.209211958926297,0.331693616955791
"atc","atc",2026,10472,"Enrique Hernández","LAD",178.263,195.811,40.027,8.45426,0.148797,13.6611,1.04947,21.9915,5.9651,23.3821,0.923439,0.275967,0.224539,0.910382971334603,0.0697667648906343,0.0431756132188692,0.000759901129150048,0.00535960696794358,0.0014093539178085,0.112309829376286,0.030463559248459,0.119411575447753,0.00471597101286445,0.204416503669355,0.274183268559989
"atc","atc",2026,10681,"Gio Urshela","MIN",107.599,116.015,26.7615,5.24036,0.118878,6.91189,0.247919,10.788,1.86499,11.4064,0.354175,0.144786,0.248715,0.927457656337543,0.0595775546265569,0.0451696763349567,0.00102467784338232,0.0021369564280481,0.00124799379390596,0.0929879756927983,0.0160754212817308,0.0983183209067793,0.00305283799508684,0.230672757833039,0.290250312459596
"atc","atc",2026,11442,"Gary Sánchez","MIL",148.131,166.37,32.1104,5.42479,0.107692,13.2932,3.59848,18.5735,7.17354,23.4008,0.306843,0.0837986,0.216771,0.890370860131033,0.0799014245356735,0.032606780068522,0.000647304201478632,0.0216293802969285,0.000503688164933582,0.111639718699285,0.0431179900222396,0.140655166195829,0.00184434092684979,0.193005950592054,0.272907375127727
"atc","atc",2026,11445,"Mark Canha","TEX",89.441,102.684,20.3024,4.14291,0.101896,9.03053,2.85993,10.2797,1.76449,9.09195,1.08616,0.236965,0.226992,0.871031514159947,0.0879448599587083,0.0403462077831016,0.000992325970939971,0.0278517587939698,0.00230771103579915,0.10011004635581,0.0171836897666628,0.088543005726306,0.010577694674925,0.197717268513108,0.285662128471816
"atc","atc",2026,11477,"Christian Yelich","MIL",505.865,576.382,130.639,21.719,1.4906,63.4165,4.21959,74.187,19.0989,74.0297,16.0583,3.90821,0.258248,0.877655790777644,0.110025122227967,0.0376816069898088,0.00258613211377177,0.00732082195488409,0.0067805899559667,0.128711514238821,0.0331358369969916,0.128438604952965,0.027860516116048,0.226653504099712,0.336678626327679
"atc","atc",2026,11493,"Manny Machado","SDP",570.56,628.873,149.969,26.9586,0.47816,51.1892,2.43806,79.0927,26.3867,88.1794,9.38786,2.62266,0.262845,0.907273805680956,0.0813983109467253,0.0428681148657996,0.000760344298451357,0.00387687180082465,0.00417041278604742,0.125768954940028,0.0419587102642346,0.140218136253266,0.014928069737451,0.238472632789132,0.319870943735858
"atc","atc",2026,11579,"Bryce Harper","PHI",522.806,606.447,142.277,31.6493,0.579417,74.4464,4.59986,82.2861,26.3438,84.3293,9.35051,3.41481,0.272141,0.862080280717029,0.122758295448737,0.0521880724943812,0.000955428916294416,0.00758493322582188,0.00563084655377964,0.135685558672069,0.0434395750988957,0.139054690681956,0.0154185114280391,0.234607476003674,0.35736577145241
"atc","atc",2026,11609,"Willson Contreras","BOS",489.415,562.667,122.762,24.9696,1.01882,52.2368,16.924,70.0714,21.9438,74.4061,4.72203,1.55075,0.250834,0.869812873333606,0.0928378596932111,0.0443772248950089,0.00181069797944432,0.030078181233305,0.00275607064213825,0.12453440489668,0.0389996214457219,0.13223825104369,0.00839222844062296,0.218178780699774,0.311016640392986
"atc","atc",2026,11680,"Elias Díaz","KCR",75.6456,82.0771,16.6803,2.35171,0.0403444,5.45941,0.316704,7.78381,1.83691,8.43271,0.123336,0.0515448,0.220506,0.921640749977765,0.0665156298163556,0.0286524499525446,0.000491542708014781,0.00385861586240255,0.000628004644413606,0.0948353438413394,0.0223802985241925,0.102741324924979,0.00150268467087653,0.203227209538349,0.269742839354704
"atc","atc",2026,11737,"Nick Castellanos","SDP",310.001,334.932,77.1089,14.6632,1.31097,19.2437,2.85494,38.3826,10.5397,40.7175,2.70668,0.752473,0.248737,0.925563995079598,0.0574555432147421,0.0437796328807041,0.00391413779513453,0.008523939187656,0.00224664409492076,0.114598187094694,0.0314681786153607,0.121569452903873,0.00808128217070928,0.23022255263755,0.287678095852292
"atc","atc",2026,11739,"J.T. Realmuto","PHI",431.855,473.693,109.086,21.1228,2.45693,31.0264,7.28635,54.6169,13.8628,53.7343,6.52637,2.10825,0.2526,0.911676972216182,0.065498962408142,0.0445917503530768,0.0051867559790835,0.0153820090227215,0.00445066741539351,0.115300204985085,0.0292653680759479,0.113436972891725,0.0137776365705214,0.230288393537587,0.295787355945729
"atc","atc",2026,11850,"Tyler Austin","CHC",140.719,157.4,33.9245,7.31557,0.117978,14.5771,0.91855,18.9295,6.05757,20.0486,0.378437,0.0983115,0.24108,0.894021601016518,0.0926118170266836,0.0464775730622618,0.000749542566709022,0.00583576874205845,0.000624596569250318,0.120263659466328,0.0384851969504447,0.127373570520966,0.00240430114358323,0.215530495552732,0.308142312579415
"atc","atc",2026,11899,"Joc Pederson","TEX",342.859,398.569,78.3538,14.0324,1.03734,44.6864,8.03255,48.0415,16.2798,49.1953,3.08361,0.998441,0.228531,0.86022495477571,0.112117098921391,0.0352069528739064,0.00260266101979833,0.0201534740534261,0.00250506436777572,0.120534963833113,0.0408456252242397,0.1234298201817,0.00773670305517991,0.196587792828845,0.308704891750236
"atc","atc",2026,12037,"Jon Berti",,128.88,142.264,30.7551,5.01211,0.844956,10.4656,1.34423,16.4254,1.73325,10.9254,7.9901,1.92184,0.238634,0.905921385592982,0.0735646403868863,0.0352310493167632,0.0059393521902941,0.00944884159028285,0.0135089692402857,0.115457178203903,0.0121833352077827,0.0767966597312039,0.0561638924815835,0.216183293032672,0.289747933419558
"atc","atc",2026,12144,"Max Kepler",,120.543,134.902,28.2009,5.63926,0.160971,11.9725,1.18702,15.4694,4.62772,15.5685,0.776835,0.134525,0.233949,0.893559769314021,0.0887496108286015,0.0418026419178367,0.0011932439845221,0.00879912825606737,0.000997205378719367,0.114671391083898,0.0343043097952588,0.115405998428489,0.0057585135876414,0.20904730841648,0.297796919245082
"atc","atc",2026,12158,"Austin Barnes","NYM",41.5301,45.6925,8.64855,1.01744,0.0396641,3.47636,0.194492,5.29148,0.445303,2.59798,0.318846,0.143158,0.208248,0.90890408710401,0.0760816326530612,0.0222671116704054,0.000868065875143623,0.00425654100782404,0.00313307435574766,0.11580631394649,0.00974564753515347,0.056857908847185,0.00697808174208021,0.189277233681676,0.265358866334738
"atc","atc",2026,12160,"Ben Gamel","ATL",70.2458,79.7566,15.5817,3.26883,0.0883908,8.51354,0.670862,8.86539,1.87915,7.42926,0.620624,0.216121,0.221816,0.880752188533613,0.106744018676824,0.0409850720818089,0.00110825687153164,0.00841136658282825,0.00270975693547619,0.111155565808974,0.0235610595236006,0.0931491563080673,0.00778147513810769,0.195365649990095,0.302109668666919
"atc","atc",2026,12161,"Xander Bogaerts","SDP",512.99,569.787,135.687,25.1606,1.19048,46.0046,4.43104,67.9574,13.0113,58.5489,16.7854,3.79036,0.264502,0.900318891094391,0.0807399958230005,0.0441579046204985,0.00208934215768348,0.00777666040116745,0.00665224022310091,0.119268077369263,0.0228353753244634,0.102755766628582,0.0294590785679561,0.238136356217323,0.318876352040324
"atc","atc",2026,12180,"Jorge Alfaro","KCR",25.8054,27.3315,5.64795,1.02189,0.0432938,1.03021,0.37992,2.65801,0.624797,2.73516,0.516644,0.10239,0.218867,0.944163328028099,0.037693137954375,0.0373887272926843,0.00158402575782522,0.013900444542012,0.00374622688107129,0.0972507912116057,0.0228599601192763,0.100073541518029,0.0189028776320363,0.206646177487514,0.244339315441889
"atc","atc",2026,12533,"Marcus Semien","NYM",518.425,579.676,124.495,22.4274,2.1582,51.968,3.97831,72.963,18.2051,67.4356,9.32961,2.07935,0.24014,0.894335801378701,0.089650080389735,0.0386895438141306,0.00372311429143177,0.00686298898005092,0.00358709002960274,0.125868588659872,0.0314056472926255,0.116333262029133,0.0160945252175353,0.214766524748308,0.304416605138043
"atc","atc",2026,12552,"Eugenio Suárez","CIN",531.794,598.277,124.272,22.704,0.789576,49.4183,10.6908,75.8546,33.701,94.6843,2.75188,0.873207,0.233685,0.888875888593411,0.0826010359749748,0.0379489768117444,0.00131974988174374,0.0178693147154245,0.00145953630174652,0.126788427434115,0.0563300945882927,0.158261641346734,0.00459967540119376,0.207716492527709,0.290317528502684
"atc","atc",2026,12564,"Trevor Story","BOS",529.604,574.534,131.315,26.1333,1.17451,35.19,5.42545,71.5836,19.6044,71.4296,22.3326,4.58724,0.24795,0.921797491532268,0.0612496388377363,0.0454860808933849,0.0020442828448795,0.00944321832998569,0.00798427943341908,0.124594192858908,0.0341222625640954,0.124326149540323,0.038870806601524,0.228559145324733,0.289808784162469
"atc","atc",2026,12856,"George Springer","TOR",499.885,568.33,129.77,22.0048,1.94831,57.7528,6.53989,82.1035,24.3521,71.2158,13.8368,2.75258,0.259599,0.879568208611194,0.101618425914521,0.0387183502542537,0.00342813154329351,0.0115072053208523,0.00484327767318283,0.144464483662661,0.0428485211056956,0.125307127901043,0.0243464184540672,0.228335650062464,0.329954075976985
"atc","atc",2026,12859,"James McCann","ARI",181.87,198.738,42.9881,8.4135,0.220825,11.1099,2.69822,20.9908,5.50435,23.7343,1.07825,0.338298,0.236367,0.915124435186024,0.0559022431543037,0.0423346315249223,0.00111113626986283,0.0135767694150087,0.00170223107810283,0.105620465135002,0.0276965150097113,0.119425072205617,0.00542548480914571,0.216305386991919,0.272207630146223
"atc","atc",2026,12916,"Francisco Lindor","NYM",553.988,626.227,143.017,27.8055,1.24158,55.95,10.5678,91.9132,24.8462,76.5745,22.5957,5.42488,0.25816,0.884644066768121,0.0893445986838639,0.0444016307185733,0.00198263568961415,0.016875350312267,0.00866280118870633,0.146772975294901,0.0396760280217876,0.122279141589232,0.036082283261501,0.22837884664826,0.317723445332124
"atc","atc",2026,12927,"Brandon Nimmo","TEX",544.033,616.096,136.223,24.5922,2.82473,58.0088,8.55115,78.4624,21.2697,71.7974,9.34611,1.9398,0.250394,0.883032839038072,0.0941554562925258,0.0399161818937308,0.00458488612164338,0.0138795739624994,0.00314853529320106,0.127354178569574,0.0345233535033501,0.116536059315431,0.0151698923544383,0.221106775567444,0.31526223185997
"atc","atc",2026,12976,"Austin Hedges","CLE",125.5,141.601,23.4277,3.91246,0.0369655,11.0402,1.3955,12.4251,3.28039,11.5693,1.26321,0.739206,0.186674,0.88629317589565,0.0779669635101447,0.0276301721033044,0.000261053947359129,0.00985515639013849,0.00522034448909259,0.0877472616718808,0.0231664324404489,0.0817035190429446,0.00892091157548322,0.165448690334108,0.243415653844253
"atc","atc",2026,12979,"Javier Báez","DET",342.332,363.6,79.2256,14.7216,1.21733,13.5546,4.55038,38.888,8.9293,41.3415,5.27144,1.29372,0.231429,0.941507150715071,0.0372788778877888,0.0404884488448845,0.00334799229922992,0.012514796479648,0.00355808580858086,0.106952695269527,0.0245580308030803,0.113700495049505,0.0144979097909791,0.217892189218922,0.255171067106711
"atc","atc",2026,13066,"Teoscar Hernández","LAD",509.631,553.842,131.887,25.6619,1.04734,34.7181,5.17928,70.6384,25.7022,83.0051,5.81472,1.86229,0.25879,0.920173984638218,0.0626859284777969,0.0463343336186132,0.00189104473839109,0.00935154791438714,0.00336249327425511,0.127542512124396,0.0464070980532354,0.149871443480271,0.0104988787415906,0.238131091538742,0.300817020016539
"atc","atc",2026,13145,"Josh Bell","MIN",475.746,539.206,117.299,20.1815,1.01619,55.0521,4.32575,60.1215,19.6396,64.3629,0.731204,1.05498,0.246559,0.882308431286002,0.102098455877717,0.0374281814371502,0.00188460439980267,0.00802244411226878,0.00195654351027251,0.111500057491942,0.0364231852019451,0.119366067885001,0.00135607541459108,0.217540235086405,0.319638690964121
"atc","atc",2026,13152,"Jorge Polanco","NYM",450.979,506.454,111.428,20.8658,0.304356,46.3867,3.44669,60.9937,21.1242,68.3155,5.23652,1.88795,0.24708,0.890463892081018,0.0915911415449379,0.041199793071039,0.000600954874480209,0.0068055341649982,0.00372778179262085,0.120432852736872,0.0417100072267175,0.13488984192049,0.0103395767433962,0.220016033045449,0.311607174590387
"atc","atc",2026,13185,"Orlando Arcia","MIN",120.414,131.013,26.8146,5.1755,0.082323,8.73866,0.605203,11.9465,3.08264,12.7631,0.264388,0.135642,0.222686,0.919099631334295,0.0667007090899376,0.0395037133719555,0.000628357491241327,0.00461941181409478,0.00103533237159671,0.0911856075351301,0.0235292680878997,0.0974185767824567,0.00201802874523902,0.204671292161847,0.271372001251784
"atc","atc",2026,13301,"Max Muncy","LAD",367.919,442.737,81.6809,15.3068,1.08309,64.3781,5.8602,59.2323,20.8274,62.2347,2.87381,0.585294,0.222008,0.831010283757626,0.145409351375647,0.0345731212887109,0.00244635076806321,0.0132363005576674,0.00132199025606624,0.133786649862108,0.0470423750443265,0.140568102507809,0.00649100933511317,0.184490792502095,0.329900143877742
"atc","atc",2026,13324,"Ildemaro Vargas","ARI",90.9742,99.0376,21.7476,4.16169,0.692526,5.45827,0.898673,9.46106,1.04633,9.62228,0.950923,0.300125,0.239052,0.918582437377319,0.0551131085567502,0.0420213131174423,0.00699255636243205,0.00907405874132653,0.0030304147111804,0.0955299805326462,0.0105649773419388,0.0971578471206895,0.00960163614627172,0.219589327689686,0.274702436246436
"atc","atc",2026,13355,"Luke Maile","KCR",86.955,99.0532,18.5565,3.71139,0.146448,8.6052,1.30754,9.71106,1.8644,9.07311,1.37758,0.328454,0.213403,0.877861593567901,0.0868745280314013,0.0374686532085788,0.00147847823189963,0.0132003812092896,0.00331593527518546,0.0980388316581393,0.0188222086717037,0.091598353208175,0.0139074759826033,0.187338723029645,0.274213251061046
"atc","atc",2026,13419,"Christian Walker","HOU",508.096,567.926,117.509,21.6073,0.775511,46.297,8.34256,67.2272,25.6823,77.7554,2.96443,1.02574,0.231274,0.89465176801203,0.0815194233051489,0.0380459778210541,0.0013655141690995,0.0146895194092188,0.00180611558548121,0.118373168335311,0.0452212083968686,0.136911146874769,0.00521974693886175,0.206908998707578,0.288428422012727
"atc","atc",2026,13499,"Tom Murphy",,57.5191,63.386,12.7959,2.52253,0.0510632,5.35618,0.285444,7.28805,2.33237,7.30147,0.380834,0.142464,0.222463,0.907441706370492,0.0845009939103272,0.0397963272646957,0.000805591139999369,0.0045032657053608,0.0022475625532452,0.114978859685104,0.0367962957119869,0.115190578361152,0.00600817215157921,0.201872653267283,0.28637364717761
"atc","atc",2026,13510,"José Ramírez","CLE",574.71,648.708,157.014,32.9517,2.89239,63.7363,4.47434,91.7865,27.6659,88.6309,33.1873,8.04209,0.273206,0.885930187387854,0.098251139187431,0.0507958896760946,0.00445869327956492,0.00689730972949308,0.0123970877498042,0.141491241051444,0.0426476935693717,0.136626802814209,0.051159073111477,0.242041103239054,0.340292242426485
"atc","atc",2026,13590,"Jesse Winker",,194.866,228.258,45.5443,8.44094,0.870741,28.3061,2.82104,25.9317,5.87731,24.0969,3.34745,1.08463,0.233722,0.853709399013397,0.124009235163718,0.0369798210796555,0.00381472281365823,0.0123589972750134,0.00475177211751614,0.113606971059065,0.0257485389340133,0.105568698577925,0.0146652034101762,0.19952991789992,0.323539153063639
"atc","atc",2026,13611,"Mookie Betts","LAD",545.112,621.721,146.231,29.8249,2.42981,66.2654,4.25364,88.3814,21.2206,80.6075,9.05471,2.47491,0.268259,0.876779134048874,0.106583821360385,0.0479715177708329,0.00390819998037705,0.00684171839136848,0.00398074055725961,0.142156047487539,0.0341320302836803,0.129652207340592,0.0145639442772562,0.235203572020247,0.341787393380632
"atc","atc",2026,13613,"Ketel Marte","ARI",532.572,611.993,146.777,29.4788,2.42866,67.1612,6.76339,88.0643,28.262,86.0661,5.24288,1.63331,0.2756,0.87022563983575,0.109741778092233,0.0481685248033883,0.00396844408351076,0.0110514172547725,0.00266883771546407,0.143897560919814,0.0461802667677571,0.140632490894504,0.00856689537298629,0.239834442550813,0.349576220643047
"atc","atc",2026,13620,"Carson Kelly","CHC",322.041,363.292,75.4148,12.5757,0.81374,33.8789,3.98789,39.9262,11.5944,41.983,1.8445,0.352729,0.234178,0.886452220252579,0.0932552877575064,0.0346159563106262,0.00223990619116303,0.0109770928068881,0.000970924215231825,0.109901126366669,0.0319148233377008,0.115562687865409,0.00507718309238849,0.207587285159046,0.300842572916552
"atc","atc",2026,13621,"Jeimer Candelario","LAA",107.067,118.547,22.002,4.94638,0.165024,8.77328,1.4633,11.8321,3.38261,12.4427,0.693491,0.229438,0.205497,0.903160771677056,0.074006765249226,0.0417250541979131,0.00139205547166946,0.0123436274220351,0.0019354180198571,0.0998093583135803,0.0285339148185952,0.104960058036053,0.00584992450251799,0.185597273655175,0.259604038904401
"atc","atc",2026,13624,"Corey Seager","TEX",463.728,531.925,126.684,24.0861,0.367705,60.0177,4.42344,71.2985,26.6474,76.3996,2.53031,0.577226,0.273187,0.871792075950557,0.112831132208488,0.0452810076608544,0.000691272265826949,0.00831590919772524,0.00108516426187902,0.134038633265968,0.0500961601729567,0.143628519058138,0.00475689241904404,0.238161394933496,0.350992527141984
"atc","atc",2026,13675,"Tyrone Taylor","NYM",258.409,281.329,58.1965,13.0832,2.15381,14.2348,5.33417,31.9834,5.68802,27.425,7.69659,1.81072,0.225211,0.918529550810617,0.0505984096911445,0.0465049817118036,0.00765584067053166,0.0189606119525538,0.00643630766824608,0.113686822190389,0.0202183919894501,0.0974837290147834,0.0273579687838794,0.206862783431498,0.257461193122643
"atc","atc",2026,13723,"Jacob Stallings","BAL",89.498,99.9874,18.0568,3.33987,0.17336,7.79882,1.49736,9.0112,1.71663,8.68876,0.465491,0.130937,0.201757,0.895092781690493,0.0779980277514967,0.0334029087665046,0.0017338184611261,0.0149754869113508,0.00130953500141018,0.0901233555427984,0.0171684632263665,0.0868985492172014,0.00465549659257066,0.180590754435059,0.258588782186556
"atc","atc",2026,13755,"Tomás Nido","DET",19.5999,21.0239,4.32398,0.466447,0.0069977,0.943993,0.0882322,1.80731,0.33224,1.71155,0.0391047,0.0250188,0.220613,0.932267562155452,0.0449009460661438,0.0221865115416264,0.000332845000214042,0.00419675702414871,0.0011900170758042,0.0859645451129429,0.0158029670993488,0.0814097289275539,0.0018600117009689,0.205669737774628,0.250570683840772
"atc","atc",2026,13757,"Chris Taylor","LAA",132.752,149.265,27.9694,5.74489,0.302587,12.486,2.57482,16.046,3.41376,14.1501,3.08709,1.04979,0.21069,0.889371252470439,0.0836498844337253,0.0384878571667839,0.00202717984792148,0.0172499916256323,0.00703306200381871,0.107500083743677,0.0228704652798714,0.0947985127122902,0.0206819415134157,0.187380832747128,0.271030717180853
"atc","atc",2026,13770,"Rob Refsnyder","SEA",204.973,233.314,48.8507,9.59397,0.36888,23.3154,3.10891,27.3427,7.18724,26.915,2.68709,0.819796,0.238328,0.878528506647694,0.0999314228893251,0.0411204214063451,0.00158104528660946,0.0133250040717659,0.00351370256392673,0.117192710253135,0.0308050095579348,0.115359558363407,0.011517054270211,0.209377491277849,0.309308914167174
"atc","atc",2026,13897,"Tyler Heineman","TOR",127.327,145.364,27.69,4.74198,0.706048,11.3284,3.25341,15.2659,2.52804,12.5872,1.75119,0.590795,0.217471,0.875918384194161,0.0779312622107262,0.0326214193335351,0.00485710354695798,0.0223811260009356,0.00406424561789714,0.105018436476707,0.0173911009603478,0.086590902837016,0.012046930464214,0.190487328361905,0.268418590572631
"atc","atc",2026,14111,"Eric Haase","SFG",22.0257,23.9336,4.66687,0.595412,0.0236973,1.65015,0.0974194,2.18111,0.515276,2.2496,0.0581924,0.0366569,0.211882,0.920283618009827,0.068947003376007,0.0248776615302337,0.000990126850954307,0.00407040311528562,0.00153160828291607,0.0911317144098673,0.0215293980011365,0.0939933816893405,0.00243141023498345,0.194992395627904,0.263939399003911
"atc","atc",2026,14161,"Byron Buxton","MIN",471.096,524.672,117.389,24.7559,3.71426,40.8547,8.21258,78.2877,27.3794,72.7299,15.2393,2.41856,0.249183,0.89788667967797,0.0778671246035618,0.047183573737497,0.007079203769212,0.0156527887899488,0.00460966089290071,0.149212650951452,0.0521838405708709,0.138619747194438,0.029045384545011,0.22373787814101,0.301605002744572
"atc","atc",2026,14162,"Carlos Correa","HOU",489.768,545.354,129.219,24.1034,0.794201,48.7416,3.13101,64.3357,15.906,62.7403,0.288413,0.152173,0.263838,0.898073544890108,0.0893760749898231,0.0441977137785732,0.00145630361196581,0.00574124330251543,0.000279035268834555,0.117970529234222,0.0291663763353712,0.115045089978253,0.000528854652207557,0.236945176894274,0.326321251884097
"atc","atc",2026,14221,"Jorge Soler","LAA",416.536,474.586,94.2181,18.687,0.25003,48.684,5.24644,55.4405,20.8483,58.9459,0.921522,0.21509,0.226194,0.877682864644132,0.102582039925324,0.0393753713763154,0.000526838128389796,0.0110547719486036,0.0004532160662135,0.116818658788923,0.043929445874931,0.124204885942695,0.00194173869435677,0.198526926626576,0.3011089665519
"atc","atc",2026,14344,"Matt Olson","ATL",575.871,665.028,142.403,30.1239,1.02745,79.2182,5.37287,86.9167,29.3954,92.6052,0.99614,0.268323,0.247282,0.865934968151717,0.119120097198915,0.0452971904942348,0.00154497254250949,0.00807916358408969,0.000403476244609249,0.130696301509109,0.0442017478963292,0.1392500766885,0.00149789181808886,0.214130833588962,0.333250930787877
"atc","atc",2026,14366,"Joey Meneses","ATH",43.5027,46.9794,10.6605,2.24899,0.0263928,2.59227,0.406761,4.35771,1.02077,4.91626,0.0636329,0.0363134,0.245054,0.925995223438358,0.0551788656304678,0.0478718331864605,0.000561795169797826,0.00865828426927547,0.000772964320531978,0.09275788962822,0.0217280339893656,0.104647143215963,0.00135448515732427,0.22691860687876,0.282097472509228
"atc","atc",2026,14551,"Anthony Santander","TOR",103.126,115.687,23.1732,4.43669,0.0530188,10.6739,1.44399,14.0928,5.41445,15.454,0.165553,0.0739665,0.224708,0.891422545316241,0.0922653366411092,0.0383508086474712,0.000458295227640098,0.0124818691814984,0.000639367431085602,0.121818354698454,0.0468025793736548,0.133584585994969,0.00143104238159862,0.200309455686464,0.292574792327573
"atc","atc",2026,14712,"Manuel Margot",,43.7592,47.335,10.6446,2.0747,0.0506679,2.90363,0.261729,4.62643,0.544453,4.46306,0.228573,0.139491,0.243253,0.924457589521496,0.0613421358402873,0.043830146825816,0.00107041090102461,0.00552929122214007,0.00294688919404246,0.0977380373930495,0.0115021231646773,0.0942866800464772,0.00482883701278124,0.224877997253618,0.286220133093905
"atc","atc",2026,14813,"Kyle Farmer","ATL",79.9139,87.6521,18.4419,3.2687,0.172601,5.27559,2.0861,9.10076,2.31788,9.0793,0.386549,0.266263,0.230772,0.911716889840631,0.0601878334917247,0.0372917477162555,0.00196915989462888,0.0237997720533792,0.00303772527982787,0.103828202632909,0.0264440897594011,0.103583371077247,0.00441003695290814,0.210398838133941,0.270586671625666
"atc","atc",2026,14854,"Mike Yastrzemski","ATL",402.084,461.409,91.9409,20.5745,2.28481,50.5204,3.88405,55.9266,16.0898,50.5577,4.56707,1.54707,0.228661,0.87142643511505,0.109491579054591,0.0445905909941072,0.00495181064955387,0.008417802860369,0.00335292549560152,0.121208298927849,0.0348710146529435,0.109572418396694,0.0098980947489104,0.199261176093227,0.308752755147819
"atc","atc",2026,14968,"Victor Caratini","MIN",300.564,336.523,75.1394,11.871,0.244866,25.2303,7.02891,34.8909,9.54112,38.0675,1.00505,0.313455,0.249994,0.893145490798549,0.0749734787815394,0.035275449226353,0.000727635258214149,0.0208868636021906,0.000931451936420393,0.103680580524957,0.0283520591460316,0.113120054201347,0.00298657149734193,0.223281618195487,0.298255096977027
"atc","atc",2026,15112,"Ryan McMahon","NYY",414.055,473.751,90.2116,16.8421,0.887396,53.4327,2.82034,52.9785,16.4134,50.9808,2.95068,1.53858,0.217874,0.873992878115297,0.112786463775274,0.0355505318194579,0.00187312744458587,0.00595321170826025,0.00324765541391997,0.111827732289747,0.0346456260778341,0.107610960187947,0.00622833513807886,0.190419861910582,0.303206325685856
"atc","atc",2026,15161,"Mitch Garver","SEA",100.162,114.74,20.3552,3.29169,0.110972,12.303,1.78736,12.3858,4.21112,13.0549,0.41961,0.14543,0.203223,0.872947533554122,0.107225030503748,0.0286882516994945,0.000967160536865958,0.0155774795189123,0.00126747428969845,0.107946662018477,0.0367014118877462,0.113778107024577,0.00365705072337459,0.177402823775492,0.28462785427924
"atc","atc",2026,15172,"Tim Anderson",,51.3284,54.6849,12.5032,1.93742,0.0787077,2.32714,0.522519,5.26441,0.37134,4.08362,0.98876,0.345766,0.243592,0.938621081870864,0.0425554403500784,0.0354287929574709,0.00143929494247955,0.00955508741901329,0.00632287889344225,0.0962680740021468,0.00679053998452955,0.074675458856101,0.0180810424815626,0.228640813094657,0.271196253444735
"atc","atc",2026,15194,"Jake Bauers","MIL",268.795,309.456,56.7158,11.0945,0.933183,36.2373,2.52122,36.0058,11.4499,37.3408,8.34246,1.82126,0.211,0.868604906674939,0.117100007755545,0.0358516234941316,0.00301555956258725,0.0081472648777209,0.00588536011581614,0.116351920790032,0.0370000904813608,0.12066594281578,0.0269584690553746,0.183275813039657,0.300375820795202
"atc","atc",2026,15223,"Adam Frazier","LAA",231.006,254.62,52.7678,9.48454,1.16505,16.6218,3.71143,25.3273,3.84107,21.8134,4.0831,1.5684,0.228427,0.907257874479617,0.0652808106197471,0.037249783991831,0.00457564213337523,0.0145763490692012,0.00615976749666169,0.099470976356924,0.0150854999607258,0.0856704108082633,0.0160360537271228,0.207241379310345,0.272522189930092
"atc","atc",2026,15271,"Austin Wynns","ATH",139.703,152.564,31.6526,6.02255,0.0764917,9.51703,1.27677,15.4008,4.40197,17.5886,0.696207,0.205874,0.226572,0.915700951731732,0.0623805747096301,0.0394755643533206,0.000501374505125718,0.00836875016386566,0.00134942712566529,0.100946488031252,0.0288532681366509,0.115286699352403,0.00456337668126163,0.207470963005689,0.269851537715319
"atc","atc",2026,15274,"Mike Tauchman","NYM",146.968,169.724,33.7618,6.49997,0.105846,19.77,1.57431,19.8112,3.6396,16.3181,1.15435,0.290778,0.229722,0.865923499328321,0.116483231599538,0.0382972944309585,0.000623636020833824,0.00927570644104546,0.00171324031957767,0.116725978647687,0.0214442270981122,0.0961449176309774,0.00680133628714855,0.198921778888077,0.315405010487615
"atc","atc",2026,15362,"Jeff McNeil","ATH",476.092,535.579,122.255,25.5102,2.90183,43.6148,9.29991,60.1637,11.962,56.7033,4.02236,0.788129,0.256789,0.888929551009282,0.0814348583495619,0.0476310684324815,0.00541811758862838,0.0173642170436107,0.00147154574768615,0.112333941398001,0.0223347069246554,0.105872896435447,0.0075103019349153,0.228266978354267,0.309701836703829
"atc","atc",2026,15429,"Kris Bryant","COL",67.2129,75.0224,16.0039,3.06678,0.0859028,6.25876,1.29157,8.07996,1.81379,7.64373,0.257782,0.0728008,0.238107,0.895904423212267,0.0834252170018554,0.0408781910469406,0.00114502868476615,0.017215791550257,0.000970387510930069,0.107700633410821,0.024176645908422,0.101885970056943,0.00343606709462774,0.213321621275779,0.296746838277634
"atc","atc",2026,15491,"J.P. Crawford","SEA",518.34,598.397,125.033,24.2055,0.877895,68.2413,4.82494,66.0384,11.2838,54.9921,5.35524,1.27467,0.241219,0.866214235699711,0.114040177340461,0.040450570440694,0.0014670778763931,0.00806310860515678,0.00213014102677654,0.110358842039649,0.0188567121827148,0.091899023557939,0.00894930957207339,0.208946568916622,0.322986746257083
"atc","atc",2026,15518,"Amed Rosario","NYY",234.905,249.243,60.8278,11.0351,1.60307,10.7559,2.07952,27.4257,4.73201,26.0887,4.90507,1.37415,0.258947,0.942473810698796,0.0431542711329907,0.0442744630741886,0.00643175535521559,0.00834334364455572,0.00551329425500415,0.110035988974615,0.018985528179327,0.10467174604703,0.0196798706483231,0.244050183957022,0.287204455090013
"atc","atc",2026,15640,"Aaron Judge","NYY",511.871,637.138,148.508,24.6921,1.00821,113.929,6.08975,107.507,46.5852,111.948,8.80426,2.56624,0.290127,0.803391102084635,0.178813694992294,0.0387547124798709,0.00158240443985447,0.00955797645094155,0.00402776164661345,0.168734245956135,0.0731163421425186,0.175704478464634,0.0138184506339286,0.233086081822148,0.411899776814442
"atc","atc",2026,15653,"Dominic Smith","ATL",210.661,233.41,50.6853,9.86084,0.520694,17.8367,2.73461,25.0698,5.29575,25.4405,1.68416,0.331095,0.240602,0.902536309498308,0.0764178912642989,0.0422468617454265,0.00223081273295917,0.01171590763035,0.0014185124887537,0.107406709224112,0.0226886165974037,0.108994901675164,0.00721545777815861,0.217151364551647,0.293569255815946
"atc","atc",2026,15674,"Reese McGuire","MIL",59.1238,63.7504,13.0318,1.66765,0.0739622,3.77115,0.259527,7.58193,1.41797,7.93952,0.286751,0.119008,0.220416,0.927426337717097,0.0591549229495031,0.0261590515510491,0.00116018409296255,0.00407098622126293,0.00186678044373055,0.118931489057324,0.0222425271057123,0.12454070876418,0.00449802667904829,0.204419109527156,0.263574032476659
"atc","atc",2026,15679,"Rowdy Tellez",,187.394,206.791,41.8765,7.36557,0.0980857,15.8309,1.52071,21.5381,8.55667,27.099,0.836996,0.148491,0.223467,0.906199979689638,0.076555072512827,0.0356184263338346,0.00047432286704934,0.00735385002248647,0.000718072836825587,0.104153952541455,0.0413783481873002,0.131045354971928,0.00404754558950825,0.202506395346026,0.279061467858853
"atc","atc",2026,15711,"Tyler O'Neill","BAL",339.288,385.882,78.3827,13.611,0.919593,38.6289,4.46954,48.7146,18.1026,49.2408,5.08023,1.00602,0.231021,0.87925324321943,0.100105472657445,0.0352724407979641,0.00238309379551262,0.0115826599841402,0.0026070664089022,0.126242219123981,0.0469122685173188,0.127605848419983,0.0131652422243069,0.203126085176297,0.303231557833742
"atc","atc",2026,15730,"Tyler Wade","TEX",64.3596,72.3108,13.6317,2.50094,0.1602,6.12764,0.365291,7.28694,0.228153,4.5458,2.63561,0.925571,0.211805,0.890041321628305,0.084740315416231,0.0345859816237685,0.00221543669825254,0.00505167969376635,0.0127998998766436,0.100772498713885,0.00315517184155064,0.062864744962025,0.0364483590279737,0.188515408486699,0.27325572390293
"atc","atc",2026,15878,"Miguel Andujar","SDP",316.84,339.297,83.8441,14.7366,1.13945,18.1061,1.8125,36.5901,8.28934,39.1855,2.28446,0.81181,0.264626,0.933813148952098,0.0533635723274889,0.0434327447634373,0.00335826724079494,0.00534192757377755,0.00239262357167909,0.10784091813367,0.0244309262976095,0.115490263692281,0.00673292130493344,0.24711123293162,0.300474805259109
"atc","atc",2026,15905,"Luis Torrens","NYM",204.394,223.612,47.7939,9.2689,0.935098,14.7672,2.02611,21.4836,4.68911,23.3942,1.07764,0.525965,0.233832,0.914056490707118,0.0660393896570846,0.0414508165930272,0.00418178809723986,0.00906082857807273,0.00235213226481584,0.0960753447936604,0.0209698495608465,0.10461960896553,0.00481924047009999,0.213735846018997,0.279775235676082
"atc","atc",2026,15986,"Willy Adames","SFG",570.118,649.422,131.981,26.5066,1.20853,69.7702,3.74894,84.1301,26.6952,84.1165,11.4943,3.43315,0.231498,0.877885257967855,0.107434303118773,0.0408156791731724,0.00186093172082252,0.00577273329206587,0.00528647012266292,0.129546119472392,0.0411060912626921,0.129525177773466,0.0176992772034209,0.20322840926239,0.310662712381163
"atc","atc",2026,15998,"Cody Bellinger","NYY",535.034,594.432,137.759,24.3662,2.88623,49.1311,3.14079,76.8546,22.5268,79.5,11.1965,2.71402,0.257477,0.900076038975022,0.0826521788867356,0.0409907272825151,0.00485544183354866,0.00528368257428941,0.00456573670327304,0.12929081879845,0.0378963447459087,0.133741117571059,0.0188356279608096,0.231748963716624,0.314401142603359
"atc","atc",2026,16153,"Austin Slater","DET",76.3372,85.8082,17.592,3.22206,0.113022,8.50012,0.492496,9.84348,2.28178,8.54078,0.786382,0.220148,0.230452,0.889625933185873,0.0990595304411467,0.0375495582007314,0.00131714684610562,0.00573949808992614,0.00256558231031533,0.114714910696181,0.026591631102855,0.0995333779289159,0.00916441552205966,0.205015371491303,0.304074901932449
"atc","atc",2026,16252,"Trea Turner","PHI",577.423,627.251,163.245,29.1608,3.96109,40.0735,5.36732,89.3287,17.9091,71.0144,27.7249,5.10927,0.282713,0.920561306398874,0.0638875027700235,0.0464898421843887,0.00631499989637322,0.00855689349239778,0.00814549518454335,0.142413005320039,0.0285517280960891,0.113215283833744,0.0442006469499451,0.260254666792082,0.324142169562105
"atc","atc",2026,16376,"Michael Conforto","CHC",139.32,159.18,30.659,6.31957,0.146051,16.3041,2.06475,17.8416,4.66984,17.5115,0.2772,0.0946748,0.220061,0.875235582359593,0.102425555974369,0.0397007789923357,0.000917521045357457,0.0129711647191858,0.000594765674079658,0.112084432717678,0.0293368513632366,0.110010679733635,0.00174142480211082,0.19260585500691,0.295031410981279
"atc","atc",2026,16426,"Thairo Estrada","BAL",121.571,128.899,29.6409,6.27101,0.249584,5.55098,1.1164,15.7418,2.19769,14.558,1.27192,0.650454,0.243816,0.94314928742659,0.0430645699346,0.0486505713775902,0.00193627568871752,0.00866104469390763,0.00504622999402633,0.122125074670866,0.0170497055834413,0.112941139962296,0.0098675707336752,0.229954460469049,0.273019030403649
"atc","atc",2026,16442,"Ryan O'Hearn","PIT",454.588,510.721,120.305,22.5698,1.31107,46.8281,5.29115,60.2309,13.8045,60.3174,3.08644,0.975211,0.264646,0.890090675730976,0.0916901791780639,0.0441920343984289,0.00256709632069173,0.0103601575028244,0.00190947895230468,0.11793307892176,0.0270294348577795,0.118102447324469,0.00604329957060704,0.235559140900805,0.327249320078869
"atc","atc",2026,16472,"Rhys Hoskins","CLE",330.319,380.589,72.4899,14.2426,0.764847,41.1178,4.96878,41.7376,14.6277,47.4392,2.32051,0.867776,0.219454,0.867915257666407,0.108037279059563,0.0374225214076077,0.00200964032066087,0.0130555008158407,0.00228008691790882,0.109665807472102,0.0384343740885838,0.124646797463931,0.0060971546734141,0.190467669848577,0.29850494890814
"atc","atc",2026,16478,"Kyle Schwarber","PHI",548.173,656.579,126.062,19.8366,0.971448,97.0398,7.20028,96.8802,41.3007,104.283,6.33035,1.96852,0.229967,0.834892678565717,0.147796076328972,0.0302120536904165,0.00147955996155832,0.0109663574375665,0.00299814645305439,0.147552998192144,0.0629028646971652,0.158827802899575,0.00964141405680048,0.191998221082307,0.339794297411279
"atc","atc",2026,16505,"Matt Chapman","SFG",532.643,613.655,126.732,27.7157,2.05392,70.2107,6.70955,81.3487,23.5408,73.96,8.69499,2.63542,0.23793,0.867984453805477,0.114413962242628,0.0451649542495376,0.00334702723843202,0.0109337494194621,0.00429462808907285,0.132564225827216,0.0383616201285739,0.120523747056571,0.0141691830099975,0.206519950134848,0.320933912377476
"atc","atc",2026,16512,"Isiah Kiner-Falefa","BOS",197.367,212.551,49.3427,7.9995,1.00091,9.70632,2.64076,22.1237,2.11972,18.5772,6.08659,1.6918,0.250004,0.928563027226407,0.0456658401983524,0.037635673320756,0.00470903453759333,0.0124241240925707,0.00795950148434964,0.104086548640091,0.00997275947890153,0.0874011413731293,0.0286359038536634,0.232145226322153,0.277811066520506
"atc","atc",2026,16530,"Mauricio Dubón","ATL",367.606,394.191,93.0639,18.1517,1.24132,19.8124,1.77117,42.4826,5.88291,37.6807,3.53147,1.05379,0.253162,0.932558074638944,0.0502609141253859,0.0460479818159217,0.00314903181452646,0.00449317716538429,0.00267329796976593,0.107771613253474,0.0149240089195339,0.0955899551232778,0.00895877886608269,0.236088342960646,0.286349257086032
"atc","atc",2026,16535,"Danny Jansen","TEX",289.949,333.361,61.0399,12.5213,0.182649,35.9632,4.65441,36.7474,12.2986,37.9707,0.813827,0.191964,0.210519,0.869774808690879,0.10788064590639,0.0375607824550562,0.000547901524173494,0.0139620711480947,0.000575844204930991,0.110233050656795,0.0368927379027541,0.113902646080375,0.00244127837389497,0.183104502326307,0.290985148232697
"atc","atc",2026,16556,"Ozzie Albies","ATL",534.096,587.579,133.335,27.0414,2.01788,43.1109,4.82973,68.5254,17.3543,69.7831,10.829,2.78294,0.249647,0.90897734602496,0.0733703893433904,0.0460217264401893,0.00343422756769728,0.00821971173237982,0.00473628227012878,0.11662329661203,0.0295352624923627,0.118763774743481,0.0184298621972535,0.226922677631433,0.300293066974824
"atc","atc",2026,16572,"Connor Joe","SEA",24.3871,27.7727,5.07394,1.05317,0.117235,2.73893,0.36295,2.87336,0.56327,2.37557,0.501152,0.172471,0.208059,0.878096115969999,0.0986195076459977,0.0379210519682998,0.004221231641144,0.0130685889380579,0.00621009120467221,0.103459872464687,0.0202814274449369,0.0855361560093185,0.0180447705840628,0.182695236689267,0.281314744335264
"atc","atc",2026,16578,"Yandy Díaz","TBR",548.393,615.881,157.32,27.3768,0.850351,57.0943,5.63581,73.0292,19.1223,73.332,2.01096,0.916365,0.286875,0.890420389653196,0.0927034605711168,0.0444514443536982,0.00138070666248837,0.00915080997790158,0.00148789295334651,0.118576802986291,0.0310486928481314,0.119068456406351,0.00326517622722571,0.255438956551671,0.348142417122788
"atc","atc",2026,16622,"Luis Urías","ARI",102.521,116.923,22.8652,4.05853,0.0788483,10.8015,2.53772,12.1324,3.02676,12.0513,1.05555,0.249775,0.22303,0.876824918963762,0.0923813107771781,0.0347111346783781,0.000674360904184805,0.0217041984896043,0.00213623495804931,0.103764015634221,0.0258867801886712,0.10307039675684,0.00902773620245803,0.195557760235369,0.287939071012547
"atc","atc",2026,16725,"Jose Trevino","CIN",234.108,253.188,54.6353,10.1017,0.480394,14.5364,1.49262,24.8022,5.91714,25.1148,0.872472,0.20926,0.233376,0.924640978245415,0.0574134635132787,0.0398980204433069,0.0018973806025562,0.00589530309493341,0.000826500466056843,0.0979596189392862,0.023370538888099,0.0991942746101711,0.00344594530546471,0.215789452896662,0.27320291640994
"atc","atc",2026,16930,"Jonah Heim","ATL",131.029,143.172,29.1612,5.50195,0.0682447,10.2153,0.52919,14.3465,3.91298,15.5925,0.411803,0.176434,0.222556,0.915185930209818,0.0713498449417484,0.038428952588495,0.000476662336210991,0.00369618361132065,0.00123232196239488,0.100204648953706,0.0273306233062331,0.108907467940659,0.00287628167518789,0.203679490403151,0.2750293353449
"atc","atc",2026,16939,"Lane Thomas","KCR",349.631,389.7,80.5668,17.1992,1.66228,31.5013,4.54467,47.2899,12.1956,42.8695,13.2765,4.55509,0.230434,0.897179881960482,0.0808347446753913,0.0441344624069797,0.00426553759302027,0.0116619707467283,0.0116887092635361,0.121349499615089,0.0312948421862972,0.110006415191173,0.0340685142417244,0.206740569668976,0.287575314344367
"atc","atc",2026,16947,"Derek Hill","CHW",130.345,142.895,30.2869,5.49231,1.00618,8.41426,1.50239,15.9411,3.6632,13.3761,4.35227,1.08763,0.23236,0.912173274082368,0.058884215682844,0.038435984464117,0.0070413940305819,0.0105139438048917,0.00761139298086007,0.11155813709367,0.0256356065642605,0.0936078939081143,0.0304578186780503,0.211952132684839,0.270836348367683
"atc","atc",2026,16953,"Chadwick Tromp","ATL",41.7324,44.9951,8.47829,1.68041,0.025713,2.68635,0.225946,3.78868,0.817379,4.10545,0.116137,0.0394226,0.203159,0.927487659767397,0.0597031676782583,0.0373465110645381,0.000571462225886819,0.00502156901529278,0.000876153181124167,0.0842020575573785,0.0181659558485257,0.09124215747937,0.00258110327569002,0.188426962046978,0.248130129725237
"atc","atc",2026,16997,"Gleyber Torres","DET",552.149,633.411,142.016,25.9668,0.82135,70.6188,3.93604,78.3415,17.0853,68.0112,5.49071,2.44626,0.257206,0.871707311682304,0.111489696263563,0.040995183222268,0.00129670940353104,0.00621403796271299,0.00386204218114305,0.12368193795182,0.0269734816730369,0.107372937950241,0.008668479075987,0.224208294456522,0.335697990720085
"atc","atc",2026,17022,"Edmundo Sosa","PHI",226.217,245.221,56.0022,10.5838,1.52945,10.3974,5.0117,28.8737,7.43115,28.835,2.97102,0.952384,0.247559,0.922502558916243,0.0424001207074435,0.0431602513650952,0.00623702700829048,0.0204374829235669,0.0038837783060994,0.117745625374662,0.0303038891448938,0.117587808548208,0.0121156834039499,0.228374405128435,0.270774525835879
"atc","atc",2026,17027,"Alex Verdugo","SDP",80.9271,88.6046,19.9483,3.06352,0.0650295,6.92073,0.34473,10.9427,1.22264,9.88298,0.37077,0.140009,0.246497,0.913350999835223,0.0781080214796974,0.0345751800696578,0.000733929163948599,0.00389065578987998,0.00158015498066692,0.123500360026455,0.0137988321148112,0.11154025863217,0.00418454572335973,0.225138423964444,0.303246445444142
"atc","atc",2026,17128,"Ramón Laureano","SDP",460.987,510.137,113.041,21.8438,2.57583,36.3213,9.27077,65.55,19.2878,63.9999,8.3575,2.91012,0.245215,0.903653332340136,0.0711991092588854,0.0428194779049549,0.0050492906807387,0.0181730985990038,0.00570458523886721,0.12849489450873,0.0378090591350951,0.125456298994192,0.0163828540176462,0.221589494586748,0.292788603845634
"atc","atc",2026,17232,"Yoán Moncada","LAA",334.487,375.718,79.4302,16.4643,1.32566,34.6791,4.55541,42.251,11.9278,42.2357,1.34328,0.292054,0.237469,0.890260780691902,0.0923008745921143,0.0438208975880847,0.0035283377426687,0.0121245455368122,0.000777322353467228,0.112454021367089,0.0317466823521897,0.112413299336204,0.00357523461745245,0.211409088731442,0.303709963323556
"atc","atc",2026,17273,"Jorge Mateo","ATL",155.122,167.563,34.5974,7.65971,1.14204,9.09374,1.12147,20.9821,3.4849,14.5108,13.3529,2.65986,0.223033,0.925753298759273,0.0542705728591634,0.0457124186127009,0.0068155857796769,0.00669282598186951,0.0158737907533286,0.125219171296766,0.0207975507719485,0.0865990702004619,0.0796888334536861,0.206473982919857,0.26074455577902
"atc","atc",2026,17276,"Alex Jackson","MIN",38.884,42.4488,7.77275,1.97271,0.0250513,2.85568,0.531414,4.75565,1.38968,4.83795,0.0858955,0.0462245,0.199896,0.916021183166544,0.0672735153879497,0.0464726918075423,0.000590153314110175,0.0125189404647481,0.00108894715516104,0.112032613407211,0.0327377923521984,0.113971419686776,0.00202350832061213,0.183108827575809,0.250382342963759
"atc","atc",2026,17338,"Willi Castro","COL",464.058,521.888,117.317,22.8394,4.12683,41.3376,12.3637,66.2453,11.929,50.5668,14.6939,4.76253,0.252807,0.889190784229566,0.0792077993745784,0.0437630296155497,0.00790750122631676,0.0236903320252621,0.00912557866822,0.126933939849163,0.0228573946900484,0.0968920534674106,0.0281552746949537,0.224793442271139,0.304001241645717
"atc","atc",2026,17350,"Rafael Devers","SFG",556.918,649.657,140.879,28.4319,1.05453,82.2164,5.94327,88.1606,30.3953,90.9161,2.12967,0.876566,0.252961,0.857249286931411,0.126553550565914,0.0437644787941945,0.00162321040179664,0.00914831980568208,0.00134927507900323,0.135703301896231,0.046786688975875,0.139944770856006,0.00327814523664026,0.216851353868272,0.343404904434186
"atc","atc",2026,17452,"Jose Siri","LAA",33.6,36.3886,6.85876,1.18184,0.0537323,2.38324,0.234693,4.50511,1.36943,4.10191,1.23389,0.229866,0.20413,0.923366109166058,0.0654941382740749,0.032478303644548,0.00147662454724831,0.00644962982912231,0.00631697839433229,0.123805532501937,0.0376334896093832,0.112725139191945,0.0339086966797294,0.188486504014994,0.253980642289069
"atc","atc",2026,17484,"Eloy Jiménez","TOR",25.3221,27.4398,6.12485,1.27848,0.00429202,1.91396,0.105309,2.54744,0.649368,3.28653,0.0441655,0.0206876,0.241877,0.922823781514442,0.0697512372539158,0.0465921763278158,0.000156415863089381,0.00383781951763497,0.000753926777891967,0.0928374113513947,0.0236651870640457,0.119772374434216,0.0016095416147348,0.223210446140278,0.292961683394194
"atc","atc",2026,17548,"Taylor Ward","BAL",552.955,630.075,133.927,25.7782,1.76521,65.164,5.64345,80.2652,27.0578,83.2529,4.7815,1.67273,0.242202,0.877601872792921,0.103422608419633,0.0409129071935881,0.00280158711264532,0.00895679085823116,0.00265481093520613,0.127389913899139,0.0429437765345395,0.132131730349562,0.00758877911359759,0.212557235249772,0.315979843669404
"atc","atc",2026,17620,"Myles Straw","TOR",142.956,158.387,33.2214,6.07737,0.749968,11.2631,0.522472,19.1177,1.62434,12.439,6.75825,1.15059,0.232389,0.90257407489251,0.071111265444765,0.0383703839330248,0.00473503507232285,0.0032987050704919,0.00726442195382197,0.120702456641012,0.0102555133944074,0.0785354858668956,0.0426692215901558,0.20974827479528,0.280859540240045
"atc","atc",2026,17678,"Alex Bregman","CHC",562.384,641.229,142.694,27.8841,1.16865,65.632,7.98458,80.494,22.6808,79.2825,2.28665,0.924016,0.25373,0.877040807574205,0.102353449391715,0.0434854006914846,0.00182251582507965,0.0124519945292555,0.00144100781468087,0.125530816603741,0.0353708269588556,0.123641475978161,0.00356604270861112,0.222532043934382,0.324885493326097
"atc","atc",2026,17696,"Kevin Newman","KCR",24.1979,25.9232,5.7989,0.796885,0.0336756,1.37439,0.0819601,3.07823,0.156265,2.7234,0.188649,0.0917762,0.239645,0.9334457165782,0.0530177601530675,0.0307402249722256,0.00129905258610048,0.00316165056783113,0.00354031138131095,0.118744213677324,0.00602799808665597,0.10505647450932,0.00727722657696581,0.223695377113937,0.276713137267004
"atc","atc",2026,17901,"Andrew Benintendi","CHW",437.067,485.204,107.754,19.2013,1.06092,41.0275,2.43147,53.5659,15.7276,56.4096,2.81883,0.972423,0.246538,0.900790183098243,0.0845572171705097,0.0395736638609739,0.00218654421645329,0.00501123238885088,0.00200415289239165,0.110398718889374,0.0324144071359676,0.116259552682995,0.0058095770026628,0.22207978499765,0.30663700216816
"atc","atc",2026,17907,"Brendan Rodgers","BOS",87.9512,96.1352,20.2971,3.70208,0.252754,6.55641,0.882016,9.46735,2.12539,9.5593,0.302042,0.145304,0.230777,0.914869891569373,0.0681998893225374,0.0385090996846108,0.00262915144504822,0.00917474556666029,0.00151145470129568,0.0984795371518445,0.022108343249923,0.0994360026296299,0.00314184606678927,0.211130782481339,0.279330671803876
"atc","atc",2026,17919,"Ian Happ","CHC",537.939,625.234,128.896,28.9507,1.2147,78.4041,4.42185,79.7382,21.327,74.6192,7.85743,2.30777,0.239611,0.860380273625554,0.125399610385872,0.0463037838633216,0.00194279261844365,0.0070723121263399,0.00369105007085347,0.127533371505708,0.0341104290553617,0.119346036843806,0.0125671828467422,0.20615641503821,0.331556025424081
"atc","atc",2026,17929,"Cedric Mullins","TBR",400.252,450.662,89.7136,18.4421,1.82112,40.7829,3.66215,52.5703,13.8133,48.9756,18.8206,4.40786,0.224143,0.888142332834807,0.090495537675686,0.0409222432776671,0.00404098859011854,0.00812615663179944,0.00978085571892017,0.116651281891972,0.0306511310028358,0.10867479396976,0.0417621188385087,0.199070700436247,0.289566238111933
"atc","atc",2026,17982,"Ty France","SDP",157.27,174.543,39.1829,7.18623,0.112305,10.3292,5.43841,18.5454,3.87192,18.2388,0.206549,0.109109,0.249144,0.901038712523562,0.0591785405315596,0.0411716883518674,0.000643423110637493,0.0311579954509777,0.000625112436476971,0.106251181657242,0.0221831869510665,0.104494594455235,0.00118337028697799,0.224488521453166,0.283667061984726
"atc","atc",2026,17988,"Tyler Stephenson","CIN",376.169,424.774,88.3079,17.2724,0.843323,40.9152,4.52772,48.2586,14.1608,51.5912,0.802977,0.535628,0.234756,0.885574446646923,0.0963222796122173,0.0406625640929059,0.00198534514824354,0.0106591269710481,0.00126097171672466,0.113610060879432,0.0333372569884221,0.121455644648684,0.00189036287531723,0.207893844726843,0.30421612433906
"atc","atc",2026,18015,"Paul DeJong","NYY",63.6104,68.8816,13.2261,2.6217,0.0260463,4.18173,0.743966,7.30221,2.71689,8.47285,0.57974,0.181708,0.207923,0.923474483751829,0.0607089556572437,0.0380609625792665,0.000378131460360967,0.010800649229983,0.00263797588906181,0.106011039232538,0.0394428991196488,0.123005998699217,0.00841647116211005,0.192012090311491,0.252721045968735
"atc","atc",2026,18030,"Harrison Bader","SFG",442.22,486.591,107.446,19.3914,1.78432,31.8491,8.0262,58.203,13.6314,51.0107,13.4581,4.73759,0.242969,0.908812534551605,0.0654535328438052,0.0398515385611325,0.0036669810991161,0.0164947563765051,0.00973628776528953,0.119613802967996,0.0280140816414607,0.10483280619658,0.0276579303768463,0.220813784060946,0.286267316904752
"atc","atc",2026,18036,"Jake Cronenworth","SDP",495.184,575.794,116.554,24.4021,2.29383,61.829,11.4264,64.7019,13.9839,61.0177,4.07275,1.59829,0.235375,0.860002014609392,0.107380417302021,0.0423799136496733,0.00398376850054012,0.0198445971996929,0.00277580176243587,0.11236987533736,0.0242862898883976,0.105971406440498,0.00707327620642105,0.202423088813013,0.309803506115034
"atc","atc",2026,18042,"Dylan Moore","PHI",143.203,163.522,29.3924,6.06995,0.603968,15.3785,3.1338,21.4814,5.51818,17.3208,8.85997,2.54566,0.20525,0.875741490441653,0.0940454495419577,0.0371200817015448,0.00369349689949976,0.0191643937818764,0.0155676911975147,0.131367033182079,0.0337457956727535,0.105923361994105,0.0541821283986253,0.179745844595834,0.273791294137792
"atc","atc",2026,18054,"Sam Haggerty","TEX",196.234,219.207,46.5682,8.95296,1.6339,18.1701,2.41117,27.5182,3.26701,18.3504,11.2406,2.53867,0.237309,0.895199514614041,0.0828901449315031,0.0408424913437983,0.00745368532939185,0.0109995118769017,0.0115811538865091,0.125535224696292,0.0149037667592732,0.0837126551615596,0.0512784719466075,0.212439383778803,0.295329528710306
"atc","atc",2026,18067,"Garrett Stubbs","PHI",27.2211,29.9812,5.72714,1.16246,0.0456259,2.30566,0.307247,3.37618,0.337415,2.64116,0.213909,0.0912964,0.210393,0.907938975091057,0.0769035262097581,0.0387729643910184,0.00152181700532334,0.0102479887396102,0.00304512160954198,0.112609902205382,0.0112542193107681,0.0880938721598869,0.00713477112323723,0.191024375275172,0.267927901484931
"atc","atc",2026,18123,"Nathan Lukes","TOR",282.36,315.273,72.7001,14.1901,1.12223,24.9539,1.9893,36.4914,6.17325,34.1465,2.80038,1.09751,0.257473,0.895604761587576,0.0791501333764705,0.0450089287696695,0.00355954997732124,0.00630976962822697,0.00348114174065017,0.115745401604324,0.0195806491516876,0.108307720610392,0.00888239716055609,0.230594120016621,0.309744253393091
"atc","atc",2026,18126,"LaMonte Wade Jr.","CHW",104.403,122.425,22.9213,3.98253,0.383572,14.9219,1.4267,12.8922,3.22529,11.5216,0.65678,0.211684,0.219547,0.852791505003063,0.121886052685318,0.0325303655299163,0.00313311823565448,0.0116536655094956,0.00172909128037574,0.105306922605677,0.0263450275678987,0.0941114968347968,0.00536475393097815,0.187227282009394,0.309113334694711
"atc","atc",2026,18217,"Brett Sullivan","COL",39.5313,43.5472,8.94808,1.86511,0.44935,2.81555,0.378215,4.38282,0.786558,4.25824,0.511577,0.100629,0.226354,0.90778052320241,0.0646551328213984,0.0428296193555498,0.0103186886872175,0.00868517378844105,0.00231080299077782,0.100645276849028,0.0180621945842672,0.0977844729397068,0.0117476439357754,0.205480030863064,0.270135163684462
"atc","atc",2026,18314,"Dansby Swanson","CHC",568.565,629.206,137.336,24.699,1.97261,52.6658,3.2076,78.2902,21.9217,75.0452,15.8019,3.7272,0.241548,0.903622978801855,0.0837019990273456,0.0392542347021484,0.00313507817789404,0.00509785348518609,0.00592365616348223,0.124426976220824,0.0348402589930802,0.119269682743013,0.0251140326061735,0.218268738696071,0.301970737723416
"atc","atc",2026,18345,"Kyle Tucker","LAD",527.67,620.06,141.888,27.7487,2.13415,84.46,3.21173,94.2214,29.7348,87.8255,22.9596,4.59801,0.268896,0.850998290488017,0.136212624584718,0.0447516369383608,0.00344184433764474,0.00517970841531465,0.00741542753927039,0.151955294648905,0.0479547140599297,0.141640325129826,0.0370280295455278,0.228829468115989,0.365042092700706
"atc","atc",2026,18360,"Austin Riley","ATL",573.75,632.367,148.165,28.7383,2.17655,46.8477,7.15489,81.8828,28.0417,86.3497,2.42866,0.876899,0.258239,0.907305409675078,0.0740830878271637,0.0454456035814646,0.00344190952405802,0.0113144582180917,0.00138669317026347,0.129486200260292,0.0443440280723061,0.136549978098161,0.00384058624185006,0.234302232722454,0.308385320549618
"atc","atc",2026,18363,"Victor Robles","SEA",293.258,329.648,70.9402,13.9115,1.52277,21.2404,8.85205,39.4,5.68489,28.7463,17.7867,4.49147,0.241904,0.889609522885017,0.0644335776343251,0.0422010750861525,0.00461938188613309,0.0268530371790516,0.0136250485366209,0.119521428918119,0.0172453344173179,0.0872030165509877,0.0539566446633985,0.215199849536475,0.2796334271708
"atc","atc",2026,18373,"Ryan Mountcastle","BAL",169.723,183.931,43.5161,8.3555,0.234914,11.0486,1.29215,20.7962,5.74972,22.2881,1.12113,0.256952,0.256395,0.922753641311144,0.0600692651048491,0.0454273613474618,0.00127718546628899,0.0070251887936237,0.00139700213667082,0.113065225546536,0.0312602008361831,0.121176419418151,0.00609538359493506,0.236589264452431,0.29665852955728
"atc","atc",2026,18400,"Juan Yepez","TOR",24.0733,26.2414,5.59157,1.14074,0.0296502,1.68952,0.200243,2.50985,0.609265,2.70352,0.0977815,0.0398563,0.232273,0.91737864595639,0.0643837600128042,0.0434710038336369,0.00112990160585944,0.00763080475889244,0.00151883283666268,0.0956446683484875,0.0232177017994467,0.103024991044685,0.00372623030783419,0.21308200019816,0.277465760210964
"atc","atc",2026,18401,"Ronald Acuña Jr.","ATL",532.849,629.083,149.175,24.952,1.99257,85.8224,7.02797,105.639,28.3884,77.2255,24.9063,6.78965,0.279958,0.847024955371549,0.136424605338246,0.0396640824819618,0.00316741987941178,0.0111717690670388,0.0107929319342599,0.167925377096504,0.0451266367077158,0.122758841043233,0.0395914370599746,0.237130871443037,0.373555476781283
"atc","atc",2026,18564,"Trent Grisham","NYY",445.411,521.646,97.8278,17.2483,1.12584,66.5849,5.04353,70.2581,23.462,62.8112,5.24959,1.68632,0.219635,0.853856830110842,0.127643842759266,0.0330651437948341,0.00215824524677655,0.00966849165909448,0.00323269036856412,0.134685399677176,0.0449768617031473,0.120409626451655,0.0100635105032915,0.187536758644751,0.315180601404017
"atc","atc",2026,18568,"Luis Arraez","SFG",562.512,608.212,168.746,28.191,3.04218,31.5639,4.03068,67.9247,4.32511,54.1459,8.13796,2.99225,0.299987,0.924861725845593,0.0518962138201811,0.0463506145883343,0.00500184146317403,0.00662709713060578,0.00491974837721058,0.111679315764898,0.00711118820411304,0.0890247150664571,0.0133801371890065,0.277446022110711,0.329342235930893
"atc","atc",2026,18577,"Ke'Bryan Hayes","CIN",463.779,504.47,112.117,19.1953,2.05197,33.1447,3.84031,51.5533,8.38684,46.4863,10.5053,3.09874,0.241747,0.919339108371162,0.0657020239062779,0.0380504291632803,0.00406757587170694,0.00761256368069459,0.00614256546474518,0.102192994628025,0.0166250520348088,0.092148789819018,0.0208244295993815,0.222247110829187,0.287949134735465
"atc","atc",2026,18795,"Ramón Urías","STL",256.725,283.615,62.0597,11.9539,0.827338,20.4823,3.26624,29.5704,7.43746,30.8128,1.95973,0.479502,0.241736,0.905188371560037,0.0722186767272535,0.0421483348906087,0.00291711651358356,0.0115164571690496,0.00169067926590625,0.10426246848721,0.0262237892918217,0.108643054845477,0.00690982493873737,0.218816705745465,0.291035382472718
"atc","atc",2026,18819,"Andy Ibáñez","ATH",169.159,185.259,40.7264,8.79174,0.565854,12.6618,2.24125,20.0248,4.18013,19.251,2.77604,0.844329,0.240759,0.913094640476306,0.0683464770942302,0.0474564798471329,0.00305439411850436,0.0120979277659925,0.0045575599566013,0.108090834993172,0.022563708105949,0.103913979887617,0.0149846431212519,0.219834933795389,0.288181410889619
"atc","atc",2026,18839,"Josh Naylor","SEA",546.777,607.379,143.023,27.7194,0.269361,50.3935,4.91803,74.2798,21.6336,86.2142,17.4806,4.00791,0.261575,0.900223748269203,0.0829687888451856,0.0456377319597813,0.000443480923772472,0.00809713539651519,0.00659869702442791,0.12229563419216,0.0356179584740335,0.141944650704091,0.0287803825947226,0.235475707918779,0.318444496763964
"atc","atc",2026,18848,"Yohel Pozo","STL",162.772,171.511,39.7297,8.4745,0.0626895,6.60441,0.928865,16.6628,4.3806,19.3212,0.785289,0.104047,0.244082,0.949046999900881,0.0385072094501227,0.0494108249616643,0.000365512999166234,0.00541577508148166,0.000606649136207007,0.0971529522887745,0.0255412189305642,0.112652832762913,0.00457865093201019,0.231645200599378,0.270152410049501
"atc","atc",2026,18872,"Jahmai Jones","DET",120.435,138.322,28.7025,6.3691,0.706836,13.4544,2.93976,17.6999,3.91967,15.395,2.84712,0.909199,0.238325,0.870685791125056,0.0972686918928298,0.0460454591460505,0.00511007648819421,0.0212530183195732,0.00657306140744061,0.127961567935686,0.0283372854643513,0.111298275039401,0.0205832767021876,0.207504952212952,0.304773644105782
"atc","atc",2026,18882,"Brandon Lowe","PIT",475.312,527.334,114.746,22.1677,1.12178,43.1734,4.39718,67.2658,22.9061,70.9925,4.31773,1.23847,0.241412,0.901349050127623,0.0818710722236761,0.0420373046304619,0.00212726659005488,0.00833851031793892,0.00234854949614476,0.127558245817641,0.0434375557047336,0.1346253038871,0.00818784679159698,0.217596437931178,0.299467510154854
"atc","atc",2026,18900,"Leody Taveras","BAL",84.2415,92.0333,19.5389,3.75427,0.144843,6.17445,0.128583,10.7142,2.24651,9.35576,3.69732,0.982816,0.231939,0.915337166004044,0.0670893035455645,0.0407925174909516,0.00157381078370546,0.00139713560200493,0.010678917304932,0.116416557919796,0.0244097516877043,0.1016562483362,0.0401737197297065,0.212302503550345,0.27939180709591
"atc","atc",2026,19197,"Will Smith","LAD",425.507,497.18,111.483,21.1125,1.23009,57.6933,8.20333,68.6396,19.9833,68.2164,2.33801,1.07059,0.262002,0.855840942918058,0.116041071644073,0.0424644997787522,0.00247413411641659,0.0164997184118428,0.00215332475159902,0.138057846252866,0.0401932901564826,0.13720664548051,0.00470254233879078,0.224230660927632,0.340271732571704
"atc","atc",2026,19238,"Lourdes Gurriel Jr.","ARI",323.033,350.263,85.242,16.5676,1.19205,20.114,3.65631,39.3048,11.1763,46.0417,5.1662,1.66827,0.26388,0.922258417246469,0.0574254203270114,0.0473004570851046,0.00340329980614567,0.010438756020476,0.00476290673008568,0.112215106933933,0.0319083088993128,0.131448939796667,0.0147494882416927,0.24336569948867,0.300791119815681
"atc","atc",2026,19251,"Pete Alonso","BAL",575.787,654.824,145.176,27.8205,1.07808,59.8656,12.7389,84.9243,35.9273,102.555,1.96117,0.903922,0.252136,0.879300392166445,0.0914224280111908,0.0424854617423919,0.00164636604644912,0.0194539296055123,0.00138040450563816,0.129690267919319,0.0548655822022406,0.156614601786129,0.00299495742367415,0.221702320012706,0.313124748023897
"atc","atc",2026,19252,"Cavan Biggio","HOU",19.3813,22.0815,3.99683,0.551378,0.0355252,2.35284,0.219862,2.67364,0.293336,2.25381,0.214965,0.0537737,0.206221,0.877716640626769,0.106552543984784,0.0249701333695628,0.00160882186445667,0.00995684170006567,0.00243523764237031,0.121080542535607,0.0132842424654122,0.102067794307452,0.00973507234562869,0.181003555012114,0.287556098996898
"atc","atc",2026,19260,"Jake Fraley","TBR",320.75,358.484,76.1245,14.8483,0.957549,32.303,3.47632,40.7182,8.36584,36.4724,11.0741,3.57039,0.237332,0.89474007208132,0.0901100188571875,0.041419700739782,0.00267110666026936,0.00969728077124781,0.00995969136697872,0.113584427756887,0.0233367179567289,0.101740663460573,0.0308914763280927,0.212351178853171,0.302461197710358
"atc","atc",2026,19262,"Garrett Hampson","CIN",50.0414,55.5497,10.8306,2.22393,0.131711,4.5054,0.175942,5.78264,0.442946,4.13366,1.88394,0.299612,0.216433,0.900840148551657,0.0811057485458967,0.0400349596847508,0.00237104790844955,0.00316728983234833,0.00539358448380459,0.104098491981055,0.00797386844573418,0.0744137232064259,0.0339144945877295,0.194971349980288,0.276077098526185
"atc","atc",2026,19287,"Adolis García","PHI",513.543,561.982,120.012,23.9492,1.02107,37.3216,5.45644,67.9067,23.8518,77.9574,11.2674,3.37427,0.233695,0.913806847906161,0.0664106679573367,0.0426155997878936,0.00181690872661402,0.00970927894487724,0.00600423145225292,0.120834297183896,0.0424422846283333,0.138718677822421,0.0200493965998911,0.213551323707877,0.279961991665213
"atc","atc",2026,19290,"Randy Arozarena","SEA",564.671,652.811,131.574,26.4144,1.59189,63.8049,19.3322,86.0364,22.962,72.8537,24.3328,7.25277,0.233011,0.864983892734651,0.0977387023196607,0.0404625534802569,0.00243851589510593,0.0296137779541092,0.0111100609517916,0.131793735093312,0.0351740396531308,0.111599988358039,0.0372738817207431,0.201549912608703,0.299288614928364
"atc","atc",2026,19296,"Alex Call","LAD",148.69,173.38,35.1178,7.17291,0.336265,19.1963,2.57206,21.0536,3.86017,17.5792,2.52966,1.01756,0.236182,0.857596031837582,0.110718075902642,0.0413710347214212,0.00193946822009459,0.0148348137040028,0.00586895835736533,0.12143038412735,0.0222642173261045,0.101391163917407,0.0145902641596493,0.202548160110739,0.313266236013381
"atc","atc",2026,19318,"Matt Thaiss","BOS",22.1577,25.637,4.83339,0.653411,0.02163,3.19791,0.142441,2.96877,0.316872,2.9078,0.090061,0.0492945,0.218136,0.864285992900885,0.124738073877599,0.0254870304637828,0.000843702461286422,0.0055560713031946,0.00192278737761829,0.115800210633069,0.0123599485119164,0.113422007255139,0.00351293053009322,0.188531809494091,0.313269883371689
"atc","atc",2026,19326,"Bryan Reynolds","PIT",565.243,632.156,143.401,27.9101,3.69641,54.8875,7.75592,73.3826,18.3123,73.9866,5.23779,1.76463,0.253698,0.8941511272534,0.0868258784224147,0.044150652686995,0.00584730667746569,0.0122689968931719,0.00279144704788059,0.116083055448339,0.028968007896785,0.117038515809389,0.00828559722600118,0.226844323236669,0.313670201659084
"atc","atc",2026,19339,"Nicky Lopez","COL",28.5311,31.4942,7.10762,0.790369,0.0924782,2.55961,0.153255,3.75823,0.0311052,2.73761,0.331863,0.188379,0.249119,0.905916009931987,0.0812724247639248,0.0250957001606645,0.00293635653548907,0.00486613408183094,0.00598138704904395,0.119330860920423,0.000987648519409923,0.086924259069924,0.0105372735297293,0.225680283988798,0.306952708752723
"atc","atc",2026,19346,"Eli White","ATL",141.648,154.589,32.9934,5.16228,1.13654,9.70296,2.1925,19.4881,4.00907,15.7943,5.53883,1.26613,0.232925,0.91628770481729,0.0627661735311051,0.0333935791032997,0.00735201081577603,0.0141827685022867,0.00819029814540491,0.12606395021638,0.0259337339655474,0.102169623970658,0.0358293927769764,0.213426569807684,0.276192743338789
"atc","atc",2026,19352,"Sean Murphy","ATL",306.149,350.385,67.3347,13.1475,0.279841,34.0888,7.65219,40.2666,14.3804,43.7087,0.413118,0.142036,0.219941,0.873750303237867,0.097289552920359,0.0375230104028426,0.000798667180387288,0.0218393766856458,0.000405371234499194,0.114921015454429,0.0410417112604706,0.124744780741185,0.00117904019863864,0.192173466329894,0.289463019250253
"atc","atc",2026,19354,"Luke Raley","SEA",276.315,312.495,60.4895,12.0282,0.810557,22.8063,9.55497,36.7402,10.5961,35.0047,5.35043,1.53926,0.218915,0.884222147554361,0.0729813277012432,0.0384908558536937,0.00259382390118242,0.0305763932222916,0.00492571081137298,0.117570521128338,0.0339080625290005,0.112016832269316,0.0171216499463991,0.193569497111954,0.266550824813197
"atc","atc",2026,19363,"Austin Hays","CHW",409.958,448.836,100.484,20.8152,2.04279,29.3589,4.8101,52.7988,13.5078,52.5117,5.55831,1.18037,0.245108,0.913380388382394,0.0654111969628105,0.046375959147662,0.00455130604496966,0.0107168319831743,0.00262984698197114,0.117634949068257,0.0300951795310537,0.116995294495094,0.0123838328476325,0.223876872621626,0.289288069584436
"atc","atc",2026,19392,"Zach McKinstry","DET",361.24,403.163,84.3058,15.9824,4.62923,33.7482,4.08545,48.3118,7.73936,36.2084,13.5954,3.42169,0.233379,0.896014763259525,0.0837085744475559,0.0396425267199619,0.0114822788797583,0.0101334943930867,0.00848711315274467,0.119831929021264,0.0191966028628619,0.0898108209334686,0.0337218445145016,0.20911095512237,0.292819529569926
"atc","atc",2026,19452,"Jake Rogers","DET",175.378,195.187,36.4583,7.62844,0.72446,15.7233,1.83983,21.5565,6.08123,21.9447,0.851996,0.225302,0.207884,0.898512708325862,0.08055505745772,0.0390827257962877,0.00371162013863628,0.00942598636179664,0.00115428793925825,0.110440244483495,0.0311559171461214,0.112429106446638,0.00436502431002065,0.186786517544714,0.267341575002434
"atc","atc",2026,19455,"Andruw Monasterio","BOS",116.588,129.796,27.4987,5.65431,0.156543,10.9374,1.2194,14.5247,2.93387,12.7404,3.28027,1.0217,0.235862,0.898240315572129,0.0842660790779377,0.0435630527905328,0.00120606952448458,0.00939474251902986,0.00787158309963327,0.111904064840211,0.0226037011926408,0.0981571080772905,0.0252725045455946,0.211860920213258,0.296126999291195
"atc","atc",2026,19470,"Tommy Edman","LAD",402.284,440.093,97.707,19.094,1.89799,28.1359,4.54701,54.8469,12.3224,49.3853,8.82885,1.91125,0.242881,0.914088613088597,0.0639317144330857,0.0433862842626445,0.00431270208796777,0.0103319298421016,0.00434283208321877,0.12462570411254,0.0279995364616115,0.11221559988457,0.0200613279465931,0.222014437857453,0.285946152290539
"atc","atc",2026,19514,"Andrew Knizner","SEA",96.4776,108.053,20.6242,3.82057,0.124851,7.62028,2.38847,11.0539,1.88668,9.83113,0.412656,0.13191,0.213772,0.892872941982175,0.070523539374196,0.0353582963915856,0.00115546074611533,0.0221046153276633,0.00122078979759933,0.102300722793444,0.0174606905870267,0.0909843317631163,0.00381901474276512,0.190871146566962,0.261394685941158
"atc","atc",2026,19522,"TJ Friedl","CIN",496.631,575.467,119.879,20.0358,2.7562,57.5496,12.5516,68.4064,13.4594,54.6062,11.6047,3.04392,0.241384,0.863005176665213,0.100005039385404,0.0348165924370989,0.0047895013962573,0.0218111551140204,0.00528947793704939,0.11887110816085,0.0233886565172286,0.0948902369727543,0.0201657088938201,0.208316028547249,0.308321067932653
"atc","atc",2026,19556,"Yordan Alvarez","HOU",469.674,552.796,136.908,27.3834,1.07002,69.3299,6.79252,77.3778,29.0331,84.0937,3.50266,1.22241,0.291496,0.84963349951881,0.125416790280682,0.0495361760938936,0.00193565076447731,0.012287570821786,0.00221132207903096,0.139975325436508,0.0525204596270595,0.15212429178214,0.00633626147801359,0.247664599599129,0.373081389879811
"atc","atc",2026,19566,"Nathaniel Lowe","CIN",177.157,202.256,43.3907,7.22873,0.289959,21.9159,1.50566,22.3012,5.34908,23.7268,0.307574,0.109794,0.244928,0.875904793924531,0.10835723044063,0.0357404971916779,0.00143362372438889,0.0074443279803813,0.000542846689344197,0.110262241911241,0.0264470769717586,0.117310734910213,0.0015207163199114,0.214533561427102,0.322890791867732
"atc","atc",2026,19599,"Chas McCormick","CHC",74.5225,84.3121,16.2484,2.69595,0.113205,6.8191,1.42751,9.75631,1.99863,7.98654,2.2915,1.0452,0.218033,0.883888552176971,0.0808792569512561,0.0319758373946326,0.00134268983929946,0.0169312589770626,0.0123967971382518,0.115716605327112,0.0237051384083661,0.0947259052971045,0.0271787797955454,0.192717296805559,0.273596553756815
"atc","atc",2026,19600,"Bryan De La Cruz","PHI",40.4646,43.2907,9.34175,2.19557,0.0353806,2.53123,0.134002,3.82625,0.866619,5.09009,0.259029,0.0780786,0.230862,0.934718080326721,0.0584705260021205,0.050716897624663,0.000817279461870563,0.00309539924279349,0.0018035882995655,0.0883850341990312,0.0200185952179105,0.11757929532209,0.00598347913062159,0.215791151448233,0.274261677450353
"atc","atc",2026,19608,"Otto Lopez","MIA",516.497,562.86,136.864,25.2832,2.60337,38.0913,3.50816,63.0463,11.5973,60.5301,15.7237,4.90992,0.264985,0.917629605941086,0.0676745549514977,0.0449191628468891,0.0046252531713037,0.00623273993533028,0.00872316384180791,0.112010624311552,0.0206042355114949,0.107540240912483,0.0279353658103258,0.243158156557581,0.310832711509079
"atc","atc",2026,19610,"Keibert Ruiz","WSN",312.244,334.487,74.975,14.4599,0.159075,16.0139,3.73262,30.2505,7.36697,36.459,1.56727,0.718875,0.240117,0.933501152511159,0.0478760011599853,0.0432300806907294,0.00047557902100829,0.0111592378777053,0.0021491866649526,0.0904384923778802,0.0220246825736127,0.108999751858817,0.00468559316206609,0.224149219551133,0.272025220711119
"atc","atc",2026,19611,"Vladimir Guerrero Jr.","TOR",576.644,662.506,169.649,31.8706,0.473735,74.8798,6.27367,93.782,28.7796,95.292,4.77856,2.07361,0.294201,0.870398154884635,0.113025089584094,0.0481061303595741,0.000715065222050819,0.00946960480357914,0.00312994901178253,0.141556453828343,0.0434405122368703,0.143835678469327,0.00721285543074327,0.256071643124742,0.369096732708836
"atc","atc",2026,19612,"Bo Bichette","NYM",561.793,607.859,160.458,30.1887,1.58932,38.4593,3.49161,75.0527,17.3521,76.8916,5.60238,2.27449,0.285618,0.924215977718517,0.0632701004673781,0.0496639845753703,0.00261461950880056,0.00574411171011698,0.00374180525417901,0.123470574590489,0.0285462582605506,0.126495782739089,0.00921657818671764,0.263972401494426,0.327242501961804
"atc","atc",2026,19627,"Brent Rooker","ATH",569.496,640.55,150.137,30.6219,1.75294,60.5256,6.40714,86.4814,32.6125,95.6349,6.36028,1.7858,0.263632,0.889073452501756,0.0944900476153306,0.0478056357817501,0.00273661696979159,0.0100025602997424,0.00278791663414253,0.135011162282414,0.0509132776520178,0.149301225509328,0.00992940441807822,0.234387635625634,0.328877683240965
"atc","atc",2026,19709,"Fernando Tatis Jr.","SDP",565.422,645.925,152.449,28.1789,2.4446,70.7144,6.09434,98.0398,28.4674,80.8973,25.6142,6.01932,0.26962,0.875367883268181,0.109477725742153,0.0436256531331037,0.00378464992065642,0.0094350582497968,0.00931891473468282,0.15178201803615,0.0440722994155668,0.125242559120641,0.0396550683128846,0.236016565390719,0.345494291132872
"atc","atc",2026,19722,"Carlos Narváez","BOS",365.172,409.741,83.1396,17.2918,0.275172,37.2221,3.61742,42.2827,11.9676,44.1893,2.52645,1.01841,0.227672,0.891226408877803,0.0908429959413385,0.0422017811251498,0.000671575458643387,0.00882855267107758,0.00248549693586924,0.103193724816408,0.0292077190225045,0.107846908168819,0.00616596825799713,0.202907690467881,0.293750686409219
"atc","atc",2026,19734,"Josh Rojas","KCR",54.586,60.909,12.5592,3.15407,0.10983,5.75361,0.152034,5.73169,0.885068,5.24146,0.919876,0.320394,0.230081,0.896189397297608,0.0944623947199921,0.0517833160945016,0.00180318179579373,0.00249608432251391,0.00526020785105649,0.0941025135858412,0.0145309888522222,0.0860539493342527,0.0151024643320363,0.206196128650938,0.30065852337093
"atc","atc",2026,19755,"Shohei Ohtani","LAD",558.89,659.827,158.223,27.19,5.11473,91.7757,4.52467,121.416,46.2993,109.173,24.0106,7.02655,0.283103,0.84702505353676,0.139090549492519,0.0412077711278866,0.0077516227738483,0.00685735806506857,0.0106490792283432,0.184011869777987,0.070168847288759,0.165457006154644,0.0363892353601777,0.239794673452284,0.378885222944802
"atc","atc",2026,19802,"Jhonny Pereda","SEA",33.1323,37.0242,7.14748,1.41413,0.0370769,3.25276,0.252477,3.15094,0.409955,3.04381,0.0714228,0.0234434,0.215725,0.894882266193463,0.0878549705327867,0.0381947482997607,0.00100142339334813,0.00681924254946765,0.000633191264092134,0.0851048773504897,0.0110726227710524,0.0822113644589215,0.00192908422059086,0.193048870738598,0.280903841271385
"atc","atc",2026,19844,"Abraham Toro","KCR",34.2804,37.6424,8.06001,1.70982,0.128633,2.48179,0.496117,3.89651,0.813359,3.78998,0.398009,0.107273,0.23512,0.910685822370518,0.0659307057998427,0.0454227148109579,0.00341723694557201,0.0131797388051771,0.00284979172422587,0.103513856714768,0.0216075223683931,0.100683803370667,0.0105734225235373,0.214120513038489,0.280051218838331
"atc","atc",2026,19858,"Luis Rengifo","MIL",390.589,424.874,96.4786,15.4708,2.53179,27.2681,3.75177,45.3894,8.11571,41.1072,11.385,4.23248,0.247008,0.91930548821533,0.0641792625578407,0.0364126776409006,0.00595891958557125,0.00883031204545348,0.00996172983049092,0.106830260265396,0.0191014512537835,0.0967515075057546,0.0267961795732382,0.227075791881828,0.291255054439669
"atc","atc",2026,19864,"Riley Adams","WSN",82.732,91.2868,17.5108,3.48158,0.0927195,6.50466,1.66483,8.4791,2.85149,9.83332,0.305473,0.100232,0.211656,0.906286560598027,0.0712552088582358,0.0381389204134661,0.00101569449252247,0.0182373574273608,0.00109799007085362,0.0928841847890385,0.0312366081404979,0.107718969226657,0.00334629979361748,0.191821818707634,0.263077027565869
"atc","atc",2026,19877,"Tristan Gray","MIN",68.7101,75.4644,14.3735,3.23566,0.113393,4.80033,0.827758,7.85649,2.21444,7.88657,0.175481,0.0793571,0.209191,0.910496870047334,0.0636105236376358,0.0428766411712013,0.00150260255166675,0.0109688541882,0.00105158326310154,0.104108559797732,0.0293441675810051,0.104507158342212,0.00232534811116235,0.190467293187251,0.254077816824887
"atc","atc",2026,19892,"Pavin Smith","ARI",345.879,397.891,81.1223,16.8979,1.04062,46.9049,1.51452,46.0244,12.1244,46.7355,2.51012,0.930862,0.234539,0.869280782927988,0.117883792294875,0.0424686660417049,0.00261533937686452,0.00380636908097946,0.00233948996081841,0.115670874686786,0.0304716618370358,0.117458047555738,0.00630856189257862,0.203880711049006,0.321764503343881
"atc","atc",2026,19896,"Connor Wong","BOS",201.348,221.227,46.8934,9.82581,0.819906,14.7879,2.67257,23.459,4.62634,20.5519,3.06769,1.36991,0.232897,0.910142071266166,0.0668449149516108,0.0444150578365209,0.00370617510520868,0.01208066827286,0.00619232733798316,0.106040401940089,0.0209121852215146,0.0928996008624625,0.0138667070475123,0.211969605879933,0.278814520831544
"atc","atc",2026,19901,"Gavin Sheets","SDP",426.68,472.94,101.681,21.3852,0.796874,38.3033,3.85412,48.3548,14.4952,55.4479,2.22973,0.796015,0.238306,0.902186323846577,0.0809897661436969,0.0452175751680974,0.0016849367784497,0.00814927897830592,0.0016831204803992,0.102242990654206,0.0306491309679875,0.117240876221085,0.00471461496172876,0.214997674123567,0.295987440267264
"atc","atc",2026,19913,"Jesús Sánchez","TOR",375.324,415.567,91.5004,18.321,1.63016,34.8858,2.83513,50.7031,14.3792,48.5409,9.44419,2.32112,0.24379,0.903161223100006,0.0839474741738396,0.0440867537605248,0.00392273688719268,0.00682231746024107,0.00558542906438673,0.122009447333402,0.0346014000149194,0.11680643554469,0.0227260345503854,0.220182064504641,0.30412953867848
"atc","atc",2026,19918,"Daulton Varsho","TOR",491.91,544.506,109.784,21.6182,3.07085,42.6441,4.27139,70.8183,26.4197,74.1924,8.0257,2.37188,0.223179,0.903406023074126,0.0783170433383654,0.0397024091561893,0.00563969910340749,0.00784452329267262,0.00435602178855697,0.130059723859792,0.0485204938053942,0.136256349792289,0.014739415176325,0.201621286083165,0.279938329421531
"atc","atc",2026,19921,"Blake Perkins","MIL",184.02,207.927,40.0028,7.54802,1.10443,20.3063,1.17767,23.5389,3.76687,19.295,7.17166,1.87557,0.217383,0.885022147195891,0.0976607174633405,0.0363012980517201,0.00531162379104205,0.00566386279800122,0.00902032925016953,0.113207519946904,0.0181163100511237,0.0927969912517374,0.0344912397139381,0.192388674871469,0.29004939233481
"atc","atc",2026,19931,"Luke Williams","ATL",20.5243,22.4368,4.21917,0.869243,0.0876049,1.39682,0.216067,2.42839,0.346704,1.8355,1.4583,0.217555,0.205569,0.914760571917564,0.0622557583969193,0.0387418437566854,0.00390451846965699,0.00963002745489553,0.00969634707266633,0.108232457391428,0.0154524709405976,0.0818075661413392,0.0649958995935249,0.188046869428796,0.250302627825715
"atc","atc",2026,19950,"Andrés Giménez","TOR",505.27,558.356,123.561,22.6222,1.85501,31.4727,14.4317,62.8858,10.8161,54.6459,19.9884,4.28289,0.244544,0.904924456798172,0.0563667266045319,0.0405157283167012,0.00332227109585999,0.0258467715937502,0.00767053636031492,0.112626711273811,0.0193713329846908,0.0978692805307008,0.0357986660840038,0.221294299694102,0.277661026298634
"atc","atc",2026,19953,"Josh Lowe","LAA",424.605,467.209,100.737,22.1006,2.03475,36.5348,2.28471,55.9828,13.1505,49.105,20.6217,3.99672,0.237249,0.908811688131008,0.0781979799190512,0.047303455198851,0.00435511730296291,0.0048901241200405,0.0085544584971608,0.119823890378824,0.0281469321010511,0.105102855467253,0.0441380624089005,0.215614425235815,0.293812405154866
"atc","atc",2026,19955,"Gavin Lux","TBR",396.851,446.456,100.134,20.5678,2.2349,44.7581,1.70612,50.4703,6.64937,43.0368,3.01941,0.938359,0.252322,0.888891626498468,0.100251984518071,0.0460690415180891,0.00500586843944308,0.00382147400863691,0.00210179502571362,0.113046526421417,0.0148936737326859,0.0963965093984626,0.00676306287741681,0.224286379844822,0.324538364362894
"atc","atc",2026,19956,"Mickey Moniak","COL",440.22,471.411,112.616,21.8553,5.04185,24.4402,3.85679,60.0238,19.9619,64.7177,9.09948,3.10485,0.255817,0.933834806570063,0.0518447808812268,0.0463614552906063,0.0106952319737978,0.00818137463911534,0.00658629094357153,0.127327957981464,0.0423450025561559,0.137285086686564,0.0193026467350147,0.238891328373755,0.290736109254981
"atc","atc",2026,19960,"Taylor Trammell","HOU",35.9002,40.5914,7.42217,1.07772,0.0614677,4.36341,0.166418,5.16538,0.997013,4.56487,0.649636,0.21883,0.206745,0.88442872135477,0.107495922781673,0.026550451573486,0.00151430352242101,0.00409983395497569,0.00539104342299108,0.127253063456791,0.0245621732682292,0.112459043048528,0.0160042767679853,0.182850800908567,0.29034672369024
"atc","atc",2026,19997,"Santiago Espinal","LAD",112.407,123.501,27.643,5.05687,0.0882105,8.13847,0.785165,12.4232,1.30514,10.6825,1.3918,0.595966,0.24592,0.910170767848034,0.0658980089230047,0.0409459842430426,0.000714249277333787,0.00635755985781492,0.00482559655387406,0.100591898041311,0.0105678496530392,0.0864972753257058,0.0112695443761589,0.223828147140509,0.289726156063514
"atc","atc",2026,20002,"Bryce Johnson","SDP",139.373,157.006,30.9527,5.83059,0.788745,11.9288,2.12115,16.5748,1.74282,12.0109,5.29676,1.31747,0.222085,0.887692190107384,0.0759767142656969,0.0371360967096799,0.0050236615161204,0.0135099932486657,0.00839120797931289,0.105567940078723,0.0111003401143905,0.0764996242181827,0.0337360355655198,0.197143421270525,0.273120135536222
"atc","atc",2026,20017,"Miles Mastrobuoni","SEA",39.9061,44.8669,9.21358,2.30422,0.0417982,4.3178,0.061988,5.12146,0.23473,3.28798,1.19626,0.360636,0.230881,0.889432967287689,0.0962357550889408,0.0513567908636434,0.000931604367585012,0.0013815975697006,0.00803790767804328,0.11414784618505,0.00523169641762636,0.073282976983032,0.0266624170602382,0.20535361257408,0.301589367663021
"atc","atc",2026,20036,"Isaac Paredes","HOU",425.903,495.073,102.72,18.5121,0.81863,55.3246,10.4638,60.1882,19.827,62.9717,0.840934,0.571191,0.241181,0.860283230957859,0.11175038832657,0.0373926673440079,0.00165355412232135,0.0211358728914726,0.00115375106297455,0.121574394079257,0.0400486392915792,0.127196797240003,0.0016986060641562,0.207484552783125,0.319234941109695
"atc","atc",2026,20043,"Luis Robert Jr.","NYM",473.596,521.495,110.572,20.4777,0.793494,39.0371,5.10199,66.142,19.5484,61.1779,28.9859,7.28498,0.233472,0.90815060547081,0.0748561347663928,0.0392672988235745,0.00152157547052225,0.00978339197883009,0.0139694148553677,0.126831513245573,0.037485306666411,0.117312534156607,0.0555823162254672,0.212028878512737,0.28688501327913
"atc","atc",2026,20084,"J.C. Escarra","NYY",131.38,147.909,28.8528,6.29548,0.646533,13.1426,1.71943,14.8653,2.8257,14.6238,1.31865,0.303467,0.219614,0.888248855715339,0.0888559857750374,0.0425631976417933,0.00437115388515912,0.0116249180239201,0.00205171422969529,0.1005030119871,0.019104314139099,0.0988702513031661,0.00891527898910817,0.195071293836075,0.283927279611112
"atc","atc",2026,20123,"Juan Soto","NYM",543.893,677.695,148.661,24.867,1.0055,124.62,3.64906,109.122,38.6278,99.2712,21.434,5.39333,0.273327,0.80256309991958,0.183888032226887,0.0366934978124377,0.00148370579685552,0.00538451663358886,0.00795834409284413,0.161019337607626,0.056998797394108,0.146483595127602,0.0316277971653915,0.219362692656726,0.403250724883613
"atc","atc",2026,20126,"Dylan Carlson","CHC",95.1145,108.357,21.3982,4.38067,0.188149,10.4938,1.47549,11.7799,2.43941,10.6062,1.32287,0.31137,0.224973,0.877788237031295,0.0968446893140268,0.040428121856456,0.001736380667608,0.0136169329161937,0.00287355685373349,0.108713788680011,0.0225127126073996,0.0978820011628229,0.0122084406175882,0.197478704652214,0.294323393966241
"atc","atc",2026,20178,"Miguel Vargas","CHW",508.646,579.946,118.704,28.2505,1.78145,59.8208,6.30562,71.1552,18.5534,65.7096,7.29147,2.18468,0.233372,0.877057519148335,0.103148913864394,0.0487122939032255,0.00307175150789901,0.010872770913154,0.00376704037962155,0.12269280243333,0.0319915992178582,0.11330296268963,0.0125726705589831,0.204681125484097,0.307830039348491
"atc","atc",2026,20202,"Brandon Marsh","PHI",418.139,472.82,106.97,21.2056,2.54758,46.0608,2.30594,58.0756,13.0676,51.883,11.2921,2.60869,0.255823,0.884351338775856,0.0974171989340552,0.044849202656402,0.00538805465081849,0.00487699335899497,0.00551730045260353,0.122828137557633,0.0276375787826234,0.109730975847045,0.0238824499809653,0.226238314792098,0.323655513726154
"atc","atc",2026,20220,"Jo Adell","LAA",517.084,567.467,120.696,21.7555,1.48375,38.3519,8.72658,68.4444,30.0515,82.4415,8.67048,3.27244,0.233416,0.911214220386384,0.0675843705448951,0.0383379121605309,0.00261468948855176,0.0153781277149156,0.00576674943212557,0.120613885917595,0.0529572644752911,0.145279813627929,0.0152792673406559,0.212692544236052,0.280276914780948
"atc","atc",2026,20287,"Ben Rortvedt","NYM",36.0303,40.4188,7.06999,0.970532,0.0134279,3.63743,0.397535,3.61376,0.512899,3.35904,0.0657043,0.0401524,0.196224,0.8914242877077,0.0899935178679229,0.0240118954545904,0.000332219165338902,0.00983539837897216,0.000993409007689491,0.0894078992943878,0.0126896147337378,0.0831058814215167,0.00162558759785051,0.174918354824982,0.264911872692905
"atc","atc",2026,20308,"Jake Meyers","HOU",411.912,457.946,101.173,19.3297,1.7179,35.6107,5.56038,53.4094,9.19842,42.9339,13.1274,3.4249,0.245619,0.899477230939892,0.0777617885078153,0.0422095618260668,0.00375131565730457,0.0121419992750237,0.00747882938163015,0.116628161398942,0.0200862547112542,0.09375319360798,0.028665825228302,0.220927794980194,0.29868958348801
"atc","atc",2026,20321,"Stuart Fairchild","CLE",26.5044,29.4607,5.76913,1.25618,0.0467963,2.27991,0.478682,3.31026,0.514384,2.66389,1.15873,0.202882,0.217667,0.899652757741669,0.0773881815435478,0.0426391769374115,0.0015884313678901,0.016248154320841,0.0068865301910681,0.112361892283619,0.0174600060419474,0.090421816182236,0.0393313804492086,0.195824607018842,0.27321278856239
"atc","atc",2026,20352,"Ernie Clement","TOR",516.34,553.187,135.314,26.622,2.37231,24.1871,3.72523,63.6861,10.2586,56.0098,8.39467,2.97102,0.262064,0.933391420984224,0.0437231894458836,0.0481247751664446,0.00428844134081242,0.00673412426539308,0.00537073358556871,0.115125807367129,0.0185445428037897,0.101249306292447,0.0151751035364172,0.24460806201158,0.288331251457464
"atc","atc",2026,20391,"Luis García Jr.","WSN",466.898,500.999,124.184,23.7996,1.8462,27.5333,1.71012,58.1793,14.7475,61.5065,13.4022,4.62458,0.265976,0.931933995876239,0.0549567963209507,0.0475042864357015,0.00368503729548362,0.00341341998686624,0.0092307170273793,0.116126579094968,0.0294361864993742,0.12276771011519,0.0267509515987058,0.24787275024501,0.302829546565961
"atc","atc",2026,20404,"Jared Young","NYM",33.1285,36.9437,7.4577,1.07451,0.0313568,3.29639,0.304541,4.60953,0.931979,4.26073,0.272654,0.123498,0.225114,0.89672934762896,0.0892273919504543,0.0290850672780474,0.000848772591808617,0.00824338114482307,0.00334287036761342,0.124771747280321,0.0252270075818069,0.115330354025179,0.00738025698562949,0.201866624079342,0.291094016029797
"atc","atc",2026,20437,"Royce Lewis","MIN",454.422,496.409,110.152,22.6413,0.353534,35.6246,2.21706,56.1651,18.8036,63.1022,10.509,2.49255,0.2424,0.915418535925014,0.0717646134538254,0.0456101722571509,0.00071218289757035,0.0044661962212611,0.00502116198537899,0.11314279152876,0.0378792487646276,0.127117356856947,0.021170043250626,0.221897669059183,0.293662282513008
"atc","atc",2026,20454,"Jazz Chisholm Jr.","NYY",518.431,584.205,123.602,19.0106,2.37499,56.0613,4.93117,79.6306,27.863,76.5453,32.3411,7.92869,0.238415,0.887412808859904,0.0959616915295145,0.0325409744866956,0.00406533665408547,0.00844082128704821,0.0135717599130442,0.136305920010955,0.0476938745816965,0.131024725909569,0.0553591633074006,0.211572992357135,0.307534683886649
"atc","atc",2026,20503,"William Contreras","MIL",522.72,599.615,139.101,27.1916,0.879851,68.659,3.79035,76.4496,19.2832,76.4054,5.74772,2.03111,0.266109,0.871759378934817,0.114505140798679,0.0453484319104759,0.00146735988926228,0.00632130617146002,0.00338735688733604,0.127497811095453,0.0321593022189238,0.127424097128991,0.00958568414732787,0.231983856307797,0.346488997106477
"atc","atc",2026,20505,"Drew Waters","KCR",31.6101,34.4071,7.05058,1.75944,0.115025,2.45628,0.231941,4.08923,0.447856,2.85626,0.502643,0.187282,0.223048,0.918708638624005,0.0713887540652947,0.0511359574041404,0.00334306000796347,0.00674107960275641,0.0054431207512403,0.118848435352006,0.0130163832464811,0.0830136803159813,0.0146086999485571,0.204916427132772,0.276305181198067
"atc","atc",2026,20521,"Nick Madrigal","LAA",45.4998,48.9737,11.4737,2.46382,0.0702748,2.60649,0.512018,4.43291,0.219894,3.895,0.648954,0.242034,0.25217,0.929066008898654,0.0532222396919163,0.0503090434253487,0.00143494977916719,0.0104549584777135,0.00494212199609178,0.0905161341699729,0.00449004261470953,0.0795324837616925,0.0132510714934751,0.234282890612717,0.287505130304633
"atc","atc",2026,20529,"Nolan Jones","CLE",104.789,118.486,23.4548,5.06907,0.20863,12.3891,0.695406,13.0094,2.75761,11.4241,2.45418,0.634666,0.223829,0.884399844707392,0.104561720372027,0.0427820164407609,0.00176079874415543,0.00586909845888966,0.00535646405482504,0.109796938034873,0.023273720101953,0.0964172982462063,0.020712826831862,0.197954188680519,0.302515909052546
"atc","atc",2026,20536,"Vidal Bruján","NYM",32.0578,35.1311,7.06847,1.79876,0.0380914,2.69657,0.186546,4.18921,0.281215,2.69879,0.648063,0.30379,0.220491,0.912519107002058,0.0767573460552046,0.0512013572020233,0.00108426436974646,0.00530999598646214,0.00864732388111958,0.119245056374551,0.00800473085101235,0.0768205379279328,0.0184469885656868,0.201202638118362,0.277959984173567
"atc","atc",2026,20538,"Jose Miranda","SDP",36.9912,39.5801,8.50998,1.9695,0.0441538,2.19351,0.252519,3.37682,0.676211,3.69335,0.0695894,0.0435659,0.230054,0.934590867632977,0.0554195163731269,0.0497598540680797,0.00111555554432657,0.00637994850947825,0.00110070212051005,0.0853161058208544,0.0170846208069207,0.093313306434294,0.00175819161649415,0.2150065310598,0.270426047432927
"atc","atc",2026,20572,"Kody Clemens","MIN",258.435,284.174,59.3353,11.6917,1.87737,20.6633,2.56885,33.1102,13.0378,35.5271,3.21833,0.994513,0.229595,0.909425211314195,0.0727135487412642,0.0411427505683138,0.00660641015715724,0.0090397080661848,0.00349966217880594,0.116513826036161,0.0458796371237341,0.125018826493627,0.0113252092028124,0.208799186413958,0.281512735155222
"atc","atc",2026,20599,"Iván Herrera","STL",474.105,543.301,127.075,22.2866,0.897511,53.926,10.8373,67.5561,17.2759,66.6781,8.70321,2.57677,0.268032,0.872637819551225,0.0992562134065647,0.0410207233191178,0.00165195904296145,0.0199471379585166,0.00474280371285899,0.124343779967274,0.0317980272445661,0.122727732877355,0.0160191311998321,0.233894286960635,0.3331505003672
"atc","atc",2026,21009,"Leo Rivas","SEA",133.888,158.336,28.9308,4.75311,0.222575,20.2303,1.54485,18.4084,2.33128,12.7462,6.39699,1.55073,0.216082,0.845594179466451,0.127768163904608,0.030019136519806,0.00140571316693614,0.009756783043654,0.00979391926030719,0.116261620856912,0.0147236257073565,0.0805009599838318,0.0404013616612773,0.182717764753436,0.310485928658044
"atc","atc",2026,21454,"Lars Nootbaar","STL",428.498,494.639,103.821,20.7626,1.73838,58.2838,3.13757,58.469,14.7165,50.5956,5.53855,2.30469,0.24229,0.866284300267468,0.117830983808394,0.0419752587240391,0.0035144418454671,0.00634315126789436,0.00465933741577191,0.118205398280362,0.0297520009542313,0.102287931198308,0.0111971559056201,0.209892467031512,0.327723450839906
"atc","atc",2026,21479,"Nico Hoerner","CHC",554.862,606.998,154.418,26.8991,2.92897,38.4845,9.04467,74.2272,6.8273,55.6276,26.0009,6.30719,0.2783,0.914108448462763,0.0634013621132195,0.0443149730312126,0.0048253371510285,0.0149006586512641,0.0103907920619178,0.122285740644944,0.0112476482624325,0.0916437945429804,0.0428352317470568,0.254396225358238,0.317797587471458
"atc","atc",2026,21496,"Brandon Lockridge","MIL",68.9894,76.9025,15.7149,3.18444,0.479937,5.7609,0.575145,8.36374,0.870647,6.04667,4.05525,0.770303,0.227787,0.897102174831767,0.0749117388901531,0.0414087968531582,0.00624085042748935,0.00747888560189851,0.0100166184454342,0.108757712688144,0.0113214394850623,0.0786277429212314,0.0527323559052046,0.204348363187153,0.279260102077306
"atc","atc",2026,21501,"Trevor Larnach","MIN",373.299,422.516,91.6856,17.7848,1.02171,41.9097,3.07894,49.5051,13.0659,48.2461,3.37501,1.4777,0.245609,0.883514470457923,0.0991907998750343,0.0420926071438715,0.00241815694553579,0.00728715598935898,0.00349738234765074,0.117167397210993,0.0309240360128374,0.114187628397504,0.00798788684925541,0.216999119559969,0.316189919435004
"atc","atc",2026,21523,"Jonathan India","KCR",445.052,514.345,108.528,23.5727,1.30454,52.3119,12.2932,61.6971,11.8171,49.869,5.6945,2.39247,0.243855,0.865279141432307,0.101705858907931,0.0458305223147887,0.00253631317500899,0.0239006892261031,0.00465148878670931,0.119952755446247,0.022975045932205,0.0969563230905326,0.0110713626068106,0.211002342785484,0.312708201693416
"atc","atc",2026,21524,"Joey Bart","PIT",271.039,307.891,63.8432,11.0198,0.360652,29.1004,5.92637,31.6303,7.64552,32.5014,1.28687,0.590836,0.23555,0.880308290921138,0.0945152667664855,0.0357912378081854,0.00117136259260582,0.0192482729277569,0.00191897782007269,0.102732135723357,0.024831904797477,0.105561383736452,0.00417962850489296,0.207356499540422,0.301871766306907
"atc","atc",2026,21534,"Cal Raleigh","SEA",538.991,624.588,123.773,22.5578,0.297751,75.5167,5.67394,86.2968,39.8235,101.362,8.02471,2.29524,0.229638,0.862954459579755,0.120906421513061,0.0361162878569553,0.000476715851089038,0.00908429236552736,0.00367480643240024,0.138165959000173,0.0637596303483256,0.162286179049229,0.0128480054051631,0.198167431971155,0.319073853484217
"atc","atc",2026,21538,"Nick Fortes","TBR",279.747,307.7,62.2192,11.1106,0.476208,17.2374,5.52431,29.0829,6.78331,29.203,2.06701,0.808594,0.222412,0.909155021124472,0.0560201494962626,0.0361085472863178,0.00154763730906727,0.0179535586610335,0.00262786480337992,0.0945170620734482,0.0220452063698408,0.0949073773155671,0.00671761455963601,0.20220734481638,0.258227494312642
"atc","atc",2026,21558,"Matt Vierling","DET",242.073,267.938,58.3451,11.0194,1.37011,20.566,2.79837,29.9939,6.38428,26.7781,3.6148,0.899991,0.241023,0.903466473587173,0.0767565630854899,0.0411266785599654,0.00511353372795199,0.0104440952757728,0.00335895244422217,0.111943434675186,0.0238274526196359,0.0999414043547388,0.0134911807955572,0.217755973396831,0.294512536482321
"atc","atc",2026,21562,"Romy Gonzalez","BOS",194.154,210.094,51.2134,10.0932,1.40372,11.8668,1.71923,25.4593,6.10891,26.5756,5.32746,1.9102,0.263777,0.924129199310785,0.0564832884327967,0.0480413529182176,0.00668139023484726,0.0081831465915257,0.00909212066979542,0.121180519196169,0.0290770321855931,0.126493855131513,0.025357506639885,0.243764219825411,0.300247508258208
"atc","atc",2026,21587,"César Salazar","HOU",99.2931,114.056,20.3302,3.83759,0.114069,9.36788,3.43356,10.8595,2.01813,10.1755,0.70901,0.158074,0.204749,0.870564459563723,0.0821340394192327,0.0336465420495195,0.00100011397909799,0.0301041593603142,0.00138593322578383,0.0952120011222557,0.0176942028477239,0.0892149470435575,0.00621633232797924,0.178247527530336,0.260381566949569
"atc","atc",2026,21614,"Kyle Isbel","KCR",401.011,443.918,93.9868,18.0071,4.27787,27.4668,4.08189,50.783,7.29332,39.6643,8.27764,2.97522,0.234375,0.903344761870436,0.0618735892664862,0.0405640230853446,0.0096366220788524,0.00919514414824359,0.00670218373663605,0.114397253546826,0.0164294306606175,0.0893505106799003,0.0186467771074838,0.211721083623552,0.273594672890038
"atc","atc",2026,21618,"Alec Bohm","PHI",514.439,561.476,140.215,26.0398,1.93135,36.3436,4.75748,63.6034,14.0581,70.316,2.86809,0.895229,0.272558,0.916226161046955,0.0647286794092713,0.0463774052675448,0.00343977302680791,0.00847316715229146,0.00159442077666721,0.113278929108279,0.0250377576245467,0.125234204133391,0.00510812572576566,0.249725722916028,0.3144544023253
"atc","atc",2026,21622,"Jake McCarthy","COL",330.782,365.513,86.1214,14.4337,4.13802,23.5096,5.86946,44.3414,5.94113,33.0695,14.4107,3.09639,0.260357,0.904980123825965,0.0643194633296217,0.0394888827483564,0.0113211294810308,0.0160581429388284,0.00847135396005067,0.121312785044581,0.0162542235159899,0.0904742102196091,0.0394259574898841,0.235617884999986,0.299937348329608
"atc","atc",2026,21626,"Griffin Conine","MIA",316.876,353.812,68.8631,13.4912,1.0782,31.9812,2.9764,37.8616,10.7143,40.7488,1.43936,0.569615,0.217319,0.895605575842538,0.0903903768102834,0.0381309848167954,0.00304738109504483,0.00841237719466835,0.00160993691565012,0.107010502752874,0.0302824663945824,0.115170768656801,0.00406814918657366,0.194631894904639,0.285022271714922
"atc","atc",2026,21636,"Jeremy Peña","HOU",540.844,591.689,147.735,27.2318,1.85825,34.6,10.7195,76.3546,16.4555,65.3129,17.139,4.25054,0.273156,0.914068032361596,0.0584766659512007,0.0460238402268759,0.00314058567930112,0.0181167809440432,0.00718374010671147,0.129045157168715,0.0278110629063579,0.110383833398965,0.0289662305704517,0.249683533072273,0.308160199023474
"atc","atc",2026,21646,"Rafael Marchán","PHI",142.378,159.582,32.1056,6.40114,0.186961,12.5864,2.24946,15.5711,2.8133,15.84,0.683699,0.234238,0.225495,0.892193355140304,0.0788710506197441,0.0401119173841661,0.00117156696870574,0.0140959506711283,0.00146782218545951,0.0975742878269479,0.017629181235979,0.0992593149603339,0.00428431151382988,0.201185597373137,0.280056647992881
"atc","atc",2026,21693,"Miguel Amaya","CHC",263.573,293.579,60.8651,12.277,0.788266,20.0659,5.33033,30.6936,7.73925,35.4407,1.07954,0.249357,0.230923,0.897792417032553,0.0683492347885918,0.0418183861924729,0.00268502174883081,0.0181563735825791,0.000849369335000119,0.104549712343185,0.026361728870253,0.120719465629354,0.00367717036981528,0.207321027730185,0.275670262518777
"atc","atc",2026,21707,"Oswaldo Cabrera","NYY",139.892,155.25,31.8788,6.11968,0.158327,11.8885,1.03054,17.6972,3.34342,15.1616,1.99511,0.786622,0.227882,0.901075684380032,0.0765764895330113,0.0394182286634461,0.00101981964573269,0.00663793880837359,0.00506680837359098,0.113991626409018,0.0215357165861514,0.0976592592592593,0.0128509500805153,0.205338486312399,0.281914975845411
"atc","atc",2026,21711,"Oneil Cruz","PIT",469.219,532.432,111.17,22.0503,3.06335,54.9949,3.68166,70.3642,21.3773,63.9419,28.1873,5.50829,0.236926,0.88127497971572,0.103289997595937,0.0414143026715149,0.0057535046728972,0.00691479850948102,0.0103455276917991,0.132156219010127,0.0401502914926225,0.12009402139616,0.0529406572106861,0.208796616281516,0.312086613877453
"atc","atc",2026,21716,"Enmanuel Valdez","PIT",39.1022,43.4104,8.98667,1.34464,0.0927623,3.96746,0.121631,5.1558,1.01958,5.33266,0.19464,0.103802,0.229825,0.900756500746365,0.091394228111236,0.0309750658828299,0.00213686812376758,0.00280188618395592,0.00239117815085786,0.118768774302932,0.0234869985072701,0.122842913218952,0.00448371818734681,0.20701652138658,0.298410749497816
"atc","atc",2026,21735,"Sebastián Rivero","LAA",21.2782,22.4421,4.33844,0.683801,0.0111499,0.931364,0.103008,2.0853,0.247287,2.37565,0.106354,0.0314922,0.203892,0.948137652002264,0.0415007508210016,0.0304695638999915,0.000496829619331524,0.00458994479126285,0.00140326440039034,0.0929191118478217,0.0110188886066812,0.105856849403576,0.00473903957294549,0.193317024699115,0.234817775520116
"atc","atc",2026,21746,"José Fermín","STL",136.638,157.268,33.0909,7.17546,0.147545,15.5708,2.82419,17.7737,2.66547,14.6786,5.20549,1.66138,0.24218,0.86882264669227,0.0990080626700918,0.0456256835465575,0.000938175598341684,0.0179578172291884,0.0105640053920696,0.113015362311468,0.0169485845817331,0.0933349441717323,0.0330994862273317,0.210410890963197,0.309418953633288
"atc","atc",2026,21780,"Esteury Ruiz","MIA",97.4106,109.787,22.73,4.64105,0.730289,8.48844,2.30796,14.2065,2.0564,9.82336,9.53288,2.00526,0.233342,0.887268984488145,0.0773173508703216,0.0422732199622906,0.00665187135088854,0.0210221610937543,0.0182650040533032,0.129400566551595,0.0187308151238307,0.0894765318298159,0.0868306812281964,0.207037263063933,0.284354613934254
"atc","atc",2026,21797,"Andrés Chaparro","WSN",252.567,279.933,57.221,12.0217,0.645409,21.8777,3.19767,28.7044,8.62689,33.29,1.39087,0.321474,0.226558,0.902240893356625,0.0781533438358464,0.0429449189627518,0.00230558383613222,0.0114229833567318,0.00114839622338202,0.102540250702847,0.0308176956628908,0.118921313314257,0.00496858176778015,0.20440962658922,0.282562970425066
"atc","atc",2026,21837,"Jonathan Aranda","TBR",497.753,568.157,129.226,24.3722,0.591467,56.5303,9.21404,69.4912,20.0747,73.7284,1.61009,0.739106,0.259619,0.876083547329347,0.0994976740584029,0.0428969457385899,0.00104102739207649,0.0162174187768522,0.00130088338258615,0.122309854494444,0.0353330153461103,0.12976765225105,0.0028338821839738,0.227447694915314,0.326945368973717
"atc","atc",2026,21840,"Freddy Fermin","SDP",396.032,434.411,94.5068,15.4415,0.725974,27.8711,2.75937,43.2045,9.41601,41.6259,2.3925,0.986243,0.238634,0.911652789639305,0.0641583661555531,0.0355458310217743,0.00167116854775777,0.00635198003733791,0.00227029932483293,0.0994553544914839,0.0216753489207225,0.0958214686092203,0.00550745722368909,0.217551581336568,0.281709947492122
"atc","atc",2026,21842,"Carlos Cortes","ATH",136.799,150.751,31.8852,7.33921,0.2283,11.8237,0.776695,16.9854,4.46667,17.4866,0.801109,0.175284,0.23308,0.907450033498949,0.078431983867437,0.0486843205020199,0.0015144178148072,0.00515217146154918,0.00116273855563147,0.112671889407035,0.0296294551943271,0.115996577137133,0.00531412063601568,0.211509044716121,0.289941028583558
"atc","atc",2026,21853,"Will Benson","CIN",203.177,229.675,44.8918,9.35458,1.68178,22.0978,1.68942,28.3938,8.54528,27.4234,5.69911,1.74732,0.220949,0.884628279090018,0.0962133449439425,0.0407296397082834,0.00732243387395232,0.00735569826929357,0.00760779362142157,0.123625993251333,0.0372059649504735,0.119400892565582,0.0248138021116795,0.195457929683248,0.291671274627191
"atc","atc",2026,21865,"Bo Naylor","CLE",391.871,445.592,85.4643,18.2239,1.19781,45.6213,2.45844,50.3478,16.6541,51.4262,3.86844,1.69878,0.218093,0.879439038402844,0.102383570620657,0.0408981759098009,0.00268813174383741,0.00551724447476615,0.00381241135388427,0.11299080773443,0.0373752221763407,0.11541095890411,0.00868157417547891,0.191799448823139,0.294183019443796
"atc","atc",2026,21871,"Jerar Encarnacion","SFG",111.627,121.756,24.9376,4.25226,0.099048,8.15627,0.891454,13.2058,3.96529,14.7992,1.34097,0.250393,0.223402,0.916809027891849,0.0669886494300076,0.0349244390420185,0.000813495844147311,0.00732164328657315,0.00205651466868163,0.108461184664411,0.032567512073327,0.121548014060909,0.0110135845461415,0.204816189756562,0.27180483918657
"atc","atc",2026,21897,"Christopher Morel","MIA",314.062,352.403,69.4596,13.6023,1.58755,32.083,3.7398,41.0009,13.7366,42.2438,6.76697,2.44162,0.221165,0.891201266731555,0.0910406551590083,0.0385987065944388,0.00450492759709764,0.0106122819612773,0.00692848812297285,0.116346625880029,0.0389798043716994,0.119873553857374,0.0192023620684273,0.197102748841525,0.288143404000533
"atc","atc",2026,22054,"Dane Myers","CIN",215.655,236.323,51.9312,8.66404,0.704209,16.2165,2.8983,26.6828,5.77139,24.6523,8.56802,2.33395,0.240807,0.912543425735117,0.0686200666037584,0.0366618568653919,0.00297985807559992,0.0122641469514182,0.00987610177595918,0.112908180752614,0.024421617870457,0.10431612665716,0.0362555485500776,0.219746702606179,0.288366769209937
"atc","atc",2026,22165,"Ryan Vilade","TBR",132.444,146.55,30.0911,6.11389,0.648526,11.3751,1.40685,15.2876,3.24484,14.6719,2.32856,0.675553,0.227199,0.903746161719549,0.0776192425793245,0.0417187990446946,0.00442528829750938,0.00959979529170931,0.00460970999658819,0.104316615489594,0.0221415216649608,0.100115319003753,0.0158891845786421,0.205329921528489,0.282949164107813
"atc","atc",2026,22168,"Akil Baddoo","MIL",27.8698,31.3133,5.94463,1.53269,0.087893,3.23419,0.0776336,3.89754,0.606803,3.47892,0.900699,0.204253,0.2133,0.890030753705295,0.103284866175076,0.0489469330923282,0.00280689036288095,0.00247925322466811,0.00652288324769347,0.124469155279067,0.0193784430258069,0.111100395039807,0.028764103432088,0.189843612777957,0.293128478953033
"atc","atc",2026,22184,"Mark Vientos","NYM",400.156,438.485,95.9109,17.7056,1.22245,30.5521,4.27918,50.1691,18.5306,58.6998,1.146,0.249847,0.239684,0.912587659783117,0.0696764997662406,0.0403790323500234,0.00278789468282837,0.00975901114063195,0.000569796002143745,0.114414632199505,0.0422605106218001,0.133869573645621,0.00261354436297707,0.218732453789753,0.288408953555994
"atc","atc",2026,22186,"Brice Turang","MIL",566.171,633.146,145.601,25.0482,2.74184,57.5875,2.14878,80.4347,15.2094,67.0174,29.4715,6.26173,0.257169,0.894218711008204,0.0909545349729762,0.0395614913463877,0.00433050196952993,0.00339381438088529,0.00988986742394329,0.127039734911063,0.0240219475444842,0.105848256168404,0.046547715692747,0.229964336819628,0.320918871792604
"atc","atc",2026,22197,"MJ Melendez","NYM",89.4312,98.1301,18.2914,4.62749,0.103351,7.87486,0.52039,10.5596,2.97551,10.2078,1.77599,0.469565,0.20453,0.911353397173752,0.0802491794057073,0.0471566828118997,0.00105320385895867,0.00530306195550601,0.00478512709148365,0.107608165078809,0.03032209281352,0.104023128479437,0.0180983204949348,0.186399483950388,0.266648663356096
"atc","atc",2026,22217,"Luis Campusano","SDP",229.517,255.427,53.2886,9.62113,0.238724,22.7165,1.57721,28.6919,7.10544,28.6869,1.00214,0.151111,0.232177,0.898562015761842,0.0889353905421118,0.0376668480622644,0.000934607539531843,0.00617479749595775,0.00059160151432699,0.112329158624578,0.0278178892599451,0.112309583560078,0.00392339102757344,0.208625556421208,0.29756094696332
"atc","atc",2026,22232,"Mason McCoy","SDP",60.2362,65.8668,11.9596,2.4309,0.158005,4.80085,0.268506,6.76468,0.75358,5.16622,2.12247,0.40529,0.198545,0.914515355232074,0.0728872512403821,0.0369063018091056,0.00239885648004761,0.00407649984514201,0.00615317580328785,0.102702423679304,0.0114409687429783,0.0784343553960417,0.0322236695877134,0.181572506938245,0.254459758178627
"atc","atc",2026,22239,"Jeremiah Jackson","BAL",199.226,213.235,47.3958,10.0098,0.836385,11.1786,1.61069,23.7212,5.82738,23.6125,3.18684,1.52632,0.237899,0.934302530072455,0.0524238516191057,0.046942575093207,0.00392236265153469,0.00755359110840153,0.00715792435575773,0.111244401716416,0.0273284404530213,0.110734635496049,0.0149452013037259,0.222270265200366,0.274694116819471
"atc","atc",2026,22244,"Jack Suwinski","LAD",104.118,119.076,20.9139,4.29744,0.346563,12.7941,1.33102,14.6296,4.10067,13.4703,2.6715,0.626487,0.200867,0.874382747153079,0.107444825153683,0.0360898921697067,0.00291043535221203,0.01117790318788,0.00526123652121334,0.122859350330881,0.0344374181195203,0.113123551345359,0.0224352514360576,0.175634888642548,0.283079713796231
"atc","atc",2026,22263,"Nolan Gorman","STL",440.973,496.126,93.1401,17.7092,0.541394,49.2536,1.90915,56.4333,20.6286,62.0407,3.69979,1.22928,0.211215,0.888832675570319,0.0992763934968133,0.0356949645856093,0.00109124295037954,0.00384811519654281,0.00247775766639926,0.113747918875447,0.0415793568569275,0.125050289644163,0.007457359622354,0.187734768990136,0.287011162486949
"atc","atc",2026,22266,"Xavier Edwards","MIA",520.648,579.177,144.651,22.7495,3.78607,47.9025,2.57475,69.1648,3.52147,44.3605,27.4981,6.39513,0.27783,0.898944536816897,0.0827078768666573,0.0392790114248321,0.0065369826495182,0.00444553219482127,0.0110417540751791,0.119419106767016,0.00608012749125052,0.0765923025258254,0.0474778867254742,0.249752666283364,0.332460543150021
"atc","atc",2026,22275,"Jake Burger","TEX",491.714,531.379,118.527,22.3145,0.996739,27.5384,8.16253,61.996,25.0195,74.3413,1.59554,0.780109,0.241049,0.925354596248628,0.0518244040505929,0.0419935676795658,0.00187575910978793,0.0153610323328547,0.00146808398525346,0.116670022714484,0.0470840962853255,0.139902593064461,0.00300264030004949,0.223055483938959,0.274879887989552
"atc","atc",2026,22277,"Nick Allen","HOU",121.443,134.639,27.0484,5.04298,0.0851007,9.41449,0.921159,12.882,1.01008,9.28866,2.78262,0.9899,0.222724,0.901989765224044,0.0699239447708316,0.0374555663663574,0.000632065746180527,0.00684169519975639,0.00735225306189143,0.0956780724752858,0.00750213533968612,0.0689893715788144,0.0206672657996569,0.200895728577901,0.270819673348733
"atc","atc",2026,22458,"Taylor Walls","TBR",282.19,318.28,60.2086,12.5925,1.45179,30.6909,0.959845,35.7473,5.00416,28.6205,14.0699,3.80152,0.213362,0.886609274852331,0.0964273595576222,0.0395642201834862,0.00456136106572829,0.00301572514766872,0.0119439487243936,0.112314000251351,0.0157225084830966,0.0899223953751414,0.0442060449918311,0.189168656528843,0.285596016086465
"atc","atc",2026,22514,"Triston Casas","BOS",159.55,183.569,37.6429,7.66704,0.129053,21.5961,1.41335,20.4612,7.14128,23.233,0.317356,0.157697,0.235932,0.869155467426417,0.117645680915623,0.0417665292070012,0.000703021752038743,0.0076992847376191,0.000859061170459065,0.11146326449455,0.0389024290593728,0.126562763865359,0.00172881042006003,0.205061312095179,0.322706993010802
"atc","atc",2026,22515,"Heliot Ramos","SFG",548.307,607.587,138.766,24.7182,1.86702,45.3198,9.3616,73.732,21.417,71.245,6.2411,2.44805,0.253081,0.90243372554054,0.074589811829417,0.0406825689160565,0.0030728438890233,0.0154078345981728,0.00402913492224159,0.121352168496034,0.0352492729436278,0.117258927528074,0.0102719445939429,0.228388691660618,0.302978503490035
"atc","atc",2026,22530,"Johnathan Rodríguez","CLE",119.694,132.541,28.3377,5.45414,0.242172,10.9428,1.04788,14.1203,3.85599,14.9878,0.758666,0.205339,0.236752,0.90307150240303,0.0825616224413578,0.041150587365419,0.00182714782595574,0.00790608189164108,0.00154924891165752,0.10653533623558,0.029092809017587,0.113080480756898,0.0057240099290031,0.213803275967437,0.296364898408794
"atc","atc",2026,22532,"Tyler Freeman","COL",274.158,311.326,75.1506,14.5272,1.29351,23.7403,9.48037,39.1446,4.64351,28.6014,11.9328,3.91072,0.274115,0.88061389026294,0.076255436423556,0.0466623410829805,0.00415484090631685,0.0304515845126973,0.0125614950245081,0.125735081554383,0.0149152656700693,0.0918696157725343,0.0383289542151956,0.241388769328614,0.31764420575217
"atc","atc",2026,22541,"George Valera","CLE",318.055,357.54,70.6127,13.3342,0.968304,34.5679,2.21941,39.9052,11.1723,37.6644,2.33093,0.775124,0.222014,0.889564803938021,0.09668260893886,0.037294288750909,0.00270823963752307,0.00620744532080327,0.00216793645466242,0.111610449180511,0.0312476925658668,0.105343178385635,0.00651935447782066,0.197495944509705,0.294178553448565
"atc","atc",2026,22542,"Lawrence Butler","ATH",506.594,560.359,121.77,25.623,1.88717,47.9185,1.37339,72.1545,21.076,64.8969,17.9392,4.49686,0.240369,0.904052580577808,0.0855139294630763,0.0457260434828387,0.00336778743626853,0.00245091093388346,0.00802496256863903,0.128764774010947,0.037611602561929,0.115813076973869,0.0320137626057581,0.217307119186093,0.30282104864917
"atc","atc",2026,22557,"Michael Siani","LAD",23.8304,26.5106,4.85436,0.596581,0.0577868,2.35791,0.0953595,3.33867,0.250445,2.40819,0.66543,0.181083,0.203705,0.898900817031678,0.0889421589854624,0.0225034891703696,0.00217976205744117,0.00359703288495922,0.00683058851930926,0.125937172300891,0.00944697592661049,0.0908387588360882,0.0251005258274049,0.183110152165549,0.272052311151011
"atc","atc",2026,22558,"Jarred Kelenic","CHW",93.4782,102.186,20.0836,4.45623,0.171624,8.01588,0.304252,10.8918,2.61132,9.46987,1.71503,0.925101,0.214848,0.914784804180612,0.0784440138570841,0.0436090071046914,0.00167952557101756,0.00297743330788953,0.00905310903646292,0.106587986612648,0.0255545769479185,0.0926728710390856,0.0167834145577672,0.196539643395377,0.274983657252461
"atc","atc",2026,22563,"Gabriel Arias","CLE",408.918,444.38,92.367,19.2824,1.58566,26.7616,4.94869,45.3398,11.4286,45.5121,8.5818,3.24023,0.225881,0.920198928844682,0.0602223322381745,0.0433916917953103,0.00356825239659751,0.0111361672442504,0.00729157477834286,0.102029344254917,0.0257180791214726,0.102417075475944,0.0193118502182816,0.20785588910392,0.268078221342095
"atc","atc",2026,22566,"Tirso Ornelas","SDP",84.8023,93.3457,19.5102,4.20553,0.132161,7.31493,0.58317,9.61479,2.00272,9.41184,1.04294,0.271245,0.230067,0.908475698398534,0.0783638667876506,0.0450532804403417,0.00141582311772262,0.00624742221655631,0.00290581140855979,0.103001959383239,0.0214548715152385,0.100827783175872,0.0111728767366895,0.20901016329622,0.287374030083871
"atc","atc",2026,22581,"Alejandro Kirk","TOR",427.53,483.739,114.157,19.4959,0.245699,47.1858,3.58874,52.2644,15.323,63.259,0.926564,0.173367,0.267015,0.883803042549805,0.097543923479397,0.0403025185068808,0.000507916459082274,0.00741875267447942,0.000358389544775178,0.108042560140902,0.0316761724814414,0.130770932258925,0.00191542133257811,0.235988828686544,0.333532752165941
"atc","atc",2026,22664,"Gabriel Moreno","ARI",378.636,425.397,104.372,19.6545,1.13489,39.9874,3.26459,51.227,10.4151,52.1814,4.13909,1.6303,0.275653,0.890076798849075,0.0940001927611149,0.046202723573509,0.00266783733782796,0.00767421961132777,0.00383242006878281,0.120421629677689,0.0244832474135925,0.122665180995635,0.00972994637949962,0.245351988848064,0.339352181609179
"atc","atc",2026,22707,"Gustavo Campero","LAA",23.3484,25.6759,5.53128,0.776283,0.0700748,1.79635,0.423645,3.27943,0.452992,2.75293,0.71281,0.185847,0.236901,0.909350791987817,0.0699624940118944,0.030233915851051,0.0027292052079966,0.0164997137393431,0.00723818834003871,0.127724052516173,0.0176426921743736,0.107218442196768,0.0277618311334754,0.215426917849034,0.285389411860928
"atc","atc",2026,22715,"Maikel Garcia","KCR",577.446,640.537,154.743,31.5822,4.1078,53.1787,1.60078,83.0088,12.347,65.4866,26.1169,6.81888,0.267979,0.901502957674576,0.0830220580544137,0.0493058168380593,0.00641305654474293,0.00249912183058902,0.0106455677033489,0.129592513781405,0.0192760137197383,0.102237029242651,0.040773444781488,0.241583234067665,0.324605292122079
"atc","atc",2026,22799,"Geraldo Perdomo","ARI",548.566,647.509,144.102,27.6458,3.75218,75.7624,7.57876,88.2458,12.6205,64.7582,20.5441,5.36734,0.262689,0.847194401931093,0.117005941230161,0.0426956227635446,0.00579479204150058,0.0117044859608129,0.00828921296846839,0.136285055497298,0.0194908487758471,0.10001127397457,0.0317278987627971,0.222548258016491,0.339554199246651
"atc","atc",2026,22823,"Oswald Peraza","LAA",241.819,265.642,51.6375,8.88649,0.257031,18.6939,3.5342,28.427,6.88429,25.1472,8.50835,2.13084,0.213538,0.91031915133902,0.0703725314521047,0.0334528801921383,0.000967584192258754,0.0133043720496006,0.00802147250811242,0.107012445321147,0.0259156684560423,0.0946657531565039,0.0320293854134512,0.194387559196211,0.264760090648316
"atc","atc",2026,22857,"Wenceel Pérez","DET",373.416,413.495,88.1606,17.3162,3.94967,32.8789,2.93681,49.8031,11.1944,43.1556,9.32964,2.99867,0.236092,0.903072588543997,0.0795146253279967,0.0418776526922937,0.00955191719367828,0.00710240752608859,0.00725201030242204,0.120444261720214,0.0270726369121755,0.104367888366244,0.0225628846781702,0.213208382205347,0.292723007533344
"atc","atc",2026,22896,"Lenyn Sosa","CHW",370.819,393.81,91.6534,16.3611,0.786784,16.2842,2.52562,39.9239,12.9142,46.2864,2.08557,0.975749,0.247165,0.941619054874178,0.0413503973997613,0.0415456692313552,0.0019978771488789,0.00641329575175846,0.00247771514181966,0.101378583580915,0.0327929712297809,0.117534851832102,0.00529587872324217,0.232735075290115,0.274085472689876
"atc","atc",2026,23003,"Yainer Diaz","HOU",488.837,518.651,131.584,23.7073,1.40406,22.1556,2.95545,57.7211,19.7539,67.6913,1.14062,0.448006,0.269178,0.942516258524518,0.0427177427595821,0.0457095426404268,0.00270713832615767,0.00569834050257302,0.000863790872860556,0.111290829478782,0.038087075894966,0.130514160774779,0.00219920524591681,0.253704321403024,0.296422064162606
"atc","atc",2026,23359,"Nelson Velázquez","STL",95.1316,105.5,21.1712,4.21238,0.1384,8.57103,0.889472,11.5198,3.99676,12.1344,1.40232,0.496342,0.222547,0.901721327014218,0.081241990521327,0.0399277725118483,0.00131184834123223,0.00843101421800948,0.004704663507109,0.109192417061611,0.037883981042654,0.115018009478673,0.0132921327014218,0.200674881516588,0.281916872037915
"atc","atc",2026,23372,"Hunter Feduccia","TBR",225.637,255.469,48.6424,9.96783,0.857661,26.4945,1.08152,25.1474,4.43545,23.6143,1.55712,0.221934,0.215578,0.883226536292075,0.103709256308985,0.0390177673220626,0.00335720185227953,0.00423346864003069,0.000868731626929295,0.0984362094813852,0.0173619891258822,0.0924350899717774,0.00609514265918761,0.19040431520067,0.294113571509655
"atc","atc",2026,23395,"Eric Wagaman","MIN",105.809,114.517,25.9135,5.96054,0.0986792,7.23628,0.491742,12.4671,2.86519,12.2064,1.0659,0.25209,0.244909,0.923958888200005,0.063189570107495,0.0520493900468926,0.000861699136372766,0.00429405241143236,0.00220133255324537,0.108866805801759,0.0250197787228097,0.106590287904853,0.00930778836329977,0.226285180366234,0.289474750473729
"atc","atc",2026,23401,"José Caballero","NYY",309.105,358.983,69.5434,13.937,0.992272,38.6428,6.34921,45.5761,6.70472,30.3138,38.0379,8.48081,0.224983,0.86105748740191,0.107645208826045,0.0388235654613171,0.00276411974940318,0.017686659256845,0.0236245448948836,0.126958936774165,0.0186769847040111,0.0844435530373305,0.105960170815888,0.193723379658647,0.301368588484692
"atc","atc",2026,23565,"Davis Schneider","TOR",281.438,327.632,61.841,12.4886,0.944096,39.8214,3.78164,39.6513,13.5461,38.6252,4.14227,1.04257,0.219732,0.859006446256776,0.12154307271573,0.0381177662743566,0.00288157444938223,0.0115423401865508,0.00318213727596816,0.121023892660058,0.0413454729696733,0.117892025199004,0.0126430568442643,0.18875140401426,0.31029447672999
"atc","atc",2026,23690,"Brayan Rocchio","CLE",418.666,467.37,96.991,21.5083,1.71226,34.8512,6.78905,50.1951,7.90438,44.8579,10.8633,4.15501,0.231667,0.895791343047264,0.0745687570875324,0.0460198557887755,0.00366360699231872,0.0145260714209299,0.00889019406465969,0.107399062841004,0.0169124676380598,0.0959794167362047,0.023243468772065,0.207525087190021,0.282093844277553
"atc","atc",2026,23691,"José Tena","WSN",199.817,218.094,48.3182,10.018,0.924888,15.3236,1.15242,22.2242,3.69893,20.4262,6.22456,2.14365,0.241813,0.916196685832714,0.0702614468990435,0.0459343218978972,0.00424077691270737,0.00528405183086192,0.00982901868001871,0.101901932194375,0.0169602556695737,0.0936577805900208,0.0285407209735252,0.221547589571469,0.291809036470513
"atc","atc",2026,23695,"Everson Pereira","CHW",199.449,221.702,43.7358,7.88037,0.833692,18.094,2.65142,27.3476,8.11666,25.7547,4.41717,1.10367,0.219283,0.899626525696656,0.0816140585109742,0.0355448755536711,0.00376041713651659,0.0119593869247909,0.0049781688933794,0.123352969301134,0.0366106755915598,0.116168099520979,0.0199239068659732,0.197272915896113,0.278886974407087
"atc","atc",2026,23697,"Julio Rodríguez","SEA",599.956,659.957,162.937,28.1473,2.9873,47.2543,8.86419,94.3823,29.7899,91.2708,28.0997,6.51966,0.271581,0.909083470589751,0.0716020892270254,0.0426502029677691,0.00452650703000347,0.0134314659894508,0.00987891635364122,0.143012802349244,0.0451391530054231,0.138298101239929,0.0425780770565355,0.246890327703169,0.318492416930194
"atc","atc",2026,23698,"Ronny Mauricio","NYM",139.917,151.513,32.4787,6.2329,0.137607,9.63096,1.05609,17.2199,4.44087,15.5771,3.96465,1.23146,0.232129,0.923465313207448,0.0635652386263885,0.041137724155683,0.000908219096711173,0.00697029297816029,0.00812775141407008,0.113652953871945,0.0293101582042465,0.102810319906543,0.0261670615722743,0.214362463946988,0.277927702573377
"atc","atc",2026,23733,"Ezequiel Duran","TEX",247.519,266.602,58.0475,13.1247,0.951336,13.4767,2.99041,28.1672,5.04613,24.4324,7.883,2.1845,0.234517,0.928421392187606,0.0505498833467116,0.0492295631690685,0.00356837533101777,0.0112167575637092,0.0081938620115378,0.105652620760534,0.0189275774375286,0.0916437236029737,0.0295684203419329,0.217730924749252,0.268280808095963
"atc","atc",2026,23772,"Wilyer Abreu","BOS",446.397,504.291,109.538,24.1604,1.04455,51.1546,2.47166,63.9023,21.8865,70.2454,7.97674,2.81279,0.245382,0.885197237309411,0.10143865347587,0.0479096394740338,0.00207132389830475,0.00490125740891668,0.00557771207497259,0.126717113729969,0.0434005365949422,0.139295367159041,0.0158177322220702,0.217211887580782,0.318650541056652
"atc","atc",2026,23782,"Leo Jiménez","TOR",109.125,124.248,25.1073,4.89441,0.140879,9.17798,3.77356,13.6579,2.88288,11.7883,1.01952,0.238576,0.230078,0.878283755070504,0.0738682312793767,0.039392263859378,0.0011338532612195,0.0303711930976756,0.00192015968063872,0.109924505827056,0.0232026270040564,0.0948771811216277,0.00820552443500096,0.202074077651149,0.275942308930526
"atc","atc",2026,23789,"Blaze Alexander","BAL",273.445,309.265,61.4711,11.4922,1.21153,24.9566,6.84535,34.483,7.32319,30.1515,5.47323,2.44209,0.224802,0.88417700030718,0.0806964900651545,0.0371597173944675,0.00391744943656735,0.0221342537952888,0.00789643186264207,0.111499846410037,0.0236793364913585,0.097494058493525,0.0176975409438507,0.198765136695067,0.279461626760222
"atc","atc",2026,23790,"Will Banfield","CIN",20.6434,21.7757,4.1258,0.641234,0.0142719,0.973253,0.0747825,2.32937,0.285826,2.34053,0.0199688,0.00998245,0.19986,0.948001671588055,0.0446944529911782,0.0294472278732716,0.000655404877914372,0.00343421795855013,0.000458421543279895,0.106971073260561,0.0131259155848032,0.107483571136634,0.000917022185279922,0.189468076801205,0.234162529792383
"atc","atc",2026,23792,"Alek Thomas","ARI",374.597,407.256,89.4338,18.2397,2.72213,22.7226,3.57032,46.1855,9.13617,41.7403,7.48167,2.43086,0.238747,0.919807197438466,0.0557943897695798,0.0447868171371324,0.00668407586383012,0.00876677077808553,0.0059688746144931,0.113406555090656,0.0224334816429961,0.102491553224507,0.0183709263951912,0.219600938967136,0.275395328736716
"atc","atc",2026,23800,"Parker Meadows","DET",372.144,416.108,83.7868,15.0835,4.50997,37.6208,2.35129,49.191,10.2006,39.1861,11.0216,2.7299,0.225146,0.894344737423938,0.0904111432608842,0.0362490026627702,0.0108384602074461,0.00565067242158286,0.00656055639401309,0.118216905226528,0.0245143087852192,0.0941729070337509,0.0264873542445711,0.201358301210263,0.291769444471147
"atc","atc",2026,23818,"Ji Hwan Bae","NYM",22.6329,25.1718,5.23247,1.08475,0.0724976,2.15539,0.159737,2.90396,0.24739,1.8349,1.76123,0.322078,0.231189,0.899137129645079,0.085627170087161,0.0430938590009455,0.00288011187122097,0.0063458711732971,0.0127951914443941,0.115365607544951,0.00982806156095313,0.0728950651125466,0.069968377311118,0.207870315193987,0.293497485281148
"atc","atc",2026,23917,"Jorbit Vivas","NYY",23.1785,26.0514,5.14024,0.773726,0.0344508,2.50665,0.269986,3.00644,0.200797,2.54615,0.230064,0.131654,0.221768,0.889721857558519,0.096219397038163,0.0296999777363213,0.00132241645362629,0.0103635889050109,0.00505362475721074,0.115404162540209,0.0077077239610923,0.0977356303308076,0.00883115686680946,0.197311468865397,0.29353086590356
"atc","atc",2026,23968,"Jorge Barrosa","ARI",113.56,126.588,25.406,5.82179,0.700012,9.5281,1.0272,13.1768,1.91608,11.1323,2.22901,0.837404,0.223724,0.897083451827977,0.0752685878598287,0.0459900622491863,0.00552984485101273,0.00811451322400228,0.00661519259329478,0.10409201504092,0.0151363478370778,0.0879411950579834,0.0176083831010838,0.200698328435555,0.275966916295383
"atc","atc",2026,23986,"Curtis Mead","CHW",84.0531,92.4309,20.0972,4.30417,0.103538,6.04131,1.99733,10.1682,1.97077,8.89595,1.62539,0.33336,0.239101,0.909361479764884,0.0653602853591169,0.0465663538924754,0.00112016652439823,0.0216088991884749,0.00360658610919076,0.110008665933146,0.021321549395278,0.0962443295478027,0.0175849201944371,0.217429452704669,0.282789738063786
"atc","atc",2026,24064,"Ezequiel Tovar","COL",581.243,625.61,152.038,33.659,3.58071,30.4968,3.69789,76.5194,19.7445,71.188,8.25765,3.4385,0.261573,0.92908201595243,0.0487473026326306,0.0538018893559885,0.00572354981538019,0.00591085500551462,0.00549623567398219,0.122311663816115,0.0315603970524768,0.113789741212577,0.0131993574271511,0.243023608957657,0.291770911590288
"atc","atc",2026,24257,"Jhonkensy Noel","BAL",24.4254,26.1962,5.35394,1.24661,0.028989,1.47866,0.196354,3.19894,1.33493,3.3901,0.034875,0.0212488,0.219196,0.932402409509776,0.0564455913453096,0.0475874363457295,0.00110661088249441,0.00749551461662379,0.000811140547102252,0.122114657851139,0.0509589177056214,0.129411899435796,0.00133129995953612,0.204378497644697,0.260824088990006
"atc","atc",2026,24262,"Ceddanne Rafaela","BOS",520.745,558.875,130.811,27.5848,3.50384,25.6545,6.78325,69.322,16.0573,63.451,19.5488,5.98404,0.2512,0.93177365242675,0.0459038246477298,0.0493577275777231,0.00626945202415567,0.0121373294564974,0.0107072959069559,0.124038470140908,0.0287314694699172,0.113533437709685,0.0349788414225006,0.234061283829121,0.279965108476851
"atc","atc",2026,24273,"Liover Peguero","PHI",27.179,29.3538,6.02251,1.24178,0.0766287,1.71397,0.215709,3.10287,0.640145,2.86818,0.806151,0.166939,0.221587,0.925910784975029,0.0583900551206317,0.0423038925113614,0.00261052061402612,0.00734858859840975,0.00568713420408942,0.105705905197964,0.0218079090271106,0.0977106882243526,0.0274632585900292,0.205169688421942,0.263559743542574
"atc","atc",2026,24336,"Johan Rojas","PHI",86.0202,94.3404,20.2048,3.46957,0.83903,4.98581,0.891251,10.6931,1.07091,7.67274,4.78712,0.948244,0.234885,0.911806606713561,0.0528491505229997,0.036777138956375,0.00889364471636754,0.0094471827552141,0.0100513035772585,0.11334592602957,0.0113515524632077,0.0813303738377196,0.0507430538772361,0.21416911524649,0.26701826576949
"atc","atc",2026,24488,"Max Schuemann","NYY",61.2327,69.3431,13.383,1.81042,0.126499,6.69739,0.701957,8.36989,0.910452,5.25204,1.36861,0.366393,0.218559,0.883039552601484,0.0965833659008611,0.0261081491885999,0.00182424783431949,0.010122953833907,0.00528377012276636,0.120702564494521,0.013129669714795,0.0757399077918351,0.0197367870775896,0.192996851885768,0.289580217786629
"atc","atc",2026,24496,"DaShawn Keirsey Jr.","ATL",24.5346,26.6745,5.23611,0.97327,0.0837854,1.54011,0.339278,2.8446,0.466905,2.23346,1.65123,0.297089,0.213417,0.919777315413597,0.0577371647078671,0.0364869069710772,0.00314102982248964,0.0127191887383081,0.0111375658400345,0.106641174155092,0.0175037957599955,0.083730154267184,0.061902941011078,0.196296462914019,0.254033627621886
"atc","atc",2026,24589,"Richie Palacios","TBR",152.236,173.682,34.3261,6.91484,0.250647,18.0021,1.80854,20.102,3.04518,14.8001,6.46679,1.13442,0.22548,0.87652145875796,0.103649773724393,0.039813221865248,0.0014431374581131,0.0104129385889154,0.00653159222026462,0.115740260936654,0.0175330776937161,0.0852137815087344,0.0372335072143342,0.197637636600223,0.301287410324616
"atc","atc",2026,24598,"Addison Barger","TOR",425.224,469.543,101.657,24.2852,0.910989,37.8553,3.69981,56.1157,17.1981,59.8843,3.91653,1.26485,0.239067,0.905612478516345,0.0806215831137936,0.0517209286476425,0.00194016096502344,0.00787959782171175,0.00269378949318806,0.119511312063006,0.0366273163480235,0.127537414038757,0.00834115299344256,0.216502003011439,0.297123586125232
"atc","atc",2026,24605,"Michael Helman","TEX",90.7152,99.2425,19.1667,4.39344,0.150332,5.86315,1.07045,10.9922,2.34091,9.63352,2.50288,0.47733,0.211284,0.914076126659445,0.0590790236037988,0.0442697433055395,0.00151479456885911,0.0107862055067134,0.00480973373302768,0.110761014686248,0.0235877774139104,0.0970705091064816,0.0252198402901983,0.193129959442779,0.252208983046578
"atc","atc",2026,24610,"Steven Kwan","CLE",575.958,644.761,156.525,26.5394,2.75728,57.5655,4.38575,80.2242,8.58391,54.2207,17.634,4.68858,0.271765,0.893289141247687,0.0892819199672437,0.0411616087201304,0.00427643731553242,0.00680213288334747,0.00727181079500776,0.124424709310892,0.0133133207498592,0.0840942612844139,0.0273496691021945,0.242764373155324,0.332046293122568
"atc","atc",2026,24617,"Jarren Duran","BOS",546.685,607.055,142.138,34.3808,6.80633,48.7049,7.41959,80.3029,16.5435,68.5387,23.1332,4.99999,0.26,0.900552668209635,0.0802314452561959,0.0566353954748746,0.0112120483316998,0.0122222698108079,0.00823646951264713,0.132282742090914,0.0272520611806179,0.11290360840451,0.0381072555205047,0.234143529004785,0.314374974260981
"atc","atc",2026,24618,"Ryan Jeffers","MIN",442.356,502.968,107.249,22.3493,0.847659,46.4121,9.40223,57.1139,15.5669,56.6821,2.50287,0.934747,0.24245,0.879491339409267,0.0922764470105454,0.0444348348205055,0.00168531397623706,0.0186934954112389,0.00185846216856738,0.113553744969859,0.0309500803232015,0.112695241049132,0.00497620126926564,0.213232253344149,0.305508700354695
"atc","atc",2026,24641,"Willie MacIver","TEX",30.4096,33.2296,6.63731,1.67739,0.0380058,2.38696,0.31106,3.07724,0.455743,3.07039,0.486971,0.123672,0.218264,0.915135902929918,0.0718323422490791,0.0504787899944628,0.00114373329802345,0.00936093121795026,0.00372174206129475,0.0926053879673544,0.01371497098972,0.0923992464549679,0.0146547355369911,0.199740893661073,0.271573235910152
"atc","atc",2026,24679,"Brendan Donovan","SEA",502.269,565.197,134.554,27.1903,1.00529,48.1859,9.44641,65.2664,12.8167,57.7397,4.86356,2.32509,0.267893,0.88866182941523,0.0852550526630538,0.0481076509606385,0.00177865416836961,0.016713482201781,0.00411376918136508,0.11547548907726,0.0226765180989991,0.102158539411922,0.0086050704444645,0.238065665599782,0.323320718262836
"atc","atc",2026,24703,"Jonah Bride","TEX",32.6092,37.3098,7.0508,1.75154,0.0302896,4.19845,0.274809,3.34115,0.523353,3.16208,0.0657523,0.0338099,0.216221,0.874011653774611,0.112529415863929,0.0469458426472401,0.000811840320773631,0.00736559831465191,0.000906193547003736,0.0895515387378115,0.0140272260907322,0.0847519954542774,0.00176233322076237,0.188979839077133,0.301509254941061
"atc","atc",2026,24729,"Logan O'Hoppe","LAA",414.598,452.975,95.1389,14.8105,0.936783,30.4137,4.82592,47.6653,18.8195,53.0368,2.30159,1.21782,0.229472,0.915277885092996,0.0671421160108174,0.0326960649042442,0.00206806777415972,0.0106538329929908,0.00268849274242508,0.105227220045256,0.0415464429604283,0.117085490369226,0.00508105303824714,0.210031237927038,0.277173353937855
"atc","atc",2026,24759,"Mickey Gasper","BOS",33.9511,38.0318,7.84674,1.21847,0.0328561,3.48671,0.349246,4.48449,0.78067,4.18464,0.191649,0.0712849,0.231119,0.892702948585131,0.0916788056310772,0.0320381890943894,0.000863911253214415,0.00918299948990056,0.00187434988614791,0.117914219153445,0.0205267697032483,0.1100300275033,0.00503917774073276,0.20632050021298,0.297999305844057
"atc","atc",2026,24770,"James Outman","MIN",180.513,204.183,36.6877,7.47127,0.942525,19.0631,3.05442,24.5536,6.53416,21.2246,4.19067,1.04484,0.203242,0.884074580156037,0.0933628166889506,0.036591048226346,0.00461607969321638,0.0149592277515758,0.00511717429952543,0.120252910379415,0.032001488860483,0.10394890857711,0.0205240886851501,0.179680482704241,0.273043299393191
"atc","atc",2026,24816,"Andy Pages","LAD",524.212,573.624,134.032,28.1941,1.67619,35.2287,8.3039,72.8131,22.5238,75.8709,9.89054,3.58763,0.255682,0.913859950071824,0.0614142713693988,0.0491508374823926,0.00292210576963307,0.0144762074111265,0.0062543233895374,0.126935239808655,0.0392657908316249,0.132265909376177,0.0172422004658104,0.233658284869531,0.29507255623893
"atc","atc",2026,24878,"Heriberto Hernández","MIA",295.601,334.799,66.5093,13.5129,1.12128,32.5161,3.40512,38.3287,10.6963,39.5946,3.02283,0.970475,0.224997,0.882920797254472,0.0971212578293245,0.0403612316643718,0.00334911394597953,0.0101706396972512,0.00289867950621119,0.114482719482436,0.0319484227850143,0.118263794097354,0.0090287904085735,0.198654416530515,0.29577567435984
"atc","atc",2026,24934,"David Fry","CLE",186.67,207.978,41.1094,8.3507,0.669556,16.513,3.50912,22.464,7.12355,24.7517,1.76516,0.43121,0.220225,0.897546855917453,0.0793978209233669,0.0401518429833925,0.0032193597399725,0.0168725538278087,0.00207334429603131,0.108011424285261,0.0342514592889633,0.119011145409611,0.00848724384309879,0.19766225273827,0.277060073661637
"atc","atc",2026,25005,"Justin Dean","CHC",22.7781,25.0855,4.63847,0.578489,0.0417501,2.0761,0.142305,2.96791,0.15725,2.14003,1.86265,0.215235,0.203637,0.908018576468478,0.0827609575252636,0.023060692431883,0.00166431205277949,0.00567279902732654,0.00858005620776943,0.11831177373383,0.00626856151960296,0.085309441709354,0.0742520579617707,0.184906420043451,0.267667377568715
"atc","atc",2026,25055,"Nate Eaton","BOS",74.4093,81.3227,16.7407,3.52641,0.134239,5.12118,1.10884,9.08899,1.38778,7.7108,3.06869,0.859878,0.224981,0.914988066062735,0.0629735608876734,0.0433631692012193,0.0016506953163139,0.013635061305146,0.0105736528669117,0.111764488881948,0.0170650999044547,0.0948173142308359,0.0377347284337584,0.205855191723836,0.268828752611509
"atc","atc",2026,25180,"Daniel Schneemann","CLE",182.063,203.955,39.4159,8.31879,0.833306,18.9307,1.12163,22.1971,5.15397,19.6912,3.73092,1.23204,0.216495,0.892662597141526,0.0928180235836336,0.0407873795690226,0.00408573459831826,0.00549939937731362,0.00604074428182687,0.108833321075727,0.0252701331175995,0.0965467872815082,0.018292858718835,0.193257826481332,0.286075850064965
"atc","atc",2026,25332,"Endy Rodríguez","PIT",88.6829,97.8741,20.5621,4.84301,0.560294,7.67638,0.684157,10.5792,1.82383,9.34809,0.570987,0.313829,0.231861,0.906091601353167,0.0784311682048673,0.0494820386598702,0.00572464012440472,0.006990174111435,0.00320645604914886,0.108089882818846,0.0186344497676096,0.0955113763498208,0.00583389272545035,0.210087244735839,0.288518412940707
"atc","atc",2026,25477,"Isaac Collins","KCR",354.048,409.776,83.4604,18.2458,2.55984,46.1005,5.00615,48.5854,7.96506,40.842,13.2728,4.33223,0.235732,0.864003748389364,0.112501708250361,0.0445262777712702,0.00624692514934989,0.0122167964936941,0.0105721906602632,0.118565752996759,0.0194375951739487,0.0996690875014642,0.0323903791339659,0.203673226348054,0.316174934598415
"atc","atc",2026,25479,"Brenton Doyle","COL",516.347,561.142,127.938,23.9918,2.99787,35.2238,2.69201,68.1877,18.2754,64.1857,20.798,4.60983,0.247775,0.9201717212399,0.0627716335615584,0.0427553097077032,0.00534244451493561,0.00479737749090248,0.00821508637742318,0.121515944270791,0.0325682269372102,0.114384059649786,0.0370637022357977,0.227995765777646,0.290767399339205
"atc","atc",2026,25483,"Nick Sogard","BOS",80.2805,89.8407,18.8124,4.17988,0.109013,8.60525,0.498686,9.53592,0.838598,7.74947,1.29677,0.429604,0.234333,0.893587204908243,0.0957834255521161,0.0465254611773951,0.00121340327936002,0.00555078043692892,0.00478184163747611,0.106142538960627,0.00933427722624601,0.0862578987029264,0.0144341039194931,0.209397299887467,0.305180725439584
"atc","atc",2026,25493,"Joey Ortiz","MIL",467.024,513.513,112.65,23.3646,2.9773,35.2445,3.9625,57.0727,9.46601,51.3703,12.3624,3.50704,0.241208,0.909468698942383,0.0686340949498844,0.045499529710056,0.0057979057979058,0.00771645508487614,0.0068295057768742,0.111141684825895,0.0184338273811958,0.100037000037,0.0240741714425925,0.219371272002851,0.288005366952735
"atc","atc",2026,25543,"Korey Lee","CHW",112.587,120.649,24.4908,4.70905,0.109672,6.41719,0.616278,12.5518,3.04784,11.5009,1.5019,0.546773,0.217528,0.93317806198145,0.0531889199247404,0.0390309907251614,0.00090901706603453,0.0051080241029764,0.00453193147062968,0.104035673731237,0.0252620411275684,0.0953252824308531,0.0124485076544356,0.202992150784507,0.256181070709247
"atc","atc",2026,25575,"Kyle McCann","COL",30.2131,33.4742,6.28849,1.14469,0.0475056,2.71603,0.321384,3.25159,0.996054,3.66178,0.11918,0.0404936,0.208138,0.902578702403642,0.0811380107665008,0.034196186914101,0.00141917058510734,0.00960094640051144,0.00120969582544168,0.0971371982004051,0.0297558716862539,0.109391113155804,0.00356035394423168,0.187860800258109,0.26899881102461
"atc","atc",2026,25621,"Bryan Ramos","BAL",34.4992,37.3182,7.32692,1.77017,0.0541113,2.43355,0.246443,3.58829,0.658168,3.93823,0.304111,0.143506,0.21238,0.924460450932789,0.0652108086670847,0.0474344957688206,0.00144999758830812,0.00660382869484595,0.00384546950281632,0.0961538873793484,0.0176366491417057,0.105531081349047,0.00814913366668275,0.196336372065105,0.26154718073219
"atc","atc",2026,25629,"Cody Freeman","TEX",157.644,170.584,37.4514,7.60183,0.262335,9.50833,0.99586,18.1592,3.94171,17.959,2.16777,0.737149,0.237569,0.924142944238616,0.0557398700933265,0.0445635581297191,0.00153786404352108,0.00583794494208132,0.00432132556394504,0.106453125732777,0.0231071495568166,0.105279510387844,0.0127079327486751,0.219548140505557,0.275288010598884
"atc","atc",2026,25643,"Drew Millas","WSN",114.86,126.599,27.6437,5.33849,0.754894,9.42671,0.514667,12.6671,1.72448,11.712,2.96447,0.677965,0.240673,0.907274149084906,0.0744611726790891,0.0421685005410785,0.00596287490422515,0.00406533226960718,0.00535521607595637,0.100056872487144,0.0136215925876192,0.0925125790883024,0.0234162197173753,0.218356385121525,0.292817557800614
"atc","atc",2026,25660,"Will Brennan","SFG",102.278,109.724,26.1044,5.27354,0.171771,5.66849,0.957482,11.1278,1.61729,10.1809,1.76927,0.768434,0.255231,0.932138821041887,0.0516613502971091,0.0480618643140972,0.00156548248332179,0.00872627684007145,0.00700333564215668,0.101416280850133,0.0147396194086982,0.0927864459917611,0.0161247311435967,0.237909664248478,0.289571014545587
"atc","atc",2026,25690,"Grant McCray","SFG",60.3415,66.4576,12.7057,2.71456,0.145314,4.84286,0.198028,7.72457,1.33573,6.21504,2.0619,0.316175,0.210564,0.907969893586287,0.0728714247881356,0.0408464946070878,0.00218656707434515,0.00297976454160247,0.00475754466005393,0.116233056866333,0.0200989804025424,0.093518875192604,0.0310257968990755,0.191185056336672,0.264056481124807
"atc","atc",2026,25705,"Dustin Harris","CHW",25.4737,28.0674,5.74857,1.09847,0.0991436,2.16552,0.228849,3.10288,0.614635,2.44687,1.11902,0.278356,0.225667,0.907590300490961,0.0771542786292995,0.0391368634073694,0.0035323400101185,0.00815355180743496,0.0099174130842187,0.110551030733164,0.0218985370928551,0.0871783635106921,0.0398690295502968,0.204813057141025,0.281967335770324
"atc","atc",2026,25714,"Blaine Crim","COL",145.815,162.365,36.05,7.41564,0.267798,13.1183,1.83663,18.605,5.05028,19.4747,0.955325,0.310975,0.247231,0.898069165152588,0.0807951221014381,0.0456726511255505,0.0016493579281249,0.0113117359036738,0.00191528346626428,0.114587503464417,0.0311044868044221,0.119943953438241,0.00588381116619961,0.222030610045268,0.302825732146706
"atc","atc",2026,25764,"Bobby Witt Jr.","KCR",598.977,660.363,174.424,36.72,6.25772,48.1526,6.54715,100.241,28.49,92.0409,33.884,9.28405,0.291203,0.907042035971125,0.072918379739628,0.0556057804571122,0.00947618203927234,0.00991447128321847,0.0140590099687596,0.151796814782173,0.0431429380507388,0.139379250503132,0.051311172794357,0.264133514445843,0.337051894185471
"atc","atc",2026,25768,"CJ Abrams","WSN",556.141,613.68,137.977,29.1876,4.14432,38.9058,12.9569,80.924,17.8269,64.0132,29.9933,7.0112,0.248097,0.906239408160605,0.0633975361752053,0.047561595619867,0.00675322643723113,0.0211134467474905,0.0114248468257072,0.131866770955547,0.0290491787250684,0.10431038977969,0.0488744948507365,0.224835419110937,0.288232955286143
"atc","atc",2026,25779,"Tyler Tolbert","KCR",108.447,120.39,23.2273,4.97824,0.656753,6.76597,1.90026,14.2354,1.39245,9.32739,12.1865,1.65667,0.21418,0.900797408422626,0.0562004319295623,0.041350942769333,0.00545521222692915,0.0157842013456267,0.0137608605365894,0.118244040202675,0.0115661599800648,0.0774764515325193,0.101225184816015,0.192933798488247,0.249134230417809
"atc","atc",2026,25782,"Pedro Pagés","STL",304.444,332.49,68.0163,12.4134,0.742758,20.7236,2.63505,31.3101,8.87181,35.5889,0.976001,0.229397,0.223412,0.915648590935066,0.0623284910824386,0.0373346566814039,0.00223392583235586,0.00792520075791753,0.000689936539444795,0.0941685464224488,0.0266829378327168,0.107037504887365,0.00293542963698156,0.20456645312641,0.266894944208848
"atc","atc",2026,25807,"Jared Triolo","PIT",427.352,484.499,102.831,20.5827,2.28288,48.4743,3.82763,54.2626,8.89329,43.1784,12.8967,3.2709,0.240623,0.882049292155402,0.100050361301055,0.0424824406242325,0.00471183635053942,0.00790018142452306,0.00675109752548509,0.11199734158378,0.0183556416009115,0.0891196885855286,0.0266186307918076,0.212241924131938,0.312292285432994
"atc","atc",2026,25816,"Shea Langeliers","ATH",478.499,526.058,121.309,24.7114,1.25347,39.0523,3.76509,69.4227,29.2155,76.2065,5.4918,1.50763,0.253519,0.909593618954564,0.0742357306608777,0.0469746681924807,0.00238276007588517,0.00715717658509138,0.00286590071817176,0.131967767812675,0.0555366518520771,0.144863304046322,0.0104395332834022,0.230600047903463,0.304835778564341
"atc","atc",2026,25845,"Michael Toglia","CIN",59.5922,66.3621,12.2126,2.36535,0.126831,5.96188,0.341156,6.81069,2.61127,7.66289,0.651661,0.171419,0.204937,0.897985446512392,0.0898386277709717,0.0356430854358135,0.00191119630029791,0.00514082586295491,0.00258308582760341,0.10262921155298,0.039348815061609,0.115470878709384,0.00981977664962381,0.18402973986658,0.273868367637552
"atc","atc",2026,25867,"Ryan Kreidler","MIN",78.3785,90.11,15.0299,3.38311,0.0807523,8.61664,1.18263,8.74244,1.4602,6.8257,2.752,0.836222,0.19176,0.869809122183997,0.0956235711907669,0.0375442237265564,0.000896152480301853,0.0131242925313506,0.00928001331705693,0.0970196426589724,0.0162046387748308,0.0757485295749639,0.0305404505604261,0.166795028298746,0.262418599489513
"atc","atc",2026,25878,"Corbin Carroll","ARI",524.437,602.771,134.904,26.3261,10.0393,63.521,8.10857,96.3026,25.478,76.9197,31.635,6.70909,0.257236,0.870043515696674,0.105381645765971,0.0436751270382948,0.0166552471834246,0.0134521567892284,0.0111304127106314,0.159766478480219,0.042268125042512,0.127610153773158,0.0524826177769004,0.223806387500394,0.329188033266365
"atc","atc",2026,25931,"Michael Harris II","ATL",536.423,572.071,142.328,26.7505,3.183,25.0059,4.40397,68.65,19.7128,70.4895,18.0191,5.04243,0.265328,0.937686056451035,0.0437111827028463,0.0467608041659165,0.00556399467898215,0.00769829269443828,0.00881434297491046,0.120002587091462,0.0344586598516618,0.123218097054387,0.0314980133584817,0.248794293016077,0.292505475718923
"atc","atc",2026,25961,"Kerry Carpenter","DET",433.68,472.97,109.468,19.1791,3.30912,29.918,6.24188,60.6946,23.2581,69.0748,2.18963,1.1931,0.252417,0.91692919212635,0.0632555976066135,0.0405503520307842,0.00699646912066304,0.0131972006681185,0.00252257014186946,0.128326532338203,0.0491745776687739,0.146044780852908,0.00462953252849018,0.231448083387953,0.294703680994566
"atc","atc",2026,25967,"Orelvis Martinez","WSN",69.4657,76.8569,13.9464,3.07537,0.095772,5.79485,1.08069,7.70784,2.43209,8.51873,0.272824,0.0748052,0.200767,0.903831666382589,0.0753979148261249,0.0400142342457216,0.0012461080267354,0.0140610667357127,0.000973304934234922,0.100288197936685,0.0316443936718759,0.110838844658059,0.00354976586357243,0.181459309443915,0.25685722427004
"atc","atc",2026,25971,"Kevin Alcántara","CHC",47.1706,51.3506,10.8224,2.50166,0.0699861,3.87468,0.151518,5.99504,1.01938,5.84261,0.899443,0.159362,0.229432,0.918598808972047,0.0754553987684662,0.0487172496523897,0.00136290715200991,0.00295065685697928,0.00310341067095613,0.116747223985698,0.019851374667482,0.113778806868858,0.0175157252300849,0.210755083679645,0.286210482448112
"atc","atc",2026,25976,"Riley Greene","DET",564.661,629.286,145.125,27.2461,3.01655,55.8958,4.56077,81.9717,27.9228,88.4703,3.77068,1.22723,0.257012,0.897304246399888,0.0888241594441955,0.0432968475383212,0.00479360735818054,0.00724753132915717,0.00195019434724434,0.130261439154852,0.0443721932475854,0.140588381117648,0.0059919972794564,0.230618510502379,0.319442669946574
"atc","atc",2026,25979,"Nasim Nuñez","WSN",305.793,346.103,69.6692,10.676,0.975578,31.2768,1.61282,39.1249,4.41825,27.2157,23.8776,5.31928,0.227831,0.883531781001609,0.0903684741247548,0.0308463087577975,0.00281875048757162,0.00465994227152033,0.0153690664339806,0.113044093810224,0.012765708474067,0.0786346838946787,0.0689898671782677,0.201296145944993,0.291664620069748
"atc","atc",2026,25980,"Matthew Lugo","LAA",50.5409,53.8519,11.1266,2.5525,0.101301,2.8176,0.309595,5.8484,1.50379,5.62172,1.15868,0.240092,0.22015,0.938516561161259,0.0523212737155049,0.0473985133300775,0.00188110354509312,0.0057490079272969,0.00445837565619783,0.108601553519932,0.0279245486231684,0.104392231286176,0.0215160467875785,0.206614808391162,0.258936082106667
"atc","atc",2026,25999,"Victor Mesa Jr.","TBR",33.1355,36.1259,7.73958,1.9271,0.0574518,2.47742,0.118616,3.19047,0.722753,4.34701,0.205857,0.0764886,0.233574,0.917222823514431,0.068577391843525,0.0533439997342627,0.00159032162520519,0.00328340608815282,0.0021172787390764,0.0883153084075414,0.0200065050282484,0.120329458920055,0.00569832170271191,0.214239091621247,0.282816483464772
"atc","atc",2026,26031,"Vaughn Grissom","LAA",209.689,231.13,50.6795,9.79405,0.240241,16.4555,3.12284,25.3948,4.49602,21.599,3.67423,1.17578,0.241689,0.907234024142258,0.0711958637995933,0.0423746376498075,0.00103941937437806,0.013511184182062,0.00508709384329165,0.109872366200839,0.0194523428373643,0.0934495738329079,0.0158968113183057,0.219268377103794,0.290464240903388
"atc","atc",2026,26121,"Francisco Alvarez","NYM",381.949,429.888,88.8896,15.1888,1.0047,39.3454,5.63121,51.3137,19.2439,57.1767,1.11485,0.326251,0.232726,0.888484907696889,0.0915247692422212,0.0353319934494566,0.00233712036623493,0.0130992491067441,0.000758920928241775,0.119365276537145,0.0447649155128778,0.133003712594908,0.00259334989578681,0.206773857376805,0.298298626619026
"atc","atc",2026,26123,"Brett Baty","NYM",399.226,441.793,96.615,15.7598,0.844931,36.4759,2.97432,51.0633,16.2742,51.5782,5.16079,1.15759,0.242006,0.90364944668657,0.0825633271690588,0.0356723623959637,0.00191250427236285,0.00673238371816665,0.00262020901191282,0.115581958066334,0.0368367085942964,0.116747436016415,0.0116814662070246,0.218688390264219,0.301251717433278
"atc","atc",2026,26143,"Troy Johnston","COL",207.633,228.038,51.9231,10.5488,1.38518,14.9597,3.61914,25.7936,5.49164,24.8007,6.19832,1.80831,0.250071,0.91051929941501,0.0656017856673011,0.0462589568405266,0.00607433848744508,0.015870775923311,0.00792986256676519,0.113110972732615,0.0240821266631,0.108756873854358,0.0271810838544453,0.227694945579246,0.293296731246547
"atc","atc",2026,26151,"Kyle Stowers","MIA",506.78,575.901,123.287,24.4973,2.79612,57.0342,7.19795,68.8463,25.0876,82.5042,4.57881,1.27102,0.243275,0.879977635044912,0.0990347299275396,0.0425373458285365,0.00485520948913095,0.0124985891672353,0.00220701127450725,0.119545373249916,0.0435623483897406,0.143261081331687,0.00795068944141441,0.214076724992664,0.313111454920203
"atc","atc",2026,26197,"Andrew Vaughn","MIL",488.726,537.153,122.483,24.5499,0.770846,37.5855,5.70806,55.2714,18.9305,72.6903,0.717396,0.18368,0.250617,0.909845053457767,0.0699716840453279,0.0457037380411168,0.00143505854011799,0.010626506786707,0.000341950989755247,0.102896939977995,0.0352422866483106,0.135325130828647,0.00133555244036615,0.228022555957055,0.297994240002383
"atc","atc",2026,26202,"Jake Mangum","PIT",306.407,326.898,83.6209,16.2625,1.69675,15.0628,2.77336,33.5081,2.33163,29.2472,13.7721,3.55211,0.272908,0.937316838891642,0.0460779815110524,0.0497479336062013,0.00519045696211051,0.00848386958623179,0.0108661111417017,0.102503227306377,0.00713259181763119,0.08946888631928,0.0421296551217811,0.255801197927182,0.301879179438235
"atc","atc",2026,26208,"Tyler Fitzgerald","SFG",81.0708,88.1301,17.757,3.81968,0.182932,5.3599,0.82124,9.5581,2.43064,8.18746,2.75228,0.444309,0.219031,0.919899103711445,0.0608180406013382,0.0433413782578256,0.00207570398762738,0.00931849617780985,0.005041512491192,0.108454432708008,0.0275801343695287,0.0929019710632349,0.0312297387612178,0.201486211861782,0.26230425246312
"atc","atc",2026,26224,"Darell Hernaiz","ATH",167.525,185.224,42.2759,8.66697,0.867873,13.3781,1.11993,20.0978,2.40473,16.7708,3.33184,1.13206,0.252355,0.904445428238241,0.0722266013043666,0.0467918304323414,0.00468553211246923,0.00604635468405822,0.00611184295771606,0.108505377272924,0.0129828208007602,0.0905433421154926,0.0179881656804734,0.228242020472509,0.300468621776876
"atc","atc",2026,26284,"John Rave","KCR",96.3296,107.992,21.0277,4.30266,0.794284,9.32244,0.301753,12.1293,2.30997,9.7333,3.07444,0.795941,0.218289,0.892006815319653,0.0863252833543225,0.0398423957330173,0.00735502629824431,0.00279421623823987,0.00737037002740944,0.112316653085414,0.0213901955700422,0.0901298244314394,0.0284691458626565,0.194715349285132,0.281040632639455
"atc","atc",2026,26288,"Adley Rutschman","BAL",491.793,559.402,123.573,25.4302,1.05502,60.1186,2.89694,64.4611,16.8307,64.4009,0.859235,0.304402,0.251269,0.879140582264633,0.107469404828728,0.0454596158040193,0.00188597824105026,0.00517863718756815,0.00054415608095788,0.115232158626533,0.0300869499930283,0.115124543709175,0.00153598843050257,0.220901963167811,0.328371367996539
"atc","atc",2026,26289,"Gunnar Henderson","BAL",581.336,659.356,156.799,32.8195,4.19767,67.2015,5.88665,96.906,26.3165,82.5412,23.9314,5.05798,0.269721,0.881672419755034,0.101919903663575,0.049775083566389,0.00636631804366685,0.00892787811136928,0.00767109118594507,0.146970680482167,0.0399124297041356,0.125184574038911,0.0362951122003895,0.237806283707132,0.339726187370707
"atc","atc",2026,26294,"Bryson Stott","PHI",500.027,558.378,127.685,22.8606,2.51075,48.5065,3.03915,66.3011,12.9441,58.357,23.1349,4.83518,0.255356,0.895499106340149,0.0868703638037315,0.0409410829223214,0.0044965059511657,0.00544281830587881,0.00865933113410629,0.118738739706794,0.0231816081579145,0.104511639068874,0.0414323272048684,0.228671258538123,0.315541622341854
"atc","atc",2026,26299,"Josh Jung","TEX",472.798,507.215,116.769,22.0887,1.07325,28.0889,3.40706,54.7062,16.5998,59.8681,4.1659,1.27743,0.246975,0.932145145549718,0.0553786855672644,0.0435489881016926,0.00211596660193409,0.00671719093481068,0.00251851778831462,0.107856037380598,0.0327273444200191,0.118032984040298,0.00821328233589306,0.230215983360114,0.285594668927378
"atc","atc",2026,26319,"Michael Busch","CHC",518.592,590.432,129.21,25.7098,2.54808,59.9741,7.85109,78.7466,29.0236,79.5289,3.66499,0.842294,0.249154,0.878326377974094,0.101576642187415,0.0435440491030296,0.00431561974960707,0.0132971959514389,0.00142657240799957,0.133371158744783,0.0491565497804997,0.13469612080646,0.00620730244973172,0.218839764782397,0.320416406969812
"atc","atc",2026,26323,"Spencer Steer","CIN",367.62,414.92,86.3606,18.2447,1.29287,39.8305,4.93128,48.049,13.5262,50.5275,7.42763,1.91869,0.234918,0.886002120890774,0.0959956136122626,0.0439716089848646,0.00311595006266268,0.0118848934734407,0.00462424081750699,0.115803046370385,0.0325995372601947,0.121776487033645,0.0179013544779717,0.208137954304444,0.304133567916707
"atc","atc",2026,26365,"Jonny DeLuca","TBR",255.088,279.225,58.1493,11.1142,2.32025,18.6865,3.21228,30.2202,6.21183,27.7175,10.4891,2.00999,0.227958,0.913557167159101,0.066922732563345,0.0398037425015668,0.00830960694780195,0.0115042707493956,0.00719846002327872,0.108228847703465,0.0222466827827021,0.0992658250514818,0.0375650461097681,0.208252484555466,0.275175217118811
"atc","atc",2026,26368,"JJ Bleday","CIN",294.781,333.18,66.8431,15.0845,0.914078,34.9503,1.46687,39.6887,13.1401,39.5189,2.23659,0.939344,0.226755,0.884749984993097,0.104899153610661,0.0452743261900474,0.00274349600816376,0.00440263521219761,0.00281932889128999,0.119120895611981,0.0394384416831743,0.118611261180143,0.00671285791464073,0.200621585929528,0.305520739540188
"atc","atc",2026,26374,"Kameron Misner","KCR",44.9149,50.4831,9.2032,1.92359,0.119158,5.14346,0.164484,5.79036,1.31562,4.57527,1.60786,0.254106,0.204903,0.88970170215379,0.101884789167068,0.038103642605149,0.00236035425716725,0.00325819927857045,0.00503348645388259,0.114698978470023,0.0260606024590407,0.0906297354956411,0.0318494704168326,0.182302592352688,0.284187381519756
"atc","atc",2026,26396,"Josh Smith","TEX",444.088,507.057,106.4,21.6843,1.97044,47.2793,10.2418,58.958,9.83429,44.0984,9.248,2.70818,0.239592,0.875814750609892,0.0932425743062417,0.0427650145841592,0.00388603253677594,0.0201985181153204,0.00534097744435044,0.116274896116216,0.0193948412111459,0.086969315086864,0.0182385806723899,0.209838341646008,0.30308091595225
"atc","atc",2026,26420,"Kyren Paris","LAA",60.7767,67.7799,12.1771,1.75266,0.132313,6.1692,0.556628,8.31394,1.50821,5.78232,3.40284,0.448917,0.200358,0.896677333545786,0.0910181336945024,0.0258581083772623,0.00195209789332826,0.00821228712346876,0.0066231581929156,0.12266084783247,0.0222515819586633,0.0853102468430907,0.0502042640959931,0.179656505837276,0.270674639531779
"atc","atc",2026,26438,"Dominic Canzone","SEA",378.55,414.853,90.3139,17.4932,0.754481,30.071,2.76393,46.8186,15.2185,50.5071,4.29604,1.36591,0.238578,0.912491894719334,0.072485916698204,0.0421672254991527,0.0018186707098659,0.00666243223503265,0.00329251566217431,0.112855879070418,0.0366840784567064,0.121746980255657,0.0103555717326378,0.217700968776892,0.290186885475096
"atc","atc",2026,26466,"Matt Wallner","MIN",414.547,480.117,93.7151,20.9641,1.73676,50.8165,11.8859,60.1627,24.1906,62.5142,4.8858,1.65527,0.226066,0.863429122484728,0.105841909367925,0.0436645650955913,0.00361736826648504,0.0247562573289427,0.00344763880470802,0.125308414407322,0.0503848020378366,0.130206178910557,0.010176269534301,0.19519221356461,0.301034122932535
"atc","atc",2026,26467,"Luis Matos","SFG",168.57,182.273,40.9572,8.52377,0.250052,10.4199,1.66653,20.9306,5.55593,21.1426,3.22661,0.627514,0.242969,0.924821558870485,0.0571664481300028,0.0467637554657026,0.00137185430645241,0.00914304367624388,0.00344271504830666,0.114831050128105,0.030481365863293,0.115994140657146,0.0177020732637308,0.224702506679541,0.281868954809544
"atc","atc",2026,26477,"Spencer Horwitz","PIT",418.22,477.782,107.9,25.263,0.878017,50.7674,5.3091,57.0072,11.137,52.2411,1.87003,0.836517,0.257998,0.875336450515089,0.106256409827076,0.0528755792390672,0.00183769375991561,0.0111119715686233,0.00175083406239666,0.119316340925359,0.0233097940064716,0.109340870941141,0.00391398169039436,0.225835213549276,0.332091623376352
"atc","atc",2026,26517,"Noelvi Marte","CIN",466.432,505.677,116.448,22.5157,1.83698,30.3513,4.95924,60.8505,15.6773,59.1903,14.0395,4.56264,0.249656,0.922391170648457,0.0600211202012352,0.0445258534598172,0.00363271416338888,0.00980712984770911,0.00902283473442534,0.120334719593733,0.0310025965191219,0.117051596177006,0.0277637701536752,0.230281385152973,0.290302505354208
"atc","atc",2026,26536,"Warming Bernabel","WSN",97.7739,103.717,23.9717,4.87917,0.213816,4.43381,0.767471,9.64371,2.08875,10.4177,1.03887,0.305589,0.245175,0.942698882536132,0.0427491153812779,0.0470431076872644,0.00206153282489852,0.00739966447159096,0.00294637330427992,0.0929809963651089,0.0201389357578796,0.100443514563668,0.0100163907556138,0.23112604491067,0.273875160291948
"atc","atc",2026,26540,"Angel Martínez","CLE",241.047,264.614,55.6443,11.9373,1.0494,16.5275,2.6912,28.9954,5.7296,25.466,4.54059,1.43514,0.230844,0.910938196769634,0.0624589024012335,0.0451121255867037,0.00396577656510993,0.0101702857747511,0.00542352256494365,0.109576212898788,0.0216526714383971,0.0962382942701445,0.0171592961823637,0.210284792187866,0.2727436945891
"atc","atc",2026,26546,"Agustín Ramírez","MIA",472.419,519.517,115.069,26.0159,1.01157,37.597,5.95284,62.1874,18.4285,64.8449,12.5409,2.99617,0.243574,0.90934271640774,0.0723691428769415,0.050077090836296,0.00194713551240864,0.0114584123329939,0.00576722224681772,0.119702338903251,0.0354723714527147,0.124817667179322,0.024139537300993,0.22149227070529,0.293861413582231
"atc","atc",2026,26548,"Luisangel Acuña","CHW",323.704,350.128,79.3565,14.4101,1.49692,20.5,1.72985,40.599,4.43655,28.0255,18.5448,4.31577,0.245151,0.92453045743271,0.0585500159941507,0.0411566627062103,0.0042753507288763,0.00494062171548691,0.0123262635379061,0.115954736553489,0.0126712230955536,0.0800435840606864,0.0529657725174793,0.226649968011699,0.285199984005849
"atc","atc",2026,26599,"Jonatan Clase","TOR",31.2174,34.2668,6.87388,1.79474,0.0591019,2.70673,0.143645,4.20428,0.549241,2.70901,1.9587,0.300778,0.220194,0.911010073890763,0.0789898677437053,0.0523754771382212,0.00172475690756067,0.00419195839704904,0.00877753393955665,0.122692518706153,0.0160283714849359,0.0790564044497881,0.0571602834230217,0.200598830354746,0.279588698098451
"atc","atc",2026,26668,"Elly De La Cruz","CIN",571.359,639.675,147.492,30.0376,5.48795,61.1202,3.43831,92.2094,22.7522,77.4201,40.6805,10.0908,0.258142,0.89320201664908,0.0955488333919569,0.0469575956540431,0.00857927853988353,0.0053750889123383,0.0157748856841365,0.144150388869348,0.0355683745652089,0.121030366983234,0.0635955758783757,0.230573338023215,0.326122171415172
"atc","atc",2026,27462,"Austin Martin","MIN",277.127,319.035,69.8037,14.4629,0.960113,33.1757,4.61924,36.8483,3.20342,24.3438,13.504,3.47089,0.251883,0.868641371636341,0.103987650257809,0.0453332706442867,0.00300942843261711,0.0144787875938377,0.0108793392574482,0.115499239895309,0.0100409672919899,0.0763044806996098,0.0423276443023493,0.218796370304199,0.322784020562007
"atc","atc",2026,27464,"Dillon Dingler","DET",380.952,416.435,92.2676,19.394,1.58145,26.1664,6.36412,44.4656,11.9244,48.9046,1.31477,0.571134,0.242203,0.91479342514438,0.0628342958685029,0.0465714937505253,0.00379759146085223,0.0152823850060634,0.00137148414518472,0.106776807905195,0.0286344807713088,0.117436334602039,0.00315720340509323,0.221565430379291,0.284399726247794
"atc","atc",2026,27465,"Spencer Torkelson","DET",538.348,614.866,124.77,27.3872,0.891474,64.2751,7.02098,75.5183,26.6939,78.4946,1.92763,0.580045,0.231764,0.875553372604763,0.104535134484587,0.0445417375493197,0.00144986712552003,0.0114187156225909,0.000943368148507154,0.122820744682581,0.0434141747958092,0.127661311570326,0.00313504080563895,0.202922262736922,0.307457397221508
"atc","atc",2026,27467,"Tyler Soderstrom","ATH",524.516,584.579,134.052,27.3437,1.38585,50.2289,5.90858,71.5181,24.0479,78.3975,5.32985,1.90328,0.255573,0.897254263324546,0.085923202851967,0.0467750295511813,0.00237068043840097,0.010107410632267,0.00325581315784522,0.122341206235599,0.0411371260342913,0.134109333383512,0.00911741612339821,0.229313745447579,0.315236948299546
"atc","atc",2026,27475,"Jordan Walker","STL",452.252,496.809,105.99,22.5459,1.31527,36.0809,5.10566,51.4504,14.1384,53.1628,9.21261,2.64533,0.234362,0.910313621532621,0.0726252946303308,0.0453814242495607,0.00264743593614447,0.0102769072218901,0.00532464186437846,0.103561730967032,0.0284584216469508,0.10700852842843,0.0185435650320344,0.213341545744944,0.285966840375275
"atc","atc",2026,27478,"Patrick Bailey","SFG",428.239,473.542,94.7869,18.6724,1.61307,35.1969,2.87656,47.2065,9.0494,48.1636,2.32452,0.502794,0.221341,0.904331611557159,0.0743268812481258,0.0394313492784167,0.00340639267477858,0.00607456149612917,0.00106177276777984,0.0996880952481512,0.0191100261434044,0.101709246487112,0.00490879372896174,0.200165771990658,0.274492653238783
"atc","atc",2026,27479,"Masyn Winn","STL",558.803,611.729,140.044,28.4138,2.39327,41.0747,5.0463,72.625,13.0013,60.0825,13.5451,3.72486,0.250613,0.913481296456437,0.0671452554971237,0.0464483455909398,0.00391230430468394,0.00824924108551336,0.00608906885238398,0.118720871497019,0.0212533654608495,0.0982175113489797,0.0221423211912464,0.228931438594541,0.296076694091665
"atc","atc",2026,27482,"Robert Hassell III","WSN",241.438,263.314,57.2878,10.2772,0.458511,18.3436,1.60206,26.9949,4.92892,24.4297,6.00296,1.57577,0.237277,0.916920482769621,0.069664355104552,0.0390302072810409,0.00174130885558687,0.00608421884138329,0.00598437606811639,0.102519805251525,0.0187187920125781,0.0927778241946877,0.0227977243898919,0.217564580690734,0.287228935795286
"atc","atc",2026,27490,"Nick Gonzales","PIT",361.014,393.987,93.1233,20.8788,2.92041,23.8064,4.80408,43.2477,7.23814,40.005,2.24292,1.45226,0.257949,0.916309421376847,0.060424328721506,0.0529936266932665,0.00741245269513969,0.012193498770264,0.0036860607075868,0.109769357872214,0.0183715198724831,0.101538883262646,0.00569287819141241,0.236361352024305,0.296785680745811
"atc","atc",2026,27493,"Rece Hinds","CIN",36.4174,38.9706,8.17905,1.84536,0.0794543,2.23592,0.204957,5.00067,1.60198,5.10489,1.24579,0.208139,0.224592,0.934483944306734,0.0573745336227823,0.0473526196671337,0.00203882670525986,0.00525927237455928,0.00534092367066455,0.128319040507459,0.0411073989109739,0.130993364228418,0.0319674318588885,0.209877446074733,0.267251979697516
"atc","atc",2026,27496,"Owen Caissie","MIA",374.435,418.976,86.5328,19.039,1.59495,38.45,2.98202,47.2287,12.24,46.0211,4.58924,1.58287,0.231102,0.893690808065378,0.0917713663789811,0.0454417436798289,0.00380678129534866,0.00711740051936149,0.00377794909493623,0.112724117849232,0.0292140838616054,0.109841852516612,0.0109534675017185,0.206534025815321,0.298305392194302
"atc","atc",2026,27497,"Tyler Callihan","PIT",51.3402,56.4064,11.4295,2.14579,0.105954,4.366,0.204234,6.11585,1.33602,4.94524,1.61872,0.31058,0.222623,0.910183950757361,0.0774025642480286,0.0380416052079197,0.0018784038690645,0.00362075934645714,0.00550611278152834,0.108424753219493,0.0236856101435298,0.0876716117320021,0.0286974527713167,0.202627716003858,0.280030280251886
"atc","atc",2026,27501,"Justin Foscue","TEX",38.8779,42.7663,8.48399,2.30247,0.0311586,3.43068,0.318165,4.93705,0.813484,4.89835,0.210421,0.102439,0.218221,0.909077942211508,0.0802192380449092,0.053838419503207,0.000728578343228196,0.00743961951349544,0.00239532061459607,0.115442533022497,0.0190216128119571,0.114537614897712,0.00492025262882223,0.198380266705326,0.278599504750236
"atc","atc",2026,27504,"Nick Yorke","PIT",142.431,155.541,35.042,6.90895,0.273528,10.6356,1.09023,16.8741,2.70593,15.4543,3.31493,1.17568,0.246027,0.915713541767123,0.0683781125233861,0.0444188349052661,0.00175855883657685,0.00700927729666133,0.00755865013083367,0.108486508380427,0.0173968921377643,0.0993583685330556,0.0213122585041886,0.225291080808276,0.293669193331662
"atc","atc",2026,27506,"Ha-Seong Kim","ATL",312.612,357.119,75.3616,13.3895,1.25052,36.8543,2.95593,41.9857,8.04168,34.1838,13.4744,3.58382,0.241071,0.8753720748546,0.10319893368877,0.0374931045393832,0.00350168991288618,0.00827715691408186,0.010035366362473,0.117567813529944,0.0225182082163088,0.0957210341650822,0.0377308404201401,0.211026576575315,0.314225510264086
"atc","atc",2026,27531,"David Hamilton","MIL",169.243,187.163,35.6754,6.83206,1.08838,14.8925,0.861478,23.4698,4.78808,17.0045,15.91,3.4274,0.210794,0.904254580232204,0.079569679904682,0.0365032618626545,0.00581514508743715,0.00460282213899115,0.0183123801178652,0.125397648039409,0.0255824067791177,0.0908539615201722,0.0850061176621448,0.19061139220893,0.270181072113612
"atc","atc",2026,27534,"Edouard Julien","COL",256.473,297.782,61.9335,12.0294,1.21111,36.09,2.78288,32.9708,7.19431,28.2863,3.19761,1.21496,0.241482,0.861277713226454,0.121196042742678,0.0403966660174221,0.00406710277988596,0.00934536002847721,0.00408003170104305,0.110721265892499,0.0241596537064027,0.0949899590975949,0.0107380902808095,0.207982685320134,0.329178728062811
"atc","atc",2026,27555,"Garrett Mitchell","MIL",319.993,360.893,72.5668,14.0396,2.68297,32.831,3.37509,42.2469,8.82865,33.9306,12.2612,2.85815,0.226776,0.886670010224637,0.0909715622081892,0.0389023893508602,0.00743425336595612,0.00935205171615964,0.00791966039795729,0.117062120905642,0.0244633450912043,0.0940184486814652,0.0339746129739286,0.201075665086328,0.292047227294517
"atc","atc",2026,27562,"Austin Wells","NYY",393.774,440.56,87.3936,18.7386,1.02639,36.0532,4.89396,48.6119,17.754,57.4229,4.20389,1.07449,0.221939,0.893803341202106,0.0818349373524605,0.0425335936081351,0.00232973942255311,0.0111084982749228,0.00243891864899219,0.110341156709642,0.0402987107317959,0.130340702741965,0.009542150898856,0.198369348102415,0.280204285454876
"atc","atc",2026,27577,"Casey Schmitt","SFG",255.983,281.508,61.0593,12.1113,0.417799,18.969,3.02852,30.4005,9.78074,32.2533,1.2685,0.52346,0.238528,0.909327621239894,0.0673835201841511,0.0430229336288844,0.00148414609886753,0.0107582022535772,0.00185948534322293,0.107991602370093,0.0347440925302301,0.114573298094548,0.00450608863691263,0.216900763033377,0.284284283217528
"atc","atc",2026,27604,"Alika Williams","PIT",25.5182,27.5982,5.90801,1.32081,0.0438999,1.60192,0.13892,2.45713,0.246676,2.19059,0.111328,0.0627953,0.231521,0.924632765905023,0.058044365212224,0.0478585559927821,0.00159067982694524,0.00503366161561261,0.00227534042075208,0.0890322557268228,0.00893811915269837,0.0793743794885174,0.00403388626794501,0.214072294569936,0.27211665978216
"atc","atc",2026,27615,"Alec Burleson","STL",529.554,579.063,141.944,25.3851,1.09612,39.8159,3.6559,64.9755,19.8796,73.9194,5.84549,1.75383,0.268045,0.914501530921506,0.0687591850973037,0.0438382352179297,0.00189292011404631,0.00631347539041521,0.00302873780573098,0.112207998093472,0.0343306341451621,0.127653467757394,0.0100947392598042,0.245127041444541,0.313886226541844
"atc","atc",2026,27630,"Nick Loftin","KCR",117.904,132.72,27.6793,5.794,0.263771,11.8138,1.4751,14.2616,2.36794,13.1503,1.8893,0.71173,0.234762,0.88836648583484,0.0890129596142254,0.0436558167570826,0.00198742465340567,0.0111143761301989,0.00536264315852923,0.107456298975286,0.0178416214587101,0.099083031946956,0.0142352320675105,0.208554098854732,0.297567058468957
"atc","atc",2026,27647,"Anthony Volpe","NYY",408.905,450.977,93.7938,20.5191,2.46873,33.2962,3.7067,54.2509,14.1633,48.351,16.0356,4.41086,0.229378,0.906709211334503,0.0738312596873011,0.045499216146278,0.00547418161014863,0.00821926617100207,0.00978067617639037,0.120296378751023,0.0314058144872133,0.107213893391459,0.0355574674539943,0.207979120886431,0.281810380573732
"atc","atc",2026,27653,"Christian Koss","SFG",103.686,112.584,24.586,4.85063,0.2547,5.69989,1.7426,12.8838,1.95622,10.9465,2.22467,0.542365,0.237119,0.92096567895971,0.0506278867334612,0.0430845413202586,0.00226231080793008,0.0154782207063171,0.00481742521139771,0.114437220208911,0.0173756484047467,0.0972296241028921,0.0197600902437291,0.218379165778441,0.269007052511902
"atc","atc",2026,27676,"Vinnie Pasquantino","KCR",564.06,628.353,146.373,30.8464,1.35879,51.6947,5.83418,73.2481,26.3307,92.9223,1.14679,0.253941,0.2595,0.897680125661849,0.082270157061397,0.0490908772616666,0.00216246281946613,0.00928487649458187,0.000404137483229968,0.116571576804758,0.0419043117483325,0.147882320924703,0.00182507284917873,0.232947085475839,0.315217242537236
"atc","atc",2026,27684,"Michael Massey","KCR",258.815,278.851,62.2278,12.8667,0.955651,13.4283,2.85723,28.3217,7.5224,30.4127,2.16524,0.7268,0.240434,0.928148007358769,0.0481558251539353,0.0461418463623943,0.00342710264621608,0.0102464398549763,0.00260640987480769,0.101565710720062,0.0269764139271511,0.109064339019763,0.0077648636727141,0.223157887187064,0.271313712340999
"atc","atc",2026,27690,"Joey Wiemer","WSN",100.565,112.078,20.7603,4.44835,0.103919,9.18786,1.19322,11.3957,2.93822,11.4096,2.21375,0.689581,0.206436,0.897276896447117,0.0819773729010154,0.0396897696247256,0.000927202483984368,0.0106463355877157,0.00615268830635807,0.101676511001267,0.0262158496761184,0.101800531772516,0.0197518692339264,0.185230821392245,0.26720819429326
"atc","atc",2026,27735,"Brett Wisely","ATL",43.8488,48.4344,9.70514,2.14808,0.0351529,3.75912,0.163139,5.0504,0.906953,4.46537,1.00026,0.211781,0.221332,0.905323489090399,0.0776126059164561,0.0443502964834911,0.000725783740481972,0.00336824653552021,0.00437253274532151,0.104272996052393,0.0187253893926631,0.0921941842987629,0.0206518507507061,0.200377004773467,0.277989610689923
"atc","atc",2026,27763,"Drew Romo","CHW",19.1561,20.5264,4.10017,0.806365,0.0527928,1.03992,0.157502,1.82422,0.396889,1.84998,0.114584,0.0668591,0.21404,0.933242068750487,0.0506625613843635,0.0392842875516408,0.00257194637150207,0.00767314287941383,0.00325722484215449,0.0888718918076234,0.0193355386234313,0.0901268610180061,0.00558227453425832,0.199751052303375,0.250413613687739
"atc","atc",2026,27769,"Pete Crow-Armstrong","CHC",560.754,617.687,137.796,28.1905,4.95097,34.5857,8.31931,84.0959,23.0194,78.2739,33.3768,7.67114,0.245733,0.907828722314052,0.0559922744043504,0.0456388105950101,0.00801533786529423,0.0134684880853895,0.0124191378481334,0.136146462528756,0.0372670948231062,0.126720976805405,0.0540351342994105,0.223083859624697,0.279076134029047
"atc","atc",2026,27770,"Zac Veen","COL",111.574,122.627,26.3452,5.36925,0.818415,8.77085,1.06252,13.7174,2.96462,12.2202,3.68233,1.02585,0.236123,0.909864874782878,0.0715246234516053,0.043785218589707,0.00667401958785586,0.00866464971009647,0.00836561279326739,0.111862803460902,0.0241759155813972,0.0996534205354449,0.0300287049344761,0.214840124931703,0.286364748383309
"atc","atc",2026,27781,"Pedro León","PHI",39.0818,43.1085,8.19521,1.70483,0.0354378,2.94823,0.856182,4.6703,1.11068,4.35991,1.23207,0.452062,0.209694,0.906591507475324,0.0683909205841075,0.0395474210422539,0.000822060614495981,0.0198610946797035,0.0104866093693819,0.108338262755605,0.0257647563705534,0.10113805861953,0.0285806743449668,0.190106591507475,0.258497512091583
"atc","atc",2026,27789,"Shay Whitcomb","HOU",26.0293,28.1777,5.63856,1.25141,0.00935352,1.94971,0.118988,3.56735,1.23364,3.28603,0.257697,0.114498,0.216624,0.923755310050146,0.0691933692245996,0.0444113607569106,0.00033194760395632,0.00422277190828208,0.00406342604257977,0.126601887308049,0.0437807202149217,0.116618105807074,0.0091454235086611,0.200107176951987,0.269300546176586
"atc","atc",2026,27790,"Evan Carter","TEX",381.336,433.401,89.9566,17.852,2.9834,41.8504,7.23069,54.2049,11.1798,44.6196,17.4465,4.18615,0.235899,0.879868758955332,0.0965627675063048,0.0411904910233248,0.00688369431542613,0.0166836024836122,0.00965883788916038,0.125068700810566,0.025795510393377,0.102952231305419,0.0402548678937058,0.207559742594041,0.304122510100346
"atc","atc",2026,27815,"Jordan Westburg","BAL",364.735,397.57,95.0986,18.8923,2.05234,25.1768,5.21006,54.081,15.8617,50.7789,3.86288,1.55525,0.260734,0.917410770430365,0.0633267097618029,0.0475194305405337,0.00516221042835224,0.0131047614256609,0.00391188973011042,0.136028875418165,0.0398966219785195,0.127723168247101,0.00971622607339588,0.239199637799633,0.302526347561436
"atc","atc",2026,27845,"Matt Mervis","WSN",32.6394,35.6095,6.69028,1.23256,0.0245536,2.61548,0.227388,3.68496,1.16234,4.16637,0.0896967,0.0504316,0.204976,0.916592482343195,0.0734489391875763,0.0346132352321712,0.000689523863014083,0.00638559934848847,0.00141624004830172,0.1034824976481,0.0326412895435207,0.117001642820034,0.00251889804686952,0.187879077212542,0.261328016400118
"atc","atc",2026,27883,"Thomas Saggese","STL",217.47,235.867,52.4325,11.0451,1.06227,14.0114,2.56046,25.4095,4.53195,23.4113,2.86777,0.999141,0.241102,0.922002654038081,0.0594038165576363,0.0468276613515244,0.00450368215986128,0.0108555245116951,0.00423603556241441,0.107728084047366,0.0192140061984084,0.0992563605760874,0.0121584197874226,0.222296887652787,0.281700704210424
"atc","atc",2026,27899,"Colt Keith","DET",438.257,488.535,112.713,21.5116,2.68134,43.2119,2.91506,61.5421,15.2165,54.7936,3.04705,1.04425,0.257185,0.897084139314481,0.088452004462321,0.0440328737961456,0.00548853203966962,0.00596694197959205,0.0021375131771521,0.125972755278537,0.0311472054202872,0.112159006007758,0.00623711709498808,0.230716325340047,0.319168329802368
"atc","atc",2026,27915,"Alejandro Osuna","TEX",61.7131,69.6028,14.6706,2.87781,0.111153,6.16209,1.14901,8.26639,1.14316,6.51072,2.08634,0.763978,0.237723,0.886646801565454,0.088532214221267,0.0413461814754579,0.00159696161648669,0.0165081002488406,0.010976253828869,0.11876519335429,0.0164240519059578,0.0935410644399363,0.0299749435367543,0.210776003264236,0.299308217485503
"atc","atc",2026,27931,"Petey Halpin","CLE",38.5393,41.8171,8.23741,1.56559,0.0882339,3.00485,0.126433,4.56054,0.844184,3.53628,0.717977,0.129773,0.21374,0.921615798321739,0.0718569676041619,0.0374389902695309,0.00210999567162716,0.00302347604209761,0.00310334767355938,0.109059212618761,0.0201875309383004,0.0845654050615657,0.0171694593838406,0.196986639436977,0.268843607041139
"atc","atc",2026,27962,"Adael Amador","COL",130.463,146.57,31.4259,6.18686,0.228174,13.2233,1.49244,15.9813,2.5982,14.2064,4.13329,1.70663,0.24088,0.890107116053763,0.0902183257146756,0.0422109572218053,0.00155675786313707,0.0101824384253258,0.0116437879511496,0.109035273248277,0.0177266834959405,0.0969257010302245,0.0282001091628573,0.21440881490073,0.304627140615406
"atc","atc",2026,27963,"Maximo Acosta","MIA",75.6367,82.5326,17.2285,3.24458,0.137334,5.89691,0.681332,9.07651,1.7834,8.03676,2.62901,1.03472,0.22778,0.916446349684852,0.0714494636058963,0.039312707948132,0.00166399701451305,0.00825530759966365,0.012537106549412,0.109974846303158,0.0216084310926834,0.0973767941395279,0.0318542006431398,0.20874781601452,0.280197279620417
"atc","atc",2026,28022,"Edgar Quero","CHW",382.221,427.936,97.2028,17.6998,0.343021,36.3905,5.3139,41.9012,8.2582,43.4956,1.00575,0.647048,0.25431,0.893173278247215,0.0850372485605324,0.0413608576983474,0.000801570795632992,0.0124175110296867,0.00151202048904509,0.0979146414417109,0.0192977454572646,0.101640432214163,0.0023502346145218,0.227143311149331,0.312180559709863
"atc","atc",2026,28080,"Jasson Domínguez","NYY",211.282,236.963,51.2559,9.83031,0.556932,21.9845,1.55183,30.8136,7.39974,26.1197,10.4891,2.36777,0.242595,0.891624430818313,0.0927760874060507,0.0414845777610851,0.00235029097369632,0.00654882829808873,0.00999215067331187,0.130035490772821,0.0312274068103459,0.110226913062377,0.0442647164325232,0.216303389136701,0.309079476542751
"atc","atc",2026,28142,"Jhostynxon Garcia","PIT",229.26,250.888,52.7561,10.5104,1.45798,16.9606,2.45846,28.3651,6.64336,26.401,4.13544,0.911075,0.230115,0.913794202990976,0.067602276713115,0.0418927967858168,0.00581127833933867,0.00979903383182934,0.00363140126271484,0.113058815088805,0.0264793852236855,0.105230222250566,0.0164832116322821,0.210277494340104,0.277879771053219
"atc","atc",2026,28163,"Junior Caminero","TBR",584.088,636.062,157.397,26.8505,1.00653,43.2491,3.81745,83.9444,36.6714,103.341,6.01147,1.62475,0.269475,0.918287839864667,0.0679951011064959,0.0422136521282516,0.00158244007659631,0.00600169480333678,0.00255438935198141,0.131975184809028,0.0576538136219425,0.162470010785112,0.00945107552408413,0.247455436734155,0.315450537840651
"atc","atc",2026,28253,"Javier Sanoja","MIA",203.985,221.669,52.8179,11.437,1.83916,13.1132,1.11635,24.0971,3.60992,22.4994,4.91291,2.14527,0.25893,0.920223396144702,0.0591566705312876,0.0515949456171138,0.00829687507048798,0.00503611240182434,0.00967780790277395,0.108707577514222,0.0162851819604906,0.101499984210693,0.0221632704618147,0.238273732456952,0.297430402988239
"atc","atc",2026,28312,"Coby Mayo","BAL",177.986,198.507,40.3375,8.79753,0.887177,17.0281,2.41452,23.2333,7.33227,23.1297,1.61785,0.606886,0.226633,0.896623292881359,0.0857808540756749,0.0443184875092566,0.00446924793584105,0.0121633997793529,0.00305725238908452,0.117040205131305,0.0369370853420786,0.116518309178014,0.0081500904250228,0.203204421002786,0.288985275078461
"atc","atc",2026,28552,"Yanquiel Fernández","NYY",70.9221,76.8288,15.7296,3.14306,0.123332,4.89068,0.410071,7.32069,2.22207,8.23403,0.35768,0.0746799,0.221787,0.923118674247157,0.0636568578449748,0.0409099191969678,0.0016052834353784,0.0053374645966096,0.000972030019992503,0.0952857522179183,0.0289223572410346,0.107173742138365,0.0046555458369778,0.204735724103461,0.268392581948436
"atc","atc",2026,28806,"Jackson Chourio","MIL",580.398,629.313,156.149,33.6907,3.67585,39.0246,3.73737,86.602,23.3338,83.5333,23.6458,6.53549,0.269038,0.92227238274118,0.0620114315134122,0.0535356809727433,0.00584105206788991,0.00593880946365322,0.010385118375117,0.137613556370201,0.0370782106837138,0.132737286533092,0.0375739894138529,0.248126131193857,0.31013756270727
"atc","atc",2026,28816,"Denzer Guzman","LAA",32.196,35.0416,6.86101,1.69978,0.0347477,2.59857,0.111181,3.26756,0.682403,3.09157,0.361637,0.0914436,0.213101,0.918793662389845,0.0741567165882836,0.048507488242546,0.000991612825898361,0.00317282886626181,0.00260957262225469,0.0932480252043286,0.019474082233688,0.088225708871741,0.0103202193963746,0.195796139445687,0.269952856033971
"atc","atc",2026,28820,"Moisés Ballesteros","CHC",310.591,344.872,80.7169,15.2467,0.989021,28.7287,2.43552,38.8738,10.2267,40.6344,1.72198,0.615397,0.259882,0.900597902990095,0.0833025006379178,0.0442097357860308,0.00286779152845114,0.00706209840172586,0.00178442146651511,0.112719501728177,0.0296536106149528,0.117824584193556,0.00499309888886311,0.234048864506252,0.317351365144169
"atc","atc",2026,28824,"Samuel Basallo","BAL",386.148,426.1,92.7684,18.7156,0.362733,33.1784,3.86073,50.3162,16.3317,55.7574,2.61445,0.978179,0.240241,0.90623797230697,0.0778652898380662,0.0439230227646092,0.000851286083079089,0.00906061957287022,0.00229565594930767,0.118085425956348,0.038328326683877,0.130855198310256,0.00613576625205351,0.217715090354377,0.295580380192443
"atc","atc",2026,29478,"Carter Jensen","KCR",342.128,383.859,82.7181,16.8151,2.5077,36.808,1.75854,45.1187,11.8201,45.9949,4.01765,1.13371,0.241776,0.891285602265415,0.0958893760469339,0.043805407714812,0.00653286753729885,0.00458121341430056,0.00295345426315392,0.117539773718996,0.0307928171542155,0.119822382697814,0.0104664733665226,0.215490844294389,0.311380220341323
"atc","atc",2026,29487,"Blake Dunn","CIN",31.2413,35.5564,7.10472,1.37985,0.0511879,3.07418,1.06875,4.1031,0.354483,2.95541,1.27079,0.188875,0.227414,0.878640694783499,0.0864592590925966,0.0388073595752101,0.00143962549639446,0.030057879875353,0.00531198321539863,0.115396946822513,0.00996959759705707,0.0831189321753608,0.0357401199221519,0.199815504381771,0.286274763474368
"atc","atc",2026,29490,"Jackson Merrill","SDP",555.691,606.787,149.67,30.7153,4.10861,39.8247,3.57242,77.7471,22.2277,80.6677,7.88731,2.49293,0.26934,0.915792526866924,0.065632091656545,0.0506195749084934,0.00677109100887132,0.00588743661284767,0.00410841036475732,0.128129145812287,0.0366317999561625,0.132942366926121,0.0129984821691961,0.246659865817824,0.312291957474369
"atc","atc",2026,29518,"James Wood","WSN",549.515,630.44,141.936,30.6749,2.00476,73.4829,3.4712,82.9415,24.1129,80.5412,15.7159,5.68278,0.258294,0.871637269208806,0.116558118139712,0.0486563352579151,0.00317993782120424,0.00550599581244845,0.00901399022904638,0.131561290527251,0.0382477317429097,0.127753949622486,0.0249284626609987,0.22513799885794,0.341696116997652
"atc","atc",2026,29524,"Bryce Teodosio","LAA",191.572,209.02,40.1652,7.6929,1.75085,11.2432,3.30137,21.014,2.76167,15.6547,8.63023,1.93654,0.209661,0.91652473447517,0.0537900679360827,0.0368046119988518,0.00837647115108602,0.0157945172710745,0.00926485503779543,0.100535833891494,0.0132124677064396,0.0748957037604057,0.0412890154052244,0.192159601951966,0.245949669888049
"atc","atc",2026,29547,"Ryan Bliss","SEA",90.9454,100.657,19.6877,4.1308,0.273301,7.77362,1.33613,11.8197,2.2554,9.39365,5.50651,1.91122,0.216478,0.903517887479261,0.07722880673972,0.0410383778574764,0.0027151713243987,0.0132740892337344,0.0189874524374857,0.117425514370585,0.0224067874067377,0.093323365488739,0.0547056836583645,0.195591960817429,0.27282076755715
"atc","atc",2026,29554,"Adrian Del Castillo","ARI",206.398,228.569,47.6511,10.8298,0.508473,18.3671,1.81331,24.0574,7.46421,27.1805,0.683602,0.274774,0.230869,0.903000844383972,0.0803569162922356,0.0473808784218332,0.00222459301130075,0.00793331554147763,0.00120214902283337,0.105252243305085,0.0326562657228233,0.118915950981979,0.00299079052714935,0.208475777555137,0.288832693847372
"atc","atc",2026,29571,"Tim Tawa","ARI",161.846,178.781,35.8688,7.29272,0.798278,13.8667,1.22247,19.5831,4.81315,18.4221,4.0788,1.08221,0.221623,0.905275169061589,0.0775624926586158,0.0407913592607716,0.00446511653922956,0.00683780714952931,0.00605327188012149,0.109536807602598,0.0269220442888226,0.103042828935961,0.0228145048970528,0.20062982084226,0.278192313500875
"atc","atc",2026,29575,"Trey Sweeney","DET",64.9611,71.2384,13.9072,3.23553,0.196133,5.69664,0.262282,8.48173,1.40135,6.55212,0.970884,0.265359,0.214085,0.911883197825892,0.0799658611086156,0.0454183417931902,0.00275319209864343,0.00368175029197736,0.00372494328901267,0.119061208561675,0.0196712727966939,0.0919745530500404,0.013628660946905,0.195220555206181,0.275186416314797
"atc","atc",2026,29576,"Ben Rice","NYY",475.269,541.321,117.598,22.8965,2.06337,53.5368,7.88285,74.196,26.6786,74.7702,3.98553,1.76488,0.247434,0.877979978607887,0.0989002828266407,0.0422974538213001,0.00381173093229341,0.0145622467999579,0.00326032058612173,0.137064699134155,0.0492842509342885,0.13812543758694,0.0073626000099756,0.217242634222578,0.316142917049218
"atc","atc",2026,29591,"Colton Cowser","BAL",452.974,512.307,102.955,21.64,1.03138,48.6154,7.06374,64.402,20.6721,61.7742,13.1952,2.90654,0.227287,0.884184678327643,0.0948950531614833,0.0422402973217231,0.0020132069247541,0.0137880997136483,0.00567343409322925,0.12570977948769,0.040351000474325,0.120580433216802,0.0257564312023845,0.20096348478549,0.295858537946973
"atc","atc",2026,29592,"Connor Norby","MIA",410.539,449.282,99.4498,20.9782,1.68332,30.6488,4.11196,52.8287,13.1368,49.858,8.26651,2.46847,0.242242,0.913766854670341,0.0682172889187637,0.0466927230558981,0.00374668916181819,0.00915229187904256,0.00549425527842202,0.117584724070851,0.0292395422028926,0.110972618533571,0.0183993794543294,0.221352736143447,0.28957002506221
"atc","atc",2026,29606,"Justyn-Henry Malloy","TBR",121.508,141.351,28.7043,5.8214,0.097104,16.6689,1.7411,16.3042,3.44109,15.6469,1.00157,0.245705,0.236233,0.859618962723999,0.117925589489993,0.0411840029430283,0.000686970732432031,0.0123175640780751,0.00173826149089854,0.115345487474443,0.0243442918691767,0.110695361193058,0.00708569447686964,0.203071078379354,0.320996667869346
"atc","atc",2026,29617,"Henry Davis","PIT",244.066,274.657,52.9774,10.8704,0.838978,21.4145,5.49738,28.7754,7.25586,27.1083,3.49976,1.20423,0.217062,0.888621080110829,0.0779681566462897,0.0395780919474108,0.00305463905889892,0.0200154374365117,0.00438448683266765,0.104768493065897,0.0264178957754581,0.0986987406110167,0.0127422931146849,0.192885671947192,0.270853828593482
"atc","atc",2026,29622,"Sal Frelick","MIL",490.937,546.656,128.21,22.1324,3.4142,44.4145,5.60545,66.1317,7.82038,52.3967,19.1054,4.06783,0.261153,0.898073011180706,0.0812476219048177,0.0404868875490254,0.00624560967043259,0.0102540720306738,0.00744129763507581,0.120974982438682,0.0143058523093134,0.0958494921852134,0.0349495843821343,0.234535064098812,0.315782686003629
"atc","atc",2026,29630,"Joey Loperfido","HOU",320.685,352.786,74.129,14.8694,1.82503,22.3957,5.88813,39.0282,7.94796,35.128,6.57602,1.91775,0.231158,0.909007160148078,0.0634823944260827,0.0421484979562681,0.00517319281377379,0.0166903732007506,0.00543601503461022,0.11062853968128,0.022529125305426,0.099573112311713,0.0186402521642015,0.210124551427778,0.27360694585386
"atc","atc",2026,29634,"Will Wagner","SDP",75.1084,82.9431,18.2507,3.89668,0.0521741,7.08985,0.332403,8.3769,1.0186,7.76666,0.390296,0.147587,0.242992,0.905541268652848,0.0854784786196802,0.0469801586870999,0.000629034844369212,0.00400760280240309,0.00177937646410612,0.100995742864687,0.0122807080998902,0.0936384099460956,0.00470558732432234,0.220038797681784,0.305517276301465
"atc","atc",2026,29646,"Caleb Durbin","BOS",468.048,525.53,118.914,25.3917,1.78267,34.6041,16.1018,61.7215,10.0145,53.0612,20.7041,5.80646,0.254064,0.89062089699922,0.0658460982246494,0.0483163663349381,0.00339213746122962,0.0306391642722585,0.0110487698133313,0.117446197172378,0.0190560006089091,0.100967023766483,0.0393966091374422,0.226274427720587,0.292120525945236
"atc","atc",2026,29668,"Marcelo Mayer","BOS",385.29,421.471,93.6382,21.9704,1.63965,30.2256,2.13417,49.3912,11.0102,46.7955,5.31738,1.97687,0.243033,0.914155422318499,0.0717145426375717,0.0521279044109796,0.00389030324743577,0.00506362240818467,0.00469040574559104,0.117187659411917,0.0261232682675676,0.111028991318501,0.0126162416868539,0.222169971362205,0.293884513999777
"atc","atc",2026,29695,"Matt McLain","CIN",483.137,544.787,113.515,22.2704,2.15012,50.161,6.23484,67.0339,16.7619,56.4806,16.23,4.01778,0.234954,0.886836506744838,0.0920745171966291,0.040879095866825,0.00394671679023178,0.0114445462171454,0.00737495571663788,0.123046071216824,0.0307678046649424,0.103674647155677,0.0297914597815293,0.208365838391885,0.300440355588514
"atc","atc",2026,29704,"Braxton Fulford","COL",170.843,190.713,40.5355,8.92761,1.0493,13.399,3.97851,22.2459,5.5389,22.0255,2.19352,0.906354,0.237267,0.895812031691599,0.0702574024843613,0.0468117537871042,0.00550198465757447,0.0208612417611804,0.00475245001651697,0.11664595491655,0.02904311714461,0.11549029169485,0.011501680535674,0.212547125785867,0.282804528270228
"atc","atc",2026,29712,"Colson Montgomery","CHW",491.84,550.894,107.519,19.2962,2.28683,47.0542,8.51393,62.4748,22.6866,69.3808,2.49525,1.06506,0.218607,0.892803334216746,0.0854142539218071,0.0350270650978228,0.00415112526184711,0.015454751730823,0.00193333018693251,0.113406208816941,0.0411814251017437,0.12594219577632,0.00452945575736893,0.195171847941709,0.280586101863516
"atc","atc",2026,29715,"Hunter Goodman","COL",511.104,554.378,128.928,28.4497,2.57675,33.5327,5.66956,69.2456,27.4287,84.9905,2.29377,0.901073,0.252254,0.921941346878844,0.0604870683901598,0.05131823412906,0.00464800190483749,0.0102268849052452,0.00162537654813142,0.124906832522214,0.0494765304539502,0.153307851321661,0.00413755596362049,0.232563341258131,0.29305040964829
"atc","atc",2026,29766,"Zack Gelof","ATH",144.796,160.835,31.4449,6.72818,0.146264,12.9835,1.17692,19.7033,5.25734,16.9154,4.78631,1.46149,0.217167,0.900276681070662,0.0807255883358722,0.0418328100226941,0.000909404047626449,0.00731756147604688,0.00908689029129232,0.122506295271552,0.0326877856188019,0.105172381633351,0.0297591320297199,0.195510305592688,0.27623589392856
"atc","atc",2026,29779,"Max Muncy","ATH",345.305,378.038,80.3659,17.286,0.870827,22.6041,5.96267,40.6399,10.9185,41.3676,3.78141,1.80846,0.232739,0.913413466371106,0.0597931953930557,0.0457255619805416,0.00230354355911311,0.0157726736465646,0.00478380480269179,0.107502155867929,0.0288820171517149,0.109427094630699,0.0100027245938239,0.212586829895407,0.272380025288463
"atc","atc",2026,29782,"Niko Kavadas","LAA",19.8905,22.699,3.64836,0.742973,0.040033,2.34969,0.332008,2.15967,0.77425,2.41339,0.0701465,0.0171697,0.183422,0.876272082470593,0.103515132825235,0.032731530023349,0.00176364597559364,0.0146265474249967,0.000756407771267457,0.0951438389356359,0.0341094321335742,0.106321423851271,0.00309029032115952,0.160727785364994,0.264242918190229
"atc","atc",2026,29788,"Brett Harris","ATH",110.012,123.995,25.0813,4.83628,0.129772,10.1075,2.02762,13.5775,2.83707,12.0693,1.62891,0.440046,0.227988,0.887229323763055,0.081515383684826,0.039003830799629,0.00104659058833017,0.0163524335658696,0.00354890116536957,0.109500383079963,0.0228805193757813,0.0973369893947337,0.0131369006814791,0.202276704705835,0.283792088390661
"atc","atc",2026,29794,"Kyle Manzardo","CLE",460.29,521.8,109.396,23.1247,1.01714,50.1339,6.14909,59.7057,24.7705,70.1486,1.99767,0.415439,0.237668,0.882119586048294,0.0960787658106554,0.0443171713300115,0.00194929091605979,0.0117843809888846,0.000796165197393638,0.114422575699502,0.0474712533537754,0.134435799156765,0.00382842085090073,0.209651207359141,0.305729973169797
"atc","atc",2026,29844,"Liam Hicks","MIA",266.618,309.66,63.9512,11.6645,0.941488,32.1992,6.644,30.3374,4.31457,29.2887,1.70234,0.360302,0.23986,0.861002389717755,0.103982432345153,0.0376687334495899,0.00304039268875541,0.0214557902215333,0.00116354065749532,0.0979700316476135,0.0139332493702771,0.0945834140670413,0.00549744881482917,0.206520700122715,0.310503132467868
"atc","atc",2026,29858,"Denzel Clarke","ATH",341.149,377.9,76.7178,16.7531,2.885,27.0895,5.83786,44.9233,8.23687,33.873,13.9649,2.5753,0.224881,0.902749404604393,0.0716843080179942,0.0443320984387404,0.00763429478698068,0.0154481608891241,0.00681476581106113,0.118876157713681,0.0217964276263562,0.0896348240275205,0.0369539560730352,0.203010849431066,0.274695157449061
"atc","atc",2026,29931,"Jacob Young","WSN",280.343,313.061,68.5596,11.8871,1.723,20.8102,4.60831,33.9584,2.21892,23.3459,15.605,4.41164,0.244556,0.895490016322698,0.0664733071190599,0.0379705552591987,0.00550371972235443,0.0147201663573553,0.0140919501311246,0.108472150794893,0.0070878199456336,0.0745730065386618,0.049846515535311,0.218997575552368,0.285470882671428
"atc","atc",2026,29949,"Tyler Black","MIL",32.6679,37.356,7.05694,0.992499,0.0942839,4.22889,0.355202,4.3609,0.44696,3.25065,1.83011,0.318902,0.216021,0.874502088017989,0.113205107613235,0.026568663668487,0.00252392922154406,0.0095085662276475,0.00853683477888425,0.116738944212442,0.0119648784666453,0.0870181496948281,0.0489910589998929,0.188910482921084,0.302115590534318
"atc","atc",2026,29958,"Harry Ford","WSN",249.564,289.049,56.8756,11.2966,0.414514,28.6773,5.55484,31.6998,6.26389,29.0064,4.76542,1.51434,0.2279,0.863396863507571,0.0992125902528637,0.0390819549626534,0.0014340613529194,0.019217641299572,0.00523904251528288,0.109669294825445,0.0216706855931001,0.100351151534861,0.0164865472636127,0.196768022030867,0.29598061228373
"atc","atc",2026,29976,"Jordan Lawlar","ARI",306.617,340.933,72.3292,16.4535,2.01701,26.8864,4.13309,40.2033,7.56234,33.6435,11.2893,2.80249,0.235895,0.899346792478288,0.0788612425315238,0.0482602153502301,0.00591614774750464,0.0121228804486512,0.00822006083306691,0.117921409778461,0.0221813083509077,0.0986806791950325,0.0331129576779015,0.212150774492349,0.291012017023873
"atc","atc",2026,29993,"Brady House","WSN",463.133,493.679,111.383,20.7549,1.15441,22.5215,3.49824,50.5385,12.1463,53.0695,5.94418,2.24992,0.240498,0.938125786189001,0.0456197245578605,0.0420412859368132,0.00233838182300645,0.00708606199575028,0.00455745535054155,0.102371176412203,0.024603639206853,0.107497989584325,0.0120405769741067,0.225618266120293,0.271237990678153
"atc","atc",2026,29995,"Daylen Lile","WSN",498.724,545.839,132.568,26.8227,7.8808,35.8995,5.95555,65.308,10.6586,59.0708,14.0095,4.63882,0.265814,0.913683338859993,0.0657693935391205,0.0491403142684931,0.0144379569799886,0.0109108180250953,0.00849851329787721,0.119647002137993,0.0195270033837817,0.108220189469789,0.0256659930858733,0.242870150355691,0.308639543894812
"atc","atc",2026,30011,"Christian Encarnacion-Strand","CIN",83.5565,89.4294,19.8554,2.91753,0.104427,4.75821,0.651397,11.0921,2.78584,12.0671,0.317394,0.146041,0.237628,0.934329202700678,0.0532063281202826,0.0326238351146267,0.00116770323853229,0.0072839245259389,0.00163303119555761,0.124031917915138,0.0311512768731536,0.13493437281252,0.0035491013022563,0.222023182532814,0.275229510653096
"atc","atc",2026,30038,"Carson Williams","TBR",338.025,374.968,71.5096,13.3159,2.16393,29.996,3.2511,44.1123,12.0276,41.7277,10.1433,3.19268,0.211551,0.901476926031021,0.079996159672292,0.0355120970322801,0.00577097245631627,0.00867033986900215,0.00851453990740543,0.117642838855582,0.0320763371807728,0.111283362846963,0.0270511083612468,0.190708540462119,0.270704700134411
"atc","atc",2026,30063,"Tristan Peters","CHW",27.3513,30.0532,6.05139,1.29019,0.0709498,2.4687,0.120521,2.9065,0.3854,2.73387,0.208363,0.0961322,0.221246,0.910096096255973,0.0821443307201895,0.0429302037719777,0.00236080683587771,0.00401025514753837,0.00319873424460623,0.0967118310196585,0.0128239255719857,0.0909676839737532,0.00693313856760678,0.20135592881956,0.283500259539749
"atc","atc",2026,30116,"Seiya Suzuki","CHC",519.15,591.138,132.41,25.8331,2.89417,63.4057,3.21101,75.0762,25.3171,82.5783,7.49521,2.94412,0.255051,0.87822132902977,0.107260402816263,0.0437006248963863,0.004895929546062,0.00543191268367116,0.0049804275820536,0.127002831826071,0.042827732272329,0.139693777087584,0.0126792897766681,0.223991690603548,0.331252093419811
"atc","atc",2026,30163,"César Prieto","STL",38.7529,40.9704,9.50373,2.25381,0.0520529,1.82657,0.224336,3.73853,0.371937,3.61703,0.29577,0.197927,0.245239,0.945875558940113,0.0445826743209732,0.0550106906449534,0.00127050016597348,0.00547556284537129,0.00483097553355593,0.0912495362505614,0.00907818815535118,0.0882839806299182,0.00721911428738797,0.231965760646711,0.276548434967684
"atc","atc",2026,31166,"Heston Kjerstad","BAL",46.689,51.3532,10.7341,1.86949,0.0777769,3.26648,1.21459,5.62674,1.41503,5.46759,0.127336,0.0703134,0.229905,0.909174111837237,0.0636081101080361,0.0364045473310329,0.00151454826573612,0.0236516906444,0.00136921165574881,0.109569413395855,0.0275548553936269,0.106470288122259,0.00247961178660726,0.209024948786054,0.27263305889409
"atc","atc",2026,31347,"Zach Neto","LAA",566.691,633.986,142.382,30.3977,1.23457,44.3571,16.5175,86.0974,26.7339,75.2035,26.8472,8.15247,0.251252,0.893854122961706,0.0699654251040244,0.0479469578192578,0.00194731429400649,0.0260534144287098,0.0128590694431738,0.135803314268769,0.0421679658541356,0.118620127258331,0.0423466764250315,0.22458224629566,0.294547671399684
"atc","atc",2026,31349,"Victor Scott II","STL",450.455,506.994,99.1406,17.8582,2.67989,38.3149,8.08706,55.6924,7.08452,38.5349,32.766,5.71329,0.22009,0.888481914973353,0.0755726892231466,0.03522369101015,0.00528584164704119,0.0159509974477015,0.0112689499284015,0.109848242779993,0.0139735775965791,0.0760066194077247,0.0646279837631215,0.195545903896299,0.271118593119445
"atc","atc",2026,31354,"Jimmy Crooks","STL",91.6639,100.747,21.3606,4.24755,0.140435,6.96039,1.16043,10.296,2.16985,10.5912,0.215809,0.0811602,0.233031,0.909842476699058,0.0690878140292019,0.0421605606122267,0.00139393728845524,0.0115182586081968,0.000805584285388151,0.10219659146178,0.0215376140232463,0.105126703524671,0.00214208859817166,0.212022194209257,0.281110008238459
"atc","atc",2026,31357,"Nathan Church","STL",166.986,184.061,40.837,7.46674,0.833131,11.2992,2.30031,20.3573,3.1611,17.6439,4.0554,1.13284,0.244554,0.907231841617725,0.0613883440815816,0.0405666599659895,0.00452638527444706,0.0124975415758906,0.00615469871401329,0.110600833419356,0.0171741976844633,0.095858981533296,0.0220329130016679,0.221866663769077,0.283255007850658
"atc","atc",2026,31363,"Graham Pauley","MIA",274.962,306.738,61.0457,13.4202,0.921315,26.0246,2.88728,32.311,7.89009,31.5734,4.30939,1.06927,0.222015,0.896406705396788,0.0848430908462597,0.0437513447958844,0.00300358938246973,0.00941285396657734,0.00348593914024346,0.105337454113934,0.0257225710541244,0.102932796067002,0.0140490907549766,0.199015772418155,0.283858863264415
"atc","atc",2026,31370,"Jakob Marsee","MIA",493.473,570.526,116.968,23.1656,4.00371,62.9545,7.13044,71.0085,12.2397,55.9585,33.4177,8.64696,0.237031,0.864943928935754,0.110344664397416,0.0406039339136166,0.00701757676249636,0.012498010607755,0.0151561190901028,0.124461461879038,0.0214533605830409,0.0980822959865107,0.058573491830346,0.205017825655623,0.315362490053039
"atc","atc",2026,31382,"Dalton Rushing","LAD",177.779,201.486,39.5554,8.26708,0.258876,18.8061,3.35775,24.1738,6.50979,24.951,0.774072,0.208175,0.222497,0.882339219598384,0.093337006045085,0.0410305430650269,0.00128483368571514,0.0166649295732706,0.00103319833636084,0.119977566679571,0.0323088949108127,0.123834906643638,0.00384181531223013,0.196318354625135,0.28965536067022
"atc","atc",2026,31394,"Brooks Baldwin","CHW",332.609,364.273,79.7146,14.9534,1.33629,24.279,1.83875,39.5191,11.5932,39.8829,7.16408,1.9271,0.239665,0.913076181874583,0.0666505615294024,0.0410499817444609,0.00366837509230714,0.00504772519511465,0.00529026307192682,0.108487590351193,0.031825581363428,0.109486291874501,0.0196667883702608,0.218832029823786,0.285482591353188
"atc","atc",2026,31396,"Tyler Locklear","ARI",189.216,211.484,44.1714,9.24306,0.96229,16.9165,4.03077,24.2102,5.44931,23.5748,4.01746,1.29332,0.233444,0.894705982485673,0.0799895027519812,0.0437057176902272,0.00455017873692572,0.0190594560344991,0.00611545081424599,0.114477690983715,0.0257670083788845,0.111473208375102,0.0189965198312875,0.208864027538726,0.288853530290708
"atc","atc",2026,31431,"Jordan Beck","COL",491.8,540.473,121.536,25.0139,3.22022,42.0826,3.24046,63.2226,15.262,58.3193,16.164,4.74721,0.247124,0.909943697464998,0.0778625389242386,0.0462814978731593,0.0059581514710263,0.00599560015023877,0.00878343599032699,0.116976426204454,0.0282382283666344,0.107904187628244,0.0299071368967553,0.224869697468699,0.302732236392937
"atc","atc",2026,31437,"Jace Jung","DET",60.5498,68.9081,12.8179,2.98106,0.117426,7.83296,0.324589,7.45032,1.55583,7.0398,0.153752,0.105078,0.211692,0.878703664736076,0.113672558088236,0.0432613872679699,0.00170409574491243,0.0047104621953007,0.00152490055595786,0.108119655018786,0.0225783325907985,0.10216215510223,0.00223126163687578,0.186014416302292,0.299686974390529
"atc","atc",2026,31490,"Wade Meckler","LAA",30.8858,34.6863,6.83776,1.33316,0.1353,3.31971,0.210508,3.51228,0.175337,2.73786,0.455243,0.134583,0.221388,0.890432245583991,0.0957066622845331,0.0384347710767652,0.00390067548282751,0.00606890905054733,0.00388000449745288,0.101258421912974,0.00505493523379548,0.0789320279188037,0.0131245765619279,0.197131432294595,0.292838094579128
"atc","atc",2026,31500,"Ryan Ritter","COL",203.542,227.506,49.7556,10.1868,1.60658,15.9985,4.27255,26.3606,4.52689,22.6695,3.8275,0.964869,0.244448,0.894666514289733,0.0703212222974339,0.0447759619526518,0.00706170386715076,0.0187799442652062,0.00424107056517191,0.115867713378988,0.0198978928028272,0.0996435258850316,0.0168237321213506,0.218700166149464,0.289021388446898
"atc","atc",2026,31505,"Sal Stewart","CIN",437.006,482.548,115.014,24.2394,0.391336,37.3952,4.46286,60.8184,18.6436,63.8899,6.88708,2.07722,0.263186,0.905621824150136,0.0774952958047697,0.0502321012624651,0.000810978389714598,0.00924853071611529,0.00430469093230104,0.12603595911702,0.0386357419365535,0.132401129006855,0.014272321095518,0.238347273224633,0.315842569029402
"atc","atc",2026,31539,"Drake Baldwin","ATL",479.649,535.073,124.441,22.3225,1.27161,47.6765,4.48185,63.7531,20.5824,75.6332,0.774605,0.222382,0.259442,0.89641787195392,0.0891027953195171,0.0417186066200313,0.00237651684910283,0.00837614680613673,0.000415610580238584,0.119148415262964,0.0384665269972508,0.141351180119348,0.00144766228159522,0.232568266386082,0.321671061705599
"atc","atc",2026,31545,"Drew Gilbert","SFG",135.48,150.839,30.4009,6.29622,0.480265,11.8685,2.13977,15.8104,3.55724,15.1015,1.93576,0.48688,0.224393,0.898176201115096,0.0786832317901869,0.0417413268451793,0.00318395772976485,0.0141857874952764,0.00322781243577589,0.10481639363825,0.0235830256100876,0.100116680699289,0.0128332858213062,0.201545356307056,0.280228588097243
"atc","atc",2026,31562,"Zach Dezenzo","HOU",103.841,114.301,23.6473,5.02409,0.0642556,8.5987,0.937922,13.3133,3.27062,12.2005,1.35539,0.307893,0.227725,0.908487239831672,0.0752285631796747,0.043954908530984,0.000562161310924664,0.00820571998495201,0.00269370346716127,0.116475796362237,0.0286140978644106,0.106740098511824,0.0118580764822705,0.206886203970219,0.282114767149894
"atc","atc",2026,31564,"Alan Roden","MIN",171.212,192.584,42.2091,8.68563,0.866384,15.3898,4.18485,22.3509,3.40757,18.2808,2.79984,0.818777,0.246531,0.88902504880987,0.0799121422340381,0.0451004756366053,0.00449873302039629,0.0217299983383874,0.00425153179911104,0.116057927969094,0.0176939413450754,0.0949237735222033,0.0145382794001579,0.219172413076891,0.299084555310929
"atc","atc",2026,31567,"Trey Lipscomb","WSN",21.4368,22.8313,4.93115,1.11721,0.0243294,1.22748,0.0762447,1.85138,0.17656,1.82435,0.326935,0.120502,0.230031,0.938921568198044,0.053763035832388,0.0489332626701064,0.00106561606216028,0.00333948132607429,0.00527792985944734,0.0810895568802477,0.00773324339831722,0.0799056558321252,0.014319596343616,0.215982007156842,0.26974504298923
"atc","atc",2026,31580,"Chase Meidroth","CHW",468.298,536.186,118.235,19.4883,1.03211,54.68,8.32435,62.3132,6.56171,39.5508,12.6976,3.67018,0.252479,0.873387220106456,0.101979536951729,0.0363461559981051,0.00192491038557515,0.0155251162842745,0.00684497543762799,0.116215641587061,0.0122377495868971,0.0737632090356705,0.0236813344622948,0.220511165901385,0.322490702853114
"atc","atc",2026,31583,"Zach Cole","HOU",301.003,335.492,63.363,12.9292,2.4403,28.3652,4.07995,39.407,11.1929,37.7269,9.53413,2.46462,0.210506,0.897198740953585,0.0845480667199218,0.0385380277324049,0.0072737949042004,0.0121610947503964,0.00734628545539089,0.117460326922848,0.0333626435205608,0.112452457882751,0.0284183527476065,0.188865904403086,0.273413971123007
"atc","atc",2026,31595,"Brooks Lee","MIN",496.916,539.708,119.528,22.3444,1.53869,34.6893,2.87233,54.3003,13.5814,59.6423,4.61076,1.21255,0.24054,0.920712681672312,0.0642742001230295,0.0414009056749205,0.00285096756023628,0.00532200745588355,0.00224667783319869,0.100610515315689,0.0251643481289883,0.110508460130293,0.00854306402721472,0.221467904867076,0.285742104990106
"atc","atc",2026,31661,"Jacob Melton","TBR",134.728,147.498,29.0991,6.0671,0.322384,10.8445,1.07063,16.8208,3.51314,14.6253,7.87676,1.7848,0.215984,0.9134225548821,0.0735230308207569,0.0411334390974793,0.00218568387367964,0.0072586068963647,0.0121005030576686,0.114040868350757,0.0238182212640171,0.0991559207582476,0.0534024868133805,0.197284708945206,0.270807739765963
"atc","atc",2026,31665,"Alex Freeland","LAD",68.7743,78.1553,14.9961,3.14769,0.0885667,7.80841,1.1199,9.18404,1.86251,7.6264,1.52015,0.363852,0.218048,0.879969752531178,0.0999088993324829,0.0402748118169849,0.00113321425418366,0.0143291625775859,0.00465550001087578,0.117510136868517,0.0238308854293951,0.0975800745438889,0.0194503763660302,0.191875662942884,0.291784562275367
"atc","atc",2026,31680,"Cole Young","SEA",325.957,370.251,75.9618,15.9778,1.63031,35.1527,4.51448,39.5705,6.74526,35.4514,5.00744,1.85963,0.233042,0.880367642491175,0.0949428900934771,0.0431539685240553,0.00440325616946342,0.0121930258122193,0.00502261979035843,0.106874795746669,0.0182180736851487,0.0957496401090071,0.0135244469292453,0.205162984029753,0.30010587412323
"atc","atc",2026,31695,"Dylan Beavers","BAL",343.306,393.401,81.601,16.816,1.75509,43.2088,2.1457,48.3412,11.5017,40.8033,10.1419,3.02199,0.237692,0.872661737006261,0.109833986187122,0.0427451887514267,0.00446132572108358,0.00545423117887347,0.00768170391025951,0.122880216369557,0.0292365804865773,0.103719360143975,0.0257800564818086,0.20742448544869,0.317258471635812
"atc","atc",2026,31765,"Nacho Alvarez Jr.","ATL",48.0622,53.3442,11.5877,1.59595,0.078805,4.39175,0.579846,6.49169,0.544046,5.49569,0.327556,0.171982,0.241097,0.900982674780013,0.0823285380603702,0.029917966714282,0.00147729275160186,0.0108698977583317,0.0032240056088572,0.121694392267575,0.0101987844976586,0.103023196523708,0.00614042388863269,0.217225115382741,0.299553653443111
"atc","atc",2026,31781,"Jackson Holliday","BAL",436.374,492.244,108.344,21.0876,2.00691,48.976,4.03717,64.5992,12.8439,48.1012,12.5556,4.5121,0.248283,0.886499378357075,0.0994953722137801,0.0428397298900545,0.00407706340757836,0.00820156263966651,0.00916638902658031,0.131234103412129,0.0260925475983455,0.0977182047927451,0.0255068624503295,0.220102225725453,0.319597597939233
"atc","atc",2026,31792,"Otto Kemp","PHI",203.557,227.928,47.7078,10.437,0.926047,15.6731,6.71896,27.5533,6.78655,26.6635,3.90443,1.45672,0.234371,0.893075883612369,0.0687633814186936,0.0457907760345372,0.00406289266786003,0.0294784317854761,0.00639114106208978,0.12088598153803,0.0297749727984276,0.116982117159805,0.0171301024885051,0.209310835000526,0.27807421641922
"atc","atc",2026,31812,"Roman Anthony","BOS",524.829,609.279,139.428,30.7179,2.52144,74.8144,4.99331,85.2208,18.8009,67.9228,10.9454,3.1599,0.265664,0.861393548768298,0.122791693132375,0.050416804124219,0.00413839964942169,0.00819544084073142,0.00518629396384907,0.139871553098006,0.0308576202363777,0.111480618895449,0.0179645121528889,0.228840974331956,0.351632667464331
"atc","atc",2026,31837,"Masataka Yoshida","BOS",192.86,213.214,52.4898,10.3594,0.189031,15.0365,3.60569,23.8356,4.81346,26.5548,2.38733,0.399425,0.272165,0.90453722551052,0.0705230425769415,0.0485868657780446,0.000886578742484077,0.0169111315392047,0.00187335259410733,0.111791908598872,0.0225757220445187,0.124545292523005,0.011196872625625,0.246183646477248,0.31670668905419
"atc","atc",2026,31855,"Colby Thomas","ATH",238.087,261.292,55.4149,13.0672,0.912426,15.5409,4.28161,31.1983,10.3655,31.9543,4.35165,1.4538,0.232751,0.911191310870597,0.0594771366899867,0.0500099505534039,0.00349197832310212,0.0163863034459532,0.0055638902071246,0.119400134715185,0.0396701774260215,0.122293449474152,0.0166543560461093,0.212080354545872,0.271557491235859
"atc","atc",2026,31912,"Chandler Simpson","TBR",415.159,447.453,118.494,15.4147,2.91383,24.4842,0.843186,55.2497,0.731093,32.0588,41.5302,8.88242,0.285418,0.927827056696457,0.0547190431173777,0.0344498751824214,0.00651203590097731,0.0018844124410832,0.019851068156879,0.123475985187271,0.00163389897933414,0.0716473015042921,0.0928146643334607,0.264818874831547,0.319537917948924
"atc","atc",2026,31991,"Rafael Flores Jr.","PIT",63.8876,69.6196,14.946,2.924,0.0447349,5.29672,0.225622,7.19711,1.80426,7.43542,0.396088,0.0865634,0.233943,0.917666863929123,0.0760808737769249,0.04199966676051,0.000642561864762222,0.00324078276807106,0.00124337686513568,0.103377640779321,0.0259159776844452,0.106800671075387,0.0056893173761412,0.214680923188298,0.290761796965222
"atc","atc",2026,32127,"Chase DeLauter","CLE",400.651,446.923,97.5578,20.9884,0.91681,40.1164,1.86068,51.1081,12.1043,48.8078,2.90052,1.12829,0.243498,0.896465386654972,0.0897613235389541,0.0469620046406204,0.00205138245290576,0.00416331224841863,0.00252457358426396,0.114355493004388,0.0270836363310906,0.109208521378403,0.00648997702065009,0.218287713991001,0.308049037529955
"atc","atc",2026,33189,"Nolan Schanuel","LAA",516.938,598.594,134.916,23.3707,1.36154,65.6343,9.15504,70.1025,12.5578,57.117,6.23521,1.68697,0.26099,0.863587005549671,0.109647440502244,0.0390426566253588,0.00227456339355222,0.0152942395012312,0.00281822069716703,0.117111932294677,0.0209788270513904,0.0954185975803299,0.0104164258245154,0.2253881595873,0.335035600089543
"atc","atc",2026,33197,"Ben Williamson","TBR",223.062,243.383,55.4813,11.355,0.915175,15.95,2.32712,26.0639,2.39555,22.0623,4.6539,1.33012,0.248725,0.916506083004976,0.0655345689715387,0.0466548608571675,0.00376022565257228,0.00956155524420358,0.0054651310896817,0.107090059700143,0.00984271703446831,0.0906484840765378,0.0191217135132692,0.227958813885933,0.293493382857472
"atc","atc",2026,33252,"Kyle Karros","COL",230.703,257.44,59.2673,12.6887,1.06274,21.9462,2.99083,29.5413,4.21924,24.5462,2.38019,0.501103,0.256899,0.896142790553139,0.0852478247358608,0.0492879894344313,0.00412810752019888,0.0116175807955252,0.00194648461777502,0.114750233064015,0.0163892169049099,0.095347265382225,0.00924561062771908,0.230217914853947,0.315465739589807
"atc","atc",2026,33266,"Jacob Wilson","ATH",533.813,578.163,156.874,30.2081,1.38288,31.6268,7.14907,71.6736,10.6634,64.3762,5.91435,1.87328,0.293873,0.923291528513585,0.054702220654037,0.052248414374493,0.00239185143290041,0.0123651461612037,0.00324005514015944,0.123967808386216,0.0184435877079647,0.111346108277423,0.0102295546411652,0.271331787056591,0.326034007710628
"atc","atc",2026,33280,"Brice Matthews","HOU",60.7253,68.4107,12.9504,2.4319,0.452595,6.03219,0.743864,8.07943,2.06112,7.09148,2.81454,0.712176,0.213263,0.887657924856784,0.0881761186481062,0.0355485326125884,0.00661585102915187,0.0108735037062916,0.010410301312514,0.118101846640949,0.030128620230461,0.103660392307051,0.0411418096876658,0.1893037200321,0.277479838680206
"atc","atc",2026,33321,"Luke Keaschall","MIN",469.252,533.669,125.146,26.6998,1.65895,49.156,10.4164,67.683,10.9707,56.3498,24.1211,5.91975,0.266692,0.879294094279413,0.0921095285654591,0.0500306369678584,0.00310857479074108,0.0195184655657346,0.0110925498764215,0.126825804009601,0.020557124359856,0.105589419659002,0.0451986156212933,0.234501160831901,0.326610689397361
"atc","atc",2026,33322,"Matt Shaw","CHC",264.294,295.837,63.1074,11.9701,1.88417,25.5958,3.00898,37.182,8.35967,31.5068,10.8843,3.01755,0.238777,0.893377096171202,0.086519941724666,0.0404618083606851,0.00636894641305854,0.010171073935985,0.0102000425910214,0.125684076028353,0.0282576892004719,0.106500539148247,0.0367915439921308,0.213318144789191,0.299838086513857
"atc","atc",2026,33333,"Wyatt Langford","TEX",531.536,613.154,133.228,27.824,2.13934,71.6504,5.41772,84.208,24.4105,74.3209,22.8583,5.41806,0.250647,0.866888253195771,0.116855471871667,0.0453784856659175,0.0034890745228768,0.00883582264814386,0.00883637715810384,0.137335807969939,0.0398113687589089,0.12121082142496,0.0372798677004472,0.217283096905508,0.334138568777175
"atc","atc",2026,33390,"Bryce Eldridge","SFG",352.753,394.709,82.2185,16.7491,0.383062,34.2308,2.8575,41.3771,14.8062,50.0653,1.8815,0.570908,0.233077,0.893703969253298,0.0867241436095959,0.0424340463480691,0.000970492185382142,0.00723951062681621,0.00144640228624126,0.104829380632314,0.0375116858242401,0.126841039854678,0.0047668028851635,0.208301558869952,0.295025702479548
"atc","atc",2026,33541,"Dylan Crews","WSN",511.416,563.423,120.475,21.6424,3.5753,39.552,8.80769,67.1058,15.9964,59.6228,25.1423,6.89137,0.235572,0.907694574058922,0.070199477124647,0.0384123473837596,0.00634567633909159,0.0156324644183855,0.0122312543151416,0.119103763957098,0.0283914572177565,0.105822446013031,0.0446241988701207,0.21382691157443,0.284026388699077
"atc","atc",2026,33549,"Kyle Teel","CHW",350.531,400.464,86.9855,15.2937,1.02556,42.9083,3.60699,47.7892,11.4737,42.0728,5.80142,1.57444,0.248153,0.875312137920013,0.107146460106277,0.0381899496583963,0.0025609293219865,0.00900702684885533,0.00393153941427944,0.1193345718966,0.0286510148228055,0.105060130248911,0.0144867453753646,0.217211784330177,0.324358244436454
"atc","atc",2026,33644,"Kristian Campbell","BOS",110.6,124.737,26.8691,5.05833,0.153605,11.6329,2.0897,14.232,2.83071,12.6188,1.66512,0.462436,0.242939,0.886665544305218,0.0932594178150829,0.0405519613266312,0.00123143093067815,0.0167528479921755,0.00370728813423443,0.114096058106256,0.0226934269703456,0.101163247472683,0.0133490463936122,0.21540601425399,0.308665432069073
"atc","atc",2026,33704,"CJ Kayfus","CLE",260.245,292.512,60.528,13.1391,2.32995,25.3131,3.74358,33.2331,7.96788,33.3456,3.91355,0.960498,0.232581,0.889689995624111,0.0865369625861503,0.044918157203807,0.00796531424351822,0.012798039054808,0.00328361913357401,0.113612774860519,0.0272394978667542,0.113997374466689,0.0133791092331255,0.20692484410896,0.29346180669511
"atc","atc",2026,33824,"Jung Hoo Lee","SFG",515.825,568.343,137.913,29.4625,5.81415,42.9989,5.24306,65.2452,8.33933,55.582,9.31149,2.95948,0.267364,0.907594533582713,0.0756566017352198,0.0518392942290131,0.010230001953046,0.00922516860417037,0.00520720761934255,0.114798985823702,0.0146730583468082,0.0977965770670176,0.016383574707527,0.242658042766428,0.318314644501648
"atc","atc",2026,34979,"Christian Moore","LAA",322.278,359.335,71.1254,12.3877,2.34944,31.1428,2.38689,38.61,9.72713,35.5581,6.29389,1.66582,0.220696,0.896873391125273,0.0866678725979935,0.0344739588406362,0.00653829991512099,0.00664252021094522,0.00463584120667344,0.107448481222258,0.0270698095092323,0.0989552924151558,0.0175153825817134,0.19793618768002,0.284604060278014
"atc","atc",2026,35041,"Jac Caglianone","KCR",446.211,493.437,106.872,20.3129,1.49608,37.5619,6.38744,58.6009,19.1453,63.7587,3.55534,0.991319,0.23951,0.90429173329118,0.0761229903716179,0.0411661468434674,0.00303195747380111,0.012944793357612,0.00200900824218695,0.118760652322384,0.0387998873209751,0.129213455821108,0.00720525619278652,0.216586919910748,0.292709910282366
"atc","atc",2026,35108,"Cam Smith","HOU",417.406,465.784,100.236,19.8212,2.26093,39.102,5.98652,53.27,10.4442,47.8599,7.14144,1.68359,0.240141,0.896136406574721,0.083948783126943,0.0425544887759133,0.00485403105302028,0.0128525668550229,0.00361452948147639,0.114366315717156,0.0224228397712244,0.102751275269224,0.015332085258403,0.21519846108926,0.299147244216203
"atc","atc",2026,35110,"Nick Kurtz","ATH",514.344,576.605,134.531,26.1323,1.65079,54.4464,3.56373,93.5755,37.4256,94.7282,3.09333,1.02055,0.261558,0.892021401132491,0.0944258201021496,0.0453209736301281,0.00286294777187156,0.00618053953746499,0.00176992915427372,0.162287007570174,0.0649068252963467,0.164286123082526,0.00536472975433789,0.233315701390033,0.327741521492183
"atc","atc",2026,35322,"Hyeseong Kim","LAD",152.921,164.803,37.9655,6.5647,1.08449,9.04882,1.08253,18.9198,2.59328,15.6909,7.92891,1.36926,0.248268,0.927901797904164,0.0549068888309072,0.039833619533625,0.00658052341280195,0.00656863042541701,0.00830846525852078,0.114802521798754,0.0157356358804148,0.095210038652209,0.0481114421460774,0.230368986001468,0.285275874832376
"atc","atc",2026,,"A.J. Vukovich","ARI",23.1658,24.9035,5.36274,1.21364,0.0418602,1.56446,0.0863684,2.98095,0.472998,3.01141,0.102271,0.0481847,0.231494,0.930222659465537,0.0628208886301122,0.0487337121288172,0.00168089625956191,0.00346812295460477,0.0019348565462686,0.119700042162748,0.0189932338827876,0.120923163410766,0.0041066918304656,0.215340815548015,0.278161704178128
"atc","atc",2026,,"Abimelec Ortiz","WSN",189.957,210.454,42.2419,8.27083,0.75695,16.6101,2.10123,23.0333,6.92385,24.5624,0.824798,0.494667,0.222376,0.902605795090614,0.0789250857669609,0.0392999420300873,0.00359674798293214,0.00998427209746548,0.00235047563838178,0.109445769621865,0.0328995885086527,0.116711490396951,0.00391913672346451,0.200717971623253,0.279643057390214
"atc","atc",2026,,"Aidan Miller","PHI",47.2837,53.4375,10.7069,2.38743,0.0737298,5.0798,0.882161,6.46551,1.16254,4.81601,2.79821,0.750299,0.22644,0.884841169590643,0.0950605847953216,0.044677052631579,0.00137973894736842,0.0165082760233918,0.0140406830409357,0.120992,0.021755134502924,0.0901241637426901,0.0523641637426901,0.200363040935673,0.295423625730994
"atc","atc",2026,,"Braden Montgomery","CHW",115.463,127.332,25.8767,5.79016,0.563754,9.39273,1.44074,12.5785,2.77807,11.8347,1.86423,0.55869,0.224111,0.906786982062639,0.0737656677033267,0.0454729368893915,0.00442743379511827,0.0113148305217856,0.00438766374517011,0.0987850658122075,0.0218175321207552,0.092943643388936,0.0146407030440109,0.203222285050105,0.276987952753432
"atc","atc",2026,,"Brandon Valenzuela","TOR",21.0492,22.9671,4.32205,0.667732,0.0181904,1.76766,0.0615333,2.17085,0.374154,2.09297,0.0692386,0.039408,0.205331,0.91649359300913,0.0769648758441423,0.0290734137091753,0.00079201988931994,0.00267919328082344,0.00171584570973262,0.0945199872861615,0.0162908682419635,0.091129049814735,0.00301468622507848,0.188184402906767,0.265149278750909
"atc","atc",2026,,"Brock Wilken","MIL",42.1833,47.8692,8.28969,1.54222,0.0375096,5.34231,0.178662,4.82567,1.52175,5.56767,0.0798885,0.0383937,0.196516,0.881220074703567,0.111602241107017,0.032217375682067,0.000783585269860369,0.00373229550525181,0.000802054348098569,0.100809497547484,0.0317897520744027,0.116310069940588,0.00166889147928104,0.173173773532877,0.284776014639894
"atc","atc",2026,,"Bryan Torres","STL",37.8328,42.5563,9.66652,1.79534,0.0682895,4.13418,0.11305,4.35739,0.138529,3.62605,1.41212,0.259883,0.255506,0.889005858122064,0.0971461334749496,0.0421874082098303,0.00160468602768568,0.00265648094406704,0.00610680439793873,0.102391185323912,0.00325519370809962,0.085205950705301,0.0331823960259703,0.227146626938902,0.324292760413852
"atc","atc",2026,,"Carson Benge","NYM",330.548,370.913,78.2294,16.0893,2.02187,33.0399,4.42258,44.7242,9.50376,39.7799,8.37717,1.84397,0.236666,0.891173941058955,0.0890772229606404,0.0433775575404475,0.00545106264811425,0.0119234968847142,0.00497143535006861,0.120578680175675,0.0256226123107036,0.107248600076029,0.0225852693219165,0.210910375209281,0.299987598169921
"atc","atc",2026,,"Charlie Condon","COL",154.402,172.262,37.0124,6.89762,1.01712,13.2001,3.1846,18.8482,5.22765,20.217,1.18776,0.407631,0.239714,0.896320720762559,0.0766280433293472,0.0400414484912517,0.00590449431679651,0.0184869559159884,0.00236634312849032,0.109415889749335,0.0303470875759018,0.117361925439157,0.00689507842704717,0.214861083698088,0.291489127027435
"atc","atc",2026,,"Christian Franklin","WSN",18.6597,21.0376,4.24157,0.570653,0.03284,2.14528,0.138526,2.59236,0.229518,1.72115,0.225603,0.10525,0.227312,0.886969045898772,0.101973609156938,0.0271253850249078,0.00156101456439898,0.00658468646613682,0.00500294710423242,0.123225082709054,0.0109098946647907,0.0818130395102103,0.010723799292695,0.20161853063087,0.303592139787809
"atc","atc",2026,,"Colt Emerson","SEA",259.281,290.532,61.0762,13.0441,1.14715,23.7119,4.51688,31.2053,5.28188,29.2458,5.66769,1.25848,0.23556,0.892435256701499,0.0816154502774221,0.0448972918645795,0.00394844629851445,0.0155469277050377,0.00433163988820509,0.107407445651426,0.0181800283617639,0.100662921812399,0.0195079715831647,0.210221937686726,0.291837387964149
"atc","atc",2026,,"Daniel Susac","SFG",81.7899,88.5198,18.5791,3.3932,0.122144,4.73004,0.994303,8.24743,2.1218,9.17735,1.01089,0.227675,0.227157,0.923972941646954,0.0534348247510726,0.0383326668157858,0.00137984948000334,0.0112325491020088,0.00257202343430509,0.0931704545197797,0.0239697785128299,0.103675674820775,0.0114199309081132,0.209886375703515,0.263321200454588
"atc","atc",2026,,"Deyvison De Los Santos","MIA",74.6882,80.4315,17.3608,2.99226,0.0881477,4.48396,0.609004,8.22553,2.35029,9.03699,1.03808,0.302741,0.232444,0.928593896669837,0.0557488048836588,0.0372025885380728,0.00109593505032232,0.00757171008870903,0.0037639606373125,0.102267519566339,0.029221014154902,0.11235635292143,0.0129063861795441,0.215845781814339,0.271594586697998
"atc","atc",2026,,"Dom Keegan","TBR",62.0022,68.5842,13.9609,2.98247,0.0777356,4.98202,0.708461,6.82471,1.8254,7.38412,0.0866945,0.0369718,0.225167,0.904030374342779,0.0726409289603145,0.0434862548517005,0.00113343306475836,0.0103297989916045,0.000539071681232704,0.0995084873775593,0.0266154595373278,0.107665030721361,0.00126405936061075,0.203558545554224,0.276199474514538
"atc","atc",2026,,"Edwin Arroyo","CIN",27.6012,29.5591,6.83279,1.26594,0.0715432,1.69842,0.12738,2.95538,0.309923,2.75396,0.645711,0.115385,0.247554,0.933763206592893,0.0574584476523304,0.0428274203206458,0.00242034432712769,0.00430933282813076,0.00390353562862198,0.0999820698194465,0.0104848591465911,0.0931679245985162,0.021844744934724,0.231156902612055,0.288615350264386
"atc","atc",2026,,"Emmanuel Rodriguez","MIN",59.9603,71.1659,12.8771,2.58413,0.307102,10.2045,0.754796,8.96953,1.59986,6.92659,1.67324,0.332162,0.21476,0.842542566032327,0.143390303502099,0.0363113513635042,0.00431529707345793,0.0106061470451438,0.00466743201449009,0.126036908125942,0.0224807105650319,0.0973301820113285,0.023511822375604,0.18094480643117,0.324335109933269
"atc","atc",2026,,"Esmerlyn Valdez","PIT",33.1114,36.9609,7.60057,1.44346,0.0688578,3.12748,0.452789,3.71676,1.11139,3.94679,0.277573,0.0555194,0.229546,0.89584939760666,0.0846159049157353,0.0390537026966335,0.00186299034926098,0.0122504863247378,0.0015021116910032,0.100559239628905,0.0300693435495348,0.106782843491365,0.00750990912017835,0.205638120283868,0.290254025199603
"atc","atc",2026,,"Gabriel Gonzalez","MIN",47.6044,51.8268,12.4918,2.68762,0.0538977,3.09203,0.931637,5.35268,1.01925,5.2977,0.244343,0.108776,0.262408,0.91852863769324,0.0596608318476155,0.0518577261185333,0.00103995809118062,0.0179759699614871,0.00209883689519708,0.103280156212616,0.0196664659982866,0.102219315103383,0.00471460711446588,0.241029737510323,0.300690569357938
"atc","atc",2026,,"Gabriel Rincones Jr.","PHI",42.2763,47.4506,9.11953,1.80552,0.0507809,4.63978,0.373394,5.55975,1.34963,5.07397,1.38089,0.237226,0.215713,0.890953960540014,0.0977812714696969,0.0380505199091265,0.00107018457090111,0.00786911019038748,0.00499943098717403,0.117169224414444,0.0284428437153587,0.106931629947777,0.029101634120538,0.192189982845317,0.289971254315014
"atc","atc",2026,,"James Triantos","CHC",26.6728,28.4355,6.71534,0.920296,0.0458394,1.52781,0.118994,3.61237,0.228008,3.13819,0.709776,0.196458,0.251767,0.938010585359849,0.0537289655536213,0.0323643333157497,0.00161204831988184,0.00418469870408468,0.00690889908740834,0.127037330097941,0.0080184276696383,0.110361695767614,0.0249609115366355,0.23616043326124,0.289889398814862
"atc","atc",2026,,"Jared Serna","MIA",26.9922,29.276,6.10492,1.32358,0.0361679,2.03642,0.131812,3.00771,0.299056,2.61144,0.444724,0.121398,0.226173,0.921990709113267,0.0695593660336112,0.0452104112583686,0.00123541125836863,0.00450239103702692,0.0041466730427654,0.102736371088947,0.0102150567017352,0.0892007104795737,0.0151907364394043,0.208529853805165,0.278089219838776
"atc","atc",2026,,"Jeferson Quero","MIL",22.2523,24.1112,5.25234,0.797099,0.0276216,1.65641,0.10226,3.10587,0.406165,3.067,0.0976462,0.0415019,0.236035,0.922903049205349,0.0686987789906765,0.0330592836524105,0.00114559208998308,0.0042411825209861,0.00172127061282723,0.128814409900793,0.0168454908921995,0.127202296028402,0.00404982746607386,0.217838183085039,0.286536962075716
"atc","atc",2026,,"Jesus Rodriguez","SFG",47.623,52.1823,12.4873,2.01029,0.0908849,4.16363,0.196367,6.0219,0.520938,4.77859,1.27972,0.256765,0.262212,0.912627461802182,0.0797900820776394,0.0385243655415725,0.00174168060817557,0.00376309591566489,0.0049205381901526,0.115401199257219,0.00998304022628363,0.0915749209981162,0.0245240244297396,0.239301448958747,0.319091531036386
"atc","atc",2026,,"Jett Williams","MIL",134.008,151.244,29.8829,6.92912,0.997895,14.4084,1.62958,18.0246,3.3722,14.7314,5.29572,1.2947,0.222994,0.886038454418027,0.095265927904578,0.0458141810584222,0.0065979146280183,0.0107745100632091,0.00856033958371902,0.119175636719473,0.0222964216762318,0.0974015498135463,0.0350144137949274,0.197580730475259,0.292846658379837
"atc","atc",2026,,"JJ Wetherholt","STL",430.052,486.402,106.115,21.111,1.24179,45.1114,7.19393,57.6692,10.1872,45.8873,11.8344,2.25466,0.246749,0.884149325043894,0.092745095620495,0.0434023708784092,0.00255301170636634,0.0147900913236376,0.00463538390055962,0.118562834856765,0.0209439928289769,0.0943402782060929,0.0243304920621215,0.21816316544751,0.310908261068006
"atc","atc",2026,,"Joe Mack","MIA",213.222,235.428,46.3742,9.08389,0.600461,17.6989,2.50649,25.1539,7.01849,25.8696,2.04087,0.593787,0.217492,0.90567816912177,0.0751775489746334,0.038584577875189,0.00255050801094177,0.010646524627487,0.00252215964116418,0.106843281173013,0.0298116196883973,0.109883276415719,0.00866876497273052,0.196978269364731,0.272155818339365
"atc","atc",2026,,"Joshua Báez","STL",82.3177,91.6434,19.2881,4.08817,0.120051,7.75067,1.21529,10.7355,3.06817,10.5378,4.5135,0.602389,0.234313,0.898239262183638,0.0845742301136798,0.0446095408943797,0.00130997976941056,0.0132610749928527,0.00657318475744025,0.117144278802401,0.033479443145933,0.1149870039741,0.0492506825368766,0.210469057237073,0.295043287350753
"atc","atc",2026,,"Juan Brito","CLE",100.242,113.572,22.8072,5.15804,0.140115,10.8497,1.09633,12.2412,2.33127,11.45,1.67537,0.725056,0.22752,0.882629521360899,0.0955314690240552,0.0454164758919452,0.00123371077378227,0.00965317155636953,0.00638410875920121,0.107783608635931,0.0205268023808685,0.10081710280703,0.0147516113126475,0.20081710280703,0.296348571831085
"atc","atc",2026,,"Junior Perez","ATH",43.0526,47.707,8.82186,2.32803,0.0562179,4.2825,0.1126,5.49323,1.39416,4.81764,1.56633,0.249634,0.204909,0.902437797388224,0.0897667009034314,0.0487984991720293,0.00117839939631501,0.00236024063554615,0.0052326492967489,0.115145156895215,0.0292233844089966,0.100983922694783,0.0328322887626554,0.184917517345463,0.274684218248894
"atc","atc",2026,,"Justin Crawford","PHI",391.154,429.868,104.261,18.3847,2.30253,30.7449,1.84693,53.7184,5.50172,38.1038,22.9816,5.05014,0.266546,0.909939795472098,0.0715217229475095,0.0427682451357161,0.00535636520978533,0.00429650497361981,0.0117481180269292,0.124964872937739,0.0127986265551286,0.088640699005276,0.0534619929838927,0.242541896582207,0.314063619529716
"atc","atc",2026,,"Kahlil Watson","CLE",19.6494,21.6328,4.1554,0.61684,0.0375257,1.77058,0.128453,2.76192,0.505361,2.55471,0.410189,0.115,0.211477,0.908315151066898,0.0818470100957805,0.0285141082060575,0.00173466680226323,0.00593788136533412,0.00531600162715876,0.127672793165933,0.023360868680892,0.118094282755815,0.0189614381864576,0.192087940534744,0.273934950630524
"atc","atc",2026,,"Kazuma Okamoto","TOR",462.736,522.293,112.593,22.8177,0.332663,48.3455,6.92565,61.7385,22.2305,70.4616,1.89706,0.677088,0.24332,0.88597013553695,0.0925639439931226,0.0436875470282006,0.000636927931256976,0.0132600858139014,0.00129637578906859,0.118206638802358,0.0425632738711796,0.134908183720632,0.00363217580936371,0.215574399810068,0.308138343803191
"atc","atc",2026,,"Kevin McGonigle","DET",364.479,413.242,92.6265,20.0914,2.5156,41.3041,2.25507,52.2459,12.7895,48.2345,8.85618,2.4213,0.254134,0.881998925569037,0.0999513602199196,0.0486189690302535,0.00608747416767899,0.00545702034159161,0.00585927858252549,0.126429307766394,0.0309491774795398,0.11672216280049,0.0214309774901873,0.224145899981125,0.324097260201044
"atc","atc",2026,,"Konnor Griffin","PIT",369.403,406.7,94.889,16.8586,1.41858,25.2016,8.22992,53.4456,10.514,46.1309,18.3837,4.53674,0.256872,0.908293582493238,0.0619660683550529,0.0414521760511433,0.00348802557167445,0.0202358495205311,0.0111550036882223,0.131412835013523,0.0258519793459552,0.113427342021146,0.0452021145807721,0.233314482419474,0.295280550774527
"atc","atc",2026,,"Leo De Vries","ATH",27.9414,30.846,6.51967,1.63727,0.0737756,2.63764,0.134129,3.89197,1.04529,3.57248,0.201911,0.0966707,0.233334,0.905835440575763,0.0855099526680931,0.0530788432860014,0.00239173960967386,0.00434834338325877,0.0031339784737081,0.126174220320301,0.0338873759968878,0.115816637489464,0.00654577578940543,0.211361926992155,0.296871879660248
"atc","atc",2026,,"Matt Koperniak","STL",31.8245,34.3466,7.33377,0.94834,0.0378202,2.23632,0.131468,3.9101,0.414414,3.66563,0.17956,0.0997469,0.230444,0.926569150949439,0.0651103748260381,0.0276108843378966,0.00110113373667263,0.00382768600094332,0.00290412733720368,0.113842418172396,0.0120656484193486,0.106724683083624,0.00522788281809553,0.213522444725242,0.27863281955128
"atc","atc",2026,,"Munetaka Murakami","CHW",465.669,546.565,101.075,15.8641,0.445569,71.8403,5.3238,69.4956,27.8956,75.0363,8.26296,3.17089,0.217054,0.851991986314528,0.131439627491698,0.0290250930813352,0.000815216854354011,0.00974047002643784,0.00580148747175542,0.127149744312204,0.0510380284138209,0.137287056434276,0.0151179823076853,0.184927684721854,0.316367312213552
"atc","atc",2026,,"Nelson Rada","LAA",65.6825,74.3699,15.526,2.4892,0.162109,6.45479,1.05557,8.24664,0.417315,5.06532,3.51266,0.874166,0.23638,0.883186611787834,0.0867930439599892,0.0334705304162033,0.00217976627641021,0.0141935110844576,0.0117542984460111,0.110886796943387,0.0056113427609826,0.0681098132443368,0.047232280801776,0.208767256645498,0.295560300605487
"atc","atc",2026,,"Ryan Clifford","NYM",42.0988,47.865,8.87604,1.34703,0.0181591,5.3548,0.246934,5.8664,1.36363,6.02432,0.19557,0.0920705,0.210838,0.879532017131516,0.111872976078554,0.0281422751488562,0.000379381594066646,0.00515896793063825,0.00192354538807062,0.122561370521258,0.0284890838817508,0.125860649744072,0.00408586649952993,0.185439047320589,0.297312023399143
"atc","atc",2026,,"Ryan Waldschmidt","ARI",141.653,162.112,34.3885,6.84723,0.940792,16.4381,2.57342,19.8657,3.3018,16.682,5.04678,1.24706,0.242766,0.873797127911567,0.101399649624951,0.0422376505132254,0.00580334583497829,0.0158743337939203,0.00769258290564548,0.122543056652191,0.020367400315831,0.102904165021713,0.0311314399921042,0.212128034938808,0.313527684563758
"atc","atc",2026,,"Sam Antonacci","CHW",25.2498,28.8809,6.19402,1.23796,0.0641565,2.52859,0.842651,3.59862,0.216482,2.50219,1.18906,0.311148,0.24531,0.874273308657279,0.0875523269704199,0.0428643151702336,0.00222141623010363,0.02917675695702,0.0107734869758214,0.124602072650091,0.00749568053627138,0.0866382280330599,0.0411711546385327,0.214467693181307,0.302020020151727
"atc","atc",2026,,"Shane McGuire","ATH",23.5084,26.404,5.00383,0.733224,0.0274498,2.64752,0.115167,2.42317,0.290867,2.17581,0.115345,0.0594006,0.212852,0.890334797757916,0.10026965611271,0.027769428874413,0.00103960763520679,0.00436172549613695,0.00224968186638388,0.0917728374488714,0.0110160202999546,0.0824045599151644,0.0043684668989547,0.189510301469474,0.289779957582184
"atc","atc",2026,,"Spencer Jones","NYY",32.9691,36.0322,7.02847,1.47863,0.0585812,2.80321,0.145961,4.67014,1.4702,4.33485,1.39065,0.180979,0.213183,0.914989925677588,0.0777973590288686,0.0410363508195447,0.00162580136655547,0.0040508489628721,0.00502270191661902,0.129610182003874,0.040802393414779,0.120304893955962,0.0385946459000561,0.195060806722876,0.272858165751744
"atc","atc",2026,,"Sterlin Thompson","COL",24.2582,26.4017,6.03903,1.42109,0.0697268,1.82663,0.221622,3.31296,0.452678,2.99949,0.216382,0.0917483,0.248947,0.918812046193995,0.0691860751391009,0.0538257006177632,0.00264099660249151,0.00839423218959385,0.00347509061916467,0.125482828757239,0.0171457898544412,0.113609729676498,0.00819576012150733,0.228736407125299,0.2979224822644
"atc","atc",2026,,"Sung-Mun Song","SDP",234.888,257.365,55.3103,10.736,0.712182,19.3463,0.721744,27.4757,5.27768,25.6915,5.49793,0.971022,0.235475,0.912664892273619,0.0751706720027976,0.0417150739222505,0.00276720610805665,0.00280435956715171,0.0037729372680823,0.106757717638374,0.0205065956909448,0.0998251510500651,0.0213623841625707,0.214909952790784,0.290080624793581
"atc","atc",2026,,"Tanner Murray","CHW",59.2177,63.305,13.5873,3.1803,0.0513704,3.03106,0.819048,6.30814,1.20503,6.05001,0.287489,0.0927407,0.229447,0.935434799778848,0.0478802622225733,0.0502377379353922,0.000811474607061054,0.0129381249506358,0.00146498222889187,0.0996467893531317,0.0190353052681463,0.0955692283389938,0.00454133164836901,0.214632335518521,0.262512597741095
"atc","atc",2026,,"TJ Rumfield","COL",214.706,238.735,53.6863,11.2023,0.268274,19.1202,2.87351,26.4361,5.39187,26.2304,1.46799,0.585641,0.250046,0.899348650176974,0.0800896391396318,0.0469235763503466,0.0011237313339058,0.0120364001926823,0.00245310071836974,0.110734077533667,0.0225851676545123,0.109872452719543,0.00614903554149999,0.224878212243701,0.304967851383333
"atc","atc",2026,,"Tommy Troy","ARI",49.1924,54.2684,11.669,2.46104,0.078596,4.2526,0.587653,5.96558,0.839063,5.11181,1.28328,0.200474,0.237213,0.906464904069403,0.0783623618901608,0.0453494114438605,0.00144828297867636,0.0108286406085309,0.00369412033522271,0.109927324188662,0.0154613550427136,0.0941949642886099,0.023646910540941,0.215023844447229,0.29338620633739
"atc","atc",2026,,"Travis Bazzana","CLE",186.922,214.694,40.3265,8.28431,0.978862,23.5743,2.48462,25.8665,4.6381,19.8173,4.08752,0.839169,0.21574,0.870643800013042,0.109804186423468,0.0385865930114489,0.00455933561254623,0.011572843209405,0.00390867467185855,0.120480777292332,0.0216033051692176,0.0923048618033108,0.0190388180386969,0.187832449905447,0.297636636328915
"atc","atc",2026,,"Tre' Morgan","TBR",36.5563,41.0365,9.04385,1.68494,0.0692808,4.13045,0.195033,4.51958,0.593004,4.31391,0.419273,0.128407,0.247395,0.89082402251654,0.100653077138645,0.0410595445518014,0.00168827263533683,0.00475267140228821,0.00312909239335713,0.110135610980469,0.0144506475942149,0.105123731312368,0.0102170750429496,0.2203855104602,0.321038587598845
"atc","atc",2026,,"Walker Jenkins","MIN",70.7291,79.1287,17.2148,3.91483,0.156042,7.27766,0.814314,9.44788,1.80901,7.78498,2.07235,0.355997,0.24339,0.893848881632075,0.0919724448904127,0.0494742110005598,0.00197200257302344,0.0102910069292178,0.00449896181789919,0.119398903305627,0.0228616165815943,0.0983837722596226,0.0261896126184305,0.217554439792389,0.309526884682802
"atc","atc",2026,,"Yohandy Morales","WSN",53.2476,57.7816,12.2258,2.65461,0.075044,4.10716,0.220651,5.93677,1.1705,5.87264,0.293339,0.10777,0.229602,0.92153211402938,0.0710807592728481,0.0459421338280698,0.00129875254406247,0.00381870699322968,0.00186512661470087,0.102744991485179,0.0202573137469367,0.101635122599582,0.00507668531158708,0.211586387362067,0.282667146634915
