batter,season,total_bbe,tango_barrels,adj_barrels,avg_ev,ev90,avg_la,max_ev,barrel_ev_mean,tango_brl_pct,adj_brl_pct,brl_diff,brl_diff_abs,pct_lost,player_name,team,pa
112526,2015,31,0,0,85.5,99.2,2.3,102.4,NA,0,0,0,0,0,Bartolo Colon,NA,64
112526,2016,19,0,0,82.6,99.2,15.1,108.4,NA,0,0,0,0,0,Bartolo Colon,NA,65
112526,2017,8,0,0,73.3,85.4,-6.8,91.1,NA,0,0,0,0,0,Bartolo Colon,NA,20
112526,2018,1,0,0,76.9,76.9,-30,76.9,NA,0,0,0,0,0,Bartolo Colon,NA,4
116338,2015,412,21,21,88.5,103.3,10.8,108.1,103.1,5.1,5.1,0,0,0,Torii Hunter,NA,567
120074,2015,438,57,57,93,107.1,15.7,113.6,105.4,13.01,13.01,0,0,0,David Ortiz,NA,614
120074,2016,444,67,68,93.2,107.4,16.9,113.4,105.7,15.09,15.32,0.23,1,-1.5,David Ortiz,NA,626
121347,2015,382,41,41,91.3,106.3,12.1,116.5,106.1,10.73,10.73,0,0,0,Alex Rodriguez,NA,620
121347,2016,160,12,12,89.8,106.3,10.7,112.3,106.5,7.5,7.5,0,0,0,Alex Rodriguez,NA,243
133380,2015,406,20,18,87.4,102,15.8,108.6,102.7,4.93,4.43,-0.5,-2,10,Aramis Ramirez,NA,516
134181,2015,505,25,24,89.5,103.5,12.6,109.8,103.4,4.95,4.75,-0.2,-1,4,Adrian Beltré,NA,619
134181,2016,516,41,41,90.1,103.8,14.5,109.9,103.7,7.95,7.95,0,0,0,Adrian Beltré,NA,640
134181,2017,292,15,18,86.7,101.6,12.5,107.4,102.2,5.14,6.16,1.02,3,-20,Adrian Beltré,NA,389
134181,2018,344,21,18,88.7,102.7,13.6,109.2,102.6,6.1,5.23,-0.87,-3,14.3,Adrian Beltré,NA,481
136860,2015,390,19,18,90.6,104.6,15.5,112.8,103.4,4.87,4.62,-0.25,-1,5.3,Carlos Beltrán,NA,531
136860,2016,451,28,29,90,105.1,12.6,110.9,103.4,6.21,6.43,0.22,1,-3.6,Carlos Beltrán,NA,593
136860,2017,371,17,17,87.3,102.3,13.4,109.6,103,4.58,4.58,0,0,0,Carlos Beltrán,NA,509
150029,2015,251,19,18,90,106.5,15.3,112.7,106.4,7.57,7.17,-0.4,-1,5.3,Jayson Werth,NA,378
150029,2016,381,27,30,91.4,105.5,15,114.7,105.3,7.09,7.87,0.78,3,-11.1,Jayson Werth,NA,606
150029,2017,182,15,17,88.1,103.4,14.1,112.1,103.8,8.24,9.34,1.1,2,-13.3,Jayson Werth,NA,289
150212,2015,281,13,13,87.5,103.1,7.7,110.4,104.5,4.63,4.63,0,0,0,Michael Cuddyer,NA,408
150229,2015,368,11,11,85.4,101.3,10.5,110,102.2,2.99,2.99,0,0,0,A.J. Pierzynski,NA,436
150229,2016,218,2,2,87.3,101.5,7.1,106.8,106.5,0.92,0.92,0,0,0,A.J. Pierzynski,NA,259
150302,2015,11,0,0,78.7,97.9,15.5,99.2,NA,0,0,0,0,0,Jason Marquis,NA,17
150359,2015,23,1,1,84.5,102.2,-9,104.3,100.2,4.35,4.35,0,0,0,A.J. Burnett,NA,52
217100,2015,53,1,1,86.7,97.8,12.6,101.3,98.6,1.89,1.89,0,0,0,Willie Bloomquist,NA,72
218596,2015,26,0,0,79,96.5,16.7,101.1,NA,0,0,0,0,0,Tim Hudson,NA,42
276519,2015,413,11,11,85.3,98.9,15.8,106.1,101.4,2.66,2.66,0,0,0,Jimmy Rollins,NA,563
276519,2016,115,2,2,84.7,98,11.2,104.2,102,1.74,1.74,0,0,0,Jimmy Rollins,NA,166
276520,2017,16,0,0,79.8,91.1,12.6,94.3,NA,0,0,0,0,0,Bronson Arroyo,NA,29
279571,2016,2,0,0,80,80,69,80,NA,0,0,0,0,0,Matt Belisle,NA,4
279824,2015,4,0,0,73.7,82.2,-0.2,82.9,NA,0,0,0,0,0,Mark Buehrle,NA,9
282332,2015,1,0,0,102.1,102.1,7,102.1,NA,0,0,0,0,0,CC Sabathia,NA,3
282332,2016,1,0,0,35.1,35.1,-7,35.1,NA,0,0,0,0,0,CC Sabathia,NA,2
282332,2017,1,0,0,71.7,71.7,58,71.7,NA,0,0,0,0,0,CC Sabathia,NA,4
282332,2019,1,0,0,96.8,96.8,17,96.8,NA,0,0,0,0,0,CC Sabathia,NA,3
285064,2015,22,0,0,81.3,99.8,-4.2,102.2,NA,0,0,0,0,0,Ryan Vogelsong,NA,45
285064,2016,5,0,0,90,97.2,-1.2,99.9,NA,0,0,0,0,0,Ryan Vogelsong,NA,23
285078,2015,120,8,8,88.2,103.9,9,112.3,105.2,6.67,6.67,0,0,0,Josh Hamilton,NA,182
285079,2015,2,0,0,89.3,89.9,21.5,90,NA,0,0,0,0,0,R.A. Dickey,NA,4
285079,2017,51,0,0,71.2,86.1,-0.1,90.6,NA,0,0,0,0,0,R.A. Dickey,NA,68
346798,2015,26,0,0,81.3,94.6,5.5,99.4,NA,0,0,0,0,0,Kyle Lohse,NA,42
346874,2015,276,15,15,88.8,104.7,10.7,110.5,104.6,5.43,5.43,0,0,0,Juan Uribe,NA,397
346874,2016,192,14,14,88.1,105.1,10.1,110.7,103,7.29,7.29,0,0,0,Juan Uribe,NA,259
400085,2015,346,2,2,83.3,97,3.3,106.9,98.4,0.58,0.58,0,0,0,Ichiro Suzuki,NA,438
400085,2016,284,2,2,84.1,97.9,7.2,105.5,99.6,0.7,0.7,0,0,0,Ichiro Suzuki,NA,365
400085,2017,159,1,2,80.1,95.8,5,104.2,100.3,0.63,1.26,0.63,1,-100,Ichiro Suzuki,NA,215
400085,2018,36,0,0,81.3,91.5,5.7,100.1,NA,0,0,0,0,0,Ichiro Suzuki,NA,47
400121,2015,389,13,13,87.7,101.3,15,108.9,104.6,3.34,3.34,0,0,0,Victor Martinez,NA,485
400121,2016,465,36,37,90,103.1,15.5,110.2,103.1,7.74,7.96,0.22,1,-2.8,Victor Martinez,NA,610
400121,2017,328,16,19,88.6,100.5,13.2,107.1,101.9,4.88,5.79,0.91,3,-18.8,Victor Martinez,NA,435
400121,2018,422,18,14,87.8,100.7,13.9,107.6,102.1,4.27,3.32,-0.95,-4,22.2,Victor Martinez,NA,508
400284,2015,310,6,6,88.1,101.8,12.8,104.9,100.3,1.94,1.94,0,0,0,Chase Utley,NA,423
400284,2016,391,17,17,87.5,100.9,11.9,107.5,101.6,4.35,4.35,0,0,0,Chase Utley,NA,565
400284,2017,251,10,14,86.9,100.7,11,107.7,102.1,3.98,5.58,1.6,4,-40,Chase Utley,NA,353
400284,2018,126,3,2,87.3,100,16.5,106.4,101.6,2.38,1.59,-0.79,-1,33.3,Chase Utley,NA,187
405395,2015,523,39,38,90.7,106.2,14.2,114,105.1,7.46,7.27,-0.19,-1,2.6,Albert Pujols,NA,661
405395,2016,511,46,46,91.6,106.5,11.7,116.5,104.2,9,9,0,0,0,Albert Pujols,NA,650
405395,2017,502,24,36,88.7,103.7,13.5,112.2,103.6,4.78,7.17,2.39,12,-50,Albert Pujols,NA,636
405395,2018,403,24,22,90,104.4,14.1,112.1,103.9,5.96,5.46,-0.5,-2,8.3,Albert Pujols,NA,498
405395,2019,424,23,24,88.3,103.3,12.5,112.3,103.7,5.42,5.66,0.24,1,-4.3,Albert Pujols,NA,545
405395,2021,232,20,20,90.3,105.6,11.9,112.9,106.6,8.62,8.62,0,0,0,Albert Pujols,NA,296
405395,2022,258,29,21,91.2,106.1,16.4,111.7,105.2,11.24,8.14,-3.1,-8,27.6,Albert Pujols,NA,351
407781,2015,349,31,31,86.3,102.8,12.1,108.8,103.6,8.88,8.88,0,0,0,Marlon Byrd,NA,544
407781,2016,79,5,5,87.1,100.3,17.1,104.2,101,6.33,6.33,0,0,0,Marlon Byrd,NA,129
407793,2015,38,0,0,80.9,98.2,2.1,106.5,NA,0,0,0,0,0,John Lackey,NA,70
407793,2016,32,0,0,88,99.5,6.7,103.2,NA,0,0,0,0,0,John Lackey,NA,69
407793,2017,31,0,0,84.1,100.3,-5.7,102.2,NA,0,0,0,0,0,John Lackey,NA,61
407812,2015,180,9,9,90.4,107.1,8,113.3,103.9,5,5,0,0,0,Matt Holliday,NA,277
407812,2016,309,25,25,93.1,108.7,8.6,115.5,106.2,8.09,8.09,0,0,0,Matt Holliday,NA,426
407812,2017,264,27,27,89.9,107.4,11.9,116,106.2,10.23,10.23,0,0,0,Matt Holliday,NA,427
407812,2018,35,2,2,90.9,105.4,12.8,110.2,102.3,5.71,5.71,0,0,0,Matt Holliday,NA,65
407822,2015,27,0,0,78.1,96.8,-12.5,98,NA,0,0,0,0,0,Jorge De La Rosa,NA,50
407822,2016,23,0,0,79.9,93.2,-7.1,96.4,NA,0,0,0,0,0,Jorge De La Rosa,NA,42
407822,2018,1,0,0,62.7,62.7,-41,62.7,NA,0,0,0,0,0,Jorge De La Rosa,NA,2
407862,2015,16,0,0,88.7,101.8,16.5,103.6,NA,0,0,0,0,0,Reed Johnson,NA,24
407893,2015,305,28,28,89.6,104.2,15.7,111.2,103.7,9.18,9.18,0,0,0,Mark Teixeira,NA,462
407893,2016,280,15,16,88.4,102.9,12.7,109.6,105.2,5.36,5.71,0.35,1,-6.7,Mark Teixeira,NA,438
407908,2016,1,0,0,88.6,88.6,34,88.6,NA,0,0,0,0,0,Joel Peralta,NA,2
408042,2015,2,0,0,64.8,77.4,42.5,80.6,NA,0,0,0,0,0,Gerald Laird,NA,2
408045,2015,481,16,15,89.2,103.3,4.1,107.6,103.7,3.33,3.12,-0.21,-1,6.2,Joe Mauer,NA,666
408045,2016,395,23,24,89.9,102.4,3.8,108,101.7,5.82,6.08,0.26,1,-4.3,Joe Mauer,NA,576
408045,2017,444,18,21,90.3,102.5,5.7,108.2,102.7,4.05,4.73,0.68,3,-16.7,Joe Mauer,NA,597
408045,2018,391,19,17,91.1,103.1,4.4,107.6,102.1,4.86,4.35,-0.51,-2,10.5,Joe Mauer,NA,543
408047,2015,136,7,7,88.7,104.6,9.9,109.6,101.7,5.15,5.15,0,0,0,Justin Morneau,NA,182
408047,2016,152,6,6,90.2,103,9.3,110.6,101.8,3.95,3.95,0,0,0,Justin Morneau,NA,218
408234,2015,342,34,34,93.8,108.6,12.2,115.6,106.1,9.94,9.94,0,0,0,Miguel Cabrera,NA,511
408234,2016,481,75,76,93.6,108.5,12.2,114.3,106.3,15.59,15.8,0.21,1,-1.3,Miguel Cabrera,NA,679
408234,2017,361,35,43,91.1,106,12.4,111.5,105.4,9.7,11.91,2.21,8,-22.9,Miguel Cabrera,NA,529
408234,2018,108,5,5,94.4,107.2,7.3,114.4,106.7,4.63,4.63,0,0,0,Miguel Cabrera,NA,157
408234,2019,390,21,24,90.3,105.3,12.3,111.4,103.5,5.38,6.15,0.77,3,-14.3,Miguel Cabrera,NA,549
408234,2021,358,27,25,91.4,105.4,10,112.6,104.7,7.54,6.98,-0.56,-2,7.4,Miguel Cabrera,NA,526
408234,2022,299,13,7,89.9,103.9,5,111,103.4,4.35,2.34,-2.01,-6,46.2,Miguel Cabrera,NA,433
408234,2023,263,11,9,89.1,103.4,7.4,111.5,103.8,4.18,3.42,-0.76,-2,18.2,Miguel Cabrera,NA,370
408236,2015,456,36,36,88.8,102.8,14.2,107.9,102.9,7.89,7.89,0,0,0,Adrián González,NA,643
408236,2016,454,20,20,88,101.4,9.3,107.8,102.8,4.41,4.41,0,0,0,Adrián González,NA,633
408236,2017,192,7,9,87.4,100.4,14.1,106.7,102.2,3.65,4.69,1.04,2,-28.6,Adrián González,NA,252
408236,2018,136,8,7,88.5,103.7,11.4,108.1,104.4,5.88,5.15,-0.73,-1,12.5,Adrián González,NA,187
408241,2015,15,0,0,87.4,101.2,2.3,103.5,NA,0,0,0,0,0,Jake Peavy,NA,41
408241,2016,15,0,0,81.9,96.9,2.7,102.5,NA,0,0,0,0,0,Jake Peavy,NA,31
408242,2015,8,0,0,75.7,92.1,-1.1,97.1,NA,0,0,0,0,0,Wil Nieves,NA,14
408252,2015,505,10,10,86.2,100.4,10.7,108.2,100.9,1.98,1.98,0,0,0,Brandon Phillips,NA,623
408252,2016,482,13,13,86.4,100.6,10.3,108.9,103.2,2.7,2.7,0,0,0,Brandon Phillips,NA,584
408252,2017,493,13,13,84.5,100.6,8.1,108.4,103.1,2.64,2.64,0,0,0,Brandon Phillips,NA,604
408252,2018,16,1,1,82.2,95.1,3.4,108.5,108.5,6.25,6.25,0,0,0,Brandon Phillips,NA,27
408299,2015,359,3,2,84.1,98.8,14,104.7,99.4,0.84,0.56,-0.28,-1,33.3,Omar Infante,NA,455
408299,2016,112,0,0,85.8,98.2,13.7,105.3,NA,0,0,0,0,0,Omar Infante,NA,149
408307,2015,136,9,9,89.8,103.8,9.9,108.4,103.1,6.62,6.62,0,0,0,Carl Crawford,NA,193
408307,2016,70,0,0,86.4,97.9,0.8,103.2,NA,0,0,0,0,0,Carl Crawford,NA,87
408314,2015,403,1,1,84.6,99.7,13.5,108.4,101.3,0.25,0.25,0,0,0,José Reyes,NA,519
408314,2016,206,9,9,85.2,101.4,17.8,107.8,101.9,4.37,4.37,0,0,0,José Reyes,NA,279
408314,2017,421,10,11,84.3,100.4,15.7,108.4,101.5,2.38,2.61,0.23,1,-10,José Reyes,NA,561
408314,2018,187,4,3,85,99.7,13.1,107.3,102.3,2.14,1.6,-0.54,-1,25,José Reyes,NA,251
421685,2015,30,0,0,77.7,98.4,-17.4,102.3,NA,0,0,0,0,0,Aaron Harang,NA,58
424144,2016,2,0,0,89.2,92,10,92.7,NA,0,0,0,0,0,Oliver Pérez,NA,3
424325,2015,97,4,4,86.3,101.7,16.9,107.6,100.1,4.12,4.12,0,0,0,David Ross,NA,182
424325,2016,118,12,12,85.7,101.2,14.2,106.3,102,10.17,10.17,0,0,0,David Ross,NA,205
424825,2015,99,1,1,83.8,97.8,13.2,103.8,99.9,1.01,1.01,0,0,0,Coco Crisp,NA,139
424825,2016,362,9,11,85.2,99.3,13.3,106.4,101.2,2.49,3.04,0.55,2,-22.2,Coco Crisp,NA,498
425386,2015,4,0,0,66.6,87.1,1.8,92.7,NA,0,0,0,0,0,Jeremy Guthrie,NA,5
425496,2015,16,0,0,89.4,99.8,7.5,101.8,NA,0,0,0,0,0,Cody Ross,NA,25
425509,2015,454,19,19,88.2,101.9,13.4,109.4,102.6,4.19,4.19,0,0,0,Jhonny Peralta,NA,640
425509,2016,235,14,14,87.6,102.8,13.5,108.5,102.9,5.96,5.96,0,0,0,Jhonny Peralta,NA,313
425509,2017,40,0,0,86.1,102.7,12.3,106.1,NA,0,0,0,0,0,Jhonny Peralta,NA,58
425532,2015,17,0,0,85.4,98.1,4.4,101.5,NA,0,0,0,0,0,Jerome Williams,NA,36
425532,2016,1,0,0,80,80,69,80,NA,0,0,0,0,0,Jerome Williams,NA,2
425543,2015,23,0,0,82,97.3,18.7,99.4,NA,0,0,0,0,0,Josh Wilson,NA,41
425549,2015,149,4,4,83.1,97.9,20.2,103.8,100.9,2.68,2.68,0,0,0,Clint Barmes,NA,224
425557,2015,47,2,2,85.7,102.8,2.8,107.2,106.8,4.26,4.26,0,0,0,Jeff Baker,NA,80
425560,2015,289,21,20,89.6,102.8,13.2,109.2,102.5,7.27,6.92,-0.35,-1,4.8,Adam LaRoche,NA,484
425567,2015,315,6,6,88.3,103.2,15.1,109.4,101.9,1.9,1.9,0,0,0,Alex Rios,NA,411
425664,2015,144,0,0,83.1,98.1,16.5,108.6,NA,0,0,0,0,0,Shane Victorino,NA,204
425766,2015,329,3,3,85.5,100.1,12.1,109.7,102.6,0.91,0.91,0,0,0,James Loney,NA,388
425766,2016,306,5,5,87.3,101.6,12.7,108.9,103.4,1.63,1.63,0,0,0,James Loney,NA,366
425772,2015,70,1,1,85.8,104.7,12.9,108.8,101.5,1.43,1.43,0,0,0,Jeff Mathis,NA,103
425772,2016,88,1,1,88.1,103.1,15,108,99.7,1.14,1.14,0,0,0,Jeff Mathis,NA,132
425772,2017,125,2,3,87,102.7,12.3,109.5,104.8,1.6,2.4,0.8,1,-50,Jeff Mathis,NA,203
425772,2018,129,3,3,87.6,102.7,15.5,108.2,103.7,2.33,2.33,0,0,0,Jeff Mathis,NA,218
425772,2019,139,2,2,86,101.1,17.3,105.5,99.8,1.44,1.44,0,0,0,Jeff Mathis,NA,244
425772,2021,4,0,0,74.5,93.8,23.5,94,NA,0,0,0,0,0,Jeff Mathis,NA,9
425783,2015,406,32,31,90.6,104,7.5,111.5,104.6,7.88,7.64,-0.24,-1,3.1,Shin-Soo Choo,NA,653
425783,2016,129,10,10,91.7,104.6,10.8,108.4,104.7,7.75,7.75,0,0,0,Shin-Soo Choo,NA,210
425783,2017,415,35,37,88.3,103.9,7.5,109.8,104.6,8.43,8.92,0.49,2,-5.7,Shin-Soo Choo,NA,636
425783,2018,405,43,39,89.3,104.2,6.2,109.5,103.7,10.62,9.63,-0.99,-4,9.3,Shin-Soo Choo,NA,665
425783,2019,396,33,35,91.6,106,8.9,111.8,105.6,8.33,8.84,0.51,2,-6.1,Shin-Soo Choo,NA,660
425784,2015,210,12,11,85.6,103.4,16.3,109.4,104,5.71,5.24,-0.47,-1,8.3,René Rivera,NA,319
425784,2016,132,6,6,86,102.3,10.5,106.6,102.2,4.55,4.55,0,0,0,René Rivera,NA,207
425784,2017,149,16,18,87.2,103.6,15.5,108.8,103.5,10.74,12.08,1.34,2,-12.5,René Rivera,NA,237
425784,2018,50,6,6,90.2,108,18.2,110,107,12,12,0,0,0,René Rivera,NA,91
425784,2019,13,0,0,87.6,96.8,19.2,104.9,NA,0,0,0,0,0,René Rivera,NA,20
425784,2021,43,3,3,84.9,105.3,8.6,106.5,104.5,6.98,6.98,0,0,0,René Rivera,NA,78
425794,2015,7,0,0,80.4,97.9,3.4,103.5,NA,0,0,0,0,0,Adam Wainwright,NA,10
425794,2016,42,2,2,89.2,105.2,16.5,108,103.1,4.76,4.76,0,0,0,Adam Wainwright,NA,69
425794,2017,26,2,2,81.4,102.8,5.9,105.3,102.8,7.69,7.69,0,0,0,Adam Wainwright,NA,50
425794,2018,6,0,0,79.3,98.9,9.3,103.6,NA,0,0,0,0,0,Adam Wainwright,NA,12
425794,2019,31,0,0,86,99.2,14,107.6,NA,0,0,0,0,0,Adam Wainwright,NA,59
425794,2021,46,1,1,63.3,101.3,-14.7,109.8,101.8,2.17,2.17,0,0,0,Adam Wainwright,NA,74
425794,2023,1,0,0,102.1,102.1,-8,102.1,NA,0,0,0,0,0,Adam Wainwright,NA,2
425796,2015,250,10,10,88,103.1,14.2,108,102.9,4,4,0,0,0,Jeff Francoeur,NA,343
425796,2016,217,11,11,87.7,103.2,8.1,110.4,103.4,5.07,5.07,0,0,0,Jeff Francoeur,NA,331
425834,2015,136,9,9,88,104.3,11.1,108.7,104,6.62,6.62,0,0,0,B.J. Upton,NA,228
425834,2016,343,20,20,87.9,103.4,8.8,110.7,104.5,5.83,5.83,0,0,0,B.J. Upton,NA,539
425835,2015,1,0,0,101.4,101.4,22,101.4,NA,0,0,0,0,0,Chin-hui Tsao,NA,1
425844,2015,55,2,2,86.6,104,6.7,107.5,104.2,3.64,3.64,0,0,0,Zack Greinke,NA,77
425844,2016,43,2,2,85.8,100.8,11.7,103.9,102.2,4.65,4.65,0,0,0,Zack Greinke,NA,60
425844,2017,44,0,0,89.4,101.4,8.5,106.5,NA,0,0,0,0,0,Zack Greinke,NA,70
425844,2018,48,2,2,84,99.4,10.6,106.9,99.2,4.17,4.17,0,0,0,Zack Greinke,NA,71
425844,2019,39,4,4,86.2,103.4,3.7,106.5,102.6,10.26,10.26,0,0,0,Zack Greinke,NA,56
425844,2021,1,0,0,93.5,93.5,39,93.5,NA,0,0,0,0,0,Zack Greinke,NA,2
425856,2016,1,0,0,61.2,61.2,-53,61.2,NA,0,0,0,0,0,Gavin Floyd,NA,1
425877,2015,429,8,8,86.4,99.6,10.4,105.1,100.9,1.86,1.86,0,0,0,Yadier Molina,NA,530
425877,2016,468,15,16,87.8,100.2,9.4,106.6,101.8,3.21,3.42,0.21,1,-6.7,Yadier Molina,NA,581
425877,2017,430,26,27,87.9,101.1,14.5,106.2,102.1,6.05,6.28,0.23,1,-3.8,Yadier Molina,NA,543
425877,2018,399,22,18,88.1,101.2,15.3,107.2,102.3,5.51,4.51,-1,-4,18.2,Yadier Molina,NA,503
425877,2019,357,13,13,87.4,100.5,13.9,106.2,101.2,3.64,3.64,0,0,0,Yadier Molina,NA,452
425877,2021,363,18,13,88,101.9,15.3,108.2,103.2,4.96,3.58,-1.38,-5,27.8,Yadier Molina,NA,473
425877,2022,223,6,4,84.7,99.2,16.9,107.8,103.2,2.69,1.79,-0.9,-2,33.3,Yadier Molina,NA,270
425900,2015,141,6,6,87.2,100.8,15.4,107.3,102.4,4.26,4.26,0,0,0,Dioner Navarro,NA,192
425900,2016,232,2,3,84.9,98.8,17.8,104.3,101.2,0.86,1.29,0.43,1,-50,Dioner Navarro,NA,334
425902,2015,524,31,31,90.9,106.9,9.9,114.9,105,5.92,5.92,0,0,0,Prince Fielder,NA,693
425902,2016,262,15,15,88.8,106.1,11.5,113,105.7,5.73,5.73,0,0,0,Prince Fielder,NA,370
429400,2015,3,0,0,79.8,95.1,-14,98.1,NA,0,0,0,0,0,Adam Loewen,NA,3
429664,2015,510,38,37,91,106.7,5.4,112.5,105.2,7.45,7.25,-0.2,-1,2.6,Robinson Canó,NA,674
429664,2016,552,39,39,90.1,106.6,11.4,113.4,104.1,7.07,7.07,0,0,0,Robinson Canó,NA,715
429664,2017,509,29,33,90.3,105.9,7.4,112.7,103.9,5.7,6.48,0.78,4,-13.8,Robinson Canó,NA,648
429664,2018,264,20,16,93,106.5,8.2,113.4,105,7.58,6.06,-1.52,-4,20,Robinson Canó,NA,348
429664,2019,323,22,24,90.9,106.4,7.4,112.1,104.2,6.81,7.43,0.62,2,-9.1,Robinson Canó,NA,423
429664,2022,75,2,2,87.7,105.4,5.3,112,102.4,2.67,2.67,0,0,0,Robinson Canó,NA,104
429665,2015,435,40,39,90,106.8,16.8,114,106.3,9.2,8.97,-0.23,-1,2.5,Edwin Encarnación,NA,624
429665,2016,467,57,57,90.8,106.5,15.8,112.8,106.3,12.21,12.21,0,0,0,Edwin Encarnación,NA,702
429665,2017,427,43,48,89.2,106.2,16.7,112,106.3,10.07,11.24,1.17,5,-11.6,Edwin Encarnación,NA,669
429665,2018,366,40,38,89.9,105.5,17.9,112.2,104.8,10.93,10.38,-0.55,-2,5,Edwin Encarnación,NA,579
429665,2019,316,39,40,90.1,106.4,22.6,113,106.5,12.34,12.66,0.32,1,-2.6,Edwin Encarnación,NA,486
429666,2015,320,5,5,87.1,102.4,9.8,107.3,103.3,1.56,1.56,0,0,0,J.J. Hardy,NA,437
429666,2016,342,12,12,90,103.8,12,109.1,103.8,3.51,3.51,0,0,0,J.J. Hardy,NA,438
429666,2017,204,5,6,87,101.6,9.2,106.3,101.2,2.45,2.94,0.49,1,-20,J.J. Hardy,NA,268
429667,2015,325,37,37,91.3,104.7,14.9,110.7,105,11.38,11.38,0,0,0,Ryan Howard,NA,503
429667,2016,218,33,34,92,104.7,16.7,109.2,104.4,15.14,15.6,0.46,1,-3,Ryan Howard,NA,362
429711,2015,118,20,20,90.8,105.8,9.8,110.3,104.6,16.95,16.95,0,0,0,Franklin Gutierrez,NA,189
429711,2016,160,17,17,92.2,105.3,11.6,111.8,104.9,10.62,10.62,0,0,0,Franklin Gutierrez,NA,283
429711,2017,39,2,3,86.2,104.2,0.1,113.7,105.7,5.13,7.69,2.56,1,-50,Franklin Gutierrez,NA,63
429713,2015,211,7,7,89.2,100.9,12.3,107.4,103,3.32,3.32,0,0,0,Grady Sizemore,NA,296
429717,2015,35,0,0,80.2,95.5,-7.4,100.5,NA,0,0,0,0,0,Dan Haren,NA,65
429719,2015,1,0,0,88.9,88.9,-27,88.9,NA,0,0,0,0,0,Edwin Jackson,NA,1
429719,2016,13,0,0,78.3,94.9,-0.2,107.5,NA,0,0,0,0,0,Edwin Jackson,NA,27
429719,2017,6,0,0,81.4,91,12.7,93.4,NA,0,0,0,0,0,Edwin Jackson,NA,21
429719,2018,2,0,0,79.3,82.2,-10,82.9,NA,0,0,0,0,0,Edwin Jackson,NA,2
429719,2019,1,0,0,104.3,104.3,4,104.3,NA,0,0,0,0,0,Edwin Jackson,NA,3
429722,2016,2,0,0,77.2,81.8,-14.5,82.9,NA,0,0,0,0,0,Ervin Santana,NA,6
429722,2017,6,0,0,77.6,91.5,9.7,93.2,NA,0,0,0,0,0,Ervin Santana,NA,10
429780,2015,2,0,0,81.8,87.3,14,88.7,NA,0,0,0,0,0,Chris Narveson,NA,7
429780,2016,1,0,0,87.7,87.7,-15,87.7,NA,0,0,0,0,0,Chris Narveson,NA,3
429781,2015,5,0,0,63.4,73.5,11.4,81.7,NA,0,0,0,0,0,Kevin Correia,NA,7
430001,2015,57,2,2,84.9,103.2,9.3,109.9,107.8,3.51,3.51,0,0,0,Rickie Weeks Jr.,NA,95
430001,2016,119,16,16,91.5,107.5,10.9,114.2,104.2,13.45,13.45,0,0,0,Rickie Weeks Jr.,NA,205
430001,2017,47,3,3,89.1,104.5,16.1,109.6,106.1,6.38,6.38,0,0,0,Rickie Weeks Jr.,NA,112
430203,2015,235,4,4,86.8,99.9,12.5,109.1,101.2,1.7,1.7,0,0,0,David DeJesus,NA,317
430321,2015,142,3,3,88.1,102.2,9.4,109.8,105.2,2.11,2.11,0,0,0,Delmon Young,NA,180
430404,2015,146,6,6,88.1,103.2,18.3,107.5,104.8,4.11,4.11,0,0,0,Jonny Gomes,NA,262
430580,2015,3,0,0,84.5,96.1,-25.7,99.4,NA,0,0,0,0,0,Alfredo Simon,NA,5
430580,2016,8,0,0,74.4,92.8,-31.9,102.7,NA,0,0,0,0,0,Alfredo Simon,NA,19
430599,2015,3,0,0,82.4,87.9,-8.7,88.9,NA,0,0,0,0,0,Joe Blanton,NA,4
430603,2015,1,0,0,57.2,57.2,-22,57.2,NA,0,0,0,0,0,Don Kelly,NA,1
430603,2016,22,0,0,84,94.5,10.9,104.2,NA,0,0,0,0,0,Don Kelly,NA,30
430605,2015,129,11,11,90.7,105,11.6,110.1,104.3,8.53,8.53,0,0,0,Ryan Raburn,NA,201
430605,2016,143,9,9,90.3,104.7,11.5,109.9,104.1,6.29,6.29,0,0,0,Ryan Raburn,NA,256
430605,2017,40,2,2,82.8,100.8,9.7,106.8,100.8,5,5,0,0,0,Ryan Raburn,NA,69
430611,2015,35,2,2,80.9,99.3,3.5,107.1,105.9,5.71,5.71,0,0,0,Corey Hart,NA,57
430613,2015,1,0,0,94.7,94.7,16,94.7,NA,0,0,0,0,0,Ronald Belisario,NA,1
430637,2015,224,19,19,87,103.7,12.6,108.7,102.6,8.48,8.48,0,0,0,Kelly Johnson,NA,335
430637,2016,239,13,13,87.4,104.2,11.2,109,104,5.44,5.44,0,0,0,Kelly Johnson,NA,333
430641,2016,1,0,0,78.7,78.7,8,78.7,NA,0,0,0,0,0,Blaine Boyer,NA,1
430652,2015,158,1,1,84.3,98,5.2,104.3,99.4,0.63,0.63,0,0,0,Jason Bourgeois,NA,212
430661,2016,1,0,0,89.2,89.2,-32,89.2,NA,0,0,0,0,0,Dustin McGowan,NA,4
430681,2015,15,0,0,77.1,95.1,14.7,101.1,NA,0,0,0,0,0,Dan Johnson,NA,21
430832,2015,439,53,53,92,107.4,16.9,116.3,104.9,12.07,12.07,0,0,0,José Bautista,NA,666
430832,2016,322,26,26,91.5,107.5,14.8,115.3,105.5,8.07,8.07,0,0,0,José Bautista,NA,517
430832,2017,422,26,32,88.3,105.6,17,112.9,104.5,6.16,7.58,1.42,6,-23.1,José Bautista,NA,686
430832,2018,213,17,16,90.8,105.4,19.4,111.9,103.9,7.98,7.51,-0.47,-1,5.9,José Bautista,NA,399
430897,2015,166,4,4,86.8,100.2,8.4,106,100.5,2.41,2.41,0,0,0,Nick Swisher,NA,260
430910,2015,287,1,1,85.5,97.8,7.8,104.9,98.2,0.35,0.35,0,0,0,Brayan Peña,NA,367
430910,2016,11,0,0,82.1,93.2,-4.4,95,NA,0,0,0,0,0,Brayan Peña,NA,14
430912,2015,8,0,0,86.2,93.5,23.5,100.3,NA,0,0,0,0,0,Matt Cain,NA,20
430912,2016,10,1,1,74.3,99,22.5,103,103,10,10,0,0,0,Matt Cain,NA,28
430912,2017,12,0,0,75.4,98.3,1.9,106,NA,0,0,0,0,0,Matt Cain,NA,34
430935,2015,22,0,0,83.4,99.8,5.2,103.4,NA,0,0,0,0,0,Cole Hamels,NA,46
430935,2016,7,0,0,78.9,94,18.3,94.2,NA,0,0,0,0,0,Cole Hamels,NA,8
430935,2017,2,0,0,85.8,98.8,-11,102,NA,0,0,0,0,0,Cole Hamels,NA,3
430935,2018,12,1,1,83,104.5,-1.1,105,105,8.33,8.33,0,0,0,Cole Hamels,NA,27
430935,2019,28,0,0,84.6,98,4,103.9,NA,0,0,0,0,0,Cole Hamels,NA,46
430945,2015,440,38,38,88.2,104.8,11.4,112.2,103.9,8.64,8.64,0,0,0,Adam Jones,NA,581
430945,2016,504,36,36,88.5,103.8,14.8,110.5,103.9,7.14,7.14,0,0,0,Adam Jones,NA,672
430945,2017,484,29,31,86.8,103,11.8,110.9,103.6,5.99,6.4,0.41,2,-6.9,Adam Jones,NA,635
430945,2018,486,24,18,88.3,103,13.2,108.1,102.7,4.94,3.7,-1.24,-6,25,Adam Jones,NA,613
430945,2019,386,22,26,86,102.7,13.5,108.5,103.2,5.7,6.74,1.04,4,-18.2,Adam Jones,NA,528
430947,2015,504,3,3,85,98.2,6.2,108.1,99.1,0.6,0.6,0,0,0,Erick Aybar,NA,638
430947,2016,332,1,1,84.7,97.9,5.9,107.5,103.1,0.3,0.3,0,0,0,Erick Aybar,NA,459
430947,2017,273,3,5,82.4,97.2,7,105.2,100.2,1.1,1.83,0.73,2,-66.7,Erick Aybar,NA,370
430948,2015,193,1,1,84.2,97.1,12.5,101.2,98.1,0.52,0.52,0,0,0,Alberto Callaspo,NA,261
431094,2015,260,5,5,88.3,100.6,12.3,105.1,100.7,1.92,1.92,0,0,0,Aaron Hill,NA,353
431094,2016,319,4,4,86.7,99.4,15.8,105.1,101.7,1.25,1.25,0,0,0,Aaron Hill,NA,429
431094,2017,56,2,2,86.4,102.3,23.3,104.6,102.2,3.57,3.57,0,0,0,Aaron Hill,NA,80
431145,2015,332,26,26,89.2,105.2,9.9,111.5,105.2,7.83,7.83,0,0,0,Russell Martin,NA,507
431145,2016,306,28,28,89.2,104.2,9.9,110.7,103.7,9.15,9.15,0,0,0,Russell Martin,NA,535
431145,2017,224,16,18,88.1,105.1,6.5,108.9,103.2,7.14,8.04,0.9,2,-12.5,Russell Martin,NA,365
431145,2018,207,10,7,90.6,104.1,10.1,108.7,103.3,4.83,3.38,-1.45,-3,30,Russell Martin,NA,352
431145,2019,147,7,7,88.2,103.2,11.2,107.5,104.7,4.76,4.76,0,0,0,Russell Martin,NA,249
431148,2015,2,0,0,81.4,92.2,-11,94.9,NA,0,0,0,0,0,Scott Kazmir,NA,4
431148,2016,19,0,0,74.8,90.5,3.5,94.7,NA,0,0,0,0,0,Scott Kazmir,NA,50
431148,2021,2,0,0,48.2,67.2,-5.5,72,NA,0,0,0,0,0,Scott Kazmir,NA,4
431151,2015,113,11,10,89.3,103.7,14.5,108.3,103.1,9.73,8.85,-0.88,-1,9.1,David Wright,NA,174
431151,2016,79,16,16,92,106.8,20.9,111.1,105.7,20.25,20.25,0,0,0,David Wright,NA,164
431151,2018,2,0,0,85.4,89.8,24,90.9,NA,0,0,0,0,0,David Wright,NA,3
431171,2015,185,7,6,88.6,101.8,5.3,109.4,100.9,3.78,3.24,-0.54,-1,14.3,Casey McGehee,NA,258
431171,2016,77,2,2,89.6,104.6,6.3,108.1,102.7,2.6,2.6,0,0,0,Casey McGehee,NA,96
432934,2015,2,0,0,84.2,89,-9,90.2,NA,0,0,0,0,0,Chris Young,NA,4
432934,2016,1,0,0,82.9,82.9,-21,82.9,NA,0,0,0,0,0,Chris Young,NA,1
433217,2015,185,10,10,86.8,101,10.2,106.9,102.6,5.41,5.41,0,0,0,Andrés Blanco,NA,261
433217,2016,148,3,3,88.3,101.9,5.9,105.5,100.8,2.03,2.03,0,0,0,Andrés Blanco,NA,209
433217,2017,97,3,3,84.4,101.4,8.7,106.4,101.8,3.09,3.09,0,0,0,Andrés Blanco,NA,144
433584,2016,1,0,0,77,77,-40,77,NA,0,0,0,0,0,Roberto Hernandez,NA,4
433587,2015,2,0,0,88.8,93.4,-8.5,94.6,NA,0,0,0,0,0,Félix Hernández,NA,3
433587,2016,1,0,0,82.9,82.9,-21,82.9,NA,0,0,0,0,0,Félix Hernández,NA,8
433587,2018,2,0,0,80.3,82.4,-32,82.9,NA,0,0,0,0,0,Félix Hernández,NA,4
433587,2019,1,0,0,95.9,95.9,-18,95.9,NA,0,0,0,0,0,Félix Hernández,NA,3
433589,2015,4,0,0,81.6,87.8,-29,87.8,NA,0,0,0,0,0,Yusmeiro Petit,NA,10
433589,2016,4,0,0,83.7,88.3,0,89.4,NA,0,0,0,0,0,Yusmeiro Petit,NA,7
433589,2019,1,0,0,82.8,82.8,2,82.8,NA,0,0,0,0,0,Yusmeiro Petit,NA,1
434158,2015,429,32,32,89.3,102.3,18.2,109.6,102.9,7.46,7.46,0,0,0,Curtis Granderson,NA,682
434158,2016,415,26,27,87.7,101.7,18.5,109.1,103.2,6.27,6.51,0.24,1,-3.8,Curtis Granderson,NA,633
434158,2017,322,31,36,87.7,102.3,20.2,109.2,103,9.63,11.18,1.55,5,-16.1,Curtis Granderson,NA,527
434158,2018,238,11,10,88.5,101.8,16.6,108.3,103.3,4.62,4.2,-0.42,-1,9.1,Curtis Granderson,NA,403
434158,2019,221,15,15,88.1,101.2,18.7,107,102.1,6.79,6.79,0,0,0,Curtis Granderson,NA,363
434378,2016,3,0,0,81.1,87.9,15,89.2,NA,0,0,0,0,0,Justin Verlander,NA,5
434378,2017,2,0,0,79.8,81,-1,81.3,NA,0,0,0,0,0,Justin Verlander,NA,6
434378,2018,3,0,0,78.2,83,-7,84.4,NA,0,0,0,0,0,Justin Verlander,NA,5
434378,2019,1,0,0,67,67,-19,67,NA,0,0,0,0,0,Justin Verlander,NA,2
434538,2015,37,1,1,85.4,101.9,10,109,98.1,2.7,2.7,0,0,0,Francisco Liriano,NA,67
434538,2016,26,1,1,90.4,107,5.2,109.1,105.5,3.85,3.85,0,0,0,Francisco Liriano,NA,42
434538,2018,1,0,0,102.4,102.4,5,102.4,NA,0,0,0,0,0,Francisco Liriano,NA,2
434538,2019,1,0,0,63.4,63.4,-55,63.4,NA,0,0,0,0,0,Francisco Liriano,NA,2
434540,2015,105,4,4,89.1,103.1,12.2,106.1,103.2,3.81,3.81,0,0,0,Garrett Jones,NA,152
434563,2015,239,4,4,84.9,99.1,9.8,104.3,102.1,1.67,1.67,0,0,0,Carlos Ruiz,NA,320
434563,2016,166,4,5,87.9,101.2,12.3,107.5,101.4,2.41,3.01,0.6,1,-25,Carlos Ruiz,NA,233
434563,2017,88,5,6,87.7,103.1,12,110.1,105.1,5.68,6.82,1.14,1,-20,Carlos Ruiz,NA,145
434567,2015,119,9,9,90.1,104.3,13.3,108.1,103.3,7.56,7.56,0,0,0,Geovany Soto,NA,210
434567,2016,55,5,5,87.9,103,13.8,107.8,103.8,9.09,9.09,0,0,0,Geovany Soto,NA,86
434567,2017,33,4,4,90.7,104.5,18.2,108.1,103.8,12.12,12.12,0,0,0,Geovany Soto,NA,48
434604,2015,150,13,13,90.4,107.3,0.4,115.6,105,8.67,8.67,0,0,0,Michael Morse,NA,256
434604,2016,5,0,0,82.8,95.9,13.2,103.7,NA,0,0,0,0,0,Michael Morse,NA,8
434604,2017,23,2,2,91.8,107.2,10.8,108.6,104.6,8.7,8.7,0,0,0,Michael Morse,NA,40
434622,2015,4,0,0,89.6,94.5,-16.2,96.3,NA,0,0,0,0,0,Ubaldo Jiménez,NA,8
434622,2016,3,0,0,83,92.2,13.7,95.2,NA,0,0,0,0,0,Ubaldo Jiménez,NA,4
434622,2017,2,0,0,87.6,91.4,-6.5,92.3,NA,0,0,0,0,0,Ubaldo Jiménez,NA,5
434628,2015,48,0,0,83.6,100.7,-1.7,102.7,NA,0,0,0,0,0,Jason Hammel,NA,70
434628,2016,38,0,0,87,102.5,4.7,104.1,NA,0,0,0,0,0,Jason Hammel,NA,69
434628,2017,6,0,0,72.8,87.8,-6,88.3,NA,0,0,0,0,0,Jason Hammel,NA,9
434628,2018,1,0,0,59.5,59.5,-4,59.5,NA,0,0,0,0,0,Jason Hammel,NA,3
434636,2015,402,2,2,86.3,99.5,11.6,110.7,99.4,0.5,0.5,0,0,0,Ángel Pagán,NA,551
434636,2016,418,11,12,85.6,99.2,12.2,107,102,2.63,2.87,0.24,1,-9.1,Ángel Pagán,NA,543
434643,2015,2,0,0,71.2,73.6,9,74.2,NA,0,0,0,0,0,Wandy Rodriguez,NA,2
434658,2015,256,8,8,86.4,101.6,12.8,109.4,101.8,3.12,3.12,0,0,0,Rajai Davis,NA,370
434658,2016,342,10,11,86.5,102.1,14.5,107.7,102.7,2.92,3.22,0.3,1,-10,Rajai Davis,NA,495
434658,2017,252,6,7,85.8,100.5,11.5,107,101,2.38,2.78,0.4,1,-16.7,Rajai Davis,NA,366
434658,2018,149,1,1,83.4,100.2,10,104.4,100.1,0.67,0.67,0,0,0,Rajai Davis,NA,216
434658,2019,19,1,1,87,101.2,12.8,104.1,103.8,5.26,5.26,0,0,0,Rajai Davis,NA,26
434670,2015,327,23,23,90.1,109.9,6.6,116.6,107.9,7.03,7.03,0,0,0,Hanley Ramirez,NA,430
434670,2016,422,42,43,90.6,108.9,9.3,114.9,106.3,9.95,10.19,0.24,1,-2.4,Hanley Ramirez,NA,620
434670,2017,379,36,36,88.5,106.5,12.6,114.3,106.8,9.5,9.5,0,0,0,Hanley Ramirez,NA,553
434670,2018,144,9,9,91.9,108.5,11.5,117.5,109.1,6.25,6.25,0,0,0,Hanley Ramirez,NA,195
434670,2019,32,2,2,88.9,107.5,6.2,113.8,113.5,6.25,6.25,0,0,0,Hanley Ramirez,NA,57
434671,2016,3,0,0,52.3,66.5,-0.7,69.4,NA,0,0,0,0,0,Aníbal Sánchez,NA,6
434671,2017,1,0,0,54,54,31,54,NA,0,0,0,0,0,Aníbal Sánchez,NA,2
434671,2018,13,0,0,77.6,89.2,8.8,95.6,NA,0,0,0,0,0,Aníbal Sánchez,NA,44
434671,2019,25,0,0,78.6,92.8,-1.4,94.3,NA,0,0,0,0,0,Aníbal Sánchez,NA,56
434672,2017,1,0,0,60,60,54,60,NA,0,0,0,0,0,Chris Smith,NA,1
434778,2015,456,40,38,91.9,106.3,10.1,113.4,105.7,8.77,8.33,-0.44,-2,5,Kendrys Morales,NA,639
434778,2016,438,47,48,92.8,107.5,11.3,115.6,105.3,10.73,10.96,0.23,1,-2.1,Kendrys Morales,NA,618
434778,2017,427,40,43,91.1,107.2,9.4,113,105.8,9.37,10.07,0.7,3,-7.5,Kendrys Morales,NA,608
434778,2018,323,39,34,92.3,105.5,10,111.6,104.6,12.07,10.53,-1.54,-5,12.8,Kendrys Morales,NA,471
434778,2019,145,10,10,91.3,105.5,9.6,111.2,104.2,6.9,6.9,0,0,0,Kendrys Morales,NA,201
435044,2015,1,0,0,85.2,85.2,-29,85.2,NA,0,0,0,0,0,Scott Baker,NA,4
435062,2015,381,13,13,90.1,104.1,1.1,111.6,102.8,3.41,3.41,0,0,0,Howie Kendrick,NA,495
435062,2016,386,21,22,90.5,105.2,1.7,111,103.6,5.44,5.7,0.26,1,-4.8,Howie Kendrick,NA,543
435062,2017,236,18,19,87.5,105.1,1.2,113.3,105,7.63,8.05,0.42,1,-5.6,Howie Kendrick,NA,334
435062,2018,124,6,6,90.2,106.7,7.9,109.6,106.3,4.84,4.84,0,0,0,Howie Kendrick,NA,160
435062,2019,290,30,33,91.6,106.3,11,112.4,104.7,10.34,11.38,1.04,3,-10,Howie Kendrick,NA,370
435063,2015,286,24,24,88.5,105.2,15.6,111.6,106.2,8.39,8.39,0,0,0,Mike Napoli,NA,469
435063,2016,365,47,47,89.6,105.8,18.5,114.2,106.1,12.88,12.88,0,0,0,Mike Napoli,NA,645
435063,2017,265,39,42,88.3,104.6,22.2,112.5,104.9,14.72,15.85,1.13,3,-7.7,Mike Napoli,NA,485
435064,2015,95,1,1,82,100.4,8.3,105.6,100.6,1.05,1.05,0,0,0,Bobby Wilson,NA,147
435064,2016,168,5,5,84.7,100.7,13.7,109.2,103.2,2.98,2.98,0,0,0,Bobby Wilson,NA,251
435064,2018,101,2,2,80.5,99.4,10.8,103.8,102.9,1.98,1.98,0,0,0,Bobby Wilson,NA,151
435064,2019,33,0,0,78.2,93.1,21.6,99.4,NA,0,0,0,0,0,Bobby Wilson,NA,47
435078,2015,43,0,0,79.1,96.5,10.2,97.7,NA,0,0,0,0,0,Joaquin Arias,NA,59
435079,2015,535,14,14,85.9,99.8,17.7,105.5,100.5,2.62,2.62,0,0,0,Ian Kinsler,NA,675
435079,2016,500,17,19,87,100.6,18.2,105.5,101.3,3.4,3.8,0.4,2,-11.8,Ian Kinsler,NA,679
435079,2017,464,20,24,86.2,100.8,19.4,105.9,102.1,4.31,5.17,0.86,4,-20,Ian Kinsler,NA,613
435079,2018,425,13,12,85.3,99.9,17.7,106.1,102.2,3.06,2.82,-0.24,-1,7.7,Ian Kinsler,NA,534
435079,2019,204,3,3,83.8,98,17,103.5,100.8,1.47,1.47,0,0,0,Ian Kinsler,NA,281
435180,2016,20,0,0,83.8,100.1,6.7,101,NA,0,0,0,0,0,Robert Andino,NA,24
435221,2015,1,0,0,66.4,66.4,-18,66.4,NA,0,0,0,0,0,Brandon McCarthy,NA,9
435221,2016,4,0,0,78.7,82.9,-13.8,82.9,NA,0,0,0,0,0,Brandon McCarthy,NA,15
435221,2017,7,0,0,89.8,102.6,-0.3,102.9,NA,0,0,0,0,0,Brandon McCarthy,NA,28
435221,2018,10,1,0,82.9,102.3,2.5,105.2,98.5,10,0,-10,-1,100,Brandon McCarthy,NA,31
435263,2015,364,17,17,88.9,102.4,16.9,112.6,103,4.67,4.67,0,0,0,Brian McCann,NA,535
435263,2016,327,18,18,88.9,102.3,18.9,109,103.5,5.5,5.5,0,0,0,Brian McCann,NA,492
435263,2017,296,16,21,87.3,101.3,14.1,106.4,101.9,5.41,7.09,1.68,5,-31.2,Brian McCann,NA,399
435263,2018,150,5,4,86.3,99.9,23.6,104.5,101.1,3.33,2.67,-0.66,-1,20,Brian McCann,NA,216
435263,2019,230,13,14,88.6,102.1,11.3,108.2,103.1,5.65,6.09,0.44,1,-7.7,Brian McCann,NA,316
435401,2015,185,2,2,85.6,99.5,5.3,105.3,104,1.08,1.08,0,0,0,Skip Schumaker,NA,268
435522,2015,438,18,18,88.9,102.4,14,107.4,103.2,4.11,4.11,0,0,0,Neil Walker,NA,603
435522,2016,329,24,24,88.8,102.7,17.6,108.2,104.1,7.29,7.29,0,0,0,Neil Walker,NA,458
435522,2017,309,14,15,85.7,102.1,16.8,109.8,103.3,4.53,4.85,0.32,1,-7.1,Neil Walker,NA,448
435522,2018,262,14,11,87.9,102.3,13.5,107,103.2,5.34,4.2,-1.14,-3,21.4,Neil Walker,NA,398
435522,2019,261,15,16,86.2,101.2,11.7,106.2,102.6,5.75,6.13,0.38,1,-6.7,Neil Walker,NA,381
435559,2015,372,2,2,87.6,100.1,13.6,105.8,101.3,0.54,0.54,0,0,0,Kurt Suzuki,NA,479
435559,2016,295,8,8,87.1,101.2,14.9,106.3,101,2.71,2.71,0,0,0,Kurt Suzuki,NA,373
435559,2017,233,17,17,87.2,101.9,18.6,107.3,102.5,7.3,7.3,0,0,0,Kurt Suzuki,NA,309
435559,2018,309,9,7,87.2,101.1,18.3,106,101.7,2.91,2.27,-0.64,-2,22.2,Kurt Suzuki,NA,388
435559,2019,247,15,16,86,101.7,18.9,107.3,101.1,6.07,6.48,0.41,1,-6.7,Kurt Suzuki,NA,309
435559,2021,178,6,6,84.7,101.2,14.1,105,101.6,3.37,3.37,0,0,0,Kurt Suzuki,NA,247
435559,2022,113,3,0,84.8,99.1,23.5,104.2,99.4,2.65,0,-2.65,-3,100,Kurt Suzuki,NA,159
435622,2015,394,26,26,90.3,107,5.9,114.4,107.5,6.6,6.6,0,0,0,Ian Desmond,NA,641
435622,2016,464,33,33,90.6,106,4.6,112,104.3,7.11,7.11,0,0,0,Ian Desmond,NA,677
435622,2017,254,6,8,87.6,106.3,0.3,111.6,105,2.36,3.15,0.79,2,-33.3,Ian Desmond,NA,373
435622,2018,413,28,26,90.1,105.1,0.1,112,105,6.78,6.3,-0.48,-2,7.1,Ian Desmond,NA,619
435622,2019,325,32,33,90.9,107.7,8.7,113.6,106.6,9.85,10.15,0.3,1,-3.1,Ian Desmond,NA,482
435623,2015,8,0,0,91.8,99,12.2,100.3,NA,0,0,0,0,0,Kevin Frandsen,NA,13
443558,2015,416,57,56,92.6,109.6,9.2,119,106.5,13.7,13.46,-0.24,-1,1.8,Nelson Cruz,NA,655
443558,2016,427,71,72,94.6,110.2,11.2,116.3,107.1,16.63,16.86,0.23,1,-1.4,Nelson Cruz,NA,667
443558,2017,422,58,66,93.2,111.3,12.4,117.7,109.1,13.74,15.64,1.9,8,-13.8,Nelson Cruz,NA,645
443558,2018,400,54,52,93.9,111.1,12.8,117,107.8,13.5,13,-0.5,-2,3.7,Nelson Cruz,NA,591
443558,2019,326,63,65,93.7,110.1,13.1,117,108,19.33,19.94,0.61,2,-3.2,Nelson Cruz,NA,521
443558,2021,396,53,49,92.9,110.1,11.8,117.5,109,13.38,12.37,-1.01,-4,7.5,Nelson Cruz,NA,584
443558,2022,328,31,25,90.9,107.2,7.4,113.8,105.7,9.45,7.62,-1.83,-6,19.4,Nelson Cruz,NA,507
443558,2023,98,9,8,92.4,107.5,10.2,112.5,106.4,9.18,8.16,-1.02,-1,11.1,Nelson Cruz,NA,152
444379,2015,146,13,13,90.6,103.3,7.7,109.4,103.1,8.9,8.9,0,0,0,John Jaso,NA,216
444379,2016,293,13,13,86.3,101.9,7.7,106.1,102.2,4.44,4.44,0,0,0,John Jaso,NA,432
444379,2017,191,13,16,85.8,101.9,19,105.8,102.3,6.81,8.38,1.57,3,-23.1,John Jaso,NA,302
444432,2015,369,36,35,92,109.1,13.3,116.5,106.3,9.76,9.49,-0.27,-1,2.8,Mark Trumbo,NA,545
444432,2016,433,66,68,92.8,110.9,15,117.2,107.2,15.24,15.7,0.46,2,-3,Mark Trumbo,NA,667
444432,2017,408,29,31,89.9,109.1,12.7,118.5,106.7,7.11,7.6,0.49,2,-6.9,Mark Trumbo,NA,603
444432,2018,245,25,21,92.8,109.3,10.4,113.4,106.2,10.2,8.57,-1.63,-4,16,Mark Trumbo,NA,358
444432,2019,24,2,2,90,103.4,8.8,112.3,100.7,8.33,8.33,0,0,0,Mark Trumbo,NA,31
444446,2015,1,0,0,58.4,58.4,27,58.4,NA,0,0,0,0,0,Collin Balester,NA,1
444468,2017,2,0,0,61,78.5,-14,82.9,NA,0,0,0,0,0,Héctor Rondón,NA,2
444482,2015,353,26,26,91.6,106.6,6.7,116,106.4,7.37,7.37,0,0,0,David Peralta,NA,517
444482,2016,127,5,5,89,106.2,8.3,114.1,104.6,3.94,3.94,0,0,0,David Peralta,NA,183
444482,2017,432,16,20,88,106,4.2,113.8,103.8,3.7,4.63,0.93,4,-25,David Peralta,NA,577
444482,2018,438,33,32,91.5,107.1,6.7,114.8,104.9,7.53,7.31,-0.22,-1,3,David Peralta,NA,614
444482,2019,296,15,16,90.1,106.5,6.4,113.2,105.3,5.07,5.41,0.34,1,-6.7,David Peralta,NA,423
444482,2021,395,18,13,89.3,106.8,5.3,113.8,105.3,4.56,3.29,-1.27,-5,27.8,David Peralta,NA,538
444482,2022,331,26,15,90.3,105.4,15.1,113,104,7.85,4.53,-3.32,-11,42.3,David Peralta,NA,490
444482,2023,327,15,10,89.2,105.1,7.9,111.5,104.4,4.59,3.06,-1.53,-5,33.3,David Peralta,NA,422
444482,2024,182,9,6,88.1,102.7,9,111.6,103.1,4.95,3.3,-1.65,-3,33.3,David Peralta,NA,260
444489,2016,56,2,2,88.2,101.2,20.6,104.4,103.9,3.57,3.57,0,0,0,Manny Piña,NA,81
444489,2017,254,10,10,87.1,100.5,17.6,108.2,101.5,3.94,3.94,0,0,0,Manny Piña,NA,359
444489,2018,248,11,11,84.7,101.2,13.7,109.7,103,4.44,4.44,0,0,0,Manny Piña,NA,337
444489,2019,108,7,8,88.5,102.6,16.1,109.5,103.5,6.48,7.41,0.93,1,-14.3,Manny Piña,NA,179
444489,2021,142,14,13,86.5,102.2,18.7,109.9,103,9.86,9.15,-0.71,-1,7.1,Manny Piña,NA,208
444489,2022,13,1,1,81.9,102.7,9,104.1,104.1,7.69,7.69,0,0,0,Manny Piña,NA,17
444489,2023,9,0,0,85.1,100.3,1,102.5,NA,0,0,0,0,0,Manny Piña,NA,12
444843,2015,312,19,19,86.3,103,11,110.9,103.9,6.09,6.09,0,0,0,Andre Ethier,NA,445
444843,2016,18,1,1,87.6,100.4,15.5,107.7,107.7,5.56,5.56,0,0,0,Andre Ethier,NA,26
444843,2017,23,2,2,83.9,99.3,6.9,108.2,103.8,8.7,8.7,0,0,0,Andre Ethier,NA,38
444857,2017,17,0,0,78.2,88.6,18.4,90.9,NA,0,0,0,0,0,Scott Feldman,NA,38
444876,2015,531,5,5,84.2,97.6,9.1,106.2,99.4,0.94,0.94,0,0,0,Alcides Escobar,NA,662
444876,2016,541,7,7,83.6,98.2,9.1,105.8,100.9,1.29,1.29,0,0,0,Alcides Escobar,NA,682
444876,2017,495,10,12,83.7,98.7,13.7,105.3,100.5,2.02,2.42,0.4,2,-20,Alcides Escobar,NA,629
444876,2018,413,7,6,84.1,98.8,10.7,105.5,101.4,1.69,1.45,-0.24,-1,14.3,Alcides Escobar,NA,531
444876,2021,267,7,6,80.4,99.2,9.6,105.7,100.7,2.62,2.25,-0.37,-1,14.3,Alcides Escobar,NA,349
444876,2022,92,1,0,81.8,97.2,15.1,108.1,100.3,1.09,0,-1.09,-1,100,Alcides Escobar,NA,131
445055,2015,174,3,3,86,100.4,2.1,111.5,102.9,1.72,1.72,0,0,0,Jon Jay,NA,245
445055,2016,268,3,3,85.6,99.8,6.8,103.4,102,1.12,1.12,0,0,0,Jon Jay,NA,373
445055,2017,301,2,3,84.4,97.9,8.9,104.4,100.2,0.66,1,0.34,1,-50,Jon Jay,NA,433
445055,2018,432,7,6,84.9,98.4,3.8,105,101.1,1.62,1.39,-0.23,-1,14.3,Jon Jay,NA,586
445055,2019,139,2,2,81.2,96,5.9,103.5,99.6,1.44,1.44,0,0,0,Jon Jay,NA,182
445055,2021,12,0,0,83.2,93,3.9,103.1,NA,0,0,0,0,0,Jon Jay,NA,14
445060,2016,2,0,0,89.1,94,2.5,95.2,NA,0,0,0,0,0,Ricky Nolasco,NA,5
445060,2017,3,0,0,89.4,92.5,34.3,92.8,NA,0,0,0,0,0,Ricky Nolasco,NA,7
445095,2015,5,0,0,77.6,94.6,9.6,96,NA,0,0,0,0,0,Jason Pridie,NA,10
445197,2015,1,0,0,99.7,99.7,-13,99.7,NA,0,0,0,0,0,Mike Dunn,NA,1
445213,2015,1,0,0,82.2,82.2,9,82.2,NA,0,0,0,0,0,Brandon Kintzler,NA,1
445276,2017,3,0,0,92.7,99.8,-6,99.9,NA,0,0,0,0,0,Kenley Jansen,NA,4
445590,2015,7,0,0,72,89.8,-21.1,90.1,NA,0,0,0,0,0,Eric Stults,NA,16
445926,2015,1,0,0,85.7,85.7,10,85.7,NA,0,0,0,0,0,Jesse Chavez,NA,5
445926,2019,1,0,0,80.1,80.1,14,80.1,NA,0,0,0,0,0,Jesse Chavez,NA,2
445988,2015,435,9,9,88.9,101.7,8.9,109.7,101.2,2.07,2.07,0,0,0,Martín Prado,NA,551
445988,2016,525,6,7,87.9,100.7,8.6,105.8,101.2,1.14,1.33,0.19,1,-16.7,Martín Prado,NA,658
445988,2017,118,1,2,86.7,99.9,7,107.3,99.2,0.85,1.69,0.84,1,-100,Martín Prado,NA,147
445988,2018,161,4,3,87.5,99.4,9.3,106.2,99.6,2.48,1.86,-0.62,-1,25,Martín Prado,NA,209
445988,2019,208,1,1,87,101,8.1,107,102.5,0.48,0.48,0,0,0,Martín Prado,NA,260
446192,2015,2,0,0,101,104.7,19.5,105.6,NA,0,0,0,0,0,Adam Moore,NA,4
446192,2016,1,0,0,85.1,85.1,58,85.1,NA,0,0,0,0,0,Adam Moore,NA,5
446192,2018,11,2,2,91,105.6,4.1,106,105.6,18.18,18.18,0,0,0,Adam Moore,NA,20
446225,2015,6,0,0,85.5,94.5,-14.7,98.4,NA,0,0,0,0,0,Ed Easley,NA,7
446263,2015,329,37,36,91.7,106.8,19.8,114.1,106.7,11.25,10.94,-0.31,-1,2.7,Lucas Duda,NA,554
446263,2016,117,11,12,89.8,106,15,114.9,107.7,9.4,10.26,0.86,1,-9.1,Lucas Duda,NA,172
446263,2017,290,33,36,90.3,105.7,19.2,114.5,105,11.38,12.41,1.03,3,-9.1,Lucas Duda,NA,491
446263,2018,229,22,22,89.5,106.2,19.7,114.1,106.5,9.61,9.61,0,0,0,Lucas Duda,NA,367
446263,2019,75,9,9,91.5,105.7,22.5,111.4,103.3,12,12,0,0,0,Lucas Duda,NA,119
446308,2015,192,10,10,87,101,11.7,107.8,103,5.21,5.21,0,0,0,Matt Wieters,NA,282
446308,2016,334,22,22,87.8,102.3,16.1,110.2,103.9,6.59,6.59,0,0,0,Matt Wieters,NA,464
446308,2017,328,12,14,85.7,100.3,12.4,106,102,3.66,4.27,0.61,2,-16.7,Matt Wieters,NA,465
446308,2018,191,8,8,87.1,100.8,18.5,111.8,103.7,4.19,4.19,0,0,0,Matt Wieters,NA,271
446308,2019,123,8,10,88.8,102.1,13.8,106.4,101.7,6.5,8.13,1.63,2,-25,Matt Wieters,NA,183
446321,2019,1,0,0,98,98,-14,98,NA,0,0,0,0,0,Ross Detwiler,NA,2
446321,2021,1,0,0,96.7,96.7,1,96.7,NA,0,0,0,0,0,Ross Detwiler,NA,3
446334,2015,474,38,38,89.6,104.8,15.5,109.2,103.6,8.02,8.02,0,0,0,Evan Longoria,NA,670
446334,2016,491,58,58,90.8,104.3,18.1,110.2,104.2,11.81,11.81,0,0,0,Evan Longoria,NA,685
446334,2017,516,24,27,86.7,102,12.6,109.9,103.1,4.65,5.23,0.58,3,-12.5,Evan Longoria,NA,677
446334,2018,384,26,24,88.5,102.8,13.6,110.4,103.6,6.77,6.25,-0.52,-2,7.7,Evan Longoria,NA,512
446334,2019,346,24,26,89.7,103.2,14,110.3,105.8,6.94,7.51,0.57,2,-8.3,Evan Longoria,NA,508
446334,2021,187,23,20,94.1,105.4,15.5,113.2,104.3,12.3,10.7,-1.6,-3,13,Evan Longoria,NA,291
446334,2022,186,20,15,91.1,105.8,18.1,109.6,105.6,10.75,8.06,-2.69,-5,25,Evan Longoria,NA,298
446334,2023,141,15,14,92.2,107,15.7,109.7,105.2,10.64,9.93,-0.71,-1,6.7,Evan Longoria,NA,237
446359,2015,157,3,3,85.6,98.5,16.6,102.8,100.5,1.91,1.91,0,0,0,Zack Cozart,NA,214
446359,2016,377,9,9,86.1,100.6,15,105.6,102.7,2.39,2.39,0,0,0,Zack Cozart,NA,508
446359,2017,363,15,17,85.8,101.2,14.8,108.3,102,4.13,4.68,0.55,2,-13.3,Zack Cozart,NA,507
446359,2018,183,3,3,85.6,100.4,17.3,107,102.7,1.64,1.64,0,0,0,Zack Cozart,NA,253
446359,2019,84,1,1,85.9,99.5,21.5,104.2,98.2,1.19,1.19,0,0,0,Zack Cozart,NA,107
446372,2015,2,0,0,72.8,75.8,20,76.6,NA,0,0,0,0,0,Corey Kluber,NA,6
446372,2016,1,0,0,99.6,99.6,8,99.6,NA,0,0,0,0,0,Corey Kluber,NA,6
446372,2017,2,0,0,86.9,89.9,24.5,90.7,NA,0,0,0,0,0,Corey Kluber,NA,2
446372,2018,2,0,0,42,52,30.5,54.5,NA,0,0,0,0,0,Corey Kluber,NA,6
446372,2021,1,0,0,64.9,64.9,-4,64.9,NA,0,0,0,0,0,Corey Kluber,NA,2
446381,2015,25,0,0,85.7,99.1,14.3,101,NA,0,0,0,0,0,Darwin Barney,NA,30
446381,2016,229,4,4,85.6,98.5,10.2,103.3,100,1.75,1.75,0,0,0,Darwin Barney,NA,306
446381,2017,273,1,1,82,96,11.1,101.7,100.8,0.37,0.37,0,0,0,Darwin Barney,NA,362
446386,2015,268,9,9,86.9,101.9,14.1,108.1,103.1,3.36,3.36,0,0,0,Brandon Guyer,NA,385
446386,2016,235,8,8,87.1,101.6,13.7,106.9,102.5,3.4,3.4,0,0,0,Brandon Guyer,NA,345
446386,2017,123,3,3,84.4,98.6,14.9,105.2,100.8,2.44,2.44,0,0,0,Brandon Guyer,NA,192
446386,2018,140,6,4,85.4,100.8,16.2,105.4,101.2,4.29,2.86,-1.43,-2,33.3,Brandon Guyer,NA,221
446399,2017,1,0,0,93.1,93.1,-17,93.1,NA,0,0,0,0,0,Brett Cecil,NA,1
446481,2015,153,9,9,86.9,102.6,8.3,111.7,105.2,5.88,5.88,0,0,0,Sean Rodríguez,NA,240
446481,2016,188,23,23,90.4,106.4,12.8,111.3,105.1,12.23,12.23,0,0,0,Sean Rodríguez,NA,342
446481,2017,74,2,3,86.5,102.6,13.1,109,106.1,2.7,4.05,1.35,1,-50,Sean Rodríguez,NA,153
446481,2018,88,7,7,88.2,103.2,20.3,110.4,106.3,7.95,7.95,0,0,0,Sean Rodríguez,NA,173
446481,2019,73,3,4,86.7,105,12.5,111.9,105.6,4.11,5.48,1.37,1,-33.3,Sean Rodríguez,NA,139
446653,2015,97,6,5,87.4,103,11.2,107.3,104,6.19,5.15,-1.04,-1,16.7,Jose Lobatón,NA,155
446653,2016,77,4,4,89.6,103.2,8.1,108.8,103.7,5.19,5.19,0,0,0,Jose Lobatón,NA,114
446653,2017,106,6,7,85,102.3,9.8,108.2,103.7,5.66,6.6,0.94,1,-16.7,Jose Lobatón,NA,158
446653,2018,34,1,1,87,101.6,4.8,103.3,103,2.94,2.94,0,0,0,Jose Lobatón,NA,57
446653,2021,6,0,0,90.4,101.7,2.3,103,NA,0,0,0,0,0,Jose Lobatón,NA,13
446868,2019,4,0,0,88.4,95.3,39,97.5,NA,0,0,0,0,0,Wilkin Castillo,NA,7
448170,2015,42,4,4,86.3,100.8,18.2,107,101.7,9.52,9.52,0,0,0,Travis Ishikawa,NA,72
448179,2016,3,0,0,73.2,82.9,-23.3,82.9,NA,0,0,0,0,0,Rich Hill,NA,12
448179,2017,25,0,0,77.5,88.2,5.5,103.7,NA,0,0,0,0,0,Rich Hill,NA,49
448179,2018,24,0,0,70.6,96.7,-4.4,98.3,NA,0,0,0,0,0,Rich Hill,NA,45
448179,2019,9,0,0,65.4,86.5,0.6,87.3,NA,0,0,0,0,0,Rich Hill,NA,20
448179,2021,16,0,0,53.7,77.3,-16.6,78.2,NA,0,0,0,0,0,Rich Hill,NA,26
448281,2019,1,0,0,83.6,83.6,-32,83.6,NA,0,0,0,0,0,Sean Doolittle,NA,3
448306,2015,42,0,0,87.1,99.4,3.7,102.5,NA,0,0,0,0,0,James Shields,NA,74
448306,2016,8,0,0,87.5,95.8,-0.4,97,NA,0,0,0,0,0,James Shields,NA,23
448306,2018,3,0,0,80.2,91.6,4,93.8,NA,0,0,0,0,0,James Shields,NA,7
448602,2015,257,22,21,87.7,106.1,13.1,114.1,106.8,8.56,8.17,-0.39,-1,4.5,Mark Reynolds,NA,432
448602,2016,281,18,18,87.9,105.4,12.3,111.8,105.3,6.41,6.41,0,0,0,Mark Reynolds,NA,441
448602,2017,348,29,33,87.1,104.3,11.8,112.1,105.7,8.33,9.48,1.15,4,-13.8,Mark Reynolds,NA,593
448602,2018,145,15,14,89,103.3,18.2,109.9,104.7,10.34,9.66,-0.68,-1,6.7,Mark Reynolds,NA,235
448602,2019,81,4,5,88.9,104.1,17.5,109.1,104.2,4.94,6.17,1.23,1,-25,Mark Reynolds,NA,162
448605,2015,84,12,12,92,105.3,13.8,107.5,104,14.29,14.29,0,0,0,Justin Ruggiano,NA,141
448605,2016,12,2,2,90.6,107.3,16.7,107.7,107.6,16.67,16.67,0,0,0,Justin Ruggiano,NA,26
448605,2017,43,2,2,84.8,100.1,17.6,105.3,102.8,4.65,4.65,0,0,0,Justin Ruggiano,NA,63
448609,2017,1,0,0,71.2,71.2,47,71.2,NA,0,0,0,0,0,Tony Sipp,NA,1
448614,2015,1,0,0,85.9,85.9,-5,85.9,NA,0,0,0,0,0,Carlos Torres,NA,1
448674,2015,2,0,0,94.1,99.9,28.5,101.4,NA,0,0,0,0,0,Doug Bernier,NA,6
448801,2015,362,62,62,91.8,107,17.3,113.2,106.5,17.13,17.13,0,0,0,Chris Davis,NA,670
448801,2016,346,53,53,90.8,106.5,16.9,111.2,106,15.32,15.32,0,0,0,Chris Davis,NA,665
448801,2017,264,33,35,89.9,105,14.8,109.8,104,12.5,13.26,0.76,2,-6.1,Chris Davis,NA,524
448801,2018,280,27,25,89.4,104.2,15,111.8,105,9.64,8.93,-0.71,-2,7.4,Chris Davis,NA,522
448801,2019,171,15,17,89.1,102.2,14.1,108.4,103.8,8.77,9.94,1.17,2,-13.3,Chris Davis,NA,352
448802,2015,25,0,0,84.8,97.9,0.4,104.6,NA,0,0,0,0,0,Jaime García,NA,44
448802,2016,25,1,1,84.9,101.3,0.9,103.1,98.2,4,4,0,0,0,Jaime García,NA,51
448802,2017,24,1,1,79.9,99.1,-1.7,103.6,99.3,4.17,4.17,0,0,0,Jaime García,NA,37
448855,2016,21,0,0,83.7,99.7,-3.8,104.4,NA,0,0,0,0,0,Junior Guerra,NA,43
448855,2017,14,0,0,74,91.2,10.4,93.6,NA,0,0,0,0,0,Junior Guerra,NA,21
448855,2018,22,0,0,81.3,96.6,11,101.7,NA,0,0,0,0,0,Junior Guerra,NA,37
448855,2019,1,0,0,75,75,6,75,NA,0,0,0,0,0,Junior Guerra,NA,3
448855,2021,1,0,0,74.9,74.9,6,74.9,NA,0,0,0,0,0,Junior Guerra,NA,2
449107,2015,244,2,2,86.4,101.1,10.2,106.4,100.8,0.82,0.82,0,0,0,Mike Aviles,NA,317
449107,2016,142,0,0,85.3,99.4,6.4,108.2,NA,0,0,0,0,0,Mike Aviles,NA,181
449107,2017,72,0,0,81.8,96.5,11.6,103.3,NA,0,0,0,0,0,Mike Aviles,NA,97
449168,2016,2,0,0,96.7,101.7,6.5,102.9,NA,0,0,0,0,0,Matt Tuiasosopo,NA,3
449173,2016,5,0,0,73.8,91.6,-14.6,97.4,NA,0,0,0,0,0,Lucas Harrell,NA,8
449181,2015,181,10,10,87.9,104.1,10.6,112.8,101.5,5.52,5.52,0,0,0,Paulo Orlando,NA,251
449181,2016,346,19,19,89.4,105.9,8.3,111.6,104.5,5.49,5.49,0,0,0,Paulo Orlando,NA,484
449181,2017,66,3,4,87.8,104,13,108.9,103.8,4.55,6.06,1.51,1,-33.3,Paulo Orlando,NA,90
449181,2018,64,1,0,88.8,105.7,11.7,108.6,98.5,1.56,0,-1.56,-1,100,Paulo Orlando,NA,93
449786,2015,65,1,1,85.9,98.6,16.9,102.9,101.1,1.54,1.54,0,0,0,Carlos Corporán,NA,121
450172,2015,2,0,0,72.9,77.1,21,78.1,NA,0,0,0,0,0,Edinson Volquez,NA,6
450172,2016,2,0,0,94.1,95.1,-10,95.3,NA,0,0,0,0,0,Edinson Volquez,NA,5
450172,2017,16,0,0,79.3,93.3,2.4,99.3,NA,0,0,0,0,0,Edinson Volquez,NA,30
450203,2015,18,0,0,81.1,94.9,7.2,96.7,NA,0,0,0,0,0,Charlie Morton,NA,43
450203,2016,2,0,0,91.7,92.5,8,92.7,NA,0,0,0,0,0,Charlie Morton,NA,7
450203,2017,3,0,0,82,84.4,-13.3,84.9,NA,0,0,0,0,0,Charlie Morton,NA,3
450203,2018,1,0,0,92.2,92.2,13,92.2,NA,0,0,0,0,0,Charlie Morton,NA,6
450203,2021,31,0,0,68.9,93.1,-8,97.4,NA,0,0,0,0,0,Charlie Morton,NA,62
450306,2017,2,0,0,67.2,74.1,2.5,75.8,NA,0,0,0,0,0,Jason Vargas,NA,4
450306,2018,18,0,0,73.6,86.8,-3.4,96.5,NA,0,0,0,0,0,Jason Vargas,NA,31
450306,2019,16,0,0,80.1,97.3,-2.2,98.7,NA,0,0,0,0,0,Jason Vargas,NA,45
450308,2015,1,0,0,81.8,81.8,41,81.8,NA,0,0,0,0,0,Jered Weaver,NA,2
450308,2016,5,0,0,68.3,82.9,-24.2,82.9,NA,0,0,0,0,0,Jered Weaver,NA,9
450308,2017,4,0,0,75.6,94.4,4.8,95.2,NA,0,0,0,0,0,Jered Weaver,NA,10
450314,2015,408,13,12,88.6,101.6,8.4,107.8,100.8,3.19,2.94,-0.25,-1,7.7,Ben Zobrist,NA,535
450314,2016,434,18,18,89,101.9,9.5,110.4,101.7,4.15,4.15,0,0,0,Ben Zobrist,NA,631
450314,2017,366,15,18,87.2,101.2,9.3,106.9,101.5,4.1,4.92,0.82,3,-20,Ben Zobrist,NA,496
450314,2018,399,11,9,89.9,101.5,8.9,107.5,101.3,2.76,2.26,-0.5,-2,18.2,Ben Zobrist,NA,520
450314,2019,127,1,1,85.8,100.2,5.3,105.1,101.1,0.79,0.79,0,0,0,Ben Zobrist,NA,176
450317,2015,48,7,7,90.6,105,15.5,112.3,104.7,14.58,14.58,0,0,0,J.P. Arencibia,NA,73
450351,2015,5,0,0,89.5,97.1,-2,98.1,NA,0,0,0,0,0,C.J. Wilson,NA,6
450729,2015,18,0,0,77.6,95.4,7.9,97.9,NA,0,0,0,0,0,Doug Fister,NA,39
450729,2016,4,0,0,65.8,90.6,-25.5,95.7,NA,0,0,0,0,0,Doug Fister,NA,7
450729,2017,2,0,0,79.6,79.9,47,80,NA,0,0,0,0,0,Doug Fister,NA,2
451089,2015,144,4,3,89,103.6,6.3,107,103.8,2.78,2.08,-0.7,-1,25,Shane Peterson,NA,226
451089,2017,60,4,5,86.2,104.1,14.1,108.6,101.3,6.67,8.33,1.66,1,-25,Shane Peterson,NA,88
451109,2015,24,2,2,84.4,100.6,23.1,106.1,103.5,8.33,8.33,0,0,0,Brett Hayes,NA,36
451192,2017,55,4,4,89.6,107,7.5,113.1,103.3,7.27,7.27,0,0,0,James Adduci,NA,93
451192,2018,132,5,5,85.9,103.3,11.2,111.8,103,3.79,3.79,0,0,0,James Adduci,NA,185
451192,2019,2,0,0,79.3,81.4,-32.5,81.9,NA,0,0,0,0,0,James Adduci,NA,5
451532,2015,6,0,0,86.7,99.1,0,100.2,NA,0,0,0,0,0,Chad Billingsley,NA,14
451594,2015,436,20,19,87.2,101.8,12.3,110.1,103.1,4.59,4.36,-0.23,-1,5,Dexter Fowler,NA,690
451594,2016,328,18,18,87.9,103.4,12.5,109.6,103.5,5.49,5.49,0,0,0,Dexter Fowler,NA,551
451594,2017,320,20,24,88.5,103.2,13.3,112.4,103.3,6.25,7.5,1.25,4,-20,Dexter Fowler,NA,491
451594,2018,218,6,5,85.3,99.7,12.6,107.5,101,2.75,2.29,-0.46,-1,16.7,Dexter Fowler,NA,334
451594,2019,345,25,26,85.1,101.5,12.9,111.1,101.8,7.25,7.54,0.29,1,-4,Dexter Fowler,NA,574
451594,2021,14,0,0,86.7,99.2,23.8,102.1,NA,0,0,0,0,0,Dexter Fowler,NA,21
451596,2015,2,0,0,86.9,100.3,11,103.6,NA,0,0,0,0,0,Yovani Gallardo,NA,4
451596,2016,3,0,0,88.8,103.6,7.7,106.5,NA,0,0,0,0,0,Yovani Gallardo,NA,6
451596,2017,2,0,0,96.3,102.5,-9.5,104.1,NA,0,0,0,0,0,Yovani Gallardo,NA,2
451596,2018,1,0,0,83.2,83.2,6,83.2,NA,0,0,0,0,0,Yovani Gallardo,NA,2
451705,2016,34,0,0,83.1,98.9,2.8,102.9,NA,0,0,0,0,0,Alberto Rosario,NA,41
451705,2017,2,0,0,84.2,92,3,94,NA,0,0,0,0,0,Alberto Rosario,NA,3
451713,2015,38,7,7,91.6,111,15.2,116,108.5,18.42,18.42,0,0,0,Carlos Peguero,NA,90
452027,2017,1,0,0,90.8,90.8,-19,90.8,NA,0,0,0,0,0,Andrew Albers,NA,3
452035,2015,46,5,5,87.9,102.9,17.1,108.3,103.5,10.87,10.87,0,0,0,Kyle Blanks,NA,71
452095,2015,223,11,11,90.2,107.5,11.5,114.2,105.2,4.93,4.93,0,0,0,Tyler Flowers,NA,361
452095,2016,190,23,23,93.3,110.1,12.8,118.5,106.2,12.11,12.11,0,0,0,Tyler Flowers,NA,325
452095,2017,236,14,16,89.6,107.3,11.2,112.8,105,5.93,6.78,0.85,2,-14.3,Tyler Flowers,NA,370
452095,2018,175,12,11,90,105.5,12.9,110.5,105,6.86,6.29,-0.57,-1,8.3,Tyler Flowers,NA,296
452095,2019,168,18,18,90.1,105.8,11.1,109.9,105.9,10.71,10.71,0,0,0,Tyler Flowers,NA,310
452104,2015,437,19,19,86.8,102.5,11.7,109.9,103.2,4.35,4.35,0,0,0,Chase Headley,NA,642
452104,2016,351,18,19,87.1,102.6,11.8,109,102.7,5.13,5.41,0.28,1,-5.6,Chase Headley,NA,529
452104,2017,386,18,19,86.9,101.6,11.5,107.9,103.4,4.66,4.92,0.26,1,-5.6,Chase Headley,NA,586
452104,2018,31,0,0,86,99.6,10.4,101.4,NA,0,0,0,0,0,Chase Headley,NA,60
452220,2015,307,9,9,86.1,99.8,16.4,107.2,101.7,2.93,2.93,0,0,0,Stephen Drew,NA,428
452220,2016,105,6,6,89.8,103.7,17.7,106.4,103.9,5.71,5.71,0,0,0,Stephen Drew,NA,165
452220,2017,77,2,2,88.1,98.3,20.5,103.9,102.8,2.6,2.6,0,0,0,Stephen Drew,NA,106
452234,2015,298,19,19,89.8,104.9,11.5,110.8,104.9,6.38,6.38,0,0,0,Seth Smith,NA,452
452234,2016,289,25,25,89.4,104.5,8.2,111.6,105.1,8.65,8.65,0,0,0,Seth Smith,NA,438
452234,2017,252,17,19,89.8,105.5,9.9,112.4,105.4,6.75,7.54,0.79,2,-11.8,Seth Smith,NA,373
452239,2015,165,9,8,88.3,103.9,10.3,110.7,104.8,5.45,4.85,-0.6,-1,11.1,Justin Maxwell,NA,274
452252,2015,401,27,25,89.5,104,10.8,109.8,103,6.73,6.23,-0.5,-2,7.4,Adam Lind,NA,572
452252,2016,312,25,25,91.2,105.8,10.8,112.8,105.6,8.01,8.01,0,0,0,Adam Lind,NA,430
452252,2017,222,17,21,90.7,104.5,10.7,118.3,105.2,7.66,9.46,1.8,4,-23.5,Adam Lind,NA,301
452254,2015,149,19,19,90.1,107.6,2.1,113.5,106.5,12.75,12.75,0,0,0,Hunter Pence,NA,223
452254,2016,291,20,20,91,107.1,5.5,113.7,105.8,6.87,6.87,0,0,0,Hunter Pence,NA,442
452254,2017,394,23,26,89,105.3,4.2,114,103.9,5.84,6.6,0.76,3,-13,Hunter Pence,NA,539
452254,2018,177,9,7,88.2,104.7,6,113.6,107,5.08,3.95,-1.13,-2,22.2,Hunter Pence,NA,248
452254,2019,216,20,20,91.5,108.4,9.9,113.1,107.2,9.26,9.26,0,0,0,Hunter Pence,NA,316
452655,2015,215,6,5,87.7,102.3,7,109,101.5,2.79,2.33,-0.46,-1,16.7,Denard Span,NA,275
452655,2016,477,14,14,85.8,102.4,6.3,108.8,102.2,2.94,2.94,0,0,0,Denard Span,NA,637
452655,2017,423,14,16,85.3,101.4,11.1,108.5,102,3.31,3.78,0.47,2,-14.3,Denard Span,NA,542
452655,2018,361,10,9,87,101.7,13.2,108.1,103.1,2.77,2.49,-0.28,-1,10,Denard Span,NA,501
452657,2015,31,1,0,88,102.6,-1.5,104.8,98,3.23,0,-3.23,-1,100,Jon Lester,NA,71
452657,2016,41,2,2,87.4,101.3,-1.2,109.9,108.4,4.88,4.88,0,0,0,Jon Lester,NA,75
452657,2017,29,2,2,88.5,103.4,-1.4,108.1,104.6,6.9,6.9,0,0,0,Jon Lester,NA,65
452657,2018,36,2,2,86.2,102.5,5.3,107.2,102.5,5.56,5.56,0,0,0,Jon Lester,NA,65
452657,2019,27,0,0,86.1,99.8,7.2,102.4,NA,0,0,0,0,0,Jon Lester,NA,53
452657,2021,25,2,1,81.5,104.3,-1.5,107.6,104.2,8,4,-4,-1,50,Jon Lester,NA,51
452672,2015,134,1,1,85.7,98.6,9.2,106.4,99.7,0.75,0.75,0,0,0,Ryan Hanigan,NA,201
452672,2016,73,0,0,82.3,96.9,7.7,100.8,NA,0,0,0,0,0,Ryan Hanigan,NA,113
452672,2017,76,1,1,83.4,97.2,2.9,101.3,98,1.32,1.32,0,0,0,Ryan Hanigan,NA,112
452678,2015,396,21,21,88,100.8,17,106.7,103.2,5.3,5.3,0,0,0,Asdrúbal Cabrera,NA,551
452678,2016,410,20,21,88.7,100.3,15.1,107.7,101.7,4.88,5.12,0.24,1,-5,Asdrúbal Cabrera,NA,568
452678,2017,398,19,21,87,100.2,11.7,105.3,101.8,4.77,5.28,0.51,2,-10.5,Asdrúbal Cabrera,NA,540
452678,2018,428,30,28,89.8,102.2,14.5,108.3,102.4,7.01,6.54,-0.47,-2,6.7,Asdrúbal Cabrera,NA,592
452678,2019,350,20,20,89,101.5,14.3,108.4,102.7,5.71,5.71,0,0,0,Asdrúbal Cabrera,NA,514
452678,2021,233,12,8,87.4,101.7,14.1,106.6,102,5.15,3.43,-1.72,-4,33.3,Asdrúbal Cabrera,NA,352
452718,2015,28,0,0,81.2,95.5,5.5,97.8,NA,0,0,0,0,0,Kyle Kendrick,NA,49
452718,2017,1,0,0,33.5,33.5,-4,33.5,NA,0,0,0,0,0,Kyle Kendrick,NA,2
453056,2015,361,11,11,86.5,101.3,11.6,108.6,101.4,3.05,3.05,0,0,0,Jacoby Ellsbury,NA,501
453056,2016,467,6,7,86.9,101.1,10.6,109.9,101.4,1.28,1.5,0.22,1,-16.7,Jacoby Ellsbury,NA,626
453056,2017,292,8,9,85.5,100.8,9.8,108.4,102.2,2.74,3.08,0.34,1,-12.5,Jacoby Ellsbury,NA,409
453064,2015,365,19,19,90,104.7,12.7,112.1,104.1,5.21,5.21,0,0,0,Troy Tulowitzki,NA,534
453064,2016,393,36,37,90,104.4,14.1,111.1,103.7,9.16,9.41,0.25,1,-2.8,Troy Tulowitzki,NA,544
453064,2017,201,10,10,86.4,103,9.2,109.4,104,4.98,4.98,0,0,0,Troy Tulowitzki,NA,260
453064,2019,7,0,0,92.8,102.4,17.6,108.8,NA,0,0,0,0,0,Troy Tulowitzki,NA,13
453172,2019,1,0,0,80,80,69,80,NA,0,0,0,0,0,Jared Hughes,NA,2
453178,2015,19,0,0,80.6,96.3,-6.5,98.2,NA,0,0,0,0,0,Ian Kennedy,NA,48
453178,2016,1,0,0,85.5,85.5,-8,85.5,NA,0,0,0,0,0,Ian Kennedy,NA,3
453178,2017,3,0,0,85.8,93,-14,93.8,NA,0,0,0,0,0,Ian Kennedy,NA,4
453178,2018,2,0,0,81.9,94.1,10,97.2,NA,0,0,0,0,0,Ian Kennedy,NA,2
453203,2015,152,1,1,83.8,98.7,8.1,106.3,98.7,0.66,0.66,0,0,0,Shane Robinson,NA,197
453203,2016,81,0,0,83.8,95.9,11.1,99.9,NA,0,0,0,0,0,Shane Robinson,NA,111
453203,2017,27,0,0,80.3,96.5,5.7,98.5,NA,0,0,0,0,0,Shane Robinson,NA,35
453203,2018,43,1,1,85,98.4,13.3,102.6,99.5,2.33,2.33,0,0,0,Shane Robinson,NA,54
453211,2015,59,5,4,88.8,101.8,17.5,108.8,103.4,8.47,6.78,-1.69,-1,20,Drew Stubbs,NA,140
453211,2016,42,3,3,87.6,103.1,12.4,110.6,103.5,7.14,7.14,0,0,0,Drew Stubbs,NA,94
453211,2017,13,0,0,82.7,94.9,28.2,98.7,NA,0,0,0,0,0,Drew Stubbs,NA,24
453214,2015,2,0,0,66.7,90.8,-45,96.8,NA,0,0,0,0,0,Steven Wright,NA,2
453214,2016,1,0,0,59.2,59.2,19,59.2,NA,0,0,0,0,0,Steven Wright,NA,4
453268,2021,1,0,0,99.9,99.9,11,99.9,NA,0,0,0,0,0,Daniel Bard,NA,1
453269,2015,56,2,2,86.9,106,7.2,110,103,3.57,3.57,0,0,0,Brennan Boesch,NA,94
453281,2017,2,0,0,86.7,90.8,-6.5,91.8,NA,0,0,0,0,0,Wade LeBlanc,NA,5
453281,2018,1,0,0,91.7,91.7,3,91.7,NA,0,0,0,0,0,Wade LeBlanc,NA,4
453281,2021,10,0,0,68.3,90.4,-3.8,90.5,NA,0,0,0,0,0,Wade LeBlanc,NA,13
453286,2015,44,0,0,80.2,98.5,-5.4,102,NA,0,0,0,0,0,Max Scherzer,NA,77
453286,2016,41,0,0,83.8,99.2,-4.6,105.6,NA,0,0,0,0,0,Max Scherzer,NA,85
453286,2017,46,1,1,82,99.2,-5.7,102.6,100.1,2.17,2.17,0,0,0,Max Scherzer,NA,72
453286,2018,56,0,0,79.9,97.5,-3.6,103.6,NA,0,0,0,0,0,Max Scherzer,NA,78
453286,2019,25,0,0,85.1,101.3,-8.1,101.6,NA,0,0,0,0,0,Max Scherzer,NA,61
453286,2021,34,0,0,79.6,99.4,-8,109.6,NA,0,0,0,0,0,Max Scherzer,NA,63
453307,2015,1,0,0,82.9,82.9,-21,82.9,NA,0,0,0,0,0,David Huff,NA,1
453311,2015,10,0,0,82.6,93.8,-6.9,95.9,NA,0,0,0,0,0,Tim Lincecum,NA,25
453329,2015,3,0,0,89.4,93,14.3,94.3,NA,0,0,0,0,0,Clay Buchholz,NA,6
453329,2018,11,0,0,82.4,95.5,-5.2,99.7,NA,0,0,0,0,0,Clay Buchholz,NA,37
453343,2021,1,0,0,32.2,32.2,-34,32.2,NA,0,0,0,0,0,Mark Melancon,NA,1
453344,2015,1,0,0,97.7,97.7,-14,97.7,NA,0,0,0,0,0,Brandon Morrow,NA,10
453385,2015,8,0,0,84.6,98.6,8.9,105.2,NA,0,0,0,0,0,Clayton Richard,NA,15
453385,2016,10,0,0,77.7,92.8,-8,96,NA,0,0,0,0,0,Clayton Richard,NA,21
453385,2017,25,0,0,81.7,99.9,1,103.2,NA,0,0,0,0,0,Clayton Richard,NA,68
453385,2018,19,1,1,80.7,104.8,-2.4,108.3,104.7,5.26,5.26,0,0,0,Clayton Richard,NA,51
453400,2015,167,9,9,88.7,103.9,10.8,112.9,103.2,5.39,5.39,0,0,0,Chris Johnson,NA,255
453400,2016,160,8,8,90.6,105,11.5,115.2,107,5,5,0,0,0,Chris Johnson,NA,264
453527,2021,2,0,0,77.1,85.7,-12,87.9,NA,0,0,0,0,0,Sean Kazmar Jr.,NA,2
453539,2015,224,2,1,85.2,98.9,3.2,104,99.5,0.89,0.45,-0.44,-1,50,Sam Fuld,NA,325
453562,2015,34,4,4,84.6,101,7.9,107.8,103.2,11.76,11.76,0,0,0,Jake Arrieta,NA,83
453562,2016,37,1,1,88.5,102.9,12.9,108.3,104.7,2.7,2.7,0,0,0,Jake Arrieta,NA,70
453562,2017,31,1,1,78.8,95.8,6.9,102,98.2,3.23,3.23,0,0,0,Jake Arrieta,NA,64
453562,2018,18,0,0,86.6,102.4,18.4,107.4,NA,0,0,0,0,0,Jake Arrieta,NA,50
453562,2019,28,0,0,79.1,103.6,20.7,107.8,NA,0,0,0,0,0,Jake Arrieta,NA,50
453562,2021,11,0,0,63,95.1,-11.5,97.3,NA,0,0,0,0,0,Jake Arrieta,NA,30
453568,2015,483,17,16,86.3,101.4,14.5,110.1,103,3.52,3.31,-0.21,-1,5.9,Charlie Blackmon,NA,682
453568,2016,469,31,31,87.7,103,15.3,112.7,104.8,6.61,6.61,0,0,0,Charlie Blackmon,NA,641
453568,2017,510,41,47,87.2,103.6,13.3,110.8,103.2,8.04,9.22,1.18,6,-14.6,Charlie Blackmon,NA,725
453568,2018,492,31,29,87.5,103.3,12.1,110.4,103.8,6.3,5.89,-0.41,-2,6.5,Charlie Blackmon,NA,696
453568,2019,481,39,40,88.5,103.8,14.5,110.6,103.2,8.11,8.32,0.21,1,-2.6,Charlie Blackmon,NA,634
453568,2021,426,27,24,87.6,104.8,10.2,109.8,104.3,6.34,5.63,-0.71,-3,11.1,Charlie Blackmon,NA,582
453568,2022,426,19,14,85.5,102,11.5,109.5,102.6,4.46,3.29,-1.17,-5,26.3,Charlie Blackmon,NA,577
453568,2023,308,14,11,86.4,102.5,18.1,108.5,104.4,4.55,3.57,-0.98,-3,21.4,Charlie Blackmon,NA,413
453568,2024,362,16,9,84.7,101.3,16.5,107.6,103,4.42,2.49,-1.93,-7,43.8,Charlie Blackmon,NA,499
453646,2015,3,0,0,81,88.5,-28.7,89.9,NA,0,0,0,0,0,Carlos Villanueva,NA,11
453646,2016,1,0,0,34.3,34.3,-47,34.3,NA,0,0,0,0,0,Carlos Villanueva,NA,5
453895,2015,67,0,0,84.6,98,11.9,102.8,NA,0,0,0,0,0,Brendan Ryan,NA,103
453895,2016,7,0,0,75.6,92.8,14.7,102,NA,0,0,0,0,0,Brendan Ryan,NA,14
453923,2015,249,6,6,86.9,102,10.3,108.5,103.9,2.41,2.41,0,0,0,Grégor Blanco,NA,372
453923,2016,182,5,5,84.9,101.4,12.6,108.7,101,2.75,2.75,0,0,0,Grégor Blanco,NA,274
453923,2017,161,5,5,85.6,99.9,13.8,105.4,101.4,3.11,3.11,0,0,0,Grégor Blanco,NA,256
453923,2018,129,5,3,84.5,98,15.9,106.7,100.7,3.88,2.33,-1.55,-2,40,Grégor Blanco,NA,203
453943,2015,473,41,40,89.5,105.2,18.7,111.7,104.7,8.67,8.46,-0.21,-1,2.4,Todd Frazier,NA,678
453943,2016,430,42,42,89,105.5,20.5,113.5,105.9,9.77,9.77,0,0,0,Todd Frazier,NA,666
453943,2017,353,34,35,87.5,103.5,20.3,109.8,104.2,9.63,9.92,0.29,1,-2.9,Todd Frazier,NA,576
453943,2018,301,19,18,89.5,104.7,18.5,114.1,103.3,6.31,5.98,-0.33,-1,5.3,Todd Frazier,NA,472
453943,2019,337,22,24,88.3,103.7,17.1,108.4,103.3,6.53,7.12,0.59,2,-9.1,Todd Frazier,NA,499
453943,2021,29,1,1,87.5,102.5,12.7,110.5,110.5,3.45,3.45,0,0,0,Todd Frazier,NA,40
454560,2015,142,9,8,87.6,102,10.2,108.5,102.5,6.34,5.63,-0.71,-1,11.1,A.J. Ellis,NA,217
454560,2016,138,4,4,86.9,101.4,14.5,105.5,102,2.9,2.9,0,0,0,A.J. Ellis,NA,196
454560,2017,112,4,5,85.9,101.7,12,106.4,102.5,3.57,4.46,0.89,1,-25,A.J. Ellis,NA,163
454560,2018,110,5,3,90.4,102.5,12.5,106.8,101,4.55,2.73,-1.82,-2,40,A.J. Ellis,NA,183
454975,2016,34,0,0,87.6,101.7,-5.1,104.2,NA,0,0,0,0,0,Hernan Iribarren,NA,45
455104,2015,186,11,11,89.6,104.7,16.2,112.8,104.3,5.91,5.91,0,0,0,Chris Iannetta,NA,317
455104,2016,208,12,12,89.3,106,15.1,112.5,104.8,5.77,5.77,0,0,0,Chris Iannetta,NA,338
455104,2017,186,16,18,87.9,105.2,15.6,111.4,103.1,8.6,9.68,1.08,2,-12.5,Chris Iannetta,NA,316
455104,2018,214,18,15,92,107.9,13.5,114.5,106.3,8.41,7.01,-1.4,-3,16.7,Chris Iannetta,NA,360
455104,2019,91,13,13,92.1,110.4,8.7,113.2,108.3,14.29,14.29,0,0,0,Chris Iannetta,NA,164
455117,2015,165,4,4,86.4,101.9,9.8,109.8,101.9,2.42,2.42,0,0,0,Martín Maldonado,NA,256
455117,2016,152,12,12,87.2,104,10.9,115.6,103.6,7.89,7.89,0,0,0,Martín Maldonado,NA,253
455117,2017,309,18,18,84.5,104.1,12.1,110.4,104.4,5.83,5.83,0,0,0,Martín Maldonado,NA,471
455117,2018,277,13,11,85.1,101.2,14.5,108.9,103.1,4.69,3.97,-0.72,-2,15.4,Martín Maldonado,NA,404
455117,2019,245,19,19,88.2,103.3,12.7,110.1,103.4,7.76,7.76,0,0,0,Martín Maldonado,NA,374
455117,2021,247,13,11,87.3,100.9,17.5,108.2,102.9,5.26,4.45,-0.81,-2,15.4,Martín Maldonado,NA,426
455117,2022,233,19,13,87.2,102.9,14.2,109.2,104.5,8.15,5.58,-2.57,-6,31.6,Martín Maldonado,NA,379
455117,2023,235,20,17,84.3,102.6,16.1,109.3,103.7,8.51,7.23,-1.28,-3,15,Martín Maldonado,NA,407
455117,2024,87,7,6,86.2,101.6,17.6,107.7,102.4,8.05,6.9,-1.15,-1,14.3,Martín Maldonado,NA,147
455117,2025,96,9,8,81.1,103.6,13.3,107.5,104.4,9.38,8.33,-1.05,-1,11.1,Martín Maldonado,NA,161
455139,2015,168,14,14,86.9,102.7,16.5,109.7,103.4,8.33,8.33,0,0,0,Robinson Chirinos,NA,273
455139,2016,103,11,11,86.1,102.8,16.3,107.4,102,10.68,10.68,0,0,0,Robinson Chirinos,NA,170
455139,2017,180,20,21,87.6,104.2,17.7,111.3,104,11.11,11.67,0.56,1,-5,Robinson Chirinos,NA,309
455139,2018,221,23,21,88,103.6,21.9,107.3,103.2,10.41,9.5,-0.91,-2,8.7,Robinson Chirinos,NA,426
455139,2019,241,17,19,86.4,103.3,17.1,107.8,103.5,7.05,7.88,0.83,2,-11.8,Robinson Chirinos,NA,437
455139,2021,62,5,3,88.8,103.4,20,109.2,103.5,8.06,4.84,-3.22,-2,40,Robinson Chirinos,NA,112
455139,2022,130,9,6,83.5,102.3,17.7,107.6,101.6,6.92,4.62,-2.3,-3,33.3,Robinson Chirinos,NA,220
455369,2016,70,1,1,86.8,97.6,17.4,101.6,101,1.43,1.43,0,0,0,Ramiro Pena,NA,91
455755,2015,128,0,0,83.2,97.3,7.9,102.9,NA,0,0,0,0,0,Chris Stewart,NA,172
455755,2016,82,0,0,85.9,99.3,9.5,107.6,NA,0,0,0,0,0,Chris Stewart,NA,113
455755,2017,103,0,0,84.5,96,10.1,101.7,NA,0,0,0,0,0,Chris Stewart,NA,144
455755,2018,15,0,0,84.6,94.6,2.7,95.4,NA,0,0,0,0,0,Chris Stewart,NA,17
455759,2015,242,12,12,85.2,102.2,19,109.6,103,4.96,4.96,0,0,0,Chris Young,NA,356
455759,2016,153,7,7,88.2,104.8,21.8,110.8,104.4,4.58,4.58,0,0,0,Chris Young,NA,227
455759,2017,188,7,9,85.1,103.3,16,110.7,101.4,3.72,4.79,1.07,2,-28.6,Chris Young,NA,276
455759,2018,76,5,5,83.8,103.2,25.5,108.8,102.3,6.58,6.58,0,0,0,Chris Young,NA,128
455976,2015,521,3,3,88.3,102.2,6.8,108.5,104.4,0.58,0.58,0,0,0,Nick Markakis,NA,686
455976,2016,501,21,24,90.7,103,10.7,114.3,102.3,4.19,4.79,0.6,3,-14.3,Nick Markakis,NA,684
455976,2017,481,12,17,88.3,101.8,8.7,114.4,102.5,2.49,3.53,1.04,5,-41.7,Nick Markakis,NA,670
455976,2018,550,13,13,90.6,102.7,10.1,109.3,101.9,2.36,2.36,0,0,0,Nick Markakis,NA,705
455976,2019,361,10,11,91.2,103.6,7.3,114.7,102.4,2.77,3.05,0.28,1,-10,Nick Markakis,NA,469
456030,2015,327,9,9,88.1,98.9,9,104.7,100.2,2.75,2.75,0,0,0,Dustin Pedroia,NA,425
456030,2016,559,11,13,88.6,99.6,8.6,104.1,100.5,1.97,2.33,0.36,2,-18.2,Dustin Pedroia,NA,698
456030,2017,361,4,4,85,97.5,10.3,101.9,100.2,1.11,1.11,0,0,0,Dustin Pedroia,NA,463
456030,2018,9,0,0,89.2,94.5,14.4,95.5,NA,0,0,0,0,0,Dustin Pedroia,NA,13
456030,2019,18,0,0,85.6,96.2,6.3,98.2,NA,0,0,0,0,0,Dustin Pedroia,NA,21
456034,2015,6,0,0,91.8,107,-13.8,107.6,NA,0,0,0,0,0,David Price,NA,9
456034,2016,2,0,0,72.8,78.6,28.5,80,NA,0,0,0,0,0,David Price,NA,11
456034,2017,1,0,0,66.4,66.4,25,66.4,NA,0,0,0,0,0,David Price,NA,1
456034,2019,1,0,0,89.1,89.1,-10,89.1,NA,0,0,0,0,0,David Price,NA,2
456034,2021,14,0,0,77.7,102.5,-23.8,105,NA,0,0,0,0,0,David Price,NA,18
456051,2019,1,0,0,90.8,90.8,-4,90.8,NA,0,0,0,0,0,Hector Noesí,NA,5
456068,2015,1,0,0,82.9,82.9,-21,82.9,NA,0,0,0,0,0,Miguel González,NA,1
456068,2017,3,0,0,73.3,83.9,-18.3,85.4,NA,0,0,0,0,0,Miguel González,NA,8
456071,2015,6,0,0,61,79.4,5.8,80,NA,0,0,0,0,0,Yohan Flande,NA,22
456078,2015,252,27,27,89.3,104.9,12.5,110.5,103.9,10.71,10.71,0,0,0,Welington Castillo,NA,378
456078,2016,291,16,17,88.8,104.1,12.9,112.1,104.3,5.5,5.84,0.34,1,-6.2,Welington Castillo,NA,457
456078,2017,244,23,26,89.4,103.8,14.4,108.3,103.7,9.43,10.66,1.23,3,-13,Welington Castillo,NA,365
456078,2018,124,12,12,90.4,104.6,15.5,108.5,104.6,9.68,9.68,0,0,0,Welington Castillo,NA,181
456078,2019,158,18,18,89.5,104.2,13.2,110.7,103.8,11.39,11.39,0,0,0,Welington Castillo,NA,251
456121,2015,157,6,6,87.7,103.1,5.6,110.3,103.3,3.82,3.82,0,0,0,Chris Denorfia,NA,231
456124,2015,22,0,0,82.8,94.4,10.4,100.2,NA,0,0,0,0,0,Erik Kratz,NA,28
456124,2016,51,3,3,89.1,104.9,17.3,111.7,102.8,5.88,5.88,0,0,0,Erik Kratz,NA,87
456124,2017,2,1,1,106,108.1,5.5,108.6,108.6,50,50,0,0,0,Erik Kratz,NA,2
456124,2018,166,8,5,89.5,104.1,12.6,109.1,104.6,4.82,3.01,-1.81,-3,37.5,Erik Kratz,NA,219
456124,2019,35,0,0,85.7,100.5,21.1,108.7,NA,0,0,0,0,0,Erik Kratz,NA,53
456422,2015,306,5,5,85.1,98.2,8.6,106.7,102.7,1.63,1.63,0,0,0,Michael Bourn,NA,482
456422,2016,276,9,9,84.1,98.2,7.6,105.1,100.7,3.26,3.26,0,0,0,Michael Bourn,NA,413
456488,2015,155,3,3,88.4,105.7,2.4,111,102.6,1.94,1.94,0,0,0,Eduardo Núñez,NA,204
456488,2016,461,20,20,89.3,104.6,8.5,112,103,4.34,4.34,0,0,0,Eduardo Núñez,NA,595
456488,2017,411,7,7,86.2,104,6.2,111.5,101.7,1.7,1.7,0,0,0,Eduardo Núñez,NA,491
456488,2018,413,12,6,88.4,104.1,9.4,110.2,102.1,2.91,1.45,-1.46,-6,50,Eduardo Núñez,NA,502
456488,2019,142,2,2,87.9,104.6,6.7,109.6,102.8,1.41,1.41,0,0,0,Eduardo Núñez,NA,174
456501,2015,26,0,0,79.4,90.3,-3.8,92.9,NA,0,0,0,0,0,Johnny Cueto,NA,43
456501,2016,45,0,0,79.6,92.6,-4.4,98.1,NA,0,0,0,0,0,Johnny Cueto,NA,84
456501,2017,26,0,0,76.6,95,-7,100.8,NA,0,0,0,0,0,Johnny Cueto,NA,52
456501,2018,9,0,0,76.1,88.5,-12.8,91,NA,0,0,0,0,0,Johnny Cueto,NA,13
456501,2019,1,0,0,82.9,82.9,-21,82.9,NA,0,0,0,0,0,Johnny Cueto,NA,4
456501,2021,25,0,0,67,87.7,-16.6,97.6,NA,0,0,0,0,0,Johnny Cueto,NA,37
456665,2015,223,12,12,86.9,100.9,19.4,108.3,101.6,5.38,5.38,0,0,0,Steve Pearce,NA,325
456665,2016,210,18,18,89.8,103.6,15.4,112.5,102.8,8.57,8.57,0,0,0,Steve Pearce,NA,302
456665,2017,248,12,18,87.2,102.8,13.8,108.6,104.3,4.84,7.26,2.42,6,-50,Steve Pearce,NA,348
456665,2018,175,19,18,89.3,104.8,11.8,109,103.9,10.86,10.29,-0.57,-1,5.3,Steve Pearce,NA,251
456665,2019,59,2,2,88.5,102.3,12.8,107.3,103.4,3.39,3.39,0,0,0,Steve Pearce,NA,99
456696,2018,1,0,0,87.5,87.5,18,87.5,NA,0,0,0,0,0,David Hernandez,NA,1
456701,2015,2,0,0,78.2,89.2,-4.5,91.9,NA,0,0,0,0,0,Homer Bailey,NA,4
456701,2016,8,0,0,77.8,82.9,-10.8,82.9,NA,0,0,0,0,0,Homer Bailey,NA,11
456701,2017,17,0,0,75.1,93.7,-19.6,100.9,NA,0,0,0,0,0,Homer Bailey,NA,35
456701,2018,12,0,0,84,94.2,-5.7,98.2,NA,0,0,0,0,0,Homer Bailey,NA,34
456701,2019,4,0,0,75,93.3,-11.5,94.6,NA,0,0,0,0,0,Homer Bailey,NA,5
456714,2015,429,32,32,89.4,104.1,8.5,110,104.1,7.46,7.46,0,0,0,Billy Butler,NA,601
456714,2016,206,14,14,90.3,106.2,8.7,112.4,105.9,6.8,6.8,0,0,0,Billy Butler,NA,274
456715,2015,445,23,21,90.2,105.1,9.5,111,105,5.17,4.72,-0.45,-2,8.7,Lorenzo Cain,NA,604
456715,2016,316,14,14,88.6,104.5,9.2,110.7,104,4.43,4.43,0,0,0,Lorenzo Cain,NA,434
456715,2017,486,17,19,89.1,106,10.2,112,104.8,3.5,3.91,0.41,2,-11.8,Lorenzo Cain,NA,645
456715,2018,447,13,12,89.1,104.9,4.9,112.4,104,2.91,2.68,-0.23,-1,7.7,Lorenzo Cain,NA,620
456715,2019,452,19,19,89.4,104.5,6.8,110.4,104.2,4.2,4.2,0,0,0,Lorenzo Cain,NA,623
456715,2021,209,9,7,88.4,103.9,7.2,110.4,102.9,4.31,3.35,-0.96,-2,22.2,Lorenzo Cain,NA,286
456715,2022,110,0,0,87.9,104.6,3.8,108.9,NA,0,0,0,0,0,Lorenzo Cain,NA,156
456776,2015,1,0,0,94.9,94.9,-16,94.9,NA,0,0,0,0,0,Alex Torres,NA,1
456781,2015,69,0,0,89.8,100.6,2.5,105.3,NA,0,0,0,0,0,Donovan Solano,NA,94
456781,2016,19,1,1,89.7,103.9,10.7,109.2,109.2,5.26,5.26,0,0,0,Donovan Solano,NA,23
456781,2019,167,7,7,87,101.9,14.5,109.6,104.5,4.19,4.19,0,0,0,Donovan Solano,NA,228
456781,2021,254,17,13,88.1,102,10.7,108.1,102.6,6.69,5.12,-1.57,-4,23.5,Donovan Solano,NA,344
456781,2022,216,11,5,88.3,103.4,10.6,107.3,102.7,5.09,2.31,-2.78,-6,54.5,Donovan Solano,NA,304
456781,2023,295,15,13,90.2,104,13.1,109.8,103,5.08,4.41,-0.67,-2,13.3,Donovan Solano,NA,450
456781,2024,218,8,6,87.3,101,13.6,107.6,102.8,3.67,2.75,-0.92,-2,25,Donovan Solano,NA,309
456781,2025,128,4,1,87.4,101.7,12.7,106.6,100.6,3.12,0.78,-2.34,-3,75,Donovan Solano,NA,179
457448,2015,1,0,0,76.9,76.9,-61,76.9,NA,0,0,0,0,0,Matt Harrison,NA,3
457449,2015,9,0,0,87.4,108,23.7,112.2,NA,0,0,0,0,0,Jamie Romak,NA,16
457454,2015,128,18,18,90.6,104.1,19.7,111.3,104.3,14.06,14.06,0,0,0,Jarrod Saltalamacchia,NA,227
457454,2016,146,16,16,89.3,103.1,21.4,109.7,103.2,10.96,10.96,0,0,0,Jarrod Saltalamacchia,NA,292
457454,2017,8,0,0,87.3,99.6,35.2,105.7,NA,0,0,0,0,0,Jarrod Saltalamacchia,NA,26
457454,2018,3,0,0,83.5,88,-7,89.3,NA,0,0,0,0,0,Jarrod Saltalamacchia,NA,8
457477,2015,231,7,7,86.4,100.4,14.4,105.4,101.3,3.03,3.03,0,0,0,Alejandro De Aza,NA,365
457477,2016,167,8,8,87.4,100.2,15.6,105.6,101.2,4.79,4.79,0,0,0,Alejandro De Aza,NA,267
457477,2017,47,0,0,85.8,99.4,14.3,104.9,NA,0,0,0,0,0,Alejandro De Aza,NA,70
457574,2015,52,0,0,84.2,97.8,10.4,100,NA,0,0,0,0,0,Jordan Pacheco,NA,78
457574,2016,36,0,0,77.8,96.3,13.7,102.1,NA,0,0,0,0,0,Jordan Pacheco,NA,51
457705,2015,439,39,39,90.6,104.2,13.9,111.4,104.3,8.88,8.88,0,0,0,Andrew McCutchen,NA,685
457705,2016,439,35,36,89.6,103.8,16.6,111.4,103.5,7.97,8.2,0.23,1,-2.9,Andrew McCutchen,NA,675
457705,2017,452,33,36,88.4,104.3,14.2,109.5,103.4,7.3,7.96,0.66,3,-9.1,Andrew McCutchen,NA,650
457705,2018,430,35,32,90,103.3,13.4,110.9,104,8.14,7.44,-0.7,-3,8.6,Andrew McCutchen,NA,682
457705,2019,164,12,12,90.6,104.3,12.7,110.3,105,7.32,7.32,0,0,0,Andrew McCutchen,NA,262
457705,2021,356,31,25,88.8,103.4,14.6,110.8,104.2,8.71,7.02,-1.69,-6,19.4,Andrew McCutchen,NA,574
457705,2022,394,33,20,89.1,104.1,13.4,110.6,103.7,8.38,5.08,-3.3,-13,39.4,Andrew McCutchen,NA,580
457705,2023,293,16,11,89.6,104,12.3,109.8,104,5.46,3.75,-1.71,-5,31.2,Andrew McCutchen,NA,473
457705,2024,317,38,30,88.5,104.3,14.3,109.8,103.9,11.99,9.46,-2.53,-8,21.1,Andrew McCutchen,NA,515
457705,2025,359,28,17,89.5,103.7,14.5,110.2,103.1,7.8,4.74,-3.06,-11,39.3,Andrew McCutchen,NA,551
457705,2026,46,3,2,87.2,102.4,22.1,106,103.5,6.52,4.35,-2.17,-1,33.3,Andrew McCutchen,NA,73
457706,2015,354,13,13,89.1,102.5,7,109.1,103.1,3.67,3.67,0,0,0,Austin Jackson,NA,527
457706,2016,141,3,3,88.3,101.2,12.9,106.8,100,2.13,2.13,0,0,0,Austin Jackson,NA,203
457706,2017,218,10,12,88.9,101.9,10.5,108.2,101.7,4.59,5.5,0.91,2,-20,Austin Jackson,NA,318
457706,2018,211,5,4,87.3,101.6,10.8,108.6,102,2.37,1.9,-0.47,-1,20,Austin Jackson,NA,375
457708,2015,380,40,39,89.9,106.2,16.2,113.9,105.2,10.53,10.26,-0.27,-1,2.5,Justin Upton,NA,620
457708,2016,391,47,47,91.3,109.6,15.5,114.4,108.4,12.02,12.02,0,0,0,Justin Upton,NA,626
457708,2017,378,49,52,88.8,106.2,15.7,114.2,105.6,12.96,13.76,0.8,3,-6.1,Justin Upton,NA,635
457708,2018,362,49,45,90.9,107.6,11.8,114.9,105.9,13.54,12.43,-1.11,-4,8.2,Justin Upton,NA,613
457708,2019,146,17,17,87.2,105.1,18.5,111.6,104.7,11.64,11.64,0,0,0,Justin Upton,NA,256
457708,2021,212,25,24,90.1,105.3,15.2,116.5,106,11.79,11.32,-0.47,-1,4,Justin Upton,NA,362
457708,2022,24,1,0,88.5,103.9,26.5,105.3,99.7,4.17,0,-4.17,-1,100,Justin Upton,NA,57
457711,2015,10,0,0,85.9,99.4,18.4,105.2,NA,0,0,0,0,0,Sean O'Sullivan,NA,23
457727,2015,395,10,10,88.2,104.2,2,109.7,102.8,2.53,2.53,0,0,0,Cameron Maybin,NA,555
457727,2016,277,7,7,87.8,103.1,4.8,112.5,102.6,2.53,2.53,0,0,0,Cameron Maybin,NA,391
457727,2017,297,10,11,87.2,102.1,4.6,109.2,103.6,3.37,3.7,0.33,1,-10,Cameron Maybin,NA,450
457727,2018,267,9,9,86.7,102.5,7.9,111,103.6,3.37,3.37,0,0,0,Cameron Maybin,NA,384
457727,2019,167,14,17,88.8,104.1,11.1,110.5,106.5,8.38,10.18,1.8,3,-21.4,Cameron Maybin,NA,269
457727,2021,16,0,0,84.9,99.1,2.7,99.7,NA,0,0,0,0,0,Cameron Maybin,NA,33
457759,2015,314,20,19,89.3,103.5,13.8,107.6,102.4,6.37,6.05,-0.32,-1,5,Justin Turner,NA,439
457759,2016,455,39,40,90.6,103.3,17,109.2,102.7,8.57,8.79,0.22,1,-2.6,Justin Turner,NA,622
457759,2017,404,29,36,89.3,102.4,18.4,107.8,102.7,7.18,8.91,1.73,7,-24.1,Justin Turner,NA,543
457759,2018,313,21,19,89.1,101.5,18.3,106.5,102.1,6.71,6.07,-0.64,-2,9.5,Justin Turner,NA,426
457759,2019,391,30,31,90.2,102.9,17.6,107.7,102.6,7.67,7.93,0.26,1,-3.3,Justin Turner,NA,549
457759,2021,440,35,31,90.9,103,19.2,109.8,103.2,7.95,7.05,-0.9,-4,11.4,Justin Turner,NA,612
457759,2022,386,27,19,89.5,103,18.4,108.9,102.7,6.99,4.92,-2.07,-8,29.6,Justin Turner,NA,532
457759,2023,454,26,21,89.5,102.2,16.4,108.2,104,5.73,4.63,-1.1,-5,19.2,Justin Turner,NA,626
457759,2024,372,17,14,87.2,100.2,17.8,106.8,102.1,4.57,3.76,-0.81,-3,17.6,Justin Turner,NA,539
457759,2025,136,5,3,88.3,100.7,17.9,108,103.8,3.68,2.21,-1.47,-2,40,Justin Turner,NA,191
457760,2015,19,0,0,86.2,101,8.6,104.7,NA,0,0,0,0,0,Danny Dorn,NA,32
457762,2015,5,0,0,92.7,95.8,15.8,96.4,NA,0,0,0,0,0,Bryan Anderson,NA,8
457763,2015,490,27,26,89,102.8,10.8,110.3,102.3,5.51,5.31,-0.2,-1,3.7,Buster Posey,NA,623
457763,2016,467,31,32,90.5,103.6,9.9,110.2,103.1,6.64,6.85,0.21,1,-3.2,Buster Posey,NA,614
457763,2017,431,15,18,88.7,101.8,11.5,109.6,102.8,3.48,4.18,0.7,3,-20,Buster Posey,NA,568
457763,2018,347,15,12,89.1,102,10.3,108.1,102.2,4.32,3.46,-0.86,-3,20,Buster Posey,NA,448
457763,2019,336,14,15,88.4,102.1,9.1,107.6,103.4,4.17,4.46,0.29,1,-7.1,Buster Posey,NA,445
457763,2021,310,26,22,88.5,102.6,8.7,109.2,103.5,8.39,7.1,-1.29,-4,15.4,Buster Posey,NA,454
457775,2015,81,1,1,86.8,101.4,2.1,109.3,100.2,1.23,1.23,0,0,0,Desmond Jennings,NA,108
457775,2016,142,7,7,86.3,101.7,10.3,108.4,104.9,4.93,4.93,0,0,0,Desmond Jennings,NA,225
457787,2015,250,17,16,85,103.5,11.4,109,103.1,6.8,6.4,-0.4,-1,5.9,Danny Espinosa,NA,412
457787,2016,322,28,28,88.6,105.8,14.2,112.2,105,8.7,8.7,0,0,0,Danny Espinosa,NA,601
457787,2017,150,10,11,86.9,103.5,13.8,112.5,104.9,6.67,7.33,0.66,1,-10,Danny Espinosa,NA,295
457788,2015,42,0,0,77.9,95.8,8,104.9,NA,0,0,0,0,0,Jordan Schafer,NA,74
457789,2015,7,0,0,83.8,97.1,13.9,99.1,NA,0,0,0,0,0,Jemile Weeks,NA,9
457789,2016,36,2,2,86.2,99.3,7.6,101.4,101.2,5.56,5.56,0,0,0,Jemile Weeks,NA,57
457803,2015,427,36,35,89.6,104.2,15.4,111.4,104.6,8.43,8.2,-0.23,-1,2.8,Jay Bruce,NA,649
457803,2016,413,34,34,88.8,103.8,14.7,111.8,104.3,8.23,8.23,0,0,0,Jay Bruce,NA,589
457803,2017,418,42,46,88.3,103.6,18.2,111.5,103,10.05,11,0.95,4,-9.5,Jay Bruce,NA,617
457803,2018,244,18,17,88.4,102.4,21.4,109,104.4,7.38,6.97,-0.41,-1,5.6,Jay Bruce,NA,361
457803,2019,221,30,32,90.2,105,21.6,109.2,104.8,13.57,14.48,0.91,2,-6.7,Jay Bruce,NA,333
457803,2021,21,0,0,82.2,99.3,4.7,105.6,NA,0,0,0,0,0,Jay Bruce,NA,39
457915,2019,2,0,0,54.8,67.6,-16,70.8,NA,0,0,0,0,0,Javy Guerra,NA,5
457918,2015,9,0,0,79.4,97.4,2,98.3,NA,0,0,0,0,0,J.A. Happ,NA,27
457918,2016,4,0,0,74.2,90.8,7,92.1,NA,0,0,0,0,0,J.A. Happ,NA,10
457918,2017,1,0,0,54,54,31,54,NA,0,0,0,0,0,J.A. Happ,NA,2
457918,2018,3,0,0,80.9,83.8,16.3,84,NA,0,0,0,0,0,J.A. Happ,NA,7
457918,2019,2,0,0,91.3,98,-20.5,99.7,NA,0,0,0,0,0,J.A. Happ,NA,4
457918,2021,9,0,0,77.7,98.3,6.3,101,NA,0,0,0,0,0,J.A. Happ,NA,15
457926,2015,32,0,0,86.5,99.5,12.3,106,NA,0,0,0,0,0,Paul Janish,NA,36
457926,2016,27,0,0,81.7,94.1,19.9,99.2,NA,0,0,0,0,0,Paul Janish,NA,35
457926,2017,20,0,0,80.3,98.7,12.2,101.4,NA,0,0,0,0,0,Paul Janish,NA,28
458006,2016,1,0,0,95.7,95.7,20,95.7,NA,0,0,0,0,0,Matt Albers,NA,1
458015,2015,402,43,43,89.9,104.2,11.3,109.3,104.1,10.7,10.7,0,0,0,Joey Votto,NA,695
458015,2016,441,40,41,89.6,102.8,11.6,109,102.8,9.07,9.3,0.23,1,-2.5,Joey Votto,NA,677
458015,2017,481,41,46,87.5,101.3,14.1,110.9,102.8,8.52,9.56,1.04,5,-12.2,Joey Votto,NA,707
458015,2018,404,27,21,88.3,101,13.4,107.5,102.7,6.68,5.2,-1.48,-6,22.2,Joey Votto,NA,623
458015,2019,395,27,29,88.9,102.9,15.2,109.5,103.3,6.84,7.34,0.5,2,-7.4,Joey Votto,NA,608
458015,2021,325,54,50,92.9,106.1,18.2,114.1,105.6,16.62,15.38,-1.24,-4,7.4,Joey Votto,NA,533
458015,2022,223,25,19,89.7,104.5,14.3,111.9,104.3,11.21,8.52,-2.69,-6,24,Joey Votto,NA,376
458015,2023,146,16,10,89.3,104.6,13.9,111.2,104.8,10.96,6.85,-4.11,-6,37.5,Joey Votto,NA,242
458085,2015,340,17,16,88.5,101.2,11.2,107.5,101.9,5,4.71,-0.29,-1,5.9,Chris Coghlan,NA,503
458085,2016,177,6,7,87.2,101.4,7.6,108.1,102.2,3.39,3.95,0.56,1,-16.7,Chris Coghlan,NA,300
458085,2017,54,0,0,84.5,99,10.6,102.8,NA,0,0,0,0,0,Chris Coghlan,NA,88
458582,2015,7,0,0,89.7,94.8,17.7,96.4,NA,0,0,0,0,0,Reid Brignac,NA,17
458582,2016,21,1,2,88.9,101.2,10,104.9,101.2,4.76,9.52,4.76,1,-100,Reid Brignac,NA,29
458668,2015,2,0,0,80.7,82.5,6.5,82.9,NA,0,0,0,0,0,Jordan Danks,NA,4
458675,2015,275,23,23,89.4,103.6,20.9,110.3,104.5,8.36,8.36,0,0,0,Colby Rasmus,NA,485
458675,2016,243,20,20,88.5,104.3,18.2,109.4,104.2,8.23,8.23,0,0,0,Colby Rasmus,NA,417
458675,2017,75,11,12,89.1,104.7,15.2,108.5,104.7,14.67,16,1.33,1,-9.1,Colby Rasmus,NA,129
458675,2018,26,2,2,86.5,99.3,18.9,104.2,102.6,7.69,7.69,0,0,0,Colby Rasmus,NA,49
458676,2017,1,0,0,98.1,98.1,-12,98.1,NA,0,0,0,0,0,Josh Lindblom,NA,2
458681,2015,23,0,0,83.3,99.2,13.3,105.7,NA,0,0,0,0,0,Lance Lynn,NA,55
458681,2017,27,0,0,80.3,96.3,3.6,99.7,NA,0,0,0,0,0,Lance Lynn,NA,61
458681,2018,1,0,0,92.8,92.8,21,92.8,NA,0,0,0,0,0,Lance Lynn,NA,4
458681,2021,2,0,0,83.6,92,6.5,94.1,NA,0,0,0,0,0,Lance Lynn,NA,5
458689,2015,10,0,0,82.3,97.2,1.6,103.1,NA,0,0,0,0,0,Chris Dominguez,NA,23
458708,2016,3,0,0,88.1,93.1,6.3,93.8,NA,0,0,0,0,0,Josh Tomlin,NA,6
458708,2017,4,0,0,82,86.8,11,86.9,NA,0,0,0,0,0,Josh Tomlin,NA,7
458708,2019,3,0,0,80.7,84.2,35,84.9,NA,0,0,0,0,0,Josh Tomlin,NA,6
458708,2021,3,0,0,70.2,90.6,-19.3,91.5,NA,0,0,0,0,0,Josh Tomlin,NA,5
458731,2015,422,17,17,88.4,101.2,10.6,109.7,102.3,4.03,4.03,0,0,0,Brett Gardner,NA,656
458731,2016,442,10,11,85.9,100.5,6.8,107.2,102.7,2.26,2.49,0.23,1,-10,Brett Gardner,NA,634
458731,2017,473,16,20,86.1,101.3,9.9,107.9,103.8,3.38,4.23,0.85,4,-25,Brett Gardner,NA,682
458731,2018,428,12,8,87.7,101.2,8.7,110.1,102.2,2.8,1.87,-0.93,-4,33.3,Brett Gardner,NA,609
458731,2019,382,16,16,87.6,101.5,14,109.7,103,4.19,4.19,0,0,0,Brett Gardner,NA,550
458731,2021,293,9,8,85.7,102.7,11.3,108.6,102.1,3.07,2.73,-0.34,-1,11.1,Brett Gardner,NA,461
458913,2015,65,2,1,84,99.6,3.3,110.6,98.6,3.08,1.54,-1.54,-1,50,Eric Young Jr.,NA,94
458913,2016,1,0,0,107.9,107.9,12,107.9,NA,0,0,0,0,0,Eric Young Jr.,NA,1
458913,2017,76,1,2,84.7,102.2,2.7,106.2,101.5,1.32,2.63,1.31,1,-100,Eric Young Jr.,NA,125
458913,2018,79,1,1,84.2,100.3,3.3,107,101.5,1.27,1.27,0,0,0,Eric Young Jr.,NA,117
459431,2015,18,1,1,91.3,105.6,-4.1,106.3,100.2,5.56,5.56,0,0,0,Michael Saunders,NA,36
459431,2016,333,23,25,89.5,105.1,10.5,110.4,102.7,6.91,7.51,0.6,2,-8.7,Michael Saunders,NA,558
459431,2017,161,11,11,85.9,102.5,11.9,108.3,102.2,6.83,6.83,0,0,0,Michael Saunders,NA,234
459964,2015,179,6,6,85.7,101.8,16.1,107.7,102.7,3.35,3.35,0,0,0,Matt Joyce,NA,284
459964,2016,154,15,15,89,102.6,13.3,108.4,103.4,9.74,9.74,0,0,0,Matt Joyce,NA,293
459964,2017,361,29,36,88.1,103.2,15.1,109.7,103.3,8.03,9.97,1.94,7,-24.1,Matt Joyce,NA,544
459964,2018,157,11,10,87.1,101.6,14.4,107.9,103,7.01,6.37,-0.64,-1,9.1,Matt Joyce,NA,246
459964,2019,155,10,11,87.3,101.5,16.7,106.7,101.5,6.45,7.1,0.65,1,-10,Matt Joyce,NA,238
459964,2021,40,2,1,85.7,100.6,14.8,105.7,102.5,5,2.5,-2.5,-1,50,Matt Joyce,NA,69
459967,2015,1,0,0,74.7,74.7,9,74.7,NA,0,0,0,0,0,Sam LeCure,NA,1
460003,2015,11,0,0,86.3,94.4,8.2,101.9,NA,0,0,0,0,0,Taylor Teagarden,NA,15
460026,2015,276,9,9,89,102.8,11.4,108.6,100.9,3.26,3.26,0,0,0,Nick Hundley,NA,389
460026,2016,221,10,10,90,104.6,10.7,110.1,104.1,4.52,4.52,0,0,0,Nick Hundley,NA,317
460026,2017,208,17,18,88.6,104.6,13.1,109.8,102.7,8.17,8.65,0.48,1,-5.9,Nick Hundley,NA,303
460026,2018,197,12,11,88.9,104.9,15.7,109.2,102.9,6.09,5.58,-0.51,-1,8.3,Nick Hundley,NA,305
460026,2019,49,1,1,84.6,100.9,16.1,108.6,100.5,2.04,2.04,0,0,0,Nick Hundley,NA,73
460055,2015,76,2,2,86,100.7,10.9,106.3,101.3,2.63,2.63,0,0,0,John Mayberry Jr.,NA,119
460059,2015,2,0,0,91.2,92,-16.5,92.2,NA,0,0,0,0,0,Mike Pelfrey,NA,3
460060,2015,154,4,4,86.5,99.2,12.8,104.5,100.5,2.6,2.6,0,0,0,Cliff Pennington,NA,249
460060,2016,115,3,3,84.6,98.4,14.3,104,102.6,2.61,2.61,0,0,0,Cliff Pennington,NA,188
460060,2017,140,2,2,86.2,100.1,15.5,104.1,100.9,1.43,1.43,0,0,0,Cliff Pennington,NA,217
460060,2018,16,0,0,84.2,97.7,9.4,99.3,NA,0,0,0,0,0,Cliff Pennington,NA,34
460075,2015,390,42,42,92.2,107,7.5,114.9,104.7,10.77,10.77,0,0,0,Ryan Braun,NA,568
460075,2016,410,33,34,90,106.4,4.6,114.7,104.7,8.05,8.29,0.24,1,-3,Ryan Braun,NA,564
460075,2017,306,25,26,89.9,106.4,7.7,114.7,104.7,8.17,8.5,0.33,1,-4,Ryan Braun,NA,425
460075,2018,322,32,29,92,107.5,6,116.3,106.1,9.94,9.01,-0.93,-3,9.4,Ryan Braun,NA,447
460075,2019,352,32,33,91.4,106.3,7.4,111.7,105.2,9.09,9.38,0.29,1,-3.1,Ryan Braun,NA,508
460077,2015,80,1,1,84.5,99.1,22.3,104.3,100.2,1.25,1.25,0,0,0,Drew Butera,NA,120
460077,2016,87,4,4,84.3,98,12.5,102.7,99.1,4.6,4.6,0,0,0,Drew Butera,NA,133
460077,2017,120,0,0,85.1,98.6,18.6,103.4,NA,0,0,0,0,0,Drew Butera,NA,177
460077,2018,125,2,2,86.4,99.2,19.3,103.7,103,1.6,1.6,0,0,0,Drew Butera,NA,182
460077,2019,30,0,0,84.6,101.8,23.9,104.2,NA,0,0,0,0,0,Drew Butera,NA,49
460077,2021,20,0,0,73.6,90.4,8.9,99.6,NA,0,0,0,0,0,Drew Butera,NA,36
460086,2015,258,13,13,88.4,103.7,15.6,110.8,104.3,5.04,5.04,0,0,0,Alex Gordon,NA,422
460086,2016,295,25,25,87.8,102.8,15.1,107.6,103.4,8.47,8.47,0,0,0,Alex Gordon,NA,506
460086,2017,347,15,17,86.2,103.8,13.6,109.6,104.1,4.32,4.9,0.58,2,-13.3,Alex Gordon,NA,541
460086,2018,382,24,21,88.5,103.5,11,109,103.3,6.28,5.5,-0.78,-3,12.5,Alex Gordon,NA,568
460086,2019,459,25,25,88.6,102.2,9.2,110.6,104.3,5.45,5.45,0,0,0,Alex Gordon,NA,633
460099,2015,122,7,7,86,101.5,10.9,111.8,100.9,5.74,5.74,0,0,0,Nolan Reimold,NA,195
460099,2016,139,5,7,86.7,104,13.5,109.4,103.5,3.6,5.04,1.44,2,-40,Nolan Reimold,NA,227
460131,2015,37,1,1,89.5,104.9,2.5,111.7,111.7,2.7,2.7,0,0,0,Brian Bogusevic,NA,61
460269,2015,80,6,6,86.3,103.8,14.9,107.7,104.3,7.5,7.5,0,0,0,Chris Gimenez,NA,113
460269,2016,98,5,5,86.9,101.8,8,108,103.6,5.1,5.1,0,0,0,Chris Gimenez,NA,155
460269,2017,126,3,5,85.7,101.4,16,106.7,103.3,2.38,3.97,1.59,2,-66.7,Chris Gimenez,NA,225
460269,2018,43,3,3,88.9,103.2,13.6,106.6,105,6.98,6.98,0,0,0,Chris Gimenez,NA,66
460283,2016,1,0,0,89.8,89.8,3,89.8,NA,0,0,0,0,0,Jerry Blevins,NA,1
460576,2015,322,16,16,88,104.7,13.4,111.7,105.9,4.97,4.97,0,0,0,Carlos Gómez,NA,477
460576,2016,268,17,18,86.6,105,9.5,112.3,105.7,6.34,6.72,0.38,1,-5.9,Carlos Gómez,NA,453
460576,2017,243,20,22,88.5,105.6,16.1,113.1,105,8.23,9.05,0.82,2,-10,Carlos Gómez,NA,426
460576,2018,250,12,12,86.6,104.3,20.1,113.1,105.3,4.8,4.8,0,0,0,Carlos Gómez,NA,408
460576,2019,55,7,7,86,108.1,18.3,115.6,108.1,12.73,12.73,0,0,0,Carlos Gómez,NA,99
461235,2015,309,38,37,88.9,106,19.7,113.7,105.5,12.3,11.97,-0.33,-1,2.6,Brandon Moss,NA,526
461235,2016,275,36,36,88.3,105.4,22.1,113.5,105.7,13.09,13.09,0,0,0,Brandon Moss,NA,464
461235,2017,236,32,37,89.6,107.1,17.8,112.8,107.2,13.56,15.68,2.12,5,-15.6,Brandon Moss,NA,401
461314,2015,447,32,32,89.5,103.5,12,109,102.9,7.16,7.16,0,0,0,Matt Kemp,NA,648
461314,2016,475,50,51,88.2,103.8,14.5,110.7,104.8,10.53,10.74,0.21,1,-2,Matt Kemp,NA,672
461314,2017,338,29,32,88.3,104.3,8.3,111.9,104,8.58,9.47,0.89,3,-10.3,Matt Kemp,NA,467
461314,2018,342,37,37,89.8,105.4,15.8,111.4,105.3,10.82,10.82,0,0,0,Matt Kemp,NA,506
461314,2019,40,1,1,87.3,100.3,13.6,104.7,100.4,2.5,2.5,0,0,0,Matt Kemp,NA,62
461325,2015,1,0,0,75.2,75.2,-7,75.2,NA,0,0,0,0,0,Tyler Clippard,NA,1
461416,2015,252,6,6,86.2,104.4,3,115.2,105.9,2.38,2.38,0,0,0,Will Venable,NA,390
461416,2016,13,0,0,83.6,95.3,0.7,99.8,NA,0,0,0,0,0,Will Venable,NA,19
461815,2015,310,9,9,88.3,102.8,7.7,109.5,102.4,2.9,2.9,0,0,0,David Murphy,NA,391
461829,2015,23,0,0,78.6,90.4,18.3,96.4,NA,0,0,0,0,0,Gio Gonzalez,NA,56
461829,2016,25,0,0,80.1,95.4,6.9,100.5,NA,0,0,0,0,0,Gio Gonzalez,NA,59
461829,2017,36,0,0,72.5,87.7,11.1,95.3,NA,0,0,0,0,0,Gio Gonzalez,NA,75
461829,2018,20,0,0,77.9,92.7,4.9,94.7,NA,0,0,0,0,0,Gio Gonzalez,NA,55
461829,2019,10,0,0,69.4,87.1,-0.4,91.8,NA,0,0,0,0,0,Gio Gonzalez,NA,28
461833,2015,3,0,0,90.1,99.7,-17.7,102.3,NA,0,0,0,0,0,Phil Hughes,NA,3
461833,2018,1,0,0,73.9,73.9,-51,73.9,NA,0,0,0,0,0,Phil Hughes,NA,1
461858,2015,446,35,33,89.8,103.8,13.6,108.2,102.8,7.85,7.4,-0.45,-2,5.7,Trevor Plouffe,NA,632
461858,2016,257,18,18,89.9,104.8,12,110.7,103.8,7,7,0,0,0,Trevor Plouffe,NA,344
461858,2017,195,8,9,87.9,105.1,11.7,109.2,105.4,4.1,4.62,0.52,1,-12.5,Trevor Plouffe,NA,313
461858,2018,6,2,1,93.3,106.6,18.2,109.5,102.7,33.33,16.67,-16.66,-1,50,Trevor Plouffe,NA,12
461865,2015,139,0,0,84.9,98.9,3.5,104.1,NA,0,0,0,0,0,Andrew Romine,NA,203
461865,2016,134,3,3,84.1,98.9,7.1,106,102.8,2.24,2.24,0,0,0,Andrew Romine,NA,194
461865,2017,251,3,6,83.7,100.8,7.9,105.4,102.3,1.2,2.39,1.19,3,-100,Andrew Romine,NA,348
461865,2018,80,1,1,80.7,97.4,10.9,106.2,104.2,1.25,1.25,0,0,0,Andrew Romine,NA,131
461865,2021,36,0,0,79.1,97.2,7.8,101.8,NA,0,0,0,0,0,Andrew Romine,NA,64
462101,2015,506,7,7,87,101.3,10,109.8,102.3,1.38,1.38,0,0,0,Elvis Andrus,NA,661
462101,2016,442,8,8,87.3,101.9,8.8,108.4,102.4,1.81,1.81,0,0,0,Elvis Andrus,NA,568
462101,2017,546,21,24,86.5,102.3,7.6,108.1,102.5,3.85,4.4,0.55,3,-14.3,Elvis Andrus,NA,689
462101,2018,330,12,9,87.2,101.3,8.7,109.7,102.8,3.64,2.73,-0.91,-3,25,Elvis Andrus,NA,428
462101,2019,509,17,18,88.4,102.4,7.2,110.2,102.2,3.34,3.54,0.2,1,-5.9,Elvis Andrus,NA,648
462101,2021,421,9,8,86.8,102.6,7.8,109.8,102.4,2.14,1.9,-0.24,-1,11.1,Elvis Andrus,NA,541
462101,2022,441,19,12,87.5,102.5,11.6,109.9,103.2,4.31,2.72,-1.59,-7,36.8,Elvis Andrus,NA,577
462101,2023,304,7,3,86.9,102.6,5.7,109.4,102.4,2.3,0.99,-1.31,-4,57.1,Elvis Andrus,NA,406
462136,2015,4,0,0,81.2,92.9,-2,95.3,NA,0,0,0,0,0,Marco Estrada,NA,6
462136,2016,2,0,0,75.2,79,40.5,80,NA,0,0,0,0,0,Marco Estrada,NA,5
462136,2017,1,0,0,77.2,77.2,-15,77.2,NA,0,0,0,0,0,Marco Estrada,NA,4
462515,2015,1,0,0,99.6,99.6,-4,99.6,NA,0,0,0,0,0,Miguel Socolovich,NA,1
462515,2017,1,0,0,79.7,79.7,-2,79.7,NA,0,0,0,0,0,Miguel Socolovich,NA,1
462564,2015,79,5,5,89.7,105,17,109,102.7,6.33,6.33,0,0,0,Dan Uggla,NA,141
463610,2015,26,0,0,84.4,97.5,7.4,102.7,NA,0,0,0,0,0,Gregorio Petit,NA,47
463610,2016,152,2,3,87.2,101.2,8.7,106.2,101.2,1.32,1.97,0.65,1,-50,Gregorio Petit,NA,223
463610,2018,47,1,0,85.7,97.7,15.8,104.5,98.1,2.13,0,-2.13,-1,100,Gregorio Petit,NA,67
465041,2015,359,14,14,87.8,102,6.4,111.1,103,3.9,3.9,0,0,0,Francisco Cervelli,NA,510
465041,2016,247,4,4,86.3,101.4,6,107.8,100.5,1.62,1.62,0,0,0,Francisco Cervelli,NA,393
465041,2017,200,8,9,87.2,101.1,6.4,105.5,100.3,4,4.5,0.5,1,-12.5,Francisco Cervelli,NA,304
465041,2018,253,20,18,88.6,102.6,16,110.2,103.1,7.91,7.11,-0.8,-2,10,Francisco Cervelli,NA,404
465041,2019,101,5,6,86.4,100.9,11.9,106.8,101.2,4.95,5.94,0.99,1,-20,Francisco Cervelli,NA,160
465674,2015,100,3,3,81.9,97.2,10.8,108.8,103.7,3,3,0,0,0,Pedro Ciriaco,NA,151
465753,2015,11,0,0,74.8,93.4,4.1,95.8,NA,0,0,0,0,0,Pedro Florimón,NA,25
465753,2016,9,1,1,87.5,99,2.1,100.3,100.3,11.11,11.11,0,0,0,Pedro Florimón,NA,25
465753,2017,29,1,1,85,101.7,10.3,104,101.2,3.45,3.45,0,0,0,Pedro Florimón,NA,49
465753,2018,41,2,2,90.1,104.9,16.4,106.9,104.8,4.88,4.88,0,0,0,Pedro Florimón,NA,76
465784,2015,72,0,0,87.6,101.8,-1.5,105.9,NA,0,0,0,0,0,Everth Cabrera,NA,105
466320,2015,533,12,12,89.5,103.9,9.8,111,104.4,2.25,2.25,0,0,0,Melky Cabrera,NA,683
466320,2016,523,10,10,89.3,102.9,11,110.6,102.4,1.91,1.91,0,0,0,Melky Cabrera,NA,646
466320,2017,550,21,24,88.3,103.5,8.9,113.6,102.8,3.82,4.36,0.54,3,-14.3,Melky Cabrera,NA,666
466320,2018,216,4,4,90.4,104,9.3,108.6,103.5,1.85,1.85,0,0,0,Melky Cabrera,NA,278
466320,2019,335,7,7,88.1,103.7,8.9,110.2,103.5,2.09,2.09,0,0,0,Melky Cabrera,NA,397
466948,2015,1,0,0,92.5,92.5,3,92.5,NA,0,0,0,0,0,Jean Machi,NA,3
466988,2015,45,0,0,82.1,98.6,1.8,104.5,NA,0,0,0,0,0,Emilio Bonifácio,NA,82
466988,2016,26,0,1,88.8,99.2,6.4,104.2,NA,0,3.85,3.85,1,0,Emilio Bonifácio,NA,43
466988,2017,28,0,0,84.9,100.4,20.2,102.1,NA,0,0,0,0,0,Emilio Bonifácio,NA,44
467008,2016,1,0,0,78,78,-30,78,NA,0,0,0,0,0,Pedro Strop,NA,1
467008,2017,1,0,0,104.6,104.6,15,104.6,NA,0,0,0,0,0,Pedro Strop,NA,1
467008,2018,2,0,0,96.4,98,17,98.4,NA,0,0,0,0,0,Pedro Strop,NA,2
467055,2015,392,17,16,87.9,103,9.8,114,103.7,4.34,4.08,-0.26,-1,5.9,Pablo Sandoval,NA,505
467055,2016,2,0,0,80.7,89.4,37.5,91.6,NA,0,0,0,0,0,Pablo Sandoval,NA,7
467055,2017,208,14,14,89.4,104.3,10.9,109.9,104.7,6.73,6.73,0,0,0,Pablo Sandoval,NA,279
467055,2018,177,9,9,90.2,103.9,9.6,113.9,106.5,5.08,5.08,0,0,0,Pablo Sandoval,NA,252
467055,2019,207,22,23,89.5,107.6,10.4,114.7,107,10.63,11.11,0.48,1,-4.5,Pablo Sandoval,NA,296
467055,2021,48,5,5,91.5,106.2,14.1,111.5,106.4,10.42,10.42,0,0,0,Pablo Sandoval,NA,86
467070,2015,182,4,4,84.8,100.2,15.9,107,101.4,2.2,2.2,0,0,0,Elian Herrera,NA,277
467092,2015,376,20,20,90.5,106.8,4.5,114.2,105.8,5.32,5.32,0,0,0,Wilson Ramos,NA,504
467092,2016,395,30,30,90.8,106.7,4.8,111.5,105.2,7.59,7.59,0,0,0,Wilson Ramos,NA,523
467092,2017,176,15,15,86.1,105.1,5.9,108.7,104.2,8.52,8.52,0,0,0,Wilson Ramos,NA,224
467092,2018,301,21,19,91.3,105.9,4.4,113.3,105.2,6.98,6.31,-0.67,-2,9.5,Wilson Ramos,NA,416
467092,2019,407,15,16,90,104.8,-0.1,111,104.9,3.69,3.93,0.24,1,-6.7,Wilson Ramos,NA,524
467092,2021,116,13,9,89.6,106.5,6.7,111.5,105.8,11.21,7.76,-3.45,-4,30.8,Wilson Ramos,NA,163
467100,2016,8,0,0,80.9,98.1,3,98.2,NA,0,0,0,0,0,Iván Nova,NA,28
467100,2017,24,0,0,71.6,91.2,-21,100.2,NA,0,0,0,0,0,Iván Nova,NA,60
467100,2018,23,0,0,80,97.5,-7,101.4,NA,0,0,0,0,0,Iván Nova,NA,56
467100,2019,1,0,0,63.9,63.9,21,63.9,NA,0,0,0,0,0,Iván Nova,NA,5
467143,2015,84,3,3,86.2,106.2,14.9,111.8,106.8,3.57,3.57,0,0,0,Héctor Gómez,NA,134
467785,2015,1,0,0,80,80,69,80,NA,0,0,0,0,0,Radhames Liz,NA,1
467793,2015,428,30,29,89,105.5,12.3,111.4,104.3,7.01,6.78,-0.23,-1,3.3,Carlos Santana,NA,666
467793,2016,484,46,46,90.8,105.8,14.3,111.2,104.7,9.5,9.5,0,0,0,Carlos Santana,NA,688
467793,2017,477,32,41,88.4,105.9,12.7,112.3,105.2,6.71,8.6,1.89,9,-28.1,Carlos Santana,NA,667
467793,2018,471,32,26,88.9,105.1,15.2,113.5,104.1,6.79,5.52,-1.27,-6,18.8,Carlos Santana,NA,679
467793,2019,465,43,44,91.8,106.3,11.7,112.8,104.5,9.25,9.46,0.21,1,-2.3,Carlos Santana,NA,686
467793,2021,467,31,29,89.9,105.3,12.9,111.2,104.8,6.64,6.21,-0.43,-2,6.5,Carlos Santana,NA,659
467793,2022,345,30,22,90.6,105.7,15.2,111.3,105.6,8.7,6.38,-2.32,-8,26.7,Carlos Santana,NA,506
467793,2023,449,26,20,88.8,104.6,12.8,111.7,103.8,5.79,4.45,-1.34,-6,23.1,Carlos Santana,NA,619
467793,2024,423,28,21,89.2,103.7,16.1,113.6,105,6.62,4.96,-1.66,-7,25,Carlos Santana,NA,594
467793,2025,328,16,9,87.6,104.1,16.7,113.2,105.8,4.88,2.74,-2.14,-7,43.8,Carlos Santana,NA,474
467793,2026,16,0,0,87.8,100.2,29.4,107.2,NA,0,0,0,0,0,Carlos Santana,NA,26
467798,2015,31,0,0,93.5,102.9,-0.8,107,NA,0,0,0,0,0,Jose Tabata,NA,41
467827,2015,445,13,13,88.1,101.8,9.5,108.3,103.8,2.92,2.92,0,0,0,Gerardo Parra,NA,589
467827,2016,291,15,15,87.2,101.4,4.8,108.1,103.6,5.15,5.15,0,0,0,Gerardo Parra,NA,381
467827,2017,330,5,8,85.5,100.8,7.9,106.1,100.4,1.52,2.42,0.9,3,-60,Gerardo Parra,NA,425
467827,2018,324,9,7,86.3,99.7,9,105.5,101.4,2.78,2.16,-0.62,-2,22.2,Gerardo Parra,NA,443
467827,2019,216,10,11,85.9,98.7,11,105.3,100.9,4.63,5.09,0.46,1,-10,Gerardo Parra,NA,301
467827,2021,69,1,1,86.9,100,14.6,104.4,101.3,1.45,1.45,0,0,0,Gerardo Parra,NA,107
468406,2015,97,0,0,83.6,99,15.7,103,NA,0,0,0,0,0,Jonathan Herrera,NA,132
468504,2015,4,0,0,80.7,85.1,-2.5,85.8,NA,0,0,0,0,0,Jhoulys Chacín,NA,9
468504,2016,9,0,0,77.7,93.3,23.6,101,NA,0,0,0,0,0,Jhoulys Chacín,NA,10
468504,2017,43,0,0,81,96.3,4.4,104.7,NA,0,0,0,0,0,Jhoulys Chacín,NA,61
468504,2018,44,0,0,80,101.8,5.7,108.7,NA,0,0,0,0,0,Jhoulys Chacín,NA,68
468504,2019,14,0,1,88.2,99.9,22.1,107.4,NA,0,7.14,7.14,1,0,Jhoulys Chacín,NA,25
468504,2021,5,0,0,71.7,98.6,-22.4,101.8,NA,0,0,0,0,0,Jhoulys Chacín,NA,7
471083,2015,245,21,21,88.3,101.4,12.1,109.1,102.1,8.57,8.57,0,0,0,Miguel Montero,NA,403
471083,2016,179,8,8,86.2,98.5,8.7,106,101.2,4.47,4.47,0,0,0,Miguel Montero,NA,284
471083,2017,139,8,8,85.2,100.2,14.4,104.6,101.4,5.76,5.76,0,0,0,Miguel Montero,NA,213
471083,2018,8,0,0,85.2,96.1,13.1,100.9,NA,0,0,0,0,0,Miguel Montero,NA,13
471822,2016,1,0,0,51,51,-8,51,NA,0,0,0,0,0,Jumbo Diaz,NA,1
471865,2015,408,41,40,90,108.6,8.8,117.1,107.4,10.05,9.8,-0.25,-1,2.4,Carlos González,NA,608
471865,2016,448,39,39,90.1,109.3,8.8,118,107,8.71,8.71,0,0,0,Carlos González,NA,632
471865,2017,357,19,23,87.4,107.3,6.1,117.1,105.5,5.32,6.44,1.12,4,-21.1,Carlos González,NA,534
471865,2018,353,21,19,89.4,109.3,9,118.3,106.3,5.95,5.38,-0.57,-2,9.5,Carlos González,NA,504
471865,2019,95,5,5,87.1,105.4,1.7,114,102.9,5.26,5.26,0,0,0,Carlos González,NA,166
471911,2015,2,0,0,37.6,40.3,-30.5,41,NA,0,0,0,0,0,Carlos Carrasco,NA,3
471911,2017,2,0,0,63.6,76.7,25,80,NA,0,0,0,0,0,Carlos Carrasco,NA,5
471911,2018,2,0,0,77.1,89.2,-6.5,92.2,NA,0,0,0,0,0,Carlos Carrasco,NA,4
471911,2021,9,0,0,58.7,86.3,-31.4,89.9,NA,0,0,0,0,0,Carlos Carrasco,NA,19
472528,2015,328,26,24,89.3,102.7,17.1,108.3,103.9,7.93,7.32,-0.61,-2,7.7,Luis Valbuena,NA,493
472528,2016,206,15,15,86.7,102.4,15.5,109.4,103,7.28,7.28,0,0,0,Luis Valbuena,NA,342
472528,2017,244,25,28,87.5,102.4,17.2,108.4,102.8,10.25,11.48,1.23,3,-12,Luis Valbuena,NA,401
472528,2018,166,16,16,89.3,103.4,18,107.6,103.5,9.64,9.64,0,0,0,Luis Valbuena,NA,288
473724,2015,37,1,1,84.6,103.1,19.2,105.6,99.1,2.7,2.7,0,0,0,Matt McBride,NA,43
473724,2016,33,0,0,84.7,96,24.2,104.6,NA,0,0,0,0,0,Matt McBride,NA,44
474233,2015,138,10,10,88.9,103.1,19.6,107.8,104,7.25,7.25,0,0,0,Hank Conger,NA,229
474233,2016,84,3,3,88,102.3,14.9,105.3,101.3,3.57,3.57,0,0,0,Hank Conger,NA,137
474249,2015,5,0,0,69.2,93.4,-33.6,94,NA,0,0,0,0,0,Ryan Jackson,NA,14
474284,2015,1,0,0,93.9,93.9,-27,93.9,NA,0,0,0,0,0,Cory Rasmus,NA,1
474319,2016,30,4,4,91.9,105.1,13.9,109,103.7,13.33,13.33,0,0,0,Brandon Snyder,NA,47
474319,2018,4,0,0,81.6,92.8,-1.8,97,NA,0,0,0,0,0,Brandon Snyder,NA,6
474443,2015,143,4,4,86.3,99,4.8,102.9,101.9,2.8,2.8,0,0,0,Iván De Jesús Jr.,NA,222
474443,2016,170,2,2,84.3,98.4,5.9,103.8,101.8,1.18,1.18,0,0,0,Iván De Jesús Jr.,NA,243
474463,2015,11,0,0,83.4,95.6,12.5,95.7,NA,0,0,0,0,0,Brett Anderson,NA,61
474463,2016,1,0,0,87.8,87.8,-12,87.8,NA,0,0,0,0,0,Brett Anderson,NA,3
474463,2017,4,0,0,78.4,96.1,-24.2,96.5,NA,0,0,0,0,0,Brett Anderson,NA,8
474463,2018,4,0,0,71.4,85.3,-3.8,86.3,NA,0,0,0,0,0,Brett Anderson,NA,4
474463,2019,6,0,0,79.1,96.7,-9.5,97.3,NA,0,0,0,0,0,Brett Anderson,NA,8
474463,2021,16,0,0,64.1,85,-8.8,88.5,NA,0,0,0,0,0,Brett Anderson,NA,34
474494,2015,25,2,2,89.5,100.2,5.5,104.9,103.7,8,8,0,0,0,Tommy Field,NA,45
474568,2015,320,6,5,87.2,101.2,8.3,107.8,101.4,1.88,1.56,-0.32,-1,16.7,Jordy Mercer,NA,430
474568,2016,423,9,9,86.6,100.7,10.8,106.4,102.9,2.13,2.13,0,0,0,Jordy Mercer,NA,584
474568,2017,414,12,13,85.7,100.6,9.3,106.3,100.8,2.9,3.14,0.24,1,-8.3,Jordy Mercer,NA,558
474568,2018,309,13,12,87.6,102,13.1,110.1,103.1,4.21,3.88,-0.33,-1,7.7,Jordy Mercer,NA,436
474568,2019,199,12,13,86.9,102.6,13.2,107.5,102.6,6.03,6.53,0.5,1,-8.3,Jordy Mercer,NA,271
474568,2021,84,2,2,86.7,102.7,13.2,106.4,103,2.38,2.38,0,0,0,Jordy Mercer,NA,127
474699,2015,10,0,0,85.2,95.6,19.5,98.5,NA,0,0,0,0,0,Vance Worley,NA,18
474699,2017,15,0,0,77.4,98.7,-18,102.8,NA,0,0,0,0,0,Vance Worley,NA,27
474832,2015,331,34,33,89.8,103.8,16.1,109.4,103.2,10.27,9.97,-0.3,-1,2.9,Brandon Belt,NA,556
474832,2016,383,42,43,87.1,103.1,21.1,106.1,103,10.97,11.23,0.26,1,-2.4,Brandon Belt,NA,655
474832,2017,271,30,35,88.9,103.9,21.6,108.4,104.5,11.07,12.92,1.85,5,-16.7,Brandon Belt,NA,451
474832,2018,291,30,27,86.6,102.9,23.1,107.6,103.8,10.31,9.28,-1.03,-3,10,Brandon Belt,NA,456
474832,2019,401,32,35,86.7,101.9,22.2,106.6,102.5,7.98,8.73,0.75,3,-9.4,Brandon Belt,NA,616
474832,2021,223,36,29,87.6,105.5,22.3,109.9,104.5,16.14,13,-3.14,-7,19.4,Brandon Belt,NA,381
474832,2022,174,20,14,86.7,102.8,22.6,108.3,103.4,11.49,8.05,-3.44,-6,30,Brandon Belt,NA,298
474832,2023,200,30,25,87.3,105.7,19.8,109.9,105.2,15,12.5,-2.5,-5,16.7,Brandon Belt,NA,404
474865,2016,9,0,0,83.5,92.9,12.3,97.5,NA,0,0,0,0,0,Julio Borbon,NA,15
474892,2015,242,37,37,91.2,107.7,21,113.8,106.3,15.29,15.29,0,0,0,Chris Carter,NA,460
474892,2016,349,62,63,91.7,108.9,18.5,114.3,106.8,17.77,18.05,0.28,1,-1.6,Chris Carter,NA,644
474892,2017,109,13,13,89.8,106.4,22.1,110.8,105.9,11.93,11.93,0,0,0,Chris Carter,NA,208
475100,2015,162,9,9,88.2,102.3,17.1,108.5,102.6,5.56,5.56,0,0,0,Scott Van Slyke,NA,253
475100,2016,77,6,6,86,103.5,15.6,108.3,102.6,7.79,7.79,0,0,0,Scott Van Slyke,NA,113
475100,2017,26,2,4,86.5,104.6,17.9,107.7,103.8,7.69,15.38,7.69,2,-100,Scott Van Slyke,NA,48
475115,2015,36,2,2,90.5,103.6,7.3,106.6,102.9,5.56,5.56,0,0,0,Tyson Ross,NA,68
475115,2018,26,2,1,86,100.5,0.8,103.2,100,7.69,3.85,-3.84,-1,50,Tyson Ross,NA,46
475174,2015,305,10,10,87.8,102.7,7.3,107.8,101.3,3.28,3.28,0,0,0,Yonder Alonso,NA,402
475174,2016,406,15,15,88.1,104.7,10.6,110.6,104,3.69,3.69,0,0,0,Yonder Alonso,NA,532
475174,2017,333,31,33,89.2,105,19.4,111.5,105.3,9.31,9.91,0.6,2,-6.5,Yonder Alonso,NA,521
475174,2018,389,38,34,87.7,103.8,15.5,112.3,104.2,9.77,8.74,-1.03,-4,10.5,Yonder Alonso,NA,574
475174,2019,224,11,12,87.9,104.2,13.9,108.5,103.6,4.91,5.36,0.45,1,-9.1,Yonder Alonso,NA,335
475243,2015,13,0,0,79.7,95.8,18.2,106.2,NA,0,0,0,0,0,Travis Wood,NA,32
475243,2016,6,0,0,83.2,98.1,29.2,101.6,NA,0,0,0,0,0,Travis Wood,NA,12
475243,2017,11,1,1,88,104,25.1,105.9,102.6,9.09,9.09,0,0,0,Travis Wood,NA,18
475247,2015,186,10,10,88.9,102.9,9.9,112.1,105,5.38,5.38,0,0,0,Ryan Flaherty,NA,301
475247,2016,108,6,6,88.6,104.9,8,108.6,106.9,5.56,5.56,0,0,0,Ryan Flaherty,NA,176
475247,2017,28,0,0,86.9,99.6,8.7,105.9,NA,0,0,0,0,0,Ryan Flaherty,NA,43
475247,2018,121,3,3,86.5,102.4,-0.1,106.7,104.7,2.48,2.48,0,0,0,Ryan Flaherty,NA,182
475247,2019,15,1,1,87.1,104.2,9.1,106.2,102.5,6.67,6.67,0,0,0,Ryan Flaherty,NA,22
475253,2015,211,27,26,91,105.4,11.3,111.1,104.6,12.8,12.32,-0.48,-1,3.7,Justin Smoak,NA,328
475253,2016,185,22,22,91.6,105.3,18.7,110.2,104.3,11.89,11.89,0,0,0,Justin Smoak,NA,341
475253,2017,433,53,60,89.6,104.7,17.1,110,103.9,12.24,13.86,1.62,7,-13.2,Justin Smoak,NA,637
475253,2018,351,38,36,89.5,104.8,15.1,110.7,104.4,10.83,10.26,-0.57,-2,5.3,Justin Smoak,NA,594
475253,2019,308,33,33,90.3,104.5,16.7,110.8,104.4,10.71,10.71,0,0,0,Justin Smoak,NA,500
475416,2015,2,0,0,92.2,93.8,-7,94.2,NA,0,0,0,0,0,Justin Masterson,NA,3
475479,2015,18,0,0,83.7,101,-11.2,102.1,NA,0,0,0,0,0,David Phelps,NA,40
475479,2016,8,0,0,72.3,85.7,-8.1,88.9,NA,0,0,0,0,0,David Phelps,NA,13
475582,2015,273,23,23,91.8,107.5,8,111.3,106.3,8.42,8.42,0,0,0,Ryan Zimmerman,NA,390
475582,2016,319,23,23,92.6,108.4,9.1,113.9,105.3,7.21,7.21,0,0,0,Ryan Zimmerman,NA,467
475582,2017,397,46,51,91.4,107.8,8.3,113.1,105.7,11.59,12.85,1.26,5,-10.9,Ryan Zimmerman,NA,576
475582,2018,235,29,24,92.6,106.9,7.1,110.8,104.9,12.34,10.21,-2.13,-5,17.2,Ryan Zimmerman,NA,323
475582,2019,134,7,8,91.4,105.4,9.7,110.6,105.8,5.22,5.97,0.75,1,-14.3,Ryan Zimmerman,NA,190
475582,2021,180,20,18,91.3,107.1,7.4,111.5,104.6,11.11,10,-1.11,-2,10,Ryan Zimmerman,NA,273
476192,2015,34,1,1,86.4,104.4,6.6,108.7,106.1,2.94,2.94,0,0,0,Johnny Monell,NA,52
476270,2015,32,0,0,79.6,98,-5.7,103.7,NA,0,0,0,0,0,Steve Tolleson,NA,45
476451,2015,27,0,0,85.2,95.3,6.9,98,NA,0,0,0,0,0,Jeremy Hellickson,NA,49
476451,2016,31,0,0,78.2,93.8,-10.2,96.7,NA,0,0,0,0,0,Jeremy Hellickson,NA,66
476451,2017,24,0,0,72.7,84.7,-11.3,96.8,NA,0,0,0,0,0,Jeremy Hellickson,NA,39
476451,2018,20,0,0,75.9,93.6,1.6,94.7,NA,0,0,0,0,0,Jeremy Hellickson,NA,35
476451,2019,5,0,0,76.6,96.3,-12,98.1,NA,0,0,0,0,0,Jeremy Hellickson,NA,13
476589,2015,2,0,0,72.3,81.7,6.5,84.1,NA,0,0,0,0,0,Adam Warren,NA,3
476594,2021,2,1,1,89,97.4,9.5,99.5,99.5,50,50,0,0,0,Robert Stock,NA,4
476633,2015,70,4,4,88.7,101.4,26,108.8,103.5,5.71,5.71,0,0,0,Chris Parmelee,NA,102
476633,2016,5,2,2,97.7,106.8,19.2,108.2,106.4,40,40,0,0,0,Chris Parmelee,NA,8
476704,2015,187,5,5,89,100.2,16.2,105.8,100.5,2.67,2.67,0,0,0,Jed Lowrie,NA,263
476704,2016,272,1,2,85.7,99,11.4,107,98,0.37,0.74,0.37,1,-100,Jed Lowrie,NA,369
476704,2017,467,26,30,89,101.2,18.5,106.3,102,5.57,6.42,0.85,4,-15.4,Jed Lowrie,NA,645
476704,2018,470,25,22,89,101.6,17.1,108,103,5.32,4.68,-0.64,-3,12,Jed Lowrie,NA,680
476704,2019,3,0,0,79.9,87.9,23.7,89.6,NA,0,0,0,0,0,Jed Lowrie,NA,8
476704,2021,353,31,23,90.7,103.9,16.4,109.9,103.4,8.78,6.52,-2.26,-8,25.8,Jed Lowrie,NA,512
476704,2022,130,3,3,85.8,101.1,15.6,105.9,103.8,2.31,2.31,0,0,0,Jed Lowrie,NA,184
476883,2015,309,33,33,91.8,109.7,6.8,115.4,108.2,10.68,10.68,0,0,0,Pedro Álvarez,NA,491
476883,2016,237,31,31,92.7,109.7,13.2,115,106.9,13.08,13.08,0,0,0,Pedro Álvarez,NA,376
476883,2017,22,2,2,94.2,112.8,5.8,113.6,109.8,9.09,9.09,0,0,0,Pedro Álvarez,NA,34
476883,2018,75,11,10,90,107.6,11.4,115.9,107.7,14.67,13.33,-1.34,-1,9.1,Pedro Álvarez,NA,127
477003,2015,32,0,0,82.7,95.3,-3.7,100.4,NA,0,0,0,0,0,Jonathon Niese,NA,60
477003,2016,15,0,0,80.8,98.3,-13.1,101.3,NA,0,0,0,0,0,Jonathon Niese,NA,34
477132,2015,44,0,0,84.1,99.9,-3.6,105.1,NA,0,0,0,0,0,Clayton Kershaw,NA,79
477132,2016,34,0,0,87.1,97.1,-8.2,101.4,NA,0,0,0,0,0,Clayton Kershaw,NA,50
477132,2017,33,0,0,80.4,92.3,0.7,97.5,NA,0,0,0,0,0,Clayton Kershaw,NA,59
477132,2018,35,0,0,75.9,94.2,-3.2,102.5,NA,0,0,0,0,0,Clayton Kershaw,NA,57
477132,2019,32,0,0,75.4,98.6,4.4,104.4,NA,0,0,0,0,0,Clayton Kershaw,NA,65
477132,2021,27,0,0,74.8,96.4,-6.4,101.8,NA,0,0,0,0,0,Clayton Kershaw,NA,39
477165,2015,63,9,9,88.6,106.7,11.7,111.1,106.6,14.29,14.29,0,0,0,Brett Wallace,NA,107
477165,2016,135,11,11,88,106.9,9.8,111.8,106.2,8.15,8.15,0,0,0,Brett Wallace,NA,256
477195,2015,170,8,7,87.8,103.6,5.9,110.4,103.6,4.71,4.12,-0.59,-1,12.5,Ike Davis,NA,239
477195,2016,9,0,0,85.3,99,0.7,109,NA,0,0,0,0,0,Ike Davis,NA,15
477569,2017,1,0,0,82.6,82.6,12,82.6,NA,0,0,0,0,0,Fernando Salas,NA,2
477569,2018,1,0,0,87,87,-25,87,NA,0,0,0,0,0,Fernando Salas,NA,1
485567,2015,119,6,6,85.8,101.2,2.8,106.9,100.9,5.04,5.04,0,0,0,Ezequiel Carrera,NA,192
485567,2016,194,6,6,84.7,102.8,3.6,106.9,103.9,3.09,3.09,0,0,0,Ezequiel Carrera,NA,310
485567,2017,209,7,10,83.3,100.5,4,106.7,103.1,3.35,4.78,1.43,3,-42.9,Ezequiel Carrera,NA,325
488671,2015,111,11,11,91.3,103.6,13.2,109,104.5,9.91,9.91,0,0,0,Alex Avila,NA,219
488671,2016,92,7,7,91.3,104.8,6.9,107.5,104.8,7.61,7.61,0,0,0,Alex Avila,NA,209
488671,2017,192,28,32,91,105,12.3,107.9,103.5,14.58,16.67,2.09,4,-14.3,Alex Avila,NA,376
488671,2018,106,12,12,89.7,104.7,8.5,110.1,105.5,11.32,11.32,0,0,0,Alex Avila,NA,234
488671,2019,96,16,17,91.4,103.4,9.4,107.9,102.4,16.67,17.71,1.04,1,-6.2,Alex Avila,NA,201
488671,2021,53,5,2,87.3,104.4,10.2,108.9,103.6,9.43,3.77,-5.66,-3,60,Alex Avila,NA,111
488674,2015,1,0,0,82.9,82.9,-21,82.9,NA,0,0,0,0,0,Burke Badenhop,NA,1
488681,2015,180,2,2,86.6,100.7,10.5,108.3,101.7,1.11,1.11,0,0,0,Brandon Barnes,NA,281
488681,2016,69,5,5,85,103.9,11.6,110,104.1,7.25,7.25,0,0,0,Brandon Barnes,NA,109
488681,2018,14,0,0,85.2,99.1,11.6,108.6,NA,0,0,0,0,0,Brandon Barnes,NA,21
488689,2015,43,1,1,83.6,98.6,18.7,104.2,99.5,2.33,2.33,0,0,0,Mike Baxter,NA,66
488703,2015,2,0,0,85.3,87.2,-8.5,87.7,NA,0,0,0,0,0,Jeff Bianchi,NA,2
488721,2015,134,5,5,85.5,101.2,13.4,108.8,103.7,3.73,3.73,0,0,0,Peter Bourjos,NA,225
488721,2016,258,6,6,87.5,102.4,7.8,112.1,101.3,2.33,2.33,0,0,0,Peter Bourjos,NA,383
488721,2017,131,4,5,85.7,103.2,7.1,112.7,103.2,3.05,3.82,0.77,1,-25,Peter Bourjos,NA,203
488721,2018,28,1,1,87.6,104.8,5.7,106.9,101,3.57,3.57,0,0,0,Peter Bourjos,NA,47
488721,2019,30,1,1,85.1,97.6,20.9,109.8,109.8,3.33,3.33,0,0,0,Peter Bourjos,NA,46
488726,2015,475,17,17,88.9,103.3,9.3,110.1,102.6,3.58,3.58,0,0,0,Michael Brantley,NA,596
488726,2016,34,0,0,89.3,97.6,10.2,104.5,NA,0,0,0,0,0,Michael Brantley,NA,43
488726,2017,291,12,13,88.4,103.4,9.9,110.2,102.6,4.12,4.47,0.35,1,-8.3,Michael Brantley,NA,375
488726,2018,505,17,15,89.9,103.2,9.3,108.6,102.7,3.37,2.97,-0.4,-2,11.8,Michael Brantley,NA,631
488726,2019,499,27,30,88.8,103.2,10.5,108.9,101.8,5.41,6.01,0.6,3,-11.1,Michael Brantley,NA,637
488726,2021,417,23,16,89.4,103.2,9.8,109.4,103.4,5.52,3.84,-1.68,-7,30.4,Michael Brantley,NA,508
488726,2022,212,13,8,89.7,102.9,10.2,108.2,102.5,6.13,3.77,-2.36,-5,38.5,Michael Brantley,NA,277
488726,2023,53,0,0,90.4,102.2,14,106.2,NA,0,0,0,0,0,Michael Brantley,NA,57
488768,2015,34,1,1,82.7,101.7,-4.9,107.2,98.1,2.94,2.94,0,0,0,Andrew Cashner,NA,61
488768,2016,18,0,0,73.8,87.4,-8.6,106,NA,0,0,0,0,0,Andrew Cashner,NA,40
488768,2017,4,0,0,91.6,100.8,-2.5,105.3,NA,0,0,0,0,0,Andrew Cashner,NA,7
488768,2018,2,0,0,64,66.6,-3.5,67.2,NA,0,0,0,0,0,Andrew Cashner,NA,3
488768,2019,3,0,0,71.6,82.6,-36.7,83.4,NA,0,0,0,0,0,Andrew Cashner,NA,3
488771,2015,221,10,10,88.5,102.2,15.8,109.5,101.6,4.52,4.52,0,0,0,Jason Castro,NA,375
488771,2016,205,19,19,88.8,104.2,11.2,108.7,104.5,9.27,9.27,0,0,0,Jason Castro,NA,376
488771,2017,248,16,17,87.2,103.9,13.2,109.6,104.1,6.45,6.85,0.4,1,-6.2,Jason Castro,NA,407
488771,2018,31,2,2,87.1,104.7,4.3,109,107.5,6.45,6.45,0,0,0,Jason Castro,NA,74
488771,2019,150,25,25,91.8,107.6,14.4,110.5,105.1,16.67,16.67,0,0,0,Jason Castro,NA,275
488771,2021,96,14,13,89.3,104.7,12.9,108.9,104.8,14.58,13.54,-1.04,-1,7.1,Jason Castro,NA,179
488771,2022,39,2,2,88.6,104.7,10.1,108.7,106.6,5.13,5.13,0,0,0,Jason Castro,NA,88
488810,2015,108,6,6,85.1,102,7.8,109.5,104.7,5.56,5.56,0,0,0,Tony Cruz,NA,151
488810,2016,2,0,0,66.4,83.8,41.5,88.2,NA,0,0,0,0,0,Tony Cruz,NA,5
488810,2018,15,1,1,88.5,102.9,19.5,105.8,105.8,6.67,6.67,0,0,0,Tony Cruz,NA,26
488818,2015,10,0,0,83.4,97.1,12.9,104.8,NA,0,0,0,0,0,Chase d'Arnaud,NA,18
488818,2016,181,1,1,84.4,99.1,13.7,105.2,102.8,0.55,0.55,0,0,0,Chase d'Arnaud,NA,262
488818,2017,36,1,1,81.2,97.4,8.9,101.1,98.8,2.78,2.78,0,0,0,Chase d'Arnaud,NA,62
488818,2018,57,2,2,89,100.7,20.9,107.5,101.8,3.51,3.51,0,0,0,Chase d'Arnaud,NA,100
488846,2015,1,0,0,88,88,-12,88,NA,0,0,0,0,0,Brian Duensing,NA,1
488846,2017,1,0,0,94.6,94.6,4,94.6,NA,0,0,0,0,0,Brian Duensing,NA,4
488852,2015,19,1,1,85.1,101.6,12.8,103.1,102.4,5.26,5.26,0,0,0,Allan Dykstra,NA,38
488862,2015,456,13,12,89.7,103,4.3,109.5,102.7,2.85,2.63,-0.22,-1,7.7,Yunel Escobar,NA,591
488862,2016,444,13,13,89.1,103.2,1.7,109.5,102.4,2.93,2.93,0,0,0,Yunel Escobar,NA,567
488862,2017,297,12,15,89,104.6,2.4,111.7,102.6,4.04,5.05,1.01,3,-25,Yunel Escobar,NA,381
488912,2015,100,0,0,87.2,101.2,9.1,106.4,NA,0,0,0,0,0,Tuffy Gosewisch,NA,138
488912,2016,68,2,2,87.2,102.4,13.4,108.1,102.8,2.94,2.94,0,0,0,Tuffy Gosewisch,NA,99
488912,2017,14,0,0,82,97.1,8.2,103.7,NA,0,0,0,0,0,Tuffy Gosewisch,NA,31
488984,2021,1,0,0,99.7,99.7,9,99.7,NA,0,0,0,0,0,Tommy Hunter,NA,1
489067,2015,11,0,0,76.9,94.4,4.4,96,NA,0,0,0,0,0,Ryan Lollis,NA,13
489119,2015,2,0,0,72.9,79.3,-28,80.9,NA,0,0,0,0,0,Wade Miley,NA,2
489119,2016,9,0,0,86.3,95.9,-27,98.9,NA,0,0,0,0,0,Wade Miley,NA,12
489119,2017,2,0,0,78.7,90.1,-24.5,93,NA,0,0,0,0,0,Wade Miley,NA,4
489119,2018,15,0,0,81.5,97.4,-5.1,98.3,NA,0,0,0,0,0,Wade Miley,NA,28
489119,2019,3,0,0,87.8,93.8,1,93.8,NA,0,0,0,0,0,Wade Miley,NA,6
489119,2021,43,0,0,80.6,100.6,-1.4,104.8,NA,0,0,0,0,0,Wade Miley,NA,59
489138,2015,141,9,9,88.7,103.1,15.8,112,103.5,6.38,6.38,0,0,0,Tyler Moore,NA,200
489138,2017,135,8,13,88,102.4,17.8,105.9,102.5,5.93,9.63,3.7,5,-62.5,Tyler Moore,NA,203
489149,2015,368,22,21,89.3,105.7,11.2,113.6,104.4,5.98,5.71,-0.27,-1,4.5,Logan Morrison,NA,511
489149,2016,264,20,20,90.3,106.9,11.9,113.7,106.5,7.58,7.58,0,0,0,Logan Morrison,NA,398
489149,2017,366,46,49,88.6,106,17.6,114.4,106.2,12.57,13.39,0.82,3,-6.5,Logan Morrison,NA,601
489149,2018,232,25,23,88.3,105.9,20.1,112.6,105.1,10.78,9.91,-0.87,-2,8,Logan Morrison,NA,359
489149,2019,25,3,3,87.7,104.8,22,108.8,102.8,12,12,0,0,0,Logan Morrison,NA,38
489232,2015,42,3,3,90.1,107.7,16.3,110.3,108.9,7.14,7.14,0,0,0,Anthony Recker,NA,92
489232,2016,69,9,9,92.5,104.8,18.3,108.3,103.6,13.04,13.04,0,0,0,Anthony Recker,NA,112
489232,2017,4,0,0,93.4,104.2,7.2,107,NA,0,0,0,0,0,Anthony Recker,NA,7
489265,2015,1,0,0,82.9,82.9,-21,82.9,NA,0,0,0,0,0,Sergio Romo,NA,2
489267,2015,83,4,4,86.3,101.7,10.6,105,101.7,4.82,4.82,0,0,0,Adam Rosales,NA,125
489267,2016,130,14,14,89.6,104,15.4,109.7,104.5,10.77,10.77,0,0,0,Adam Rosales,NA,248
489267,2017,193,6,7,86.7,102.9,16.7,106.7,100.9,3.11,3.63,0.52,1,-16.7,Adam Rosales,NA,312
489267,2018,14,1,1,87.8,101.1,16.1,101.7,101.6,7.14,7.14,0,0,0,Adam Rosales,NA,21
489305,2015,31,0,0,89.5,101.3,7.5,102.9,NA,0,0,0,0,0,Xavier Scruggs,NA,43
489305,2016,39,2,2,90.8,107.1,8.1,110.7,107.8,5.13,5.13,0,0,0,Xavier Scruggs,NA,69
489334,2017,4,0,0,81.6,99.3,11.5,102,NA,0,0,0,0,0,Craig Stammen,NA,8
489334,2021,4,0,0,41.9,57.2,-28.2,61.6,NA,0,0,0,0,0,Craig Stammen,NA,7
489365,2015,40,0,0,84.7,97.4,6.8,102.7,NA,0,0,0,0,0,Josh Thole,NA,52
489365,2016,91,1,1,85.7,100.4,14.7,105.6,102.6,1.1,1.1,0,0,0,Josh Thole,NA,136
489446,2018,2,0,0,81.1,82.5,-8.5,82.9,NA,0,0,0,0,0,Kirby Yates,NA,2
490063,2015,19,0,0,78.3,95.5,0.5,97.7,NA,0,0,0,0,0,Matt Garza,NA,47
490063,2016,11,0,0,73.3,94.7,-16.2,102.7,NA,0,0,0,0,0,Matt Garza,NA,33
490063,2017,21,0,0,75.9,93.2,-15.1,98.2,NA,0,0,0,0,0,Matt Garza,NA,37
491676,2015,5,0,0,70.5,86,-29.8,88.1,NA,0,0,0,0,0,Gorkys Hernández,NA,5
491676,2016,39,2,2,90.1,101.8,16.4,107.6,101.6,5.13,5.13,0,0,0,Gorkys Hernández,NA,57
491676,2017,234,4,6,85,100.7,9.5,108.9,102.4,1.71,2.56,0.85,2,-50,Gorkys Hernández,NA,348
491676,2018,305,21,18,86.5,103.8,12.1,108.5,103.2,6.89,5.9,-0.99,-3,14.3,Gorkys Hernández,NA,451
491676,2019,36,1,1,79.2,100.2,11.5,106.8,98.3,2.78,2.78,0,0,0,Gorkys Hernández,NA,57
491696,2015,104,0,0,85,100.6,10.1,106,NA,0,0,0,0,0,Jesús Sucre,NA,142
491696,2016,20,2,2,88.8,101.9,5.2,103.2,101.8,10,10,0,0,0,Jesús Sucre,NA,29
491696,2017,146,6,8,86.1,102,14.3,107.3,103.9,4.11,5.48,1.37,2,-33.3,Jesús Sucre,NA,192
491696,2018,158,0,0,85,99.7,10,106.1,NA,0,0,0,0,0,Jesús Sucre,NA,198
491696,2019,49,0,0,88,100.5,7.5,102.5,NA,0,0,0,0,0,Jesús Sucre,NA,67
491708,2016,1,0,0,99.9,99.9,-10,99.9,NA,0,0,0,0,0,Arquimedes Caminero,NA,2
492802,2016,11,0,0,85.8,99.3,4.5,103.2,NA,0,0,0,0,0,Juan Graterol,NA,15
492802,2017,72,0,0,81.2,95.1,6.7,104.6,NA,0,0,0,0,0,Juan Graterol,NA,87
492802,2018,8,0,0,77.8,87.2,0.2,88,NA,0,0,0,0,0,Juan Graterol,NA,9
492802,2019,14,0,0,82.1,96.3,8.6,99.2,NA,0,0,0,0,0,Juan Graterol,NA,18
492841,2015,17,0,0,85.9,101,-3.4,103.5,NA,0,0,0,0,0,Michael Martinez,NA,32
492841,2016,76,1,1,84.8,101,14,106,100.6,1.32,1.32,0,0,0,Michael Martinez,NA,106
492841,2017,22,0,0,87.2,95.3,13.4,102.3,NA,0,0,0,0,0,Michael Martinez,NA,43
493114,2015,320,2,2,85.1,97.8,1.5,104.9,101.1,0.62,0.62,0,0,0,Norichika Aoki,NA,392
493114,2016,358,2,3,86.8,98.7,2.9,104.8,103,0.56,0.84,0.28,1,-50,Norichika Aoki,NA,467
493114,2017,297,3,4,86,99.4,4.3,106.6,101.3,1.01,1.35,0.34,1,-33.3,Norichika Aoki,NA,374
493128,2015,21,0,0,85,94.1,2.1,101.1,NA,0,0,0,0,0,Munenori Kawasaki,NA,34
493128,2016,10,0,0,86.2,97,7.4,100.4,NA,0,0,0,0,0,Munenori Kawasaki,NA,26
493159,2015,3,0,0,68.6,85.2,27.3,87.6,NA,0,0,0,0,0,Tsuyoshi Wada,NA,9
493193,2016,214,17,17,87.5,103.2,6.8,109.3,103.3,7.94,7.94,0,0,0,Dae-Ho Lee,NA,317
493316,2015,487,53,53,92.1,107.6,12.2,112.9,106.9,10.88,10.88,0,0,0,Yoenis Cespedes,NA,676
493316,2016,375,37,37,91.7,107.6,16.3,114.6,106.7,9.87,9.87,0,0,0,Yoenis Cespedes,NA,543
493316,2017,231,24,27,90.1,107,18.9,115.2,106.6,10.39,11.69,1.3,3,-12.5,Yoenis Cespedes,NA,321
493316,2018,93,9,8,90.8,106.9,19.7,115.1,107.8,9.68,8.6,-1.08,-1,11.1,Yoenis Cespedes,NA,157
493329,2016,118,3,3,88.8,102.3,10,106.7,101.2,2.54,2.54,0,0,0,Yuli Gurriel,NA,137
493329,2017,470,15,18,89.9,105.5,10.4,114.4,102.7,3.19,3.83,0.64,3,-20,Yuli Gurriel,NA,564
493329,2018,481,8,6,89.3,102.4,11.5,107.9,100.3,1.66,1.25,-0.41,-2,25,Yuli Gurriel,NA,573
493329,2019,494,17,17,89.3,103.4,14.3,110.6,102.1,3.44,3.44,0,0,0,Yuli Gurriel,NA,612
493329,2021,474,16,15,89.8,104.2,13.4,109.1,101.8,3.38,3.16,-0.22,-1,6.2,Yuli Gurriel,NA,605
493329,2022,472,9,3,88.2,103.1,14.5,109.6,101.5,1.91,0.64,-1.27,-6,66.7,Yuli Gurriel,NA,584
493329,2023,257,4,1,88.6,102.5,16.4,107.9,100,1.56,0.39,-1.17,-3,75,Yuli Gurriel,NA,329
493329,2024,41,1,0,90.3,104.4,7.5,106,100.3,2.44,0,-2.44,-1,100,Yuli Gurriel,NA,65
493329,2025,27,0,0,85.1,99.5,25,107.9,NA,0,0,0,0,0,Yuli Gurriel,NA,40
493343,2015,67,1,1,86.1,101.2,11,108.6,104.4,1.49,1.49,0,0,0,Héctor Olivera,NA,87
493343,2016,15,0,0,85.3,106.5,5.1,110.1,NA,0,0,0,0,0,Héctor Olivera,NA,21
493351,2015,508,5,4,84.6,99.5,8.5,107.2,100.9,0.98,0.79,-0.19,-1,20,Alexei Ramirez,NA,622
493351,2016,411,2,2,84.5,99,9,105.5,99.8,0.49,0.49,0,0,0,Alexei Ramirez,NA,506
493472,2015,137,4,4,87.2,102.2,8.5,106.6,102.3,2.92,2.92,0,0,0,Eric Campbell,NA,206
493472,2016,50,0,0,88.3,101.1,7.2,106.9,NA,0,0,0,0,0,Eric Campbell,NA,88
493472,2021,10,0,0,83.9,97.2,13.5,105.4,NA,0,0,0,0,0,Eric Campbell,NA,12
493596,2015,167,2,2,84.7,100.9,11.4,105.6,102.1,1.2,1.2,0,0,0,Gordon Beckham,NA,237
493596,2016,193,5,5,88,101.9,12.6,108.5,101.9,2.59,2.59,0,0,0,Gordon Beckham,NA,279
493596,2017,14,0,0,79,93.6,11.1,103.9,NA,0,0,0,0,0,Gordon Beckham,NA,18
493596,2018,33,2,2,86.8,100,14.5,106.6,100.3,6.06,6.06,0,0,0,Gordon Beckham,NA,50
493596,2019,155,14,14,86.2,101.9,14.1,109.4,103,9.03,9.03,0,0,0,Gordon Beckham,NA,240
499624,2015,237,21,21,90,105,9.7,111.6,105.1,8.86,8.86,0,0,0,Chris Colabello,NA,360
499624,2016,20,0,0,86.2,100.4,1.6,104.1,NA,0,0,0,0,0,Chris Colabello,NA,32
499864,2015,10,0,0,83.3,97.7,22,97.7,NA,0,0,0,0,0,Luis Jimenez,NA,17
500135,2018,150,5,5,85,101.4,12.7,106.5,102.4,3.33,3.33,0,0,0,Ronny Rodríguez,NA,206
500135,2019,194,15,15,88.1,103.7,15.9,111.1,103.7,7.73,7.73,0,0,0,Ronny Rodríguez,NA,294
500207,2015,19,0,0,83.9,98.8,6,103.5,NA,0,0,0,0,0,Jhonatan Solano,NA,21
500208,2015,463,10,10,88,101.8,11.4,110.6,103.9,2.16,2.16,0,0,0,Yangervis Solarte,NA,571
500208,2016,339,13,13,88.4,103.5,12.7,110.2,102.7,3.83,3.83,0,0,0,Yangervis Solarte,NA,443
500208,2017,406,14,17,85.4,102.6,14.7,110.2,103.7,3.45,4.19,0.74,3,-21.4,Yangervis Solarte,NA,512
500208,2018,400,17,15,87,102.5,13.8,113.1,106.5,4.25,3.75,-0.5,-2,11.8,Yangervis Solarte,NA,506
500208,2019,57,1,2,82.9,100.5,6.9,109.9,99.5,1.75,3.51,1.76,1,-100,Yangervis Solarte,NA,78
500610,2015,1,0,0,93.1,93.1,-7,93.1,NA,0,0,0,0,0,Deolis Guerra,NA,1
500724,2017,2,0,0,87.9,92,-22.5,93,NA,0,0,0,0,0,JC Ramírez,NA,3
500743,2015,123,0,0,87.4,100.8,4.2,107.4,NA,0,0,0,0,0,Miguel Rojas,NA,157
500743,2016,164,1,1,83,101,5.7,106.9,101.2,0.61,0.61,0,0,0,Miguel Rojas,NA,214
500743,2017,239,0,2,83.4,100.4,9.4,106.4,NA,0,0.84,0.84,2,0,Miguel Rojas,NA,306
500743,2018,423,4,4,84.3,99.8,9.2,106.6,105,0.95,0.95,0,0,0,Miguel Rojas,NA,528
500743,2019,426,9,10,87.2,102,8.9,109.2,102,2.11,2.35,0.24,1,-11.1,Miguel Rojas,NA,526
500743,2021,422,11,7,86,101.6,11.3,109.4,102.6,2.61,1.66,-0.95,-4,36.4,Miguel Rojas,NA,539
500743,2022,413,7,4,85.9,101.3,10,109.1,102.5,1.69,0.97,-0.72,-3,42.9,Miguel Rojas,NA,507
500743,2023,344,8,4,86.8,101.4,10.3,108.7,100.3,2.33,1.16,-1.17,-4,50,Miguel Rojas,NA,423
500743,2024,276,5,3,84.1,101.2,9,109.1,103.2,1.81,1.09,-0.72,-2,40,Miguel Rojas,NA,337
500743,2025,245,8,5,85.9,102,11.3,109.1,103.2,3.27,2.04,-1.23,-3,37.5,Miguel Rojas,NA,317
500743,2026,65,3,0,84.1,101.2,10.2,108.3,101.6,4.62,0,-4.62,-3,100,Miguel Rojas,NA,77
500779,2015,3,0,0,83.6,85,-27.7,85.5,NA,0,0,0,0,0,Jose Quintana,NA,9
500779,2016,1,0,0,71.2,71.2,-18,71.2,NA,0,0,0,0,0,Jose Quintana,NA,2
500779,2017,9,0,0,78.1,87.4,-9.3,95.8,NA,0,0,0,0,0,Jose Quintana,NA,33
500779,2018,26,0,0,80.3,98.3,-12.8,105.4,NA,0,0,0,0,0,Jose Quintana,NA,58
500779,2019,26,0,0,77.4,96.6,-7.9,103.2,NA,0,0,0,0,0,Jose Quintana,NA,63
500779,2021,1,0,0,76.2,76.2,4,76.2,NA,0,0,0,0,0,Jose Quintana,NA,2
500871,2015,324,18,18,86.5,100,14.2,107.6,102.7,5.56,5.56,0,0,0,Eduardo Escobar,NA,446
500871,2016,272,9,9,85.6,102,15.1,107.7,103,3.31,3.31,0,0,0,Eduardo Escobar,NA,377
500871,2017,362,28,30,86.4,102.8,17.5,108.4,103,7.73,8.29,0.56,2,-7.1,Eduardo Escobar,NA,499
500871,2018,441,35,32,86.7,101.8,18.9,108.8,103,7.94,7.26,-0.68,-3,8.6,Eduardo Escobar,NA,631
500871,2019,516,34,36,87.7,101.2,18.3,106.9,102.5,6.59,6.98,0.39,2,-5.9,Eduardo Escobar,NA,699
500871,2021,425,37,33,86.9,103.2,20.6,110.8,104.1,8.71,7.76,-0.95,-4,10.8,Eduardo Escobar,NA,599
500871,2022,371,31,25,88.3,104.3,20.6,111.5,104.9,8.36,6.74,-1.62,-6,19.4,Eduardo Escobar,NA,542
500871,2023,209,8,4,86,100.9,14,108.9,102.4,3.83,1.91,-1.92,-4,50,Eduardo Escobar,NA,309
500874,2016,14,0,0,89.3,104,5.9,105.4,NA,0,0,0,0,0,José A. Martínez,NA,18
500874,2017,214,22,25,90.6,105.4,10.9,111.5,105.1,10.28,11.68,1.4,3,-13.6,José A. Martínez,NA,307
500874,2018,434,39,32,90.8,106.5,8.1,113.8,105.6,8.99,7.37,-1.62,-7,17.9,José A. Martínez,NA,590
500874,2019,252,16,17,88.6,105.6,6.9,110.8,104.9,6.35,6.75,0.4,1,-6.2,José A. Martínez,NA,373
500887,2016,1,0,0,91.2,91.2,23,91.2,NA,0,0,0,0,0,Josmil Pinto,NA,6
501213,2018,36,3,3,88.6,106,4.9,111.8,108.4,8.33,8.33,0,0,0,Moisés Sierra,NA,60
501245,2015,5,0,0,85.7,97.3,-3.6,102,NA,0,0,0,0,0,Alfredo Marte,NA,8
501255,2015,97,0,0,83.1,99.8,8.8,105.4,NA,0,0,0,0,0,Rafael Ynoa,NA,131
501255,2016,3,0,0,81.7,88.2,22.3,90.3,NA,0,0,0,0,0,Rafael Ynoa,NA,5
501303,2015,89,1,1,83.2,98.1,12.4,104.8,99.6,1.12,1.12,0,0,0,Ehire Adrianza,NA,134
501303,2016,49,0,0,81.8,96.7,10.9,101.7,NA,0,0,0,0,0,Ehire Adrianza,NA,71
501303,2017,141,3,3,84.2,99.7,14.1,105.8,100.6,2.13,2.13,0,0,0,Ehire Adrianza,NA,186
501303,2018,252,12,8,85.7,100.9,15.7,107.1,101.5,4.76,3.17,-1.59,-4,33.3,Ehire Adrianza,NA,366
501303,2019,167,6,6,85.8,100.6,14.4,106.9,103,3.59,3.59,0,0,0,Ehire Adrianza,NA,236
501303,2021,143,4,4,84.6,101,12.7,105.4,102.6,2.8,2.8,0,0,0,Ehire Adrianza,NA,209
501303,2022,73,1,0,83.2,97.6,12.2,104.2,103.6,1.37,0,-1.37,-1,100,Ehire Adrianza,NA,110
501303,2023,6,0,0,84,101,11.2,101.2,NA,0,0,0,0,0,Ehire Adrianza,NA,11
501303,2024,15,0,0,88.4,99.3,4.8,100.7,NA,0,0,0,0,0,Ehire Adrianza,NA,28
501381,2015,1,0,0,86.9,86.9,-25,86.9,NA,0,0,0,0,0,Michael Pineda,NA,2
501381,2017,1,0,0,99,99,3,99,NA,0,0,0,0,0,Michael Pineda,NA,4
501381,2019,3,0,0,81.8,85.4,-13.3,86,NA,0,0,0,0,0,Michael Pineda,NA,4
501381,2021,2,0,0,82.2,95.6,-48.5,98.9,NA,0,0,0,0,0,Michael Pineda,NA,3
501571,2015,350,5,5,90.6,105.2,8.5,112.7,103.5,1.43,1.43,0,0,0,Juan Lagares,NA,465
501571,2016,116,4,4,86.8,102.1,13.5,108.8,101.2,3.45,3.45,0,0,0,Juan Lagares,NA,160
501571,2017,195,4,5,85.5,103.1,9.3,109.9,103.3,2.05,2.56,0.51,1,-25,Juan Lagares,NA,272
501571,2018,50,0,0,88.4,103.3,5.8,110.3,NA,0,0,0,0,0,Juan Lagares,NA,64
501571,2019,179,4,5,87.7,103.3,11,108.6,103.1,2.23,2.79,0.56,1,-25,Juan Lagares,NA,285
501571,2021,237,15,10,87.8,105.8,8.8,112.2,105.5,6.33,4.22,-2.11,-5,33.3,Juan Lagares,NA,327
501571,2022,45,1,1,88.4,102.6,14.4,107.3,102.4,2.22,2.22,0,0,0,Juan Lagares,NA,62
501593,2015,1,0,0,73.6,73.6,-24,73.6,NA,0,0,0,0,0,Luis Avilán,NA,1
501593,2017,1,0,0,96.5,96.5,29,96.5,NA,0,0,0,0,0,Luis Avilán,NA,2
501625,2016,1,0,0,82.9,82.9,-21,82.9,NA,0,0,0,0,0,Jose Alvarez,NA,1
501625,2021,1,0,0,37.7,37.7,-48,37.7,NA,0,0,0,0,0,Jose Alvarez,NA,5
501647,2015,172,7,7,88.1,106,5.5,113.8,105.1,4.07,4.07,0,0,0,Wilin Rosario,NA,242
501659,2015,171,10,9,88.1,105.8,6,110.1,103.9,5.85,5.26,-0.59,-1,10,Abraham Almonte,NA,258
501659,2016,139,7,8,88.5,104.2,8.8,111.1,102.8,5.04,5.76,0.72,1,-14.3,Abraham Almonte,NA,194
501659,2017,127,8,8,88,104.7,4.3,109.3,102.5,6.3,6.3,0,0,0,Abraham Almonte,NA,195
501659,2018,97,7,6,88.8,103.5,7.5,110.9,104,7.22,6.19,-1.03,-1,14.3,Abraham Almonte,NA,151
501659,2019,23,1,1,89.7,104.8,9.2,111.9,104.4,4.35,4.35,0,0,0,Abraham Almonte,NA,38
501659,2021,110,6,6,89.3,104.6,10.5,109.8,102.2,5.45,5.45,0,0,0,Abraham Almonte,NA,175
501659,2022,23,1,1,88.1,99.5,14.5,110.7,110.7,4.35,4.35,0,0,0,Abraham Almonte,NA,37
501659,2023,7,0,0,91,104.1,3.9,106.9,NA,0,0,0,0,0,Abraham Almonte,NA,16
501697,2016,2,0,0,91.2,98.6,34.5,100.5,NA,0,0,0,0,0,Jhan Mariñez,NA,3
501697,2017,2,0,0,96.8,98.4,7.5,98.8,NA,0,0,0,0,0,Jhan Mariñez,NA,6
501800,2015,51,1,1,85,101,6.1,103.7,103.7,1.96,1.96,0,0,0,Allen Craig,NA,88
501822,2015,1,0,0,81,81,48,81,NA,0,0,0,0,0,Chris Hatcher,NA,1
501822,2016,3,0,0,82.2,97.9,-19,101.6,NA,0,0,0,0,0,Chris Hatcher,NA,3
501888,2016,7,0,0,89.2,102.1,4.1,102.3,NA,0,0,0,0,0,Ryan Kalish,NA,10
501896,2015,313,22,22,89,105.1,6.4,114.1,103.2,7.03,7.03,0,0,0,David Freese,NA,470
501896,2016,284,23,23,91,105.9,2.3,111.2,103.9,8.1,8.1,0,0,0,David Freese,NA,492
501896,2017,312,18,21,88.9,104.9,3.1,110.2,103.6,5.77,6.73,0.96,3,-16.7,David Freese,NA,503
501896,2018,210,18,16,90.7,104.5,7.3,110.9,103.9,8.57,7.62,-0.95,-2,11.1,David Freese,NA,312
501896,2019,117,18,18,91.5,105,11,110,102.9,15.38,15.38,0,0,0,David Freese,NA,186
501936,2016,1,0,0,80,80,-44,80,NA,0,0,0,0,0,Matt Buschmann,NA,1
501957,2016,1,0,0,36.6,36.6,-47,36.6,NA,0,0,0,0,0,Chris Tillman,NA,3
501981,2015,269,39,39,89.8,105.4,12.4,110.8,105.7,14.5,14.5,0,0,0,Khris Davis,NA,440
501981,2016,387,64,64,91.9,107.4,13.1,115.9,106.4,16.54,16.54,0,0,0,Khris Davis,NA,610
501981,2017,378,64,68,92.2,107,14.2,113.5,105.5,16.93,17.99,1.06,4,-6.2,Khris Davis,NA,652
501981,2018,404,68,67,92.5,107.1,18.1,112.8,105.7,16.83,16.58,-0.25,-1,1.5,Khris Davis,NA,654
501981,2019,329,31,32,90.2,104.8,13,109.9,104.2,9.42,9.73,0.31,1,-3.2,Khris Davis,NA,533
501981,2021,73,8,8,89.9,105.6,13.6,110.9,105.6,10.96,10.96,0,0,0,Khris Davis,NA,114
501983,2015,167,5,5,88.3,106,10.1,110.1,103.8,2.99,2.99,0,0,0,Travis Snider,NA,265
501985,2018,2,1,0,99.5,104,26.5,105.1,105.1,50,0,-50,-1,100,Mike Minor,NA,3
501985,2019,3,0,0,87.5,94.1,-4,94.6,NA,0,0,0,0,0,Mike Minor,NA,10
501985,2021,3,0,0,85.4,101.5,-1.3,103,NA,0,0,0,0,0,Mike Minor,NA,7
501986,2016,26,0,1,85,97.8,21,101.9,NA,0,3.85,3.85,1,0,Cedric Hunter,NA,36
501992,2015,1,1,1,100.2,100.2,33,100.2,100.2,100,100,0,0,0,Nate Karns,NA,5
501992,2016,1,0,0,71,71,-27,71,NA,0,0,0,0,0,Nate Karns,NA,1
502004,2017,1,0,0,82.7,82.7,7,82.7,NA,0,0,0,0,0,George Kontos,NA,2
502009,2015,17,0,0,81.2,95.4,10.2,95.8,NA,0,0,0,0,0,Mat Latos,NA,34
502009,2016,2,0,0,88.1,97.5,26,99.9,NA,0,0,0,0,0,Mat Latos,NA,5
502009,2017,3,0,0,82.4,92.3,15.7,94.7,NA,0,0,0,0,0,Mat Latos,NA,3
502023,2015,2,0,0,84.8,86.3,-8.5,86.7,NA,0,0,0,0,0,Travis Tartamella,NA,2
502029,2017,30,2,2,84.8,99.3,24.2,109.1,104.7,6.67,6.67,0,0,0,Chris Marrero,NA,41
502032,2015,3,0,0,94.1,95.7,5.7,96.1,NA,0,0,0,0,0,Bud Norris,NA,4
502032,2016,19,0,0,82.8,99.6,4.9,102.9,NA,0,0,0,0,0,Bud Norris,NA,38
502034,2015,3,0,0,76.8,98.4,-19.7,100.1,NA,0,0,0,0,0,Emmanuel Burriss,NA,5
502034,2016,36,0,0,83.2,98.2,5.6,106.6,NA,0,0,0,0,0,Emmanuel Burriss,NA,50
502042,2015,2,0,0,87.8,96.5,-3,98.7,NA,0,0,0,0,0,Chris Archer,NA,5
502042,2016,4,0,0,89.4,93,7.2,93.4,NA,0,0,0,0,0,Chris Archer,NA,8
502042,2017,5,0,0,71.9,89.3,-15.2,90.6,NA,0,0,0,0,0,Chris Archer,NA,8
502042,2018,9,0,0,81.1,99.9,-5.9,100,NA,0,0,0,0,0,Chris Archer,NA,17
502042,2019,16,0,0,82.8,91,3.5,103.6,NA,0,0,0,0,0,Chris Archer,NA,41
502043,2015,3,0,0,81.3,84.5,-19,84.9,NA,0,0,0,0,0,Kyle Gibson,NA,5
502043,2016,2,0,0,60,79.8,-11.5,84.7,NA,0,0,0,0,0,Kyle Gibson,NA,8
502043,2018,2,0,0,92.2,93,5.5,93.2,NA,0,0,0,0,0,Kyle Gibson,NA,2
502043,2021,20,0,0,73.9,97.7,-9.1,104.1,NA,0,0,0,0,0,Kyle Gibson,NA,30
502046,2015,26,0,0,78.8,95.2,-8.4,99.7,NA,0,0,0,0,0,Jeff Locke,NA,54
502046,2016,16,0,0,71.1,87.6,-18.6,94.3,NA,0,0,0,0,0,Jeff Locke,NA,39
502046,2017,1,0,0,80.6,80.6,-28,80.6,NA,0,0,0,0,0,Jeff Locke,NA,11
502051,2017,1,0,0,82.6,82.6,-34,82.6,NA,0,0,0,0,0,Josh Ravin,NA,2
502054,2015,111,10,9,91.7,108.6,6.8,113,108.2,9.01,8.11,-0.9,-1,10,Tommy Pham,NA,173
502054,2016,88,14,14,92.5,106.9,8.2,111.8,105.6,15.91,15.91,0,0,0,Tommy Pham,NA,183
502054,2017,330,28,33,89.5,106.2,6.8,111.6,105.6,8.48,10,1.52,5,-17.9,Tommy Pham,NA,530
502054,2018,357,34,30,92.8,107.3,6.7,112.1,105,9.52,8.4,-1.12,-4,11.8,Tommy Pham,NA,570
502054,2019,443,32,32,90.9,106.5,5.2,113.3,105.7,7.22,7.22,0,0,0,Tommy Pham,NA,654
502054,2021,350,32,29,90.8,106,7.6,112.7,104.6,9.14,8.29,-0.85,-3,9.4,Tommy Pham,NA,561
502054,2022,390,29,22,92.2,106.1,8.1,112.6,104.9,7.44,5.64,-1.8,-7,24.1,Tommy Pham,NA,622
502054,2023,326,33,27,92.3,107.6,5.7,113.7,105.6,10.12,8.28,-1.84,-6,18.2,Tommy Pham,NA,481
502054,2024,334,23,19,90.4,105.8,11,112.9,104.1,6.89,5.69,-1.2,-4,17.4,Tommy Pham,NA,478
502054,2025,301,19,17,91.6,107.3,7.2,112.3,105.9,6.31,5.65,-0.66,-2,10.5,Tommy Pham,NA,449
502054,2026,6,0,0,91.7,104.8,10.7,106,NA,0,0,0,0,0,Tommy Pham,NA,14
502082,2015,262,9,9,85.5,101.4,16.3,108.9,104.1,3.44,3.44,0,0,0,Lonnie Chisenhall,NA,362
502082,2016,314,9,9,86,101.9,18.1,108.7,102,2.87,2.87,0,0,0,Lonnie Chisenhall,NA,418
502082,2017,183,19,20,86.3,103.1,16.6,109.3,103.2,10.38,10.93,0.55,1,-5.3,Lonnie Chisenhall,NA,270
502082,2018,71,2,1,85.8,103,21.4,107.5,103.1,2.82,1.41,-1.41,-1,50,Lonnie Chisenhall,NA,95
502100,2015,6,0,0,85.2,95.5,3.8,97.1,NA,0,0,0,0,0,Alex Presley,NA,13
502100,2016,95,2,4,85.5,98.9,9,103,101.8,2.11,4.21,2.1,2,-100,Alex Presley,NA,134
502100,2017,195,0,3,85.5,99,9.7,105.2,NA,0,1.54,1.54,3,0,Alex Presley,NA,264
502110,2015,414,69,67,91.3,106.9,16.2,113.2,105.7,16.67,16.18,-0.49,-2,2.9,J.D. Martinez,NA,657
502110,2016,335,44,45,91.5,107.1,13.4,114.7,106,13.13,13.43,0.3,1,-2.3,J.D. Martinez,NA,517
502110,2017,306,58,61,91,107.8,15.5,114.8,106.6,18.95,19.93,0.98,3,-5.2,J.D. Martinez,NA,489
502110,2018,429,65,62,93,107.8,10.7,116.7,106,15.15,14.45,-0.7,-3,4.6,J.D. Martinez,NA,649
502110,2019,441,49,53,91.4,106.5,12.5,112.6,104.9,11.11,12.02,0.91,4,-8.2,J.D. Martinez,NA,657
502110,2021,425,50,44,92.1,106.4,16.9,113.2,105.2,11.76,10.35,-1.41,-6,12,J.D. Martinez,NA,634
502110,2022,392,43,32,89.1,105.6,14.1,111.6,104.6,10.97,8.16,-2.81,-11,25.6,J.D. Martinez,NA,596
502110,2023,293,49,43,93.4,107.3,16.8,112.1,105.2,16.72,14.68,-2.04,-6,12.2,J.D. Martinez,NA,479
502110,2024,294,41,30,91,105.7,14.4,110.8,103.8,13.95,10.2,-3.75,-11,26.8,J.D. Martinez,NA,495
502117,2015,64,1,1,83,97.6,9.2,105,105,1.56,1.56,0,0,0,Kristopher Negrón,NA,107
502117,2017,18,0,0,85.4,98.3,7.9,104.1,NA,0,0,0,0,0,Kristopher Negrón,NA,31
502117,2018,22,1,1,85.5,97.5,6.3,103.4,103.4,4.55,4.55,0,0,0,Kristopher Negrón,NA,33
502117,2019,52,2,2,84.1,98.1,9.4,103.3,100.7,3.85,3.85,0,0,0,Kristopher Negrón,NA,82
502126,2015,150,7,5,87,102.5,12.4,110.6,102.3,4.67,3.33,-1.34,-2,28.6,Domonic Brown,NA,204
502143,2015,261,25,25,91.9,105.7,6,112.6,105,9.58,9.58,0,0,0,Danny Valencia,NA,378
502143,2016,355,23,25,90.1,106.3,9.8,113.8,105.6,6.48,7.04,0.56,2,-8.7,Danny Valencia,NA,517
502143,2017,333,18,21,88.2,105.5,8.9,114,106.5,5.41,6.31,0.9,3,-16.7,Danny Valencia,NA,500
502143,2018,205,15,14,90.7,107,9.2,113.4,105.6,7.32,6.83,-0.49,-1,6.7,Danny Valencia,NA,282
502151,2017,8,0,0,83.9,97.2,3.5,104.1,NA,0,0,0,0,0,Chad Huffman,NA,15
502171,2017,2,0,0,85.4,89.8,60.5,90.9,NA,0,0,0,0,0,Alex Cobb,NA,6
502171,2018,3,0,0,76.4,83,-8.3,85.6,NA,0,0,0,0,0,Alex Cobb,NA,7
502171,2021,1,0,0,80.1,80.1,34,80.1,NA,0,0,0,0,0,Alex Cobb,NA,1
502179,2017,3,0,0,82.7,99.9,-7.3,100.8,NA,0,0,0,0,0,Paolo Espino,NA,5
502179,2021,18,0,0,76,97,-15.1,98.7,NA,0,0,0,0,0,Paolo Espino,NA,33
502182,2015,85,2,2,89.8,100.7,9,105.9,98.6,2.35,2.35,0,0,0,Steve Clevenger,NA,105
502182,2016,51,1,1,88.6,100.4,7.5,105.2,101.9,1.96,1.96,0,0,0,Steve Clevenger,NA,76
502188,2015,1,0,0,95.8,95.8,10,95.8,NA,0,0,0,0,0,Jeff Samardzija,NA,2
502188,2016,35,1,1,87.3,101.7,10,108.6,98.9,2.86,2.86,0,0,0,Jeff Samardzija,NA,69
502188,2017,39,2,2,82.3,104.7,-0.6,108.5,107.3,5.13,5.13,0,0,0,Jeff Samardzija,NA,67
502188,2018,4,0,0,95.8,107.9,-11.5,107.9,NA,0,0,0,0,0,Jeff Samardzija,NA,11
502188,2019,19,0,0,83.3,102,0.4,107.6,NA,0,0,0,0,0,Jeff Samardzija,NA,56
502190,2015,34,2,2,84.2,100.8,16.3,104,102.8,5.88,5.88,0,0,0,Mike Leake,NA,73
502190,2016,29,1,1,86.6,98.7,15.5,103.4,100.7,3.45,3.45,0,0,0,Mike Leake,NA,55
502190,2017,31,0,1,81.5,97.8,9,101.1,NA,0,3.23,3.23,1,0,Mike Leake,NA,55
502190,2019,11,0,0,67.6,90.8,-3.2,91.6,NA,0,0,0,0,0,Mike Leake,NA,24
502205,2015,25,1,1,85.5,99.9,-2.3,105,105,4,4,0,0,0,Grant Green,NA,44
502205,2016,39,3,3,86.6,101.2,13.6,108.3,104.4,7.69,7.69,0,0,0,Grant Green,NA,50
502210,2015,454,22,22,88.4,103,14.7,108.7,103.2,4.85,4.85,0,0,0,Josh Reddick,NA,582
502210,2016,333,12,12,87.8,102.3,14.2,109,103.6,3.6,3.6,0,0,0,Josh Reddick,NA,439
502210,2017,412,15,16,87.5,102.4,17.7,110.2,103.4,3.64,3.88,0.24,1,-6.7,Josh Reddick,NA,540
502210,2018,356,14,12,85.5,100.2,18.3,105.9,102.2,3.93,3.37,-0.56,-2,14.3,Josh Reddick,NA,487
502210,2019,433,15,15,85.9,102,15.7,107.7,102.3,3.46,3.46,0,0,0,Josh Reddick,NA,550
502210,2021,121,2,2,85.1,100.4,16.8,104.8,101.3,1.65,1.65,0,0,0,Josh Reddick,NA,158
502211,2015,16,0,0,79.4,95.9,-9.8,97,NA,0,0,0,0,0,Mike Bolsinger,NA,40
502211,2016,1,0,0,88.6,88.6,-11,88.6,NA,0,0,0,0,0,Mike Bolsinger,NA,9
502213,2015,12,0,0,81,99.2,-16.1,102.3,NA,0,0,0,0,0,Nevin Ashley,NA,21
502226,2015,35,0,0,84.8,96.3,12.2,102.2,NA,0,0,0,0,0,Craig Gentry,NA,56
502226,2016,28,0,0,83.6,94.6,-0.4,102.6,NA,0,0,0,0,0,Craig Gentry,NA,39
502226,2017,76,2,4,84.8,99.4,8.8,103.8,100.9,2.63,5.26,2.63,2,-100,Craig Gentry,NA,117
502226,2018,121,1,1,83.9,97,9.6,101.4,101.1,0.83,0.83,0,0,0,Craig Gentry,NA,169
502239,2015,5,0,0,84.1,92.7,5.6,98,NA,0,0,0,0,0,Trevor Cahill,NA,8
502239,2016,5,0,0,66.7,78.5,-4.2,78.9,NA,0,0,0,0,0,Trevor Cahill,NA,11
502239,2017,10,0,0,82.5,93,2.1,98.8,NA,0,0,0,0,0,Trevor Cahill,NA,18
502239,2019,2,0,0,92.2,93.5,26.5,93.8,NA,0,0,0,0,0,Trevor Cahill,NA,3
502239,2021,5,0,0,66,81.6,30.8,88.3,NA,0,0,0,0,0,Trevor Cahill,NA,9
502261,2015,116,3,3,86.3,101.1,6.5,105.6,103.2,2.59,2.59,0,0,0,Cole Gillespie,NA,157
502261,2016,37,2,2,91.7,103.4,15.8,105.4,101.7,5.41,5.41,0,0,0,Cole Gillespie,NA,55
502273,2016,15,1,1,79,92,6.6,100.5,100.5,6.67,6.67,0,0,0,Mike Freeman,NA,24
502273,2017,41,0,0,84.6,97.9,10.2,102.3,NA,0,0,0,0,0,Mike Freeman,NA,66
502273,2018,1,0,0,32.3,32.3,9,32.3,NA,0,0,0,0,0,Mike Freeman,NA,1
502273,2019,121,3,3,83.7,100.6,8.5,105.7,100.8,2.48,2.48,0,0,0,Mike Freeman,NA,213
502273,2021,39,0,0,79,98,9.1,103.6,NA,0,0,0,0,0,Mike Freeman,NA,65
502285,2015,13,0,0,88,98.6,13.8,102.3,NA,0,0,0,0,0,Tyler Ladendorf,NA,18
502285,2016,34,0,0,84.6,96,12,102,NA,0,0,0,0,0,Tyler Ladendorf,NA,50
502285,2021,1,0,0,90,90,-32,90,NA,0,0,0,0,0,Tyler Ladendorf,NA,1
502317,2015,39,1,1,87.7,103.9,30.2,111.9,103.1,2.56,2.56,0,0,0,Chris Heisey,NA,72
502317,2016,88,7,8,86.7,104.8,18.9,110.3,106.2,7.95,9.09,1.14,1,-14.3,Chris Heisey,NA,155
502317,2017,49,3,3,84.9,100.7,14.5,108.4,101.7,6.12,6.12,0,0,0,Chris Heisey,NA,79
502327,2015,2,0,0,60.3,81.2,-10.5,86.4,NA,0,0,0,0,0,Héctor Santiago,NA,5
502327,2016,2,0,0,86.3,94.2,3,96.2,NA,0,0,0,0,0,Héctor Santiago,NA,3
502327,2018,2,0,0,75.6,78.6,20,79.4,NA,0,0,0,0,0,Héctor Santiago,NA,4
502374,2015,83,8,8,90.2,103.7,15.7,108,102.8,9.64,9.64,0,0,0,Michael McKenry,NA,152
502409,2015,10,0,0,89.6,94.7,-1.7,96.8,NA,0,0,0,0,0,Jonathan Diaz,NA,16
502457,2016,1,0,0,86.7,86.7,-29,86.7,NA,0,0,0,0,0,Drew Hayes,NA,2
502481,2015,155,1,1,82.2,99.6,4.1,105.3,100.7,0.65,0.65,0,0,0,Jarrod Dyson,NA,225
502481,2016,247,1,1,83.6,100.5,4.4,108.5,100,0.4,0.4,0,0,0,Jarrod Dyson,NA,337
502481,2017,284,5,6,81.5,98.6,8.6,104.5,100.6,1.76,2.11,0.35,1,-20,Jarrod Dyson,NA,390
502481,2018,164,3,3,84.1,98.4,10.5,106.9,101.5,1.83,1.83,0,0,0,Jarrod Dyson,NA,237
502481,2019,313,5,5,82.6,99.3,9.5,105.5,101.9,1.6,1.6,0,0,0,Jarrod Dyson,NA,452
502481,2021,106,1,1,78.6,97.8,1.4,105.2,105.2,0.94,0.94,0,0,0,Jarrod Dyson,NA,149
502517,2015,459,20,20,89.9,103.5,11.9,113.3,103.4,4.36,4.36,0,0,0,Daniel Murphy,NA,538
502517,2016,474,40,40,90.7,104.3,16.7,113.5,104,8.44,8.44,0,0,0,Daniel Murphy,NA,582
502517,2017,459,20,24,89.6,102.9,17.3,108.4,102.6,4.36,5.23,0.87,4,-20,Daniel Murphy,NA,593
502517,2018,290,14,11,87.6,100.3,16.2,106.9,101.1,4.83,3.79,-1.04,-3,21.4,Daniel Murphy,NA,351
502517,2019,368,9,9,86.3,101,14.8,106.4,101.5,2.45,2.45,0,0,0,Daniel Murphy,NA,478
502522,2018,1,0,0,66,66,-3,66,NA,0,0,0,0,0,Justin Miller,NA,1
502523,2015,27,0,0,78,90.3,6.6,104.9,NA,0,0,0,0,0,Shawn O'Malley,NA,57
502523,2016,137,1,1,83.4,96.7,7.7,103.9,101.1,0.73,0.73,0,0,0,Shawn O'Malley,NA,232
502544,2016,58,2,2,84.4,98.6,14.8,104.3,102.4,3.45,3.45,0,0,0,Nick Buss,NA,90
502570,2015,9,0,0,77.4,85.8,1.2,93.2,NA,0,0,0,0,0,Rocky Gale,NA,10
502570,2017,8,0,0,83.1,95,24,95.6,NA,0,0,0,0,0,Rocky Gale,NA,10
502570,2018,1,0,0,30.9,30.9,65,30.9,NA,0,0,0,0,0,Rocky Gale,NA,2
502570,2019,7,0,0,84.9,91.9,16.3,92.9,NA,0,0,0,0,0,Rocky Gale,NA,15
502582,2015,91,1,1,89.1,100.4,10.7,105.3,102.1,1.1,1.1,0,0,0,Logan Schafer,NA,143
502582,2016,46,1,1,83.8,99.6,12.2,102,101.1,2.17,2.17,0,0,0,Logan Schafer,NA,74
502624,2015,23,0,0,82.5,96.2,-8.1,103.3,NA,0,0,0,0,0,Chase Anderson,NA,57
502624,2016,19,0,0,84.1,101.8,-4.6,105.2,NA,0,0,0,0,0,Chase Anderson,NA,52
502624,2017,22,0,0,81.2,93.1,3.5,94.4,NA,0,0,0,0,0,Chase Anderson,NA,55
502624,2018,21,0,0,78.1,93.5,-3,96.1,NA,0,0,0,0,0,Chase Anderson,NA,49
502624,2019,16,0,0,75.7,93.6,-8.2,101.4,NA,0,0,0,0,0,Chase Anderson,NA,44
502624,2021,8,0,0,51.2,90.2,10.6,103.2,NA,0,0,0,0,0,Chase Anderson,NA,14
502671,2015,414,52,52,92,106.4,12.8,114,105.3,12.56,12.56,0,0,0,Paul Goldschmidt,NA,695
502671,2016,431,33,33,91,106.3,11,112,105.6,7.66,7.66,0,0,0,Paul Goldschmidt,NA,705
502671,2017,415,52,59,91.5,106.1,11.6,112.4,105.1,12.53,14.22,1.69,7,-13.5,Paul Goldschmidt,NA,665
502671,2018,420,55,51,90.8,106.4,15.7,112.9,105.5,13.1,12.14,-0.96,-4,7.3,Paul Goldschmidt,NA,690
502671,2019,429,47,48,90.1,106,15.4,111.5,104.9,10.96,11.19,0.23,1,-2.1,Paul Goldschmidt,NA,682
502671,2021,471,62,56,92.6,107.3,17.1,112.2,105.7,13.16,11.89,-1.27,-6,9.7,Paul Goldschmidt,NA,679
502671,2022,423,47,36,90.7,107,15.7,112.3,105.1,11.11,8.51,-2.6,-11,23.4,Paul Goldschmidt,NA,651
502671,2023,435,52,42,91.3,106.2,12.8,111.7,105.1,11.95,9.66,-2.29,-10,19.2,Paul Goldschmidt,NA,687
502671,2024,426,44,35,91.2,105.4,13.1,111.4,105.1,10.33,8.22,-2.11,-9,20.5,Paul Goldschmidt,NA,654
502671,2025,389,27,16,90.4,105.3,15.9,111.2,105.5,6.94,4.11,-2.83,-11,40.7,Paul Goldschmidt,NA,534
502671,2026,57,10,6,91.2,105.2,15.6,109.8,105.1,17.54,10.53,-7.01,-4,40,Paul Goldschmidt,NA,87
502676,2015,8,0,0,79.2,93.7,10.8,96.8,NA,0,0,0,0,0,Cole Figueroa,NA,8
502676,2016,23,0,0,81.7,95.2,23.8,97.3,NA,0,0,0,0,0,Cole Figueroa,NA,27
502706,2016,1,0,0,80,80,-34,80,NA,0,0,0,0,0,Derek Holland,NA,2
502706,2017,1,0,0,88.4,88.4,7,88.4,NA,0,0,0,0,0,Derek Holland,NA,1
502706,2018,20,0,0,88.9,98.5,-2.7,104.2,NA,0,0,0,0,0,Derek Holland,NA,56
502706,2019,4,0,0,58.1,82.9,3.8,83.5,NA,0,0,0,0,0,Derek Holland,NA,16
502748,2017,4,0,0,87,96.1,-8.8,98.2,NA,0,0,0,0,0,Brad Peacock,NA,8
503351,2016,10,0,0,91.1,103.4,0.8,104.8,NA,0,0,0,0,0,Blake Lalli,NA,13
503437,2016,17,0,0,78.5,93.4,-3.1,98.8,NA,0,0,0,0,0,James Beresford,NA,24
503444,2016,8,0,0,83.4,97,-4.1,97,NA,0,0,0,0,0,Joel De La Cruz,NA,18
503449,2015,15,1,1,84.9,101.7,9.7,104.1,104.1,6.67,6.67,0,0,0,Wily Peralta,NA,37
503449,2016,21,1,2,88,103.8,17.7,105.5,105.5,4.76,9.52,4.76,1,-100,Wily Peralta,NA,41
503449,2017,9,0,0,86.2,106.6,22.7,108.7,NA,0,0,0,0,0,Wily Peralta,NA,15
503449,2021,1,0,0,78.6,78.6,4,78.6,NA,0,0,0,0,0,Wily Peralta,NA,2
503556,2015,265,9,9,88.4,103.1,11,108.3,103.9,3.4,3.4,0,0,0,Marwin Gonzalez,NA,370
503556,2016,343,19,19,89,104.4,9.2,110.2,104,5.54,5.54,0,0,0,Marwin Gonzalez,NA,518
503556,2017,354,22,24,88.4,103.4,11.9,109.8,103,6.21,6.78,0.57,2,-9.1,Marwin Gonzalez,NA,515
503556,2018,360,24,21,88.6,103.3,11.3,110.1,102.4,6.67,5.83,-0.84,-3,12.5,Marwin Gonzalez,NA,552
503556,2019,326,20,21,90.5,104,10.7,109.2,103.5,6.13,6.44,0.31,1,-5,Marwin Gonzalez,NA,463
503556,2021,199,8,8,86.8,104,7.9,110.3,105.2,4.02,4.02,0,0,0,Marwin Gonzalez,NA,307
503556,2022,134,8,6,86.7,102.6,19.6,107,103.3,5.97,4.48,-1.49,-2,25,Marwin Gonzalez,NA,207
504379,2016,11,0,0,82.4,101.4,-5.7,105.3,NA,0,0,0,0,0,Juan Nicasio,NA,20
504379,2017,1,0,0,85.8,85.8,47,85.8,NA,0,0,0,0,0,Juan Nicasio,NA,1
504379,2019,1,0,0,105.5,105.5,-13,105.5,NA,0,0,0,0,0,Juan Nicasio,NA,2
506433,2016,2,1,1,101.1,104.4,4,105.2,105.2,50,50,0,0,0,Yu Darvish,NA,3
506433,2017,3,0,0,68.8,80,8.3,81.6,NA,0,0,0,0,0,Yu Darvish,NA,20
506433,2018,5,0,0,87.7,96.2,-14,99.5,NA,0,0,0,0,0,Yu Darvish,NA,14
506433,2019,24,1,1,89.4,103,-2.4,108.8,98.6,4.17,4.17,0,0,0,Yu Darvish,NA,62
506433,2021,29,0,0,83.4,103.9,-14.3,107.3,NA,0,0,0,0,0,Yu Darvish,NA,55
506560,2015,261,3,3,85.6,97.9,11.2,104.1,101.2,1.15,1.15,0,0,0,Alexi Amarista,NA,357
506560,2016,114,1,1,86.9,98.4,11.1,103.5,101.9,0.88,0.88,0,0,0,Alexi Amarista,NA,150
506560,2017,130,1,1,84.1,96.8,9.6,102,98.3,0.77,0.77,0,0,0,Alexi Amarista,NA,176
506693,2015,5,0,0,86.9,94.2,13.4,95.2,NA,0,0,0,0,0,Henderson Alvarez,NA,6
506693,2017,4,0,0,98.5,106.7,0,107.5,NA,0,0,0,0,0,Henderson Alvarez,NA,6
506702,2015,86,1,1,83,99,15,104.9,98.6,1.16,1.16,0,0,0,Sandy León,NA,128
506702,2016,186,8,8,86.4,102.1,10.9,109.3,102.9,4.3,4.3,0,0,0,Sandy León,NA,283
506702,2017,199,4,5,83.2,99.9,15,108.3,101.9,2.01,2.51,0.5,1,-25,Sandy León,NA,301
506702,2018,189,9,5,84.7,101.6,17,106.7,101.7,4.76,2.65,-2.11,-4,44.4,Sandy León,NA,288
506702,2019,129,2,2,84,99.1,20.9,108.6,100.3,1.55,1.55,0,0,0,Sandy León,NA,191
506702,2021,140,3,3,86.1,98.7,19.4,106,102.5,2.14,2.14,0,0,0,Sandy León,NA,220
506702,2022,46,0,0,81.5,100.2,16.2,104,NA,0,0,0,0,0,Sandy León,NA,86
506702,2023,22,1,0,82.7,100.2,17.3,104.6,100.5,4.55,0,-4.55,-1,100,Sandy León,NA,44
506702,2025,8,0,0,91.3,99.9,18.5,101.3,NA,0,0,0,0,0,Sandy León,NA,12
506702,2026,10,0,0,83.7,94.9,25.4,97.5,NA,0,0,0,0,0,Sandy León,NA,15
506703,2017,44,2,2,90.7,105.9,7.6,108.1,104.6,4.55,4.55,0,0,0,Adrián Sanchez,NA,75
506703,2018,49,3,2,85.9,101.2,8.5,109,101.7,6.12,4.08,-2.04,-1,33.3,Adrián Sanchez,NA,59
506703,2019,21,0,0,87.2,105.8,-0.7,106.7,NA,0,0,0,0,0,Adrián Sanchez,NA,32
506703,2021,31,0,0,79.7,98.4,10.3,104.9,NA,0,0,0,0,0,Adrián Sanchez,NA,38
506747,2015,4,0,0,79.6,82.7,-14,82.9,NA,0,0,0,0,0,Francisco Peña,NA,7
506747,2016,24,1,1,86.4,101.9,11.3,104.8,101.3,4.17,4.17,0,0,0,Francisco Peña,NA,43
506747,2017,7,2,2,90.3,105,10,110.2,105.9,28.57,28.57,0,0,0,Francisco Peña,NA,10
506747,2018,90,2,2,85.5,104.5,7.1,108.2,106.7,2.22,2.22,0,0,0,Francisco Peña,NA,142
506924,2016,42,1,1,85.5,100.9,20.5,109.7,105.2,2.38,2.38,0,0,0,Stephen Cardullo,NA,59
506924,2017,21,1,1,83.8,95,10.1,100.1,100.1,4.76,4.76,0,0,0,Stephen Cardullo,NA,32
506997,2015,5,0,0,95.1,108.7,15.6,110.5,NA,0,0,0,0,0,Tony Sanchez,NA,9
514888,2015,570,18,17,86,100.7,10.9,106.5,101.2,3.16,2.98,-0.18,-1,5.6,Jose Altuve,NA,689
514888,2016,566,35,38,88,102.4,11.2,109,103,6.18,6.71,0.53,3,-8.6,Jose Altuve,NA,717
514888,2017,501,31,37,85.8,101.8,9.4,109.1,103.2,6.19,7.39,1.2,6,-19.4,Jose Altuve,NA,662
514888,2018,455,24,23,86.7,102.5,9.9,112.3,104.1,5.27,5.05,-0.22,-1,4.2,Jose Altuve,NA,599
514888,2019,406,33,34,86.6,102.7,9.2,109.3,103.9,8.13,8.37,0.24,1,-3,Jose Altuve,NA,548
514888,2021,517,30,25,86.6,102.9,15,109.1,104.1,5.8,4.84,-0.96,-5,16.7,Jose Altuve,NA,678
514888,2022,438,31,22,84.8,102.1,16,109.8,103.4,7.08,5.02,-2.06,-9,29,Jose Altuve,NA,604
514888,2023,290,24,18,85,102.9,11.4,109.6,104.2,8.28,6.21,-2.07,-6,25,Jose Altuve,NA,410
514888,2024,508,29,18,85.2,101,13.4,108.4,103.5,5.71,3.54,-2.17,-11,37.9,Jose Altuve,NA,682
514888,2025,485,29,22,84,102.4,17,110.6,104.9,5.98,4.54,-1.44,-7,24.1,Jose Altuve,NA,654
514888,2026,127,8,2,85.4,102.4,8.3,107.3,102.9,6.3,1.57,-4.73,-6,75,Jose Altuve,NA,185
514913,2015,287,5,5,84.7,98.4,12.1,103.9,99.7,1.74,1.74,0,0,0,Rubén Tejada,NA,407
514913,2016,53,0,0,86.2,97,13.4,103.4,NA,0,0,0,0,0,Rubén Tejada,NA,78
514913,2017,98,0,2,85.3,99.2,13.8,103.5,NA,0,2.04,2.04,2,0,Rubén Tejada,NA,124
514913,2019,6,0,0,80.4,88.4,12.8,88.7,NA,0,0,0,0,0,Rubén Tejada,NA,9
514917,2015,302,4,4,85.2,100.9,5,107.2,101,1.32,1.32,0,0,0,César Hernández,NA,452
514917,2016,413,8,8,86.5,100.6,4.4,106.5,103,1.94,1.94,0,0,0,César Hernández,NA,622
514917,2017,396,10,16,85.5,101.2,4.5,107.8,102.1,2.53,4.04,1.51,6,-60,César Hernández,NA,577
514917,2018,436,16,14,85.8,101,11.2,109.4,102.7,3.67,3.21,-0.46,-2,12.5,César Hernández,NA,708
514917,2019,513,14,14,85.9,101.4,9.5,108.4,102.5,2.73,2.73,0,0,0,César Hernández,NA,667
514917,2021,435,28,24,86.4,103.2,9.7,110.2,103.3,6.44,5.52,-0.92,-4,14.3,César Hernández,NA,637
514917,2022,448,10,5,83,101.6,8.1,110.8,104.1,2.23,1.12,-1.11,-5,50,César Hernández,NA,617
516414,2015,1,0,0,78.4,78.4,-5,78.4,NA,0,0,0,0,0,Ariel Peña,NA,7
516416,2015,461,5,4,86.9,101.6,4.5,109.6,104.3,1.08,0.87,-0.21,-1,20,Jean Segura,NA,584
516416,2016,522,30,32,89,103.1,7.8,110,104,5.75,6.13,0.38,2,-6.7,Jean Segura,NA,694
516416,2017,438,13,14,87.6,103.3,6.7,109.1,103.5,2.97,3.2,0.23,1,-7.7,Jean Segura,NA,566
516416,2018,520,18,13,87.6,102.4,7.9,111.6,102.6,3.46,2.5,-0.96,-5,27.8,Jean Segura,NA,632
516416,2019,505,16,16,88.2,102.8,7.1,113.1,102.7,3.17,3.17,0,0,0,Jean Segura,NA,618
516416,2021,439,24,18,86.8,105.1,5.9,113.1,104.8,5.47,4.1,-1.37,-6,25,Jean Segura,NA,567
516416,2022,294,12,11,87.6,104.6,4.8,111,105.5,4.08,3.74,-0.34,-1,8.3,Jean Segura,NA,387
516416,2023,251,8,8,87.1,103.6,4.3,114,104.6,3.19,3.19,0,0,0,Jean Segura,NA,326
516472,2018,74,4,4,82.6,98.8,11.1,103.6,99.9,5.41,5.41,0,0,0,Francisco Arcia,NA,106
516589,2015,2,0,0,88.4,95,-29.5,96.6,NA,0,0,0,0,0,André Rienzo,NA,2
516770,2015,453,18,18,86.3,103.2,7,113.2,103.9,3.97,3.97,0,0,0,Starlin Castro,NA,578
516770,2016,460,24,24,88.4,103.8,8.8,113.2,106.1,5.22,5.22,0,0,0,Starlin Castro,NA,610
516770,2017,353,15,17,87.4,105.2,6.9,110.4,105.6,4.25,4.82,0.57,2,-13.3,Starlin Castro,NA,473
516770,2018,474,30,27,88.6,103.9,8.4,109.3,103.3,6.33,5.7,-0.63,-3,10,Starlin Castro,NA,647
516770,2019,533,30,31,88.5,103.8,11,113.3,103.5,5.63,5.82,0.19,1,-3.3,Starlin Castro,NA,676
516770,2021,256,13,12,88.4,105.1,9.1,111.2,103.5,5.08,4.69,-0.39,-1,7.7,Starlin Castro,NA,346
516782,2015,448,32,30,87.2,104.6,5.2,111.9,104.5,7.14,6.7,-0.44,-2,6.2,Starling Marte,NA,633
516782,2016,380,20,20,86.8,104.6,8.8,111.6,105.2,5.26,5.26,0,0,0,Starling Marte,NA,529
516782,2017,236,14,14,82.9,103.6,9.2,109.9,103.2,5.93,5.93,0,0,0,Starling Marte,NA,339
516782,2018,444,33,31,88.3,104.2,9.1,112,104.2,7.43,6.98,-0.45,-2,6.1,Starling Marte,NA,606
516782,2019,436,36,36,88.1,105.1,8.1,111.6,104.5,8.26,8.26,0,0,0,Starling Marte,NA,586
516782,2021,371,27,22,86.7,105.4,4,112.9,106.5,7.28,5.93,-1.35,-5,18.5,Starling Marte,NA,526
516782,2022,369,25,20,86.6,105.6,7.2,113.3,105.9,6.78,5.42,-1.36,-5,20,Starling Marte,NA,505
516782,2023,247,13,9,87.3,105.6,5.1,110.9,103.8,5.26,3.64,-1.62,-4,30.8,Starling Marte,NA,341
516782,2024,259,15,11,87.9,105.5,3.1,110.9,105.1,5.79,4.25,-1.54,-4,26.7,Starling Marte,NA,370
516782,2025,228,17,10,85.9,106.4,9.4,111,105.7,7.46,4.39,-3.07,-7,41.2,Starling Marte,NA,329
516782,2026,35,3,1,90.1,106,10.4,109.2,106.5,8.57,2.86,-5.71,-2,66.7,Starling Marte,NA,57
516809,2015,50,1,1,86.5,106.9,5.4,111.9,105.3,2,2,0,0,0,Junior Lake,NA,84
516809,2016,24,2,2,87,107.7,-0.1,108.2,107.9,8.33,8.33,0,0,0,Junior Lake,NA,39
516811,2015,91,1,1,81.3,99.4,4.1,107.9,98.2,1.1,1.1,0,0,0,Eury Pérez,NA,133
516910,2015,3,0,0,75,82.3,10.7,82.9,NA,0,0,0,0,0,Carlos Frías,NA,24
516949,2015,38,2,2,85.3,101.7,10.6,108.2,107,5.26,5.26,0,0,0,Héctor Sánchez,NA,59
516949,2016,39,3,3,88.2,101.3,23.2,110,105.6,7.69,7.69,0,0,0,Héctor Sánchez,NA,54
516949,2017,96,7,8,86.6,101.2,19.5,106.7,102.8,7.29,8.33,1.04,1,-14.3,Héctor Sánchez,NA,143
516970,2015,2,0,0,79,88,-41,90.3,NA,0,0,0,0,0,Sugar Ray Marimon,NA,7
517369,2015,58,2,2,85.3,102.9,-0.8,110.6,103.8,3.45,3.45,0,0,0,José Pirela,NA,78
517369,2016,31,0,0,84.1,104.3,5.8,112,NA,0,0,0,0,0,José Pirela,NA,41
517369,2017,242,10,13,88.9,105.8,5.8,112.9,105.5,4.13,5.37,1.24,3,-30,José Pirela,NA,344
517369,2018,343,11,9,89,106.8,4.7,112.1,103.3,3.21,2.62,-0.59,-2,18.2,José Pirela,NA,473
517369,2019,15,2,2,86.4,103.8,22.7,105.5,103.5,13.33,13.33,0,0,0,José Pirela,NA,24
517370,2015,251,13,13,89.9,106,7.9,113.8,104.5,5.18,5.18,0,0,0,Jimmy Paredes,NA,384
517370,2016,109,10,10,89.9,103.1,6.3,110.4,102.8,9.17,9.17,0,0,0,Jimmy Paredes,NA,167
517414,2016,2,0,0,82.8,84.6,-12.5,85.1,NA,0,0,0,0,0,Randall Delgado,NA,2
517414,2017,6,0,0,72.1,94.1,-3.7,105.2,NA,0,0,0,0,0,Randall Delgado,NA,9
517448,2016,2,0,0,72.7,80.4,-8,82.3,NA,0,0,0,0,0,Wilfredo Boscan,NA,3
517593,2016,1,0,0,83.3,83.3,67,83.3,NA,0,0,0,0,0,Danny Salazar,NA,5
518170,2015,3,0,0,94.5,102.9,-25.3,105,NA,0,0,0,0,0,Jordany Valdespin,NA,4
518397,2017,2,0,0,74.3,80.1,-32.5,81.6,NA,0,0,0,0,0,Scott Alexander,NA,3
518420,2015,1,0,0,75.8,75.8,30,75.8,NA,0,0,0,0,0,Dylan Axelrod,NA,3
518452,2015,16,0,0,77.4,92.2,-9.6,101.1,NA,0,0,0,0,0,Chad Bettis,NA,33
518452,2016,29,0,0,77.4,91.2,-20.4,95.8,NA,0,0,0,0,0,Chad Bettis,NA,58
518452,2017,5,0,0,73.8,90.9,-11,93.3,NA,0,0,0,0,0,Chad Bettis,NA,15
518452,2018,15,0,0,84.2,97.2,-3.6,101,NA,0,0,0,0,0,Chad Bettis,NA,39
518452,2019,4,0,0,66.4,83.2,-33.8,88.7,NA,0,0,0,0,0,Chad Bettis,NA,10
518466,2016,37,4,4,82.3,104.8,12,110.4,104.1,10.81,10.81,0,0,0,Jabari Blash,NA,84
518466,2017,97,10,12,87.3,107.4,14.8,113.5,106.8,10.31,12.37,2.06,2,-20,Jabari Blash,NA,195
518466,2018,16,2,1,94.6,106.3,18,116.2,109.9,12.5,6.25,-6.25,-1,50,Jabari Blash,NA,45
518468,2015,2,0,0,100.3,101.8,-0.5,102.1,NA,0,0,0,0,0,Michael Blazek,NA,4
518468,2017,1,0,0,82.7,82.7,-16,82.7,NA,0,0,0,0,0,Michael Blazek,NA,2
518490,2016,42,1,1,87.1,107.8,-1.5,111.7,102.6,2.38,2.38,0,0,0,Bryce Brentz,NA,64
518516,2015,48,5,5,88.5,104.9,13.5,111,104.9,10.42,10.42,0,0,0,Madison Bumgarner,NA,81
518516,2016,43,2,2,90.1,104.6,12.3,109.4,105.7,4.65,4.65,0,0,0,Madison Bumgarner,NA,97
518516,2017,23,4,4,89.2,109.2,18.1,112.5,108.8,17.39,17.39,0,0,0,Madison Bumgarner,NA,36
518516,2018,25,0,0,91,103.3,16.6,109.2,NA,0,0,0,0,0,Madison Bumgarner,NA,46
518516,2019,24,2,2,88.6,105.6,14.6,109.9,105,8.33,8.33,0,0,0,Madison Bumgarner,NA,76
518516,2021,13,1,1,79.8,100.3,11.7,105.9,101,7.69,7.69,0,0,0,Madison Bumgarner,NA,52
518542,2015,14,0,0,87.3,98.2,12,104.2,NA,0,0,0,0,0,Juan Centeno,NA,23
518542,2016,132,3,3,85.2,98.7,5.3,103.6,101.7,2.27,2.27,0,0,0,Juan Centeno,NA,192
518542,2017,40,1,1,84.2,98.8,10.8,101.5,101.5,2.5,2.5,0,0,0,Juan Centeno,NA,57
518542,2018,30,0,0,85.8,97.7,7.7,99.4,NA,0,0,0,0,0,Juan Centeno,NA,38
518542,2019,13,0,0,85.7,96.1,16.9,102.4,NA,0,0,0,0,0,Juan Centeno,NA,18
518553,2018,3,0,0,95.3,97.9,-11,98.9,NA,0,0,0,0,0,Steve Cishek,NA,6
518553,2019,2,0,0,69.8,80.3,9.5,82.9,NA,0,0,0,0,0,Steve Cishek,NA,2
518560,2016,8,0,0,78.9,95.4,1.4,101.1,NA,0,0,0,0,0,Paul Clemens,NA,23
518567,2015,17,0,0,83.1,95.4,-4.9,101.3,NA,0,0,0,0,0,Josh Collmenter,NA,32
518568,2015,86,0,0,84.7,97,9.6,107.5,NA,0,0,0,0,0,Christian Colón,NA,119
518568,2016,115,1,1,85.7,99.4,6.5,103.7,101.9,0.87,0.87,0,0,0,Christian Colón,NA,161
518568,2017,40,0,0,83.2,96.8,2.9,102,NA,0,0,0,0,0,Christian Colón,NA,57
518568,2019,5,0,0,81.3,88,-5.8,89.7,NA,0,0,0,0,0,Christian Colón,NA,8
518577,2015,49,2,2,84.4,102.6,8.3,107.1,103.6,4.08,4.08,0,0,0,Collin Cowgill,NA,74
518577,2016,5,0,0,79.3,86.8,7.2,88.9,NA,0,0,0,0,0,Collin Cowgill,NA,14
518586,2016,52,1,1,85.9,99.6,9.4,105.1,104,1.92,1.92,0,0,0,Charlie Culberson,NA,68
518586,2017,9,0,0,88,98.4,6.2,101.8,NA,0,0,0,0,0,Charlie Culberson,NA,15
518586,2018,207,10,9,84.9,100.7,8.2,108.2,100.6,4.83,4.35,-0.48,-1,10,Charlie Culberson,NA,322
518586,2019,91,5,5,88.3,102.8,13.2,107.7,103.6,5.49,5.49,0,0,0,Charlie Culberson,NA,144
518586,2021,188,4,3,84,101.9,9.5,109.4,103,2.13,1.6,-0.53,-1,25,Charlie Culberson,NA,271
518586,2022,88,1,0,82.6,99,3.1,103.8,101.6,1.14,0,-1.14,-1,100,Charlie Culberson,NA,124
518586,2023,1,0,0,80.8,80.8,-20,80.8,NA,0,0,0,0,0,Charlie Culberson,NA,1
518595,2015,189,13,13,88.7,102.7,16.8,109.7,102.6,6.88,6.88,0,0,0,Travis d'Arnaud,NA,268
518595,2016,202,7,7,88.8,102,8.8,107.2,101.7,3.47,3.47,0,0,0,Travis d'Arnaud,NA,276
518595,2017,291,17,19,88,103.5,13.5,111.6,104.1,5.84,6.53,0.69,2,-11.8,Travis d'Arnaud,NA,376
518595,2018,10,2,2,94.2,103.3,20.4,107.9,105.3,20,20,0,0,0,Travis d'Arnaud,NA,16
518595,2019,272,19,21,90,105.1,14.6,113.1,105,6.99,7.72,0.73,2,-10.5,Travis d'Arnaud,NA,391
518595,2021,157,11,10,89.9,106.3,5.9,110.2,103.6,7.01,6.37,-0.64,-1,9.1,Travis d'Arnaud,NA,229
518595,2022,303,26,18,88.5,104,11.8,112.3,104.6,8.58,5.94,-2.64,-8,30.8,Travis d'Arnaud,NA,426
518595,2023,200,18,13,90.7,105.3,10.6,110.8,104,9,6.5,-2.5,-5,27.8,Travis d'Arnaud,NA,292
518595,2024,220,23,15,89.9,104.1,12,109.8,104.4,10.45,6.82,-3.63,-8,34.8,Travis d'Arnaud,NA,341
518595,2025,140,16,10,88.2,103.1,17.8,106.2,102.9,11.43,7.14,-4.29,-6,37.5,Travis d'Arnaud,NA,231
518595,2026,28,4,2,87.7,102.6,14.2,104.2,102.4,14.29,7.14,-7.15,-2,50,Travis d'Arnaud,NA,40
518603,2015,2,0,0,67.2,80.8,16,84.2,NA,0,0,0,0,0,Justin De Fratus,NA,3
518614,2015,135,4,4,87.1,101.8,13.2,105.6,101.6,2.96,2.96,0,0,0,Daniel Descalso,NA,209
518614,2016,196,6,6,87.6,101.4,10.4,106,102.4,3.06,3.06,0,0,0,Daniel Descalso,NA,289
518614,2017,256,11,14,87.2,101.8,12.9,107.4,102.1,4.3,5.47,1.17,3,-27.3,Daniel Descalso,NA,398
518614,2018,244,20,16,88.9,102,19,105.5,101.9,8.2,6.56,-1.64,-4,20,Daniel Descalso,NA,423
518614,2019,111,3,4,88.3,101.2,11.4,105.7,101.5,2.7,3.6,0.9,1,-33.3,Daniel Descalso,NA,194
518618,2015,186,16,15,87.2,103.8,15.7,110.9,103.7,8.6,8.06,-0.54,-1,6.2,Derek Dietrich,NA,289
518618,2016,266,19,20,85.5,102.7,12.9,110.6,103.6,7.14,7.52,0.38,1,-5.3,Derek Dietrich,NA,412
518618,2017,311,17,19,85.9,102.8,16.6,110.8,104.3,5.47,6.11,0.64,2,-11.8,Derek Dietrich,NA,464
518618,2018,360,21,20,87.6,104.2,15.8,111,104,5.83,5.56,-0.27,-1,4.8,Derek Dietrich,NA,551
518618,2019,172,18,18,86.6,105.2,20.2,111.7,104.6,10.47,10.47,0,0,0,Derek Dietrich,NA,306
518625,2016,8,0,0,93.2,100.9,13.4,105,NA,0,0,0,0,0,Matt Dominguez,NA,12
518626,2015,491,60,60,92.2,107.7,10,113.6,105.5,12.22,12.22,0,0,0,Josh Donaldson,NA,711
518626,2016,456,53,54,92.1,107.7,14.9,114.1,107,11.62,11.84,0.22,1,-1.9,Josh Donaldson,NA,700
518626,2017,303,41,44,90.9,106.9,14.1,113.5,105.3,13.53,14.52,0.99,3,-7.3,Josh Donaldson,NA,496
518626,2018,133,11,10,90.2,105.1,11.6,115.5,105.8,8.27,7.52,-0.75,-1,9.1,Josh Donaldson,NA,219
518626,2019,396,59,61,92.9,107.8,13.3,114.2,106.2,14.9,15.4,0.5,2,-3.4,Josh Donaldson,NA,659
518626,2021,350,58,53,94.1,108.5,14.6,114.7,107.3,16.57,15.14,-1.43,-5,8.6,Josh Donaldson,NA,543
518626,2022,335,29,19,90.7,105.5,12,111.7,105.8,8.66,5.67,-2.99,-10,34.5,Josh Donaldson,NA,546
518626,2023,117,16,14,92.1,107.2,11.7,112.3,107.7,13.68,11.97,-1.71,-2,12.5,Josh Donaldson,NA,189
518633,2016,4,0,0,64.2,85.9,-9.2,86.9,NA,0,0,0,0,0,Danny Duffy,NA,6
518633,2017,1,0,0,91.8,91.8,-20,91.8,NA,0,0,0,0,0,Danny Duffy,NA,2
518633,2019,2,0,0,77,94.9,-45.5,99.4,NA,0,0,0,0,0,Danny Duffy,NA,4
518649,2016,138,9,9,85.5,103.5,17.9,109.9,104.7,6.52,6.52,0,0,0,Brett Eibner,NA,208
518649,2017,15,3,3,89.6,105.5,5.2,107.8,103.3,20,20,0,0,0,Brett Eibner,NA,36
518653,2015,118,0,0,83.6,96,9.6,101.7,NA,0,0,0,0,0,Jake Elmore,NA,158
518653,2016,59,0,0,80.9,95,2.4,97.9,NA,0,0,0,0,0,Jake Elmore,NA,99
518653,2019,39,0,0,86.4,96.1,14.5,101.1,NA,0,0,0,0,0,Jake Elmore,NA,49
518692,2015,315,34,34,90.6,103.7,14.4,110,104.5,10.79,10.79,0,0,0,Freddie Freeman,NA,481
518692,2016,413,56,56,91.2,105.2,17.3,114.6,105,13.56,13.56,0,0,0,Freddie Freeman,NA,693
518692,2017,342,46,46,89.7,104.1,16,109,103.6,13.45,13.45,0,0,0,Freddie Freeman,NA,514
518692,2018,491,45,41,89.1,103.2,14.5,109.6,104,9.16,8.35,-0.81,-4,8.9,Freddie Freeman,NA,707
518692,2019,470,55,57,89.7,104.3,14.4,112,105,11.7,12.13,0.43,2,-3.6,Freddie Freeman,NA,692
518692,2021,494,54,51,91.4,105.5,12,113.6,105.4,10.93,10.32,-0.61,-3,5.6,Freddie Freeman,NA,695
518692,2022,514,47,39,91.3,104.5,13.7,112.3,104.4,9.14,7.59,-1.55,-8,17,Freddie Freeman,NA,708
518692,2023,519,54,43,90,105.1,15.2,110.6,104.7,10.4,8.29,-2.11,-11,20.4,Freddie Freeman,NA,730
518692,2024,450,39,27,89.4,104.7,14.3,112.3,104.6,8.67,6,-2.67,-12,30.8,Freddie Freeman,NA,638
518692,2025,432,44,28,90.9,104.3,14.3,114.1,105,10.19,6.48,-3.71,-16,36.4,Freddie Freeman,NA,627
518692,2026,151,17,11,92,105.5,11,110.3,104.3,11.26,7.28,-3.98,-6,35.3,Freddie Freeman,NA,204
518693,2017,1,0,0,82.1,82.1,-29,82.1,NA,0,0,0,0,0,Sam Freeman,NA,2
518700,2015,10,0,0,87.4,95.3,11,95.7,NA,0,0,0,0,0,Eric Fryer,NA,27
518700,2016,88,0,0,83.2,97.4,9.3,107,NA,0,0,0,0,0,Eric Fryer,NA,133
518700,2017,53,0,1,83.4,97,5.3,102.5,NA,0,1.89,1.89,1,0,Eric Fryer,NA,83
518715,2016,1,0,0,97.8,97.8,4,97.8,NA,0,0,0,0,0,Cory Gearrin,NA,1
518716,2015,5,0,0,77.3,96.2,14.6,99.9,NA,0,0,0,0,0,Dillon Gee,NA,12
518716,2016,2,0,0,60.2,76.6,-6,80.7,NA,0,0,0,0,0,Dillon Gee,NA,3
518735,2015,262,22,21,90.3,105.7,11.5,115.1,103.8,8.4,8.02,-0.38,-1,4.5,Yasmani Grandal,NA,426
518735,2016,272,33,34,91,107.3,11.9,111,105.9,12.13,12.5,0.37,1,-3,Yasmani Grandal,NA,457
518735,2017,311,20,24,88.1,103.2,12.4,109.3,102,6.43,7.72,1.29,4,-20,Yasmani Grandal,NA,482
518735,2018,313,35,32,89,104.5,14.1,111,104.5,11.18,10.22,-0.96,-3,8.6,Yasmani Grandal,NA,518
518735,2019,372,39,43,90.4,105.9,13.9,111.3,104.4,10.48,11.56,1.08,4,-10.3,Yasmani Grandal,NA,632
518735,2021,203,25,24,92.6,107.8,13.4,112,104.9,12.32,11.82,-0.5,-1,4,Yasmani Grandal,NA,375
518735,2022,250,12,9,90,104.1,12,110.2,104.4,4.8,3.6,-1.2,-3,25,Yasmani Grandal,NA,376
518735,2023,279,13,11,87.9,102.6,10.8,110.4,103.6,4.66,3.94,-0.72,-2,15.4,Yasmani Grandal,NA,405
518735,2024,173,15,10,90.1,104.6,10.2,108,103.6,8.67,5.78,-2.89,-5,33.3,Yasmani Grandal,NA,243
518748,2017,2,0,0,78.8,82.1,-10,82.9,NA,0,0,0,0,0,Justin Grimm,NA,3
518755,2015,6,1,1,99.1,107.3,22.2,110,104.7,16.67,16.67,0,0,0,Matt Hague,NA,15
518764,2015,1,0,0,74.4,74.4,10,74.4,NA,0,0,0,0,0,Donovan Hand,NA,1
518774,2015,32,1,1,87.8,102.8,1.6,104.8,100.9,3.12,3.12,0,0,0,Matt Harvey,NA,66
518774,2016,12,1,1,76.9,88.9,8.4,99.4,99.4,8.33,8.33,0,0,0,Matt Harvey,NA,25
518774,2017,18,0,0,83,98.9,-4.9,101.1,NA,0,0,0,0,0,Matt Harvey,NA,36
518774,2018,30,0,0,85.7,98.2,3.8,101.5,NA,0,0,0,0,0,Matt Harvey,NA,57
518774,2021,3,0,0,66.9,77.8,-7,78.7,NA,0,0,0,0,0,Matt Harvey,NA,6
518790,2015,32,0,0,81,98.1,-2.7,103.5,NA,0,0,0,0,0,Chris Heston,NA,58
518792,2015,442,13,13,89.1,105.4,4.6,111.2,102.8,2.94,2.94,0,0,0,Jason Heyward,NA,610
518792,2016,434,12,12,86.6,103.8,10.6,110.8,102.1,2.76,2.76,0,0,0,Jason Heyward,NA,592
518792,2017,366,14,15,86.6,103.2,11.3,112.7,103.4,3.83,4.1,0.27,1,-7.1,Jason Heyward,NA,481
518792,2018,382,11,9,88.3,104.8,9.6,110.7,102.7,2.88,2.36,-0.52,-2,18.2,Jason Heyward,NA,489
518792,2019,401,20,22,88.8,105.5,11.3,111.8,104.6,4.99,5.49,0.5,2,-10,Jason Heyward,NA,589
518792,2021,252,12,12,88.2,105.4,7.6,115.3,105.2,4.76,4.76,0,0,0,Jason Heyward,NA,353
518792,2022,105,5,3,87.6,106,13.1,111.1,105.5,4.76,2.86,-1.9,-2,40,Jason Heyward,NA,151
518792,2023,275,20,12,87.6,104,15.5,112.7,103.5,7.27,4.36,-2.91,-8,40,Jason Heyward,NA,377
518792,2024,177,10,5,88,104.6,10.4,108.4,103.1,5.65,2.82,-2.83,-5,50,Jason Heyward,NA,258
518792,2025,68,2,2,85.1,103.1,11.1,108.9,105.2,2.94,2.94,0,0,0,Jason Heyward,NA,95
518858,2021,1,0,0,69.2,69.2,20,69.2,NA,0,0,0,0,0,Nate Jones,NA,1
518863,2015,3,0,0,85.4,90.2,4.7,92.1,NA,0,0,0,0,0,Taylor Jordan,NA,6
518876,2019,22,0,0,78.2,95,-13.4,96.9,NA,0,0,0,0,0,Merrill Kelly,NA,60
518876,2021,27,0,0,63.2,95.7,-15.7,101.6,NA,0,0,0,0,0,Merrill Kelly,NA,58
518883,2016,1,0,0,44.1,44.1,-69,44.1,NA,0,0,0,0,0,Dean Kiekhefer,NA,1
518902,2015,73,0,0,83.1,95.5,20.1,100.6,NA,0,0,0,0,0,Pete Kozma,NA,111
518902,2017,25,0,0,80.3,91.8,22.6,104.2,NA,0,0,0,0,0,Pete Kozma,NA,51
518902,2018,55,1,1,83.9,96.6,11.2,100,98.6,1.82,1.82,0,0,0,Pete Kozma,NA,73
518902,2021,7,0,0,84,99,20,102.5,NA,0,0,0,0,0,Pete Kozma,NA,12
518911,2015,17,1,1,89,102.6,5.5,106.2,101.4,5.88,5.88,0,0,0,Andrew Lambo,NA,27
518911,2016,1,0,0,82.9,82.9,-11,82.9,NA,0,0,0,0,0,Andrew Lambo,NA,1
518934,2015,437,8,8,90.3,102.9,2.9,108,102.5,1.83,1.83,0,0,0,DJ LeMahieu,NA,620
518934,2016,471,20,21,91.5,104.8,5.9,111.9,102.7,4.25,4.46,0.21,1,-5,DJ LeMahieu,NA,635
518934,2017,523,8,10,89.1,104,3,109.2,102.7,1.53,1.91,0.38,2,-25,DJ LeMahieu,NA,682
518934,2018,455,20,16,91.5,105.4,5.9,109.3,103.4,4.4,3.52,-0.88,-4,20,DJ LeMahieu,NA,581
518934,2019,516,33,37,91.9,104.8,6.7,111.1,103.8,6.4,7.17,0.77,4,-12.1,DJ LeMahieu,NA,655
518934,2021,505,18,16,90.6,103.9,5,110.6,102.5,3.56,3.17,-0.39,-2,11.1,DJ LeMahieu,NA,679
518934,2022,398,19,16,88.7,103.1,3,110.9,103.5,4.77,4.02,-0.75,-3,15.8,DJ LeMahieu,NA,541
518934,2023,374,22,17,89.4,104.2,3.6,111.2,103,5.88,4.55,-1.33,-5,22.7,DJ LeMahieu,NA,562
518934,2024,173,8,3,88.2,101.5,1.7,108.4,101.1,4.62,1.73,-2.89,-5,62.5,DJ LeMahieu,NA,228
518934,2025,92,3,1,91.7,105.1,4.1,107.9,101.8,3.26,1.09,-2.17,-2,66.7,DJ LeMahieu,NA,142
518953,2015,98,2,2,84,101.2,13.3,107.9,101.2,2.04,2.04,0,0,0,David Lough,NA,144
518953,2016,58,0,0,84.8,101.3,13.6,104.9,NA,0,0,0,0,0,David Lough,NA,79
518960,2015,305,11,11,88.7,102.7,9.6,110.3,103.5,3.61,3.61,0,0,0,Jonathan Lucroy,NA,415
518960,2016,388,27,27,87.6,103.5,14.4,110.9,103.9,6.96,6.96,0,0,0,Jonathan Lucroy,NA,544
518960,2017,374,9,10,85,100.7,7.8,106.7,101.7,2.41,2.67,0.26,1,-11.1,Jonathan Lucroy,NA,481
518960,2018,356,6,5,86.7,100.2,13.5,106.6,102.1,1.69,1.4,-0.29,-1,16.7,Jonathan Lucroy,NA,454
518960,2019,237,7,7,86.9,102.2,12.5,108.3,104.7,2.95,2.95,0,0,0,Jonathan Lucroy,NA,328
518960,2021,16,0,0,88.4,103,18.7,104.9,NA,0,0,0,0,0,Jonathan Lucroy,NA,23
518991,2016,5,0,0,66.3,87.9,3.6,91.3,NA,0,0,0,0,0,Darin Mastroianni,NA,11
519008,2017,2,0,0,86.6,89.6,-19,90.3,NA,0,0,0,0,0,T.J. McFarland,NA,5
519008,2018,1,0,0,92.4,92.4,-28,92.4,NA,0,0,0,0,0,T.J. McFarland,NA,7
519008,2019,1,0,0,39.6,39.6,-72,39.6,NA,0,0,0,0,0,T.J. McFarland,NA,5
519023,2015,35,1,1,83.1,101.1,18,105.6,101.7,2.86,2.86,0,0,0,Devin Mesoraco,NA,51
519023,2016,39,0,0,83.1,96.8,8.9,107.5,NA,0,0,0,0,0,Devin Mesoraco,NA,55
519023,2017,104,5,7,83.4,100.9,17.4,107.2,103.4,4.81,6.73,1.92,2,-40,Devin Mesoraco,NA,165
519023,2018,193,11,11,86.6,101.1,20.6,109,103.7,5.7,5.7,0,0,0,Devin Mesoraco,NA,274
519025,2015,192,14,14,88.6,104.5,15.3,113.3,104.6,7.29,7.29,0,0,0,Will Middlebrooks,NA,270
519025,2016,14,0,0,87.2,100.3,9.6,105,NA,0,0,0,0,0,Will Middlebrooks,NA,31
519025,2017,24,2,3,90.6,109.8,11.8,111.8,101.7,8.33,12.5,4.17,1,-50,Will Middlebrooks,NA,39
519037,2017,25,0,1,88,102.9,17,107.2,NA,0,4,4,1,0,Carlos Moncrief,NA,43
519043,2015,1,0,0,76.7,76.7,-10,76.7,NA,0,0,0,0,0,Matt Moore,NA,2
519043,2016,15,0,0,76.5,98.2,8.3,103.7,NA,0,0,0,0,0,Matt Moore,NA,35
519043,2017,26,0,0,80.3,94.1,1.9,99.4,NA,0,0,0,0,0,Matt Moore,NA,53
519043,2021,7,0,0,66.2,92.9,-27.7,95.1,NA,0,0,0,0,0,Matt Moore,NA,20
519048,2015,361,33,33,91.4,106.7,11.5,112.5,105.7,9.14,9.14,0,0,0,Mitch Moreland,NA,515
519048,2016,338,32,33,90.6,107.3,14.4,112.5,105.8,9.47,9.76,0.29,1,-3.1,Mitch Moreland,NA,503
519048,2017,389,45,47,89.2,105.1,11.5,113.3,105.1,11.57,12.08,0.51,2,-4.4,Mitch Moreland,NA,576
519048,2018,305,34,32,91,107,11.5,114.3,105.3,11.15,10.49,-0.66,-2,5.9,Mitch Moreland,NA,459
519048,2019,226,26,26,90.8,106.8,10,114,105.9,11.5,11.5,0,0,0,Mitch Moreland,NA,335
519048,2021,174,15,12,91,105.2,12.9,112.2,104.8,8.62,6.9,-1.72,-3,20,Mitch Moreland,NA,252
519058,2015,466,30,28,88.9,105,14.6,112.5,104.3,6.44,6.01,-0.43,-2,6.7,Mike Moustakas,NA,614
519058,2016,84,8,8,91.5,106.6,11.4,111.3,106.4,9.52,9.52,0,0,0,Mike Moustakas,NA,113
519058,2017,464,38,43,87.3,105.2,18.1,112.9,104.2,8.19,9.27,1.08,5,-13.2,Mike Moustakas,NA,598
519058,2018,476,40,35,89.3,105.2,19.6,112.2,104.5,8.4,7.35,-1.05,-5,12.5,Mike Moustakas,NA,635
519058,2019,424,41,44,89.3,105.9,17.1,112.9,105.3,9.67,10.38,0.71,3,-7.3,Mike Moustakas,NA,584
519058,2021,140,8,8,86.9,106.2,18.5,110.9,107.5,5.71,5.71,0,0,0,Mike Moustakas,NA,206
519058,2022,180,10,8,87.6,104.1,19.3,111.7,104.5,5.56,4.44,-1.12,-2,20,Mike Moustakas,NA,285
519058,2023,261,15,14,89,103.9,18,112.9,104.1,5.75,5.36,-0.39,-1,6.7,Mike Moustakas,NA,386
519068,2015,67,0,0,87.1,101.3,7.3,105.7,NA,0,0,0,0,0,Efren Navarro,NA,88
519068,2017,40,4,4,92.3,104.5,8.2,107.7,105.2,10,10,0,0,0,Efren Navarro,NA,69
519068,2018,2,0,0,92.8,94.7,2,95.2,NA,0,0,0,0,0,Efren Navarro,NA,6
519071,2015,26,0,0,83.1,93.8,24.8,97.6,NA,0,0,0,0,0,Rey Navarro,NA,30
519076,2015,20,0,0,86.3,98.4,-3.8,101.4,NA,0,0,0,0,0,Jimmy Nelson,NA,59
519076,2016,16,0,0,76.6,89.3,-0.1,91.9,NA,0,0,0,0,0,Jimmy Nelson,NA,59
519076,2017,22,0,0,74.3,91.6,-10,99,NA,0,0,0,0,0,Jimmy Nelson,NA,60
519082,2015,14,0,0,81.9,98.2,1.4,101.9,NA,0,0,0,0,0,Nick Noonan,NA,24
519082,2016,14,1,1,84.5,94.1,24.9,98.9,98.9,7.14,7.14,0,0,0,Nick Noonan,NA,20
519083,2015,378,7,7,87.1,104.1,14,112.1,103.5,1.85,1.85,0,0,0,Derek Norris,NA,557
519083,2016,277,14,15,87.4,104.2,18.9,109,103.1,5.05,5.42,0.37,1,-7.1,Derek Norris,NA,458
519083,2017,135,5,8,87.7,102.1,20,106.9,102.2,3.7,5.93,2.23,3,-60,Derek Norris,NA,198
519085,2015,1,0,0,43,43,-72,43,NA,0,0,0,0,0,Brett Oberholtzer,NA,3
519085,2016,5,0,0,84.4,98.9,-28.2,102.4,NA,0,0,0,0,0,Brett Oberholtzer,NA,7
519107,2015,1,0,0,89.5,89.5,31,89.5,NA,0,0,0,0,0,Andy Parrino,NA,8
519141,2016,14,1,1,86.4,105.1,-8.3,105.6,104.2,7.14,7.14,0,0,0,Drew Pomeranz,NA,37
519141,2019,5,0,0,73.3,88.8,-3.4,90.6,NA,0,0,0,0,0,Drew Pomeranz,NA,20
519144,2016,3,0,0,71.9,80.5,-8.3,82.9,NA,0,0,0,0,0,Rick Porcello,NA,5
519144,2017,1,0,0,73.5,73.5,-24,73.5,NA,0,0,0,0,0,Rick Porcello,NA,4
519144,2018,4,0,0,91.9,96.7,13.5,97.4,NA,0,0,0,0,0,Rick Porcello,NA,7
519144,2019,3,0,0,86.3,89.1,-2.7,90.2,NA,0,0,0,0,0,Rick Porcello,NA,6
519168,2016,2,1,1,89.4,99.5,18.5,102,102,50,50,0,0,0,Anthony Ranaudo,NA,3
519184,2015,514,0,0,83.1,96.4,5.1,111.4,NA,0,0,0,0,0,Ben Revere,NA,634
519184,2016,300,1,1,83.5,96.9,5.6,102.9,99.6,0.33,0.33,0,0,0,Ben Revere,NA,375
519184,2017,267,0,1,82.7,96,4.5,101.9,NA,0,0.37,0.37,1,0,Ben Revere,NA,308
519203,2015,483,39,39,88.5,104.8,17,112,104.5,8.07,8.07,0,0,0,Anthony Rizzo,NA,701
519203,2016,466,41,41,88.9,105.2,16.2,113.5,105.3,8.8,8.8,0,0,0,Anthony Rizzo,NA,676
519203,2017,483,40,45,88.1,105.5,15.4,113.6,105.7,8.28,9.32,1.04,5,-12.5,Anthony Rizzo,NA,691
519203,2018,492,30,27,90,106,14.5,112.6,105.8,6.1,5.49,-0.61,-3,10,Anthony Rizzo,NA,665
519203,2019,426,28,29,88.8,106.3,12.5,113.4,106,6.57,6.81,0.24,1,-3.6,Anthony Rizzo,NA,613
519203,2021,413,32,29,89.9,105.6,14.8,115.2,106.1,7.75,7.02,-0.73,-3,9.4,Anthony Rizzo,NA,576
519203,2022,365,39,30,89.2,104.4,19.4,113.3,104.7,10.68,8.22,-2.46,-9,23.1,Anthony Rizzo,NA,548
519203,2023,276,18,11,89.9,104,17.6,110.6,103.9,6.52,3.99,-2.53,-7,38.9,Anthony Rizzo,NA,421
519203,2024,274,10,6,86.7,102.4,14.3,110.7,104.3,3.65,2.19,-1.46,-4,40,Anthony Rizzo,NA,375
519208,2015,249,12,12,89.9,106.1,11.8,113.2,106.5,4.82,4.82,0,0,0,Clint Robinson,NA,352
519208,2016,153,6,6,87.7,105,13.9,112.9,106.4,3.92,3.92,0,0,0,Clint Robinson,NA,224
519222,2015,2,0,0,88.7,99,9.5,101.6,NA,0,0,0,0,0,Austin Romine,NA,2
519222,2016,133,6,6,86.5,104.7,8.4,110.6,104.7,4.51,4.51,0,0,0,Austin Romine,NA,176
519222,2017,175,3,4,86.3,103.3,7.5,107.1,100.8,1.71,2.29,0.58,1,-33.3,Austin Romine,NA,252
519222,2018,178,9,9,88.2,104.2,9.6,111.4,103.8,5.06,5.06,0,0,0,Austin Romine,NA,265
519222,2019,179,12,12,88.6,106.2,10.7,111.4,103.9,6.7,6.7,0,0,0,Austin Romine,NA,240
519222,2021,37,2,2,87.3,107.1,9.8,111.8,102.8,5.41,5.41,0,0,0,Austin Romine,NA,62
519222,2022,84,3,3,86,103.1,8.6,109.7,103.6,3.57,3.57,0,0,0,Austin Romine,NA,136
519237,2015,196,12,12,88.8,104.3,14.2,110.4,104.1,6.12,6.12,0,0,0,Cameron Rupp,NA,299
519237,2016,273,23,24,91.3,108.4,9,113.6,106.1,8.42,8.79,0.37,1,-4.3,Cameron Rupp,NA,419
519237,2017,182,18,19,88.6,105.1,8.4,111.2,104.2,9.89,10.44,0.55,1,-5.6,Cameron Rupp,NA,331
519242,2015,5,0,0,69.6,86.5,-13.6,88.7,NA,0,0,0,0,0,Chris Sale,NA,9
519242,2016,4,0,0,83,83.7,-18.5,84.1,NA,0,0,0,0,0,Chris Sale,NA,6
519242,2017,2,0,0,97,103.1,7,104.6,NA,0,0,0,0,0,Chris Sale,NA,3
519263,2016,1,0,0,80,80,69,80,NA,0,0,0,0,0,A.J. Schugel,NA,3
519263,2017,1,0,0,95.2,95.2,-3,95.2,NA,0,0,0,0,0,A.J. Schugel,NA,2
519293,2019,2,0,0,65.2,89.1,4.5,95.1,NA,0,0,0,0,0,Will Smith,NA,2
519294,2017,1,0,0,88.4,88.4,-5,88.4,NA,0,0,0,0,0,Josh Smoker,NA,3
519295,2015,126,5,5,87.5,103,13.7,110.4,102.9,3.97,3.97,0,0,0,Jake Smolinski,NA,192
519295,2016,245,9,9,87.4,102.5,12.8,110.3,101,3.67,3.67,0,0,0,Jake Smolinski,NA,319
519295,2017,21,1,1,85.3,101.1,7.1,104.9,99.4,4.76,4.76,0,0,0,Jake Smolinski,NA,29
519295,2018,29,1,1,88.9,102.5,14.3,104.8,104.1,3.45,3.45,0,0,0,Jake Smolinski,NA,41
519299,2015,312,1,1,84.9,97.4,11.4,107.5,101.2,0.32,0.32,0,0,0,Eric Sogard,NA,401
519299,2017,209,3,3,84,98.8,13.5,105.1,104,1.44,1.44,0,0,0,Eric Sogard,NA,299
519299,2018,76,0,0,83.7,97.6,15.8,103.4,NA,0,0,0,0,0,Eric Sogard,NA,113
519299,2019,333,3,4,85.5,97.7,19.4,102.9,101,0.9,1.2,0.3,1,-33.3,Eric Sogard,NA,442
519299,2021,140,1,1,82.6,96.8,10.1,102.3,102.3,0.71,0.71,0,0,0,Eric Sogard,NA,180
519301,2015,2,0,0,89,96.6,-8,98.5,NA,0,0,0,0,0,Sammy Solís,NA,2
519301,2016,2,0,0,84.4,90.2,0.5,91.6,NA,0,0,0,0,0,Sammy Solís,NA,3
519306,2015,225,22,22,88.8,107.3,14.4,113.2,106.1,9.78,9.78,0,0,0,Steven Souza Jr.,NA,426
519306,2016,268,28,28,89.7,107.1,12.7,113.6,107.2,10.45,10.45,0,0,0,Steven Souza Jr.,NA,468
519306,2017,341,41,42,88.6,106.9,11.6,116.2,107,12.02,12.32,0.3,1,-2.4,Steven Souza Jr.,NA,617
519306,2018,166,12,12,88.7,105.1,16.1,109.8,105.8,7.23,7.23,0,0,0,Steven Souza Jr.,NA,272
519306,2021,19,1,1,87.3,98,13.4,105.8,105.8,5.26,5.26,0,0,0,Steven Souza Jr.,NA,36
519306,2022,11,0,0,83.3,96.1,23.6,97.1,NA,0,0,0,0,0,Steven Souza Jr.,NA,19
519317,2015,184,44,43,96.1,114.8,15.7,120.3,110.7,23.91,23.37,-0.54,-1,2.3,Giancarlo Stanton,NA,318
519317,2016,270,43,43,93.9,114.6,13.9,120.1,109.7,15.93,15.93,0,0,0,Giancarlo Stanton,NA,470
519317,2017,435,74,78,92,113.4,11.2,122.2,110.9,17.01,17.93,0.92,4,-5.4,Giancarlo Stanton,NA,692
519317,2018,414,61,56,93.7,114,11.7,121.7,110.6,14.73,13.53,-1.2,-5,8.2,Giancarlo Stanton,NA,705
519317,2019,36,9,9,92.7,113,7.9,120.6,110.5,25,25,0,0,0,Giancarlo Stanton,NA,72
519317,2021,352,55,54,95.1,115.2,10.3,122.2,111.9,15.62,15.34,-0.28,-1,1.8,Giancarlo Stanton,NA,579
519317,2022,263,51,42,95,114.2,10.8,119.8,110.5,19.39,15.97,-3.42,-9,17.6,Giancarlo Stanton,NA,452
519317,2023,246,38,34,93.2,112.4,12.5,119.5,110.4,15.45,13.82,-1.63,-4,10.5,Giancarlo Stanton,NA,415
519317,2024,273,53,43,94.6,113.3,14.8,120,110,19.41,15.75,-3.66,-10,18.9,Giancarlo Stanton,NA,459
519317,2025,154,32,27,94.4,112,17.5,118,109,20.78,17.53,-3.25,-5,15.6,Giancarlo Stanton,NA,281
519317,2026,61,11,7,94.1,111.1,21.5,116.3,110.2,18.03,11.48,-6.55,-4,36.4,Giancarlo Stanton,NA,96
519322,2017,1,0,0,36.7,36.7,21,36.7,NA,0,0,0,0,0,Drew Storen,NA,1
519326,2021,1,0,0,97.6,97.6,33,97.6,NA,0,0,0,0,0,Hunter Strickland,NA,2
519333,2015,56,0,0,83.1,100.6,16.5,109.5,NA,0,0,0,0,0,Matt Szczur,NA,80
519333,2016,140,7,7,85.4,100.5,13.9,108.6,102,5,5,0,0,0,Matt Szczur,NA,200
519333,2017,149,2,3,83.4,99.3,16.7,106.2,104.3,1.34,2.01,0.67,1,-50,Matt Szczur,NA,237
519333,2018,47,1,1,85.2,101.8,17,106.5,101.4,2.13,2.13,0,0,0,Matt Szczur,NA,84
519345,2015,42,2,2,89.9,103.6,16.1,109.2,104.2,4.76,4.76,0,0,0,Joey Terdoslavich,NA,59
519346,2017,304,33,36,88.2,104.5,12.8,112,104.4,10.86,11.84,0.98,3,-9.1,Eric Thames,NA,551
519346,2018,150,25,23,91,105.1,19.2,110.8,105.1,16.67,15.33,-1.34,-2,8,Eric Thames,NA,278
519346,2019,251,22,23,90.9,104.1,19,110.5,104.2,8.76,9.16,0.4,1,-4.5,Eric Thames,NA,459
519390,2015,349,16,16,86.9,101.7,16.4,109.4,103.3,4.58,4.58,0,0,0,Stephen Vogt,NA,511
519390,2016,402,20,20,85.9,101.1,19.4,108.4,102.5,4.98,4.98,0,0,0,Stephen Vogt,NA,532
519390,2017,225,13,16,85.4,101.3,17.4,106.6,101,5.78,7.11,1.33,3,-23.1,Stephen Vogt,NA,303
519390,2019,192,17,20,89.8,103.4,22.4,109.6,103.3,8.85,10.42,1.57,3,-17.6,Stephen Vogt,NA,280
519390,2021,156,7,5,87.9,101.3,18.6,106.4,102.8,4.49,3.21,-1.28,-2,28.6,Stephen Vogt,NA,238
519390,2022,126,9,6,86.5,99.5,20.8,106.8,103.2,7.14,4.76,-2.38,-3,33.3,Stephen Vogt,NA,191
519421,2016,14,2,2,91.6,103.1,11.9,104.5,103,14.29,14.29,0,0,0,Andy Wilkins,NA,27
519425,2015,8,0,0,82.7,90.8,10.9,100.5,NA,0,0,0,0,0,Jackson Williams,NA,14
519445,2016,33,0,0,86.7,100.9,10.9,103.8,NA,0,0,0,0,0,Danny Worth,NA,40
519455,2015,44,0,0,80.2,97.8,2.8,104.7,NA,0,0,0,0,0,Jordan Zimmermann,NA,69
519455,2016,2,0,0,94.8,103.1,6.5,105.2,NA,0,0,0,0,0,Jordan Zimmermann,NA,5
519455,2017,5,0,0,81.7,97.5,-7,98.7,NA,0,0,0,0,0,Jordan Zimmermann,NA,6
520471,2015,448,8,8,85.4,98.5,12.8,104,101.9,1.79,1.79,0,0,0,Freddy Galvis,NA,603
520471,2016,440,12,13,87,100.1,13.8,107.9,102.2,2.73,2.95,0.22,1,-8.3,Freddy Galvis,NA,624
520471,2017,494,12,13,85.9,99.6,14.8,106,102.1,2.43,2.63,0.2,1,-8.3,Freddy Galvis,NA,663
520471,2018,447,15,14,88.1,100.3,13.8,105.8,102.4,3.36,3.13,-0.23,-1,6.7,Freddy Galvis,NA,656
520471,2019,411,17,22,88.6,100.8,14.7,105.6,101.6,4.14,5.35,1.21,5,-29.4,Freddy Galvis,NA,589
520471,2021,284,14,13,85.9,101.4,13.3,109.3,102,4.93,4.58,-0.35,-1,7.1,Freddy Galvis,NA,394
520980,2016,1,0,0,103.7,103.7,60,103.7,NA,0,0,0,0,0,Pedro Báez,NA,1
520980,2018,2,0,0,80.9,83.3,30.5,83.9,NA,0,0,0,0,0,Pedro Báez,NA,4
521655,2019,1,0,0,85.7,85.7,2,85.7,NA,0,0,0,0,0,Wilmer Font,NA,4
521692,2015,437,22,22,87.3,104.3,13,110.9,103.7,5.03,5.03,0,0,0,Salvador Perez,NA,553
521692,2016,395,22,23,88.8,105,18.9,112.7,104.3,5.57,5.82,0.25,1,-4.5,Salvador Perez,NA,546
521692,2017,376,34,38,88.7,105.2,18.7,111.3,104.8,9.04,10.11,1.07,4,-11.8,Salvador Perez,NA,499
521692,2018,405,38,33,91.4,105.5,18,112.1,104.5,9.38,8.15,-1.23,-5,13.2,Salvador Perez,NA,544
521692,2021,454,72,63,93,107.9,15.9,114.4,106.7,15.86,13.88,-1.98,-9,12.5,Salvador Perez,NA,665
521692,2022,339,37,29,91.4,106.1,17.8,112.5,106.1,10.91,8.55,-2.36,-8,21.6,Salvador Perez,NA,473
521692,2023,410,35,26,90.1,106.6,15.6,113.1,105.5,8.54,6.34,-2.2,-9,25.7,Salvador Perez,NA,580
521692,2024,464,55,45,91.1,106.6,19,113.3,106.4,11.85,9.7,-2.15,-10,18.2,Salvador Perez,NA,652
521692,2025,473,68,43,90,107,18.1,114.8,105.8,14.38,9.09,-5.29,-25,36.8,Salvador Perez,NA,641
521692,2026,146,13,10,88.6,105.1,17.1,111.2,105,8.9,6.85,-2.05,-3,23.1,Salvador Perez,NA,201
523253,2015,430,15,15,88.4,102.1,15.4,108.7,102.8,3.49,3.49,0,0,0,Logan Forsythe,NA,615
523253,2016,384,27,28,90,103.1,13.6,109.4,103.6,7.03,7.29,0.26,1,-3.7,Logan Forsythe,NA,567
523253,2017,256,10,10,88.8,99.7,12.1,103.6,100.7,3.91,3.91,0,0,0,Logan Forsythe,NA,439
523253,2018,289,3,3,87.3,99.8,10.4,106.1,101.9,1.04,1.04,0,0,0,Logan Forsythe,NA,416
523253,2019,218,11,12,89.2,102.3,12.4,107.1,101.6,5.05,5.5,0.45,1,-9.1,Logan Forsythe,NA,367
523260,2015,2,0,0,83,96.6,-4,100,NA,0,0,0,0,0,Joe Kelly,NA,5
523260,2021,3,0,0,79.1,94.8,-19,95.1,NA,0,0,0,0,0,Joe Kelly,NA,3
523989,2015,37,0,0,76.2,90.7,-7.3,95.4,NA,0,0,0,0,0,Rubby De La Rosa,NA,68
523989,2016,12,0,0,78.1,85.2,-17.9,90.3,NA,0,0,0,0,0,Rubby De La Rosa,NA,17
524968,2015,78,7,7,91.2,109.9,13.3,112.8,107.7,8.97,8.97,0,0,0,Jesus Montero,NA,116
527038,2015,415,8,8,86.4,99.6,14.7,110,100.8,1.93,1.93,0,0,0,Wilmer Flores,NA,510
527038,2016,259,11,11,86.5,100.2,18.4,106.2,102.7,4.25,4.25,0,0,0,Wilmer Flores,NA,335
527038,2017,286,16,18,87.5,102.4,17,108.1,101.9,5.59,6.29,0.7,2,-12.5,Wilmer Flores,NA,362
527038,2018,350,8,5,86.3,100.6,17.1,108.5,101.5,2.29,1.43,-0.86,-3,37.5,Wilmer Flores,NA,429
527038,2019,235,11,12,87.4,101.3,16.4,106.3,101.2,4.68,5.11,0.43,1,-9.1,Wilmer Flores,NA,285
527038,2021,335,20,20,88.6,102.3,18,109.7,102.7,5.97,5.97,0,0,0,Wilmer Flores,NA,436
527038,2022,429,27,20,87.8,101.6,20.7,108.3,102.6,6.29,4.66,-1.63,-7,25.9,Wilmer Flores,NA,602
527038,2023,344,26,22,86.4,101.9,22,108.7,102.1,7.56,6.4,-1.16,-4,15.4,Wilmer Flores,NA,454
527038,2024,185,9,3,83.5,100,21.4,107.1,101.5,4.86,1.62,-3.24,-6,66.7,Wilmer Flores,NA,242
527038,2025,334,14,11,85.9,100.2,18.8,108.6,102.4,4.19,3.29,-0.9,-3,21.4,Wilmer Flores,NA,463
527043,2015,58,7,7,86.4,105.6,7.9,109.2,106.2,12.07,12.07,0,0,0,Jefry Marte,NA,90
527043,2016,200,14,15,89.2,105.3,12.6,110.3,105.4,7,7.5,0.5,1,-7.1,Jefry Marte,NA,284
527043,2017,94,3,4,85.2,101,8.8,108.5,106,3.19,4.26,1.07,1,-33.3,Jefry Marte,NA,145
527043,2018,152,6,6,88.6,105.7,6.1,114.2,103.5,3.95,3.95,0,0,0,Jefry Marte,NA,209
527048,2016,2,0,0,92.3,94,-21,94.4,NA,0,0,0,0,0,Martín Pérez,NA,4
527049,2017,22,0,0,81.3,102.1,1.1,107,NA,0,0,0,0,0,César Puello,NA,39
527049,2019,87,6,6,86.3,104.4,-3.6,110.4,103.4,6.9,6.9,0,0,0,César Puello,NA,147
527054,2015,41,0,0,82.6,94,0.9,99.5,NA,0,0,0,0,0,Julio Teheran,NA,68
527054,2016,32,0,0,85.3,95.7,15.2,102.2,NA,0,0,0,0,0,Julio Teheran,NA,61
527054,2017,40,0,0,82.4,95.4,-5.9,100,NA,0,0,0,0,0,Julio Teheran,NA,72
527054,2018,33,0,0,83.7,99,6.8,101.9,NA,0,0,0,0,0,Julio Teheran,NA,54
527054,2019,33,0,0,82.2,97.6,12.2,102.2,NA,0,0,0,0,0,Julio Teheran,NA,60
528748,2021,6,1,0,81.9,98,6.5,99.2,99.2,16.67,0,-16.67,-1,100,Humberto Castellanos,NA,7
533167,2015,1,0,0,82.9,82.9,-21,82.9,NA,0,0,0,0,0,Matt Shoemaker,NA,2
533167,2016,1,0,0,82.9,82.9,-21,82.9,NA,0,0,0,0,0,Matt Shoemaker,NA,2
534606,2015,16,0,0,81.1,97.7,15.3,103.3,NA,0,0,0,0,0,Ryan LaMarre,NA,26
534606,2016,3,0,0,90,94.3,-0.3,94.7,NA,0,0,0,0,0,Ryan LaMarre,NA,6
534606,2017,4,0,0,76.2,97.9,-5.5,104.8,NA,0,0,0,0,0,Ryan LaMarre,NA,8
534606,2018,110,2,2,87.8,102.4,11.4,108.9,108,1.82,1.82,0,0,0,Ryan LaMarre,NA,180
534606,2019,18,2,2,86.1,105.1,8,105.4,105.2,11.11,11.11,0,0,0,Ryan LaMarre,NA,26
534606,2021,15,1,1,83.7,100.3,7.5,103.7,100.9,6.67,6.67,0,0,0,Ryan LaMarre,NA,24
534627,2015,19,0,0,81.7,93.7,15.9,96.2,NA,0,0,0,0,0,Tyler Holt,NA,34
534627,2016,129,1,1,83.3,98.5,6,114.9,107.4,0.78,0.78,0,0,0,Tyler Holt,NA,208
534910,2015,1,0,0,59.4,59.4,-4,59.4,NA,0,0,0,0,0,Jesse Hahn,NA,3
534947,2016,10,0,0,89.2,96.3,5.8,97.8,NA,0,0,0,0,0,Tim Adleman,NA,23
534947,2017,17,0,0,78,93.2,-9.7,95.2,NA,0,0,0,0,0,Tim Adleman,NA,32
537953,2015,104,3,3,86.5,100.3,13.3,105.8,101.7,2.88,2.88,0,0,0,Daniel Nava,NA,166
537953,2016,100,3,3,89.4,99.9,13,111,104.7,3,3,0,0,0,Daniel Nava,NA,148
537953,2017,147,5,7,87.3,100.4,10.9,104.2,99.4,3.4,4.76,1.36,2,-40,Daniel Nava,NA,214
541600,2019,68,0,0,86.6,99.3,6.8,108.3,NA,0,0,0,0,0,Wilfredo Tovar,NA,88
541600,2021,7,0,0,69.7,83.5,-14.4,92.6,NA,0,0,0,0,0,Wilfredo Tovar,NA,12
541608,2015,24,0,0,86.8,100.8,1.8,105,NA,0,0,0,0,0,Ramón Cabrera,NA,30
541608,2016,143,3,3,87.6,100.3,13.1,108.1,106.5,2.1,2.1,0,0,0,Ramón Cabrera,NA,185
541640,2017,2,0,0,90.2,92.8,2,93.5,NA,0,0,0,0,0,Erasmo Ramírez,NA,3
541640,2018,1,0,0,89.7,89.7,-2,89.7,NA,0,0,0,0,0,Erasmo Ramírez,NA,3
541645,2015,401,19,18,88.5,106.3,6.7,116.1,106,4.74,4.49,-0.25,-1,5.3,Avisaíl García,NA,601
541645,2016,297,24,24,90.2,109.3,5.4,117.1,108.3,8.08,8.08,0,0,0,Avisaíl García,NA,453
541645,2017,406,35,37,90.3,107,7.5,115.5,106.3,8.62,9.11,0.49,2,-5.7,Avisaíl García,NA,561
541645,2018,259,30,28,90.3,107.6,9.6,116.7,107,11.58,10.81,-0.77,-2,6.7,Avisaíl García,NA,385
541645,2019,367,42,43,89.5,108.6,9.8,116.2,107.9,11.44,11.72,0.28,1,-2.4,Avisaíl García,NA,530
541645,2021,345,41,38,90.4,108.5,9.3,116.7,107.3,11.88,11.01,-0.87,-3,7.3,Avisaíl García,NA,515
541645,2022,248,15,10,88.7,106.7,2.8,116.8,105.9,6.05,4.03,-2.02,-5,33.3,Avisaíl García,NA,380
541645,2023,68,7,4,90.4,105.6,10.2,111.9,105.9,10.29,5.88,-4.41,-3,42.9,Avisaíl García,NA,118
541645,2024,37,3,3,86.6,105.7,2.1,107,106,8.11,8.11,0,0,0,Avisaíl García,NA,51
541650,2015,202,3,3,85.9,101.4,11.7,108,100.8,1.49,1.49,0,0,0,Hernán Pérez,NA,272
541650,2016,315,12,12,88.4,103,12,108.2,101.8,3.81,3.81,0,0,0,Hernán Pérez,NA,430
541650,2017,355,11,12,84.6,101.7,10,108.5,101.9,3.1,3.38,0.28,1,-9.1,Hernán Pérez,NA,458
541650,2018,244,12,10,87.7,103.1,11.3,109.6,103,4.92,4.1,-0.82,-2,16.7,Hernán Pérez,NA,334
541650,2019,167,6,8,87.8,103.1,9.1,111.8,103,3.59,4.79,1.2,2,-33.3,Hernán Pérez,NA,246
541650,2021,9,0,0,86.3,101.5,2.4,106.4,NA,0,0,0,0,0,Hernán Pérez,NA,21
542194,2015,122,3,3,87.3,104.2,9.1,111.2,104.6,2.46,2.46,0,0,0,Christian Bethancourt,NA,160
542194,2016,135,10,10,88,105.4,11.6,112.2,105.3,7.41,7.41,0,0,0,Christian Bethancourt,NA,204
542194,2017,4,1,1,96,98.3,30.2,99.3,99.3,25,25,0,0,0,Christian Bethancourt,NA,7
542194,2022,238,26,21,89.5,107.6,9.2,113.4,106,10.92,8.82,-2.1,-5,19.2,Christian Bethancourt,NA,333
542194,2023,228,17,14,87.6,104,10.8,109.2,104.5,7.46,6.14,-1.32,-3,17.6,Christian Bethancourt,NA,332
542194,2024,104,7,7,86.1,105.1,11.3,110.9,105,6.73,6.73,0,0,0,Christian Bethancourt,NA,147
542208,2015,211,2,2,86.2,101,12.2,106.4,101.5,0.95,0.95,0,0,0,Carlos Pérez,NA,283
542208,2016,217,5,5,84.2,100.2,13.9,107.3,103,2.3,2.3,0,0,0,Carlos Pérez,NA,291
542208,2017,13,2,2,80.4,99.3,14.8,99.6,99.2,15.38,15.38,0,0,0,Carlos Pérez,NA,21
542208,2018,49,0,0,86.4,100.6,25.3,107.6,NA,0,0,0,0,0,Carlos Pérez,NA,75
542208,2023,132,7,4,88.7,104.5,16,108,102.8,5.3,3.03,-2.27,-3,42.9,Carlos Pérez,NA,189
542255,2015,449,4,3,84.9,98.5,6.5,107.3,101.2,0.89,0.67,-0.22,-1,25,Ender Inciarte,NA,561
542255,2016,449,3,3,85.1,96.5,7.6,103.1,100.5,0.67,0.67,0,0,0,Ender Inciarte,NA,578
542255,2017,558,3,5,82.2,96.2,9.6,102.7,101.3,0.54,0.9,0.36,2,-66.7,Ender Inciarte,NA,718
542255,2018,509,7,5,84.4,97.4,10.8,105,101.2,1.38,0.98,-0.4,-2,28.6,Ender Inciarte,NA,660
542255,2019,159,2,2,81.8,97.5,9.3,103.3,100.9,1.26,1.26,0,0,0,Ender Inciarte,NA,230
542255,2021,60,2,1,81.4,96.5,10.6,104.3,98.9,3.33,1.67,-1.66,-1,50,Ender Inciarte,NA,89
542255,2022,8,0,0,74,91.4,-15.5,96.4,NA,0,0,0,0,0,Ender Inciarte,NA,8
542303,2015,345,20,20,91.8,108.2,7.2,114.5,107.5,5.8,5.8,0,0,0,Marcell Ozuna,NA,494
542303,2016,438,35,35,90.8,106.4,10.9,113.8,106.2,7.99,7.99,0,0,0,Marcell Ozuna,NA,608
542303,2017,468,44,47,90.9,109.1,10.2,114.5,107.3,9.4,10.04,0.64,3,-6.8,Marcell Ozuna,NA,679
542303,2018,476,45,40,91.4,108.5,10.9,117.2,106.4,9.45,8.4,-1.05,-5,11.1,Marcell Ozuna,NA,628
542303,2019,364,43,44,91.8,107.2,13.5,115.3,105.6,11.81,12.09,0.28,1,-2.3,Marcell Ozuna,NA,549
542303,2021,141,12,10,89.7,107.4,14.5,114.3,108.1,8.51,7.09,-1.42,-2,16.7,Marcell Ozuna,NA,208
542303,2022,350,44,35,89.4,106.9,16.5,113.9,106.9,12.57,10,-2.57,-9,20.5,Marcell Ozuna,NA,507
542303,2023,396,63,54,91.8,107.9,15.6,115.3,106.8,15.91,13.64,-2.27,-9,14.3,Marcell Ozuna,NA,592
542303,2024,439,67,52,92.1,107,14.5,114.8,106.3,15.26,11.85,-3.41,-15,22.4,Marcell Ozuna,NA,688
542303,2025,348,38,28,89.9,106.3,14.1,112.1,105.5,10.92,8.05,-2.87,-10,26.3,Marcell Ozuna,NA,592
542303,2026,101,9,7,89.1,104.5,25.1,111.2,106.5,8.91,6.93,-1.98,-2,22.2,Marcell Ozuna,NA,171
542340,2015,85,3,3,90.7,105.4,2.8,110.7,109.4,3.53,3.53,0,0,0,Jonathan Villar,NA,128
542340,2016,406,21,22,89.4,104.9,4.2,114,104.8,5.17,5.42,0.25,1,-4.8,Jonathan Villar,NA,679
542340,2017,263,15,15,88.2,105.3,2.8,114.7,103.1,5.7,5.7,0,0,0,Jonathan Villar,NA,436
542340,2018,327,17,15,87.7,102.8,3.2,110.9,103.3,5.2,4.59,-0.61,-2,11.8,Jonathan Villar,NA,515
542340,2019,468,30,32,88.2,105.6,7.4,114,104.6,6.41,6.84,0.43,2,-6.7,Jonathan Villar,NA,714
542340,2021,323,23,20,87.1,105.7,6.5,114.9,105.5,7.12,6.19,-0.93,-3,13,Jonathan Villar,NA,505
542340,2022,142,4,1,88.5,105.7,-0.3,109.5,103.4,2.82,0.7,-2.12,-3,75,Jonathan Villar,NA,220
542364,2016,156,0,0,85.4,98.2,6.1,107.2,NA,0,0,0,0,0,Rafael Ortega,NA,202
542364,2018,109,0,0,84.9,100.6,12.8,107.2,NA,0,0,0,0,0,Rafael Ortega,NA,143
542364,2019,66,3,3,86.6,101.2,14,105.6,101.4,4.55,4.55,0,0,0,Rafael Ortega,NA,96
542364,2021,227,13,9,87.2,102.3,17.4,109.5,103.4,5.73,3.96,-1.77,-4,30.8,Rafael Ortega,NA,330
542364,2022,249,9,5,86.6,101.5,16.7,108.4,102.6,3.61,2.01,-1.6,-4,44.4,Rafael Ortega,NA,371
542364,2023,81,0,0,84.8,99.5,9.5,104.6,NA,0,0,0,0,0,Rafael Ortega,NA,136
542364,2024,11,0,0,79.8,103.2,11.1,104.1,NA,0,0,0,0,0,Rafael Ortega,NA,17
542436,2015,42,0,0,84.8,99.3,3.8,102,NA,0,0,0,0,0,Cristhian Adames,NA,58
542436,2016,172,4,4,83.8,101.1,2,104.5,101.6,2.33,2.33,0,0,0,Cristhian Adames,NA,256
542436,2017,7,0,0,82,92.2,39.7,92.4,NA,0,0,0,0,0,Cristhian Adames,NA,14
542436,2019,14,0,0,85.9,100.5,2.2,101.5,NA,0,0,0,0,0,Cristhian Adames,NA,24
542454,2015,185,1,1,85.1,100.8,5.4,109.7,106,0.54,0.54,0,0,0,Danny Santana,NA,277
542454,2016,168,6,6,88.3,101.7,8.1,107.5,102.2,3.57,3.57,0,0,0,Danny Santana,NA,248
542454,2017,120,6,7,87.5,102.1,5.5,110.3,104.5,5,5.83,0.83,1,-16.7,Danny Santana,NA,178
542454,2018,17,2,2,91,106.8,9.5,107.8,105.9,11.76,11.76,0,0,0,Danny Santana,NA,32
542454,2019,329,29,30,91.4,105.4,13.4,113.1,106.5,8.81,9.12,0.31,1,-3.4,Danny Santana,NA,511
542454,2021,86,6,6,87.6,104.4,16.5,110.4,105.2,6.98,6.98,0,0,0,Danny Santana,NA,127
542455,2015,43,2,2,86.5,105.4,15.9,109.7,106.3,4.65,4.65,0,0,0,Oswaldo Arcia,NA,65
542455,2016,122,11,11,86.5,105.9,12.2,111.1,106.6,9.02,9.02,0,0,0,Oswaldo Arcia,NA,222
542513,2015,33,0,0,85.2,99.3,-5.1,102.3,NA,0,0,0,0,0,Tomás Telis,NA,41
542513,2016,7,1,1,83.4,99.5,0.9,100.8,98.6,14.29,14.29,0,0,0,Tomás Telis,NA,13
542513,2017,94,1,2,83.7,99.1,7.6,104.8,99.7,1.06,2.13,1.07,1,-100,Tomás Telis,NA,111
542513,2018,20,0,0,85.2,96.1,8.8,96.9,NA,0,0,0,0,0,Tomás Telis,NA,31
542583,2015,12,0,0,88.1,97.8,12.5,98,NA,0,0,0,0,0,Jesús Aguilar,NA,20
542583,2016,5,1,1,82.4,104.4,-18.4,104.6,104.6,20,20,0,0,0,Jesús Aguilar,NA,6
542583,2017,187,20,22,89.1,104.9,11.8,112.4,103.8,10.7,11.76,1.06,2,-10,Jesús Aguilar,NA,311
542583,2018,359,40,37,89.8,104.8,16.2,110,104.8,11.14,10.31,-0.83,-3,7.5,Jesús Aguilar,NA,566
542583,2019,241,17,18,89.4,104.9,13.8,112.2,106,7.05,7.47,0.42,1,-5.9,Jesús Aguilar,NA,369
542583,2021,363,27,24,89.6,104.7,19,110.6,104.3,7.44,6.61,-0.83,-3,11.1,Jesús Aguilar,NA,510
542583,2022,352,23,16,87.8,102.9,18.9,108.1,103.5,6.53,4.55,-1.98,-7,30.4,Jesús Aguilar,NA,507
542583,2023,73,5,4,86.7,102.1,16.3,108.2,103.5,6.85,5.48,-1.37,-1,20,Jesús Aguilar,NA,115
542642,2017,27,2,2,88.1,104.3,1.5,113.8,108.7,7.41,7.41,0,0,0,Rymer Liriano,NA,46
542674,2016,2,0,0,92.7,95.3,-15,96,NA,0,0,0,0,0,Gonzalez Germen,NA,3
542881,2016,24,0,0,79,90.9,-3,99.3,NA,0,0,0,0,0,Tyler Anderson,NA,42
542881,2017,7,0,0,79.8,94.7,14.7,101.4,NA,0,0,0,0,0,Tyler Anderson,NA,33
542881,2018,15,0,0,78.5,91.3,13.1,95.9,NA,0,0,0,0,0,Tyler Anderson,NA,60
542881,2019,3,0,0,59.6,78.2,35.7,80,NA,0,0,0,0,0,Tyler Anderson,NA,8
542881,2021,10,1,1,71.3,92.7,8.5,99.6,99.6,10,10,0,0,0,Tyler Anderson,NA,40
542882,2015,1,0,0,92.9,92.9,3,92.9,NA,0,0,0,0,0,Matt Andriese,NA,1
542882,2016,1,0,0,79.3,79.3,-25,79.3,NA,0,0,0,0,0,Matt Andriese,NA,1
542882,2019,3,0,0,79.5,83.3,-33,84.5,NA,0,0,0,0,0,Matt Andriese,NA,6
542883,2015,1,0,0,82,82,-28,82,NA,0,0,0,0,0,Dean Anna,NA,1
542908,2015,2,0,0,89,94.8,35.5,96.3,NA,0,0,0,0,0,Jett Bandy,NA,2
542908,2016,173,9,9,86.9,102.1,22.3,105.4,102.6,5.2,5.2,0,0,0,Jett Bandy,NA,231
542908,2017,116,5,6,84.9,99.6,16.4,102.7,100.7,4.31,5.17,0.86,1,-20,Jett Bandy,NA,188
542908,2018,41,2,1,83.9,101.3,26.2,105.2,102.1,4.88,2.44,-2.44,-1,50,Jett Bandy,NA,71
542921,2015,136,8,8,87,105.1,8.7,109.5,105.9,5.88,5.88,0,0,0,Tim Beckham,NA,223
542921,2016,131,7,8,89.5,106.6,11.8,110.9,106,5.34,6.11,0.77,1,-14.3,Tim Beckham,NA,215
542921,2017,363,30,36,88.2,105,8.8,110.1,103.6,8.26,9.92,1.66,6,-20,Tim Beckham,NA,575
542921,2018,270,14,14,86.9,102.6,9.8,111.2,103.3,5.19,5.19,0,0,0,Tim Beckham,NA,402
542921,2019,195,15,17,87.2,104.6,10.7,108.6,105.3,7.69,8.72,1.03,2,-13.3,Tim Beckham,NA,328
542921,2022,16,0,0,90.5,104.6,-0.2,105.2,NA,0,0,0,0,0,Tim Beckham,NA,25
542923,2015,2,0,0,90,98.2,27.5,100.3,NA,0,0,0,0,0,Dallas Beeler,NA,3
542932,2018,11,1,1,95.1,107.4,1.7,109.8,99.8,9.09,9.09,0,0,0,Jon Berti,NA,15
542932,2019,184,6,7,86.6,103.2,5.5,111.9,104.6,3.26,3.8,0.54,1,-16.7,Jon Berti,NA,287
542932,2021,175,4,4,86.8,103.3,1.7,109.1,102.7,2.29,2.29,0,0,0,Jon Berti,NA,271
542932,2022,269,16,10,88,103.2,4.7,109.1,101.9,5.95,3.72,-2.23,-6,37.5,Jon Berti,NA,404
542932,2023,315,15,14,85.1,103.6,2,110.7,103.9,4.76,4.44,-0.32,-1,6.7,Jon Berti,NA,424
542932,2024,53,0,0,83.2,99,10.5,110.7,NA,0,0,0,0,0,Jon Berti,NA,74
542932,2025,77,2,0,87.5,104.6,1.5,112.1,103.3,2.6,0,-2.6,-2,100,Jon Berti,NA,107
542942,2015,13,1,1,89.6,103.1,10.8,105.6,105.6,7.69,7.69,0,0,0,Carson Blair,NA,35
542947,2021,1,0,0,54.4,54.4,-77,54.4,NA,0,0,0,0,0,Richard Bleier,NA,1
542960,2019,3,0,0,88.9,93.5,7,95.3,NA,0,0,0,0,0,Brad Brach,NA,5
542963,2015,25,0,0,79.6,94.3,11.5,100.3,NA,0,0,0,0,0,Rob Brantly,NA,36
542963,2017,17,1,1,85.9,99,22.7,102.6,100,5.88,5.88,0,0,0,Rob Brantly,NA,36
542963,2021,16,0,0,82.6,96.3,17.5,103.2,NA,0,0,0,0,0,Rob Brantly,NA,21
542963,2022,3,0,0,82.5,96.2,-4,96.3,NA,0,0,0,0,0,Rob Brantly,NA,3
542963,2024,7,1,0,90.4,104.5,28.3,105.1,104.1,14.29,0,-14.29,-1,100,Rob Brantly,NA,9
542963,2025,6,0,0,79.6,93.8,26.2,95.1,NA,0,0,0,0,0,Rob Brantly,NA,7
542979,2015,1,0,0,77.2,77.2,-25,77.2,NA,0,0,0,0,0,Keon Broxton,NA,2
542979,2016,115,10,10,93.5,107.5,9.6,114.9,108.3,8.7,8.7,0,0,0,Keon Broxton,NA,244
542979,2017,237,26,28,87,104.1,10.1,109.8,104.5,10.97,11.81,0.84,2,-7.7,Keon Broxton,NA,463
542979,2018,50,3,3,84,105.3,2.6,109.7,106.7,6,6,0,0,0,Keon Broxton,NA,89
542979,2019,102,6,6,85.8,103.8,8.7,109.4,103.6,5.88,5.88,0,0,0,Keon Broxton,NA,228
542992,2016,4,0,0,84.8,93,21.8,95.3,NA,0,0,0,0,0,Andy Burns,NA,7
542992,2021,10,0,0,86.1,96.6,7.4,104.2,NA,0,0,0,0,0,Andy Burns,NA,15
542993,2015,421,0,0,82.8,96.9,7.4,104.8,NA,0,0,0,0,0,Billy Burns,NA,555
542993,2016,266,0,0,82,96,5.7,109.8,NA,0,0,0,0,0,Billy Burns,NA,332
542993,2017,5,0,0,70.3,79.8,26.4,84.2,NA,0,0,0,0,0,Billy Burns,NA,6
542994,2015,174,9,9,90.1,106.1,2.4,109.6,104.8,5.17,5.17,0,0,0,Joey Butler,NA,276
543001,2019,1,0,0,81,81,-26,81,NA,0,0,0,0,0,Ryan Carpenter,NA,2
543022,2016,36,0,0,82.4,96.2,2.9,100.1,NA,0,0,0,0,0,Tyler Chatwood,NA,58
543022,2017,30,0,0,80.7,92.7,-0.7,106.8,NA,0,0,0,0,0,Tyler Chatwood,NA,47
543022,2018,19,0,0,83.9,94,0.5,102.6,NA,0,0,0,0,0,Tyler Chatwood,NA,32
543022,2019,12,0,0,90,97.8,9.5,98.9,NA,0,0,0,0,0,Tyler Chatwood,NA,21
543031,2018,1,0,0,94.9,94.9,3,94.9,NA,0,0,0,0,0,Tyler Cloyd,NA,3
543037,2015,29,0,0,84.4,102.8,0.7,108.6,NA,0,0,0,0,0,Gerrit Cole,NA,71
543037,2016,20,1,1,86.5,104.2,1.5,107.8,102.1,5,5,0,0,0,Gerrit Cole,NA,43
543037,2017,36,0,0,79.3,96.2,2.8,102.1,NA,0,0,0,0,0,Gerrit Cole,NA,68
543037,2018,1,0,0,82.9,82.9,42,82.9,NA,0,0,0,0,0,Gerrit Cole,NA,9
543037,2019,1,0,0,85,85,-40,85,NA,0,0,0,0,0,Gerrit Cole,NA,7
543038,2015,2,0,0,81,81.8,51.5,82,NA,0,0,0,0,0,Dusty Coleman,NA,5
543038,2017,34,6,6,87,104.5,12.5,109.4,103.8,17.65,17.65,0,0,0,Dusty Coleman,NA,71
543045,2015,10,0,0,83,97.4,-11.7,99.1,NA,0,0,0,0,0,Adam Conley,NA,22
543045,2016,17,0,0,80.2,92.5,-1,95,NA,0,0,0,0,0,Adam Conley,NA,47
543045,2017,10,0,0,78.2,93.8,-10.4,96.9,NA,0,0,0,0,0,Adam Conley,NA,32
543045,2019,1,0,0,77.2,77.2,30,77.2,NA,0,0,0,0,0,Adam Conley,NA,1
543054,2015,9,0,0,77.7,91.7,-10.1,97,NA,0,0,0,0,0,Jarred Cosart,NA,18
543054,2016,12,0,0,78.9,91.4,-16,103.3,NA,0,0,0,0,0,Jarred Cosart,NA,18
543054,2017,1,0,0,82.9,82.9,-21,82.9,NA,0,0,0,0,0,Jarred Cosart,NA,6
543063,2015,372,33,32,89.9,104,8.2,110.6,103.6,8.87,8.6,-0.27,-1,3,Brandon Crawford,NA,561
543063,2016,425,19,19,88.6,102.9,12.7,109.4,102.3,4.47,4.47,0,0,0,Brandon Crawford,NA,623
543063,2017,412,22,27,87.3,102.2,11.3,108.5,102.7,5.34,6.55,1.21,5,-22.7,Brandon Crawford,NA,570
543063,2018,412,14,13,87.5,101.5,11.3,108.8,103.1,3.4,3.16,-0.24,-1,7.1,Brandon Crawford,NA,594
543063,2019,385,18,20,87.6,102.1,8.3,106.7,102.7,4.68,5.19,0.51,2,-11.1,Brandon Crawford,NA,560
543063,2021,383,42,37,88.6,103.7,14.6,109.8,103.6,10.97,9.66,-1.31,-5,11.9,Brandon Crawford,NA,549
543063,2022,311,19,12,87.8,101.5,12.2,109,102.4,6.11,3.86,-2.25,-7,36.8,Brandon Crawford,NA,458
543063,2023,206,19,13,89.3,103.2,14,110.4,104.1,9.22,6.31,-2.91,-6,31.6,Brandon Crawford,NA,320
543063,2024,45,3,3,89.7,102.4,13.5,108.4,106,6.67,6.67,0,0,0,Brandon Crawford,NA,80
543068,2015,293,24,24,88.3,105.7,11.9,113.9,106,8.19,8.19,0,0,0,C.J. Cron,NA,404
543068,2016,330,25,25,89.5,106.6,12.4,115.4,104.8,7.58,7.58,0,0,0,C.J. Cron,NA,445
543068,2017,247,25,26,88.7,107.3,18,114.9,107.6,10.12,10.53,0.41,1,-4,C.J. Cron,NA,373
543068,2018,360,43,42,88,108.4,15.1,114.4,107.6,11.94,11.67,-0.27,-1,2.3,C.J. Cron,NA,560
543068,2019,351,52,53,91.1,108.8,12.7,115.9,107.8,14.81,15.1,0.29,1,-1.9,C.J. Cron,NA,499
543068,2021,356,38,37,88.9,108,15.8,114.7,108.2,10.67,10.39,-0.28,-1,2.6,C.J. Cron,NA,547
543068,2022,416,45,35,88.6,106.8,14.2,115.5,106.5,10.82,8.41,-2.41,-10,22.2,C.J. Cron,NA,632
543068,2023,195,25,20,87.7,107.7,12.9,114.5,105.5,12.82,10.26,-2.56,-5,20,C.J. Cron,NA,278
543089,2017,9,0,0,73,95.5,8.9,95.7,NA,0,0,0,0,0,Taylor Davis,NA,13
543089,2018,5,0,0,85,98.7,15.4,100.9,NA,0,0,0,0,0,Taylor Davis,NA,6
543089,2019,14,1,1,87,98.9,7.8,103.9,103.9,7.14,7.14,0,0,0,Taylor Davis,NA,20
543089,2021,5,0,0,94.2,103.2,13.6,103.4,NA,0,0,0,0,0,Taylor Davis,NA,6
543094,2015,19,1,1,83.9,99.3,12.7,102,98.8,5.26,5.26,0,0,0,Jaff Decker,NA,36
543094,2016,39,0,0,82.8,99,12.8,103.1,NA,0,0,0,0,0,Jaff Decker,NA,57
543094,2017,35,0,0,83,99,11.6,103.6,NA,0,0,0,0,0,Jaff Decker,NA,62
543101,2015,24,0,0,83.6,97.8,6.9,99,NA,0,0,0,0,0,Anthony DeSclafani,NA,64
543101,2016,18,0,0,90.1,97.8,4.1,99.6,NA,0,0,0,0,0,Anthony DeSclafani,NA,43
543101,2018,16,2,2,82.4,97,4.7,102.7,101.2,12.5,12.5,0,0,0,Anthony DeSclafani,NA,46
543101,2019,25,0,0,87.5,102.1,-9.5,105.8,NA,0,0,0,0,0,Anthony DeSclafani,NA,57
543101,2021,24,1,0,65.2,96.3,-4.2,107.6,99.2,4.17,0,-4.17,-1,100,Anthony DeSclafani,NA,62
543105,2015,5,0,0,83.1,94.1,15,101.6,NA,0,0,0,0,0,Alex Dickerson,NA,8
543105,2016,211,13,13,88.6,106.4,15.5,113.2,105.4,6.16,6.16,0,0,0,Alex Dickerson,NA,285
543105,2019,133,12,13,89.9,106.8,16.3,112.9,105.3,9.02,9.77,0.75,1,-8.3,Alex Dickerson,NA,190
543105,2021,206,19,19,87.4,105.2,17,112.8,104.2,9.22,9.22,0,0,0,Alex Dickerson,NA,312
543105,2022,24,2,2,90.1,101.6,18.2,109.3,105.5,8.33,8.33,0,0,0,Alex Dickerson,NA,36
543118,2019,1,0,0,96.2,96.2,-1,96.2,NA,0,0,0,0,0,Oliver Drake,NA,1
543135,2015,2,0,0,100.3,101.7,0.5,102,NA,0,0,0,0,0,Nathan Eovaldi,NA,5
543135,2016,1,0,0,82.9,82.9,-21,82.9,NA,0,0,0,0,0,Nathan Eovaldi,NA,7
543135,2018,2,0,0,84.1,99.1,3,102.9,NA,0,0,0,0,0,Nathan Eovaldi,NA,10
543135,2019,1,0,0,29.8,29.8,-2,29.8,NA,0,0,0,0,0,Nathan Eovaldi,NA,2
543135,2021,1,0,0,70.3,70.3,-38,70.3,NA,0,0,0,0,0,Nathan Eovaldi,NA,3
543148,2016,20,1,1,92.6,103.7,25,105.3,99.4,5,5,0,0,0,Tim Federowicz,NA,33
543148,2017,9,2,2,93.9,105.8,5.1,108.8,102.7,22.22,22.22,0,0,0,Tim Federowicz,NA,14
543148,2018,24,1,1,89.8,103.2,26,108.2,102.8,4.17,4.17,0,0,0,Tim Federowicz,NA,42
543148,2019,44,4,4,90.4,102.9,19.2,105.2,103,9.09,9.09,0,0,0,Tim Federowicz,NA,83
543169,2018,1,0,0,102.2,102.2,-7,102.2,NA,0,0,0,0,0,Brian Flynn,NA,1
543184,2015,3,0,0,78.4,94.5,-22,97.4,NA,0,0,0,0,0,Christian Friedrich,NA,3
543184,2016,14,0,0,73.2,94.7,-12.8,96.2,NA,0,0,0,0,0,Christian Friedrich,NA,43
543193,2018,2,0,0,87.3,92.7,30,94,NA,0,0,0,0,0,Drew Gagnon,NA,2
543193,2019,3,0,0,94.8,99.1,8,100,NA,0,0,0,0,0,Drew Gagnon,NA,4
543194,2018,42,3,2,84.5,102.6,17.2,104.3,103.4,7.14,4.76,-2.38,-1,33.3,Isaac Galloway,NA,74
543194,2019,37,2,2,85.6,101.8,15.2,107.2,104.4,5.41,5.41,0,0,0,Isaac Galloway,NA,54
543208,2017,3,0,0,91.9,99.5,-12.7,100.4,NA,0,0,0,0,0,Sam Gaviglio,NA,5
543208,2018,2,0,0,85.1,97.7,14,100.8,NA,0,0,0,0,0,Sam Gaviglio,NA,3
543213,2015,392,4,4,85.6,98.4,10.1,110.7,99.1,1.02,1.02,0,0,0,Johnny Giavotella,NA,502
543213,2016,298,3,4,85.7,99.1,9.9,104.7,101.5,1.01,1.34,0.33,1,-33.3,Johnny Giavotella,NA,367
543213,2017,6,0,0,92.4,101.4,20,104.6,NA,0,0,0,0,0,Johnny Giavotella,NA,10
543216,2015,184,3,3,87.1,100.4,9.5,107,101.2,1.63,1.63,0,0,0,Conor Gillaspie,NA,253
543216,2016,157,6,6,88.9,103.1,13.6,109.2,100.2,3.82,3.82,0,0,0,Conor Gillaspie,NA,205
543216,2017,69,2,2,84.9,99,10.6,103.2,101.2,2.9,2.9,0,0,0,Conor Gillaspie,NA,87
543219,2015,3,0,0,91.8,108.4,12.3,110.1,NA,0,0,0,0,0,Sean Gilmartin,NA,6
543219,2017,1,0,0,93.8,93.8,18,93.8,NA,0,0,0,0,0,Sean Gilmartin,NA,1
543228,2015,263,17,17,87.5,102.2,17.7,107.7,104.2,6.46,6.46,0,0,0,Yan Gomes,NA,389
543228,2016,183,10,11,87,103.3,16.8,108.5,103.3,5.46,6.01,0.55,1,-10,Yan Gomes,NA,264
543228,2017,243,13,15,86.3,101.8,16.4,110.2,103.6,5.35,6.17,0.82,2,-15.4,Yan Gomes,NA,383
543228,2018,284,23,22,88.9,103.3,18.7,109.1,103.5,8.1,7.75,-0.35,-1,4.3,Yan Gomes,NA,435
543228,2019,230,14,17,87.6,102.6,18.1,107.6,104.2,6.09,7.39,1.3,3,-21.4,Yan Gomes,NA,358
543228,2021,272,23,19,89.6,103.3,14.1,107.7,103.5,8.46,6.99,-1.47,-4,17.4,Yan Gomes,NA,375
543228,2022,232,8,7,85.1,101.2,9.8,107.5,104,3.45,3.02,-0.43,-1,12.5,Yan Gomes,NA,293
543228,2023,308,23,14,87.4,103,15,109.7,102.7,7.47,4.55,-2.92,-9,39.1,Yan Gomes,NA,419
543228,2024,57,6,3,86.2,102.8,15.5,106.9,102.8,10.53,5.26,-5.27,-3,50,Yan Gomes,NA,96
543238,2015,330,6,6,87.1,103.4,6.2,110.3,103.5,1.82,1.82,0,0,0,Anthony Gose,NA,535
543238,2016,51,2,2,89.4,104.8,4,107.5,104.7,3.92,3.92,0,0,0,Anthony Gose,NA,101
543243,2015,2,0,0,87.7,88.7,-7.5,89,NA,0,0,0,0,0,Sonny Gray,NA,6
543243,2016,2,0,0,67.3,84,-36.5,88.2,NA,0,0,0,0,0,Sonny Gray,NA,3
543243,2018,2,0,0,59.6,80.4,-8,85.6,NA,0,0,0,0,0,Sonny Gray,NA,2
543243,2019,30,0,0,78.3,97.9,-12.9,101.5,NA,0,0,0,0,0,Sonny Gray,NA,60
543243,2021,31,0,0,71.2,93.5,-4.7,99,NA,0,0,0,0,0,Sonny Gray,NA,43
543257,2015,31,1,1,84.5,99.5,11.6,104.2,102.4,3.23,3.23,0,0,0,Robbie Grossman,NA,54
543257,2016,233,12,12,86.4,101.5,13.7,108.6,102.8,5.15,5.15,0,0,0,Robbie Grossman,NA,389
543257,2017,299,8,10,86.4,102.8,12.2,109.8,104.1,2.68,3.34,0.66,2,-25,Robbie Grossman,NA,456
543257,2018,311,6,4,87.1,101.4,15.1,108.6,102.1,1.93,1.29,-0.64,-2,33.3,Robbie Grossman,NA,465
543257,2019,333,8,9,87.7,101.4,12.3,110.6,101.3,2.4,2.7,0.3,1,-12.5,Robbie Grossman,NA,482
543257,2021,410,30,27,87.3,101.9,20.5,110.9,103.3,7.32,6.59,-0.73,-3,10,Robbie Grossman,NA,671
543257,2022,286,10,5,86.5,100,21,105.8,102.1,3.5,1.75,-1.75,-5,50,Robbie Grossman,NA,477
543257,2023,263,17,13,88.2,101.7,20.3,109,101.9,6.46,4.94,-1.52,-4,23.5,Robbie Grossman,NA,420
543257,2024,152,5,1,86.3,100.6,13.3,107,102.4,3.29,0.66,-2.63,-4,80,Robbie Grossman,NA,245
543272,2015,12,0,0,84.4,94.4,-0.7,100.5,NA,0,0,0,0,0,Brad Hand,NA,23
543272,2016,3,1,1,87.1,96.9,17.7,98.9,98.9,33.33,33.33,0,0,0,Brad Hand,NA,5
543272,2018,1,0,0,97.1,97.1,-26,97.1,NA,0,0,0,0,0,Brad Hand,NA,1
543278,2015,1,0,0,78.8,78.8,-8,78.8,NA,0,0,0,0,0,Blaine Hardy,NA,1
543281,2015,345,5,5,86,99.2,11.7,104.7,99.9,1.45,1.45,0,0,0,Josh Harrison,NA,449
543281,2016,409,9,10,86,98.8,12.6,103.3,99.8,2.2,2.44,0.24,1,-11.1,Josh Harrison,NA,522
543281,2017,394,10,12,84.5,98.2,16.2,103.2,100.3,2.54,3.05,0.51,2,-20,Josh Harrison,NA,542
543281,2018,279,8,5,85.3,98.8,15.6,105.1,101.3,2.87,1.79,-1.08,-3,37.5,Josh Harrison,NA,374
543281,2019,112,4,5,85.4,100.3,19.4,105,102.4,3.57,4.46,0.89,1,-25,Josh Harrison,NA,147
543281,2021,433,18,14,87,101.1,14.6,108.2,101.9,4.16,3.23,-0.93,-4,22.2,Josh Harrison,NA,558
543281,2022,319,11,4,87,100.7,14.3,106,101.4,3.45,1.25,-2.2,-7,63.6,Josh Harrison,NA,425
543281,2023,85,2,2,86.6,100.6,10.7,104.6,103.1,2.35,2.35,0,0,0,Josh Harrison,NA,114
543294,2015,31,0,0,84.1,95.4,-1.1,97.9,NA,0,0,0,0,0,Kyle Hendricks,NA,64
543294,2016,25,0,0,82.6,94.9,6.6,102.8,NA,0,0,0,0,0,Kyle Hendricks,NA,68
543294,2017,20,0,0,78.8,97.5,0.1,102,NA,0,0,0,0,0,Kyle Hendricks,NA,51
543294,2018,30,0,0,81.1,102.6,4.6,106.6,NA,0,0,0,0,0,Kyle Hendricks,NA,66
543294,2019,26,0,0,80,97.9,2.2,104.4,NA,0,0,0,0,0,Kyle Hendricks,NA,64
543294,2021,32,0,0,68.6,96.7,-12.4,100.6,NA,0,0,0,0,0,Kyle Hendricks,NA,61
543302,2015,64,2,2,86.6,101.9,11.7,105.3,103.4,3.12,3.12,0,0,0,Chris Herrmann,NA,113
543302,2016,103,10,10,89.9,103.3,10.7,109.8,104.2,9.71,9.71,0,0,0,Chris Herrmann,NA,166
543302,2017,158,12,12,89.1,104.8,10.6,111.9,104,7.59,7.59,0,0,0,Chris Herrmann,NA,256
543302,2018,53,4,4,90,103.1,17.5,107.9,104.1,7.55,7.55,0,0,0,Chris Herrmann,NA,87
543302,2019,54,3,4,88.7,103.3,6.7,105,104.3,5.56,7.41,1.85,1,-33.3,Chris Herrmann,NA,94
543305,2015,275,8,8,88.8,102.1,11.9,107.8,104.3,2.91,2.91,0,0,0,Aaron Hicks,NA,390
543305,2016,259,10,10,88.9,102.8,10.6,107.6,103.1,3.86,3.86,0,0,0,Aaron Hicks,NA,361
543305,2017,236,18,19,86.5,102.9,11.4,109.3,102,7.63,8.05,0.42,1,-5.6,Aaron Hicks,NA,361
543305,2018,372,33,30,89.5,104,13.2,110,103.3,8.87,8.06,-0.81,-3,9.1,Aaron Hicks,NA,581
543305,2019,152,13,14,89.8,105.4,14.6,111,104.5,8.55,9.21,0.66,1,-7.7,Aaron Hicks,NA,255
543305,2021,80,8,6,89.3,103.4,19.1,109.6,104.6,10,7.5,-2.5,-2,25,Aaron Hicks,NA,126
543305,2022,276,16,12,87.3,102.9,14,109.6,103.1,5.8,4.35,-1.45,-4,25,Aaron Hicks,NA,453
543305,2023,199,7,6,84.8,101.9,12.3,106.7,103,3.52,3.02,-0.5,-1,14.3,Aaron Hicks,NA,312
543305,2024,33,2,1,87.5,103.3,4.6,105,103.2,6.06,3.03,-3.03,-1,50,Aaron Hicks,NA,63
543308,2015,14,0,0,92.6,103.6,24.6,106.3,NA,0,0,0,0,0,John Hicks,NA,34
543308,2016,2,0,0,99.8,100.3,-1.5,100.4,NA,0,0,0,0,0,John Hicks,NA,2
543308,2017,122,11,11,85.7,104.9,8,110.7,105,9.02,9.02,0,0,0,John Hicks,NA,190
543308,2018,203,11,11,87.9,104.1,14.6,111.2,104.4,5.42,5.42,0,0,0,John Hicks,NA,312
543308,2019,211,13,14,87.4,106.1,15.9,112.5,106.9,6.16,6.64,0.48,1,-7.7,John Hicks,NA,333
543308,2021,23,5,5,90.6,105,22.8,108,105.7,21.74,21.74,0,0,0,John Hicks,NA,31
543309,2017,11,0,0,79.7,99.8,21.1,102.4,NA,0,0,0,0,0,Kyle Higashioka,NA,20
543309,2018,56,6,4,88.4,103.1,28,109.2,105,10.71,7.14,-3.57,-2,33.3,Kyle Higashioka,NA,79
543309,2019,31,3,3,89.8,104.5,17.7,109.5,104.4,9.68,9.68,0,0,0,Kyle Higashioka,NA,57
543309,2021,133,21,19,90.5,105.1,21.7,109.5,104.5,15.79,14.29,-1.5,-2,9.5,Kyle Higashioka,NA,211
543309,2022,182,18,13,90.3,105.3,16.7,109.1,104.3,9.89,7.14,-2.75,-5,27.8,Kyle Higashioka,NA,248
543309,2023,172,19,17,89.9,105,15.2,109.2,104,11.05,9.88,-1.17,-2,10.5,Kyle Higashioka,NA,260
543309,2024,174,19,17,87.4,103.9,20.4,107.2,103.4,10.92,9.77,-1.15,-2,10.5,Kyle Higashioka,NA,263
543309,2025,232,18,10,88.7,103.2,17.5,108.8,103.1,7.76,4.31,-3.45,-8,44.4,Kyle Higashioka,NA,327
543309,2026,53,3,2,87.1,102.3,15.2,107.1,102.7,5.66,3.77,-1.89,-1,33.3,Kyle Higashioka,NA,82
543321,2015,12,0,0,85.9,98.8,-4.7,103.7,NA,0,0,0,0,0,L.J. Hoes,NA,16
543329,2016,12,0,0,84,97.9,-3.3,99.5,NA,0,0,0,0,0,Destin Hood,NA,25
543333,2015,478,34,34,89.7,106.9,5.9,113.9,106.7,7.11,7.11,0,0,0,Eric Hosmer,NA,667
543333,2016,472,39,40,91.8,107.5,3.8,114.9,106,8.26,8.47,0.21,1,-2.6,Eric Hosmer,NA,667
543333,2017,497,32,35,89.7,107.1,3.8,118,106.2,6.44,7.04,0.6,3,-9.4,Eric Hosmer,NA,671
543333,2018,463,26,23,88.7,106.4,-1.5,112.2,105.2,5.62,4.97,-0.65,-3,11.5,Eric Hosmer,NA,677
543333,2019,461,32,33,90.5,106.7,2.1,114.3,105.8,6.94,7.16,0.22,1,-3.1,Eric Hosmer,NA,667
543333,2021,410,24,21,90.3,106.7,3,112.5,105.9,5.85,5.12,-0.73,-3,12.5,Eric Hosmer,NA,565
543333,2022,313,17,14,88.4,106.8,3.1,112.9,104.4,5.43,4.47,-0.96,-3,17.6,Eric Hosmer,NA,419
543333,2023,69,4,3,84.5,104.3,3.3,110.3,106.7,5.8,4.35,-1.45,-1,25,Eric Hosmer,NA,100
543339,2018,1,0,0,73,73,-21,73,NA,0,0,0,0,0,Daniel Hudson,NA,2
543351,2021,1,0,0,48,48,-62,48,NA,0,0,0,0,0,Jay Jackson,NA,1
543359,2018,2,0,0,87.9,92.4,5,93.5,NA,0,0,0,0,0,Dan Jennings,NA,3
543362,2017,5,0,0,86.9,101,32.8,106,NA,0,0,0,0,0,A.J. Jimenez,NA,13
543376,2015,249,14,13,87.3,101.6,15.7,108.3,101.9,5.62,5.22,-0.4,-1,7.1,Caleb Joseph,NA,355
543376,2016,106,0,0,85.6,99.4,12.6,104.7,NA,0,0,0,0,0,Caleb Joseph,NA,141
543376,2017,181,10,11,84.2,101.4,9.8,106.1,102,5.52,6.08,0.56,1,-10,Caleb Joseph,NA,266
543376,2018,198,2,2,84.7,99.7,12.8,105,99.3,1.01,1.01,0,0,0,Caleb Joseph,NA,280
543376,2019,28,0,0,87,97.2,22,100.8,NA,0,0,0,0,0,Caleb Joseph,NA,41
543377,2018,13,0,0,82.3,97.2,9.8,103.9,NA,0,0,0,0,0,Corban Joseph,NA,19
543377,2019,53,1,1,87.3,100.5,9.2,106.4,105.2,1.89,1.89,0,0,0,Corban Joseph,NA,68
543380,2015,24,0,0,74,93.6,-4.2,98.4,NA,0,0,0,0,0,Taylor Jungmann,NA,44
543380,2016,4,0,0,73.2,80.4,-13.2,82.9,NA,0,0,0,0,0,Taylor Jungmann,NA,8
543391,2015,2,0,0,96.7,100.3,-2.5,101.2,NA,0,0,0,0,0,Casey Kelly,NA,3
543391,2016,1,0,0,76.8,76.8,-25,76.8,NA,0,0,0,0,0,Casey Kelly,NA,3
543391,2018,1,0,0,66.2,66.2,-37,66.2,NA,0,0,0,0,0,Casey Kelly,NA,6
543401,2015,452,12,12,89,102.2,8.7,106.4,102.3,2.65,2.65,0,0,0,Jason Kipnis,NA,641
543401,2016,460,29,31,89.9,102.5,15,108.2,102.5,6.3,6.74,0.44,2,-6.9,Jason Kipnis,NA,688
543401,2017,270,9,17,86.2,100.9,17.5,107.8,103,3.33,6.3,2.97,8,-88.9,Jason Kipnis,NA,373
543401,2018,409,27,23,86.5,100.9,17.4,107.4,101.6,6.6,5.62,-0.98,-4,14.8,Jason Kipnis,NA,601
543401,2019,372,21,21,87.5,102,13.9,107.1,102.3,5.65,5.65,0,0,0,Jason Kipnis,NA,511
543408,2015,22,0,0,77.8,97.9,-11.6,100.5,NA,0,0,0,0,0,Tom Koehler,NA,64
543408,2016,23,0,0,82.5,94.7,0.3,97.6,NA,0,0,0,0,0,Tom Koehler,NA,56
543408,2017,6,0,0,77.8,90.3,-12.3,90.4,NA,0,0,0,0,0,Tom Koehler,NA,21
543424,2015,8,0,0,83.2,91.3,-16.2,93.3,NA,0,0,0,0,0,John Lamb,NA,16
543424,2016,7,0,0,82.4,87.1,-13,90.1,NA,0,0,0,0,0,John Lamb,NA,22
543432,2015,66,4,4,90.8,104,17.6,107.2,104,6.06,6.06,0,0,0,Ryan Lavarnway,NA,106
543432,2017,8,0,0,87.3,106.2,13.1,107,NA,0,0,0,0,0,Ryan Lavarnway,NA,13
543432,2018,5,0,0,95.7,105,10.4,106.1,NA,0,0,0,0,0,Ryan Lavarnway,NA,6
543432,2019,13,1,1,88,102.5,10.5,104.3,103.9,7.69,7.69,0,0,0,Ryan Lavarnway,NA,19
543432,2021,19,2,2,83.2,100.1,16.6,107.2,104.8,10.53,10.53,0,0,0,Ryan Lavarnway,NA,30
543434,2015,413,19,19,89.7,105.2,7,112.4,104.6,4.6,4.6,0,0,0,Brett Lawrie,NA,602
543434,2016,242,15,15,88.9,104.6,16.7,109.8,103.9,6.2,6.2,0,0,0,Brett Lawrie,NA,384
543456,2016,1,0,0,66.9,66.9,-52,66.9,NA,0,0,0,0,0,Kyle Lobstein,NA,2
543459,2015,6,0,0,82.4,91.4,20.8,100,NA,0,0,0,0,0,Steve Lombardozzi Jr.,NA,11
543459,2017,6,0,0,85.3,93.8,-4.7,95,NA,0,0,0,0,0,Steve Lombardozzi Jr.,NA,8
543475,2015,8,0,0,70.4,85.4,18.8,91.3,NA,0,0,0,0,0,Jordan Lyles,NA,19
543475,2016,4,0,0,83.3,96.5,13,97.6,NA,0,0,0,0,0,Jordan Lyles,NA,8
543475,2017,7,0,0,81.5,93.5,-7.7,94.3,NA,0,0,0,0,0,Jordan Lyles,NA,14
543475,2018,6,0,0,85.2,98.1,-19.7,100.4,NA,0,0,0,0,0,Jordan Lyles,NA,20
543475,2019,15,0,0,81.2,92.7,-8,93.7,NA,0,0,0,0,0,Jordan Lyles,NA,48
543475,2021,1,0,0,79.6,79.6,-56,79.6,NA,0,0,0,0,0,Jordan Lyles,NA,6
543482,2023,5,1,1,86.2,99.5,22,99.6,99.6,20,20,0,0,0,Drew Maggi,NA,6
543484,2015,72,9,9,91.3,106.2,14.3,111.5,104.7,12.5,12.5,0,0,0,Mikie Mahtook,NA,115
543484,2016,116,6,6,90,104.8,18.7,110.2,104.1,5.17,5.17,0,0,0,Mikie Mahtook,NA,196
543484,2017,271,15,16,88.4,103.8,10.4,111.9,104.7,5.54,5.9,0.36,1,-6.7,Mikie Mahtook,NA,379
543484,2018,159,10,8,87.9,104.4,12.4,109.3,103.9,6.29,5.03,-1.26,-2,20,Mikie Mahtook,NA,250
543484,2019,12,1,2,88.6,105.5,30.3,106.9,105.7,8.33,16.67,8.34,1,-100,Mikie Mahtook,NA,25
543510,2015,305,9,9,88.1,102.8,8.8,108.3,103.3,2.95,2.95,0,0,0,James McCann,NA,425
543510,2016,235,21,22,88.2,103.9,16.1,109.5,104.7,8.94,9.36,0.42,1,-4.8,James McCann,NA,373
543510,2017,265,20,21,87.2,103.3,15.7,109.2,104.4,7.55,7.92,0.37,1,-5,James McCann,NA,391
543510,2018,311,15,12,87.8,102.5,16.3,111.4,103.7,4.82,3.86,-0.96,-3,20,James McCann,NA,457
543510,2019,302,24,26,90.2,105.5,10.8,112,104,7.95,8.61,0.66,2,-8.3,James McCann,NA,476
543510,2021,262,16,13,87.1,103.4,9.1,112.5,102.9,6.11,4.96,-1.15,-3,18.8,James McCann,NA,412
543510,2022,130,9,7,89.8,104.2,16,108.4,105.4,6.92,5.38,-1.54,-2,22.2,James McCann,NA,191
543510,2023,154,11,11,88.2,104.1,16.1,112.1,104.7,7.14,7.14,0,0,0,James McCann,NA,226
543510,2024,160,14,13,87.1,104.8,14.1,110.5,104,8.75,8.12,-0.63,-1,7.1,James McCann,NA,233
543510,2025,92,7,6,91.8,105.7,7.7,110.3,104.8,7.61,6.52,-1.09,-1,14.3,James McCann,NA,137
543510,2026,44,3,1,87.8,104.5,6,109.8,106.5,6.82,2.27,-4.55,-2,66.7,James McCann,NA,62
543521,2015,3,0,0,83.1,86.2,38.3,87.2,NA,0,0,0,0,0,Collin McHugh,NA,8
543521,2016,5,0,0,72,83.7,6.2,84.2,NA,0,0,0,0,0,Collin McHugh,NA,8
543532,2019,5,0,0,85.7,99.4,-12.2,100.2,NA,0,0,0,0,0,Tim Melville,NA,10
543542,2017,1,0,0,70.8,70.8,16,70.8,NA,0,0,0,0,0,Alex Meyer,NA,2
543543,2015,334,15,15,89.5,105.3,8.1,113.4,104.5,4.49,4.49,0,0,0,Brad Miller,NA,497
543543,2016,396,36,37,90.4,106.4,12,113.1,105.6,9.09,9.34,0.25,1,-2.8,Brad Miller,NA,601
543543,2017,230,13,14,89.1,106.7,10.9,112.7,106.5,5.65,6.09,0.44,1,-7.7,Brad Miller,NA,407
543543,2018,148,15,14,91.1,107.4,11.2,112,105.6,10.14,9.46,-0.68,-1,6.7,Brad Miller,NA,254
543543,2019,108,14,14,92,106.6,17.3,113.4,106.8,12.96,12.96,0,0,0,Brad Miller,NA,170
543543,2021,219,26,21,92.1,106.8,12.6,113.9,105.3,11.87,9.59,-2.28,-5,19.2,Brad Miller,NA,377
543543,2022,152,12,11,90.8,104.5,13.5,110.7,103.7,7.89,7.24,-0.65,-1,8.3,Brad Miller,NA,241
543543,2023,46,3,3,87.5,102.2,7.8,108,105.6,6.52,6.52,0,0,0,Brad Miller,NA,67
543548,2015,1,0,0,57.6,57.6,45,57.6,NA,0,0,0,0,0,Tommy Milone,NA,2
543548,2016,2,0,0,99,103.6,3.5,104.7,NA,0,0,0,0,0,Tommy Milone,NA,2
543548,2017,4,0,0,89.7,96.9,-17.8,98,NA,0,0,0,0,0,Tommy Milone,NA,12
543548,2018,4,0,0,75.3,79.1,13,81,NA,0,0,0,0,0,Tommy Milone,NA,9
543548,2019,1,0,0,88.1,88.1,-9,88.1,NA,0,0,0,0,0,Tommy Milone,NA,2
543557,2015,1,0,0,87.2,87.2,22,87.2,NA,0,0,0,0,0,Mike Montgomery,NA,3
543557,2016,5,0,0,88.4,100.8,-16,101.7,NA,0,0,0,0,0,Mike Montgomery,NA,11
543557,2017,17,0,1,83.3,97.1,-2.2,99.9,NA,0,5.88,5.88,1,0,Mike Montgomery,NA,30
543557,2018,13,0,0,79.2,88.8,-8.5,99.9,NA,0,0,0,0,0,Mike Montgomery,NA,35
543557,2019,3,0,0,84.2,87.2,36,87.8,NA,0,0,0,0,0,Mike Montgomery,NA,6
543569,2015,4,1,1,101.6,103.9,5.5,104.7,98.4,25,25,0,0,0,Brent Morel,NA,7
543590,2015,78,6,6,90.7,104,9,109.1,104.1,7.69,7.69,0,0,0,Kirk Nieuwenhuis,NA,141
543590,2016,197,19,20,90.1,104.7,9.6,111.2,104,9.64,10.15,0.51,1,-5.3,Kirk Nieuwenhuis,NA,392
543590,2017,11,4,4,95.7,105.8,12.2,108.1,105.4,36.36,36.36,0,0,0,Kirk Nieuwenhuis,NA,31
543592,2019,176,6,6,87.4,100.8,16.3,107.6,101.9,3.41,3.41,0,0,0,Austin Nola,NA,267
543592,2021,155,1,0,89.7,102.7,14.8,107.9,98.3,0.65,0,-0.65,-1,100,Austin Nola,NA,194
543592,2022,296,7,2,89.2,102.8,11.8,109.1,100.8,2.36,0.68,-1.68,-5,71.4,Austin Nola,NA,397
543592,2023,103,1,1,82.5,100.1,12,106.1,104.6,0.97,0.97,0,0,0,Austin Nola,NA,154
543592,2025,34,0,0,85.7,98.7,10.8,107.4,NA,0,0,0,0,0,Austin Nola,NA,41
543594,2021,3,0,0,46.5,67.2,-3,74,NA,0,0,0,0,0,Sean Nolin,NA,6
543606,2015,2,0,0,76,81.5,-17,82.9,NA,0,0,0,0,0,Jake Odorizzi,NA,4
543606,2016,3,0,0,90.5,96,-7.7,96.4,NA,0,0,0,0,0,Jake Odorizzi,NA,4
543606,2017,3,0,0,91.5,95.1,-3,96,NA,0,0,0,0,0,Jake Odorizzi,NA,4
543606,2018,4,0,0,83.7,89.4,-12.8,92.2,NA,0,0,0,0,0,Jake Odorizzi,NA,8
543606,2019,2,0,0,82.3,85.3,22.5,86.1,NA,0,0,0,0,0,Jake Odorizzi,NA,3
543606,2021,1,0,0,59.2,59.2,43,59.2,NA,0,0,0,0,0,Jake Odorizzi,NA,1
543611,2017,11,0,0,89.5,97.7,21.5,101.7,NA,0,0,0,0,0,Danny Ortiz,NA,13
543633,2015,33,1,1,84.5,102.8,5.5,108.8,108.8,3.03,3.03,0,0,0,Juan Carlos Perez,NA,40
543652,2017,4,0,0,80.3,82.4,22.8,82.9,NA,0,0,0,0,0,Tyler Pill,NA,5
543685,2015,242,12,11,90.1,102.5,10,108.3,102.4,4.96,4.55,-0.41,-1,8.3,Anthony Rendon,NA,355
543685,2016,441,26,27,91.1,105.1,16.9,111.4,103.5,5.9,6.12,0.22,1,-3.8,Anthony Rendon,NA,647
543685,2017,427,26,32,89.8,102.8,18.3,110.1,103.4,6.09,7.49,1.4,6,-23.1,Anthony Rendon,NA,605
543685,2018,454,43,37,90.7,104.4,17.9,109.9,104.1,9.47,8.15,-1.32,-6,14,Anthony Rendon,NA,597
543685,2019,468,52,53,90.4,103,19.6,107.7,102.4,11.11,11.32,0.21,1,-1.9,Anthony Rendon,NA,646
543685,2021,178,9,6,89.1,101.2,22.4,106,101.3,5.06,3.37,-1.69,-3,33.3,Anthony Rendon,NA,249
543685,2022,131,10,6,89.6,102.6,18.8,107.3,102.9,7.63,4.58,-3.05,-4,40,Anthony Rendon,NA,193
543685,2023,125,6,4,90.1,101.7,16.2,106.6,101.9,4.8,3.2,-1.6,-2,33.3,Anthony Rendon,NA,183
543685,2024,174,3,0,87.9,100.7,14.5,108.9,101.3,1.72,0,-1.72,-3,100,Anthony Rendon,NA,238
543698,2015,1,0,0,82.2,82.2,10,82.2,NA,0,0,0,0,0,Donn Roach,NA,1
543699,2015,19,0,0,80.1,94.1,4.1,96.5,NA,0,0,0,0,0,Tanner Roark,NA,29
543699,2016,42,1,1,77.9,96.4,2.5,102.2,98.3,2.38,2.38,0,0,0,Tanner Roark,NA,75
543699,2017,36,0,0,77.6,93.9,-5,101.9,NA,0,0,0,0,0,Tanner Roark,NA,63
543699,2018,40,0,0,81.2,96.5,-1.1,98.6,NA,0,0,0,0,0,Tanner Roark,NA,65
543699,2019,20,1,1,83.1,95.9,4.8,100.6,100.6,5,5,0,0,0,Tanner Roark,NA,34
543706,2015,68,0,0,85.9,99.9,8.6,103.2,NA,0,0,0,0,0,Daniel Robertson,NA,80
543706,2016,15,0,0,87.6,97.5,8.3,98.3,NA,0,0,0,0,0,Daniel Robertson,NA,21
543706,2017,77,0,0,83.6,98.5,-2.8,102.3,NA,0,0,0,0,0,Daniel Robertson,NA,88
543734,2015,36,0,0,83.9,101.3,-4.4,104.1,NA,0,0,0,0,0,Chris Rusin,NA,50
543734,2016,21,0,0,75,95.8,3.9,101.5,NA,0,0,0,0,0,Chris Rusin,NA,30
543734,2017,7,0,0,74.6,94.3,-12.1,94.8,NA,0,0,0,0,0,Chris Rusin,NA,10
543734,2018,3,0,0,85.5,93.8,-8.7,96.9,NA,0,0,0,0,0,Chris Rusin,NA,5
543742,2015,87,5,5,90.8,105.4,10,110.3,103.6,5.75,5.75,0,0,0,Jerry Sands,NA,133
543742,2016,30,1,1,86.2,106.1,2.7,109.1,108.6,3.33,3.33,0,0,0,Jerry Sands,NA,58
543746,2016,1,0,0,87.9,87.9,36,87.9,NA,0,0,0,0,0,Rob Scahill,NA,2
543760,2015,416,17,16,87.1,101,13.6,106.9,102,4.09,3.85,-0.24,-1,5.9,Marcus Semien,NA,601
543760,2016,421,28,29,87.9,102.4,15.2,108.4,102.8,6.65,6.89,0.24,1,-3.6,Marcus Semien,NA,621
543760,2017,259,8,12,87.1,100.5,17.4,106.5,102.9,3.09,4.63,1.54,4,-50,Marcus Semien,NA,386
543760,2018,504,22,19,86.8,101.7,15.5,107.1,102,4.37,3.77,-0.6,-3,13.6,Marcus Semien,NA,703
543760,2019,546,40,45,88.9,102.3,14.9,108.2,102.8,7.33,8.24,0.91,5,-12.5,Marcus Semien,NA,747
543760,2021,505,43,39,89.7,103,20.4,109.5,103.6,8.51,7.72,-0.79,-4,9.3,Marcus Semien,NA,724
543760,2022,547,34,20,87.3,101.5,19.9,110.1,102.3,6.22,3.66,-2.56,-14,41.2,Marcus Semien,NA,724
543760,2023,564,36,25,88.4,102.1,19,108.6,102.4,6.38,4.43,-1.95,-11,30.6,Marcus Semien,NA,753
543760,2024,543,28,20,87.4,101.7,17,112.1,102.6,5.16,3.68,-1.48,-8,28.6,Marcus Semien,NA,718
543760,2025,385,24,15,88.3,102.4,19.4,110,102.1,6.23,3.9,-2.33,-9,37.5,Marcus Semien,NA,534
543760,2026,141,9,5,85.2,101.7,18.8,107.5,102.3,6.38,3.55,-2.83,-4,44.4,Marcus Semien,NA,196
543768,2015,170,12,12,88.6,105.6,15.3,113.3,106.9,7.06,7.06,0,0,0,Travis Shaw,NA,248
543768,2016,344,25,26,88.6,104.5,16.2,112.3,105.6,7.27,7.56,0.29,1,-4,Travis Shaw,NA,530
543768,2017,403,28,30,88.5,105.3,14.7,113.7,104.4,6.95,7.44,0.49,2,-7.1,Travis Shaw,NA,606
543768,2018,397,37,36,88.4,105.7,16.6,114.6,106.4,9.32,9.07,-0.25,-1,2.7,Travis Shaw,NA,587
543768,2019,139,10,10,89.1,104.5,24.5,113,107.5,7.19,7.19,0,0,0,Travis Shaw,NA,270
543768,2021,155,14,11,86.8,104.7,18.8,111.7,104,9.03,7.1,-1.93,-3,21.4,Travis Shaw,NA,250
543768,2022,12,0,0,75.8,94.1,25.2,95.3,NA,0,0,0,0,0,Travis Shaw,NA,19
543776,2015,125,0,0,83.5,99.7,2.9,107.2,NA,0,0,0,0,0,JB Shuck,NA,165
543776,2016,203,2,2,84.6,100.8,7.5,108.5,101.5,0.99,0.99,0,0,0,JB Shuck,NA,241
543776,2018,107,0,0,84.6,100.5,7,105.7,NA,0,0,0,0,0,JB Shuck,NA,142
543776,2019,36,0,0,86.7,99,-0.1,104,NA,0,0,0,0,0,JB Shuck,NA,57
543807,2015,280,25,25,89.9,107.3,9.1,114.2,107.4,8.93,8.93,0,0,0,George Springer,NA,451
543807,2016,458,47,47,89.4,107.5,8.7,115.9,107.3,10.26,10.26,0,0,0,George Springer,NA,744
543807,2017,438,36,45,89.1,107.3,9.2,114.6,107.1,8.22,10.27,2.05,9,-25,George Springer,NA,629
543807,2018,426,37,33,88.6,105.6,9.6,114.7,105.6,8.69,7.75,-0.94,-4,10.8,George Springer,NA,620
543807,2019,357,49,52,89.8,107.1,10.4,114.3,107.2,13.73,14.57,0.84,3,-6.1,George Springer,NA,556
543807,2021,221,33,26,89.4,107.7,19,116.4,106.5,14.93,11.76,-3.17,-7,21.2,George Springer,NA,342
543807,2022,417,33,26,88.7,106.9,13.8,113.6,107,7.91,6.24,-1.67,-7,21.2,George Springer,NA,583
543807,2023,490,35,27,88.3,105.5,12,115.9,106,7.14,5.51,-1.63,-8,22.9,George Springer,NA,683
543807,2024,429,39,24,87.5,105.4,9.4,110.6,104.2,9.09,5.59,-3.5,-15,38.5,George Springer,NA,614
543807,2025,392,59,44,89.9,107.2,17.3,114,106.4,15.05,11.22,-3.83,-15,25.4,George Springer,NA,586
543807,2026,92,7,4,86.8,103.7,15.6,108.8,103.5,7.61,4.35,-3.26,-3,42.9,George Springer,NA,129
543829,2015,494,5,4,84.1,97.2,1.9,106.9,99.9,1.01,0.81,-0.2,-1,20,Dee Strange-Gordon,NA,653
543829,2016,258,0,0,82.1,96.3,2.8,101.5,NA,0,0,0,0,0,Dee Strange-Gordon,NA,345
543829,2017,530,1,3,81.6,95.5,2.3,104.1,98.4,0.19,0.57,0.38,2,-200,Dee Strange-Gordon,NA,695
543829,2018,462,0,0,82.9,96.1,5.7,104.7,NA,0,0,0,0,0,Dee Strange-Gordon,NA,588
543829,2019,323,0,0,84.1,97.5,5.8,102.5,NA,0,0,0,0,0,Dee Strange-Gordon,NA,421
543829,2022,51,0,0,82.6,96.5,-1,100.4,NA,0,0,0,0,0,Dee Strange-Gordon,NA,59
543859,2016,1,0,0,82.9,82.9,-21,82.9,NA,0,0,0,0,0,Michael Tonkin,NA,2
543867,2017,2,0,0,73,88.4,-5,92.3,NA,0,0,0,0,0,Nik Turley,NA,2
543877,2016,132,2,2,87.1,101.6,1.9,107.8,103.6,1.52,1.52,0,0,0,Christian Vázquez,NA,184
543877,2017,260,6,7,85.2,100.3,8,105.7,102.4,2.31,2.69,0.38,1,-16.7,Christian Vázquez,NA,345
543877,2018,209,3,3,87.4,100.2,12.9,105.2,101.2,1.44,1.44,0,0,0,Christian Vázquez,NA,269
543877,2019,383,21,22,89.1,102.2,13.5,107.4,102.7,5.48,5.74,0.26,1,-4.8,Christian Vázquez,NA,521
543877,2021,377,8,8,86,101.2,13.5,109.7,102.6,2.12,2.12,0,0,0,Christian Vázquez,NA,498
543877,2022,331,18,8,87.9,101.5,10.7,109.5,101,5.44,2.42,-3.02,-10,55.6,Christian Vázquez,NA,426
543877,2023,245,8,3,86.3,100.4,9.9,106.6,101.6,3.27,1.22,-2.05,-5,62.5,Christian Vázquez,NA,355
543877,2024,238,10,4,87,101.4,15.5,108.8,101.5,4.2,1.68,-2.52,-6,60,Christian Vázquez,NA,315
543877,2025,157,5,1,85.9,99.8,15.3,104.2,101.6,3.18,0.64,-2.54,-4,80,Christian Vázquez,NA,214
543877,2026,75,1,0,85.9,100,10.5,107.4,100.3,1.33,0,-1.33,-1,100,Christian Vázquez,NA,100
543881,2015,3,0,0,79.6,99.2,-8.3,101.1,NA,0,0,0,0,0,Pedro Villarreal,NA,6
543901,2015,1,0,0,67.8,67.8,-28,67.8,NA,0,0,0,0,0,Ryan Weber,NA,10
543901,2016,3,0,0,72.7,91.8,-30.3,94,NA,0,0,0,0,0,Ryan Weber,NA,6
543903,2015,4,0,0,83.1,91.4,15,95.1,NA,0,0,0,0,0,Allen Webster,NA,11
543921,2015,1,0,0,38,38,-52,38,NA,0,0,0,0,0,Joe Wieland,NA,2
543939,2015,447,13,9,87.4,102.8,11.3,110.5,102.3,2.91,2.01,-0.9,-4,30.8,Kolten Wong,NA,613
543939,2016,260,8,8,86.4,100.9,10.9,107.5,104.1,3.08,3.08,0,0,0,Kolten Wong,NA,361
543939,2017,286,7,9,86.1,101.6,9.4,109.7,103.5,2.45,3.15,0.7,2,-28.6,Kolten Wong,NA,411
543939,2018,291,7,6,86.1,102.4,8.5,107.1,102.6,2.41,2.06,-0.35,-1,14.3,Kolten Wong,NA,407
543939,2019,386,8,9,85.3,100.3,12.7,107.7,103,2.07,2.33,0.26,1,-12.5,Kolten Wong,NA,549
543939,2021,365,17,12,87.4,102.6,12.5,107.1,102.1,4.66,3.29,-1.37,-5,29.4,Kolten Wong,NA,492
543939,2022,348,20,11,86.1,101.4,12.9,109.7,102.4,5.75,3.16,-2.59,-9,45,Kolten Wong,NA,497
543939,2023,173,3,2,84.1,99.7,13.2,107.9,101.2,1.73,1.16,-0.57,-1,33.3,Kolten Wong,NA,250
543942,2015,1,0,0,61.5,61.5,1,61.5,NA,0,0,0,0,0,Rob Wooten,NA,1
544150,2016,11,0,0,87.4,101.3,-16.1,103.7,NA,0,0,0,0,0,Albert Suárez,NA,24
544150,2017,2,0,0,80.7,83.8,-28,84.6,NA,0,0,0,0,0,Albert Suárez,NA,2
544365,2015,2,0,0,62.4,73.5,-11.5,76.3,NA,0,0,0,0,0,Manny Banuelos,NA,7
544369,2015,434,6,6,85.2,100.6,10.3,107.2,103.8,1.38,1.38,0,0,0,Didi Gregorius,NA,578
544369,2016,484,12,12,85.4,100.3,14,108.8,102,2.48,2.48,0,0,0,Didi Gregorius,NA,597
544369,2017,468,15,17,84.5,99.6,17.7,106.2,101.8,3.21,3.63,0.42,2,-13.3,Didi Gregorius,NA,570
544369,2018,443,18,15,86.7,101.2,15.8,109.4,102,4.06,3.39,-0.67,-3,16.7,Didi Gregorius,NA,569
544369,2019,273,15,16,87.8,102.7,17.5,110.8,102.7,5.49,5.86,0.37,1,-6.7,Didi Gregorius,NA,344
544369,2021,306,7,6,85.8,101.4,18.3,107.6,105,2.29,1.96,-0.33,-1,14.3,Didi Gregorius,NA,408
544369,2022,179,5,4,84.1,99.4,15.1,106.5,102.3,2.79,2.23,-0.56,-1,20,Didi Gregorius,NA,232
544725,2015,7,0,0,84.9,100.3,-3.4,100.8,NA,0,0,0,0,0,Leury García,NA,15
544725,2016,34,0,0,89.1,101.1,2.6,106,NA,0,0,0,0,0,Leury García,NA,50
544725,2017,230,9,11,84.8,102.2,3.9,106.7,103.1,3.91,4.78,0.87,2,-22.2,Leury García,NA,326
544725,2018,187,5,5,87.1,101.5,6.6,108.8,101.9,2.67,2.67,0,0,0,Leury García,NA,275
544725,2019,444,15,16,87.4,101.7,5.6,108.5,103,3.38,3.6,0.22,1,-6.7,Leury García,NA,618
544725,2021,331,9,8,84,101.8,3.4,109.6,103.5,2.72,2.42,-0.3,-1,11.1,Leury García,NA,474
544725,2022,238,7,5,86,102,5.6,109.2,102.7,2.94,2.1,-0.84,-2,28.6,Leury García,NA,315
544836,2018,1,0,0,100.7,100.7,12,100.7,NA,0,0,0,0,0,Enny Romero,NA,1
544925,2015,77,3,3,88.2,105,13.3,110.1,108.6,3.9,3.9,0,0,0,Matthew den Dekker,NA,110
544925,2016,23,2,2,90.1,103,13.7,106.2,101,8.7,8.7,0,0,0,Matthew den Dekker,NA,39
544925,2017,3,0,0,81.3,83.5,7,83.6,NA,0,0,0,0,0,Matthew den Dekker,NA,8
544925,2018,10,0,0,85.9,104.3,24.6,104.9,NA,0,0,0,0,0,Matthew den Dekker,NA,21
544928,2015,12,0,0,89.4,98.1,-5.1,103.2,NA,0,0,0,0,0,Tyler Lyons,NA,20
544928,2016,2,0,0,89.1,94.1,-16.5,95.3,NA,0,0,0,0,0,Tyler Lyons,NA,4
544928,2019,1,0,0,72,72,-22,72,NA,0,0,0,0,0,Tyler Lyons,NA,1
544931,2015,19,0,0,81.7,97.4,-0.6,104.5,NA,0,0,0,0,0,Stephen Strasburg,NA,46
544931,2016,37,0,0,84.3,102,-4.3,104.8,NA,0,0,0,0,0,Stephen Strasburg,NA,57
544931,2017,38,2,2,85.2,101.1,-0.8,103.7,100.9,5.26,5.26,0,0,0,Stephen Strasburg,NA,60
544931,2018,28,1,1,89.6,104.7,-5.2,107.1,107.1,3.57,3.57,0,0,0,Stephen Strasburg,NA,51
544931,2019,46,1,1,88,99.4,-3.8,104.7,104.7,2.17,2.17,0,0,0,Stephen Strasburg,NA,80
544931,2021,3,0,0,98.2,102.8,7.7,104,NA,0,0,0,0,0,Stephen Strasburg,NA,7
545121,2017,9,0,0,81.5,92.9,7.9,100.3,NA,0,0,0,0,0,Ildemaro Vargas,NA,13
545121,2018,15,1,1,87,100.1,7,103.5,101.7,6.67,6.67,0,0,0,Ildemaro Vargas,NA,20
545121,2019,176,5,6,87.3,101.7,3.5,107.3,102.2,2.84,3.41,0.57,1,-20,Ildemaro Vargas,NA,211
545121,2021,60,1,1,84.6,99.8,2.7,105,100.3,1.67,1.67,0,0,0,Ildemaro Vargas,NA,83
545121,2022,188,4,2,85.8,100.4,6.4,109.2,100.8,2.13,1.06,-1.07,-2,50,Ildemaro Vargas,NA,222
545121,2023,245,6,5,85.9,101.8,3.9,111,104,2.45,2.04,-0.41,-1,16.7,Ildemaro Vargas,NA,286
545121,2024,249,2,1,85.3,100.4,2.3,108.5,101.9,0.8,0.4,-0.4,-1,50,Ildemaro Vargas,NA,303
545121,2025,102,4,3,88.4,104.9,1.9,111.9,107.4,3.92,2.94,-0.98,-1,25,Ildemaro Vargas,NA,121
545121,2026,151,6,4,86.1,102.7,9.5,109,104.1,3.97,2.65,-1.32,-2,33.3,Ildemaro Vargas,NA,173
545333,2015,5,0,0,85.3,93.6,-8.4,94.6,NA,0,0,0,0,0,Trevor Bauer,NA,7
545333,2017,2,0,0,98.4,99,-11.5,99.2,NA,0,0,0,0,0,Trevor Bauer,NA,3
545333,2018,1,0,0,75,75,-23,75,NA,0,0,0,0,0,Trevor Bauer,NA,3
545333,2019,7,0,0,87.1,93.1,-12.7,93.9,NA,0,0,0,0,0,Trevor Bauer,NA,22
545333,2021,22,0,0,73.7,91.4,-17,92.1,NA,0,0,0,0,0,Trevor Bauer,NA,34
545337,2017,12,1,1,82.2,99.4,3.4,102.1,99.7,8.33,8.33,0,0,0,Nolan Fontana,NA,23
545337,2018,5,1,0,92,100.7,35.6,101.5,99.4,20,0,-20,-1,100,Nolan Fontana,NA,12
545338,2015,63,4,4,85.1,101.8,16.5,106.6,104,6.35,6.35,0,0,0,Nick Franklin,NA,109
545338,2016,131,7,7,88,100.8,17.2,106.7,101.5,5.34,5.34,0,0,0,Nick Franklin,NA,191
545338,2017,84,2,2,83,101.2,7.2,106.7,102.8,2.38,2.38,0,0,0,Nick Franklin,NA,119
545338,2018,2,0,0,85.7,85.9,-16.5,86,NA,0,0,0,0,0,Nick Franklin,NA,2
545341,2015,204,29,29,92.2,107.7,16.3,112,105.6,14.22,14.22,0,0,0,Randal Grichuk,NA,350
545341,2016,303,29,30,91.4,106.7,16.3,114.2,105.2,9.57,9.9,0.33,1,-3.4,Randal Grichuk,NA,478
545341,2017,280,41,46,89,106.6,16.2,113.3,104.9,14.64,16.43,1.79,5,-12.2,Randal Grichuk,NA,442
545341,2018,304,43,40,90.7,107.1,18.7,114.1,106.5,14.14,13.16,-0.98,-3,7,Randal Grichuk,NA,462
545341,2019,424,37,37,89.3,106.5,16,112.6,104.1,8.73,8.73,0,0,0,Randal Grichuk,NA,628
545341,2021,397,31,27,89.8,107.2,16.2,113.8,105.5,7.81,6.8,-1.01,-4,12.9,Randal Grichuk,NA,545
545341,2022,378,27,22,90,106.6,8.7,111.6,104.3,7.14,5.82,-1.32,-5,18.5,Randal Grichuk,NA,538
545341,2023,340,24,14,89.6,106,14,112.1,105,7.06,4.12,-2.94,-10,41.7,Randal Grichuk,NA,471
545341,2024,210,23,19,90.6,107.1,17.4,112.3,104.9,10.95,9.05,-1.9,-4,17.4,Randal Grichuk,NA,279
545341,2025,214,24,18,92.4,108.3,17.6,115.5,107,11.21,8.41,-2.8,-6,25,Randal Grichuk,NA,293
545341,2026,41,7,4,91.8,108.1,17.6,110.9,107.6,17.07,9.76,-7.31,-3,42.9,Randal Grichuk,NA,56
545346,2015,2,0,0,75.7,89.9,0,93.5,NA,0,0,0,0,0,Zach Lee,NA,2
545346,2017,3,0,0,72.6,88.1,-42.3,89.4,NA,0,0,0,0,0,Zach Lee,NA,3
545350,2015,232,13,13,84.9,102.5,13.4,110.8,103.3,5.6,5.6,0,0,0,Jake Marisnick,NA,372
545350,2016,200,8,8,85.6,103.5,10.5,112.1,102,4,4,0,0,0,Jake Marisnick,NA,311
545350,2017,137,17,17,87.4,106.5,18.1,111.2,105.9,12.41,12.41,0,0,0,Jake Marisnick,NA,259
545350,2018,128,9,9,85.9,103.6,18.8,111.7,104.4,7.03,7.03,0,0,0,Jake Marisnick,NA,235
545350,2019,194,8,8,86.1,104.4,10.7,111.6,106.7,4.12,4.12,0,0,0,Jake Marisnick,NA,318
545350,2021,115,6,4,87.3,105.4,14.3,109.4,104.8,5.22,3.48,-1.74,-2,33.3,Jake Marisnick,NA,198
545350,2022,53,4,2,82.2,104,16.1,110.2,107,7.55,3.77,-3.78,-2,50,Jake Marisnick,NA,82
545350,2023,57,3,2,87.5,103.5,20.4,107.8,105.9,5.26,3.51,-1.75,-1,33.3,Jake Marisnick,NA,83
545358,2015,10,1,1,90.6,104.1,18.1,106.1,103.1,10,10,0,0,0,Max Stassi,NA,17
545358,2016,8,0,0,82.7,92.7,-11.1,93.4,NA,0,0,0,0,0,Max Stassi,NA,13
545358,2017,21,3,3,88.7,108.3,19.4,110.5,107.9,14.29,14.29,0,0,0,Max Stassi,NA,31
545358,2018,147,13,11,89.9,105.4,5.8,110.1,105.5,8.84,7.48,-1.36,-2,15.4,Max Stassi,NA,250
545358,2019,83,3,3,89.3,102.9,12.3,106.4,103.9,3.61,3.61,0,0,0,Max Stassi,NA,147
545358,2021,180,19,16,89.9,104.1,11,109.5,103.5,10.56,8.89,-1.67,-3,15.8,Max Stassi,NA,319
545358,2022,222,19,14,88.4,103.1,9.2,107.5,104.2,8.56,6.31,-2.25,-5,26.3,Max Stassi,NA,375
545361,2015,417,66,66,92.9,109.7,14,117.7,107.1,15.83,15.83,0,0,0,Mike Trout,NA,682
545361,2016,403,57,58,90.9,108.7,13.8,117.1,106.6,14.14,14.39,0.25,1,-1.8,Mike Trout,NA,681
545361,2017,316,39,44,88.8,108.7,18,114.7,106.7,12.34,13.92,1.58,5,-12.8,Mike Trout,NA,507
545361,2018,352,54,52,91.1,109.3,18.6,118,107,15.34,14.77,-0.57,-2,3.7,Mike Trout,NA,608
545361,2019,349,63,67,90.9,109.4,22.2,116.6,107.9,18.05,19.2,1.15,4,-6.3,Mike Trout,NA,600
545361,2021,75,14,12,91.9,109.8,12.8,115.5,107.7,18.67,16,-2.67,-2,14.3,Mike Trout,NA,146
545361,2022,300,56,50,91.6,109.1,24.6,114.4,107.4,18.67,16.67,-2,-6,10.7,Mike Trout,NA,499
545361,2023,206,32,27,91.9,108.5,19.3,114.3,106.6,15.53,13.11,-2.42,-5,15.6,Mike Trout,NA,362
545361,2024,82,13,10,89.2,106.8,25.2,114.5,107.6,15.85,12.2,-3.65,-3,23.1,Mike Trout,NA,126
545361,2025,283,45,38,90.9,107.9,17.8,115.4,105.9,15.9,13.43,-2.47,-7,15.6,Mike Trout,NA,556
545361,2026,119,25,19,91.6,108.5,20.7,114.6,106,21.01,15.97,-5.04,-6,24,Mike Trout,NA,221
545363,2017,3,0,0,70.6,86.7,7.7,92.1,NA,0,0,0,0,0,Jacob Turner,NA,8
545404,2015,1,0,0,90.4,90.4,17,90.4,NA,0,0,0,0,0,Brandon Beachy,NA,2
546276,2016,1,0,0,82.9,82.9,-21,82.9,NA,0,0,0,0,0,Edwin Escobar,NA,2
546318,2015,356,11,11,88.3,105,7.1,113.3,105.2,3.09,3.09,0,0,0,Odúbel Herrera,NA,537
546318,2016,441,18,18,87.1,103.9,9.8,113.5,103.9,4.08,4.08,0,0,0,Odúbel Herrera,NA,656
546318,2017,395,21,26,87.2,105.9,9.7,114.6,105.5,5.32,6.58,1.26,5,-23.8,Odúbel Herrera,NA,563
546318,2018,422,20,19,87,105.4,12.9,114.7,105,4.74,4.5,-0.24,-1,5,Odúbel Herrera,NA,597
546318,2019,94,4,4,88,104.6,11,112.8,101.5,4.26,4.26,0,0,0,Odúbel Herrera,NA,139
546318,2021,378,17,14,87.7,106.4,6.4,113,105.4,4.5,3.7,-0.8,-3,17.6,Odúbel Herrera,NA,492
546318,2022,141,7,6,86.3,105.2,3.1,111.2,106.3,4.96,4.26,-0.7,-1,14.3,Odúbel Herrera,NA,197
546990,2017,5,1,1,90.8,105.4,3.2,107,107,20,20,0,0,0,Anthony Alford,NA,8
546990,2018,10,0,0,86.4,102.8,19.2,106.4,NA,0,0,0,0,0,Anthony Alford,NA,21
546990,2019,17,1,1,86.1,99.1,13.4,107,107,5.88,5.88,0,0,0,Anthony Alford,NA,30
546990,2021,75,8,8,89,105.5,11.8,110.9,105.3,10.67,10.67,0,0,0,Anthony Alford,NA,148
546990,2022,2,0,0,82.9,88.9,25,90.4,NA,0,0,0,0,0,Anthony Alford,NA,4
546991,2016,82,3,3,87.6,103.3,8.6,110.7,103.1,3.66,3.66,0,0,0,Albert Almora Jr.,NA,117
546991,2017,243,8,10,87.2,103.9,8.9,111,107.2,3.29,4.12,0.83,2,-25,Albert Almora Jr.,NA,323
546991,2018,363,4,3,86.2,103.2,8.4,110,102.6,1.1,0.83,-0.27,-1,25,Albert Almora Jr.,NA,479
546991,2019,281,12,12,85.6,103.1,8.6,111.7,104.6,4.27,4.27,0,0,0,Albert Almora Jr.,NA,363
546991,2021,35,0,0,90.3,101.5,7.6,106.4,NA,0,0,0,0,0,Albert Almora Jr.,NA,54
546991,2022,167,3,1,83.4,100.6,6.9,108.6,100.2,1.8,0.6,-1.2,-2,66.7,Albert Almora Jr.,NA,235
547001,2021,8,0,0,69.8,97.7,-36.8,97.8,NA,0,0,0,0,0,Cody Poteet,NA,11
547004,2016,5,1,1,93.7,107,13.4,107.9,105.6,20,20,0,0,0,Rio Ruiz,NA,7
547004,2017,112,6,7,88,102.6,4.1,105.9,102.6,5.36,6.25,0.89,1,-16.7,Rio Ruiz,NA,173
547004,2018,7,0,0,90.6,96.8,-0.4,97.2,NA,0,0,0,0,0,Rio Ruiz,NA,15
547004,2019,284,8,8,88,101.8,10.9,107.8,102.1,2.82,2.82,0,0,0,Rio Ruiz,NA,413
547004,2021,90,4,4,86.4,100,8.9,107.4,102.7,4.44,4.44,0,0,0,Rio Ruiz,NA,141
547007,2016,8,0,0,81.2,98.1,-13.5,99.1,NA,0,0,0,0,0,Rob Whalen,NA,11
547170,2017,108,6,7,83.2,103.7,11.9,108.4,103.4,5.56,6.48,0.92,1,-16.7,Nicky Delmonico,NA,166
547170,2018,205,11,9,86.8,103.1,14.6,109.3,103.2,5.37,4.39,-0.98,-2,18.2,Nicky Delmonico,NA,318
547170,2019,38,3,3,87,103.9,15.9,110.2,100.5,7.89,7.89,0,0,0,Nicky Delmonico,NA,68
547172,2016,144,3,3,84.9,99,8.1,104.8,99.3,2.08,2.08,0,0,0,Tony Wolters,NA,230
547172,2017,172,1,1,83.8,98.2,5.8,106.2,103.3,0.58,0.58,0,0,0,Tony Wolters,NA,266
547172,2018,151,4,3,84.3,98.3,5,103.4,100.7,2.65,1.99,-0.66,-1,25,Tony Wolters,NA,216
547172,2019,297,0,0,85.1,97.6,9.9,103.4,NA,0,0,0,0,0,Tony Wolters,NA,411
547172,2021,13,0,0,77.9,97.1,5.3,100,NA,0,0,0,0,0,Tony Wolters,NA,30
547172,2022,1,0,0,87.1,87.1,34,87.1,NA,0,0,0,0,0,Tony Wolters,NA,4
547173,2022,4,0,0,91.1,97.8,27.5,100.6,NA,0,0,0,0,0,Christian Lopes,NA,10
547176,2021,1,1,1,107.2,107.2,22,107.2,107.2,100,100,0,0,0,Daniel Camarena,NA,3
547179,2015,22,0,0,87.9,102.8,1.8,107.1,NA,0,0,0,0,0,Michael Lorenzen,NA,41
547179,2016,3,1,1,97,100.3,22.7,101.4,101.4,33.33,33.33,0,0,0,Michael Lorenzen,NA,5
547179,2017,7,1,1,83.5,97.7,-11.3,107.8,107.8,14.29,14.29,0,0,0,Michael Lorenzen,NA,12
547179,2018,21,4,4,93.3,106.1,3,116.5,106.6,19.05,19.05,0,0,0,Michael Lorenzen,NA,34
547179,2019,28,1,1,96.5,105.8,0.1,108.1,100.7,3.57,3.57,0,0,0,Michael Lorenzen,NA,53
547180,2015,389,48,48,91.1,107,14.4,116,105.3,12.34,12.34,0,0,0,Bryce Harper,NA,654
547180,2016,379,28,29,88.8,105.4,15,112.7,105.4,7.39,7.65,0.26,1,-3.6,Bryce Harper,NA,627
547180,2017,317,34,41,90.9,108.8,14,116.3,107.8,10.73,12.93,2.2,7,-20.6,Bryce Harper,NA,492
547180,2018,388,43,39,90.9,107.7,14.2,115.1,107.1,11.08,10.05,-1.03,-4,9.3,Bryce Harper,NA,695
547180,2019,395,55,58,91.8,108.9,13.6,116.4,108.1,13.92,14.68,0.76,3,-5.5,Bryce Harper,NA,682
547180,2021,360,59,54,91.1,108.8,12.9,116.3,107.9,16.39,15,-1.39,-5,8.5,Bryce Harper,NA,599
547180,2022,289,36,29,91.5,107.8,11.3,114.3,108.2,12.46,10.03,-2.43,-7,19.4,Bryce Harper,NA,426
547180,2023,342,51,43,91.2,108.6,8.5,115.7,106.9,14.91,12.57,-2.34,-8,15.7,Bryce Harper,NA,546
547180,2024,413,42,38,91,107,13.7,113.8,106.2,10.17,9.2,-0.97,-4,9.5,Bryce Harper,NA,631
547180,2025,383,45,33,91,107.2,11.4,113.8,106.5,11.75,8.62,-3.13,-12,26.7,Bryce Harper,NA,580
547180,2026,144,19,14,89,106.9,13.2,112.5,105.8,13.19,9.72,-3.47,-5,26.3,Bryce Harper,NA,209
547379,2015,122,11,11,90.6,107,3.2,112,105.8,9.02,9.02,0,0,0,Roberto Pérez,NA,226
547379,2016,109,6,7,89.2,104.7,7,110.1,103.1,5.5,6.42,0.92,1,-16.7,Roberto Pérez,NA,184
547379,2017,145,10,10,86.2,107.4,6.8,113.4,106.6,6.9,6.9,0,0,0,Roberto Pérez,NA,248
547379,2018,106,6,4,90.2,105.8,8.1,111.9,103.9,5.66,3.77,-1.89,-2,33.3,Roberto Pérez,NA,210
547379,2019,263,29,29,89.8,106.2,5.6,112.8,106.4,11.03,11.03,0,0,0,Roberto Pérez,NA,449
547379,2021,87,11,10,87.9,106.1,6.2,110,105.9,12.64,11.49,-1.15,-1,9.1,Roberto Pérez,NA,161
547379,2022,35,4,2,89.3,106.9,5.4,109.8,103,11.43,5.71,-5.72,-2,50,Roberto Pérez,NA,69
547379,2023,8,0,0,90.2,108.1,2.2,108.7,NA,0,0,0,0,0,Roberto Pérez,NA,17
547749,2017,1,0,0,90.6,90.6,-11,90.6,NA,0,0,0,0,0,Junichi Tazawa,NA,1
547874,2016,2,0,0,61.8,78.7,-47.5,82.9,NA,0,0,0,0,0,Hisashi Iwakuma,NA,3
547888,2015,4,0,0,78.8,82.9,-35.5,82.9,NA,0,0,0,0,0,Masahiro Tanaka,NA,8
547888,2018,5,0,0,72.1,89.9,-9.4,94.6,NA,0,0,0,0,0,Masahiro Tanaka,NA,6
547888,2019,1,0,0,85.5,85.5,-51,85.5,NA,0,0,0,0,0,Masahiro Tanaka,NA,1
547912,2017,28,1,1,84.1,105.3,-4.3,110.4,100.3,3.57,3.57,0,0,0,Gift Ngoepe,NA,63
547912,2018,6,1,1,87.2,99.7,2.5,102.7,102.7,16.67,16.67,0,0,0,Gift Ngoepe,NA,19
547942,2021,19,0,0,68.3,92.7,-19.3,99.9,NA,0,0,0,0,0,Kwang Hyun Kim,NA,29
547943,2016,1,0,0,82.9,82.9,-21,82.9,NA,0,0,0,0,0,Hyun Jin Ryu,NA,1
547943,2017,13,0,0,82.2,103.8,5.1,106.4,NA,0,0,0,0,0,Hyun Jin Ryu,NA,38
547943,2018,13,0,0,97.4,104.9,6.8,107,NA,0,0,0,0,0,Hyun Jin Ryu,NA,30
547943,2019,29,2,2,84.6,101.3,4.8,107.5,102,6.9,6.9,0,0,0,Hyun Jin Ryu,NA,67
547943,2021,2,0,0,79.6,80.9,27,81.3,NA,0,0,0,0,0,Hyun Jin Ryu,NA,4
547957,2016,251,12,12,90.3,103.7,6.3,111.8,103.1,4.78,4.78,0,0,0,Hyun Soo Kim,NA,346
547957,2017,167,6,6,88.4,101.9,9.4,109.2,103.7,3.59,3.59,0,0,0,Hyun Soo Kim,NA,239
547973,2015,1,0,0,107.7,107.7,-3,107.7,NA,0,0,0,0,0,Aroldis Chapman,NA,1
547982,2015,206,4,4,87.6,104.6,8.5,110.2,104.3,1.94,1.94,0,0,0,Leonys Martin,NA,310
547982,2016,364,18,19,86.8,105.9,12.5,111.5,105.1,4.95,5.22,0.27,1,-5.6,Leonys Martin,NA,576
547982,2017,91,3,4,85.7,102.6,11.1,108,105.7,3.3,4.4,1.1,1,-33.3,Leonys Martin,NA,138
547982,2018,237,24,23,88,105.6,17.5,112.9,104.7,10.13,9.7,-0.43,-1,4.2,Leonys Martin,NA,353
547982,2019,153,10,10,87,103.8,17,110.1,106.5,6.54,6.54,0,0,0,Leonys Martin,NA,264
547989,2015,459,41,41,91,108.1,9.9,114.9,106,8.93,8.93,0,0,0,José Abreu,NA,668
547989,2016,502,39,39,89.7,106.6,10.3,113.4,105.3,7.77,7.77,0,0,0,José Abreu,NA,695
547989,2017,503,45,51,90.5,107.9,11.2,114.9,106.5,8.95,10.14,1.19,6,-13.3,José Abreu,NA,675
547989,2018,396,35,34,91.3,107.8,12.2,115.5,106.7,8.84,8.59,-0.25,-1,2.9,José Abreu,NA,553
547989,2019,492,60,62,92.1,108.5,10.9,117.9,106.2,12.2,12.6,0.4,2,-3.3,José Abreu,NA,693
547989,2021,431,40,36,92,107.2,10.4,115.6,105.9,9.28,8.35,-0.93,-4,10,José Abreu,NA,659
547989,2022,493,45,34,92.2,107.6,8,113,104.7,9.13,6.9,-2.23,-11,24.4,José Abreu,NA,679
547989,2023,415,34,29,89,105.7,10.9,113.3,105.6,8.19,6.99,-1.2,-5,14.7,José Abreu,NA,594
547989,2024,86,2,2,87.8,103.4,6.7,109.7,103,2.33,2.33,0,0,0,José Abreu,NA,120
548337,2015,5,0,0,71.5,87.9,1.2,91.2,NA,0,0,0,0,0,Logan Verrett,NA,8
548337,2016,7,0,0,78.4,93.9,-16.4,103.3,NA,0,0,0,0,0,Logan Verrett,NA,22
548357,2015,8,0,0,83.5,91.4,4.5,98.5,NA,0,0,0,0,0,Christian Bergman,NA,15
548357,2016,3,0,0,71.1,82.9,-37,82.9,NA,0,0,0,0,0,Christian Bergman,NA,3
548357,2017,1,0,0,88.7,88.7,24,88.7,NA,0,0,0,0,0,Christian Bergman,NA,1
548357,2018,2,0,0,57.9,79.7,19.5,85.2,NA,0,0,0,0,0,Christian Bergman,NA,2
548389,2016,12,0,0,80.9,91.5,0.4,92.6,NA,0,0,0,0,0,Ross Stripling,NA,27
548389,2017,5,0,0,71.1,85.3,16,92.1,NA,0,0,0,0,0,Ross Stripling,NA,9
548389,2018,18,0,0,82.9,89.6,-11.6,90.2,NA,0,0,0,0,0,Ross Stripling,NA,37
548389,2019,12,0,0,79.5,91.5,-8.6,93.1,NA,0,0,0,0,0,Ross Stripling,NA,24
548389,2021,4,0,0,59.2,68.8,-56.2,68.8,NA,0,0,0,0,0,Ross Stripling,NA,6
552662,2015,14,1,1,87.7,105.2,16.1,106.2,106.2,7.14,7.14,0,0,0,Stefen Romero,NA,24
552662,2016,14,1,1,93.2,103.6,21.4,107.4,98.9,7.14,7.14,0,0,0,Stefen Romero,NA,19
553869,2015,1,0,0,100.7,100.7,39,100.7,NA,0,0,0,0,0,Elias Díaz,NA,2
553869,2016,3,0,0,75.2,79,9,80,NA,0,0,0,0,0,Elias Díaz,NA,4
553869,2017,150,3,3,86.4,103.6,6.4,109.3,100,2,2,0,0,0,Elias Díaz,NA,200
553869,2018,215,13,10,89.6,105.2,10.5,112.2,103.1,6.05,4.65,-1.4,-3,23.1,Elias Díaz,NA,277
553869,2019,250,5,6,87.8,105.3,9.1,113.9,100.7,2,2.4,0.4,1,-20,Elias Díaz,NA,332
553869,2021,279,19,18,87.1,104.6,14.6,109.5,103.5,6.81,6.45,-0.36,-1,5.3,Elias Díaz,NA,371
553869,2022,267,13,9,88.4,104.8,11.5,111.8,103,4.87,3.37,-1.5,-4,30.8,Elias Díaz,NA,381
553869,2023,369,22,15,88.1,105.4,12.9,111.7,105.5,5.96,4.07,-1.89,-7,31.8,Elias Díaz,NA,526
553869,2024,256,12,8,87.1,105.6,7.6,110.5,105.4,4.69,3.12,-1.57,-4,33.3,Elias Díaz,NA,351
553869,2025,184,12,8,87.1,105.3,16.3,111.4,104.2,6.52,4.35,-2.17,-4,33.3,Elias Díaz,NA,283
553869,2026,17,2,1,88.4,106.3,14.9,110,106.2,11.76,5.88,-5.88,-1,50,Elias Díaz,NA,23
553878,2019,2,0,0,85,94.6,-25.5,97,NA,0,0,0,0,0,Felipe Vázquez,NA,2
553882,2016,87,0,1,84.4,95.2,14.2,104.5,NA,0,1.15,1.15,1,0,Omar Narváez,NA,117
553882,2017,206,0,0,83.3,96.9,12,103.4,NA,0,0,0,0,0,Omar Narváez,NA,295
553882,2018,216,5,5,85.3,99.4,13.2,102.5,100.2,2.31,2.31,0,0,0,Omar Narváez,NA,322
553882,2019,330,18,18,85.5,100.1,17.9,106.1,101.7,5.45,5.45,0,0,0,Omar Narváez,NA,482
553882,2021,313,13,12,84.6,100,17.9,107.9,102,4.15,3.83,-0.32,-1,7.7,Omar Narváez,NA,445
553882,2022,206,4,4,83.8,97,17.3,106.4,103.3,1.94,1.94,0,0,0,Omar Narváez,NA,296
553882,2023,105,6,3,85.4,100.4,20.2,105.1,100.8,5.71,2.86,-2.85,-3,50,Omar Narváez,NA,146
553882,2024,53,0,0,84.4,98.3,17.6,99.4,NA,0,0,0,0,0,Omar Narváez,NA,69
553882,2025,7,0,0,87.2,95.8,12.4,97.7,NA,0,0,0,0,0,Omar Narváez,NA,10
553883,2016,2,0,0,88.3,92.7,-7,93.8,NA,0,0,0,0,0,Jose Campos,NA,2
553902,2018,91,4,4,87.3,100.6,12.1,107.4,102.2,4.4,4.4,0,0,0,Willians Astudillo,NA,97
553902,2019,182,4,5,85.8,101.8,15.3,107.4,102.6,2.2,2.75,0.55,1,-25,Willians Astudillo,NA,204
553902,2021,196,8,6,85.9,102.2,16.8,108.9,102.5,4.08,3.06,-1.02,-2,25,Willians Astudillo,NA,216
553902,2022,51,0,0,83,102.6,15.5,106.6,NA,0,0,0,0,0,Willians Astudillo,NA,55
553988,2015,54,1,0,85.4,99.1,7.9,103,103,1.85,0,-1.85,-1,100,Dixon Machado,NA,78
553988,2016,6,0,0,77.2,100.9,4.3,102.7,NA,0,0,0,0,0,Dixon Machado,NA,13
553988,2017,137,2,4,84.1,99.6,4.2,103.6,99.8,1.46,2.92,1.46,2,-100,Dixon Machado,NA,181
553988,2018,173,6,4,85.4,100.6,11.3,106.6,101.6,3.47,2.31,-1.16,-2,33.3,Dixon Machado,NA,233
553988,2022,10,0,0,71.6,90.4,22.4,95.5,NA,0,0,0,0,0,Dixon Machado,NA,17
553993,2015,274,14,14,88.2,101.9,14.3,109.8,102.7,5.11,5.11,0,0,0,Eugenio Suárez,NA,398
553993,2016,406,26,26,86.6,102.2,16,108.8,103.9,6.4,6.4,0,0,0,Eugenio Suárez,NA,627
553993,2017,392,25,27,86.2,102.9,14.8,108.8,103.7,6.38,6.89,0.51,2,-8,Eugenio Suárez,NA,632
553993,2018,390,38,36,91.2,105.5,14.7,112.8,106,9.74,9.23,-0.51,-2,5.3,Eugenio Suárez,NA,606
553993,2019,384,50,52,89.3,105.4,17.7,112.3,104.9,13.02,13.54,0.52,2,-4,Eugenio Suárez,NA,662
553993,2021,339,50,47,89.1,106.1,18.3,111.9,106,14.75,13.86,-0.89,-3,6,Eugenio Suárez,NA,574
553993,2022,351,52,39,89.8,105.2,19.9,111.4,105.1,14.81,11.11,-3.7,-13,25,Eugenio Suárez,NA,629
553993,2023,395,45,35,90.3,105.1,18.9,111.1,105.2,11.39,8.86,-2.53,-10,22.2,Eugenio Suárez,NA,694
553993,2024,405,44,29,89.1,105.4,19.5,111.4,105.4,10.86,7.16,-3.7,-15,34.1,Eugenio Suárez,NA,640
553993,2025,399,53,44,90.2,106.7,21.9,113.8,106.3,13.28,11.03,-2.25,-9,17,Eugenio Suárez,NA,657
553993,2026,58,5,3,84.8,104.8,19.5,109.6,106.3,8.62,5.17,-3.45,-2,40,Eugenio Suárez,NA,100
554054,2018,5,0,0,79.7,90,-1.4,91.3,NA,0,0,0,0,0,Alfredo González,NA,9
554234,2015,14,0,0,76.4,82.9,-8.1,92.8,NA,0,0,0,0,0,Williams Pérez,NA,34
554234,2016,12,0,0,86.3,94.3,16.2,94.7,NA,0,0,0,0,0,Williams Pérez,NA,19
554340,2019,1,0,0,82.9,82.9,-21,82.9,NA,0,0,0,0,0,Yimi García,NA,2
554374,2017,1,0,0,81.8,81.8,-37,81.8,NA,0,0,0,0,0,Ariel Hernández,NA,2
554429,2015,193,10,10,90.8,103.6,12,109.6,101.9,5.18,5.18,0,0,0,Dustin Ackley,NA,264
554429,2016,53,0,0,86.2,100.6,15.6,108.2,NA,0,0,0,0,0,Dustin Ackley,NA,70
554430,2017,13,0,0,83.7,99.8,11.6,100.6,NA,0,0,0,0,0,Zack Wheeler,NA,29
554430,2018,37,0,0,79.1,92.2,11.1,104.3,NA,0,0,0,0,0,Zack Wheeler,NA,60
554430,2019,37,1,1,78.7,96.7,5.6,101.4,101.4,2.7,2.7,0,0,0,Zack Wheeler,NA,64
554430,2021,34,0,0,71.8,98.5,-12.5,109.3,NA,0,0,0,0,0,Zack Wheeler,NA,73
554431,2015,7,0,0,98.1,107.8,2.3,108.5,NA,0,0,0,0,0,Tyler Matzek,NA,9
570240,2017,2,0,0,87.2,91,2.5,91.9,NA,0,0,0,0,0,Félix Peña,NA,4
570240,2018,5,0,0,87.7,95.6,-3.6,99.4,NA,0,0,0,0,0,Félix Peña,NA,6
570240,2019,2,0,0,87.2,87.8,-24,88,NA,0,0,0,0,0,Félix Peña,NA,2
570256,2015,460,19,19,89.8,106.2,10.2,115.6,103.3,4.13,4.13,0,0,0,Gregory Polanco,NA,652
570256,2016,407,24,24,89.8,106.5,13.8,113.7,106.6,5.9,5.9,0,0,0,Gregory Polanco,NA,587
570256,2017,320,11,13,86.5,104.4,13,112.1,105.2,3.44,4.06,0.62,2,-18.2,Gregory Polanco,NA,411
570256,2018,351,32,31,88.5,105.4,19.8,112.9,104.8,9.12,8.83,-0.29,-1,3.1,Gregory Polanco,NA,535
570256,2019,103,10,10,89.6,105.4,18.8,113.7,105.5,9.71,9.71,0,0,0,Gregory Polanco,NA,167
570256,2021,238,23,22,89.5,107,15.2,116.2,105.9,9.66,9.24,-0.42,-1,4.3,Gregory Polanco,NA,382
570267,2015,98,13,13,87.6,104.7,6.8,110.8,105.3,13.27,13.27,0,0,0,Domingo Santana,NA,187
570267,2016,153,15,16,92.9,106.9,9.3,111.5,107,9.8,10.46,0.66,1,-6.7,Domingo Santana,NA,281
570267,2017,349,31,34,89.3,104.9,10.5,113.7,104.9,8.88,9.74,0.86,3,-9.7,Domingo Santana,NA,607
570267,2018,136,14,13,89.1,105.7,11.7,111.6,106.2,10.29,9.56,-0.73,-1,7.1,Domingo Santana,NA,235
570267,2019,280,34,35,89,104.1,11.3,109.5,104.6,12.14,12.5,0.36,1,-2.9,Domingo Santana,NA,507
570481,2016,8,0,0,86.9,108.8,-0.4,108.9,NA,0,0,0,0,0,Erik González,NA,17
570481,2017,73,7,7,88.4,105.9,3.6,109.2,104,9.59,9.59,0,0,0,Erik González,NA,115
570481,2018,99,3,2,90.3,106.2,3.9,111.5,103.6,3.03,2.02,-1.01,-1,33.3,Erik González,NA,143
570481,2019,104,2,3,86.9,106.7,4,112.8,109.5,1.92,2.88,0.96,1,-50,Erik González,NA,156
570481,2021,179,6,6,87,104.6,0.1,109.8,104.4,3.35,3.35,0,0,0,Erik González,NA,229
570481,2022,25,0,0,82.1,99.4,-0.4,108.7,NA,0,0,0,0,0,Erik González,NA,41
570482,2015,208,9,9,87.2,102,14.8,108.6,103,4.33,4.33,0,0,0,Gio Urshela,NA,288
570482,2017,134,2,3,87.4,101.9,9.5,110.6,102.9,1.49,2.24,0.75,1,-50,Gio Urshela,NA,165
570482,2018,33,2,2,85.7,101.8,18.2,107.5,102.3,6.06,6.06,0,0,0,Gio Urshela,NA,46
570482,2019,358,24,26,90.5,104.8,13.6,113.3,105.8,6.7,7.26,0.56,2,-8.3,Gio Urshela,NA,476
570482,2021,312,24,18,88.9,104.1,7.5,110.4,104.5,7.69,5.77,-1.92,-6,25,Gio Urshela,NA,442
570482,2022,408,28,16,88.9,103.4,11.9,110.3,103.7,6.86,3.92,-2.94,-12,42.9,Gio Urshela,NA,551
570482,2023,181,6,2,87.5,100.4,8.6,106.1,101.2,3.31,1.1,-2.21,-4,66.7,Gio Urshela,NA,228
570482,2024,362,15,12,86.3,100.9,10.3,109,103,4.14,3.31,-0.83,-3,20,Gio Urshela,NA,461
570482,2025,144,3,2,86.2,102.5,9.8,107.7,102.4,2.08,1.39,-0.69,-1,33.3,Gio Urshela,NA,197
570489,2015,14,0,0,87.3,99.4,9,100.9,NA,0,0,0,0,0,Arismendy Alcántara,NA,32
570489,2016,11,1,1,82.2,99.1,-0.6,100.3,100.3,9.09,9.09,0,0,0,Arismendy Alcántara,NA,19
570489,2017,66,1,2,82.9,99.8,7,109.3,100.4,1.52,3.03,1.51,1,-100,Arismendy Alcántara,NA,108
570560,2015,307,4,3,85.2,100,6.7,105.9,101,1.3,0.98,-0.32,-1,25,Yolmer Sánchez,NA,420
570560,2016,107,4,4,87.1,101.7,15.8,108.1,105.2,3.74,3.74,0,0,0,Yolmer Sánchez,NA,163
570560,2017,374,11,13,84.8,100.9,10.4,106.5,101.8,2.94,3.48,0.54,2,-18.2,Yolmer Sánchez,NA,534
570560,2018,458,12,11,86.5,101.1,9.4,110.3,102.9,2.62,2.4,-0.22,-1,8.3,Yolmer Sánchez,NA,662
570560,2019,380,4,4,86.6,99.7,14,107.5,99.8,1.05,1.05,0,0,0,Yolmer Sánchez,NA,555
570560,2022,25,0,0,79.9,95.2,12.8,98.8,NA,0,0,0,0,0,Yolmer Sánchez,NA,44
570615,2015,12,1,1,89.8,107.9,24.6,109.6,102.5,8.33,8.33,0,0,0,Steven Moya,NA,25
570615,2016,57,5,5,92.5,108.9,13.5,113,108,8.77,8.77,0,0,0,Steven Moya,NA,100
570632,2015,3,0,0,84.2,91.1,-31.7,93.1,NA,0,0,0,0,0,José Ureña,NA,13
570632,2016,7,0,0,74.2,90.3,-12.7,90.3,NA,0,0,0,0,0,José Ureña,NA,22
570632,2017,17,0,0,79.5,99.3,8.3,103.1,NA,0,0,0,0,0,José Ureña,NA,56
570632,2018,9,0,0,71.8,102.4,0.8,109.4,NA,0,0,0,0,0,José Ureña,NA,52
570632,2019,2,0,0,54,70,-24,74,NA,0,0,0,0,0,José Ureña,NA,22
570639,2016,1,0,0,92.2,92.2,1,92.2,NA,0,0,0,0,0,Yefri Pérez,NA,3
570649,2015,1,0,0,74.7,74.7,12,74.7,NA,0,0,0,0,0,Yordano Ventura,NA,6
570649,2016,1,0,0,79,79,15,79,NA,0,0,0,0,0,Yordano Ventura,NA,3
570714,2016,3,0,0,66.8,84.4,8.7,89.1,NA,0,0,0,0,0,César Vargas,NA,9
570717,2015,27,0,0,82.6,98.8,13.8,104.3,NA,0,0,0,0,0,Ramón Flores,NA,33
570717,2016,192,2,2,84.2,99.9,9.3,107.9,101.8,1.04,1.04,0,0,0,Ramón Flores,NA,289
570717,2017,8,0,0,81.1,102,-6.5,102.4,NA,0,0,0,0,0,Ramón Flores,NA,9
570731,2015,228,19,19,89.6,106.7,12.4,114.7,105.6,8.33,8.33,0,0,0,Jonathan Schoop,NA,321
570731,2016,473,32,32,87.4,106.5,11.9,113.6,106.2,6.77,6.77,0,0,0,Jonathan Schoop,NA,647
570731,2017,487,34,35,87.8,107.1,13,116,105.2,6.98,7.19,0.21,1,-2.9,Jonathan Schoop,NA,675
570731,2018,361,15,15,86.4,104.9,11.5,111.2,105.9,4.16,4.16,0,0,0,Jonathan Schoop,NA,501
570731,2019,317,28,28,87.6,106.8,12.4,114.9,105.8,8.83,8.83,0,0,0,Jonathan Schoop,NA,464
570731,2021,497,32,30,88.1,107,10.7,117.1,105.4,6.44,6.04,-0.4,-2,6.2,Jonathan Schoop,NA,674
570731,2022,374,18,10,87,106,10,111.6,104.9,4.81,2.67,-2.14,-8,44.4,Jonathan Schoop,NA,510
570731,2023,101,3,3,89.4,105.8,11.2,111.3,108.4,2.97,2.97,0,0,0,Jonathan Schoop,NA,151
570799,2017,22,2,2,85.6,104.6,3.6,105.3,104.4,9.09,9.09,0,0,0,Christian Villanueva,NA,32
570799,2018,240,22,20,86.7,102.2,20.8,110,104,9.17,8.33,-0.84,-2,9.1,Christian Villanueva,NA,384
570810,2017,3,0,0,72.7,85,-4,88.2,NA,0,0,0,0,0,Lisalverto Bonilla,NA,8
571431,2015,131,8,8,88.7,105,11.1,110.1,105.5,6.11,6.11,0,0,0,Matt Adams,NA,186
571431,2016,213,22,22,89.8,103.9,20,110.9,104.2,10.33,10.33,0,0,0,Matt Adams,NA,327
571431,2017,253,26,27,88.9,105.2,15.9,111.3,103.6,10.28,10.67,0.39,1,-3.8,Matt Adams,NA,367
571431,2018,233,23,22,88.7,104.8,19,109.3,104.3,9.87,9.44,-0.43,-1,4.3,Matt Adams,NA,337
571431,2019,196,27,29,88.4,106.6,19.2,112.1,105.7,13.78,14.8,1.02,2,-7.4,Matt Adams,NA,333
571431,2021,27,1,0,82.2,98.6,10.6,102,98.5,3.7,0,-3.7,-1,100,Matt Adams,NA,40
571437,2015,97,2,2,90.9,104.7,11.6,110,100.8,2.06,2.06,0,0,0,Aaron Altherr,NA,161
571437,2016,128,4,4,88.2,104.5,5.5,111.7,102.6,3.12,3.12,0,0,0,Aaron Altherr,NA,227
571437,2017,269,26,30,89.3,107.7,11.2,112.3,104.4,9.67,11.15,1.48,4,-15.4,Aaron Altherr,NA,412
571437,2018,153,15,14,90.4,107.4,10.2,114.6,105.4,9.8,9.15,-0.65,-1,6.7,Aaron Altherr,NA,285
571437,2019,37,2,2,85.3,102,16.8,113.5,107.2,5.41,5.41,0,0,0,Aaron Altherr,NA,66
571448,2015,490,41,41,90.6,104.6,16.3,110.2,103.8,8.37,8.37,0,0,0,Nolan Arenado,NA,665
571448,2016,516,44,44,89.5,103.7,18.9,111.2,103.1,8.53,8.53,0,0,0,Nolan Arenado,NA,696
571448,2017,505,40,48,88.8,103.7,17.6,109.9,102.7,7.92,9.5,1.58,8,-20,Nolan Arenado,NA,680
571448,2018,474,34,33,89.7,103.5,15.3,109.2,103.8,7.17,6.96,-0.21,-1,2.9,Nolan Arenado,NA,673
571448,2019,503,38,39,89.4,103.7,17.7,109.9,102.5,7.55,7.75,0.2,1,-2.6,Nolan Arenado,NA,662
571448,2021,504,33,29,89,103.2,20,110.6,104.1,6.55,5.75,-0.8,-4,12.1,Nolan Arenado,NA,653
571448,2022,487,39,28,88.8,103.7,21.7,111.4,104.5,8.01,5.75,-2.26,-11,28.2,Nolan Arenado,NA,620
571448,2023,467,34,27,88.8,104.2,16.9,110.3,104.1,7.28,5.78,-1.5,-7,20.6,Nolan Arenado,NA,612
571448,2024,492,14,11,86.3,101.5,17,107.5,102.8,2.85,2.24,-0.61,-3,21.4,Nolan Arenado,NA,635
571448,2025,353,13,8,86.8,101.6,19,108.3,101.6,3.68,2.27,-1.41,-5,38.5,Nolan Arenado,NA,436
571448,2026,120,9,7,85.2,102.3,18.6,107.5,103.2,7.5,5.83,-1.67,-2,22.2,Nolan Arenado,NA,171
571466,2015,188,1,1,85.3,98.4,8.5,104.1,100.8,0.53,0.53,0,0,0,Tucker Barnhart,NA,274
571466,2016,307,7,7,85.6,98.8,9.2,105.1,98.9,2.28,2.28,0,0,0,Tucker Barnhart,NA,420
571466,2017,303,7,8,86,100.1,9.6,104.5,100.1,2.31,2.64,0.33,1,-14.3,Tucker Barnhart,NA,423
571466,2018,369,10,8,86,100.3,11.8,106.6,100.8,2.71,2.17,-0.54,-2,20,Tucker Barnhart,NA,522
571466,2019,224,5,7,86.4,99.7,11.8,107.5,102.7,2.23,3.12,0.89,2,-40,Tucker Barnhart,NA,364
571466,2021,250,10,9,86.7,99.4,15.2,106.7,101.8,4,3.6,-0.4,-1,10,Tucker Barnhart,NA,388
571466,2022,206,3,2,83.9,99.8,9.3,105.2,101.5,1.46,0.97,-0.49,-1,33.3,Tucker Barnhart,NA,308
571466,2023,67,1,1,87,98.2,16.5,103.6,102.5,1.49,1.49,0,0,0,Tucker Barnhart,NA,123
571466,2024,52,1,0,79,98.9,-1.1,101.6,101.2,1.92,0,-1.92,-1,100,Tucker Barnhart,NA,96
571466,2025,9,0,0,85.4,96,-0.7,100.2,NA,0,0,0,0,0,Tucker Barnhart,NA,15
571467,2015,9,0,0,84.2,101.3,4.3,101.9,NA,0,0,0,0,0,Steven Baron,NA,11
571467,2018,3,0,0,75.5,78.6,44,79.1,NA,0,0,0,0,0,Steven Baron,NA,5
571467,2019,4,0,0,95.6,104.8,-1.5,107.9,NA,0,0,0,0,0,Steven Baron,NA,10
571473,2018,1,0,0,63.6,63.6,29,63.6,NA,0,0,0,0,0,Buddy Baumann,NA,1
571506,2015,306,25,25,90.8,107.2,8.8,115,106.1,8.17,8.17,0,0,0,Justin Bour,NA,446
571506,2016,224,22,22,91.6,107,10.1,114.1,106.7,9.82,9.82,0,0,0,Justin Bour,NA,321
571506,2017,285,28,31,89.2,107.9,9.7,114.8,105.8,9.82,10.88,1.06,3,-10.7,Justin Bour,NA,429
571506,2018,301,31,29,89,107,9.8,115.5,106,10.3,9.63,-0.67,-2,6.5,Justin Bour,NA,501
571506,2019,98,11,11,89.3,105.8,10.3,115,105.8,11.22,11.22,0,0,0,Justin Bour,NA,170
571510,2017,3,0,0,79.5,94.3,-29,97.1,NA,0,0,0,0,0,Matthew Boyd,NA,3
571510,2019,1,0,0,96,96,3,96,NA,0,0,0,0,0,Matthew Boyd,NA,2
571510,2021,3,0,0,77.7,93.8,-5,94.2,NA,0,0,0,0,0,Matthew Boyd,NA,5
571527,2015,11,0,0,83.4,92.9,6.5,94.1,NA,0,0,0,0,0,David Buchanan,NA,23
571553,2015,42,1,1,87.9,104,4.2,107.1,102.2,2.38,2.38,0,0,0,Darrell Ceciliani,NA,75
571553,2016,13,1,1,90,110.7,12.8,111.8,111.8,7.69,7.69,0,0,0,Darrell Ceciliani,NA,29
571553,2017,5,1,2,94,109.2,9.8,109.2,109.2,20,40,20,1,-100,Darrell Ceciliani,NA,5
571561,2015,1,0,0,86,86,-11,86,NA,0,0,0,0,0,Tony Cingrani,NA,2
571578,2015,13,0,0,84.8,96.7,-4.4,102,NA,0,0,0,0,0,Patrick Corbin,NA,29
571578,2016,33,0,0,81.8,98.6,1.2,100.9,NA,0,0,0,0,0,Patrick Corbin,NA,53
571578,2017,27,0,0,79.5,98.3,-7,101,NA,0,0,0,0,0,Patrick Corbin,NA,70
571578,2018,35,0,0,80.1,95,0.4,99.3,NA,0,0,0,0,0,Patrick Corbin,NA,67
571578,2019,37,0,0,81.8,95.6,-3.9,100.8,NA,0,0,0,0,0,Patrick Corbin,NA,72
571578,2021,36,0,0,73,98.9,-12,107.3,NA,0,0,0,0,0,Patrick Corbin,NA,63
571595,2018,120,1,1,85.9,102.3,11.2,109.3,105.9,0.83,0.83,0,0,0,Noel Cuevas,NA,153
571595,2019,2,0,0,74.7,78.2,-35,79.1,NA,0,0,0,0,0,Noel Cuevas,NA,2
571602,2016,1,0,0,79.8,79.8,15,79.8,NA,0,0,0,0,0,Matt Davidson,NA,2
571602,2017,254,38,40,89,106.8,17.7,112.6,105.8,14.96,15.75,0.79,2,-5.3,Matt Davidson,NA,443
571602,2018,272,32,31,90,107.7,13.8,115.1,106.6,11.76,11.4,-0.36,-1,3.1,Matt Davidson,NA,496
571602,2022,21,3,3,87.3,106.2,13,111.5,107.7,14.29,14.29,0,0,0,Matt Davidson,NA,37
571656,2015,1,0,0,97.6,97.6,3,97.6,NA,0,0,0,0,0,Buck Farmer,NA,4
571657,2017,17,0,0,87.2,98.1,8.6,100.7,NA,0,0,0,0,0,Kyle Farmer,NA,20
571657,2018,48,0,0,86.4,101.7,13.5,104.6,NA,0,0,0,0,0,Kyle Farmer,NA,77
571657,2019,118,7,8,84.9,100.6,17.3,106.7,102.7,5.93,6.78,0.85,1,-14.3,Kyle Farmer,NA,197
571657,2021,391,15,12,87.1,102,15.6,107.6,103.2,3.84,3.07,-0.77,-3,20,Kyle Farmer,NA,529
571657,2022,432,17,10,85.3,101,12.3,106.6,102.2,3.94,2.31,-1.63,-7,41.2,Kyle Farmer,NA,583
571657,2023,251,16,12,86.4,101.8,13.2,105.5,102.4,6.37,4.78,-1.59,-4,25,Kyle Farmer,NA,369
571657,2024,168,9,8,87.7,101.5,17.9,108.7,102.6,5.36,4.76,-0.6,-1,11.1,Kyle Farmer,NA,242
571657,2025,211,12,6,86.9,101.5,15.3,105.8,102.3,5.69,2.84,-2.85,-6,50,Kyle Farmer,NA,300
571657,2026,11,0,0,81.6,96,7,96.7,NA,0,0,0,0,0,Kyle Farmer,NA,15
571665,2015,1,0,0,103,103,2,103,NA,0,0,0,0,0,Daniel Fields,NA,3
571666,2015,16,0,0,82.4,99.2,-0.2,102.1,NA,0,0,0,0,0,Mike Fiers,NA,34
571670,2017,2,0,0,84.9,86.8,-2.5,87.3,NA,0,0,0,0,0,Dylan Floro,NA,4
571670,2018,3,0,0,71.9,94.2,-29.3,96.6,NA,0,0,0,0,0,Dylan Floro,NA,5
571670,2019,1,0,0,82.9,82.9,-21,82.9,NA,0,0,0,0,0,Dylan Floro,NA,2
571676,2021,1,0,0,70.4,70.4,-53,70.4,NA,0,0,0,0,0,Seth Frankoff,NA,4
571679,2017,13,0,0,86.6,102,-1,102.9,NA,0,0,0,0,0,David Freitas,NA,17
571679,2018,69,3,2,89.9,101.7,9.6,104.6,102,4.35,2.9,-1.45,-1,33.3,David Freitas,NA,106
571679,2019,11,0,0,85.5,100.3,5.5,102,NA,0,0,0,0,0,David Freitas,NA,20
571681,2016,32,0,0,82.6,102.4,8.2,105.8,NA,0,0,0,0,0,Rey Fuentes,NA,44
571681,2017,101,3,3,82.1,102,8.6,109.5,103.6,2.97,2.97,0,0,0,Rey Fuentes,NA,145
571697,2015,296,3,3,85.2,98.7,11.2,103.6,99.6,1.01,1.01,0,0,0,Scooter Gennett,NA,391
571697,2016,381,13,14,86.8,99.9,12,108.5,102.8,3.41,3.67,0.26,1,-7.7,Scooter Gennett,NA,542
571697,2017,347,21,24,86.1,102.1,13,106.8,102.3,6.05,6.92,0.87,3,-14.3,Scooter Gennett,NA,497
571697,2018,461,25,18,87.3,100.7,13.9,108.5,101.7,5.42,3.9,-1.52,-7,28,Scooter Gennett,NA,638
571697,2019,93,2,2,86.3,98.8,13.1,102.3,102.2,2.15,2.15,0,0,0,Scooter Gennett,NA,139
571710,2016,1,0,0,76.3,76.3,-2,76.3,NA,0,0,0,0,0,Mychal Givens,NA,2
571718,2016,26,1,1,91.7,103.9,1.9,109.6,100.2,3.85,3.85,0,0,0,Brian Goodwin,NA,44
571718,2017,184,17,19,87.9,103.9,14.5,108.8,103,9.24,10.33,1.09,2,-11.8,Brian Goodwin,NA,278
571718,2018,102,8,8,88.6,105.2,12.2,110.8,105.1,7.84,7.84,0,0,0,Brian Goodwin,NA,180
571718,2019,280,18,18,87.6,102.9,18.3,111.4,103.6,6.43,6.43,0,0,0,Brian Goodwin,NA,458
571718,2021,179,10,9,88.1,102.4,16.7,108.5,103.3,5.59,5.03,-0.56,-1,10,Brian Goodwin,NA,271
571735,2015,16,0,0,74.7,95,-22.4,99.9,NA,0,0,0,0,0,David Hale,NA,27
571740,2015,309,2,2,82.4,94.9,10.1,104.2,100.8,0.65,0.65,0,0,0,Billy Hamilton,NA,454
571740,2016,303,1,1,82.5,96.1,9.9,106.8,100,0.33,0.33,0,0,0,Billy Hamilton,NA,460
571740,2017,436,1,3,80.2,95.6,10.3,103.7,100.1,0.23,0.69,0.46,2,-200,Billy Hamilton,NA,633
571740,2018,366,1,1,80.1,94.2,15.2,101.9,99.8,0.27,0.27,0,0,0,Billy Hamilton,NA,556
571740,2019,226,0,0,79.6,94,14.3,99.9,NA,0,0,0,0,0,Billy Hamilton,NA,353
571740,2021,83,1,1,81.7,99.2,15,103.8,103.8,1.2,1.2,0,0,0,Billy Hamilton,NA,135
571740,2022,9,0,0,64,96.2,2.7,105.7,NA,0,0,0,0,0,Billy Hamilton,NA,23
571740,2023,1,0,0,36.2,36.2,83,36.2,NA,0,0,0,0,0,Billy Hamilton,NA,2
571745,2016,83,5,5,92.1,105.6,14.1,112.9,103.9,6.02,6.02,0,0,0,Mitch Haniger,NA,123
571745,2017,275,17,17,87.7,105.1,10.9,111.2,104.5,6.18,6.18,0,0,0,Mitch Haniger,NA,410
571745,2018,454,42,39,90.2,105.3,12.7,112.8,105,9.25,8.59,-0.66,-3,7.1,Mitch Haniger,NA,683
571745,2019,159,17,20,88.4,104.5,17.8,109,103.6,10.69,12.58,1.89,3,-17.6,Mitch Haniger,NA,283
571745,2021,459,54,50,89.3,105.4,14.8,110,104.3,11.76,10.89,-0.87,-4,7.4,Mitch Haniger,NA,691
571745,2022,161,19,14,91.9,106.5,18.2,111,106.2,11.8,8.7,-3.1,-5,26.3,Mitch Haniger,NA,247
571745,2023,147,16,13,91,104.4,15.9,108.4,103.3,10.88,8.84,-2.04,-3,18.8,Mitch Haniger,NA,229
571745,2024,254,23,18,90.5,104.2,13.7,112,105.1,9.06,7.09,-1.97,-5,21.7,Mitch Haniger,NA,423
571757,2016,135,13,13,87.1,103.8,10.1,111.4,104.2,9.63,9.63,0,0,0,Jeremy Hazelbaker,NA,224
571757,2017,32,0,0,88.4,104.9,13.7,111.7,NA,0,0,0,0,0,Jeremy Hazelbaker,NA,61
571760,2015,2,0,0,81.4,82.6,24,82.9,NA,0,0,0,0,0,Andrew Heaney,NA,6
571760,2018,2,0,0,93.3,94.7,-18,95,NA,0,0,0,0,0,Andrew Heaney,NA,8
571760,2021,1,0,0,94.1,94.1,10,94.1,NA,0,0,0,0,0,Andrew Heaney,NA,4
571761,2015,21,2,2,94.9,106.3,15.3,110.4,106.7,9.52,9.52,0,0,0,Slade Heathcott,NA,30
571771,2015,156,7,7,90.1,106.6,10.5,109.2,107.6,4.49,4.49,0,0,0,Enrique Hernández,NA,218
571771,2016,151,9,10,88.4,105,14,110.2,105.6,5.96,6.62,0.66,1,-11.1,Enrique Hernández,NA,244
571771,2017,217,14,17,88.5,103.3,13.6,111.5,104.8,6.45,7.83,1.38,3,-21.4,Enrique Hernández,NA,342
571771,2018,322,23,20,88.9,104.7,16.2,110.4,104.1,7.14,6.21,-0.93,-3,13,Enrique Hernández,NA,462
571771,2019,319,17,18,88.3,104.1,19.4,113.3,103.8,5.33,5.64,0.31,1,-5.9,Enrique Hernández,NA,460
571771,2021,405,34,33,90.8,104.1,17.9,111.3,104.8,8.4,8.15,-0.25,-1,2.9,Enrique Hernández,NA,585
571771,2022,292,15,7,87.8,103.7,17.2,112.3,103.8,5.14,2.4,-2.74,-8,53.3,Enrique Hernández,NA,402
571771,2023,374,16,10,87.8,102.4,17.1,109.2,102.4,4.28,2.67,-1.61,-6,37.5,Enrique Hernández,NA,508
571771,2024,289,11,8,88.9,102.7,17.3,112.7,105.6,3.81,2.77,-1.04,-3,27.3,Enrique Hernández,NA,393
571771,2025,169,16,10,89.8,104.5,16.5,111,104.4,9.47,5.92,-3.55,-6,37.5,Enrique Hernández,NA,256
571787,2015,4,0,0,66.8,86.5,-20.8,93.4,NA,0,0,0,0,0,David Holmberg,NA,12
571788,2015,351,2,2,86.5,99.3,8,107.2,100.1,0.57,0.57,0,0,0,Brock Holt,NA,509
571788,2016,233,4,4,86,99.8,6.1,105.1,103.4,1.72,1.72,0,0,0,Brock Holt,NA,324
571788,2017,106,0,0,83.7,97.2,5,101,NA,0,0,0,0,0,Brock Holt,NA,164
571788,2018,247,9,8,87.9,101.5,6.8,105.9,102.7,3.64,3.24,-0.4,-1,11.1,Brock Holt,NA,367
571788,2019,206,3,3,87.3,99.4,11.1,103,102.4,1.46,1.46,0,0,0,Brock Holt,NA,295
571788,2021,187,3,3,86.1,97.6,9.8,105.7,103.5,1.6,1.6,0,0,0,Brock Holt,NA,260
571800,2018,2,0,0,87.7,100.5,-10,103.7,NA,0,0,0,0,0,Drew Hutchison,NA,5
571800,2021,1,0,0,77.7,77.7,-37,77.7,NA,0,0,0,0,0,Drew Hutchison,NA,1
571812,2016,18,3,3,91,107.2,23.1,107.9,107,16.67,16.67,0,0,0,Kyle Jensen,NA,34
571825,2015,14,0,0,90.3,108.7,10.5,111.9,NA,0,0,0,0,0,James Jones,NA,31
571830,2016,244,27,27,89.9,106.5,16.8,112.5,105.3,11.07,11.07,0,0,0,Tommy Joseph,NA,347
571830,2017,366,27,29,89.3,106.8,14.1,112.8,106.3,7.38,7.92,0.54,2,-7.4,Tommy Joseph,NA,533
571841,2016,51,1,1,87,97.1,17,103,103,1.96,1.96,0,0,0,Ty Kelly,NA,71
571841,2017,67,2,2,83.9,96.9,13.4,106,104,2.99,2.99,0,0,0,Ty Kelly,NA,105
571841,2018,9,0,0,83.1,94.1,7.2,96.1,NA,0,0,0,0,0,Ty Kelly,NA,12
571851,2018,96,1,1,84.4,100.2,12,105.1,100.6,1.04,1.04,0,0,0,Spencer Kieboom,NA,143
571863,2018,6,0,0,83.5,94.8,9,98.3,NA,0,0,0,0,0,Matt Koch,NA,23
571863,2019,1,0,0,86,86,28,86,NA,0,0,0,0,0,Matt Koch,NA,6
571868,2015,47,3,3,87.7,102.5,23.7,105.8,103.8,6.38,6.38,0,0,0,Marc Krauss,NA,81
571871,2016,1,0,0,73.2,73.2,11,73.2,NA,0,0,0,0,0,Ian Krol,NA,1
571871,2017,1,0,0,74.9,74.9,35,74.9,NA,0,0,0,0,0,Ian Krol,NA,1
571875,2015,251,15,14,89.6,103.9,11.8,109.3,103.4,5.98,5.58,-0.4,-1,6.7,Jake Lamb,NA,390
571875,2016,367,42,42,91.3,105.6,10.4,111.6,104.5,11.44,11.44,0,0,0,Jake Lamb,NA,594
571875,2017,388,35,37,88.3,104.1,12.2,109.4,103.4,9.02,9.54,0.52,2,-5.7,Jake Lamb,NA,635
571875,2018,145,7,6,88.2,103.5,5,108.4,103.4,4.83,4.14,-0.69,-1,14.3,Jake Lamb,NA,238
571875,2019,133,10,11,90.7,105.2,14.2,110.4,102.8,7.52,8.27,0.75,1,-10,Jake Lamb,NA,226
571875,2021,95,11,8,90,104.3,17.7,109.7,103.9,11.58,8.42,-3.16,-3,27.3,Jake Lamb,NA,170
571875,2022,59,6,5,91.5,105,14.9,107.4,103.7,10.17,8.47,-1.7,-1,16.7,Jake Lamb,NA,111
571875,2023,36,1,1,89.1,104.5,12,107.3,107.3,2.78,2.78,0,0,0,Jake Lamb,NA,54
571882,2016,1,0,0,70,70,-20,70,NA,0,0,0,0,0,Derek Law,NA,1
571882,2018,1,0,0,96.2,96.2,4,96.2,NA,0,0,0,0,0,Derek Law,NA,1
571912,2015,27,2,2,90.9,103.5,16.3,109,101.6,7.41,7.41,0,0,0,Luke Maile,NA,35
571912,2016,82,3,3,89,103.8,12.9,106.7,102.8,3.66,3.66,0,0,0,Luke Maile,NA,126
571912,2017,96,4,5,83.3,99.2,12.4,107.2,101.6,4.17,5.21,1.04,1,-25,Luke Maile,NA,136
571912,2018,137,7,7,89.3,104.5,11.1,109.9,101.6,5.11,5.11,0,0,0,Luke Maile,NA,231
571912,2019,85,4,4,84.7,102.7,13.2,105.2,101.9,4.71,4.71,0,0,0,Luke Maile,NA,129
571912,2021,23,0,0,79.6,102.3,1.2,104.4,NA,0,0,0,0,0,Luke Maile,NA,34
571912,2022,130,7,5,84.5,101.4,17,106.5,102.6,5.38,3.85,-1.53,-2,28.6,Luke Maile,NA,206
571912,2023,131,13,10,87,102.9,13.5,106,102.7,9.92,7.63,-2.29,-3,23.1,Luke Maile,NA,199
571912,2024,85,3,2,83.7,100,9.8,106,103.3,3.53,2.35,-1.18,-1,33.3,Luke Maile,NA,154
571912,2025,30,2,2,86.3,104.1,14.8,106.1,105.1,6.67,6.67,0,0,0,Luke Maile,NA,54
571917,2019,2,0,0,77,82.4,-45,83.8,NA,0,0,0,0,0,Parker Markel,NA,3
571918,2015,34,0,0,87.8,104,4.2,109.3,NA,0,0,0,0,0,Deven Marrero,NA,56
571918,2016,7,0,0,85.3,102.6,7,104.9,NA,0,0,0,0,0,Deven Marrero,NA,14
571918,2017,106,3,4,86.5,101.4,3.8,109.4,103.4,2.83,3.77,0.94,1,-33.3,Deven Marrero,NA,188
571918,2018,56,3,3,84.1,100.7,5.9,107.2,100.9,5.36,5.36,0,0,0,Deven Marrero,NA,85
571918,2019,2,0,0,92.7,95.1,5,95.7,NA,0,0,0,0,0,Deven Marrero,NA,5
571918,2021,10,0,0,78.5,86.5,25.8,95.6,NA,0,0,0,0,0,Deven Marrero,NA,19
571918,2022,3,0,0,70.2,82.1,-7,83.5,NA,0,0,0,0,0,Deven Marrero,NA,6
571927,2015,13,0,0,85.1,99.5,-4.2,109.4,NA,0,0,0,0,0,Steven Matz,NA,14
571927,2016,26,1,1,83.8,98.1,0.3,99.3,98.7,3.85,3.85,0,0,0,Steven Matz,NA,45
571927,2017,14,0,0,87.9,102,-3.1,104.2,NA,0,0,0,0,0,Steven Matz,NA,24
571927,2018,33,1,1,79.2,94.2,9.6,103.1,103.1,3.03,3.03,0,0,0,Steven Matz,NA,53
571927,2019,40,1,3,80.8,99.3,9.4,105.5,102.5,2.5,7.5,5,2,-200,Steven Matz,NA,61
571927,2021,1,0,0,70.7,70.7,-16,70.7,NA,0,0,0,0,0,Steven Matz,NA,2
571945,2018,31,2,2,79.8,98.8,6.6,106.1,104.8,6.45,6.45,0,0,0,Miles Mikolas,NA,71
571945,2019,31,0,0,80.3,100.5,2.9,108.3,NA,0,0,0,0,0,Miles Mikolas,NA,62
571945,2021,9,0,0,55.5,95.3,-21.6,110.3,NA,0,0,0,0,0,Miles Mikolas,NA,15
571946,2015,26,2,2,87.9,100.9,18.3,106.6,104.9,7.69,7.69,0,0,0,Shelby Miller,NA,71
571946,2016,9,2,2,91.5,100.1,5.4,100.7,100.3,22.22,22.22,0,0,0,Shelby Miller,NA,34
571946,2017,3,0,0,91.7,103.7,11.3,105.9,NA,0,0,0,0,0,Shelby Miller,NA,9
571946,2018,3,0,0,76.5,79.2,35.7,80,NA,0,0,0,0,0,Shelby Miller,NA,5
571946,2021,1,0,0,72.7,72.7,-44,72.7,NA,0,0,0,0,0,Shelby Miller,NA,1
571946,2023,1,0,0,71.5,71.5,-11,71.5,NA,0,0,0,0,0,Shelby Miller,NA,1
571951,2018,7,0,0,78.5,92,-14.1,94.5,NA,0,0,0,0,0,Bryan Mitchell,NA,19
571970,2015,69,3,3,88.2,101.1,18.3,108.3,102.3,4.35,4.35,0,0,0,Max Muncy,NA,112
571970,2016,86,3,3,84.1,100.2,11.9,107.8,104.8,3.49,3.49,0,0,0,Max Muncy,NA,133
571970,2018,258,45,40,90.5,105.6,18.3,110.6,104.5,17.44,15.5,-1.94,-5,11.1,Max Muncy,NA,481
571970,2019,338,37,39,89.6,104.5,14.2,110.1,104.7,10.95,11.54,0.59,2,-5.4,Max Muncy,NA,589
571970,2021,376,60,52,91.2,106.8,15.2,112.3,105.7,15.96,13.83,-2.13,-8,13.3,Max Muncy,NA,592
571970,2022,328,41,26,90,104.5,20.6,111.2,104.4,12.5,7.93,-4.57,-15,36.6,Max Muncy,NA,565
571970,2023,334,46,40,91.2,105.4,22,111.1,105.3,13.77,11.98,-1.79,-6,13,Max Muncy,NA,579
571970,2024,166,17,13,90.2,105.9,26.6,110,106.6,10.24,7.83,-2.41,-4,23.5,Max Muncy,NA,293
571970,2025,235,32,26,91.3,105.7,19.7,110.5,105.3,13.62,11.06,-2.56,-6,18.8,Max Muncy,NA,388
571970,2026,112,20,16,92,106.8,13.6,110.1,105.7,17.86,14.29,-3.57,-4,20,Max Muncy,NA,186
571974,2015,114,6,6,89.7,103.9,8.4,108.8,102.2,5.26,5.26,0,0,0,John Ryan Murphy,NA,172
571974,2016,64,2,2,87.8,103.1,17.7,107.4,102.4,3.12,3.12,0,0,0,John Ryan Murphy,NA,90
571974,2017,6,1,1,94.3,100.5,5.7,101.2,101.2,16.67,16.67,0,0,0,John Ryan Murphy,NA,7
571974,2018,136,14,13,87.4,102,22.3,107.9,103.2,10.29,9.56,-0.73,-1,7.1,John Ryan Murphy,NA,223
571974,2019,35,4,4,86.5,101.8,15.5,109.5,105,11.43,11.43,0,0,0,John Ryan Murphy,NA,70
571976,2015,161,12,12,88.5,103.9,8.9,112.5,103.7,7.45,7.45,0,0,0,Wil Myers,NA,253
571976,2016,442,31,31,88.6,105.4,10.2,113.2,105.1,7.01,7.01,0,0,0,Wil Myers,NA,676
571976,2017,389,35,38,89.4,106.2,15.4,112.5,105.5,9,9.77,0.77,3,-8.6,Wil Myers,NA,649
571976,2018,218,16,15,90.5,107,9.4,112.9,106.6,7.34,6.88,-0.46,-1,6.2,Wil Myers,NA,343
571976,2019,264,28,30,89.7,107.2,12,111.5,105.8,10.61,11.36,0.75,2,-7.1,Wil Myers,NA,490
571976,2021,305,22,20,86.8,104,10.2,107.8,104.9,7.21,6.56,-0.65,-2,9.1,Wil Myers,NA,500
571976,2022,176,12,10,88.2,103.4,12.8,109.4,103.7,6.82,5.68,-1.14,-2,16.7,Wil Myers,NA,286
571976,2023,79,5,2,86.9,102.2,9.9,105.8,103.2,6.33,2.53,-3.8,-3,60,Wil Myers,NA,141
571980,2016,210,17,18,90.5,105.6,9.9,112.7,104.4,8.1,8.57,0.47,1,-5.9,Tyler Naquin,NA,365
571980,2017,29,0,0,84,103.9,4.8,109.4,NA,0,0,0,0,0,Tyler Naquin,NA,40
571980,2018,128,5,4,90,105.1,6.2,110.5,103.1,3.91,3.12,-0.79,-1,20,Tyler Naquin,NA,183
571980,2019,209,18,19,90.7,107,12.9,114.4,106,8.61,9.09,0.48,1,-5.6,Tyler Naquin,NA,294
571980,2021,306,31,26,88.9,106.8,8.7,113.5,105.9,10.13,8.5,-1.63,-5,16.1,Tyler Naquin,NA,454
571980,2022,216,20,16,89,105.8,13.3,112.7,105.6,9.26,7.41,-1.85,-4,20,Tyler Naquin,NA,334
571980,2023,1,0,0,78.3,78.3,6,78.3,NA,0,0,0,0,0,Tyler Naquin,NA,8
572000,2017,10,0,0,86.7,102.7,11.9,107.5,NA,0,0,0,0,0,Mike Ohlman,NA,13
572008,2015,353,10,10,86.9,101.1,14.8,107.6,103.8,2.83,2.83,0,0,0,Chris Owings,NA,552
572008,2016,341,8,10,88.1,101.8,8.7,107.9,102.6,2.35,2.93,0.58,2,-25,Chris Owings,NA,466
572008,2017,275,9,12,86.3,102.1,11.9,108.4,104,3.27,4.36,1.09,3,-33.3,Chris Owings,NA,386
572008,2018,206,11,9,87.8,101.9,13.3,107.1,101.5,5.34,4.37,-0.97,-2,18.2,Chris Owings,NA,309
572008,2019,102,7,7,86.8,100.8,9.1,106.9,102.3,6.86,6.86,0,0,0,Chris Owings,NA,196
572008,2021,28,4,4,90.7,103.9,13.8,107,103,14.29,14.29,0,0,0,Chris Owings,NA,50
572008,2022,33,1,0,77.7,98.6,7.5,102.7,99.5,3.03,0,-3.03,-1,100,Chris Owings,NA,68
572008,2023,13,0,0,75,103.8,23.2,105.8,NA,0,0,0,0,0,Chris Owings,NA,25
572019,2015,225,14,13,88,104.1,10.9,112,103.7,6.22,5.78,-0.44,-1,7.1,Ben Paulsen,NA,354
572019,2016,65,3,3,86.5,104.8,8,115.9,104.9,4.62,4.62,0,0,0,Ben Paulsen,NA,97
572033,2015,170,6,6,85.7,102.9,15.8,107.6,102.1,3.53,3.53,0,0,0,Josh Phegley,NA,243
572033,2016,65,4,4,86.9,103,14,111.4,103.2,6.15,6.15,0,0,0,Josh Phegley,NA,86
572033,2017,124,6,7,85.2,100,19.4,106.9,102,4.84,5.65,0.81,1,-16.7,Josh Phegley,NA,161
572033,2018,68,2,1,84.9,100.2,14.4,106.5,106,2.94,1.47,-1.47,-1,50,Josh Phegley,NA,102
572033,2019,253,6,8,84.1,100.3,17.4,106.3,101.9,2.37,3.16,0.79,2,-33.3,Josh Phegley,NA,342
572038,2015,1,0,0,97.1,97.1,12,97.1,NA,0,0,0,0,0,Branden Pinder,NA,1
572039,2015,170,15,14,89.8,104.3,12,109.1,102.7,8.82,8.24,-0.58,-1,6.7,Stephen Piscotty,NA,256
572039,2016,447,37,39,88,104.5,13.5,110.7,103.4,8.28,8.72,0.44,2,-5.4,Stephen Piscotty,NA,649
572039,2017,252,15,17,85.9,102.8,10,109.3,102.6,5.95,6.75,0.8,2,-13.3,Stephen Piscotty,NA,401
572039,2018,434,38,35,88.5,104.2,13.2,111.6,104,8.76,8.06,-0.7,-3,7.9,Stephen Piscotty,NA,605
572039,2019,270,21,21,89.2,104.8,12.5,111.2,106.2,7.78,7.78,0,0,0,Stephen Piscotty,NA,393
572039,2021,125,8,8,86.1,102.1,17.5,109.7,104.3,6.4,6.4,0,0,0,Stephen Piscotty,NA,188
572039,2022,80,5,5,90.4,103.9,10.4,107.9,105.7,6.25,6.25,0,0,0,Stephen Piscotty,NA,139
572041,2015,516,26,25,88.9,104.4,8.8,110.6,102.3,5.04,4.84,-0.2,-1,3.8,AJ Pollock,NA,673
572041,2016,30,2,3,88.1,104,16.6,105,102.7,6.67,10,3.33,1,-50,AJ Pollock,NA,46
572041,2017,350,19,20,88.1,104.4,8.7,108.7,103.3,5.43,5.71,0.28,1,-5.3,AJ Pollock,NA,466
572041,2018,319,31,28,89.2,103.3,13.5,108.6,102.8,9.72,8.78,-0.94,-3,9.7,AJ Pollock,NA,460
572041,2019,238,18,19,90.5,104.1,13.9,108.1,103.9,7.56,7.98,0.42,1,-5.6,AJ Pollock,NA,342
572041,2021,304,33,28,90.3,104.7,11.9,111.2,103.8,10.86,9.21,-1.65,-5,15.2,AJ Pollock,NA,422
572041,2022,394,34,21,88.6,104.7,11.7,110.8,103,8.63,5.33,-3.3,-13,38.2,AJ Pollock,NA,527
572041,2023,103,6,6,89.4,103.3,13,108.1,103.3,5.83,5.83,0,0,0,AJ Pollock,NA,144
572070,2019,1,0,0,82.9,82.9,-21,82.9,NA,0,0,0,0,0,Garrett Richards,NA,3
572070,2021,3,0,0,89.7,101.6,0.7,104.4,NA,0,0,0,0,0,Garrett Richards,NA,5
572073,2016,197,5,5,85.4,98.5,12.3,103.3,100.3,2.54,2.54,0,0,0,Joey Rickard,NA,282
572073,2017,196,3,3,82.8,98.5,15.8,104.8,100.7,1.53,1.53,0,0,0,Joey Rickard,NA,277
572073,2018,156,6,6,85.2,99.1,18.3,104.1,101.7,3.85,3.85,0,0,0,Joey Rickard,NA,230
572073,2019,118,3,4,84.7,97.8,17.6,103.4,102.3,2.54,3.39,0.85,1,-33.3,Joey Rickard,NA,189
572102,2015,3,0,0,71.9,91.6,-45.3,94.1,NA,0,0,0,0,0,Keyvius Sampson,NA,17
572102,2016,1,0,0,72.4,72.4,-11,72.4,NA,0,0,0,0,0,Keyvius Sampson,NA,7
572114,2016,171,26,28,90.3,104.7,29.7,109.4,104.2,15.2,16.37,1.17,2,-7.7,Ryan Schimpf,NA,330
572114,2017,97,14,16,85.8,102.9,30.4,108,104,14.43,16.49,2.06,2,-14.3,Ryan Schimpf,NA,197
572114,2018,2,1,1,70.2,93.4,-5.5,99.2,99.2,50,50,0,0,0,Ryan Schimpf,NA,7
572122,2015,517,34,33,89,102.9,16.6,109.3,103.3,6.58,6.38,-0.2,-1,2.9,Kyle Seager,NA,686
572122,2016,480,42,42,90.1,104,16.5,109.2,103.4,8.75,8.75,0,0,0,Kyle Seager,NA,676
572122,2017,469,39,44,88.1,101.8,20.6,109.1,102.3,8.32,9.38,1.06,5,-12.8,Kyle Seager,NA,650
572122,2018,448,24,19,89.8,103,18.5,110.5,103.2,5.36,4.24,-1.12,-5,20.8,Kyle Seager,NA,630
572122,2019,305,22,26,89.3,101.6,18.3,107.1,102.9,7.21,8.52,1.31,4,-18.2,Kyle Seager,NA,443
572122,2021,446,53,44,88.7,105,19,111,104.3,11.88,9.87,-2.01,-9,17,Kyle Seager,NA,670
572128,2015,42,5,5,86,103.3,20.1,110.8,103.8,11.9,11.9,0,0,0,Richie Shaffer,NA,88
572128,2016,31,1,1,89,105.7,15.1,112.3,105.7,3.23,3.23,0,0,0,Richie Shaffer,NA,54
572138,2015,31,2,2,91.8,102.1,25.7,108.2,105.2,6.45,6.45,0,0,0,Jon Singleton,NA,58
572138,2023,69,4,3,88.9,103.4,17.5,109.3,104.6,5.8,4.35,-1.45,-1,25,Jon Singleton,NA,105
572138,2024,246,20,15,88.7,104.4,12.8,115.4,105.2,8.13,6.1,-2.03,-5,25,Jon Singleton,NA,405
572138,2025,8,0,0,83.5,101.3,0.4,104.5,NA,0,0,0,0,0,Jon Singleton,NA,9
572140,2019,1,0,0,95.6,95.6,-36,95.6,NA,0,0,0,0,0,Tyler Skaggs,NA,3
572180,2015,86,6,5,89.7,103.4,8.2,109.8,102.7,6.98,5.81,-1.17,-1,16.7,Andrew Susac,NA,148
572180,2016,12,1,1,85.8,102,27.2,104.1,104.1,8.33,8.33,0,0,0,Andrew Susac,NA,19
572180,2017,6,0,0,82.5,93.2,41.7,98,NA,0,0,0,0,0,Andrew Susac,NA,12
572180,2018,14,0,0,89,104.6,23.1,107.1,NA,0,0,0,0,0,Andrew Susac,NA,26
572182,2015,58,4,4,89.4,102.1,12.2,106.7,103,6.9,6.9,0,0,0,Darnell Sweeney,NA,98
572182,2018,2,0,0,82.4,86.2,30.5,87.2,NA,0,0,0,0,0,Darnell Sweeney,NA,4
572191,2015,299,20,20,88.5,104.3,9.6,112.7,105.8,6.69,6.69,0,0,0,Michael A. Taylor,NA,511
572191,2016,141,10,10,88.1,104.9,8.5,112.1,104.7,7.09,7.09,0,0,0,Michael A. Taylor,NA,237
572191,2017,256,25,28,87.5,105,12.6,112.7,105,9.77,10.94,1.17,3,-12,Michael A. Taylor,NA,432
572191,2018,230,14,13,88.2,103.9,8,110.8,102.7,6.09,5.65,-0.44,-1,7.1,Michael A. Taylor,NA,385
572191,2019,53,4,4,90.2,104.8,8.8,111,104.3,7.55,7.55,0,0,0,Michael A. Taylor,NA,97
572191,2021,346,22,19,88.5,104.8,12,111.5,104.4,6.36,5.49,-0.87,-3,13.6,Michael A. Taylor,NA,528
572191,2022,309,21,19,84.8,103.6,11.7,109.4,103.8,6.8,6.15,-0.65,-2,9.5,Michael A. Taylor,NA,456
572191,2023,229,30,26,85.4,106.1,10.7,114.3,106,13.1,11.35,-1.75,-4,13.3,Michael A. Taylor,NA,388
572191,2024,171,19,13,86.3,104.8,11.5,111.8,105.2,11.11,7.6,-3.51,-6,31.6,Michael A. Taylor,NA,300
572191,2025,190,19,17,86.8,105.8,15.5,114.5,105.9,10,8.95,-1.05,-2,10.5,Michael A. Taylor,NA,325
572204,2015,94,8,8,88.1,105.4,11.4,111.6,106,8.51,8.51,0,0,0,Trayce Thompson,NA,135
572204,2016,169,17,17,88.4,105.7,8.5,110.2,104.2,10.06,10.06,0,0,0,Trayce Thompson,NA,262
572204,2017,26,1,2,88.4,106.3,7.7,110.3,110.3,3.85,7.69,3.84,1,-100,Trayce Thompson,NA,55
572204,2018,79,4,4,85.6,101.6,18.7,110.3,106,5.06,5.06,0,0,0,Trayce Thompson,NA,137
572204,2021,17,6,6,92.3,109,16.8,109.7,107.8,35.29,35.29,0,0,0,Trayce Thompson,NA,35
572204,2022,128,20,18,92.2,107.5,16.4,111.9,106.7,15.62,14.06,-1.56,-2,10,Trayce Thompson,NA,255
572204,2023,76,8,7,89.3,106.4,21.8,110.1,106.8,10.53,9.21,-1.32,-1,12.5,Trayce Thompson,NA,179
572227,2017,4,0,0,88.8,95,6.5,97.4,NA,0,0,0,0,0,Zach Vincej,NA,12
572227,2018,3,0,0,74.7,83.4,22.3,85.7,NA,0,0,0,0,0,Zach Vincej,NA,4
572228,2017,83,7,8,90.9,106.6,11.1,109.2,105,8.43,9.64,1.21,1,-14.3,Luke Voit,NA,124
572228,2018,100,20,18,93,107.1,15.2,112.3,106.2,20,18,-2,-2,10,Luke Voit,NA,161
572228,2019,288,38,40,89.9,106.6,12.8,112.6,107,13.19,13.89,0.7,2,-5.3,Luke Voit,NA,510
572228,2021,138,22,19,90.7,105.6,15.9,110.9,104.5,15.94,13.77,-2.17,-3,13.6,Luke Voit,NA,241
572228,2022,327,47,36,89.8,106.2,18.4,111.3,106.3,14.37,11.01,-3.36,-11,23.4,Luke Voit,NA,568
572228,2023,41,3,3,86.7,104.8,12.4,109,103.9,7.32,7.32,0,0,0,Luke Voit,NA,74
572233,2015,5,0,0,88,109.2,2.2,113.1,NA,0,0,0,0,0,Christian Walker,NA,12
572233,2017,7,2,3,95.2,107.2,16.3,109.1,107.6,28.57,42.86,14.29,1,-50,Christian Walker,NA,15
572233,2018,27,4,4,86.2,109.9,18.8,114.4,110.7,14.81,14.81,0,0,0,Christian Walker,NA,53
572233,2019,375,46,49,91.1,107.2,14.7,112.4,106.3,12.27,13.07,0.8,3,-6.5,Christian Walker,NA,603
572233,2021,297,17,11,88.8,105,15.6,111.1,104.8,5.72,3.7,-2.02,-6,35.3,Christian Walker,NA,445
572233,2022,457,53,44,90,106.3,17.2,112.6,104.8,11.6,9.63,-1.97,-9,17,Christian Walker,NA,667
572233,2023,463,47,39,88,106.2,15.8,114.3,104.7,10.15,8.42,-1.73,-8,17,Christian Walker,NA,661
572233,2024,353,45,36,91.2,108.2,16.6,113.9,106.5,12.75,10.2,-2.55,-9,20,Christian Walker,NA,552
572233,2025,412,51,34,90.9,107.5,16.9,113.2,106.1,12.38,8.25,-4.13,-17,33.3,Christian Walker,NA,640
572233,2026,145,16,10,90.9,106.8,14.6,112.2,106.1,11.03,6.9,-4.13,-6,37.5,Christian Walker,NA,206
572241,2017,1,0,0,90,90,21,90,NA,0,0,0,0,0,David Washington,NA,6
572287,2015,214,19,19,88.7,104,22.1,110.6,104.5,8.88,8.88,0,0,0,Mike Zunino,NA,386
572287,2016,99,14,14,90.2,107.1,22.4,113.5,105.9,14.14,14.14,0,0,0,Mike Zunino,NA,192
572287,2017,228,31,35,90.3,109.2,20.5,114.1,107.2,13.6,15.35,1.75,4,-12.9,Mike Zunino,NA,435
572287,2018,224,31,29,89.8,108.4,18,116,108.8,13.84,12.95,-0.89,-2,6.5,Mike Zunino,NA,405
572287,2019,168,20,20,88.4,107.9,19.1,116.1,108,11.9,11.9,0,0,0,Mike Zunino,NA,289
572287,2021,202,47,43,90.7,109.6,23.2,117.3,107.6,23.27,21.29,-1.98,-4,8.5,Mike Zunino,NA,375
572287,2022,70,6,6,91.8,106.7,20.8,115,105.7,8.57,8.57,0,0,0,Mike Zunino,NA,123
572287,2023,63,5,4,85.9,106.2,15.1,111.2,105.2,7.94,6.35,-1.59,-1,20,Mike Zunino,NA,140
572362,2015,4,0,0,74,87.7,-17,91.8,NA,0,0,0,0,0,Robbie Erlin,NA,6
572362,2016,3,0,0,87.3,91.4,12,92.9,NA,0,0,0,0,0,Robbie Erlin,NA,6
572362,2018,13,0,0,78.3,92.7,1.7,95.6,NA,0,0,0,0,0,Robbie Erlin,NA,27
572362,2019,4,0,0,77.9,83,-7.8,84.3,NA,0,0,0,0,0,Robbie Erlin,NA,4
572365,2015,293,7,7,87.1,101.4,4.5,106.5,100.9,2.39,2.39,0,0,0,Ryan Goins,NA,428
572365,2016,135,4,4,87.6,102.5,7.2,107.8,100,2.96,2.96,0,0,0,Ryan Goins,NA,196
572365,2017,323,9,11,85.7,101.1,9.4,107,101.4,2.79,3.41,0.62,2,-22.2,Ryan Goins,NA,459
572365,2018,83,1,1,87,100.3,6.5,105.6,105.6,1.2,1.2,0,0,0,Ryan Goins,NA,120
572365,2019,99,1,1,87.4,100.7,7.8,105.5,101.3,1.01,1.01,0,0,0,Ryan Goins,NA,163
572403,2018,1,0,0,101,101,-15,101,NA,0,0,0,0,0,Drew VerHagen,NA,1
572669,2017,72,10,10,86.2,104.8,14.5,111.3,106.1,13.89,13.89,0,0,0,Lane Adams,NA,122
572669,2018,16,3,3,83.3,103.5,5.6,105.3,104.1,18.75,18.75,0,0,0,Lane Adams,NA,29
572750,2015,10,0,0,68.3,83.4,-14.2,88.3,NA,0,0,0,0,0,Eddie Butler,NA,24
572750,2016,14,0,0,72.2,96.3,-24.9,98.1,NA,0,0,0,0,0,Eddie Butler,NA,19
572750,2017,9,0,0,75.8,82.9,-1.7,82.9,NA,0,0,0,0,0,Eddie Butler,NA,19
572750,2018,2,0,0,84.4,88.6,-9.5,89.7,NA,0,0,0,0,0,Eddie Butler,NA,3
572761,2015,406,38,38,88.6,103.4,16.7,109.5,103.9,9.36,9.36,0,0,0,Matt Carpenter,NA,665
572761,2016,363,40,41,90.2,103.9,17.6,111.1,103.3,11.02,11.29,0.27,1,-2.5,Matt Carpenter,NA,566
572761,2017,371,30,34,89.2,102.9,22.5,108.2,103.5,8.09,9.16,1.07,4,-13.3,Matt Carpenter,NA,622
572761,2018,405,54,48,90.1,103.8,20.9,109.4,103.5,13.33,11.85,-1.48,-6,11.1,Matt Carpenter,NA,677
572761,2019,284,21,21,87.5,101.6,18.5,108.9,103.8,7.39,7.39,0,0,0,Matt Carpenter,NA,492
572761,2021,131,15,11,89,102.4,19.7,106.9,102.6,11.45,8.4,-3.05,-4,26.7,Matt Carpenter,NA,249
572761,2022,94,12,11,88.3,103.4,20.5,107.7,104.3,12.77,11.7,-1.07,-1,8.3,Matt Carpenter,NA,154
572761,2023,125,14,12,86.6,102.8,24,107.6,103.8,11.2,9.6,-1.6,-2,14.3,Matt Carpenter,NA,237
572761,2024,86,6,4,84.7,100.8,23.2,106.5,101.8,6.98,4.65,-2.33,-2,33.3,Matt Carpenter,NA,157
572788,2015,4,0,0,90.5,96.6,8,97.6,NA,0,0,0,0,0,Tyler Cravy,NA,10
572788,2016,3,1,1,98.2,101,25,101.1,100.5,33.33,33.33,0,0,0,Tyler Cravy,NA,5
572804,2015,6,0,0,78.4,87.6,11.2,92.2,NA,0,0,0,0,0,Cody Decker,NA,12
572816,2015,162,17,17,89.7,105.1,14.5,111.8,104.7,10.49,10.49,0,0,0,Corey Dickerson,NA,234
572816,2016,376,36,37,89,103.8,18.1,112.7,103.7,9.57,9.84,0.27,1,-2.8,Corey Dickerson,NA,548
572816,2017,435,33,36,87.2,104.1,13.9,112.9,104.2,7.59,8.28,0.69,3,-9.1,Corey Dickerson,NA,629
572816,2018,423,24,21,88.1,102.8,14.9,111.4,105,5.67,4.96,-0.71,-3,12.5,Corey Dickerson,NA,533
572816,2019,206,17,17,87.1,104.1,16.2,109.3,104.7,8.25,8.25,0,0,0,Corey Dickerson,NA,279
572816,2021,269,8,7,87.8,104.8,10.1,109.8,105.5,2.97,2.6,-0.37,-1,12.5,Corey Dickerson,NA,365
572816,2022,233,7,4,87.8,102.4,10.6,112.1,102.8,3,1.72,-1.28,-3,42.9,Corey Dickerson,NA,297
572816,2023,116,4,3,88.1,101.4,10.1,109.6,103.7,3.45,2.59,-0.86,-1,25,Corey Dickerson,NA,152
572821,2015,478,28,27,87.2,101.4,19.1,108.9,102.1,5.86,5.65,-0.21,-1,3.6,Brian Dozier,NA,704
572821,2016,474,38,40,87.8,102.8,18.6,107.7,103.4,8.02,8.44,0.42,2,-5.3,Brian Dozier,NA,691
572821,2017,474,36,43,87.6,101.8,16.7,111.8,102.9,7.59,9.07,1.48,7,-19.4,Brian Dozier,NA,705
572821,2018,416,25,21,86.8,99.6,17.5,104.8,100.9,6.01,5.05,-0.96,-4,16,Brian Dozier,NA,632
572821,2019,311,20,21,88.3,101.8,19,106.6,102.7,6.43,6.75,0.32,1,-5,Brian Dozier,NA,482
572863,2015,56,2,2,83,97.9,17.9,103.6,99.2,3.57,3.57,0,0,0,Dustin Garneau,NA,76
572863,2016,47,2,2,85,99,21.7,104.5,100.4,4.26,4.26,0,0,0,Dustin Garneau,NA,75
572863,2017,75,2,2,83.5,100.9,21.9,106.1,104.3,2.67,2.67,0,0,0,Dustin Garneau,NA,126
572863,2018,2,0,0,80,80.1,42.5,80.1,NA,0,0,0,0,0,Dustin Garneau,NA,3
572863,2019,64,3,3,84.5,102.5,20.7,106,104.6,4.69,4.69,0,0,0,Dustin Garneau,NA,101
572863,2021,46,5,5,86.4,104,19.3,106.4,104.6,10.87,10.87,0,0,0,Dustin Garneau,NA,68
572863,2022,6,1,1,89.5,99.5,40.5,104.6,104.6,16.67,16.67,0,0,0,Dustin Garneau,NA,11
572888,2016,2,0,0,80.7,85.7,6.5,86.9,NA,0,0,0,0,0,Shane Greene,NA,2
572955,2018,1,0,0,83.2,83.2,-6,83.2,NA,0,0,0,0,0,Pierce Johnson,NA,1
572971,2015,1,0,0,89.1,89.1,-30,89.1,NA,0,0,0,0,0,Dallas Keuchel,NA,6
572971,2016,2,0,0,82,82.7,-34.5,82.9,NA,0,0,0,0,0,Dallas Keuchel,NA,2
572971,2017,1,0,0,88,88,-11,88,NA,0,0,0,0,0,Dallas Keuchel,NA,3
572971,2019,10,0,0,84.2,97.6,-11.2,98.1,NA,0,0,0,0,0,Dallas Keuchel,NA,41
572971,2021,1,0,0,77.8,77.8,-16,77.8,NA,0,0,0,0,0,Dallas Keuchel,NA,2
573064,2015,7,0,0,84.9,91.5,5.3,100.1,NA,0,0,0,0,0,Vidal Nuño,NA,7
573064,2017,1,0,0,77,77,23,77,NA,0,0,0,0,0,Vidal Nuño,NA,1
573064,2018,2,0,0,80.8,97.8,16.5,102.1,NA,0,0,0,0,0,Vidal Nuño,NA,2
573088,2017,67,2,2,87.3,103.2,7.3,111.4,101.7,2.99,2.99,0,0,0,Cameron Perkins,NA,97
573113,2016,50,0,0,84.3,98.8,2.4,101.8,NA,0,0,0,0,0,Tony Renda,NA,67
573131,2015,201,14,14,90,105.1,12.6,110.8,104.3,6.97,6.97,0,0,0,Darin Ruf,NA,297
573131,2016,59,5,6,89.2,103.7,15.2,109.9,104.5,8.47,10.17,1.7,1,-20,Darin Ruf,NA,89
573131,2021,175,25,21,93,107.7,9.8,110.8,105.4,14.29,12,-2.29,-4,16,Darin Ruf,NA,312
573131,2022,232,17,12,89.2,105.1,14.8,112.1,103.7,7.33,5.17,-2.16,-5,29.4,Darin Ruf,NA,388
573131,2023,33,4,3,94,104.7,7.7,108,100.9,12.12,9.09,-3.03,-1,25,Darin Ruf,NA,57
573135,2015,183,4,4,86.1,102.6,7,106.5,101.6,2.19,2.19,0,0,0,Tyler Saladino,NA,254
573135,2016,234,7,7,86.4,101.9,8.4,108.3,102.4,2.99,2.99,0,0,0,Tyler Saladino,NA,319
573135,2017,186,1,2,84.6,100.7,13.4,106.5,100.9,0.54,1.08,0.54,1,-100,Tyler Saladino,NA,281
573135,2018,86,6,4,90.5,103.4,16.8,109.3,103.3,6.98,4.65,-2.33,-2,33.3,Tyler Saladino,NA,139
573135,2019,39,2,2,88,104.6,6.3,109.4,107.8,5.13,5.13,0,0,0,Tyler Saladino,NA,71
573185,2016,12,0,0,72.3,94.5,-28.8,99.2,NA,0,0,0,0,0,Dan Straily,NA,65
573185,2017,21,0,0,78.5,88.3,-8.3,96,NA,0,0,0,0,0,Dan Straily,NA,64
573185,2018,10,0,0,85.5,95.3,3.2,101.2,NA,0,0,0,0,0,Dan Straily,NA,43
573186,2016,4,0,0,88.5,95.2,4.5,96.8,NA,0,0,0,0,0,Marcus Stroman,NA,6
573186,2017,3,1,1,88.5,98.4,16,98.9,98.9,33.33,33.33,0,0,0,Marcus Stroman,NA,7
573186,2018,2,0,0,75.2,85.1,12.5,87.6,NA,0,0,0,0,0,Marcus Stroman,NA,3
573186,2019,9,0,0,85.6,100.8,-6.2,104.2,NA,0,0,0,0,0,Marcus Stroman,NA,25
573186,2021,30,0,0,65.8,95.2,-14.3,100.2,NA,0,0,0,0,0,Marcus Stroman,NA,58
573244,2017,1,0,0,64.2,64.2,-24,64.2,NA,0,0,0,0,0,Adam Wilk,NA,1
573262,2019,264,27,27,89.4,104,19.3,108.5,103.3,10.23,10.23,0,0,0,Mike Yastrzemski,NA,411
573262,2021,339,34,29,88.7,103.1,19.2,109.4,103.6,10.03,8.55,-1.48,-5,14.7,Mike Yastrzemski,NA,532
573262,2022,350,37,26,89.3,103.8,19.3,109.7,103.9,10.57,7.43,-3.14,-11,29.7,Mike Yastrzemski,NA,558
573262,2023,233,22,14,88.9,104.6,18.8,110.1,104,9.44,6.01,-3.43,-8,36.4,Mike Yastrzemski,NA,381
573262,2024,304,31,21,89.5,103.7,18.3,108.2,103.2,10.2,6.91,-3.29,-10,32.3,Mike Yastrzemski,NA,474
573262,2025,374,29,16,89.5,103.6,19.3,109.3,102.9,7.75,4.28,-3.47,-13,44.8,Mike Yastrzemski,NA,558
573262,2026,97,4,0,89.4,102.6,14.7,106.2,102.6,4.12,0,-4.12,-4,100,Mike Yastrzemski,NA,148
573627,2015,119,6,6,88.1,108.8,5.6,113.9,107.1,5.04,5.04,0,0,0,Kennys Vargas,NA,184
573627,2016,95,12,12,90.5,108.2,17.3,116.4,106.4,12.63,12.63,0,0,0,Kennys Vargas,NA,177
573627,2017,165,15,15,86.3,106.8,11.3,116.2,108,9.09,9.09,0,0,0,Kennys Vargas,NA,264
574847,2016,53,2,2,90.9,105.8,7.6,110.2,108.3,3.77,3.77,0,0,0,Rob Segedin,NA,83
574847,2017,13,0,0,79.7,97.5,-3,98.3,NA,0,0,0,0,0,Rob Segedin,NA,20
575929,2016,180,16,16,88.1,104.8,6.6,113.7,105.5,8.89,8.89,0,0,0,Willson Contreras,NA,283
575929,2017,274,28,30,88.2,106.6,7,115.1,106,10.22,10.95,0.73,2,-7.1,Willson Contreras,NA,428
575929,2018,349,24,22,88,107.6,7.8,114.1,106.8,6.88,6.3,-0.58,-2,8.3,Willson Contreras,NA,544
575929,2019,259,29,30,88.5,107.8,7.5,113.1,106.5,11.2,11.58,0.38,1,-3.4,Willson Contreras,NA,409
575929,2021,278,30,27,91.8,108.5,9.6,115.4,106.5,10.79,9.71,-1.08,-3,10,Willson Contreras,NA,483
575929,2022,309,33,28,90.4,107.9,8.9,116.2,106.8,10.68,9.06,-1.62,-5,15.2,Willson Contreras,NA,487
575929,2023,319,37,32,91.1,109.6,10.2,117.5,107.8,11.6,10.03,-1.57,-5,13.5,Willson Contreras,NA,495
575929,2024,205,22,17,91.6,109,14.2,115.3,107.2,10.73,8.29,-2.44,-5,22.7,Willson Contreras,NA,358
575929,2025,351,48,36,90.5,108.2,12.4,114.7,106.5,13.68,10.26,-3.42,-12,25,Willson Contreras,NA,563
575929,2026,116,17,13,90.7,109.1,15.1,113.2,107,14.66,11.21,-3.45,-4,23.5,Willson Contreras,NA,198
576397,2015,308,19,19,88.8,102.6,14.1,109.3,103.9,6.17,6.17,0,0,0,Jedd Gyorko,NA,458
576397,2016,300,29,29,87.7,103,14.9,108.2,103.9,9.67,9.67,0,0,0,Jedd Gyorko,NA,438
576397,2017,324,26,26,86.4,102,15.4,110.6,103,8.02,8.02,0,0,0,Jedd Gyorko,NA,481
576397,2018,278,20,19,87.3,101.4,15.2,107.7,102.8,7.19,6.83,-0.36,-1,5,Jedd Gyorko,NA,402
576397,2019,68,3,3,85.8,103.3,16.3,107,105.3,4.41,4.41,0,0,0,Jedd Gyorko,NA,101
576788,2018,5,0,0,83.2,99.2,14.6,101.7,NA,0,0,0,0,0,Dan Butler,NA,7
578428,2015,363,0,0,83.3,98.7,4.3,108.6,NA,0,0,0,0,0,Jose Iglesias,NA,454
578428,2016,417,3,3,83,98.9,7.7,111,102.1,0.72,0.72,0,0,0,Jose Iglesias,NA,513
578428,2017,396,4,5,82.8,99.6,8.6,105.2,103,1.01,1.26,0.25,1,-25,Jose Iglesias,NA,489
578428,2018,388,5,5,84.5,100.2,12.1,106.5,101.8,1.29,1.29,0,0,0,Jose Iglesias,NA,464
578428,2019,421,9,10,84,99.7,7.1,107.7,102,2.14,2.38,0.24,1,-11.1,Jose Iglesias,NA,530
578428,2021,407,13,11,85.4,101.3,11.5,110.2,103.1,3.19,2.7,-0.49,-2,15.4,Jose Iglesias,NA,511
578428,2022,383,2,1,83.7,100.3,6.1,109.9,100.8,0.52,0.26,-0.26,-1,50,Jose Iglesias,NA,467
578428,2024,232,5,4,85.8,101.8,9,109.8,102.4,2.16,1.72,-0.44,-1,20,Jose Iglesias,NA,291
578428,2025,255,5,3,82.8,100.3,2.8,109.5,104.3,1.96,1.18,-0.78,-2,40,Jose Iglesias,NA,343
578570,2016,5,0,0,84.7,99.5,10.6,99.9,NA,0,0,0,0,0,Juniel Querecuto,NA,11
578570,2023,14,0,0,75.8,95.3,6.6,99.8,NA,0,0,0,0,0,Juniel Querecuto,NA,21
579328,2019,1,0,0,37,37,-44,37,NA,0,0,0,0,0,Yusei Kikuchi,NA,2
581527,2015,173,13,13,88.1,103.1,5.5,108.5,104,7.51,7.51,0,0,0,Devon Travis,NA,238
581527,2016,322,12,12,87,102.5,11.4,107.3,103.1,3.73,3.73,0,0,0,Devon Travis,NA,432
581527,2017,149,8,10,87.6,103.8,13.9,110.9,102.8,5.37,6.71,1.34,2,-25,Devon Travis,NA,197
581527,2018,290,15,12,88.4,103.9,7.8,111.5,102.1,5.17,4.14,-1.03,-3,20,Devon Travis,NA,378
582473,2018,6,0,0,77.8,89.9,1.2,92.1,NA,0,0,0,0,0,Sherman Johnson,NA,11
584171,2018,1,0,0,96.2,96.2,5,96.2,NA,0,0,0,0,0,Hector Velázquez,NA,1
588751,2015,383,4,4,87.3,101.7,7.6,107.1,103.3,1.04,1.04,0,0,0,Adeiny Hechavarría,NA,499
588751,2016,421,4,4,88.1,101.5,8,106.7,101.8,0.95,0.95,0,0,0,Adeiny Hechavarría,NA,547
588751,2017,261,8,9,87.6,103.6,9.6,108.7,103.3,3.07,3.45,0.38,1,-12.5,Adeiny Hechavarría,NA,348
588751,2018,245,3,2,86.9,100.7,13.7,105.9,100.8,1.22,0.82,-0.4,-1,33.3,Adeiny Hechavarría,NA,321
588751,2019,153,7,8,87.3,101.4,11.6,105.9,101.9,4.58,5.23,0.65,1,-14.3,Adeiny Hechavarría,NA,221
591712,2015,16,0,0,76.3,96.2,1.6,99.5,NA,0,0,0,0,0,Óscar Hernández,NA,36
591712,2016,11,0,0,89.2,100.6,21.7,105.8,NA,0,0,0,0,0,Óscar Hernández,NA,11
591720,2015,4,0,0,78.2,82.1,27,82.9,NA,0,0,0,0,0,Ronald Torreyes,NA,8
591720,2016,134,1,1,85.2,98.2,4.9,102.1,100.7,0.75,0.75,0,0,0,Ronald Torreyes,NA,168
591720,2017,274,2,2,81.2,96.5,8.5,100,98.9,0.73,0.73,0,0,0,Ronald Torreyes,NA,336
591720,2018,84,1,0,81.8,94.6,10.4,100.7,98.1,1.19,0,-1.19,-1,100,Ronald Torreyes,NA,102
591720,2019,13,0,0,80.2,90.7,24.2,94.9,NA,0,0,0,0,0,Ronald Torreyes,NA,17
591720,2021,283,1,1,80.9,96.5,10.9,106.9,101.4,0.35,0.35,0,0,0,Ronald Torreyes,NA,344
591741,2017,175,8,9,87.2,104.2,7.2,108.7,104.3,4.57,5.14,0.57,1,-12.5,José Osuna,NA,227
591741,2018,85,6,5,89,104.2,9.7,109.3,104.8,7.06,5.88,-1.18,-1,16.7,José Osuna,NA,111
591741,2019,214,11,11,89.2,103.4,9.8,110.2,103.8,5.14,5.14,0,0,0,José Osuna,NA,285
591971,2017,10,0,0,78.3,86.4,20.5,88.7,NA,0,0,0,0,0,Breyvic Valera,NA,11
591971,2018,53,1,1,84.3,96.5,13.3,102.1,100.4,1.89,1.89,0,0,0,Breyvic Valera,NA,75
591971,2019,40,0,0,84.7,97.6,17.9,100.6,NA,0,0,0,0,0,Breyvic Valera,NA,52
591971,2021,77,0,0,84,97.4,14.1,104.8,NA,0,0,0,0,0,Breyvic Valera,NA,97
591994,2017,76,3,3,87.7,104.6,10.2,109.5,103,3.95,3.95,0,0,0,Willy García,NA,119
592122,2016,47,8,8,88.8,107.1,12.5,112.6,105.2,17.02,17.02,0,0,0,Tyler Austin,NA,90
592122,2017,25,3,4,88.7,108.7,16.7,110.4,108.4,12,16,4,1,-33.3,Tyler Austin,NA,46
592122,2018,152,24,22,89,107.7,15.1,112.9,107.5,15.79,14.47,-1.32,-2,8.3,Tyler Austin,NA,268
592122,2019,85,13,14,91.7,107.2,14.8,111.1,106.2,15.29,16.47,1.18,1,-7.7,Tyler Austin,NA,179
592127,2017,1,0,0,94.9,94.9,18,94.9,NA,0,0,0,0,0,Johnny Barbato,NA,1
592144,2022,34,0,0,84.6,103.8,-6.4,106.6,NA,0,0,0,0,0,Wynton Bernard,NA,42
592145,2018,2,0,0,85.6,91.7,4.5,93.2,NA,0,0,0,0,0,Jesse Biddle,NA,2
592166,2015,3,1,1,94,100.1,15,102.5,102.5,33.33,33.33,0,0,0,Ryan Brett,NA,4
592169,2017,2,0,0,84,86.6,2,87.2,NA,0,0,0,0,0,Austin Brice,NA,4
592178,2015,361,42,40,89.7,105.2,19.6,111.5,105.7,11.63,11.08,-0.55,-2,4.8,Kris Bryant,NA,650
592178,2016,445,53,53,89.3,105.7,20.8,112.6,105.7,11.91,11.91,0,0,0,Kris Bryant,NA,699
592178,2017,425,40,41,87,104.6,17,113,105.2,9.41,9.65,0.24,1,-2.5,Kris Bryant,NA,665
592178,2018,283,24,23,86,103.2,17.8,110.2,104.8,8.48,8.13,-0.35,-1,4.2,Kris Bryant,NA,457
592178,2019,396,35,36,87.4,103.6,19.3,111.4,104.6,8.84,9.09,0.25,1,-2.9,Kris Bryant,NA,634
592178,2021,380,37,34,88.2,103.6,15.1,110.4,104,9.74,8.95,-0.79,-3,8.1,Kris Bryant,NA,586
592178,2022,135,9,6,84.9,101.6,13.5,107.9,104.1,6.67,4.44,-2.23,-3,33.3,Kris Bryant,NA,181
592178,2023,232,14,12,85.7,102.2,14.4,108.8,102.7,6.03,5.17,-0.86,-2,14.3,Kris Bryant,NA,335
592178,2024,86,4,3,85.1,102.2,18.5,107.3,103.2,4.65,3.49,-1.16,-1,25,Kris Bryant,NA,155
592178,2025,26,2,1,90.8,100.2,13,102.9,102,7.69,3.85,-3.84,-1,50,Kris Bryant,NA,41
592192,2015,342,25,25,89.3,104.3,12.8,114.2,103.8,7.31,7.31,0,0,0,Mark Canha,NA,485
592192,2016,22,3,3,92.8,105.1,21.1,109.3,102.1,13.64,13.64,0,0,0,Mark Canha,NA,44
592192,2017,118,7,7,88.1,104.8,19.8,110.8,105.8,5.93,5.93,0,0,0,Mark Canha,NA,187
592192,2018,279,25,23,87,103,15.5,108.5,103.7,8.96,8.24,-0.72,-2,8,Mark Canha,NA,411
592192,2019,302,27,29,89.1,104.2,15.2,110.9,103.9,8.94,9.6,0.66,2,-7.4,Mark Canha,NA,497
592192,2021,393,26,22,87.3,102.3,13.5,107.7,103.3,6.62,5.6,-1.02,-4,15.4,Mark Canha,NA,625
592192,2022,367,16,11,87.7,103,10.9,108,102.7,4.36,3,-1.36,-5,31.2,Mark Canha,NA,542
592192,2023,361,18,15,87.9,103.8,13.4,109.4,104,4.99,4.16,-0.83,-3,16.7,Mark Canha,NA,507
592192,2024,302,9,7,88.4,101.8,9.6,107,103.2,2.98,2.32,-0.66,-2,22.2,Mark Canha,NA,462
592192,2025,91,2,1,86.6,100.9,19.9,105.5,102.6,2.2,1.1,-1.1,-1,50,Mark Canha,NA,125
592200,2015,68,6,6,91.1,104.1,16.3,107.3,105.5,8.82,8.82,0,0,0,Curt Casali,NA,113
592200,2016,144,9,9,86.1,102.3,20.4,106.9,103.3,6.25,6.25,0,0,0,Curt Casali,NA,256
592200,2017,7,1,1,83,97.3,21.6,99.9,99.9,14.29,14.29,0,0,0,Curt Casali,NA,13
592200,2018,108,2,1,86.9,100.9,14.4,106.6,102.4,1.85,0.93,-0.92,-1,50,Curt Casali,NA,156
592200,2019,145,8,9,87.2,99.6,18.5,104.1,100.3,5.52,6.21,0.69,1,-12.5,Curt Casali,NA,236
592200,2021,135,8,7,85.5,99.7,23.3,105.2,101.7,5.93,5.19,-0.74,-1,12.5,Curt Casali,NA,231
592200,2022,99,6,5,87.1,101.9,25.4,106.6,103.2,6.06,5.05,-1.01,-1,16.7,Curt Casali,NA,176
592200,2023,60,0,0,82.4,99.1,18.4,102.1,NA,0,0,0,0,0,Curt Casali,NA,96
592200,2024,88,1,1,81.4,97.2,19.3,104.5,104.5,1.14,1.14,0,0,0,Curt Casali,NA,125
592206,2015,397,28,27,88.3,102.3,16.8,111.6,103.9,7.05,6.8,-0.25,-1,3.6,Nick Castellanos,NA,595
592206,2016,305,39,40,89.4,103.6,16.9,109.2,104.7,12.79,13.11,0.32,1,-2.6,Nick Castellanos,NA,447
592206,2017,476,42,53,89.1,104,14.2,110.5,104.2,8.82,11.13,2.31,11,-26.2,Nick Castellanos,NA,665
592206,2018,472,50,47,89.6,103.5,15.2,110.3,103.5,10.59,9.96,-0.63,-3,6,Nick Castellanos,NA,678
592206,2019,472,49,52,88.9,103.9,13.9,111.2,103.7,10.38,11.02,0.64,3,-6.1,Nick Castellanos,NA,664
592206,2021,416,43,38,89.8,105.6,14,111.9,105.4,10.34,9.13,-1.21,-5,11.6,Nick Castellanos,NA,585
592206,2022,394,25,18,87.5,102.5,14.6,110.1,103.7,6.35,4.57,-1.78,-7,28,Nick Castellanos,NA,558
592206,2023,446,44,36,88.9,105,14.4,111.2,104.8,9.87,8.07,-1.8,-8,18.2,Nick Castellanos,NA,671
592206,2024,468,37,30,88.4,103.8,15.2,113.1,104.8,7.91,6.41,-1.5,-7,18.9,Nick Castellanos,NA,659
592206,2025,418,29,19,87.8,104.1,15.4,110.2,104.6,6.94,4.55,-2.39,-10,34.5,Nick Castellanos,NA,589
592206,2026,70,6,5,87.7,102.4,14,108.7,104.6,8.57,7.14,-1.43,-1,16.7,Nick Castellanos,NA,103
592229,2019,1,0,0,85.1,85.1,-33,85.1,NA,0,0,0,0,0,Dylan Covey,NA,2
592230,2015,27,2,2,83.6,102.6,6.7,105.5,101.3,7.41,7.41,0,0,0,Kaleb Cowart,NA,52
592230,2016,63,2,2,89.3,103.4,13.3,107.8,103.8,3.17,3.17,0,0,0,Kaleb Cowart,NA,87
592230,2017,74,3,4,84.8,103.1,5.8,111.4,103.4,4.05,5.41,1.36,1,-33.3,Kaleb Cowart,NA,117
592230,2018,69,2,1,86.9,99.5,21.8,105,101.2,2.9,1.45,-1.45,-1,50,Kaleb Cowart,NA,124
592230,2019,18,0,0,83,92.5,20.8,99.8,NA,0,0,0,0,0,Kaleb Cowart,NA,26
592239,2015,64,0,0,83.3,96.7,13.5,102.4,NA,0,0,0,0,0,Todd Cunningham,NA,93
592239,2016,21,0,0,83.8,99.1,19.9,100.7,NA,0,0,0,0,0,Todd Cunningham,NA,29
592254,2016,2,0,0,92.2,93.6,-14,93.9,NA,0,0,0,0,0,José De León,NA,4
592254,2021,3,0,0,66,86.9,-7.3,87.7,NA,0,0,0,0,0,José De León,NA,5
592261,2015,307,4,4,85.3,100.5,10.3,108.4,103.3,1.3,1.3,0,0,0,Delino DeShields,NA,492
592261,2016,122,2,2,85.7,101.2,5.1,108.6,100.8,1.64,1.64,0,0,0,Delino DeShields,NA,203
592261,2017,257,7,8,82.9,99.3,11,104.4,101.1,2.72,3.11,0.39,1,-14.3,Delino DeShields,NA,440
592261,2018,241,2,1,83.1,97.5,7.8,106.3,100.2,0.83,0.41,-0.42,-1,50,Delino DeShields,NA,393
592261,2019,252,6,6,85.4,98.3,13.6,104,100.5,2.38,2.38,0,0,0,Delino DeShields,NA,408
592261,2021,38,3,3,85.3,100,10.2,103.3,100.9,7.89,7.89,0,0,0,Delino DeShields,NA,58
592273,2015,48,3,3,87.8,104.2,1.3,110.4,105.5,6.25,6.25,0,0,0,Brandon Drury,NA,59
592273,2016,355,22,23,88.8,104.8,9.3,113.3,104.7,6.2,6.48,0.28,1,-4.5,Brandon Drury,NA,499
592273,2017,340,16,19,88.2,103.7,7.7,111.7,103.5,4.71,5.59,0.88,3,-18.8,Brandon Drury,NA,480
592273,2018,57,4,4,88.2,103.1,13.3,108.6,105.4,7.02,7.02,0,0,0,Brandon Drury,NA,86
592273,2019,308,26,28,86.9,104.5,13.8,112.5,103.8,8.44,9.09,0.65,2,-7.7,Brandon Drury,NA,447
592273,2021,61,3,2,89.7,105.4,11.7,109.3,103.8,4.92,3.28,-1.64,-1,33.3,Brandon Drury,NA,88
592273,2022,393,40,30,89.1,105.3,13.8,112.4,104.4,10.18,7.63,-2.55,-10,25,Brandon Drury,NA,568
592273,2023,352,38,26,89.9,105.6,12.1,112.5,104.6,10.8,7.39,-3.41,-12,31.6,Brandon Drury,NA,523
592273,2024,246,8,5,87.6,105,6,113.7,106.6,3.25,2.03,-1.22,-3,37.5,Brandon Drury,NA,360
592274,2015,6,0,0,87.2,98.6,7.5,101,NA,0,0,0,0,0,Matt Duffy,NA,9
592274,2016,1,0,0,84,84,-6,84,NA,0,0,0,0,0,Matt Duffy,NA,3
592314,2015,7,0,0,84.4,93.8,5.3,106.5,NA,0,0,0,0,0,Mike Foltynewicz,NA,30
592314,2016,18,1,1,85,102.5,-0.5,105.7,104.5,5.56,5.56,0,0,0,Mike Foltynewicz,NA,42
592314,2017,14,0,0,75.7,88.4,2.9,96.3,NA,0,0,0,0,0,Mike Foltynewicz,NA,49
592314,2018,18,0,0,69.8,90.4,-1.3,101.9,NA,0,0,0,0,0,Mike Foltynewicz,NA,66
592314,2019,17,0,0,77,91.3,-6.3,94.4,NA,0,0,0,0,0,Mike Foltynewicz,NA,38
592325,2016,32,1,1,90,106.2,7.7,109.6,102.8,3.12,3.12,0,0,0,Ben Gamel,NA,57
592325,2017,388,15,17,86.3,101.4,10.9,108.5,103.2,3.87,4.38,0.51,2,-13.3,Ben Gamel,NA,550
592325,2018,197,6,5,88.7,103.1,7.2,109.1,103.4,3.05,2.54,-0.51,-1,16.7,Ben Gamel,NA,293
592325,2019,205,8,8,88.2,102.4,9.9,111.1,103.1,3.9,3.9,0,0,0,Ben Gamel,NA,356
592325,2021,241,14,13,87.5,103.4,14.2,108.5,103.5,5.81,5.39,-0.42,-1,7.1,Ben Gamel,NA,400
592325,2022,272,16,9,88.1,103.7,11.1,109.2,103.3,5.88,3.31,-2.57,-7,43.8,Ben Gamel,NA,423
592325,2023,13,1,1,89.6,102.4,-0.5,106.3,101.1,7.69,7.69,0,0,0,Ben Gamel,NA,15
592325,2024,57,4,2,88.2,103.1,11.9,110.5,102.8,7.02,3.51,-3.51,-2,50,Ben Gamel,NA,99
592332,2017,1,0,0,73.3,73.3,-27,73.3,NA,0,0,0,0,0,Kevin Gausman,NA,2
592332,2018,10,0,0,78.5,87.6,-21.1,88.4,NA,0,0,0,0,0,Kevin Gausman,NA,25
592332,2019,9,0,0,74.5,88.4,-23.7,90,NA,0,0,0,0,0,Kevin Gausman,NA,27
592332,2021,29,0,0,67.5,93.5,-19.7,94.9,NA,0,0,0,0,0,Kevin Gausman,NA,62
592340,2015,1,0,0,97.3,97.3,-26,97.3,NA,0,0,0,0,0,Erik Goeddel,NA,1
592346,2019,9,0,0,83.9,92.7,-8,93.7,NA,0,0,0,0,0,Chi Chi González,NA,24
592346,2021,17,1,1,70.8,101,-16.4,102.5,102.5,5.88,5.88,0,0,0,Chi Chi González,NA,34
592348,2017,7,0,0,84.2,101.2,10.1,107.9,NA,0,0,0,0,0,Niko Goodrum,NA,18
592348,2018,313,23,21,87.8,103.4,10.9,110.7,103.8,7.35,6.71,-0.64,-2,8.7,Niko Goodrum,NA,492
592348,2019,287,18,18,89.2,104.9,13.2,109.4,103.6,6.27,6.27,0,0,0,Niko Goodrum,NA,472
592348,2021,185,17,12,88,103.4,13.4,109.2,104.1,9.19,6.49,-2.7,-5,29.4,Niko Goodrum,NA,325
592348,2022,20,1,0,81.9,99,7.7,102.4,102.4,5,0,-5,-1,100,Niko Goodrum,NA,45
592348,2024,19,1,1,83.6,98.9,-14.8,104.2,101.1,5.26,5.26,0,0,0,Niko Goodrum,NA,33
592351,2015,5,0,0,86.9,95.9,-19,98.6,NA,0,0,0,0,0,Jon Gray,NA,13
592351,2016,18,0,0,87.2,102.4,-14.9,106.5,NA,0,0,0,0,0,Jon Gray,NA,55
592351,2017,11,1,1,80.7,104.9,7.1,106.2,104.9,9.09,9.09,0,0,0,Jon Gray,NA,43
592351,2018,22,0,0,80.6,98.2,-2.3,105.9,NA,0,0,0,0,0,Jon Gray,NA,61
592351,2019,28,0,0,70,93.3,1.6,105.7,NA,0,0,0,0,0,Jon Gray,NA,59
592351,2021,18,0,0,73.6,103.3,10.9,104.1,NA,0,0,0,0,0,Jon Gray,NA,50
592387,2016,209,19,20,88.7,105.9,13.5,111.6,105,9.09,9.57,0.48,1,-5.3,Ryon Healy,NA,283
592387,2017,431,32,33,88.2,104.6,12.7,112.7,104.5,7.42,7.66,0.24,1,-3.1,Ryon Healy,NA,605
592387,2018,381,25,24,89.5,104.9,12.3,112,105,6.56,6.3,-0.26,-1,4,Ryon Healy,NA,524
592387,2019,125,13,13,89.6,104.3,17,109.9,104.3,10.4,10.4,0,0,0,Ryon Healy,NA,187
592407,2015,49,4,4,86.4,99.5,18.7,104,99.6,8.16,8.16,0,0,0,Bryan Holaday,NA,65
592407,2016,90,6,6,84.5,97.9,24.2,105.3,101,6.67,6.67,0,0,0,Bryan Holaday,NA,129
592407,2017,28,0,0,81.6,96.2,15.9,101.1,NA,0,0,0,0,0,Bryan Holaday,NA,29
592407,2018,124,1,1,83.6,96.8,14.9,103.1,103.1,0.81,0.81,0,0,0,Bryan Holaday,NA,166
592407,2019,96,1,1,87.8,101.5,10.7,104.8,101.7,1.04,1.04,0,0,0,Bryan Holaday,NA,129
592407,2021,16,0,0,88.3,97.3,22.8,100.9,NA,0,0,0,0,0,Bryan Holaday,NA,34
592419,2016,38,0,0,86.6,102.3,24.4,108.1,NA,0,0,0,0,0,Jared Hoying,NA,49
592419,2017,50,0,0,81.9,99.9,9.5,111.5,NA,0,0,0,0,0,Jared Hoying,NA,77
592419,2021,2,0,0,83.7,83.8,44.5,83.8,NA,0,0,0,0,0,Jared Hoying,NA,3
592426,2017,3,0,0,65.7,81.7,-19,82.5,NA,0,0,0,0,0,Luke Jackson,NA,3
592426,2018,1,0,0,88.4,88.4,-26,88.4,NA,0,0,0,0,0,Luke Jackson,NA,3
592433,2016,8,0,0,82,92.2,-6.9,95.5,NA,0,0,0,0,0,Tyrell Jenkins,NA,17
592444,2016,16,2,2,93.6,107.6,10.2,108.5,103.7,12.5,12.5,0,0,0,JaCoby Jones,NA,28
592444,2017,75,5,6,86,103.5,9.1,107.3,101.2,6.67,8,1.33,1,-20,JaCoby Jones,NA,154
592444,2018,287,15,15,88.4,104.6,12.3,112.3,105.7,5.23,5.23,0,0,0,JaCoby Jones,NA,467
592444,2019,205,20,20,91.6,107.5,14.1,112.8,105.4,9.76,9.76,0,0,0,JaCoby Jones,NA,333
592444,2021,58,5,5,89.4,104.1,10.4,107.3,103.5,8.62,8.62,0,0,0,JaCoby Jones,NA,105
592450,2016,43,5,5,95.1,111.6,20.6,115.2,107.7,11.63,11.63,0,0,0,Aaron Judge,NA,95
592450,2017,337,84,89,95,113.5,15.8,121.1,110,24.93,26.41,1.48,5,-6,Aaron Judge,NA,678
592450,2018,266,42,41,94.7,112.2,12.4,119.9,108.9,15.79,15.41,-0.38,-1,2.4,Aaron Judge,NA,498
592450,2019,238,47,47,96,111.4,11.6,118.1,107.9,19.75,19.75,0,0,0,Aaron Judge,NA,447
592450,2021,394,67,60,95.8,111.6,11.6,119,108.3,17.01,15.23,-1.78,-7,10.4,Aaron Judge,NA,633
592450,2022,399,100,83,95.8,111.6,14.9,118.4,108.8,25.06,20.8,-4.26,-17,17,Aaron Judge,NA,696
592450,2023,239,65,56,97.6,111.3,20.4,116.9,109,27.2,23.43,-3.77,-9,13.8,Aaron Judge,NA,458
592450,2024,389,102,89,96.2,111.2,18.9,117.5,108.7,26.22,22.88,-3.34,-13,12.7,Aaron Judge,NA,704
592450,2025,387,95,80,95.4,111.9,19.1,118.1,108.9,24.55,20.67,-3.88,-15,15.8,Aaron Judge,NA,679
592450,2026,115,26,22,93.8,110.1,14.8,116.2,108.7,22.61,19.13,-3.48,-4,15.4,Aaron Judge,NA,221
592468,2018,12,0,0,77.7,92.2,-2.6,93,NA,0,0,0,0,0,Nick Kingham,NA,25
592468,2019,2,0,0,72.6,82,-11.5,84.4,NA,0,0,0,0,0,Nick Kingham,NA,8
592518,2015,518,40,39,91.1,106.7,12.6,114.9,104.5,7.72,7.53,-0.19,-1,2.5,Manny Machado,NA,713
592518,2016,519,46,47,90.3,108,14.5,116.8,106.1,8.86,9.06,0.2,1,-2.2,Manny Machado,NA,696
592518,2017,524,52,61,90.9,109.2,13.4,116.3,107.1,9.92,11.64,1.72,9,-17.3,Manny Machado,NA,690
592518,2018,533,57,48,91.6,107.7,14.4,114.8,105.4,10.69,9.01,-1.68,-9,15.8,Manny Machado,NA,709
592518,2019,462,36,38,91.2,107.3,12.9,112.6,105.5,7.79,8.23,0.44,2,-5.6,Manny Machado,NA,661
592518,2021,472,60,50,93,109.3,13.9,119.6,106.5,12.71,10.59,-2.12,-10,16.7,Manny Machado,NA,640
592518,2022,447,40,32,91.5,107,16,112.4,105.9,8.95,7.16,-1.79,-8,20,Manny Machado,NA,644
592518,2023,439,46,33,91,107.4,15,114.5,105,10.48,7.52,-2.96,-13,28.3,Manny Machado,NA,601
592518,2024,471,46,38,92.4,107.7,12.9,115.6,106.3,9.77,8.07,-1.7,-8,17.4,Manny Machado,NA,643
592518,2025,489,61,40,92.9,107.7,14.3,114.8,105.2,12.47,8.18,-4.29,-21,34.4,Manny Machado,NA,678
592518,2026,129,8,5,90.1,106.3,10.3,109,104.2,6.2,3.88,-2.32,-3,37.5,Manny Machado,NA,196
592530,2021,68,6,5,89.4,104.4,22.8,114.1,106.7,8.82,7.35,-1.47,-1,16.7,José Marmolejos,NA,122
592547,2017,2,0,0,95.4,95.8,-8.5,95.9,NA,0,0,0,0,0,Deck McGuire,NA,3
592547,2018,2,0,0,65.6,96.2,9.5,103.9,NA,0,0,0,0,0,Deck McGuire,NA,3
592567,2016,14,1,1,86.9,101.4,6.4,103.2,103.2,7.14,7.14,0,0,0,Colin Moran,NA,25
592567,2017,10,0,0,91.9,101.9,13.6,107.6,NA,0,0,0,0,0,Colin Moran,NA,12
592567,2018,340,18,16,88,101.9,10.5,107.8,102.7,5.29,4.71,-0.58,-2,11.1,Colin Moran,NA,465
592567,2019,348,23,26,88.1,103.6,12.3,110.1,103.9,6.61,7.47,0.86,3,-13,Colin Moran,NA,503
592567,2021,233,16,14,88.5,104.4,6.4,110.2,102.7,6.87,6.01,-0.86,-2,12.5,Colin Moran,NA,359
592567,2022,81,5,4,90.4,102.2,11.3,110.4,105.6,6.17,4.94,-1.23,-1,20,Colin Moran,NA,128
592592,2016,31,2,2,86.9,100.5,16.5,106.5,101.5,6.45,6.45,0,0,0,Brett Nicholas,NA,45
592592,2017,50,0,0,85.5,100.9,13.1,107.4,NA,0,0,0,0,0,Brett Nicholas,NA,65
592593,2015,16,0,0,83.4,92.6,-7.5,95.9,NA,0,0,0,0,0,Justin Nicolino,NA,27
592593,2016,12,0,0,69.4,86.3,-10.7,93.3,NA,0,0,0,0,0,Justin Nicolino,NA,24
592593,2017,8,0,0,81.4,93.4,-7,96.3,NA,0,0,0,0,0,Justin Nicolino,NA,13
592596,2015,1,0,0,90.3,90.3,-17,90.3,NA,0,0,0,0,0,Rico Noel,NA,2
592609,2015,59,6,6,86,107.6,11.3,110.6,108.3,10.17,10.17,0,0,0,Mike Olt,NA,102
592612,2015,1,0,0,36.9,36.9,-48,36.9,NA,0,0,0,0,0,Josh Osich,NA,3
592620,2015,28,7,6,91.8,107.1,8.8,111.5,105.7,25,21.43,-3.57,-1,14.3,Jarrett Parker,NA,54
592620,2016,81,5,5,86.6,107,8,114.1,106.1,6.17,6.17,0,0,0,Jarrett Parker,NA,151
592620,2017,112,12,12,86.7,106,10.2,110.2,106.3,10.71,10.71,0,0,0,Jarrett Parker,NA,177
592620,2019,4,0,0,93,101.8,25.2,103.7,NA,0,0,0,0,0,Jarrett Parker,NA,15
592621,2015,65,6,5,87.4,106.1,10.6,112.8,106,9.23,7.69,-1.54,-1,16.7,Kyle Parker,NA,112
592622,2021,15,0,0,85.1,99.4,12.4,101.8,NA,0,0,0,0,0,Mark Payton,NA,24
592622,2022,17,0,0,84.7,93.3,22.6,98.8,NA,0,0,0,0,0,Mark Payton,NA,25
592626,2015,304,35,35,91.2,106.5,13.7,114.3,106,11.51,11.51,0,0,0,Joc Pederson,NA,585
592626,2016,272,34,34,91.9,108.2,15,112.3,106.4,12.5,12.5,0,0,0,Joc Pederson,NA,476
592626,2017,206,17,18,90.1,107.1,10.1,114.1,105.5,8.25,8.74,0.49,1,-5.9,Joc Pederson,NA,323
592626,2018,306,23,20,91.5,106.3,15.8,113.9,106.2,7.52,6.54,-0.98,-3,13,Joc Pederson,NA,443
592626,2019,336,34,35,91,107.1,15.5,113.7,106.8,10.12,10.42,0.3,1,-2.9,Joc Pederson,NA,514
592626,2021,316,29,28,90.4,106.7,13.8,113.6,105.3,9.18,8.86,-0.32,-1,3.4,Joc Pederson,NA,481
592626,2022,282,39,28,92.6,107.8,14.4,112.8,105.1,13.83,9.93,-3.9,-11,28.2,Joc Pederson,NA,433
592626,2023,271,31,23,91.9,106.8,15.2,116.6,107.4,11.44,8.49,-2.95,-8,25.8,Joc Pederson,NA,425
592626,2024,263,31,23,91.6,107.6,16.3,114.1,106.5,11.79,8.75,-3.04,-8,25.8,Joc Pederson,NA,449
592626,2025,199,17,14,90.9,107,16.9,113.7,107.5,8.54,7.04,-1.5,-3,17.6,Joc Pederson,NA,306
592626,2026,81,6,3,91.5,106.7,16.3,110.6,106.7,7.41,3.7,-3.71,-3,50,Joc Pederson,NA,137
592644,2019,1,0,0,95,95,-20,95,NA,0,0,0,0,0,Adam Plutko,NA,2
592647,2015,67,2,2,85.8,101,15.1,108,102.2,2.99,2.99,0,0,0,Dalton Pompey,NA,103
592647,2016,1,0,0,103.7,103.7,-13,103.7,NA,0,0,0,0,0,Dalton Pompey,NA,2
592647,2018,4,0,0,90.4,101.1,0.2,105.3,NA,0,0,0,0,0,Dalton Pompey,NA,11
592656,2021,39,2,2,86.7,104.7,11.4,109.5,105,5.13,5.13,0,0,0,Henry Ramos,NA,55
592656,2023,53,2,1,81.8,97.6,12.2,107,104.1,3.77,1.89,-1.88,-1,50,Henry Ramos,NA,86
592660,2019,28,3,3,93.8,108.7,7.5,111.5,108.6,10.71,10.71,0,0,0,Rangel Ravelo,NA,43
592662,2015,18,0,0,79.8,92,-7.6,92.9,NA,0,0,0,0,0,Robbie Ray,NA,36
592662,2016,28,0,1,81.4,97.9,-9.6,103.4,NA,0,3.57,3.57,1,0,Robbie Ray,NA,60
592662,2017,26,0,1,83.6,98.5,10.3,102,NA,0,3.85,3.85,1,0,Robbie Ray,NA,61
592662,2018,14,0,0,78.8,95.7,-0.3,98.3,NA,0,0,0,0,0,Robbie Ray,NA,44
592662,2019,27,0,0,76.4,92,-12.3,105.2,NA,0,0,0,0,0,Robbie Ray,NA,60
592662,2021,4,0,0,50.2,77,-13.2,84.8,NA,0,0,0,0,0,Robbie Ray,NA,5
592663,2015,371,16,14,88.4,103.9,8.9,109.6,102.5,4.31,3.77,-0.54,-2,12.5,J.T. Realmuto,NA,467
592663,2016,407,16,16,88.6,103.6,9.8,109.7,103.2,3.93,3.93,0,0,0,J.T. Realmuto,NA,545
592663,2017,427,26,28,88.2,104.2,10.1,111.4,103.9,6.09,6.56,0.47,2,-7.7,J.T. Realmuto,NA,579
592663,2018,376,32,29,89.1,103.3,14.5,109.8,102.8,8.51,7.71,-0.8,-3,9.4,J.T. Realmuto,NA,531
592663,2019,423,32,35,90.3,106.4,14.4,112.9,105.7,7.57,8.27,0.7,3,-9.4,J.T. Realmuto,NA,593
592663,2021,349,29,24,89.6,106.2,11.5,111.2,104.8,8.31,6.88,-1.43,-5,17.2,J.T. Realmuto,NA,537
592663,2022,389,41,26,90.3,105,13.1,110.4,104.2,10.54,6.68,-3.86,-15,36.6,J.T. Realmuto,NA,562
592663,2023,357,39,33,89.8,106.1,16.6,110.6,105.5,10.92,9.24,-1.68,-6,15.4,J.T. Realmuto,NA,540
592663,2024,278,28,21,89.2,105.4,9.4,109.7,104.5,10.07,7.55,-2.52,-7,25,J.T. Realmuto,NA,413
592663,2025,376,31,18,90,105.8,11.1,110.4,104.8,8.24,4.79,-3.45,-13,41.9,J.T. Realmuto,NA,550
592663,2026,87,2,0,88.5,101.5,9.2,105.5,100.8,2.3,0,-2.3,-2,100,J.T. Realmuto,NA,116
592665,2015,2,0,0,82.9,86.2,-7.5,87,NA,0,0,0,0,0,Addison Reed,NA,2
592669,2016,30,3,4,89.4,105.9,16.3,109.3,105.9,10,13.33,3.33,1,-33.3,Hunter Renfroe,NA,36
592669,2017,305,33,36,88,107.1,15.3,113.7,106.6,10.82,11.8,0.98,3,-9.1,Hunter Renfroe,NA,479
592669,2018,298,33,30,89.9,107,18.4,113.7,106.8,11.07,10.07,-1,-3,9.1,Hunter Renfroe,NA,441
592669,2019,292,34,37,89.9,107.4,19.1,114.1,106.6,11.64,12.67,1.03,3,-8.8,Hunter Renfroe,NA,494
592669,2021,395,54,50,90.1,108.4,15.6,116.4,106.4,13.67,12.66,-1.01,-4,7.4,Hunter Renfroe,NA,572
592669,2022,358,38,33,90,106.8,17.4,112.5,105.2,10.61,9.22,-1.39,-5,13.2,Hunter Renfroe,NA,522
592669,2023,373,22,18,88.3,106.1,15,113.2,105,5.9,4.83,-1.07,-4,18.2,Hunter Renfroe,NA,548
592669,2024,302,20,14,88.5,105.1,16.7,112,104.7,6.62,4.64,-1.98,-6,30,Hunter Renfroe,NA,424
592669,2025,79,5,3,88.5,105.2,17,110.5,104.9,6.33,3.8,-2.53,-2,40,Hunter Renfroe,NA,108
592680,2015,11,0,0,80.9,97.5,-11,98.8,NA,0,0,0,0,0,Yadiel Rivera,NA,15
592680,2016,48,1,1,87.4,104.8,-0.1,107.9,100.3,2.08,2.08,0,0,0,Yadiel Rivera,NA,71
592680,2017,1,0,0,89.6,89.6,21,89.6,NA,0,0,0,0,0,Yadiel Rivera,NA,2
592680,2018,89,3,3,89.7,100.7,3.6,107.6,101.2,3.37,3.37,0,0,0,Yadiel Rivera,NA,160
592680,2019,39,0,0,89,105.3,3.4,108.5,NA,0,0,0,0,0,Yadiel Rivera,NA,66
592685,2017,65,9,9,87.3,104.9,14.2,110.8,103.2,13.85,13.85,0,0,0,Drew Robinson,NA,121
592685,2018,51,5,5,88.2,105.6,14.2,110.8,105.2,9.8,9.8,0,0,0,Drew Robinson,NA,125
592685,2019,4,0,0,75.3,86.3,45.5,89,NA,0,0,0,0,0,Drew Robinson,NA,7
592696,2015,332,19,19,87.6,100.6,14.3,106.2,101.9,5.72,5.72,0,0,0,Eddie Rosario,NA,474
592696,2016,243,11,12,87.2,101.8,11,105.8,102.3,4.53,4.94,0.41,1,-9.1,Eddie Rosario,NA,354
592696,2017,446,32,35,86.7,101.4,12.7,107.5,103.2,7.17,7.85,0.68,3,-9.4,Eddie Rosario,NA,589
592696,2018,444,33,25,87.7,101.5,17.8,108.1,102.9,7.43,5.63,-1.8,-8,24.2,Eddie Rosario,NA,592
592696,2019,477,37,40,89.2,102.6,16.8,108.6,103.3,7.76,8.39,0.63,3,-8.1,Eddie Rosario,NA,590
592696,2021,322,20,14,88,101.7,14.9,108.4,102.6,6.21,4.35,-1.86,-6,30,Eddie Rosario,NA,412
592696,2022,184,10,7,87.2,100.5,14.5,107.3,102.8,5.43,3.8,-1.63,-3,30,Eddie Rosario,NA,270
592696,2023,359,30,23,88.3,103.6,14.2,110.4,104.7,8.36,6.41,-1.95,-7,23.3,Eddie Rosario,NA,516
592696,2024,226,11,4,90.3,103.4,13.4,110.2,102.5,4.87,1.77,-3.1,-7,63.6,Eddie Rosario,NA,319
592696,2025,6,1,1,87.3,101.8,5.8,103.3,100.3,16.67,16.67,0,0,0,Eddie Rosario,NA,8
592710,2015,50,2,2,86.4,99.5,10.5,103.7,102.2,4,4,0,0,0,Josh Rutledge,NA,85
592710,2016,30,0,0,93,103.4,5.2,107.9,NA,0,0,0,0,0,Josh Rutledge,NA,56
592710,2017,76,1,1,87.2,101.6,1.6,108.7,99.8,1.32,1.32,0,0,0,Josh Rutledge,NA,118
592716,2019,1,0,0,50.4,50.4,-72,50.4,NA,0,0,0,0,0,Adrian Sampson,NA,2
592716,2021,4,0,0,36.2,41.6,-45,42.6,NA,0,0,0,0,0,Adrian Sampson,NA,11
592717,2016,4,0,0,93.1,103.8,-16.8,104.6,NA,0,0,0,0,0,Aaron Sanchez,NA,10
592717,2018,1,0,0,85.4,85.4,2,85.4,NA,0,0,0,0,0,Aaron Sanchez,NA,1
592717,2019,2,0,0,86.1,91,-6.5,92.2,NA,0,0,0,0,0,Aaron Sanchez,NA,2
592717,2021,3,0,0,72.5,78.3,-8,80.5,NA,0,0,0,0,0,Aaron Sanchez,NA,10
592731,2016,30,4,4,88.5,101.6,5,104.4,101.9,13.33,13.33,0,0,0,Steve Selsky,NA,54
592731,2017,4,1,1,87.4,103.7,5.8,103.9,103.1,25,25,0,0,0,Steve Selsky,NA,9
592741,2017,1,0,0,94.5,94.5,-13,94.5,NA,0,0,0,0,0,Chasen Shreve,NA,2
592743,2015,475,3,3,86.3,101.1,3.6,108.9,98.7,0.63,0.63,0,0,0,Andrelton Simmons,NA,583
592743,2016,408,5,5,86.6,100.9,4.4,105.8,100.6,1.23,1.23,0,0,0,Andrelton Simmons,NA,483
592743,2017,522,13,14,86.1,101.3,7.8,109.7,101.8,2.49,2.68,0.19,1,-7.7,Andrelton Simmons,NA,647
592743,2018,512,18,10,87.9,102.6,7.9,109.7,101.5,3.52,1.95,-1.57,-8,44.4,Andrelton Simmons,NA,600
592743,2019,353,6,6,87.8,101.9,9.5,108.8,100.6,1.7,1.7,0,0,0,Andrelton Simmons,NA,424
592743,2021,354,2,0,82.9,98.8,4.1,108.2,99.6,0.56,0,-0.56,-2,100,Andrelton Simmons,NA,451
592743,2022,63,0,0,79.2,95,-0.6,100.6,NA,0,0,0,0,0,Andrelton Simmons,NA,85
592761,2018,11,0,0,77.1,101.7,-2.8,105,NA,0,0,0,0,0,Caleb Smith,NA,26
592761,2019,24,0,0,88.9,102,4.6,104.6,NA,0,0,0,0,0,Caleb Smith,NA,49
592761,2021,9,0,0,59.9,86.6,-39.8,95.7,NA,0,0,0,0,0,Caleb Smith,NA,25
592767,2016,2,0,0,83.8,94.1,11,96.7,NA,0,0,0,0,0,Drew Smyly,NA,2
592767,2019,10,0,0,78.2,95.8,-24,96.6,NA,0,0,0,0,0,Drew Smyly,NA,20
592767,2021,24,0,0,72.6,90.1,-4.4,103.3,NA,0,0,0,0,0,Drew Smyly,NA,43
592774,2015,7,0,0,94.9,100,4,101.9,NA,0,0,0,0,0,Cody Stanley,NA,10
592779,2016,3,0,0,72.6,95.1,-19,98.1,NA,0,0,0,0,0,Brock Stewart,NA,10
592779,2017,2,0,0,69.8,73.3,29,74.2,NA,0,0,0,0,0,Brock Stewart,NA,5
592779,2019,3,0,0,83.7,97,48,99,NA,0,0,0,0,0,Brock Stewart,NA,3
592789,2015,17,2,2,86.7,106.6,10.3,108.4,107,11.76,11.76,0,0,0,Noah Syndergaard,NA,50
592789,2016,23,6,6,92.3,107.7,18.5,109.3,105.6,26.09,26.09,0,0,0,Noah Syndergaard,NA,67
592789,2017,4,0,0,103.9,108.9,11,110.3,NA,0,0,0,0,0,Noah Syndergaard,NA,13
592789,2018,16,1,1,84.7,104.2,16.7,106.9,106.1,6.25,6.25,0,0,0,Noah Syndergaard,NA,52
592789,2019,17,3,3,88.2,105.4,21.6,108.4,105,17.65,17.65,0,0,0,Noah Syndergaard,NA,69
592791,2016,15,0,0,84.3,99,-18.1,103.3,NA,0,0,0,0,0,Jameson Taillon,NA,36
592791,2017,21,0,0,74.9,96.1,-13.2,104.2,NA,0,0,0,0,0,Jameson Taillon,NA,43
592791,2018,36,0,0,80.1,98.6,-4.9,102.3,NA,0,0,0,0,0,Jameson Taillon,NA,63
592791,2019,6,0,0,78.1,93.8,-9.8,99.4,NA,0,0,0,0,0,Jameson Taillon,NA,11
592791,2021,1,0,0,75.9,75.9,-12,75.9,NA,0,0,0,0,0,Jameson Taillon,NA,2
592804,2015,2,0,0,86.5,89.4,-9.5,90.1,NA,0,0,0,0,0,Tyler Thornburg,NA,3
592808,2016,81,7,7,89.3,104.4,7.4,109.2,106.2,8.64,8.64,0,0,0,Andrew Toles,NA,115
592808,2017,77,4,6,85.7,102.4,7.4,109.2,103.2,5.19,7.79,2.6,2,-50,Andrew Toles,NA,102
592808,2018,22,1,1,88.6,97.3,4.8,102.6,99.7,4.55,4.55,0,0,0,Andrew Toles,NA,32
592826,2016,24,0,0,88,98.2,-5.2,103.8,NA,0,0,0,0,0,Vince Velasquez,NA,44
592826,2017,19,0,0,83.9,101.7,9.3,104.4,NA,0,0,0,0,0,Vince Velasquez,NA,25
592826,2018,29,1,1,88.2,102.6,-1.8,105.7,102.5,3.45,3.45,0,0,0,Vince Velasquez,NA,45
592826,2019,21,0,0,82.7,101.4,-3,105.7,NA,0,0,0,0,0,Vince Velasquez,NA,36
592826,2021,19,0,0,69.4,99,-12.8,104.9,NA,0,0,0,0,0,Vince Velasquez,NA,30
592835,2016,17,0,0,84.1,100,10.5,104.7,NA,0,0,0,0,0,Kyle Waldrop,NA,23
592836,2015,4,0,0,89.6,101.5,5.8,102.9,NA,0,0,0,0,0,Taijuan Walker,NA,10
592836,2017,33,1,1,84.5,98.5,-3.2,109.9,109.9,3.03,3.03,0,0,0,Taijuan Walker,NA,54
592836,2018,3,0,0,86.6,90.7,-8.7,92.4,NA,0,0,0,0,0,Taijuan Walker,NA,4
592836,2021,18,0,0,75.9,99.9,-15,105.6,NA,0,0,0,0,0,Taijuan Walker,NA,51
592859,2018,30,0,0,84.1,97.3,12.9,99.6,NA,0,0,0,0,0,Stevie Wilkerson,NA,49
592859,2019,221,6,8,86.3,100.1,11.1,104.9,101.7,2.71,3.62,0.91,2,-33.3,Stevie Wilkerson,NA,361
592859,2021,42,0,0,85,97.8,4.4,103,NA,0,0,0,0,0,Stevie Wilkerson,NA,76
592863,2015,18,1,1,86.3,100.7,8.9,102.8,102.8,5.56,5.56,0,0,0,Mason Williams,NA,22
592863,2016,15,0,0,92,102.4,8.8,105.4,NA,0,0,0,0,0,Mason Williams,NA,29
592863,2017,14,0,0,87.5,101,13.1,104.1,NA,0,0,0,0,0,Mason Williams,NA,17
592863,2018,91,2,2,87.8,100.1,9.7,106.1,102.2,2.2,2.2,0,0,0,Mason Williams,NA,132
592863,2019,25,0,0,87.6,97.5,14.7,105.2,NA,0,0,0,0,0,Mason Williams,NA,34
592863,2021,24,1,0,85.9,100,10.2,102.2,100.2,4.17,0,-4.17,-1,100,Mason Williams,NA,37
592865,2018,1,0,0,97.2,97.2,-2,97.2,NA,0,0,0,0,0,Taylor Williams,NA,4
592866,2017,23,0,0,80.5,95.8,-0.4,102.9,NA,0,0,0,0,0,Trevor Williams,NA,47
592866,2018,31,0,0,81.5,94.2,0.3,98.4,NA,0,0,0,0,0,Trevor Williams,NA,51
592866,2019,19,0,0,74.7,92.2,3.5,95.1,NA,0,0,0,0,0,Trevor Williams,NA,44
592866,2021,18,0,0,78.2,97.5,-18.7,99.5,NA,0,0,0,0,0,Trevor Williams,NA,28
592869,2015,3,0,0,73.2,96.4,-9,99.1,NA,0,0,0,0,0,Tyler Wilson,NA,3
592879,2017,3,0,0,83.9,96.4,40,101.1,NA,0,0,0,0,0,Asher Wojciechowski,NA,14
592885,2015,368,17,17,91.7,106.4,0,112.5,105.5,4.62,4.62,0,0,0,Christian Yelich,NA,525
592885,2016,430,42,42,92.6,106.9,2.7,113.6,104.9,9.77,9.77,0,0,0,Christian Yelich,NA,659
592885,2017,465,29,33,90.6,107.9,4.6,112.4,106,6.24,7.1,0.86,4,-13.8,Christian Yelich,NA,695
592885,2018,439,53,46,92.5,107.8,4.9,113.6,106.6,12.07,10.48,-1.59,-7,13.2,Christian Yelich,NA,651
592885,2019,370,59,60,93.3,109.3,11.3,117.9,107.4,15.95,16.22,0.27,1,-1.7,Christian Yelich,NA,580
592885,2021,289,18,16,90.6,106.8,2.6,114.9,105.6,6.23,5.54,-0.69,-2,11.1,Christian Yelich,NA,475
592885,2022,416,29,24,91.1,107.6,3.2,117.2,107,6.97,5.77,-1.2,-5,17.2,Christian Yelich,NA,671
592885,2023,410,38,29,91.6,107.6,3.4,113.5,105.6,9.27,7.07,-2.2,-9,23.7,Christian Yelich,NA,632
592885,2024,213,17,14,90.3,107.9,5,113.2,106.7,7.98,6.57,-1.41,-3,17.6,Christian Yelich,NA,315
592885,2025,406,40,36,90,106.7,1.8,113.4,106.2,9.85,8.87,-0.98,-4,10,Christian Yelich,NA,644
592885,2026,51,4,3,87.4,104.5,0.5,111.1,107.1,7.84,5.88,-1.96,-1,25,Christian Yelich,NA,80
593140,2018,1,0,0,87.3,87.3,-39,87.3,NA,0,0,0,0,0,Michael Feliz,NA,2
593160,2016,235,6,6,88.1,101.8,12.7,107.1,103.1,2.55,2.55,0,0,0,Whit Merrifield,NA,332
593160,2017,498,25,28,87.5,100.9,16.4,110.5,102,5.02,5.62,0.6,3,-12,Whit Merrifield,NA,630
593160,2018,520,23,18,86.8,100.4,16.8,106.4,101.4,4.42,3.46,-0.96,-5,21.7,Whit Merrifield,NA,707
593160,2019,555,22,25,86.7,100.3,15.6,104.8,102.1,3.96,4.5,0.54,3,-13.6,Whit Merrifield,NA,735
593160,2021,573,15,15,86.4,100.2,14,107.8,101.8,2.62,2.62,0,0,0,Whit Merrifield,NA,720
593160,2022,426,15,7,86.3,99.4,15.1,107.6,101.5,3.52,1.64,-1.88,-8,53.3,Whit Merrifield,NA,550
593160,2023,452,8,5,84.9,99,14.5,106.1,102,1.77,1.11,-0.66,-3,37.5,Whit Merrifield,NA,592
593160,2024,244,4,2,82.9,97.9,12.8,104.6,101,1.64,0.82,-0.82,-2,50,Whit Merrifield,NA,335
593334,2021,1,0,0,54.8,54.8,-43,54.8,NA,0,0,0,0,0,Domingo Germán,NA,3
593372,2015,30,0,0,88.8,100.8,-2.3,103.8,NA,0,0,0,0,0,Carlos Martinez,NA,63
593372,2016,48,0,0,82.2,99.4,-4.8,105.1,NA,0,0,0,0,0,Carlos Martinez,NA,65
593372,2017,39,0,0,81.7,99.3,-6.6,107.3,NA,0,0,0,0,0,Carlos Martinez,NA,69
593372,2018,23,1,1,85.1,101.6,-2.9,107.6,103.6,4.35,4.35,0,0,0,Carlos Martinez,NA,36
593372,2021,10,0,0,74.1,92.9,-21.9,105.4,NA,0,0,0,0,0,Carlos Martinez,NA,25
593423,2019,1,0,0,87,87,-11,87,NA,0,0,0,0,0,Frankie Montas,NA,2
593423,2021,1,0,0,88.1,88.1,-10,88.1,NA,0,0,0,0,0,Frankie Montas,NA,4
593428,2015,505,12,11,87.9,103.8,6.7,111.8,102,2.38,2.18,-0.2,-1,8.3,Xander Bogaerts,NA,654
593428,2016,525,29,29,88.9,104.7,10.9,113.2,102.7,5.52,5.52,0,0,0,Xander Bogaerts,NA,719
593428,2017,456,5,10,87.3,103.2,8.1,113.9,105.1,1.1,2.19,1.09,5,-100,Xander Bogaerts,NA,635
593428,2018,416,39,37,90.5,105.6,12.7,111.9,105.4,9.38,8.89,-0.49,-2,5.1,Xander Bogaerts,NA,580
593428,2019,496,41,43,90.7,106.7,13.3,112.4,104.2,8.27,8.67,0.4,2,-4.9,Xander Bogaerts,NA,698
593428,2021,422,39,35,89.6,105.5,12.5,113.6,105,9.24,8.29,-0.95,-4,10.3,Xander Bogaerts,NA,603
593428,2022,444,27,20,88.1,104.7,10.3,113,105.7,6.08,4.5,-1.58,-7,25.9,Xander Bogaerts,NA,631
593428,2023,490,29,25,87.6,103.3,8.1,111.4,104.1,5.92,5.1,-0.82,-4,13.8,Xander Bogaerts,NA,665
593428,2024,354,17,12,88.1,102.9,10.9,111.3,104.2,4.8,3.39,-1.41,-5,29.4,Xander Bogaerts,NA,463
593428,2025,403,25,13,88.9,105.6,11.3,112.2,103.9,6.2,3.23,-2.97,-12,48,Xander Bogaerts,NA,552
593428,2026,140,10,8,88.1,103.7,8.8,110.4,104.4,7.14,5.71,-1.43,-2,20,Xander Bogaerts,NA,192
593495,2015,80,0,0,81.9,95.1,5.7,106.2,NA,0,0,0,0,0,Daniel Castro,NA,100
593495,2016,104,0,0,84.1,96.2,5,101.7,NA,0,0,0,0,0,Daniel Castro,NA,139
593495,2018,39,0,0,79.8,93.3,7,100.4,NA,0,0,0,0,0,Daniel Castro,NA,47
593523,2016,41,1,1,85.8,102.6,-2.9,107.4,104.2,2.44,2.44,0,0,0,Marco Hernández,NA,56
593523,2017,42,0,0,84.7,98.4,8.2,106.6,NA,0,0,0,0,0,Marco Hernández,NA,60
593523,2019,103,1,1,86.6,99,6.3,108.6,100.5,0.97,0.97,0,0,0,Marco Hernández,NA,155
593525,2015,3,0,0,81,86.7,-1,87.7,NA,0,0,0,0,0,Orlando Calixte,NA,3
593525,2017,34,0,1,86.6,105.7,16.4,107.9,NA,0,2.94,2.94,1,0,Orlando Calixte,NA,55
593527,2017,62,0,0,79,96.9,11.1,102.5,NA,0,0,0,0,0,Ramón Torres,NA,79
593527,2018,25,0,0,85.4,99.1,6.5,104.1,NA,0,0,0,0,0,Ramón Torres,NA,29
593528,2017,265,23,26,87.6,104.4,14.7,112.7,104.4,8.68,9.81,1.13,3,-13,Jorge Bonifacio,NA,422
593528,2018,166,11,9,85.6,101.1,19.1,106.6,102.6,6.63,5.42,-1.21,-2,18.2,Jorge Bonifacio,NA,270
593528,2019,13,0,1,89.2,97.5,15.3,105.7,NA,0,7.69,7.69,1,0,Jorge Bonifacio,NA,21
593528,2021,5,0,0,74.6,96.3,12.6,101.4,NA,0,0,0,0,0,Jorge Bonifacio,NA,12
593590,2021,53,2,2,84.8,102.5,8.2,106.3,102.3,3.77,3.77,0,0,0,Webster Rivas,NA,77
593643,2015,77,0,0,80.5,96.8,8.7,103.5,NA,0,0,0,0,0,Hanser Alberto,NA,104
593643,2016,40,2,2,80.2,97.5,11.1,102.2,101.2,5,5,0,0,0,Hanser Alberto,NA,58
593643,2018,23,0,0,81.1,100.1,19.9,105.6,NA,0,0,0,0,0,Hanser Alberto,NA,30
593643,2019,467,11,13,83.9,97.7,11.9,103.6,100.3,2.36,2.78,0.42,2,-18.2,Hanser Alberto,NA,550
593643,2021,221,6,5,83.9,100.9,13.2,107.6,102.5,2.71,2.26,-0.45,-1,16.7,Hanser Alberto,NA,255
593643,2022,131,2,1,81.3,98.6,9.8,104.1,100.3,1.53,0.76,-0.77,-1,50,Hanser Alberto,NA,159
593643,2023,72,2,0,80.6,98.1,12.7,104.6,103,2.78,0,-2.78,-2,100,Hanser Alberto,NA,90
593647,2015,26,0,0,85.7,99.4,6,106.1,NA,0,0,0,0,0,Sócrates Brito,NA,34
593647,2016,71,5,5,86.4,105.8,14.2,112,106.6,7.04,7.04,0,0,0,Sócrates Brito,NA,97
593647,2018,30,2,1,88.8,103.5,15.2,109.4,100.7,6.67,3.33,-3.34,-1,50,Sócrates Brito,NA,44
593647,2019,22,1,1,88,104.6,-2.1,106.3,106.3,4.55,4.55,0,0,0,Sócrates Brito,NA,43
593679,2016,3,0,0,86.6,91.8,-7.7,94,NA,0,0,0,0,0,Gabriel Ynoa,NA,3
593679,2017,1,0,0,53,53,-51,53,NA,0,0,0,0,0,Gabriel Ynoa,NA,1
593700,2016,19,0,0,84.5,101.2,16.3,102.6,NA,0,0,0,0,0,Alen Hanson,NA,33
593700,2017,165,2,3,83.7,100.2,11.1,106.6,101.2,1.21,1.82,0.61,1,-50,Alen Hanson,NA,234
593700,2018,224,8,7,83.5,99.6,13.7,107.7,102,3.57,3.12,-0.45,-1,12.5,Alen Hanson,NA,310
593700,2019,26,0,0,80,96.2,9.1,99.5,NA,0,0,0,0,0,Alen Hanson,NA,48
593833,2018,2,0,0,78.2,85,20,86.7,NA,0,0,0,0,0,Wander Suero,NA,3
593833,2021,1,0,0,81.7,81.7,-32,81.7,NA,0,0,0,0,0,Wander Suero,NA,1
593871,2015,9,0,0,85.8,96.4,2.6,101,NA,0,0,0,0,0,Jorge Polanco,NA,12
593871,2016,197,4,4,86.8,99.8,16.1,106.5,101.7,2.03,2.03,0,0,0,Jorge Polanco,NA,270
593871,2017,410,11,12,85,100.2,16.4,107,102.3,2.68,2.93,0.25,1,-9.1,Jorge Polanco,NA,544
593871,2018,235,7,6,85.5,102,17.5,109,104.1,2.98,2.55,-0.43,-1,14.3,Jorge Polanco,NA,333
593871,2019,512,32,35,87.7,102.3,18.8,108.2,102,6.25,6.84,0.59,3,-9.4,Jorge Polanco,NA,704
593871,2021,475,47,44,88.3,104.6,18.6,109.9,104.5,9.89,9.26,-0.63,-3,6.4,Jorge Polanco,NA,644
593871,2022,283,29,22,88.1,104.9,21.3,111,104.9,10.25,7.77,-2.48,-7,24.1,Jorge Polanco,NA,445
593871,2023,217,28,23,88.2,104.8,21.1,111.4,105.1,12.9,10.6,-2.3,-5,17.9,Jorge Polanco,NA,343
593871,2024,282,25,19,87.5,104.6,17.2,110.7,105.2,8.87,6.74,-2.13,-6,24,Jorge Polanco,NA,469
593871,2025,397,39,22,89.9,105.8,16.5,111.9,104.2,9.82,5.54,-4.28,-17,43.6,Jorge Polanco,NA,524
593871,2026,45,2,0,87.2,103.3,10.9,108.7,99.8,4.44,0,-4.44,-2,100,Jorge Polanco,NA,61
593934,2015,161,33,33,94.1,108.9,16.3,113.6,107.5,20.5,20.5,0,0,0,Miguel Sanó,NA,335
593934,2016,254,36,36,92.4,107.7,16.8,114.2,106.7,14.17,14.17,0,0,0,Miguel Sanó,NA,495
593934,2017,251,39,41,92.3,109.8,13.1,114.6,107.4,15.54,16.33,0.79,2,-5.1,Miguel Sanó,NA,483
593934,2018,145,17,16,90.3,108,12.6,114.6,107.3,11.72,11.03,-0.69,-1,5.9,Miguel Sanó,NA,299
593934,2019,222,45,46,94.4,109.4,15.9,114.2,107.5,20.27,20.72,0.45,1,-2.2,Miguel Sanó,NA,439
593934,2021,287,45,38,93.4,110.8,17.6,117.1,109.5,15.68,13.24,-2.44,-7,15.6,Miguel Sanó,NA,532
593934,2022,36,5,3,93.9,106.2,30,108,105.9,13.89,8.33,-5.56,-2,40,Miguel Sanó,NA,71
593934,2024,48,5,5,93.8,112.5,9,114.9,108.9,10.42,10.42,0,0,0,Miguel Sanó,NA,95
593958,2015,1,0,0,41.1,41.1,-30,41.1,NA,0,0,0,0,0,Eduardo Rodriguez,NA,3
593958,2017,4,0,0,80.2,87.4,-4.5,89.3,NA,0,0,0,0,0,Eduardo Rodriguez,NA,7
593958,2018,1,0,0,85.4,85.4,-12,85.4,NA,0,0,0,0,0,Eduardo Rodriguez,NA,2
593958,2019,5,0,0,73.3,88.8,-57.2,91.9,NA,0,0,0,0,0,Eduardo Rodriguez,NA,9
593958,2021,3,0,0,72.4,98.2,31,101.2,NA,0,0,0,0,0,Eduardo Rodriguez,NA,6
593993,2018,82,4,4,86.6,103.4,10.3,108.6,103.3,4.88,4.88,0,0,0,José Briceño,NA,128
594011,2018,223,4,3,87.3,101.7,2.4,112,103.4,1.79,1.35,-0.44,-1,25,Rosell Herrera,NA,302
594011,2019,77,2,2,87.8,102.5,12.5,108.2,105.2,2.6,2.6,0,0,0,Rosell Herrera,NA,119
594555,2015,1,0,0,85.4,85.4,33,85.4,NA,0,0,0,0,0,Garin Cecchini,NA,4
594576,2017,19,0,0,76.6,94.7,-2.9,100.1,NA,0,0,0,0,0,Jacob May,NA,42
594694,2015,6,0,0,86.9,103,4.8,105.3,NA,0,0,0,0,0,Wilmer Difo,NA,11
594694,2016,39,3,3,89.2,101.1,3.9,105.1,101.5,7.69,7.69,0,0,0,Wilmer Difo,NA,66
594694,2017,251,6,6,84.3,100.6,6.7,110.3,103,2.39,2.39,0,0,0,Wilmer Difo,NA,365
594694,2018,328,7,6,82.5,98.5,12.5,104.2,100.2,2.13,1.83,-0.3,-1,14.3,Wilmer Difo,NA,456
594694,2019,100,0,1,83.1,97.9,8.7,102.2,NA,0,1,1,1,0,Wilmer Difo,NA,144
594694,2021,165,6,5,82.4,101.2,11.8,109.9,102.3,3.64,3.03,-0.61,-1,16.7,Wilmer Difo,NA,240
594694,2022,5,0,0,79.3,103,-6,103.9,NA,0,0,0,0,0,Wilmer Difo,NA,6
594742,2015,3,0,0,97.1,104.4,20,104.5,NA,0,0,0,0,0,Alec Asher,NA,6
594742,2016,5,0,0,77.5,84.8,-3,86,NA,0,0,0,0,0,Alec Asher,NA,11
594742,2017,1,0,0,70.4,70.4,82,70.4,NA,0,0,0,0,0,Alec Asher,NA,1
594760,2016,13,0,0,78.2,102.6,-7.1,107.2,NA,0,0,0,0,0,Aaron Blair,NA,23
594760,2017,1,0,0,106.8,106.8,-3,106.8,NA,0,0,0,0,0,Aaron Blair,NA,2
594772,2017,1,0,0,74.3,74.3,15,74.3,NA,0,0,0,0,0,Jake Buchanan,NA,3
594777,2015,464,31,31,86.2,103.1,11.5,108.9,103.8,6.68,6.68,0,0,0,Kole Calhoun,NA,686
594777,2016,472,27,29,89.6,103.9,14.9,109.6,103.2,5.72,6.14,0.42,2,-7.4,Kole Calhoun,NA,672
594777,2017,439,24,25,88.3,103.2,12.3,110.1,104.2,5.47,5.69,0.22,1,-4.2,Kole Calhoun,NA,654
594777,2018,362,32,29,90.8,103.8,12.1,109.4,103.8,8.84,8.01,-0.83,-3,9.4,Kole Calhoun,NA,552
594777,2019,385,41,44,89.3,104.2,14.7,110.1,103.7,10.65,11.43,0.78,3,-7.3,Kole Calhoun,NA,632
594777,2021,126,8,6,88.5,101.8,17.3,108.9,104.7,6.35,4.76,-1.59,-2,25,Kole Calhoun,NA,182
594777,2022,255,22,16,90.8,104.4,15.5,109.9,104,8.63,6.27,-2.36,-6,27.3,Kole Calhoun,NA,424
594777,2023,122,8,7,86.6,102.2,19.9,106,102.3,6.56,5.74,-0.82,-1,12.5,Kole Calhoun,NA,174
594798,2015,43,0,0,81.6,96.3,3.3,103.5,NA,0,0,0,0,0,Jacob deGrom,NA,66
594798,2016,30,0,0,83.6,98.9,-7.5,106,NA,0,0,0,0,0,Jacob deGrom,NA,50
594798,2017,49,0,0,84.5,99,9.5,105.1,NA,0,0,0,0,0,Jacob deGrom,NA,77
594798,2018,39,0,0,81.5,95.9,7.6,101.6,NA,0,0,0,0,0,Jacob deGrom,NA,74
594798,2019,42,1,1,85.2,99.4,1.6,106,102.4,2.38,2.38,0,0,0,Jacob deGrom,NA,70
594798,2021,24,0,0,79.4,96.2,2.3,105.6,NA,0,0,0,0,0,Jacob deGrom,NA,33
594807,2015,37,2,2,89.9,104.6,20.5,108.2,107.5,5.41,5.41,0,0,0,Adam Duvall,NA,72
594807,2016,394,45,46,88.6,104.4,19.2,110.7,104.4,11.42,11.68,0.26,1,-2.2,Adam Duvall,NA,608
594807,2017,425,36,41,87.3,102.8,21.1,110.8,104,8.47,9.65,1.18,5,-13.9,Adam Duvall,NA,647
594807,2018,268,26,22,89,105.2,22.6,109.6,104.7,9.7,8.21,-1.49,-4,15.4,Adam Duvall,NA,427
594807,2019,82,13,13,91,106.5,26.1,112.3,106.4,15.85,15.85,0,0,0,Adam Duvall,NA,130
594807,2021,342,50,44,89.8,105.8,23.6,113.8,105.8,14.62,12.87,-1.75,-6,12,Adam Duvall,NA,555
594807,2022,188,24,16,88.3,105.4,23.4,110.1,104.7,12.77,8.51,-4.26,-8,33.3,Adam Duvall,NA,315
594807,2023,214,29,25,88.8,106,28.9,110,105.7,13.55,11.68,-1.87,-4,13.8,Adam Duvall,NA,353
594807,2024,205,22,19,86.9,105.8,22.2,113,105.8,10.73,9.27,-1.46,-3,13.6,Adam Duvall,NA,330
594809,2015,461,14,13,87.5,102.6,7,108.3,102.6,3.04,2.82,-0.22,-1,7.1,Adam Eaton,NA,689
594809,2016,488,14,14,88.5,102.5,4.4,108.6,102.3,2.87,2.87,0,0,0,Adam Eaton,NA,706
594809,2017,71,3,3,87.1,100.7,7.7,107.4,100.9,4.23,4.23,0,0,0,Adam Eaton,NA,107
594809,2018,249,8,8,87.3,101.4,8.5,109.4,102.2,3.21,3.21,0,0,0,Adam Eaton,NA,370
594809,2019,458,17,18,88,103.8,14.8,110.7,102.8,3.71,3.93,0.22,1,-5.9,Adam Eaton,NA,656
594809,2021,188,7,7,84.4,102.8,6.8,107.4,103.9,3.72,3.72,0,0,0,Adam Eaton,NA,288
594824,2015,58,2,2,83.8,102.7,6.6,106.3,102.6,3.45,3.45,0,0,0,Greg Garcia,NA,87
594824,2016,161,4,4,85.2,99.6,6.5,105.9,101.6,2.48,2.48,0,0,0,Greg Garcia,NA,257
594824,2017,178,1,1,83.3,100,8.2,104.9,102.5,0.56,0.56,0,0,0,Greg Garcia,NA,290
594824,2018,144,3,3,82.7,99.6,10.8,105.8,102.9,2.08,2.08,0,0,0,Greg Garcia,NA,208
594824,2019,227,6,6,85.2,100.8,3.9,108.3,103.1,2.64,2.64,0,0,0,Greg Garcia,NA,372
594828,2015,448,27,26,88.9,105.2,10.5,112.3,104.3,6.03,5.8,-0.23,-1,3.7,Evan Gattis,NA,604
594828,2016,320,33,33,89.4,105.9,13,114,105.9,10.31,10.31,0,0,0,Evan Gattis,NA,499
594828,2017,248,14,14,88,105.7,17.3,111.7,105.4,5.65,5.65,0,0,0,Evan Gattis,NA,325
594828,2018,314,22,21,87.6,103.2,17.8,111.8,104.1,7.01,6.69,-0.32,-1,4.5,Evan Gattis,NA,451
594835,2017,1,0,0,100.5,100.5,3,100.5,NA,0,0,0,0,0,Marco Gonzales,NA,3
594835,2019,1,0,0,93.2,93.2,14,93.2,NA,0,0,0,0,0,Marco Gonzales,NA,6
594835,2021,2,0,0,62.2,90,8.5,97,NA,0,0,0,0,0,Marco Gonzales,NA,4
594838,2015,88,5,5,87,101.7,7,104.3,101.4,5.68,5.68,0,0,0,Phil Gosselin,NA,118
594838,2016,172,3,3,86.5,101.1,7.3,106.5,100.5,1.74,1.74,0,0,0,Phil Gosselin,NA,240
594838,2017,36,0,0,82.5,97.7,10.8,104.1,NA,0,0,0,0,0,Phil Gosselin,NA,50
594838,2018,16,1,0,85.7,102.2,6.7,103.5,101.5,6.25,0,-6.25,-1,100,Phil Gosselin,NA,28
594838,2019,49,3,3,88.6,103.1,15.1,105.7,101.2,6.12,6.12,0,0,0,Phil Gosselin,NA,68
594838,2021,264,9,7,87,102.9,11.4,110,103.5,3.41,2.65,-0.76,-2,22.2,Phil Gosselin,NA,373
594838,2022,50,1,0,86.4,99.9,15,102.5,99,2,0,-2,-1,100,Phil Gosselin,NA,77
594840,2017,1,0,0,82.9,82.9,-21,82.9,NA,0,0,0,0,0,Matt Grace,NA,5
594840,2018,3,0,0,91.2,94.4,15,94.6,NA,0,0,0,0,0,Matt Grace,NA,3
594857,2015,1,0,0,72.4,72.4,16,72.4,NA,0,0,0,0,0,Keith Hessler,NA,1
594902,2017,17,1,1,88.2,100.8,12.4,104.4,104.4,5.88,5.88,0,0,0,Ben Lively,NA,26
594902,2018,5,0,0,81.7,106.8,0,107.5,NA,0,0,0,0,0,Ben Lively,NA,7
594940,2015,16,0,0,91.4,101,3.4,103.8,NA,0,0,0,0,0,Danny Muno,NA,32
594943,2016,2,0,0,79.4,79.9,27.5,80,NA,0,0,0,0,0,Zach Neal,NA,2
594951,2016,1,0,0,82.9,82.9,-21,82.9,NA,0,0,0,0,0,Ryan O'Rourke,NA,1
594953,2018,262,38,38,92.6,110.4,11.6,118.4,108.7,14.5,14.5,0,0,0,Daniel Palka,NA,449
594953,2019,49,3,3,87.4,109.1,15,115.2,110.1,6.12,6.12,0,0,0,Daniel Palka,NA,93
594965,2018,5,0,0,86.7,95.1,-12.8,97.6,NA,0,0,0,0,0,Daniel Ponce de Leon,NA,10
594965,2019,6,0,0,62.6,93.8,-24.3,97.9,NA,0,0,0,0,0,Daniel Ponce de Leon,NA,12
594986,2021,2,0,0,75.6,77,30,77.4,NA,0,0,0,0,0,Kyle Ryan,NA,2
594987,2015,1,0,0,82.9,82.9,-21,82.9,NA,0,0,0,0,0,Casey Sadler,NA,2
594987,2018,1,0,0,88.4,88.4,-20,88.4,NA,0,0,0,0,0,Casey Sadler,NA,2
594987,2019,2,0,0,89.9,90.1,11,90.2,NA,0,0,0,0,0,Casey Sadler,NA,3
594988,2015,21,3,3,91.5,106.6,3.6,108.7,105.9,14.29,14.29,0,0,0,Scott Schebler,NA,40
594988,2016,194,10,10,89.5,106.1,6.7,114.1,105.9,5.15,5.15,0,0,0,Scott Schebler,NA,282
594988,2017,352,35,39,89,106.7,11.6,111.2,104.7,9.94,11.08,1.14,4,-11.4,Scott Schebler,NA,531
594988,2018,282,29,22,90.5,106.5,8.8,111.1,105.7,10.28,7.8,-2.48,-7,24.1,Scott Schebler,NA,430
594988,2019,49,2,2,86.5,101.6,7.2,108.4,102,4.08,4.08,0,0,0,Scott Schebler,NA,95
594988,2021,17,1,1,83.9,100,20.1,100.6,100.2,5.88,5.88,0,0,0,Scott Schebler,NA,34
594992,2017,2,0,0,78.1,84.7,-13.5,86.3,NA,0,0,0,0,0,Kevin Shackelford,NA,3
595001,2015,5,1,1,86,99.7,10.8,100.1,100.1,20,20,0,0,0,Josh A. Smith,NA,10
595001,2016,7,0,0,90.9,98.2,2,98.6,NA,0,0,0,0,0,Josh A. Smith,NA,11
595005,2015,36,1,1,85.5,101.5,8.1,106,100.6,2.78,2.78,0,0,0,Ryan Strausborger,NA,51
595014,2015,1,0,0,77.2,77.2,-29,77.2,NA,0,0,0,0,0,Blake Treinen,NA,4
595023,2016,24,0,0,85.6,100,10.6,102.8,NA,0,0,0,0,0,Colin Walsh,NA,63
595025,2015,14,0,0,80.4,99.2,20.9,103.5,NA,0,0,0,0,0,Zach Walters,NA,30
595025,2016,3,0,0,93.2,98.6,1.7,98.8,NA,0,0,0,0,0,Zach Walters,NA,5
595144,2017,103,2,2,87.1,101,7.2,107.5,101.3,1.94,1.94,0,0,0,Jaycob Brugman,NA,162
595191,2015,6,0,0,88.2,99.2,-6.3,101.3,NA,0,0,0,0,0,Jerad Eickhoff,NA,16
595191,2016,49,0,0,86.8,100.5,6.5,104.8,NA,0,0,0,0,0,Jerad Eickhoff,NA,62
595191,2017,16,0,0,79.2,98,-0.9,101,NA,0,0,0,0,0,Jerad Eickhoff,NA,34
595191,2019,8,0,0,81.5,98.5,-10.8,99.9,NA,0,0,0,0,0,Jerad Eickhoff,NA,19
595191,2021,8,0,0,41.6,63.2,-44.1,70.8,NA,0,0,0,0,0,Jerad Eickhoff,NA,8
595222,2018,22,0,0,86.2,100.2,21.2,103,NA,0,0,0,0,0,Mike Gerber,NA,47
595222,2019,9,1,1,90.2,107.7,6.1,108.1,108.1,11.11,11.11,0,0,0,Mike Gerber,NA,26
595238,2017,16,1,1,85.7,100.9,5.1,106.3,101.5,6.25,6.25,0,0,0,Jacob Hannemann,NA,20
595281,2015,403,10,10,87.4,103.7,8.8,112.2,104.7,2.48,2.48,0,0,0,Kevin Kiermaier,NA,535
595281,2016,288,11,12,87.7,104.7,13.9,111.4,104.7,3.82,4.17,0.35,1,-9.1,Kevin Kiermaier,NA,414
595281,2017,280,15,16,86.7,104.3,7.9,110.9,104.2,5.36,5.71,0.35,1,-6.7,Kevin Kiermaier,NA,421
595281,2018,239,11,6,85.6,104,7.4,110.2,102.5,4.6,2.51,-2.09,-5,45.5,Kevin Kiermaier,NA,367
595281,2019,344,18,19,89,105.3,6.9,111.4,105.9,5.23,5.52,0.29,1,-5.6,Kevin Kiermaier,NA,480
595281,2021,252,7,6,86.4,102.6,1.1,107.9,102.6,2.78,2.38,-0.4,-1,14.3,Kevin Kiermaier,NA,390
595281,2022,145,10,8,87.9,102.9,5.3,109.8,103.7,6.9,5.52,-1.38,-2,20,Kevin Kiermaier,NA,221
595281,2023,284,10,8,86.1,102.6,6.1,107.8,103.8,3.52,2.82,-0.7,-2,20,Kevin Kiermaier,NA,408
595281,2024,180,5,4,83.5,102.6,4.1,105.9,102.7,2.78,2.22,-0.56,-1,20,Kevin Kiermaier,NA,281
595284,2017,117,3,4,88.9,103.2,4.7,107,103.8,2.56,3.42,0.86,1,-33.3,Andrew Knapp,NA,204
595284,2018,112,10,8,88.4,102.1,13.5,105,102.2,8.93,7.14,-1.79,-2,20,Andrew Knapp,NA,215
595284,2019,83,7,7,88.6,102.6,16.4,105.2,102.6,8.43,8.43,0,0,0,Andrew Knapp,NA,160
595284,2021,86,2,2,81.8,102,9.5,111.6,106.6,2.33,2.33,0,0,0,Andrew Knapp,NA,159
595284,2022,28,0,0,84.6,98.8,17.1,104.4,NA,0,0,0,0,0,Andrew Knapp,NA,46
595284,2024,4,0,0,83.8,100.1,-1,102.3,NA,0,0,0,0,0,Andrew Knapp,NA,6
595307,2015,1,0,0,80,80,69,80,NA,0,0,0,0,0,Seth Maness,NA,3
595345,2021,1,0,0,93.9,93.9,-3,93.9,NA,0,0,0,0,0,Steven Okert,NA,2
595373,2017,2,0,0,63,79.7,22,83.9,NA,0,0,0,0,0,Jack Reinheimer,NA,5
595373,2018,21,0,0,86.6,98,6.7,100.3,NA,0,0,0,0,0,Jack Reinheimer,NA,35
595375,2017,181,6,6,85.4,102.6,6.1,107.5,104,3.31,3.31,0,0,0,JT Riddle,NA,247
595375,2018,243,11,11,87.4,100.9,7.5,106.1,103.1,4.53,4.53,0,0,0,JT Riddle,NA,332
595375,2019,90,9,9,88.9,101.7,9.9,107,102.2,10,10,0,0,0,JT Riddle,NA,139
595375,2021,6,0,0,84.8,98.7,0.5,102.1,NA,0,0,0,0,0,JT Riddle,NA,6
595375,2022,3,0,0,92,99.2,10,99.3,NA,0,0,0,0,0,JT Riddle,NA,4
595386,2015,117,6,6,90.4,103.7,7.4,109.1,102.2,5.13,5.13,0,0,0,Jason Rogers,NA,169
595386,2016,13,0,0,89.8,104.4,-9.7,106.2,NA,0,0,0,0,0,Jason Rogers,NA,33
595426,2017,56,2,3,87.5,101.4,14.2,104.5,100.2,3.57,5.36,1.79,1,-50,Brock Stassi,NA,90
595453,2017,6,0,0,91.1,101.1,21.2,102.4,NA,0,0,0,0,0,Chad Wallach,NA,11
595453,2018,22,1,1,85,104.9,8.5,108.7,105.3,4.55,4.55,0,0,0,Chad Wallach,NA,52
595453,2019,34,5,5,89.8,104.9,14.4,108,104.1,14.71,14.71,0,0,0,Chad Wallach,NA,54
595453,2021,29,1,0,84.9,100.2,8.1,109.2,99.3,3.45,0,-3.45,-1,100,Chad Wallach,NA,66
595453,2022,26,2,1,87,102.8,17.7,106.2,104,7.69,3.85,-3.84,-1,50,Chad Wallach,NA,40
595453,2023,100,11,11,86.4,103.7,16.1,108.1,104.2,11,11,0,0,0,Chad Wallach,NA,172
595465,2018,1,0,0,94.5,94.5,-33,94.5,NA,0,0,0,0,0,Dan Winkler,NA,1
595465,2021,1,0,0,60.3,60.3,-58,60.3,NA,0,0,0,0,0,Dan Winkler,NA,1
595751,2016,8,0,0,75.2,93,-4,104.6,NA,0,0,0,0,0,Jorge Alfaro,NA,17
595751,2017,74,6,8,88.1,107.6,8.2,114.5,107.6,8.11,10.81,2.7,2,-33.3,Jorge Alfaro,NA,114
595751,2018,206,19,19,91.7,109.8,8.4,116.6,106.4,9.22,9.22,0,0,0,Jorge Alfaro,NA,377
595751,2019,279,29,33,90.8,109.8,4.7,114.7,106.5,10.39,11.83,1.44,4,-13.8,Jorge Alfaro,NA,465
595751,2021,195,14,14,90.9,109,1.8,115.7,108.4,7.18,7.18,0,0,0,Jorge Alfaro,NA,311
595751,2022,159,18,14,89.4,108.9,7.9,115.2,108,11.32,8.81,-2.51,-4,22.2,Jorge Alfaro,NA,274
595751,2023,33,2,2,88.9,103,-6.1,108.6,102.9,6.06,6.06,0,0,0,Jorge Alfaro,NA,52
595751,2025,25,2,0,86.8,106.7,12.4,113.3,102.5,8,0,-8,-2,100,Jorge Alfaro,NA,39
595777,2016,209,6,6,86.4,101.8,6.9,107.5,101.5,2.87,2.87,0,0,0,Jurickson Profar,NA,307
595777,2017,46,1,1,83.1,98.6,11.3,104.2,99.6,2.17,2.17,0,0,0,Jurickson Profar,NA,70
595777,2018,439,19,19,87.4,101.9,12.3,112.2,104.2,4.33,4.33,0,0,0,Jurickson Profar,NA,594
595777,2019,377,24,25,86.7,102.5,13.9,108.2,103.4,6.37,6.63,0.26,1,-4.2,Jurickson Profar,NA,518
595777,2021,291,5,5,84.9,101.5,14,107.6,103.8,1.72,1.72,0,0,0,Jurickson Profar,NA,412
595777,2022,475,19,13,87,102.3,13.3,109.4,104.2,4,2.74,-1.26,-6,31.6,Jurickson Profar,NA,658
595777,2023,374,10,6,86.5,101.8,14.8,108.8,101.4,2.67,1.6,-1.07,-4,40,Jurickson Profar,NA,521
595777,2024,473,33,26,90.1,105.2,12.5,110.3,104.3,6.98,5.5,-1.48,-7,21.2,Jurickson Profar,NA,668
595777,2025,257,19,11,88.7,104.1,20.3,109.1,103.3,7.39,4.28,-3.11,-8,42.1,Jurickson Profar,NA,371
595798,2019,1,0,0,83.7,83.7,14,83.7,NA,0,0,0,0,0,R.J. Alaniz,NA,1
595879,2015,51,2,2,91.7,105.1,12.2,112.4,108.1,3.92,3.92,0,0,0,Javier Báez,NA,80
595879,2016,298,18,18,87.7,103.8,13.3,112.3,104.9,6.04,6.04,0,0,0,Javier Báez,NA,450
595879,2017,325,26,29,87.7,105,10.2,113.3,104.8,8,8.92,0.92,3,-11.5,Javier Báez,NA,508
595879,2018,435,51,47,90.1,106.9,9.6,113.7,105.8,11.72,10.8,-0.92,-4,7.8,Javier Báez,NA,645
595879,2019,373,47,49,91.1,107.4,7.7,114.1,106.1,12.6,13.14,0.54,2,-4.3,Javier Báez,NA,561
595879,2021,320,42,40,89.7,107.1,10.9,116.7,106.4,13.12,12.5,-0.62,-2,4.8,Javier Báez,NA,547
595879,2022,406,34,26,87.9,105.1,9.6,112.1,104.6,8.37,6.4,-1.97,-8,23.5,Javier Báez,NA,590
595879,2023,385,18,15,88,105.5,9.3,113.1,104.6,4.68,3.9,-0.78,-3,16.7,Javier Báez,NA,547
595879,2024,205,15,10,88.3,106.2,11.2,111.1,106.5,7.32,4.88,-2.44,-5,33.3,Javier Báez,NA,289
595879,2025,311,16,12,88.2,103.1,11.4,110,103,5.14,3.86,-1.28,-4,25,Javier Báez,NA,437
595879,2026,62,2,1,84.7,101,10.2,104,102.7,3.23,1.61,-1.62,-1,50,Javier Báez,NA,82
595881,2019,15,0,0,81.7,94,6.1,98.9,NA,0,0,0,0,0,Tyler Beede,NA,43
595885,2015,105,15,15,93,104.7,21.3,110.8,104.2,14.29,14.29,0,0,0,Greg Bird,NA,178
595885,2017,104,9,10,90.1,103.2,20.7,109.6,104.5,8.65,9.62,0.97,1,-11.1,Greg Bird,NA,170
595885,2018,197,21,18,87.1,102,19.2,107.9,103,10.66,9.14,-1.52,-3,14.3,Greg Bird,NA,311
595885,2019,19,1,1,85.3,104,7.8,108,108,5.26,5.26,0,0,0,Greg Bird,NA,41
595909,2018,185,26,21,88.6,105.1,10.2,111.4,105,14.05,11.35,-2.7,-5,19.2,Jake Cave,NA,309
595909,2019,128,15,16,90.5,104.5,7.4,111.5,103.2,11.72,12.5,0.78,1,-6.7,Jake Cave,NA,228
595909,2021,103,6,5,86,101.5,8.1,109.1,103.2,5.83,4.85,-0.98,-1,16.7,Jake Cave,NA,178
595909,2022,117,11,9,90.7,104.2,14.4,108.9,104.1,9.4,7.69,-1.71,-2,18.2,Jake Cave,NA,177
595909,2023,132,9,7,88.7,103,15.1,107,103.7,6.82,5.3,-1.52,-2,22.2,Jake Cave,NA,203
595909,2024,227,12,10,86.9,102.4,7.8,106.8,102.4,5.29,4.41,-0.88,-2,16.7,Jake Cave,NA,346
595918,2015,2,0,0,76,81.6,16,83,NA,0,0,0,0,0,A.J. Cole,NA,2
595918,2016,3,0,0,67,88.5,-22,92.3,NA,0,0,0,0,0,A.J. Cole,NA,8
595918,2017,9,0,0,79.3,98.8,9,99.6,NA,0,0,0,0,0,A.J. Cole,NA,16
595918,2018,2,1,0,80.8,100.3,35,105.2,105.2,50,0,-50,-1,100,A.J. Cole,NA,4
595928,2021,2,0,0,58.9,71.9,-54,75.1,NA,0,0,0,0,0,John Curtiss,NA,5
595943,2017,25,0,0,82,99.6,13.4,106.7,NA,0,0,0,0,0,Phillip Evans,NA,38
595943,2018,13,0,0,85.4,98,19,102.8,NA,0,0,0,0,0,Phillip Evans,NA,23
595943,2021,161,6,5,88.3,105.7,5.3,109.6,104.6,3.73,3.11,-0.62,-1,16.7,Phillip Evans,NA,247
595956,2017,20,0,0,83.8,99.6,6.6,100.9,NA,0,0,0,0,0,Cam Gallagher,NA,27
595956,2018,49,3,2,85.8,100,21.3,107.2,99.8,6.12,4.08,-2.04,-1,33.3,Cam Gallagher,NA,69
595956,2019,99,2,2,84.9,99.1,11.6,105.3,98,2.02,2.02,0,0,0,Cam Gallagher,NA,142
595956,2021,95,0,0,84.2,100.9,13,106.7,NA,0,0,0,0,0,Cam Gallagher,NA,124
595956,2022,31,0,0,80.6,100.7,14.8,110.2,NA,0,0,0,0,0,Cam Gallagher,NA,47
595956,2023,98,2,1,81.6,99,17.1,108.8,100.2,2.04,1.02,-1.02,-1,50,Cam Gallagher,NA,149
595963,2016,159,2,2,87.3,102.4,6.2,108.6,102.6,1.26,1.26,0,0,0,Tyler Goeddel,NA,234
595978,2015,99,1,1,88.1,102.7,12.9,108.3,102.6,1.01,1.01,0,0,0,Austin Hedges,NA,152
595978,2016,18,1,1,91.2,106.3,18.3,112.6,99.2,5.56,5.56,0,0,0,Austin Hedges,NA,26
595978,2017,260,17,18,87.8,103.5,17.7,108.9,102.5,6.54,6.92,0.38,1,-5.9,Austin Hedges,NA,417
595978,2018,213,13,11,85.6,102.9,16.1,108.2,102.6,6.1,5.16,-0.94,-2,15.4,Austin Hedges,NA,326
595978,2019,202,15,16,86.7,103.9,21.6,108.7,104.9,7.43,7.92,0.49,1,-6.7,Austin Hedges,NA,347
595978,2021,208,8,7,83,102.9,17.2,110,102.1,3.85,3.37,-0.48,-1,12.5,Austin Hedges,NA,312
595978,2022,228,6,5,81.4,99.8,14.5,107.1,103.8,2.63,2.19,-0.44,-1,16.7,Austin Hedges,NA,338
595978,2023,150,1,1,83.1,100.2,12.2,108.1,101.5,0.67,0.67,0,0,0,Austin Hedges,NA,212
595978,2024,87,0,0,80.6,97.7,19.5,103.2,NA,0,0,0,0,0,Austin Hedges,NA,146
595978,2025,117,3,3,85.4,103.8,23.8,108.6,104.9,2.56,2.56,0,0,0,Austin Hedges,NA,180
595978,2026,50,0,0,84.8,101,4.5,106.9,NA,0,0,0,0,0,Austin Hedges,NA,72
595981,2019,55,1,1,87.4,103.1,10.7,109.6,103.1,1.82,1.82,0,0,0,Scott Heineman,NA,85
595981,2021,15,2,2,82.8,102.1,24.7,103.2,102.6,13.33,13.33,0,0,0,Scott Heineman,NA,34
596001,2019,2,0,0,77.4,81.8,-16.5,82.9,NA,0,0,0,0,0,Jakob Junis,NA,2
596001,2021,1,0,0,46.4,46.4,-80,46.4,NA,0,0,0,0,0,Jakob Junis,NA,2
596012,2018,18,1,0,93.2,102.2,28.7,105.2,100,5.56,0,-5.56,-1,100,Kevin Kramer,NA,40
596012,2019,27,2,2,86.2,99.4,20.2,107,99.6,7.41,7.41,0,0,0,Kevin Kramer,NA,50
596019,2015,326,12,12,88.9,103.8,5.7,110.4,103.1,3.68,3.68,0,0,0,Francisco Lindor,NA,438
596019,2016,526,22,22,88.6,103.2,7.8,112.1,103.6,4.18,4.18,0,0,0,Francisco Lindor,NA,684
596019,2017,556,40,41,88.6,104,14.2,111.7,103.6,7.19,7.37,0.18,1,-2.5,Francisco Lindor,NA,723
596019,2018,551,51,47,90.5,105.6,14.6,114.5,105.6,9.26,8.53,-0.73,-4,7.8,Francisco Lindor,NA,745
596019,2019,504,37,37,90.7,106.2,12,113.5,104.6,7.34,7.34,0,0,0,Francisco Lindor,NA,654
596019,2021,364,29,23,89.1,104.3,13,112.9,105.2,7.97,6.32,-1.65,-6,20.7,Francisco Lindor,NA,524
596019,2022,503,40,33,89.2,103.7,13.7,110.7,104.1,7.95,6.56,-1.39,-7,17.5,Francisco Lindor,NA,706
596019,2023,472,48,38,91.2,104.6,19.2,112.4,104.5,10.17,8.05,-2.12,-10,20.8,Francisco Lindor,NA,687
596019,2024,493,64,52,90.8,105,16.9,112.7,104.7,12.98,10.55,-2.43,-12,18.8,Francisco Lindor,NA,689
596019,2025,517,42,33,90.1,104.5,14.9,112.9,103.7,8.12,6.38,-1.74,-9,21.4,Francisco Lindor,NA,732
596019,2026,74,7,4,90.9,104.4,14.7,111.3,106.4,9.46,5.41,-4.05,-3,42.9,Francisco Lindor,NA,105
596043,2016,3,0,0,80.7,99.8,19,102.3,NA,0,0,0,0,0,Daniel Mengden,NA,6
596043,2017,2,0,0,83.3,106.4,-14,112.2,NA,0,0,0,0,0,Daniel Mengden,NA,4
596043,2018,2,0,0,76.8,83.4,-21,85.1,NA,0,0,0,0,0,Daniel Mengden,NA,3
596049,2021,2,0,0,59,86.8,-37.5,93.7,NA,0,0,0,0,0,Shawn Morimando,NA,3
596056,2021,108,0,0,88.1,99,15.6,108.1,NA,0,0,0,0,0,John Nogowski,NA,143
596057,2015,1,1,1,102.7,102.7,25,102.7,102.7,100,100,0,0,0,Daniel Norris,NA,3
596057,2016,2,0,0,103.1,104.1,-1.5,104.4,NA,0,0,0,0,0,Daniel Norris,NA,3
596057,2018,1,0,0,95.2,95.2,-37,95.2,NA,0,0,0,0,0,Daniel Norris,NA,2
596057,2019,3,0,0,87,89.7,2,90.3,NA,0,0,0,0,0,Daniel Norris,NA,6
596057,2021,2,0,0,75.2,83.6,-15,85.7,NA,0,0,0,0,0,Daniel Norris,NA,2
596059,2015,345,17,17,87.8,103.9,12,111.1,103.8,4.93,4.93,0,0,0,Rougned Odor,NA,470
596059,2016,458,35,38,89.5,105.3,14.4,112.1,104.7,7.64,8.3,0.66,3,-8.6,Rougned Odor,NA,632
596059,2017,445,26,30,88.8,104.6,15.5,112.4,104.3,5.84,6.74,0.9,4,-15.4,Rougned Odor,NA,651
596059,2018,339,24,20,89.9,106.1,14,112.6,104.7,7.08,5.9,-1.18,-4,16.7,Rougned Odor,NA,535
596059,2019,338,47,48,90.3,106.4,17.2,113.1,105.2,13.91,14.2,0.29,1,-2.1,Rougned Odor,NA,581
596059,2021,220,20,18,86.8,104.6,18.1,112.1,104.3,9.09,8.18,-0.91,-2,10,Rougned Odor,NA,361
596059,2022,319,21,15,86.6,102.4,21.4,109.7,103,6.58,4.7,-1.88,-6,28.6,Rougned Odor,NA,472
596059,2023,101,7,6,89.7,103.7,18.9,108.1,102.1,6.93,5.94,-0.99,-1,14.3,Rougned Odor,NA,157
596071,2017,1,0,0,66.8,66.8,-10,66.8,NA,0,0,0,0,0,Dillon Peters,NA,11
596071,2018,4,0,0,70.9,88,-10.2,91.4,NA,0,0,0,0,0,Dillon Peters,NA,9
596071,2021,3,0,0,37.2,40.1,-46.7,41.2,NA,0,0,0,0,0,Dillon Peters,NA,8
596082,2021,1,0,0,86,86,-20,86,NA,0,0,0,0,0,Jake Reed,NA,1
596103,2017,88,4,4,87.5,104,1.6,110.6,103.3,4.55,4.55,0,0,0,Austin Slater,NA,127
596103,2018,130,3,3,87.2,102.8,2.6,108.2,102.9,2.31,2.31,0,0,0,Austin Slater,NA,225
596103,2019,108,11,12,88.7,103.6,3.4,109.1,103.1,10.19,11.11,0.92,1,-9.1,Austin Slater,NA,192
596103,2021,190,18,16,86.5,104,7.4,109.9,104.5,9.47,8.42,-1.05,-2,11.1,Austin Slater,NA,306
596103,2022,190,19,15,87.6,104.7,5.6,109.4,104.2,10,7.89,-2.11,-4,21.1,Austin Slater,NA,325
596103,2023,127,15,8,90.7,105.5,7.1,109.6,105.9,11.81,6.3,-5.51,-7,46.7,Austin Slater,NA,207
596103,2024,121,4,3,86.6,101.2,5,105.4,102.3,3.31,2.48,-0.83,-1,25,Austin Slater,NA,212
596103,2025,95,14,10,91.4,105.9,7.4,110.9,104.7,14.74,10.53,-4.21,-4,28.6,Austin Slater,NA,160
596103,2026,29,0,0,85.7,95.6,11.9,101.5,NA,0,0,0,0,0,Austin Slater,NA,49
596105,2017,17,0,0,90.1,103.7,3.8,104.9,NA,0,0,0,0,0,Dwight Smith Jr.,NA,29
596105,2018,52,2,2,87.9,102.5,8.9,111.7,107.8,3.85,3.85,0,0,0,Dwight Smith Jr.,NA,75
596105,2019,280,9,10,88.7,105.4,7.2,114.3,106.7,3.21,3.57,0.36,1,-11.1,Dwight Smith Jr.,NA,392
596112,2016,3,0,0,84,87.1,2,88.1,NA,0,0,0,0,0,Robert Stephenson,NA,13
596112,2017,7,0,0,81.2,96,4.6,97.1,NA,0,0,0,0,0,Robert Stephenson,NA,25
596112,2018,1,0,0,75.5,75.5,37,75.5,NA,0,0,0,0,0,Robert Stephenson,NA,3
596115,2016,238,33,33,91,106.5,18,112.3,105,13.87,13.87,0,0,0,Trevor Story,NA,415
596115,2017,310,30,33,89.3,105.3,19.4,110.1,104.5,9.68,10.65,0.97,3,-10,Trevor Story,NA,555
596115,2018,431,54,48,91,107.4,15.9,112.5,106,12.53,11.14,-1.39,-6,11.1,Trevor Story,NA,656
596115,2019,416,33,36,91,105.6,17.5,111.8,105.1,7.93,8.65,0.72,3,-9.1,Trevor Story,NA,656
596115,2021,392,39,33,90.6,105.7,17.4,111,105.4,9.95,8.42,-1.53,-6,15.4,Trevor Story,NA,595
596115,2022,239,26,22,88.9,105.5,17.8,113.4,105,10.88,9.21,-1.67,-4,15.4,Trevor Story,NA,396
596115,2023,103,9,7,87.9,103.9,15.5,110.4,105.3,8.74,6.8,-1.94,-2,22.2,Trevor Story,NA,168
596115,2024,61,4,1,86.1,99.7,18.7,105.2,100.5,6.56,1.64,-4.92,-3,75,Trevor Story,NA,106
596115,2025,433,43,28,91.3,106.4,14.7,111.7,104.6,9.93,6.47,-3.46,-15,34.9,Trevor Story,NA,654
596115,2026,110,4,3,88.3,102.8,12.6,109.6,106.5,3.64,2.73,-0.91,-1,25,Trevor Story,NA,176
596117,2019,28,0,0,84.8,98.3,12.9,103.1,NA,0,0,0,0,0,Garrett Stubbs,NA,39
596117,2021,29,0,0,78.5,99.4,8,102.1,NA,0,0,0,0,0,Garrett Stubbs,NA,38
596117,2022,77,3,2,80.3,100.4,11.2,104.9,100.3,3.9,2.6,-1.3,-1,33.3,Garrett Stubbs,NA,121
596117,2023,85,0,0,77.5,98.5,18.2,109.6,NA,0,0,0,0,0,Garrett Stubbs,NA,125
596117,2024,115,0,0,76.8,94.6,17.2,98.9,NA,0,0,0,0,0,Garrett Stubbs,NA,187
596117,2025,1,0,0,67.5,67.5,-19,67.5,NA,0,0,0,0,0,Garrett Stubbs,NA,1
596117,2026,14,0,0,83,101.6,10.6,103.5,NA,0,0,0,0,0,Garrett Stubbs,NA,21
596119,2015,209,6,6,86.5,102.7,9.9,111.2,103.3,2.87,2.87,0,0,0,Blake Swihart,NA,309
596119,2016,43,2,2,87.9,100.7,7.6,108.7,100.2,4.65,4.65,0,0,0,Blake Swihart,NA,74
596119,2017,1,0,0,84.4,84.4,45,84.4,NA,0,0,0,0,0,Blake Swihart,NA,7
596119,2018,135,7,7,86,101.3,13.9,108.1,103,5.19,5.19,0,0,0,Blake Swihart,NA,207
596119,2019,56,3,3,85.6,101.4,12.1,107.3,103.2,5.36,5.36,0,0,0,Blake Swihart,NA,99
596129,2016,6,0,0,79.9,95.2,-6.5,100.2,NA,0,0,0,0,0,Daniel Vogelbach,NA,13
596129,2017,19,1,1,88.8,100.1,11.5,111.2,111.2,5.26,5.26,0,0,0,Daniel Vogelbach,NA,31
596129,2018,61,7,7,92.4,107.6,10.1,112.3,107.1,11.48,11.48,0,0,0,Daniel Vogelbach,NA,102
596129,2019,313,33,34,88.8,105.5,17.1,113.1,105.8,10.54,10.86,0.32,1,-3,Daniel Vogelbach,NA,558
596129,2021,158,9,8,91.4,105.9,11.7,114.3,104.6,5.7,5.06,-0.64,-1,11.1,Daniel Vogelbach,NA,258
596129,2022,272,28,22,89.4,104.5,15.8,110.9,104.6,10.29,8.09,-2.2,-6,21.4,Daniel Vogelbach,NA,461
596129,2023,194,18,14,91.7,104.6,14.5,112.6,104.5,9.28,7.22,-2.06,-4,22.2,Daniel Vogelbach,NA,319
596129,2024,51,5,4,90.9,106,8,109,104.2,9.8,7.84,-1.96,-1,20,Daniel Vogelbach,NA,79
596133,2016,9,0,0,84.5,99.7,-11.6,99.7,NA,0,0,0,0,0,Luke Weaver,NA,13
596133,2017,9,0,0,70.1,90.6,-2.7,100.2,NA,0,0,0,0,0,Luke Weaver,NA,23
596133,2018,23,0,0,78.6,92.4,0.4,101,NA,0,0,0,0,0,Luke Weaver,NA,46
596133,2019,9,0,0,82.9,97.8,28.3,99.7,NA,0,0,0,0,0,Luke Weaver,NA,21
596133,2021,9,0,0,70.9,91.5,-9.4,91.7,NA,0,0,0,0,0,Luke Weaver,NA,22
596142,2015,1,0,0,96.9,96.9,69,96.9,NA,0,0,0,0,0,Gary Sánchez,NA,2
596142,2016,146,24,24,92.7,107.6,7.9,113.1,105.3,16.44,16.44,0,0,0,Gary Sánchez,NA,229
596142,2017,354,40,44,90.8,109.5,13.1,115.7,107.7,11.3,12.43,1.13,4,-10,Gary Sánchez,NA,525
596142,2018,231,31,30,90.3,109.9,14.2,121.1,108.3,13.42,12.99,-0.43,-1,3.2,Gary Sánchez,NA,374
596142,2019,272,51,51,91,110.7,19.2,118.3,109.2,18.75,18.75,0,0,0,Gary Sánchez,NA,446
596142,2021,262,35,30,89.5,106.9,20.5,113.4,106.3,13.36,11.45,-1.91,-5,14.3,Gary Sánchez,NA,440
596142,2022,287,37,36,90.5,108.3,14,115.1,107.4,12.89,12.54,-0.35,-1,2.7,Gary Sánchez,NA,471
596142,2023,175,26,23,90.1,105.8,16.6,115.1,105.9,14.86,13.14,-1.72,-3,11.5,Gary Sánchez,NA,267
596142,2024,172,16,14,90,107.5,16.2,114.4,108,9.3,8.14,-1.16,-2,12.5,Gary Sánchez,NA,280
596142,2025,64,7,5,93.3,105.7,18.4,111.7,104.8,10.94,7.81,-3.13,-2,28.6,Gary Sánchez,NA,101
596142,2026,64,7,5,88.3,106.1,18.1,111.9,105.5,10.94,7.81,-3.13,-2,28.6,Gary Sánchez,NA,108
596143,2015,70,0,0,83,94.2,4,97.7,NA,0,0,0,0,0,Luis Sardinas,NA,105
596143,2016,132,3,3,86.7,99.5,8.6,106.7,101.9,2.27,2.27,0,0,0,Luis Sardinas,NA,197
596143,2017,38,0,0,81.1,93.6,0.2,98.4,NA,0,0,0,0,0,Luis Sardinas,NA,53
596143,2018,13,0,0,83.4,96.1,-0.8,99.5,NA,0,0,0,0,0,Luis Sardinas,NA,20
596144,2015,36,0,0,87.9,102.5,11.3,110.2,NA,0,0,0,0,0,Cheslor Cuthbert,NA,50
596144,2016,379,8,8,89.2,105,12.3,111.7,104.4,2.11,2.11,0,0,0,Cheslor Cuthbert,NA,510
596144,2017,105,3,3,85.8,103,12,110.6,104.1,2.86,2.86,0,0,0,Cheslor Cuthbert,NA,153
596144,2018,81,4,3,89.1,105.5,13,113.4,101.4,4.94,3.7,-1.24,-1,25,Cheslor Cuthbert,NA,117
596144,2019,242,11,11,88.8,104.7,15,111.4,103.5,4.55,4.55,0,0,0,Cheslor Cuthbert,NA,330
596146,2015,4,0,0,91.2,96.4,2.8,97.6,NA,0,0,0,0,0,Max Kepler,NA,7
596146,2016,304,11,11,89.7,107.5,8.5,115.4,105.4,3.62,3.62,0,0,0,Max Kepler,NA,447
596146,2017,398,16,17,88.6,106.5,13,113.2,105.4,4.02,4.27,0.25,1,-6.2,Max Kepler,NA,568
596146,2018,432,26,22,89.5,105.2,16.3,112.7,103.5,6.02,5.09,-0.93,-4,15.4,Max Kepler,NA,611
596146,2019,425,35,38,89.7,106.1,18.2,112.5,103.7,8.24,8.94,0.7,3,-8.6,Max Kepler,NA,596
596146,2021,334,32,30,89.8,105.8,16.3,110.8,104.3,9.58,8.98,-0.6,-2,6.2,Max Kepler,NA,490
596146,2022,326,22,15,89.1,105,11.2,113.8,104.9,6.75,4.6,-2.15,-7,31.8,Max Kepler,NA,446
596146,2023,336,36,29,91.9,106.4,14.7,111.7,104.5,10.71,8.63,-2.08,-7,19.4,Max Kepler,NA,491
596146,2024,289,16,11,88.7,105,17,115.4,103.5,5.54,3.81,-1.73,-5,31.2,Max Kepler,NA,399
596146,2025,327,35,20,90.6,104.4,16.1,111.8,104,10.7,6.12,-4.58,-15,42.9,Max Kepler,NA,474
596271,2017,1,0,0,66.1,66.1,-36,66.1,NA,0,0,0,0,0,Casey Lawrence,NA,3
596295,2018,14,0,0,86,97.2,-20.9,100.2,NA,0,0,0,0,0,Austin Gomber,NA,21
596295,2021,25,0,0,60.4,95.1,-8,105.3,NA,0,0,0,0,0,Austin Gomber,NA,42
596451,2016,38,1,1,84.2,97.5,2.4,102,102,2.63,2.63,0,0,0,Roman Quinn,NA,69
596451,2018,93,1,1,87,103.2,8.6,107.4,106.5,1.08,1.08,0,0,0,Roman Quinn,NA,143
596451,2019,66,4,4,85.6,103.8,11.3,106.7,103.2,6.06,6.06,0,0,0,Roman Quinn,NA,122
596451,2021,33,1,1,81.8,102.6,6.3,109.4,102.7,3.03,3.03,0,0,0,Roman Quinn,NA,62
596451,2022,43,1,0,83.7,104.9,21.2,107.4,101,2.33,0,-2.33,-1,100,Roman Quinn,NA,87
596748,2015,248,14,13,88.8,105.2,9.8,111,105.8,5.65,5.24,-0.41,-1,7.1,Maikel Franco,NA,335
596748,2016,474,31,31,89.5,106.1,11.8,113.2,105.3,6.54,6.54,0,0,0,Maikel Franco,NA,630
596748,2017,483,29,31,88.8,106.5,11.4,113,105.6,6,6.42,0.42,2,-6.9,Maikel Franco,NA,623
596748,2018,372,23,21,88,105.2,9.5,114.5,104.1,6.18,5.65,-0.53,-2,8.7,Maikel Franco,NA,465
596748,2019,330,23,24,89.1,107.2,14.8,114.1,105.8,6.97,7.27,0.3,1,-4.3,Maikel Franco,NA,428
596748,2021,313,16,14,88.2,105.4,9.1,113.9,104.2,5.11,4.47,-0.64,-2,12.5,Maikel Franco,NA,403
596748,2022,296,12,7,87,103.8,11.9,112.1,103.7,4.05,2.36,-1.69,-5,41.7,Maikel Franco,NA,388
596825,2019,37,5,6,89.8,105.8,22.6,112.8,106.8,13.51,16.22,2.71,1,-20,Robel García,NA,80
596825,2021,66,1,1,85.6,103.9,14.1,107.8,104.9,1.52,1.52,0,0,0,Robel García,NA,117
596847,2016,80,4,4,89.7,104.8,10.6,109.5,104.1,5,5,0,0,0,Ji Man Choi,NA,129
596847,2017,11,2,2,93.6,110.3,6.5,111.9,109.2,18.18,18.18,0,0,0,Ji Man Choi,NA,18
596847,2018,137,16,15,90,105.8,13.6,109.4,104.4,11.68,10.95,-0.73,-1,6.2,Ji Man Choi,NA,221
596847,2019,309,32,33,91.1,105.2,12.6,110.1,104.5,10.36,10.68,0.32,1,-3.1,Ji Man Choi,NA,487
596847,2021,171,16,16,91,105.6,14.3,112.9,105.8,9.36,9.36,0,0,0,Ji Man Choi,NA,305
596847,2022,236,26,19,92.1,105.3,10.3,111.1,104.2,11.02,8.05,-2.97,-7,26.9,Ji Man Choi,NA,419
596847,2023,71,13,9,93.4,106.4,11.9,110,104.9,18.31,12.68,-5.63,-4,30.8,Ji Man Choi,NA,117
598265,2015,155,9,9,88.8,103,10.6,108,103.3,5.81,5.81,0,0,0,Jackie Bradley Jr.,NA,255
598265,2016,413,32,36,90.1,103.9,10.2,109.1,103.4,7.75,8.72,0.97,4,-12.5,Jackie Bradley Jr.,NA,636
598265,2017,359,27,30,88.3,104.9,9.5,110.6,104.5,7.52,8.36,0.84,3,-11.1,Jackie Bradley Jr.,NA,541
598265,2018,340,32,30,92.1,105.4,12.1,112.4,104.9,9.41,8.82,-0.59,-2,6.2,Jackie Bradley Jr.,NA,535
598265,2019,341,31,34,90.2,104.3,9.1,112.1,104.3,9.09,9.97,0.88,3,-9.7,Jackie Bradley Jr.,NA,567
598265,2021,257,12,11,89.7,102.8,9.6,108.4,103.9,4.67,4.28,-0.39,-1,8.3,Jackie Bradley Jr.,NA,428
598265,2022,269,12,5,87,101.9,6.6,107.6,101.5,4.46,1.86,-2.6,-7,58.3,Jackie Bradley Jr.,NA,370
598265,2023,76,4,4,87.4,102.9,4.2,107.6,102.5,5.26,5.26,0,0,0,Jackie Bradley Jr.,NA,113
598271,2017,2,0,0,86,90.8,32,92,NA,0,0,0,0,0,Brian Johnson,NA,2
598271,2018,3,0,0,90.5,98.8,-17.7,101.5,NA,0,0,0,0,0,Brian Johnson,NA,4
598284,2015,4,0,0,85,89,-6.5,90.3,NA,0,0,0,0,0,Peter O'Brien,NA,12
598284,2016,37,6,6,86.2,105.3,16.1,108.8,105.4,16.22,16.22,0,0,0,Peter O'Brien,NA,67
598284,2018,45,7,6,92.1,108.9,16.5,112.2,108.2,15.56,13.33,-2.23,-1,14.3,Peter O'Brien,NA,74
598284,2019,23,1,1,91.9,107.1,13.9,108.6,104.3,4.35,4.35,0,0,0,Peter O'Brien,NA,47
598286,2021,2,1,1,88.8,107.5,-17.5,112.2,112.2,50,50,0,0,0,Nick Ramirez,NA,3
599096,2015,66,2,2,84.9,99.4,17.2,106.9,104.8,3.03,3.03,0,0,0,Dilson Herrera,NA,103
599096,2018,46,6,5,86.3,103.9,24.3,106.6,103.1,13.04,10.87,-2.17,-1,16.7,Dilson Herrera,NA,97
600301,2016,62,3,3,85.3,100.3,11.5,110,100.1,4.84,4.84,0,0,0,Taylor Motter,NA,93
600301,2017,195,8,8,87.2,103.9,12.8,110.9,106,4.1,4.1,0,0,0,Taylor Motter,NA,280
600301,2018,26,1,1,80.8,102.7,4.4,106.1,105.5,3.85,3.85,0,0,0,Taylor Motter,NA,38
600301,2021,18,1,1,88.7,102.7,20.7,107.5,100.9,5.56,5.56,0,0,0,Taylor Motter,NA,29
600301,2022,3,0,0,85.7,102.5,26.7,107.9,NA,0,0,0,0,0,Taylor Motter,NA,6
600301,2023,45,2,1,87,107,19.3,114.8,107.9,4.44,2.22,-2.22,-1,50,Taylor Motter,NA,82
600303,2015,61,0,0,88.6,102.9,13.2,107.8,NA,0,0,0,0,0,Tommy La Stella,NA,75
600303,2016,114,5,5,88.6,101.8,16.3,105.1,101.4,4.39,4.39,0,0,0,Tommy La Stella,NA,169
600303,2017,109,4,4,87.3,98.7,13.8,103.4,101.4,3.67,3.67,0,0,0,Tommy La Stella,NA,151
600303,2018,144,2,2,85.9,99.5,7.9,103.9,100.8,1.39,1.39,0,0,0,Tommy La Stella,NA,192
600303,2019,265,13,13,88,101.2,13.3,105.9,102.6,4.91,4.91,0,0,0,Tommy La Stella,NA,321
600303,2021,195,11,11,88.6,101.6,13.5,106.8,102.7,5.64,5.64,0,0,0,Tommy La Stella,NA,242
600303,2022,153,3,1,87.9,101.1,14.6,108,104.8,1.96,0.65,-1.31,-2,66.7,Tommy La Stella,NA,195
600303,2023,16,0,0,86.6,96.2,19.2,101.2,NA,0,0,0,0,0,Tommy La Stella,NA,24
600466,2017,8,0,0,85.5,102.6,5.1,112,NA,0,0,0,0,0,Raudy Read,NA,11
600466,2019,6,0,0,78,89.2,12.5,96.7,NA,0,0,0,0,0,Raudy Read,NA,11
600474,2015,3,1,1,87.1,101.9,10.7,106.4,106.4,33.33,33.33,0,0,0,Pedro Severino,NA,4
600474,2016,20,0,0,87.2,102.2,4.3,103.1,NA,0,0,0,0,0,Pedro Severino,NA,34
600474,2017,19,0,1,83.6,95.1,9.8,111.2,NA,0,5.26,5.26,1,0,Pedro Severino,NA,31
600474,2018,143,3,3,83.4,98.3,14.3,108.3,104.5,2.1,2.1,0,0,0,Pedro Severino,NA,213
600474,2019,234,19,20,87.4,104.6,13.1,111,103.8,8.12,8.55,0.43,1,-5.3,Pedro Severino,NA,341
600474,2021,275,21,18,88.2,106.5,15.2,114.6,106,7.64,6.55,-1.09,-3,14.3,Pedro Severino,NA,419
600474,2022,11,0,0,86.7,102.4,16.5,107.5,NA,0,0,0,0,0,Pedro Severino,NA,21
600524,2016,12,0,0,80.8,106.1,-7.7,107.5,NA,0,0,0,0,0,Renato Núñez,NA,15
600524,2017,7,1,1,84.8,100.7,22.7,102.8,102.8,14.29,14.29,0,0,0,Renato Núñez,NA,16
600524,2018,176,15,13,88.9,106.9,16,111.9,105.3,8.52,7.39,-1.13,-2,13.3,Renato Núñez,NA,261
600524,2019,401,43,43,89.9,106.9,19.9,114.8,107,10.72,10.72,0,0,0,Renato Núñez,NA,599
600524,2021,37,0,0,85,104.3,14,109.6,NA,0,0,0,0,0,Renato Núñez,NA,55
600526,2017,1,0,0,72,72,11,72,NA,0,0,0,0,0,José Torres,NA,1
600858,2019,94,0,0,84,98.4,9,103.7,NA,0,0,0,0,0,Humberto Arteaga,NA,135
600858,2021,4,0,0,73.5,84.1,-2.2,84.5,NA,0,0,0,0,0,Humberto Arteaga,NA,4
600869,2016,6,0,0,92.2,99.9,6.5,102.6,NA,0,0,0,0,0,Jeimer Candelario,NA,14
600869,2017,97,4,4,86.7,103.2,13.1,108.2,103.6,4.12,4.12,0,0,0,Jeimer Candelario,NA,142
600869,2018,384,21,19,87.1,103.3,15.3,112.7,105.7,5.47,4.95,-0.52,-2,9.5,Jeimer Candelario,NA,619
600869,2019,236,12,14,88.2,105.3,15.8,114.2,106.2,5.08,5.93,0.85,2,-16.7,Jeimer Candelario,NA,386
600869,2021,422,38,34,88.6,105.3,12.5,111,104.8,9,8.06,-0.94,-4,10.5,Jeimer Candelario,NA,626
600869,2022,321,26,19,87.2,102.8,13.5,111.3,103.9,8.1,5.92,-2.18,-7,26.9,Jeimer Candelario,NA,467
600869,2023,380,29,26,88.3,104.5,14.1,111.3,105.2,7.63,6.84,-0.79,-3,10.3,Jeimer Candelario,NA,576
600869,2024,315,20,13,86.9,102.7,12.4,108.2,103.6,6.35,4.13,-2.22,-7,35,Jeimer Candelario,NA,463
600869,2025,53,4,2,87.3,101,11.4,107.5,103.4,7.55,3.77,-3.78,-2,50,Jeimer Candelario,NA,91
600869,2026,10,0,0,91.8,99.5,18.4,102.3,NA,0,0,0,0,0,Jeimer Candelario,NA,20
600968,2018,1,0,0,104,104,-3,104,NA,0,0,0,0,0,Randy Rosario,NA,2
600968,2019,1,0,0,92.6,92.6,-27,92.6,NA,0,0,0,0,0,Randy Rosario,NA,1
601713,2017,23,0,0,78.7,96.7,-2.5,101.5,NA,0,0,0,0,0,Nick Pivetta,NA,48
601713,2018,19,0,0,81.4,94.1,-10.2,97.9,NA,0,0,0,0,0,Nick Pivetta,NA,45
601713,2019,5,0,0,85.7,94.2,-4.2,101.8,NA,0,0,0,0,0,Nick Pivetta,NA,27
602074,2019,74,1,1,84.5,99.2,4.7,103.8,98.4,1.35,1.35,0,0,0,Yonathan Daza,NA,105
602074,2021,247,5,4,83.4,99.8,5.9,106.5,99.9,2.02,1.62,-0.4,-1,20,Yonathan Daza,NA,331
602074,2022,319,6,2,84.4,99.7,4.7,106,101.5,1.88,0.63,-1.25,-4,66.7,Yonathan Daza,NA,408
602074,2023,62,0,0,83.1,97.9,13.9,105.4,NA,0,0,0,0,0,Yonathan Daza,NA,80
602080,2021,7,0,0,76.3,97.1,-12.3,102.9,NA,0,0,0,0,0,Erick Castillo,NA,9
602104,2021,185,14,11,89.3,104.4,4.9,112.7,102.9,7.57,5.95,-1.62,-3,21.4,Ramón Urías,NA,296
602104,2022,310,28,16,88.8,104.4,10.8,110,103.2,9.03,5.16,-3.87,-12,42.9,Ramón Urías,NA,445
602104,2023,260,16,8,89.2,103.6,7.9,109.5,102.6,6.15,3.08,-3.07,-8,50,Ramón Urías,NA,396
602104,2024,218,18,12,88.3,102.7,12.8,109.5,102.6,8.26,5.5,-2.76,-6,33.3,Ramón Urías,NA,301
602104,2025,272,21,12,89.2,103.5,13.2,109.4,104.8,7.72,4.41,-3.31,-9,42.9,Ramón Urías,NA,391
602104,2026,46,4,3,89.5,102.9,17.7,106.8,105.1,8.7,6.52,-2.18,-1,25,Ramón Urías,NA,68
602115,2018,10,2,1,90,100.7,7,106.4,102.2,20,10,-10,-1,50,Gabriel Guerrero,NA,18
602922,2016,21,0,0,81.5,99.4,5.5,102.3,NA,0,0,0,0,0,José Rondon,NA,26
602922,2018,70,7,7,84.9,102.1,12.6,110.6,103.1,10,10,0,0,0,José Rondon,NA,107
602922,2019,105,2,3,87.3,102.1,8.1,110.9,100,1.9,2.86,0.96,1,-50,José Rondon,NA,157
602922,2021,65,3,3,84.4,102.8,18.6,107.3,104.4,4.62,4.62,0,0,0,José Rondon,NA,90
605113,2015,321,4,4,85.7,99.9,12.2,107.2,100.6,1.25,1.25,0,0,0,Nick Ahmed,NA,459
605113,2016,227,5,5,86.7,100.5,8.6,106.7,101.9,2.2,2.2,0,0,0,Nick Ahmed,NA,308
605113,2017,128,3,3,84.7,99.8,10,104.6,100.7,2.34,2.34,0,0,0,Nick Ahmed,NA,178
605113,2018,410,18,13,86.8,100.8,11.7,106.2,101.5,4.39,3.17,-1.22,-5,27.8,Nick Ahmed,NA,564
605113,2019,454,28,30,87.7,101.9,7.7,108.3,101.8,6.17,6.61,0.44,2,-7.1,Nick Ahmed,NA,625
605113,2021,333,8,7,86.2,102.1,9.6,109.5,103.2,2.4,2.1,-0.3,-1,12.5,Nick Ahmed,NA,473
605113,2022,37,2,1,85.3,101,6.2,104.9,100.7,5.41,2.7,-2.71,-1,50,Nick Ahmed,NA,54
605113,2023,144,4,4,84.5,102,12.1,108.4,103.4,2.78,2.78,0,0,0,Nick Ahmed,NA,210
605113,2024,165,5,4,82.3,99.8,12.6,104.2,101.9,3.03,2.42,-0.61,-1,20,Nick Ahmed,NA,228
605113,2025,6,0,0,83.4,94.4,13.2,97.6,NA,0,0,0,0,0,Nick Ahmed,NA,10
605119,2017,57,3,3,87.7,105,8.5,110.6,102.6,5.26,5.26,0,0,0,Brian Anderson,NA,95
605119,2018,462,26,23,90.2,104.8,8.7,113.3,104.5,5.63,4.98,-0.65,-3,11.5,Brian Anderson,NA,670
605119,2019,348,27,31,89.9,104.3,11.2,114.4,104.8,7.76,8.91,1.15,4,-14.8,Brian Anderson,NA,520
605119,2021,168,13,10,88.8,103.1,11.3,108.7,103.9,7.74,5.95,-1.79,-3,23.1,Brian Anderson,NA,264
605119,2022,237,22,13,88.7,105.4,7.7,112,105.3,9.28,5.49,-3.79,-9,40.9,Brian Anderson,NA,383
605119,2023,212,20,18,87.6,104.7,9.9,110.3,103.5,9.43,8.49,-0.94,-2,10,Brian Anderson,NA,361
605119,2024,3,1,1,101.6,105,10,105.9,105.9,33.33,33.33,0,0,0,Brian Anderson,NA,5
605125,2015,302,18,18,87,102.5,14.9,109,102.1,5.96,5.96,0,0,0,Cody Asche,NA,456
605125,2016,144,4,4,85.6,104,14.9,108.4,104,2.78,2.78,0,0,0,Cody Asche,NA,218
605125,2017,36,3,3,86.8,100.4,23.8,105.5,103.3,8.33,8.33,0,0,0,Cody Asche,NA,62
605131,2015,23,0,0,90.7,102.5,9.7,111.2,NA,0,0,0,0,0,Austin Barnes,NA,37
605131,2016,22,0,0,89.1,105.3,24.5,108.3,NA,0,0,0,0,0,Austin Barnes,NA,37
605131,2017,174,8,12,88.2,103.3,9.5,109.6,105.2,4.6,6.9,2.3,4,-50,Austin Barnes,NA,262
605131,2018,126,5,5,87.6,102.4,5.6,108.1,101.8,3.97,3.97,0,0,0,Austin Barnes,NA,238
605131,2019,157,5,6,87.2,100.1,16.3,108.9,102.2,3.18,3.82,0.64,1,-20,Austin Barnes,NA,242
605131,2021,145,5,5,84.6,100.8,13.1,109,104.6,3.45,3.45,0,0,0,Austin Barnes,NA,225
605131,2022,145,7,6,86,102.2,13,107.8,102.1,4.83,4.14,-0.69,-1,14.3,Austin Barnes,NA,212
605131,2023,138,4,2,83.7,101.8,5.4,105.5,102.1,2.9,1.45,-1.45,-2,50,Austin Barnes,NA,200
605131,2024,106,2,0,85.4,101.8,8.4,108.5,98.9,1.89,0,-1.89,-2,100,Austin Barnes,NA,156
605131,2025,29,1,1,79.5,99.2,2,105.2,101.6,3.45,3.45,0,0,0,Austin Barnes,NA,44
605135,2019,2,0,0,82,82.7,0,82.9,NA,0,0,0,0,0,Chris Bassitt,NA,5
605137,2016,98,5,5,88.3,104.3,5.7,108.9,103.9,5.1,5.1,0,0,0,Josh Bell,NA,152
605137,2017,431,27,29,87.7,104.4,8.6,112.4,104.6,6.26,6.73,0.47,2,-7.4,Josh Bell,NA,620
605137,2018,399,26,24,90.1,105.8,9.2,115.6,105.5,6.52,6.02,-0.5,-2,7.7,Josh Bell,NA,583
605137,2019,409,52,53,92.4,108.4,13.1,116.2,106.9,12.71,12.96,0.25,1,-1.9,Josh Bell,NA,613
605137,2021,399,33,31,92.5,107.7,4.9,115.8,106.3,8.27,7.77,-0.5,-2,6.1,Josh Bell,NA,568
605137,2022,456,32,19,88.9,105.4,8.3,112.2,104.5,7.02,4.17,-2.85,-13,40.6,Josh Bell,NA,647
605137,2023,412,39,34,90.1,106.9,9.3,114,105.9,9.47,8.25,-1.22,-5,12.8,Josh Bell,NA,617
605137,2024,418,29,22,88.9,104.6,10.5,111.2,104.7,6.94,5.26,-1.68,-7,24.1,Josh Bell,NA,603
605137,2025,379,47,31,90.4,107.8,10.3,114.1,106.2,12.4,8.18,-4.22,-16,34,Josh Bell,NA,533
605137,2026,130,12,7,89.9,104,15.5,112.3,104.4,9.23,5.38,-3.85,-5,41.7,Josh Bell,NA,190
605141,2015,506,24,24,90.4,103.8,15.4,110.3,101.9,4.74,4.74,0,0,0,Mookie Betts,NA,654
605141,2016,592,30,30,89.7,104.2,12.6,114.7,102.9,5.07,5.07,0,0,0,Mookie Betts,NA,730
605141,2017,548,23,28,88.4,104.2,14.3,111.7,104,4.2,5.11,0.91,5,-21.7,Mookie Betts,NA,712
605141,2018,432,58,53,92.2,104.5,18.5,110.6,103.6,13.43,12.27,-1.16,-5,8.6,Mookie Betts,NA,614
605141,2019,503,48,52,91,104.2,19,109.3,103.2,9.54,10.34,0.8,4,-8.3,Mookie Betts,NA,706
605141,2021,383,28,24,90.3,103.3,18.9,107.9,103.1,7.31,6.27,-1.04,-4,14.3,Mookie Betts,NA,550
605141,2022,469,44,31,90.5,103.8,18.6,109,103.4,9.38,6.61,-2.77,-13,29.5,Mookie Betts,NA,639
605141,2023,482,57,43,92.4,104.8,20.6,110.1,104.7,11.83,8.92,-2.91,-14,24.6,Mookie Betts,NA,693
605141,2024,397,22,14,89.9,101.9,21.4,109.4,101.7,5.54,3.53,-2.01,-8,36.4,Mookie Betts,NA,516
605141,2025,531,29,15,89.1,101.6,18,108.4,102.2,5.46,2.82,-2.64,-14,48.3,Mookie Betts,NA,663
605141,2026,55,5,2,91.9,102.1,19.7,105.6,101.1,9.09,3.64,-5.45,-3,60,Mookie Betts,NA,68
605151,2015,6,0,0,85.8,102.4,28.2,102.5,NA,0,0,0,0,0,Archie Bradley,NA,14
605151,2016,18,0,0,78.6,98.4,-10.2,103.5,NA,0,0,0,0,0,Archie Bradley,NA,48
605151,2017,2,0,0,98.8,103.3,-9,104.4,NA,0,0,0,0,0,Archie Bradley,NA,4
605154,2017,1,0,0,65.9,65.9,13,65.9,NA,0,0,0,0,0,John Brebbia,NA,1
605154,2018,1,0,0,73,73,-33,73,NA,0,0,0,0,0,John Brebbia,NA,2
605154,2019,1,0,0,70.5,70.5,23,70.5,NA,0,0,0,0,0,John Brebbia,NA,1
605156,2015,2,0,0,81.1,82.5,4.5,82.9,NA,0,0,0,0,0,Aaron Brooks,NA,2
605156,2019,2,0,0,85.6,87.8,-12.5,88.3,NA,0,0,0,0,0,Aaron Brooks,NA,4
605164,2016,1,0,0,82.9,82.9,-21,82.9,NA,0,0,0,0,0,Dylan Bundy,NA,3
605164,2018,3,0,0,70.4,85.5,-18.7,86.1,NA,0,0,0,0,0,Dylan Bundy,NA,5
605164,2021,1,0,0,91.4,91.4,-25,91.4,NA,0,0,0,0,0,Dylan Bundy,NA,4
605169,2015,1,0,0,89.3,89.3,3,89.3,NA,0,0,0,0,0,Carter Capps,NA,2
605170,2017,45,2,2,85.1,103.7,1.9,109.7,104.4,4.44,4.44,0,0,0,Victor Caratini,NA,66
605170,2018,142,5,5,87.8,105.6,5.9,112.9,104.7,3.52,3.52,0,0,0,Victor Caratini,NA,200
605170,2019,184,16,17,89.7,106,6.9,113.6,106.7,8.7,9.24,0.54,1,-6.2,Victor Caratini,NA,279
605170,2021,234,14,11,90,106.6,8.4,112.5,103.8,5.98,4.7,-1.28,-3,21.4,Victor Caratini,NA,356
605170,2022,207,11,7,89.1,104.6,6.5,112.8,103.1,5.31,3.38,-1.93,-4,36.4,Victor Caratini,NA,314
605170,2023,159,7,7,91.3,105.7,10.8,112.4,105.8,4.4,4.4,0,0,0,Victor Caratini,NA,226
605170,2024,195,11,8,91.2,104.4,9.2,111.1,103.2,5.64,4.1,-1.54,-3,27.3,Victor Caratini,NA,274
605170,2025,284,21,13,88.7,103.7,12.7,110.1,103.3,7.39,4.58,-2.81,-8,38.1,Victor Caratini,NA,386
605170,2026,90,5,2,88.8,101.1,10.8,107.2,102.1,5.56,2.22,-3.34,-3,60,Victor Caratini,NA,135
605177,2015,2,0,0,82.2,82.4,33.5,82.5,NA,0,0,0,0,0,Andrew Chafin,NA,3
605182,2016,2,0,0,60.2,71.4,-8,74.2,NA,0,0,0,0,0,Mike Clevinger,NA,2
605182,2017,1,0,0,76.7,76.7,-38,76.7,NA,0,0,0,0,0,Mike Clevinger,NA,3
605182,2019,1,0,0,82.9,82.9,-21,82.9,NA,0,0,0,0,0,Mike Clevinger,NA,2
605183,2016,38,3,3,90,103.2,5.5,105.7,99.3,7.89,7.89,0,0,0,Jason Coats,NA,58
605194,2017,1,0,0,89.5,89.5,-6,89.5,NA,0,0,0,0,0,Jharel Cotton,NA,2
605196,2019,44,9,10,89.9,106.3,14.1,113.8,107.9,20.45,22.73,2.28,1,-11.1,Kevin Cron,NA,78
605200,2015,10,0,0,79.4,93.4,23.5,93.6,NA,0,0,0,0,0,Zach Davies,NA,14
605200,2016,30,0,0,76.3,90.5,3.8,97.6,NA,0,0,0,0,0,Zach Davies,NA,61
605200,2017,34,0,0,77.5,93.3,2.6,99.1,NA,0,0,0,0,0,Zach Davies,NA,69
605200,2018,9,0,0,71.6,89.1,9.7,96.9,NA,0,0,0,0,0,Zach Davies,NA,19
605200,2019,24,0,0,80.3,94.9,14.9,97.9,NA,0,0,0,0,0,Zach Davies,NA,55
605200,2021,36,0,0,65.6,94.2,-4.6,97,NA,0,0,0,0,0,Zach Davies,NA,44
605204,2017,43,5,7,88.9,105.5,0.8,108.8,103.6,11.63,16.28,4.65,2,-40,J.D. Davis,NA,68
605204,2018,74,6,6,88.5,105.5,8.8,111.8,106.4,8.11,8.11,0,0,0,J.D. Davis,NA,113
605204,2019,311,32,34,91.5,106.8,10.2,114.7,105.3,10.29,10.93,0.64,2,-6.2,J.D. Davis,NA,453
605204,2021,113,11,8,89.7,105.4,13.2,111.9,103.9,9.73,7.08,-2.65,-3,27.3,J.D. Davis,NA,211
605204,2022,198,31,25,92.4,107.6,12.3,112.7,106.2,15.66,12.63,-3.03,-6,19.4,J.D. Davis,NA,365
605204,2023,334,30,26,91.1,105.7,7.8,111.3,105.2,8.98,7.78,-1.2,-4,13.3,J.D. Davis,NA,546
605204,2024,102,7,6,89.1,106.3,2.8,111.8,105.9,6.86,5.88,-0.98,-1,14.3,J.D. Davis,NA,157
605204,2025,6,0,0,85.7,101.9,-0.3,102.9,NA,0,0,0,0,0,J.D. Davis,NA,9
605222,2016,3,0,0,83.9,88.5,0.7,90.3,NA,0,0,0,0,0,Jake Esch,NA,5
605227,2015,105,3,3,86.7,101.7,9.5,107.1,101.6,2.86,2.86,0,0,0,Taylor Featherston,NA,169
605227,2016,15,0,0,83.9,98.3,25.8,103.5,NA,0,0,0,0,0,Taylor Featherston,NA,28
605227,2017,26,2,2,90.2,102.5,16.3,107.2,102.4,7.69,7.69,0,0,0,Taylor Featherston,NA,47
605228,2015,16,1,1,79.8,99.4,-7.8,104.4,104.4,6.25,6.25,0,0,0,José Fernández,NA,22
605228,2016,41,0,0,82.7,102.6,-8.3,107.7,NA,0,0,0,0,0,José Fernández,NA,61
605232,2015,2,0,0,89.2,94.2,-22,95.5,NA,0,0,0,0,0,Brandon Finnegan,NA,6
605232,2016,34,0,0,83.7,101.4,-5.6,104.3,NA,0,0,0,0,0,Brandon Finnegan,NA,61
605232,2017,4,0,0,89.4,93,2.2,94.6,NA,0,0,0,0,0,Brandon Finnegan,NA,6
605232,2018,6,0,0,93.9,100.7,-6.2,102.5,NA,0,0,0,0,0,Brandon Finnegan,NA,7
605233,2017,90,4,6,89,105.7,5.1,114.1,103.8,4.44,6.67,2.23,2,-50,Derek Fisher,NA,166
605233,2018,39,5,4,92.2,108.7,3,111.4,107.7,12.82,10.26,-2.56,-1,20,Derek Fisher,NA,86
605233,2019,87,11,11,92.3,107,9.2,113.8,104.9,12.64,12.64,0,0,0,Derek Fisher,NA,167
605233,2021,7,0,0,89.4,96.8,13,100,NA,0,0,0,0,0,Derek Fisher,NA,8
605242,2017,3,0,0,61.9,90.9,-43,101.5,NA,0,0,0,0,0,Michael Fulmer,NA,5
605242,2018,3,0,0,52.5,81.3,-23.3,92.7,NA,0,0,0,0,0,Michael Fulmer,NA,7
605244,2018,32,4,3,87.2,102.5,18.4,105.4,101.8,12.5,9.38,-3.12,-1,25,Aramis Garcia,NA,65
605244,2019,20,1,1,87.3,102.6,21.6,104.4,102.7,5,5,0,0,0,Aramis Garcia,NA,46
605244,2021,62,3,2,87.5,100.8,7.2,106.9,102.8,4.84,3.23,-1.61,-1,33.3,Aramis Garcia,NA,94
605244,2022,76,2,2,86,103.4,18.6,108.9,102.2,2.63,2.63,0,0,0,Aramis Garcia,NA,115
605244,2024,4,0,0,97,103.9,-5.8,107.7,NA,0,0,0,0,0,Aramis Garcia,NA,7
605244,2025,1,0,0,91.3,91.3,23,91.3,NA,0,0,0,0,0,Aramis Garcia,NA,4
605244,2026,2,0,0,84.8,86.8,34.5,87.3,NA,0,0,0,0,0,Aramis Garcia,NA,3
605253,2015,2,0,0,83.5,84,19.5,84.1,NA,0,0,0,0,0,Terrance Gore,NA,4
605253,2016,2,0,0,87.1,90.4,0.5,91.2,NA,0,0,0,0,0,Terrance Gore,NA,3
605253,2017,2,0,0,90.1,90.3,-3.5,90.4,NA,0,0,0,0,0,Terrance Gore,NA,5
605253,2018,4,0,0,86.2,95.1,31.5,99.1,NA,0,0,0,0,0,Terrance Gore,NA,5
605253,2019,29,0,0,81.5,96.8,5,99.3,NA,0,0,0,0,0,Terrance Gore,NA,58
605253,2022,5,0,0,70.8,85.6,19.8,86.4,NA,0,0,0,0,0,Terrance Gore,NA,8
605254,2017,2,0,0,64.8,81.2,-51.5,85.3,NA,0,0,0,0,0,Daniel Gossett,NA,7
605255,2018,1,0,0,80,80,69,80,NA,0,0,0,0,0,Brett Graves,NA,2
605276,2018,2,0,0,50.4,57.5,-5.5,59.3,NA,0,0,0,0,0,David Hess,NA,3
605276,2019,2,0,0,91.2,100.2,35.5,102.5,NA,0,0,0,0,0,David Hess,NA,4
605276,2021,1,0,0,81.3,81.3,-43,81.3,NA,0,0,0,0,0,David Hess,NA,4
605280,2018,3,0,0,85.8,92.1,5,94.4,NA,0,0,0,0,0,Clay Holmes,NA,6
605280,2019,1,0,0,82.9,82.9,-21,82.9,NA,0,0,0,0,0,Clay Holmes,NA,5
605288,2019,5,0,0,92.9,104.8,-1.2,105.1,NA,0,0,0,0,0,Adrian Houser,NA,27
605288,2021,14,2,2,73.3,102.2,-4.5,109,105.3,14.29,14.29,0,0,0,Adrian Houser,NA,46
605304,2016,1,0,0,104.9,104.9,1,104.9,NA,0,0,0,0,0,Erik Johnson,NA,5
605323,2015,21,0,0,85.9,101,10,103.9,NA,0,0,0,0,0,Kyle Kubitza,NA,39
605346,2021,9,1,0,74,88,7.2,101.4,101.4,11.11,0,-11.11,-1,100,Jack López,NA,16
605346,2024,42,1,1,85.9,100.6,9,104.1,104.1,2.38,2.38,0,0,0,Jack López,NA,71
605347,2018,1,0,0,100.6,100.6,17,100.6,NA,0,0,0,0,0,Jorge López,NA,2
605347,2019,1,0,0,61.3,61.3,27,61.3,NA,0,0,0,0,0,Jorge López,NA,2
605347,2021,1,0,0,75.6,75.6,-34,75.6,NA,0,0,0,0,0,Jorge López,NA,2
605353,2021,24,1,0,82.6,104.2,3,109.1,99.4,4.17,0,-4.17,-1,100,Vimael Machín,NA,37
605353,2022,179,6,2,89.3,102.6,10.2,108.5,100.2,3.35,1.12,-2.23,-4,66.7,Vimael Machín,NA,253
605353,2025,9,1,1,85.4,100.3,13.2,107.6,107.6,11.11,11.11,0,0,0,Vimael Machín,NA,12
605357,2017,8,1,1,86.4,99.7,16.6,105.6,105.6,12.5,12.5,0,0,0,Mike Marjama,NA,9
605357,2018,21,0,0,88.9,104.8,7.6,105.3,NA,0,0,0,0,0,Mike Marjama,NA,29
605361,2018,117,3,2,88,101.7,2.8,107.2,100.3,2.56,1.71,-0.85,-1,33.3,Nick Martini,NA,179
605361,2019,67,1,1,87.6,100.6,5.7,106.6,106.6,1.49,1.49,0,0,0,Nick Martini,NA,109
605361,2021,29,2,2,89.3,102.2,19.6,106.4,101.4,6.9,6.9,0,0,0,Nick Martini,NA,45
605361,2023,57,5,5,91,103.1,23.6,107.1,104.3,8.77,8.77,0,0,0,Nick Martini,NA,79
605361,2024,111,6,4,87.4,102.2,14.9,107.8,103.3,5.41,3.6,-1.81,-2,33.3,Nick Martini,NA,163
605361,2025,83,3,0,85.7,101.7,14.6,105.6,101.5,3.61,0,-3.61,-3,100,Nick Martini,NA,111
605388,2015,12,0,0,87.6,98.6,5.6,103.2,NA,0,0,0,0,0,Adam Morgan,NA,27
605388,2016,20,0,0,81.5,92.2,-11.1,94.2,NA,0,0,0,0,0,Adam Morgan,NA,36
605388,2017,1,0,0,91.9,91.9,13,91.9,NA,0,0,0,0,0,Adam Morgan,NA,3
605397,2017,4,0,0,81.4,90.4,-9.5,93.7,NA,0,0,0,0,0,Joe Musgrove,NA,5
605397,2018,19,0,0,76.4,101.3,-11.1,101.8,NA,0,0,0,0,0,Joe Musgrove,NA,35
605397,2019,33,1,2,83.1,102.9,12.5,105.8,101.6,3.03,6.06,3.03,1,-100,Joe Musgrove,NA,61
605397,2021,33,0,0,70.5,96.9,0.3,108.6,NA,0,0,0,0,0,Joe Musgrove,NA,57
605400,2015,6,0,0,90.8,100.4,-8.5,100.7,NA,0,0,0,0,0,Aaron Nola,NA,26
605400,2016,12,0,0,84.5,98,-7.1,103.9,NA,0,0,0,0,0,Aaron Nola,NA,35
605400,2017,23,0,0,82.1,88.4,-11.4,100.1,NA,0,0,0,0,0,Aaron Nola,NA,54
605400,2018,25,0,0,78.6,93.4,-4.8,101.3,NA,0,0,0,0,0,Aaron Nola,NA,70
605400,2019,26,0,0,80.2,96.7,0.1,100.7,NA,0,0,0,0,0,Aaron Nola,NA,70
605400,2021,28,0,0,67.1,95.4,-23,100.8,NA,0,0,0,0,0,Aaron Nola,NA,63
605412,2015,324,8,8,86.8,101.7,11.5,106.7,101.2,2.47,2.47,0,0,0,Joe Panik,NA,432
605412,2016,401,17,17,86.3,100.3,12.9,106.8,101.4,4.24,4.24,0,0,0,Joe Panik,NA,526
605412,2017,463,12,12,84.7,99,11.4,108,101.7,2.59,2.59,0,0,0,Joe Panik,NA,573
605412,2018,331,7,6,86.6,99.9,9.9,108.1,102.4,2.11,1.81,-0.3,-1,14.3,Joe Panik,NA,392
605412,2019,393,6,8,86.4,98.7,12.3,106.2,100.6,1.53,2.04,0.51,2,-33.3,Joe Panik,NA,491
605412,2021,204,2,2,86.1,100.5,9.1,107.4,103.1,0.98,0.98,0,0,0,Joe Panik,NA,257
605421,2018,57,1,0,88.2,100.5,17.9,103.5,98.4,1.75,0,-1.75,-1,100,Michael Pérez,NA,80
605421,2019,27,2,2,92.5,103.2,15.5,105.9,100.8,7.41,7.41,0,0,0,Michael Pérez,NA,55
605421,2021,142,8,8,85,101.1,10.1,106.2,101.3,5.63,5.63,0,0,0,Michael Pérez,NA,231
605421,2022,90,6,3,88.2,101.8,17.6,105.3,102.4,6.67,3.33,-3.34,-3,50,Michael Pérez,NA,132
605421,2023,7,2,0,93.5,108.6,17.3,109.1,108.7,28.57,0,-28.57,-2,100,Michael Pérez,NA,8
605439,2015,3,0,0,91.3,99.1,27.3,100.5,NA,0,0,0,0,0,Michael Reed,NA,6
605439,2016,15,0,0,79.3,91.1,-14.3,95.7,NA,0,0,0,0,0,Michael Reed,NA,24
605439,2018,4,0,0,96.2,102,11.2,102.5,NA,0,0,0,0,0,Michael Reed,NA,7
605439,2019,2,0,0,73.7,95.2,48.5,100.6,NA,0,0,0,0,0,Michael Reed,NA,8
605446,2018,17,0,0,79.7,97.1,2.6,103.6,NA,0,0,0,0,0,Dereck Rodríguez,NA,39
605446,2019,12,0,0,85.4,98.4,12.8,99.8,NA,0,0,0,0,0,Dereck Rodríguez,NA,29
605452,2015,15,0,0,82.6,102.9,1,106.2,NA,0,0,0,0,0,Joe Ross,NA,30
605452,2016,24,0,0,91.2,105.4,3.6,109.1,NA,0,0,0,0,0,Joe Ross,NA,44
605452,2017,15,0,0,87.4,103,0.4,104.5,NA,0,0,0,0,0,Joe Ross,NA,37
605452,2018,2,0,0,74.7,81.2,-20.5,82.9,NA,0,0,0,0,0,Joe Ross,NA,5
605452,2019,8,0,0,87.3,104.4,8.5,105,NA,0,0,0,0,0,Joe Ross,NA,20
605452,2021,23,0,0,68.9,95.1,-15.9,101.2,NA,0,0,0,0,0,Joe Ross,NA,39
605474,2018,8,1,1,86.7,107.7,32.2,110.1,110.1,12.5,12.5,0,0,0,Matt Skole,NA,13
605474,2019,42,0,0,82,97.9,17.5,109.7,NA,0,0,0,0,0,Matt Skole,NA,80
605480,2016,124,3,3,85.4,100.8,1.7,107.1,101.7,2.42,2.42,0,0,0,Mallex Smith,NA,215
605480,2017,180,1,3,80.7,98.3,7,105,105,0.56,1.67,1.11,2,-200,Mallex Smith,NA,282
605480,2018,378,4,3,85.5,99,3.8,104.7,102,1.06,0.79,-0.27,-1,25,Mallex Smith,NA,544
605480,2019,364,7,7,84.9,98.6,7.6,105.7,101.3,1.92,1.92,0,0,0,Mallex Smith,NA,566
605483,2016,1,0,0,68.8,68.8,-37,68.8,NA,0,0,0,0,0,Blake Snell,NA,3
605483,2017,5,0,0,78.7,99.4,-19.8,103,NA,0,0,0,0,0,Blake Snell,NA,7
605483,2021,20,0,0,76.1,97.3,-16.6,98.9,NA,0,0,0,0,0,Blake Snell,NA,37
605486,2015,216,3,3,86.4,103.6,3.7,110.6,102.8,1.39,1.39,0,0,0,Cory Spangenberg,NA,345
605486,2016,33,1,1,83.9,101.3,-2.9,105.7,98.6,3.03,3.03,0,0,0,Cory Spangenberg,NA,53
605486,2017,305,13,14,85.9,101.7,10,108.8,103.1,4.26,4.59,0.33,1,-7.7,Cory Spangenberg,NA,486
605486,2018,186,11,8,87.9,102.2,7.7,107.6,102.9,5.91,4.3,-1.61,-3,27.3,Cory Spangenberg,NA,329
605486,2019,52,3,3,83.9,102.8,3.1,106.3,102.4,5.77,5.77,0,0,0,Cory Spangenberg,NA,102
605490,2019,128,3,3,81.3,98.4,12.1,106.9,101.6,2.34,2.34,0,0,0,Bubba Starling,NA,197
605498,2018,18,0,0,76,95.6,-10.6,100.5,NA,0,0,0,0,0,Andrew Suárez,NA,51
605498,2019,2,0,0,55.1,66.1,-4,68.9,NA,0,0,0,0,0,Andrew Suárez,NA,3
605504,2021,2,0,0,91.9,95.6,29,96.5,NA,0,0,0,0,0,Dillon Thomas,NA,9
605504,2022,5,0,0,82.9,101.1,-5.6,101.5,NA,0,0,0,0,0,Dillon Thomas,NA,14
605507,2021,9,0,0,69.9,102.1,-7,104.8,NA,0,0,0,0,0,Zach Thompson,NA,18
605508,2016,2,0,0,82.3,97.6,-14,101.4,NA,0,0,0,0,0,Charlie Tilson,NA,2
605508,2018,87,0,0,78.4,97.4,0.3,105.4,NA,0,0,0,0,0,Charlie Tilson,NA,121
605508,2019,106,3,3,86.8,102.6,4.9,107.9,102.7,2.83,2.83,0,0,0,Charlie Tilson,NA,157
605509,2015,133,0,0,87.3,99.9,4.2,106.7,NA,0,0,0,0,0,Kelby Tomlinson,NA,193
605509,2016,83,0,0,84.4,99.4,5.4,104.9,NA,0,0,0,0,0,Kelby Tomlinson,NA,120
605509,2017,146,1,1,82.4,96.3,5.7,104.5,100.3,0.68,0.68,0,0,0,Kelby Tomlinson,NA,222
605509,2018,103,1,0,81.9,98.2,2.3,102.3,98.3,0.97,0,-0.97,-1,100,Kelby Tomlinson,NA,152
605512,2015,230,13,12,89.8,106.2,9.8,112.1,104.5,5.65,5.22,-0.43,-1,7.7,Preston Tucker,NA,323
605512,2016,92,5,5,89,108.1,15,110.5,104.1,5.43,5.43,0,0,0,Preston Tucker,NA,144
605512,2018,124,5,5,90.4,105.7,11.6,111.2,104.5,4.03,4.03,0,0,0,Preston Tucker,NA,184
605513,2018,1,0,0,76.4,76.4,-43,76.4,NA,0,0,0,0,0,Spencer Turnbull,NA,2
605513,2019,1,0,0,80,80,69,80,NA,0,0,0,0,0,Spencer Turnbull,NA,8
605520,2018,5,1,1,87.3,97.9,16.8,103.9,103.9,20,20,0,0,0,Mitch Walding,NA,19
605538,2015,23,0,0,79.6,95.3,-2.3,100.4,NA,0,0,0,0,0,Matt Wisler,NA,36
605538,2016,23,0,0,84.2,91.9,-9,100.7,NA,0,0,0,0,0,Matt Wisler,NA,53
605538,2017,2,0,0,88.7,90.1,-19,90.4,NA,0,0,0,0,0,Matt Wisler,NA,3
605538,2018,4,0,0,88.5,99.8,0,102.4,NA,0,0,0,0,0,Matt Wisler,NA,9
605538,2019,1,0,0,100.7,100.7,-16,100.7,NA,0,0,0,0,0,Matt Wisler,NA,1
605540,2017,8,0,0,82.2,103.9,-20.1,105.4,NA,0,0,0,0,0,Brandon Woodruff,NA,12
605540,2018,7,1,1,82.2,103.5,-10,105.1,102.4,14.29,14.29,0,0,0,Brandon Woodruff,NA,10
605540,2019,25,0,0,86,99.9,7.2,107.5,NA,0,0,0,0,0,Brandon Woodruff,NA,49
605540,2021,27,0,0,73.2,95,2.1,100.6,NA,0,0,0,0,0,Brandon Woodruff,NA,58
605541,2015,2,0,0,69.6,96.1,-31,102.7,NA,0,0,0,0,0,Mike Wright Jr.,NA,3
605541,2018,1,0,0,73.8,73.8,-44,73.8,NA,0,0,0,0,0,Mike Wright Jr.,NA,1
605548,2017,199,17,19,87.4,107.4,7,114.6,105.3,8.54,9.55,1.01,2,-11.8,Bradley Zimmer,NA,332
605548,2018,55,5,5,86.9,108.3,5.8,111.9,105.2,9.09,9.09,0,0,0,Bradley Zimmer,NA,114
605548,2019,6,0,0,77,95.1,-7,98.2,NA,0,0,0,0,0,Bradley Zimmer,NA,14
605548,2021,181,16,13,87.7,109.3,7.1,113.9,108.2,8.84,7.18,-1.66,-3,18.8,Bradley Zimmer,NA,348
605548,2022,61,7,5,81.8,103,6.8,108.3,103.6,11.48,8.2,-3.28,-2,28.6,Bradley Zimmer,NA,117
605612,2018,8,0,0,86.4,97.3,4.5,98.6,NA,0,0,0,0,0,Harold Castro,NA,10
605612,2019,270,8,9,86.9,100.1,8.4,105,100.9,2.96,3.33,0.37,1,-12.5,Harold Castro,NA,369
605612,2021,252,8,8,87.4,100.6,9.3,107.2,102.5,3.17,3.17,0,0,0,Harold Castro,NA,339
605612,2022,342,19,16,86.4,101.3,11,107.3,102.4,5.56,4.68,-0.88,-3,15.8,Harold Castro,NA,443
605612,2023,195,6,3,85.7,99.6,9.6,106.1,102.1,3.08,1.54,-1.54,-3,50,Harold Castro,NA,270
605795,2017,1,0,0,68.8,68.8,-19,68.8,NA,0,0,0,0,0,Angel Sánchez,NA,1
605894,2015,6,0,0,79.1,88.9,-13.2,94.4,NA,0,0,0,0,0,Severino González,NA,12
606019,2022,32,1,0,78.1,98.2,8.9,101.9,98.5,3.12,0,-3.12,-1,100,Esteban Quiroz,NA,47
606115,2016,151,3,3,87.3,101.6,6.4,106.5,100.1,1.99,1.99,0,0,0,Orlando Arcia,NA,216
606115,2017,408,14,16,85.5,101.7,6.4,107.3,102.2,3.43,3.92,0.49,2,-14.3,Orlando Arcia,NA,548
606115,2018,259,5,5,86.1,101.8,3.8,107.4,101.7,1.93,1.93,0,0,0,Orlando Arcia,NA,366
606115,2019,384,14,17,87.8,102.3,6.4,109.9,103.2,3.65,4.43,0.78,3,-21.4,Orlando Arcia,NA,546
606115,2021,63,2,2,88.2,102.1,9,108.4,103.6,3.17,3.17,0,0,0,Orlando Arcia,NA,89
606115,2022,159,12,8,90.3,104.7,11.6,107.9,103.3,7.55,5.03,-2.52,-4,33.3,Orlando Arcia,NA,234
606115,2023,386,25,23,88.2,103.4,6,109.4,103.5,6.48,5.96,-0.52,-2,8,Orlando Arcia,NA,533
606115,2024,429,20,12,88.1,102.7,8.8,107.8,102.4,4.66,2.8,-1.86,-8,40,Orlando Arcia,NA,602
606115,2025,155,4,2,87,103.9,7.4,108,102.6,2.58,1.29,-1.29,-2,50,Orlando Arcia,NA,214
606115,2026,1,0,0,79.6,79.6,14,79.6,NA,0,0,0,0,0,Orlando Arcia,NA,2
606131,2016,24,0,0,77.9,99.2,7.1,105.1,NA,0,0,0,0,0,Luis Perdomo,NA,43
606131,2017,25,0,0,79.7,100.8,3.6,103.4,NA,0,0,0,0,0,Luis Perdomo,NA,53
606131,2018,5,0,0,90.5,100.5,20.8,104.5,NA,0,0,0,0,0,Luis Perdomo,NA,9
606131,2019,5,0,0,84,89.7,0.6,92.9,NA,0,0,0,0,0,Luis Perdomo,NA,7
606132,2016,27,0,0,81.1,91.8,13.7,104.4,NA,0,0,0,0,0,Raimel Tapia,NA,41
606132,2017,122,1,2,80.6,96.8,12.7,103.6,102.8,0.82,1.64,0.82,1,-100,Raimel Tapia,NA,171
606132,2018,17,1,1,85.1,98.1,18.1,100.4,100.4,5.88,5.88,0,0,0,Raimel Tapia,NA,27
606132,2019,326,11,12,87.4,100.5,7.3,107.1,101.3,3.37,3.68,0.31,1,-9.1,Raimel Tapia,NA,447
606132,2021,420,8,6,85.5,101.7,-4.7,109.9,101.7,1.9,1.43,-0.47,-2,25,Raimel Tapia,NA,533
606132,2022,333,14,9,87.2,104.5,3.7,111.7,104.3,4.2,2.7,-1.5,-5,35.7,Raimel Tapia,NA,433
606132,2023,111,7,5,84.2,102.7,0.3,109.9,103.5,6.31,4.5,-1.81,-2,28.6,Raimel Tapia,NA,169
606149,2018,1,0,0,82,82,-37,82,NA,0,0,0,0,0,Giovanny Gallegos,NA,1
606149,2019,1,0,0,30.7,30.7,27,30.7,NA,0,0,0,0,0,Giovanny Gallegos,NA,3
606157,2019,141,17,18,87.8,106.6,18.7,118.3,106.7,12.06,12.77,0.71,1,-5.9,Aristides Aquino,NA,225
606157,2021,101,14,13,89,106.4,22.9,113.5,107.2,13.86,12.87,-0.99,-1,7.1,Aristides Aquino,NA,204
606157,2022,154,13,13,85.6,105.2,17.9,113.6,106.4,8.44,8.44,0,0,0,Aristides Aquino,NA,276
606160,2015,1,0,0,68.4,68.4,-13,68.4,NA,0,0,0,0,0,Rafael Montero,NA,2
606160,2016,2,0,0,90,90.6,0,90.7,NA,0,0,0,0,0,Rafael Montero,NA,5
606160,2017,15,0,0,73.6,96.5,-5.3,101.5,NA,0,0,0,0,0,Rafael Montero,NA,28
606162,2018,1,0,0,85.1,85.1,31,85.1,NA,0,0,0,0,0,Yefry Ramírez,NA,2
606162,2019,2,0,0,98.6,99.6,27,99.9,NA,0,0,0,0,0,Yefry Ramírez,NA,2
606162,2021,1,0,0,83,83,-29,83,NA,0,0,0,0,0,Yefry Ramírez,NA,1
606192,2016,72,3,3,90.2,103.7,12.7,109.3,106.9,4.17,4.17,0,0,0,Teoscar Hernández,NA,112
606192,2017,53,8,10,87.1,104.3,19.8,108.8,104.6,15.09,18.87,3.78,2,-25,Teoscar Hernández,NA,95
606192,2018,316,48,43,91.9,107.2,16.9,112.2,105.9,15.19,13.61,-1.58,-5,10.4,Teoscar Hernández,NA,523
606192,2019,265,30,31,91.1,107.1,15.5,112.1,105.7,11.32,11.7,0.38,1,-3.3,Teoscar Hernández,NA,464
606192,2021,400,53,50,91.8,107.8,13.1,115.7,106.9,13.25,12.5,-0.75,-3,5.7,Teoscar Hernández,NA,595
606192,2022,347,49,42,92.6,107.8,11.6,114.1,107.1,14.12,12.1,-2.02,-7,14.3,Teoscar Hernández,NA,535
606192,2023,419,56,49,91.3,107.2,12.3,112.6,106.3,13.37,11.69,-1.68,-7,12.5,Teoscar Hernández,NA,678
606192,2024,401,57,43,90.6,107.1,10.2,114.1,105.9,14.21,10.72,-3.49,-14,24.6,Teoscar Hernández,NA,652
606192,2025,382,43,26,90.2,106.2,9.9,112.5,105.7,11.26,6.81,-4.45,-17,39.5,Teoscar Hernández,NA,546
606192,2026,112,13,9,89.9,104.2,13.6,110.7,103,11.61,8.04,-3.57,-4,30.8,Teoscar Hernández,NA,183
606213,2021,195,14,13,87.3,104.3,15.8,116.8,108.8,7.18,6.67,-0.51,-1,7.1,Yermín Mercedes,NA,262
606213,2022,56,4,3,87.5,103.2,25.4,111.7,103.7,7.14,5.36,-1.78,-1,25,Yermín Mercedes,NA,83
606273,2018,1,0,0,74,74,17,74,NA,0,0,0,0,0,Roenis Elías,NA,2
606273,2019,1,0,0,73.9,73.9,-38,73.9,NA,0,0,0,0,0,Roenis Elías,NA,1
606299,2015,18,0,0,77.4,94.8,15.2,103.1,NA,0,0,0,0,0,José Peraza,NA,25
606299,2016,208,4,4,84.8,100.3,11,107.4,101.9,1.92,1.92,0,0,0,José Peraza,NA,256
606299,2017,412,6,7,82.6,98.4,10.9,106.9,101.3,1.46,1.7,0.24,1,-16.7,José Peraza,NA,518
606299,2018,553,13,9,85.1,100.8,14.9,108.7,102.1,2.35,1.63,-0.72,-4,30.8,José Peraza,NA,683
606299,2019,302,1,1,85,100.5,17.5,109.4,105.5,0.33,0.33,0,0,0,José Peraza,NA,403
606299,2021,116,5,5,84.6,100,20.9,108.3,101.1,4.31,4.31,0,0,0,José Peraza,NA,154
606336,2021,4,0,0,82.9,87.2,39.5,88.8,NA,0,0,0,0,0,Luis Marté,NA,7
606424,2018,2,0,0,86.2,93.2,-23.5,95,NA,0,0,0,0,0,Jarlín García,NA,11
606466,2015,176,3,3,85.7,102.6,5.1,109.3,102.7,1.7,1.7,0,0,0,Ketel Marte,NA,247
606466,2016,353,1,1,84.2,98.9,6.1,113.5,101.4,0.28,0.28,0,0,0,Ketel Marte,NA,466
606466,2017,188,4,6,86.6,105.2,7.2,112.8,104,2.13,3.19,1.06,2,-50,Ketel Marte,NA,255
606466,2018,441,20,20,88.6,105.7,5.5,115.1,104.7,4.54,4.54,0,0,0,Ketel Marte,NA,580
606466,2019,484,43,45,89.9,106.8,11.6,116.3,106.1,8.88,9.3,0.42,2,-4.7,Ketel Marte,NA,628
606466,2021,281,21,17,90.8,107.3,9.9,116,105.4,7.47,6.05,-1.42,-4,19,Ketel Marte,NA,374
606466,2022,395,22,15,90,106.4,13.3,115,105.6,5.57,3.8,-1.77,-7,31.8,Ketel Marte,NA,558
606466,2023,465,38,28,90.9,106.7,10.6,117.1,105.8,8.17,6.02,-2.15,-10,26.3,Ketel Marte,NA,650
606466,2024,406,50,42,93.7,108.5,9.2,117,106,12.32,10.34,-1.98,-8,16,Ketel Marte,NA,583
606466,2025,398,53,42,90.7,107.4,15,119.6,107.2,13.32,10.55,-2.77,-11,20.8,Ketel Marte,NA,556
606466,2026,149,16,10,91.3,107.9,9.4,116.9,106.5,10.74,6.71,-4.03,-6,37.5,Ketel Marte,NA,194
606956,2019,13,2,2,81,105.6,16.3,107.1,101.9,15.38,15.38,0,0,0,Ryan Court,NA,25
606959,2017,1,0,0,92.1,92.1,26,92.1,NA,0,0,0,0,0,Rookie Davis,NA,8
606959,2019,1,0,0,83.8,83.8,-49,83.8,NA,0,0,0,0,0,Rookie Davis,NA,1
606988,2018,67,4,4,87.9,103.6,10.7,110.1,103.2,5.97,5.97,0,0,0,Grayson Greiner,NA,116
606988,2019,139,8,8,86.6,104.1,12.3,107.8,103.4,5.76,5.76,0,0,0,Grayson Greiner,NA,224
606988,2021,42,2,1,84.3,103,14,108.5,101.2,4.76,2.38,-2.38,-1,50,Grayson Greiner,NA,82
606988,2022,3,0,0,89.7,94.5,12.7,95.9,NA,0,0,0,0,0,Grayson Greiner,NA,8
606992,2018,10,0,0,76.8,87.3,12,93.5,NA,0,0,0,0,0,Eric Haase,NA,17
606992,2019,8,1,1,87.3,103.7,9.9,112.3,112.3,12.5,12.5,0,0,0,Eric Haase,NA,17
606992,2021,234,31,30,90.9,107.8,16,113.2,106.4,13.25,12.82,-0.43,-1,3.2,Eric Haase,NA,381
606992,2022,227,19,14,87.7,105.4,17.4,109.9,104.6,8.37,6.17,-2.2,-5,26.3,Eric Haase,NA,351
606992,2023,195,8,4,86.8,103.1,13,109.9,102.6,4.1,2.05,-2.05,-4,50,Eric Haase,NA,293
606992,2024,38,5,5,88.6,105.9,10.6,109.6,106.5,13.16,13.16,0,0,0,Eric Haase,NA,69
606992,2025,40,4,4,81.8,104.4,4.4,108.8,106.2,10,10,0,0,0,Eric Haase,NA,77
606992,2026,18,3,3,83,102.2,17.3,103.6,102.7,16.67,16.67,0,0,0,Eric Haase,NA,26
606993,2021,12,0,0,86.2,95.1,5.8,99.3,NA,0,0,0,0,0,Jake Hager,NA,30
606993,2022,34,1,1,75.4,98.2,12.8,102.7,102.7,2.94,2.94,0,0,0,Jake Hager,NA,59
607043,2016,51,1,1,87.9,104.5,10.4,108.7,106.6,1.96,1.96,0,0,0,Brandon Nimmo,NA,80
607043,2017,119,8,8,89.2,103.3,10.1,109.9,104.8,6.72,6.72,0,0,0,Brandon Nimmo,NA,215
607043,2018,292,17,16,89.5,105.1,10.4,110.9,104.5,5.82,5.48,-0.34,-1,5.9,Brandon Nimmo,NA,535
607043,2019,130,8,9,88.8,105.1,12.1,109.9,102.5,6.15,6.92,0.77,1,-12.5,Brandon Nimmo,NA,254
607043,2021,246,10,8,88.6,103.5,8.4,111.5,102.9,4.07,3.25,-0.82,-2,20,Brandon Nimmo,NA,386
607043,2022,468,30,20,88.5,104.8,6,111.9,103.3,6.41,4.27,-2.14,-10,33.3,Brandon Nimmo,NA,673
607043,2023,451,43,32,91.6,105.2,12,112,105.6,9.53,7.1,-2.43,-11,25.6,Brandon Nimmo,NA,682
607043,2024,415,35,25,91.9,105.4,11.2,111.5,104.9,8.43,6.02,-2.41,-10,28.6,Brandon Nimmo,NA,663
607043,2025,454,38,23,91.8,106.2,11,112.3,104.6,8.37,5.07,-3.3,-15,39.5,Brandon Nimmo,NA,652
607043,2026,144,12,9,91.4,104.6,8.9,109,104.2,8.33,6.25,-2.08,-3,25,Brandon Nimmo,NA,207
607054,2015,397,12,12,86,101.8,9.2,110,103.5,3.02,3.02,0,0,0,Jace Peterson,NA,597
607054,2016,282,7,7,87.7,101.5,3.2,108.1,101.5,2.48,2.48,0,0,0,Jace Peterson,NA,408
607054,2017,133,6,9,86.9,103.2,5.5,107.7,103.2,4.51,6.77,2.26,3,-50,Jace Peterson,NA,215
607054,2018,152,5,5,87.3,103.1,10.8,107.7,103.7,3.29,3.29,0,0,0,Jace Peterson,NA,246
607054,2019,76,2,2,88.4,100.4,9.5,109.6,101.2,2.63,2.63,0,0,0,Jace Peterson,NA,108
607054,2021,192,9,8,87.4,102.8,11.8,110.8,104,4.69,4.17,-0.52,-1,11.1,Jace Peterson,NA,302
607054,2022,207,12,8,87.6,102.3,8.8,108.8,103.7,5.8,3.86,-1.94,-4,33.3,Jace Peterson,NA,328
607054,2023,277,11,9,84.7,101,13.6,110.1,102.5,3.97,3.25,-0.72,-2,18.2,Jace Peterson,NA,430
607054,2024,17,0,0,82.6,98.5,-12.4,102,NA,0,0,0,0,0,Jace Peterson,NA,26
607067,2015,6,0,0,82.7,97.4,-2.8,99.6,NA,0,0,0,0,0,Colin Rea,NA,12
607067,2016,16,0,0,82.5,96.2,13.6,100,NA,0,0,0,0,0,Colin Rea,NA,39
607074,2015,1,0,0,37,37,-65,37,NA,0,0,0,0,0,Carlos Rodón,NA,3
607074,2017,4,0,0,88.6,100,37.8,104.2,NA,0,0,0,0,0,Carlos Rodón,NA,7
607074,2021,2,0,0,77.1,78.1,2,78.4,NA,0,0,0,0,0,Carlos Rodón,NA,3
607111,2021,17,1,0,81.7,102.6,11.1,104.4,100,5.88,0,-5.88,-1,100,Jacob Wilson,NA,21
607188,2021,2,0,0,95.7,99.8,-2,100.8,NA,0,0,0,0,0,Jake Faria,NA,3
607192,2016,3,0,0,93.8,100.1,-7.3,100.7,NA,0,0,0,0,0,Tyler Glasnow,NA,7
607192,2017,10,0,0,74.7,95.1,-16,101.9,NA,0,0,0,0,0,Tyler Glasnow,NA,23
607192,2019,1,0,0,35.2,35.2,-24,35.2,NA,0,0,0,0,0,Tyler Glasnow,NA,2
607200,2017,1,0,0,82.9,82.9,-21,82.9,NA,0,0,0,0,0,Erick Fedde,NA,5
607200,2018,9,0,0,80.9,89.2,-15.9,98.7,NA,0,0,0,0,0,Erick Fedde,NA,17
607200,2019,9,0,0,81.5,96.3,-0.2,96.5,NA,0,0,0,0,0,Erick Fedde,NA,20
607200,2021,28,0,0,67.5,97,-16.8,103.6,NA,0,0,0,0,0,Erick Fedde,NA,43
607208,2015,28,1,1,86.2,99.6,5.1,103,102,3.57,3.57,0,0,0,Trea Turner,NA,44
607208,2016,229,16,16,89.9,105.4,11.8,113.5,104.6,6.99,6.99,0,0,0,Trea Turner,NA,324
607208,2017,330,17,20,89.1,104.6,7,111.9,104.3,5.15,6.06,0.91,3,-17.6,Trea Turner,NA,447
607208,2018,525,30,27,88.6,103.9,9.1,112.3,103.1,5.71,5.14,-0.57,-3,10,Trea Turner,NA,740
607208,2019,410,25,26,90.3,106,9.7,113.5,104.5,6.1,6.34,0.24,1,-4,Trea Turner,NA,569
607208,2021,487,35,32,89.6,105.7,11.4,112.2,104.5,7.19,6.57,-0.62,-3,8.6,Trea Turner,NA,646
607208,2022,524,38,28,88.9,104.4,10.4,112.5,103.4,7.25,5.34,-1.91,-10,26.3,Trea Turner,NA,708
607208,2023,490,37,28,89.9,104.8,13,110.8,103.4,7.55,5.71,-1.84,-9,24.3,Trea Turner,NA,691
607208,2024,407,28,18,89.1,103.8,11.5,110.6,104.3,6.88,4.42,-2.46,-10,35.7,Trea Turner,NA,539
607208,2025,484,26,11,89.3,104.2,9.1,111.7,102.9,5.37,2.27,-3.1,-15,57.7,Trea Turner,NA,639
607208,2026,156,7,5,90.2,103.8,11.6,109.7,104.6,4.49,3.21,-1.28,-2,28.6,Trea Turner,NA,218
607215,2018,1,0,0,100.1,100.1,0,100.1,NA,0,0,0,0,0,Eric Skoglund,NA,3
607219,2017,7,0,1,76.8,96.9,-24.1,100.5,NA,0,14.29,14.29,1,0,Sal Romano,NA,30
607219,2018,12,0,0,79.3,96,-4.5,103,NA,0,0,0,0,0,Sal Romano,NA,40
607219,2019,1,0,0,62.5,62.5,-54,62.5,NA,0,0,0,0,0,Sal Romano,NA,2
607219,2021,1,0,0,41.6,41.6,-69,41.6,NA,0,0,0,0,0,Sal Romano,NA,2
607223,2016,75,6,6,88.7,103.7,11.8,109.7,103.8,8,8,0,0,0,AJ Reed,NA,141
607223,2017,5,0,0,84.1,91,19.6,96.4,NA,0,0,0,0,0,AJ Reed,NA,6
607223,2018,2,0,0,73,81.2,21.5,83.3,NA,0,0,0,0,0,AJ Reed,NA,3
607223,2019,24,2,2,88.3,101.4,20.5,106.7,106.4,8.33,8.33,0,0,0,AJ Reed,NA,49
607229,2016,6,0,0,50.2,64.7,-10.5,80,NA,0,0,0,0,0,Robert Gsellman,NA,17
607229,2017,19,0,0,85.9,97.4,-3.9,100.2,NA,0,0,0,0,0,Robert Gsellman,NA,44
607229,2018,1,0,0,87,87,-60,87,NA,0,0,0,0,0,Robert Gsellman,NA,4
607229,2021,1,0,0,97.1,97.1,-54,97.1,NA,0,0,0,0,0,Robert Gsellman,NA,6
607231,2016,7,0,0,76.7,99,-23.4,104.8,NA,0,0,0,0,0,John Gant,NA,10
607231,2017,3,0,0,85.7,97,-23,100,NA,0,0,0,0,0,John Gant,NA,3
607231,2018,17,2,2,76.8,99.5,-2.4,103.3,101.7,11.76,11.76,0,0,0,John Gant,NA,34
607231,2019,1,0,0,90.3,90.3,33,90.3,NA,0,0,0,0,0,John Gant,NA,3
607231,2021,10,0,0,53.9,90.9,-13.5,99.2,NA,0,0,0,0,0,John Gant,NA,18
607237,2017,9,0,0,83,94.9,5.6,96.8,NA,0,0,0,0,0,Amir Garrett,NA,23
607237,2018,1,0,0,96.4,96.4,4,96.4,NA,0,0,0,0,0,Amir Garrett,NA,2
607249,2022,5,0,0,94.5,102.9,9,105.2,NA,0,0,0,0,0,Jason Krizan,NA,10
607257,2016,4,0,0,77,84.6,-7.8,85.3,NA,0,0,0,0,0,Raffy Lopez,NA,7
607257,2017,34,5,5,85.9,100.3,19.9,104.4,100.3,14.71,14.71,0,0,0,Raffy Lopez,NA,63
607257,2018,58,2,2,86.2,97.7,19.3,106.3,103.5,3.45,3.45,0,0,0,Raffy Lopez,NA,117
607259,2015,1,0,0,89.6,89.6,39,89.6,NA,0,0,0,0,0,Nick Martinez,NA,4
607259,2016,1,0,0,71.2,71.2,-15,71.2,NA,0,0,0,0,0,Nick Martinez,NA,2
607297,2017,5,0,0,88.4,94.9,41.8,95.6,NA,0,0,0,0,0,O'Koyea Dickson,NA,9
607333,2018,3,0,0,89.6,92.1,14,92.3,NA,0,0,0,0,0,Beau Taylor,NA,6
607333,2019,18,2,2,89.7,101.1,6.1,102.8,101.3,11.11,11.11,0,0,0,Beau Taylor,NA,30
607345,2016,10,0,0,92.4,105.6,6.2,108.4,NA,0,0,0,0,0,Kevan Smith,NA,16
607345,2017,232,6,8,85.7,102.1,5.5,108.9,103.8,2.59,3.45,0.86,2,-33.3,Kevan Smith,NA,294
607345,2018,154,6,4,87.9,102.2,0.2,109.3,102.1,3.9,2.6,-1.3,-2,33.3,Kevan Smith,NA,187
607345,2019,153,9,9,89.5,103.1,5.7,110.1,103.9,5.88,5.88,0,0,0,Kevan Smith,NA,211
607345,2021,64,1,0,87.5,103.3,5.6,108.9,103,1.56,0,-1.56,-1,100,Kevan Smith,NA,106
607352,2017,3,0,0,61.1,78.7,-37,82.9,NA,0,0,0,0,0,Joe Biagini,NA,3
607359,2016,1,0,0,82.9,82.9,-21,82.9,NA,0,0,0,0,0,Spencer Patton,NA,2
607369,2017,28,1,2,84.1,103,10.3,108.7,108.6,3.57,7.14,3.57,1,-100,Travis Taijeron,NA,59
607374,2016,1,0,0,88.4,88.4,35,88.4,NA,0,0,0,0,0,Nick Tropeano,NA,2
607385,2015,147,8,8,87.8,103.1,14.3,109,103.2,5.44,5.44,0,0,0,Tyler Collins,NA,207
607385,2016,97,6,6,90.1,104.3,16,107.9,104.3,6.19,6.19,0,0,0,Tyler Collins,NA,151
607385,2017,95,6,6,89.9,105.3,14.7,108.7,104.5,6.32,6.32,0,0,0,Tyler Collins,NA,169
607387,2015,49,3,3,86.1,104.7,9.3,110.2,104.6,6.12,6.12,0,0,0,Ryan Rua,NA,86
607387,2016,164,11,11,90.5,107.2,10,117,105.7,6.71,6.71,0,0,0,Ryan Rua,NA,269
607387,2017,77,6,7,84.9,107.8,11.8,116.2,109.2,7.79,9.09,1.3,1,-16.7,Ryan Rua,NA,144
607387,2018,87,8,8,90.4,107.5,14.4,114,105.1,9.2,9.2,0,0,0,Ryan Rua,NA,147
607391,2019,2,0,0,81,81.9,31.5,82.1,NA,0,0,0,0,0,Chris Mazza,NA,3
607430,2018,43,0,0,83.2,96.2,17.9,99.9,NA,0,0,0,0,0,John Andreoli,NA,67
607430,2021,3,0,0,88.7,102.7,10.7,105.6,NA,0,0,0,0,0,John Andreoli,NA,7
607455,2017,2,0,0,67.2,74.8,-7.5,76.7,NA,0,0,0,0,0,Anthony Banda,NA,6
607455,2021,1,0,0,83.1,83.1,2,83.1,NA,0,0,0,0,0,Anthony Banda,NA,1
607461,2019,215,11,11,89.4,105.4,10.3,114.3,105.8,5.12,5.12,0,0,0,Matt Beaty,NA,268
607461,2021,160,5,5,86.7,102,12.3,109,103,3.12,3.12,0,0,0,Matt Beaty,NA,234
607461,2022,35,0,0,83.6,102,10.5,105.4,NA,0,0,0,0,0,Matt Beaty,NA,47
607461,2023,47,0,0,82.3,95.8,7.5,106.1,NA,0,0,0,0,0,Matt Beaty,NA,72
607468,2018,88,1,0,86.7,101.1,8.8,106.8,98.2,1.14,0,-1.14,-1,100,Alex Blandino,NA,147
607468,2019,24,1,1,90.1,104.4,12.5,107.3,102.5,4.17,4.17,0,0,0,Alex Blandino,NA,50
607468,2021,42,0,0,83.9,102.3,14.9,107.2,NA,0,0,0,0,0,Alex Blandino,NA,82
607471,2017,18,0,1,86.7,101.5,7.4,103.7,NA,0,5.56,5.56,1,0,Christopher Bostick,NA,32
607471,2018,9,0,0,79.8,100.9,16.4,102.5,NA,0,0,0,0,0,Christopher Bostick,NA,18
607536,2017,20,1,1,79.5,100.6,-5.6,103,102.8,5,5,0,0,0,Kyle Freeland,NA,56
607536,2018,22,0,0,78.1,102,9.2,106.1,NA,0,0,0,0,0,Kyle Freeland,NA,71
607536,2019,7,0,0,83.9,101,-9.7,102.3,NA,0,0,0,0,0,Kyle Freeland,NA,31
607536,2021,21,0,0,61.1,96.3,3.6,105.2,NA,0,0,0,0,0,Kyle Freeland,NA,40
607560,2021,1,0,0,37.8,37.8,-42,37.8,NA,0,0,0,0,0,Ryne Harper,NA,2
607625,2016,13,0,0,86.1,98.9,9.3,101.9,NA,0,0,0,0,0,Seth Lugo,NA,18
607625,2017,19,1,1,84,101,-4.6,105.4,104.4,5.26,5.26,0,0,0,Seth Lugo,NA,34
607625,2018,3,0,0,92.3,95.7,-6.7,97,NA,0,0,0,0,0,Seth Lugo,NA,13
607625,2019,1,0,0,75,75,15,75,NA,0,0,0,0,0,Seth Lugo,NA,1
607625,2021,1,0,0,22.8,22.8,34,22.8,NA,0,0,0,0,0,Seth Lugo,NA,1
607644,2019,1,0,0,80.7,80.7,-34,80.7,NA,0,0,0,0,0,John Means,NA,3
607644,2021,3,1,1,63.1,92.2,-24.3,102.7,102.7,33.33,33.33,0,0,0,John Means,NA,5
607680,2015,492,9,9,85,102.2,13,112.4,102.7,1.83,1.83,0,0,0,Kevin Pillar,NA,628
607680,2016,454,13,13,86.5,104.5,11,113,105,2.86,2.86,0,0,0,Kevin Pillar,NA,584
607680,2017,492,15,19,85.9,102.7,13,111.9,103.9,3.05,3.86,0.81,4,-26.7,Kevin Pillar,NA,632
607680,2018,420,22,16,87.1,104.2,16.5,111.1,103.2,5.24,3.81,-1.43,-6,27.3,Kevin Pillar,NA,542
607680,2019,528,24,24,86,103.5,13.9,111.7,104.4,4.55,4.55,0,0,0,Kevin Pillar,NA,645
607680,2021,245,18,14,85.8,103,20.2,110.5,103.7,7.35,5.71,-1.64,-4,22.2,Kevin Pillar,NA,347
607680,2022,8,1,1,88.2,105.5,10.5,107.9,104.4,12.5,12.5,0,0,0,Kevin Pillar,NA,13
607680,2023,150,12,8,87.5,103.2,17.7,110.2,102.6,8,5.33,-2.67,-4,33.3,Kevin Pillar,NA,206
607680,2024,219,8,6,84.4,101.8,17.7,108.8,102.3,3.65,2.74,-0.91,-2,25,Kevin Pillar,NA,314
607680,2025,35,1,0,86.1,99.3,14.9,104.7,99.4,2.86,0,-2.86,-1,100,Kevin Pillar,NA,43
607732,2016,8,0,0,91.8,99.6,11.2,100.4,NA,0,0,0,0,0,Jacob Stallings,NA,15
607732,2017,12,0,0,79.5,97.6,6.3,103,NA,0,0,0,0,0,Jacob Stallings,NA,16
607732,2018,29,0,0,89.6,103,10.5,105.7,NA,0,0,0,0,0,Jacob Stallings,NA,41
607732,2019,147,7,9,89.2,102.1,11.4,106.1,102.7,4.76,6.12,1.36,2,-28.6,Jacob Stallings,NA,210
607732,2021,291,13,11,87.9,101.6,10.6,106.2,102,4.47,3.78,-0.69,-2,15.4,Jacob Stallings,NA,427
607732,2022,266,9,3,86.3,100.8,12.7,109.5,101.2,3.38,1.13,-2.25,-6,66.7,Jacob Stallings,NA,384
607732,2023,176,10,4,88.1,101.8,8.6,106.8,102.1,5.68,2.27,-3.41,-6,60,Jacob Stallings,NA,276
607732,2024,178,13,9,86.3,101.6,12.7,107.2,102.1,7.3,5.06,-2.24,-4,30.8,Jacob Stallings,NA,281
607732,2025,80,1,0,84.7,98.3,10.2,104.4,98.2,1.25,0,-1.25,-1,100,Jacob Stallings,NA,129
607752,2017,53,0,1,88.4,103.1,7.7,107.3,NA,0,1.89,1.89,1,0,Sam Travis,NA,83
607752,2018,26,0,0,88.1,100.2,2,104.9,NA,0,0,0,0,0,Sam Travis,NA,38
607752,2019,109,7,8,89.1,106.4,7.9,110.4,107.3,6.42,7.34,0.92,1,-14.3,Sam Travis,NA,157
607776,2015,24,1,1,92.1,108.6,12.4,114.4,105,4.17,4.17,0,0,0,Mac Williamson,NA,34
607776,2016,75,7,7,91.5,109,8.1,116.8,110,9.33,9.33,0,0,0,Mac Williamson,NA,127
607776,2017,43,2,2,82.8,105.5,8,109.5,104.4,4.65,4.65,0,0,0,Mac Williamson,NA,73
607776,2018,67,5,5,87.3,105.8,2,114.2,110.3,7.46,7.46,0,0,0,Mac Williamson,NA,105
607776,2019,83,3,3,85.4,103.4,8.9,110.6,106.9,3.61,3.61,0,0,0,Mac Williamson,NA,144
607968,2018,1,0,0,39.1,39.1,-43,39.1,NA,0,0,0,0,0,Drew Rucinski,NA,4
608061,2016,91,2,2,85.7,101.1,13.2,105.6,100.2,2.2,2.2,0,0,0,T.J. Rivera,NA,113
608061,2017,184,2,4,84.4,100.1,14.4,105.5,99.8,1.09,2.17,1.08,2,-100,T.J. Rivera,NA,231
608070,2015,271,5,5,86.1,99.4,11.4,106.7,101.4,1.85,1.85,0,0,0,José Ramírez,NA,355
608070,2016,502,12,13,88.3,101.6,13.1,110.7,101.1,2.39,2.59,0.2,1,-8.3,José Ramírez,NA,618
608070,2017,515,24,32,88.2,102.7,14.9,108.3,103.3,4.66,6.21,1.55,8,-33.3,José Ramírez,NA,645
608070,2018,492,37,30,89,102.6,19,110.2,103.2,7.52,6.1,-1.42,-7,18.9,José Ramírez,NA,698
608070,2019,413,24,26,89.1,103.5,19.6,112.1,104,5.81,6.3,0.49,2,-8.3,José Ramírez,NA,542
608070,2021,467,49,43,89.8,105.8,18.2,112.6,104.9,10.49,9.21,-1.28,-6,12.2,José Ramírez,NA,636
608070,2022,527,35,24,87.7,103.9,20.9,114.2,104.3,6.64,4.55,-2.09,-11,31.4,José Ramírez,NA,685
608070,2023,544,35,23,90,104.6,18,111.6,104.1,6.43,4.23,-2.2,-12,34.3,José Ramírez,NA,691
608070,2024,544,44,31,89.2,103.9,19.6,116.6,104.2,8.09,5.7,-2.39,-13,29.5,José Ramírez,NA,682
608070,2025,524,36,19,89,104.2,19.2,111.6,103.8,6.87,3.63,-3.24,-17,47.2,José Ramírez,NA,673
608070,2026,155,12,10,90.1,104,20.5,110.8,104.3,7.74,6.45,-1.29,-2,16.7,José Ramírez,NA,226
608324,2016,149,8,9,88.1,102.3,18.8,106.2,102.3,5.37,6.04,0.67,1,-12.5,Alex Bregman,NA,217
608324,2017,464,19,23,87.5,102,16.3,105.6,102,4.09,4.96,0.87,4,-21.1,Alex Bregman,NA,626
608324,2018,509,39,30,89.2,102.3,16.7,107.6,101.8,7.66,5.89,-1.77,-9,23.1,Alex Bregman,NA,705
608324,2019,468,21,25,89.3,102.5,19.6,107.4,101.7,4.49,5.34,0.85,4,-19,Alex Bregman,NA,690
608324,2021,298,17,13,89,102.3,15.9,107.5,102.2,5.7,4.36,-1.34,-4,23.5,Alex Bregman,NA,400
608324,2022,480,30,15,88.9,102,19.5,109.2,101.3,6.25,3.12,-3.13,-15,50,Alex Bregman,NA,656
608324,2023,537,27,19,88.6,101.6,17.6,107.5,102.1,5.03,3.54,-1.49,-8,29.6,Alex Bregman,NA,724
608324,2024,498,30,18,89.1,102.7,18.3,109.1,102.7,6.02,3.61,-2.41,-12,40,Alex Bregman,NA,634
608324,2025,365,19,12,90.1,102.8,17.7,109.6,102.5,5.21,3.29,-1.92,-7,36.8,Alex Bregman,NA,495
608324,2026,158,10,5,89.1,102.2,14.1,108.3,102.6,6.33,3.16,-3.17,-5,50,Alex Bregman,NA,223
608325,2016,4,0,0,88.7,100.7,9.2,102.2,NA,0,0,0,0,0,Gavin Cecchini,NA,7
608325,2017,58,1,1,80.5,98.1,16.3,103.9,102.8,1.72,1.72,0,0,0,Gavin Cecchini,NA,82
608328,2021,10,0,0,65.8,89.4,-18.8,102.5,NA,0,0,0,0,0,Chase De Jong,NA,15
608331,2017,3,0,0,81.2,84.7,-9,85.4,NA,0,0,0,0,0,Max Fried,NA,9
608331,2018,5,0,0,81.4,96.7,-16.4,102.5,NA,0,0,0,0,0,Max Fried,NA,8
608331,2019,39,0,0,86.5,100.2,-3.6,103,NA,0,0,0,0,0,Max Fried,NA,65
608331,2021,45,0,0,77.2,101.5,-4.8,105.8,NA,0,0,0,0,0,Max Fried,NA,67
608334,2019,1,0,0,102.8,102.8,-2,102.8,NA,0,0,0,0,0,Carson Fulmer,NA,1
608334,2021,2,0,0,67.4,79.7,-37,82.8,NA,0,0,0,0,0,Carson Fulmer,NA,2
608336,2015,50,8,8,91.2,108.5,15.2,115,108.4,16,16,0,0,0,Joey Gallo,NA,123
608336,2016,6,1,1,85.8,101.3,37.7,109.6,109.6,16.67,16.67,0,0,0,Joey Gallo,NA,30
608336,2017,252,54,61,93.3,110.7,22.9,117.3,109,21.43,24.21,2.78,7,-13,Joey Gallo,NA,532
608336,2018,293,64,62,93.9,110.6,21.6,117.5,109.3,21.84,21.16,-0.68,-2,3.1,Joey Gallo,NA,577
608336,2019,126,33,35,93.9,111.2,21.3,115.4,109.5,26.19,27.78,1.59,2,-6.1,Joey Gallo,NA,297
608336,2021,284,51,49,89.8,109.1,20.7,115.1,108.4,17.96,17.25,-0.71,-2,3.9,Joey Gallo,NA,616
608336,2022,188,33,25,89.1,107.7,23.2,113,107.4,17.55,13.3,-4.25,-8,24.2,Joey Gallo,NA,410
608336,2023,140,26,23,92.7,108.2,26.5,112.6,108.4,18.57,16.43,-2.14,-3,11.5,Joey Gallo,NA,332
608336,2024,122,15,10,90.2,104.4,25.2,109,104.5,12.3,8.2,-4.1,-5,33.3,Joey Gallo,NA,260
608337,2016,3,0,0,85.4,94.9,-4.7,96,NA,0,0,0,0,0,Lucas Giolito,NA,6
608337,2018,2,0,0,68.4,74.6,30,76.1,NA,0,0,0,0,0,Lucas Giolito,NA,6
608337,2019,1,0,0,89.2,89.2,16,89.2,NA,0,0,0,0,0,Lucas Giolito,NA,4
608337,2021,1,0,0,105.6,105.6,0,105.6,NA,0,0,0,0,0,Lucas Giolito,NA,4
608339,2019,8,0,0,90.4,103.1,6.9,107.2,NA,0,0,0,0,0,Zach Green,NA,16
608344,2019,4,0,0,87.1,94.6,14.5,98.2,NA,0,0,0,0,0,Cole Irvin,NA,8
608344,2021,5,0,0,67.1,93.5,-12.6,93.7,NA,0,0,0,0,0,Cole Irvin,NA,7
608348,2016,11,0,0,89.3,102.4,10.5,103.6,NA,0,0,0,0,0,Carson Kelly,NA,14
608348,2017,57,1,2,81.9,100.1,6.7,104.4,101.4,1.75,3.51,1.76,1,-100,Carson Kelly,NA,75
608348,2018,28,2,2,85.1,99.5,10.2,100.3,99.9,7.14,7.14,0,0,0,Carson Kelly,NA,42
608348,2019,235,18,21,88.9,103.3,14.2,109.1,102.5,7.66,8.94,1.28,3,-16.7,Carson Kelly,NA,365
608348,2021,235,18,15,88.2,103,18.6,109.2,102.8,7.66,6.38,-1.28,-3,16.7,Carson Kelly,NA,359
608348,2022,249,13,8,87.4,102.7,14.9,109.4,103.1,5.22,3.21,-2.01,-5,38.5,Carson Kelly,NA,354
608348,2023,97,2,2,86.8,101.8,15.6,107.3,105,2.06,2.06,0,0,0,Carson Kelly,NA,151
608348,2024,226,16,11,87.6,103.4,13.6,107.7,102.3,7.08,4.87,-2.21,-5,31.2,Carson Kelly,NA,313
608348,2025,293,26,16,88.8,103.6,16.4,110.1,103.4,8.87,5.46,-3.41,-10,38.5,Carson Kelly,NA,421
608348,2026,94,7,3,90,103.6,13.5,108.4,102.3,7.45,3.19,-4.26,-4,57.1,Carson Kelly,NA,134
608349,2021,1,0,0,90.5,90.5,-11,90.5,NA,0,0,0,0,0,Corey Knebel,NA,2
608360,2022,7,0,0,86.2,95.2,16,102.2,NA,0,0,0,0,0,Chris Okey,NA,13
608365,2015,324,17,17,86.5,100.9,14.8,109.2,102.1,5.25,5.25,0,0,0,Addison Russell,NA,523
608365,2016,390,35,35,87.4,102.4,15.2,108.1,103.3,8.97,8.97,0,0,0,Addison Russell,NA,598
608365,2017,260,12,15,88,102.2,14.8,110,104.4,4.62,5.77,1.15,3,-25,Addison Russell,NA,385
608365,2018,323,7,5,86.5,101,12.1,108.2,102.7,2.17,1.55,-0.62,-2,28.6,Addison Russell,NA,465
608365,2019,159,10,11,86.6,102.2,8.9,107.2,102,6.29,6.92,0.63,1,-10,Addison Russell,NA,241
608369,2015,78,6,6,90.4,107.4,9.2,110.3,104.9,7.69,7.69,0,0,0,Corey Seager,NA,113
608369,2016,491,40,40,91,105.5,10.1,112.7,105.3,8.15,8.15,0,0,0,Corey Seager,NA,687
608369,2017,411,35,37,89.7,105.3,11,110.9,104.2,8.52,9,0.48,2,-5.7,Corey Seager,NA,613
608369,2018,83,6,6,92.4,106,9.9,112,109.6,7.23,7.23,0,0,0,Corey Seager,NA,115
608369,2019,390,24,26,88.8,102.5,14.3,109.7,103.9,6.15,6.67,0.52,2,-8.3,Corey Seager,NA,541
608369,2021,290,35,29,91,106.4,10.7,115.3,105.8,12.07,10,-2.07,-6,17.1,Corey Seager,NA,409
608369,2022,493,52,42,91.1,105.8,13.7,111.3,104.6,10.55,8.52,-2.03,-10,19.2,Corey Seager,NA,663
608369,2023,395,57,46,93.3,107.4,13,114.4,106.1,14.43,11.65,-2.78,-11,19.3,Corey Seager,NA,536
608369,2024,379,56,39,92.1,107.4,13.5,113.3,105.2,14.78,10.29,-4.49,-17,30.4,Corey Seager,NA,533
608369,2025,295,45,36,92.9,108,11.6,112.4,106.2,15.25,12.2,-3.05,-9,20,Corey Seager,NA,445
608369,2026,108,15,11,91.1,107.4,12.6,110.3,105.8,13.89,10.19,-3.7,-4,26.7,Corey Seager,NA,182
608371,2017,6,0,0,84.4,96,8,100,NA,0,0,0,0,0,Lucas Sims,NA,18
608371,2019,3,0,0,92.3,95.7,5.7,96.9,NA,0,0,0,0,0,Lucas Sims,NA,8
608371,2021,1,0,0,54.6,54.6,-49,54.6,NA,0,0,0,0,0,Lucas Sims,NA,2
608379,2015,31,0,0,81.5,95.5,0.3,98.5,NA,0,0,0,0,0,Michael Wacha,NA,62
608379,2016,14,0,0,81.5,93.7,-2.6,101.8,NA,0,0,0,0,0,Michael Wacha,NA,45
608379,2017,22,0,0,86,96.5,-2.8,100,NA,0,0,0,0,0,Michael Wacha,NA,55
608379,2018,16,0,0,79.3,89.4,-1.4,90.3,NA,0,0,0,0,0,Michael Wacha,NA,32
608379,2019,15,0,0,78.4,97.3,7.3,99.5,NA,0,0,0,0,0,Michael Wacha,NA,39
608384,2017,220,17,20,88.1,104.6,7.7,109.2,102.8,7.73,9.09,1.36,3,-17.6,Nick Williams,NA,343
608384,2018,295,20,19,88.6,105.3,10.4,113.3,105.6,6.78,6.44,-0.34,-1,5,Nick Williams,NA,448
608384,2019,63,4,4,86.7,106.9,10.9,109.9,106.6,6.35,6.35,0,0,0,Nick Williams,NA,112
608384,2021,6,0,0,86,102.7,13.8,104.6,NA,0,0,0,0,0,Nick Williams,NA,13
608385,2017,97,5,7,88,100.5,8,107.2,103.5,5.15,7.22,2.07,2,-40,Jesse Winker,NA,137
608385,2018,234,14,13,90.9,105,13.8,114.1,104.7,5.98,5.56,-0.42,-1,7.1,Jesse Winker,NA,334
608385,2019,269,11,12,89.2,104.2,7.2,110.8,103.7,4.09,4.46,0.37,1,-9.1,Jesse Winker,NA,384
608385,2021,348,38,33,90.6,105.3,10.8,113.4,105.5,10.92,9.48,-1.44,-5,13.2,Jesse Winker,NA,485
608385,2022,355,26,20,87.5,104.3,16.9,110,104.2,7.32,5.63,-1.69,-6,23.1,Jesse Winker,NA,547
608385,2023,116,4,3,86.8,102.3,13.6,107.1,104.7,3.45,2.59,-0.86,-1,25,Jesse Winker,NA,197
608385,2024,329,24,16,87.8,102.9,13.9,109.2,104.2,7.29,4.86,-2.43,-8,33.3,Jesse Winker,NA,508
608385,2025,51,4,2,89.5,104.6,20.5,109.3,104.3,7.84,3.92,-3.92,-2,50,Jesse Winker,NA,81
608422,2021,23,1,0,86.2,102.5,5.6,106.1,105.7,4.35,0,-4.35,-1,100,José Godoy,NA,40
608422,2022,11,0,0,73,101.6,1.1,106,NA,0,0,0,0,0,José Godoy,NA,22
608475,2018,74,1,1,86.2,104,1.4,108.1,102.1,1.35,1.35,0,0,0,Dawel Lugo,NA,101
608475,2019,218,8,8,87,102.4,7.8,109.7,102.6,3.67,3.67,0,0,0,Dawel Lugo,NA,288
608566,2016,2,0,0,60.3,72.6,0.5,75.7,NA,0,0,0,0,0,Germán Márquez,NA,8
608566,2017,30,0,0,76.6,96.6,-16.2,103.4,NA,0,0,0,0,0,Germán Márquez,NA,53
608566,2018,45,2,2,86.1,102.5,0.8,105.1,102.6,4.44,4.44,0,0,0,Germán Márquez,NA,65
608566,2019,36,1,1,74,97,9.6,104.6,99.3,2.78,2.78,0,0,0,Germán Márquez,NA,58
608566,2021,47,1,1,73.3,102.7,0.9,109.4,103.1,2.13,2.13,0,0,0,Germán Márquez,NA,60
608577,2016,409,24,24,88,104.9,8.6,117.8,105.5,5.87,5.87,0,0,0,Nomar Mazara,NA,568
608577,2017,428,28,31,89,106.8,11.4,113.6,105.7,6.54,7.24,0.7,3,-10.7,Nomar Mazara,NA,616
608577,2018,376,31,29,90.5,106.5,5.3,117.1,105.8,8.24,7.71,-0.53,-2,6.5,Nomar Mazara,NA,536
608577,2019,322,32,34,89.1,107.3,10.7,114.6,107.8,9.94,10.56,0.62,2,-6.2,Nomar Mazara,NA,469
608577,2021,121,7,5,90.5,105.4,11.1,111.5,105.2,5.79,4.13,-1.66,-2,28.6,Nomar Mazara,NA,181
608577,2022,119,5,2,86.1,100.4,17.6,110.4,102.6,4.2,1.68,-2.52,-3,60,Nomar Mazara,NA,171
608596,2015,24,5,5,89.3,102.7,20.3,108.7,104.2,20.83,20.83,0,0,0,Tom Murphy,NA,39
608596,2016,25,4,5,94.5,106.6,20.2,109.5,103.3,16,20,4,1,-25,Tom Murphy,NA,49
608596,2017,15,0,0,79.8,95.5,17,102.9,NA,0,0,0,0,0,Tom Murphy,NA,26
608596,2018,49,3,3,85.6,103.2,20.7,109.5,108.1,6.12,6.12,0,0,0,Tom Murphy,NA,96
608596,2019,174,18,19,90.6,105.1,18.9,111.7,106,10.34,10.92,0.58,1,-5.6,Tom Murphy,NA,281
608596,2021,181,15,13,88.6,103.9,15.9,109.4,104.5,8.29,7.18,-1.11,-2,13.3,Tom Murphy,NA,325
608596,2022,20,4,3,94.3,109,13.4,110.5,109.2,20,15,-5,-1,25,Tom Murphy,NA,42
608596,2023,103,15,13,89.5,106.3,13.7,111.4,105,14.56,12.62,-1.94,-2,13.3,Tom Murphy,NA,159
608596,2024,20,2,1,87.4,103.1,4.6,109.3,104.6,10,5,-5,-1,50,Tom Murphy,NA,38
608597,2018,266,16,14,86.6,105,14.1,111.3,105.2,6.02,5.26,-0.76,-2,12.5,Ronald Guzmán,NA,428
608597,2019,170,14,14,85.6,104.7,14.8,110.7,105.4,8.24,8.24,0,0,0,Ronald Guzmán,NA,295
608597,2021,10,1,1,87.2,102.4,10.5,112,112,10,10,0,0,0,Ronald Guzmán,NA,17
608597,2022,1,0,0,87.4,87.4,-30,87.4,NA,0,0,0,0,0,Ronald Guzmán,NA,6
608638,2018,1,0,0,65.4,65.4,-24,65.4,NA,0,0,0,0,0,JT Chargois,NA,1
608641,2015,10,0,0,87.6,101.5,-1.2,103.9,NA,0,0,0,0,0,Tim Cooney,NA,11
608650,2017,1,0,0,75.1,75.1,-22,75.1,NA,0,0,0,0,0,Dietrich Enns,NA,2
608652,2018,1,0,0,92.1,92.1,-13,92.1,NA,0,0,0,0,0,Luke Farrell,NA,5
608654,2018,148,8,7,86.5,101.3,13.5,105.3,101.5,5.41,4.73,-0.68,-1,12.5,Johnny Field,NA,233
608665,2016,1,0,0,89,89,-14,89,NA,0,0,0,0,0,Kendall Graveman,NA,5
608671,2015,63,1,1,85.7,100.9,1.9,105,99.3,1.59,1.59,0,0,0,Travis Jankowski,NA,96
608671,2016,227,3,3,84.3,100.6,-0.1,108,101.4,1.32,1.32,0,0,0,Travis Jankowski,NA,383
608671,2017,43,0,0,86.8,99.4,5.3,105,NA,0,0,0,0,0,Travis Jankowski,NA,87
608671,2018,260,2,2,84.8,98.2,3.5,104.3,99.8,0.77,0.77,0,0,0,Travis Jankowski,NA,387
608671,2019,16,0,0,79.4,89,12.1,95.6,NA,0,0,0,0,0,Travis Jankowski,NA,24
608671,2021,104,2,1,81.4,98.3,2,105.8,98.9,1.92,0.96,-0.96,-1,50,Travis Jankowski,NA,157
608671,2022,45,0,0,78.2,98.4,-3.8,102.3,NA,0,0,0,0,0,Travis Jankowski,NA,64
608671,2023,208,1,0,84.4,100.3,7.3,108.7,99.4,0.48,0,-0.48,-1,100,Travis Jankowski,NA,287
608671,2024,146,1,0,84.3,99.3,5.8,105.1,99,0.68,0,-0.68,-1,100,Travis Jankowski,NA,207
608671,2025,35,0,0,79.9,102.2,-2.2,107.2,NA,0,0,0,0,0,Travis Jankowski,NA,50
608672,2015,63,1,1,84.7,100.5,2,110.3,105.4,1.59,1.59,0,0,0,Micah Johnson,NA,114
608672,2016,5,0,0,85.3,103.3,-4.2,104.9,NA,0,0,0,0,0,Micah Johnson,NA,6
608672,2017,6,0,0,87.2,94.4,12,99.6,NA,0,0,0,0,0,Micah Johnson,NA,11
608686,2019,48,2,2,85.6,100.4,18.9,104.9,101.3,4.17,4.17,0,0,0,Jack Mayfield,NA,65
608686,2021,202,11,9,83.5,101.8,15.5,109.2,102.9,5.45,4.46,-0.99,-2,18.2,Jack Mayfield,NA,290
608686,2022,53,1,1,84.5,97.3,13.5,103.6,103.6,1.89,1.89,0,0,0,Jack Mayfield,NA,74
608700,2015,176,6,6,88.6,102,10.4,112.8,104.5,3.41,3.41,0,0,0,Kevin Plawecki,NA,258
608700,2016,96,2,2,84.9,104,3.9,107.8,106.6,2.08,2.08,0,0,0,Kevin Plawecki,NA,151
608700,2017,84,3,3,87.1,102.2,8.8,110.5,102.9,3.57,3.57,0,0,0,Kevin Plawecki,NA,118
608700,2018,172,8,7,87.1,103.8,11.6,111.6,102.6,4.65,4.07,-0.58,-1,12.5,Kevin Plawecki,NA,277
608700,2019,128,6,6,85.5,102.1,15.7,109.4,102.2,4.69,4.69,0,0,0,Kevin Plawecki,NA,174
608700,2021,132,8,6,86.9,104.4,13.1,110.1,104.9,6.06,4.55,-1.51,-2,25,Kevin Plawecki,NA,173
608700,2022,137,0,0,88.8,103.9,11.3,109.2,NA,0,0,0,0,0,Kevin Plawecki,NA,186
608701,2015,36,2,2,89.5,103.5,1.4,106.7,102.8,5.56,5.56,0,0,0,Rob Refsnyder,NA,47
608701,2016,123,0,1,88.9,103.4,4.3,108.9,NA,0,0.81,0.81,1,0,Rob Refsnyder,NA,175
608701,2017,71,1,3,85.1,103.8,5.7,108.9,100.8,1.41,4.23,2.82,2,-200,Rob Refsnyder,NA,98
608701,2018,58,3,3,88.2,104.6,12.6,110.2,106.8,5.17,5.17,0,0,0,Rob Refsnyder,NA,103
608701,2021,100,6,4,89.2,106.1,9.4,111,105.4,6,4,-2,-2,33.3,Rob Refsnyder,NA,157
608701,2022,110,12,8,89.9,103.9,13.1,109.9,103.9,10.91,7.27,-3.64,-4,33.3,Rob Refsnyder,NA,177
608701,2023,155,6,6,87.3,102.1,11.9,106.8,103.8,3.87,3.87,0,0,0,Rob Refsnyder,NA,243
608701,2024,195,18,12,89.5,106.7,10.8,111.5,104.7,9.23,6.15,-3.08,-6,33.3,Rob Refsnyder,NA,307
608701,2025,130,16,11,92,105.8,12.1,112.2,105.1,12.31,8.46,-3.85,-5,31.2,Rob Refsnyder,NA,209
608701,2026,47,4,3,87.4,102.9,20.7,109.6,104,8.51,6.38,-2.13,-1,25,Rob Refsnyder,NA,75
608703,2016,56,4,4,85.2,101.8,2.5,105.2,101,7.14,7.14,0,0,0,Matt Reynolds,NA,96
608703,2017,76,2,3,85.8,102.5,7.4,108.2,102.8,2.63,3.95,1.32,1,-50,Matt Reynolds,NA,130
608703,2018,9,0,0,84.8,103.1,12.4,103.6,NA,0,0,0,0,0,Matt Reynolds,NA,14
608703,2022,165,4,3,90.2,103.6,5.6,106.7,101.8,2.42,1.82,-0.6,-1,25,Matt Reynolds,NA,272
608703,2023,2,0,0,77.4,88.3,36.5,91,NA,0,0,0,0,0,Matt Reynolds,NA,5
608715,2019,18,1,1,86.3,98.6,24.6,104.3,98.6,5.56,5.56,0,0,0,Eric Stamets,NA,48
608717,2016,1,0,0,67.8,67.8,-6,67.8,NA,0,0,0,0,0,Chris Stratton,NA,1
608717,2017,11,0,0,77.6,91.3,-13.5,96.4,NA,0,0,0,0,0,Chris Stratton,NA,16
608717,2018,20,0,0,78.1,97.4,-1.2,98.6,NA,0,0,0,0,0,Chris Stratton,NA,50
608717,2019,2,0,0,87.2,87.8,-22,87.9,NA,0,0,0,0,0,Chris Stratton,NA,4
608718,2016,1,0,0,100.2,100.2,-26,100.2,NA,0,0,0,0,0,Brent Suter,NA,2
608718,2017,9,0,0,65.1,88.4,-15.2,93.5,NA,0,0,0,0,0,Brent Suter,NA,21
608718,2018,20,1,1,81.3,97.4,2.4,102.2,102.2,5,5,0,0,0,Brent Suter,NA,32
608718,2019,1,0,0,82.2,82.2,-8,82.2,NA,0,0,0,0,0,Brent Suter,NA,2
608718,2021,1,0,0,26.2,26.2,-25,26.2,NA,0,0,0,0,0,Brent Suter,NA,4
608723,2018,1,0,0,45.3,45.3,-32,45.3,NA,0,0,0,0,0,Austin Voth,NA,2
608723,2019,6,0,0,82,92.2,24.2,94.3,NA,0,0,0,0,0,Austin Voth,NA,10
608723,2021,1,0,0,72.6,72.6,3,72.6,NA,0,0,0,0,0,Austin Voth,NA,3
608841,2022,171,16,13,91.4,105.4,9.9,110.9,104.8,9.36,7.6,-1.76,-3,18.8,Joey Meneses,NA,240
608841,2023,484,24,14,89.4,104,9.4,110.8,103.6,4.96,2.89,-2.07,-10,41.7,Joey Meneses,NA,657
608841,2024,223,10,7,88.9,103.6,8.3,114.2,104.2,4.48,3.14,-1.34,-3,30,Joey Meneses,NA,313
609274,2022,19,1,0,83.9,95.7,30.7,98.6,98.6,5.26,0,-5.26,-1,100,Elier Hernandez,NA,35
609275,2016,79,5,5,87.1,102.7,9,109.7,104,6.33,6.33,0,0,0,Adalberto Mondesi,NA,149
609275,2017,30,2,2,86,103.3,9.2,105.3,103.2,6.67,6.67,0,0,0,Adalberto Mondesi,NA,60
609275,2018,193,21,20,89.6,104.2,14.2,108.4,104.3,10.88,10.36,-0.52,-1,4.8,Adalberto Mondesi,NA,291
609275,2019,286,22,25,88.7,103.8,10.2,108.4,103,7.69,8.74,1.05,3,-13.6,Adalberto Mondesi,NA,443
609275,2021,85,10,9,87.3,104.8,15.8,112.6,106.5,11.76,10.59,-1.17,-1,10,Adalberto Mondesi,NA,136
609275,2022,30,1,1,81.3,101.8,4.1,105.7,102,3.33,3.33,0,0,0,Adalberto Mondesi,NA,54
609280,2017,7,2,2,96.2,107.3,-2.7,112.1,108.1,28.57,28.57,0,0,0,Miguel Andujar,NA,8
609280,2018,480,30,25,89.2,104.4,12.3,110.4,104.1,6.25,5.21,-1.04,-5,16.7,Miguel Andujar,NA,606
609280,2019,37,0,0,83.6,100.5,13.6,105.5,NA,0,0,0,0,0,Miguel Andujar,NA,49
609280,2021,127,7,7,87.1,105.2,6.1,110.2,104.6,5.51,5.51,0,0,0,Miguel Andujar,NA,162
609280,2022,107,3,2,84.4,104.1,9.1,110.4,102.1,2.8,1.87,-0.93,-1,33.3,Miguel Andujar,NA,140
609280,2023,71,5,3,89.2,103.5,5.3,108.5,103.1,7.04,4.23,-2.81,-2,40,Miguel Andujar,NA,90
609280,2024,261,6,4,86.1,103.3,9.2,110.8,105.7,2.3,1.53,-0.77,-2,33.3,Miguel Andujar,NA,319
609280,2025,272,13,6,88,104.7,11.6,111.4,104,4.78,2.21,-2.57,-7,53.8,Miguel Andujar,NA,341
609280,2026,112,6,5,89.4,105.5,8.1,109,103.5,5.36,4.46,-0.9,-1,16.7,Miguel Andujar,NA,143
611177,2015,156,12,11,89.1,103.5,8.1,108.3,103.2,7.69,7.05,-0.64,-1,8.3,Adonis García,NA,198
611177,2016,432,22,22,89,103.5,7.9,108.9,103.4,5.09,5.09,0,0,0,Adonis García,NA,563
611177,2017,146,5,6,87.4,102.2,6.2,107.8,101.2,3.42,4.11,0.69,1,-20,Adonis García,NA,183
612672,2016,23,0,0,74.6,84.5,-12.1,92.5,NA,0,0,0,0,0,Wei-Yin Chen,NA,49
612672,2017,5,0,0,68.5,81.5,1,89.1,NA,0,0,0,0,0,Wei-Yin Chen,NA,8
612672,2018,22,0,0,75.4,92.6,-12,99.5,NA,0,0,0,0,0,Wei-Yin Chen,NA,42
612672,2019,1,0,0,52.2,52.2,32,52.2,NA,0,0,0,0,0,Wei-Yin Chen,NA,5
613564,2021,53,5,5,88.5,105.2,18.5,108.6,105.2,9.43,9.43,0,0,0,Jason Vosler,NA,82
613564,2022,70,3,3,83.8,103.3,14.6,109.4,105.7,4.29,4.29,0,0,0,Jason Vosler,NA,111
613564,2023,37,3,3,86,101.8,25.8,109.4,104.1,8.11,8.11,0,0,0,Jason Vosler,NA,65
613564,2024,19,3,1,92.6,100.8,16.4,106.1,102.6,15.79,5.26,-10.53,-2,66.7,Jason Vosler,NA,30
614173,2017,48,7,7,90.9,108.9,10.3,113.3,106.1,14.58,14.58,0,0,0,Franchy Cordero,NA,99
614173,2018,80,11,11,94.1,113,7.2,116.9,110.9,13.75,13.75,0,0,0,Franchy Cordero,NA,154
614173,2019,9,0,0,86.9,101.2,11.4,102.3,NA,0,0,0,0,0,Franchy Cordero,NA,20
614173,2021,77,4,4,87.1,107,6.8,118.6,112.3,5.19,5.19,0,0,0,Franchy Cordero,NA,136
614173,2022,154,19,13,88.3,108.5,11.7,117.9,107.2,12.34,8.44,-3.9,-6,31.6,Franchy Cordero,NA,275
614173,2023,43,7,6,91.4,111,8.7,113.7,107.5,16.28,13.95,-2.33,-1,14.3,Franchy Cordero,NA,71
614177,2018,181,19,17,92.3,108.4,6.8,115.4,108.1,10.5,9.39,-1.11,-2,10.5,Franmil Reyes,NA,285
614177,2019,345,51,51,93.3,108.4,9.5,115,107.4,14.78,14.78,0,0,0,Franmil Reyes,NA,548
614177,2021,270,46,40,91.9,109.7,9.8,114.9,107.2,17.04,14.81,-2.23,-6,13,Franmil Reyes,NA,466
614177,2022,283,32,21,92,106.8,9.9,112.4,105.8,11.31,7.42,-3.89,-11,34.4,Franmil Reyes,NA,473
614177,2023,37,6,5,93,110,-2,113.4,110.2,16.22,13.51,-2.71,-1,16.7,Franmil Reyes,NA,65
614179,2021,1,0,0,77.1,77.1,-4,77.1,NA,0,0,0,0,0,José Ruiz,NA,1
615698,2019,15,0,0,78.3,88.7,-19.7,102.2,NA,0,0,0,0,0,Cal Quantrill,NA,30
615698,2021,2,0,0,87.5,88.3,-25,88.5,NA,0,0,0,0,0,Cal Quantrill,NA,2
615699,2021,3,0,0,85.5,99.4,-18.3,100.9,NA,0,0,0,0,0,Jacob Robson,NA,7
620439,2017,38,2,2,88.1,102.4,23.5,108.8,105.6,5.26,5.26,0,0,0,Franklin Barreto,NA,76
620439,2018,44,6,5,87.9,104.9,23.2,108.4,105.4,13.64,11.36,-2.28,-1,16.7,Franklin Barreto,NA,75
620439,2019,33,4,4,89,105,6.5,109.9,102.8,12.12,12.12,0,0,0,Franklin Barreto,NA,58
620443,2017,92,1,1,86.4,102,5.4,106.2,99.3,1.09,1.09,0,0,0,Luis Torrens,NA,139
620443,2019,8,1,1,86.7,102.2,-3.9,102.5,98.4,12.5,12.5,0,0,0,Luis Torrens,NA,16
620443,2021,249,25,23,90.7,104.1,6.4,109.2,103.3,10.04,9.24,-0.8,-2,8,Luis Torrens,NA,378
620443,2022,102,4,3,90.3,102.3,8.9,107.8,102.4,3.92,2.94,-0.98,-1,25,Luis Torrens,NA,166
620443,2023,19,0,0,86.9,102.2,22.8,104.3,NA,0,0,0,0,0,Luis Torrens,NA,30
620443,2024,91,5,4,89.6,102.3,13,108.6,101.5,5.49,4.4,-1.09,-1,20,Luis Torrens,NA,130
620443,2025,206,21,13,90.4,105.1,5.8,110.4,103.4,10.19,6.31,-3.88,-8,38.1,Luis Torrens,NA,283
620443,2026,53,0,0,88.9,102.4,4.9,106.4,NA,0,0,0,0,0,Luis Torrens,NA,74
620446,2017,40,2,2,86.5,99.9,12.6,105.4,102.6,5,5,0,0,0,Richard Urena,NA,75
620446,2018,68,1,1,86.3,99.6,12.4,107.2,104.6,1.47,1.47,0,0,0,Richard Urena,NA,108
620446,2019,52,0,0,84.7,99.4,9.8,103.4,NA,0,0,0,0,0,Richard Urena,NA,80
620453,2019,7,1,1,92.6,100.7,22.6,109,109,14.29,14.29,0,0,0,Deivy Grullón,NA,9
620454,2018,1,0,0,94.1,94.1,-31,94.1,NA,0,0,0,0,0,José Castillo,NA,1
621002,2017,148,5,5,85.5,103.3,8.3,108.2,103.2,3.38,3.38,0,0,0,Daniel Robertson,NA,254
621002,2018,207,10,10,86.6,103.4,7.7,107,104.3,4.83,4.83,0,0,0,Daniel Robertson,NA,340
621002,2019,148,2,2,87.3,101,5.5,107.7,104.8,1.35,1.35,0,0,0,Daniel Robertson,NA,237
621002,2021,47,3,2,81.6,99.2,10.3,106.6,103,6.38,4.26,-2.12,-1,33.3,Daniel Robertson,NA,90
621005,2019,83,3,3,85,100.5,8.7,103.7,102.4,3.61,3.61,0,0,0,Tim Lopes,NA,128
621005,2021,6,0,0,94.7,99.7,33.2,101.5,NA,0,0,0,0,0,Tim Lopes,NA,11
621006,2019,202,5,5,81.3,99.9,8,107.1,102.1,2.48,2.48,0,0,0,Richie Martin Jr.,NA,309
621006,2021,72,0,0,82.6,102.1,6.8,104.4,NA,0,0,0,0,0,Richie Martin Jr.,NA,105
621006,2022,20,1,1,86.5,99.8,6.2,103.8,100.6,5,5,0,0,0,Richie Martin Jr.,NA,33
621008,2021,4,0,0,83.3,93.9,19.8,96.7,NA,0,0,0,0,0,Alex De Goti,NA,7
621011,2021,102,3,3,85,100.9,18.5,107.4,103.4,2.94,2.94,0,0,0,Max Schrock,NA,134
621011,2022,20,0,0,82.8,97.3,19.4,102,NA,0,0,0,0,0,Max Schrock,NA,27
621020,2016,96,5,6,88.5,101.3,8.5,108.6,100.9,5.21,6.25,1.04,1,-20,Dansby Swanson,NA,145
621020,2017,368,11,11,86.9,102.7,8.3,107.6,102.4,2.99,2.99,0,0,0,Dansby Swanson,NA,551
621020,2018,360,15,12,87.4,103,13.7,108.5,102.4,4.17,3.33,-0.84,-3,20,Dansby Swanson,NA,533
621020,2019,365,28,34,89.8,103.5,14.2,108.4,102.6,7.67,9.32,1.65,6,-21.4,Dansby Swanson,NA,545
621020,2021,429,49,43,89,104.3,14.1,109.6,103.9,11.42,10.02,-1.4,-6,12.2,Dansby Swanson,NA,653
621020,2022,461,48,37,90.2,104.8,15.7,109.6,104.7,10.41,8.03,-2.38,-11,22.9,Dansby Swanson,NA,696
621020,2023,411,44,38,89.3,104.4,13,109.1,103.9,10.71,9.25,-1.46,-6,13.6,Dansby Swanson,NA,638
621020,2024,393,34,27,89.4,104.5,10.3,109.8,104.2,8.65,6.87,-1.78,-7,20.6,Dansby Swanson,NA,593
621020,2025,427,47,34,90.1,104.8,13.1,109.3,104.3,11.01,7.96,-3.05,-13,27.7,Dansby Swanson,NA,645
621020,2026,122,9,7,89.9,103.5,14,110.3,104.4,7.38,5.74,-1.64,-2,22.2,Dansby Swanson,NA,191
621028,2018,69,0,0,83.5,97.5,5.7,100.9,NA,0,0,0,0,0,Kevin Newman,NA,97
621028,2019,427,9,9,85.2,99.7,8.5,107.1,101.4,2.11,2.11,0,0,0,Kevin Newman,NA,531
621028,2021,485,4,2,83.9,100.6,9.1,109.4,101.3,0.82,0.41,-0.41,-2,50,Kevin Newman,NA,554
621028,2022,241,4,1,85,101.1,12.4,108.2,100.4,1.66,0.41,-1.25,-3,75,Kevin Newman,NA,309
621028,2023,198,5,2,85.6,100.8,11.9,105.7,102.9,2.53,1.01,-1.52,-3,60,Kevin Newman,NA,253
621028,2024,248,3,2,84.1,98.8,8.1,104.7,102.2,1.21,0.81,-0.4,-1,33.3,Kevin Newman,NA,311
621028,2025,92,2,1,85.9,100,9.6,105.5,100,2.17,1.09,-1.08,-1,50,Kevin Newman,NA,116
621035,2015,61,0,0,88.8,101.6,14.8,103.7,NA,0,0,0,0,0,Chris Taylor,NA,102
621035,2016,44,2,2,87.7,102.2,10.3,106,102,4.55,4.55,0,0,0,Chris Taylor,NA,65
621035,2017,366,26,31,87.1,103.5,12.2,110.1,102.3,7.1,8.47,1.37,5,-19.2,Chris Taylor,NA,568
621035,2018,351,28,24,88.9,104.1,16.4,111.5,103.4,7.98,6.84,-1.14,-4,14.3,Chris Taylor,NA,604
621035,2019,251,12,13,85.6,101.9,13.6,108.3,103.3,4.78,5.18,0.4,1,-8.3,Chris Taylor,NA,414
621035,2021,344,34,32,87.4,104.5,16.5,110.7,104.8,9.88,9.3,-0.58,-2,5.9,Chris Taylor,NA,582
621035,2022,244,22,14,86.6,103.5,20.1,108.5,103.9,9.02,5.74,-3.28,-8,36.4,Chris Taylor,NA,454
621035,2023,214,21,16,85.9,104.5,21.2,110.8,106.1,9.81,7.48,-2.33,-5,23.8,Chris Taylor,NA,384
621035,2024,140,10,8,85.1,102.1,16.9,108.5,103.5,7.14,5.71,-1.43,-2,20,Chris Taylor,NA,246
621035,2025,72,5,4,85,102.5,18.7,108.8,104,6.94,5.56,-1.38,-1,20,Chris Taylor,NA,125
621043,2015,308,26,25,90,106.9,8.3,115.1,107.2,8.44,8.12,-0.32,-1,3.8,Carlos Correa,NA,432
621043,2016,431,33,33,91,107.6,7,118.2,106.6,7.66,7.66,0,0,0,Carlos Correa,NA,660
621043,2017,333,29,34,90.5,106.8,9.3,112,104.9,8.71,10.21,1.5,5,-17.2,Carlos Correa,NA,481
621043,2018,302,20,19,88.2,105.3,11.6,112.8,106.1,6.62,6.29,-0.33,-1,5,Carlos Correa,NA,468
621043,2019,199,25,27,89,107.5,12.5,112.8,105.4,12.56,13.57,1.01,2,-8,Carlos Correa,NA,321
621043,2021,445,42,34,90.2,107.2,12.1,116.4,104.8,9.44,7.64,-1.8,-8,19,Carlos Correa,NA,640
621043,2022,405,44,35,89.9,106.1,11.6,114.6,105.9,10.86,8.64,-2.22,-9,20.5,Carlos Correa,NA,590
621043,2023,382,34,26,90.4,107.1,11.2,114.2,106.9,8.9,6.81,-2.09,-8,23.5,Carlos Correa,NA,580
621043,2024,262,23,16,90.3,108.1,9,113.9,105.7,8.78,6.11,-2.67,-7,30.4,Carlos Correa,NA,367
621043,2025,422,28,22,90.5,106.6,7.4,112.6,105.1,6.64,5.21,-1.43,-6,21.4,Carlos Correa,NA,584
621043,2026,97,8,6,89.2,107.2,7.2,113.1,106.1,8.25,6.19,-2.06,-2,25,Carlos Correa,NA,141
621044,2018,56,0,0,84.9,96,20.4,100,NA,0,0,0,0,0,Jesmuel Valentín,NA,89
621052,2016,9,0,0,82.3,89.3,-3.9,92.9,NA,0,0,0,0,0,Alex Reyes,NA,15
621052,2021,1,0,0,96.7,96.7,21,96.7,NA,0,0,0,0,0,Alex Reyes,NA,1
621076,2021,2,0,0,75.9,101.7,-34.5,108.1,NA,0,0,0,0,0,James Kaprielian,NA,4
621086,2019,2,0,0,72.8,85,6.5,88,NA,0,0,0,0,0,James Marvel,NA,4
621107,2016,14,0,0,92.3,106,7.6,108.3,NA,0,0,0,0,0,Zach Eflin,NA,23
621107,2017,7,0,0,84.4,98.3,7,101,NA,0,0,0,0,0,Zach Eflin,NA,22
621107,2018,13,1,1,84.9,107,-3.5,109.4,106.1,7.69,7.69,0,0,0,Zach Eflin,NA,50
621107,2019,21,1,1,79.7,100,14.4,103.2,99.4,4.76,4.76,0,0,0,Zach Eflin,NA,52
621107,2021,20,0,0,66.2,99.6,-8.9,107.1,NA,0,0,0,0,0,Zach Eflin,NA,37
621111,2018,19,0,0,83.1,99.4,-2.8,101.6,NA,0,0,0,0,0,Walker Buehler,NA,47
621111,2019,26,1,1,85.7,101.2,-6.1,104.8,104.5,3.85,3.85,0,0,0,Walker Buehler,NA,66
621111,2021,31,0,0,69.1,101.8,-17.4,104.4,NA,0,0,0,0,0,Walker Buehler,NA,82
621112,2017,1,0,0,98.4,98.4,-15,98.4,NA,0,0,0,0,0,Paul Blackburn,NA,3
621112,2018,1,0,0,64.6,64.6,-43,64.6,NA,0,0,0,0,0,Paul Blackburn,NA,2
621121,2015,1,0,0,82.9,82.9,-21,82.9,NA,0,0,0,0,0,Lance McCullers Jr.,NA,2
621121,2016,3,0,0,90,98,10.3,101,NA,0,0,0,0,0,Lance McCullers Jr.,NA,3
621121,2017,3,0,0,89.3,99.1,25.7,100.4,NA,0,0,0,0,0,Lance McCullers Jr.,NA,3
621121,2018,1,0,0,95.4,95.4,-5,95.4,NA,0,0,0,0,0,Lance McCullers Jr.,NA,2
621121,2021,1,0,0,88.4,88.4,-19,88.4,NA,0,0,0,0,0,Lance McCullers Jr.,NA,4
621141,2019,2,0,0,95.2,99.9,28,101.1,NA,0,0,0,0,0,Walker Lockett,NA,7
621199,2018,1,0,0,92.3,92.3,-2,92.3,NA,0,0,0,0,0,Matt Bowman,NA,1
621199,2019,1,0,0,102.1,102.1,-3,102.1,NA,0,0,0,0,0,Matt Bowman,NA,1
621209,2015,2,0,0,72.9,77.1,-6,78.1,NA,0,0,0,0,0,Jon Moscot,NA,4
621209,2016,1,0,0,104.5,104.5,5,104.5,NA,0,0,0,0,0,Jon Moscot,NA,7
621219,2018,3,0,0,80.5,86,28,87.5,NA,0,0,0,0,0,Alec Mills,NA,5
621219,2019,6,0,0,79.6,91.3,1.7,94.6,NA,0,0,0,0,0,Alec Mills,NA,12
621219,2021,10,0,0,67.2,91.6,-22.5,100.1,NA,0,0,0,0,0,Alec Mills,NA,36
621244,2016,1,0,0,95,95,-11,95,NA,0,0,0,0,0,José Berríos,NA,1
621244,2017,3,0,0,59.3,73.2,-1,75.9,NA,0,0,0,0,0,José Berríos,NA,5
621244,2018,2,0,0,86.7,92.9,5.5,94.5,NA,0,0,0,0,0,José Berríos,NA,4
621244,2021,2,0,0,32.5,36.5,-34.5,37.5,NA,0,0,0,0,0,José Berríos,NA,4
621249,2018,1,0,0,66.9,66.9,11,66.9,NA,0,0,0,0,0,Duane Underwood Jr.,NA,1
621261,2018,7,0,0,89.3,98.1,-15.6,98.3,NA,0,0,0,0,0,Corey Oswalt,NA,19
621261,2019,1,0,0,89,89,31,89,NA,0,0,0,0,0,Corey Oswalt,NA,3
621261,2021,2,0,0,21.9,24,-26,24.5,NA,0,0,0,0,0,Corey Oswalt,NA,2
621281,2015,1,0,0,83.9,83.9,-13,83.9,NA,0,0,0,0,0,Tyler Wagner,NA,3
621281,2016,1,0,0,93.2,93.2,6,93.2,NA,0,0,0,0,0,Tyler Wagner,NA,2
621295,2017,3,0,0,88.3,92,-13.7,92.7,NA,0,0,0,0,0,Nick Wittgren,NA,4
621311,2016,162,8,8,87.8,101,10.7,106.1,102.1,4.94,4.94,0,0,0,David Dahl,NA,237
621311,2018,181,13,11,89.2,103.3,14.3,106.6,103.4,7.18,6.08,-1.1,-2,15.4,David Dahl,NA,271
621311,2019,270,26,28,88.3,103.1,10.9,107.1,103.6,9.63,10.37,0.74,2,-7.7,David Dahl,NA,413
621311,2021,150,10,8,87.7,103.2,11,108.9,102.8,6.67,5.33,-1.34,-2,20,David Dahl,NA,220
621311,2023,7,1,1,94.4,100.7,13.9,103.8,103.8,14.29,14.29,0,0,0,David Dahl,NA,9
621311,2024,38,3,2,87.1,101,12.7,105.6,104.5,7.89,5.26,-2.63,-1,33.3,David Dahl,NA,62
621348,2021,1,0,0,26.7,26.7,-59,26.7,NA,0,0,0,0,0,Sam Clay,NA,2
621381,2018,3,0,0,86.9,93,2,93.3,NA,0,0,0,0,0,Matt Strahm,NA,8
621381,2019,10,0,0,88.5,99.9,7.2,102.3,NA,0,0,0,0,0,Matt Strahm,NA,27
621389,2016,3,0,0,82.1,94.5,-14,96.1,NA,0,0,0,0,0,Ty Blach,NA,4
621389,2017,21,1,1,89.3,100.5,12.6,103.4,103.4,4.76,4.76,0,0,0,Ty Blach,NA,53
621389,2018,14,0,0,82.7,92.7,4.4,100,NA,0,0,0,0,0,Ty Blach,NA,34
621433,2017,53,5,5,86.5,99.9,13.5,104.5,100.5,9.43,9.43,0,0,0,Brett Phillips,NA,98
621433,2018,73,4,2,85.4,101,11.3,104.4,102.2,5.48,2.74,-2.74,-2,50,Brett Phillips,NA,147
621433,2019,43,2,2,87.6,101.3,14,106.7,103.2,4.65,4.65,0,0,0,Brett Phillips,NA,79
621433,2021,144,14,14,88,103.1,17.9,106.6,104.1,9.72,9.72,0,0,0,Brett Phillips,NA,292
621433,2022,112,5,3,85.6,102.2,19.1,107.8,103.8,4.46,2.68,-1.78,-2,40,Brett Phillips,NA,225
621433,2023,27,2,2,84.9,100.6,14.6,105.7,104.6,7.41,7.41,0,0,0,Brett Phillips,NA,71
621438,2019,9,0,0,79.1,93.3,-5.8,99.1,NA,0,0,0,0,0,Tyrone Taylor,NA,12
621438,2021,185,12,11,88.6,104.4,15.9,110.8,105.9,6.49,5.95,-0.54,-1,8.3,Tyrone Taylor,NA,271
621438,2022,273,27,18,87.8,103.4,16.6,109.3,102.9,9.89,6.59,-3.3,-9,33.3,Tyrone Taylor,NA,405
621438,2023,177,12,10,87.4,104.4,17.8,109,104.9,6.78,5.65,-1.13,-2,16.7,Tyrone Taylor,NA,243
621438,2024,241,17,10,86.4,105.2,16.8,110.7,103.7,7.05,4.15,-2.9,-7,41.2,Tyrone Taylor,NA,345
621438,2025,240,9,3,85.7,102.7,19.1,109.5,102.2,3.75,1.25,-2.5,-6,66.7,Tyrone Taylor,NA,341
621438,2026,76,3,2,84.3,101.1,20.1,107.6,102.6,3.95,2.63,-1.32,-1,33.3,Tyrone Taylor,NA,95
621439,2015,78,2,2,86.2,100,13.9,106.6,103,2.56,2.56,0,0,0,Byron Buxton,NA,138
621439,2016,176,8,9,88.6,103.7,16.9,111.3,106.2,4.55,5.11,0.56,1,-12.5,Byron Buxton,NA,331
621439,2017,303,18,21,86.7,103.8,13.9,110.9,103.7,5.94,6.93,0.99,3,-16.7,Byron Buxton,NA,511
621439,2018,62,1,1,86.5,102,13.5,109.1,108.1,1.61,1.61,0,0,0,Byron Buxton,NA,94
621439,2019,202,16,16,90,106,20.3,113.6,108.1,7.92,7.92,0,0,0,Byron Buxton,NA,295
621439,2021,173,30,28,92.1,109.1,13.7,115.6,108.3,17.34,16.18,-1.16,-2,6.7,Byron Buxton,NA,254
621439,2022,225,37,29,92.9,108.9,21.4,113.5,107.4,16.44,12.89,-3.55,-8,21.6,Byron Buxton,NA,382
621439,2023,199,27,25,91.5,108.2,20.1,116.9,106.9,13.57,12.56,-1.01,-2,7.4,Byron Buxton,NA,347
621439,2024,258,33,28,91.7,107.1,19.8,113.2,106.2,12.79,10.85,-1.94,-5,15.2,Byron Buxton,NA,388
621439,2025,345,60,42,92.5,108.6,17.7,114,106.6,17.39,12.17,-5.22,-18,30,Byron Buxton,NA,542
621439,2026,130,25,12,89.4,106.5,24.4,110.4,104.6,19.23,9.23,-10,-13,52,Byron Buxton,NA,194
621446,2017,30,2,2,90.9,108.2,5.8,109.8,106.9,6.67,6.67,0,0,0,Lewis Brinson,NA,55
621446,2018,262,23,21,89.4,105.4,7.1,113.6,105.8,8.78,8.02,-0.76,-2,8.7,Lewis Brinson,NA,406
621446,2019,154,6,6,86.4,102.7,9.4,112.1,103.2,3.9,3.9,0,0,0,Lewis Brinson,NA,248
621446,2021,204,12,12,88.1,105.9,13.6,113.2,106,5.88,5.88,0,0,0,Lewis Brinson,NA,290
621446,2022,23,3,3,83.8,103.7,9,106.2,104.2,13.04,13.04,0,0,0,Lewis Brinson,NA,39
621450,2019,7,1,1,85,95.4,21,104.4,104.4,14.29,14.29,0,0,0,Skye Bolt,NA,11
621450,2021,44,1,1,84,100.5,8.6,103.8,103.8,2.27,2.27,0,0,0,Skye Bolt,NA,60
621450,2022,76,4,3,88.4,102.1,8.8,107.8,104.8,5.26,3.95,-1.31,-1,25,Skye Bolt,NA,116
621453,2018,98,3,2,84.7,99.9,12.7,107.4,103,3.06,2.04,-1.02,-1,33.3,Steven Duggar,NA,152
621453,2019,182,7,8,85.7,101.2,9,106.8,101.1,3.85,4.4,0.55,1,-14.3,Steven Duggar,NA,281
621453,2021,179,15,14,87.4,103.2,15,109.1,103.5,8.38,7.82,-0.56,-1,6.7,Steven Duggar,NA,297
621453,2022,32,1,1,92.9,104.3,16.9,106,103.1,3.12,3.12,0,0,0,Steven Duggar,NA,80
621458,2019,26,7,7,95,107.8,5.4,112.5,106,26.92,26.92,0,0,0,Edwin Rios,NA,56
621458,2021,33,2,2,90,104.2,11.1,113.5,106,6.06,6.06,0,0,0,Edwin Rios,NA,60
621458,2022,50,7,6,88.5,104.4,10.9,107.9,104.8,14,12,-2,-1,14.3,Edwin Rios,NA,92
621458,2023,12,1,1,89.5,102.8,20.8,109.1,109.1,8.33,8.33,0,0,0,Edwin Rios,NA,34
621458,2024,5,0,0,85,99.6,13.2,103.2,NA,0,0,0,0,0,Edwin Rios,NA,10
621466,2018,29,2,2,85.1,102.1,16.9,105.9,102.6,6.9,6.9,0,0,0,DJ Stewart,NA,47
621466,2019,101,7,7,86.9,104.1,12.3,111.7,105.6,6.93,6.93,0,0,0,DJ Stewart,NA,142
621466,2021,181,16,15,87.3,104.8,18.7,110.6,104.6,8.84,8.29,-0.55,-1,6.2,DJ Stewart,NA,318
621466,2022,1,0,0,79.3,79.3,48,79.3,NA,0,0,0,0,0,DJ Stewart,NA,3
621466,2023,106,13,10,89.1,105.2,15.3,108.8,104.4,12.26,9.43,-2.83,-3,23.1,DJ Stewart,NA,185
621466,2024,110,9,7,89.7,105.5,19.2,110.9,106.2,8.18,6.36,-1.82,-2,22.2,DJ Stewart,NA,194
621471,2017,87,2,2,85.8,98.5,11.3,102.6,98.7,2.3,2.3,0,0,0,Boog Powell,NA,135
621471,2018,18,0,0,90.6,102.8,-0.3,105.7,NA,0,0,0,0,0,Boog Powell,NA,25
621493,2018,89,7,7,86.9,102.5,16.2,106.7,102.3,7.87,7.87,0,0,0,Taylor Ward,NA,147
621493,2019,19,2,2,91.7,104.3,11.1,105.7,105.1,10.53,10.53,0,0,0,Taylor Ward,NA,48
621493,2021,156,15,13,86.9,104.7,16,110,104.8,9.62,8.33,-1.29,-2,13.3,Taylor Ward,NA,237
621493,2022,379,46,31,90,104.1,15.8,112.6,103.2,12.14,8.18,-3.96,-15,32.6,Taylor Ward,NA,564
621493,2023,279,23,18,90.5,103.9,14.4,111.4,103.6,8.24,6.45,-1.79,-5,21.7,Taylor Ward,NA,409
621493,2024,429,54,39,90.9,104.2,17.4,109.4,104,12.59,9.09,-3.5,-15,27.8,Taylor Ward,NA,663
621493,2025,410,55,39,90.1,105.1,18,111,104.2,13.41,9.51,-3.9,-16,29.1,Taylor Ward,NA,663
621493,2026,131,4,3,89,102.7,11.8,109.5,104.5,3.05,2.29,-0.76,-1,25,Taylor Ward,NA,224
621500,2021,22,1,1,86.8,105.6,23.8,108.1,106.7,4.55,4.55,0,0,0,Wyatt Mathisen,NA,51
621512,2017,8,0,0,90.6,101.5,9.5,102,NA,0,0,0,0,0,Tomás Nido,NA,10
621512,2018,59,1,1,85.7,100.7,8.7,103.2,101.9,1.69,1.69,0,0,0,Tomás Nido,NA,90
621512,2019,95,3,4,87.4,102.1,7.6,106.7,102.8,3.16,4.21,1.05,1,-33.3,Tomás Nido,NA,144
621512,2021,109,7,7,88.7,101.6,10,105.9,104.1,6.42,6.42,0,0,0,Tomás Nido,NA,161
621512,2022,221,14,11,82.2,102.6,6.5,107.4,102.9,6.33,4.98,-1.35,-3,21.4,Tomás Nido,NA,313
621512,2023,41,0,0,80.2,97.8,2,107.7,NA,0,0,0,0,0,Tomás Nido,NA,61
621512,2024,100,11,6,87.4,103,13,108.4,102,11,6,-5,-5,45.5,Tomás Nido,NA,140
621512,2025,26,0,0,84.5,101.7,8.3,105.3,NA,0,0,0,0,0,Tomás Nido,NA,37
621514,2018,48,3,2,86.9,101.7,17.3,107.1,103.1,6.25,4.17,-2.08,-1,33.3,Christin Stewart,NA,72
621514,2019,272,20,20,86.9,103.3,19.1,112,104.6,7.35,7.35,0,0,0,Christin Stewart,NA,416
621529,2018,12,0,0,94,103,12.8,103.9,NA,0,0,0,0,0,Joe Hudson,NA,12
621532,2019,33,1,1,82.4,100.5,20.3,107,101.2,3.03,3.03,0,0,0,Anthony Bemboom,NA,56
621532,2021,17,0,0,79.6,94.6,5,100.1,NA,0,0,0,0,0,Anthony Bemboom,NA,28
621532,2022,35,2,1,86.9,102.9,7.1,106.3,99.8,5.71,2.86,-2.85,-1,50,Anthony Bemboom,NA,59
621532,2023,9,0,0,79.9,93,18.4,96.8,NA,0,0,0,0,0,Anthony Bemboom,NA,13
621545,2023,103,1,0,80.6,99.1,8.3,102.3,99.1,0.97,0,-0.97,-1,100,Zach Remillard,NA,160
621545,2024,23,1,1,82.6,102.7,8.6,105.3,102.9,4.35,4.35,0,0,0,Zach Remillard,NA,39
621550,2018,31,4,4,90.5,108.9,16.9,112.2,107.6,12.9,12.9,0,0,0,Patrick Wisdom,NA,58
621550,2019,11,0,0,94.3,101.6,21.8,102,NA,0,0,0,0,0,Patrick Wisdom,NA,28
621550,2021,185,29,26,91.2,107.9,19.1,114.2,106.8,15.68,14.05,-1.63,-3,10.3,Patrick Wisdom,NA,375
621550,2022,285,39,33,90.3,106.8,20.7,112.6,106.6,13.68,11.58,-2.1,-6,15.4,Patrick Wisdom,NA,534
621550,2023,159,29,29,92,107.8,21.3,114.6,106.1,18.24,18.24,0,0,0,Patrick Wisdom,NA,302
621550,2024,100,15,13,90.3,107.6,28.2,112.7,107,15,13,-2,-2,13.3,Patrick Wisdom,NA,174
621550,2026,5,1,0,101.2,103.2,28.4,103.8,100.3,20,0,-20,-1,100,Patrick Wisdom,NA,8
621559,2017,78,3,4,84.7,98.6,15.8,107.4,104.6,3.85,5.13,1.28,1,-33.3,Max Moroff,NA,140
621559,2018,35,3,3,83.8,101.1,12.7,105.3,101.9,8.57,8.57,0,0,0,Max Moroff,NA,67
621559,2019,17,1,1,83.7,105.4,23.9,106.8,105.1,5.88,5.88,0,0,0,Max Moroff,NA,35
621559,2021,6,1,0,86.1,97,31.2,100.6,100.6,16.67,0,-16.67,-1,100,Max Moroff,NA,16
621563,2016,81,1,1,91,102.1,5.3,105.9,99.8,1.23,1.23,0,0,0,Joey Wendle,NA,104
621563,2017,10,0,1,92.8,102.1,11.6,103,NA,0,10,10,1,0,Joey Wendle,NA,14
621563,2018,400,11,9,88.8,101.6,10.7,110.1,103.1,2.75,2.25,-0.5,-2,18.2,Joey Wendle,NA,545
621563,2019,194,3,3,87.4,101.2,11.6,108.2,101,1.55,1.55,0,0,0,Joey Wendle,NA,263
621563,2021,348,16,13,87.5,102.5,6.1,108.7,103.1,4.6,3.74,-0.86,-3,18.8,Joey Wendle,NA,501
621563,2022,300,5,4,87,102.2,2.5,107.6,104.2,1.67,1.33,-0.34,-1,20,Joey Wendle,NA,371
621563,2023,236,6,4,87.9,100.7,3.5,106.5,101.8,2.54,1.69,-0.85,-2,33.3,Joey Wendle,NA,318
621563,2024,27,0,0,86.2,98.2,6.9,99.9,NA,0,0,0,0,0,Joey Wendle,NA,37
621566,2016,17,0,0,91.2,103.1,25.5,107.8,NA,0,0,0,0,0,Matt Olson,NA,28
621566,2017,126,19,21,91.8,106.2,16.9,111,106,15.08,16.67,1.59,2,-10.5,Matt Olson,NA,216
621566,2018,418,47,46,93.2,107.7,17.9,113.3,106.5,11.24,11,-0.24,-1,2.1,Matt Olson,NA,660
621566,2019,338,49,49,92.1,107.3,18.6,111.9,105.7,14.5,14.5,0,0,0,Matt Olson,NA,547
621566,2021,463,58,52,91.5,108,16,115.3,106.4,12.53,11.23,-1.3,-6,10.3,Matt Olson,NA,673
621566,2022,449,58,49,92.8,107.8,15.9,116.8,106.6,12.92,10.91,-2.01,-9,15.5,Matt Olson,NA,699
621566,2023,444,65,59,93.7,109.4,16.1,118.6,108.1,14.64,13.29,-1.35,-6,9.2,Matt Olson,NA,720
621566,2024,432,50,39,91.5,107.3,16.3,113.9,106.3,11.57,9.03,-2.54,-11,22,Matt Olson,NA,685
621566,2025,452,59,43,93.3,108.4,14.8,114,106.8,13.05,9.51,-3.54,-16,27.1,Matt Olson,NA,724
621566,2026,141,22,20,94,108.6,17.5,111.6,106.1,15.6,14.18,-1.42,-2,9.1,Matt Olson,NA,219
621573,2018,91,5,4,87.5,103,14.6,108.3,102.2,5.49,4.4,-1.09,-1,20,Austin Dean,NA,122
621573,2019,132,8,8,88.7,105.4,9.4,113.1,105.2,6.06,6.06,0,0,0,Austin Dean,NA,189
621573,2021,21,1,1,87.4,105.1,5.3,107.1,107.1,4.76,4.76,0,0,0,Austin Dean,NA,38
621573,2022,8,0,0,83.6,107,-4,110.2,NA,0,0,0,0,0,Austin Dean,NA,9
621962,2015,2,0,0,86.8,93.8,-18,95.5,NA,0,0,0,0,0,Ian Thomas,NA,4
622046,2018,32,1,1,87.8,105.4,12.3,109.7,108.3,3.12,3.12,0,0,0,Chris Shaw,NA,62
622046,2019,10,0,0,93.4,103.7,9.6,104.3,NA,0,0,0,0,0,Chris Shaw,NA,20
622065,2019,7,0,0,73,90.5,-37.3,96,NA,0,0,0,0,0,Alex Young,NA,25
622072,2015,20,0,0,80.3,99.7,0.9,102.3,NA,0,0,0,0,0,Alex Wood,NA,67
622072,2016,7,0,0,79.9,90.5,-4.4,96.1,NA,0,0,0,0,0,Alex Wood,NA,19
622072,2017,20,0,0,81.8,96.4,1.1,99.5,NA,0,0,0,0,0,Alex Wood,NA,58
622072,2018,17,0,0,76,90.7,-12.9,98.4,NA,0,0,0,0,0,Alex Wood,NA,50
622072,2019,3,0,0,92.4,96.6,10.7,97.1,NA,0,0,0,0,0,Alex Wood,NA,12
622072,2021,16,0,0,67.8,94.7,-21.1,98.2,NA,0,0,0,0,0,Alex Wood,NA,47
622075,2018,1,0,0,67.9,67.9,-48,67.9,NA,0,0,0,0,0,Yency Almonte,NA,1
622075,2019,2,0,0,97.3,99.1,30,99.6,NA,0,0,0,0,0,Yency Almonte,NA,5
622075,2021,1,0,0,95.5,95.5,-32,95.5,NA,0,0,0,0,0,Yency Almonte,NA,3
622088,2021,1,0,0,20.3,20.3,28,20.3,NA,0,0,0,0,0,Tejay Antone,NA,5
622097,2016,10,1,1,82.6,101.7,-8.4,107.3,101.1,10,10,0,0,0,Jake Thompson,NA,17
622097,2017,7,1,1,87.1,96.5,4.6,99.6,99.6,14.29,14.29,0,0,0,Jake Thompson,NA,14
622098,2021,1,0,0,72.8,72.8,-35,72.8,NA,0,0,0,0,0,Drew Smith,NA,1
622100,2021,74,5,5,90.6,105.6,12.8,114.2,105.9,6.76,6.76,0,0,0,Taylor Jones,NA,108
622100,2022,1,0,0,97.8,97.8,-23,97.8,NA,0,0,0,0,0,Taylor Jones,NA,1
622110,2015,453,17,17,88,100.7,7.5,106.4,101.6,3.75,3.75,0,0,0,Matt Duffy,NA,612
622110,2016,280,9,10,87.1,100.8,7,108.7,102.3,3.21,3.57,0.36,1,-11.1,Matt Duffy,NA,366
622110,2018,413,5,3,86.6,99.7,4.6,104.9,100.5,1.21,0.73,-0.48,-2,40,Matt Duffy,NA,560
622110,2019,119,2,2,87,101.5,5.5,105.2,101.8,1.68,1.68,0,0,0,Matt Duffy,NA,169
622110,2021,227,8,8,87.1,100.7,7,107.7,102.9,3.52,3.52,0,0,0,Matt Duffy,NA,322
622110,2022,177,4,3,87.1,100.6,9.9,105.8,101.9,2.26,1.69,-0.57,-1,25,Matt Duffy,NA,247
622110,2023,154,3,3,86.4,99.8,8.9,104.8,101.3,1.95,1.95,0,0,0,Matt Duffy,NA,209
622110,2024,6,0,0,98.8,104.6,14.2,104.8,NA,0,0,0,0,0,Matt Duffy,NA,10
622168,2018,223,9,9,87.4,103.1,4.6,111.2,104.3,4.04,4.04,0,0,0,Yairo Muñoz,NA,329
622168,2019,136,2,2,84.7,100.3,6.7,107.9,102,1.47,1.47,0,0,0,Yairo Muñoz,NA,181
622168,2021,9,0,0,85.1,99.4,18,99.8,NA,0,0,0,0,0,Yairo Muñoz,NA,11
622168,2022,47,2,2,85,102.2,1.3,106.9,102.5,4.26,4.26,0,0,0,Yairo Muñoz,NA,60
622194,2016,69,4,4,91.2,103.7,4,109.5,101.4,5.8,5.8,0,0,0,Bruce Maxwell,NA,101
622194,2017,157,4,4,88.6,104.1,7.3,109.5,103.6,2.55,2.55,0,0,0,Bruce Maxwell,NA,253
622194,2018,43,2,2,88.6,103.6,4.2,111,109.7,4.65,4.65,0,0,0,Bruce Maxwell,NA,58
622210,2017,2,0,0,86.1,90.5,-14,91.6,NA,0,0,0,0,0,Ian Parmley,NA,4
622217,2017,4,0,0,59.6,77,-24.2,82.4,NA,0,0,0,0,0,Chris O'Grady,NA,9
622226,2018,14,1,1,95.5,110.2,19.6,113.8,111.3,7.14,7.14,0,0,0,Dylan Cozens,NA,44
622226,2019,1,0,0,73.9,73.9,-8,73.9,NA,0,0,0,0,0,Dylan Cozens,NA,1
622268,2019,10,0,0,87.6,96.3,8.5,103.2,NA,0,0,0,0,0,Donovan Walton,NA,19
622268,2021,50,3,1,84,99.6,7.1,107.2,102.8,6,2,-4,-2,66.7,Donovan Walton,NA,69
622268,2022,60,3,2,86.1,103.1,7.8,107.2,102.9,5,3.33,-1.67,-1,33.3,Donovan Walton,NA,78
622268,2024,15,1,1,81.1,101.6,14.8,102.3,101.2,6.67,6.67,0,0,0,Donovan Walton,NA,25
622268,2025,8,0,0,84.7,99.9,-8.9,103.5,NA,0,0,0,0,0,Donovan Walton,NA,9
622270,2017,33,1,1,83.5,99.4,5.6,103.6,102.2,3.03,3.03,0,0,0,Alex D. Mejia,NA,49
622441,2017,20,0,0,75.9,99.2,18,102.4,NA,0,0,0,0,0,Rafael Bautista,NA,27
622441,2018,5,0,0,76.5,86.1,36.6,91.3,NA,0,0,0,0,0,Rafael Bautista,NA,6
622446,2018,8,0,0,89,103.3,-23.8,110.5,NA,0,0,0,0,0,Jefry Rodriguez,NA,18
622446,2021,1,0,0,109.6,109.6,-2,109.6,NA,0,0,0,0,0,Jefry Rodriguez,NA,2
622491,2017,16,0,0,76.8,92.3,-1.2,94.8,NA,0,0,0,0,0,Luis Castillo,NA,33
622491,2018,35,0,0,78.5,92.9,-2.9,97.5,NA,0,0,0,0,0,Luis Castillo,NA,65
622491,2019,24,0,0,79.3,94.1,17,102.8,NA,0,0,0,0,0,Luis Castillo,NA,66
622491,2021,34,1,1,65.4,99.2,-9.9,104.5,100,2.94,2.94,0,0,0,Luis Castillo,NA,59
622497,2017,28,0,1,88,102.4,8.4,110.5,NA,0,3.57,3.57,1,0,Miguel Gómez,NA,34
622497,2018,10,0,0,85.3,99.3,-1.7,102.3,NA,0,0,0,0,0,Miguel Gómez,NA,15
622503,2021,5,0,0,64.2,74.7,-45.2,77.7,NA,0,0,0,0,0,Nabil Crismatt,NA,11
622534,2016,29,0,0,88.9,106.3,-0.2,112.4,NA,0,0,0,0,0,Manuel Margot,NA,37
622534,2017,373,10,11,85.3,102.5,10.4,109.7,103.6,2.68,2.95,0.27,1,-10,Manuel Margot,NA,529
622534,2018,392,12,12,88.8,105,11.3,112.9,103.1,3.06,3.06,0,0,0,Manuel Margot,NA,519
622534,2019,308,10,11,87.2,104.5,14.1,109.6,101,3.25,3.57,0.32,1,-10,Manuel Margot,NA,441
622534,2021,355,17,15,87.3,104.6,10.4,109.6,103.5,4.79,4.23,-0.56,-2,11.8,Manuel Margot,NA,464
622534,2022,268,10,7,87.9,105.1,9.1,110.4,104.1,3.73,2.61,-1.12,-3,30,Manuel Margot,NA,363
622534,2023,258,9,7,87.3,104.7,10.4,111.5,101.9,3.49,2.71,-0.78,-2,22.2,Manuel Margot,NA,336
622534,2024,263,12,7,87.3,104.8,14,111.2,103.2,4.56,2.66,-1.9,-5,41.7,Manuel Margot,NA,343
622534,2025,14,0,0,79.5,94.7,10.2,102.8,NA,0,0,0,0,0,Manuel Margot,NA,20
622569,2018,46,3,3,91.6,103.2,8.7,106.7,103.6,6.52,6.52,0,0,0,Pablo Reyes,NA,63
622569,2019,105,4,4,88.2,101.5,12.2,111.4,104.8,3.81,3.81,0,0,0,Pablo Reyes,NA,157
622569,2021,63,2,0,87.1,100,15,107.5,102.9,3.17,0,-3.17,-2,100,Pablo Reyes,NA,87
622569,2022,13,0,0,79.9,92.4,-3.9,100.6,NA,0,0,0,0,0,Pablo Reyes,NA,16
622569,2023,150,6,4,86.3,102.5,13.4,109.2,104.5,4,2.67,-1.33,-2,33.3,Pablo Reyes,NA,185
622569,2024,41,2,2,88,103,13.2,108,102.7,4.88,4.88,0,0,0,Pablo Reyes,NA,64
622569,2025,21,1,0,84.8,99.8,15.7,100.4,100.4,4.76,0,-4.76,-1,100,Pablo Reyes,NA,34
622608,2017,12,0,0,76.2,97.1,-1.7,98.2,NA,0,0,0,0,0,Antonio Senzatela,NA,39
622608,2018,10,0,0,83.8,96.4,-13.3,100.5,NA,0,0,0,0,0,Antonio Senzatela,NA,29
622608,2019,17,0,0,84.3,98.1,10.6,100.2,NA,0,0,0,0,0,Antonio Senzatela,NA,46
622608,2021,32,0,0,55.8,94,-15.7,100.9,NA,0,0,0,0,0,Antonio Senzatela,NA,51
622663,2015,2,1,1,89.8,98.3,11.5,100.4,100.4,50,50,0,0,0,Luis Severino,NA,2
622663,2017,3,0,0,97,98.4,-1.7,98.7,NA,0,0,0,0,0,Luis Severino,NA,5
622663,2018,1,0,0,89.2,89.2,39,89.2,NA,0,0,0,0,0,Luis Severino,NA,5
622666,2017,191,8,10,88.1,103.2,9.6,109.2,103.5,4.19,5.24,1.05,2,-25,Johan Camargo,NA,256
622666,2018,358,17,15,88.1,102.3,12.6,109.6,104.6,4.75,4.19,-0.56,-2,11.8,Johan Camargo,NA,524
622666,2019,189,7,7,86.9,103.3,11,114.4,104.4,3.7,3.7,0,0,0,Johan Camargo,NA,248
622666,2021,10,0,0,82,97.6,3.3,99,NA,0,0,0,0,0,Johan Camargo,NA,18
622666,2022,116,3,2,85.4,100.7,11.4,106.7,103.6,2.59,1.72,-0.87,-1,33.3,Johan Camargo,NA,166
622666,2023,14,0,0,90,102.8,1.2,105.1,NA,0,0,0,0,0,Johan Camargo,NA,20
622668,2021,3,0,0,90.9,96.6,-21.7,98.2,NA,0,0,0,0,0,Ivan Castillo,NA,4
622682,2018,165,4,2,84.6,99.7,6.7,108.5,100.5,2.42,1.21,-1.21,-2,50,Victor Reyes,NA,219
622682,2019,209,4,4,87.5,101.2,9.2,109.1,103.6,1.91,1.91,0,0,0,Victor Reyes,NA,292
622682,2021,157,9,8,87.7,104.1,6,109.8,105.6,5.73,5.1,-0.63,-1,11.1,Victor Reyes,NA,220
622682,2022,242,10,7,87.4,103.1,10.6,110.9,104.9,4.13,2.89,-1.24,-3,30,Victor Reyes,NA,336
622694,2018,4,0,0,88,95.4,-21.2,95.9,NA,0,0,0,0,0,Elieser Hernández,NA,11
622694,2019,9,0,0,80.1,97.9,-6.8,101.8,NA,0,0,0,0,0,Elieser Hernández,NA,24
622694,2021,11,0,0,62.3,90.3,-6.5,97,NA,0,0,0,0,0,Elieser Hernández,NA,18
622713,2018,3,0,0,85.8,91.8,-0.7,94,NA,0,0,0,0,0,Engelb Vielma,NA,8
622761,2021,141,7,6,84.7,104,13.9,109.5,104.6,4.96,4.26,-0.7,-1,14.3,Jorge Mateo,NA,209
622761,2022,351,21,15,85.6,104.3,14.2,111.3,103.3,5.98,4.27,-1.71,-6,28.6,Jorge Mateo,NA,533
622761,2023,244,12,6,86.7,105.7,9.8,112.4,104.6,4.92,2.46,-2.46,-6,50,Jorge Mateo,NA,350
622761,2024,148,5,4,86.2,105.5,13.1,109.2,104.6,3.38,2.7,-0.68,-1,20,Jorge Mateo,NA,208
622761,2025,49,2,0,85.3,101.6,9.8,107.7,102.4,4.08,0,-4.08,-2,100,Jorge Mateo,NA,83
622761,2026,38,4,3,87.1,105.8,8,112.2,106.7,10.53,7.89,-2.64,-1,25,Jorge Mateo,NA,63
622766,2017,3,0,0,74.6,81.1,-15.3,82.9,NA,0,0,0,0,0,Miguel Díaz,NA,4
622766,2021,2,0,0,74.5,75.1,-26,75.2,NA,0,0,0,0,0,Miguel Díaz,NA,3
622786,2019,2,0,0,81,101,-38.5,106,NA,0,0,0,0,0,Jesus Tinoco,NA,6
622795,2018,1,0,0,68.3,68.3,-13,68.3,NA,0,0,0,0,0,Yohander Méndez,NA,2
623143,2015,31,0,0,81.3,95.5,6.6,98.4,NA,0,0,0,0,0,Trevor Brown,NA,43
623143,2016,133,1,1,83.9,98,14.5,103,100.6,0.75,0.75,0,0,0,Trevor Brown,NA,184
623149,2017,1,0,0,30.1,30.1,35,30.1,NA,0,0,0,0,0,Paul Sewald,NA,2
623149,2018,3,0,0,79.8,91.8,6,92.3,NA,0,0,0,0,0,Paul Sewald,NA,6
623149,2019,1,0,0,66.2,66.2,13,66.2,NA,0,0,0,0,0,Paul Sewald,NA,1
623166,2016,1,0,0,93.8,93.8,2,93.8,NA,0,0,0,0,0,Mike Miller,NA,1
623167,2017,6,0,0,85,95.8,2,97.1,NA,0,0,0,0,0,Chris Flexen,NA,14
623167,2019,2,0,0,81.3,90.7,-3.5,93,NA,0,0,0,0,0,Chris Flexen,NA,2
623167,2021,3,0,0,79.5,89.3,49,93,NA,0,0,0,0,0,Chris Flexen,NA,3
623168,2019,7,0,0,79.4,97.4,22.4,97.5,NA,0,0,0,0,0,Tyler Heineman,NA,12
623168,2022,144,0,0,78.8,97.3,16.8,102.5,NA,0,0,0,0,0,Tyler Heineman,NA,174
623168,2023,30,0,0,78.4,97.8,19.8,103.6,NA,0,0,0,0,0,Tyler Heineman,NA,47
623168,2024,6,0,0,74.1,94,26.2,97.9,NA,0,0,0,0,0,Tyler Heineman,NA,16
623168,2025,125,3,3,79.9,99.2,15.1,104.5,101.9,2.4,2.4,0,0,0,Tyler Heineman,NA,174
623168,2026,52,0,0,79.6,97.1,9,103,NA,0,0,0,0,0,Tyler Heineman,NA,70
623180,2019,21,2,2,89.5,104.4,8.2,105.7,104.7,9.52,9.52,0,0,0,Seth Mejias-Brean,NA,33
623182,2016,10,1,1,85.7,106,10.4,110.4,110.4,10,10,0,0,0,Patrick Kivlehan,NA,24
623182,2017,118,9,9,86.6,104.6,10.4,113,104.3,7.63,7.63,0,0,0,Patrick Kivlehan,NA,204
623182,2018,7,1,1,89.8,113.6,25.3,113.6,113.6,14.29,14.29,0,0,0,Patrick Kivlehan,NA,14
623182,2021,2,0,0,101.7,106.3,15,107.4,NA,0,0,0,0,0,Patrick Kivlehan,NA,8
623205,2018,7,0,0,88,94.3,14.6,94.5,NA,0,0,0,0,0,Andrew Velazquez,NA,12
623205,2019,10,0,0,92.1,103.2,18.2,107.7,NA,0,0,0,0,0,Andrew Velazquez,NA,24
623205,2021,44,6,5,90.2,105.2,9.5,109.2,104.9,13.64,11.36,-2.28,-1,16.7,Andrew Velazquez,NA,68
623205,2022,211,13,9,83.7,103,5.5,109.1,103.3,6.16,4.27,-1.89,-4,30.8,Andrew Velazquez,NA,349
623205,2023,50,2,1,78.4,100,2.7,104.6,100.8,4,2,-2,-1,50,Andrew Velazquez,NA,94
623214,2018,8,0,0,87.2,107,-3.6,109.7,NA,0,0,0,0,0,Abiatal Avelino,NA,11
623214,2019,4,0,0,83.8,96.2,-16.8,102.2,NA,0,0,0,0,0,Abiatal Avelino,NA,8
623323,2019,35,0,0,83.1,98.2,13,105.5,NA,0,0,0,0,0,Braden Bishop,NA,60
623323,2021,3,0,0,52.9,92.5,-47.3,105.3,NA,0,0,0,0,0,Braden Bishop,NA,5
623352,2017,2,0,0,75.3,79.1,14,80,NA,0,0,0,0,0,Josh Hader,NA,4
623352,2018,1,0,0,94.9,94.9,12,94.9,NA,0,0,0,0,0,Josh Hader,NA,2
623352,2019,1,0,0,71.4,71.4,-40,71.4,NA,0,0,0,0,0,Josh Hader,NA,2
623364,2019,1,0,0,69.2,69.2,-35,69.2,NA,0,0,0,0,0,Brad Wieck,NA,2
623395,2017,1,0,0,100.2,100.2,-4,100.2,NA,0,0,0,0,0,Brian Ellington,NA,1
623402,2018,1,0,0,96,96,4,96,NA,0,0,0,0,0,Tim Peterson,NA,2
623451,2017,4,1,1,78.1,100.3,-4.5,102.5,102.5,25,25,0,0,0,Jackson Stephens,NA,6
623451,2018,1,0,0,99,99,-21,99,NA,0,0,0,0,0,Jackson Stephens,NA,3
623454,2018,2,0,0,89.6,94.9,-13,96.2,NA,0,0,0,0,0,Drew Anderson,NA,4
623485,2021,2,0,0,86.8,91.6,12.5,92.8,NA,0,0,0,0,0,Ashton Goudeau,NA,6
623507,2022,2,0,0,98.6,106.7,-9.5,108.7,NA,0,0,0,0,0,Josh Lester,NA,5
623507,2023,15,0,0,85.9,101.5,-1.7,105.8,NA,0,0,0,0,0,Josh Lester,NA,23
623508,2021,9,0,0,86,99.7,1.8,100,NA,0,0,0,0,0,Trent Giambrone,NA,13
623515,2019,2,0,0,75.4,81.4,-31,82.9,NA,0,0,0,0,0,Drew Jackson,NA,4
623515,2022,2,0,0,83.8,84.3,-18,84.4,NA,0,0,0,0,0,Drew Jackson,NA,3
623520,2018,126,13,13,93.5,108.5,3.7,114,106.1,10.32,10.32,0,0,0,David Bote,NA,210
623520,2019,212,11,11,89.7,106.4,7.7,113.8,106.5,5.19,5.19,0,0,0,David Bote,NA,356
623520,2021,221,20,19,89.7,106.9,9.4,115.6,106.4,9.05,8.6,-0.45,-1,5,David Bote,NA,327
623520,2022,71,4,4,92.4,105.6,7.9,109.6,106.3,5.63,5.63,0,0,0,David Bote,NA,127
623520,2024,33,1,0,88.3,104.3,13.3,107.6,101.6,3.03,0,-3.03,-1,100,David Bote,NA,48
623912,2019,331,20,21,88.9,105.3,3.8,113,104,6.04,6.34,0.3,1,-5,Harold Ramírez,NA,446
623912,2021,286,18,13,91.3,108.2,6.3,114.8,104.9,6.29,4.55,-1.74,-5,27.8,Harold Ramírez,NA,361
623912,2022,334,15,5,88.5,106.1,5,113.7,104,4.49,1.5,-2.99,-10,66.7,Harold Ramírez,NA,435
623912,2023,323,15,14,89.1,105.2,6,112.5,105.9,4.64,4.33,-0.31,-1,6.7,Harold Ramírez,NA,434
623912,2024,186,6,3,87,103.2,-0.2,110.9,102.3,3.23,1.61,-1.62,-3,50,Harold Ramírez,NA,246
623993,2017,23,0,0,86.9,107,22.3,109.3,NA,0,0,0,0,0,Anthony Santander,NA,31
623993,2018,79,4,4,87.6,103.7,16.1,112.5,103.2,5.06,5.06,0,0,0,Anthony Santander,NA,108
623993,2019,297,20,24,89.8,106.6,15,112.9,106.3,6.73,8.08,1.35,4,-20,Anthony Santander,NA,405
623993,2021,309,24,22,90.5,106.3,17.8,112.8,106,7.77,7.12,-0.65,-2,8.3,Anthony Santander,NA,438
623993,2022,457,52,35,90,106,21.3,112,104.7,11.38,7.66,-3.72,-17,32.7,Anthony Santander,NA,647
623993,2023,443,41,32,90.6,106.2,20.2,113,104.7,9.26,7.22,-2.04,-9,22,Anthony Santander,NA,656
623993,2024,470,51,35,89.8,105.2,22.8,114.4,104.4,10.85,7.45,-3.4,-16,31.4,Anthony Santander,NA,665
623993,2025,134,6,6,89.6,104.7,18.5,110.4,106.3,4.48,4.48,0,0,0,Anthony Santander,NA,221
624133,2018,4,0,0,82,88.4,-0.8,90.7,NA,0,0,0,0,0,Ranger Suarez,NA,6
624133,2019,3,0,0,68.3,90.3,-22.3,92.1,NA,0,0,0,0,0,Ranger Suarez,NA,5
624133,2021,15,0,0,70.8,89.3,-14.7,100.2,NA,0,0,0,0,0,Ranger Suarez,NA,23
624407,2017,38,1,1,83.9,99.2,11.1,102.3,98.1,2.63,2.63,0,0,0,Tzu-Wei Lin,NA,66
624407,2018,48,2,1,88.1,100.4,13.1,104.2,103.1,4.17,2.08,-2.09,-1,50,Tzu-Wei Lin,NA,73
624407,2019,14,0,0,83,96,1.2,99.6,NA,0,0,0,0,0,Tzu-Wei Lin,NA,22
624413,2019,412,65,67,90.7,110,14.8,118.3,108.9,15.78,16.26,0.48,2,-3.1,Pete Alonso,NA,693
624413,2021,437,61,57,91,109.9,14.7,118.4,106.8,13.96,13.04,-0.92,-4,6.6,Pete Alonso,NA,637
624413,2022,478,59,50,89.8,109,18.2,116.5,108,12.34,10.46,-1.88,-9,15.3,Pete Alonso,NA,685
624413,2023,421,63,54,89.5,108.9,18.1,115.7,108.1,14.96,12.83,-2.13,-9,14.3,Pete Alonso,NA,658
624413,2024,439,56,47,89.8,108.4,14.4,116.3,107.5,12.76,10.71,-2.05,-9,16.1,Pete Alonso,NA,695
624413,2025,470,86,63,93.5,110.1,15.5,115.9,108,18.3,13.4,-4.9,-23,26.7,Pete Alonso,NA,709
624413,2026,138,19,10,94.9,107,14.2,114.6,105.7,13.77,7.25,-6.52,-9,47.4,Pete Alonso,NA,213
624414,2017,92,3,3,87.5,103.6,4.1,108.7,104.6,3.26,3.26,0,0,0,Christian Arroyo,NA,135
624414,2018,37,1,1,91.9,106.6,-0.1,109,100.5,2.7,2.7,0,0,0,Christian Arroyo,NA,59
624414,2019,32,2,2,84.4,101.7,5.3,109.4,104.4,6.25,6.25,0,0,0,Christian Arroyo,NA,57
624414,2021,121,8,7,85.8,103.9,9,111.6,105.2,6.61,5.79,-0.82,-1,12.5,Christian Arroyo,NA,181
624414,2022,235,14,7,88.3,105,8.7,112.2,104.3,5.96,2.98,-2.98,-7,50,Christian Arroyo,NA,300
624414,2023,151,7,6,86.1,102.2,10.9,109.6,102.3,4.64,3.97,-0.67,-1,14.3,Christian Arroyo,NA,206
624415,2019,233,18,21,88.7,100.7,20.1,104.6,101.1,7.73,9.01,1.28,3,-16.7,Cavan Biggio,NA,430
624415,2021,177,8,6,88.4,101.2,15,109.6,102.4,4.52,3.39,-1.13,-2,25,Cavan Biggio,NA,294
624415,2022,173,10,7,87.7,101.5,20,107.6,102.2,5.78,4.05,-1.73,-3,30,Cavan Biggio,NA,303
624415,2023,203,14,9,87.5,101.1,15.6,109.8,101.6,6.9,4.43,-2.47,-5,35.7,Cavan Biggio,NA,338
624415,2024,118,3,1,80.3,97.3,20.1,104.7,99.6,2.54,0.85,-1.69,-2,66.7,Cavan Biggio,NA,224
624415,2025,50,1,1,87,100.5,20.4,104,102.4,2,2,0,0,0,Cavan Biggio,NA,83
624418,2021,1,0,0,89.4,89.4,-10,89.4,NA,0,0,0,0,0,Ryan Castellani,NA,1
624419,2018,28,0,0,78.1,97.8,5.7,101.4,NA,0,0,0,0,0,Nick Ciuffo,NA,44
624419,2019,3,0,0,69.5,95,27,99.6,NA,0,0,0,0,0,Nick Ciuffo,NA,6
624419,2021,4,0,0,85,97,24,97.8,NA,0,0,0,0,0,Nick Ciuffo,NA,6
624424,2015,137,12,12,92.3,107.5,13.4,115,106.1,8.76,8.76,0,0,0,Michael Conforto,NA,194
624424,2016,212,21,21,90.2,105.6,15.1,115,104.9,9.91,9.91,0,0,0,Michael Conforto,NA,348
624424,2017,258,30,34,89.1,106.3,13.7,111.4,105.1,11.63,13.18,1.55,4,-13.3,Michael Conforto,NA,440
624424,2018,386,34,30,88.1,104.5,12.3,112.4,104.6,8.81,7.77,-1.04,-4,11.8,Michael Conforto,NA,638
624424,2019,401,45,48,89.1,105,15.9,112.2,105.5,11.22,11.97,0.75,3,-6.7,Michael Conforto,NA,648
624424,2021,303,27,22,88.5,104,13.2,111.3,105.2,8.91,7.26,-1.65,-5,18.5,Michael Conforto,NA,479
624424,2023,302,20,18,88.9,104.9,12,109.7,104.9,6.62,5.96,-0.66,-2,10,Michael Conforto,NA,470
624424,2024,321,38,33,90.2,107,14.8,113.6,106.2,11.84,10.28,-1.56,-5,13.2,Michael Conforto,NA,488
624424,2025,299,29,22,89.9,105.5,12.9,112.9,105.3,9.7,7.36,-2.34,-7,24.1,Michael Conforto,NA,486
624424,2026,43,6,4,95.5,106.8,19,109.3,105.4,13.95,9.3,-4.65,-2,33.3,Michael Conforto,NA,72
624428,2016,109,2,2,85.8,98,9.8,103.5,99.5,1.83,1.83,0,0,0,Adam Frazier,NA,160
624428,2017,346,7,7,85.6,99.7,9.2,111.9,103.1,2.02,2.02,0,0,0,Adam Frazier,NA,454
624428,2018,265,9,5,88,100.1,10.4,105.5,100.9,3.4,1.89,-1.51,-4,44.4,Adam Frazier,NA,352
624428,2019,474,9,9,86.8,100.5,12.8,106.1,102.4,1.9,1.9,0,0,0,Adam Frazier,NA,608
624428,2021,510,4,4,85,98,12,108.7,101.7,0.78,0.78,0,0,0,Adam Frazier,NA,639
624428,2022,477,7,3,84.5,99.1,13,105.1,100.4,1.47,0.63,-0.84,-4,57.1,Adam Frazier,NA,602
624428,2023,349,10,6,85.1,99.7,15,106.7,101.4,2.87,1.72,-1.15,-4,40,Adam Frazier,NA,455
624428,2024,206,5,2,83.3,99.1,14.4,106.3,100.4,2.43,0.97,-1.46,-3,60,Adam Frazier,NA,294
624428,2025,344,7,0,84.7,98,14,104.6,100.9,2.03,0,-2.03,-7,100,Adam Frazier,NA,459
624428,2026,47,1,0,80.4,96.9,11.3,104.1,104.1,2.13,0,-2.13,-1,100,Adam Frazier,NA,76
624431,2018,7,0,0,83.3,91,10.9,98.7,NA,0,0,0,0,0,Jose Trevino,NA,8
624431,2019,95,2,2,86.8,102.8,8.3,107.5,100,2.11,2.11,0,0,0,Jose Trevino,NA,126
624431,2021,233,10,10,87.1,102.6,8.9,110.2,103.7,4.29,4.29,0,0,0,Jose Trevino,NA,302
624431,2022,270,15,9,87.7,103,12.9,109.4,102,5.56,3.33,-2.23,-6,40,Jose Trevino,NA,353
624431,2023,136,3,3,85.4,101.4,9.1,106.8,103.2,2.21,2.21,0,0,0,Jose Trevino,NA,168
624431,2024,171,9,6,87.8,102.1,9.8,107.8,102,5.26,3.51,-1.75,-3,33.3,Jose Trevino,NA,234
624431,2025,247,8,2,87,102.9,10.2,107.9,100.9,3.24,0.81,-2.43,-6,75,Jose Trevino,NA,302
624431,2026,26,0,0,79.5,97,3.5,101.5,NA,0,0,0,0,0,Jose Trevino,NA,32
624503,2021,146,8,7,91.2,103.4,9.4,109.2,102.4,5.48,4.79,-0.69,-1,12.5,Nick Gordon,NA,216
624503,2022,309,28,22,89.9,103.2,12.1,110.7,104.4,9.06,7.12,-1.94,-6,21.4,Nick Gordon,NA,443
624503,2023,81,4,3,87.7,102.4,9.3,105.4,103.3,4.94,3.7,-1.24,-1,25,Nick Gordon,NA,93
624503,2024,194,11,7,86.2,99.9,6.5,107.9,102.4,5.67,3.61,-2.06,-4,36.4,Nick Gordon,NA,275
624507,2017,95,3,4,85.9,102.1,17.4,107.4,103,3.16,4.21,1.05,1,-33.3,Ryder Jones,NA,164
624507,2018,3,2,2,109.1,112,18.3,112.1,111.9,66.67,66.67,0,0,0,Ryder Jones,NA,8
624512,2018,22,2,1,83.3,98.7,12.5,102.9,99.8,9.09,4.55,-4.54,-1,50,Reese McGuire,NA,33
624512,2019,79,3,3,86,101,13.8,104.5,101.4,3.8,3.8,0,0,0,Reese McGuire,NA,105
624512,2021,155,3,1,86.3,101.4,11.7,107.5,99.2,1.94,0.65,-1.29,-2,66.7,Reese McGuire,NA,217
624512,2022,202,5,4,84.4,100.3,11.4,109.6,102.9,2.48,1.98,-0.5,-1,20,Reese McGuire,NA,274
624512,2023,137,2,2,81.8,100.1,2.1,107.3,104.2,1.46,1.46,0,0,0,Reese McGuire,NA,206
624512,2024,103,6,2,82.2,101.9,11.2,105.8,101.7,5.83,1.94,-3.89,-4,66.7,Reese McGuire,NA,158
624512,2025,108,9,3,83.6,101.8,15.7,105.7,101.2,8.33,2.78,-5.55,-6,66.7,Reese McGuire,NA,140
624512,2026,21,0,0,72.6,90.7,14.6,96,NA,0,0,0,0,0,Reese McGuire,NA,34
624513,2019,23,2,2,87.5,99.3,25.7,106.2,103.4,8.7,8.7,0,0,0,Dom Nuñez,NA,43
624513,2021,138,10,6,85.6,101.9,22,107.8,102.6,7.25,4.35,-2.9,-4,40,Dom Nuñez,NA,263
624513,2022,25,0,0,85.3,98.5,15.8,103.7,NA,0,0,0,0,0,Dom Nuñez,NA,41
624513,2025,3,0,0,63.2,76.2,-41,78.4,NA,0,0,0,0,0,Dom Nuñez,NA,7
624522,2021,5,0,0,63.2,90.6,-19,93.6,NA,0,0,0,0,0,Keegan Thompson,NA,8
624577,2015,211,15,15,89.3,106.8,12.1,112.6,103.8,7.11,7.11,0,0,0,Yasiel Puig,NA,311
624577,2016,261,15,16,90.3,108,11.9,114.6,103.9,5.75,6.13,0.38,1,-6.7,Yasiel Puig,NA,368
624577,2017,402,37,39,88.5,108.1,10.4,116,105.1,9.2,9.7,0.5,2,-5.4,Yasiel Puig,NA,570
624577,2018,317,32,30,89.4,108.8,12.3,115.3,105.9,10.09,9.46,-0.63,-2,6.2,Yasiel Puig,NA,444
624577,2019,414,36,39,89.9,107,13.9,114.4,105.4,8.7,9.42,0.72,3,-8.3,Yasiel Puig,NA,611
624585,2015,246,20,20,91.8,109,11.1,116.2,108.1,8.13,8.13,0,0,0,Jorge Soler,NA,404
624585,2016,158,17,17,89.9,107.9,17.8,114.7,107,10.76,10.76,0,0,0,Jorge Soler,NA,264
624585,2017,61,4,4,89,109.6,19.6,114.4,106.1,6.56,6.56,0,0,0,Jorge Soler,NA,110
624585,2018,155,16,15,89.6,109,10.6,114.1,108.5,10.32,9.68,-0.64,-1,6.2,Jorge Soler,NA,257
624585,2019,416,68,70,92.5,109.8,15.5,115.7,108.5,16.35,16.83,0.48,2,-2.9,Jorge Soler,NA,679
624585,2021,380,47,43,91.1,109.1,15.7,117.9,108.5,12.37,11.32,-1.05,-4,8.5,Jorge Soler,NA,602
624585,2022,180,22,19,91.2,109.9,13.7,117.6,109.8,12.22,10.56,-1.66,-3,13.6,Jorge Soler,NA,306
624585,2023,367,54,46,91.3,107.9,17.8,114.8,106.6,14.71,12.53,-2.18,-8,14.8,Jorge Soler,NA,580
624585,2024,356,44,33,90.5,108,17.9,115.4,106.2,12.36,9.27,-3.09,-11,25,Jorge Soler,NA,574
624585,2025,188,20,17,89.7,107.1,13.8,112.7,107.5,10.64,9.04,-1.6,-3,15,Jorge Soler,NA,315
624585,2026,109,13,9,88.6,106.9,15.5,112.7,105.9,11.93,8.26,-3.67,-4,30.8,Jorge Soler,NA,195
624636,2018,81,0,0,79.2,97.6,13,101.1,NA,0,0,0,0,0,Carlos Tocci,NA,135
624641,2018,1,0,0,84.4,84.4,48,84.4,NA,0,0,0,0,0,Edmundo Sosa,NA,3
624641,2019,6,0,0,83,103.3,0,105.1,NA,0,0,0,0,0,Edmundo Sosa,NA,10
624641,2021,227,9,7,86.4,103.7,5.6,114.6,103.4,3.96,3.08,-0.88,-2,22.2,Edmundo Sosa,NA,326
624641,2022,128,6,3,86.3,102.3,10.7,107.9,102.9,4.69,2.34,-2.35,-3,50,Edmundo Sosa,NA,190
624641,2023,207,13,11,86.5,104.8,13.8,111.8,105.5,6.28,5.31,-0.97,-2,15.4,Edmundo Sosa,NA,300
624641,2024,185,14,11,88.5,105.2,12.9,113.7,105.1,7.57,5.95,-1.62,-3,21.4,Edmundo Sosa,NA,274
624641,2025,191,11,7,86.5,104.1,9.7,110.6,104.7,5.76,3.66,-2.1,-4,36.4,Edmundo Sosa,NA,261
624641,2026,61,3,2,87.3,106.1,5.8,111.6,106.2,4.92,3.28,-1.64,-1,33.3,Edmundo Sosa,NA,85
625329,2015,30,0,0,91.2,105.9,5,107.1,NA,0,0,0,0,0,Henry Urrutia,NA,36
625510,2019,16,0,0,80.7,88.7,10.8,92.3,NA,0,0,0,0,0,Erick Mejia,NA,27
625643,2016,5,0,0,82.6,95.4,-9.4,103.7,NA,0,0,0,0,0,Reynaldo López,NA,14
625643,2019,1,0,0,82.9,82.9,-21,82.9,NA,0,0,0,0,0,Reynaldo López,NA,4
627500,2017,1,0,0,95,95,-17,95,NA,0,0,0,0,0,Jen-Ho Tseng,NA,1
627894,2017,1,0,0,65,65,-32,65,NA,0,0,0,0,0,Luiz Gohara,NA,10
628317,2016,42,0,0,76.6,90.9,7.2,94.9,NA,0,0,0,0,0,Kenta Maeda,NA,66
628317,2017,34,0,0,76.7,92,5.2,108.3,NA,0,0,0,0,0,Kenta Maeda,NA,44
628317,2018,23,0,0,75.5,91.9,5.8,95.8,NA,0,0,0,0,0,Kenta Maeda,NA,40
628317,2019,36,0,0,81.5,95.1,8.1,104.2,NA,0,0,0,0,0,Kenta Maeda,NA,61
628317,2021,3,0,0,68.1,95.6,4,102.9,NA,0,0,0,0,0,Kenta Maeda,NA,4
628318,2018,1,0,0,98.3,98.3,12,98.3,NA,0,0,0,0,0,Kazuhisa Makita,NA,3
628329,2015,218,6,6,88.2,102.5,0.8,108.2,103.3,2.75,2.75,0,0,0,Rusney Castillo,NA,289
628329,2016,5,1,1,99.9,104.2,5,105.2,102.7,20,20,0,0,0,Rusney Castillo,NA,8
628333,2015,15,0,0,80.5,92.2,-18.6,95.2,NA,0,0,0,0,0,Odrisamer Despaigne,NA,34
628333,2017,13,0,0,77.6,85.5,-6.6,100.2,NA,0,0,0,0,0,Odrisamer Despaigne,NA,20
628333,2018,4,0,0,81.8,84.2,-21.5,84.3,NA,0,0,0,0,0,Odrisamer Despaigne,NA,5
628336,2018,101,3,1,85.4,101.5,11.6,106.9,101.8,2.97,0.99,-1.98,-2,66.7,José Miguel Fernández,NA,123
628338,2016,75,1,1,82.7,97.1,10.6,104.6,104.6,1.33,1.33,0,0,0,Guillermo Heredia,NA,107
628338,2017,317,4,5,84,99.7,10.1,107.8,102.8,1.26,1.58,0.32,1,-25,Guillermo Heredia,NA,426
628338,2018,239,6,6,85.7,100.6,11.2,105.7,101,2.51,2.51,0,0,0,Guillermo Heredia,NA,337
628338,2019,146,4,4,85.8,101,12.9,108.3,102.8,2.74,2.74,0,0,0,Guillermo Heredia,NA,231
628338,2021,225,9,8,86.3,102.7,12.6,109.7,104.7,4,3.56,-0.44,-1,11.1,Guillermo Heredia,NA,347
628338,2022,44,3,2,86,101.9,14.7,107.3,105.5,6.82,4.55,-2.27,-1,33.3,Guillermo Heredia,NA,82
628356,2015,321,28,28,90.5,107.4,7.1,113.1,106.4,8.72,8.72,0,0,0,Jung Ho Kang,NA,467
628356,2016,224,20,20,90.3,106,10.9,110.9,105.1,8.93,8.93,0,0,0,Jung Ho Kang,NA,370
628356,2018,5,0,0,87.3,93.6,12.8,95.1,NA,0,0,0,0,0,Jung Ho Kang,NA,6
628356,2019,113,12,13,92.2,108.8,13.6,114.5,107.9,10.62,11.5,0.88,1,-8.3,Jung Ho Kang,NA,185
628450,2021,207,12,9,89.4,102.2,5.2,106,102.6,5.8,4.35,-1.45,-3,25,Yadiel Hernandez,NA,289
628450,2022,230,18,12,88.8,102.4,3.8,108,103,7.83,5.22,-2.61,-6,33.3,Yadiel Hernandez,NA,327
628451,2021,219,13,11,88.5,102.5,15.1,108.1,102.5,5.94,5.02,-0.92,-2,15.4,Andy Ibáñez,NA,272
628451,2022,98,5,2,88.3,101.4,14.9,104.3,101.6,5.1,2.04,-3.06,-3,60,Andy Ibáñez,NA,128
628451,2023,288,24,18,88.8,103.2,12.9,109.6,102.5,8.33,6.25,-2.08,-6,25,Andy Ibáñez,NA,383
628451,2024,163,8,6,88.1,102.7,20.3,108.6,102.7,4.91,3.68,-1.23,-2,25,Andy Ibáñez,NA,244
628451,2025,148,6,5,88.9,102.7,14.3,108.9,103.6,4.05,3.38,-0.67,-1,16.7,Andy Ibáñez,NA,193
628451,2026,22,0,0,86.3,95.7,13.6,105.1,NA,0,0,0,0,0,Andy Ibáñez,NA,26
628452,2015,16,0,0,82.6,96.2,0.2,97.2,NA,0,0,0,0,0,Raisel Iglesias,NA,31
628452,2016,8,0,0,79.2,93.8,-0.1,101.8,NA,0,0,0,0,0,Raisel Iglesias,NA,11
628452,2017,1,0,0,99.8,99.8,18,99.8,NA,0,0,0,0,0,Raisel Iglesias,NA,1
628452,2018,2,0,0,61.2,63.9,-20.5,64.6,NA,0,0,0,0,0,Raisel Iglesias,NA,3
628452,2019,1,0,0,91.5,91.5,-31,91.5,NA,0,0,0,0,0,Raisel Iglesias,NA,2
628711,2016,13,0,0,82.3,99.7,0.3,101,NA,0,0,0,0,0,Julio Urías,NA,26
628711,2017,2,0,0,62.9,78.9,-39.5,82.9,NA,0,0,0,0,0,Julio Urías,NA,7
628711,2019,7,0,0,76.2,93,7.1,93.7,NA,0,0,0,0,0,Julio Urías,NA,18
628711,2021,47,1,0,72.6,98.4,4.3,104.4,104.4,2.13,0,-2.13,-1,100,Julio Urías,NA,70
630105,2021,479,31,27,88.1,103.5,12,110.8,104.8,6.47,5.64,-0.83,-4,12.9,Jake Cronenworth,NA,643
630105,2022,463,26,23,87.3,102,18,108.6,103.2,5.62,4.97,-0.65,-3,11.5,Jake Cronenworth,NA,684
630105,2023,364,14,10,86.4,102.5,15,108.4,103.6,3.85,2.75,-1.1,-4,28.6,Jake Cronenworth,NA,522
630105,2024,460,32,23,88.3,104,13.5,110.9,104.1,6.96,5,-1.96,-9,28.1,Jake Cronenworth,NA,656
630105,2025,322,18,12,87.3,102.9,14.1,109.1,103.6,5.59,3.73,-1.86,-6,33.3,Jake Cronenworth,NA,515
630105,2026,74,4,2,86,103.2,6.1,108.6,103.5,5.41,2.7,-2.71,-2,50,Jake Cronenworth,NA,114
630111,2015,292,10,10,89.3,105.7,5,112.6,104.9,3.42,3.42,0,0,0,Yasmany Tomás,NA,426
630111,2016,391,40,41,90.6,105.7,10,114.3,104.6,10.23,10.49,0.26,1,-2.5,Yasmany Tomás,NA,563
630111,2017,116,10,13,91.4,107.1,9,111.3,104.3,8.62,11.21,2.59,3,-30,Yasmany Tomás,NA,180
630111,2019,2,0,0,98.8,103.1,-11,104.2,NA,0,0,0,0,0,Yasmany Tomás,NA,6
640444,2021,25,1,1,74.4,98,-7,110.7,110.7,4,4,0,0,0,Wil Crowe,NA,41
640447,2017,44,3,3,83.8,100.3,14.9,107.1,103.6,6.82,6.82,0,0,0,Phillip Ervin,NA,64
640447,2018,162,7,7,85.4,101.4,16.2,106.9,102.9,4.32,4.32,0,0,0,Phillip Ervin,NA,247
640447,2019,168,7,7,85,102.6,14.5,111.6,105.9,4.17,4.17,0,0,0,Phillip Ervin,NA,260
640449,2017,92,11,11,88.7,107.6,13.8,111,103.7,11.96,11.96,0,0,0,Clint Frazier,NA,142
640449,2018,21,1,1,88.1,101.6,2,103.2,101.6,4.76,4.76,0,0,0,Clint Frazier,NA,41
640449,2019,158,17,17,88.5,104.6,15.3,109.2,103.6,10.76,10.76,0,0,0,Clint Frazier,NA,246
640449,2021,118,12,11,86.9,106.4,14,111.5,104.5,10.17,9.32,-0.85,-1,8.3,Clint Frazier,NA,218
640449,2022,26,1,1,83.3,101.2,16.5,107.6,100.2,3.85,3.85,0,0,0,Clint Frazier,NA,45
640449,2023,43,0,0,82.5,103.4,11.5,109.2,NA,0,0,0,0,0,Clint Frazier,NA,76
640455,2016,1,0,0,80,80,69,80,NA,0,0,0,0,0,Sean Manaea,NA,2
640455,2017,1,0,0,90.6,90.6,-16,90.6,NA,0,0,0,0,0,Sean Manaea,NA,5
640455,2018,5,0,0,76.5,89.6,-17.4,94.1,NA,0,0,0,0,0,Sean Manaea,NA,5
640455,2021,4,0,0,59,93,-36.8,96.1,NA,0,0,0,0,0,Sean Manaea,NA,5
640457,2018,140,8,5,88.2,102.3,13.7,108.6,103.2,5.71,3.57,-2.14,-3,37.5,Austin Meadows,NA,191
640457,2019,399,48,50,90.4,106.5,16.7,115.4,105.3,12.03,12.53,0.5,2,-4.2,Austin Meadows,NA,591
640457,2021,402,35,30,89.3,104.6,21.7,110.3,103.5,8.71,7.46,-1.25,-5,14.3,Austin Meadows,NA,591
640457,2022,110,6,4,87.8,105,17.2,108.2,102.6,5.45,3.64,-1.81,-2,33.3,Austin Meadows,NA,147
640457,2023,18,0,0,90.5,106.6,16.7,108.8,NA,0,0,0,0,0,Austin Meadows,NA,21
640458,2019,356,10,15,87.5,102.3,14.5,109.5,101.4,2.81,4.21,1.4,5,-50,Óscar Mercado,NA,482
640458,2021,172,7,5,85.6,100.5,15.7,108,103.1,4.07,2.91,-1.16,-2,28.6,Óscar Mercado,NA,238
640458,2022,93,6,5,86.3,101.5,22.2,106.3,102.8,6.45,5.38,-1.07,-1,16.7,Óscar Mercado,NA,128
640458,2023,27,0,0,85.5,100.6,22.9,104.2,NA,0,0,0,0,0,Óscar Mercado,NA,32
640459,2025,12,3,2,96.1,104.2,12.2,105.8,101.9,25,16.67,-8.33,-1,33.3,Brian Navarreto,NA,15
640460,2018,1,0,0,88.1,88.1,48,88.1,NA,0,0,0,0,0,Dustin Peterson,NA,2
640460,2019,30,0,1,84.5,102.7,11,105.9,NA,0,3.33,3.33,1,0,Dustin Peterson,NA,47
640461,2016,38,3,3,89.5,100.9,9.1,106.8,101.4,7.89,7.89,0,0,0,Chad Pinder,NA,55
640461,2017,193,21,24,89.4,105.2,12.3,111,105.5,10.88,12.44,1.56,3,-14.3,Chad Pinder,NA,309
640461,2018,210,27,26,90.7,106,13.8,112.3,105.5,12.86,12.38,-0.48,-1,3.7,Chad Pinder,NA,333
640461,2019,247,21,21,90.9,106,8.6,110,105.2,8.5,8.5,0,0,0,Chad Pinder,NA,370
640461,2021,153,24,21,92.6,106.8,7.4,112.2,105.5,15.69,13.73,-1.96,-3,12.5,Chad Pinder,NA,233
640461,2022,243,16,11,87.2,104.4,9.4,109.8,103.5,6.58,4.53,-2.05,-5,31.2,Chad Pinder,NA,379
640463,2016,16,0,0,82.8,96.3,11.8,99.2,NA,0,0,0,0,0,Braden Shipley,NA,27
640463,2017,4,0,0,84.1,97.8,11.8,100,NA,0,0,0,0,0,Braden Shipley,NA,6
640463,2018,2,0,0,72.2,78.4,15.5,80,NA,0,0,0,0,0,Braden Shipley,NA,2
640464,2021,2,0,0,87.3,98,-7,100.7,NA,0,0,0,0,0,Kohl Stewart,NA,3
640470,2019,3,0,0,84,86.3,-9,87.1,NA,0,0,0,0,0,Adbert Alzolay,NA,5
640470,2021,19,0,0,76.8,93.4,-25.8,102.4,NA,0,0,0,0,0,Adbert Alzolay,NA,33
640492,2022,158,4,0,86.1,102,10.3,108.2,101,2.53,0,-2.53,-4,100,José Azócar,NA,216
640492,2023,72,4,2,80.9,104.2,11.3,108.9,105.7,5.56,2.78,-2.78,-2,50,José Azócar,NA,102
640492,2024,55,2,0,84.6,101.3,7.9,108.4,100.2,3.64,0,-3.64,-2,100,José Azócar,NA,79
640492,2025,18,0,0,82.9,101.2,7.4,109.4,NA,0,0,0,0,0,José Azócar,NA,21
640492,2026,12,0,0,82.3,100.4,2.8,102.3,NA,0,0,0,0,0,José Azócar,NA,16
640902,2024,29,1,1,85.5,103.4,3.3,105.8,100.8,3.45,3.45,0,0,0,Jhonny Pereda,NA,40
640902,2025,49,2,1,88,104.3,5.6,110.6,107.5,4.08,2.04,-2.04,-1,50,Jhonny Pereda,NA,78
640902,2026,12,1,1,91.7,105.2,22.4,106.7,106.7,8.33,8.33,0,0,0,Jhonny Pereda,NA,19
641154,2018,8,0,0,88,103.2,2.6,105.3,NA,0,0,0,0,0,Pablo López,NA,18
641154,2019,14,1,1,88.8,103.1,11.1,105.3,103,7.14,7.14,0,0,0,Pablo López,NA,36
641154,2021,18,1,1,71.2,102.8,-11.8,110.5,110.5,5.56,5.56,0,0,0,Pablo López,NA,35
641302,2025,1,0,0,93.6,93.6,-35,93.6,NA,0,0,0,0,0,Tyler Alexander,NA,1
641312,2019,7,1,1,78.7,97.9,14.7,108.9,108.9,14.29,14.29,0,0,0,Shaun Anderson,NA,28
641313,2016,290,16,16,87.6,102.4,6.4,108.1,102.9,5.52,5.52,0,0,0,Tim Anderson,NA,431
641313,2017,421,21,22,85.5,102.6,7.9,108.8,103.3,4.99,5.23,0.24,1,-4.8,Tim Anderson,NA,606
641313,2018,419,20,19,86,100.5,10.8,112.5,102.6,4.77,4.53,-0.24,-1,5,Tim Anderson,NA,606
641313,2019,391,20,20,88.3,102.6,8.7,107.8,102.9,5.12,5.12,0,0,0,Tim Anderson,NA,518
641313,2021,402,31,28,89.6,104.5,4.3,110.2,103.6,7.71,6.97,-0.74,-3,9.7,Tim Anderson,NA,551
641313,2022,275,15,10,88.2,102.3,3.5,108.7,101.5,5.45,3.64,-1.81,-5,33.3,Tim Anderson,NA,351
641313,2023,372,7,4,87.8,103.2,2,109.6,104.6,1.88,1.08,-0.8,-3,42.9,Tim Anderson,NA,524
641313,2024,165,2,1,86.1,102.7,1.4,108.9,104.4,1.21,0.61,-0.6,-1,50,Tim Anderson,NA,241
641313,2025,55,0,0,87.5,100.7,0.3,103.9,NA,0,0,0,0,0,Tim Anderson,NA,90
641319,2016,20,0,0,86.2,100.2,19,102.3,NA,0,0,0,0,0,Carlos Asuaje,NA,25
641319,2017,228,4,4,84.5,97.6,14.3,103.1,99.5,1.75,1.75,0,0,0,Carlos Asuaje,NA,343
641319,2018,141,5,4,87,97.5,15.3,104,100.7,3.55,2.84,-0.71,-1,20,Carlos Asuaje,NA,218
641343,2018,224,15,15,87.4,103.1,11.9,110,104,6.7,6.7,0,0,0,Jake Bauers,NA,388
641343,2019,258,12,13,87.9,103.7,15.1,109.5,104.8,4.65,5.04,0.39,1,-8.3,Jake Bauers,NA,423
641343,2021,203,11,10,87.5,103.2,19.5,112.3,104.9,5.42,4.93,-0.49,-1,9.1,Jake Bauers,NA,315
641343,2023,150,26,23,89.1,106.7,13.8,113.5,105.7,17.33,15.33,-2,-3,11.5,Jake Bauers,NA,272
641343,2024,184,18,16,88.5,104,23.3,110.1,105.4,9.78,8.7,-1.08,-2,11.1,Jake Bauers,NA,346
641343,2025,124,15,11,91.3,107.4,16.5,112.6,105.7,12.1,8.87,-3.23,-4,26.7,Jake Bauers,NA,218
641343,2026,112,11,9,93,106.9,9.2,112.4,106.6,9.82,8.04,-1.78,-2,18.2,Jake Bauers,NA,164
641355,2017,334,40,44,89.7,105.3,16.7,112.8,105.4,11.98,13.17,1.19,4,-10,Cody Bellinger,NA,548
641355,2018,402,35,34,89.8,105.4,16.2,112.9,105.7,8.71,8.46,-0.25,-1,2.9,Cody Bellinger,NA,632
641355,2019,450,56,58,90.9,105,17.5,110.6,104.6,12.44,12.89,0.45,2,-3.6,Cody Bellinger,NA,660
641355,2021,223,15,12,89.1,103.3,21.8,107.4,102.8,6.73,5.38,-1.35,-3,20,Cody Bellinger,NA,350
641355,2022,359,29,19,89.4,102.2,20.3,107.3,102.6,8.08,5.29,-2.79,-10,34.5,Cody Bellinger,NA,550
641355,2023,423,25,21,87.9,102.9,17.2,109.2,103.7,5.91,4.96,-0.95,-4,16,Cody Bellinger,NA,556
641355,2024,432,27,19,87.8,101.2,17.4,109.2,103.2,6.25,4.4,-1.85,-8,29.6,Cody Bellinger,NA,569
641355,2025,505,35,20,88.2,102.7,18.5,110.2,102.6,6.93,3.96,-2.97,-15,42.9,Cody Bellinger,NA,656
641355,2026,151,12,8,89.8,103.5,20,109.3,104.4,7.95,5.3,-2.65,-4,33.3,Cody Bellinger,NA,212
641360,2021,1,0,0,94.8,94.8,-12,94.8,NA,0,0,0,0,0,Phil Bickford,NA,3
641432,2017,27,0,0,90.3,105.9,3,110,NA,0,0,0,0,0,Willie Calhoun,NA,37
641432,2018,77,2,2,87.2,99.6,11.5,108.6,104.8,2.6,2.6,0,0,0,Willie Calhoun,NA,108
641432,2019,258,14,15,89.7,104.3,17.6,111.9,103.2,5.43,5.81,0.38,1,-7.1,Willie Calhoun,NA,337
641432,2021,227,8,6,90.1,104.9,14.9,110.6,103.3,3.52,2.64,-0.88,-2,25,Willie Calhoun,NA,284
641432,2022,43,1,1,89.4,105.8,16.1,110.4,106.9,2.33,2.33,0,0,0,Willie Calhoun,NA,62
641432,2023,115,4,2,90.7,104.3,11.9,109.5,101.7,3.48,1.74,-1.74,-2,50,Willie Calhoun,NA,149
641432,2024,199,6,3,89,104.1,12.4,109.6,103,3.02,1.51,-1.51,-3,50,Willie Calhoun,NA,254
641447,2021,3,0,0,50.4,81.7,-34.7,94.7,NA,0,0,0,0,0,Daniel Castano,NA,5
641470,2019,47,7,7,90.7,104.4,15.3,107,102.8,14.89,14.89,0,0,0,Zack Collins,NA,102
641470,2021,126,13,12,90.3,104.6,20,109.9,103.8,10.32,9.52,-0.8,-1,7.7,Zack Collins,NA,231
641470,2022,57,5,3,91,103.3,20.1,107.9,105.1,8.77,5.26,-3.51,-2,40,Zack Collins,NA,108
641470,2023,2,0,0,100,103.8,13.5,104.8,NA,0,0,0,0,0,Zack Collins,NA,6
641477,2018,24,1,1,87.3,103.3,19.5,107,107,4.17,4.17,0,0,0,Ryan Cordell,NA,40
641477,2019,147,10,10,88.4,103.3,19.7,109.2,104.7,6.8,6.8,0,0,0,Ryan Cordell,NA,247
641482,2021,1,0,0,65.2,65.2,4,65.2,NA,0,0,0,0,0,Nestor Cortes,NA,1
641487,2017,49,0,0,83.4,101.5,18.6,106.1,NA,0,0,0,0,0,J.P. Crawford,NA,87
641487,2018,81,3,3,87,100.7,15.3,105.2,103,3.7,3.7,0,0,0,J.P. Crawford,NA,138
641487,2019,264,6,8,84.7,101,11.9,108.6,104,2.27,3.03,0.76,2,-33.3,J.P. Crawford,NA,396
641487,2021,508,10,7,85.6,102.8,9.5,110.5,103.7,1.97,1.38,-0.59,-3,30,J.P. Crawford,NA,687
641487,2022,441,9,7,84.7,102,9,109.3,103.4,2.04,1.59,-0.45,-2,22.2,J.P. Crawford,NA,603
641487,2023,413,17,13,87.6,104.1,15.3,110.1,103.9,4.12,3.15,-0.97,-4,23.5,J.P. Crawford,NA,638
641487,2024,289,18,14,87.2,103.3,13.2,110.7,104.1,6.23,4.84,-1.39,-4,22.2,J.P. Crawford,NA,451
641487,2025,451,18,12,86.3,102.7,11.2,110.1,103,3.99,2.66,-1.33,-6,33.3,J.P. Crawford,NA,654
641487,2026,114,10,4,87.3,102.6,12.1,107.8,102.2,8.77,3.51,-5.26,-6,60,J.P. Crawford,NA,176
641505,2018,19,0,0,78.1,95.3,-5.3,105.6,NA,0,0,0,0,0,Jonathan Davis,NA,27
641505,2019,59,2,2,83.8,99.7,10.6,105,104.4,3.39,3.39,0,0,0,Jonathan Davis,NA,95
641505,2021,62,3,3,85.1,98.8,7.7,107.4,103.8,4.84,4.84,0,0,0,Jonathan Davis,NA,103
641505,2022,51,0,0,83.6,100,2.2,109.1,NA,0,0,0,0,0,Jonathan Davis,NA,91
641505,2023,65,3,3,82.7,100.4,6,106.1,100.9,4.62,4.62,0,0,0,Jonathan Davis,NA,104
641511,2022,106,2,0,84.5,99.2,14.8,107.3,101.4,1.89,0,-1.89,-2,100,Jason Delay,NA,167
641511,2023,125,4,3,82.5,98.9,11.7,105.4,101.7,3.2,2.4,-0.8,-1,25,Jason Delay,NA,187
641511,2024,16,0,0,79.8,97.3,20.6,104.5,NA,0,0,0,0,0,Jason Delay,NA,19
641512,2022,16,0,0,70.2,93.3,11.6,100.6,NA,0,0,0,0,0,Ben DeLuzio,NA,25
641513,2019,107,4,4,91.1,104.9,16.1,110.2,104.8,3.74,3.74,0,0,0,Travis Demeritte,NA,186
641513,2022,58,4,2,88.8,105.6,9.8,109.5,106,6.9,3.45,-3.45,-2,50,Travis Demeritte,NA,96
641525,2018,74,7,6,89.6,106.9,11.3,112.4,106.5,9.46,8.11,-1.35,-1,14.3,Brandon Dixon,NA,124
641525,2019,259,28,30,89.6,105.5,17,113.3,104.2,10.81,11.58,0.77,2,-7.1,Brandon Dixon,NA,420
641525,2022,9,0,0,88.4,100.5,20.1,107,NA,0,0,0,0,0,Brandon Dixon,NA,14
641525,2023,50,4,3,87,105.8,16.5,111,106.7,8,6,-2,-1,25,Brandon Dixon,NA,86
641531,2016,11,1,1,78.5,94.2,14.6,106.4,106.4,9.09,9.09,0,0,0,Hunter Dozier,NA,21
641531,2018,253,25,21,89.5,106.5,12.9,112.9,105.9,9.88,8.3,-1.58,-4,16,Hunter Dozier,NA,388
641531,2019,380,36,37,91.1,107.3,16.7,115.1,105.5,9.47,9.74,0.27,1,-2.8,Hunter Dozier,NA,586
641531,2021,339,26,22,89.9,105.9,15.8,113,105,7.67,6.49,-1.18,-4,15.4,Hunter Dozier,NA,543
641531,2022,336,23,15,88.4,105.5,12.8,110.7,104.6,6.85,4.46,-2.39,-8,34.8,Hunter Dozier,NA,500
641531,2023,54,2,2,84.4,103.2,12.3,107.9,103.3,3.7,3.7,0,0,0,Hunter Dozier,NA,91
641540,2021,3,0,0,53.3,83.4,5.3,96.2,NA,0,0,0,0,0,Dane Dunning,NA,4
641541,2019,2,0,0,97.7,99.6,-21,100.1,NA,0,0,0,0,0,Jon Duplantier,NA,8
641553,2017,182,7,8,82,100.4,13.9,107.2,102.9,3.85,4.4,0.55,1,-14.3,Adam Engel,NA,336
641553,2018,297,7,6,86.4,103.8,14.3,113.4,104,2.36,2.02,-0.34,-1,14.3,Adam Engel,NA,463
641553,2019,146,7,8,85.3,104.3,11.3,111.4,103.6,4.79,5.48,0.69,1,-14.3,Adam Engel,NA,248
641553,2021,91,8,7,86.8,104.6,14.4,109.8,104.8,8.79,7.69,-1.1,-1,12.5,Adam Engel,NA,140
641553,2022,168,3,1,87.6,103.9,15.3,111.2,104.6,1.79,0.6,-1.19,-2,66.7,Adam Engel,NA,260
641553,2023,4,0,0,81,84,34,85.1,NA,0,0,0,0,0,Adam Engel,NA,6
641555,2025,72,4,2,90.8,104.6,11.5,107.1,103.4,5.56,2.78,-2.78,-2,50,J.C. Escarra,NA,98
641555,2026,38,2,1,88.3,104.9,10.2,109,105.7,5.26,2.63,-2.63,-1,50,J.C. Escarra,NA,53
641561,2021,37,0,0,80.1,96.6,7,103.6,NA,0,0,0,0,0,Johneshwy Fargas,NA,54
641571,2018,1,0,0,101.7,101.7,9,101.7,NA,0,0,0,0,0,Heath Fillmyer,NA,5
641583,2018,146,6,6,88.4,104.3,15.2,108.6,104.8,4.11,4.11,0,0,0,Dustin Fowler,NA,203
641583,2021,22,0,0,89.5,102,20.2,107.8,NA,0,0,0,0,0,Dustin Fowler,NA,46
641584,2019,26,1,1,83.4,97.3,31.3,106.1,106.1,3.85,3.85,0,0,0,Jake Fraley,NA,41
641584,2021,146,9,9,84.9,102.6,12,109.2,104.2,6.16,6.16,0,0,0,Jake Fraley,NA,265
641584,2022,162,12,11,85.1,102.6,13.8,110,104.3,7.41,6.79,-0.62,-1,8.3,Jake Fraley,NA,247
641584,2023,265,15,10,84.6,102.7,16.8,111.7,105.1,5.66,3.77,-1.89,-5,33.3,Jake Fraley,NA,380
641584,2024,281,9,5,84.3,101.4,11.3,108.7,102.8,3.2,1.78,-1.42,-4,44.4,Jake Fraley,NA,382
641584,2025,141,6,6,85.2,104.7,17.9,108.5,105.4,4.26,4.26,0,0,0,Jake Fraley,NA,217
641584,2026,57,5,3,83.9,101.9,22.9,107.8,105,8.77,5.26,-3.51,-2,40,Jake Fraley,NA,90
641598,2017,31,1,1,86.8,103.9,10.5,107.8,103.9,3.23,3.23,0,0,0,Mitch Garver,NA,52
641598,2018,231,11,10,89,104.7,12.8,111,105,4.76,4.33,-0.43,-1,9.1,Mitch Garver,NA,335
641598,2019,226,34,35,91.1,105.1,15.3,109.7,104,15.04,15.49,0.45,1,-2.9,Mitch Garver,NA,359
641598,2021,138,23,21,92.3,107.3,19,111.8,106.1,16.67,15.22,-1.45,-2,8.7,Mitch Garver,NA,243
641598,2022,137,12,8,88.9,103.8,18.4,111.4,104.8,8.76,5.84,-2.92,-4,33.3,Mitch Garver,NA,215
641598,2023,214,25,22,90,106.6,20.5,113.2,105.8,11.68,10.28,-1.4,-3,12,Mitch Garver,NA,344
641598,2024,236,19,17,89.9,104.4,18.2,108.7,104.6,8.05,7.2,-0.85,-2,10.5,Mitch Garver,NA,430
641598,2025,177,13,10,91.5,104.3,19.4,108.7,104.6,7.34,5.65,-1.69,-3,23.1,Mitch Garver,NA,290
641598,2026,35,2,2,91.6,104.7,16.4,110.5,107,5.71,5.71,0,0,0,Mitch Garver,NA,73
641627,2019,1,0,0,90,90,18,90,NA,0,0,0,0,0,Trevor Gott,NA,1
641645,2018,64,0,0,85.9,99.4,5.5,106.6,NA,0,0,0,0,0,Luis Guillorme,NA,74
641645,2019,48,2,2,85.2,101.4,15.3,103.4,102.4,4.17,4.17,0,0,0,Luis Guillorme,NA,70
641645,2021,110,1,1,85.7,98.1,3.9,101.8,100.1,0.91,0.91,0,0,0,Luis Guillorme,NA,156
641645,2022,253,5,2,84.9,99.4,3.8,110.2,99.8,1.98,0.79,-1.19,-3,60,Luis Guillorme,NA,335
641645,2023,82,1,0,84,99.2,10.3,100.4,99.4,1.22,0,-1.22,-1,100,Luis Guillorme,NA,120
641645,2024,128,2,0,85.1,97.3,5.6,108.5,100.7,1.56,0,-1.56,-2,100,Luis Guillorme,NA,187
641645,2025,11,0,0,88.1,100.4,5.2,103,NA,0,0,0,0,0,Luis Guillorme,NA,21
641658,2018,26,0,0,83.5,99.8,9.3,101.8,NA,0,0,0,0,0,Garrett Hampson,NA,48
641658,2019,207,8,8,84.6,101.3,12.5,107.2,101.4,3.86,3.86,0,0,0,Garrett Hampson,NA,327
641658,2021,338,16,14,83.7,100.9,12.3,107,101.8,4.73,4.14,-0.59,-2,12.5,Garrett Hampson,NA,494
641658,2022,138,6,4,83.3,100.8,7.1,107,103.1,4.35,2.9,-1.45,-2,33.3,Garrett Hampson,NA,226
641658,2023,157,3,3,83.4,101.4,10.4,108.5,103.2,1.91,1.91,0,0,0,Garrett Hampson,NA,252
641658,2024,158,6,2,83.8,101.1,14.7,109.1,100.2,3.8,1.27,-2.53,-4,66.7,Garrett Hampson,NA,231
641658,2025,51,1,0,79.6,97.6,16.9,99.2,99.2,1.96,0,-1.96,-1,100,Garrett Hampson,NA,91
641680,2021,210,14,11,86.8,104.4,15.3,109,103.2,6.67,5.24,-1.43,-3,21.4,Jonah Heim,NA,285
641680,2022,319,22,14,89.1,103.3,17.5,112.4,103.6,6.9,4.39,-2.51,-8,36.4,Jonah Heim,NA,450
641680,2023,363,26,20,89.2,104,17.3,110.3,103.8,7.16,5.51,-1.65,-6,23.1,Jonah Heim,NA,501
641680,2024,370,19,13,88.4,102.7,14.7,109.8,103.5,5.14,3.51,-1.63,-6,31.6,Jonah Heim,NA,491
641680,2025,312,18,7,87.7,102.4,13.8,109.6,102.1,5.77,2.24,-3.53,-11,61.1,Jonah Heim,NA,433
641680,2026,50,2,1,84.6,101.3,14.6,106,101.8,4,2,-2,-1,50,Jonah Heim,NA,65
641682,2021,1,0,0,99.6,99.6,-8,99.6,NA,0,0,0,0,0,Ryan Hendrix,NA,1
641684,2018,39,1,1,84.6,104.3,12.9,108.8,108.8,2.56,2.56,0,0,0,Michael Hermosillo,NA,62
641684,2019,17,0,0,91.5,103.5,24.2,105,NA,0,0,0,0,0,Michael Hermosillo,NA,46
641684,2021,24,5,4,89.3,105,30.3,108.8,105.5,20.83,16.67,-4.16,-1,20,Michael Hermosillo,NA,38
641684,2022,35,2,0,85.4,102.8,14.5,108.2,103,5.71,0,-5.71,-2,100,Michael Hermosillo,NA,73
641712,2018,1,0,0,79.4,79.4,-58,79.4,NA,0,0,0,0,0,Dakota Hudson,NA,1
641712,2019,26,0,0,81.3,95.8,-7.6,105,NA,0,0,0,0,0,Dakota Hudson,NA,59
641712,2021,1,0,0,66.3,66.3,-59,66.3,NA,0,0,0,0,0,Dakota Hudson,NA,4
641741,2022,7,0,0,78.1,96.3,9.6,98.7,NA,0,0,0,0,0,Gosuke Katoh,NA,11
641745,2018,2,0,0,94.8,98.1,-14,98.9,NA,0,0,0,0,0,Brad Keller,NA,3
641745,2019,3,0,0,81.8,89.1,-17.3,90,NA,0,0,0,0,0,Brad Keller,NA,10
641745,2021,4,0,0,53,80.4,-8.5,84.2,NA,0,0,0,0,0,Brad Keller,NA,7
641771,2016,11,0,0,86,91.9,-3.6,96.7,NA,0,0,0,0,0,Chad Kuhl,NA,26
641771,2017,31,0,0,82.7,96.9,0,102.4,NA,0,0,0,0,0,Chad Kuhl,NA,52
641771,2018,16,0,0,74.1,87.2,-8.9,97.5,NA,0,0,0,0,0,Chad Kuhl,NA,27
641771,2021,12,0,0,66.5,99,-9.4,104.1,NA,0,0,0,0,0,Chad Kuhl,NA,24
641778,2018,15,0,0,81.9,98,5.9,99.2,NA,0,0,0,0,0,Eric Lauer,NA,37
641778,2019,18,1,1,84,96.8,13.3,103.8,103.8,5.56,5.56,0,0,0,Eric Lauer,NA,48
641778,2021,17,1,1,65.8,102.5,-5.8,105.5,101.4,5.88,5.88,0,0,0,Eric Lauer,NA,37
641779,2022,103,8,8,86.8,103.3,16.4,109,104.5,7.77,7.77,0,0,0,Charles Leblanc,NA,169
641779,2024,12,2,1,85.3,104.6,20.1,107,104.3,16.67,8.33,-8.34,-1,50,Charles Leblanc,NA,28
641786,2019,43,9,9,90.4,105.5,10.4,108.9,105.5,20.93,20.93,0,0,0,Kyle Lewis,NA,75
641786,2021,93,13,10,89.7,106,16.9,109.7,105.1,13.98,10.75,-3.23,-3,23.1,Kyle Lewis,NA,147
641786,2022,36,4,4,89.9,105.3,16.8,110,105.7,11.11,11.11,0,0,0,Kyle Lewis,NA,62
641786,2023,30,2,0,89.1,101,23.6,102.9,101,6.67,0,-6.67,-2,100,Kyle Lewis,NA,54
641793,2021,1,0,0,97.2,97.2,7,97.2,NA,0,0,0,0,0,Zack Littell,NA,4
641796,2017,1,0,0,70.2,70.2,56,70.2,NA,0,0,0,0,0,Tim Locastro,NA,1
641796,2018,4,0,0,80.2,96.4,12.5,97.4,NA,0,0,0,0,0,Tim Locastro,NA,14
641796,2019,168,0,2,83.9,100.1,12.9,107.6,NA,0,1.19,1.19,2,0,Tim Locastro,NA,250
641796,2021,107,1,1,81.2,98.5,13.8,107.1,105.3,0.93,0.93,0,0,0,Tim Locastro,NA,156
641796,2022,35,2,2,86.5,101.9,11.8,108.1,106.2,5.71,5.71,0,0,0,Tim Locastro,NA,46
641796,2023,36,2,2,79.5,99.6,19.4,105.6,104.6,5.56,5.56,0,0,0,Tim Locastro,NA,67
641816,2017,5,0,0,78.8,87.3,-19.2,94,NA,0,0,0,0,0,Tyler Mahle,NA,8
641816,2018,19,0,0,86,101.3,-11.2,106.8,NA,0,0,0,0,0,Tyler Mahle,NA,34
641816,2019,15,0,0,84.9,98.5,-14.9,104.9,NA,0,0,0,0,0,Tyler Mahle,NA,41
641816,2021,43,1,1,73.9,96,-15.6,102.6,99.7,2.33,2.33,0,0,0,Tyler Mahle,NA,66
641820,2016,10,3,3,95.1,109.5,14.5,111.4,109.9,30,30,0,0,0,Trey Mancini,NA,15
641820,2017,404,40,44,88.6,105.9,7.1,115.5,105.1,9.9,10.89,0.99,4,-10,Trey Mancini,NA,586
641820,2018,433,47,41,89.9,106.3,5.5,115,104.8,10.85,9.47,-1.38,-6,12.8,Trey Mancini,NA,636
641820,2019,464,46,48,90.3,106.7,7.8,113.9,105.4,9.91,10.34,0.43,2,-4.3,Trey Mancini,NA,679
641820,2021,413,41,35,88.9,107.8,9.6,113.9,105.1,9.93,8.47,-1.46,-6,14.6,Trey Mancini,NA,616
641820,2022,388,36,20,89.5,105,12.7,111.8,103.4,9.28,5.15,-4.13,-16,44.4,Trey Mancini,NA,587
641820,2023,160,6,4,88.7,104,12.2,109.1,104.3,3.75,2.5,-1.25,-2,33.3,Trey Mancini,NA,263
641829,2019,26,2,2,91,105.8,5.6,108.4,105.7,7.69,7.69,0,0,0,Jason Martin,NA,40
641829,2021,104,7,5,85.5,102.5,11.6,108.1,102.5,6.73,4.81,-1.92,-2,28.6,Jason Martin,NA,154
641851,2018,1,0,0,82.9,82.9,-21,82.9,NA,0,0,0,0,0,Kyle McGowin,NA,2
641851,2019,3,0,0,95.8,100.6,11,102.3,NA,0,0,0,0,0,Kyle McGowin,NA,3
641856,2018,87,7,6,88.8,103.3,18.7,109.4,105.7,8.05,6.9,-1.15,-1,14.3,Billy McKinney,NA,132
641856,2019,181,10,12,86.1,103.1,14.9,110.8,103.4,5.52,6.63,1.11,2,-20,Billy McKinney,NA,276
641856,2021,188,11,10,88.1,103,17.6,109.5,104.5,5.85,5.32,-0.53,-1,9.1,Billy McKinney,NA,300
641856,2022,37,2,2,82.6,99.4,15.2,106.5,103.8,5.41,5.41,0,0,0,Billy McKinney,NA,57
641856,2023,90,11,10,89.1,104.2,12.2,109.7,104.6,12.22,11.11,-1.11,-1,9.1,Billy McKinney,NA,147
641856,2024,12,1,0,86,100.6,-0.4,102.7,102.7,8.33,0,-8.33,-1,100,Billy McKinney,NA,28
641856,2025,19,0,0,87,99.1,15.9,102,NA,0,0,0,0,0,Billy McKinney,NA,21
641857,2017,14,0,0,80.8,97.5,-4.7,103.7,NA,0,0,0,0,0,Ryan McMahon,NA,24
641857,2018,117,5,4,89.3,103.5,7.5,110.1,104.3,4.27,3.42,-0.85,-1,20,Ryan McMahon,NA,202
641857,2019,319,29,30,91.7,106.3,8.8,112.9,104.6,9.09,9.4,0.31,1,-3.4,Ryan McMahon,NA,539
641857,2021,384,26,21,90.2,104.8,14.2,111.5,105.8,6.77,5.47,-1.3,-5,19.2,Ryan McMahon,NA,596
641857,2022,373,33,24,91.3,106.6,10.7,113.7,105.7,8.85,6.43,-2.42,-9,27.3,Ryan McMahon,NA,597
641857,2023,360,41,36,90.5,106.8,9.7,113.2,105.4,11.39,10,-1.39,-5,12.2,Ryan McMahon,NA,627
641857,2024,383,40,30,92,107.2,10.1,113,106.3,10.44,7.83,-2.61,-10,25,Ryan McMahon,NA,645
641857,2025,322,37,28,91.7,106.8,13.6,113.6,105.7,11.49,8.7,-2.79,-9,24.3,Ryan McMahon,NA,586
641857,2026,85,7,3,90,105.5,13,110.5,103,8.24,3.53,-4.71,-4,57.1,Ryan McMahon,NA,140
641878,2019,14,0,0,87.4,97.5,11.5,99,NA,0,0,0,0,0,Ian Miller,NA,17
641914,2019,38,1,2,90.6,104.8,9.9,109.4,101.2,2.63,5.26,2.63,1,-100,Sheldon Neuse,NA,61
641914,2021,39,5,5,88.8,105.3,13.3,108.7,105.4,12.82,12.82,0,0,0,Sheldon Neuse,NA,66
641914,2022,187,6,3,89.1,103.2,1.5,108.3,101.6,3.21,1.6,-1.61,-3,50,Sheldon Neuse,NA,293
641924,2018,12,0,0,86.8,98.8,12.7,103.7,NA,0,0,0,0,0,Jacob Nottingham,NA,24
641924,2019,4,0,0,93.5,98.2,29.8,98.7,NA,0,0,0,0,0,Jacob Nottingham,NA,7
641924,2021,21,3,3,87.3,104.8,31.7,108.5,104.9,14.29,14.29,0,0,0,Jacob Nottingham,NA,45
641927,2021,2,0,0,83.7,92,-14,94.1,NA,0,0,0,0,0,Bailey Ober,NA,2
641929,2021,1,0,0,95.6,95.6,-68,95.6,NA,0,0,0,0,0,Joseph Odom,NA,2
641933,2018,75,16,15,92.1,107.9,22.2,113.1,106.5,21.33,20,-1.33,-1,6.2,Tyler O'Neill,NA,142
641933,2019,86,6,6,89,104.9,19.9,111.8,105.6,6.98,6.98,0,0,0,Tyler O'Neill,NA,151
641933,2021,318,55,50,93,108.4,17.8,113.1,107.3,17.3,15.72,-1.58,-5,9.1,Tyler O'Neill,NA,537
641933,2022,237,27,18,89.8,105.9,13.6,110.3,105.1,11.39,7.59,-3.8,-9,33.3,Tyler O'Neill,NA,383
641933,2023,170,20,14,89.2,106,15,111.4,105.3,11.76,8.24,-3.52,-6,30,Tyler O'Neill,NA,266
641933,2024,254,43,37,90.9,107.2,20.2,113.1,106.3,16.93,14.57,-2.36,-6,14,Tyler O'Neill,NA,473
641933,2025,133,21,15,88.8,105.4,22.2,113.6,105.6,15.79,11.28,-4.51,-6,28.6,Tyler O'Neill,NA,209
641933,2026,60,2,2,89,103.4,24.8,110.9,110,3.33,3.33,0,0,0,Tyler O'Neill,NA,96
641941,2017,1,0,0,71.8,71.8,-13,71.8,NA,0,0,0,0,0,Emilio Pagán,NA,2
641941,2021,1,0,0,57,57,57,57,NA,0,0,0,0,0,Emilio Pagán,NA,2
641943,2021,26,1,1,88.5,103.3,4.2,104.4,103,3.85,3.85,0,0,0,Joshua Palacios,NA,42
641943,2022,32,0,0,81.3,99.4,4.9,104,NA,0,0,0,0,0,Joshua Palacios,NA,49
641943,2023,192,18,13,90.1,104.8,7.7,109.6,102.7,9.38,6.77,-2.61,-5,27.8,Joshua Palacios,NA,264
641943,2024,53,2,2,89.8,105,6.2,108.4,106.1,3.77,3.77,0,0,0,Joshua Palacios,NA,78
641943,2025,92,8,5,86.3,105,10.7,110.3,104.9,8.7,5.43,-3.27,-3,37.5,Joshua Palacios,NA,145
641958,2016,17,0,0,82.3,97.8,11,107.1,NA,0,0,0,0,0,Jordan Patterson,NA,19
641999,2021,1,0,0,86.5,86.5,5,86.5,NA,0,0,0,0,0,Corey Ray,NA,3
642003,2016,4,0,0,63.4,82,-4,82.9,NA,0,0,0,0,0,Cody Reed,NA,14
642003,2018,1,0,0,70.6,70.6,-6,70.6,NA,0,0,0,0,0,Cody Reed,NA,12
642020,2022,43,4,3,85,103.3,-0.4,108.3,104,9.3,6.98,-2.32,-1,25,Chuckie Robinson,NA,60
642020,2024,50,1,0,81.4,99.6,1.1,107.1,99.5,2,0,-2,-1,100,Chuckie Robinson,NA,76
642020,2025,2,0,0,34.5,36.1,-28.5,36.5,NA,0,0,0,0,0,Chuckie Robinson,NA,2
642028,2021,9,0,0,64.8,85.6,-29.3,91.2,NA,0,0,0,0,0,Josh Rogers,NA,14
642073,2021,1,0,0,70.6,70.6,-2,70.6,NA,0,0,0,0,0,James Sherfy,NA,1
642082,2017,11,2,2,84.9,100.9,12.3,103.7,102.3,18.18,18.18,0,0,0,Chance Sisco,NA,22
642082,2018,94,4,4,87.8,100.1,13.4,106.4,103.2,4.26,4.26,0,0,0,Chance Sisco,NA,184
642082,2019,105,11,11,89.5,102.1,16.4,107.4,102.7,10.48,10.48,0,0,0,Chance Sisco,NA,198
642082,2021,52,1,1,81.7,94,13.6,100.5,99.8,1.92,1.92,0,0,0,Chance Sisco,NA,83
642086,2017,119,9,10,89.7,102.8,9.7,107.5,104.8,7.56,8.4,0.84,1,-11.1,Dominic Smith,NA,183
642086,2018,96,6,6,87.6,101.2,17.2,108.8,102.1,6.25,6.25,0,0,0,Dominic Smith,NA,149
642086,2019,132,9,10,87.9,102.7,14.9,108.5,103.3,6.82,7.58,0.76,1,-11.1,Dominic Smith,NA,197
642086,2021,340,22,17,89,103.9,14.9,109.5,104.2,6.47,5,-1.47,-5,22.7,Dominic Smith,NA,493
642086,2022,99,7,4,89.6,102.9,10.9,107.2,104,7.07,4.04,-3.03,-3,42.9,Dominic Smith,NA,152
642086,2023,438,25,18,86.3,101.9,12.8,108.3,103.1,5.71,4.11,-1.6,-7,28,Dominic Smith,NA,586
642086,2024,198,19,9,89.3,103,13.1,109.1,103.3,9.6,4.55,-5.05,-10,52.6,Dominic Smith,NA,307
642086,2025,165,7,5,87.7,102,15.6,109.7,103.3,4.24,3.03,-1.21,-2,28.6,Dominic Smith,NA,225
642086,2026,85,8,4,89.5,102.2,16.4,109.1,102.3,9.41,4.71,-4.7,-4,50,Dominic Smith,NA,106
642092,2021,6,0,0,78.2,96,11,102.6,NA,0,0,0,0,0,Riley Smith,NA,17
642094,2017,9,0,0,83.8,94.1,2.7,94.7,NA,0,0,0,0,0,Tyler Smith,NA,19
642098,2019,2,0,0,93,99.6,-8.5,101.2,NA,0,0,0,0,0,Glenn Sparkman,NA,2
642133,2018,50,5,5,88.7,106.3,10.6,109.3,103.9,10,10,0,0,0,Rowdy Tellez,NA,73
642133,2019,257,34,34,90.7,108,14,115.2,106.4,13.23,13.23,0,0,0,Rowdy Tellez,NA,409
642133,2021,231,25,23,92.2,108.8,13.4,114.8,105.9,10.82,9.96,-0.86,-2,8,Rowdy Tellez,NA,325
642133,2022,409,49,42,91.1,107.4,15.6,116.9,105.2,11.98,10.27,-1.71,-7,14.3,Rowdy Tellez,NA,599
642133,2023,229,19,11,89.9,107,15.2,114.8,105,8.3,4.8,-3.5,-8,42.1,Rowdy Tellez,NA,351
642133,2024,298,23,18,89.4,106.6,17,115.5,105.9,7.72,6.04,-1.68,-5,21.7,Rowdy Tellez,NA,421
642133,2025,209,28,20,91.2,107.3,14.8,113.1,105.3,13.4,9.57,-3.83,-8,28.6,Rowdy Tellez,NA,312
642136,2019,95,6,6,88.7,102.5,15.3,106.6,103.3,6.32,6.32,0,0,0,Matt Thaiss,NA,164
642136,2021,6,0,0,86.2,101.7,20,110,NA,0,0,0,0,0,Matt Thaiss,NA,8
642136,2022,46,3,2,88.5,102.2,7.6,107.2,105.2,6.52,4.35,-2.17,-1,33.3,Matt Thaiss,NA,81
642136,2023,182,17,13,88.3,104.9,8.9,110,105.3,9.34,7.14,-2.2,-4,23.5,Matt Thaiss,NA,307
642136,2024,100,8,7,86.2,104.2,13.3,109.7,105,8,7,-1,-1,12.5,Matt Thaiss,NA,186
642136,2025,111,5,3,87.9,103.7,13.9,109.9,103.1,4.5,2.7,-1.8,-2,40,Matt Thaiss,NA,190
642137,2022,18,0,0,89.5,102.1,9.3,106.9,NA,0,0,0,0,0,Cody Thomas,NA,32
642137,2023,25,1,1,86.5,100.6,12.3,106.3,106.3,4,4,0,0,0,Cody Thomas,NA,46
642156,2017,61,2,2,87,98.2,15.3,107.3,102.8,3.28,3.28,0,0,0,Stuart Turner,NA,89
642162,2016,9,1,1,92.8,101.3,13.7,103.6,103.6,11.11,11.11,0,0,0,Pat Valaika,NA,19
642162,2017,128,7,9,85.4,102.7,17.6,108.6,102.6,5.47,7.03,1.56,2,-28.6,Pat Valaika,NA,195
642162,2018,90,3,2,84.8,99.2,16.1,107.3,101.4,3.33,2.22,-1.11,-1,33.3,Pat Valaika,NA,133
642162,2019,45,2,2,88.8,103.9,20,110.1,102.4,4.44,4.44,0,0,0,Pat Valaika,NA,86
642162,2021,187,7,6,86.3,102.3,19.7,109.7,104.1,3.74,3.21,-0.53,-1,14.3,Pat Valaika,NA,281
642165,2019,168,6,8,89.8,102.9,15.1,106.9,104.1,3.57,4.76,1.19,2,-33.3,Josh VanMeter,NA,260
642165,2021,193,10,10,89.1,102,19.4,110,102.8,5.18,5.18,0,0,0,Josh VanMeter,NA,310
642165,2022,128,5,4,87.6,100.8,13.9,104.9,101.7,3.91,3.12,-0.79,-1,20,Josh VanMeter,NA,192
642180,2017,39,0,0,84.7,98.4,7.5,105.7,NA,0,0,0,0,0,Tyler Wade,NA,63
642180,2018,43,1,1,83.4,99.3,-0.7,102.8,101.1,2.33,2.33,0,0,0,Tyler Wade,NA,70
642180,2019,63,2,4,86.9,99.1,12.8,106.9,100.8,3.17,6.35,3.18,2,-100,Tyler Wade,NA,108
642180,2021,87,1,1,78.9,97.5,3.5,104.3,102.7,1.15,1.15,0,0,0,Tyler Wade,NA,145
642180,2022,119,2,1,75.8,97.7,7.1,109,99.8,1.68,0.84,-0.84,-1,50,Tyler Wade,NA,163
642180,2023,38,0,0,78.3,99,6.7,103.5,NA,0,0,0,0,0,Tyler Wade,NA,55
642180,2024,113,2,1,79.5,96.9,9.6,104.9,100,1.77,0.88,-0.89,-1,50,Tyler Wade,NA,156
642180,2025,80,0,0,79.1,96.1,5.1,100.5,NA,0,0,0,0,0,Tyler Wade,NA,127
642197,2024,28,3,2,89.4,101.8,16.3,106.5,103,10.71,7.14,-3.57,-1,33.3,Jamie Westbrook,NA,48
642201,2021,132,8,8,83.9,101.2,16.2,108.1,104,6.06,6.06,0,0,0,Eli White,NA,220
642201,2022,65,3,3,78,102,19.1,105.2,104.2,4.62,4.62,0,0,0,Eli White,NA,117
642201,2023,7,0,0,90,101.7,8.9,106.7,NA,0,0,0,0,0,Eli White,NA,17
642201,2024,27,2,1,86.6,101.2,6.7,104.2,100.3,7.41,3.7,-3.71,-1,50,Eli White,NA,42
642201,2025,186,16,12,86.4,105.3,11.2,109.6,105,8.6,6.45,-2.15,-4,25,Eli White,NA,271
642201,2026,49,4,0,85.1,102.4,3.3,108.9,102,8.16,0,-8.16,-4,100,Eli White,NA,63
642203,2021,6,0,0,64.2,84.1,-20,87,NA,0,0,0,0,0,Taylor Widener,NA,18
642211,2018,1,0,0,90.1,90.1,-24,90.1,NA,0,0,0,0,0,Justin Williams,NA,1
642211,2021,73,8,7,92.1,107.9,3.9,115,106.1,10.96,9.59,-1.37,-1,12.5,Justin Williams,NA,137
642215,2023,11,1,1,84.6,101.6,6.1,106.2,106.2,9.09,9.09,0,0,0,Weston Wilson,NA,22
642215,2024,59,9,5,89.7,105.9,19.2,108.6,103.1,15.25,8.47,-6.78,-4,44.4,Weston Wilson,NA,98
642215,2025,78,8,6,88.6,103.9,14,109,105.3,10.26,7.69,-2.57,-2,25,Weston Wilson,NA,125
642215,2026,22,1,1,86.5,105,24.4,110.3,110.3,4.55,4.55,0,0,0,Weston Wilson,NA,40
642221,2019,12,0,0,79.9,97.4,5.2,102.5,NA,0,0,0,0,0,Kean Wong,NA,18
642221,2021,47,3,3,75.1,98.5,0.9,104.8,100.3,6.38,6.38,0,0,0,Kean Wong,NA,66
642229,2016,3,0,0,85.1,90.4,9.7,92.3,NA,0,0,0,0,0,Daniel Wright,NA,6
642231,2017,1,0,0,77.7,77.7,-39,77.7,NA,0,0,0,0,0,Jimmy Yacabonis,NA,2
642232,2018,1,0,0,86.2,86.2,-29,86.2,NA,0,0,0,0,0,Ryan Yarbrough,NA,3
642232,2021,2,0,0,72.8,84.2,11.5,87.1,NA,0,0,0,0,0,Ryan Yarbrough,NA,4
642239,2016,1,0,0,98.4,98.4,-21,98.4,NA,0,0,0,0,0,Rob Zastryzny,NA,3
642239,2017,3,0,0,68.8,77.1,4,77.2,NA,0,0,0,0,0,Rob Zastryzny,NA,3
642336,2017,10,0,0,94.4,102.3,5.8,104.5,NA,0,0,0,0,0,Francisco Mejía,NA,14
642336,2018,37,3,3,86.7,100.3,8.8,103.1,101.1,8.11,8.11,0,0,0,Francisco Mejía,NA,62
642336,2019,169,6,6,88.4,102.6,19.7,109.6,105.3,3.55,3.55,0,0,0,Francisco Mejía,NA,244
642336,2021,204,9,5,85,101.9,14.5,107,102.1,4.41,2.45,-1.96,-4,44.4,Francisco Mejía,NA,277
642336,2022,225,5,3,86.8,101.3,15.7,108.5,102.5,2.22,1.33,-0.89,-2,40,Francisco Mejía,NA,299
642336,2023,115,5,4,86.9,100.4,18.7,107.5,100.9,4.35,3.48,-0.87,-1,20,Francisco Mejía,NA,160
642350,2021,29,5,5,89.9,105.8,16.5,111.4,107.6,17.24,17.24,0,0,0,Jose Siri,NA,49
642350,2022,194,12,8,86.1,106.3,15.2,112,107.4,6.19,4.12,-2.07,-4,33.3,Jose Siri,NA,325
642350,2023,211,29,26,87.6,105.6,14.5,113.7,106.3,13.74,12.32,-1.42,-3,10.3,Jose Siri,NA,364
642350,2024,238,31,27,86.8,105.6,14.4,111,105.7,13.03,11.34,-1.69,-4,12.9,Jose Siri,NA,448
642350,2025,15,3,2,84.9,103.6,33.4,104.9,103.9,20,13.33,-6.67,-1,33.3,Jose Siri,NA,36
642350,2026,3,0,0,98.1,106.3,21,107.2,NA,0,0,0,0,0,Jose Siri,NA,5
642397,2019,2,0,0,92.4,102.9,13.5,105.5,NA,0,0,0,0,0,Gregory Soto,NA,2
642423,2017,45,0,0,81.5,94.6,1.3,100.5,NA,0,0,0,0,0,Magneuris Sierra,NA,64
642423,2018,101,0,0,81.1,97,2.2,104.7,NA,0,0,0,0,0,Magneuris Sierra,NA,156
642423,2019,30,0,0,86.7,102.5,6.7,104.4,NA,0,0,0,0,0,Magneuris Sierra,NA,42
642423,2021,159,0,0,81.2,97.7,7,103.1,NA,0,0,0,0,0,Magneuris Sierra,NA,225
642423,2022,67,0,0,77.8,100.6,2.7,107.7,NA,0,0,0,0,0,Magneuris Sierra,NA,96
642451,2022,2,0,0,92.1,96.1,44.5,97.1,NA,0,0,0,0,0,Luis Liberato,NA,5
642456,2021,6,0,0,89,96.7,10.7,97.7,NA,0,0,0,0,0,Luis Barrera,NA,8
642456,2022,61,1,1,85.6,100.4,5,107.3,100.7,1.64,1.64,0,0,0,Luis Barrera,NA,85
642545,2018,4,0,0,82,90.8,-25.2,91.9,NA,0,0,0,0,0,Jaime Barria,NA,5
642545,2019,1,0,0,77,77,-33,77,NA,0,0,0,0,0,Jaime Barria,NA,2
642547,2018,13,0,0,82.5,95.8,-7.9,96.4,NA,0,0,0,0,0,Freddy Peralta,NA,27
642547,2019,9,0,0,73.2,93,-3.6,95.2,NA,0,0,0,0,0,Freddy Peralta,NA,16
642547,2021,21,0,0,76.6,96.5,-11.2,100.2,NA,0,0,0,0,0,Freddy Peralta,NA,45
642571,2018,2,0,0,77.2,81,13,81.9,NA,0,0,0,0,0,Merandy Gonzalez,NA,4
642607,2019,14,0,0,82.2,98.9,-16.9,100.9,NA,0,0,0,0,0,Dario Agrazal,NA,24
642701,2018,1,0,0,93.2,93.2,24,93.2,NA,0,0,0,0,0,Dennis Santana,NA,2
642701,2019,2,0,0,90.3,93.5,7,94.3,NA,0,0,0,0,0,Dennis Santana,NA,2
642707,2017,147,3,3,82.1,100.2,9.4,107.1,102.2,2.04,2.04,0,0,0,Allen Córdoba,NA,227
642708,2017,116,3,3,84.3,101,7.2,105.5,99.7,2.59,2.59,0,0,0,Amed Rosario,NA,170
642708,2018,434,15,14,87.7,102.2,7.5,109.5,103.1,3.46,3.23,-0.23,-1,6.7,Amed Rosario,NA,592
642708,2019,493,19,22,89.2,102.9,8.9,110.3,101.8,3.85,4.46,0.61,3,-15.8,Amed Rosario,NA,655
642708,2021,430,11,10,88.8,104.3,5.5,111.5,105.1,2.56,2.33,-0.23,-1,9.1,Amed Rosario,NA,588
642708,2022,529,24,16,88.4,104.6,5.1,110.8,103.6,4.54,3.02,-1.52,-8,33.3,Amed Rosario,NA,670
642708,2023,413,14,10,88.3,104.2,7.7,110.5,102.3,3.39,2.42,-0.97,-4,28.6,Amed Rosario,NA,545
642708,2024,260,11,8,86.9,103.1,4.6,108.9,103.5,4.23,3.08,-1.15,-3,27.3,Amed Rosario,NA,346
642708,2025,150,9,6,91.2,106.1,10.4,110.9,102.4,6,4,-2,-3,33.3,Amed Rosario,NA,191
642708,2026,64,7,6,90.9,108.1,13,112.1,108,10.94,9.38,-1.56,-1,14.3,Amed Rosario,NA,89
642715,2018,195,13,13,86.7,103.6,8.8,110.6,105.4,6.67,6.67,0,0,0,Willy Adames,NA,323
642715,2019,377,32,32,88.4,104.6,10.6,110.9,104.3,8.49,8.49,0,0,0,Willy Adames,NA,584
642715,2021,342,37,33,89.5,104.9,16.8,112.5,105.3,10.82,9.65,-1.17,-4,10.8,Willy Adames,NA,555
642715,2022,401,49,35,88.9,104.4,19,110.6,104.2,12.22,8.73,-3.49,-14,28.6,Willy Adames,NA,617
642715,2023,394,47,38,87.4,103.9,18.2,109.8,104.5,11.93,9.64,-2.29,-9,19.1,Willy Adames,NA,638
642715,2024,440,52,38,88.6,104.1,20.6,112.3,104.1,11.82,8.64,-3.18,-14,26.9,Willy Adames,NA,688
642715,2025,419,49,33,88.9,103.7,21.3,110.2,104.6,11.69,7.88,-3.81,-16,32.7,Willy Adames,NA,686
642715,2026,137,12,8,88.9,103.7,21.5,108.1,103.8,8.76,5.84,-2.92,-4,33.3,Willy Adames,NA,206
642721,2019,50,2,2,90.2,106.2,-2.2,110.6,99.4,4,4,0,0,0,Kelvin Gutiérrez,NA,79
642721,2021,195,5,5,90,107,2.3,114.4,107.8,2.56,2.56,0,0,0,Kelvin Gutiérrez,NA,295
642721,2022,19,1,1,89.6,102,5.9,104.8,102.2,5.26,5.26,0,0,0,Kelvin Gutiérrez,NA,33
642727,2021,149,5,4,86.8,99.8,9.8,107.4,101.6,3.36,2.68,-0.68,-1,20,Sergio Alcántara,NA,255
642727,2022,154,3,2,85.5,99.2,12.4,104.1,101.5,1.95,1.3,-0.65,-1,33.3,Sergio Alcántara,NA,224
642727,2025,2,0,0,84.2,92,20.5,94,NA,0,0,0,0,0,Sergio Alcántara,NA,4
642731,2019,49,2,2,88.6,102.7,7.3,106.2,102.6,4.08,4.08,0,0,0,Thairo Estrada,NA,69
642731,2021,98,7,6,85.5,103.2,6.4,106.3,102.7,7.14,6.12,-1.02,-1,14.3,Thairo Estrada,NA,132
642731,2022,403,17,11,85,101.3,7.8,109.3,102.8,4.22,2.73,-1.49,-6,35.3,Thairo Estrada,NA,541
642731,2023,375,18,16,84.9,102.9,11,110.5,103.8,4.8,4.27,-0.53,-2,11.1,Thairo Estrada,NA,530
642731,2024,289,14,10,85.9,103,10.4,108.6,103,4.84,3.46,-1.38,-4,28.6,Thairo Estrada,NA,381
642731,2025,130,3,2,86.3,102.3,7,110.8,104.4,2.31,1.54,-0.77,-1,33.3,Thairo Estrada,NA,165
642736,2019,17,0,0,85,100.3,21.5,103,NA,0,0,0,0,0,Domingo Leyba,NA,30
642736,2021,64,1,1,80.9,99,13.8,108.8,99.7,1.56,1.56,0,0,0,Domingo Leyba,NA,96
642770,2018,7,0,0,72.6,87,-11.1,102.8,NA,0,0,0,0,0,Javy Guerra,NA,19
642851,2018,87,2,2,84.3,101.3,7.2,105.1,104.2,2.3,2.3,0,0,0,Austin Wynns,NA,118
642851,2019,57,1,1,85.1,101.4,5.8,106,102.4,1.75,1.75,0,0,0,Austin Wynns,NA,74
642851,2021,100,2,2,83.1,102.7,10.1,105.8,103.2,2,2,0,0,0,Austin Wynns,NA,139
642851,2022,126,5,4,83.6,101.7,9.9,106.4,102.6,3.97,3.17,-0.8,-1,20,Austin Wynns,NA,177
642851,2023,94,1,1,84.1,98.7,14.3,105.2,100.7,1.06,1.06,0,0,0,Austin Wynns,NA,145
642851,2024,14,0,0,91.5,107.5,15.7,110,NA,0,0,0,0,0,Austin Wynns,NA,20
642851,2025,73,7,6,87.5,105.2,11.8,107.9,106.5,9.59,8.22,-1.37,-1,14.3,Austin Wynns,NA,110
642851,2026,30,2,1,83.4,102.3,22.7,109.3,103.6,6.67,3.33,-3.34,-1,50,Austin Wynns,NA,43
643217,2016,80,3,3,86.9,101.1,15.5,104.8,101.3,3.75,3.75,0,0,0,Andrew Benintendi,NA,118
643217,2017,466,25,27,87.5,103.3,14.7,108.5,103.7,5.36,5.79,0.43,2,-8,Andrew Benintendi,NA,658
643217,2018,479,30,27,88.6,103,12.7,109.5,102.9,6.26,5.64,-0.62,-3,10,Andrew Benintendi,NA,661
643217,2019,409,29,35,88.6,101.9,17.3,107.7,102.2,7.09,8.56,1.47,6,-20.7,Andrew Benintendi,NA,615
643217,2021,403,34,28,89.1,102,15.3,107.6,102.5,8.44,6.95,-1.49,-6,17.6,Andrew Benintendi,NA,538
643217,2022,390,19,13,88.7,101.6,12.2,109.8,101.6,4.87,3.33,-1.54,-6,31.6,Andrew Benintendi,NA,521
643217,2023,476,12,4,86.2,99.5,14.4,109.1,100.8,2.52,0.84,-1.68,-8,66.7,Andrew Benintendi,NA,621
643217,2024,383,21,13,87.7,100.1,16.1,109.5,102,5.48,3.39,-2.09,-8,38.1,Andrew Benintendi,NA,522
643217,2025,342,38,23,88,103,20.1,108.5,103.1,11.11,6.73,-4.38,-15,39.5,Andrew Benintendi,NA,470
643217,2026,100,11,7,87.7,101.6,19.4,106.4,102.8,11,7,-4,-4,36.4,Andrew Benintendi,NA,157
643230,2016,7,0,0,91,97.9,5.6,99,NA,0,0,0,0,0,Steven Brault,NA,9
643230,2017,13,0,0,85.4,96.2,-3.5,98.7,NA,0,0,0,0,0,Steven Brault,NA,13
643230,2018,15,0,0,91.2,100.7,1.1,102.4,NA,0,0,0,0,0,Steven Brault,NA,21
643230,2019,38,1,1,80.3,99.2,0.2,105.4,102.5,2.63,2.63,0,0,0,Steven Brault,NA,50
643230,2021,6,0,0,75.4,102.8,-30,105.4,NA,0,0,0,0,0,Steven Brault,NA,8
643256,2018,1,0,0,68.5,68.5,49,68.5,NA,0,0,0,0,0,Adam Cimber,NA,4
643256,2021,1,0,0,86.3,86.3,20,86.3,NA,0,0,0,0,0,Adam Cimber,NA,2
643265,2017,32,1,1,89,103.2,13.7,107.4,100.8,3.12,3.12,0,0,0,Garrett Cooper,NA,45
643265,2018,21,0,0,86.8,99.1,-0.2,103.2,NA,0,0,0,0,0,Garrett Cooper,NA,38
643265,2019,272,24,26,89.1,106.7,4.5,113.5,105.9,8.82,9.56,0.74,2,-8.3,Garrett Cooper,NA,421
643265,2021,148,16,16,91.1,107.6,8.2,114,106.3,10.81,10.81,0,0,0,Garrett Cooper,NA,250
643265,2022,299,31,24,89.6,106.7,8.8,112.6,105.1,10.37,8.03,-2.34,-7,22.6,Garrett Cooper,NA,469
643265,2023,292,29,24,89,106.3,13.2,110.9,105,9.93,8.22,-1.71,-5,17.2,Garrett Cooper,NA,457
643265,2024,72,6,4,85.9,104.4,12.7,109.9,102.6,8.33,5.56,-2.77,-2,33.3,Garrett Cooper,NA,116
643269,2021,38,2,2,79.9,99.2,2.8,107.8,107,5.26,5.26,0,0,0,Will Craig,NA,65
643271,2022,6,0,0,97.5,103.5,10.3,104.8,NA,0,0,0,0,0,Narciso Crook,NA,9
643275,2019,2,0,0,90.8,92.3,27.5,92.7,NA,0,0,0,0,0,Johnny Davis,NA,4
643289,2019,86,2,2,84.8,100.7,9.5,106.2,105,2.33,2.33,0,0,0,Mauricio Dubón,NA,111
643289,2021,136,6,5,84.4,101.1,13.8,107.1,103.8,4.41,3.68,-0.73,-1,16.7,Mauricio Dubón,NA,187
643289,2022,221,5,2,83.7,101,16.2,107.6,102.2,2.26,0.9,-1.36,-3,60,Mauricio Dubón,NA,265
643289,2023,397,17,8,86.7,102.2,9.9,107,101.7,4.28,2.02,-2.26,-9,52.9,Mauricio Dubón,NA,492
643289,2024,353,9,3,85,100.2,14.4,108.3,102.2,2.55,0.85,-1.7,-6,66.7,Mauricio Dubón,NA,428
643289,2025,330,4,1,82.8,99.8,13.7,110.8,101.5,1.21,0.3,-0.91,-3,75,Mauricio Dubón,NA,398
643289,2026,145,6,4,86.9,101.3,15.8,106.3,103.4,4.14,2.76,-1.38,-2,33.3,Mauricio Dubón,NA,190
643290,2021,1,0,0,95.1,95.1,27,95.1,NA,0,0,0,0,0,Justin Dunn,NA,3
643297,2016,1,0,0,73.1,73.1,3,73.1,NA,0,0,0,0,0,Cody Ege,NA,1
643327,2015,2,0,0,85.2,87,-35,87.4,NA,0,0,0,0,0,Zack Godley,NA,10
643327,2016,9,0,0,84.4,97.5,-5.1,103,NA,0,0,0,0,0,Zack Godley,NA,19
643327,2017,15,0,0,78,96.5,7.5,104.4,NA,0,0,0,0,0,Zack Godley,NA,53
643327,2018,23,0,0,76.9,98.3,1.3,101.9,NA,0,0,0,0,0,Zack Godley,NA,65
643327,2019,9,0,0,80.7,91.3,35.9,96.3,NA,0,0,0,0,0,Zack Godley,NA,23
643327,2021,1,0,0,30.7,30.7,-12,30.7,NA,0,0,0,0,0,Zack Godley,NA,1
643335,2017,85,0,0,84,97.2,8.4,102.7,NA,0,0,0,0,0,Zack Granite,NA,107
643348,2022,5,1,1,82,102.8,4.4,105,105,20,20,0,0,0,Caleb Hamilton,NA,23
643354,2019,1,0,0,81.1,81.1,-39,81.1,NA,0,0,0,0,0,Donnie Hart,NA,2
643376,2018,65,6,5,85,100.6,21.1,106,102.3,9.23,7.69,-1.54,-1,16.7,Danny Jansen,NA,95
643376,2019,269,16,16,88.9,103.2,16.3,111.4,102.2,5.95,5.95,0,0,0,Danny Jansen,NA,384
643376,2021,139,12,10,89.6,105.4,20.4,111.2,106.4,8.63,7.19,-1.44,-2,16.7,Danny Jansen,NA,205
643376,2022,175,23,18,90.4,105,22.6,109.3,103.5,13.14,10.29,-2.85,-5,21.7,Danny Jansen,NA,248
643376,2023,204,21,18,88.3,103.5,20.1,109,103.6,10.29,8.82,-1.47,-3,14.3,Danny Jansen,NA,301
643376,2024,219,11,8,86.6,101.9,21.8,107.2,103.6,5.02,3.65,-1.37,-3,27.3,Danny Jansen,NA,324
643376,2025,205,16,6,87,101.5,23.6,107.4,101.4,7.8,2.93,-4.87,-10,62.5,Danny Jansen,NA,337
643376,2026,69,3,3,87.3,101.5,20.4,107.3,103.3,4.35,4.35,0,0,0,Danny Jansen,NA,114
643377,2021,1,0,0,82.7,82.7,56,82.7,NA,0,0,0,0,0,Griffin Jax,NA,3
643393,2016,84,1,1,84.7,96.3,11.6,100.5,99.6,1.19,1.19,0,0,0,Tony Kemp,NA,136
643393,2017,32,0,0,84.5,94.1,18.9,96.3,NA,0,0,0,0,0,Tony Kemp,NA,39
643393,2018,209,1,1,83.8,96.1,12.2,100.2,99.6,0.48,0.48,0,0,0,Tony Kemp,NA,295
643393,2019,195,2,2,84.8,96.6,13.2,101.4,98.8,1.03,1.03,0,0,0,Tony Kemp,NA,279
643393,2021,286,3,2,85,96.8,17.1,100.6,99.8,1.05,0.7,-0.35,-1,33.3,Tony Kemp,NA,397
643393,2022,435,6,2,82.2,96.3,13.7,103.2,99.2,1.38,0.46,-0.92,-4,66.7,Tony Kemp,NA,558
643393,2023,328,4,2,84.2,97.2,9.2,103,99.9,1.22,0.61,-0.61,-2,50,Tony Kemp,NA,419
643393,2024,8,0,0,76.2,95.1,15,97,NA,0,0,0,0,0,Tony Kemp,NA,10
643396,2018,296,2,2,84.3,98.8,6.7,107.9,101,0.68,0.68,0,0,0,Isiah Kiner-Falefa,NA,396
643396,2019,155,2,2,86.9,101.1,6.5,104.9,100.7,1.29,1.29,0,0,0,Isiah Kiner-Falefa,NA,222
643396,2021,547,9,6,85.4,100.9,5.2,107.9,103.5,1.65,1.1,-0.55,-3,33.3,Isiah Kiner-Falefa,NA,677
643396,2022,418,5,3,85.3,100.4,4.1,109.8,101.2,1.2,0.72,-0.48,-2,40,Isiah Kiner-Falefa,NA,531
643396,2023,260,7,5,88.1,103.4,6.5,109.6,101.5,2.69,1.92,-0.77,-2,28.6,Isiah Kiner-Falefa,NA,361
643396,2024,390,8,7,85.1,100.9,8.4,107.9,103.3,2.05,1.79,-0.26,-1,12.5,Isiah Kiner-Falefa,NA,496
643396,2025,360,4,1,83,100.1,3.4,106.3,101,1.11,0.28,-0.83,-3,75,Isiah Kiner-Falefa,NA,459
643396,2026,38,1,1,78.6,96,7.6,108.1,101.4,2.63,2.63,0,0,0,Isiah Kiner-Falefa,NA,52
643410,2017,13,0,0,80.1,94.9,-14.7,95.6,NA,0,0,0,0,0,Mark Leiter Jr.,NA,26
643410,2018,1,0,0,84.1,84.1,-26,84.1,NA,0,0,0,0,0,Mark Leiter Jr.,NA,3
643414,2017,1,0,0,89.7,89.7,-28,89.7,NA,0,0,0,0,0,Kyle Lloyd,NA,1
643418,2019,109,4,6,87.6,103.5,11.2,107.7,101.6,3.67,5.5,1.83,2,-50,Shed Long Jr.,NA,168
643418,2021,73,3,3,86.3,100.5,1.7,110.2,107.9,4.11,4.11,0,0,0,Shed Long Jr.,NA,121
643436,2019,50,4,5,84.9,105.3,7.3,112.5,107.5,8,10,2,1,-25,Ryan McBroom,NA,83
643436,2021,2,0,0,83.6,90,6,91.6,NA,0,0,0,0,0,Ryan McBroom,NA,9
643446,2018,199,5,5,86.3,100.6,15.5,105.6,101.8,2.51,2.51,0,0,0,Jeff McNeil,NA,248
643446,2019,434,20,21,88.6,101.5,13.5,107.2,102.8,4.61,4.84,0.23,1,-5,Jeff McNeil,NA,567
643446,2021,327,15,14,88,101.6,11.8,108.3,103.4,4.59,4.28,-0.31,-1,6.7,Jeff McNeil,NA,426
643446,2022,477,12,9,86.7,99.9,12.5,110,101.7,2.52,1.89,-0.63,-3,25,Jeff McNeil,NA,589
643446,2023,525,6,3,85.3,100,13.9,109,103,1.14,0.57,-0.57,-3,50,Jeff McNeil,NA,648
643446,2024,359,9,6,86.7,101.1,14.7,107.7,102.9,2.51,1.67,-0.84,-3,33.3,Jeff McNeil,NA,472
643446,2025,350,16,9,86.7,101.2,15.5,107.1,102.3,4.57,2.57,-2,-7,43.8,Jeff McNeil,NA,462
643446,2026,127,2,1,86.1,100.9,11.7,105,102.3,1.57,0.79,-0.78,-1,50,Jeff McNeil,NA,166
643466,2018,2,0,0,78,79,-23,79.3,NA,0,0,0,0,0,Harrison Musgrave,NA,3
643524,2019,13,0,0,85.8,102.7,20.5,103.3,NA,0,0,0,0,0,Frank Schwindel,NA,15
643524,2021,199,15,11,86.9,105.5,12.6,112.5,103.8,7.54,5.53,-2.01,-4,26.7,Frank Schwindel,NA,259
643524,2022,213,9,7,88.1,102.8,11.1,109.3,102.8,4.23,3.29,-0.94,-2,22.2,Frank Schwindel,NA,292
643565,2017,17,0,0,81.4,97.8,7,101.3,NA,0,0,0,0,0,Mike Tauchman,NA,32
643565,2018,17,0,0,81.4,97.4,-0.6,99.4,NA,0,0,0,0,0,Mike Tauchman,NA,37
643565,2019,190,12,12,88.5,102.3,11.5,109.8,103.5,6.32,6.32,0,0,0,Mike Tauchman,NA,296
643565,2021,108,6,5,87,101.7,10,107.7,103.5,5.56,4.63,-0.93,-1,16.7,Mike Tauchman,NA,191
643565,2023,255,13,9,88.2,103.5,7.8,109.4,103.2,5.1,3.53,-1.57,-4,30.8,Mike Tauchman,NA,401
643565,2024,228,13,8,89,102.4,15.4,110.3,102.1,5.7,3.51,-2.19,-5,38.5,Mike Tauchman,NA,350
643565,2025,249,14,7,89,103.6,16.5,111.1,104,5.62,2.81,-2.81,-7,50,Mike Tauchman,NA,385
643603,2016,178,12,13,88.1,103.8,15,110.4,103.1,6.74,7.3,0.56,1,-8.3,Tyler White,NA,276
643603,2017,46,5,6,88.9,104.3,20.8,105.8,103.9,10.87,13.04,2.17,1,-20,Tyler White,NA,67
643603,2018,162,15,12,89,102.5,17,108.2,102.5,9.26,7.41,-1.85,-3,20,Tyler White,NA,237
643603,2019,161,4,6,86,101.2,12.4,111.4,104.6,2.48,3.73,1.25,2,-50,Tyler White,NA,279
644337,2018,13,1,0,84,95.6,14.5,98.8,98.8,7.69,0,-7.69,-1,100,Nate Orf,NA,25
644374,2019,51,3,3,87.9,104.8,9.9,108.8,105.9,5.88,5.88,0,0,0,Yu Chang,NA,84
644374,2021,168,12,9,87.1,104.1,19.1,110.6,105.6,7.14,5.36,-1.78,-3,25,Yu Chang,NA,251
644374,2022,111,9,7,88.8,105,14.3,111.3,106.3,8.11,6.31,-1.8,-2,22.2,Yu Chang,NA,190
644374,2023,72,4,4,86.4,104,8.7,109.7,105.7,5.56,5.56,0,0,0,Yu Chang,NA,112
644433,2021,14,1,0,85.3,101.1,16.4,110.5,104.1,7.14,0,-7.14,-1,100,Chadwick Tromp,NA,18
644433,2022,4,0,0,92.4,101.5,4.8,103.5,NA,0,0,0,0,0,Chadwick Tromp,NA,4
644433,2023,9,0,0,90.4,96.8,21.8,99.5,NA,0,0,0,0,0,Chadwick Tromp,NA,16
644433,2024,36,0,0,88.1,105.4,6,107.6,NA,0,0,0,0,0,Chadwick Tromp,NA,54
644433,2025,14,1,1,90.2,102,18.7,105.1,100.3,7.14,7.14,0,0,0,Chadwick Tromp,NA,22
644433,2026,1,0,0,100,100,0,100,NA,0,0,0,0,0,Chadwick Tromp,NA,1
645261,2018,3,0,0,69.6,98.1,10.7,103.5,NA,0,0,0,0,0,Sandy Alcantara,NA,13
645261,2019,12,1,1,79.5,99.3,-7.1,110.4,110.4,8.33,8.33,0,0,0,Sandy Alcantara,NA,63
645261,2021,14,0,0,60.6,85.9,-34.9,95.2,NA,0,0,0,0,0,Sandy Alcantara,NA,64
645277,2017,181,8,10,87.3,100.2,15.9,107,101.2,4.42,5.52,1.1,2,-25,Ozzie Albies,NA,244
645277,2018,522,23,21,86.7,100.9,15.9,109.9,103,4.41,4.02,-0.39,-2,8.7,Ozzie Albies,NA,684
645277,2019,531,32,36,88.9,102.8,15.7,110.8,103,6.03,6.78,0.75,4,-12.5,Ozzie Albies,NA,702
645277,2021,506,44,42,89.5,103,20.9,111.4,104,8.7,8.3,-0.4,-2,4.5,Ozzie Albies,NA,686
645277,2022,204,11,7,87.1,100.7,17,106.6,102.2,5.39,3.43,-1.96,-4,36.4,Ozzie Albies,NA,269
645277,2023,496,39,32,88.7,102.8,16.4,110.7,103.2,7.86,6.45,-1.41,-7,17.9,Ozzie Albies,NA,660
645277,2024,337,17,9,88.4,100.9,18.4,113.7,104.1,5.04,2.67,-2.37,-8,47.1,Ozzie Albies,NA,435
645277,2025,514,22,12,87.5,100.8,18.7,109.9,103.4,4.28,2.33,-1.95,-10,45.5,Ozzie Albies,NA,667
645277,2026,170,7,3,86.6,100.9,17.1,107.7,101.7,4.12,1.76,-2.36,-4,57.1,Ozzie Albies,NA,214
645302,2017,17,1,1,87.7,103.3,7.5,104.2,102,5.88,5.88,0,0,0,Victor Robles,NA,27
645302,2018,47,3,2,83.2,103.9,17.2,108.5,104.7,6.38,4.26,-2.12,-1,33.3,Victor Robles,NA,66
645302,2019,410,19,21,81.7,101.7,15.4,110.5,104.5,4.63,5.12,0.49,2,-10.5,Victor Robles,NA,617
645302,2021,235,6,6,80.5,101.7,16.7,108.3,105.9,2.55,2.55,0,0,0,Victor Robles,NA,369
645302,2022,277,9,6,79.4,100.9,11.7,109.7,102.5,3.25,2.17,-1.08,-3,33.3,Victor Robles,NA,407
645302,2023,93,2,1,83.3,103.2,7.1,106.2,102.8,2.15,1.08,-1.07,-1,50,Victor Robles,NA,126
645302,2024,209,13,7,82.1,101.9,10.4,109.8,104.8,6.22,3.35,-2.87,-6,46.2,Victor Robles,NA,295
645302,2025,82,4,1,83.4,99.6,7.4,112.6,105.2,4.88,1.22,-3.66,-3,75,Victor Robles,NA,114
645302,2026,10,1,0,82.6,97.2,18,102.5,102.5,10,0,-10,-1,100,Victor Robles,NA,13
645305,2021,4,0,0,91.2,103.5,-7.2,104.5,NA,0,0,0,0,0,Ali Sánchez,NA,4
645305,2024,67,3,1,81.9,102.1,5,105.1,101.1,4.48,1.49,-2.99,-2,66.7,Ali Sánchez,NA,96
645305,2025,17,3,0,88.3,103.4,15.1,104.8,103.2,17.65,0,-17.65,-3,100,Ali Sánchez,NA,23
645444,2022,81,0,0,80.8,96.1,-0.1,104,NA,0,0,0,0,0,Jose Herrera,NA,124
645444,2023,77,0,0,82.4,97.6,9.7,101.2,NA,0,0,0,0,0,Jose Herrera,NA,120
645444,2024,78,0,0,79,99.5,5.8,104.5,NA,0,0,0,0,0,Jose Herrera,NA,114
645444,2025,133,1,0,79.6,98.3,11.6,106.1,99.6,0.75,0,-0.75,-1,100,Jose Herrera,NA,204
645801,2019,115,7,11,91.9,105.5,15.6,110.7,102,6.09,9.57,3.48,4,-57.1,Mike Ford,NA,163
645801,2021,37,7,4,90.9,105.5,15.7,109.3,103.3,18.92,10.81,-8.11,-3,42.9,Mike Ford,NA,72
645801,2022,91,3,3,88.7,104.6,18.1,110.4,103.8,3.3,3.3,0,0,0,Mike Ford,NA,149
645801,2023,139,23,16,88.8,105.1,21,111.1,104.1,16.55,11.51,-5.04,-7,30.4,Mike Ford,NA,251
645801,2024,45,1,1,86.4,104.8,17.5,107,106,2.22,2.22,0,0,0,Mike Ford,NA,62
645848,2015,21,1,1,88.9,103.8,10.1,106.2,98.4,4.76,4.76,0,0,0,Dariel Álvarez,NA,31
645848,2016,3,0,0,84.3,97.7,27.3,101.8,NA,0,0,0,0,0,Dariel Álvarez,NA,4
646240,2017,164,14,15,89.1,108.1,8.2,112.3,104.1,8.54,9.15,0.61,1,-7.1,Rafael Devers,NA,240
646240,2018,330,25,25,90.8,107.9,11,116.3,106.6,7.58,7.58,0,0,0,Rafael Devers,NA,490
646240,2019,529,46,47,92.3,109.1,10.3,115,106.2,8.7,8.88,0.18,1,-2.2,Rafael Devers,NA,702
646240,2021,451,66,61,92.7,108.4,12.9,114.4,106.6,14.63,13.53,-1.1,-5,7.6,Rafael Devers,NA,664
646240,2022,442,49,38,93,108,11.3,113.7,106.6,11.09,8.6,-2.49,-11,22.4,Rafael Devers,NA,614
646240,2023,456,58,50,93,108.6,12.3,115,106.5,12.72,10.96,-1.76,-8,13.8,Rafael Devers,NA,656
646240,2024,382,48,39,93.2,108.8,11.6,114.7,106.6,12.57,10.21,-2.36,-9,18.8,Rafael Devers,NA,601
646240,2025,418,62,44,93.5,108.2,12.6,114.5,106.5,14.83,10.53,-4.3,-18,29,Rafael Devers,NA,729
646240,2026,131,11,8,90.7,106.4,11,112.4,105.6,8.4,6.11,-2.29,-3,27.3,Rafael Devers,NA,206
647304,2019,190,12,12,89.6,106,4.5,115.1,105,6.32,6.32,0,0,0,Josh Naylor,NA,279
647304,2021,188,14,13,89.8,106.2,9,114.7,105.6,7.45,6.91,-0.54,-1,7.1,Josh Naylor,NA,250
647304,2022,372,31,24,89.4,105.9,10.5,113,106,8.33,6.45,-1.88,-7,22.6,Josh Naylor,NA,498
647304,2023,389,28,22,89.1,105.7,12.6,113.9,106,7.2,5.66,-1.54,-6,21.4,Josh Naylor,NA,495
647304,2024,462,37,31,89.9,106.1,11,110.9,105.4,8.01,6.71,-1.3,-6,16.2,Josh Naylor,NA,633
647304,2025,464,28,18,89.1,104.3,11.6,117.9,104.4,6.03,3.88,-2.15,-10,35.7,Josh Naylor,NA,604
647304,2026,157,10,5,87.5,102.5,14.9,111.5,102.1,6.37,3.18,-3.19,-5,50,Josh Naylor,NA,208
647315,2021,1,0,0,48.8,48.8,-82,48.8,NA,0,0,0,0,0,Zach Pop,NA,2
647336,2018,7,0,0,88.3,96.9,-3.1,99.2,NA,0,0,0,0,0,Michael Soroka,NA,8
647336,2019,30,0,0,77.6,96.2,-9.6,99.2,NA,0,0,0,0,0,Michael Soroka,NA,63
647351,2019,60,3,3,86.9,102.4,7.4,106.2,101.8,5,5,0,0,0,Abraham Toro,NA,89
647351,2021,281,19,15,86.8,101.9,13.7,109,102.8,6.76,5.34,-1.42,-4,21.1,Abraham Toro,NA,375
647351,2022,263,16,14,87,102,16.7,108.2,103,6.08,5.32,-0.76,-2,12.5,Abraham Toro,NA,352
647351,2023,13,2,2,86.6,104.5,11.1,106.2,104.5,15.38,15.38,0,0,0,Abraham Toro,NA,21
647351,2024,277,12,9,86.9,101.8,11.8,109.9,103.7,4.33,3.25,-1.08,-3,25,Abraham Toro,NA,364
647351,2025,222,10,4,86.3,101.8,13.4,109.4,102.3,4.5,1.8,-2.7,-6,60,Abraham Toro,NA,284
648717,2015,162,12,12,86.9,102.6,14.7,107,103.2,7.41,7.41,0,0,0,Alex Guerrero,NA,230
649557,2016,346,16,16,89.2,105.2,12.4,112.2,103.2,4.62,4.62,0,0,0,Aledmys Díaz,NA,460
649557,2017,241,6,8,85.3,101.8,11.7,109.6,102.2,2.49,3.32,0.83,2,-33.3,Aledmys Díaz,NA,301
649557,2018,364,24,21,89.1,104.6,13.7,112.9,104.4,6.59,5.77,-0.82,-3,12.5,Aledmys Díaz,NA,452
649557,2019,184,10,10,88.3,102.6,12.1,109.9,103.8,5.43,5.43,0,0,0,Aledmys Díaz,NA,247
649557,2021,232,15,13,88.7,105.9,13.6,110,103.6,6.47,5.6,-0.87,-2,13.3,Aledmys Díaz,NA,319
649557,2022,253,15,10,86.4,104.3,12.6,112,104.9,5.93,3.95,-1.98,-5,33.3,Aledmys Díaz,NA,327
649557,2023,254,6,4,87.4,102.5,10.9,110,104.4,2.36,1.57,-0.79,-2,33.3,Aledmys Díaz,NA,344
649557,2024,24,0,0,87.1,104.1,11.9,105.7,NA,0,0,0,0,0,Aledmys Díaz,NA,34
649966,2018,39,1,1,86.7,102,3.3,107,103.7,2.56,2.56,0,0,0,Luis Urías,NA,53
649966,2019,158,7,7,87,101.5,9.8,105.5,101.6,4.43,4.43,0,0,0,Luis Urías,NA,249
649966,2021,378,33,29,87.8,103.2,13.9,111.5,103,8.73,7.67,-1.06,-4,12.1,Luis Urías,NA,570
649966,2022,310,24,15,87.3,101.4,18,109.7,103,7.74,4.84,-2.9,-9,37.5,Luis Urías,NA,472
649966,2023,103,6,3,84.9,100.5,14.7,105.9,102.1,5.83,2.91,-2.92,-3,50,Luis Urías,NA,177
649966,2024,60,7,6,87.1,104.4,19.1,106.6,104.6,11.67,10,-1.67,-1,14.3,Luis Urías,NA,109
649966,2025,245,9,4,86.2,101.9,14.5,107.4,102.9,3.67,1.63,-2.04,-5,55.6,Luis Urías,NA,330
650331,2021,89,9,7,88.3,103.6,20.7,108.6,104.6,10.11,7.87,-2.24,-2,22.2,Lewin Díaz,NA,128
650331,2022,108,6,4,88.3,102.1,15.6,112,101.8,5.56,3.7,-1.86,-2,33.3,Lewin Díaz,NA,174
650333,2019,298,5,7,86.9,97.3,11.4,102.2,100.7,1.68,2.35,0.67,2,-40,Luis Arraez,NA,366
650333,2021,385,8,7,88.4,99,9.9,104.2,100.8,2.08,1.82,-0.26,-1,12.5,Luis Arraez,NA,479
650333,2022,506,18,7,88.9,99.3,13,107.3,101.1,3.56,1.38,-2.18,-11,61.1,Luis Arraez,NA,603
650333,2023,544,14,11,88,98.7,11.1,104,101.1,2.57,2.02,-0.55,-3,21.4,Luis Arraez,NA,617
650333,2024,611,8,2,86.1,97.9,13.3,108.4,99.6,1.31,0.33,-0.98,-6,75,Luis Arraez,NA,672
650333,2025,614,7,1,84.7,96.6,11.2,107.8,100.1,1.14,0.16,-0.98,-6,85.7,Luis Arraez,NA,675
650333,2026,184,0,0,85.9,96.5,13.7,101,NA,0,0,0,0,0,Luis Arraez,NA,204
650339,2022,46,3,3,86.4,103.5,3.1,107.6,105.4,6.52,6.52,0,0,0,Jermaine Palacios,NA,77
650347,2021,1,0,0,29.8,29.8,-2,29.8,NA,0,0,0,0,0,Luís Madero,NA,1
650391,2019,336,41,44,91.2,107.2,9.3,114.1,106.5,12.2,13.1,0.9,3,-7.3,Eloy Jiménez,NA,504
650391,2021,153,16,16,90.5,106.5,8.5,112,106.5,10.46,10.46,0,0,0,Eloy Jiménez,NA,231
650391,2022,224,33,24,92.8,107.6,7.4,113.4,106.4,14.73,10.71,-4.02,-9,27.3,Eloy Jiménez,NA,327
650391,2023,363,30,25,90.9,108.4,6.1,113.5,106.7,8.26,6.89,-1.37,-5,16.7,Eloy Jiménez,NA,489
650391,2024,254,18,16,92,107.7,4.6,112.3,105.7,7.09,6.3,-0.79,-2,11.1,Eloy Jiménez,NA,349
650391,2026,25,1,0,89.2,101.6,5.6,102.5,98,4,0,-4,-1,100,Eloy Jiménez,NA,35
650402,2018,314,28,28,88.9,103.2,19,109.4,103.5,8.92,8.92,0,0,0,Gleyber Torres,NA,484
650402,2019,423,41,42,89.1,104,17.6,109.6,103.6,9.69,9.93,0.24,1,-2.4,Gleyber Torres,NA,604
650402,2021,360,25,21,86.8,103.3,14.1,111.6,104.2,6.94,5.83,-1.11,-4,16,Gleyber Torres,NA,516
650402,2022,401,42,29,90.1,104.7,17.1,111.3,104.8,10.47,7.23,-3.24,-13,31,Gleyber Torres,NA,572
650402,2023,502,39,31,89.6,103.9,15.1,112.4,104.5,7.77,6.18,-1.59,-8,20.5,Gleyber Torres,NA,672
650402,2024,459,26,17,88.2,102.6,14.8,111.2,103.2,5.66,3.7,-1.96,-9,34.6,Gleyber Torres,NA,665
650402,2025,437,35,22,90,104.6,14.5,110.9,104.5,8.01,5.03,-2.98,-13,37.1,Gleyber Torres,NA,628
650402,2026,96,6,2,83,98.6,4.9,103.9,100.4,6.25,2.08,-4.17,-4,66.7,Gleyber Torres,NA,144
650489,2019,67,1,1,83.8,99.8,17.9,112,112,1.49,1.49,0,0,0,Willi Castro,NA,110
650489,2021,309,16,14,84.6,104.2,10.8,115.4,103.3,5.18,4.53,-0.65,-2,12.5,Willi Castro,NA,450
650489,2022,286,9,5,84.3,102.6,13.6,111.7,104.8,3.15,1.75,-1.4,-4,44.4,Willi Castro,NA,392
650489,2023,264,18,15,84.2,104.4,14,114.2,106.1,6.82,5.68,-1.14,-3,16.7,Willi Castro,NA,409
650489,2024,411,28,17,86.7,103.4,13.6,112.3,103.5,6.81,4.14,-2.67,-11,39.3,Willi Castro,NA,635
650489,2025,292,18,11,86.5,104.4,11.1,111.9,103.2,6.16,3.77,-2.39,-7,38.9,Willi Castro,NA,454
650489,2026,89,5,3,88.2,104.2,16.1,108.7,104.6,5.62,3.37,-2.25,-2,40,Willi Castro,NA,148
650490,2017,121,3,5,91.6,107.6,0.4,112.8,100,2.48,4.13,1.65,2,-66.7,Yandy Díaz,NA,179
650490,2018,90,4,4,92.1,108.1,4.4,111.6,105.9,4.44,4.44,0,0,0,Yandy Díaz,NA,120
650490,2019,250,22,26,91.7,108,5.7,114.3,105.8,8.8,10.4,1.6,4,-18.2,Yandy Díaz,NA,347
650490,2021,384,25,19,89.9,107.9,6.6,113.5,104.1,6.51,4.95,-1.56,-6,24,Yandy Díaz,NA,541
650490,2022,409,20,16,92.2,108,7.9,114.3,105.3,4.89,3.91,-0.98,-4,20,Yandy Díaz,NA,558
650490,2023,431,36,32,93.4,108.9,5.7,114.5,106.4,8.35,7.42,-0.93,-4,11.1,Yandy Díaz,NA,600
650490,2024,469,34,26,92.2,108,5.1,117.4,106.4,7.25,5.54,-1.71,-8,23.5,Yandy Díaz,NA,621
650490,2025,492,39,28,93,109.2,5.1,113.6,106,7.93,5.69,-2.24,-11,28.2,Yandy Díaz,NA,651
650490,2026,152,12,7,90.2,106.5,4.9,113.7,104.4,7.89,4.61,-3.28,-5,41.7,Yandy Díaz,NA,198
650559,2021,147,8,6,88.4,103.1,11.1,108,103.3,5.44,4.08,-1.36,-2,25,Bryan De La Cruz,NA,219
650559,2022,243,28,20,90.8,105.5,9.8,111.2,105,11.52,8.23,-3.29,-8,28.6,Bryan De La Cruz,NA,355
650559,2023,439,37,30,89.9,104.3,11.8,111,104.1,8.43,6.83,-1.6,-7,18.9,Bryan De La Cruz,NA,626
650559,2024,418,37,29,89.6,103.8,13.1,110.5,104.5,8.85,6.94,-1.91,-8,21.6,Bryan De La Cruz,NA,622
650559,2025,29,2,0,91.5,103,15.5,106.5,101,6.9,0,-6.9,-2,100,Bryan De La Cruz,NA,50
650619,2018,18,2,2,87.8,103.1,6.4,106.5,103,11.11,11.11,0,0,0,Meibrys Viloria,NA,29
650619,2019,91,1,1,86.5,102.5,3.6,108.7,99.5,1.1,1.1,0,0,0,Meibrys Viloria,NA,148
650619,2022,35,3,1,88.4,101.3,5.5,105.2,102.9,8.57,2.86,-5.71,-2,66.7,Meibrys Viloria,NA,75
650619,2023,3,0,0,81.2,88.3,-21.7,88.9,NA,0,0,0,0,0,Meibrys Viloria,NA,4
650644,2019,1,0,0,76.3,76.3,-63,76.3,NA,0,0,0,0,0,Aaron Civale,NA,2
650668,2021,6,0,0,71.2,94,-8.7,96.7,NA,0,0,0,0,0,Humberto Mejía,NA,8
650813,2019,1,0,0,97.5,97.5,-16,97.5,NA,0,0,0,0,0,Luis Escobar,NA,2
650859,2019,264,15,15,86.7,102.8,9.1,108.6,104.5,5.68,5.68,0,0,0,Luis Rengifo,NA,406
650859,2021,140,9,9,84.5,100.8,11.1,108.9,103.9,6.43,6.43,0,0,0,Luis Rengifo,NA,190
650859,2022,411,20,16,86.6,102.4,9.9,109.3,104.5,4.87,3.89,-0.98,-4,20,Luis Rengifo,NA,511
650859,2023,312,21,16,89.1,103.3,11,109.1,103.2,6.73,5.13,-1.6,-5,23.8,Luis Rengifo,NA,445
650859,2024,240,5,3,86.8,101.1,6.5,110.2,101.8,2.08,1.25,-0.83,-2,40,Luis Rengifo,NA,304
650859,2025,399,19,9,86.8,102.3,6.9,109.2,102.7,4.76,2.26,-2.5,-10,52.6,Luis Rengifo,NA,541
650859,2026,119,6,0,87.2,102.2,4.4,107.3,100.9,5.04,0,-5.04,-6,100,Luis Rengifo,NA,150
650907,2022,45,2,2,89.1,105,12.6,111.3,105.2,4.44,4.44,0,0,0,René Pinto,NA,83
650907,2023,69,11,9,90.6,105.3,16.9,110.8,104.9,15.94,13.04,-2.9,-2,18.2,René Pinto,NA,105
650907,2024,26,5,4,91.4,104.6,25.1,108.1,103.2,19.23,15.38,-3.85,-1,20,René Pinto,NA,49
650968,2021,64,2,2,87.7,103,14.6,107.9,101.3,3.12,3.12,0,0,0,Yohel Pozo,NA,77
650968,2025,137,3,2,87.7,103.2,17.8,109,105.7,2.19,1.46,-0.73,-1,33.3,Yohel Pozo,NA,168
650968,2026,25,0,0,87.3,101.2,13,104.9,NA,0,0,0,0,0,Yohel Pozo,NA,27
655316,2023,218,11,9,88.5,100.9,17.9,106.3,101.2,5.05,4.13,-0.92,-2,18.2,Andruw Monasterio,NA,315
655316,2024,85,8,2,87.5,101.6,14.7,107,101.7,9.41,2.35,-7.06,-6,75,Andruw Monasterio,NA,142
655316,2025,94,5,4,86.4,100,20.1,110.1,103.9,5.32,4.26,-1.06,-1,20,Andruw Monasterio,NA,135
655316,2026,64,3,1,86.5,101.3,18.8,107.5,104.1,4.69,1.56,-3.13,-2,66.7,Andruw Monasterio,NA,85
656024,2022,16,0,0,82.4,95.8,15.4,99.7,NA,0,0,0,0,0,Carlos Pérez,NA,18
656024,2023,38,3,1,85.1,100.5,13.5,109.3,100.5,7.89,2.63,-5.26,-2,66.7,Carlos Pérez,NA,53
656180,2021,59,8,7,88.4,107.3,11.7,110.1,106.5,13.56,11.86,-1.7,-1,12.5,Riley Adams,NA,120
656180,2022,95,9,6,90.2,104.5,14.3,115,105.2,9.47,6.32,-3.15,-3,33.3,Riley Adams,NA,155
656180,2023,100,4,3,89.3,106.1,18.2,110.8,106.7,4,3,-1,-1,25,Riley Adams,NA,158
656180,2024,83,6,4,89.9,106.1,13.6,110.1,103.9,7.23,4.82,-2.41,-2,33.3,Riley Adams,NA,130
656180,2025,152,15,9,91.8,107.7,9.2,115.4,105.7,9.87,5.92,-3.95,-6,40,Riley Adams,NA,286
656185,2017,27,1,1,86.9,96.8,9.7,102.8,102.8,3.7,3.7,0,0,0,Greg Allen,NA,39
656185,2018,205,3,3,86.2,99.3,8,105.7,100.6,1.46,1.46,0,0,0,Greg Allen,NA,291
656185,2019,177,5,5,86.3,100.6,7.9,105.9,102.7,2.82,2.82,0,0,0,Greg Allen,NA,256
656185,2021,25,1,1,83.8,101.8,20.4,105.9,105.9,4,4,0,0,0,Greg Allen,NA,48
656185,2022,80,2,2,84,100.7,5.1,105.7,101.2,2.5,2.5,0,0,0,Greg Allen,NA,134
656185,2023,14,0,0,84.1,95.9,19.4,99.9,NA,0,0,0,0,0,Greg Allen,NA,28
656185,2025,9,0,0,84.9,99.8,1.8,100.6,NA,0,0,0,0,0,Greg Allen,NA,14
656222,2018,1,0,0,82.9,82.9,-21,82.9,NA,0,0,0,0,0,Jalen Beeks,NA,2
656222,2019,1,0,0,93.9,93.9,-32,93.9,NA,0,0,0,0,0,Jalen Beeks,NA,3
656248,2022,50,1,1,89.8,105.2,15.3,107.9,107.9,2,2,0,0,0,Sean Bouchard,NA,97
656248,2023,25,5,3,91,104.2,7.9,112.1,105.2,20,12,-8,-2,40,Sean Bouchard,NA,43
656248,2024,61,3,2,88.7,102.1,10.5,109,102.4,4.92,3.28,-1.64,-1,33.3,Sean Bouchard,NA,108
656248,2025,39,0,0,86.6,102,18.1,107.4,NA,0,0,0,0,0,Sean Bouchard,NA,73
656252,2019,25,2,2,91.9,109.5,10,113.5,111.4,8,8,0,0,0,Bobby Bradley,NA,49
656252,2021,149,22,20,89,107,12,114.2,107.2,14.77,13.42,-1.35,-2,9.1,Bobby Bradley,NA,279
656252,2022,8,0,0,87.5,104.9,2.6,105,NA,0,0,0,0,0,Bobby Bradley,NA,17
656257,2018,2,0,0,88.8,95.8,39.5,97.6,NA,0,0,0,0,0,Jeff Brigham,NA,4
656288,2019,1,0,0,62.8,62.8,0,62.8,NA,0,0,0,0,0,Griffin Canning,NA,2
656302,2021,5,0,0,91.7,97.5,5.4,98,NA,0,0,0,0,0,Dylan Cease,NA,8
656305,2017,200,22,25,90.1,106.8,19.9,112.3,105,11,12.5,1.5,3,-13.6,Matt Chapman,NA,326
656305,2018,401,33,31,93.1,108.4,14.9,115.3,106.1,8.23,7.73,-0.5,-2,6.1,Matt Chapman,NA,616
656305,2019,431,49,53,92.7,107.8,16.5,114.4,106.7,11.37,12.3,0.93,4,-8.2,Matt Chapman,NA,670
656305,2021,335,42,36,89.7,106.2,18.6,113.3,105.4,12.54,10.75,-1.79,-6,14.3,Matt Chapman,NA,622
656305,2022,372,47,36,92.2,107.2,19,112.7,105.2,12.63,9.68,-2.95,-11,23.4,Matt Chapman,NA,621
656305,2023,343,56,47,93.4,107.8,18.8,114.3,105.9,16.33,13.7,-2.63,-9,16.1,Matt Chapman,NA,581
656305,2024,415,48,39,93.2,109.5,16.5,114.5,106.8,11.57,9.4,-2.17,-9,18.8,Matt Chapman,NA,647
656305,2025,332,30,21,92.2,107.5,15.7,113.5,105.6,9.04,6.33,-2.71,-9,30,Matt Chapman,NA,535
656305,2026,133,7,3,87,107.3,9,113,105,5.26,2.26,-3,-4,57.1,Matt Chapman,NA,206
656308,2019,219,24,25,88.8,107.8,11.7,113.8,107.6,10.96,11.42,0.46,1,-4.2,Michael Chavis,NA,382
656308,2021,80,4,3,89.7,104.3,8.1,109.4,103.1,5,3.75,-1.25,-1,25,Michael Chavis,NA,124
656308,2022,278,19,12,85.2,104.1,11.5,111.3,103.7,6.83,4.32,-2.51,-7,36.8,Michael Chavis,NA,426
656308,2023,58,1,1,84.5,102.5,8.8,107.3,104.1,1.72,1.72,0,0,0,Michael Chavis,NA,96
656364,2021,16,0,0,82.4,96.3,28.7,102.6,NA,0,0,0,0,0,Greg Deichmann,NA,31
656371,2019,119,9,9,88.5,101.9,18.2,104,102.2,7.56,7.56,0,0,0,Isan Díaz,NA,201
656371,2021,170,6,6,88,103.1,9.7,109,103.2,3.53,3.53,0,0,0,Isan Díaz,NA,277
656371,2023,15,0,0,90.2,100.9,17.1,105.6,NA,0,0,0,0,0,Isan Díaz,NA,26
656388,2022,7,0,0,85.9,98.3,40.1,99,NA,0,0,0,0,0,Joe Dunand,NA,11
656403,2021,42,0,0,81.8,98.4,23.1,102.8,NA,0,0,0,0,0,Drew Ellis,NA,83
656403,2022,9,0,0,88.4,97.4,9.3,99.3,NA,0,0,0,0,0,Drew Ellis,NA,17
656403,2023,16,3,3,90.7,103.8,20.2,105.7,104.1,18.75,18.75,0,0,0,Drew Ellis,NA,29
656413,2021,12,0,0,81.3,98.7,12.9,106,NA,0,0,0,0,0,Stuart Fairchild,NA,17
656413,2022,63,5,4,87.5,104.3,11.5,107.6,104.3,7.94,6.35,-1.59,-1,20,Stuart Fairchild,NA,110
656413,2023,154,12,8,84,102.5,13.6,109.7,103.4,7.79,5.19,-2.6,-4,33.3,Stuart Fairchild,NA,255
656413,2024,150,11,11,83.1,102.9,18.7,110.8,104.2,7.33,7.33,0,0,0,Stuart Fairchild,NA,233
656413,2025,36,4,3,80.2,102.4,20,104.8,101.3,11.11,8.33,-2.78,-1,25,Stuart Fairchild,NA,55
656427,2017,4,0,0,80.4,95.9,-10.2,100.8,NA,0,0,0,0,0,Jack Flaherty,NA,6
656427,2018,25,0,0,85,98.9,-4.8,106.3,NA,0,0,0,0,0,Jack Flaherty,NA,52
656427,2019,37,0,0,80.2,103.3,3.3,107,NA,0,0,0,0,0,Jack Flaherty,NA,66
656427,2021,14,1,1,69.3,102.2,12,106.2,106.2,7.14,7.14,0,0,0,Jack Flaherty,NA,26
656448,2022,50,5,4,92.9,104.8,22.7,108.8,104.3,10,8,-2,-1,20,Stone Garrett,NA,84
656448,2023,156,13,13,91.1,106.4,17.4,112.5,104.9,8.33,8.33,0,0,0,Stone Garrett,NA,271
656448,2024,5,2,1,100,107.6,20.4,107.8,107.6,40,20,-20,-1,50,Stone Garrett,NA,6
656457,2021,5,0,0,48.1,66.2,-43,71.5,NA,0,0,0,0,0,Tyler Gilbert,NA,11
656467,2021,24,2,2,86.3,108.7,-5.5,118,113.2,8.33,8.33,0,0,0,Chris Gittens,NA,44
656484,2023,4,1,1,89.6,104.1,31,104.2,103.8,25,25,0,0,0,Tristan Gray,NA,5
656484,2024,12,0,0,93,104.7,17.5,105.7,NA,0,0,0,0,0,Tristan Gray,NA,31
656484,2025,61,6,5,90.4,106.9,18.3,110.6,106.2,9.84,8.2,-1.64,-1,16.7,Tristan Gray,NA,86
656484,2026,49,5,2,87.5,105.5,10.1,111.3,104.9,10.2,4.08,-6.12,-3,60,Tristan Gray,NA,84
656494,2021,1,0,0,87.1,87.1,37,87.1,NA,0,0,0,0,0,Taylor Gushue,NA,4
656495,2022,14,1,1,76.8,95.7,8.1,102.3,102.3,7.14,7.14,0,0,0,Dalton Guthrie,NA,28
656495,2023,17,0,0,85.5,99.6,25.5,103.6,NA,0,0,0,0,0,Dalton Guthrie,NA,28
656509,2021,8,0,0,78.6,104,-4.5,106.4,NA,0,0,0,0,0,Monte Harrison,NA,11
656509,2022,3,1,0,103,106.3,8.7,107.2,102.6,33.33,0,-33.33,-1,100,Monte Harrison,NA,14
656514,2019,162,5,6,87.3,101.7,5,105.6,101.8,3.09,3.7,0.61,1,-20,Adam Haseley,NA,242
656514,2021,17,0,0,84.4,97.3,8.1,104.3,NA,0,0,0,0,0,Adam Haseley,NA,21
656514,2022,15,0,0,80.3,98.6,-13.5,100.7,NA,0,0,0,0,0,Adam Haseley,NA,25
656514,2023,28,1,1,87.6,103.1,8.1,107.8,102.4,3.57,3.57,0,0,0,Adam Haseley,NA,39
656537,2021,96,4,4,82.6,101.6,5.2,106.6,101,4.17,4.17,0,0,0,Derek Hill,NA,150
656537,2022,59,2,1,78.5,101.7,1.2,110.3,99.4,3.39,1.69,-1.7,-1,50,Derek Hill,NA,92
656537,2023,36,0,0,80.3,99.4,1.6,106.2,NA,0,0,0,0,0,Derek Hill,NA,50
656537,2024,109,10,6,86,103,6.7,111.3,103.5,9.17,5.5,-3.67,-4,40,Derek Hill,NA,172
656537,2025,89,10,4,87.2,105,4.7,112.3,103.6,11.24,4.49,-6.75,-6,60,Derek Hill,NA,149
656537,2026,35,4,2,82.4,103,11.5,105.9,103.1,11.43,5.71,-5.72,-2,50,Derek Hill,NA,59
656541,2019,54,6,7,90.8,105.2,8.4,114.1,106.3,11.11,12.96,1.85,1,-16.7,Sam Hilliard,NA,87
656541,2021,127,19,19,89.4,107.5,11.9,113.5,107.3,14.96,14.96,0,0,0,Sam Hilliard,NA,238
656541,2022,119,11,10,92,106.8,13.4,115.1,106.9,9.24,8.4,-0.84,-1,9.1,Sam Hilliard,NA,200
656541,2023,39,3,3,92.4,109.2,20.3,114.8,110.5,7.69,7.69,0,0,0,Sam Hilliard,NA,78
656541,2024,87,13,9,90.8,107.4,13.5,111.3,106.3,14.94,10.34,-4.6,-4,30.8,Sam Hilliard,NA,158
656541,2025,28,5,2,91.3,107.1,13.8,110.3,104.6,17.86,7.14,-10.72,-3,60,Sam Hilliard,NA,61
656546,2016,7,0,0,85.1,103.6,-14.7,106.1,NA,0,0,0,0,0,Jeff Hoffman,NA,9
656546,2017,15,0,0,81.2,92.1,-8,93,NA,0,0,0,0,0,Jeff Hoffman,NA,36
656546,2019,12,0,0,71.3,102.5,-20.8,106.3,NA,0,0,0,0,0,Jeff Hoffman,NA,24
656546,2021,13,0,0,69.8,99,-10.4,107.7,NA,0,0,0,0,0,Jeff Hoffman,NA,16
656548,2021,4,0,0,95.1,103.6,15.5,103.6,NA,0,0,0,0,0,Jordan Holloway,NA,10
656555,2017,126,17,19,90.9,104.1,18.4,110.2,103.8,13.49,15.08,1.59,2,-11.8,Rhys Hoskins,NA,212
656555,2018,412,44,42,88.8,105.1,22.4,112,105.4,10.68,10.19,-0.49,-2,4.5,Rhys Hoskins,NA,660
656555,2019,403,35,39,89.7,104,24,111,104.2,8.68,9.68,1,4,-11.4,Rhys Hoskins,NA,705
656555,2021,283,45,41,91.2,106.6,21.7,112.2,105.9,15.9,14.49,-1.41,-4,8.9,Rhys Hoskins,NA,443
656555,2022,423,47,34,90.1,105.1,18.1,112.2,105,11.11,8.04,-3.07,-13,27.7,Rhys Hoskins,NA,672
656555,2024,306,39,22,88.7,104.1,20.8,109.6,103.8,12.75,7.19,-5.56,-17,43.6,Rhys Hoskins,NA,517
656555,2025,194,18,10,90.2,103.6,22.1,111.1,104.1,9.28,5.15,-4.13,-8,44.4,Rhys Hoskins,NA,328
656555,2026,72,7,3,88.6,103.4,21.2,112.3,105,9.72,4.17,-5.55,-4,57.1,Rhys Hoskins,NA,136
656568,2021,4,0,0,82.4,87.3,31,88.5,NA,0,0,0,0,0,Scott Hurst,NA,5
656577,2019,8,0,0,78.5,84,28.5,87.9,NA,0,0,0,0,0,Alex Jackson,NA,15
656577,2021,58,4,4,89.6,107.9,20.7,114.3,108.5,6.9,6.9,0,0,0,Alex Jackson,NA,151
656577,2022,5,0,0,79.6,82.3,17,83.3,NA,0,0,0,0,0,Alex Jackson,NA,12
656577,2024,88,8,4,86,102.1,19,110.2,102.4,9.09,4.55,-4.54,-4,50,Alex Jackson,NA,155
656577,2025,54,8,6,88.3,107.6,14.3,108.7,106.2,14.81,11.11,-3.7,-2,25,Alex Jackson,NA,100
656578,2021,1,0,0,80.4,80.4,-36,80.4,NA,0,0,0,0,0,Andre Jackson,NA,4
656582,2019,10,0,0,81.4,99.4,1.1,100.5,NA,0,0,0,0,0,Connor Joe,NA,16
656582,2021,141,13,10,88.2,104,14.6,113.3,103.6,9.22,7.09,-2.13,-3,23.1,Connor Joe,NA,211
656582,2022,305,12,7,85.3,102.9,10.6,110.1,101.9,3.93,2.3,-1.63,-5,41.7,Connor Joe,NA,467
656582,2023,303,22,15,88.5,104.8,17,111.6,104,7.26,4.95,-2.31,-7,31.8,Connor Joe,NA,472
656582,2024,274,13,9,85.3,103.9,16.3,109.4,104.3,4.74,3.28,-1.46,-4,30.8,Connor Joe,NA,416
656582,2025,51,3,0,89.3,102.9,13.8,113.3,104.1,5.88,0,-5.88,-3,100,Connor Joe,NA,80
656582,2026,22,2,1,92.2,106.7,17.6,107.7,105.4,9.09,4.55,-4.54,-1,50,Connor Joe,NA,39
656605,2019,6,0,0,79.6,90.8,-21,91.2,NA,0,0,0,0,0,Mitch Keller,NA,11
656605,2021,16,0,0,76.7,99.1,-33.5,106.2,NA,0,0,0,0,0,Mitch Keller,NA,32
656627,2022,11,1,1,88.3,102.1,-2,104.2,102.1,9.09,9.09,0,0,0,Mark Kolozsvary,NA,21
656629,2021,1,0,0,80.4,80.4,-41,80.4,NA,0,0,0,0,0,Michael Kopech,NA,1
656669,2017,57,3,3,86.5,100.5,18.1,104.7,102.4,5.26,5.26,0,0,0,Jordan Luplow,NA,87
656669,2018,74,4,4,85.6,101.2,16.6,108.5,103.2,5.41,5.41,0,0,0,Jordan Luplow,NA,103
656669,2019,164,19,20,89.6,103.3,16.1,108.8,103.3,11.59,12.2,0.61,1,-5.3,Jordan Luplow,NA,261
656669,2021,106,9,9,86.4,104.4,22.5,109.4,105,8.49,8.49,0,0,0,Jordan Luplow,NA,193
656669,2022,145,10,8,87.2,103.1,17.7,108.8,105.1,6.9,5.52,-1.38,-2,20,Jordan Luplow,NA,234
656669,2023,50,3,1,84.3,102.3,15.5,106.2,101,6,2,-4,-2,66.7,Jordan Luplow,NA,90
656686,2021,1,0,0,94.4,94.4,17,94.4,NA,0,0,0,0,0,Corbin Martin,NA,4
656695,2022,42,1,1,88.8,103.7,8.8,109.4,109.4,2.38,2.38,0,0,0,J.J. Matijevic,NA,71
656713,2019,8,1,1,87.4,106.9,-5.6,108,108,12.5,12.5,0,0,0,Brendan McKay,NA,11
656716,2021,111,9,5,87.6,101.7,13.5,106.2,101.3,8.11,4.5,-3.61,-4,44.4,Zach McKinstry,NA,172
656716,2022,116,5,4,85.1,101.4,10.8,104.2,102.3,4.31,3.45,-0.86,-1,20,Zach McKinstry,NA,185
656716,2023,354,25,17,86.7,102.4,17.4,108.3,103.3,7.06,4.8,-2.26,-8,32,Zach McKinstry,NA,518
656716,2024,230,9,4,87.8,101,18.3,108.1,100.8,3.91,1.74,-2.17,-5,55.6,Zach McKinstry,NA,325
656716,2025,347,19,4,85.6,101.9,13.9,108.7,102.7,5.48,1.15,-4.33,-15,78.9,Zach McKinstry,NA,511
656716,2026,69,1,1,83.5,100.8,12.4,104.2,102.2,1.45,1.45,0,0,0,Zach McKinstry,NA,93
656725,2018,2,0,0,85.6,90.3,-14,91.5,NA,0,0,0,0,0,Alex McRae,NA,2
656725,2019,2,0,0,95.4,98.5,-3,99.3,NA,0,0,0,0,0,Alex McRae,NA,7
656731,2021,13,0,0,81,98.9,-13,102.2,NA,0,0,0,0,0,Tylor Megill,NA,31
656738,2018,1,0,0,79.9,79.9,-27,79.9,NA,0,0,0,0,0,Ben Meyer,NA,1
656756,2017,1,0,0,88.9,88.9,-25,88.9,NA,0,0,0,0,0,Jordan Montgomery,NA,5
656775,2018,128,4,4,87.5,101,10,108,100.7,3.12,3.12,0,0,0,Cedric Mullins,NA,191
656775,2019,52,1,1,83,100.4,15.1,110.3,103.7,1.92,1.92,0,0,0,Cedric Mullins,NA,74
656775,2021,483,36,33,88.2,103.3,13.7,109.7,102.8,7.45,6.83,-0.62,-3,8.3,Cedric Mullins,NA,675
656775,2022,485,23,17,87.3,103,16.1,109.4,103.6,4.74,3.51,-1.23,-6,26.1,Cedric Mullins,NA,672
656775,2023,310,17,12,87.5,103.3,20.6,110.5,102.7,5.48,3.87,-1.61,-5,29.4,Cedric Mullins,NA,455
656775,2024,350,17,13,86.1,102,20.7,106.4,102.9,4.86,3.71,-1.15,-4,23.5,Cedric Mullins,NA,499
656775,2025,323,19,13,86.4,102.6,21.5,108.4,103.6,5.88,4.02,-1.86,-6,31.6,Cedric Mullins,NA,498
656775,2026,118,2,1,83.1,101.8,24.2,107.9,104.1,1.69,0.85,-0.84,-1,50,Cedric Mullins,NA,161
656794,2017,8,0,0,77.5,89.5,-15.9,91.1,NA,0,0,0,0,0,Sean Newcomb,NA,35
656794,2018,13,0,0,81.9,96.5,-9.8,105.6,NA,0,0,0,0,0,Sean Newcomb,NA,53
656794,2019,1,0,0,82.8,82.8,30,82.8,NA,0,0,0,0,0,Sean Newcomb,NA,8
656794,2021,1,0,0,15.8,15.8,-63,15.8,NA,0,0,0,0,0,Sean Newcomb,NA,2
656798,2018,4,0,0,92.7,96.8,-4,98.5,NA,0,0,0,0,0,Jacob Nix,NA,16
656803,2018,2,0,0,96.6,98.6,-20.5,99.1,NA,0,0,0,0,0,James Norwood,NA,3
656803,2019,1,0,0,80.4,80.4,8,80.4,NA,0,0,0,0,0,James Norwood,NA,1
656811,2018,104,13,11,91.4,104.1,17.7,108.3,102.6,12.5,10.58,-1.92,-2,15.4,Ryan O'Hearn,NA,170
656811,2019,231,21,22,90.5,104.8,13,111.2,105.5,9.09,9.52,0.43,1,-4.8,Ryan O'Hearn,NA,370
656811,2021,167,12,10,90.8,105.9,14.3,110.6,105.7,7.19,5.99,-1.2,-2,16.7,Ryan O'Hearn,NA,254
656811,2022,99,7,4,91.5,106,13,110.5,103.4,7.07,4.04,-3.03,-3,42.9,Ryan O'Hearn,NA,145
656811,2023,268,25,20,91.7,105.1,11.7,109.7,104.4,9.33,7.46,-1.87,-5,20,Ryan O'Hearn,NA,368
656811,2024,376,26,20,89.6,103.7,12,108.8,103,6.91,5.32,-1.59,-6,23.1,Ryan O'Hearn,NA,494
656811,2025,367,25,18,89.4,103.1,11.4,109.4,103.8,6.81,4.9,-1.91,-7,28,Ryan O'Hearn,NA,544
656811,2026,127,8,7,90.3,104.1,12.1,108.1,103.9,6.3,5.51,-0.79,-1,12.5,Ryan O'Hearn,NA,182
656818,2021,1,0,0,66.8,66.8,52,66.8,NA,0,0,0,0,0,Connor Overton,NA,1
656821,2021,4,0,0,89.7,98.8,27.5,102.9,NA,0,0,0,0,0,Kevin Padlo,NA,15
656821,2022,23,0,0,90.8,111.1,16.4,111.4,NA,0,0,0,0,0,Kevin Padlo,NA,34
656821,2023,8,1,1,91,102.7,25.6,107.2,99.8,12.5,12.5,0,0,0,Kevin Padlo,NA,8
656847,2021,142,15,14,87.5,107.6,16.4,112.5,107.1,10.56,9.86,-0.7,-1,6.7,DJ Peters,NA,240
656849,2021,9,0,0,66.5,102.5,-37.8,103,NA,0,0,0,0,0,David Peterson,NA,20
656876,2021,3,0,0,71.5,97.1,0.3,104.8,NA,0,0,0,0,0,Drew Rasmussen,NA,4
656883,2021,2,0,0,96.6,103.2,22,104.8,NA,0,0,0,0,0,Jakson Reetz,NA,2
656883,2024,9,1,1,85.5,99.9,19.4,106.5,106.5,11.11,11.11,0,0,0,Jakson Reetz,NA,15
656896,2021,69,1,0,91.1,104.9,7.2,108.8,99.1,1.45,0,-1.45,-1,100,Emmanuel Rivera,NA,98
656896,2022,248,23,19,90.4,104,9.8,110.9,103.8,9.27,7.66,-1.61,-4,17.4,Emmanuel Rivera,NA,359
656896,2023,205,10,7,90.7,103.4,11.2,109.3,102.5,4.88,3.41,-1.47,-3,30,Emmanuel Rivera,NA,283
656896,2024,202,16,11,89.4,103.5,8.4,109.2,102.2,7.92,5.45,-2.47,-5,31.2,Emmanuel Rivera,NA,302
656896,2025,96,1,0,86.7,100.2,11.6,109.1,98.5,1.04,0,-1.04,-1,100,Emmanuel Rivera,NA,127
656941,2015,154,19,19,91.9,106.9,15.5,111.3,105.9,12.34,12.34,0,0,0,Kyle Schwarber,NA,273
656941,2016,2,0,0,101.6,106.9,3,108.2,NA,0,0,0,0,0,Kyle Schwarber,NA,5
656941,2017,269,40,44,89.4,107.4,18.4,116.1,105.9,14.87,16.36,1.49,4,-10,Kyle Schwarber,NA,486
656941,2018,289,36,35,90.3,108,11.8,117.1,106.5,12.46,12.11,-0.35,-1,2.8,Kyle Schwarber,NA,510
656941,2019,376,52,54,92.9,109.4,15.2,117.6,107.4,13.83,14.36,0.53,2,-3.8,Kyle Schwarber,NA,610
656941,2021,273,47,42,92.3,109.4,15.4,116.6,107.4,17.22,15.38,-1.84,-5,10.6,Kyle Schwarber,NA,471
656941,2022,378,76,61,92.9,109.6,18.9,114.8,107.5,20.11,16.14,-3.97,-15,19.7,Kyle Schwarber,NA,669
656941,2023,373,58,54,92.2,108.1,18.7,115.2,107.8,15.55,14.48,-1.07,-4,6.9,Kyle Schwarber,NA,720
656941,2024,384,58,49,93.6,109.2,15,115.6,108.2,15.1,12.76,-2.34,-9,15.5,Kyle Schwarber,NA,692
656941,2025,408,85,72,94.3,109.8,20.1,117.2,108.2,20.83,17.65,-3.18,-13,15.3,Kyle Schwarber,NA,724
656941,2026,108,26,19,93.4,109.7,24,113.2,107.3,24.07,17.59,-6.48,-7,26.9,Kyle Schwarber,NA,213
656954,2021,1,0,0,98,98,13,98,NA,0,0,0,0,0,Justus Sheffield,NA,2
656976,2021,393,18,16,87.1,104.1,8.8,110.8,103.8,4.58,4.07,-0.51,-2,11.1,Pavin Smith,NA,545
656976,2022,181,16,14,87.9,102.9,15.2,109.2,105.1,8.84,7.73,-1.11,-2,12.5,Pavin Smith,NA,277
656976,2023,145,12,8,89.9,103.8,13.9,110.7,103.9,8.28,5.52,-2.76,-4,33.3,Pavin Smith,NA,228
656976,2024,109,16,10,90.2,106,13.1,112.1,104.3,14.68,9.17,-5.51,-6,37.5,Pavin Smith,NA,158
656976,2025,154,18,12,90.1,104.3,12.4,110.9,103.7,11.69,7.79,-3.9,-6,33.3,Pavin Smith,NA,288
656976,2026,4,0,0,92.1,102.9,39.5,105.6,NA,0,0,0,0,0,Pavin Smith,NA,8
656977,2018,1,0,0,93.3,93.3,-2,93.3,NA,0,0,0,0,0,Chad Sobotka,NA,1
657006,2021,8,0,0,80,104.1,-19.4,104.7,NA,0,0,0,0,0,Justin Steele,NA,13
657011,2021,13,0,0,84,100,15.6,103.1,NA,0,0,0,0,0,Troy Stokes Jr.,NA,20
657041,2019,30,4,4,91.7,107.4,6.4,108.7,102,13.33,13.33,0,0,0,Lane Thomas,NA,44
657041,2021,162,11,8,91,103.6,12.3,109.1,102.2,6.79,4.94,-1.85,-3,27.3,Lane Thomas,NA,264
657041,2022,367,22,13,86.4,103.8,12.5,110.1,103.7,5.99,3.54,-2.45,-9,40.9,Lane Thomas,NA,548
657041,2023,459,40,36,88.5,105.5,10.8,111.4,105.6,8.71,7.84,-0.87,-4,10,Lane Thomas,NA,682
657041,2024,340,23,13,88.8,105.1,17,111,105,6.76,3.82,-2.94,-10,43.5,Lane Thomas,NA,528
657041,2025,83,4,4,87.8,103.5,23.5,110.6,106.4,4.82,4.82,0,0,0,Lane Thomas,NA,142
657041,2026,65,1,1,85.3,101.9,25.9,107.6,101.1,1.54,1.54,0,0,0,Lane Thomas,NA,108
657053,2018,5,0,0,85.1,103.9,-3.8,106.7,NA,0,0,0,0,0,Touki Toussaint,NA,10
657053,2019,3,1,1,73.7,96.6,10,101.1,101.1,33.33,33.33,0,0,0,Touki Toussaint,NA,10
657053,2021,7,0,0,75.4,89.3,-5.6,91.9,NA,0,0,0,0,0,Touki Toussaint,NA,18
657061,2019,102,5,5,87.9,103,6.6,107.2,103.8,4.9,4.9,0,0,0,Cole Tucker,NA,159
657061,2021,85,1,1,86.7,102.3,8.5,106.7,106.7,1.18,1.18,0,0,0,Cole Tucker,NA,131
657061,2022,38,2,1,82.4,101,4.8,106.5,102.3,5.26,2.63,-2.63,-1,50,Cole Tucker,NA,63
657061,2023,6,0,0,87,95.6,-4.3,97.8,NA,0,0,0,0,0,Cole Tucker,NA,10
657061,2024,34,0,0,90.2,100.7,7.8,104.9,NA,0,0,0,0,0,Cole Tucker,NA,57
657077,2017,16,1,1,81.1,97.8,-2.1,104.5,99.6,6.25,6.25,0,0,0,Alex Verdugo,NA,25
657077,2018,54,3,3,88.4,105.2,4.8,110.4,101.3,5.56,5.56,0,0,0,Alex Verdugo,NA,86
657077,2019,295,14,14,89.4,104.4,9,111.3,105.6,4.75,4.75,0,0,0,Alex Verdugo,NA,377
657077,2021,453,29,28,89.9,104.1,7.7,110.8,104.1,6.4,6.18,-0.22,-1,3.4,Alex Verdugo,NA,604
657077,2022,513,27,19,89.1,103.5,8.4,111,104.5,5.26,3.7,-1.56,-8,29.6,Alex Verdugo,NA,644
657077,2023,456,23,17,89.2,103.7,9,112.4,102.4,5.04,3.73,-1.31,-6,26.1,Alex Verdugo,NA,602
657077,2024,476,24,16,87.7,102.7,9.7,110.7,103.7,5.04,3.36,-1.68,-8,33.3,Alex Verdugo,NA,621
657077,2025,165,5,2,89.9,104,10,107.7,102.5,3.03,1.21,-1.82,-3,60,Alex Verdugo,NA,213
657088,2023,9,0,0,82.1,98.1,16.4,99,NA,0,0,0,0,0,Forrest Wall,NA,15
657088,2024,24,0,0,78.7,98.8,8.8,101,NA,0,0,0,0,0,Forrest Wall,NA,35
657108,2021,66,3,3,85.2,103.2,19.5,110.7,108.4,4.55,4.55,0,0,0,Evan White,NA,104
657129,2022,1,0,0,95.1,95.1,14,95.1,NA,0,0,0,0,0,Marcus Wilson,NA,6
657136,2021,6,1,1,89.1,102.8,7.5,103.5,103.5,16.67,16.67,0,0,0,Connor Wong,NA,14
657136,2022,34,4,4,88.6,106.8,3.6,110.3,108.8,11.76,11.76,0,0,0,Connor Wong,NA,56
657136,2023,241,22,19,87.7,105.5,14.6,113.6,105.7,9.13,7.88,-1.25,-3,13.6,Connor Wong,NA,403
657136,2024,334,19,12,85.4,104.1,12.4,109.1,104.4,5.69,3.59,-2.1,-7,36.8,Connor Wong,NA,487
657136,2025,128,4,2,83.8,103.9,10,111.5,104.6,3.12,1.56,-1.56,-2,50,Connor Wong,NA,188
657136,2026,44,1,1,85.6,105.8,9.8,107.9,105.8,2.27,2.27,0,0,0,Connor Wong,NA,63
657140,2019,1,0,0,84.1,84.1,-38,84.1,NA,0,0,0,0,0,Kyle Wright,NA,6
657140,2021,2,0,0,102.5,103.3,-0.5,103.5,NA,0,0,0,0,0,Kyle Wright,NA,3
657141,2019,12,0,0,79.4,99.3,-21.6,100.3,NA,0,0,0,0,0,Jordan Yamamoto,NA,26
657141,2021,1,0,0,101.8,101.8,11,101.8,NA,0,0,0,0,0,Jordan Yamamoto,NA,2
657145,2017,8,0,0,84.8,96.8,-2,102,NA,0,0,0,0,0,Mark Zagunis,NA,18
657145,2018,4,0,0,86,88.5,29.8,89.5,NA,0,0,0,0,0,Mark Zagunis,NA,6
657145,2019,20,0,0,86.2,102.7,0.6,103.1,NA,0,0,0,0,0,Mark Zagunis,NA,40
657193,2021,46,3,2,88.5,99.9,12.8,107.6,101.1,6.52,4.35,-2.17,-1,33.3,Eddy Alvarez,NA,74
657193,2022,18,0,0,85.4,99.9,6.1,101.4,NA,0,0,0,0,0,Eddy Alvarez,NA,27
657193,2024,7,0,0,89.1,99.7,3.3,102.3,NA,0,0,0,0,0,Eddy Alvarez,NA,11
657247,2022,1,0,0,87.6,87.6,17,87.6,NA,0,0,0,0,0,Brian O'Keefe,NA,4
657247,2023,12,0,0,93.7,102.7,31.6,103.6,NA,0,0,0,0,0,Brian O'Keefe,NA,21
657277,2019,6,0,0,85.5,98.3,7,100.2,NA,0,0,0,0,0,Logan Webb,NA,11
657277,2021,29,4,4,78.5,102.8,3.4,109,103.8,13.79,13.79,0,0,0,Logan Webb,NA,53
657434,2019,24,2,2,87.9,106.3,24.4,107.3,102.8,8.33,8.33,0,0,0,Brian O'Grady,NA,48
657434,2021,36,2,2,88.2,102.6,19.6,106,102.7,5.56,5.56,0,0,0,Brian O'Grady,NA,61
657557,2017,285,27,32,86.6,104.4,18.1,108.6,103.2,9.47,11.23,1.76,5,-18.5,Paul DeJong,NA,443
657557,2018,318,28,26,89.3,103.7,19.1,110.4,103.6,8.81,8.18,-0.63,-2,7.1,Paul DeJong,NA,490
657557,2019,431,37,38,87,103.5,18.3,111.7,103.7,8.58,8.82,0.24,1,-2.7,Paul DeJong,NA,664
657557,2021,255,26,25,86.3,103.9,16.4,109.5,104.7,10.2,9.8,-0.4,-1,3.8,Paul DeJong,NA,402
657557,2022,133,11,10,87.6,105.2,21.6,110.3,105.6,8.27,7.52,-0.75,-1,9.1,Paul DeJong,NA,237
657557,2023,253,16,15,85.5,102.8,16.8,107.6,104.4,6.32,5.93,-0.39,-1,6.2,Paul DeJong,NA,400
657557,2024,294,30,21,87.8,104.9,20,111.5,104.4,10.2,7.14,-3.06,-9,30,Paul DeJong,NA,482
657557,2025,126,12,8,88.1,105.2,22.8,110.6,104.5,9.52,6.35,-3.17,-4,33.3,Paul DeJong,NA,208
657566,2019,2,0,0,87.2,92.6,-20.5,93.9,NA,0,0,0,0,0,Montana DuRapau,NA,4
657571,2018,2,0,0,96.2,96.7,-13,96.8,NA,0,0,0,0,0,Caleb Ferguson,NA,5
657571,2019,2,0,0,80.3,86.9,-39.5,88.5,NA,0,0,0,0,0,Caleb Ferguson,NA,2
657656,2018,108,12,9,89.8,103.9,10.3,111.9,105.3,11.11,8.33,-2.78,-3,25,Ramón Laureano,NA,176
657656,2019,312,29,31,89.7,104.8,14.7,111.6,104,9.29,9.94,0.65,2,-6.9,Ramón Laureano,NA,481
657656,2021,242,25,23,88,105.3,12,112.1,105.4,10.33,9.5,-0.83,-2,8,Ramón Laureano,NA,378
657656,2022,242,24,20,88.7,105,14.9,110.2,105.4,9.92,8.26,-1.66,-4,16.7,Ramón Laureano,NA,383
657656,2023,247,25,19,87.9,103.4,12.8,112.7,103.6,10.12,7.69,-2.43,-6,24,Ramón Laureano,NA,404
657656,2024,191,22,17,89.2,105.1,13.3,110.7,105.3,11.52,8.9,-2.62,-5,22.7,Ramón Laureano,NA,309
657656,2025,324,43,28,90.3,106.8,13.4,112.7,106,13.27,8.64,-4.63,-15,34.9,Ramón Laureano,NA,488
657656,2026,104,11,7,89.4,104.9,11.9,107.3,104.5,10.58,6.73,-3.85,-4,36.4,Ramón Laureano,NA,178
657658,2018,7,0,0,85.6,98.3,7.3,100.6,NA,0,0,0,0,0,Braxton Lee,NA,18
657681,2018,1,0,0,86,86,-10,86,NA,0,0,0,0,0,Kyle McGrath,NA,1
657709,2022,67,0,0,76.1,93.2,10.4,101.7,NA,0,0,0,0,0,Michael Papierski,NA,103
657757,2021,121,12,11,90.4,104.7,11.7,112.8,105,9.92,9.09,-0.83,-1,8.3,Gavin Sheets,NA,179
657757,2022,292,19,10,88.4,103.9,15,109.7,104,6.51,3.42,-3.09,-9,47.4,Gavin Sheets,NA,410
657757,2023,249,12,8,88.1,103.3,16.9,109.5,103.9,4.82,3.21,-1.61,-4,33.3,Gavin Sheets,NA,344
657757,2024,347,19,14,87.8,104,13.5,110,103.3,5.48,4.03,-1.45,-5,26.3,Gavin Sheets,NA,501
657757,2025,387,36,23,89.9,105.4,14,111.8,104.2,9.3,5.94,-3.36,-13,36.1,Gavin Sheets,NA,545
657757,2026,103,10,7,89.2,105.5,13.3,110.1,106,9.71,6.8,-2.91,-3,30,Gavin Sheets,NA,151
658069,2019,35,1,1,84.5,98.2,7.4,103.2,103,2.86,2.86,0,0,0,Joshua Fuentes,NA,56
658069,2021,207,4,1,85.2,101,18.3,107,102.4,1.93,0.48,-1.45,-3,75,Joshua Fuentes,NA,284
658648,2019,1,0,0,69.1,69.1,-58,69.1,NA,0,0,0,0,0,Pedro Avila,NA,2
658668,2021,84,5,5,86.8,102.3,7,109.1,103.4,5.95,5.95,0,0,0,Edward Olivares,NA,111
658668,2022,125,8,6,89.2,103.5,7.2,111.3,103.7,6.4,4.8,-1.6,-2,25,Edward Olivares,NA,174
658668,2023,292,23,19,87.3,104.2,12.2,111,103.6,7.88,6.51,-1.37,-4,17.4,Edward Olivares,NA,385
658668,2024,141,9,4,86.8,105,9.2,109.9,104.2,6.38,2.84,-3.54,-5,55.6,Edward Olivares,NA,196
658792,2017,3,0,0,98.5,99.6,-3.3,99.9,NA,0,0,0,0,0,Aaron Wilkerson,NA,4
658792,2018,1,0,0,94.8,94.8,-29,94.8,NA,0,0,0,0,0,Aaron Wilkerson,NA,2
658792,2019,2,0,0,88,95.2,-4.5,97,NA,0,0,0,0,0,Aaron Wilkerson,NA,3
659275,2017,10,0,0,73.2,83.8,23.4,92,NA,0,0,0,0,0,Dinelson Lamet,NA,38
659275,2019,11,0,0,72.3,93,-12.6,104.5,NA,0,0,0,0,0,Dinelson Lamet,NA,24
660162,2016,7,0,0,89.6,104.7,-0.4,107.1,NA,0,0,0,0,0,Yoán Moncada,NA,20
660162,2017,125,12,13,88.5,103.6,12.3,110.4,104.2,9.6,10.4,0.8,1,-8.3,Yoán Moncada,NA,231
660162,2018,361,33,29,91,104.8,15.5,113.1,105.3,9.14,8.03,-1.11,-4,12.1,Yoán Moncada,NA,650
660162,2019,359,39,43,93.1,108,12.3,115.8,106.8,10.86,11.98,1.12,4,-10.3,Yoán Moncada,NA,559
660162,2021,360,27,26,90.1,105.7,11.3,113.8,106.4,7.5,7.22,-0.28,-1,3.7,Yoán Moncada,NA,616
660162,2022,283,27,18,88.2,104.3,15.8,111.5,104.2,9.54,6.36,-3.18,-9,33.3,Yoán Moncada,NA,433
660162,2023,227,23,17,89.4,104.8,12.7,112.7,104.6,10.13,7.49,-2.64,-6,26.1,Yoán Moncada,NA,357
660162,2024,29,0,0,90.2,101.8,5.9,108.6,NA,0,0,0,0,0,Yoán Moncada,NA,45
660162,2025,175,24,15,89.8,106.1,15.1,112.8,106.2,13.71,8.57,-5.14,-9,37.5,Yoán Moncada,NA,289
660162,2026,63,5,3,90.1,104.5,15.8,110.4,105.6,7.94,4.76,-3.18,-2,40,Yoán Moncada,NA,129
660271,2018,225,32,30,92.6,108.9,12.3,113.9,106.8,14.22,13.33,-0.89,-2,6.2,Shohei Ohtani,NA,367
660271,2019,278,32,34,92.8,107.9,6.7,115.1,107.6,11.51,12.23,0.72,2,-6.2,Shohei Ohtani,NA,425
660271,2021,346,75,70,93.2,110.7,16.3,119,109.8,21.68,20.23,-1.45,-5,6.7,Shohei Ohtani,NA,639
660271,2022,427,68,56,92.7,108,11.7,119.1,107.5,15.93,13.11,-2.82,-12,17.6,Shohei Ohtani,NA,666
660271,2023,356,69,60,94.4,110.9,13.2,118.6,109,19.38,16.85,-2.53,-9,13,Shohei Ohtani,NA,599
660271,2024,479,98,81,95.7,111.9,16,119.2,109.8,20.46,16.91,-3.55,-17,17.3,Shohei Ohtani,NA,731
660271,2025,426,97,78,94.9,110,15,120,108.6,22.77,18.31,-4.46,-19,19.6,Shohei Ohtani,NA,727
660271,2026,125,21,16,93.1,108.1,12.2,114.6,106.6,16.8,12.8,-4,-5,23.8,Shohei Ohtani,NA,214
660294,2021,160,11,10,89.4,102.7,16.5,111.1,104.2,6.88,6.25,-0.63,-1,9.1,Yoshi Tsutsugo,NA,262
660294,2022,124,7,2,88.8,102.2,10,107.4,101.2,5.65,1.61,-4.04,-5,71.4,Yoshi Tsutsugo,NA,193
660620,2021,52,2,2,82.6,100.6,15.9,104.1,102.9,3.85,3.85,0,0,0,Jonathan Araúz,NA,75
660620,2022,28,2,1,85.6,103.7,11.1,107.3,103.8,7.14,3.57,-3.57,-1,50,Jonathan Araúz,NA,41
660620,2023,43,2,1,84.2,103.5,13.2,110.2,103.3,4.65,2.33,-2.32,-1,50,Jonathan Araúz,NA,66
660623,2021,17,2,2,87.4,108.2,4.8,110.3,105.9,11.76,11.76,0,0,0,Huascar Ynoa,NA,32
660634,2021,113,0,0,81,97,4.7,106.3,NA,0,0,0,0,0,Yonny Hernández,NA,166
660634,2022,22,0,0,75.3,95.2,-18.5,99.3,NA,0,0,0,0,0,Yonny Hernández,NA,28
660634,2023,16,0,0,79,93.1,11.9,98.8,NA,0,0,0,0,0,Yonny Hernández,NA,27
660636,2022,191,18,12,89.1,102.3,14.5,109.6,102.5,9.42,6.28,-3.14,-6,33.3,Diego Castillo,NA,283
660636,2023,1,0,0,92.5,92.5,36,92.5,NA,0,0,0,0,0,Diego Castillo,NA,1
660636,2024,5,0,0,81.4,97.5,0,101.6,NA,0,0,0,0,0,Diego Castillo,NA,8
660644,2021,17,0,0,80.5,98.1,4.7,107,NA,0,0,0,0,0,Vidal Bruján,NA,26
660644,2022,112,2,1,86.1,101,14.2,104,102.6,1.79,0.89,-0.9,-1,50,Vidal Bruján,NA,162
660644,2023,55,1,0,83.1,99,10.3,103.7,99.1,1.82,0,-1.82,-1,100,Vidal Bruján,NA,84
660644,2024,194,3,2,83.7,99.8,7.4,104.7,101.9,1.55,1.03,-0.52,-1,33.3,Vidal Bruján,NA,278
660644,2025,67,0,0,87.4,99.6,7,110.3,NA,0,0,0,0,0,Vidal Bruján,NA,95
660644,2026,4,0,0,59.4,83.5,48,90.9,NA,0,0,0,0,0,Vidal Bruján,NA,5
660650,2022,61,8,7,86.5,106.4,12.2,110.6,107.6,13.11,11.48,-1.63,-1,12.5,Dérmis Garcia,NA,125
660670,2018,313,41,37,90.8,107.2,12.9,113.9,105.5,13.1,11.82,-1.28,-4,9.8,Ronald Acuña Jr.,NA,487
660670,2019,440,60,64,90.6,108.7,14.1,115.9,107.9,13.64,14.55,0.91,4,-6.7,Ronald Acuña Jr.,NA,715
660670,2021,216,44,41,93.8,110.9,18.2,117.9,109.7,20.37,18.98,-1.39,-3,6.8,Ronald Acuña Jr.,NA,360
660670,2022,341,43,36,91.2,108.5,10.8,116.6,108.3,12.61,10.56,-2.05,-7,16.3,Ronald Acuña Jr.,NA,533
660670,2023,560,84,73,94.7,111,7.5,121.2,108.8,15,13.04,-1.96,-11,13.1,Ronald Acuña Jr.,NA,735
660670,2024,138,12,8,92.2,107.9,8.6,114.2,105,8.7,5.8,-2.9,-4,33.3,Ronald Acuña Jr.,NA,222
660670,2025,236,37,29,92.7,109.8,13.4,115.5,107.7,15.68,12.29,-3.39,-8,21.6,Ronald Acuña Jr.,NA,412
660670,2026,104,12,9,89.5,107.4,17.4,112.3,105.6,11.54,8.65,-2.89,-3,25,Ronald Acuña Jr.,NA,162
660688,2021,79,2,2,86,99.4,18.6,106.5,103.8,2.53,2.53,0,0,0,Keibert Ruiz,NA,96
660688,2022,343,11,7,87.8,101.6,14.9,109.4,102.7,3.21,2.04,-1.17,-4,36.4,Keibert Ruiz,NA,433
660688,2023,465,25,19,87.4,101.8,15.3,110.1,103,5.38,4.09,-1.29,-6,24,Keibert Ruiz,NA,562
660688,2024,409,12,8,85.3,100.2,19.8,107.9,102.4,2.93,1.96,-0.97,-4,33.3,Keibert Ruiz,NA,485
660688,2025,229,4,1,86.2,100.3,11.3,110.4,101.1,1.75,0.44,-1.31,-3,75,Keibert Ruiz,NA,267
660688,2026,79,6,1,89.9,102.3,17.5,106.3,102.6,7.59,1.27,-6.32,-5,83.3,Keibert Ruiz,NA,97
660707,2022,116,8,6,89.8,104.8,13.2,109.5,101.9,6.9,5.17,-1.73,-2,25,Elehuris Montero,NA,185
660707,2023,176,12,9,88.3,106.2,9.8,110.5,104.6,6.82,5.11,-1.71,-3,25,Elehuris Montero,NA,307
660707,2024,171,13,6,89.5,106.5,17.1,114.1,103.6,7.6,3.51,-4.09,-7,53.8,Elehuris Montero,NA,247
660710,2026,10,3,2,93.6,107.7,25.8,108.3,103.7,30,20,-10,-1,33.3,Rodolfo Durán,NA,15
660731,2021,6,0,0,87.8,103.6,5.5,107.1,NA,0,0,0,0,0,Anderson Tejeda,NA,17
660757,2022,287,21,14,88.6,106.8,5.8,113.3,105.7,7.32,4.88,-2.44,-7,33.3,Oscar Gonzalez,NA,382
660757,2023,127,9,5,88.5,106.3,7,113,107.3,7.09,3.94,-3.15,-4,44.4,Oscar Gonzalez,NA,180
660757,2025,46,3,1,89.1,104.7,2.5,110.9,102.9,6.52,2.17,-4.35,-2,66.7,Oscar Gonzalez,NA,61
660758,2024,5,1,0,82,99.3,33.8,99.4,99.2,20,0,-20,-1,100,Sandro Fabian,NA,5
660761,2019,1,0,0,83.1,83.1,-47,83.1,NA,0,0,0,0,0,José Suarez,NA,2
660766,2022,196,18,13,86.5,103.7,17.2,114.4,105.7,9.18,6.63,-2.55,-5,27.8,Juan Yepez,NA,274
660766,2023,40,3,2,80,105.3,25.2,113.8,106.4,7.5,5,-2.5,-1,33.3,Juan Yepez,NA,65
660766,2024,187,9,3,86.3,102.6,8.6,112.2,104.9,4.81,1.6,-3.21,-6,66.7,Juan Yepez,NA,249
660813,2021,2,0,0,93.7,97.2,29.5,98.1,NA,0,0,0,0,0,Brusdar Graterol,NA,2
660821,2021,150,18,16,90.2,107.8,8.7,113.9,106.9,12,10.67,-1.33,-2,11.1,Jesús Sánchez,NA,251
660821,2022,222,22,16,89.4,107.6,10.6,114.7,107.7,9.91,7.21,-2.7,-6,27.3,Jesús Sánchez,NA,343
660821,2023,254,30,27,90,108.8,5.5,114.8,108,11.81,10.63,-1.18,-3,10,Jesús Sánchez,NA,402
660821,2024,350,42,35,92.3,109.8,7.7,117.2,109,12,10,-2,-7,16.7,Jesús Sánchez,NA,537
660821,2025,343,37,28,91.2,108,9,114.8,107.5,10.79,8.16,-2.63,-9,24.3,Jesús Sánchez,NA,497
660821,2026,116,7,4,90.4,105.8,10.7,112.3,105.6,6.03,3.45,-2.58,-3,42.9,Jesús Sánchez,NA,155
660829,2021,92,5,3,85.3,99.1,15.3,110.2,101.5,5.43,3.26,-2.17,-2,40,Hoy Park,NA,150
660829,2022,40,4,2,81.8,102.1,4.1,103.9,102.5,10,5,-5,-2,50,Hoy Park,NA,60
660844,2024,51,1,0,82.5,98.5,6.7,102.1,98.8,1.96,0,-1.96,-1,100,Leo Rivas,NA,86
660844,2025,66,2,1,85.6,97.9,12.4,104.2,101.2,3.03,1.52,-1.51,-1,50,Leo Rivas,NA,111
660844,2026,66,1,0,84.6,96.8,19,100,99.4,1.52,0,-1.52,-1,100,Leo Rivas,NA,120
660853,2018,1,0,0,25.2,25.2,12,25.2,NA,0,0,0,0,0,Enyel De Los Santos,NA,5
661269,2021,26,0,0,63.2,97.8,-16.1,99.5,NA,0,0,0,0,0,Vladimir Gutierrez,NA,42
661388,2021,109,11,11,91.9,107.9,9,114.2,107.2,10.09,10.09,0,0,0,William Contreras,NA,185
661388,2022,231,30,25,90.4,106.5,6.1,115.2,106.5,12.99,10.82,-2.17,-5,16.7,William Contreras,NA,376
661388,2023,412,35,30,91.2,108.8,4.8,113.9,106.5,8.5,7.28,-1.22,-5,14.3,William Contreras,NA,611
661388,2024,459,45,40,92.8,108.5,6.1,118.1,108,9.8,8.71,-1.09,-5,11.1,William Contreras,NA,679
661388,2025,451,27,19,91.1,107.4,7,114.1,105.5,5.99,4.21,-1.78,-8,29.6,William Contreras,NA,659
661388,2026,158,10,4,90.2,106,10.5,111.9,104.7,6.33,2.53,-3.8,-6,60,William Contreras,NA,202
661531,2022,145,4,1,83.8,100,12.3,105.8,101.5,2.76,0.69,-2.07,-3,75,Brian Serven,NA,205
661531,2023,13,0,0,86.5,97.5,19,99.3,NA,0,0,0,0,0,Brian Serven,NA,23
661531,2024,42,1,1,82.3,99.8,18.3,105,105,2.38,2.38,0,0,0,Brian Serven,NA,71
662139,2021,218,16,14,86,104.5,17.1,110.9,105.1,7.34,6.42,-0.92,-2,12.5,Daulton Varsho,NA,315
662139,2022,388,39,25,86.1,104.1,13.8,110.3,104.5,10.05,6.44,-3.61,-14,35.9,Daulton Varsho,NA,592
662139,2023,394,29,25,85.7,106.2,19,112.5,105.2,7.36,6.35,-1.01,-4,13.8,Daulton Varsho,NA,581
662139,2024,324,18,13,84.5,103.3,24.2,110.2,103.2,5.56,4.01,-1.55,-5,27.8,Daulton Varsho,NA,513
662139,2025,176,28,21,88.5,107,23,113.9,105.5,15.91,11.93,-3.98,-7,25,Daulton Varsho,NA,271
662139,2026,131,9,3,86.5,103.6,14.8,110.4,104.4,6.87,2.29,-4.58,-6,66.7,Daulton Varsho,NA,183
663330,2021,41,1,1,86.2,101.1,21,107.4,103,2.44,2.44,0,0,0,Jahmai Jones,NA,72
663330,2023,5,1,1,98.7,105.7,21.4,108.6,108.6,20,20,0,0,0,Jahmai Jones,NA,11
663330,2024,27,1,1,83.3,103.9,14.7,109.5,109.5,3.7,3.7,0,0,0,Jahmai Jones,NA,47
663330,2025,97,13,6,91,107.5,19.3,110.8,104.9,13.4,6.19,-7.21,-7,53.8,Jahmai Jones,NA,150
663330,2026,34,4,3,92.7,108.2,13.8,111.7,108.2,11.76,8.82,-2.94,-1,25,Jahmai Jones,NA,60
663368,2023,99,4,3,83.8,100.3,11.6,109.3,102,4.04,3.03,-1.01,-1,25,Blake Perkins,NA,168
663368,2024,281,11,7,86.2,100.7,12,106.8,100.7,3.91,2.49,-1.42,-4,36.4,Blake Perkins,NA,434
663368,2025,107,3,0,87,101,4.2,106,101.1,2.8,0,-2.8,-3,100,Blake Perkins,NA,171
663368,2026,43,2,0,83.1,100,13.6,106.4,104.1,4.65,0,-4.65,-2,100,Blake Perkins,NA,65
663423,2019,3,0,0,88.6,100.9,4,101.4,NA,0,0,0,0,0,Trent Thornton,NA,3
663457,2021,83,4,4,86.9,104.1,9,109.5,105.9,4.82,4.82,0,0,0,Lars Nootbaar,NA,124
663457,2022,224,27,19,90.5,106.4,9.9,113,105.2,12.05,8.48,-3.57,-8,29.6,Lars Nootbaar,NA,347
663457,2023,331,28,21,88.8,106.3,6.6,112.2,104.4,8.46,6.34,-2.12,-7,25,Lars Nootbaar,NA,503
663457,2024,273,26,20,91.4,105.7,5.7,113.5,104.4,9.52,7.33,-2.19,-6,23.1,Lars Nootbaar,NA,405
663457,2025,394,37,21,91,106.1,16.2,113,104.8,9.39,5.33,-4.06,-16,43.2,Lars Nootbaar,NA,583
663460,2021,4,0,0,75.7,94.8,-4.5,96.2,NA,0,0,0,0,0,Kris Bubic,NA,5
663465,2018,1,0,0,82.1,82.1,14,82.1,NA,0,0,0,0,0,Kolby Allard,NA,3
663465,2019,2,0,0,77,87.9,54,90.6,NA,0,0,0,0,0,Kolby Allard,NA,2
663465,2021,1,0,0,85.9,85.9,64,85.9,NA,0,0,0,0,0,Kolby Allard,NA,2
663474,2021,2,0,0,95,99,-6.5,100,NA,0,0,0,0,0,Triston McKenzie,NA,2
663478,2022,7,1,1,88,101.1,34.1,101.7,100,14.29,14.29,0,0,0,Brendon Davis,NA,11
663527,2021,9,1,1,93.5,101.2,33.8,108.5,108.5,11.11,11.11,0,0,0,Tyler Nevin,NA,18
663527,2022,113,4,3,87.3,102.6,17.7,107,103,3.54,2.65,-0.89,-1,25,Tyler Nevin,NA,184
663527,2023,71,5,3,89.3,101.2,13.7,107.6,101.5,7.04,4.23,-2.81,-2,40,Tyler Nevin,NA,111
663527,2024,181,14,8,89.8,102.8,11.2,107.9,102.6,7.73,4.42,-3.31,-6,42.9,Tyler Nevin,NA,278
663531,2019,4,0,0,82.2,92.8,-15.8,96,NA,0,0,0,0,0,Logan Allen,NA,5
663536,2025,14,0,0,91.7,98.5,13.2,104.9,NA,0,0,0,0,0,Tristin English,NA,23
663538,2019,68,1,1,85.6,98,3.9,103.4,102,1.47,1.47,0,0,0,Nico Hoerner,NA,82
663538,2021,125,1,0,86.6,102.1,7.2,107.8,104.3,0.8,0,-0.8,-1,100,Nico Hoerner,NA,170
663538,2022,416,9,2,87.1,101.8,10.4,109.7,102.4,2.16,0.48,-1.68,-7,77.8,Nico Hoerner,NA,517
663538,2023,541,7,4,86.4,101.3,10.5,109.2,100.3,1.29,0.74,-0.55,-3,42.9,Nico Hoerner,NA,688
663538,2024,518,3,1,85.7,100.1,10.3,110.1,101.4,0.58,0.19,-0.39,-2,66.7,Nico Hoerner,NA,641
663538,2025,551,12,3,86.7,100.7,12.5,108.1,100.2,2.18,0.54,-1.64,-9,75,Nico Hoerner,NA,649
663538,2026,180,3,0,85.4,100.1,13.4,105.8,98.7,1.67,0,-1.67,-3,100,Nico Hoerner,NA,227
663550,2023,28,2,1,86.7,108.1,4.7,112.8,105.7,7.14,3.57,-3.57,-1,50,Trey Cabbage,NA,56
663550,2024,52,8,5,91.5,106.9,7.3,113.4,107.6,15.38,9.62,-5.76,-3,37.5,Trey Cabbage,NA,91
663554,2021,1,0,0,83.7,83.7,-32,83.7,NA,0,0,0,0,0,Casey Mize,NA,3
663567,2019,16,0,0,77.8,93.8,4.4,97,NA,0,0,0,0,0,Peter Lambert,NA,34
663567,2021,1,0,0,95.1,95.1,-12,95.1,NA,0,0,0,0,0,Peter Lambert,NA,2
663574,2021,6,0,0,84,98.9,-10.2,100.8,NA,0,0,0,0,0,Tony Santillan,NA,8
663584,2025,52,2,1,85.9,102.5,7,108.2,103.4,3.85,1.92,-1.93,-1,50,Hayden Senger,NA,78
663584,2026,8,0,0,62.9,97.2,-5.1,102.8,NA,0,0,0,0,0,Hayden Senger,NA,10
663586,2019,168,23,23,89.4,106.1,20.6,111.7,105.2,13.69,13.69,0,0,0,Austin Riley,NA,297
663586,2021,427,54,44,90.1,108.2,14.2,114.2,106.5,12.65,10.3,-2.35,-10,18.5,Austin Riley,NA,662
663586,2022,450,67,59,92.5,109,13.1,115.9,107.7,14.89,13.11,-1.78,-8,11.9,Austin Riley,NA,693
663586,2023,474,59,55,92.3,109.3,13.5,116.1,106.5,12.45,11.6,-0.85,-4,6.8,Austin Riley,NA,715
663586,2024,307,45,34,93.3,108.4,15.9,114.7,106.8,14.66,11.07,-3.59,-11,24.4,Austin Riley,NA,469
663586,2025,289,41,29,92.3,109.2,16.8,113.9,107,14.19,10.03,-4.16,-12,29.3,Austin Riley,NA,447
663586,2026,133,13,11,90.9,106.3,17.8,111.5,104.9,9.77,8.27,-1.5,-2,15.4,Austin Riley,NA,208
663604,2024,8,1,1,83.7,102.6,11.6,104.5,101.4,12.5,12.5,0,0,0,Brandon Lockridge,NA,12
663604,2025,103,2,0,84.8,101.7,-0.9,108.1,104.6,1.94,0,-1.94,-2,100,Brandon Lockridge,NA,148
663604,2026,59,1,0,82.5,104.9,-2,110.4,102.5,1.69,0,-1.69,-1,100,Brandon Lockridge,NA,96
663609,2023,55,4,3,93.1,108.8,16.8,111.1,103,7.27,5.45,-1.82,-1,25,Luken Baker,NA,99
663609,2024,31,2,0,91,105.1,16.3,109.3,101.1,6.45,0,-6.45,-2,100,Luken Baker,NA,49
663609,2025,24,2,0,94.5,107,22.1,109.5,106.3,8.33,0,-8.33,-2,100,Luken Baker,NA,41
663609,2026,2,0,0,92.2,103.9,28.5,106.8,NA,0,0,0,0,0,Luken Baker,NA,5
663611,2021,184,2,2,84.9,98.5,1.1,105.4,99.6,1.09,1.09,0,0,0,Nick Madrigal,NA,215
663611,2022,179,0,0,85.1,98.8,-1.1,106.5,NA,0,0,0,0,0,Nick Madrigal,NA,228
663611,2023,251,2,0,84.7,99.3,3.3,106.9,99.8,0.8,0,-0.8,-2,100,Nick Madrigal,NA,294
663611,2024,76,0,0,84.3,97.9,2.5,105.1,NA,0,0,0,0,0,Nick Madrigal,NA,94
663616,2021,158,15,15,90,108,13.1,116,109.5,9.49,9.49,0,0,0,Trevor Larnach,NA,301
663616,2022,105,12,10,90.1,106.4,13.1,112.4,107,11.43,9.52,-1.91,-2,16.7,Trevor Larnach,NA,180
663616,2023,113,12,10,90.1,106.4,17.5,112,107.2,10.62,8.85,-1.77,-2,16.7,Trevor Larnach,NA,212
663616,2024,267,25,21,92,106.8,12.5,113.2,106.3,9.36,7.87,-1.49,-4,16,Trevor Larnach,NA,400
663616,2025,387,26,22,90.9,106.4,10.9,113.3,105.8,6.72,5.68,-1.04,-4,15.4,Trevor Larnach,NA,567
663616,2026,90,6,2,85.7,102.8,10.9,107.4,102.7,6.67,2.22,-4.45,-4,66.7,Trevor Larnach,NA,135
663624,2021,380,44,43,89.1,105.8,16.3,114.6,105,11.58,11.32,-0.26,-1,2.3,Ryan Mountcastle,NA,586
663624,2022,404,59,43,91.3,106.6,15.9,112,105.4,14.6,10.64,-3.96,-16,27.1,Ryan Mountcastle,NA,609
663624,2023,322,36,31,91.4,107,12,114.6,106.2,11.18,9.63,-1.55,-5,13.9,Ryan Mountcastle,NA,470
663624,2024,364,30,26,90.8,107.2,10.4,113.5,105.9,8.24,7.14,-1.1,-4,13.3,Ryan Mountcastle,NA,507
663624,2025,240,28,16,90.7,106.3,9.1,116.7,105.9,11.67,6.67,-5,-12,42.9,Ryan Mountcastle,NA,357
663624,2026,12,0,0,90,108.8,8.8,111,NA,0,0,0,0,0,Ryan Mountcastle,NA,15
663630,2021,97,6,6,85.3,101.8,10.7,107.2,102.7,6.19,6.19,0,0,0,Ryan McKenna,NA,197
663630,2022,103,10,1,84.3,103,15.5,109.1,103.7,9.71,0.97,-8.74,-9,90,Ryan McKenna,NA,172
663630,2023,87,6,3,87.8,105.9,9.1,110.4,101.7,6.9,3.45,-3.45,-3,50,Ryan McKenna,NA,139
663630,2024,9,2,1,84.5,104,27.3,108.2,105.6,22.22,11.11,-11.11,-1,50,Ryan McKenna,NA,15
663647,2021,275,13,11,90.2,105.6,2.6,111,102.6,4.73,4,-0.73,-2,15.4,Ke'Bryan Hayes,NA,396
663647,2022,381,13,12,91,106.8,5.7,113,103.2,3.41,3.15,-0.26,-1,7.7,Ke'Bryan Hayes,NA,560
663647,2023,390,27,20,92.1,105.8,13.1,113.1,103.9,6.92,5.13,-1.79,-7,25.9,Ke'Bryan Hayes,NA,525
663647,2024,292,6,3,88.9,103.9,5.1,110.4,102.4,2.05,1.03,-1.02,-3,50,Ke'Bryan Hayes,NA,396
663647,2025,411,17,8,89,103.6,8.6,109.7,101.2,4.14,1.95,-2.19,-9,52.9,Ke'Bryan Hayes,NA,570
663647,2026,95,8,1,90.5,103.2,16.6,106.6,101.1,8.42,1.05,-7.37,-7,87.5,Ke'Bryan Hayes,NA,128
663656,2018,51,2,2,90.7,103.1,15.6,106.8,101.3,3.92,3.92,0,0,0,Kyle Tucker,NA,72
663656,2019,47,6,6,92,104,16.3,107.7,105.3,12.77,12.77,0,0,0,Kyle Tucker,NA,72
663656,2021,421,48,39,91.2,104.8,17.4,111.1,104,11.4,9.26,-2.14,-9,18.8,Kyle Tucker,NA,567
663656,2022,450,40,29,89.8,104.1,18.9,111.3,104.7,8.89,6.44,-2.45,-11,27.5,Kyle Tucker,NA,609
663656,2023,491,50,42,90.2,104.7,14.9,110.1,104.2,10.18,8.55,-1.63,-8,16,Kyle Tucker,NA,674
663656,2024,225,29,19,91.1,104.3,21.2,108.1,103.1,12.89,8.44,-4.45,-10,34.5,Kyle Tucker,NA,339
663656,2025,416,41,26,90,104,17,108.7,103.5,9.86,6.25,-3.61,-15,36.6,Kyle Tucker,NA,597
663656,2026,138,8,3,89,102.4,16.6,107.2,103.4,5.8,2.17,-3.63,-5,62.5,Kyle Tucker,NA,206
663662,2021,65,5,4,88.7,105.3,11.9,112.6,103.3,7.69,6.15,-1.54,-1,20,Daz Cameron,NA,115
663662,2022,44,4,3,90.4,105.6,17.1,110.4,104.7,9.09,6.82,-2.27,-1,25,Daz Cameron,NA,70
663662,2024,121,10,6,91.1,104.9,8,112.6,103.1,8.26,4.96,-3.3,-4,40,Daz Cameron,NA,186
663662,2025,28,2,1,91.9,106.9,20.5,109.5,108.8,7.14,3.57,-3.57,-1,50,Daz Cameron,NA,42
663697,2021,396,37,33,87.5,104.3,12.9,110.2,105.6,9.34,8.33,-1.01,-4,10.8,Jonathan India,NA,631
663697,2022,290,13,10,84.9,103.5,14.5,111.3,103.5,4.48,3.45,-1.03,-3,23.1,Jonathan India,NA,431
663697,2023,350,25,23,89.5,103.9,15.5,111.4,103.9,7.14,6.57,-0.57,-2,8,Jonathan India,NA,529
663697,2024,416,30,24,86.9,103.8,13.4,110.8,103.9,7.21,5.77,-1.44,-6,20,Jonathan India,NA,637
663697,2025,393,23,12,87.7,104.4,17.2,110.8,103.2,5.85,3.05,-2.8,-11,47.8,Jonathan India,NA,567
663697,2026,35,2,2,85.7,100.7,28.4,105.5,101.4,5.71,5.71,0,0,0,Jonathan India,NA,58
663698,2021,4,0,0,87.1,100.1,25.8,102.2,NA,0,0,0,0,0,Joey Bart,NA,6
663698,2022,148,14,12,86.6,105.5,16.1,114.3,106.4,9.46,8.11,-1.35,-2,14.3,Joey Bart,NA,291
663698,2023,65,4,0,84.9,103.1,14.2,111.4,104.8,6.15,0,-6.15,-4,100,Joey Bart,NA,95
663698,2024,179,18,14,88.1,107.6,10.5,111.5,107.7,10.06,7.82,-2.24,-4,22.2,Joey Bart,NA,282
663698,2025,192,20,12,88.4,106.7,9,113.1,105.9,10.42,6.25,-4.17,-8,40,Joey Bart,NA,332
663698,2026,38,3,2,86.9,105.4,15.1,109.5,106,7.89,5.26,-2.63,-1,33.3,Joey Bart,NA,62
663728,2021,88,4,3,88,104.7,17,113.1,107.2,4.55,3.41,-1.14,-1,25,Cal Raleigh,NA,148
663728,2022,253,38,26,90.9,105.4,22.5,114,105.1,15.02,10.28,-4.74,-12,31.6,Cal Raleigh,NA,415
663728,2023,355,45,40,89.5,106.4,20.3,113.7,106.3,12.68,11.27,-1.41,-5,11.1,Cal Raleigh,NA,569
663728,2024,375,55,42,91,106.4,21.2,113.9,105.5,14.67,11.2,-3.47,-13,23.6,Cal Raleigh,NA,628
663728,2025,411,76,56,91.3,107,25.2,114.7,106.4,18.49,13.63,-4.86,-20,26.3,Cal Raleigh,NA,705
663728,2026,106,13,11,87.5,105.8,23.1,109.9,106.2,12.26,10.38,-1.88,-2,15.4,Cal Raleigh,NA,181
663731,2023,2,1,1,94.2,99.6,15,101,101,50,50,0,0,0,Connor Kaiser,NA,4
663731,2025,13,1,1,77.4,99.9,30.9,103.6,101,7.69,7.69,0,0,0,Connor Kaiser,NA,19
663734,2021,6,0,0,80.7,92.2,-26.7,94.9,NA,0,0,0,0,0,Nick Neidert,NA,12
663743,2021,23,5,3,91.3,105.9,23.9,107.5,102.6,21.74,13.04,-8.7,-2,40,Nick Fortes,NA,34
663743,2022,170,12,9,89.2,104.6,15.4,108.4,103.1,7.06,5.29,-1.77,-3,25,Nick Fortes,NA,240
663743,2023,239,8,5,87.4,102.5,12.5,108.5,101.5,3.35,2.09,-1.26,-3,37.5,Nick Fortes,NA,323
663743,2024,279,4,3,81.9,101.4,13.2,109.2,102.9,1.43,1.08,-0.35,-1,25,Nick Fortes,NA,335
663743,2025,174,7,5,85.5,104.1,11.8,111.3,102.9,4.02,2.87,-1.15,-2,28.6,Nick Fortes,NA,242
663743,2026,97,1,1,87,104.9,4.9,108.9,104,1.03,1.03,0,0,0,Nick Fortes,NA,121
663753,2021,3,0,0,62,83.2,22.3,87,NA,0,0,0,0,0,Reiss Knehr,NA,8
663757,2019,104,6,6,87.6,103.2,15.7,107,102.5,5.77,5.77,0,0,0,Trent Grisham,NA,183
663757,2021,348,18,15,87.5,103.1,11.6,109.4,102.8,5.17,4.31,-0.86,-3,16.7,Trent Grisham,NA,527
663757,2022,309,22,17,84.5,104.2,12.3,111.1,105,7.12,5.5,-1.62,-5,22.7,Trent Grisham,NA,524
663757,2023,318,34,27,88.1,104.7,17,112.3,105,10.69,8.49,-2.2,-7,20.6,Trent Grisham,NA,555
663757,2024,126,15,11,87.8,103.2,17.1,107.7,102.4,11.9,8.73,-3.17,-4,26.7,Trent Grisham,NA,209
663757,2025,358,47,33,90.6,105.1,16.2,109.8,103.9,13.13,9.22,-3.91,-14,29.8,Trent Grisham,NA,581
663757,2026,122,15,5,91.4,104.5,17.3,111.6,102.5,12.3,4.1,-8.2,-10,66.7,Trent Grisham,NA,187
663765,2021,11,0,0,78.6,101.2,-24.7,103.5,NA,0,0,0,0,0,Jake Woodford,NA,20
663776,2021,2,0,0,89.8,97.2,-32.5,99.1,NA,0,0,0,0,0,Patrick Sandoval,NA,4
663796,2023,26,1,0,82.5,98.4,19.7,100.4,98.3,3.85,0,-3.85,-1,100,Coco Montes,NA,41
663796,2025,7,0,0,90.2,104.7,-3.7,105.2,NA,0,0,0,0,0,Coco Montes,NA,10
663799,2021,30,2,1,82.5,103.3,27,107.4,102.6,6.67,3.33,-3.34,-1,50,Curtis Terry,NA,48
663837,2021,52,2,2,91.5,107.7,6.2,111.5,108,3.85,3.85,0,0,0,Matt Vierling,NA,77
663837,2022,261,13,9,91,105.7,11.8,112.1,103.4,4.98,3.45,-1.53,-4,30.8,Matt Vierling,NA,357
663837,2023,364,15,13,88.8,105.2,8.7,113,104.5,4.12,3.57,-0.55,-2,13.3,Matt Vierling,NA,530
663837,2024,399,28,16,89.4,104.9,11.5,111.2,104.9,7.02,4.01,-3.01,-12,42.9,Matt Vierling,NA,567
663837,2025,66,7,5,92.2,103.6,20.3,107.8,103,10.61,7.58,-3.03,-2,28.6,Matt Vierling,NA,100
663837,2026,101,5,3,87.6,103.2,15.8,106.9,101.3,4.95,2.97,-1.98,-2,40,Matt Vierling,NA,137
663845,2021,28,1,1,88.4,103.6,10.2,107.8,107.8,3.57,3.57,0,0,0,Alfonso Rivas III,NA,49
663845,2022,165,7,6,85.8,103.3,4.1,108,103.3,4.24,3.64,-0.6,-1,14.3,Alfonso Rivas III,NA,287
663845,2023,75,4,4,87.7,104.1,11.1,107.2,103,5.33,5.33,0,0,0,Alfonso Rivas III,NA,123
663853,2021,20,2,2,87.1,107.2,-1.1,109.4,108,10,10,0,0,0,Romy Gonzalez,NA,33
663853,2022,66,6,5,90.4,106.8,3.5,110.5,105.2,9.09,7.58,-1.51,-1,16.7,Romy Gonzalez,NA,109
663853,2023,59,7,6,89.5,106.9,5.3,112.8,106.2,11.86,10.17,-1.69,-1,14.3,Romy Gonzalez,NA,97
663853,2024,145,12,9,91,107.8,3.8,112.3,106.9,8.28,6.21,-2.07,-3,25,Romy Gonzalez,NA,216
663853,2025,238,30,19,93.3,107.6,5.5,112.6,106,12.61,7.98,-4.63,-11,36.7,Romy Gonzalez,NA,341
663886,2021,279,13,10,88.4,102.4,7.4,106.6,102.6,4.66,3.58,-1.08,-3,23.1,Tyler Stephenson,NA,402
663886,2022,121,7,4,87.1,100.9,11.1,106.1,101.8,5.79,3.31,-2.48,-3,42.9,Tyler Stephenson,NA,183
663886,2023,330,23,15,89.4,103.6,9,111.1,102.9,6.97,4.55,-2.42,-8,34.8,Tyler Stephenson,NA,517
663886,2024,341,28,19,90.2,104.3,10.9,111,103.5,8.21,5.57,-2.64,-9,32.1,Tyler Stephenson,NA,515
663886,2025,186,26,15,90.5,104.2,12.9,107.9,103.4,13.98,8.06,-5.92,-11,42.3,Tyler Stephenson,NA,342
663886,2026,81,8,6,90.8,103.2,22.7,107,103.2,9.88,7.41,-2.47,-2,25,Tyler Stephenson,NA,141
663897,2021,75,0,0,80.8,102.8,1.3,106.9,NA,0,0,0,0,0,Luke Williams,NA,108
663897,2022,83,3,2,81.4,100.9,16.8,105.7,101.4,3.61,2.41,-1.2,-1,33.3,Luke Williams,NA,136
663897,2023,12,0,0,83.2,95.6,14.8,98.2,NA,0,0,0,0,0,Luke Williams,NA,19
663897,2024,34,1,1,87.8,99.8,15.6,104.6,102,2.94,2.94,0,0,0,Luke Williams,NA,52
663897,2025,22,1,0,84.3,100.5,15.6,103.3,98.7,4.55,0,-4.55,-1,100,Luke Williams,NA,34
663898,2019,49,2,2,86.9,102.4,7.2,111.1,105.2,4.08,4.08,0,0,0,Brendan Rodgers,NA,81
663898,2021,303,19,17,88.8,105.2,6.3,111.8,104.8,6.27,5.61,-0.66,-2,10.5,Brendan Rodgers,NA,415
663898,2022,428,29,19,90,105.4,4.6,112.2,103.8,6.78,4.44,-2.34,-10,34.5,Brendan Rodgers,NA,581
663898,2023,136,13,8,88.3,103.8,5.5,111,102.1,9.56,5.88,-3.68,-5,38.5,Brendan Rodgers,NA,192
663898,2024,370,20,16,89.1,105.7,5,111.1,105.4,5.41,4.32,-1.09,-4,20,Brendan Rodgers,NA,539
663898,2025,70,9,8,90.5,106.1,10.7,112.2,106.2,12.86,11.43,-1.43,-1,11.1,Brendan Rodgers,NA,128
663905,2021,15,3,3,96.2,105,17.9,105.9,103.1,20,20,0,0,0,Travis Blankenhorn,NA,24
663905,2022,2,0,0,86.2,88,3.5,88.5,NA,0,0,0,0,0,Travis Blankenhorn,NA,3
663905,2023,25,1,1,92.3,105,6.2,107,104.2,4,4,0,0,0,Travis Blankenhorn,NA,37
663905,2024,22,0,0,86.7,102.8,4.9,107.1,NA,0,0,0,0,0,Travis Blankenhorn,NA,32
663911,2022,17,2,1,89.1,104.3,7.9,112.8,106.8,11.76,5.88,-5.88,-1,50,Nick Plummer,NA,31
663967,2023,12,0,0,85.9,92.4,17,103,NA,0,0,0,0,0,César Salazar,NA,19
663967,2024,22,0,0,82.9,95,16.7,99.6,NA,0,0,0,0,0,César Salazar,NA,32
663967,2025,11,0,0,73.6,95.1,4.6,97.9,NA,0,0,0,0,0,César Salazar,NA,16
663967,2026,10,0,0,85.7,97.5,6.2,101.3,NA,0,0,0,0,0,César Salazar,NA,13
663968,2025,335,6,4,86.8,102,-0.2,108.3,103.4,1.79,1.19,-0.6,-2,33.3,Jake Mangum,NA,428
663968,2026,61,0,0,79.4,98.3,0,104.2,NA,0,0,0,0,0,Jake Mangum,NA,91
663978,2019,23,0,0,84,100.3,-7.9,104.4,NA,0,0,0,0,0,Chris Paddack,NA,46
663978,2021,14,0,0,61.8,99.4,-31.2,101,NA,0,0,0,0,0,Chris Paddack,NA,42
663993,2019,104,11,12,91.3,108,13,114.3,107.4,10.58,11.54,0.96,1,-9.1,Nathaniel Lowe,NA,169
663993,2021,398,36,31,90.8,106.3,5,113.9,105.4,9.05,7.79,-1.26,-5,13.9,Nathaniel Lowe,NA,642
663993,2022,445,43,33,90.1,106.7,8.1,113,106.6,9.66,7.42,-2.24,-10,23.3,Nathaniel Lowe,NA,645
663993,2023,461,26,24,89.8,106.1,7.3,111.2,104.4,5.64,5.21,-0.43,-2,7.7,Nathaniel Lowe,NA,724
663993,2024,363,19,12,88.9,105.8,8.2,111.8,104.4,5.23,3.31,-1.92,-7,36.8,Nathaniel Lowe,NA,565
663993,2025,383,26,19,89,105.1,10.9,111.7,105.2,6.79,4.96,-1.83,-7,26.9,Nathaniel Lowe,NA,609
663993,2026,71,10,6,90.1,107.4,13.1,112.7,105.7,14.08,8.45,-5.63,-4,40,Nathaniel Lowe,NA,115
664011,2021,2,0,0,83.8,92.4,-29.5,94.5,NA,0,0,0,0,0,Trey Amburgey,NA,4
664023,2017,240,30,33,88.1,107.2,13.1,114.2,106.2,12.5,13.75,1.25,3,-10,Ian Happ,NA,413
664023,2018,222,27,27,90,104.9,14,110.5,104.8,12.16,12.16,0,0,0,Ian Happ,NA,462
664023,2019,101,14,14,89.8,104.7,16,112.7,104.8,13.86,13.86,0,0,0,Ian Happ,NA,156
664023,2021,308,33,26,88.9,104.8,9.5,112.1,105.1,10.71,8.44,-2.27,-7,21.2,Ian Happ,NA,535
664023,2022,424,27,21,89.6,105.1,10.7,113.9,105.1,6.37,4.95,-1.42,-6,22.2,Ian Happ,NA,641
664023,2023,431,39,32,89.7,104.1,13,112.6,104.6,9.05,7.42,-1.63,-7,17.9,Ian Happ,NA,691
664023,2024,402,45,36,90.6,106.2,15.1,114,104.8,11.19,8.96,-2.23,-9,20,Ian Happ,NA,657
664023,2025,422,42,31,89.9,105.7,16.2,112,104.8,9.95,7.35,-2.6,-11,26.2,Ian Happ,NA,663
664023,2026,106,17,12,90.3,107.2,15.8,111.5,105.7,16.04,11.32,-4.72,-5,29.4,Ian Happ,NA,215
664028,2018,3,0,0,82.9,87.9,-19.3,89.1,NA,0,0,0,0,0,Brett Kennedy,NA,9
664029,2022,52,6,4,90.2,102.4,11.8,109.1,101.6,11.54,7.69,-3.85,-2,33.3,Mark Mathias,NA,91
664029,2023,47,0,0,83.6,99.9,1.3,104,NA,0,0,0,0,0,Mark Mathias,NA,72
664034,2019,136,7,8,88.9,103.8,15.1,110.4,103.9,5.15,5.88,0.73,1,-14.3,Ty France,NA,201
664034,2021,470,32,28,88.5,104.1,11,111.1,104.3,6.81,5.96,-0.85,-4,12.5,Ty France,NA,650
664034,2022,457,24,17,87.6,104.3,10.2,110.4,103.6,5.25,3.72,-1.53,-7,29.2,Ty France,NA,613
664034,2023,469,26,20,87.5,104.5,13.7,112.7,106.1,5.54,4.26,-1.28,-6,23.1,Ty France,NA,665
664034,2024,370,26,20,88.7,103.9,12.9,111.1,105,7.03,5.41,-1.62,-6,23.1,Ty France,NA,535
664034,2025,363,27,17,89.5,105.2,10.5,110.5,104.3,7.44,4.68,-2.76,-10,37,Ty France,NA,490
664034,2026,63,9,5,90.6,105.7,9.6,109.6,104.8,14.29,7.94,-6.35,-4,44.4,Ty France,NA,82
664040,2018,91,10,9,89.9,104.3,14.3,111,105.2,10.99,9.89,-1.1,-1,10,Brandon Lowe,NA,148
664040,2019,183,27,30,91.3,105.1,19,114.3,105.3,14.75,16.39,1.64,3,-11.1,Brandon Lowe,NA,327
664040,2021,371,49,42,89,105.9,16.5,111.2,105.6,13.21,11.32,-1.89,-7,14.3,Brandon Lowe,NA,615
664040,2022,175,17,12,89.1,105,16.4,112.2,106.6,9.71,6.86,-2.85,-5,29.4,Brandon Lowe,NA,266
664040,2023,261,27,25,91.4,105.6,16,110.7,105.2,10.34,9.58,-0.76,-2,7.4,Brandon Lowe,NA,436
664040,2024,275,33,27,89.8,106,14.5,111,105.1,12,9.82,-2.18,-6,18.2,Brandon Lowe,NA,425
664040,2025,362,45,36,91.1,106.4,15.2,112.6,105.4,12.43,9.94,-2.49,-9,20,Brandon Lowe,NA,553
664040,2026,125,15,13,89.6,105.1,17,111.1,106.6,12,10.4,-1.6,-2,13.3,Brandon Lowe,NA,193
664041,2019,31,1,1,87.9,105.2,1,106.8,104.2,3.23,3.23,0,0,0,Jaylin Davis,NA,47
664041,2021,8,0,0,89.9,107.6,3.1,111.7,NA,0,0,0,0,0,Jaylin Davis,NA,9
664041,2022,13,0,0,88.2,104.6,7.1,108.1,NA,0,0,0,0,0,Jaylin Davis,NA,27
664045,2019,2,0,0,83,84.2,77,84.5,NA,0,0,0,0,0,Thomas Eshelman,NA,2
664045,2021,1,0,0,57.3,57.3,-77,57.3,NA,0,0,0,0,0,Thomas Eshelman,NA,1
664056,2017,60,6,6,87.1,103.7,9.5,108.5,100.8,10,10,0,0,0,Harrison Bader,NA,92
664056,2018,254,17,17,87.1,104.1,13.7,113.6,104.1,6.69,6.69,0,0,0,Harrison Bader,NA,427
664056,2019,225,21,22,88,106.1,15,111.2,105.6,9.33,9.78,0.45,1,-4.8,Harrison Bader,NA,406
664056,2021,284,19,14,86.2,103.8,13.3,111.5,104.9,6.69,4.93,-1.76,-5,26.3,Harrison Bader,NA,401
664056,2022,232,7,4,83.4,101.7,16.7,109.6,103.6,3.02,1.72,-1.3,-3,42.9,Harrison Bader,NA,313
664056,2023,264,14,12,85.5,103.2,17.3,110.2,103.9,5.3,4.55,-0.75,-2,14.3,Harrison Bader,NA,344
664056,2024,313,20,16,87.2,103.4,11.9,111.7,104.1,6.39,5.11,-1.28,-4,20,Harrison Bader,NA,437
664056,2025,313,26,16,87.2,106.3,12.7,112.3,104.8,8.31,5.11,-3.2,-10,38.5,Harrison Bader,NA,501
664056,2026,59,4,3,88.6,102.6,12,109.3,103.7,6.78,5.08,-1.7,-1,25,Harrison Bader,NA,87
664057,2017,38,0,0,83.3,101.4,0.6,104.2,NA,0,0,0,0,0,Andrew Stevenson,NA,66
664057,2018,50,2,2,89,103.7,7.6,105.9,100.4,4,4,0,0,0,Andrew Stevenson,NA,86
664057,2019,18,2,2,84.6,102.6,12.1,103,101.1,11.11,11.11,0,0,0,Andrew Stevenson,NA,37
664057,2021,134,8,8,87.3,104.6,5.9,109.3,104.3,5.97,5.97,0,0,0,Andrew Stevenson,NA,213
664057,2023,29,0,0,84.1,100.1,-0.4,104.9,NA,0,0,0,0,0,Andrew Stevenson,NA,40
664058,2018,252,1,1,83.6,98.1,13.1,103.7,98.9,0.4,0.4,0,0,0,David Fletcher,NA,307
664058,2019,525,1,1,83.7,97.6,9.9,104.5,103.3,0.19,0.19,0,0,0,David Fletcher,NA,653
664058,2021,571,0,0,81.5,96.8,7.5,107.9,NA,0,0,0,0,0,David Fletcher,NA,665
664058,2022,201,0,0,80.5,94.4,14.4,99,NA,0,0,0,0,0,David Fletcher,NA,228
664058,2023,80,0,0,81.3,98.4,8.6,102.7,NA,0,0,0,0,0,David Fletcher,NA,97
664058,2024,8,0,0,80.6,93.1,14,93.1,NA,0,0,0,0,0,David Fletcher,NA,9
664059,2019,1,0,0,70.3,70.3,61,70.3,NA,0,0,0,0,0,Sam Haggerty,NA,4
664059,2021,59,3,3,85.4,104.2,6.3,106.8,103.3,5.08,5.08,0,0,0,Sam Haggerty,NA,94
664059,2022,126,5,4,83.4,102.4,12.3,109,105.1,3.97,3.17,-0.8,-1,20,Sam Haggerty,NA,201
664059,2023,75,1,1,85.2,100.5,11.7,108.2,101.3,1.33,1.33,0,0,0,Sam Haggerty,NA,108
664059,2024,11,0,0,84.3,109.3,5.7,109.9,NA,0,0,0,0,0,Sam Haggerty,NA,16
664059,2025,124,3,2,87.5,103.1,7.1,110.1,104.5,2.42,1.61,-0.81,-1,33.3,Sam Haggerty,NA,182
664059,2026,21,0,0,80.5,93.9,11.1,105.5,NA,0,0,0,0,0,Sam Haggerty,NA,38
664062,2019,9,0,0,87.5,97,13.4,102.3,NA,0,0,0,0,0,Tony Gonsolin,NA,14
664062,2021,10,0,0,79.3,98.3,-24.7,103.2,NA,0,0,0,0,0,Tony Gonsolin,NA,19
664068,2018,323,15,14,86.2,101.9,17.4,109.1,103,4.64,4.33,-0.31,-1,6.7,Scott Kingery,NA,484
664068,2019,313,23,24,88.4,103.6,17.8,111.4,103.7,7.35,7.67,0.32,1,-4.3,Scott Kingery,NA,500
664068,2021,7,0,0,72.5,85,23.9,88.7,NA,0,0,0,0,0,Scott Kingery,NA,19
664068,2025,16,1,0,81.1,100.2,0.4,107.4,98,6.25,0,-6.25,-1,100,Scott Kingery,NA,29
664068,2026,4,0,0,77.1,88.9,31,90.7,NA,0,0,0,0,0,Scott Kingery,NA,4
664074,2021,3,0,0,67.4,88.5,-32,92.3,NA,0,0,0,0,0,Cody Ponce,NA,7
664076,2021,2,0,0,61.8,85.5,-23.5,91.4,NA,0,0,0,0,0,Garrett Cleavinger,NA,3
664119,2019,44,1,1,82.2,98.7,8.5,105.8,100.3,2.27,2.27,0,0,0,Austin Allen,NA,71
664119,2021,5,1,1,94.2,104.9,1.2,106,103.3,20,20,0,0,0,Austin Allen,NA,8
664119,2022,5,0,0,92.7,100.6,25,100.7,NA,0,0,0,0,0,Austin Allen,NA,16
664123,2021,1,0,0,86.2,86.2,34,86.2,NA,0,0,0,0,0,Scott Effross,NA,1
664141,2021,23,0,0,75.5,94.7,-18.4,97,NA,0,0,0,0,0,JT Brubaker,NA,43
664167,2018,10,0,0,84.2,100.1,2.4,100.8,NA,0,0,0,0,0,Blake Trahan,NA,14
664192,2018,12,0,0,83.9,91.5,-21.3,96.3,NA,0,0,0,0,0,Joey Lucchesi,NA,39
664192,2019,11,0,0,82,96.5,-4.4,98.7,NA,0,0,0,0,0,Joey Lucchesi,NA,54
664192,2021,3,0,0,64.7,89,-34,98.9,NA,0,0,0,0,0,Joey Lucchesi,NA,11
664196,2018,1,0,0,92.8,92.8,-12,92.8,NA,0,0,0,0,0,Tanner Anderson,NA,1
664196,2021,1,0,0,51.4,51.4,-54,51.4,NA,0,0,0,0,0,Tanner Anderson,NA,2
664199,2019,13,0,0,84.5,98.1,3.4,101.7,NA,0,0,0,0,0,Taylor Clarke,NA,25
664199,2021,1,0,0,79.8,79.8,1,79.8,NA,0,0,0,0,0,Taylor Clarke,NA,3
664208,2019,2,0,0,74.8,81,2.5,82.5,NA,0,0,0,0,0,Phil Maton,NA,4
664208,2021,1,0,0,90.2,90.2,-22,90.2,NA,0,0,0,0,0,Phil Maton,NA,1
664238,2019,154,10,10,87.9,102.4,18.8,106.4,103,6.49,6.49,0,0,0,Dylan Moore,NA,282
664238,2021,222,18,14,85.4,103.8,19.8,110.3,103.6,8.11,6.31,-1.8,-4,22.2,Dylan Moore,NA,377
664238,2022,132,14,10,86.4,103.5,20.8,110.5,103.2,10.61,7.58,-3.03,-4,28.6,Dylan Moore,NA,255
664238,2023,89,13,11,89,104.9,21.4,109,103.4,14.61,12.36,-2.25,-2,15.4,Dylan Moore,NA,165
664238,2024,251,21,10,88.3,104,22.3,109.1,103.6,8.37,3.98,-4.39,-11,52.4,Dylan Moore,NA,441
664238,2025,140,12,8,84.8,103,21.3,108.6,103,8.57,5.71,-2.86,-4,33.3,Dylan Moore,NA,243
664238,2026,6,0,0,91.3,98.5,41.7,101.3,NA,0,0,0,0,0,Dylan Moore,NA,15
664247,2019,29,5,6,91.6,104.1,25,105.5,102.2,17.24,20.69,3.45,1,-20,Kyle Garlick,NA,53
664247,2021,68,8,8,88.4,106.7,20.1,109.3,106.3,11.76,11.76,0,0,0,Kyle Garlick,NA,107
664247,2022,103,10,8,90.2,105.5,15.1,110.2,105.2,9.71,7.77,-1.94,-2,20,Kyle Garlick,NA,162
664247,2023,17,5,4,92.1,103.6,17.3,108.5,103.9,29.41,23.53,-5.88,-1,20,Kyle Garlick,NA,30
664285,2021,2,0,0,55,55.5,-29,55.6,NA,0,0,0,0,0,Framber Valdez,NA,4
664314,2021,14,1,0,89.3,101.8,5.3,102.3,98.2,7.14,0,-7.14,-1,100,Estevan Florial,NA,25
664314,2022,18,1,1,83.4,100.4,11.2,107.6,107.6,5.56,5.56,0,0,0,Estevan Florial,NA,35
664314,2023,42,1,1,86.2,103.6,17.2,107.6,103.1,2.38,2.38,0,0,0,Estevan Florial,NA,71
664314,2024,58,6,4,87.7,102.8,11.5,110.7,106.2,10.34,6.9,-3.44,-2,33.3,Estevan Florial,NA,111
664334,2022,6,1,0,95.3,105.3,-2,106.1,106.1,16.67,0,-16.67,-1,100,Aaron Whitefield,NA,11
664353,2019,1,0,0,75.1,75.1,-61,75.1,NA,0,0,0,0,0,José Urquidy,NA,4
664353,2021,1,0,0,90.7,90.7,7,90.7,NA,0,0,0,0,0,José Urquidy,NA,4
664641,2017,2,0,0,84.3,85.3,-6.5,85.5,NA,0,0,0,0,0,Aríel Miranda,NA,6
664670,2021,18,0,0,84.8,95.3,4.7,96.6,NA,0,0,0,0,0,Alejo Lopez,NA,23
664670,2022,121,1,1,83.8,99.1,9.4,105.1,102.9,0.83,0.83,0,0,0,Alejo Lopez,NA,156
664670,2023,1,0,0,83.4,83.4,16,83.4,NA,0,0,0,0,0,Alejo Lopez,NA,2
664702,2018,9,1,0,84.2,97.2,10.3,98,98,11.11,0,-11.11,-1,100,Myles Straw,NA,10
664702,2019,84,1,1,84.2,97.2,8.2,102.8,100.2,1.19,1.19,0,0,0,Myles Straw,NA,128
664702,2021,447,5,3,86.4,99.8,12,109.8,101.9,1.12,0.67,-0.45,-2,40,Myles Straw,NA,638
664702,2022,452,3,0,86.7,98.9,9.4,104.8,99.3,0.66,0,-0.66,-3,100,Myles Straw,NA,596
664702,2023,373,2,0,84.8,98.6,8.8,106.2,99.9,0.54,0,-0.54,-2,100,Myles Straw,NA,518
664702,2024,4,0,0,79.5,90.2,23.2,90.5,NA,0,0,0,0,0,Myles Straw,NA,4
664702,2025,229,8,2,84,100.1,12.1,106.3,101.6,3.49,0.87,-2.62,-6,75,Myles Straw,NA,299
664702,2026,65,4,2,84.5,101.8,13.4,107.2,102.6,6.15,3.08,-3.07,-2,50,Myles Straw,NA,87
664728,2021,53,2,2,85.4,103.6,18,111,100.9,3.77,3.77,0,0,0,Kyle Isbel,NA,83
664728,2022,183,10,5,88.9,103.5,10.2,111.2,103.4,5.46,2.73,-2.73,-5,50,Kyle Isbel,NA,278
664728,2023,236,12,9,87.9,103.2,13.4,110.6,103,5.08,3.81,-1.27,-3,25,Kyle Isbel,NA,313
664728,2024,305,12,8,86.2,104.1,7.7,109.6,102.9,3.93,2.62,-1.31,-4,33.3,Kyle Isbel,NA,426
664728,2025,309,4,3,83.7,103.7,5.7,109.5,104.6,1.29,0.97,-0.32,-1,25,Kyle Isbel,NA,409
664728,2026,95,4,1,82.5,103.4,10.6,107.8,101.4,4.21,1.05,-3.16,-3,75,Kyle Isbel,NA,137
664731,2021,15,0,0,82.4,97.5,12.1,103.6,NA,0,0,0,0,0,P.J. Higgins,NA,25
664731,2022,145,5,1,83.8,100.8,7.5,104.3,102.2,3.45,0.69,-2.76,-4,80,P.J. Higgins,NA,229
664731,2026,10,0,0,78.8,91.3,23.7,92.7,NA,0,0,0,0,0,P.J. Higgins,NA,16
664761,2021,271,15,14,92,105.6,5.6,111.6,104.8,5.54,5.17,-0.37,-1,6.7,Alec Bohm,NA,417
664761,2022,486,33,22,90.2,104.8,10.3,110.8,103.7,6.79,4.53,-2.26,-11,33.3,Alec Bohm,NA,631
664761,2023,470,25,18,89.4,104.8,11.1,109.3,104,5.32,3.83,-1.49,-7,28,Alec Bohm,NA,611
664761,2024,472,27,23,90.4,104.2,10.2,110.8,103.4,5.72,4.87,-0.85,-4,14.8,Alec Bohm,NA,606
664761,2025,386,20,16,90.8,104.2,7,109.6,103.4,5.18,4.15,-1.03,-4,20,Alec Bohm,NA,504
664761,2026,143,3,2,89.8,102.8,11.9,108.8,103.1,2.1,1.4,-0.7,-1,33.3,Alec Bohm,NA,186
664770,2023,18,0,0,86.5,100.8,13,102.8,NA,0,0,0,0,0,Nathan Lukes,NA,31
664770,2024,71,2,1,86.5,100.1,12.2,104.3,102.7,2.82,1.41,-1.41,-1,50,Nathan Lukes,NA,91
664770,2025,335,15,8,86.5,102.3,9.9,107.7,102.3,4.48,2.39,-2.09,-7,46.7,Nathan Lukes,NA,438
664770,2026,46,0,0,86.9,102.3,15.7,107.5,NA,0,0,0,0,0,Nathan Lukes,NA,56
664774,2019,47,2,3,88.7,101.2,11.6,106.6,101.7,4.26,6.38,2.12,1,-50,LaMonte Wade Jr.,NA,69
664774,2021,254,25,22,89.1,104.6,18.1,109.3,103.7,9.84,8.66,-1.18,-3,12,LaMonte Wade Jr.,NA,381
664774,2022,169,16,13,87.1,102.6,20.3,109.3,103.7,9.47,7.69,-1.78,-3,18.8,LaMonte Wade Jr.,NA,251
664774,2023,341,29,23,87.1,103.4,16.2,111.5,104.1,8.5,6.74,-1.76,-6,20.7,LaMonte Wade Jr.,NA,519
664774,2024,245,23,18,90.1,105.5,12.5,110.8,105.4,9.39,7.35,-2.04,-5,21.7,LaMonte Wade Jr.,NA,401
664774,2025,154,6,3,89.1,102.4,20.6,108.5,104.6,3.9,1.95,-1.95,-3,50,LaMonte Wade Jr.,NA,242
664789,2021,74,3,3,84.2,102.5,9.5,109.1,105.3,4.05,4.05,0,0,0,Ka'ai Tom,NA,133
664789,2022,1,0,0,96.8,96.8,42,96.8,NA,0,0,0,0,0,Ka'ai Tom,NA,1
664842,2018,3,0,0,77.5,88.2,-3,91.8,NA,0,0,0,0,0,Kevin Kaczmarski,NA,5
664848,2022,2,0,0,90.8,94.2,-12,95,NA,0,0,0,0,0,Donny Sands,NA,4
664850,2021,62,1,1,85.4,97.4,12.1,102.2,101,1.61,1.61,0,0,0,Patrick Mazeika,NA,87
664850,2022,61,2,2,82.2,98.2,13.2,102.2,100.8,3.28,3.28,0,0,0,Patrick Mazeika,NA,72
664854,2019,1,0,0,90.1,90.1,-34,90.1,NA,0,0,0,0,0,Ryan Helsley,NA,3
664869,2018,3,0,0,69.7,75.9,-4.7,77.1,NA,0,0,0,0,0,P.J. Conlon,NA,3
664874,2019,3,0,0,78.7,85.9,21.7,86.1,NA,0,0,0,0,0,Seby Zavala,NA,12
664874,2021,54,5,4,83.6,102.2,14.4,106.6,102.8,9.26,7.41,-1.85,-1,20,Seby Zavala,NA,104
664874,2022,118,9,4,88,100.9,21.3,105.8,102.8,7.63,3.39,-4.24,-5,55.6,Seby Zavala,NA,205
664874,2023,109,6,4,86.4,101.5,14,109.8,103.5,5.5,3.67,-1.83,-2,33.3,Seby Zavala,NA,193
664874,2024,24,1,1,88,103.4,17.5,105.9,105.9,4.17,4.17,0,0,0,Seby Zavala,NA,43
664901,2019,27,0,0,86.4,99.4,12.8,102.2,NA,0,0,0,0,0,Danny Mendick,NA,40
664901,2021,122,2,1,82,101.5,13.5,109.5,101.9,1.64,0.82,-0.82,-1,50,Danny Mendick,NA,186
664901,2022,75,3,1,85.1,99.4,9.3,107.1,102.3,4,1.33,-2.67,-2,66.7,Danny Mendick,NA,106
664901,2023,50,2,1,89.1,100.4,10.9,104.4,99.9,4,2,-2,-1,50,Danny Mendick,NA,69
664901,2024,98,5,4,82.2,99.2,13.2,108.1,102.3,5.1,4.08,-1.02,-1,20,Danny Mendick,NA,141
664913,2019,52,6,6,89,107.3,17.4,111.2,107.7,11.54,11.54,0,0,0,Seth Brown,NA,83
664913,2021,194,25,22,88.9,106,20.9,113.7,105.6,12.89,11.34,-1.55,-3,12,Seth Brown,NA,307
664913,2022,354,44,38,89,107.2,15.8,112.9,106.5,12.43,10.73,-1.7,-6,13.6,Seth Brown,NA,555
664913,2023,245,30,24,90.2,105.6,16.6,113.3,104.6,12.24,9.8,-2.44,-6,20,Seth Brown,NA,378
664913,2024,260,21,18,89.5,106.2,14.3,110.9,105.3,8.08,6.92,-1.16,-3,14.3,Seth Brown,NA,400
664913,2025,42,3,3,87.2,101.2,18.6,111.9,106.3,7.14,7.14,0,0,0,Seth Brown,NA,76
664926,2019,39,1,2,89.7,102.6,24.3,106.6,98.2,2.56,5.13,2.57,1,-100,Nick Dini,NA,64
664954,2023,63,1,1,86.2,99.5,15.1,103.8,99.7,1.59,1.59,0,0,0,Brett Sullivan,NA,86
664954,2024,12,0,0,78.2,97.9,31.5,99.3,NA,0,0,0,0,0,Brett Sullivan,NA,17
664954,2025,4,1,0,98,100.5,20.5,101.2,98.9,25,0,-25,-1,100,Brett Sullivan,NA,9
664954,2026,56,0,0,83.3,99.7,14.5,102.8,NA,0,0,0,0,0,Brett Sullivan,NA,79
664983,2021,36,1,1,78.8,99.9,0.1,109.1,103.6,2.78,2.78,0,0,0,Jake McCarthy,NA,70
664983,2022,248,11,6,85.4,102.5,5.8,108.3,103.7,4.44,2.42,-2.02,-5,45.5,Jake McCarthy,NA,354
664983,2023,217,4,2,83,99.2,5.4,108.5,100.3,1.84,0.92,-0.92,-2,50,Jake McCarthy,NA,312
664983,2024,371,9,6,81.8,100,6.6,106.6,102.9,2.43,1.62,-0.81,-3,33.3,Jake McCarthy,NA,495
664983,2025,170,9,6,81.5,100.4,4.3,110.9,105.1,5.29,3.53,-1.76,-3,33.3,Jake McCarthy,NA,222
664983,2026,85,5,3,79.5,101.1,8.9,107.4,102.7,5.88,3.53,-2.35,-2,40,Jake McCarthy,NA,115
665019,2022,86,5,4,89.4,101.8,17.4,108.9,102.9,5.81,4.65,-1.16,-1,20,Kody Clemens,NA,127
665019,2023,99,6,4,90.4,102.1,15.2,108.9,102.6,6.06,4.04,-2.02,-2,33.3,Kody Clemens,NA,148
665019,2024,85,6,4,89.4,104,19.1,108.4,102.6,7.06,4.71,-2.35,-2,33.3,Kody Clemens,NA,120
665019,2025,258,29,20,90.7,106,15.4,109.8,104.2,11.24,7.75,-3.49,-9,31,Kody Clemens,NA,386
665019,2026,88,12,5,91,105,16.8,107.4,102.8,13.64,5.68,-7.96,-7,58.3,Kody Clemens,NA,140
665052,2024,52,4,4,89.1,107.3,7,112.5,106.7,7.69,7.69,0,0,0,Griffin Conine,NA,89
665052,2025,54,7,3,90.9,107.1,8,117.4,107.9,12.96,5.56,-7.4,-4,57.1,Griffin Conine,NA,86
665052,2026,16,4,3,90.1,109.5,6.4,114.4,106.4,25,18.75,-6.25,-1,25,Griffin Conine,NA,25
665120,2019,44,6,6,91.3,105.5,14,109.7,104.7,13.64,13.64,0,0,0,Jared Walsh,NA,87
665120,2021,379,41,37,89.6,107.5,7.7,114.8,106.2,10.82,9.76,-1.06,-4,9.8,Jared Walsh,NA,585
665120,2022,285,23,17,89.6,105.9,10.4,112.1,105,8.07,5.96,-2.11,-6,26.1,Jared Walsh,NA,454
665120,2023,59,4,3,84.4,104.4,17.1,109.1,105.5,6.78,5.08,-1.7,-1,25,Jared Walsh,NA,116
665120,2024,32,3,2,84.2,106.6,21.6,112.5,106.2,9.38,6.25,-3.13,-1,33.3,Jared Walsh,NA,60
665154,2022,17,1,0,89.4,101.4,-10.5,104.2,98.5,5.88,0,-5.88,-1,100,Ford Proctor,NA,22
665155,2021,80,5,4,86.9,101.7,16,108.8,102.2,6.25,5,-1.25,-1,20,Nick Maton,NA,131
665155,2022,45,3,3,85.5,99.4,16.6,107.3,104.9,6.67,6.67,0,0,0,Nick Maton,NA,85
665155,2023,177,14,8,85.5,101.3,17.5,106.1,101.9,7.91,4.52,-3.39,-6,42.9,Nick Maton,NA,293
665155,2024,3,0,0,92.9,95.4,32.3,95.7,NA,0,0,0,0,0,Nick Maton,NA,5
665155,2025,35,2,1,89,103.2,28.4,109.3,106.8,5.71,2.86,-2.85,-1,50,Nick Maton,NA,63
665161,2022,390,32,18,87.2,105.3,7.9,110.5,104.3,8.21,4.62,-3.59,-14,43.8,Jeremy Peña,NA,558
665161,2023,448,17,13,87.1,103.7,5.5,111.6,103.2,3.79,2.9,-0.89,-4,23.5,Jeremy Peña,NA,634
665161,2024,496,28,19,87.8,103.6,7.4,109.5,103.2,5.65,3.83,-1.82,-9,32.1,Jeremy Peña,NA,650
665161,2025,402,32,19,88.4,104.8,8.6,109.9,103.7,7.96,4.73,-3.23,-13,40.6,Jeremy Peña,NA,543
665161,2026,46,0,0,85.9,102.4,20.7,110,NA,0,0,0,0,0,Jeremy Peña,NA,59
665482,2021,45,3,2,87.2,103.5,5.5,111.4,105.9,6.67,4.44,-2.23,-1,33.3,Gilberto Celestino,NA,62
665482,2022,234,6,4,86.8,102.1,-2.1,107.6,101.5,2.56,1.71,-0.85,-2,33.3,Gilberto Celestino,NA,347
665487,2019,226,30,31,89.8,107.6,7.1,115.9,106.4,13.27,13.72,0.45,1,-3.3,Fernando Tatis Jr.,NA,372
665487,2021,329,69,58,93.7,111,13.6,116.6,107.9,20.97,17.63,-3.34,-11,15.9,Fernando Tatis Jr.,NA,546
665487,2023,437,48,41,91.7,107.2,10.9,113.4,106.1,10.98,9.38,-1.6,-7,14.6,Fernando Tatis Jr.,NA,635
665487,2024,302,41,34,93.5,109.5,10,116.7,107.3,13.58,11.26,-2.32,-7,17.1,Fernando Tatis Jr.,NA,438
665487,2025,464,49,32,93.1,108.6,9.4,113.4,106.4,10.56,6.9,-3.66,-17,34.7,Fernando Tatis Jr.,NA,691
665487,2026,136,13,6,90.6,108.6,1.1,113.5,104.9,9.56,4.41,-5.15,-7,53.8,Fernando Tatis Jr.,NA,206
665489,2019,375,26,30,89.4,108.9,6.7,118.9,106.6,6.93,8,1.07,4,-15.4,Vladimir Guerrero Jr.,NA,514
665489,2021,493,70,67,95.1,112.7,9.4,117.4,109.2,14.2,13.59,-0.61,-3,4.3,Vladimir Guerrero Jr.,NA,698
665489,2022,521,56,42,92.8,111,4.3,118.4,109,10.75,8.06,-2.69,-14,25,Vladimir Guerrero Jr.,NA,706
665489,2023,506,56,45,92.1,109.1,10.5,116.7,108.2,11.07,8.89,-2.18,-11,19.6,Vladimir Guerrero Jr.,NA,682
665489,2024,522,67,51,93.8,110.4,7.5,117.6,107.9,12.84,9.77,-3.07,-16,23.9,Vladimir Guerrero Jr.,NA,697
665489,2025,496,56,35,92,110.3,8.3,120.4,107,11.29,7.06,-4.23,-21,37.5,Vladimir Guerrero Jr.,NA,680
665489,2026,158,11,7,90.5,108.9,8.3,116,108.4,6.96,4.43,-2.53,-4,36.4,Vladimir Guerrero Jr.,NA,207
665506,2021,40,2,2,76.3,101,4.4,104.7,102.2,5,5,0,0,0,Cristian Pache,NA,68
665506,2022,173,5,2,88,104.3,3,108.6,101,2.89,1.16,-1.73,-3,60,Cristian Pache,NA,260
665506,2023,58,4,4,86,104,7.9,108.2,103.8,6.9,6.9,0,0,0,Cristian Pache,NA,95
665506,2024,102,4,3,88.2,103,9.1,109.2,103.7,3.92,2.94,-0.98,-1,25,Cristian Pache,NA,183
665561,2021,42,0,0,83.8,98.8,17.5,103,NA,0,0,0,0,0,Rafael Marchán,NA,56
665561,2024,44,4,3,85.1,101,15.1,103.3,102.4,9.09,6.82,-2.27,-1,25,Rafael Marchán,NA,56
665561,2025,90,2,2,84.9,100.8,10.6,108.1,104.2,2.22,2.22,0,0,0,Rafael Marchán,NA,118
665561,2026,46,0,0,85.7,97.8,26.2,103.7,NA,0,0,0,0,0,Rafael Marchán,NA,61
665650,2022,18,1,0,76,98.2,-7.9,103.6,98.2,5.56,0,-5.56,-1,100,Lucius Fox,NA,28
665665,2021,1,0,0,89.8,89.8,-20,89.8,NA,0,0,0,0,0,Reiver Sanmartin,NA,6
665665,2022,1,0,0,74.5,74.5,-38,74.5,NA,0,0,0,0,0,Reiver Sanmartin,NA,2
665742,2018,312,31,28,89.8,105.8,5.8,113.7,107.2,9.94,8.97,-0.97,-3,9.7,Juan Soto,NA,494
665742,2019,415,48,52,91.5,106.3,12.2,112.8,105.8,11.57,12.53,0.96,4,-8.3,Juan Soto,NA,659
665742,2021,413,52,48,93,109.4,5.8,116.6,108,12.59,11.62,-0.97,-4,7.7,Juan Soto,NA,654
665742,2022,428,51,43,90.9,107.2,8.9,113.2,106.3,11.92,10.05,-1.87,-8,15.7,Juan Soto,NA,664
665742,2023,444,58,48,92.7,108.3,6.3,115.3,106.3,13.06,10.81,-2.25,-10,17.2,Juan Soto,NA,708
665742,2024,460,85,66,93.5,110,10.1,115.7,107.7,18.48,14.35,-4.13,-19,22.4,Juan Soto,NA,713
665742,2025,446,77,61,93.3,108,11.4,115,106.8,17.26,13.68,-3.58,-16,20.8,Juan Soto,NA,715
665742,2026,104,19,12,92.4,107.1,15.2,114.2,106.2,18.27,11.54,-6.73,-7,36.8,Juan Soto,NA,148
665750,2021,115,6,4,84.7,102.9,5,109.5,102.4,5.22,3.48,-1.74,-2,33.3,Leody Taveras,NA,185
665750,2022,229,9,7,87.2,103.9,10.8,112.9,102.3,3.93,3.06,-0.87,-2,22.2,Leody Taveras,NA,341
665750,2023,401,27,19,89.6,105.4,9.8,112.2,103.8,6.73,4.74,-1.99,-8,29.6,Leody Taveras,NA,554
665750,2024,371,21,14,88.1,104.7,14.1,110.1,104.2,5.66,3.77,-1.89,-7,33.3,Leody Taveras,NA,529
665750,2025,125,5,3,85,103.2,17.2,111.2,104.5,4,2.4,-1.6,-2,40,Leody Taveras,NA,180
665750,2026,85,4,2,85.6,103.2,15.3,110,104.1,4.71,2.35,-2.36,-2,50,Leody Taveras,NA,131
665759,2021,1,0,0,40,40,-77,40,NA,0,0,0,0,0,Ramón Rosso,NA,1
665782,2024,19,0,0,84.9,102.9,-5.8,106.3,NA,0,0,0,0,0,Luis De Los Santos,NA,31
665795,2021,4,0,0,90.6,99.9,31,102.5,NA,0,0,0,0,0,Edward Cabrera,NA,7
665804,2023,93,7,6,85.8,103.7,17.7,109.7,103.7,7.53,6.45,-1.08,-1,14.3,Miguel Amaya,NA,156
665804,2024,273,11,8,87,104.5,9.5,111.3,104.4,4.03,2.93,-1.1,-3,27.3,Miguel Amaya,NA,363
665804,2025,76,4,3,85.7,100.8,18.4,108.1,103.6,5.26,3.95,-1.31,-1,25,Miguel Amaya,NA,103
665804,2026,55,4,2,85.5,100,20.3,105.7,102.2,7.27,3.64,-3.63,-2,50,Miguel Amaya,NA,86
665828,2022,112,6,4,86.1,102.7,20.7,107.5,102.2,5.36,3.57,-1.79,-2,33.3,Oswaldo Cabrera,NA,171
665828,2023,231,7,6,85.3,101.9,11.8,106.8,101.8,3.03,2.6,-0.43,-1,14.3,Oswaldo Cabrera,NA,330
665828,2024,241,8,1,87.2,101.2,12,107.2,100,3.32,0.41,-2.91,-7,87.5,Oswaldo Cabrera,NA,326
665828,2025,84,0,0,87,102,9.1,107.5,NA,0,0,0,0,0,Oswaldo Cabrera,NA,122
665833,2021,5,2,2,100.6,113.3,4.6,118.2,111,40,40,0,0,0,Oneil Cruz,NA,9
665833,2022,205,30,24,91.9,111.4,8.3,122.4,109.2,14.63,11.71,-2.92,-6,20,Oneil Cruz,NA,361
665833,2023,24,1,1,89.5,109.1,14.1,115.8,111.1,4.17,4.17,0,0,0,Oneil Cruz,NA,40
665833,2024,362,55,50,95.5,112.7,10.3,121.5,112.1,15.19,13.81,-1.38,-5,9.1,Oneil Cruz,NA,599
665833,2025,300,51,39,95.8,113.8,8.1,122.9,109.9,17,13,-4,-12,23.5,Oneil Cruz,NA,544
665833,2026,121,19,17,95.8,111.8,5.5,119,110.4,15.7,14.05,-1.65,-2,10.5,Oneil Cruz,NA,217
665839,2023,101,10,9,87.5,102.3,10.2,107.1,102.9,9.9,8.91,-0.99,-1,10,Enmanuel Valdez,NA,149
665839,2024,151,13,11,89,104.6,19.4,110.8,105.1,8.61,7.28,-1.33,-2,15.4,Enmanuel Valdez,NA,223
665839,2025,75,5,2,89.8,104.5,15.8,108.5,104.4,6.67,2.67,-4,-3,60,Enmanuel Valdez,NA,102
665856,2024,3,0,0,78.6,84.9,-1,85.7,NA,0,0,0,0,0,Jair Camargo,NA,7
665861,2021,25,0,0,86.6,101.8,13,105.4,NA,0,0,0,0,0,Sebastián Rivero,NA,44
665861,2022,17,1,0,83.6,103.1,11.8,104.5,101.3,5.88,0,-5.88,-1,100,Sebastián Rivero,NA,29
665861,2025,24,2,0,86.9,102.1,15.4,105.3,103.8,8.33,0,-8.33,-2,100,Sebastián Rivero,NA,34
665861,2026,22,0,0,81.6,94.1,14.5,106.3,NA,0,0,0,0,0,Sebastián Rivero,NA,28
665862,2021,324,25,22,89.3,106,8.6,112.1,107.3,7.72,6.79,-0.93,-3,12,Jazz Chisholm Jr.,NA,507
665862,2022,150,22,15,89.6,104,13.9,109.6,103.6,14.67,10,-4.67,-7,31.8,Jazz Chisholm Jr.,NA,241
665862,2023,237,27,23,88.6,106.4,8.4,111.6,106.5,11.39,9.7,-1.69,-4,14.8,Jazz Chisholm Jr.,NA,383
665862,2024,410,38,26,88.9,104.2,10.7,110.1,104.7,9.27,6.34,-2.93,-12,31.6,Jazz Chisholm Jr.,NA,621
665862,2025,319,46,36,88.3,105.4,15.2,112.2,105.8,14.42,11.29,-3.13,-10,21.7,Jazz Chisholm Jr.,NA,531
665862,2026,119,6,5,87.5,103.7,16.9,110.9,106.4,5.04,4.2,-0.84,-1,16.7,Jazz Chisholm Jr.,NA,198
665877,2023,45,0,0,85.6,99.6,7.9,104.5,NA,0,0,0,0,0,José Fermín,NA,61
665877,2024,60,0,0,84.6,101.6,7.7,105.7,NA,0,0,0,0,0,José Fermín,NA,79
665877,2025,51,0,0,83.2,100.1,13.5,105.5,NA,0,0,0,0,0,José Fermín,NA,70
665877,2026,40,0,0,86.4,98.6,29,105.1,NA,0,0,0,0,0,José Fermín,NA,60
665922,2022,6,0,0,79.5,97.7,6.8,103.2,NA,0,0,0,0,0,Símon Muzziotti,NA,9
665923,2022,28,1,1,71.1,96,20.7,100.2,100.2,3.57,3.57,0,0,0,Esteury Ruiz,NA,36
665923,2023,356,8,6,80.3,99.7,9,109.5,103.3,2.25,1.69,-0.56,-2,25,Esteury Ruiz,NA,497
665923,2024,39,3,3,84.9,101,15.2,109.8,106,7.69,7.69,0,0,0,Esteury Ruiz,NA,65
665923,2025,13,1,1,78.7,99,6,106.7,106.7,7.69,7.69,0,0,0,Esteury Ruiz,NA,23
665923,2026,22,1,1,85.4,100.4,25.6,105.1,105.1,4.55,4.55,0,0,0,Esteury Ruiz,NA,35
665926,2021,138,4,4,85.4,103.7,7.8,110.2,105.1,2.9,2.9,0,0,0,Andrés Giménez,NA,210
665926,2022,386,22,19,85.5,102.8,10.7,109.9,104.5,5.7,4.92,-0.78,-3,13.6,Andrés Giménez,NA,557
665926,2023,450,24,19,83.1,102.3,11.9,108.8,104.1,5.33,4.22,-1.11,-5,20.8,Andrés Giménez,NA,616
665926,2024,495,12,9,85.4,101,8.3,109.6,103.1,2.42,1.82,-0.6,-3,25,Andrés Giménez,NA,633
665926,2025,265,8,7,85.6,100.8,10.2,106.6,102.6,3.02,2.64,-0.38,-1,12.5,Andrés Giménez,NA,369
665926,2026,132,4,2,84.9,99.5,10.1,108.9,103.5,3.03,1.52,-1.51,-2,50,Andrés Giménez,NA,169
665953,2024,97,6,4,87.8,103.3,16.6,107.1,102.7,6.19,4.12,-2.07,-2,33.3,Andrés Chaparro,NA,132
665953,2025,45,5,2,86,105.8,16.6,110.6,105.4,11.11,4.44,-6.67,-3,60,Andrés Chaparro,NA,73
665953,2026,8,1,1,95.7,104.3,16.2,105.4,105.4,12.5,12.5,0,0,0,Andrés Chaparro,NA,12
665966,2024,7,0,0,99.7,107,8.7,108.2,NA,0,0,0,0,0,Carlos Narváez,NA,15
665966,2025,296,24,15,90.7,105.8,12.8,111.2,105.7,8.11,5.07,-3.04,-9,37.5,Carlos Narváez,NA,446
665966,2026,66,5,2,89.6,102.4,12.6,109.9,103.2,7.58,3.03,-4.55,-3,60,Carlos Narváez,NA,106
666018,2022,54,3,2,91.1,103.8,6.4,108,103.9,5.56,3.7,-1.86,-1,33.3,Jonathan Aranda,NA,87
666018,2023,57,2,2,89,102.5,8.5,107.6,106.1,3.51,3.51,0,0,0,Jonathan Aranda,NA,103
666018,2024,97,16,12,91.9,105.4,11.1,110.4,104.6,16.49,12.37,-4.12,-4,25,Jonathan Aranda,NA,143
666018,2025,263,32,24,93,106.9,14.5,111.4,105.4,12.17,9.13,-3.04,-8,25,Jonathan Aranda,NA,422
666018,2026,127,13,10,89.6,103.7,14.3,107.5,103.3,10.24,7.87,-2.37,-3,23.1,Jonathan Aranda,NA,208
666023,2022,4,0,0,89.4,97.9,14.8,99.1,NA,0,0,0,0,0,Freddy Fermin,NA,7
666023,2023,171,16,11,89.1,103.3,10.6,106.8,102.8,9.36,6.43,-2.93,-5,31.2,Freddy Fermin,NA,235
666023,2024,276,8,6,86.4,102.2,10.5,108.1,102.9,2.9,2.17,-0.73,-2,25,Freddy Fermin,NA,368
666023,2025,261,9,4,85.9,102.5,11.4,108.3,102.6,3.45,1.53,-1.92,-5,55.6,Freddy Fermin,NA,347
666023,2026,67,0,0,85.3,99.2,14.4,104.3,NA,0,0,0,0,0,Freddy Fermin,NA,100
666120,2021,11,0,0,63.2,99.9,-19.5,100.3,NA,0,0,0,0,0,Ian Anderson,NA,41
666126,2025,76,7,5,89.8,104,16.3,110.8,104.9,9.21,6.58,-2.63,-2,28.6,Carlos Cortes,NA,99
666126,2026,95,9,3,91,104.2,6.7,110.4,102.8,9.47,3.16,-6.31,-6,66.7,Carlos Cortes,NA,125
666128,2022,3,0,0,98.5,102.9,2.3,104,NA,0,0,0,0,0,Mario Feliciano,NA,5
666129,2021,7,0,0,84,96.5,-4.9,101.2,NA,0,0,0,0,0,Braxton Garrett,NA,11
666134,2022,55,8,6,88.5,107.5,14.6,111.8,107,14.55,10.91,-3.64,-2,25,Nolan Jones,NA,94
666134,2023,240,38,34,89.6,107.6,9.4,115.3,107.3,15.83,14.17,-1.66,-4,10.5,Nolan Jones,NA,424
666134,2024,169,10,6,87.9,106,7.5,112,106.4,5.92,3.55,-2.37,-4,40,Nolan Jones,NA,297
666134,2025,244,21,12,90,105.1,12.6,112.7,104.7,8.61,4.92,-3.69,-9,42.9,Nolan Jones,NA,403
666135,2021,164,21,18,91,104.4,7,108.4,103.5,12.8,10.98,-1.82,-3,14.3,Alex Kirilloff,NA,231
666135,2022,110,7,5,89.3,103.3,6,108.8,103.3,6.36,4.55,-1.81,-2,28.6,Alex Kirilloff,NA,156
666135,2023,204,15,12,88.6,102.2,12.4,108.7,102.1,7.35,5.88,-1.47,-3,20,Alex Kirilloff,NA,319
666135,2024,115,12,9,91.3,104.6,13.2,107.1,104.5,10.43,7.83,-2.6,-3,25,Alex Kirilloff,NA,178
666137,2021,5,0,0,89.5,100.3,0,100.6,NA,0,0,0,0,0,Khalil Lee,NA,18
666137,2022,2,1,1,82.1,100,-0.5,104.5,104.5,50,50,0,0,0,Khalil Lee,NA,2
666139,2021,1,0,0,43.3,43.3,-63,43.3,NA,0,0,0,0,0,Josh Lowe,NA,2
666139,2022,116,6,6,87.7,102.8,11.1,107.4,103.5,5.17,5.17,0,0,0,Josh Lowe,NA,198
666139,2023,343,37,30,88.8,105.1,14.3,113.3,105.3,10.79,8.75,-2.04,-7,18.9,Josh Lowe,NA,501
666139,2024,232,21,15,90.8,104.9,16.9,109.3,103.9,9.05,6.47,-2.58,-6,28.6,Josh Lowe,NA,387
666139,2025,287,15,12,87.9,103.8,9.2,109.2,105.4,5.23,4.18,-1.05,-3,20,Josh Lowe,NA,435
666139,2026,85,7,6,86.6,103.3,16.6,109.2,104,8.24,7.06,-1.18,-1,14.3,Josh Lowe,NA,130
666149,2023,22,1,1,87.3,100.5,18.2,102.5,102.5,4.55,4.55,0,0,0,Tyler Fitzgerald,NA,34
666149,2024,205,17,13,86.1,102.1,19.5,107.3,103.1,8.29,6.34,-1.95,-4,23.5,Tyler Fitzgerald,NA,341
666149,2025,154,6,1,81.8,100.6,14.3,107,102.1,3.9,0.65,-3.25,-5,83.3,Tyler Fitzgerald,NA,243
666150,2023,73,2,1,88.3,100.9,6.9,108.7,101.8,2.74,1.37,-1.37,-1,50,Dominic Fletcher,NA,102
666150,2024,168,3,0,83.5,99.7,11.2,105.4,99.9,1.79,0,-1.79,-3,100,Dominic Fletcher,NA,241
666150,2025,30,1,1,89.1,103.3,15.8,105.4,102.1,3.33,3.33,0,0,0,Dominic Fletcher,NA,34
666152,2023,23,0,0,89,97.9,17.7,105,NA,0,0,0,0,0,David Hamilton,NA,39
666152,2024,214,11,5,85.8,102.3,14.9,108.8,103.9,5.14,2.34,-2.8,-6,54.5,David Hamilton,NA,317
666152,2025,133,8,4,84.1,102.9,11.9,108.1,104.7,6.02,3.01,-3.01,-4,50,David Hamilton,NA,194
666152,2026,88,2,0,74.8,99.8,3.7,109.9,100.8,2.27,0,-2.27,-2,100,David Hamilton,NA,131
666158,2019,51,3,3,88.8,102.4,13.2,109.8,105.6,5.88,5.88,0,0,0,Gavin Lux,NA,82
666158,2021,254,9,9,89.8,104.9,11.4,109.7,105,3.54,3.54,0,0,0,Gavin Lux,NA,381
666158,2022,328,17,14,88,102.7,6.8,108.1,103.4,5.18,4.27,-0.91,-3,17.6,Gavin Lux,NA,471
666158,2024,329,19,12,88.3,103.2,9,108.7,102.2,5.78,3.65,-2.13,-7,36.8,Gavin Lux,NA,487
666158,2025,333,11,3,88.3,101.2,9.6,106.4,100.6,3.3,0.9,-2.4,-8,72.7,Gavin Lux,NA,503
666160,2021,18,1,1,88.3,101.1,5.4,107.6,103.9,5.56,5.56,0,0,0,Mickey Moniak,NA,37
666160,2022,63,5,5,83.3,104.9,16.7,107.9,104.5,7.94,7.94,0,0,0,Mickey Moniak,NA,112
666160,2023,194,24,21,88.2,105,18.7,110.5,104.7,12.37,10.82,-1.55,-3,12.5,Mickey Moniak,NA,323
666160,2024,278,25,21,87.7,105.4,19.9,112.8,106.1,8.99,7.55,-1.44,-4,16,Mickey Moniak,NA,418
666160,2025,326,44,28,89.6,106,17.2,111.8,104.7,13.5,8.59,-4.91,-16,36.4,Mickey Moniak,NA,461
666160,2026,110,13,11,89.6,105.6,25.1,109.1,104.9,11.82,10,-1.82,-2,15.4,Mickey Moniak,NA,162
666163,2021,62,4,4,82.8,103.4,12,111.4,104,6.45,6.45,0,0,0,Ben Rortvedt,NA,98
666163,2023,49,3,1,88,103.3,16.2,105.7,101.3,6.12,2.04,-4.08,-2,66.7,Ben Rortvedt,NA,79
666163,2024,201,6,4,86,101.6,11.6,109.3,102.4,2.99,1.99,-1,-2,33.3,Ben Rortvedt,NA,328
666163,2025,91,2,1,78.2,99.6,11.9,103.9,100.8,2.2,1.1,-1.1,-1,50,Ben Rortvedt,NA,128
666164,2023,25,0,0,87.1,99,-0.8,105.9,NA,0,0,0,0,0,Blake Rutherford,NA,36
666165,2023,197,21,16,86.4,104.2,13.9,111.6,104.8,10.66,8.12,-2.54,-5,23.8,Blake Sabol,NA,344
666165,2024,23,1,1,90.3,106.5,12.7,110.5,106.9,4.35,4.35,0,0,0,Blake Sabol,NA,38
666165,2025,10,1,0,87.8,104.2,4,105.5,100.1,10,0,-10,-1,100,Blake Sabol,NA,18
666176,2021,99,8,8,85.9,106.9,9.3,113.4,106.9,8.08,8.08,0,0,0,Jo Adell,NA,140
666176,2022,162,16,11,87.1,106.5,16.3,112.2,107.1,9.88,6.79,-3.09,-5,31.2,Jo Adell,NA,285
666176,2023,33,3,3,87.2,107.8,12.6,117.2,108.6,9.09,9.09,0,0,0,Jo Adell,NA,62
666176,2024,279,31,27,89.8,108.7,15.8,115.6,107.1,11.11,9.68,-1.43,-4,12.9,Jo Adell,NA,451
666176,2025,375,60,47,91.7,109,16.2,115.7,107,16,12.53,-3.47,-13,21.7,Jo Adell,NA,573
666176,2026,146,11,7,91.5,108.7,19.3,114.5,107.7,7.53,4.79,-2.74,-4,36.4,Jo Adell,NA,207
666179,2021,6,0,0,88.5,101.7,22.2,102.5,NA,0,0,0,0,0,Seth Beer,NA,10
666179,2022,79,3,3,85.9,101.9,11.7,107.7,103.8,3.8,3.8,0,0,0,Seth Beer,NA,126
666181,2022,37,0,0,83.1,104.1,8.8,107.6,NA,0,0,0,0,0,Will Benson,NA,61
666181,2023,185,18,13,90.2,103.9,14.6,108.1,103.2,9.73,7.03,-2.7,-5,27.8,Will Benson,NA,329
666181,2024,192,21,16,88.8,104.2,17.4,110.7,104.8,10.94,8.33,-2.61,-5,23.8,Will Benson,NA,388
666181,2025,169,26,18,92.4,107.1,16.1,111.4,105.2,15.38,10.65,-4.73,-8,30.8,Will Benson,NA,253
666181,2026,45,5,4,91.7,105.6,25.8,111.9,106.5,11.11,8.89,-2.22,-1,20,Will Benson,NA,93
666182,2019,147,12,12,89.6,105.6,10.3,108,104.6,8.16,8.16,0,0,0,Bo Bichette,NA,212
666182,2021,506,47,43,91.4,107.4,7.3,115.5,105.6,9.29,8.5,-0.79,-4,8.5,Bo Bichette,NA,690
666182,2022,494,42,29,91.9,106.6,8.5,112.4,104.3,8.5,5.87,-2.63,-13,31,Bo Bichette,NA,697
666182,2023,453,44,33,90.2,106.6,6.5,113.4,104.7,9.71,7.28,-2.43,-11,25,Bo Bichette,NA,601
666182,2024,245,10,9,89.2,104.8,7.4,111.2,106.2,4.08,3.67,-0.41,-1,10,Bo Bichette,NA,336
666182,2025,492,38,26,91,105.5,8.2,112.3,105.1,7.72,5.28,-2.44,-12,31.6,Bo Bichette,NA,628
666182,2026,167,10,5,91,105.5,7.7,114.9,104.6,5.99,2.99,-3,-5,50,Bo Bichette,NA,217
666185,2021,396,26,24,87.8,101.7,14.5,109,103.5,6.57,6.06,-0.51,-2,7.7,Dylan Carlson,NA,619
666185,2022,340,15,12,85.6,101.1,12.2,109.2,104,4.41,3.53,-0.88,-3,20,Dylan Carlson,NA,488
666185,2023,173,9,8,89.1,102.1,14.4,109.1,103.1,5.2,4.62,-0.58,-1,11.1,Dylan Carlson,NA,255
666185,2024,163,4,1,86.2,101.3,15.8,107.2,100.4,2.45,0.61,-1.84,-3,75,Dylan Carlson,NA,265
666185,2025,164,10,7,87.7,101.7,17.4,108,104.2,6.1,4.27,-1.83,-3,30,Dylan Carlson,NA,241
666185,2026,2,0,0,84.4,87.4,6.5,88.2,NA,0,0,0,0,0,Dylan Carlson,NA,4
666197,2023,28,3,3,86.3,100.8,13.7,106.5,104.1,10.71,10.71,0,0,0,Grae Kessinger,NA,45
666197,2024,14,0,0,85.1,96.2,11.1,98.9,NA,0,0,0,0,0,Grae Kessinger,NA,25
666198,2019,23,2,2,90.9,101.7,12.4,108.6,101.4,8.7,8.7,0,0,0,Carter Kieboom,NA,43
666198,2021,157,6,6,85.3,103.3,7.5,107.1,103.7,3.82,3.82,0,0,0,Carter Kieboom,NA,249
666198,2023,60,3,3,85.3,102.4,13.7,109.9,103.4,5,5,0,0,0,Carter Kieboom,NA,94
666198,2025,7,0,0,80.7,98.4,13,102.7,NA,0,0,0,0,0,Carter Kieboom,NA,8
666200,2021,10,0,0,66.8,85.6,-21,90,NA,0,0,0,0,0,Jesús Luzardo,NA,20
666205,2021,5,0,0,78.4,94.2,-34.4,96.7,NA,0,0,0,0,0,Kyle Muller,NA,13
666211,2021,83,6,5,84.7,104.1,13.4,109.1,104.5,7.23,6.02,-1.21,-1,16.7,Taylor Trammell,NA,178
666211,2022,71,6,5,86.8,104.6,18.6,112.3,105.6,8.45,7.04,-1.41,-1,16.7,Taylor Trammell,NA,117
666211,2023,24,4,4,91.5,104.6,26.2,109.1,106.3,16.67,16.67,0,0,0,Taylor Trammell,NA,56
666211,2024,4,0,0,82,96.8,31.2,104.1,NA,0,0,0,0,0,Taylor Trammell,NA,8
666211,2025,77,6,4,89,105,12.9,112.2,104.5,7.79,5.19,-2.6,-2,33.3,Taylor Trammell,NA,135
666211,2026,20,1,1,88.6,107.6,2.4,111.8,103.5,5,5,0,0,0,Taylor Trammell,NA,33
666213,2021,26,0,0,88.1,99.3,20.7,105.3,NA,0,0,0,0,0,Colton Welker,NA,40
666310,2022,3,0,0,93.9,102,37.7,104.2,NA,0,0,0,0,0,Bo Naylor,NA,8
666310,2023,145,12,9,87.7,101.9,21.6,109.4,104.9,8.28,6.21,-2.07,-3,25,Bo Naylor,NA,230
666310,2024,235,14,11,88.3,103,19.2,109,102.9,5.96,4.68,-1.28,-3,21.4,Bo Naylor,NA,389
666310,2025,269,24,14,88.4,104.5,20.4,110.6,104.2,8.92,5.2,-3.72,-10,41.7,Bo Naylor,NA,414
666310,2026,63,6,1,89.6,103,19,108.9,102,9.52,1.59,-7.93,-5,83.3,Bo Naylor,NA,90
666397,2023,214,28,21,89.1,104.7,7.8,108.9,103.4,13.08,9.81,-3.27,-7,25,Edouard Julien,NA,408
666397,2024,164,16,12,87.8,103.6,11.8,110.2,103.9,9.76,7.32,-2.44,-4,25,Edouard Julien,NA,301
666397,2025,123,15,7,88.8,105,5.4,110.1,104.1,12.2,5.69,-6.51,-8,53.3,Edouard Julien,NA,208
666397,2026,85,7,5,91.2,102.7,7.7,109.1,103.4,8.24,5.88,-2.36,-2,28.6,Edouard Julien,NA,142
666464,2022,46,3,3,90.5,104.9,8,109.3,105.3,6.52,6.52,0,0,0,Jerar Encarnacion,NA,81
666464,2024,79,11,9,95,109.7,7.4,115,107.1,13.92,11.39,-2.53,-2,18.2,Jerar Encarnacion,NA,119
666464,2025,40,2,2,90.8,106.8,4,112.4,109.6,5,5,0,0,0,Jerar Encarnacion,NA,56
666464,2026,26,1,0,87.5,104.7,5.3,112.3,112.3,3.85,0,-3.85,-1,100,Jerar Encarnacion,NA,35
666560,2016,135,23,23,88.6,107.3,14.3,112.1,105.2,17.04,17.04,0,0,0,ByungHo Park,NA,244
666561,2017,37,2,2,82.7,98.5,13.6,108.5,104.2,5.41,5.41,0,0,0,Jae-Gyun Hwang,NA,57
666624,2022,243,31,27,87.9,106,8.8,112.9,106.2,12.76,11.11,-1.65,-4,12.9,Christopher Morel,NA,425
666624,2023,256,40,32,91.9,108.2,12,113.6,107,15.62,12.5,-3.12,-8,20,Christopher Morel,NA,429
666624,2024,380,37,31,89.2,106.4,14.2,111.4,105.4,9.74,8.16,-1.58,-6,16.2,Christopher Morel,NA,611
666624,2025,169,25,20,91.5,108.2,16.8,115.4,106.8,14.79,11.83,-2.96,-5,20,Christopher Morel,NA,305
666624,2026,31,1,0,89,107.2,22.1,109.4,102,3.23,0,-3.23,-1,100,Christopher Morel,NA,52
666703,2022,3,0,0,79.3,87.3,38.7,88.9,NA,0,0,0,0,0,Eguy Rosario,NA,6
666703,2023,24,2,2,84.9,101.9,14.7,106.5,104.8,8.33,8.33,0,0,0,Eguy Rosario,NA,37
666703,2024,34,5,3,87.5,104.4,12.1,107.7,104.2,14.71,8.82,-5.89,-2,40,Eguy Rosario,NA,57
666801,2021,58,6,6,89,103.8,8.6,112.5,104.8,10.34,10.34,0,0,0,Rodolfo Castro,NA,93
666801,2022,179,11,8,86.5,104.8,10.8,111.6,105.2,6.15,4.47,-1.68,-3,27.3,Rodolfo Castro,NA,278
666801,2023,153,12,9,87.2,104.3,8,111.4,104.1,7.84,5.88,-1.96,-3,25,Rodolfo Castro,NA,256
666906,2023,119,3,2,87.8,101.4,4.7,105.7,104.2,2.52,1.68,-0.84,-1,33.3,Jake Alu,NA,175
666915,2021,262,52,46,92.4,108.5,17.3,115.6,107,19.85,17.56,-2.29,-6,11.5,Bobby Dalbec,NA,453
666915,2022,202,22,19,90.3,105.6,15.2,113.9,105.4,10.89,9.41,-1.48,-3,13.6,Bobby Dalbec,NA,353
666915,2023,21,5,4,92.2,108.8,13.3,113.7,107.5,23.81,19.05,-4.76,-1,20,Bobby Dalbec,NA,53
666915,2024,41,1,0,85,102.4,8.9,107.8,107.3,2.44,0,-2.44,-1,100,Bobby Dalbec,NA,93
666915,2025,11,0,0,84.6,101,22.6,107.1,NA,0,0,0,0,0,Bobby Dalbec,NA,21
666922,2022,9,0,0,93.3,104.3,10.4,105.9,NA,0,0,0,0,0,Ryan Aguilar,NA,26
666931,2021,30,0,0,82,102.5,4,103.7,NA,0,0,0,0,0,Jared Oliva,NA,43
666931,2026,6,0,0,93.7,102.8,13.5,105.4,NA,0,0,0,0,0,Jared Oliva,NA,7
666969,2018,10,0,0,84.2,93.1,14.2,97.7,NA,0,0,0,0,0,Adolis García,NA,17
666969,2021,391,44,40,90.8,104.8,14.6,112.4,105,11.25,10.23,-1.02,-4,9.1,Adolis García,NA,622
666969,2022,426,51,37,91.9,106.8,13.4,113,105.1,11.97,8.69,-3.28,-14,27.5,Adolis García,NA,657
666969,2023,386,61,55,92.1,107.3,15.7,115.1,105.6,15.8,14.25,-1.55,-6,9.8,Adolis García,NA,632
666969,2024,408,47,32,91,106.2,15,116.1,104,11.52,7.84,-3.68,-15,31.9,Adolis García,NA,637
666969,2025,378,43,29,92.1,105.9,16.3,113.6,104.8,11.38,7.67,-3.71,-14,32.6,Adolis García,NA,547
666969,2026,120,7,5,92.3,106.5,14.3,112.1,102.9,5.83,4.17,-1.66,-2,28.6,Adolis García,NA,197
666971,2018,190,14,13,91.1,104.1,11.1,110.7,104.2,7.37,6.84,-0.53,-1,7.1,Lourdes Gurriel Jr.,NA,263
666971,2019,231,23,25,90.4,104.9,14.4,109.6,104.6,9.96,10.82,0.86,2,-8.7,Lourdes Gurriel Jr.,NA,343
666971,2021,401,35,29,89.5,104.4,10.2,110.7,103.4,8.73,7.23,-1.5,-6,17.1,Lourdes Gurriel Jr.,NA,541
666971,2022,372,14,11,90.6,104.1,10.9,109.5,103.3,3.76,2.96,-0.8,-3,21.4,Lourdes Gurriel Jr.,NA,493
666971,2023,449,35,26,89.7,103.5,10.8,108.9,103.3,7.8,5.79,-2.01,-9,25.7,Lourdes Gurriel Jr.,NA,592
666971,2024,417,27,15,88.4,104.3,15.7,110.6,103.6,6.47,3.6,-2.87,-12,44.4,Lourdes Gurriel Jr.,NA,553
666971,2025,432,30,16,87.8,103.2,16.3,109.1,103.8,6.94,3.7,-3.24,-14,46.7,Lourdes Gurriel Jr.,NA,546
666971,2026,70,2,0,86.8,101.3,11.4,105.8,99.8,2.86,0,-2.86,-2,100,Lourdes Gurriel Jr.,NA,96
667297,2021,1,0,0,97.3,97.3,-20,97.3,NA,0,0,0,0,0,Tommy Nance,NA,2
667376,2021,1,0,0,66.9,66.9,-41,66.9,NA,0,0,0,0,0,Miguel Sánchez,NA,1
667428,2024,1,0,0,89.1,89.1,36,89.1,NA,0,0,0,0,0,Grant Koch,NA,8
667452,2023,224,10,6,87.9,104.4,17,111.2,104.2,4.46,2.68,-1.78,-4,40,Corey Julks,NA,323
667452,2024,124,4,3,84.9,102.3,15,108.5,103,3.23,2.42,-0.81,-1,25,Corey Julks,NA,189
667452,2025,10,0,0,85.5,97.8,10.9,99.2,NA,0,0,0,0,0,Corey Julks,NA,13
667463,2021,1,0,0,30.9,30.9,-13,30.9,NA,0,0,0,0,0,John King,NA,1
667472,2023,49,1,0,91.8,106.2,-1.8,109.7,105.1,2.04,0,-2.04,-1,100,Dane Myers,NA,70
667472,2024,61,5,5,89.9,105,11.3,106.4,105.2,8.2,8.2,0,0,0,Dane Myers,NA,108
667472,2025,231,17,11,90.2,103.5,10.8,108.1,102.9,7.36,4.76,-2.6,-6,35.3,Dane Myers,NA,333
667472,2026,46,5,5,87.4,104.2,20,105.6,103.3,10.87,10.87,0,0,0,Dane Myers,NA,83
667498,2019,5,0,0,88.5,100.1,11.2,103.4,NA,0,0,0,0,0,Robert Dugger,NA,11
667670,2021,119,15,13,91,107.7,13.1,111.7,107.9,12.61,10.92,-1.69,-2,13.3,Brent Rooker,NA,213
667670,2022,21,1,1,87.8,101,13.5,108.4,102.4,4.76,4.76,0,0,0,Brent Rooker,NA,36
667670,2023,295,46,38,91.6,106.6,17.6,112.6,105.3,15.59,12.88,-2.71,-8,17.4,Brent Rooker,NA,526
667670,2024,371,61,55,91.9,108.5,18.9,113.4,106.8,16.44,14.82,-1.62,-6,9.8,Brent Rooker,NA,614
667670,2025,473,62,41,90.7,105.8,16.4,113.3,105.5,13.11,8.67,-4.44,-21,33.9,Brent Rooker,NA,699
667670,2026,83,12,9,90.2,106.3,19.5,111.4,106.5,14.46,10.84,-3.62,-3,25,Brent Rooker,NA,142
667690,2025,3,0,0,84.6,98.9,31,100.4,NA,0,0,0,0,0,C.J. Stubbs,NA,3
667727,2022,10,2,1,88.2,102.2,19.5,107.9,100.2,20,10,-10,-1,50,Steele Walker,NA,16
668227,2019,16,1,1,90.7,104.2,5.6,107.8,103.2,6.25,6.25,0,0,0,Randy Arozarena,NA,23
668227,2021,360,27,27,89.7,106.1,7.8,112.6,105.9,7.5,7.5,0,0,0,Randy Arozarena,NA,604
668227,2022,430,33,25,89.9,106.4,9,114.1,105.3,7.67,5.81,-1.86,-8,24.2,Randy Arozarena,NA,645
668227,2023,399,44,34,91.5,106.6,11.1,114.3,105.5,11.03,8.52,-2.51,-10,22.7,Randy Arozarena,NA,654
668227,2024,383,30,25,90.4,105.1,13.2,112.1,104.4,7.83,6.53,-1.3,-5,16.7,Randy Arozarena,NA,648
668227,2025,426,46,35,91.1,106.7,12.9,112.3,105.2,10.8,8.22,-2.58,-11,23.9,Randy Arozarena,NA,709
668227,2026,134,7,4,91,104.3,6.9,113,104.7,5.22,2.99,-2.23,-3,42.9,Randy Arozarena,NA,214
668472,2022,96,11,9,85.2,102.8,18.4,109,103.4,11.46,9.38,-2.08,-2,18.2,Nick Pratto,NA,182
668472,2023,172,12,11,87.5,104.6,13.4,107.6,103.3,6.98,6.4,-0.58,-1,8.3,Nick Pratto,NA,345
668663,2019,2,0,0,67.8,75.5,24.5,77.4,NA,0,0,0,0,0,Tres Barrera,NA,2
668663,2021,69,4,4,82,100,11.2,101.4,100.6,5.8,5.8,0,0,0,Tres Barrera,NA,107
668663,2022,35,0,0,80.5,96.5,19,102.9,NA,0,0,0,0,0,Tres Barrera,NA,53
668663,2023,2,0,0,89.3,93.9,34,95,NA,0,0,0,0,0,Tres Barrera,NA,2
668670,2019,62,3,3,82,100.8,21.2,103.1,102.2,4.84,4.84,0,0,0,Jake Rogers,NA,128
668670,2021,70,7,6,87.4,104.4,24.2,107.3,105.7,10,8.57,-1.43,-1,14.3,Jake Rogers,NA,127
668670,2023,215,26,25,90.1,103.6,14.8,109.1,103.4,12.09,11.63,-0.46,-1,3.8,Jake Rogers,NA,365
668670,2024,212,21,18,89,102.8,15.7,107.1,103.2,9.91,8.49,-1.42,-3,14.3,Jake Rogers,NA,337
668670,2025,87,7,3,88.9,102.5,16.2,109.2,102.5,8.05,3.45,-4.6,-4,57.1,Jake Rogers,NA,142
668670,2026,31,3,1,87.1,101.5,34.7,106.2,104.2,9.68,3.23,-6.45,-2,66.7,Jake Rogers,NA,50
668678,2019,14,0,0,73.8,98,-9.9,100.4,NA,0,0,0,0,0,Zac Gallen,NA,24
668678,2021,23,0,0,62.8,102.4,-25,104.8,NA,0,0,0,0,0,Zac Gallen,NA,42
668683,2019,1,0,0,71.3,71.3,-12,71.3,NA,0,0,0,0,0,Jeremy Walker,NA,1
668709,2022,139,12,8,86.3,101.3,25,107.9,102.1,8.63,5.76,-2.87,-4,33.3,JJ Bleday,NA,238
668709,2023,186,11,8,87.8,103.2,15.2,108.8,105.8,5.91,4.3,-1.61,-3,27.3,JJ Bleday,NA,303
668709,2024,448,35,20,88.3,103.4,18.4,113.3,102.8,7.81,4.46,-3.35,-15,42.9,JJ Bleday,NA,642
668709,2025,217,15,12,88.7,104.2,20.5,109.9,103.4,6.91,5.53,-1.38,-3,20,JJ Bleday,NA,344
668709,2026,64,9,5,91.9,105.7,21.8,112.6,104.1,14.06,7.81,-6.25,-4,44.4,JJ Bleday,NA,92
668715,2022,69,4,3,84.8,101.4,13.6,104.4,102.9,5.8,4.35,-1.45,-1,25,Spencer Steer,NA,108
668715,2023,443,29,25,88.7,103.9,15.6,110.6,103.7,6.55,5.64,-0.91,-4,13.8,Spencer Steer,NA,665
668715,2024,438,23,18,87.9,103.7,17.2,108,103.1,5.25,4.11,-1.14,-5,21.7,Spencer Steer,NA,656
668715,2025,380,26,16,86.8,102,18.5,108.3,102.6,6.84,4.21,-2.63,-10,38.5,Spencer Steer,NA,568
668715,2026,130,19,11,90.2,102.7,18.3,107.2,102.4,14.62,8.46,-6.16,-8,42.1,Spencer Steer,NA,191
668721,2021,10,1,1,89.8,108.6,12.5,108.8,108.6,10,10,0,0,0,Payton Henry,NA,16
668721,2022,20,0,0,79.6,94.2,-7.4,103,NA,0,0,0,0,0,Payton Henry,NA,35
668723,2021,5,0,0,87.6,101.1,3,102.1,NA,0,0,0,0,0,Ryan Vilade,NA,7
668723,2024,35,2,0,84.4,102.4,6.8,107.6,100.3,5.71,0,-5.71,-2,100,Ryan Vilade,NA,49
668723,2025,8,1,0,96.6,106.4,-1.4,109.8,99.1,12.5,0,-12.5,-1,100,Ryan Vilade,NA,15
668723,2026,52,2,2,87.8,103,21.3,108.4,104.7,3.85,3.85,0,0,0,Ryan Vilade,NA,72
668731,2021,294,26,19,86,102.3,13.8,111.8,104,8.84,6.46,-2.38,-7,26.9,Akil Baddoo,NA,461
668731,2022,136,6,2,84.2,102.3,13.8,108.5,102.7,4.41,1.47,-2.94,-4,66.7,Akil Baddoo,NA,225
668731,2023,223,14,14,87.4,104.3,10,111.7,105.4,6.28,6.28,0,0,0,Akil Baddoo,NA,357
668731,2024,47,6,6,91.1,103.8,21,109.3,105.2,12.77,12.77,0,0,0,Akil Baddoo,NA,82
668731,2025,12,0,0,90.3,100.8,9,108.5,NA,0,0,0,0,0,Akil Baddoo,NA,18
668751,2022,162,7,5,89.6,102.6,7,107.3,103.5,4.32,3.09,-1.23,-2,28.6,Cal Mitchell,NA,232
668751,2023,3,0,0,88.1,101.8,3.7,103.3,NA,0,0,0,0,0,Cal Mitchell,NA,5
668752,2024,3,0,0,81.1,97.8,-21.3,104.9,NA,0,0,0,0,0,Duke Ellis,NA,5
668800,2019,39,1,1,88.1,101.6,7.2,108.2,103.4,2.56,2.56,0,0,0,Andrew Knizner,NA,58
668800,2021,122,4,4,87.5,103.2,7.8,108,103,3.28,3.28,0,0,0,Andrew Knizner,NA,185
668800,2022,199,7,5,85.8,102.7,15.2,110.2,102.4,3.52,2.51,-1.01,-2,28.6,Andrew Knizner,NA,293
668800,2023,164,13,13,88.4,105.1,14.2,110.3,104.8,7.93,7.93,0,0,0,Andrew Knizner,NA,241
668800,2024,69,2,1,87.3,103.7,11.9,106.8,102,2.9,1.45,-1.45,-1,50,Andrew Knizner,NA,93
668800,2025,69,1,1,83.4,100.5,15.4,108.1,106.5,1.45,1.45,0,0,0,Andrew Knizner,NA,88
668804,2019,368,25,25,89.5,104.4,9.4,112.1,104.5,6.79,6.79,0,0,0,Bryan Reynolds,NA,546
668804,2021,442,46,43,89.2,106.1,13.3,112.7,105.8,10.41,9.73,-0.68,-3,6.5,Bryan Reynolds,NA,646
668804,2022,403,31,25,90.2,105.2,12,113.2,105.8,7.69,6.2,-1.49,-6,19.4,Bryan Reynolds,NA,614
668804,2023,441,49,41,90.9,105.1,10.9,112.6,104.8,11.11,9.3,-1.81,-8,16.3,Bryan Reynolds,NA,640
668804,2024,467,44,35,89.9,105.6,9.4,111.6,105,9.42,7.49,-1.93,-9,20.5,Bryan Reynolds,NA,692
668804,2025,416,39,28,91.2,106.3,7.3,113.5,105.7,9.38,6.73,-2.65,-11,28.2,Bryan Reynolds,NA,654
668804,2026,129,11,8,90.7,106.1,4.6,109.5,105,8.53,6.2,-2.33,-3,27.3,Bryan Reynolds,NA,213
668820,2021,8,0,0,68.6,86,-31.1,86.3,NA,0,0,0,0,0,Max Kranick,NA,14
668832,2024,81,8,6,89.6,105.5,12.6,111.4,105.8,9.88,7.41,-2.47,-2,25,Kyle McCann,NA,157
668843,2022,44,3,3,87.6,102.4,7.9,108.5,105.2,6.82,6.82,0,0,0,Conner Capel,NA,59
668843,2023,48,0,0,85.4,100.3,11.9,104.6,NA,0,0,0,0,0,Conner Capel,NA,86
668843,2024,6,0,0,87.7,95.7,10.8,97.1,NA,0,0,0,0,0,Conner Capel,NA,8
668845,2024,63,3,2,84.3,100.9,12.6,108.8,102.6,4.76,3.17,-1.59,-1,33.3,Aaron Schunk,NA,98
668845,2025,23,1,0,83.2,99.7,23,102,98.3,4.35,0,-4.35,-1,100,Aaron Schunk,NA,33
668853,2024,28,1,0,83.9,99.2,15.5,103.7,98.6,3.57,0,-3.57,-1,100,Austin Shenton,NA,50
668885,2024,188,1,0,86,99.5,12,108.8,99.3,0.53,0,-0.53,-1,100,Austin Martin,NA,257
668885,2025,127,6,2,85,103.7,8.4,106.8,103.5,4.72,1.57,-3.15,-4,66.7,Austin Martin,NA,181
668885,2026,102,2,2,86.2,100.7,12,105.5,101.9,1.96,1.96,0,0,0,Austin Martin,NA,150
668901,2022,24,2,1,93.3,107.2,13,111.9,104.7,8.33,4.17,-4.16,-1,50,Mark Vientos,NA,41
668901,2023,149,15,14,92.5,107.9,9.5,114.9,107.1,10.07,9.4,-0.67,-1,6.7,Mark Vientos,NA,233
668901,2024,282,38,31,91.2,106.8,11.4,113.2,106.3,13.48,10.99,-2.49,-7,18.4,Mark Vientos,NA,454
668901,2025,313,35,18,91.4,106,11.5,110.4,103.9,11.18,5.75,-5.43,-17,48.6,Mark Vientos,NA,463
668901,2026,116,13,11,90.8,105,13.5,110.2,104.5,11.21,9.48,-1.73,-2,15.4,Mark Vientos,NA,155
668904,2022,35,2,2,90.7,106.1,19.5,114,103.2,5.71,5.71,0,0,0,Royce Lewis,NA,41
668904,2023,162,19,18,90.2,107.4,16.2,114,106.5,11.73,11.11,-0.62,-1,5.3,Royce Lewis,NA,239
668904,2024,223,25,13,86.8,106.2,16.6,111.6,103.9,11.21,5.83,-5.38,-12,48,Royce Lewis,NA,325
668904,2025,298,26,14,89.8,105.2,16.7,113.7,103.8,8.72,4.7,-4.02,-12,46.2,Royce Lewis,NA,403
668904,2026,68,7,4,87.9,104.3,14.6,111.6,103.3,10.29,5.88,-4.41,-3,42.9,Royce Lewis,NA,119
668930,2023,314,9,7,84.1,100.6,11.6,108.3,102.1,2.87,2.23,-0.64,-2,22.2,Brice Turang,NA,448
668930,2024,461,9,6,85.1,100.8,4,107.8,102.1,1.95,1.3,-0.65,-3,33.3,Brice Turang,NA,619
668930,2025,440,33,24,89.2,104.2,8.1,111.2,104.1,7.5,5.45,-2.05,-9,27.3,Brice Turang,NA,659
668930,2026,123,11,10,90.5,105.8,8.3,109.6,106,8.94,8.13,-0.81,-1,9.1,Brice Turang,NA,203
668939,2022,315,25,13,87.9,103.5,15.5,110.9,103.7,7.94,4.13,-3.81,-12,48,Adley Rutschman,NA,470
668939,2023,492,34,25,88.4,104.2,12.6,111.1,104.3,6.91,5.08,-1.83,-9,26.5,Adley Rutschman,NA,687
668939,2024,475,26,15,88.2,102.3,18.8,109.3,103.2,5.47,3.16,-2.31,-11,42.3,Adley Rutschman,NA,638
668939,2025,267,20,11,89.4,104.6,13.7,111.3,104.3,7.49,4.12,-3.37,-9,45,Adley Rutschman,NA,365
668939,2026,103,10,5,88.9,102.9,17.1,110.3,101.7,9.71,4.85,-4.86,-5,50,Adley Rutschman,NA,135
668942,2019,97,4,6,89,101.9,10.3,107.4,101.9,4.12,6.19,2.07,2,-50,Josh Rojas,NA,157
668942,2021,350,17,14,87.9,101.2,8.1,104.6,102.1,4.86,4,-0.86,-3,17.6,Josh Rojas,NA,550
668942,2022,354,14,12,87.3,101.5,10.6,109.1,102.8,3.95,3.39,-0.56,-2,14.3,Josh Rojas,NA,510
668942,2023,239,9,4,86.3,100.5,11.5,105.7,100.9,3.77,1.67,-2.1,-5,55.6,Josh Rojas,NA,350
668942,2024,316,17,9,87.8,101.4,15,108.4,102.3,5.38,2.85,-2.53,-8,47.1,Josh Rojas,NA,476
668942,2025,141,5,0,89.2,102,13,107.8,101.4,3.55,0,-3.55,-5,100,Josh Rojas,NA,211
668952,2022,55,4,4,86.6,99.9,11.7,102.4,101,7.27,7.27,0,0,0,Ryan Kreidler,NA,84
668952,2023,11,0,0,87.3,97.1,13.8,106.1,NA,0,0,0,0,0,Ryan Kreidler,NA,18
668952,2024,40,2,1,79.6,99.4,11.7,105.9,104.7,5,2.5,-2.5,-1,50,Ryan Kreidler,NA,65
668952,2025,21,1,0,83.1,105.2,12.9,106.9,98.9,4.76,0,-4.76,-1,100,Ryan Kreidler,NA,44
668952,2026,20,3,3,91.6,107.1,20,108.9,105.7,15,15,0,0,0,Ryan Kreidler,NA,32
668974,2025,26,0,0,79.1,98.8,-1.3,105.1,NA,0,0,0,0,0,Maverick Handley,NA,47
669003,2022,34,4,3,91.5,104.4,8.1,109.9,104,11.76,8.82,-2.94,-1,25,Garrett Mitchell,NA,68
669003,2023,40,4,2,85.3,104.5,5.5,112.3,107.8,10,5,-5,-2,50,Garrett Mitchell,NA,73
669003,2024,126,11,9,86.5,105.8,2,111,104.7,8.73,7.14,-1.59,-2,18.2,Garrett Mitchell,NA,224
669003,2025,45,3,1,87.8,106.8,8.4,110.8,108.1,6.67,2.22,-4.45,-2,66.7,Garrett Mitchell,NA,78
669003,2026,74,10,6,91.6,108.8,4.9,115.5,106,13.51,8.11,-5.4,-4,40,Garrett Mitchell,NA,153
669004,2022,334,35,24,90.7,104.8,15.3,110.8,104,10.48,7.19,-3.29,-11,31.4,MJ Melendez,NA,534
669004,2023,367,38,28,93.2,105.2,16.9,113.2,104.6,10.35,7.63,-2.72,-10,26.3,MJ Melendez,NA,602
669004,2024,298,25,18,91.1,105.4,14.7,112.9,104.8,8.39,6.04,-2.35,-7,28,MJ Melendez,NA,451
669004,2025,37,3,2,90.9,103.2,25,108.5,105.3,8.11,5.41,-2.7,-1,33.3,MJ Melendez,NA,65
669004,2026,38,6,2,92.8,105.9,15.8,111.9,104.2,15.79,5.26,-10.53,-4,66.7,MJ Melendez,NA,72
669008,2021,5,0,0,87.5,100.1,-8.4,100.9,NA,0,0,0,0,0,Ronnie Dawson,NA,6
669008,2022,1,0,0,102.6,102.6,-3,102.6,NA,0,0,0,0,0,Ronnie Dawson,NA,3
669016,2021,147,14,11,90.8,105.1,7.4,112.7,103.7,9.52,7.48,-2.04,-3,21.4,Brandon Marsh,NA,260
669016,2022,272,19,15,87.6,104.9,10.1,109,104.7,6.99,5.51,-1.48,-4,21.1,Brandon Marsh,NA,461
669016,2023,264,22,17,90.4,104.1,12.1,110.6,104.1,8.33,6.44,-1.89,-5,22.7,Brandon Marsh,NA,472
669016,2024,270,24,18,90.9,105.2,13.5,110.1,104.3,8.89,6.67,-2.22,-6,25,Brandon Marsh,NA,476
669016,2025,275,20,15,90.4,103.7,11.8,111.1,104,7.27,5.45,-1.82,-5,25,Brandon Marsh,NA,425
669016,2026,131,8,4,89.3,103.8,10.9,110.1,103.1,6.11,3.05,-3.06,-4,50,Brandon Marsh,NA,177
669023,2022,19,0,0,82.9,102.5,19.1,103.6,NA,0,0,0,0,0,Jeter Downs,NA,41
669023,2023,4,0,0,76.2,98.8,3.5,99.5,NA,0,0,0,0,0,Jeter Downs,NA,9
669060,2018,2,0,0,88.8,95.8,37.5,97.5,NA,0,0,0,0,0,Bryse Wilson,NA,2
669060,2019,3,0,0,89.9,96.9,-8,99.3,NA,0,0,0,0,0,Bryse Wilson,NA,9
669060,2021,15,0,0,70.1,100,-17.1,103.6,NA,0,0,0,0,0,Bryse Wilson,NA,25
669065,2022,62,7,5,91.1,106.6,16,110.1,104,11.29,8.06,-3.23,-2,28.6,Kyle Stowers,NA,98
669065,2023,18,0,0,87.5,103.1,17.3,105.1,NA,0,0,0,0,0,Kyle Stowers,NA,33
669065,2024,118,11,8,91,105.3,12.3,109.7,104.3,9.32,6.78,-2.54,-3,27.3,Kyle Stowers,NA,209
669065,2025,278,52,35,90.9,108.2,13.9,113.7,106.2,18.71,12.59,-6.12,-17,32.7,Kyle Stowers,NA,457
669065,2026,69,4,3,89.8,104.7,14.4,110.1,103,5.8,4.35,-1.45,-1,25,Kyle Stowers,NA,112
669087,2022,79,7,7,88.9,106.6,9.6,112.9,108.8,8.86,8.86,0,0,0,Sam Huff,NA,132
669087,2023,26,3,3,90.2,107.3,5.5,110.7,107.9,11.54,11.54,0,0,0,Sam Huff,NA,45
669087,2024,1,0,0,72.2,72.2,27,72.2,NA,0,0,0,0,0,Sam Huff,NA,4
669087,2025,29,4,3,89.3,102.7,4.2,104.9,102.5,13.79,10.34,-3.45,-1,25,Sam Huff,NA,58
669087,2026,4,1,0,100.2,104.5,22.5,104.6,104.4,25,0,-25,-1,100,Sam Huff,NA,9
669127,2022,91,9,8,87.3,104,16.9,112.2,105.7,9.89,8.79,-1.1,-1,11.1,Shea Langeliers,NA,153
669127,2023,308,37,33,90.4,107.7,19.3,113.4,105.8,12.01,10.71,-1.3,-4,10.8,Shea Langeliers,NA,490
669127,2024,343,44,37,91.3,107,16.3,113.7,105.1,12.83,10.79,-2.04,-7,15.9,Shea Langeliers,NA,534
669127,2025,382,43,29,90.9,107.8,16.4,114.5,106.5,11.26,7.59,-3.67,-14,32.6,Shea Langeliers,NA,523
669127,2026,140,21,15,92.3,108.3,20.7,114.4,106.7,15,10.71,-4.29,-6,28.6,Shea Langeliers,NA,203
669134,2021,23,0,0,94.6,106.5,15.4,108.9,NA,0,0,0,0,0,Luis Campusano,NA,38
669134,2022,38,2,2,87.7,104,16.4,107.8,103.1,5.26,5.26,0,0,0,Luis Campusano,NA,50
669134,2023,143,10,6,88.5,102.7,13.1,107.6,102,6.99,4.2,-2.79,-4,40,Luis Campusano,NA,174
669134,2024,235,9,6,87.7,102.7,9.9,110.8,103.4,3.83,2.55,-1.28,-3,33.3,Luis Campusano,NA,299
669134,2025,10,0,0,87.8,99.8,-15.9,101.4,NA,0,0,0,0,0,Luis Campusano,NA,27
669134,2026,37,4,2,86.5,105.9,12,110,105,10.81,5.41,-5.4,-2,50,Luis Campusano,NA,58
669137,2024,29,0,0,80.8,95.6,14.9,103.6,NA,0,0,0,0,0,Armando Alvarez,NA,39
669145,2021,1,0,0,88.4,88.4,-61,88.4,NA,0,0,0,0,0,Bruce Zimmermann,NA,4
669160,2019,7,0,0,82.4,96.9,-19.6,98.8,NA,0,0,0,0,0,Dustin May,NA,11
669160,2021,1,0,0,58.2,58.2,-79,58.2,NA,0,0,0,0,0,Dustin May,NA,4
669194,2025,1,0,0,89.8,89.8,-17,89.8,NA,0,0,0,0,0,Ryne Nelson,NA,1
669200,2024,32,0,0,76.8,99,2.2,100.1,NA,0,0,0,0,0,Mason McCoy,NA,57
669200,2025,15,2,0,82.9,100.9,11.2,103.7,100.8,13.33,0,-13.33,-2,100,Mason McCoy,NA,26
669203,2019,6,0,0,84.8,105.6,-18.5,106.9,NA,0,0,0,0,0,Corbin Burnes,NA,8
669203,2021,30,0,0,73.8,96.7,-14.2,97,NA,0,0,0,0,0,Corbin Burnes,NA,59
669208,2024,41,4,4,85.7,104.5,7,107,104.8,9.76,9.76,0,0,0,Ryan Bliss,NA,71
669208,2025,24,3,2,89,103.1,10.2,104,103.4,12.5,8.33,-4.17,-1,33.3,Ryan Bliss,NA,39
669214,2019,3,0,0,83.4,84,-3.3,84.3,NA,0,0,0,0,0,Conner Menez,NA,3
669221,2019,37,3,3,90.7,106.6,7.3,111.1,106.8,8.11,8.11,0,0,0,Sean Murphy,NA,60
669221,2021,281,30,26,89.2,106.4,15.4,112.8,106.1,10.68,9.25,-1.43,-4,13.3,Sean Murphy,NA,448
669221,2022,418,41,29,88.7,106.3,11.5,114,106.5,9.81,6.94,-2.87,-12,29.3,Sean Murphy,NA,612
669221,2023,273,44,34,91.5,108.3,13.1,114.7,107.3,16.12,12.45,-3.67,-10,22.7,Sean Murphy,NA,438
669221,2024,167,15,13,88,106.4,10.5,112.6,107.2,8.98,7.78,-1.2,-2,13.3,Sean Murphy,NA,264
669221,2025,187,24,20,89.1,107.1,10.5,114.4,107,12.83,10.7,-2.13,-4,16.7,Sean Murphy,NA,337
669221,2026,8,0,0,80.3,102.1,1.9,107,NA,0,0,0,0,0,Sean Murphy,NA,14
669222,2019,273,20,21,87.7,102.5,11,107.6,102.4,7.33,7.69,0.36,1,-5,Nick Senzel,NA,414
669222,2021,96,4,3,88.9,102.2,10.5,109.8,100.9,4.17,3.12,-1.05,-1,25,Nick Senzel,NA,124
669222,2022,298,10,7,86.7,101.9,11.1,109.5,102.1,3.36,2.35,-1.01,-3,30,Nick Senzel,NA,420
669222,2023,227,10,8,87.2,102.8,15.3,108.8,101.6,4.41,3.52,-0.89,-2,20,Nick Senzel,NA,330
669222,2024,176,9,7,83.5,100.3,15.1,106.9,103.5,5.11,3.98,-1.13,-2,22.2,Nick Senzel,NA,267
669224,2023,57,7,6,89.5,105.2,13.6,107.8,103.9,12.28,10.53,-1.75,-1,14.3,Austin Wells,NA,75
669224,2024,274,26,19,87.5,103.8,16.2,111.2,103.6,9.49,6.93,-2.56,-7,26.9,Austin Wells,NA,414
669224,2025,294,25,20,90.2,106.2,20.4,111.9,105.1,8.5,6.8,-1.7,-5,20,Austin Wells,NA,448
669224,2026,79,5,1,89.5,105.6,16.1,110.5,101,6.33,1.27,-5.06,-4,80,Austin Wells,NA,136
669234,2024,119,12,8,87.6,102.1,18.7,107.9,103.4,10.08,6.72,-3.36,-4,33.3,Justyn-Henry Malloy,NA,230
669234,2025,74,3,3,86.9,102.5,20.6,111.7,106.8,4.05,4.05,0,0,0,Justyn-Henry Malloy,NA,127
669236,2025,119,9,7,90.6,105,11.4,110.5,103.7,7.56,5.88,-1.68,-2,22.2,Jeremiah Jackson,NA,183
669236,2026,118,10,6,89.1,107.4,6.4,110.9,103.8,8.47,5.08,-3.39,-4,40,Jeremiah Jackson,NA,156
669242,2019,264,13,14,87.3,101.5,14.3,110.1,102.5,4.92,5.3,0.38,1,-7.7,Tommy Edman,NA,349
669242,2021,550,20,16,87,101.9,9,112.9,103.4,3.64,2.91,-0.73,-4,20,Tommy Edman,NA,691
669242,2022,465,24,16,88.4,103.3,8.8,112.8,105.1,5.16,3.44,-1.72,-8,33.3,Tommy Edman,NA,630
669242,2023,400,20,14,88.5,104.1,7.4,111.2,104.7,5,3.5,-1.5,-6,30,Tommy Edman,NA,528
669242,2024,111,4,3,87.6,101,11.4,105.5,101.4,3.6,2.7,-0.9,-1,25,Tommy Edman,NA,153
669242,2025,289,13,10,88,103.4,11.3,108.6,103.7,4.5,3.46,-1.04,-3,23.1,Tommy Edman,NA,377
669256,2019,87,8,8,88.3,104.2,6.3,109,104.9,9.2,9.2,0,0,0,Nick Solak,NA,135
669256,2021,353,22,14,86.4,103.2,6.2,110.6,103.3,6.23,3.97,-2.26,-8,36.4,Nick Solak,NA,511
669256,2022,64,4,4,85,104.8,6.1,111.1,108.5,6.25,6.25,0,0,0,Nick Solak,NA,95
669256,2025,9,0,0,82.6,105,2.7,106,NA,0,0,0,0,0,Nick Solak,NA,11
669257,2019,121,13,13,89.4,103.8,23.7,108.6,102.9,10.74,10.74,0,0,0,Will Smith,NA,196
669257,2021,324,32,28,90.1,103.7,19.3,108.6,103.8,9.88,8.64,-1.24,-4,12.5,Will Smith,NA,501
669257,2022,416,39,27,89.9,104,18.4,109,103.8,9.38,6.49,-2.89,-12,30.8,Will Smith,NA,578
669257,2023,386,26,21,89.3,103.4,15.6,110.8,103.3,6.74,5.44,-1.3,-5,19.2,Will Smith,NA,554
669257,2024,378,39,26,89.4,102.8,18.7,109.1,103.4,10.32,6.88,-3.44,-13,33.3,Will Smith,NA,544
669257,2025,278,31,20,91.3,105.6,18.3,110.1,104.8,11.15,7.19,-3.96,-11,35.5,Will Smith,NA,436
669257,2026,117,16,8,89.7,104.3,20.6,110.8,103.7,13.68,6.84,-6.84,-8,50,Will Smith,NA,161
669261,2022,212,25,16,88.3,106.4,14.2,112.4,105.2,11.79,7.55,-4.24,-9,36,Jack Suwinski,NA,372
669261,2023,279,42,39,90.2,107.2,22.3,114.7,106.5,15.05,13.98,-1.07,-3,7.1,Jack Suwinski,NA,534
669261,2024,169,14,11,88.3,107.2,12.6,111.5,106,8.28,6.51,-1.77,-3,21.4,Jack Suwinski,NA,277
669261,2025,93,11,9,88.8,105.7,16.8,110.5,104.8,11.83,9.68,-2.15,-2,18.2,Jack Suwinski,NA,178
669270,2019,1,0,0,74.8,74.8,-14,74.8,NA,0,0,0,0,0,Joel Kuhnel,NA,1
669288,2021,50,3,3,89.3,103.7,20.5,108,106.1,6,6,0,0,0,Daniel Johnson,NA,81
669288,2024,1,0,0,100.3,100.3,-13,100.3,NA,0,0,0,0,0,Daniel Johnson,NA,1
669288,2025,40,4,2,87.8,105.8,12.3,110,102.7,10,5,-5,-2,50,Daniel Johnson,NA,57
669288,2026,11,0,0,86.8,104.3,15.3,107.2,NA,0,0,0,0,0,Daniel Johnson,NA,17
669289,2021,193,3,1,84.4,99.9,12.5,104.2,101.6,1.55,0.52,-1.03,-2,66.7,Santiago Espinal,NA,246
669289,2022,385,11,4,85.7,101,13.6,107.5,100.8,2.86,1.04,-1.82,-7,63.6,Santiago Espinal,NA,491
669289,2023,197,2,2,86.1,100.6,10.6,106.8,102.4,1.02,1.02,0,0,0,Santiago Espinal,NA,254
669289,2024,311,3,2,85.3,99.3,14.5,105.9,101.2,0.96,0.64,-0.32,-1,33.3,Santiago Espinal,NA,391
669289,2025,268,1,0,85.1,99.5,14.1,107.4,98.4,0.37,0,-0.37,-1,100,Santiago Espinal,NA,328
669289,2026,34,1,0,82.9,100,7.6,101.4,100.8,2.94,0,-2.94,-1,100,Santiago Espinal,NA,39
669294,2021,3,0,0,78.3,83.5,-30.3,85,NA,0,0,0,0,0,Paul Campbell,NA,5
669304,2022,353,20,15,89.3,103.7,13.8,109.4,103.7,5.67,4.25,-1.42,-5,25,Jose Miranda,NA,483
669304,2023,118,5,4,87.9,103.1,10.1,111,102.6,4.24,3.39,-0.85,-1,20,Jose Miranda,NA,152
669304,2024,339,18,11,88.9,103.2,15.5,110.7,104.1,5.31,3.24,-2.07,-7,38.9,Jose Miranda,NA,429
669304,2025,23,1,0,88.5,104.2,6.6,109.7,98.6,4.35,0,-4.35,-1,100,Jose Miranda,NA,36
669326,2024,7,0,0,78.9,94.3,5.9,98.9,NA,0,0,0,0,0,Bryce Teodosio,NA,12
669326,2025,94,3,3,82,101.1,10.7,110.1,104,3.19,3.19,0,0,0,Bryce Teodosio,NA,150
669326,2026,30,2,1,78.5,100.5,3.9,107.2,103.8,6.67,3.33,-3.34,-1,50,Bryce Teodosio,NA,51
669352,2022,116,2,2,77.4,100.8,1.9,107.8,104.2,1.72,1.72,0,0,0,Bubba Thompson,NA,181
669352,2023,38,1,1,75.1,97.5,1.4,104.4,104.4,2.63,2.63,0,0,0,Bubba Thompson,NA,60
669352,2024,7,1,0,85.7,100.9,-9.4,102.3,102.3,14.29,0,-14.29,-1,100,Bubba Thompson,NA,18
669357,2022,180,25,20,89.2,105.4,20,110.6,105.1,13.89,11.11,-2.78,-5,20,Nolan Gorman,NA,313
669357,2023,259,41,37,91,106.3,22.2,112.3,105.8,15.83,14.29,-1.54,-4,9.8,Nolan Gorman,NA,464
669357,2024,215,35,28,88.5,105.6,20.3,111,105.3,16.28,13.02,-3.26,-7,20,Nolan Gorman,NA,402
669357,2025,218,21,18,89,104.6,22,111.6,105.5,9.63,8.26,-1.37,-3,14.3,Nolan Gorman,NA,402
669357,2026,109,10,6,89.6,106.9,20.4,111.9,107.4,9.17,5.5,-3.67,-4,40,Nolan Gorman,NA,178
669364,2023,65,1,0,77.8,95.9,6.8,104.5,104.5,1.54,0,-1.54,-1,100,Xavier Edwards,NA,84
669364,2024,217,3,0,84.3,98,5.9,102.7,99.4,1.38,0,-1.38,-3,100,Xavier Edwards,NA,303
669364,2025,476,3,1,84.5,100.5,7,109,101.6,0.63,0.21,-0.42,-2,66.7,Xavier Edwards,NA,619
669364,2026,164,11,5,87.4,100.5,10.7,105.7,101.5,6.71,3.05,-3.66,-6,54.5,Xavier Edwards,NA,212
669369,2022,11,0,0,82.6,95.2,13.5,96.3,NA,0,0,0,0,0,Bryce Johnson,NA,19
669369,2023,29,1,1,77.7,100.8,4.9,104.8,104.4,3.45,3.45,0,0,0,Bryce Johnson,NA,48
669369,2024,54,0,0,77.2,100.8,-1.5,103.9,NA,0,0,0,0,0,Bryce Johnson,NA,73
669369,2025,60,3,1,79.9,101,5.6,106.7,102.8,5,1.67,-3.33,-2,66.7,Bryce Johnson,NA,84
669369,2026,18,0,0,72,94.4,17.6,96.2,NA,0,0,0,0,0,Bryce Johnson,NA,33
669373,2021,1,0,0,25.1,25.1,23,25.1,NA,0,0,0,0,0,Tarik Skubal,NA,3
669374,2019,200,27,29,91.4,106.9,16.4,112.4,105.7,13.5,14.5,1,2,-7.4,Keston Hiura,NA,348
669374,2021,99,15,13,89.6,106,15,110.2,104.6,15.15,13.13,-2.02,-2,13.3,Keston Hiura,NA,197
669374,2022,123,20,17,91.7,108,16,111,107.8,16.26,13.82,-2.44,-3,15,Keston Hiura,NA,266
669374,2024,17,0,0,82.2,103.6,6.3,107.4,NA,0,0,0,0,0,Keston Hiura,NA,27
669374,2025,11,0,0,81.1,95.9,21.5,105.9,NA,0,0,0,0,0,Keston Hiura,NA,21
669392,2023,39,4,2,84.7,99.6,7.1,104.8,102.7,10.26,5.13,-5.13,-2,50,Samad Taylor,NA,69
669392,2024,4,0,0,75.5,99.4,12,106.5,NA,0,0,0,0,0,Samad Taylor,NA,5
669392,2025,8,0,0,68,95.3,-8.6,100.6,NA,0,0,0,0,0,Samad Taylor,NA,9
669394,2021,23,3,3,98,110.1,9.4,115.2,109,13.04,13.04,0,0,0,Jake Burger,NA,42
669394,2022,112,17,14,90.3,107.8,12.8,114.4,106.3,15.18,12.5,-2.68,-3,17.6,Jake Burger,NA,183
669394,2023,347,55,48,91.9,110.3,12.2,118.2,107.7,15.85,13.83,-2.02,-7,12.7,Jake Burger,NA,540
669394,2024,388,45,39,91.3,108.7,13,115.5,106,11.6,10.05,-1.55,-6,13.3,Jake Burger,NA,579
669394,2025,266,36,27,90.4,108,16.1,114.7,106.3,13.53,10.15,-3.38,-9,25,Jake Burger,NA,376
669394,2026,132,11,8,90.5,108.4,11.8,113.6,106.4,8.33,6.06,-2.27,-3,27.3,Jake Burger,NA,194
669397,2022,242,3,0,81.3,97.9,5.4,104.6,101.6,1.24,0,-1.24,-3,100,Nick Allen,NA,326
669397,2023,257,2,2,82.1,99.6,4.9,107.1,101.7,0.78,0.78,0,0,0,Nick Allen,NA,329
669397,2024,80,0,0,81,97.7,7.6,104.6,NA,0,0,0,0,0,Nick Allen,NA,105
669397,2025,282,0,0,82.5,99.1,12.1,104.4,NA,0,0,0,0,0,Nick Allen,NA,416
669397,2026,28,0,0,87.9,103,10.8,105.8,NA,0,0,0,0,0,Nick Allen,NA,37
669398,2025,9,1,1,89.8,101.3,19,105.6,105.6,11.11,11.11,0,0,0,Gage Workman,NA,17
669398,2026,15,4,4,96.1,105.9,10.2,108.1,104.8,26.67,26.67,0,0,0,Gage Workman,NA,27
669432,2021,18,0,0,72.1,97,-19.8,103.8,NA,0,0,0,0,0,Trevor Rogers,NA,46
669450,2022,111,8,5,87.6,105.2,8.5,110.9,104.1,7.21,4.5,-2.71,-3,37.5,Cooper Hummel,NA,201
669450,2023,14,0,0,92.3,100.8,7.2,106.3,NA,0,0,0,0,0,Cooper Hummel,NA,26
669450,2024,6,1,0,82.3,100.7,-19.2,107.1,107.1,16.67,0,-16.67,-1,100,Cooper Hummel,NA,8
669450,2025,58,6,5,91.1,105.6,9.9,111.9,104,10.34,8.62,-1.72,-1,16.7,Cooper Hummel,NA,105
669456,2018,2,0,0,92.7,93.8,4.5,94.1,NA,0,0,0,0,0,Shane Bieber,NA,5
669456,2019,2,0,0,84.6,90,-29.5,91.4,NA,0,0,0,0,0,Shane Bieber,NA,5
669456,2021,2,0,0,80.6,87.1,10.5,88.7,NA,0,0,0,0,0,Shane Bieber,NA,6
669477,2023,194,11,8,87,103.8,14.5,111.6,104.4,5.67,4.12,-1.55,-3,27.3,Casey Schmitt,NA,277
669477,2024,83,7,7,89.2,104.1,16.5,109.7,106.4,8.43,8.43,0,0,0,Casey Schmitt,NA,113
669477,2025,233,20,10,89.3,105.1,18.9,111.6,104.6,8.58,4.29,-4.29,-10,50,Casey Schmitt,NA,348
669477,2026,123,16,11,90.1,105.5,20.4,112.3,105.4,13.01,8.94,-4.07,-5,31.2,Casey Schmitt,NA,169
669622,2021,1,0,0,106.7,106.7,-1,106.7,NA,0,0,0,0,0,Anthony Bender,NA,2
669674,2021,7,0,0,72.8,92.3,-23.4,100.6,NA,0,0,0,0,0,Sam Long,NA,11
669699,2023,3,0,0,74.6,96.4,-33,97.4,NA,0,0,0,0,0,Braden Shewmake,NA,4
669699,2024,56,2,2,85.5,100.2,14.3,109.1,103.9,3.57,3.57,0,0,0,Braden Shewmake,NA,67
669699,2026,44,2,2,88.3,101.2,12.3,107.1,104.2,4.55,4.55,0,0,0,Braden Shewmake,NA,56
669701,2022,168,4,2,85.3,99.7,17.9,105.4,100.6,2.38,1.19,-1.19,-2,50,Josh Smith,NA,253
669701,2023,142,14,12,87.7,105.2,12.1,109.8,105.6,9.86,8.45,-1.41,-2,14.3,Josh Smith,NA,232
669701,2024,407,12,7,87.1,102.4,14.9,108,103.6,2.95,1.72,-1.23,-5,41.7,Josh Smith,NA,592
669701,2025,398,19,13,86.5,101.8,12.1,108.2,103.5,4.77,3.27,-1.5,-6,31.6,Josh Smith,NA,563
669701,2026,73,4,1,86.4,103.4,16.6,108.1,102.7,5.48,1.37,-4.11,-3,75,Josh Smith,NA,108
669707,2023,119,6,5,86.6,102.5,10.6,108.1,104.1,5.04,4.2,-0.84,-1,16.7,Jared Triolo,NA,209
669707,2024,280,15,10,88,103.3,13,108,102.5,5.36,3.57,-1.79,-5,33.3,Jared Triolo,NA,446
669707,2025,259,16,10,87.3,103.3,14.5,108.9,102.6,6.18,3.86,-2.32,-6,37.5,Jared Triolo,NA,376
669707,2026,42,0,0,82.6,100.2,3.9,108.6,NA,0,0,0,0,0,Jared Triolo,NA,59
669717,2025,49,0,0,80.5,99.6,17.1,105.3,NA,0,0,0,0,0,Will Wilson,NA,91
669717,2026,4,1,1,87.8,99.8,1,106.3,106.3,25,25,0,0,0,Will Wilson,NA,6
669720,2017,45,1,1,84.8,102.1,8.3,105.7,102.3,2.22,2.22,0,0,0,Austin Hays,NA,63
669720,2019,55,3,3,89.8,102.2,11.5,108.5,100.3,5.45,5.45,0,0,0,Austin Hays,NA,75
669720,2021,385,30,26,88.4,104.6,12.2,110.3,104.5,7.79,6.75,-1.04,-4,13.3,Austin Hays,NA,529
669720,2022,422,22,17,87.4,103.3,11.4,109,103.4,5.21,4.03,-1.18,-5,22.7,Austin Hays,NA,582
669720,2023,383,33,28,89.4,105.2,10.6,111,105,8.62,7.31,-1.31,-5,15.2,Austin Hays,NA,566
669720,2024,178,10,6,88.5,104.8,14.4,109.9,105.6,5.62,3.37,-2.25,-4,40,Austin Hays,NA,255
669720,2025,275,29,17,88.8,104,14.6,109.2,103.8,10.55,6.18,-4.37,-12,41.4,Austin Hays,NA,416
669720,2026,30,1,0,87,102.1,-1.2,111.9,100.8,3.33,0,-3.33,-1,100,Austin Hays,NA,44
669722,2025,22,1,1,79,102.7,7.4,108.9,108.9,4.55,4.55,0,0,0,Logan Davidson,NA,47
669738,2019,8,0,0,78,89.1,-2.9,92,NA,0,0,0,0,0,Jake Noll,NA,13
669742,2022,92,16,11,91.4,106.7,18.6,113,105,17.39,11.96,-5.43,-5,31.2,Darick Hall,NA,142
669742,2023,36,1,1,92.5,107.4,14,112.7,99.8,2.78,2.78,0,0,0,Darick Hall,NA,56
669743,2022,84,1,0,85.7,100.1,17.5,108.8,102.8,1.19,0,-1.19,-1,100,Alex Call,NA,131
669743,2023,301,15,7,84.6,101.6,17.3,108.5,101.8,4.98,2.33,-2.65,-8,53.3,Alex Call,NA,439
669743,2024,80,4,3,88,101.4,12.5,107.9,101.6,5,3.75,-1.25,-1,25,Alex Call,NA,113
669743,2025,220,9,3,86.9,100.9,11.6,109.9,101.8,4.09,1.36,-2.73,-6,66.7,Alex Call,NA,322
669743,2026,40,0,0,85.4,95.9,14.3,104,NA,0,0,0,0,0,Alex Call,NA,58
669899,2026,5,0,0,84.1,91.2,35.4,94,NA,0,0,0,0,0,Ryan Ward,NA,6
669911,2022,67,4,1,87.4,105.1,17.1,110.6,104.7,5.97,1.49,-4.48,-3,75,Michael Toglia,NA,120
669911,2023,91,5,3,90.2,106,16.6,113.1,103.7,5.49,3.3,-2.19,-2,40,Michael Toglia,NA,152
669911,2024,255,43,35,92.1,106.8,15.1,112,105.1,16.86,13.73,-3.13,-8,18.6,Michael Toglia,NA,458
669911,2025,173,16,15,89.9,105.5,17.7,111.4,105.4,9.25,8.67,-0.58,-1,6.2,Michael Toglia,NA,337
669952,2021,4,0,0,84.3,103.1,-6,106.6,NA,0,0,0,0,0,Mitch White,NA,16
670032,2019,324,3,4,84.5,97.9,2.9,105.4,102.1,0.93,1.23,0.3,1,-33.3,Nicky Lopez,NA,402
670032,2021,437,3,2,84.3,99.1,0.7,107.9,102,0.69,0.46,-0.23,-1,33.3,Nicky Lopez,NA,565
670032,2022,384,5,1,82.9,98.5,4.2,106.7,100,1.3,0.26,-1.04,-4,80,Nicky Lopez,NA,480
670032,2023,189,1,1,85.6,98.3,-0.4,107.8,101,0.53,0.53,0,0,0,Nicky Lopez,NA,262
670032,2024,336,4,2,83.7,97.1,4.9,106.5,100.8,1.19,0.6,-0.59,-2,50,Nicky Lopez,NA,445
670032,2025,20,0,0,84.8,98.9,-5.4,104.7,NA,0,0,0,0,0,Nicky Lopez,NA,28
670032,2026,3,0,0,69.9,94.4,-33,98.5,NA,0,0,0,0,0,Nicky Lopez,NA,5
670042,2021,41,5,4,89.2,103.9,2.3,113.5,106.1,12.2,9.76,-2.44,-1,20,Luke Raley,NA,72
670042,2022,38,5,4,88.4,105.2,16.9,110.9,104.9,13.16,10.53,-2.63,-1,20,Luke Raley,NA,72
670042,2023,232,29,24,89.6,107.8,16.2,114.3,106.4,12.5,10.34,-2.16,-5,17.2,Luke Raley,NA,406
670042,2024,271,30,25,87.8,106.6,11.8,115.4,107,11.07,9.23,-1.84,-5,16.7,Luke Raley,NA,455
670042,2025,123,13,9,86.8,106.6,7.6,114.3,105.7,10.57,7.32,-3.25,-4,30.8,Luke Raley,NA,219
670042,2026,76,16,11,91.5,107.4,13,113.8,107,21.05,14.47,-6.58,-5,31.2,Luke Raley,NA,136
670084,2021,20,0,0,84.8,101.3,17.1,105.8,NA,0,0,0,0,0,Nick Heath,NA,39
670092,2024,19,1,1,84.8,100.5,13.2,103.8,103.8,5.26,5.26,0,0,0,Trenton Brooks,NA,29
670092,2025,28,2,2,87.3,101.4,17.4,102.9,101.7,7.14,7.14,0,0,0,Trenton Brooks,NA,43
670097,2021,103,5,4,87.5,102.8,24.3,108.2,103.2,4.85,3.88,-0.97,-1,20,Zack Short,NA,184
670097,2022,6,2,0,91.8,101.7,40,105.3,101.7,33.33,0,-33.33,-2,100,Zack Short,NA,13
670097,2023,157,13,9,85.9,102.5,19.7,107,102.4,8.28,5.73,-2.55,-4,30.8,Zack Short,NA,253
670097,2024,49,1,0,84.3,100,16.7,108.9,99.3,2.04,0,-2.04,-1,100,Zack Short,NA,88
670097,2025,33,0,0,81,100.5,14.4,106.4,NA,0,0,0,0,0,Zack Short,NA,56
670097,2026,8,0,0,75.2,97,31.2,97.6,NA,0,0,0,0,0,Zack Short,NA,18
670128,2023,8,0,0,77.4,94.4,16.9,96.6,NA,0,0,0,0,0,Taylor Kohlwey,NA,13
670148,2022,1,0,0,54.3,54.3,78,54.3,NA,0,0,0,0,0,Nate Mondou,NA,3
670156,2022,10,0,0,86.3,94.6,-2.1,104.2,NA,0,0,0,0,0,Miles Mastrobuoni,NA,17
670156,2023,104,2,1,84.8,101,10.4,105.4,102.4,1.92,0.96,-0.96,-1,50,Miles Mastrobuoni,NA,149
670156,2024,82,2,2,86.7,100.7,13.3,107.6,104.2,2.44,2.44,0,0,0,Miles Mastrobuoni,NA,106
670156,2025,128,3,1,86.2,101.8,3.7,107.2,100,2.34,0.78,-1.56,-2,66.7,Miles Mastrobuoni,NA,175
670223,2023,57,8,6,91,109.3,8.4,111.8,105.5,14.04,10.53,-3.51,-2,25,Matt Mervis,NA,99
670223,2024,17,1,1,87.1,101.6,16,111.7,111.7,5.88,5.88,0,0,0,Matt Mervis,NA,28
670223,2025,71,6,4,88.3,104.2,22.3,108.2,103.2,8.45,5.63,-2.82,-2,33.3,Matt Mervis,NA,134
670224,2024,5,0,0,78,90.6,20.2,92.4,NA,0,0,0,0,0,Kameron Misner,NA,15
670224,2025,131,6,5,86,104.3,13.3,110.3,106.1,4.58,3.82,-0.76,-1,16.7,Kameron Misner,NA,217
670231,2025,109,6,5,84.7,104.1,5.3,109.5,105,5.5,4.59,-0.91,-1,16.7,John Rave,NA,175
670242,2022,32,2,2,87.5,105.4,12.9,113.8,109.3,6.25,6.25,0,0,0,Matt Wallner,NA,65
670242,2023,133,22,21,91.9,111,21,116.4,110.3,16.54,15.79,-0.75,-1,4.5,Matt Wallner,NA,254
670242,2024,126,21,17,92.8,110.3,21.6,116.8,109.2,16.67,13.49,-3.18,-4,19,Matt Wallner,NA,261
670242,2025,223,30,22,91,108.4,21.1,113.8,107.6,13.45,9.87,-3.58,-8,26.7,Matt Wallner,NA,392
670242,2026,67,7,6,88.4,106.7,8.1,110.3,108.2,10.45,8.96,-1.49,-1,14.3,Matt Wallner,NA,135
670276,2022,40,2,2,84.8,100.8,8.4,102.8,101.1,5,5,0,0,0,Cal Stevenson,NA,71
670276,2023,7,0,0,84.4,96.2,15.1,102,NA,0,0,0,0,0,Cal Stevenson,NA,12
670276,2024,20,2,1,83,99.2,10.2,103.1,102.3,10,5,-5,-1,50,Cal Stevenson,NA,27
670276,2025,6,0,0,86.8,96,11,97.9,NA,0,0,0,0,0,Cal Stevenson,NA,8
670298,2022,1,0,0,65.1,65.1,2,65.1,NA,0,0,0,0,0,Kramer Robertson,NA,1
670351,2021,118,10,8,89.8,104.2,18.5,111,105.2,8.47,6.78,-1.69,-2,20,Jose Rojas,NA,184
670351,2022,36,1,1,84.8,99.7,27.9,107,107,2.78,2.78,0,0,0,Jose Rojas,NA,57
670370,2021,47,8,8,88.8,107.7,13.4,115.9,106.7,17.02,17.02,0,0,0,Andrew Young,NA,104
670456,2019,1,0,0,51.4,51.4,4,51.4,NA,0,0,0,0,0,JD Hammer,NA,1
670462,2021,1,0,0,71.1,71.1,5,71.1,NA,0,0,0,0,0,Hunter Owen,NA,5
670541,2019,219,37,37,92.2,109.8,13.4,117.9,108.1,16.89,16.89,0,0,0,Yordan Alvarez,NA,369
670541,2021,395,60,56,93,109.2,14,116.4,108.1,15.19,14.18,-1.01,-4,6.7,Yordan Alvarez,NA,598
670541,2022,370,75,60,95.2,109.9,12.5,117.4,107.7,20.27,16.22,-4.05,-15,20,Yordan Alvarez,NA,561
670541,2023,321,56,50,93.1,109.9,17,117.7,107.3,17.45,15.58,-1.87,-6,10.7,Yordan Alvarez,NA,496
670541,2024,461,62,54,93,109.6,18.1,117,108,13.45,11.71,-1.74,-8,12.9,Yordan Alvarez,NA,635
670541,2025,138,19,14,94.7,110.3,18.3,115.4,107.7,13.77,10.14,-3.63,-5,26.3,Yordan Alvarez,NA,199
670541,2026,149,23,21,94.2,110.8,18.7,117.8,108,15.44,14.09,-1.35,-2,8.7,Yordan Alvarez,NA,221
670623,2021,63,1,0,85.5,100.6,18.1,106.4,98.4,1.59,0,-1.59,-1,100,Isaac Paredes,NA,85
670623,2022,265,16,11,87.4,102.5,15.8,110.4,102.9,6.04,4.15,-1.89,-5,31.2,Isaac Paredes,NA,381
670623,2023,387,22,13,86.9,100.9,22.1,107.7,102.5,5.68,3.36,-2.32,-9,40.9,Isaac Paredes,NA,571
670623,2024,443,19,12,85,100.6,22.4,107.3,102.2,4.29,2.71,-1.58,-7,36.8,Isaac Paredes,NA,641
670623,2025,302,17,12,87.4,102.5,23,107.4,102.5,5.63,3.97,-1.66,-5,29.4,Isaac Paredes,NA,438
670623,2026,131,6,3,87.2,100.5,26.4,106,102.8,4.58,2.29,-2.29,-3,50,Isaac Paredes,NA,186
670712,2019,94,3,4,86,102.4,14.1,108.3,102.4,3.19,4.26,1.07,1,-33.3,Mike Brosseau,NA,142
670712,2021,99,7,4,90.1,101.8,18.1,106.7,102,7.07,4.04,-3.03,-3,42.9,Mike Brosseau,NA,169
670712,2022,93,9,4,89.1,101.1,14.6,104.1,101.1,9.68,4.3,-5.38,-5,55.6,Mike Brosseau,NA,160
670712,2023,53,4,3,81.3,99.2,13.5,104.1,102.2,7.55,5.66,-1.89,-1,25,Mike Brosseau,NA,78
670764,2021,103,3,2,87.3,101.3,11.7,106.4,100.4,2.91,1.94,-0.97,-1,33.3,Taylor Walls,NA,176
670764,2022,290,16,12,85.5,100.4,15.8,105.7,101.6,5.52,4.14,-1.38,-4,25,Taylor Walls,NA,466
670764,2023,212,7,5,86.1,100.2,18.6,104.8,101.4,3.3,2.36,-0.94,-2,28.6,Taylor Walls,NA,349
670764,2024,154,5,2,85.5,99.9,18,104.4,100.9,3.25,1.3,-1.95,-3,60,Taylor Walls,NA,252
670764,2025,220,6,3,84.3,100,14,104.5,101.5,2.73,1.36,-1.37,-3,50,Taylor Walls,NA,317
670764,2026,85,1,0,78.1,97.4,14.6,101.9,99.3,1.18,0,-1.18,-1,100,Taylor Walls,NA,133
670766,2021,2,0,0,77.2,88.5,-37,91.3,NA,0,0,0,0,0,Darren McCaughan,NA,2
670768,2021,6,0,0,86.9,99.8,16.2,101.2,NA,0,0,0,0,0,Luis González,NA,11
670768,2022,240,4,2,84.2,101,8.2,109.7,102.1,1.67,0.83,-0.84,-2,50,Luis González,NA,350
670770,2021,30,2,0,88.1,100.6,24.2,105,102.8,6.67,0,-6.67,-2,100,TJ Friedl,NA,36
670770,2022,191,9,3,84,102.2,18.1,107.2,101.3,4.71,1.57,-3.14,-6,66.7,TJ Friedl,NA,258
670770,2023,409,10,5,82.7,100.7,12.3,107.1,101.7,2.44,1.22,-1.22,-5,50,TJ Friedl,NA,556
670770,2024,250,8,3,83.6,101.3,15.3,108.9,101.7,3.2,1.2,-2,-5,62.5,TJ Friedl,NA,341
670770,2025,473,13,4,84.6,101.6,13.1,107.6,101.2,2.75,0.85,-1.9,-9,69.2,TJ Friedl,NA,685
670770,2026,104,3,0,84.4,101.5,14.9,106.4,101.3,2.88,0,-2.88,-3,100,TJ Friedl,NA,166
670869,2022,43,0,0,81.7,96.7,17.4,101.2,NA,0,0,0,0,0,Livan Soto,NA,59
670869,2023,7,0,0,85.9,96.9,25.7,99.7,NA,0,0,0,0,0,Livan Soto,NA,12
670869,2024,10,0,0,85.1,97.7,22.1,98.8,NA,0,0,0,0,0,Livan Soto,NA,16
670912,2021,11,0,0,83.7,105.9,-28.5,107.3,NA,0,0,0,0,0,Johan Oviedo,NA,22
670950,2018,14,0,0,74.5,99.5,-6.7,100.5,NA,0,0,0,0,0,Trevor Richards,NA,36
670950,2019,12,0,0,85.2,96.6,-3.9,99.5,NA,0,0,0,0,0,Trevor Richards,NA,34
670955,2021,3,0,0,72,82.5,-57.7,83.7,NA,0,0,0,0,0,Edwin Uceta,NA,5
670970,2021,1,0,0,97.4,97.4,-12,97.4,NA,0,0,0,0,0,Adrian Morejon,NA,1
671056,2022,12,0,0,81.4,100.1,3.3,104.6,NA,0,0,0,0,0,Iván Herrera,NA,22
671056,2023,26,1,1,91.3,108.7,12,109.8,108.8,3.85,3.85,0,0,0,Iván Herrera,NA,44
671056,2024,177,15,8,89.3,105.3,9.1,112.4,102.8,8.47,4.52,-3.95,-7,46.7,Iván Herrera,NA,259
671056,2025,305,32,25,91.2,107.7,10.1,113,106.3,10.49,8.2,-2.29,-7,21.9,Iván Herrera,NA,452
671056,2026,145,9,6,89.2,105,7.5,112.3,104.3,6.21,4.14,-2.07,-3,33.3,Iván Herrera,NA,219
671083,2022,62,1,1,88.6,100.1,13,104.9,104.9,1.61,1.61,0,0,0,Buddy Kennedy,NA,94
671083,2023,18,0,0,84.8,99.7,15.4,101.8,NA,0,0,0,0,0,Buddy Kennedy,NA,29
671083,2024,15,1,1,88.8,101.9,12.7,103.9,103.9,6.67,6.67,0,0,0,Buddy Kennedy,NA,26
671083,2025,21,1,0,87.9,99.1,19,107.6,102.3,4.76,0,-4.76,-1,100,Buddy Kennedy,NA,32
671117,2024,11,0,0,82.5,97.5,-1.5,100.4,NA,0,0,0,0,0,Darren Baker,NA,14
671213,2022,53,3,3,86,103.3,2.2,110.5,106.9,5.66,5.66,0,0,0,Triston Casas,NA,95
671213,2023,305,38,35,91.1,107.8,15.7,113.2,107.3,12.46,11.48,-0.98,-3,7.9,Triston Casas,NA,502
671213,2024,135,17,15,90.2,106,10.5,112,105.9,12.59,11.11,-1.48,-2,11.8,Triston Casas,NA,243
671213,2025,72,7,3,87.6,104.9,15.2,110.9,103.9,9.72,4.17,-5.55,-4,57.1,Triston Casas,NA,112
671218,2022,14,1,1,87.4,105.8,1.8,107.4,106,7.14,7.14,0,0,0,Heliot Ramos,NA,22
671218,2023,36,5,4,87.3,106.8,13.2,112.7,106.2,13.89,11.11,-2.78,-1,20,Heliot Ramos,NA,60
671218,2024,341,46,35,91.5,107.2,10.5,111.8,105.8,13.49,10.26,-3.23,-11,23.9,Heliot Ramos,NA,518
671218,2025,464,40,30,91.8,107.4,11.9,116,106.7,8.62,6.47,-2.15,-10,25,Heliot Ramos,NA,695
671218,2026,116,15,11,92,108.7,7.9,111.5,106.7,12.93,9.48,-3.45,-4,26.7,Heliot Ramos,NA,176
671221,2022,56,7,6,84.1,104.3,10.4,110.6,105.3,12.5,10.71,-1.79,-1,14.3,Drew Waters,NA,109
671221,2023,198,19,16,87.4,103.9,17.2,112.2,104,9.6,8.08,-1.52,-3,15.8,Drew Waters,NA,337
671221,2024,10,0,0,77.9,95.6,3.8,95.9,NA,0,0,0,0,0,Drew Waters,NA,19
671221,2025,144,5,1,86,101.9,9.5,110.2,100.4,3.47,0.69,-2.78,-4,80,Drew Waters,NA,219
671277,2021,192,9,9,86.8,102.7,4,109.6,103.9,4.69,4.69,0,0,0,Luis García Jr.,NA,247
671277,2022,281,20,15,86.9,103.7,5.3,113.4,103.7,7.12,5.34,-1.78,-5,25,Luis García Jr.,NA,377
671277,2023,393,22,16,88.1,103.8,4.5,110,103.2,5.6,4.07,-1.53,-6,27.3,Luis García Jr.,NA,482
671277,2024,414,34,24,88.5,104.6,7.5,110.7,104.2,8.21,5.8,-2.41,-10,29.4,Luis García Jr.,NA,528
671277,2025,412,34,21,90.1,105.2,9.1,111.7,104.5,8.25,5.1,-3.15,-13,38.2,Luis García Jr.,NA,526
671277,2026,123,7,6,92.7,106.3,13.7,110.9,103.3,5.69,4.88,-0.81,-1,14.3,Luis García Jr.,NA,156
671284,2025,37,4,4,90.8,107.4,3.9,111.1,107.6,10.81,10.81,0,0,0,Tim Elko,NA,72
671286,2024,17,0,0,91.3,106.2,-10.8,110.6,NA,0,0,0,0,0,Johnathan Rodríguez,NA,40
671286,2025,49,3,2,92.1,107,-1.8,112,104,6.12,4.08,-2.04,-1,33.3,Johnathan Rodríguez,NA,77
671286,2026,4,0,0,89.1,100.4,13.8,100.5,NA,0,0,0,0,0,Johnathan Rodríguez,NA,11
671289,2022,65,1,0,85.9,102.9,11.1,108,108,1.54,0,-1.54,-1,100,Tyler Freeman,NA,86
671289,2023,126,4,3,84.4,103.6,5.5,108.4,102.9,3.17,2.38,-0.79,-1,25,Tyler Freeman,NA,168
671289,2024,283,8,5,86.9,102.9,12.5,109.2,102.5,2.83,1.77,-1.06,-3,37.5,Tyler Freeman,NA,383
671289,2025,331,7,4,88.7,103.8,7.7,109.6,102.3,2.11,1.21,-0.9,-3,42.9,Tyler Freeman,NA,428
671289,2026,83,0,0,82.3,101.9,8.8,105.5,NA,0,0,0,0,0,Tyler Freeman,NA,108
671655,2025,28,1,1,91.1,106.8,2.2,111.1,101.1,3.57,3.57,0,0,0,George Valera,NA,48
671655,2026,29,0,0,90.2,102.8,9.6,108.3,NA,0,0,0,0,0,George Valera,NA,38
671732,2023,89,7,7,87.7,105.1,15.2,111,107,7.87,7.87,0,0,0,Lawrence Butler,NA,129
671732,2024,306,34,29,91.1,106.4,11.3,113.1,105.9,11.11,9.48,-1.63,-5,14.7,Lawrence Butler,NA,451
671732,2025,392,35,30,90,106.8,8.6,113.6,106.4,8.93,7.65,-1.28,-5,14.3,Lawrence Butler,NA,630
671732,2026,88,5,4,89.7,106.6,7.9,112.7,105.7,5.68,4.55,-1.13,-1,20,Lawrence Butler,NA,150
671739,2022,307,29,26,89.2,108.3,4.2,112.8,106.9,9.45,8.47,-0.98,-3,10.3,Michael Harris II,NA,441
671739,2023,407,38,30,90.5,108.2,7.5,113.9,106,9.34,7.37,-1.97,-8,21.1,Michael Harris II,NA,539
671739,2024,349,35,23,90.3,108.6,7.4,114.7,106.3,10.03,6.59,-3.44,-12,34.3,Michael Harris II,NA,470
671739,2025,492,40,29,89.3,108.6,6.7,114.1,105.6,8.13,5.89,-2.24,-11,27.5,Michael Harris II,NA,641
671739,2026,129,21,15,93.1,109.4,9.9,114.9,106.1,16.28,11.63,-4.65,-6,28.6,Michael Harris II,NA,171
671790,2019,1,0,0,90.6,90.6,3,90.6,NA,0,0,0,0,0,Ronald Bolaños,NA,5
671976,2025,5,0,0,86.8,101.2,26.8,101.3,NA,0,0,0,0,0,Tristan Peters,NA,12
671976,2026,90,4,1,81.6,101.8,10.5,105.8,103.2,4.44,1.11,-3.33,-3,75,Tristan Peters,NA,130
672012,2024,32,0,0,83,96.2,16.4,102.6,NA,0,0,0,0,0,Tyler Black,NA,57
672012,2025,7,0,0,83.1,102.3,1.7,106,NA,0,0,0,0,0,Tyler Black,NA,13
672012,2026,20,0,0,83.6,96.2,12.4,99.5,NA,0,0,0,0,0,Tyler Black,NA,28
672016,2025,89,6,4,87.9,107.8,4.7,113.4,104.6,6.74,4.49,-2.25,-2,33.3,Denzel Clarke,NA,159
672016,2026,31,1,0,85.7,108.7,2,112.7,110.7,3.23,0,-3.23,-1,100,Denzel Clarke,NA,60
672275,2023,229,21,18,88.2,103.5,9.8,108.6,104,9.17,7.86,-1.31,-3,14.3,Patrick Bailey,NA,353
672275,2024,307,16,11,90.3,104.8,11.3,110.1,103.6,5.21,3.58,-1.63,-5,31.2,Patrick Bailey,NA,448
672275,2025,285,15,8,87,103.4,14.8,109.8,102.7,5.26,2.81,-2.45,-7,46.7,Patrick Bailey,NA,452
672275,2026,71,4,3,90,102.9,11.7,106.3,103.8,5.63,4.23,-1.4,-1,25,Patrick Bailey,NA,105
672279,2022,17,0,0,78.2,100.4,33.6,103.4,NA,0,0,0,0,0,Michael Siani,NA,24
672279,2023,4,0,0,86.4,98.4,8.2,98.7,NA,0,0,0,0,0,Michael Siani,NA,6
672279,2024,215,4,3,79.5,100.2,2.1,104.8,103.5,1.86,1.4,-0.46,-1,25,Michael Siani,NA,334
672279,2025,9,0,0,74.5,98.5,10.8,105.8,NA,0,0,0,0,0,Michael Siani,NA,19
672284,2021,231,23,19,87.3,104,14.4,110.9,104.7,9.96,8.23,-1.73,-4,17.4,Jarred Kelenic,NA,377
672284,2022,103,14,11,86,104.6,17.9,114,105.3,13.59,10.68,-2.91,-3,21.4,Jarred Kelenic,NA,181
672284,2023,241,22,16,90.9,106.6,10.1,112,105.4,9.13,6.64,-2.49,-6,27.3,Jarred Kelenic,NA,416
672284,2024,283,26,18,89.6,104.2,15.8,110.7,104.3,9.19,6.36,-2.83,-8,30.8,Jarred Kelenic,NA,449
672284,2025,37,5,5,87.6,105.3,15.1,108.4,105,13.51,13.51,0,0,0,Jarred Kelenic,NA,65
672284,2026,31,6,3,95.3,106.8,13.9,110.8,105.3,19.35,9.68,-9.67,-3,50,Jarred Kelenic,NA,55
672335,2021,2,0,0,76.9,81.5,-10.5,82.6,NA,0,0,0,0,0,Cionel Pérez,NA,2
672356,2022,32,2,1,85.1,105.8,-2.2,109.9,107.2,6.25,3.12,-3.13,-1,50,Gabriel Arias,NA,57
672356,2023,203,20,15,89.8,106.8,3.5,114.4,105,9.85,7.39,-2.46,-5,25,Gabriel Arias,NA,345
672356,2024,101,8,8,89.7,107.3,5.6,113.4,109,7.92,7.92,0,0,0,Gabriel Arias,NA,161
672356,2025,275,30,21,89.5,107.7,5.8,112.8,106.5,10.91,7.64,-3.27,-9,30,Gabriel Arias,NA,471
672356,2026,17,3,3,94.6,109,7.2,111.6,106,17.65,17.65,0,0,0,Gabriel Arias,NA,32
672359,2025,12,1,1,90.5,100.9,17.6,107.4,107.4,8.33,8.33,0,0,0,Tirso Ornelas,NA,16
672386,2021,145,15,14,92.3,105.2,14.7,109.4,104.3,10.34,9.66,-0.68,-1,6.7,Alejandro Kirk,NA,189
672386,2022,415,24,17,90.5,105.1,8.3,110.1,105.1,5.78,4.1,-1.68,-7,29.2,Alejandro Kirk,NA,541
672386,2023,327,11,8,87.6,102.8,6.5,108.3,104.4,3.36,2.45,-0.91,-3,27.3,Alejandro Kirk,NA,422
672386,2024,297,20,14,89.4,103.5,10.8,112.9,103.7,6.73,4.71,-2.02,-6,30,Alejandro Kirk,NA,386
672386,2025,397,37,24,91.1,106.6,12,112,104.7,9.32,6.05,-3.27,-13,35.1,Alejandro Kirk,NA,506
672386,2026,18,1,0,85.5,104.9,4.7,105.6,101.5,5.56,0,-5.56,-1,100,Alejandro Kirk,NA,22
672478,2022,42,0,0,86.9,99.9,-4.8,104,NA,0,0,0,0,0,Jordan Diaz,NA,51
672478,2023,203,13,12,90,106.4,5.4,111.8,104.7,6.4,5.91,-0.49,-1,7.7,Jordan Diaz,NA,293
672515,2022,61,2,2,89.2,103.7,6,109.2,101.2,3.28,3.28,0,0,0,Gabriel Moreno,NA,73
672515,2023,272,13,10,89.8,103.1,4.2,109.7,102.4,4.78,3.68,-1.1,-3,23.1,Gabriel Moreno,NA,380
672515,2024,256,15,8,90,104.2,8.8,111.1,103.9,5.86,3.12,-2.74,-7,46.7,Gabriel Moreno,NA,351
672515,2025,225,15,9,90.4,104.1,14.4,110.3,103.3,6.67,4,-2.67,-6,40,Gabriel Moreno,NA,309
672515,2026,71,8,4,88.9,102.4,16,110.2,102.5,11.27,5.63,-5.64,-4,50,Gabriel Moreno,NA,101
672569,2024,38,1,0,82.4,98.1,9.1,108.9,99.4,2.63,0,-2.63,-1,100,Gustavo Campero,NA,48
672569,2025,44,3,2,84,99.6,14.7,108.9,105,6.82,4.55,-2.27,-1,33.3,Gustavo Campero,NA,66
672580,2022,17,0,0,85.9,97.9,3.3,100.5,NA,0,0,0,0,0,Maikel Garcia,NA,23
672580,2023,357,12,8,91.6,104.5,6.3,110,101.5,3.36,2.24,-1.12,-4,33.3,Maikel Garcia,NA,515
672580,2024,481,18,11,89.4,104,5.7,108.6,101.8,3.74,2.29,-1.45,-7,38.9,Maikel Garcia,NA,626
672580,2025,518,29,18,90.6,105.5,9,110.3,103.7,5.6,3.47,-2.13,-11,37.9,Maikel Garcia,NA,666
672580,2026,164,7,3,89.4,105.1,9.3,110.6,102.3,4.27,1.83,-2.44,-4,57.1,Maikel Garcia,NA,213
672640,2022,8,0,0,85.5,101.2,4.2,102.9,NA,0,0,0,0,0,Otto Lopez,NA,10
672640,2024,332,15,8,87.7,104.3,5,108.8,102.8,4.52,2.41,-2.11,-7,46.7,Otto Lopez,NA,434
672640,2025,463,30,20,88.4,104.6,8.3,111.2,103.7,6.48,4.32,-2.16,-10,33.3,Otto Lopez,NA,594
672640,2026,163,13,9,90.3,106.1,6,112.8,103.4,7.98,5.52,-2.46,-4,30.8,Otto Lopez,NA,208
672642,2024,23,0,0,82.6,98.2,19.4,101.9,NA,0,0,0,0,0,Steward Berroa,NA,45
672642,2025,3,0,0,91.3,92.5,33.3,92.8,NA,0,0,0,0,0,Steward Berroa,NA,6
672695,2021,25,1,1,85.3,97.4,15.1,103.3,103.3,4,4,0,0,0,Geraldo Perdomo,NA,37
672695,2022,339,6,4,81.5,98.9,8.4,104.7,102.5,1.77,1.18,-0.59,-2,33.3,Geraldo Perdomo,NA,500
672695,2023,338,3,1,81.9,98.2,13.7,104.9,101,0.89,0.3,-0.59,-2,66.7,Geraldo Perdomo,NA,495
672695,2024,291,9,4,84.2,100.4,14.2,109.8,102.3,3.09,1.37,-1.72,-5,55.6,Geraldo Perdomo,NA,388
672695,2025,530,28,20,85.8,101.7,14.3,108.2,103.2,5.28,3.77,-1.51,-8,28.6,Geraldo Perdomo,NA,720
672695,2026,136,4,1,85,100.2,11,106.3,101,2.94,0.74,-2.2,-3,75,Geraldo Perdomo,NA,190
672701,2021,31,0,0,83.7,99.5,8.7,106,NA,0,0,0,0,0,José Devers,NA,46
672701,2024,3,0,0,92.4,98.9,-2,99.1,NA,0,0,0,0,0,José Devers,NA,4
672724,2022,40,2,1,81.6,102.3,5.4,104.6,101.7,5,2.5,-2.5,-1,50,Oswald Peraza,NA,57
672724,2023,123,5,4,87.1,104.7,9.9,110.6,106,4.07,3.25,-0.82,-1,20,Oswald Peraza,NA,191
672724,2024,7,1,1,87,104.7,5.9,105.1,105.1,14.29,14.29,0,0,0,Oswald Peraza,NA,11
672724,2025,164,11,7,86.5,104.9,8.3,112.2,105,6.71,4.27,-2.44,-4,36.4,Oswald Peraza,NA,265
672724,2026,93,8,4,84.8,104.6,11.3,110.1,104,8.6,4.3,-4.3,-4,50,Oswald Peraza,NA,140
672744,2023,9,0,0,89.7,102.4,20.7,104.4,NA,0,0,0,0,0,Alexander Canario,NA,17
672744,2024,14,2,1,88,107.6,10.9,109.2,107.2,14.29,7.14,-7.15,-1,50,Alexander Canario,NA,28
672744,2025,137,15,13,87.4,106.6,10.5,112.1,106.5,10.95,9.49,-1.46,-2,13.3,Alexander Canario,NA,234
672761,2024,297,12,6,87.7,101.3,16.9,109.1,101.6,4.04,2.02,-2.02,-6,50,Wenceel Pérez,NA,425
672761,2025,262,20,11,90.3,103.5,18.4,109.8,103,7.63,4.2,-3.43,-9,45,Wenceel Pérez,NA,383
672761,2026,86,6,3,87.8,101.3,15,106.6,102.6,6.98,3.49,-3.49,-3,50,Wenceel Pérez,NA,109
672779,2021,35,0,0,85.1,99.8,-0.9,104.4,NA,0,0,0,0,0,Tucupita Marcano,NA,50
672779,2022,122,2,2,82,97.5,9.4,103.8,102.3,1.64,1.64,0,0,0,Tucupita Marcano,NA,177
672779,2023,172,7,6,85.8,101.7,11.5,105.5,102.8,4.07,3.49,-0.58,-1,14.3,Tucupita Marcano,NA,220
672820,2022,23,2,2,86.6,101.5,5.7,106.1,104.4,8.7,8.7,0,0,0,Lenyn Sosa,NA,36
672820,2023,128,10,8,87,102.8,13.2,107.5,103.2,7.81,6.25,-1.56,-2,20,Lenyn Sosa,NA,173
672820,2024,276,17,11,88.6,103.7,12.4,110.7,103.2,6.16,3.99,-2.17,-6,35.3,Lenyn Sosa,NA,369
672820,2025,393,39,26,90.6,104.9,18.2,111.5,104.6,9.92,6.62,-3.3,-13,33.3,Lenyn Sosa,NA,544
672820,2026,82,5,3,88.4,104.1,19.9,107.7,104.2,6.1,3.66,-2.44,-2,40,Lenyn Sosa,NA,103
672832,2022,6,0,0,88.9,95.3,7.2,98.9,NA,0,0,0,0,0,Israel Pineda,NA,14
672960,2026,116,16,12,93.1,107.8,18.4,112.6,107.7,13.79,10.34,-3.45,-4,25,Kazuma Okamoto,NA,198
673237,2022,6,1,1,93.8,105.3,23.8,105.9,105.9,16.67,16.67,0,0,0,Yainer Diaz,NA,9
673237,2023,287,31,28,90.3,106.2,11.5,110.9,105.4,10.8,9.76,-1.04,-3,9.7,Yainer Diaz,NA,377
673237,2024,485,33,18,90.2,105.8,8.9,111.4,105.1,6.8,3.71,-3.09,-15,45.5,Yainer Diaz,NA,619
673237,2025,448,42,31,90,105.6,10.4,111.6,105,9.38,6.92,-2.46,-11,26.2,Yainer Diaz,NA,567
673237,2026,87,3,2,87.8,104.8,5.8,109.6,106.4,3.45,2.3,-1.15,-1,33.3,Yainer Diaz,NA,106
673357,2021,211,27,25,91.2,108.2,13.8,117.7,107.3,12.8,11.85,-0.95,-2,7.4,Luis Robert Jr.,NA,296
673357,2022,304,25,21,89.3,107.3,10,117.8,107,8.22,6.91,-1.31,-4,16,Luis Robert Jr.,NA,401
673357,2023,375,56,52,89.1,107.6,16.1,113.6,106.5,14.93,13.87,-1.06,-4,7.1,Luis Robert Jr.,NA,595
673357,2024,252,25,20,90.1,106.5,13.5,113,105.9,9.92,7.94,-1.98,-5,20,Luis Robert Jr.,NA,425
673357,2025,272,27,20,89.1,106,18.1,115.8,106.4,9.93,7.35,-2.58,-7,25.9,Luis Robert Jr.,NA,431
673357,2026,68,2,2,90.2,106.6,14.6,112.4,107.2,2.94,2.94,0,0,0,Luis Robert Jr.,NA,98
673451,2021,123,1,1,86.1,101.8,1.6,108,104.6,0.81,0.81,0,0,0,Shogo Akiyama,NA,183
673490,2021,201,8,6,85.8,103.7,13.2,112.3,104.5,3.98,2.99,-0.99,-2,25,Ha-Seong Kim,NA,298
673490,2022,421,18,14,86.1,102.4,15.8,109.4,103.6,4.28,3.33,-0.95,-4,22.2,Ha-Seong Kim,NA,582
673490,2023,423,17,14,85.3,101.7,13.6,108.5,103.3,4.02,3.31,-0.71,-3,17.6,Ha-Seong Kim,NA,626
673490,2024,331,16,8,86.5,102.7,14.2,107.9,101,4.83,2.42,-2.41,-8,50,Ha-Seong Kim,NA,470
673490,2025,134,7,2,89.2,104.3,15.6,108.5,103.9,5.22,1.49,-3.73,-5,71.4,Ha-Seong Kim,NA,191
673490,2026,17,0,0,85.7,102.8,10.8,108.1,NA,0,0,0,0,0,Ha-Seong Kim,NA,26
673548,2022,286,30,22,89.6,104.8,11.8,111.3,104,10.49,7.69,-2.8,-8,26.7,Seiya Suzuki,NA,446
673548,2023,391,36,27,91.4,106.3,10.8,114.6,105.6,9.21,6.91,-2.3,-9,25,Seiya Suzuki,NA,583
673548,2024,355,38,30,91.7,106.8,16.4,115.5,105.2,10.7,8.45,-2.25,-8,21.1,Seiya Suzuki,NA,585
673548,2025,415,64,40,91.3,106.9,17.9,116.2,105.5,15.42,9.64,-5.78,-24,37.5,Seiya Suzuki,NA,651
673548,2026,94,6,6,88.8,106.3,18.9,112.6,107.4,6.38,6.38,0,0,0,Seiya Suzuki,NA,157
673633,2018,1,0,0,79.2,79.2,-29,79.2,NA,0,0,0,0,0,Yoshihisa Hirano,NA,1
673962,2022,59,6,6,85.5,103.4,14.3,108.3,106.1,10.17,10.17,0,0,0,Josh Jung,NA,102
673962,2023,328,39,30,91.8,105.2,15,110,104.2,11.89,9.15,-2.74,-9,23.1,Josh Jung,NA,515
673962,2024,131,11,6,86.2,101.2,12.2,108.3,102.4,8.4,4.58,-3.82,-5,45.5,Josh Jung,NA,188
673962,2025,350,27,15,89.3,103.9,12.8,111.2,103.8,7.71,4.29,-3.42,-12,44.4,Josh Jung,NA,511
673962,2026,148,8,5,90.2,103.9,11.8,110.1,104.2,5.41,3.38,-2.03,-3,37.5,Josh Jung,NA,192
673995,2024,34,3,3,85.4,101.7,17.8,107,103.1,8.82,8.82,0,0,0,Davis Wendzel,NA,49
674441,2024,41,0,0,75.9,96.4,16,99.6,NA,0,0,0,0,0,Jacob Hurtubise,NA,68
674441,2025,6,0,0,89.3,95.8,5,97.8,NA,0,0,0,0,0,Jacob Hurtubise,NA,15
675649,2021,8,0,0,75.1,91.6,8.6,103.8,NA,0,0,0,0,0,Brian Miller,NA,11
675656,2021,21,1,1,86.7,100.6,36.4,102.8,102.2,4.76,4.76,0,0,0,Kevin Smith,NA,36
675656,2022,102,8,5,85.1,103.8,13.8,110.1,102.7,7.84,4.9,-2.94,-3,37.5,Kevin Smith,NA,151
675656,2023,89,8,7,84.8,102.4,10.3,109.3,101.9,8.99,7.87,-1.12,-1,12.5,Kevin Smith,NA,146
675659,2024,1,1,1,109.7,109.7,27,109.7,109.7,100,100,0,0,0,Greg Jones,NA,6
675659,2026,13,0,0,76,100.6,-1.3,109.1,NA,0,0,0,0,0,Greg Jones,NA,22
675911,2021,1,0,0,36.2,36.2,-30,36.2,NA,0,0,0,0,0,Spencer Strider,NA,2
675915,2024,1,0,0,87.3,87.3,56,87.3,NA,0,0,0,0,0,David Bañuelos,NA,1
675921,2021,4,0,0,74.2,92.2,-18.8,95.7,NA,0,0,0,0,0,Spencer Howard,NA,7
675961,2023,67,2,2,80.8,101.2,9.1,106.4,103,2.99,2.99,0,0,0,Alika Williams,NA,112
675961,2024,70,2,1,83,103.7,13.8,108.5,105,2.86,1.43,-1.43,-1,50,Alika Williams,NA,96
675961,2026,1,0,0,89.8,89.8,25,89.8,NA,0,0,0,0,0,Alika Williams,NA,1
675986,2022,5,1,1,93.3,103.5,0.6,107.1,107.1,20,20,0,0,0,Canaan Smith-Njigba,NA,7
675986,2023,17,2,2,87,104.8,0.1,106.9,102.8,11.76,11.76,0,0,0,Canaan Smith-Njigba,NA,37
676044,2025,46,0,0,89.5,104.7,11.8,115,NA,0,0,0,0,0,Bob Seymour,NA,83
676059,2023,155,8,6,89.8,105.9,13.8,111.4,104.9,5.16,3.87,-1.29,-2,25,Jordan Westburg,NA,228
676059,2024,321,38,27,90.8,106.3,12.9,111.2,104.2,11.84,8.41,-3.43,-11,28.9,Jordan Westburg,NA,447
676059,2025,249,26,19,90.2,106.4,14.1,111.8,104.8,10.44,7.63,-2.81,-7,26.9,Jordan Westburg,NA,352
676070,2023,8,0,0,84.2,97.1,0,99.9,NA,0,0,0,0,0,Jacob Amaya,NA,9
676070,2024,40,1,0,87.8,101.7,6.2,104.6,98.2,2.5,0,-2.5,-1,100,Jacob Amaya,NA,72
676070,2025,54,0,0,85.5,99.2,10.4,108,NA,0,0,0,0,0,Jacob Amaya,NA,73
676113,2024,45,0,0,85.8,102.1,3.4,104.4,NA,0,0,0,0,0,Zach DeLoach,NA,75
676116,2023,238,30,25,90.5,106.7,15.3,113.9,105.7,12.61,10.5,-2.11,-5,16.7,Ryan Noda,NA,495
676116,2024,58,2,2,84,103.6,16.4,108,105.7,3.45,3.45,0,0,0,Ryan Noda,NA,111
676116,2025,23,2,2,87.1,105.3,22.5,108.7,107.2,8.7,8.7,0,0,0,Ryan Noda,NA,59
676220,2021,2,0,0,74.8,87.9,-14,91.2,NA,0,0,0,0,0,Seth Elledge,NA,2
676265,2021,2,0,0,68.4,71.8,-30,72.6,NA,0,0,0,0,0,Cory Abbott,NA,3
676356,2023,34,2,2,83.7,97.8,8.8,102.6,101.8,5.88,5.88,0,0,0,Jonny DeLuca,NA,45
676356,2024,257,9,4,83.3,101.6,15.1,109.4,102.5,3.5,1.56,-1.94,-5,55.6,Jonny DeLuca,NA,362
676356,2025,44,1,0,85.6,101.6,10.3,106.4,98.2,2.27,0,-2.27,-1,100,Jonny DeLuca,NA,59
676356,2026,91,2,2,83.6,105.2,11.8,109,108.1,2.2,2.2,0,0,0,Jonny DeLuca,NA,122
676369,2022,117,15,10,89.2,106.3,12.3,111.2,104.3,12.82,8.55,-4.27,-5,33.3,Nelson Velázquez,NA,206
676369,2023,112,24,18,91,106.1,14.4,111.4,104.8,21.43,16.07,-5.36,-6,25,Nelson Velázquez,NA,179
676369,2024,147,13,12,88.2,104.9,17.5,111,105.7,8.84,8.16,-0.68,-1,7.7,Nelson Velázquez,NA,230
676391,2021,105,4,4,84.1,100.6,13.9,105.4,100.7,3.81,3.81,0,0,0,Ernie Clement,NA,133
676391,2022,140,5,3,83.4,99.3,11,107.3,102.6,3.57,2.14,-1.43,-2,40,Ernie Clement,NA,179
676391,2023,47,1,1,84.1,99.5,16.2,105.4,105.4,2.13,2.13,0,0,0,Ernie Clement,NA,52
676391,2024,396,15,10,84.9,99.8,16,109.4,101.3,3.79,2.53,-1.26,-5,33.3,Ernie Clement,NA,452
676391,2025,495,11,6,85.6,100.3,17.9,108.9,102.1,2.22,1.21,-1.01,-5,45.5,Ernie Clement,NA,588
676391,2026,169,3,0,85.4,99.6,15.5,109.7,99.1,1.78,0,-1.78,-3,100,Ernie Clement,NA,193
676439,2024,10,0,0,83.3,99.5,9.4,102.1,NA,0,0,0,0,0,Hunter Feduccia,NA,14
676439,2025,61,3,2,87.6,103.7,16.2,108.7,104.4,4.92,3.28,-1.64,-1,33.3,Hunter Feduccia,NA,105
676439,2026,37,1,1,82.9,99.8,12.2,107.2,107.2,2.7,2.7,0,0,0,Hunter Feduccia,NA,65
676466,2025,12,1,0,86.8,99.6,5,102.8,100,8.33,0,-8.33,-1,100,Jack Winkler,NA,16
676475,2022,39,4,2,90.1,102.2,3.3,109.2,101,10.26,5.13,-5.13,-2,50,Alec Burleson,NA,53
676475,2023,273,14,12,88.8,104.2,11.4,110.6,104.6,5.13,4.4,-0.73,-2,14.3,Alec Burleson,NA,347
676475,2024,476,30,20,89.4,103,13.2,111,103,6.3,4.2,-2.1,-10,33.3,Alec Burleson,NA,595
676475,2025,420,39,22,90.7,106.1,14.7,111.1,104.5,9.29,5.24,-4.05,-17,43.6,Alec Burleson,NA,546
676475,2026,151,16,13,91,106.5,9.2,111.6,106.3,10.6,8.61,-1.99,-3,18.8,Alec Burleson,NA,205
676477,2021,1,0,0,80.2,80.2,16,80.2,NA,0,0,0,0,0,Garrett Whitlock,NA,2
676480,2021,33,2,2,89.3,102.9,20.7,109.1,101.9,6.06,6.06,0,0,0,José Barrero,NA,56
676480,2022,88,2,1,86.8,102.3,18.1,108.6,103.4,2.27,1.14,-1.13,-1,50,José Barrero,NA,174
676480,2023,89,3,3,87.5,104.2,17.1,108.7,105.5,3.37,3.37,0,0,0,José Barrero,NA,149
676480,2025,20,1,0,83.6,100.3,28.2,104.7,100.1,5,0,-5,-1,100,José Barrero,NA,31
676551,2024,1,0,0,82.5,82.5,3,82.5,NA,0,0,0,0,0,Brewer Hicklen,NA,5
676551,2025,2,1,0,88.9,105.7,-6.5,109.9,109.9,50,0,-50,-1,100,Brewer Hicklen,NA,4
676572,2024,54,3,1,91.7,106.7,10.1,111.7,110.6,5.56,1.85,-3.71,-2,66.7,Eric Wagaman,NA,74
676572,2025,380,25,17,91,107.1,10.7,114.5,105.6,6.58,4.47,-2.11,-8,32,Eric Wagaman,NA,514
676606,2019,8,0,0,86.7,103,-1.6,103.3,NA,0,0,0,0,0,Nick Margevicius,NA,17
676609,2023,169,6,5,82.7,99.7,21.9,108.4,104.3,3.55,2.96,-0.59,-1,16.7,José Caballero,NA,280
676609,2024,312,14,9,81.9,101.3,14.8,109.9,103.3,4.49,2.88,-1.61,-5,35.7,José Caballero,NA,483
676609,2025,222,12,5,82.8,102.2,14.3,114.4,104.6,5.41,2.25,-3.16,-7,58.3,José Caballero,NA,370
676609,2026,106,3,3,79.9,100.5,6.7,108.5,107.7,2.83,2.83,0,0,0,José Caballero,NA,147
676625,2022,9,0,0,88.7,99.8,1,102,NA,0,0,0,0,0,Rylan Bannon,NA,15
676625,2023,3,0,0,89.4,98,26.7,99.1,NA,0,0,0,0,0,Rylan Bannon,NA,6
676628,2022,38,11,5,94.9,108.2,13.9,109.5,104.6,28.95,13.16,-15.79,-6,54.5,Mark Contreras,NA,61
676632,2022,82,4,1,88.2,102.5,11.1,109.1,100.4,4.88,1.22,-3.66,-3,75,Bligh Madris,NA,123
676632,2023,19,1,1,85.5,100.4,19.1,104.5,103.8,5.26,5.26,0,0,0,Bligh Madris,NA,30
676632,2024,48,3,2,87.1,103.8,23.6,108.3,103.8,6.25,4.17,-2.08,-1,33.3,Bligh Madris,NA,75
676646,2021,3,0,0,93.6,100.8,16,103.3,NA,0,0,0,0,0,Zach Reks,NA,10
676646,2022,24,0,0,86.3,104.1,19.1,105.3,NA,0,0,0,0,0,Zach Reks,NA,34
676679,2024,7,0,0,78.1,101,-6.1,103.3,NA,0,0,0,0,0,Luis Vázquez,NA,14
676679,2025,36,4,1,86.5,104.4,4.4,107.2,100.3,11.11,2.78,-8.33,-3,75,Luis Vázquez,NA,53
676694,2021,99,9,9,88.4,103.6,9,111,103.9,9.09,9.09,0,0,0,Jake Meyers,NA,163
676694,2022,96,5,3,86,102.9,7.4,107.8,104.1,5.21,3.12,-2.09,-2,40,Jake Meyers,NA,160
676694,2023,222,14,12,85.5,102.2,13.3,108.3,103.1,6.31,5.41,-0.9,-2,14.3,Jake Meyers,NA,341
676694,2024,350,25,15,86.7,103.3,13.2,110,103.2,7.14,4.29,-2.85,-10,40,Jake Meyers,NA,513
676694,2025,278,13,6,87.7,103.4,9.7,110.4,103.9,4.68,2.16,-2.52,-7,53.8,Jake Meyers,NA,381
676694,2026,34,2,1,86.8,100.5,11.7,106.5,102.9,5.88,2.94,-2.94,-1,50,Jake Meyers,NA,50
676701,2021,32,1,1,87.7,101.1,10.8,103.9,100.2,3.12,3.12,0,0,0,Alan Trejo,NA,50
676701,2022,86,4,3,86.2,99.2,13.6,104.9,103.3,4.65,3.49,-1.16,-1,25,Alan Trejo,NA,125
676701,2023,159,7,3,84.8,99.3,14.2,104.2,100.3,4.4,1.89,-2.51,-4,57.1,Alan Trejo,NA,227
676701,2024,49,1,1,84.1,99.7,9.7,102.7,100.2,2.04,2.04,0,0,0,Alan Trejo,NA,67
676701,2025,35,3,0,86.3,100.2,15.6,103.4,101.7,8.57,0,-8.57,-3,100,Alan Trejo,NA,43
676724,2022,12,1,1,90.7,105.3,9.2,108.6,101.8,8.33,8.33,0,0,0,Jared Young,NA,22
676724,2023,30,3,2,88.8,107.3,10.3,109.4,108.8,10,6.67,-3.33,-1,33.3,Jared Young,NA,47
676724,2025,28,4,4,84.6,104.7,22.8,107.1,105.8,14.29,14.29,0,0,0,Jared Young,NA,47
676724,2026,18,3,1,86.2,109.1,-6.4,113.5,106.5,16.67,5.56,-11.11,-2,66.7,Jared Young,NA,23
676761,2023,7,0,0,83.2,96.3,11,98.3,NA,0,0,0,0,0,Irving Lopez,NA,12
676782,2022,1,0,0,89.3,89.3,6,89.3,NA,0,0,0,0,0,Mickey McDonald,NA,6
676801,2021,187,19,16,90.3,103.5,18.6,108.2,104,10.16,8.56,-1.6,-3,15.8,Chas McCormick,NA,320
676801,2022,254,26,18,86.9,103.1,12,109.9,103.6,10.24,7.09,-3.15,-8,30.8,Chas McCormick,NA,407
676801,2023,289,31,24,87.1,102.9,14.3,109.4,103.4,10.73,8.3,-2.43,-7,22.6,Chas McCormick,NA,457
676801,2024,174,13,9,84.8,103,13.9,110.2,104,7.47,5.17,-2.3,-4,30.8,Chas McCormick,NA,267
676801,2025,74,4,3,80.3,103,18.4,106.4,103.9,5.41,4.05,-1.36,-1,25,Chas McCormick,NA,116
676812,2025,13,1,1,78,102.4,11.4,108,102.8,7.69,7.69,0,0,0,Carson McCusker,NA,30
676840,2021,12,0,0,79.5,97.2,-11.3,102.9,NA,0,0,0,0,0,Matt Peacock,NA,17
676879,2021,1,0,0,45.8,45.8,-67,45.8,NA,0,0,0,0,0,Aaron Ashby,NA,4
676882,2023,1,0,0,99.3,99.3,-4,99.3,NA,0,0,0,0,0,Chandler Seagle,NA,1
676900,2021,3,0,0,88.5,96.7,29.3,97.4,NA,0,0,0,0,0,Ryan Dorow,NA,7
676914,2023,73,13,8,89.5,104.3,26,108.8,103.6,17.81,10.96,-6.85,-5,38.5,Davis Schneider,NA,141
676914,2024,258,30,19,88.6,102.8,21.4,109.3,103.5,11.63,7.36,-4.27,-11,36.7,Davis Schneider,NA,454
676914,2025,129,18,14,90.8,104.7,24.2,108.3,104.1,13.95,10.85,-3.1,-4,22.2,Davis Schneider,NA,227
676914,2026,38,4,1,85,102.9,23.1,111.1,105.7,10.53,2.63,-7.9,-3,75,Davis Schneider,NA,84
676946,2022,13,0,0,86.4,98.2,3.5,105,NA,0,0,0,0,0,Matthew Batten,NA,22
676946,2023,91,1,0,84.1,100.1,13.1,103.9,99.1,1.1,0,-1.1,-1,100,Matthew Batten,NA,139
676946,2024,3,0,0,85.6,97.5,-1,98.8,NA,0,0,0,0,0,Matthew Batten,NA,3
676950,2022,34,1,1,85,99,8.1,107,101.4,2.94,2.94,0,0,0,David MacKinnon,NA,57
677008,2023,20,3,2,92.4,106,19.4,107.6,103.5,15,10,-5,-1,33.3,Heston Kjerstad,NA,33
677008,2024,66,4,3,90.2,104.7,10.2,108.5,105.4,6.06,4.55,-1.51,-1,25,Heston Kjerstad,NA,114
677008,2025,112,9,6,88.8,104.3,12.7,106.8,103.3,8.04,5.36,-2.68,-3,33.3,Heston Kjerstad,NA,167
677060,2025,7,0,0,74.4,93.2,2.3,96.6,NA,0,0,0,0,0,Chad Stevens,NA,14
677347,2023,24,1,0,80.7,104.6,2.1,107.4,105.1,4.17,0,-4.17,-1,100,Kyren Paris,NA,46
677347,2024,34,2,1,87.8,103.7,6.2,110.3,102.5,5.88,2.94,-2.94,-1,50,Kyren Paris,NA,59
677347,2025,66,9,6,88.9,105.8,17.8,108.7,105.4,13.64,9.09,-4.55,-3,33.3,Kyren Paris,NA,140
677551,2021,245,11,9,88.2,104.7,9.7,109.6,102.2,4.49,3.67,-0.82,-2,18.2,Wander Franco,NA,308
677551,2022,285,10,6,87.3,102.8,8.2,112.4,104.8,3.51,2.11,-1.4,-4,40,Wander Franco,NA,344
677551,2023,377,27,23,89.4,104.1,8.9,111,103.6,7.16,6.1,-1.06,-4,14.8,Wander Franco,NA,491
677587,2023,55,0,0,85.8,97.4,1.4,103.4,NA,0,0,0,0,0,Brayan Rocchio,NA,86
677587,2024,299,12,6,82.7,100.3,8.1,108.1,101.2,4.01,2.01,-2,-6,50,Brayan Rocchio,NA,442
677587,2025,275,7,4,86.5,102.3,9.7,109.6,103.2,2.55,1.45,-1.1,-3,42.9,Brayan Rocchio,NA,383
677587,2026,140,3,1,84.2,100.5,8.9,109.6,103.4,2.14,0.71,-1.43,-2,66.7,Brayan Rocchio,NA,185
677588,2023,18,1,1,88.5,99.1,13.3,101.9,101.9,5.56,5.56,0,0,0,José Tena,NA,34
677588,2024,118,10,7,89.8,103.8,8.4,109.4,102.7,8.47,5.93,-2.54,-3,30,José Tena,NA,168
677588,2025,113,6,3,88.8,103.2,1,108.5,103,5.31,2.65,-2.66,-3,50,José Tena,NA,169
677588,2026,63,7,4,93.2,107.4,13.3,114,106.7,11.11,6.35,-4.76,-3,42.9,José Tena,NA,101
677592,2023,53,3,1,91.9,104.9,10,111.8,101,5.66,1.89,-3.77,-2,66.7,Everson Pereira,NA,103
677592,2025,38,3,2,90.4,106.7,13.3,110.8,105.2,7.89,5.26,-2.63,-1,33.3,Everson Pereira,NA,73
677592,2026,44,5,4,87.7,104.5,12.8,108.4,102.8,11.36,9.09,-2.27,-1,20,Everson Pereira,NA,71
677594,2022,363,44,36,92,109,10.6,117.2,106.9,12.12,9.92,-2.2,-8,18.2,Julio Rodríguez,NA,560
677594,2023,480,54,45,92.7,108.7,8.5,116.7,106.2,11.25,9.38,-1.87,-9,16.7,Julio Rodríguez,NA,714
677594,2024,413,39,30,91.7,108.1,10.5,114.5,105.9,9.44,7.26,-2.18,-9,23.1,Julio Rodríguez,NA,613
677594,2025,500,49,35,91.8,108.8,8.7,115.8,107.6,9.8,7,-2.8,-14,28.6,Julio Rodríguez,NA,710
677594,2026,154,13,9,89.3,107.3,11.1,111.3,106.4,8.44,5.84,-2.6,-4,30.8,Julio Rodríguez,NA,222
677595,2023,70,4,4,90.7,106.3,7.6,117.3,111.7,5.71,5.71,0,0,0,Ronny Mauricio,NA,108
677595,2025,112,9,7,91.2,107.3,12.7,111.3,106.2,8.04,6.25,-1.79,-2,22.2,Ronny Mauricio,NA,184
677595,2026,20,2,1,89.8,107.5,4.8,111.3,106.8,10,5,-5,-1,50,Ronny Mauricio,NA,32
677649,2022,152,7,4,85.9,105.2,10.6,110.2,103.5,4.61,2.63,-1.98,-3,42.9,Ezequiel Duran,NA,220
677649,2023,289,22,22,89.5,106.6,13.7,115.2,106.5,7.61,7.61,0,0,0,Ezequiel Duran,NA,439
677649,2024,206,7,4,86.8,104.1,8.7,111.8,105.6,3.4,1.94,-1.46,-3,42.9,Ezequiel Duran,NA,285
677649,2025,152,4,3,83.1,103.1,15.3,109.1,106,2.63,1.97,-0.66,-1,25,Ezequiel Duran,NA,219
677649,2026,98,7,5,90.1,105.6,13.1,111.5,106,7.14,5.1,-2.04,-2,28.6,Ezequiel Duran,NA,143
677651,2021,5,0,0,61.3,85.4,-37.6,91.5,NA,0,0,0,0,0,Luis Garcia,NA,6
677800,2023,52,5,5,91.2,105.9,11.9,109.4,105.6,9.62,9.62,0,0,0,Wilyer Abreu,NA,85
677800,2024,276,29,24,91.6,106.5,19.5,114.4,105.3,10.51,8.7,-1.81,-5,17.2,Wilyer Abreu,NA,447
677800,2025,276,33,24,90.6,107.4,23,111.7,105.1,11.96,8.7,-3.26,-9,27.3,Wilyer Abreu,NA,417
677800,2026,145,16,10,90,105.8,16,113.1,105.7,11.03,6.9,-4.13,-6,37.5,Wilyer Abreu,NA,206
677870,2024,123,10,6,86.7,101,11.7,107,101.8,8.13,4.88,-3.25,-4,40,Leo Jiménez,NA,210
677870,2025,22,2,0,89.8,103.3,4,108.4,99.3,9.09,0,-9.09,-2,100,Leo Jiménez,NA,32
677870,2026,36,3,1,90.6,103.7,4.5,107.9,102.6,8.33,2.78,-5.55,-2,66.7,Leo Jiménez,NA,52
677941,2023,24,0,0,91.8,101.4,6.2,105.7,NA,0,0,0,0,0,Jordyn Adams,NA,40
677941,2024,23,1,1,85.5,99.6,8.8,105.5,105.5,4.35,4.35,0,0,0,Jordyn Adams,NA,38
677941,2025,3,0,0,94.3,104.7,18,105.9,NA,0,0,0,0,0,Jordyn Adams,NA,5
677942,2024,118,4,1,87.7,103.2,7.5,110.6,102,3.39,0.85,-2.54,-3,75,Blaze Alexander,NA,185
677942,2025,147,15,7,88.9,104.4,7.1,110.7,103,10.2,4.76,-5.44,-8,53.3,Blaze Alexander,NA,266
677942,2026,68,2,0,89.5,102.3,8.9,112.9,99.6,2.94,0,-2.94,-2,100,Blaze Alexander,NA,109
677943,2025,4,0,0,72.4,95.1,16,101.2,NA,0,0,0,0,0,Will Banfield,NA,10
677950,2022,308,11,5,87.4,104.2,3.5,111.3,103.3,3.57,1.62,-1.95,-6,54.5,Alek Thomas,NA,411
677950,2023,293,13,9,88.3,104.1,1.4,110.9,104.4,4.44,3.07,-1.37,-4,30.8,Alek Thomas,NA,402
677950,2024,79,6,6,88.6,105,0.5,109.1,106,7.59,7.59,0,0,0,Alek Thomas,NA,103
677950,2025,319,26,11,88.6,105.3,3.3,110.6,103.6,8.15,3.45,-4.7,-15,57.7,Alek Thomas,NA,469
677950,2026,70,5,4,88.3,103.8,9.8,108,103.6,7.14,5.71,-1.43,-1,20,Alek Thomas,NA,100
677951,2022,459,40,34,89.7,106.8,16.8,113.7,107.2,8.71,7.41,-1.3,-6,15,Bobby Witt Jr.,NA,632
677951,2023,528,59,50,90.4,106.6,15.2,113.8,104.7,11.17,9.47,-1.7,-9,15.3,Bobby Witt Jr.,NA,694
677951,2024,538,76,57,92.7,109.4,15.1,116.9,106.4,14.13,10.59,-3.54,-19,25,Bobby Witt Jr.,NA,709
677951,2025,502,60,38,93.3,108.8,15.2,117.5,106.4,11.95,7.57,-4.38,-22,36.7,Bobby Witt Jr.,NA,687
677951,2026,159,18,14,93.7,108.4,15.8,115.6,106.9,11.32,8.81,-2.51,-4,22.2,Bobby Witt Jr.,NA,222
677954,2022,48,1,1,87.1,101.9,5,107,100.3,2.08,2.08,0,0,0,Jordan Groshans,NA,65
677956,2024,30,6,6,91.6,110.1,18.9,112.7,109.4,20,20,0,0,0,Rece Hinds,NA,51
677956,2025,22,4,3,92.5,107.4,4,111.3,106.2,18.18,13.64,-4.54,-1,25,Rece Hinds,NA,44
677956,2026,14,0,0,87.1,103.4,26.1,109.5,NA,0,0,0,0,0,Rece Hinds,NA,36
677960,2021,20,1,1,81.7,107.6,-17,107.6,104.3,5,5,0,0,0,Ryan Weathers,NA,28
678009,2023,89,7,5,88.9,104.2,17.2,108.5,102.7,7.87,5.62,-2.25,-2,28.6,Parker Meadows,NA,145
678009,2024,195,14,10,86.5,103.3,18.2,110,104.5,7.18,5.13,-2.05,-4,28.6,Parker Meadows,NA,298
678009,2025,135,7,5,85.5,104.3,10.8,109.2,104.2,5.19,3.7,-1.49,-2,28.6,Parker Meadows,NA,213
678009,2026,26,0,0,85.3,97.9,13.3,105,NA,0,0,0,0,0,Parker Meadows,NA,39
678011,2025,48,1,1,85.9,100.2,9,103.5,101.9,2.08,2.08,0,0,0,Anthony Seigler,NA,73
678218,2026,54,4,4,86.3,102.3,12.5,111.4,106.3,7.41,7.41,0,0,0,Brandon Valenzuela,NA,85
678225,2022,27,0,0,79.7,101.2,2,108,NA,0,0,0,0,0,Ji Hwan Bae,NA,37
678225,2023,245,5,4,85.5,102.5,-0.6,110.2,102.2,2.04,1.63,-0.41,-1,20,Ji Hwan Bae,NA,371
678225,2024,51,4,2,84.1,103.2,0.7,108.1,102.1,7.84,3.92,-3.92,-2,50,Ji Hwan Bae,NA,81
678225,2025,11,2,1,83.8,98.3,6.5,104,101.2,18.18,9.09,-9.09,-1,50,Ji Hwan Bae,NA,25
678246,2022,35,3,2,89.7,101.8,25.8,106.1,103.1,8.57,5.71,-2.86,-1,33.3,Miguel Vargas,NA,50
678246,2023,200,11,9,86.5,102.4,16.3,109,104.5,5.5,4.5,-1,-2,18.2,Miguel Vargas,NA,304
678246,2024,152,6,5,86.2,101.2,21.3,110.8,104.4,3.95,3.29,-0.66,-1,16.7,Miguel Vargas,NA,237
678246,2025,406,30,14,89.7,103.1,22.6,110.8,103.3,7.39,3.45,-3.94,-16,53.3,Miguel Vargas,NA,569
678246,2026,136,20,16,89.4,105.2,19,112.9,105.3,14.71,11.76,-2.95,-4,20,Miguel Vargas,NA,207
678391,2025,43,2,0,85.9,100.7,17.4,106.9,102.3,4.65,0,-4.65,-2,100,Jorbit Vivas,NA,66
678391,2026,81,2,0,81.1,100.9,11.4,108.5,105.1,2.47,0,-2.47,-2,100,Jorbit Vivas,NA,109
678489,2024,16,0,0,77.4,100,9.2,103.7,NA,0,0,0,0,0,Jorge Barrosa,NA,18
678489,2025,52,0,0,85.8,100,7.1,108,NA,0,0,0,0,0,Jorge Barrosa,NA,77
678489,2026,56,4,1,79.5,98.2,10,104.1,100.3,7.14,1.79,-5.35,-3,75,Jorge Barrosa,NA,92
678545,2023,62,2,2,88.4,101.8,-2.4,106.4,102.6,3.23,3.23,0,0,0,Osleivis Basabe,NA,94
678554,2023,62,1,1,83.5,100.3,12.6,108.1,100,1.61,1.61,0,0,0,Curtis Mead,NA,92
678554,2024,93,4,2,88.8,105.3,16.3,112.4,102.8,4.3,2.15,-2.15,-2,50,Curtis Mead,NA,132
678554,2025,176,7,3,87.5,103.4,17.6,111,103.8,3.98,1.7,-2.28,-4,57.1,Curtis Mead,NA,264
678554,2026,80,7,4,88.5,105.4,12.8,109.6,104.8,8.75,5,-3.75,-3,42.9,Curtis Mead,NA,118
678662,2022,24,2,1,88.6,103.5,8.5,106,101.7,8.33,4.17,-4.16,-1,50,Ezequiel Tovar,NA,35
678662,2023,418,30,22,87.6,104,12.4,109.8,103.7,7.18,5.26,-1.92,-8,26.7,Ezequiel Tovar,NA,615
678662,2024,465,38,24,87.9,103.2,18.3,110.6,104.1,8.17,5.16,-3.01,-14,36.8,Ezequiel Tovar,NA,695
678662,2025,269,23,15,87.8,105.3,15.4,112.5,105.1,8.55,5.58,-2.97,-8,34.8,Ezequiel Tovar,NA,390
678662,2026,114,8,5,87.6,103.3,14,108.9,104,7.02,4.39,-2.63,-3,37.5,Ezequiel Tovar,NA,175
678877,2024,117,16,15,88.6,108.1,19.3,115.9,108,13.68,12.82,-0.86,-1,6.2,Jhonkensy Noel,NA,198
678877,2025,97,5,4,90.3,109.6,13.8,117.2,108.1,5.15,4.12,-1.03,-1,20,Jhonkensy Noel,NA,153
678882,2023,56,3,3,84.7,102.3,6.8,107.1,104,5.36,5.36,0,0,0,Ceddanne Rafaela,NA,89
678882,2024,398,29,20,85.9,102.1,14.1,108.2,103.1,7.29,5.03,-2.26,-9,31,Ceddanne Rafaela,NA,571
678882,2025,434,39,22,87.7,104.4,12.1,112.1,104.4,8.99,5.07,-3.92,-17,43.6,Ceddanne Rafaela,NA,587
678882,2026,115,9,2,86.9,101.3,9.2,108.6,100.8,7.83,1.74,-6.09,-7,77.8,Ceddanne Rafaela,NA,173
678894,2022,1,0,0,106.7,106.7,3,106.7,NA,0,0,0,0,0,Liover Peguero,NA,4
678894,2023,133,7,6,87.6,105.1,3.8,110.2,102.9,5.26,4.51,-0.75,-1,14.3,Liover Peguero,NA,213
678894,2024,7,0,0,84.4,101.1,6.1,104.9,NA,0,0,0,0,0,Liover Peguero,NA,10
678894,2025,55,5,2,84.6,102.7,6.3,110.3,101.1,9.09,3.64,-5.45,-3,60,Liover Peguero,NA,88
679032,2023,111,1,0,81.3,101.7,6.5,107,98.9,0.9,0,-0.9,-1,100,Johan Rojas,NA,164
679032,2024,277,6,5,82.4,102.3,2.9,110.6,101.4,2.17,1.81,-0.36,-1,16.7,Johan Rojas,NA,363
679032,2025,119,3,2,82.8,102.9,3.7,112.4,101.8,2.52,1.68,-0.84,-1,33.3,Johan Rojas,NA,172
679529,2022,262,22,13,90.5,105.5,15,111.5,104.8,8.4,4.96,-3.44,-9,40.9,Spencer Torkelson,NA,404
679529,2023,438,62,48,91.8,106.2,17.2,112.7,104.9,14.16,10.96,-3.2,-14,22.6,Spencer Torkelson,NA,684
679529,2024,237,16,10,89,104.4,20.2,109,104,6.75,4.22,-2.53,-6,37.5,Spencer Torkelson,NA,381
679529,2025,399,52,38,90.2,104.5,23.1,110.5,104.6,13.03,9.52,-3.51,-14,26.9,Spencer Torkelson,NA,649
679529,2026,98,12,9,90.7,103.7,19.4,109.8,105.1,12.24,9.18,-3.06,-3,25,Spencer Torkelson,NA,189
679631,2022,71,1,1,86,99.2,9.1,104.5,102.4,1.41,1.41,0,0,0,Terrin Vavra,NA,103
679631,2023,39,2,0,84.4,101,5.5,106.3,103.1,5.13,0,-5.13,-2,100,Terrin Vavra,NA,56
679631,2025,1,0,0,100.6,100.6,8,100.6,NA,0,0,0,0,0,Terrin Vavra,NA,1
679822,2024,24,0,0,86.9,102.9,26.9,107.2,NA,0,0,0,0,0,Justin Foscue,NA,44
679822,2025,6,0,0,93,100.3,38.3,101,NA,0,0,0,0,0,Justin Foscue,NA,9
679822,2026,25,4,4,93.6,104.7,13.4,106.9,105.6,16,16,0,0,0,Justin Foscue,NA,37
679845,2023,51,3,1,86.3,100.2,10.8,107.1,99.1,5.88,1.96,-3.92,-2,66.7,Nick Loftin,NA,68
679845,2024,127,4,2,83.1,100.5,10,104.9,101.6,3.15,1.57,-1.58,-2,50,Nick Loftin,NA,171
679845,2025,143,9,6,87.7,102.2,13.8,105.3,102.5,6.29,4.2,-2.09,-3,33.3,Nick Loftin,NA,188
679845,2026,48,3,0,86.7,99.9,15,110.8,99.3,6.25,0,-6.25,-3,100,Nick Loftin,NA,67
679881,2023,26,1,1,86.1,101.6,20,104.4,104.4,3.85,3.85,0,0,0,J.P. Martínez,NA,44
679881,2024,6,0,0,83.7,95.2,0,96.5,NA,0,0,0,0,0,J.P. Martínez,NA,10
680118,2022,3,0,0,83.5,91.7,-11.7,93.9,NA,0,0,0,0,0,Dairon Blanco,NA,7
680118,2023,93,5,4,82.4,103.8,6.4,108.5,105.1,5.38,4.3,-1.08,-1,20,Dairon Blanco,NA,138
680118,2024,90,7,7,83.6,103.2,3,107.4,104.6,7.78,7.78,0,0,0,Dairon Blanco,NA,132
680118,2025,6,0,0,64.2,82.5,7.3,84,NA,0,0,0,0,0,Dairon Blanco,NA,8
680418,2023,5,0,0,85,89.5,29.2,91.9,NA,0,0,0,0,0,Tyler Cropley,NA,7
680474,2024,286,15,7,87.4,101.1,15.6,105.4,101.7,5.24,2.45,-2.79,-8,53.3,Max Schuemann,NA,459
680474,2025,152,3,2,85.5,100.5,11,107.6,104,1.97,1.32,-0.65,-1,33.3,Max Schuemann,NA,213
680474,2026,10,0,0,85.2,98.9,26.3,104.1,NA,0,0,0,0,0,Max Schuemann,NA,19
680552,2022,5,0,0,92.1,101.2,11.6,102.4,NA,0,0,0,0,0,Travis Swaggerty,NA,9
680574,2023,249,25,21,88.9,104,13.2,109.9,103.6,10.04,8.43,-1.61,-4,16,Matt McLain,NA,403
680574,2025,346,24,15,87.9,103.3,15.9,109.9,103.7,6.94,4.34,-2.6,-9,37.5,Matt McLain,NA,577
680574,2026,131,9,5,87.5,102.6,19.6,110.5,103.7,6.87,3.82,-3.05,-4,44.4,Matt McLain,NA,205
680577,2024,12,2,0,84.7,98.2,4.4,104.9,98.2,16.67,0,-16.67,-2,100,DaShawn Keirsey Jr.,NA,14
680577,2025,52,3,0,85.4,101.6,10.6,109,98.8,5.77,0,-5.77,-3,100,DaShawn Keirsey Jr.,NA,88
680686,2021,11,0,0,70.8,99.9,-11.8,101.3,NA,0,0,0,0,0,Josiah Gray,NA,24
680700,2022,92,1,1,84.4,100.2,13.2,104.7,103.2,1.09,1.09,0,0,0,Richie Palacios,NA,123
680700,2023,84,6,4,87.4,100.9,5.7,106.8,100.8,7.14,4.76,-2.38,-2,33.3,Richie Palacios,NA,102
680700,2024,198,5,4,86.2,101.4,14.4,108.5,104.2,2.53,2.02,-0.51,-1,20,Richie Palacios,NA,316
680700,2025,34,2,1,89.9,101.2,10.6,103.3,100.4,5.88,2.94,-2.94,-1,50,Richie Palacios,NA,48
680700,2026,60,3,1,85.4,101,10.3,106.5,104,5,1.67,-3.33,-2,66.7,Richie Palacios,NA,99
680716,2023,3,0,0,90.1,97.1,24.3,97.7,NA,0,0,0,0,0,Jonathan Ornelas,NA,8
680716,2024,25,0,0,91.6,107.5,-0.4,110.2,NA,0,0,0,0,0,Jonathan Ornelas,NA,40
680716,2025,6,0,0,73.6,98.1,-18.5,100.9,NA,0,0,0,0,0,Jonathan Ornelas,NA,10
680718,2024,147,13,10,88.3,106.2,13.2,110.7,105.6,8.84,6.8,-2.04,-3,23.1,Addison Barger,NA,225
680718,2025,341,38,30,91.7,107.9,11.8,116.5,107.4,11.14,8.8,-2.34,-8,21.1,Addison Barger,NA,502
680718,2026,16,0,0,89,104,16.6,108.1,NA,0,0,0,0,0,Addison Barger,NA,28
680728,2024,52,6,3,86.4,103.2,18.8,106.3,103.1,11.54,5.77,-5.77,-3,50,Adrian Del Castillo,NA,87
680728,2025,75,5,3,89.9,104.6,19,108.7,104.4,6.67,4,-2.67,-2,40,Adrian Del Castillo,NA,131
680728,2026,64,4,2,88.4,101.5,15.9,106.7,102.3,6.25,3.12,-3.13,-2,50,Adrian Del Castillo,NA,107
680737,2024,7,0,0,86.1,98.4,19.9,98.8,NA,0,0,0,0,0,Michael Helman,NA,10
680737,2025,81,7,5,79,101.7,16.7,106.6,103.1,8.64,6.17,-2.47,-2,28.6,Michael Helman,NA,110
680737,2026,5,0,0,76.5,88.6,24.8,89.1,NA,0,0,0,0,0,Michael Helman,NA,6
680757,2022,506,7,0,84.7,98.4,11.5,107.1,100.1,1.38,0,-1.38,-7,100,Steven Kwan,NA,638
680757,2023,570,6,4,85.3,97.5,10.3,105.2,100.8,1.05,0.7,-0.35,-2,33.3,Steven Kwan,NA,718
680757,2024,431,11,6,85,99,14.4,105.6,100.4,2.55,1.39,-1.16,-5,45.5,Steven Kwan,NA,540
680757,2025,575,11,4,84.9,98,14.4,104.2,101,1.91,0.7,-1.21,-7,63.6,Steven Kwan,NA,693
680757,2026,151,1,1,80.5,94,12.9,100.8,100.8,0.66,0.66,0,0,0,Steven Kwan,NA,208
680769,2024,5,1,0,79.2,92.6,19.8,98,98,20,0,-20,-1,100,CJ Alexander,NA,8
680769,2025,9,0,0,81.7,93.8,24.4,98.6,NA,0,0,0,0,0,CJ Alexander,NA,17
680776,2021,68,2,1,88.8,102.9,8.5,108.2,100.8,2.94,1.47,-1.47,-1,50,Jarren Duran,NA,112
680776,2022,142,11,6,87.3,102.7,6.6,110.4,103.6,7.75,4.23,-3.52,-5,45.5,Jarren Duran,NA,223
680776,2023,244,11,9,89.4,107.1,10.3,112.6,107.1,4.51,3.69,-0.82,-2,18.2,Jarren Duran,NA,362
680776,2024,514,46,36,90.2,106.9,9.3,113.9,105.4,8.95,7,-1.95,-10,21.7,Jarren Duran,NA,735
680776,2025,454,38,22,91.6,108,12,117.7,106,8.37,4.85,-3.52,-16,42.1,Jarren Duran,NA,696
680776,2026,122,14,7,90.3,107.8,14.5,114.7,105.2,11.48,5.74,-5.74,-7,50,Jarren Duran,NA,192
680777,2021,159,22,22,89.2,105.3,14,111.2,104.3,13.84,13.84,0,0,0,Ryan Jeffers,NA,293
680777,2022,150,19,11,87.3,105.4,16.8,113.2,105.4,12.67,7.33,-5.34,-8,42.1,Ryan Jeffers,NA,236
680777,2023,199,21,19,88.9,105.9,16,117.4,107.5,10.55,9.55,-1,-2,9.5,Ryan Jeffers,NA,335
680777,2024,325,26,20,86.6,104.3,16.1,113.9,105.6,8,6.15,-1.85,-6,23.1,Ryan Jeffers,NA,465
680777,2025,315,18,13,89.3,105.7,15,111,105.2,5.71,4.13,-1.58,-5,27.8,Ryan Jeffers,NA,464
680777,2026,101,16,10,91.2,107.7,21,113.4,105,15.84,9.9,-5.94,-6,37.5,Ryan Jeffers,NA,147
680779,2023,157,9,7,88.6,105.3,12.5,109.9,104.2,5.73,4.46,-1.27,-2,22.2,Henry Davis,NA,255
680779,2024,62,3,3,84.4,102,16.8,111.5,106.2,4.84,4.84,0,0,0,Henry Davis,NA,122
680779,2025,183,20,15,87.6,105.6,22,111.6,105,10.93,8.2,-2.73,-5,25,Henry Davis,NA,283
680779,2026,76,6,3,89.5,105.8,16.4,112.3,104.5,7.89,3.95,-3.94,-3,50,Henry Davis,NA,109
680814,2022,57,6,5,89.1,104.6,19,109.8,107.3,10.53,8.77,-1.76,-1,16.7,Peyton Burdick,NA,102
680814,2023,15,1,1,93.9,108,17.3,111.7,108.1,6.67,6.67,0,0,0,Peyton Burdick,NA,37
680837,2025,37,5,3,87.8,102.4,17.1,110.1,102.3,13.51,8.11,-5.4,-2,40,Ryan Fitzgerald,NA,53
680862,2025,75,3,0,88.8,102.6,10.2,108.7,102.2,4,0,-4,-3,100,Willie MacIver,NA,111
680869,2023,189,19,13,89.5,103.8,11.4,108.5,105.1,10.05,6.88,-3.17,-6,31.6,Zack Gelof,NA,300
680869,2024,316,28,18,88.3,104,13.3,109.1,104.3,8.86,5.7,-3.16,-10,35.7,Zack Gelof,NA,547
680869,2025,48,6,4,87,102.7,14.1,107,104.4,12.5,8.33,-4.17,-2,33.3,Zack Gelof,NA,101
680869,2026,76,8,6,88.5,103.6,14.8,108.1,103.6,10.53,7.89,-2.64,-2,25,Zack Gelof,NA,107
680911,2021,138,8,7,86.4,101.6,5.9,108.2,102.5,5.8,5.07,-0.73,-1,12.5,Owen Miller,NA,202
680911,2022,339,11,7,85.8,102.3,10.1,109.1,103.4,3.24,2.06,-1.18,-4,36.4,Owen Miller,NA,472
680911,2023,233,8,6,86.2,102.2,12.9,107.5,103.8,3.43,2.58,-0.85,-2,25,Owen Miller,NA,314
680911,2024,19,0,0,89.6,102.8,9.7,104.7,NA,0,0,0,0,0,Owen Miller,NA,27
680911,2025,9,0,0,76.7,101.3,-1.6,106.7,NA,0,0,0,0,0,Owen Miller,NA,17
680963,2021,1,0,0,86.9,86.9,40,86.9,NA,0,0,0,0,0,Cody Wilson,NA,1
680977,2022,323,10,5,87.4,101.5,5.7,107,101.7,3.1,1.55,-1.55,-5,50,Brendan Donovan,NA,468
680977,2023,276,16,11,88.4,103.1,9.6,109.1,102.3,5.8,3.99,-1.81,-5,31.2,Brendan Donovan,NA,371
680977,2024,510,26,18,88.3,102.5,12.8,108.7,102.8,5.1,3.53,-1.57,-8,30.8,Brendan Donovan,NA,652
680977,2025,399,32,15,89.1,103.6,11.6,109.6,103.3,8.02,3.76,-4.26,-17,53.1,Brendan Donovan,NA,515
680977,2026,68,3,0,85.9,100.3,14.8,109.6,100.6,4.41,0,-4.41,-3,100,Brendan Donovan,NA,101
681082,2022,339,13,7,87.5,101.7,12.9,108.4,102.5,3.83,2.06,-1.77,-6,46.2,Bryson Stott,NA,466
681082,2023,494,20,13,87.6,100.9,9.7,108,101.7,4.05,2.63,-1.42,-7,35,Bryson Stott,NA,640
681082,2024,421,14,10,86.8,101.6,13.8,109.8,102.9,3.33,2.38,-0.95,-4,28.6,Bryson Stott,NA,571
681082,2025,414,20,16,86.9,102.5,14.6,110.7,104.8,4.83,3.86,-0.97,-4,20,Bryson Stott,NA,560
681082,2026,126,8,3,89,102.9,15.3,109.6,103.6,6.35,2.38,-3.97,-5,62.5,Bryson Stott,NA,166
681146,2022,132,2,0,86.4,100.4,11.7,109,100,1.52,0,-1.52,-2,100,Jonah Bride,NA,187
681146,2023,69,2,1,88.1,100,4.6,104.8,99.4,2.9,1.45,-1.45,-1,50,Jonah Bride,NA,106
681146,2024,184,10,5,87.1,100.6,11.8,105.9,101.8,5.43,2.72,-2.71,-5,50,Jonah Bride,NA,272
681146,2025,74,1,1,87.3,100.4,11.4,104.5,102.1,1.35,1.35,0,0,0,Jonah Bride,NA,125
681198,2026,147,11,7,85.8,103.1,11.4,107.6,103.4,7.48,4.76,-2.72,-4,36.4,TJ Rumfield,NA,200
681297,2023,40,1,0,87.4,103.8,4.7,107.7,106,2.5,0,-2.5,-1,100,Colton Cowser,NA,77
681297,2024,330,43,32,90.3,106,13.1,113.6,105.8,13.03,9.7,-3.33,-11,25.6,Colton Cowser,NA,561
681297,2025,198,28,18,90.6,106,13.5,113.7,105.9,14.14,9.09,-5.05,-10,35.7,Colton Cowser,NA,360
681297,2026,55,4,2,85.2,104.3,6.3,113.3,108.9,7.27,3.64,-3.63,-2,50,Colton Cowser,NA,99
681351,2022,11,0,0,84.3,91.9,24.5,101.2,NA,0,0,0,0,0,Logan O'Hoppe,NA,16
681351,2023,135,20,16,90.5,105.1,19.6,110.4,104,14.81,11.85,-2.96,-4,20,Logan O'Hoppe,NA,199
681351,2024,326,37,30,90.3,105.6,15,111.6,105.3,11.35,9.2,-2.15,-7,18.9,Logan O'Hoppe,NA,522
681351,2025,286,34,18,90.7,104.7,17.1,112.4,105.6,11.89,6.29,-5.6,-16,47.1,Logan O'Hoppe,NA,451
681351,2026,71,6,3,86.7,104.6,16.9,114.3,104.1,8.45,4.23,-4.22,-3,50,Logan O'Hoppe,NA,114
681393,2024,115,17,10,86.2,103.3,17,107.5,102.4,14.78,8.7,-6.08,-7,41.2,Connor Norby,NA,194
681393,2025,223,20,12,88.3,102.8,15.9,109,103.2,8.97,5.38,-3.59,-8,40,Connor Norby,NA,337
681393,2026,100,7,3,87.1,100.5,17.2,105.1,103.4,7,3,-4,-4,57.1,Connor Norby,NA,171
681460,2024,84,3,3,83.8,101.3,24.5,105.9,105.1,3.57,3.57,0,0,0,Brooks Baldwin,NA,121
681460,2025,220,24,17,88,104.4,13.8,110.2,104.5,10.91,7.73,-3.18,-7,29.2,Brooks Baldwin,NA,328
681481,2022,72,8,6,87.2,102.6,14.5,107.3,103.5,11.11,8.33,-2.78,-2,25,Kerry Carpenter,NA,113
681481,2023,301,29,22,90.1,103.9,13.1,109.3,104.3,9.63,7.31,-2.32,-7,24.1,Kerry Carpenter,NA,459
681481,2024,191,33,28,90.5,104.5,17.6,109.6,104.8,17.28,14.66,-2.62,-5,15.2,Kerry Carpenter,NA,296
681481,2025,326,39,26,91.4,104.6,20.9,109.5,105,11.96,7.98,-3.98,-13,33.3,Kerry Carpenter,NA,464
681481,2026,63,6,5,92,103.2,20.7,110.3,104.3,9.52,7.94,-1.58,-1,16.7,Kerry Carpenter,NA,117
681508,2024,10,0,0,90.7,103.6,4.4,104.9,NA,0,0,0,0,0,Mickey Gasper,NA,23
681508,2025,77,1,1,87,102.3,19,108.5,104.5,1.3,1.3,0,0,0,Mickey Gasper,NA,110
681508,2026,26,2,0,91.8,104.2,16.4,105.9,99.8,7.69,0,-7.69,-2,100,Mickey Gasper,NA,33
681526,2022,8,0,0,87.6,99.1,6.4,101.1,NA,0,0,0,0,0,Bryan Lavastida,NA,15
681546,2022,6,0,0,99.6,107.5,16.5,109.5,NA,0,0,0,0,0,James Outman,NA,16
681546,2023,306,31,23,87.5,104.9,15.3,111.4,104.6,10.13,7.52,-2.61,-8,25.8,James Outman,NA,567
681546,2024,81,4,4,87.6,106.5,15.4,110.7,105.6,4.94,4.94,0,0,0,James Outman,NA,156
681546,2025,71,12,10,87.2,106.8,18.3,110.5,107.3,16.9,14.08,-2.82,-2,16.7,James Outman,NA,148
681546,2026,34,0,0,84.7,98.2,19.4,103.3,NA,0,0,0,0,0,James Outman,NA,57
681584,2022,99,8,7,86.8,101.3,17.7,106.1,102.2,8.08,7.07,-1.01,-1,12.5,David Villar,NA,181
681584,2023,80,11,7,87,103.1,19.6,106.8,102.8,13.75,8.75,-5,-4,36.4,David Villar,NA,140
681584,2024,23,3,3,91.3,104.3,15.7,106.7,105.2,13.04,13.04,0,0,0,David Villar,NA,37
681584,2025,15,1,1,81.6,102.5,-0.3,108.5,100.5,6.67,6.67,0,0,0,David Villar,NA,25
681624,2024,298,32,18,88.6,104.7,20.8,112,104.6,10.74,6.04,-4.7,-14,43.8,Andy Pages,NA,443
681624,2025,449,35,23,88.6,104.4,17.1,110.6,104.3,7.8,5.12,-2.68,-12,34.3,Andy Pages,NA,624
681624,2026,146,11,7,90.1,105.9,13.4,109.7,104.2,7.53,4.79,-2.74,-4,36.4,Andy Pages,NA,202
681715,2025,181,20,13,90.2,105.8,14.2,112.8,105.1,11.05,7.18,-3.87,-7,35,Heriberto Hernández,NA,294
681715,2026,65,3,2,90.7,104,11.5,109.9,103.1,4.62,3.08,-1.54,-1,33.3,Heriberto Hernández,NA,97
681807,2023,71,8,6,89.5,101.8,16.6,110.1,102,11.27,8.45,-2.82,-2,25,David Fry,NA,113
681807,2024,255,17,12,88.1,103.3,19.2,108.5,102.6,6.67,4.71,-1.96,-5,29.4,David Fry,NA,392
681807,2025,88,7,3,87.5,104.5,22,107.8,102.9,7.95,3.41,-4.54,-4,57.1,David Fry,NA,157
681807,2026,44,2,0,85.2,100.2,17.2,105.4,100.2,4.55,0,-4.55,-2,100,David Fry,NA,80
681909,2025,1,0,0,80.4,80.4,-39,80.4,NA,0,0,0,0,0,Justin Dean,NA,2
681962,2022,4,0,0,87.3,100.7,-5.2,102,NA,0,0,0,0,0,Vinny Capra,NA,7
681962,2023,14,0,0,76.6,97.1,5.6,98.2,NA,0,0,0,0,0,Vinny Capra,NA,21
681962,2024,6,0,0,77.7,90.4,16.2,92.5,NA,0,0,0,0,0,Vinny Capra,NA,9
681962,2025,74,2,1,83.7,100.6,10.5,103.9,101.2,2.7,1.35,-1.35,-1,50,Vinny Capra,NA,105
681987,2022,80,3,2,85.4,102.1,12.6,107,101.8,3.75,2.5,-1.25,-1,33.3,Nate Eaton,NA,122
681987,2023,31,0,0,84.3,99.3,10.5,102.6,NA,0,0,0,0,0,Nate Eaton,NA,56
681987,2025,64,4,3,88,104.6,7.7,107.9,102.2,6.25,4.69,-1.56,-1,25,Nate Eaton,NA,90
682073,2022,23,1,1,90.3,103.3,-0.4,104.9,104.9,4.35,4.35,0,0,0,David Hensley,NA,34
682073,2023,49,2,2,90.8,104.3,2.4,107,103.6,4.08,4.08,0,0,0,David Hensley,NA,94
682073,2024,35,1,1,82.6,102.3,-9.1,109.5,103.1,2.86,2.86,0,0,0,David Hensley,NA,58
682119,2024,8,0,0,91.6,96.7,3.6,96.8,NA,0,0,0,0,0,Levi Jordan,NA,11
682177,2024,126,6,3,88.5,102.3,11.1,108.3,103.5,4.76,2.38,-2.38,-3,50,Daniel Schneemann,NA,221
682177,2025,262,29,16,88.3,103.4,10.7,111.2,103.5,11.07,6.11,-4.96,-13,44.8,Daniel Schneemann,NA,422
682177,2026,89,6,5,88.7,102.8,13,107.1,104.1,6.74,5.62,-1.12,-1,16.7,Daniel Schneemann,NA,146
682183,2025,11,0,0,84.7,99,1.5,100,NA,0,0,0,0,0,Drew Avans,NA,18
682515,2023,21,1,1,85.6,101,18.1,103.1,103.1,4.76,4.76,0,0,0,Logan Porter,NA,38
682515,2025,5,0,0,89.4,92.4,15.2,93.4,NA,0,0,0,0,0,Logan Porter,NA,9
682617,2023,22,0,0,93,107.5,-5.1,111.8,NA,0,0,0,0,0,Marco Luciano,NA,45
682617,2024,48,3,2,87.9,104.7,12.4,108.1,102.3,6.25,4.17,-2.08,-1,33.3,Marco Luciano,NA,81
682619,2024,2,0,0,75.4,84.4,1,86.6,NA,0,0,0,0,0,Orelvis Martinez,NA,3
682622,2023,89,7,6,91.3,107.8,1.9,115.6,103.1,7.87,6.74,-1.13,-1,14.3,Noelvi Marte,NA,123
682622,2024,155,10,6,87,104.1,11.3,111.5,103.8,6.45,3.87,-2.58,-4,40,Noelvi Marte,NA,242
682622,2025,252,23,16,88.3,105.1,12.8,116.7,105.9,9.13,6.35,-2.78,-7,30.4,Noelvi Marte,NA,360
682622,2026,19,0,0,84.9,101.9,-0.7,106,NA,0,0,0,0,0,Noelvi Marte,NA,31
682626,2022,8,3,1,89.1,108.1,15.2,108.9,105.6,37.5,12.5,-25,-2,66.7,Francisco Alvarez,NA,14
682626,2023,273,35,28,90.1,106.7,12.5,114.1,105.8,12.82,10.26,-2.56,-7,20,Francisco Alvarez,NA,423
682626,2024,223,14,11,88.8,107,6.9,114.8,107.3,6.28,4.93,-1.35,-3,21.4,Francisco Alvarez,NA,342
682626,2025,173,21,16,93.1,108.4,9.7,115,105.9,12.14,9.25,-2.89,-5,23.8,Francisco Alvarez,NA,277
682626,2026,85,13,6,90.3,108.5,8.8,111.7,106.5,15.29,7.06,-8.23,-7,53.8,Francisco Alvarez,NA,128
682634,2024,9,0,0,86.3,106.7,-10,106.9,NA,0,0,0,0,0,Kevin Alcántara,NA,10
682634,2025,7,0,0,92.8,104.7,9.3,107.3,NA,0,0,0,0,0,Kevin Alcántara,NA,12
682641,2023,196,3,3,86.5,103.1,5.9,108.4,101.7,1.53,1.53,0,0,0,Luis Matos,NA,253
682641,2024,127,4,3,86.9,102.5,14.1,109.1,102.5,3.15,2.36,-0.79,-1,25,Luis Matos,NA,156
682641,2025,146,9,6,88,102.2,14.1,111.6,101.6,6.16,4.11,-2.05,-3,33.3,Luis Matos,NA,184
682641,2026,13,0,0,84.1,103.1,19.8,104.5,NA,0,0,0,0,0,Luis Matos,NA,21
682653,2025,114,2,0,85.4,101.4,13.2,108.1,99,1.75,0,-1.75,-2,100,Warming Bernabel,NA,146
682657,2024,121,2,1,85.1,99.5,14.3,106.2,100.3,1.65,0.83,-0.82,-1,50,Angel Martínez,NA,169
682657,2025,345,11,6,85.8,102.2,17.6,107.4,102.9,3.19,1.74,-1.45,-5,45.5,Angel Martínez,NA,484
682657,2026,128,11,7,86.2,105.5,13.5,110.1,104.6,8.59,5.47,-3.12,-4,36.4,Angel Martínez,NA,171
682663,2025,426,44,34,90.8,109.2,8.3,116.9,106.7,10.33,7.98,-2.35,-10,22.7,Agustín Ramírez,NA,585
682663,2026,86,4,3,89.2,107.3,6.3,114.9,107.5,4.65,3.49,-1.16,-1,25,Agustín Ramírez,NA,129
682668,2024,32,2,2,89,106,13.1,109.8,101.7,6.25,6.25,0,0,0,Luisangel Acuña,NA,40
682668,2025,138,2,1,85.4,104.5,3.4,110.3,106.5,1.45,0.72,-0.73,-1,50,Luisangel Acuña,NA,193
682668,2026,74,2,0,88.3,103.1,1.5,109.8,103.7,2.7,0,-2.7,-2,100,Luisangel Acuña,NA,99
682729,2024,44,0,0,86.6,99.9,16.1,105.6,NA,0,0,0,0,0,Jonatan Clase,NA,66
682729,2025,72,5,3,82.9,102.2,13.9,108.1,102.8,6.94,4.17,-2.77,-2,40,Jonatan Clase,NA,112
682818,2026,47,2,1,89.7,106.1,4.7,111.1,100.4,4.26,2.13,-2.13,-1,50,Yohendrick Piñango,NA,60
682829,2023,245,21,16,90.5,109.2,3,119.2,110.3,8.57,6.53,-2.04,-5,23.8,Elly De La Cruz,NA,427
682829,2024,401,49,38,90.9,108.7,9.6,114.7,107.5,12.22,9.48,-2.74,-11,22.4,Elly De La Cruz,NA,696
682829,2025,447,46,32,90.8,107.7,7.7,117.4,106.4,10.29,7.16,-3.13,-14,30.4,Elly De La Cruz,NA,699
682829,2026,134,19,15,94,109.8,12.9,116.3,108.1,14.18,11.19,-2.99,-4,21.1,Elly De La Cruz,NA,222
682848,2023,138,7,6,88.7,100.8,16,110.7,105.1,5.07,4.35,-0.72,-1,14.3,Endy Rodríguez,NA,204
682848,2025,37,1,1,92.2,102.7,16.8,106.2,100.5,2.7,2.7,0,0,0,Endy Rodríguez,NA,57
682848,2026,9,1,1,89.3,99,25.3,103.5,103.5,11.11,11.11,0,0,0,Endy Rodríguez,NA,16
682868,2024,78,3,3,90.1,103.8,11.7,106.4,102.7,3.85,3.85,0,0,0,Bryan Ramos,NA,108
682868,2025,8,1,1,78.4,96.3,20.5,102.5,102.5,12.5,12.5,0,0,0,Bryan Ramos,NA,12
682877,2026,34,1,1,84.3,101.8,14.2,107.2,102.6,2.94,2.94,0,0,0,Juan Brito,NA,56
682927,2025,65,4,3,87,103.3,8.9,108.8,104.3,6.15,4.62,-1.53,-1,25,Ronny Simon,NA,88
682928,2022,235,4,2,85.2,102.5,6.2,109.6,101.2,1.7,0.85,-0.85,-2,50,CJ Abrams,NA,302
682928,2023,451,30,21,86.6,103.7,12.9,112.5,103.7,6.65,4.66,-1.99,-9,30,CJ Abrams,NA,614
682928,2024,416,28,20,88.1,103.7,15.2,110,104,6.73,4.81,-1.92,-8,28.6,CJ Abrams,NA,602
682928,2025,459,31,22,88.6,104.1,13.1,112.7,104.1,6.75,4.79,-1.96,-9,29,CJ Abrams,NA,635
682928,2026,140,14,10,89.7,104.6,16.8,110.8,103.6,10,7.14,-2.86,-4,28.6,CJ Abrams,NA,211
682985,2022,257,22,16,89.5,107.7,3.3,112.1,106.5,8.56,6.23,-2.33,-6,27.3,Riley Greene,NA,418
682985,2023,264,28,23,91.6,107.4,6.6,114.4,106.4,10.61,8.71,-1.9,-5,17.9,Riley Greene,NA,416
682985,2024,357,47,35,91.3,106.8,12.2,114,106,13.17,9.8,-3.37,-12,25.5,Riley Greene,NA,584
682985,2025,404,66,50,89.9,107.8,15,115.1,106.8,16.34,12.38,-3.96,-16,24.2,Riley Greene,NA,655
682985,2026,121,16,13,90.9,106.9,14.9,111.7,106.5,13.22,10.74,-2.48,-3,18.8,Riley Greene,NA,207
682987,2026,10,0,0,96.4,106.9,17.9,111.1,NA,0,0,0,0,0,Spencer Jones,NA,24
682988,2024,25,1,1,87.2,102.6,21.2,111.7,105.7,4,4,0,0,0,Tyler Locklear,NA,49
682988,2025,60,4,4,87.9,105.6,7,108.1,104.2,6.67,6.67,0,0,0,Tyler Locklear,NA,116
682997,2025,5,0,0,89.8,99.8,5.2,100.2,NA,0,0,0,0,0,Tyler Callihan,NA,6
682998,2022,73,4,4,85.8,102.6,9.1,107.5,105.5,5.48,5.48,0,0,0,Corbin Carroll,NA,115
682998,2023,448,32,28,88.3,106,10.7,113.8,105.1,7.14,6.25,-0.89,-4,12.5,Corbin Carroll,NA,645
682998,2024,469,32,23,88.8,106,11.7,111.5,104.3,6.82,4.9,-1.92,-9,28.1,Corbin Carroll,NA,684
682998,2025,413,58,44,92.1,107.4,16.7,115.8,106.6,14.04,10.65,-3.39,-14,24.1,Corbin Carroll,NA,642
682998,2026,117,17,12,91,106.7,13.4,111.8,106,14.53,10.26,-4.27,-5,29.4,Corbin Carroll,NA,190
683002,2022,82,8,7,92.4,107.1,2,111.1,106.7,9.76,8.54,-1.22,-1,12.5,Gunnar Henderson,NA,132
683002,2023,403,43,38,92,106.9,11.4,113.8,106.3,10.67,9.43,-1.24,-5,11.6,Gunnar Henderson,NA,622
683002,2024,474,50,39,92.8,108.1,9.4,113.1,105.8,10.55,8.23,-2.32,-11,22,Gunnar Henderson,NA,719
683002,2025,441,34,21,92.1,106.8,9.5,113.9,104.9,7.71,4.76,-2.95,-13,38.2,Gunnar Henderson,NA,651
683002,2026,147,13,7,89.8,105,14.6,111.9,105.1,8.84,4.76,-4.08,-6,46.2,Gunnar Henderson,NA,225
683011,2023,377,32,27,88.1,103.1,13.8,108.7,103.3,8.49,7.16,-1.33,-5,15.6,Anthony Volpe,NA,601
683011,2024,483,15,8,87,102.2,8.1,108.7,102.5,3.11,1.66,-1.45,-7,46.7,Anthony Volpe,NA,689
683011,2025,399,41,19,88.8,103.8,12.2,110.5,103.7,10.28,4.76,-5.52,-22,53.7,Anthony Volpe,NA,596
683011,2026,15,0,0,88.6,100.9,24.1,104.5,NA,0,0,0,0,0,Anthony Volpe,NA,27
683021,2022,50,1,0,83.5,97.6,4.9,104.2,100.7,2,0,-2,-1,100,Michael Stefanic,NA,69
683021,2023,54,0,0,86.6,97.7,8.6,102.2,NA,0,0,0,0,0,Michael Stefanic,NA,71
683021,2024,91,1,1,83.8,99.1,6.4,104,104,1.1,1.1,0,0,0,Michael Stefanic,NA,124
683021,2025,19,1,0,90.7,99.9,10.7,102.8,98.5,5.26,0,-5.26,-1,100,Michael Stefanic,NA,25
683021,2026,4,0,0,88.8,90.9,-9.5,91.5,NA,0,0,0,0,0,Michael Stefanic,NA,5
683079,2026,2,0,0,88.8,97.4,17,99.6,NA,0,0,0,0,0,Omar Martinez,NA,3
683083,2024,50,0,0,72.5,99.9,-8.4,103,NA,0,0,0,0,0,Nasim Nuñez,NA,78
683083,2025,64,3,2,86.4,101.8,4.9,108.6,101.9,4.69,3.12,-1.57,-1,33.3,Nasim Nuñez,NA,92
683083,2026,110,0,0,79.7,98.5,7.1,103.2,NA,0,0,0,0,0,Nasim Nuñez,NA,169
683090,2025,45,6,3,88.2,106.7,13,108.1,104.3,13.33,6.67,-6.66,-3,50,Matthew Lugo,NA,70
683146,2022,30,2,1,91.1,104.6,10,113,101.3,6.67,3.33,-3.34,-1,50,Brett Baty,NA,42
683146,2023,247,17,14,89.3,107.3,6.7,113.7,106.1,6.88,5.67,-1.21,-3,17.6,Brett Baty,NA,389
683146,2024,112,6,6,85.7,105.6,9.7,112,109,5.36,5.36,0,0,0,Brett Baty,NA,171
683146,2025,287,35,24,90.5,107,5.6,115.6,106.6,12.2,8.36,-3.84,-11,31.4,Brett Baty,NA,432
683146,2026,103,10,4,90,105.6,8.6,111.7,105.2,9.71,3.88,-5.83,-6,60,Brett Baty,NA,165
683227,2025,95,4,1,85,100.7,10.5,104.3,101.1,4.21,1.05,-3.16,-3,75,Cody Freeman,NA,121
683357,2025,15,2,2,87.3,102.7,13.9,114,109.6,13.33,13.33,0,0,0,Owen Caissie,NA,27
683357,2026,67,8,7,90.7,107.5,13.9,112.6,108,11.94,10.45,-1.49,-1,12.5,Owen Caissie,NA,132
683679,2026,26,0,0,85.5,97.4,5.3,101.5,NA,0,0,0,0,0,Jesus Rodriguez,NA,33
683734,2021,319,34,27,91.1,105.8,9.7,115,104.4,10.66,8.46,-2.2,-7,20.6,Andrew Vaughn,NA,469
683734,2022,412,30,20,90.8,104.4,7.4,112.1,103.5,7.28,4.85,-2.43,-10,33.3,Andrew Vaughn,NA,555
683734,2023,439,37,31,90.6,105.9,11.2,111.7,105.3,8.43,7.06,-1.37,-6,16.2,Andrew Vaughn,NA,615
683734,2024,443,41,34,90.3,105.2,16.6,112.2,103.9,9.26,7.67,-1.59,-7,17.1,Andrew Vaughn,NA,619
683734,2025,333,39,21,91.4,105.6,13.2,111.2,104,11.71,6.31,-5.4,-18,46.2,Andrew Vaughn,NA,447
683734,2026,31,1,0,89.1,102.8,7.8,104.9,102.8,3.23,0,-3.23,-1,100,Andrew Vaughn,NA,43
683737,2023,46,3,3,89.1,104.6,4.7,108.3,107.2,6.52,6.52,0,0,0,Michael Busch,NA,81
683737,2024,337,37,31,89.7,105.3,17.1,109.3,105.1,10.98,9.2,-1.78,-6,16.2,Michael Busch,NA,567
683737,2025,386,65,46,92.1,105.4,16.9,111.9,104.8,16.84,11.92,-4.92,-19,29.2,Michael Busch,NA,592
683737,2026,130,15,5,88.2,102.1,14.7,108.7,102.8,11.54,3.85,-7.69,-10,66.7,Michael Busch,NA,214
683748,2025,28,2,1,89.6,104.8,12.1,106,102.6,7.14,3.57,-3.57,-1,50,Victor Mesa Jr.,NA,38
683766,2025,134,8,5,84.9,104.1,4.1,108.1,103.3,5.97,3.73,-2.24,-3,37.5,Christian Koss,NA,191
683766,2026,12,0,0,83.5,95.9,19.2,100.1,NA,0,0,0,0,0,Christian Koss,NA,15
683770,2025,44,3,0,85.1,100.6,25.1,109.4,103.4,6.82,0,-6.82,-3,100,Will Robertson,NA,75
683953,2026,55,2,2,87.3,101.9,10.1,108.1,101.4,3.64,3.64,0,0,0,Travis Bazzana,NA,84
685133,2023,31,0,0,80,97.8,6.1,99.7,NA,0,0,0,0,0,Wade Meckler,NA,64
685301,2025,25,3,2,85.3,102.2,8.5,115.2,107.3,12,8,-4,-1,33.3,Matt Gorski,NA,42
685503,2021,1,0,0,93.3,93.3,-17,93.3,NA,0,0,0,0,0,Kohei Arihara,NA,2
685744,2025,1,0,0,92.4,92.4,-21,92.4,NA,0,0,0,0,0,Kenedy Corona,NA,4
686217,2023,157,4,2,83.1,100,7.9,106.2,101.4,2.55,1.27,-1.28,-2,50,Sal Frelick,NA,223
686217,2024,399,3,1,82.3,100.2,9.2,106.6,100.4,0.75,0.25,-0.5,-2,66.7,Sal Frelick,NA,524
686217,2025,454,11,6,84.8,100.3,11.7,109.1,101.5,2.42,1.32,-1.1,-5,45.5,Sal Frelick,NA,594
686217,2026,135,4,3,84.2,102,9.1,107.2,104.8,2.96,2.22,-0.74,-1,25,Sal Frelick,NA,176
686452,2023,24,2,2,82.4,101.9,1.4,103.3,102.9,8.33,8.33,0,0,0,Drew Millas,NA,33
686452,2024,41,1,1,85.7,102,0.9,105.7,102,2.44,2.44,0,0,0,Drew Millas,NA,62
686452,2025,44,1,0,83.1,100.7,7.6,106.2,101.3,2.27,0,-2.27,-1,100,Drew Millas,NA,55
686452,2026,54,2,0,79.7,98.9,7,104.9,103,3.7,0,-3.7,-2,100,Drew Millas,NA,88
686469,2022,225,18,13,91,105.7,11.9,112.7,104.3,8,5.78,-2.22,-5,27.8,Vinnie Pasquantino,NA,298
686469,2023,200,13,10,89.1,104.2,17.3,109.8,104.4,6.5,5,-1.5,-3,23.1,Vinnie Pasquantino,NA,260
686469,2024,439,30,24,90.9,105.4,14.5,112.2,105,6.83,5.47,-1.36,-6,20,Vinnie Pasquantino,NA,554
686469,2025,517,52,31,90.7,105.7,16.4,114.4,105.1,10.06,6,-4.06,-21,40.4,Vinnie Pasquantino,NA,682
686469,2026,138,11,5,88.5,103.7,20.2,108.1,103.5,7.97,3.62,-4.35,-6,54.5,Vinnie Pasquantino,NA,201
686475,2025,42,1,1,85.7,101.1,9.4,106.1,101.1,2.38,2.38,0,0,0,Tyler Tolbert,NA,57
686475,2026,4,0,0,80.7,101.5,-26.5,102.8,NA,0,0,0,0,0,Tyler Tolbert,NA,5
686482,2024,29,1,1,86.6,103.6,0.6,105.6,105.5,3.45,3.45,0,0,0,Logan Driscoll,NA,37
686490,2023,4,1,0,84.4,96,-13.2,100.1,100.1,25,0,-25,-1,100,Cam Eden,NA,6
686527,2023,141,16,9,89.7,105.2,16.4,111.6,104.1,11.35,6.38,-4.97,-7,43.8,Dominic Canzone,NA,182
686527,2024,117,13,10,89.9,106.9,9.1,110.5,106.6,11.11,8.55,-2.56,-3,23.1,Dominic Canzone,NA,188
686527,2025,186,25,14,92.4,107.8,10.5,115.9,106.7,13.44,7.53,-5.91,-11,44,Dominic Canzone,NA,268
686527,2026,78,10,6,93,107.9,16,114.1,107.3,12.82,7.69,-5.13,-4,40,Dominic Canzone,NA,118
686531,2023,27,0,0,87.3,98.4,16.6,103.1,NA,0,0,0,0,0,Andre Lipcius,NA,38
686554,2024,56,2,2,87.3,104.2,5.2,110.7,102.7,3.57,3.57,0,0,0,Oliver Dunn,NA,104
686554,2025,28,0,0,80.7,103.3,-1.5,109.1,NA,0,0,0,0,0,Oliver Dunn,NA,41
686555,2024,7,0,0,87.2,99,23.4,103.7,NA,0,0,0,0,0,Isaac Collins,NA,19
686555,2025,284,13,5,87.8,104,11.6,111.2,101.4,4.58,1.76,-2.82,-8,61.5,Isaac Collins,NA,441
686555,2026,94,9,1,89.3,105.2,17.8,110.9,105.2,9.57,1.06,-8.51,-8,88.9,Isaac Collins,NA,161
686611,2024,93,7,5,89,105.3,8.7,109.6,105.4,7.53,5.38,-2.15,-2,28.6,Dylan Crews,NA,132
686611,2025,214,20,14,89.7,106.5,8.8,111.1,104.6,9.35,6.54,-2.81,-6,30,Dylan Crews,NA,322
686611,2026,6,0,0,87.3,91.6,15.2,93.6,NA,0,0,0,0,0,Dylan Crews,NA,8
686668,2023,252,21,18,85.1,103.2,9.8,111,104.2,8.33,7.14,-1.19,-3,14.3,Brenton Doyle,NA,431
686668,2024,400,38,29,88.4,106.1,12.6,110.1,105,9.5,7.25,-2.25,-9,23.7,Brenton Doyle,NA,603
686668,2025,368,37,20,89.2,105.2,9.3,111.3,104.5,10.05,5.43,-4.62,-17,45.9,Brenton Doyle,NA,538
686668,2026,68,4,2,86.9,104.3,6,109.4,106.6,5.88,2.94,-2.94,-2,50,Brenton Doyle,NA,122
686676,2022,16,0,0,83.7,98.6,10.5,101.1,NA,0,0,0,0,0,Korey Lee,NA,26
686676,2023,45,2,2,85.3,99.8,8.3,105.4,102.4,4.44,4.44,0,0,0,Korey Lee,NA,70
686676,2024,254,17,11,87.5,104.1,8.6,110,105.1,6.69,4.33,-2.36,-6,35.3,Korey Lee,NA,394
686676,2025,29,1,1,84.6,102.7,12.9,106,101.7,3.45,3.45,0,0,0,Korey Lee,NA,40
686681,2022,130,16,12,86.8,102.2,14.9,108.8,102.8,12.31,9.23,-3.08,-4,25,Michael Massey,NA,194
686681,2023,334,24,20,87.8,104.4,19,110.3,104.3,7.19,5.99,-1.2,-4,16.7,Michael Massey,NA,461
686681,2024,282,19,11,88.5,102.1,15.9,110,101.7,6.74,3.9,-2.84,-8,42.1,Michael Massey,NA,356
686681,2025,224,7,2,86.8,102.1,22.1,108.5,102.3,3.12,0.89,-2.23,-5,71.4,Michael Massey,NA,277
686681,2026,74,7,3,91.3,102.8,17.4,107.2,102.6,9.46,4.05,-5.41,-4,57.1,Michael Massey,NA,97
686759,2023,24,0,0,88.7,102.7,-1.3,106.8,NA,0,0,0,0,0,TJ Hopkins,NA,44
686765,2024,54,1,1,86.5,99.6,15.7,101.6,101.6,1.85,1.85,0,0,0,Nick Sogard,NA,86
686765,2025,72,3,2,86,99.8,11.6,107.7,103,4.17,2.78,-1.39,-1,33.3,Nick Sogard,NA,104
686765,2026,11,0,0,77,100.7,-1.8,101.1,NA,0,0,0,0,0,Nick Sogard,NA,16
686780,2024,145,6,6,88.6,103.9,11.4,109.7,105.9,4.14,4.14,0,0,0,Pedro Pagés,NA,218
686780,2025,257,16,9,87.3,103.7,12.2,111.7,104.9,6.23,3.5,-2.73,-7,43.8,Pedro Pagés,NA,389
686780,2026,77,5,4,84.2,103,10.4,108.9,104.8,6.49,5.19,-1.3,-1,20,Pedro Pagés,NA,112
686797,2024,146,5,1,85.8,99.8,12.4,107.4,100.2,3.42,0.68,-2.74,-4,80,Brooks Lee,NA,185
686797,2025,400,21,12,88.4,101.5,13.1,110.3,103.3,5.25,3,-2.25,-9,42.9,Brooks Lee,NA,527
686797,2026,134,6,3,85.8,100.7,11.5,108,103.6,4.48,2.24,-2.24,-3,50,Brooks Lee,NA,178
686823,2022,37,1,1,89.8,102.4,5.5,108.8,101.9,2.7,2.7,0,0,0,Will Brennan,NA,45
686823,2023,377,9,5,85.7,100.7,9.4,106.9,102.3,2.39,1.33,-1.06,-4,44.4,Will Brennan,NA,455
686823,2024,283,13,3,85.7,101.9,12.9,109,101.8,4.59,1.06,-3.53,-10,76.9,Will Brennan,NA,353
686823,2025,10,0,0,82.2,97,8.2,102.8,NA,0,0,0,0,0,Will Brennan,NA,13
686823,2026,15,0,0,85.3,100.7,14.1,103.1,NA,0,0,0,0,0,Will Brennan,NA,18
686894,2023,253,22,20,89.3,104.5,10.5,112.8,104.5,8.7,7.91,-0.79,-2,9.1,Joey Wiemer,NA,410
686894,2024,17,1,1,82.8,100.1,17.9,104.1,104.1,5.88,5.88,0,0,0,Joey Wiemer,NA,28
686894,2025,34,5,4,91.4,102.6,6.5,107.6,103.9,14.71,11.76,-2.95,-1,20,Joey Wiemer,NA,61
686894,2026,40,4,2,87.4,103.4,1.4,110.5,105,10,5,-5,-2,50,Joey Wiemer,NA,83
686948,2025,337,36,24,91.7,106.3,6.6,112.5,104.7,10.68,7.12,-3.56,-12,33.3,Drake Baldwin,NA,446
686948,2026,145,24,15,92.8,107.4,12.1,110.7,105.2,16.55,10.34,-6.21,-9,37.5,Drake Baldwin,NA,216
687093,2022,108,7,6,84.6,101.4,9,107.1,102.4,6.48,5.56,-0.92,-1,14.3,Vaughn Grissom,NA,156
687093,2023,61,3,3,85.3,101.6,4.6,107.7,102.7,4.92,4.92,0,0,0,Vaughn Grissom,NA,80
687093,2024,82,2,1,86.1,101.8,8.4,105.1,99.3,2.44,1.22,-1.22,-1,50,Vaughn Grissom,NA,114
687093,2026,82,5,2,90,103.7,10.9,108.6,103.3,6.1,2.44,-3.66,-3,60,Vaughn Grissom,NA,104
687221,2025,86,12,9,90.8,107,17.2,112,106.5,13.95,10.47,-3.48,-3,25,Dalton Rushing,NA,155
687221,2026,50,5,5,87.2,105.4,17.3,109.3,105.4,10,10,0,0,0,Dalton Rushing,NA,83
687231,2024,96,1,0,85.5,102.2,10.4,107.7,101.4,1.04,0,-1.04,-1,100,Darell Hernaiz,NA,135
687231,2025,156,5,4,83.9,101.4,5.2,109.2,103.1,3.21,2.56,-0.65,-1,20,Darell Hernaiz,NA,197
687231,2026,66,1,0,82.6,100.6,15.1,108.5,98.9,1.52,0,-1.52,-1,100,Darell Hernaiz,NA,92
687263,2023,216,19,13,88.5,104.3,14.2,109.9,104,8.8,6.02,-2.78,-6,31.6,Zach Neto,NA,329
687263,2024,405,33,26,87.6,104.8,11.2,111.3,105.1,8.15,6.42,-1.73,-7,21.2,Zach Neto,NA,602
687263,2025,358,47,33,90.2,105.7,17,111.3,105.5,13.13,9.22,-3.91,-14,29.8,Zach Neto,NA,554
687263,2026,126,13,12,89.1,104.3,21.4,107.8,105.3,10.32,9.52,-0.8,-1,7.7,Zach Neto,NA,230
687363,2024,105,4,1,85.1,102.9,11,107.1,103.2,3.81,0.95,-2.86,-3,75,Victor Scott II,NA,155
687363,2025,298,10,4,80,100.9,11.3,106.7,101.9,3.36,1.34,-2.02,-6,60,Victor Scott II,NA,463
687363,2026,89,1,1,78.9,99.4,2.9,105.4,105.4,1.12,1.12,0,0,0,Victor Scott II,NA,135
687401,2023,24,1,1,88.1,108.3,0,109.8,100.3,4.17,4.17,0,0,0,Joey Ortiz,NA,34
687401,2024,344,15,10,86.9,104.6,9.4,111.5,103.9,4.36,2.91,-1.45,-5,33.3,Joey Ortiz,NA,511
687401,2025,399,11,5,83.6,103.7,12.8,109.8,103.1,2.76,1.25,-1.51,-6,54.5,Joey Ortiz,NA,506
687401,2026,85,2,1,84.1,100.9,5.4,110.8,100.9,2.35,1.18,-1.17,-1,50,Joey Ortiz,NA,119
687462,2023,27,2,2,87,102.2,1.6,103.5,101.4,7.41,7.41,0,0,0,Spencer Horwitz,NA,44
687462,2024,262,20,15,88.2,102,13.7,108.1,102.4,7.63,5.73,-1.9,-5,25,Spencer Horwitz,NA,381
687462,2025,290,22,10,87.4,102.5,15.7,107.3,103.4,7.59,3.45,-4.14,-12,54.5,Spencer Horwitz,NA,411
687462,2026,113,4,2,86.1,100.9,15,108,104.1,3.54,1.77,-1.77,-2,50,Spencer Horwitz,NA,160
687478,2025,15,1,0,90.5,101.4,27.5,107,107,6.67,0,-6.67,-1,100,Cam Devanney,NA,38
687515,2025,75,9,7,91.4,108.3,20.3,115.5,107.7,12,9.33,-2.67,-2,22.2,Colby Thomas,NA,132
687515,2026,25,4,1,89.1,104,12.6,108.1,101.2,16,4,-12,-3,75,Colby Thomas,NA,35
687529,2024,68,7,6,86.7,106,4.7,108.9,104.9,10.29,8.82,-1.47,-1,14.3,Grant McCray,NA,130
687529,2025,13,2,1,82.8,103.4,13.4,107.8,106,15.38,7.69,-7.69,-1,50,Grant McCray,NA,26
687551,2025,81,4,3,85.9,102.2,10.9,109.8,105,4.94,3.7,-1.24,-1,25,Drew Gilbert,NA,109
687551,2026,68,1,1,82.1,102.6,16.3,105.1,101.6,1.47,1.47,0,0,0,Drew Gilbert,NA,97
687597,2024,106,7,7,86.1,103.8,13.4,111.5,104.9,6.6,6.6,0,0,0,Jordan Beck,NA,184
687597,2025,364,33,19,86.6,105.3,12.8,113.8,104.6,9.07,5.22,-3.85,-14,42.4,Jordan Beck,NA,588
687597,2026,60,2,2,84.4,101.1,15.1,108.1,105.3,3.33,3.33,0,0,0,Jordan Beck,NA,88
687637,2025,75,7,6,88,103.4,20.6,107.7,105.6,9.33,8,-1.33,-1,14.3,Dylan Beavers,NA,137
687637,2026,77,4,2,86.5,103.3,14.6,109.6,102.4,5.19,2.6,-2.59,-2,50,Dylan Beavers,NA,119
687799,2023,55,3,3,86.6,101.3,20.8,104.1,102.3,5.45,5.45,0,0,0,Cade Marlowe,NA,100
687799,2024,7,0,0,81.9,89.8,14,94,NA,0,0,0,0,0,Cade Marlowe,NA,9
687859,2025,85,7,5,89,103.6,14.4,106.1,103,8.24,5.88,-2.36,-2,28.6,Troy Johnston,NA,121
687859,2026,112,3,2,87.7,101.5,10.6,106.3,102.3,2.68,1.79,-0.89,-1,33.3,Troy Johnston,NA,160
687952,2023,153,15,14,90.3,105.8,18.6,111.8,106.2,9.8,9.15,-0.65,-1,6.7,Christian Encarnacion-Strand,NA,241
687952,2024,82,7,7,87.8,104.7,15.5,113.3,107.6,8.54,8.54,0,0,0,Christian Encarnacion-Strand,NA,123
687952,2025,100,9,7,87.9,105.8,21,111.4,106.9,9,7,-2,-2,22.2,Christian Encarnacion-Strand,NA,137
687957,2024,4,1,0,97.5,101.9,27,102.1,98.6,25,0,-25,-1,100,Dustin Harris,NA,7
687957,2025,27,1,1,86.8,99.4,16.1,106.4,102.9,3.7,3.7,0,0,0,Dustin Harris,NA,43
687957,2026,38,0,0,81.4,99.8,11.3,103.9,NA,0,0,0,0,0,Dustin Harris,NA,52
688363,2024,17,1,1,85.8,100.1,17.8,105,105,5.88,5.88,0,0,0,Graham Pauley,NA,32
688363,2025,127,7,6,86.3,102.2,16.6,111.1,102.2,5.51,4.72,-0.79,-1,14.3,Graham Pauley,NA,184
688363,2026,57,2,1,82.5,101,20.1,105.1,103.9,3.51,1.75,-1.76,-1,50,Graham Pauley,NA,81
688760,2025,39,6,5,92.2,105.7,14.9,111.4,104.1,15.38,12.82,-2.56,-1,16.7,Blaine Crim,NA,74
689041,2025,9,0,0,83.7,98.8,14.4,101.4,NA,0,0,0,0,0,Rhylan Thomas,NA,10
689172,2023,82,5,5,83.1,100.7,14.3,108.4,103.2,6.1,6.1,0,0,0,Brett Wisely,NA,131
689172,2024,189,10,4,85.2,101.4,14.6,107,102.2,5.29,2.12,-3.17,-6,60,Brett Wisely,NA,272
689172,2025,42,3,0,85.1,100.8,23.3,106.1,100.4,7.14,0,-7.14,-3,100,Brett Wisely,NA,63
689200,2025,41,2,2,88.1,105.9,-5.6,111.3,109.1,4.88,4.88,0,0,0,Jacob Melton,NA,78
689414,2025,280,9,3,83.8,100.6,10.5,108.5,101.8,3.21,1.07,-2.14,-6,66.7,Liam Hicks,NA,390
689414,2026,140,8,4,87.7,102.3,15.3,107.5,102.5,5.71,2.86,-2.85,-4,50,Liam Hicks,NA,174
690022,2025,130,2,2,82.1,100.6,6.5,108.4,102.3,1.54,1.54,0,0,0,Ryan Ritter,NA,207
690022,2026,4,0,0,90.6,94.4,29.8,96,NA,0,0,0,0,0,Ryan Ritter,NA,7
690291,2024,50,1,1,86.4,104.2,11.1,107.4,102.5,2,2,0,0,0,Jace Jung,NA,94
690291,2025,31,1,0,88.3,104.8,13.3,107.3,107.3,3.23,0,-3.23,-1,100,Jace Jung,NA,55
690291,2026,5,0,0,85.5,101.1,23.4,107.1,NA,0,0,0,0,0,Jace Jung,NA,8
690924,2025,75,4,2,87.3,104.7,19.7,112.7,105.1,5.33,2.67,-2.66,-2,50,Braxton Fulford,NA,120
690924,2026,5,0,0,93.2,101.4,23.8,103.8,NA,0,0,0,0,0,Braxton Fulford,NA,10
690976,2025,50,3,2,87.2,101.3,18.7,107.2,103.1,6,4,-2,-1,33.3,Alex Freeland,NA,97
690976,2026,69,6,2,86.5,103.3,5.1,106.8,102.7,8.7,2.9,-5.8,-4,66.7,Alex Freeland,NA,112
690984,2025,4,0,0,72,87.5,-12.2,89.8,NA,0,0,0,0,0,Petey Halpin,NA,8
690984,2026,15,1,0,84.3,103.6,20.5,107.3,98.4,6.67,0,-6.67,-1,100,Petey Halpin,NA,21
690987,2025,134,9,5,87.2,103.7,6.8,109.1,103.1,6.72,3.73,-2.99,-4,44.4,Robert Hassell III,NA,206
690993,2024,408,22,14,87.8,103.4,11.3,109.4,102.8,5.39,3.43,-1.96,-8,36.4,Colt Keith,NA,556
690993,2025,316,28,18,90,105.2,13.3,110,105.2,8.86,5.7,-3.16,-10,35.7,Colt Keith,NA,468
690993,2026,106,4,4,89.3,104.3,14.3,109.6,103,3.77,3.77,0,0,0,Colt Keith,NA,147
691011,2024,33,1,1,82.2,96.1,14.7,101,101,3.03,3.03,0,0,0,Drew Romo,NA,53
691011,2026,34,4,4,83.4,103.9,7.3,108.6,105.5,11.76,11.76,0,0,0,Drew Romo,NA,54
691016,2023,83,5,5,89.3,106.8,5.7,111.6,104.5,6.02,6.02,0,0,0,Tyler Soderstrom,NA,138
691016,2024,137,19,17,91.9,106.1,9.6,112.1,105.6,13.87,12.41,-1.46,-2,10.5,Tyler Soderstrom,NA,213
691016,2025,420,46,30,91.5,107.2,8.1,114,105.6,10.95,7.14,-3.81,-16,34.8,Tyler Soderstrom,NA,624
691016,2026,134,15,8,90.2,106.6,14.9,113.2,105.4,11.19,5.97,-5.22,-7,46.7,Tyler Soderstrom,NA,196
691019,2025,178,14,12,87.7,103.8,13.8,113.7,105,7.87,6.74,-1.13,-2,14.3,Kyle Teel,NA,297
691023,2023,317,22,16,89.4,107,10.4,114.3,106.2,6.94,5.05,-1.89,-6,27.3,Jordan Walker,NA,465
691023,2024,116,11,7,91.2,105.2,9.4,115.5,104.1,9.48,6.03,-3.45,-4,36.4,Jordan Walker,NA,178
691023,2025,238,26,19,92.3,110,10.3,117.9,106.9,10.92,7.98,-2.94,-7,26.9,Jordan Walker,NA,396
691023,2026,128,21,14,94.4,110.6,13.8,115.6,107.3,16.41,10.94,-5.47,-7,33.3,Jordan Walker,NA,201
691026,2023,101,2,1,84.3,100.4,12.4,103.9,100,1.98,0.99,-0.99,-1,50,Masyn Winn,NA,137
691026,2024,485,17,13,86,103.4,12.9,111.1,104.3,3.51,2.68,-0.83,-4,23.5,Masyn Winn,NA,637
691026,2025,393,17,7,87.3,103.9,15.5,110,102.7,4.33,1.78,-2.55,-10,58.8,Masyn Winn,NA,537
691026,2026,125,4,0,86,102.7,13.1,108.5,102,3.2,0,-3.2,-4,100,Masyn Winn,NA,179
691176,2023,23,4,4,89.6,102.7,-0.8,110.2,103.9,17.39,17.39,0,0,0,Jasson Domínguez,NA,33
691176,2024,37,4,2,89.4,107,5.1,109.3,106.4,10.81,5.41,-5.4,-2,50,Jasson Domínguez,NA,67
691176,2025,270,19,13,90.6,106.7,13,112.1,104.9,7.04,4.81,-2.23,-6,31.6,Jasson Domínguez,NA,429
691176,2026,26,0,0,91.9,106.3,11.3,110.8,NA,0,0,0,0,0,Jasson Domínguez,NA,32
691182,2024,28,2,1,88.2,101,17.2,103.6,99.7,7.14,3.57,-3.57,-1,50,Adael Amador,NA,36
691182,2025,88,3,2,81.7,100.8,10.3,103.5,100.7,3.41,2.27,-1.14,-1,33.3,Adael Amador,NA,128
691185,2025,37,5,5,93.5,104.9,9.9,108,103.6,13.51,13.51,0,0,0,Maximo Acosta,NA,61
691277,2026,4,1,0,92.9,102.2,-8.2,106.2,106.2,25,0,-25,-1,100,Deyvison De Los Santos,NA,7
691373,2025,2,0,0,91.8,94.8,11,95.6,NA,0,0,0,0,0,Jhostynxon Garcia,NA,9
691373,2026,6,0,0,78.6,92.7,24.2,95.1,NA,0,0,0,0,0,Jhostynxon Garcia,NA,9
691406,2023,26,3,2,85.4,108.3,-0.4,112,108.4,11.54,7.69,-3.85,-1,33.3,Junior Caminero,NA,36
691406,2024,126,14,8,89.7,108.2,7.4,116.3,105.8,11.11,6.35,-4.76,-6,42.9,Junior Caminero,NA,177
691406,2025,483,66,52,92.4,109.5,10.8,116.7,106.5,13.66,10.77,-2.89,-14,21.2,Junior Caminero,NA,653
691406,2026,149,19,13,92.2,111,9.8,116.9,109,12.75,8.72,-4.03,-6,31.6,Junior Caminero,NA,210
691594,2024,31,0,0,86.2,99.3,8.6,105.3,NA,0,0,0,0,0,Javier Sanoja,NA,36
691594,2025,278,3,3,86.4,102.2,8.9,107.3,102.2,1.08,1.08,0,0,0,Javier Sanoja,NA,342
691594,2026,86,1,0,87.9,103.2,12,106.2,105.4,1.16,0,-1.16,-1,100,Javier Sanoja,NA,107
691620,2026,1,0,0,85.6,85.6,2,85.6,NA,0,0,0,0,0,Jeferson Quero,NA,2
691718,2023,9,1,1,71.4,101.7,5.1,105,100.9,11.11,11.11,0,0,0,Pete Crow-Armstrong,NA,19
691718,2024,285,20,10,84.6,101.7,13.8,107.2,102.4,7.02,3.51,-3.51,-10,50,Pete Crow-Armstrong,NA,410
691718,2025,451,57,38,88,105.2,18.8,113.2,105.1,12.64,8.43,-4.21,-19,33.3,Pete Crow-Armstrong,NA,647
691718,2026,129,10,7,88.4,105.7,15.2,111.5,106,7.75,5.43,-2.32,-3,30,Pete Crow-Armstrong,NA,203
691720,2025,97,1,0,87.9,102.7,12.2,107.5,102.6,1.03,0,-1.03,-1,100,Kyle Karros,NA,156
691720,2026,99,4,2,89.1,105.3,10.9,111.8,105.3,4.04,2.02,-2.02,-2,50,Kyle Karros,NA,161
691723,2024,19,0,0,84.7,98.7,6.1,104.3,NA,0,0,0,0,0,Coby Mayo,NA,46
691723,2025,178,16,11,87.3,105.8,20.7,109.8,105.2,8.99,6.18,-2.81,-5,31.2,Coby Mayo,NA,294
691723,2026,85,7,5,90.9,109.9,19.3,116.5,108.6,8.24,5.88,-2.36,-2,28.6,Coby Mayo,NA,140
691728,2025,20,1,1,85.9,102.1,13.7,109.2,103.4,5,5,0,0,0,Zac Veen,NA,37
691740,2026,30,2,1,88.9,103.8,16.8,104.7,102.6,6.67,3.33,-3.34,-1,50,Daniel Susac,NA,41
691777,2025,138,14,11,86.3,106.3,10.6,112.6,106.4,10.14,7.97,-2.17,-3,21.4,Max Muncy,NA,220
691777,2026,57,6,5,92.5,106.4,10.5,111.4,105.8,10.53,8.77,-1.76,-1,16.7,Max Muncy,NA,104
691781,2025,187,8,4,89.8,105.7,5.8,111.5,105,4.28,2.14,-2.14,-4,50,Brady House,NA,274
691781,2026,113,12,8,89,106.2,5.5,113.4,106.3,10.62,7.08,-3.54,-4,33.3,Brady House,NA,177
691783,2023,20,0,0,75.9,86.6,11.1,99.1,NA,0,0,0,0,0,Jordan Lawlar,NA,34
691783,2025,41,2,2,85.3,104.1,13.1,107.9,105.4,4.88,4.88,0,0,0,Jordan Lawlar,NA,74
691783,2026,12,1,1,90.4,105.1,23.5,106.5,105.5,8.33,8.33,0,0,0,Jordan Lawlar,NA,20
691785,2025,87,7,4,90,103.7,6.7,108.7,105.3,8.05,4.6,-3.45,-3,42.9,Marcelo Mayer,NA,136
691785,2026,103,8,1,87.1,102.9,9.7,109.1,103.3,7.77,0.97,-6.8,-7,87.5,Marcelo Mayer,NA,146
691788,2026,26,1,0,89,102.6,8.4,106.3,104.3,3.85,0,-3.85,-1,100,Joe Mack,NA,46
691907,2025,4,0,0,93.2,99.4,17.8,100.6,NA,0,0,0,0,0,Tsung-Che Cheng,NA,7
692216,2025,87,8,6,88.1,104.5,15.6,109.8,106.3,9.2,6.9,-2.3,-2,25,CJ Kayfus,NA,138
692216,2026,14,2,1,92.8,103.3,24,104.5,102.2,14.29,7.14,-7.15,-1,50,CJ Kayfus,NA,25
692225,2025,156,8,5,88.6,104.7,5.1,112.2,105.1,5.13,3.21,-1.92,-3,37.5,Kristian Campbell,NA,263
692585,2025,94,8,4,88.6,104.8,8,110.3,102.2,8.51,4.26,-4.25,-4,50,Yanquiel Fernández,NA,147
693049,2023,177,12,7,87.3,107,6.1,114.2,106.4,6.78,3.95,-2.83,-5,41.7,Oscar Colás,NA,263
693049,2024,22,0,0,89.9,108.1,9.6,109.2,NA,0,0,0,0,0,Oscar Colás,NA,38
693304,2023,82,3,3,84.8,99.2,7.8,106,104.4,3.66,3.66,0,0,0,Nick Gonzales,NA,128
693304,2024,288,21,9,87.7,103.4,12.8,110.4,102.5,7.29,3.12,-4.17,-12,57.1,Nick Gonzales,NA,387
693304,2025,311,12,7,88.8,104,9.1,109.9,102.2,3.86,2.25,-1.61,-5,41.7,Nick Gonzales,NA,408
693304,2026,133,1,0,86.3,102.6,4.7,109.7,98.7,0.75,0,-0.75,-1,100,Nick Gonzales,NA,177
693307,2024,54,2,2,89.8,104.4,9.6,107.9,106.1,3.7,3.7,0,0,0,Dillon Dingler,NA,87
693307,2025,326,27,19,90,105.4,15.8,110.7,103.7,8.28,5.83,-2.45,-8,29.6,Dillon Dingler,NA,469
693307,2026,123,17,12,90,105.5,13.3,107.8,104.5,13.82,9.76,-4.06,-5,29.4,Dillon Dingler,NA,178
693409,2026,11,1,1,90.9,102.6,5.3,108.9,102.6,9.09,9.09,0,0,0,César Prieto,NA,12
694025,2026,29,2,1,89.2,108.2,6.4,110.3,109.2,6.9,3.45,-3.45,-1,50,Felix Reyes,NA,38
694175,2024,10,1,0,87.9,107.6,10.6,108.9,105.6,10,0,-10,-1,100,Pedro León,NA,21
694192,2024,409,29,19,89.1,104.4,7.2,111.6,103.9,7.09,4.65,-2.44,-10,34.5,Jackson Chourio,NA,573
694192,2025,435,40,26,88.8,105.9,10.4,113.7,104.6,9.2,5.98,-3.22,-14,35,Jackson Chourio,NA,589
694192,2026,45,8,8,93.2,107.9,13.4,113.3,107,17.78,17.78,0,0,0,Jackson Chourio,NA,67
694203,2025,20,3,2,86.5,103.6,25.8,106.2,102.6,15,10,-5,-1,33.3,Denzer Guzman,NA,43
694208,2025,45,3,2,89.1,106.5,0.8,112.8,107.8,6.67,4.44,-2.23,-1,33.3,Moisés Ballesteros,NA,66
694208,2026,89,9,4,90.9,105.2,11.4,111.4,103.5,10.11,4.49,-5.62,-5,55.6,Moisés Ballesteros,NA,123
694212,2025,79,7,5,89.1,107.7,13.9,112.1,105.5,8.86,6.33,-2.53,-2,28.6,Samuel Basallo,NA,118
694212,2026,97,11,9,92.7,109,15.3,111.8,107.3,11.34,9.28,-2.06,-2,18.2,Samuel Basallo,NA,149
694355,2024,3,0,0,95,97,41.7,97.7,NA,0,0,0,0,0,Tyler Gentry,NA,5
694359,2024,52,6,6,91.7,104.9,27.4,107.9,105.2,11.54,11.54,0,0,0,Niko Kavadas,NA,106
694359,2025,10,0,0,85.4,98.6,25.1,108.4,NA,0,0,0,0,0,Niko Kavadas,NA,23
694362,2024,15,1,1,85.7,97.9,22.9,105.3,105.3,6.67,6.67,0,0,0,Blake Dunn,NA,29
694362,2025,35,3,2,85.2,102.6,-2,110,102.3,8.57,5.71,-2.86,-1,33.3,Blake Dunn,NA,75
694362,2026,21,2,1,84.5,105.5,12.9,107.9,106.3,9.52,4.76,-4.76,-1,50,Blake Dunn,NA,31
694374,2025,139,13,8,88.1,104,6.5,111,105.1,9.35,5.76,-3.59,-5,38.5,Tim Tawa,NA,225
694374,2026,40,1,0,87.9,102.1,10.6,104.1,98.1,2.5,0,-2.5,-1,100,Tim Tawa,NA,62
694376,2024,33,2,2,88.8,105.4,18.2,109.9,106.2,6.06,6.06,0,0,0,Shay Whitcomb,NA,46
694376,2025,22,1,1,84.5,101.6,11.5,107.6,107.6,4.55,4.55,0,0,0,Shay Whitcomb,NA,32
694376,2026,8,1,1,87.6,101,41.5,106,106,12.5,12.5,0,0,0,Shay Whitcomb,NA,18
694377,2024,26,4,3,89.7,107,8,108.9,105.1,15.38,11.54,-3.84,-1,25,Nick Yorke,NA,42
694377,2025,53,1,1,85.6,103.8,11.5,113,101.7,1.89,1.89,0,0,0,Nick Yorke,NA,72
694377,2026,60,2,1,89.3,105.5,6.6,113.5,103.5,3.33,1.67,-1.66,-1,50,Nick Yorke,NA,86
694384,2023,90,1,1,84.8,97.7,5.9,103.5,103.5,1.11,1.11,0,0,0,Nolan Schanuel,NA,132
694384,2024,424,14,8,85.5,99.2,9.9,105.9,101.2,3.3,1.89,-1.41,-6,42.9,Nolan Schanuel,NA,607
694384,2025,424,16,10,87,100.8,12.6,109.8,102.5,3.77,2.36,-1.41,-6,37.5,Nolan Schanuel,NA,564
694384,2026,149,3,2,86.5,100.9,9.5,106.6,104,2.01,1.34,-0.67,-1,33.3,Nolan Schanuel,NA,196
694388,2024,150,6,5,87.6,102.5,12,110.1,105,4,3.33,-0.67,-1,16.7,Joey Loperfido,NA,262
694388,2025,70,4,3,85.7,102.9,10.7,107.2,104.8,5.71,4.29,-1.42,-1,25,Joey Loperfido,NA,104
694388,2026,40,2,0,90,103.6,7.6,105.7,102.1,5,0,-5,-2,100,Joey Loperfido,NA,66
694497,2023,39,3,3,89,104.6,8.9,107.5,103.2,7.69,7.69,0,0,0,Evan Carter,NA,75
694497,2024,102,6,5,86,103,13.9,108.7,103,5.88,4.9,-0.98,-1,16.7,Evan Carter,NA,162
694497,2025,153,9,4,86.4,102.7,13.4,111.1,103.4,5.88,2.61,-3.27,-5,55.6,Evan Carter,NA,220
694497,2026,111,9,1,85.8,102.6,18.1,108.2,102.2,8.11,0.9,-7.21,-8,88.9,Evan Carter,NA,175
694514,2026,7,0,0,89.2,101.2,-1.1,104.7,NA,0,0,0,0,0,Sterlin Thompson,NA,8
694671,2024,384,36,24,89.6,106.1,16.6,111.9,104.1,9.38,6.25,-3.13,-12,33.3,Wyatt Langford,NA,557
694671,2025,343,46,28,91.4,107,17.5,113.1,106.3,13.41,8.16,-5.25,-18,39.1,Wyatt Langford,NA,573
694671,2026,61,3,1,90.8,105.6,13.2,109,107.9,4.92,1.64,-3.28,-2,66.7,Wyatt Langford,NA,84
694728,2025,23,5,4,83.6,105.6,13.5,108.7,105,21.74,17.39,-4.35,-1,20,Brice Matthews,NA,47
694728,2026,78,6,5,84.4,105.2,8.6,111.1,107.3,7.69,6.41,-1.28,-1,16.7,Brice Matthews,NA,130
695020,2026,23,2,1,85.6,103.2,18.8,108.6,102.2,8.7,4.35,-4.35,-1,50,Tanner Murray,NA,33
695238,2024,66,5,3,90.6,104.6,5.2,109.1,104.1,7.58,4.55,-3.03,-2,40,Will Wagner,NA,86
695238,2025,102,2,1,85.8,102.8,8.5,109,103.8,1.96,0.98,-0.98,-1,50,Will Wagner,NA,149
695257,2024,30,4,3,92.6,107.9,28.5,109,106.3,13.33,10,-3.33,-1,25,Billy Cook,NA,49
695257,2025,5,0,0,81.6,99.6,26.4,99.7,NA,0,0,0,0,0,Billy Cook,NA,6
695257,2026,13,0,0,76.4,94.7,9.8,103.7,NA,0,0,0,0,0,Billy Cook,NA,21
695336,2024,35,1,1,85.7,101.4,11.3,108.4,102.6,2.86,2.86,0,0,0,Thomas Saggese,NA,52
695336,2025,195,8,6,89.6,102.8,12.8,109.9,103.3,4.1,3.08,-1.02,-2,25,Thomas Saggese,NA,295
695336,2026,45,3,1,88.7,104.7,11.4,109.7,104.2,6.67,2.22,-4.45,-2,66.7,Thomas Saggese,NA,74
695391,2024,79,4,3,86.7,103.9,13.6,107.1,104.3,5.06,3.8,-1.26,-1,25,Brett Harris,NA,123
695391,2025,54,2,1,81.4,104.1,8.6,106.8,103.2,3.7,1.85,-1.85,-1,50,Brett Harris,NA,84
695391,2026,2,0,0,70.8,78.5,11.5,80.4,NA,0,0,0,0,0,Brett Harris,NA,6
695506,2025,158,17,14,89.4,109.4,4.1,114.1,106.9,10.76,8.86,-1.9,-3,17.6,Jac Caglianone,NA,232
695506,2026,98,17,13,93.6,110.8,5.7,116.1,110.3,17.35,13.27,-4.08,-4,23.5,Jac Caglianone,NA,160
695578,2024,197,21,14,92.8,109,2.5,111.6,106,10.66,7.11,-3.55,-7,33.3,James Wood,NA,336
695578,2025,377,61,50,94.3,112,6.3,118,109.3,16.18,13.26,-2.92,-11,18,James Wood,NA,689
695578,2026,121,29,22,96.3,110.7,11.4,116.3,107.8,23.97,18.18,-5.79,-7,24.1,James Wood,NA,237
695600,2025,48,9,6,95.4,108.1,7.4,112.7,106.5,18.75,12.5,-6.25,-3,33.3,Carter Jensen,NA,69
695600,2026,94,9,5,90.1,107.5,19.3,113.7,105.4,9.57,5.32,-4.25,-4,44.4,Carter Jensen,NA,163
695657,2025,173,26,22,89.4,108.4,18,114.5,108,15.03,12.72,-2.31,-4,15.4,Colson Montgomery,NA,284
695657,2026,114,17,11,90,106.2,22.3,112.4,104.2,14.91,9.65,-5.26,-6,35.3,Colson Montgomery,NA,201
695670,2025,4,1,0,93.9,101.8,15.2,102.2,100.9,25,0,-25,-1,100,Harry Ford,NA,8
695681,2025,102,7,7,86.9,105.7,13.9,112.5,107,6.86,6.86,0,0,0,Christian Moore,NA,184
695734,2025,269,15,7,88.7,103.9,14.8,109.1,103.6,5.58,2.6,-2.98,-8,53.3,Daylen Lile,NA,351
695734,2026,160,11,7,88.1,103.9,16.2,109.5,105.5,6.88,4.38,-2.5,-4,36.4,Daylen Lile,NA,218
696030,2025,117,7,4,88.5,104.9,11.5,110.2,104.7,5.98,3.42,-2.56,-3,42.9,Alejandro Osuna,NA,176
696030,2026,42,0,0,86.5,102.9,4.8,107.7,NA,0,0,0,0,0,Alejandro Osuna,NA,68
696100,2023,48,5,3,88.7,106.2,10.8,110.8,105.2,10.42,6.25,-4.17,-2,40,Hunter Goodman,NA,77
696100,2024,149,17,12,88.2,106.3,16.5,114.7,105.5,11.41,8.05,-3.36,-5,29.4,Hunter Goodman,NA,224
696100,2025,387,45,34,90.8,107.5,17.3,116.2,107,11.63,8.79,-2.84,-11,24.4,Hunter Goodman,NA,579
696100,2026,103,14,13,92.3,108.6,20.2,111.7,106.8,13.59,12.62,-0.97,-1,7.1,Hunter Goodman,NA,185
696285,2023,88,0,0,81.9,100.8,1.5,107.5,NA,0,0,0,0,0,Jacob Young,NA,121
696285,2024,373,5,2,81.1,100.6,2.1,106.7,100.1,1.34,0.54,-0.8,-3,60,Jacob Young,NA,521
696285,2025,267,5,1,83.5,102,2.2,107,100.3,1.87,0.37,-1.5,-4,80,Jacob Young,NA,364
696285,2026,131,6,4,87,102.9,12.3,107.8,102.4,4.58,3.05,-1.53,-2,33.3,Jacob Young,NA,173
699625,2025,28,2,1,89.6,101.5,19.7,106.7,103.7,7.14,3.57,-3.57,-1,50,Jimmy Crooks,NA,46
699912,2026,95,4,4,86.2,105.9,11.4,110.9,102.9,4.21,4.21,0,0,0,Jose Fernandez,NA,135
700242,2024,79,6,5,91.1,104.3,12.8,109,104.6,7.59,6.33,-1.26,-1,16.7,Trey Sweeney,NA,119
700242,2025,206,14,6,87.9,103.6,11.9,110.8,102.3,6.8,2.91,-3.89,-8,57.1,Trey Sweeney,NA,326
700246,2025,56,4,4,84.9,103.3,7,109.5,105.9,7.14,7.14,0,0,0,Carson Williams,NA,106
700246,2026,16,0,0,79.9,100.2,19.3,110.1,NA,0,0,0,0,0,Carson Williams,NA,27
700250,2024,109,15,11,90,104.5,17.7,110.8,104.9,13.76,10.09,-3.67,-4,26.7,Ben Rice,NA,178
700250,2025,369,55,36,93.2,107.7,14.4,113.5,105.5,14.91,9.76,-5.15,-19,34.5,Ben Rice,NA,530
700250,2026,115,22,15,93.1,106.3,12.8,110.9,105,19.13,13.04,-6.09,-7,31.8,Ben Rice,NA,188
700337,2025,296,10,3,90.4,102.3,6.8,109.8,101.1,3.38,1.01,-2.37,-7,70,Edgar Quero,NA,403
700337,2026,70,1,1,87.7,101.3,4.5,106.5,103.8,1.43,1.43,0,0,0,Edgar Quero,NA,113
700932,2024,105,10,5,89.1,104.5,22,109.8,104.6,9.52,4.76,-4.76,-5,50,Kyle Manzardo,NA,156
700932,2025,340,36,25,90.1,104.2,21.2,111.3,104.7,10.59,7.35,-3.24,-11,30.6,Kyle Manzardo,NA,531
700932,2026,87,12,7,89.1,103,16.2,108.4,103.5,13.79,8.05,-5.74,-5,41.7,Kyle Manzardo,NA,152
701305,2024,40,4,4,87.5,106.6,10.4,112.2,107.8,10,10,0,0,0,Zach Dezenzo,NA,65
701305,2025,61,10,7,89.3,104.6,17.5,110.9,104.5,16.39,11.48,-4.91,-3,30,Zach Dezenzo,NA,109
701305,2026,23,2,1,84,100.3,12.5,104.8,102,8.7,4.35,-4.35,-1,50,Zach Dezenzo,NA,37
701350,2025,173,26,17,94.5,107.4,6.9,113.7,105.2,15.03,9.83,-5.2,-9,34.6,Roman Anthony,NA,303
701350,2026,75,6,3,92.3,106.4,8.3,112.3,104.8,8,4,-4,-3,50,Roman Anthony,NA,130
701358,2025,306,21,13,87.9,105.7,8.9,113.9,104.1,6.86,4.25,-2.61,-8,38.1,Cam Smith,NA,493
701358,2026,109,14,9,88.7,107.7,12.4,114.7,106.6,12.84,8.26,-4.58,-5,35.7,Cam Smith,NA,185
701398,2025,39,7,6,95.4,107.4,18,112.6,106.2,17.95,15.38,-2.57,-1,14.3,Sal Stewart,NA,58
701398,2026,146,24,14,90.9,105.9,14.2,111.4,104.6,16.44,9.59,-6.85,-10,41.7,Sal Stewart,NA,218
701538,2024,462,51,41,89.8,105.1,14.1,111.6,104.2,11.04,8.87,-2.17,-10,19.6,Jackson Merrill,NA,593
701538,2025,338,42,26,89.1,105.3,14.5,110.9,103.9,12.43,7.69,-4.74,-16,38.1,Jackson Merrill,NA,483
701538,2026,128,12,5,88.5,103.6,11.8,108.7,103,9.38,3.91,-5.47,-7,58.3,Jackson Merrill,NA,196
701675,2025,41,1,1,86.2,100.3,5,107,104.3,2.44,2.44,0,0,0,Nathan Church,NA,65
701675,2026,115,10,7,84.6,102.2,10.5,110.1,103.5,8.7,6.09,-2.61,-3,30,Nathan Church,NA,156
701678,2026,40,5,3,89.3,102.9,21.4,110.6,102.7,12.5,7.5,-5,-2,40,Hao-Yu  Lee,NA,62
701762,2025,271,49,38,92.7,108.5,15.3,114.6,106.9,18.08,14.02,-4.06,-11,22.4,Nick Kurtz,NA,489
701762,2026,109,18,14,94.8,111.5,13.9,115.9,108.9,16.51,12.84,-3.67,-4,22.2,Nick Kurtz,NA,221
701807,2026,126,8,3,90,105.3,9.5,108.9,103.2,6.35,2.38,-3.97,-5,62.5,Carson Benge,NA,172
702176,2025,102,2,1,86,104.3,1.8,107.6,104.3,1.96,0.98,-0.98,-1,50,Alan Roden,NA,153
702222,2026,111,1,1,86.3,101.6,0.4,106.9,103.4,0.9,0.9,0,0,0,Justin Crawford,NA,156
702284,2025,180,9,6,86.7,102.7,17.3,114.1,107.5,5,3.33,-1.67,-3,33.3,Cole Young,NA,257
702284,2026,133,9,5,88.2,104.2,17.9,111.3,102.7,6.77,3.76,-3.01,-4,44.4,Cole Young,NA,200
702332,2025,402,13,7,83.5,100.6,13.2,108.9,101.5,3.23,1.74,-1.49,-6,46.2,Caleb Durbin,NA,506
702332,2026,118,1,0,83.9,99.7,6.3,106,101.1,0.85,0,-0.85,-1,100,Caleb Durbin,NA,159
702358,2024,151,1,1,86.3,102.7,0.2,108.2,102.4,0.66,0.66,0,0,0,Trey Lipscomb,NA,211
702358,2025,3,0,0,90.8,105.7,-48.3,109.9,NA,0,0,0,0,0,Trey Lipscomb,NA,4
702616,2024,122,7,6,89.3,104.4,8.6,109.2,103.5,5.74,4.92,-0.82,-1,14.3,Jackson Holliday,NA,208
702616,2025,445,34,24,88.7,103.7,8.8,109.6,104.2,7.64,5.39,-2.25,-10,29.4,Jackson Holliday,NA,649
702616,2026,1,0,0,85.4,85.4,29,85.4,NA,0,0,0,0,0,Jackson Holliday,NA,4
703492,2026,1,0,0,77.1,77.1,17,77.1,NA,0,0,0,0,0,Nick Morabito,NA,5
703607,2026,19,0,0,90.4,108,9.2,112.2,NA,0,0,0,0,0,Henry Bolte,NA,29
800050,2026,147,10,5,90,105.5,14.6,111.2,103.5,6.8,3.4,-3.4,-5,50,Chase DeLauter,NA,194
802139,2026,143,11,8,89.8,103.2,16.1,108.7,103.8,7.69,5.59,-2.1,-3,27.3,JJ Wetherholt,NA,217
802415,2025,374,0,0,82.2,96.7,0.5,107.6,NA,0,0,0,0,0,Chandler Simpson,NA,441
802415,2026,169,0,0,81.7,96.8,-0.5,106.3,NA,0,0,0,0,0,Chandler Simpson,NA,199
803011,2026,89,8,1,87.8,102.8,10.1,108.4,102.8,8.99,1.12,-7.87,-7,87.5,Sam Antonacci,NA,120
804606,2026,112,8,7,87.2,106.4,4.9,113.2,107,7.14,6.25,-0.89,-1,12.5,Konnor Griffin,NA,174
804668,2025,8,1,1,94.8,106.6,14,108.6,108.6,12.5,12.5,0,0,0,Rafael Flores Jr.,NA,17
805249,2025,132,15,10,89.4,104.7,11.2,111.2,103.4,11.36,7.58,-3.78,-5,33.3,Otto Kemp,NA,218
805249,2026,15,0,0,81.5,94.7,27,101.5,NA,0,0,0,0,0,Otto Kemp,NA,27
805300,2025,161,13,6,88.9,104.6,10.9,111.1,103.7,8.07,3.73,-4.34,-7,53.8,Jakob Marsee,NA,234
805300,2026,124,5,2,86.6,101.9,19,110.9,103.4,4.03,1.61,-2.42,-3,60,Jakob Marsee,NA,208
805347,2026,3,0,0,91.2,99.4,11.3,101.8,NA,0,0,0,0,0,Jim Jarvis,NA,5
805367,2025,380,5,0,87.5,101.7,6.4,107.1,101,1.32,0,-1.32,-5,100,Chase Meidroth,NA,505
805367,2026,128,5,2,85.8,100.2,7.1,107.7,101.1,3.91,1.56,-2.35,-3,60,Chase Meidroth,NA,198
805373,2024,20,0,0,83.8,101.1,9.9,109.6,NA,0,0,0,0,0,Nacho Alvarez Jr.,NA,32
805373,2025,142,1,0,84.2,100.2,17.2,108.2,99.5,0.7,0,-0.7,-1,100,Nacho Alvarez Jr.,NA,208
805779,2024,84,0,0,85,97.3,8.5,104.6,NA,0,0,0,0,0,Jacob Wilson,NA,103
805779,2025,447,9,6,84.1,99.4,8.6,108.5,102.5,2.01,1.34,-0.67,-3,33.3,Jacob Wilson,NA,523
805779,2026,142,3,0,83.5,99.5,6.4,105.4,100.4,2.11,0,-2.11,-3,100,Jacob Wilson,NA,168
805808,2026,152,14,8,88.8,102.8,21.6,109.5,103.5,9.21,5.26,-3.95,-6,42.9,Kevin McGonigle,NA,211
805811,2025,16,4,4,95.6,107.2,12,109.7,105.4,25,25,0,0,0,Bryce Eldridge,NA,37
805811,2026,22,1,1,93,105.3,18.6,113.4,113.4,4.55,4.55,0,0,0,Bryce Eldridge,NA,35
805904,2025,27,4,4,88.1,109.8,10,114.3,108.3,14.81,14.81,0,0,0,Zach Cole,NA,52
805904,2026,25,5,4,92.8,107.1,17.4,113.9,103.7,20,16,-4,-1,20,Zach Cole,NA,44
805999,2026,19,2,2,84.4,102.7,12,110.5,106.4,10.53,10.53,0,0,0,A.J. Ewing,NA,35
806068,2026,6,0,0,87.4,99.2,22.3,101.2,NA,0,0,0,0,0,Colt Emerson,NA,14
807712,2025,154,8,3,85.9,100.8,10,109.2,102.5,5.19,1.95,-3.24,-5,62.5,Luke Keaschall,NA,207
807712,2026,142,5,2,84,101.5,16.9,105.9,101.8,3.52,1.41,-2.11,-3,60,Luke Keaschall,NA,196
807713,2025,302,18,10,84.3,102,12.7,109.2,102.9,5.96,3.31,-2.65,-8,44.4,Matt Shaw,NA,437
807713,2026,79,3,3,85.1,100.8,14.8,107.9,103.7,3.8,3.8,0,0,0,Matt Shaw,NA,104
807799,2023,455,29,22,89,104.8,4.2,112.3,104.4,6.37,4.84,-1.53,-7,24.1,Masataka Yoshida,NA,580
807799,2024,328,14,8,88,104.1,10.6,111.1,103.9,4.27,2.44,-1.83,-6,42.9,Masataka Yoshida,NA,421
807799,2025,167,10,7,90.2,104,5.7,112.4,104.9,5.99,4.19,-1.8,-3,30,Masataka Yoshida,NA,205
807799,2026,81,1,0,87.9,103,6.8,108.3,100.2,1.23,0,-1.23,-1,100,Masataka Yoshida,NA,104
808959,2026,103,22,16,94.6,109,13.9,114.1,107.5,21.36,15.53,-5.83,-6,27.3,Munetaka Murakami,NA,212
808975,2025,110,3,3,85.6,98.6,6.3,105.4,102.9,2.73,2.73,0,0,0,Hyeseong Kim,NA,170
808975,2026,79,3,0,85,99,9.6,103.9,100.2,3.8,0,-3.8,-3,100,Hyeseong Kim,NA,117
808982,2024,133,4,2,89.1,103.9,9.8,108.9,103.4,3.01,1.5,-1.51,-2,50,Jung Hoo Lee,NA,158
808982,2025,492,17,9,86.8,101.3,9.8,107.2,102.2,3.46,1.83,-1.63,-8,47.1,Jung Hoo Lee,NA,617
808982,2026,159,3,1,87.7,100.5,11,107.6,101.7,1.89,0.63,-1.26,-2,66.7,Jung Hoo Lee,NA,193
810938,2025,213,7,4,87.7,104.2,3.9,110.4,102.2,3.29,1.88,-1.41,-3,42.9,Ben Williamson,NA,295
810938,2026,89,1,1,88.1,104,4.6,109.2,108.6,1.12,1.12,0,0,0,Ben Williamson,NA,127
814439,2026,28,3,3,86.3,101.5,15.2,107,103.7,10.71,10.71,0,0,0,Ryan Waldschmidt,NA,42
823550,2026,15,1,1,88.7,101.3,0.9,102.9,101.6,6.67,6.67,0,0,0,Sung-Mun Song,NA,21
