batter,season,name,team,pa,hr,bbe_count,max_ev,ev50,ev90,swings,avg_bat_speed,hard_swing_rate,swing_length
592450,2024,Aaron Judge,"<a href=""leaders.aspx?pos=all&stats=bat&lg=all&qual=0&type=strType&season=2024&month=0&season1=2024&ind=1&team=9&rost=0&age=0"">NYY</a>",704,58,977,117.5,100.62351738241308,111.97755102040816,288,75.927426736,0.6215277777777778,8.132699271
677951,2024,Bobby Witt Jr.,"<a href=""leaders.aspx?pos=all&stats=bat&lg=all&qual=0&type=strType&season=2024&month=0&season1=2024&ind=1&team=7&rost=0&age=0"">KCR</a>",709,32,1243,116.9,97.8273311897106,109.532,282,73.344904823,0.3723404255319149,6.988521809
660271,2024,Shohei Ohtani,"<a href=""leaders.aspx?pos=all&stats=bat&lg=all&qual=0&type=strType&season=2024&month=0&season1=2024&ind=1&team=22&rost=0&age=0"">LAD</a>",731,54,1113,119.2,100.9051878354204,112.85714285714286,251,74.774981116,0.4940239043824701,7.812327371
665742,2024,Juan Soto,"<a href=""leaders.aspx?pos=all&stats=bat&lg=all&qual=0&type=strType&season=2024&month=0&season1=2024&ind=1&team=9&rost=0&age=0"">NYY</a>",713,41,1000,115.7,100.6606,110.78627450980392,144,72.354676389,0.29166666666666674,7.185703264
683002,2024,Gunnar Henderson,"<a href=""leaders.aspx?pos=all&stats=bat&lg=all&qual=0&type=strType&season=2024&month=0&season1=2024&ind=1&team=2&rost=0&age=0"">BAL</a>",719,37,1111,113.1,98.1935368043088,108.79196428571429,327,74.209285046,0.43119266055045874,7.42479055
596019,2024,Francisco Lindor,"<a href=""leaders.aspx?pos=all&stats=bat&lg=all&qual=0&type=strType&season=2024&month=0&season1=2024&ind=1&team=25&rost=0&age=0"">NYM</a>",689,33,1190,116.1,96.8894472361809,106.25882352941176,185,72.973741351,0.27567567567567564,7.498161838
680776,2024,Jarren Duran,"<a href=""leaders.aspx?pos=all&stats=bat&lg=all&qual=0&type=strType&season=2024&month=0&season1=2024&ind=1&team=3&rost=0&age=0"">BOS</a>",735,21,1202,113.9,94.90382695507488,107.2128,236,74.743559407,0.4745762711864407,7.634919831
682829,2024,Elly De La Cruz,"<a href=""leaders.aspx?pos=all&stats=bat&lg=all&qual=0&type=strType&season=2024&month=0&season1=2024&ind=1&team=18&rost=0&age=0"">CIN</a>",696,25,912,114.7,97.2835886214442,109.7641304347826,249,74.694479759,0.4859437751004016,7.007864297
608070,2024,José Ramírez,"<a href=""leaders.aspx?pos=all&stats=bat&lg=all&qual=0&type=strType&season=2024&month=0&season1=2024&ind=1&team=5&rost=0&age=0"">CLE</a>",682,39,1360,116.6,97.17867647058824,106.30359712230216,293,69.991835256,0.1535836177474403,7.491188737
606466,2024,Ketel Marte,"<a href=""leaders.aspx?pos=all&stats=bat&lg=all&qual=0&type=strType&season=2024&month=0&season1=2024&ind=1&team=15&rost=0&age=0"">ARI</a>",583,36,963,117.1,99.1831950207469,110.19285714285714,230,74.308463913,0.4130434782608695,7.73431
661388,2024,William Contreras,"<a href=""leaders.aspx?pos=all&stats=bat&lg=all&qual=0&type=strType&season=2024&month=0&season1=2024&ind=1&team=23&rost=0&age=0"">MIL</a>",679,23,1072,118.1,98.54655493482308,109.3743119266055,235,73.079193702,0.34468085106382973,7.160061319
656305,2024,Matt Chapman,"<a href=""leaders.aspx?pos=all&stats=bat&lg=all&qual=0&type=strType&season=2024&month=0&season1=2024&ind=1&team=30&rost=0&age=0"">SFG</a>",647,27,1045,114.9,97.47175572519085,109.69908256880734,235,75.732024851,0.5914893617021276,7.284509191
663728,2024,Cal Raleigh,"<a href=""leaders.aspx?pos=all&stats=bat&lg=all&qual=0&type=strType&season=2024&month=0&season1=2024&ind=1&team=11&rost=0&age=0"">SEA</a>",628,34,1001,113.9,97.14641434262948,107.280198019802,338,74.701711331,0.485207100591716,7.830594852
701538,2024,Jackson Merrill,"<a href=""leaders.aspx?pos=all&stats=bat&lg=all&qual=0&type=strType&season=2024&month=0&season1=2024&ind=1&team=29&rost=0&age=0"">SDP</a>",593,24,1187,113.8,95.31831932773107,106.07899159663866,285,73.274333614,0.2912280701754386,7.625829965
665489,2024,Vladimir Guerrero Jr.,"<a href=""leaders.aspx?pos=all&stats=bat&lg=all&qual=0&type=strType&season=2024&month=0&season1=2024&ind=1&team=14&rost=0&age=0"">TOR</a>",697,30,1156,117.6,99.49498269896192,111.25689655172414,256,76.422153164,0.6445312499999999,7.4943057810000004
670541,2024,Yordan Alvarez,"<a href=""leaders.aspx?pos=all&stats=bat&lg=all&qual=0&type=strType&season=2024&month=0&season1=2024&ind=1&team=21&rost=0&age=0"">HOU</a>",635,35,1054,117,99.24478178368122,110.82777777777778,252,75.573746746,0.5714285714285714,7.60304377
667670,2024,Brent Rooker,"<a href=""leaders.aspx?pos=all&stats=bat&lg=all&qual=0&type=strType&season=2024&month=0&season1=2024&ind=1&team=10&rost=0&age=0"">OAK</a>",614,39,939,113.4,96.95647558386412,108.63894736842106,146,74.109737877,0.3904109589041096,7.144000685
547180,2024,Bryce Harper,"<a href=""leaders.aspx?pos=all&stats=bat&lg=all&qual=0&type=strType&season=2024&month=0&season1=2024&ind=1&team=26&rost=0&age=0"">PHI</a>",631,30,1102,113.8,95.29092558983666,106.78849557522123,293,74.055140478,0.44027303754266217,7.411370751
642715,2024,Willy Adames,"<a href=""leaders.aspx?pos=all&stats=bat&lg=all&qual=0&type=strType&season=2024&month=0&season1=2024&ind=1&team=23&rost=0&age=0"">MIL</a>",688,32,1120,112.3,94.47754010695188,104.7603448275862,261,72.299908391,0.23754789272030652,8.18172387
542303,2024,Marcell Ozuna,"<a href=""leaders.aspx?pos=all&stats=bat&lg=all&qual=0&type=strType&season=2024&month=0&season1=2024&ind=1&team=16&rost=0&age=0"">ATL</a>",688,39,1095,114.8,97.74545454545456,107.6963963963964,225,73.554533689,0.3377777777777778,7.5009532
608369,2024,Corey Seager,"<a href=""leaders.aspx?pos=all&stats=bat&lg=all&qual=0&type=strType&season=2024&month=0&season1=2024&ind=1&team=13&rost=0&age=0"">TEX</a>",533,30,898,113.3,97.43933333333334,108.17826086956522,285,71.868935825,0.1403508771929825,6.696890456
682998,2024,Corbin Carroll,"<a href=""leaders.aspx?pos=all&stats=bat&lg=all&qual=0&type=strType&season=2024&month=0&season1=2024&ind=1&team=15&rost=0&age=0"">ARI</a>",684,22,1000,114.3,96.4326,107.254,222,74.882573784,0.5135135135135134,7.616731892
672275,2024,Patrick Bailey,"<a href=""leaders.aspx?pos=all&stats=bat&lg=all&qual=0&type=strType&season=2024&month=0&season1=2024&ind=1&team=30&rost=0&age=0"">SFG</a>",448,8,727,110.1,95.31748633879782,105.75974025974024,149,72.786470671,0.2953020134228188,7.274042819
605141,2024,Mookie Betts,"<a href=""leaders.aspx?pos=all&stats=bat&lg=all&qual=0&type=strType&season=2024&month=0&season1=2024&ind=1&team=22&rost=0&age=0"">LAD</a>",516,19,855,109.4,95.14205607476636,102.89080459770116,36,69.116074167,0.11111111111111112,7.126025833
543760,2024,Marcus Semien,"<a href=""leaders.aspx?pos=all&stats=bat&lg=all&qual=0&type=strType&season=2024&month=0&season1=2024&ind=1&team=13&rost=0&age=0"">TEX</a>",718,23,1221,112.1,94.07911908646004,102.91653543307086,246,68.278255447,0.016260162601626015,7.84037565
621043,2024,Carlos Correa,"<a href=""leaders.aspx?pos=all&stats=bat&lg=all&qual=0&type=strType&season=2024&month=0&season1=2024&ind=1&team=8&rost=0&age=0"">MIN</a>",367,14,560,113.9,98.42535714285714,109.24285714285716,232,73.405211983,0.3879310344827586,7.217647198
621020,2024,Dansby Swanson,"<a href=""leaders.aspx?pos=all&stats=bat&lg=all&qual=0&type=strType&season=2024&month=0&season1=2024&ind=1&team=17&rost=0&age=0"">CHC</a>",593,16,940,109.8,94.62410147991544,104.79270833333334,254,71.23341815,0.08661417322834647,7.56282815
663656,2024,Kyle Tucker,"<a href=""leaders.aspx?pos=all&stats=bat&lg=all&qual=0&type=strType&season=2024&month=0&season1=2024&ind=1&team=21&rost=0&age=0"">HOU</a>",339,23,511,108.7,96.159765625,104.96153846153848,286,71.574574126,0.2377622377622378,7.399867343
646240,2024,Rafael Devers,"<a href=""leaders.aspx?pos=all&stats=bat&lg=all&qual=0&type=strType&season=2024&month=0&season1=2024&ind=1&team=3&rost=0&age=0"">BOS</a>",601,28,917,114.7,98.10152173913043,108.92947368421052,296,71.131347872,0.14864864864864868,7.482933682
680757,2024,Steven Kwan,"<a href=""leaders.aspx?pos=all&stats=bat&lg=all&qual=0&type=strType&season=2024&month=0&season1=2024&ind=1&team=5&rost=0&age=0"">CLE</a>",540,14,938,107.8,91.29811715481172,100.67021276595744,202,62.845279059,0.004950495049504951,6.573266337
608324,2024,Alex Bregman,"<a href=""leaders.aspx?pos=all&stats=bat&lg=all&qual=0&type=strType&season=2024&month=0&season1=2024&ind=1&team=21&rost=0&age=0"">HOU</a>",634,26,1076,109.1,95.05762081784388,103.89272727272729,241,69.843216432,0.045643153526970966,7.047211743
665862,2024,Jazz Chisholm Jr.,- - -,621,24,960,110.1,95.34083333333334,105.0721649484536,241,73.094456224,0.27800829875518673,7.88211444
677594,2024,Julio Rodríguez,"<a href=""leaders.aspx?pos=all&stats=bat&lg=all&qual=0&type=strType&season=2024&month=0&season1=2024&ind=1&team=11&rost=0&age=0"">SEA</a>",613,20,1017,115.2,97.11058823529412,108.62038834951456,311,76.090366463,0.6270096463022508,7.716936334
518692,2024,Freddie Freeman,"<a href=""leaders.aspx?pos=all&stats=bat&lg=all&qual=0&type=strType&season=2024&month=0&season1=2024&ind=1&team=22&rost=0&age=0"">LAD</a>",638,22,1162,112.3,95.1237113402062,105.80508474576273,283,70.479160989,0.09893992932862192,6.820378516
681297,2024,Colton Cowser,"<a href=""leaders.aspx?pos=all&stats=bat&lg=all&qual=0&type=strType&season=2024&month=0&season1=2024&ind=1&team=2&rost=0&age=0"">BAL</a>",561,24,821,113.6,95.37294685990338,106.97142857142858,136,74.543618897,0.5073529411764706,7.486258088
682985,2024,Riley Greene,"<a href=""leaders.aspx?pos=all&stats=bat&lg=all&qual=0&type=strType&season=2024&month=0&season1=2024&ind=1&team=6&rost=0&age=0"">DET</a>",584,24,929,114,95.92542735042736,107.21397849462366,261,75.355612261,0.5593869731800766,7.261036667
694192,2024,Jackson Chourio,"<a href=""leaders.aspx?pos=all&stats=bat&lg=all&qual=0&type=strType&season=2024&month=0&season1=2024&ind=1&team=23&rost=0&age=0"">MIL</a>",573,21,877,111.6,96.71161731207287,105.9590909090909,32,74.087166875,0.4375,7.20951375
553993,2024,Eugenio Suárez,"<a href=""leaders.aspx?pos=all&stats=bat&lg=all&qual=0&type=strType&season=2024&month=0&season1=2024&ind=1&team=15&rost=0&age=0"">ARI</a>",640,30,988,113.2,95.39858585858586,106.5,157,70.938870191,0.10828025477707008,7.678048344
607208,2024,Trea Turner,"<a href=""leaders.aspx?pos=all&stats=bat&lg=all&qual=0&type=strType&season=2024&month=0&season1=2024&ind=1&team=26&rost=0&age=0"">PHI</a>",539,21,967,111.6,95.56371134020618,105.3319587628866,277,71.621026859,0.18772563176895316,7.729808953
514888,2024,Jose Altuve,"<a href=""leaders.aspx?pos=all&stats=bat&lg=all&qual=0&type=strType&season=2024&month=0&season1=2024&ind=1&team=21&rost=0&age=0"">HOU</a>",682,20,1156,110.2,93.10086058519794,103.01965811965812,221,69.110147511,0.09954751131221722,7.645914977
663538,2024,Nico Hoerner,"<a href=""leaders.aspx?pos=all&stats=bat&lg=all&qual=0&type=strType&season=2024&month=0&season1=2024&ind=1&team=17&rost=0&age=0"">CHC</a>",641,7,1207,110.1,91.19438016528926,101.0206611570248,238,68.259357227,0.021008403361344543,7.355892479
621439,2024,Byron Buxton,"<a href=""leaders.aspx?pos=all&stats=bat&lg=all&qual=0&type=strType&season=2024&month=0&season1=2024&ind=1&team=8&rost=0&age=0"">MIN</a>",388,18,606,113.2,97.99243421052633,107.9920634920635,285,73.524388877,0.35087719298245607,8.188988035
678662,2024,Ezequiel Tovar,"<a href=""leaders.aspx?pos=all&stats=bat&lg=all&qual=0&type=strType&season=2024&month=0&season1=2024&ind=1&team=19&rost=0&age=0"">COL</a>",695,26,1221,112.2,92.84117647058824,103.58730158730158,290,71.403947621,0.13448275862068967,7.579448172
691026,2024,Masyn Winn,"<a href=""leaders.aspx?pos=all&stats=bat&lg=all&qual=0&type=strType&season=2024&month=0&season1=2024&ind=1&team=28&rost=0&age=0"">STL</a>",637,15,1124,111.1,93.35480427046264,104.86608695652174,221,69.698062217,0.05882352941176472,7.319025294
665833,2024,Oneil Cruz,"<a href=""leaders.aspx?pos=all&stats=bat&lg=all&qual=0&type=strType&season=2024&month=0&season1=2024&ind=1&team=27&rost=0&age=0"">PIT</a>",599,21,845,121.5,100.7122641509434,114.40941176470588,292,78.255618664,0.7499999999999999,7.671037329
686668,2024,Brenton Doyle,"<a href=""leaders.aspx?pos=all&stats=bat&lg=all&qual=0&type=strType&season=2024&month=0&season1=2024&ind=1&team=19&rost=0&age=0"">COL</a>",603,23,888,110.1,94.5599099099099,106.47777777777776,172,71.932563488,0.186046511627907,7.265471337
664023,2024,Ian Happ,"<a href=""leaders.aspx?pos=all&stats=bat&lg=all&qual=0&type=strType&season=2024&month=0&season1=2024&ind=1&team=17&rost=0&age=0"">CHC</a>",657,25,1029,114.2,95.83178294573644,106.8116504854369,262,72.047386527,0.19083969465648856,7.005896336
687263,2024,Zach Neto,"<a href=""leaders.aspx?pos=all&stats=bat&lg=all&qual=0&type=strType&season=2024&month=0&season1=2024&ind=1&team=1&rost=0&age=0"">LAA</a>",602,23,952,114.6,95.91596638655462,106.08020833333332,331,69.922355106,0.05740181268882176,6.990872236
592518,2024,Manny Machado,"<a href=""leaders.aspx?pos=all&stats=bat&lg=all&qual=0&type=strType&season=2024&month=0&season1=2024&ind=1&team=29&rost=0&age=0"">SDP</a>",643,29,1131,115.6,97.91024734982332,108.87586206896552,244,73.901278648,0.35655737704918034,7.834471107
669224,2024,Austin Wells,"<a href=""leaders.aspx?pos=all&stats=bat&lg=all&qual=0&type=strType&season=2024&month=0&season1=2024&ind=1&team=9&rost=0&age=0"">NYY</a>",414,13,689,111.2,93.4463768115942,104.33142857142856,191,72.557855707,0.2198952879581152,7.609104136
673548,2024,Seiya Suzuki,"<a href=""leaders.aspx?pos=all&stats=bat&lg=all&qual=0&type=strType&season=2024&month=0&season1=2024&ind=1&team=17&rost=0&age=0"">CHC</a>",585,21,853,115.5,95.4995337995338,107.2284090909091,168,72.939321786,0.3273809523809524,7.28214131
664761,2024,Alec Bohm,"<a href=""leaders.aspx?pos=all&stats=bat&lg=all&qual=0&type=strType&season=2024&month=0&season1=2024&ind=1&team=26&rost=0&age=0"">PHI</a>",606,15,984,110.8,96.40202839756591,105.62424242424242,196,71.201068214,0.15306122448979595,7.216525204
606192,2024,Teoscar Hernández,"<a href=""leaders.aspx?pos=all&stats=bat&lg=all&qual=0&type=strType&season=2024&month=0&season1=2024&ind=1&team=22&rost=0&age=0"">LAD</a>",652,33,997,114.9,95.6881763527054,107.47619047619048,224,71.775463036,0.20089285714285715,7.718800714
656941,2024,Kyle Schwarber,"<a href=""leaders.aspx?pos=all&stats=bat&lg=all&qual=0&type=strType&season=2024&month=0&season1=2024&ind=1&team=26&rost=0&age=0"">PHI</a>",692,38,894,115.6,100.78814317673378,111.37,280,76.939404036,0.7392857142857142,7.448277893
670623,2024,Isaac Paredes,- - -,641,19,1261,111.9,93.72539432176656,103.43257575757576,242,67.465777686,0.04958677685950414,7.835010579
665487,2024,Fernando Tatis Jr.,"<a href=""leaders.aspx?pos=all&stats=bat&lg=all&qual=0&type=strType&season=2024&month=0&season1=2024&ind=1&team=29&rost=0&age=0"">SDP</a>",438,21,638,116.7,99.20564263322883,110.090625,242,74.872477314,0.524793388429752,7.395330702
521692,2024,Salvador Perez,"<a href=""leaders.aspx?pos=all&stats=bat&lg=all&qual=0&type=strType&season=2024&month=0&season1=2024&ind=1&team=7&rost=0&age=0"">KCR</a>",652,27,1136,113.3,96.54260563380282,107.60521739130436,322,71.310637795,0.14596273291925466,7.775935839
571448,2024,Nolan Arenado,"<a href=""leaders.aspx?pos=all&stats=bat&lg=all&qual=0&type=strType&season=2024&month=0&season1=2024&ind=1&team=28&rost=0&age=0"">STL</a>",635,16,1130,109.8,94.1633628318584,103.06106194690264,196,70.870943776,0.1020408163265306,8.400611633
668709,2024,JJ Bleday,"<a href=""leaders.aspx?pos=all&stats=bat&lg=all&qual=0&type=strType&season=2024&month=0&season1=2024&ind=1&team=10&rost=0&age=0"">OAK</a>",642,20,970,113.3,94.79113402061856,105.008,73,75.204392192,0.5205479452054795,7.388955479
687401,2024,Joey Ortiz,"<a href=""leaders.aspx?pos=all&stats=bat&lg=all&qual=0&type=strType&season=2024&month=0&season1=2024&ind=1&team=23&rost=0&age=0"">MIL</a>",511,11,844,111.5,94.25805687203793,104.9367816091954,131,71.586616031,0.18320610687022904,7.468804427
680977,2024,Brendan Donovan,"<a href=""leaders.aspx?pos=all&stats=bat&lg=all&qual=0&type=strType&season=2024&month=0&season1=2024&ind=1&team=28&rost=0&age=0"">STL</a>",652,14,1117,109.3,94.99196428571427,103.91339285714284,101,68.480415941,0.0099009900990099,6.893028317
662139,2024,Daulton Varsho,"<a href=""leaders.aspx?pos=all&stats=bat&lg=all&qual=0&type=strType&season=2024&month=0&season1=2024&ind=1&team=14&rost=0&age=0"">TOR</a>",513,18,838,113.7,93.9997624703088,105.5547619047619,231,73.147140303,0.30303030303030304,7.593472641
645302,2024,Victor Robles,- - -,295,4,451,109.8,92.05807860262009,103.47826086956522,22,68.195055455,0,6.633946818
671732,2024,Lawrence Butler,"<a href=""leaders.aspx?pos=all&stats=bat&lg=all&qual=0&type=strType&season=2024&month=0&season1=2024&ind=1&team=10&rost=0&age=0"">OAK</a>",451,22,742,113.1,96.0989218328841,107.67466666666668,202,73.645048317,0.3663366336633664,7.085143168
694671,2024,Wyatt Langford,"<a href=""leaders.aspx?pos=all&stats=bat&lg=all&qual=0&type=strType&season=2024&month=0&season1=2024&ind=1&team=13&rost=0&age=0"">TEX</a>",557,16,887,111.9,96.22876404494382,107.34555555555556,141,72.605462979,0.2411347517730497,6.804061135
677800,2024,Wilyer Abreu,"<a href=""leaders.aspx?pos=all&stats=bat&lg=all&qual=0&type=strType&season=2024&month=0&season1=2024&ind=1&team=3&rost=0&age=0"">BOS</a>",447,15,686,114.4,96.3195335276968,107.58840579710144,265,73.949013283,0.39245283018867927,7.123820151
572233,2024,Christian Walker,"<a href=""leaders.aspx?pos=all&stats=bat&lg=all&qual=0&type=strType&season=2024&month=0&season1=2024&ind=1&team=15&rost=0&age=0"">ARI</a>",552,26,990,113.9,96.10282828282828,108.08446601941748,266,74.340942895,0.4323308270676692,7.366081316
663886,2024,Tyler Stephenson,"<a href=""leaders.aspx?pos=all&stats=bat&lg=all&qual=0&type=strType&season=2024&month=0&season1=2024&ind=1&team=18&rost=0&age=0"">CIN</a>",515,19,786,111,95.8709595959596,105.28395061728396,178,70.923023989,0.095505617977528115,7.44697618
671277,2024,Luis García Jr.,"<a href=""leaders.aspx?pos=all&stats=bat&lg=all&qual=0&type=strType&season=2024&month=0&season1=2024&ind=1&team=24&rost=0&age=0"">WSN</a>",528,18,920,110.7,94.82695652173912,105.64893617021276,200,73.22104915,0.33,7.3501604
592885,2024,Christian Yelich,"<a href=""leaders.aspx?pos=all&stats=bat&lg=all&qual=0&type=strType&season=2024&month=0&season1=2024&ind=1&team=23&rost=0&age=0"">MIL</a>",315,11,487,113.2,96.93836734693878,108.868,107,72.378815327,0.27102803738317754,7.391554766
592626,2024,Joc Pederson,"<a href=""leaders.aspx?pos=all&stats=bat&lg=all&qual=0&type=strType&season=2024&month=0&season1=2024&ind=1&team=15&rost=0&age=0"">ARI</a>",449,23,703,114.1,97.12994350282486,108.31095890410958,160,71.962258,0.2,7.42742
664983,2024,Jake McCarthy,"<a href=""leaders.aspx?pos=all&stats=bat&lg=all&qual=0&type=strType&season=2024&month=0&season1=2024&ind=1&team=15&rost=0&age=0"">ARI</a>",495,8,863,107.2,90.48657407407408,101.52068965517242,131,70.62744313,0.1068702290076336,7.072089466
673237,2024,Yainer Diaz,"<a href=""leaders.aspx?pos=all&stats=bat&lg=all&qual=0&type=strType&season=2024&month=0&season1=2024&ind=1&team=21&rost=0&age=0"">HOU</a>",619,16,1120,111.4,95.30479573712256,106.15344827586208,176,72.2615575,0.15909090909090912,7.268168636
663993,2024,Nathaniel Lowe,"<a href=""leaders.aspx?pos=all&stats=bat&lg=all&qual=0&type=strType&season=2024&month=0&season1=2024&ind=1&team=13&rost=0&age=0"">TEX</a>",565,16,927,111.8,93.92643923240938,105.747311827957,152,74.030841908,0.381578947368421,7.513396908
669701,2024,Josh Smith,"<a href=""leaders.aspx?pos=all&stats=bat&lg=all&qual=0&type=strType&season=2024&month=0&season1=2024&ind=1&team=13&rost=0&age=0"">TEX</a>",592,13,987,110.1,93.4082995951417,103.54356435643564,175,69.344506971,0.02285714285714286,6.977734
467793,2024,Carlos Santana,"<a href=""leaders.aspx?pos=all&stats=bat&lg=all&qual=0&type=strType&season=2024&month=0&season1=2024&ind=1&team=8&rost=0&age=0"">MIN</a>",594,23,930,113.6,95.54570815450644,105.03958333333333,48,71.612416875,0.16666666666666666,7.755877708
663697,2024,Jonathan India,"<a href=""leaders.aspx?pos=all&stats=bat&lg=all&qual=0&type=strType&season=2024&month=0&season1=2024&ind=1&team=18&rost=0&age=0"">CIN</a>",637,15,949,110.8,93.56687631027252,104.85416666666669,82,71.00319939,0.14634146341463417,7.386544756
650489,2024,Willi Castro,"<a href=""leaders.aspx?pos=all&stats=bat&lg=all&qual=0&type=strType&season=2024&month=0&season1=2024&ind=1&team=8&rost=0&age=0"">MIN</a>",635,12,1067,112.8,92.77570093457943,104.58971962616822,224,71.882050446,0.19196428571428573,7.193342634
668901,2024,Mark Vientos,"<a href=""leaders.aspx?pos=all&stats=bat&lg=all&qual=0&type=strType&season=2024&month=0&season1=2024&ind=1&team=25&rost=0&age=0"">NYM</a>",454,27,662,113.2,96.9440119760479,107.71194029850746,204,73.085139853,0.25,7.477072157
621493,2024,Taylor Ward,"<a href=""leaders.aspx?pos=all&stats=bat&lg=all&qual=0&type=strType&season=2024&month=0&season1=2024&ind=1&team=1&rost=0&age=0"">LAA</a>",663,25,1005,110.4,95.3869306930693,104.84271844660194,202,67.808412078999993,0.019801980198019813,6.772543218
500743,2024,Miguel Rojas,"<a href=""leaders.aspx?pos=all&stats=bat&lg=all&qual=0&type=strType&season=2024&month=0&season1=2024&ind=1&team=22&rost=0&age=0"">LAD</a>",337,6,572,109.8,93.34076655052264,103.07586206896552,92,69.007407391,0.05434782608695653,7.177395217
607043,2024,Brandon Nimmo,"<a href=""leaders.aspx?pos=all&stats=bat&lg=all&qual=0&type=strType&season=2024&month=0&season1=2024&ind=1&team=25&rost=0&age=0"">NYM</a>",663,23,1135,111.5,95.6219298245614,106.37456140350878,268,72.104321978,0.26492537313432835,6.978743955
665161,2024,Jeremy Peña,"<a href=""leaders.aspx?pos=all&stats=bat&lg=all&qual=0&type=strType&season=2024&month=0&season1=2024&ind=1&team=21&rost=0&age=0"">HOU</a>",650,15,1060,109.5,94.70656660412756,104.82616822429908,92,72.240033696,0.13043478260869565,7.324142717
672386,2024,Alejandro Kirk,"<a href=""leaders.aspx?pos=all&stats=bat&lg=all&qual=0&type=strType&season=2024&month=0&season1=2024&ind=1&team=14&rost=0&age=0"">TOR</a>",386,5,691,112.9,95.2378612716763,104.74647887323944,34,70.486592353,0.17647058823529413,7.058215882
665926,2024,Andrés Giménez,"<a href=""leaders.aspx?pos=all&stats=bat&lg=all&qual=0&type=strType&season=2024&month=0&season1=2024&ind=1&team=5&rost=0&age=0"">CLE</a>",633,9,1189,109.6,92.02504201680672,102.51512605042016,211,68.081464455,0.05687203791469195,6.970841943
668939,2024,Adley Rutschman,"<a href=""leaders.aspx?pos=all&stats=bat&lg=all&qual=0&type=strType&season=2024&month=0&season1=2024&ind=1&team=2&rost=0&age=0"">BAL</a>",638,19,1103,109.3,94.06881720430108,103.53963963963965,146,70.895590411,0.11643835616438356,7.038823836
696285,2024,Jacob Young,"<a href=""leaders.aspx?pos=all&stats=bat&lg=all&qual=0&type=strType&season=2024&month=0&season1=2024&ind=1&team=24&rost=0&age=0"">WSN</a>",521,3,790,107.6,91.5729797979798,101.52682926829269,198,69.836861162,0.04545454545454547,7.160105
575929,2024,Willson Contreras,"<a href=""leaders.aspx?pos=all&stats=bat&lg=all&qual=0&type=strType&season=2024&month=0&season1=2024&ind=1&team=28&rost=0&age=0"">STL</a>",358,15,526,115.3,96.48977272727272,108.93207547169813,264,75.834384508,0.6325757575757575,7.861646402
621566,2024,Matt Olson,"<a href=""leaders.aspx?pos=all&stats=bat&lg=all&qual=0&type=strType&season=2024&month=0&season1=2024&ind=1&team=16&rost=0&age=0"">ATL</a>",685,29,1255,113.9,95.62101910828024,107.88692307692308,310,74.552466065,0.4645161290322581,7.527657323
691718,2024,Pete Crow-Armstrong,"<a href=""leaders.aspx?pos=all&stats=bat&lg=all&qual=0&type=strType&season=2024&month=0&season1=2024&ind=1&team=17&rost=0&age=0"">CHC</a>",410,10,677,107.2,93.41238938053095,102.47,284,74.187477711,0.4612676056338027,7.251028275
669257,2024,Will Smith,"<a href=""leaders.aspx?pos=all&stats=bat&lg=all&qual=0&type=strType&season=2024&month=0&season1=2024&ind=1&team=22&rost=0&age=0"">LAD</a>",544,20,962,109.1,94.18223140495869,103.67575757575756,197,69.96281467,0.06598984771573606,7.178203503
668930,2024,Brice Turang,"<a href=""leaders.aspx?pos=all&stats=bat&lg=all&qual=0&type=strType&season=2024&month=0&season1=2024&ind=1&team=23&rost=0&age=0"">MIL</a>",619,7,1208,107.8,91.48780889621088,101.03064516129032,236,70.706369831,0.1059322033898305,6.816180085
641933,2024,Tyler O'Neill,"<a href=""leaders.aspx?pos=all&stats=bat&lg=all&qual=0&type=strType&season=2024&month=0&season1=2024&ind=1&team=3&rost=0&age=0"">BOS</a>",473,31,652,117.4,97.49662576687116,109.19701492537314,91,71.360764066,0.12087912087912088,7.303943516
672515,2024,Gabriel Moreno,"<a href=""leaders.aspx?pos=all&stats=bat&lg=all&qual=0&type=strType&season=2024&month=0&season1=2024&ind=1&team=15&rost=0&age=0"">ARI</a>",351,5,603,111.1,94.70993377483444,105.20819672131148,127,71.264504173,0.22047244094488191,7.174829291
672640,2024,Otto Lopez,"<a href=""leaders.aspx?pos=all&stats=bat&lg=all&qual=0&type=strType&season=2024&month=0&season1=2024&ind=1&team=20&rost=0&age=0"">MIA</a>",434,6,721,108.8,94.62348066298344,105.00675675675676,245,71.94981298,0.2612244897959184,6.838903102
663586,2024,Austin Riley,"<a href=""leaders.aspx?pos=all&stats=bat&lg=all&qual=0&type=strType&season=2024&month=0&season1=2024&ind=1&team=16&rost=0&age=0"">ATL</a>",469,19,751,114.7,97.9406914893617,108.88684210526316,294,74.856617993,0.4761904761904761,7.507030612
664238,2024,Dylan Moore,"<a href=""leaders.aspx?pos=all&stats=bat&lg=all&qual=0&type=strType&season=2024&month=0&season1=2024&ind=1&team=11&rost=0&age=0"">SEA</a>",441,10,664,109.1,93.830421686747,105.01764705882351,30,73.236560667,0.2666666666666667,7.191669333
681481,2024,Kerry Carpenter,"<a href=""leaders.aspx?pos=all&stats=bat&lg=all&qual=0&type=strType&season=2024&month=0&season1=2024&ind=1&team=6&rost=0&age=0"">DET</a>",296,18,448,109.6,96.67589285714286,105.20212765957449,193,72.224294663,0.1968911917098446,7.581914352
663837,2024,Matt Vierling,"<a href=""leaders.aspx?pos=all&stats=bat&lg=all&qual=0&type=strType&season=2024&month=0&season1=2024&ind=1&team=6&rost=0&age=0"">DET</a>",567,16,958,111.2,94.8125260960334,105.377,149,70.922427987,0.07382550335570469,7.489246913
671218,2024,Heliot Ramos,"<a href=""leaders.aspx?pos=all&stats=bat&lg=all&qual=0&type=strType&season=2024&month=0&season1=2024&ind=1&team=30&rost=0&age=0"">SFG</a>",518,22,798,111.8,96.32518703241897,107.47037037037038,286,71.893782308,0.21678321678321685,6.805314441
571970,2024,Max Muncy,"<a href=""leaders.aspx?pos=all&stats=bat&lg=all&qual=0&type=strType&season=2024&month=0&season1=2024&ind=1&team=22&rost=0&age=0"">LAD</a>",293,15,420,111.1,96.00190476190475,106.67619047619048,219,71.571221096,0.10502283105022832,6.970105297
669016,2024,Brandon Marsh,"<a href=""leaders.aspx?pos=all&stats=bat&lg=all&qual=0&type=strType&season=2024&month=0&season1=2024&ind=1&team=26&rost=0&age=0"">PHI</a>",476,16,679,110.1,95.4017595307918,105.61304347826086,217,71.099138111,0.13364055299539174,7.233149585
670042,2024,Luke Raley,"<a href=""leaders.aspx?pos=all&stats=bat&lg=all&qual=0&type=strType&season=2024&month=0&season1=2024&ind=1&team=11&rost=0&age=0"">SEA</a>",455,22,639,115.4,95.92329192546585,107.5015625,194,75.444054021,0.5773195876288659,7.293031082
647304,2024,Josh Naylor,"<a href=""leaders.aspx?pos=all&stats=bat&lg=all&qual=0&type=strType&season=2024&month=0&season1=2024&ind=1&team=5&rost=0&age=0"">CLE</a>",633,31,1054,111.3,97.42846299810246,107.31981132075472,242,70.289978802,0.0743801652892562,7.584238306
664040,2024,Brandon Lowe,"<a href=""leaders.aspx?pos=all&stats=bat&lg=all&qual=0&type=strType&season=2024&month=0&season1=2024&ind=1&team=12&rost=0&age=0"">TBR</a>",425,21,652,111,95.33098159509204,106.1463768115942,269,73.08476658,0.37918215613382894,7.009000595
669364,2024,Xavier Edwards,"<a href=""leaders.aspx?pos=all&stats=bat&lg=all&qual=0&type=strType&season=2024&month=0&season1=2024&ind=1&team=20&rost=0&age=0"">MIA</a>",303,1,507,108.3,89.53529411764706,98.7686274509804,220,67.769708045,0,6.523374909
683737,2024,Michael Busch,"<a href=""leaders.aspx?pos=all&stats=bat&lg=all&qual=0&type=strType&season=2024&month=0&season1=2024&ind=1&team=17&rost=0&age=0"">CHC</a>",567,21,877,110.9,94.51863636363636,105.5370786516854,251,68.341815259,0.0398406374501992,6.981473466
668804,2024,Bryan Reynolds,"<a href=""leaders.aspx?pos=all&stats=bat&lg=all&qual=0&type=strType&season=2024&month=0&season1=2024&ind=1&team=27&rost=0&age=0"">PIT</a>",692,24,1085,111.6,95.56132596685084,105.851376146789,264,72.659224811,0.2765151515151515,7.021494924
678009,2024,Parker Meadows,"<a href=""leaders.aspx?pos=all&stats=bat&lg=all&qual=0&type=strType&season=2024&month=0&season1=2024&ind=1&team=6&rost=0&age=0"">DET</a>",298,9,481,110,92.87479338842977,103.64509803921568,66,70.06977697,0.01515151515151515,7.235665758
668670,2024,Jake Rogers,"<a href=""leaders.aspx?pos=all&stats=bat&lg=all&qual=0&type=strType&season=2024&month=0&season1=2024&ind=1&team=6&rost=0&age=0"">DET</a>",337,10,484,107.1,95.31074380165288,103.95102040816326,59,71.131361186,0.05084745762711865,7.652328814
681351,2024,Logan O'Hoppe,"<a href=""leaders.aspx?pos=all&stats=bat&lg=all&qual=0&type=strType&season=2024&month=0&season1=2024&ind=1&team=1&rost=0&age=0"">LAA</a>",522,20,811,111.6,96.195085995086,106.6719512195122,157,71.862100064,0.21019108280254775,7.677491656
676391,2024,Ernie Clement,"<a href=""leaders.aspx?pos=all&stats=bat&lg=all&qual=0&type=strType&season=2024&month=0&season1=2024&ind=1&team=14&rost=0&age=0"">TOR</a>",452,12,801,109.4,92.11720698254364,101.15555555555557,238,66.936008025,0.01680672268907563,7.141340126
656775,2024,Cedric Mullins,"<a href=""leaders.aspx?pos=all&stats=bat&lg=all&qual=0&type=strType&season=2024&month=0&season1=2024&ind=1&team=2&rost=0&age=0"">BAL</a>",499,18,907,108.2,92.23582417582418,103.0945054945055,201,70.701016915,0.09452736318407964,7.654259403
666971,2024,Lourdes Gurriel Jr.,"<a href=""leaders.aspx?pos=all&stats=bat&lg=all&qual=0&type=strType&season=2024&month=0&season1=2024&ind=1&team=15&rost=0&age=0"">ARI</a>",553,18,1045,110.6,94.28661567877629,105.07142857142856,85,70.294120706,0.07058823529411765,7.568931059
671056,2024,Iván Herrera,"<a href=""leaders.aspx?pos=all&stats=bat&lg=all&qual=0&type=strType&season=2024&month=0&season1=2024&ind=1&team=28&rost=0&age=0"">STL</a>",259,5,408,114.1,96.8389423076923,106.13809523809525,259,74.50789973,0.4787644787644787,7.866353822
641355,2024,Cody Bellinger,"<a href=""leaders.aspx?pos=all&stats=bat&lg=all&qual=0&type=strType&season=2024&month=0&season1=2024&ind=1&team=17&rost=0&age=0"">CHC</a>",569,18,959,109.2,93.14583333333331,102.5326530612245,239,69.895334435,0.029288702928870296,7.948868703
630105,2024,Jake Cronenworth,"<a href=""leaders.aspx?pos=all&stats=bat&lg=all&qual=0&type=strType&season=2024&month=0&season1=2024&ind=1&team=29&rost=0&age=0"">SDP</a>",656,17,1220,111.5,93.55868852459017,105.00081967213114,162,72.180944198,0.22222222222222224,7.189154753
624413,2024,Pete Alonso,"<a href=""leaders.aspx?pos=all&stats=bat&lg=all&qual=0&type=strType&season=2024&month=0&season1=2024&ind=1&team=25&rost=0&age=0"">NYM</a>",695,34,1060,116.5,96.88703007518797,109.37102803738318,270,74.163384926,0.41851851851851857,7.210987185
643396,2024,Isiah Kiner-Falefa,- - -,496,8,805,107.9,93.22648514851484,102.54634146341463,57,67.11367807,0.017543859649122806,6.831282807
670242,2024,Matt Wallner,"<a href=""leaders.aspx?pos=all&stats=bat&lg=all&qual=0&type=strType&season=2024&month=0&season1=2024&ind=1&team=8&rost=0&age=0"">MIN</a>",261,13,353,116.8,97.43728813559322,110.9157894736842,244,75.438334385,0.5860655737704917,7.634556639
672695,2024,Geraldo Perdomo,"<a href=""leaders.aspx?pos=all&stats=bat&lg=all&qual=0&type=strType&season=2024&month=0&season1=2024&ind=1&team=15&rost=0&age=0"">ARI</a>",388,3,635,109.8,92.19373040752352,101.08235294117648,195,65.636003282,0,6.843758564
593428,2024,Xander Bogaerts,"<a href=""leaders.aspx?pos=all&stats=bat&lg=all&qual=0&type=strType&season=2024&month=0&season1=2024&ind=1&team=29&rost=0&age=0"">SDP</a>",463,11,800,111.3,94.25112219451373,104.28823529411764,187,71.225660053,0.2192513368983957,7.417328824
671739,2024,Michael Harris II,"<a href=""leaders.aspx?pos=all&stats=bat&lg=all&qual=0&type=strType&season=2024&month=0&season1=2024&ind=1&team=16&rost=0&age=0"">ATL</a>",470,16,802,114.7,97.98955223880596,109.62962962962963,237,74.990140633,0.5063291139240507,8.199342236
668227,2024,Randy Arozarena,- - -,648,20,926,113.8,95.65321888412018,106.78172043010753,265,70.192315774,0.18867924528301888,7.183336566
592663,2024,J.T. Realmuto,"<a href=""leaders.aspx?pos=all&stats=bat&lg=all&qual=0&type=strType&season=2024&month=0&season1=2024&ind=1&team=26&rost=0&age=0"">PHI</a>",413,14,703,109.7,95.27017045454544,105.9225352112676,136,73.910078529,0.4044117647058824,7.523397868
669127,2024,Shea Langeliers,"<a href=""leaders.aspx?pos=all&stats=bat&lg=all&qual=0&type=strType&season=2024&month=0&season1=2024&ind=1&team=10&rost=0&age=0"">OAK</a>",534,29,844,113.7,97.24668246445498,108.30568181818182,275,75.028477091,0.5018181818181817,7.257418218
676694,2024,Jake Meyers,"<a href=""leaders.aspx?pos=all&stats=bat&lg=all&qual=0&type=strType&season=2024&month=0&season1=2024&ind=1&team=21&rost=0&age=0"">HOU</a>",513,13,762,110,93.69240837696336,104.55454545454546,67,67.795352388,0.08955223880597016,6.983337313
666023,2024,Freddy Fermin,"<a href=""leaders.aspx?pos=all&stats=bat&lg=all&qual=0&type=strType&season=2024&month=0&season1=2024&ind=1&team=7&rost=0&age=0"">KCR</a>",368,6,650,110.7,93.77883435582822,103,123,69.637078293,0.07317073170731708,7.530927236
650490,2024,Yandy Díaz,"<a href=""leaders.aspx?pos=all&stats=bat&lg=all&qual=0&type=strType&season=2024&month=0&season1=2024&ind=1&team=12&rost=0&age=0"">TBR</a>",621,14,1098,117.4,96.62276867030964,108.41081081081082,224,72.838419821,0.3125,7.834084598
676609,2024,José Caballero,"<a href=""leaders.aspx?pos=all&stats=bat&lg=all&qual=0&type=strType&season=2024&month=0&season1=2024&ind=1&team=12&rost=0&age=0"">TBR</a>",483,9,785,109.9,90.88401015228426,103.22125,240,68.208485125,0.04166666666666667,6.757118083
641857,2024,Ryan McMahon,"<a href=""leaders.aspx?pos=all&stats=bat&lg=all&qual=0&type=strType&season=2024&month=0&season1=2024&ind=1&team=19&rost=0&age=0"">COL</a>",645,20,1056,113.3,95.37296786389416,107.3377358490566,173,74.299724335,0.4335260115606936,7.273226994
605170,2024,Victor Caratini,"<a href=""leaders.aspx?pos=all&stats=bat&lg=all&qual=0&type=strType&season=2024&month=0&season1=2024&ind=1&team=21&rost=0&age=0"">HOU</a>",274,8,445,111.1,95.82869955156951,105.14347826086956,161,70.67291913,0.08695652173913045,7.15149795
624641,2024,Edmundo Sosa,"<a href=""leaders.aspx?pos=all&stats=bat&lg=all&qual=0&type=strType&season=2024&month=0&season1=2024&ind=1&team=26&rost=0&age=0"">PHI</a>",274,7,462,113.7,93.70991379310344,106.35744680851064,122,71.975447131,0.24590163934426237,8.193821475
682626,2024,Francisco Alvarez,"<a href=""leaders.aspx?pos=all&stats=bat&lg=all&qual=0&type=strType&season=2024&month=0&season1=2024&ind=1&team=25&rost=0&age=0"">NYM</a>",342,11,507,114.8,95.884765625,108.07843137254902,204,74.384048431,0.4509803921568627,7.32870799
669003,2024,Garrett Mitchell,"<a href=""leaders.aspx?pos=all&stats=bat&lg=all&qual=0&type=strType&season=2024&month=0&season1=2024&ind=1&team=23&rost=0&age=0"">MIL</a>",224,8,287,111,94.17847222222224,106.37241379310343,194,76.728542474,0.7577319587628866,7.218980773
687462,2024,Spencer Horwitz,"<a href=""leaders.aspx?pos=all&stats=bat&lg=all&qual=0&type=strType&season=2024&month=0&season1=2024&ind=1&team=14&rost=0&age=0"">TOR</a>",381,12,684,108.1,92.5968115942029,103.06811594202898,171,68.601458363,0.035087719298245626,6.952848596
518595,2024,Travis d'Arnaud,"<a href=""leaders.aspx?pos=all&stats=bat&lg=all&qual=0&type=strType&season=2024&month=0&season1=2024&ind=1&team=16&rost=0&age=0"">ATL</a>",341,15,556,110.7,95.62831541218638,105.43508771929824,62,70.750840161,0.09677419354838712,7.687387742
650402,2024,Gleyber Torres,"<a href=""leaders.aspx?pos=all&stats=bat&lg=all&qual=0&type=strType&season=2024&month=0&season1=2024&ind=1&team=9&rost=0&age=0"">NYY</a>",665,15,1155,111.2,93.26626506024095,103.29416666666668,212,67.388924528,0.009433962264150945,6.986755755
682928,2024,CJ Abrams,"<a href=""leaders.aspx?pos=all&stats=bat&lg=all&qual=0&type=strType&season=2024&month=0&season1=2024&ind=1&team=24&rost=0&age=0"">WSN</a>",602,20,1076,110,93.30018484288355,104.08703703703704,271,72.042909742,0.22878228782287827,7.686544133
681082,2024,Bryson Stott,"<a href=""leaders.aspx?pos=all&stats=bat&lg=all&qual=0&type=strType&season=2024&month=0&season1=2024&ind=1&team=26&rost=0&age=0"">PHI</a>",571,11,983,109.8,92.16136820925551,102.6919191919192,184,70.124797609,0.027173913043478264,7.287763804
608348,2024,Carson Kelly,- - -,313,9,509,110.5,95.59375,105.01176470588236,164,71.167262256,0.10365853658536583,6.998505488
681807,2024,David Fry,"<a href=""leaders.aspx?pos=all&stats=bat&lg=all&qual=0&type=strType&season=2024&month=0&season1=2024&ind=1&team=5&rost=0&age=0"">CLE</a>",392,14,642,109.3,95.34735202492212,104.65151515151516,97,71.028764227,0.1237113402061856,8.6499087629999991
690993,2024,Colt Keith,"<a href=""leaders.aspx?pos=all&stats=bat&lg=all&qual=0&type=strType&season=2024&month=0&season1=2024&ind=1&team=6&rost=0&age=0"">DET</a>",556,13,860,109.4,94.5060465116279,104.17159090909092,155,72.036820516,0.18064516129032257,6.916766968
573262,2024,Mike Yastrzemski,"<a href=""leaders.aspx?pos=all&stats=bat&lg=all&qual=0&type=strType&season=2024&month=0&season1=2024&ind=1&team=30&rost=0&age=0"">SFG</a>",474,18,727,110.9,95.95917808219178,104.40657894736842,199,70.607242312,0.03517587939698493,7.359586834
624431,2024,Jose Trevino,"<a href=""leaders.aspx?pos=all&stats=bat&lg=all&qual=0&type=strType&season=2024&month=0&season1=2024&ind=1&team=9&rost=0&age=0"">NYY</a>",234,8,337,107.8,94.67573964497042,103.12941176470588,31,69.324809677,0.06451612903225808,7.25787129
666152,2024,David Hamilton,"<a href=""leaders.aspx?pos=all&stats=bat&lg=all&qual=0&type=strType&season=2024&month=0&season1=2024&ind=1&team=3&rost=0&age=0"">BOS</a>",317,8,442,108.8,93.73212669683258,103.66444444444444,159,68.984714591,0.07547169811320756,7.209194906
641487,2024,J.P. Crawford,"<a href=""leaders.aspx?pos=all&stats=bat&lg=all&qual=0&type=strType&season=2024&month=0&season1=2024&ind=1&team=11&rost=0&age=0"">SEA</a>",451,9,709,110.7,93.85586592178772,104.59859154929578,175,71.815148571,0.2342857142857143,7.358438971
660821,2024,Jesús Sánchez,"<a href=""leaders.aspx?pos=all&stats=bat&lg=all&qual=0&type=strType&season=2024&month=0&season1=2024&ind=1&team=20&rost=0&age=0"">MIA</a>",537,18,850,117.2,98.70704225352112,110.76404494382022,216,73.025935231,0.4212962962962963,6.830186806
668715,2024,Spencer Steer,"<a href=""leaders.aspx?pos=all&stats=bat&lg=all&qual=0&type=strType&season=2024&month=0&season1=2024&ind=1&team=18&rost=0&age=0"">CIN</a>",656,20,1039,108.2,94.2676864244742,104.51962616822428,210,70.897996571,0.0761904761904762,7.4247447620000004
545341,2024,Randal Grichuk,"<a href=""leaders.aspx?pos=all&stats=bat&lg=all&qual=0&type=strType&season=2024&month=0&season1=2024&ind=1&team=15&rost=0&age=0"">ARI</a>",279,12,471,112.3,98.58771186440678,108.45833333333331,66,73.693291515,0.3484848484848485,7.62259197
666310,2024,Bo Naylor,"<a href=""leaders.aspx?pos=all&stats=bat&lg=all&qual=0&type=strType&season=2024&month=0&season1=2024&ind=1&team=5&rost=0&age=0"">CLE</a>",389,13,608,109.2,94.01377049180329,103.82786885245902,155,71.836843677,0.14838709677419354,7.662121032
656811,2024,Ryan O'Hearn,"<a href=""leaders.aspx?pos=all&stats=bat&lg=all&qual=0&type=strType&season=2024&month=0&season1=2024&ind=1&team=2&rost=0&age=0"">BAL</a>",494,15,887,108.8,95.74742729306487,104.6076923076923,248,70.699330726,0.09274193548387095,7.139142137
543309,2024,Kyle Higashioka,"<a href=""leaders.aspx?pos=all&stats=bat&lg=all&qual=0&type=strType&season=2024&month=0&season1=2024&ind=1&team=29&rost=0&age=0"">SDP</a>",263,17,421,109.2,95.19052132701422,105.58863636363635,100,71.469176,0.15,7.2835762
663368,2024,Blake Perkins,"<a href=""leaders.aspx?pos=all&stats=bat&lg=all&qual=0&type=strType&season=2024&month=0&season1=2024&ind=1&team=23&rost=0&age=0"">MIL</a>",434,6,608,106.8,93.98388157894736,101.6095238095238,81,70.193368642,0.07407407407407408,7.304862346
686681,2024,Michael Massey,"<a href=""leaders.aspx?pos=all&stats=bat&lg=all&qual=0&type=strType&season=2024&month=0&season1=2024&ind=1&team=7&rost=0&age=0"">KCR</a>",356,14,670,110,95.27432835820896,103.71739130434784,132,72.101691818,0.1818181818181818,7.124929773
680777,2024,Ryan Jeffers,"<a href=""leaders.aspx?pos=all&stats=bat&lg=all&qual=0&type=strType&season=2024&month=0&season1=2024&ind=1&team=8&rost=0&age=0"">MIN</a>",465,21,783,115.3,92.99262086513995,106.0493670886076,182,73.459640659,0.41208791208791207,7.18843544
686217,2024,Sal Frelick,"<a href=""leaders.aspx?pos=all&stats=bat&lg=all&qual=0&type=strType&season=2024&month=0&season1=2024&ind=1&team=23&rost=0&age=0"">MIL</a>",524,2,882,107.6,90.98503401360544,101.70425531914894,190,68.086099316,0.03157894736842106,7.124022947
686469,2024,Vinnie Pasquantino,"<a href=""leaders.aspx?pos=all&stats=bat&lg=all&qual=0&type=strType&season=2024&month=0&season1=2024&ind=1&team=7&rost=0&age=0"">KCR</a>",554,19,1033,113.7,97.52978723404256,106.81634615384615,274,69.734180438,0.05839416058394161,7.218535876
650859,2024,Luis Rengifo,"<a href=""leaders.aspx?pos=all&stats=bat&lg=all&qual=0&type=strType&season=2024&month=0&season1=2024&ind=1&team=1&rost=0&age=0"">LAA</a>",304,6,555,110.2,92.72491103202849,102.63928571428572,183,70.214869945,0.1366120218579235,7.11010918
664728,2024,Kyle Isbel,"<a href=""leaders.aspx?pos=all&stats=bat&lg=all&qual=0&type=strType&season=2024&month=0&season1=2024&ind=1&team=7&rost=0&age=0"">KCR</a>",426,8,697,109.6,94.02971428571428,104.90285714285714,155,71.39961529,0.13548387096774195,7.082084387
663616,2024,Trevor Larnach,"<a href=""leaders.aspx?pos=all&stats=bat&lg=all&qual=0&type=strType&season=2024&month=0&season1=2024&ind=1&team=8&rost=0&age=0"">MIN</a>",400,15,604,113.2,97.20033112582782,107.82295081967212,149,71.147920403,0.12751677852348994,7.41197651
663624,2024,Ryan Mountcastle,"<a href=""leaders.aspx?pos=all&stats=bat&lg=all&qual=0&type=strType&season=2024&month=0&season1=2024&ind=1&team=2&rost=0&age=0"">BAL</a>",507,13,934,113.5,95.22371794871796,107.01382978723404,31,74.381719677,0.4516129032258064,7.507254516
680869,2024,Zack Gelof,"<a href=""leaders.aspx?pos=all&stats=bat&lg=all&qual=0&type=strType&season=2024&month=0&season1=2024&ind=1&team=10&rost=0&age=0"">OAK</a>",547,17,782,109.1,94.0920716112532,104.44,99,74.107700505,0.3636363636363637,7.36684101
669394,2024,Jake Burger,"<a href=""leaders.aspx?pos=all&stats=bat&lg=all&qual=0&type=strType&season=2024&month=0&season1=2024&ind=1&team=20&rost=0&age=0"">MIA</a>",579,29,850,115.5,98.44564705882352,110.11058823529412,257,74.262883424,0.4591439688715953,7.361893113
657041,2024,Lane Thomas,- - -,528,15,832,111,95.05547619047618,105.59885057471264,137,71.401110365,0.15328467153284675,6.770674599
608701,2024,Rob Refsnyder,"<a href=""leaders.aspx?pos=all&stats=bat&lg=all&qual=0&type=strType&season=2024&month=0&season1=2024&ind=1&team=3&rost=0&age=0"">BOS</a>",307,11,492,112.1,95.05,106.774,77,72.443894805,0.2337662337662338,7.573278052
693304,2024,Nick Gonzales,"<a href=""leaders.aspx?pos=all&stats=bat&lg=all&qual=0&type=strType&season=2024&month=0&season1=2024&ind=1&team=27&rost=0&age=0"">PIT</a>",387,7,640,110.4,94.4152647975078,104.75076923076924,261,70.512551456,0.11111111111111112,7.495986437
680474,2024,Max Schuemann,"<a href=""leaders.aspx?pos=all&stats=bat&lg=all&qual=0&type=strType&season=2024&month=0&season1=2024&ind=1&team=10&rost=0&age=0"">OAK</a>",459,7,621,112.9,93.71800643086816,102.3015873015873,12,71.26868,0.16666666666666669,7.300113333
663698,2024,Joey Bart,"<a href=""leaders.aspx?pos=all&stats=bat&lg=all&qual=0&type=strType&season=2024&month=0&season1=2024&ind=1&team=27&rost=0&age=0"">PIT</a>",282,13,412,111.5,94.66490384615383,107.69761904761904,101,75.388990594,0.5148514851485149,7.375572574
645277,2024,Ozzie Albies,"<a href=""leaders.aspx?pos=all&stats=bat&lg=all&qual=0&type=strType&season=2024&month=0&season1=2024&ind=1&team=16&rost=0&age=0"">ATL</a>",435,10,852,113.7,93.24272300469484,102.69111111111113,291,68.757393677,0.05498281786941581,7.185268488
624424,2024,Michael Conforto,"<a href=""leaders.aspx?pos=all&stats=bat&lg=all&qual=0&type=strType&season=2024&month=0&season1=2024&ind=1&team=30&rost=0&age=0"">SFG</a>",488,20,758,114,96.5414248021108,108.2065789473684,72,73.189173056,0.3611111111111111,7.290341806
695578,2024,James Wood,"<a href=""leaders.aspx?pos=all&stats=bat&lg=all&qual=0&type=strType&season=2024&month=0&season1=2024&ind=1&team=24&rost=0&age=0"">WSN</a>",336,9,442,113.1,98.53484162895928,109.23541666666668,257,76.343363346,0.6498054474708171,7.421805214
680700,2024,Richie Palacios,"<a href=""leaders.aspx?pos=all&stats=bat&lg=all&qual=0&type=strType&season=2024&month=0&season1=2024&ind=1&team=12&rost=0&age=0"">TBR</a>",316,5,504,108.5,92.52103174603177,103.1576923076923,92,68.556123804,0.04347826086956522,7.343969457
643446,2024,Jeff McNeil,"<a href=""leaders.aspx?pos=all&stats=bat&lg=all&qual=0&type=strType&season=2024&month=0&season1=2024&ind=1&team=25&rost=0&age=0"">NYM</a>",472,12,929,107.7,92.65021459227468,102.02736842105264,239,68.059791548,0.012552301255230129,7.134360753
681624,2024,Andy Pages,"<a href=""leaders.aspx?pos=all&stats=bat&lg=all&qual=0&type=strType&season=2024&month=0&season1=2024&ind=1&team=22&rost=0&age=0"">LAD</a>",443,13,746,112,93.94718498659518,105.364,302,73.032334172,0.2814569536423841,7.688694934
672580,2024,Maikel Garcia,"<a href=""leaders.aspx?pos=all&stats=bat&lg=all&qual=0&type=strType&season=2024&month=0&season1=2024&ind=1&team=7&rost=0&age=0"">KCR</a>",626,7,1063,111.1,95.85338345864662,104.8101851851852,206,72.223313155,0.21359223300970875,7.126121796
664056,2024,Harrison Bader,"<a href=""leaders.aspx?pos=all&stats=bat&lg=all&qual=0&type=strType&season=2024&month=0&season1=2024&ind=1&team=25&rost=0&age=0"">NYM</a>",437,12,700,111.7,93.8997150997151,104.53287671232876,99,72.659340202,0.393939393939394,7.223143434
665750,2024,Leody Taveras,"<a href=""leaders.aspx?pos=all&stats=bat&lg=all&qual=0&type=strType&season=2024&month=0&season1=2024&ind=1&team=13&rost=0&age=0"">TEX</a>",529,12,855,110.1,93.02009345794391,105.28372093023256,160,72.301273063,0.21875,7.560707188
669743,2024,Alex Call,"<a href=""leaders.aspx?pos=all&stats=bat&lg=all&qual=0&type=strType&season=2024&month=0&season1=2024&ind=1&team=24&rost=0&age=0"">WSN</a>",113,3,204,107.9,90.75339805825244,101.57142857142856,68,68.354213235,0.07352941176470587,6.801272206
502671,2024,Paul Goldschmidt,"<a href=""leaders.aspx?pos=all&stats=bat&lg=all&qual=0&type=strType&season=2024&month=0&season1=2024&ind=1&team=28&rost=0&age=0"">STL</a>",654,22,1137,111.4,96.39718804920912,106.09912280701754,107,72.036982523,0.1869158878504673,7.653130374
668904,2024,Royce Lewis,"<a href=""leaders.aspx?pos=all&stats=bat&lg=all&qual=0&type=strType&season=2024&month=0&season1=2024&ind=1&team=8&rost=0&age=0"">MIN</a>",325,16,551,112.7,92.68628158844766,106.41428571428573,157,73.303623949,0.35031847133757965,8.183417325
657136,2024,Connor Wong,"<a href=""leaders.aspx?pos=all&stats=bat&lg=all&qual=0&type=strType&season=2024&month=0&season1=2024&ind=1&team=3&rost=0&age=0"">BOS</a>",487,13,784,110.8,92.70505050505052,104.4841463414634,81,72.126424938,0.20987654320987656,7.314944198
650333,2024,Luis Arraez,- - -,672,4,1376,108.4,91.54825581395347,98.61985815602836,246,62.512749797,0,5.853145366
643289,2024,Mauricio Dubón,"<a href=""leaders.aspx?pos=all&stats=bat&lg=all&qual=0&type=strType&season=2024&month=0&season1=2024&ind=1&team=21&rost=0&age=0"">HOU</a>",428,4,829,108.3,91.57601918465228,100.76162790697674,247,69.270427409,0.03238866396761133,7.624807449
677587,2024,Brayan Rocchio,"<a href=""leaders.aspx?pos=all&stats=bat&lg=all&qual=0&type=strType&season=2024&month=0&season1=2024&ind=1&team=5&rost=0&age=0"">CLE</a>",442,8,693,108.1,90.61002865329512,101.39859154929576,244,69.693342787,0.0737704918032787,7.50473082
624585,2024,Jorge Soler,- - -,574,21,859,115.4,96.60604651162792,108.26436781609196,262,74.593809084,0.4885496183206106,7.970378702
543807,2024,George Springer,"<a href=""leaders.aspx?pos=all&stats=bat&lg=all&qual=0&type=strType&season=2024&month=0&season1=2024&ind=1&team=14&rost=0&age=0"">TOR</a>",614,19,953,110.6,94.37615062761506,105.789898989899,160,73.718827938,0.40625,7.491081625
678882,2024,Ceddanne Rafaela,"<a href=""leaders.aspx?pos=all&stats=bat&lg=all&qual=0&type=strType&season=2024&month=0&season1=2024&ind=1&team=3&rost=0&age=0"">BOS</a>",571,15,976,108.2,92.34569672131148,102.82058823529412,220,69.835083318,0.06818181818181819,7.285475
672761,2024,Wenceel Pérez,"<a href=""leaders.aspx?pos=all&stats=bat&lg=all&qual=0&type=strType&season=2024&month=0&season1=2024&ind=1&team=6&rost=0&age=0"">DET</a>",425,9,733,109.1,92.35363881401618,102.35135135135135,112,71.880946607,0.19642857142857145,6.924077143
656716,2024,Zach McKinstry,"<a href=""leaders.aspx?pos=all&stats=bat&lg=all&qual=0&type=strType&season=2024&month=0&season1=2024&ind=1&team=6&rost=0&age=0"">DET</a>",325,4,571,108.1,93.48650519031142,102.1706896551724,107,69.413223084,0.056074766355140186,6.719726822
621438,2024,Tyrone Taylor,"<a href=""leaders.aspx?pos=all&stats=bat&lg=all&qual=0&type=strType&season=2024&month=0&season1=2024&ind=1&team=25&rost=0&age=0"">NYM</a>",345,7,588,110.7,95.23401360544216,105.95254237288135,126,71.168720159,0.09523809523809525,7.374703254
641584,2024,Jake Fraley,"<a href=""leaders.aspx?pos=all&stats=bat&lg=all&qual=0&type=strType&season=2024&month=0&season1=2024&ind=1&team=18&rost=0&age=0"">CIN</a>",382,5,684,110.1,91.5327485380117,103.15285714285714,123,71.722503659,0.21951219512195125,7.174590732
666139,2024,Josh Lowe,"<a href=""leaders.aspx?pos=all&stats=bat&lg=all&qual=0&type=strType&season=2024&month=0&season1=2024&ind=1&team=12&rost=0&age=0"">TBR</a>",387,10,648,109.8,93.45864197530864,105.27692307692308,215,73.977829349,0.4046511627906977,7.461722884
660670,2024,Ronald Acuña Jr.,"<a href=""leaders.aspx?pos=all&stats=bat&lg=all&qual=0&type=strType&season=2024&month=0&season1=2024&ind=1&team=16&rost=0&age=0"">ATL</a>",222,4,354,114.2,96.71016949152542,108.66666666666669,240,75.493217083,0.5750000000000001,7.554082083
656976,2024,Pavin Smith,"<a href=""leaders.aspx?pos=all&stats=bat&lg=all&qual=0&type=strType&season=2024&month=0&season1=2024&ind=1&team=15&rost=0&age=0"">ARI</a>",158,9,220,112.1,97.6855855855856,106.97272727272728,16,72.783465,0.1875,7.59101625
545361,2024,Mike Trout,"<a href=""leaders.aspx?pos=all&stats=bat&lg=all&qual=0&type=strType&season=2024&month=0&season1=2024&ind=1&team=1&rost=0&age=0"">LAA</a>",126,10,241,114.5,94.53852459016392,107.372,243,75.038802716,0.5267489711934156,7.52692856
602104,2024,Ramón Urías,"<a href=""leaders.aspx?pos=all&stats=bat&lg=all&qual=0&type=strType&season=2024&month=0&season1=2024&ind=1&team=2&rost=0&age=0"">BAL</a>",301,11,491,109.5,94.05,103.5156862745098,102,70.186325196,0.029411764705882356,7.302836078
670032,2024,Nicky Lopez,"<a href=""leaders.aspx?pos=all&stats=bat&lg=all&qual=0&type=strType&season=2024&month=0&season1=2024&ind=1&team=4&rost=0&age=0"">CHW</a>",445,1,752,106.5,89.95478723404256,98.11688311688312,10,66.842536,0,7.031108
657656,2024,Ramón Laureano,- - -,309,11,495,110.7,95.78353413654618,105.77924528301888,254,72.20952748,0.2362204724409449,7.097629606
807799,2024,Masataka Yoshida,"<a href=""leaders.aspx?pos=all&stats=bat&lg=all&qual=0&type=strType&season=2024&month=0&season1=2024&ind=1&team=3&rost=0&age=0"">BOS</a>",421,10,702,111.1,95.53048433048431,105.5875,90,70.862233222,0.1,7.135698222
676356,2024,Jonny DeLuca,"<a href=""leaders.aspx?pos=all&stats=bat&lg=all&qual=0&type=strType&season=2024&month=0&season1=2024&ind=1&team=12&rost=0&age=0"">TBR</a>",362,6,599,109.4,89.85866666666666,101.74754098360656,148,73.502088041,0.3243243243243243,7.993968243
519317,2024,Giancarlo Stanton,"<a href=""leaders.aspx?pos=all&stats=bat&lg=all&qual=0&type=strType&season=2024&month=0&season1=2024&ind=1&team=9&rost=0&age=0"">NYY</a>",459,27,656,120,101.48231707317072,114.03823529411764,155,79.335077806,0.929032258064516,8.440819226
669221,2024,Sean Murphy,"<a href=""leaders.aspx?pos=all&stats=bat&lg=all&qual=0&type=strType&season=2024&month=0&season1=2024&ind=1&team=16&rost=0&age=0"">ATL</a>",264,10,378,112.6,94.37894736842104,106.7974358974359,18,66.313323889,0.05555555555555555,7.584002778
620443,2024,Luis Torrens,"<a href=""leaders.aspx?pos=all&stats=bat&lg=all&qual=0&type=strType&season=2024&month=0&season1=2024&ind=1&team=25&rost=0&age=0"">NYM</a>",130,3,220,108.6,95.38272727272728,103.99545454545456,77,71.101286883,0.11688311688311688,7.04795039
622761,2024,Jorge Mateo,"<a href=""leaders.aspx?pos=all&stats=bat&lg=all&qual=0&type=strType&season=2024&month=0&season1=2024&ind=1&team=2&rost=0&age=0"">BAL</a>",208,5,362,109.2,92.13093922651932,105.04594594594596,103,73.458158447,0.36893203883495146,7.814920388
680728,2024,Adrian Del Castillo,"<a href=""leaders.aspx?pos=all&stats=bat&lg=all&qual=0&type=strType&season=2024&month=0&season1=2024&ind=1&team=15&rost=0&age=0"">ARI</a>",87,4,133,107.4,94.04029850746268,104.16428571428573,149,71.934742282,0.2348993288590604,6.919337852
628451,2024,Andy Ibáñez,"<a href=""leaders.aspx?pos=all&stats=bat&lg=all&qual=0&type=strType&season=2024&month=0&season1=2024&ind=1&team=6&rost=0&age=0"">DET</a>",244,5,393,108.6,92.82929292929292,103.0925,40,70.439513,0.05,7.5281975
543877,2024,Christian Vázquez,"<a href=""leaders.aspx?pos=all&stats=bat&lg=all&qual=0&type=strType&season=2024&month=0&season1=2024&ind=1&team=8&rost=0&age=0"">MIN</a>",315,7,588,108.8,92.9535593220339,101.96349206349208,119,65.663132185,0.01680672268907563,6.583484286
694384,2024,Nolan Schanuel,"<a href=""leaders.aspx?pos=all&stats=bat&lg=all&qual=0&type=strType&season=2024&month=0&season1=2024&ind=1&team=1&rost=0&age=0"">LAA</a>",607,13,1028,105.9,91.27286821705428,99.99252336448598,245,67.608759265,0.04081632653061224,6.72924502
677956,2024,Rece Hinds,"<a href=""leaders.aspx?pos=all&stats=bat&lg=all&qual=0&type=strType&season=2024&month=0&season1=2024&ind=1&team=18&rost=0&age=0"">CIN</a>",51,5,73,112.7,97.2,110.8,72,73.108408611,0.4166666666666667,7.685007639
682668,2024,Luisangel Acuña,"<a href=""leaders.aspx?pos=all&stats=bat&lg=all&qual=0&type=strType&season=2024&month=0&season1=2024&ind=1&team=25&rost=0&age=0"">NYM</a>",40,3,59,109.8,95.26,106.93333333333334,135,72.003071185,0.2740740740740741,7.527358889
691406,2024,Junior Caminero,"<a href=""leaders.aspx?pos=all&stats=bat&lg=all&qual=0&type=strType&season=2024&month=0&season1=2024&ind=1&team=12&rost=0&age=0"">TBR</a>",177,6,235,116.3,98.59745762711864,109.8125,239,79.881047155,0.8786610878661086,8.630319331
664770,2024,Nathan Lukes,"<a href=""leaders.aspx?pos=all&stats=bat&lg=all&qual=0&type=strType&season=2024&month=0&season1=2024&ind=1&team=14&rost=0&age=0"">TOR</a>",91,1,194,104.3,91.70103092783503,100.165,105,67.763491048,0.02857142857142857,6.394612
667472,2024,Dane Myers,"<a href=""leaders.aspx?pos=all&stats=bat&lg=all&qual=0&type=strType&season=2024&month=0&season1=2024&ind=1&team=20&rost=0&age=0"">MIA</a>",108,3,155,106.4,94.41794871794872,104.6375,74,71.723957162,0.22972972972972971,7.272103649
596115,2024,Trevor Story,"<a href=""leaders.aspx?pos=all&stats=bat&lg=all&qual=0&type=strType&season=2024&month=0&season1=2024&ind=1&team=3&rost=0&age=0"">BOS</a>",106,2,140,108.7,90.30857142857144,101.48571428571428,295,71.093750508,0.1491525423728814,7.413816746
676475,2024,Alec Burleson,"<a href=""leaders.aspx?pos=all&stats=bat&lg=all&qual=0&type=strType&season=2024&month=0&season1=2024&ind=1&team=28&rost=0&age=0"">STL</a>",595,21,1112,111,95,104.39553571428571,257,71.895782529,0.18287937743190663,7.424894358
665804,2024,Miguel Amaya,"<a href=""leaders.aspx?pos=all&stats=bat&lg=all&qual=0&type=strType&season=2024&month=0&season1=2024&ind=1&team=17&rost=0&age=0"">CHC</a>",363,8,603,111.3,93.82013201320132,104.99032258064516,113,69.337539558,0.05309734513274336,7.484478407
516782,2024,Starling Marte,"<a href=""leaders.aspx?pos=all&stats=bat&lg=all&qual=0&type=strType&season=2024&month=0&season1=2024&ind=1&team=25&rost=0&age=0"">NYM</a>",370,7,638,110.9,95.03887147335423,106.16515151515152,67,72.129947761,0.22388059701492535,7.275603881
665561,2024,Rafael Marchán,"<a href=""leaders.aspx?pos=all&stats=bat&lg=all&qual=0&type=strType&season=2024&month=0&season1=2024&ind=1&team=26&rost=0&age=0"">PHI</a>",56,3,75,103.3,92.4578947368421,101.5875,92,66.207011413,0,7.46801337
663743,2024,Nick Fortes,"<a href=""leaders.aspx?pos=all&stats=bat&lg=all&qual=0&type=strType&season=2024&month=0&season1=2024&ind=1&team=20&rost=0&age=0"">MIA</a>",335,4,542,111.6,92.63025830258304,104.30178571428571,149,72.102126242,0.20134228187919465,7.69164443
673357,2024,Luis Robert Jr.,"<a href=""leaders.aspx?pos=all&stats=bat&lg=all&qual=0&type=strType&season=2024&month=0&season1=2024&ind=1&team=4&rost=0&age=0"">CHW</a>",425,14,630,113,95.28386075949368,107.45079365079366,158,76.022598481,0.6265822784810127,7.702408291
643376,2024,Danny Jansen,- - -,324,9,517,107.2,93.87692307692308,103.27115384615384,151,70.546796623,0.0860927152317881,7.144034834
672284,2024,Jarred Kelenic,"<a href=""leaders.aspx?pos=all&stats=bat&lg=all&qual=0&type=strType&season=2024&month=0&season1=2024&ind=1&team=16&rost=0&age=0"">ATL</a>",449,15,644,110.7,95.31521739130434,104.95070422535213,36,74.747075556,0.5000000000000001,7.4440175
677870,2024,Leo Jiménez,"<a href=""leaders.aspx?pos=all&stats=bat&lg=all&qual=0&type=strType&season=2024&month=0&season1=2024&ind=1&team=14&rost=0&age=0"">TOR</a>",210,4,319,107,91.161875,101.32352941176472,45,72.295472444,0.13333333333333336,7.361364667
656582,2024,Connor Joe,"<a href=""leaders.aspx?pos=all&stats=bat&lg=all&qual=0&type=strType&season=2024&month=0&season1=2024&ind=1&team=27&rost=0&age=0"">PIT</a>",416,9,611,110.2,93.21986970684038,105.00806451612904,40,73.30987625,0.375,7.21878775
663757,2024,Trent Grisham,"<a href=""leaders.aspx?pos=all&stats=bat&lg=all&qual=0&type=strType&season=2024&month=0&season1=2024&ind=1&team=9&rost=0&age=0"">NYY</a>",209,9,259,110.5,96.3923076923077,104.18461538461538,178,69.584387303,0.03932584269662922,7.289236854
571657,2024,Kyle Farmer,"<a href=""leaders.aspx?pos=all&stats=bat&lg=all&qual=0&type=strType&season=2024&month=0&season1=2024&ind=1&team=8&rost=0&age=0"">MIN</a>",242,5,377,108.7,92.54550264550264,102.50526315789472,22,66.779141818,0,6.871115455
457705,2024,Andrew McCutchen,"<a href=""leaders.aspx?pos=all&stats=bat&lg=all&qual=0&type=strType&season=2024&month=0&season1=2024&ind=1&team=27&rost=0&age=0"">PIT</a>",515,20,742,109.8,95.09302949061662,105.02763157894736,114,70.434685526,0.04385964912280702,7.427754123
683146,2024,Brett Baty,"<a href=""leaders.aspx?pos=all&stats=bat&lg=all&qual=0&type=strType&season=2024&month=0&season1=2024&ind=1&team=25&rost=0&age=0"">NYM</a>",171,4,298,112,93.76533333333332,106.678125,203,75.101762808,0.5517241379310345,7.487461182
553869,2024,Elias Díaz,- - -,351,6,608,110.5,93.72796052631578,105.85322580645162,27,75.399888148,0.5185185185185186,7.208548519
686780,2024,Pedro Pagés,"<a href=""leaders.aspx?pos=all&stats=bat&lg=all&qual=0&type=strType&season=2024&month=0&season1=2024&ind=1&team=28&rost=0&age=0"">STL</a>",218,7,367,109.7,93.0637837837838,104.7974358974359,157,72.176551529,0.17197452229299365,7.146651656
686823,2024,Will Brennan,"<a href=""leaders.aspx?pos=all&stats=bat&lg=all&qual=0&type=strType&season=2024&month=0&season1=2024&ind=1&team=5&rost=0&age=0"">CLE</a>",353,8,629,109,92.43227848101266,103.2453125,17,69.196247059,0.05882352941176471,6.722352353
669208,2024,Ryan Bliss,"<a href=""leaders.aspx?pos=all&stats=bat&lg=all&qual=0&type=strType&season=2024&month=0&season1=2024&ind=1&team=11&rost=0&age=0"">SEA</a>",71,2,87,107,92.91555555555556,104.25555555555556,3,54.517813333,0,5.507336667
609280,2024,Miguel Andujar,"<a href=""leaders.aspx?pos=all&stats=bat&lg=all&qual=0&type=strType&season=2024&month=0&season1=2024&ind=1&team=10&rost=0&age=0"">OAK</a>",319,4,564,110.8,93.68521126760564,105.49473684210528,155,71.249399871,0.18064516129032265,7.699306258
669707,2024,Jared Triolo,"<a href=""leaders.aspx?pos=all&stats=bat&lg=all&qual=0&type=strType&season=2024&month=0&season1=2024&ind=1&team=27&rost=0&age=0"">PIT</a>",446,9,730,108,93.3654794520548,103.92027027027028,53,71.69249283,0.1132075471698113,7.59690434
663967,2024,César Salazar,"<a href=""leaders.aspx?pos=all&stats=bat&lg=all&qual=0&type=strType&season=2024&month=0&season1=2024&ind=1&team=21&rost=0&age=0"">HOU</a>",32,0,46,99.6,89.2625,96.72,2,66.10888,0,6.35204
595978,2024,Austin Hedges,"<a href=""leaders.aspx?pos=all&stats=bat&lg=all&qual=0&type=strType&season=2024&month=0&season1=2024&ind=1&team=5&rost=0&age=0"">CLE</a>",146,2,238,107.9,90.26528925619834,100.364,84,68.930466548,0.07142857142857142,7.422637024
669477,2024,Casey Schmitt,"<a href=""leaders.aspx?pos=all&stats=bat&lg=all&qual=0&type=strType&season=2024&month=0&season1=2024&ind=1&team=30&rost=0&age=0"">SFG</a>",113,6,160,109.7,96.675,106.34375,204,72.486885392,0.29901960784313725,7.835248824
666018,2024,Jonathan Aranda,"<a href=""leaders.aspx?pos=all&stats=bat&lg=all&qual=0&type=strType&season=2024&month=0&season1=2024&ind=1&team=12&rost=0&age=0"">TBR</a>",143,6,240,110.4,96.04876033057852,106.14583333333331,263,70.054759087,0.08745247148288975,7.35778597
596142,2024,Gary Sánchez,"<a href=""leaders.aspx?pos=all&stats=bat&lg=all&qual=0&type=strType&season=2024&month=0&season1=2024&ind=1&team=23&rost=0&age=0"">MIL</a>",280,11,387,114.4,96.53692307692307,108.78205128205128,130,72.059133231,0.27692307692307694,7.286158077
665052,2024,Griffin Conine,"<a href=""leaders.aspx?pos=all&stats=bat&lg=all&qual=0&type=strType&season=2024&month=0&season1=2024&ind=1&team=20&rost=0&age=0"">MIA</a>",89,3,158,112.5,93.59240506329114,107.60625,40,74.6107765,0.4749999999999999,7.44028425
671289,2024,Tyler Freeman,"<a href=""leaders.aspx?pos=all&stats=bat&lg=all&qual=0&type=strType&season=2024&month=0&season1=2024&ind=1&team=5&rost=0&age=0"">CLE</a>",383,7,651,111.5,94.68067484662576,104.90434782608696,128,70.624939531,0.125,7.084231953
642851,2024,Austin Wynns,"<a href=""leaders.aspx?pos=all&stats=bat&lg=all&qual=0&type=strType&season=2024&month=0&season1=2024&ind=1&team=18&rost=0&age=0"">CIN</a>",20,0,34,110,92.12941176470588,105.8,72,71.781288333,0.19444444444444448,7.543492917
676914,2024,Davis Schneider,"<a href=""leaders.aspx?pos=all&stats=bat&lg=all&qual=0&type=strType&season=2024&month=0&season1=2024&ind=1&team=14&rost=0&age=0"">TOR</a>",454,13,658,111.2,93.7141993957704,103.55942028985508,92,71.139532065,0.15217391304347827,7.107281196
683083,2024,Nasim Nuñez,"<a href=""leaders.aspx?pos=all&stats=bat&lg=all&qual=0&type=strType&season=2024&month=0&season1=2024&ind=1&team=24&rost=0&age=0"">WSN</a>",78,0,106,103,87.08490566037736,99.76363636363637,223,67.644838969,0.02242152466367713,6.672511614
673962,2024,Josh Jung,"<a href=""leaders.aspx?pos=all&stats=bat&lg=all&qual=0&type=strType&season=2024&month=0&season1=2024&ind=1&team=13&rost=0&age=0"">TEX</a>",188,7,296,108.3,93.86510067114094,102.55,220,71.276013091,0.12727272727272726,7.012485273
642215,2024,Weston Wilson,"<a href=""leaders.aspx?pos=all&stats=bat&lg=all&qual=0&type=strType&season=2024&month=0&season1=2024&ind=1&team=26&rost=0&age=0"">PHI</a>",98,3,124,108.6,98.0032258064516,106.59230769230768,42,71.87727619,0.21428571428571436,7.796725476
669357,2024,Nolan Gorman,"<a href=""leaders.aspx?pos=all&stats=bat&lg=all&qual=0&type=strType&season=2024&month=0&season1=2024&ind=1&team=28&rost=0&age=0"">STL</a>",402,19,563,111,93.81489361702128,106.14912280701756,267,72.501539363,0.2471910112359551,7.568244944
596117,2024,Garrett Stubbs,"<a href=""leaders.aspx?pos=all&stats=bat&lg=all&qual=0&type=strType&season=2024&month=0&season1=2024&ind=1&team=26&rost=0&age=0"">PHI</a>",187,1,325,104.9,86.43536585365854,98.0969696969697,28,67.503623214,0,7.141288929
695257,2024,Billy Cook,"<a href=""leaders.aspx?pos=all&stats=bat&lg=all&qual=0&type=strType&season=2024&month=0&season1=2024&ind=1&team=27&rost=0&age=0"">PIT</a>",49,3,75,109,94.92894736842103,107.65,33,72.94393697,0.24242424242424243,7.901426364
691016,2024,Tyler Soderstrom,"<a href=""leaders.aspx?pos=all&stats=bat&lg=all&qual=0&type=strType&season=2024&month=0&season1=2024&ind=1&team=10&rost=0&age=0"">OAK</a>",213,9,289,112.1,97.6095238095238,107.475,257,73.80547856,0.40466926070038906,7.493441907
682177,2024,Daniel Schneemann,"<a href=""leaders.aspx?pos=all&stats=bat&lg=all&qual=0&type=strType&season=2024&month=0&season1=2024&ind=1&team=5&rost=0&age=0"">CLE</a>",221,5,341,108.3,92.33976608187136,102.10285714285716,196,71.5947825,0.15306122448979595,7.338265
666182,2024,Bo Bichette,"<a href=""leaders.aspx?pos=all&stats=bat&lg=all&qual=0&type=strType&season=2024&month=0&season1=2024&ind=1&team=14&rost=0&age=0"">TOR</a>",336,4,605,111.2,95.35280528052805,105.87258064516128,279,69.747329964,0.14336917562724016,7.085522186
670770,2024,TJ Friedl,"<a href=""leaders.aspx?pos=all&stats=bat&lg=all&qual=0&type=strType&season=2024&month=0&season1=2024&ind=1&team=18&rost=0&age=0"">CIN</a>",341,13,552,109,93.7693140794224,103.0875,205,70.912112829,0.11219512195121954,6.828786585
660162,2024,Yoán Moncada,"<a href=""leaders.aspx?pos=all&stats=bat&lg=all&qual=0&type=strType&season=2024&month=0&season1=2024&ind=1&team=4&rost=0&age=0"">CHW</a>",45,0,78,108.6,92.52051282051282,102.7875,165,72.303250364,0.31515151515151524,7.395347697
642201,2024,Eli White,"<a href=""leaders.aspx?pos=all&stats=bat&lg=all&qual=0&type=strType&season=2024&month=0&season1=2024&ind=1&team=16&rost=0&age=0"">ATL</a>",42,1,63,105.1,92.865625,101.6125,98,73.507780408,0.39795918367346944,7.290369694
593871,2024,Jorge Polanco,"<a href=""leaders.aspx?pos=all&stats=bat&lg=all&qual=0&type=strType&season=2024&month=0&season1=2024&ind=1&team=11&rost=0&age=0"">SEA</a>",469,16,696,111.3,94.66781609195402,105.51428571428572,93,69.483554409,0.04301075268817204,7.161289032
686452,2024,Drew Millas,"<a href=""leaders.aspx?pos=all&stats=bat&lg=all&qual=0&type=strType&season=2024&month=0&season1=2024&ind=1&team=24&rost=0&age=0"">WSN</a>",62,1,103,105.7,92.33148148148148,102.39090909090908,99,67.656421616,0.020202020202020207,7.146837576
592206,2024,Nick Castellanos,"<a href=""leaders.aspx?pos=all&stats=bat&lg=all&qual=0&type=strType&season=2024&month=0&season1=2024&ind=1&team=26&rost=0&age=0"">PHI</a>",659,23,1119,113.1,93.91625,105.08035714285714,144,69.625942431,0.10416666666666669,7.743227361
606992,2024,Eric Haase,"<a href=""leaders.aspx?pos=all&stats=bat&lg=all&qual=0&type=strType&season=2024&month=0&season1=2024&ind=1&team=23&rost=0&age=0"">MIL</a>",69,5,99,109.6,93.832,105.56363636363636,26,71.204283462,0.07692307692307693,6.925093077
656537,2024,Derek Hill,- - -,172,7,245,111.3,94.37560975609756,104.876,73,71.386736575,0.09589041095890412,7.35396137
642708,2024,Amed Rosario,- - -,346,3,586,108.9,92.96156462585034,104.42542372881356,124,73.691160403,0.43548387096774194,7.377730726
642086,2024,Dominic Smith,- - -,307,6,483,109.1,93.76460905349796,103.35510204081632,139,68.16215482,0.04316546762589929,6.892087986
669720,2024,Austin Hays,- - -,255,5,385,109.9,95.16358974358974,105.485,78,72.415432308,0.21794871794871795,7.116767308
656555,2024,Rhys Hoskins,"<a href=""leaders.aspx?pos=all&stats=bat&lg=all&qual=0&type=strType&season=2024&month=0&season1=2024&ind=1&team=23&rost=0&age=0"">MIL</a>",517,26,822,109.6,94.7031175059952,104.92289156626506,172,72.425493721,0.18604651162790695,8.353214012
677649,2024,Ezequiel Duran,"<a href=""leaders.aspx?pos=all&stats=bat&lg=all&qual=0&type=strType&season=2024&month=0&season1=2024&ind=1&team=13&rost=0&age=0"">TEX</a>",285,3,494,111.8,93.84758064516129,105.19038461538462,148,73.368755203,0.35135135135135137,7.212271284
624512,2024,Reese McGuire,"<a href=""leaders.aspx?pos=all&stats=bat&lg=all&qual=0&type=strType&season=2024&month=0&season1=2024&ind=1&team=3&rost=0&age=0"">BOS</a>",158,3,232,106.8,91.41452991452992,103.04583333333332,48,69.261563125,0.02083333333333333,7.776196667
687957,2024,Dustin Harris,"<a href=""leaders.aspx?pos=all&stats=bat&lg=all&qual=0&type=strType&season=2024&month=0&season1=2024&ind=1&team=13&rost=0&age=0"">TEX</a>",7,1,7,102.1,99.6,102.1,69,66.716332899,0.02898550724637681,6.52746087
543510,2024,James McCann,"<a href=""leaders.aspx?pos=all&stats=bat&lg=all&qual=0&type=strType&season=2024&month=0&season1=2024&ind=1&team=2&rost=0&age=0"">BAL</a>",233,8,374,110.5,93.62380952380953,104.615,94,72.674419681,0.30851063829787234,7.129598191
666160,2024,Mickey Moniak,"<a href=""leaders.aspx?pos=all&stats=bat&lg=all&qual=0&type=strType&season=2024&month=0&season1=2024&ind=1&team=1&rost=0&age=0"">LAA</a>",418,14,721,113.3,94.29861495844877,106.0837837837838,231,73.97934961,0.4155844155844156,7.848767056
663647,2024,Ke'Bryan Hayes,"<a href=""leaders.aspx?pos=all&stats=bat&lg=all&qual=0&type=strType&season=2024&month=0&season1=2024&ind=1&team=27&rost=0&age=0"">PIT</a>",396,4,668,110.4,95.54820359281436,105.28358208955224,129,70.432372481,0.05426356589147287,6.769525891
666176,2024,Jo Adell,"<a href=""leaders.aspx?pos=all&stats=bat&lg=all&qual=0&type=strType&season=2024&month=0&season1=2024&ind=1&team=1&rost=0&age=0"">LAA</a>",451,20,746,115.6,95.37733333333334,109.66533333333334,321,76.865230187,0.6822429906542055,7.835130374
694497,2024,Evan Carter,"<a href=""leaders.aspx?pos=all&stats=bat&lg=all&qual=0&type=strType&season=2024&month=0&season1=2024&ind=1&team=13&rost=0&age=0"">TEX</a>",162,5,217,108.7,91.3954128440367,103.83636363636364,189,70.701406296,0.15343915343915346,7.096129365
808982,2024,Jung Hoo Lee,"<a href=""leaders.aspx?pos=all&stats=bat&lg=all&qual=0&type=strType&season=2024&month=0&season1=2024&ind=1&team=30&rost=0&age=0"">SFG</a>",158,2,272,109.5,96.45367647058823,105.26071428571429,227,68.537595683,0.039647577092511016,7.680086123
672820,2024,Lenyn Sosa,"<a href=""leaders.aspx?pos=all&stats=bat&lg=all&qual=0&type=strType&season=2024&month=0&season1=2024&ind=1&team=4&rost=0&age=0"">CHW</a>",369,8,680,110.7,93.81647058823528,104.00441176470588,158,72.325279241,0.2025316455696203,7.602826392
665019,2024,Kody Clemens,"<a href=""leaders.aspx?pos=all&stats=bat&lg=all&qual=0&type=strType&season=2024&month=0&season1=2024&ind=1&team=26&rost=0&age=0"">PHI</a>",120,5,205,108.4,95.1873786407767,104.36818181818182,170,71.823255471,0.13529411764705884,7.217714176
681393,2024,Connor Norby,- - -,194,9,335,107.5,92.16666666666669,102.90588235294118,229,70.055917729,0.056768558951965066,7.011683493
623168,2024,Tyler Heineman,- - -,16,0,24,103.9,87.4,96.3,100,65.0861446,0,7.0904447
676439,2024,Hunter Feduccia,"<a href=""leaders.aspx?pos=all&stats=bat&lg=all&qual=0&type=strType&season=2024&month=0&season1=2024&ind=1&team=22&rost=0&age=0"">LAD</a>",14,0,27,102.1,86.26,100.16666666666669,72,69.772751806,0.04166666666666667,7.209133889
641343,2024,Jake Bauers,"<a href=""leaders.aspx?pos=all&stats=bat&lg=all&qual=0&type=strType&season=2024&month=0&season1=2024&ind=1&team=23&rost=0&age=0"">MIL</a>",346,12,610,110.1,93.4695081967213,104.265625,210,76.423950333,0.6952380952380952,7.662991048
675659,2024,Greg Jones,"<a href=""leaders.aspx?pos=all&stats=bat&lg=all&qual=0&type=strType&season=2024&month=0&season1=2024&ind=1&team=19&rost=0&age=0"">COL</a>",6,1,4,109.7,95.65,109.7,29,71.692270345,0.1724137931034483,6.780445172
679529,2024,Spencer Torkelson,"<a href=""leaders.aspx?pos=all&stats=bat&lg=all&qual=0&type=strType&season=2024&month=0&season1=2024&ind=1&team=6&rost=0&age=0"">DET</a>",381,10,636,110,95.2254716981132,105.20307692307692,247,73.234689676,0.2429149797570851,7.745137247
663330,2024,Jahmai Jones,"<a href=""leaders.aspx?pos=all&stats=bat&lg=all&qual=0&type=strType&season=2024&month=0&season1=2024&ind=1&team=9&rost=0&age=0"">NYY</a>",47,1,55,109.5,93.81428571428572,105.41428571428573,81,72.631260988,0.28395061728395066,7.623479012
690291,2024,Jace Jung,"<a href=""leaders.aspx?pos=all&stats=bat&lg=all&qual=0&type=strType&season=2024&month=0&season1=2024&ind=1&team=6&rost=0&age=0"">DET</a>",94,0,143,109.9,92.91666666666669,104.29333333333334,13,71.854048462,0.15384615384615383,7.254042308
694388,2024,Joey Loperfido,- - -,262,4,375,110.1,91.55502645502644,102.76842105263158,114,72.350520263,0.21052631578947367,7.751261579
665953,2024,Andrés Chaparro,"<a href=""leaders.aspx?pos=all&stats=bat&lg=all&qual=0&type=strType&season=2024&month=0&season1=2024&ind=1&team=24&rost=0&age=0"">WSN</a>",132,4,234,109.1,92.31949152542371,104.425,15,74.559316667,0.5333333333333333,7.170897333
672724,2024,Oswald Peraza,"<a href=""leaders.aspx?pos=all&stats=bat&lg=all&qual=0&type=strType&season=2024&month=0&season1=2024&ind=1&team=9&rost=0&age=0"">NYY</a>",11,1,12,105.1,94.3,104.75,193,71.860417409,0.1761658031088083,7.66417658
686527,2024,Dominic Canzone,"<a href=""leaders.aspx?pos=all&stats=bat&lg=all&qual=0&type=strType&season=2024&month=0&season1=2024&ind=1&team=11&rost=0&age=0"">SEA</a>",188,8,251,110.5,96.58968253968254,107.27307692307691,139,74.315000863,0.4388489208633094,7.419150576
660844,2024,Leo Rivas,"<a href=""leaders.aspx?pos=all&stats=bat&lg=all&qual=0&type=strType&season=2024&month=0&season1=2024&ind=1&team=11&rost=0&age=0"">SEA</a>",86,0,126,102.9,91.35396825396826,100.6,154,65.437177987,0,7.071524805
805779,2024,Jacob Wilson,"<a href=""leaders.aspx?pos=all&stats=bat&lg=all&qual=0&type=strType&season=2024&month=0&season1=2024&ind=1&team=10&rost=0&age=0"">OAK</a>",103,0,197,104.6,91.4979797979798,99.51,273,63.814691172,0.003663003663003664,6.168225861
669289,2024,Santiago Espinal,"<a href=""leaders.aspx?pos=all&stats=bat&lg=all&qual=0&type=strType&season=2024&month=0&season1=2024&ind=1&team=18&rost=0&age=0"">CIN</a>",391,9,756,110,90.62592592592593,99.88684210526316,61,68.338238033,0.032786885245901634,7.876789508
700932,2024,Kyle Manzardo,"<a href=""leaders.aspx?pos=all&stats=bat&lg=all&qual=0&type=strType&season=2024&month=0&season1=2024&ind=1&team=5&rost=0&age=0"">CLE</a>",156,5,259,109.8,94.93969465648856,105.83076923076923,206,70.570271068,0.11650485436893208,7.879111796
677588,2024,José Tena,- - -,168,3,305,109.4,95.27973856209152,104.83870967741936,140,73.234757929,0.3214285714285714,6.996528
545121,2024,Ildemaro Vargas,"<a href=""leaders.aspx?pos=all&stats=bat&lg=all&qual=0&type=strType&season=2024&month=0&season1=2024&ind=1&team=24&rost=0&age=0"">WSN</a>",303,1,523,108.5,94.24007633587786,102.6962962962963,177,70.463827514,0.13559322033898308,7.435290791
664702,2024,Myles Straw,"<a href=""leaders.aspx?pos=all&stats=bat&lg=all&qual=0&type=strType&season=2024&month=0&season1=2024&ind=1&team=5&rost=0&age=0"">CLE</a>",4,0,7,90.5,87.375,90.5,81,69.721973827,0.1358024691358025,7.057190494
694362,2024,Blake Dunn,"<a href=""leaders.aspx?pos=all&stats=bat&lg=all&qual=0&type=strType&season=2024&month=0&season1=2024&ind=1&team=18&rost=0&age=0"">CIN</a>",29,1,35,105.3,91.71111111111112,101.9,7,74.174461429,0.2857142857142857,6.362462857
663604,2024,Brandon Lockridge,"<a href=""leaders.aspx?pos=all&stats=bat&lg=all&qual=0&type=strType&season=2024&month=0&season1=2024&ind=1&team=29&rost=0&age=0"">SDP</a>",12,1,17,104.5,89.96666666666667,103.15,157,72.903602994,0.3630573248407644,6.908478153
678489,2024,Jorge Barrosa,"<a href=""leaders.aspx?pos=all&stats=bat&lg=all&qual=0&type=strType&season=2024&month=0&season1=2024&ind=1&team=15&rost=0&age=0"">ARI</a>",18,0,27,103.7,90.67857142857144,101.23333333333332,128,69.318793125,0.0390625,7.635739297
640492,2024,José Azocar,"<a href=""leaders.aspx?pos=all&stats=bat&lg=all&qual=0&type=strType&season=2024&month=0&season1=2024&ind=1&team=29&rost=0&age=0"">SDP</a>",79,0,152,108.4,89.37792207792208,101.49375,4,65.80964,0,7.05863
669087,2024,Sam Huff,"<a href=""leaders.aspx?pos=all&stats=bat&lg=all&qual=0&type=strType&season=2024&month=0&season1=2024&ind=1&team=13&rost=0&age=0"">TEX</a>",4,0,8,78.3,75.875,78.3,20,71.849619,0.35000000000000003,7.85541
665966,2024,Carlos Narváez,"<a href=""leaders.aspx?pos=all&stats=bat&lg=all&qual=0&type=strType&season=2024&month=0&season1=2024&ind=1&team=9&rost=0&age=0"">NYY</a>",15,0,25,108.2,96.55,107.53333333333332,160,71.445199563,0.16875,7.521703938
640902,2024,Jhonny Pereda,"<a href=""leaders.aspx?pos=all&stats=bat&lg=all&qual=0&type=strType&season=2024&month=0&season1=2024&ind=1&team=20&rost=0&age=0"">MIA</a>",40,0,60,105.8,93.99333333333334,104.38333333333333,10,73.000361,0.1,8.035528
666397,2024,Edouard Julien,"<a href=""leaders.aspx?pos=all&stats=bat&lg=all&qual=0&type=strType&season=2024&month=0&season1=2024&ind=1&team=8&rost=0&age=0"">MIN</a>",301,8,406,110.2,93.90492610837438,103.8,182,71.082933791,0.15934065934065936,7.011791703
682657,2024,Angel Martínez,"<a href=""leaders.aspx?pos=all&stats=bat&lg=all&qual=0&type=strType&season=2024&month=0&season1=2024&ind=1&team=5&rost=0&age=0"">CLE</a>",169,3,310,106.2,93.23846153846154,102.1774193548387,221,71.074768552,0.21719457013574664,7.822207602
669288,2024,Daniel Johnson,"<a href=""leaders.aspx?pos=all&stats=bat&lg=all&qual=0&type=strType&season=2024&month=0&season1=2024&ind=1&team=2&rost=0&age=0"">BAL</a>",1,0,2,100.3,100.3,100.3,20,73.459043,0.30000000000000004,7.41687
695336,2024,Thomas Saggese,"<a href=""leaders.aspx?pos=all&stats=bat&lg=all&qual=0&type=strType&season=2024&month=0&season1=2024&ind=1&team=28&rost=0&age=0"">STL</a>",52,1,91,108.4,92.06521739130434,103.43,117,72.066748462,0.2222222222222222,6.98830735
669369,2024,Bryce Johnson,"<a href=""leaders.aspx?pos=all&stats=bat&lg=all&qual=0&type=strType&season=2024&month=0&season1=2024&ind=1&team=29&rost=0&age=0"">SDP</a>",73,0,127,103.9,89.40625,101.2,35,68.265028,0.02857142857142857,7.560368
502054,2024,Tommy Pham,- - -,478,9,683,112.9,96.85872093023256,106.72112676056338,24,69.342765417,0,6.691879583
694377,2024,Nick Yorke,"<a href=""leaders.aspx?pos=all&stats=bat&lg=all&qual=0&type=strType&season=2024&month=0&season1=2024&ind=1&team=27&rost=0&age=0"">PIT</a>",42,2,66,108.9,94.91515151515152,107.37142857142857,132,72.417146136,0.196969696969697,7.279512955
641680,2024,Jonah Heim,"<a href=""leaders.aspx?pos=all&stats=bat&lg=all&qual=0&type=strType&season=2024&month=0&season1=2024&ind=1&team=13&rost=0&age=0"">TEX</a>",491,13,881,111,93.85610859728509,103.72967032967033,71,70.315636197,0.09859154929577464,7.501455634
672012,2024,Tyler Black,"<a href=""leaders.aspx?pos=all&stats=bat&lg=all&qual=0&type=strType&season=2024&month=0&season1=2024&ind=1&team=23&rost=0&age=0"">MIL</a>",57,0,82,102.6,89.63170731707316,99.68888888888888,46,71.589413913,0.13043478260869565,7.119481304
605137,2024,Josh Bell,- - -,603,19,959,111.2,95.26237006237008,105.63505154639176,264,72.014925909,0.2689393939393939,8.514833636
693307,2024,Dillon Dingler,"<a href=""leaders.aspx?pos=all&stats=bat&lg=all&qual=0&type=strType&season=2024&month=0&season1=2024&ind=1&team=6&rost=0&age=0"">DET</a>",87,1,164,107.9,93.25421686746988,103.55555555555556,228,71.247892105,0.1271929824561404,7.632737061
677942,2024,Blaze Alexander,"<a href=""leaders.aspx?pos=all&stats=bat&lg=all&qual=0&type=strType&season=2024&month=0&season1=2024&ind=1&team=15&rost=0&age=0"">ARI</a>",185,3,296,110.6,94.07972972972972,104.46333333333334,166,73.021929398,0.32530120481927705,7.526622831
666464,2024,Jerar Encarnacion,"<a href=""leaders.aspx?pos=all&stats=bat&lg=all&qual=0&type=strType&season=2024&month=0&season1=2024&ind=1&team=30&rost=0&age=0"">SFG</a>",119,5,202,115,99.67623762376238,109.5,75,74.662510267,0.5466666666666666,7.5507412
605244,2024,Aramis Garcia,"<a href=""leaders.aspx?pos=all&stats=bat&lg=all&qual=0&type=strType&season=2024&month=0&season1=2024&ind=1&team=26&rost=0&age=0"">PHI</a>",7,0,17,107.7,94.72222222222224,107.7,4,73.736015,0.25,7.9811325
664954,2024,Brett Sullivan,"<a href=""leaders.aspx?pos=all&stats=bat&lg=all&qual=0&type=strType&season=2024&month=0&season1=2024&ind=1&team=29&rost=0&age=0"">SDP</a>",17,1,30,99.3,88.3125,98.7,116,66.295536552,0.017241379310344827,7.245274828
663609,2024,Luken Baker,"<a href=""leaders.aspx?pos=all&stats=bat&lg=all&qual=0&type=strType&season=2024&month=0&season1=2024&ind=1&team=28&rost=0&age=0"">STL</a>",49,2,87,109.3,95.38181818181818,105.2,7,72.784992857,0.14285714285714288,8.361607143
666211,2024,Taylor Trammell,- - -,8,0,12,104.1,82.48333333333333,94.65,43,73.93982,0.4418604651162791,7.903333953
683734,2024,Andrew Vaughn,"<a href=""leaders.aspx?pos=all&stats=bat&lg=all&qual=0&type=strType&season=2024&month=0&season1=2024&ind=1&team=4&rost=0&age=0"">CHW</a>",619,19,1077,112.5,96.01962962962963,106.425,19,68.957498947,0.10526315789473686,6.866211053
691176,2024,Jasson Domínguez,"<a href=""leaders.aspx?pos=all&stats=bat&lg=all&qual=0&type=strType&season=2024&month=0&season1=2024&ind=1&team=9&rost=0&age=0"">NYY</a>",67,2,99,109.6,94.7,107.85,54,74.683362963,0.38888888888888895,7.527022593
666969,2024,Adolis García,"<a href=""leaders.aspx?pos=all&stats=bat&lg=all&qual=0&type=strType&season=2024&month=0&season1=2024&ind=1&team=13&rost=0&age=0"">TEX</a>",637,25,991,116.1,95.75935613682093,106.302,265,71.921752679,0.2716981132075472,7.727857585
643217,2024,Andrew Benintendi,"<a href=""leaders.aspx?pos=all&stats=bat&lg=all&qual=0&type=strType&season=2024&month=0&season1=2024&ind=1&team=4&rost=0&age=0"">CHW</a>",522,20,916,109.5,92.8541304347826,101.7468085106383,228,69.590440175,0.052631578947368425,7.164842632
670764,2024,Taylor Walls,"<a href=""leaders.aspx?pos=all&stats=bat&lg=all&qual=0&type=strType&season=2024&month=0&season1=2024&ind=1&team=12&rost=0&age=0"">TBR</a>",252,1,408,104.4,89.63186274509803,99.99024390243902,134,67.034276791,0.022388059701492543,7.069419776
691594,2024,Javier Sanoja,"<a href=""leaders.aspx?pos=all&stats=bat&lg=all&qual=0&type=strType&season=2024&month=0&season1=2024&ind=1&team=20&rost=0&age=0"">MIA</a>",36,0,63,105.3,92.521875,100.02857142857142,133,69.319158195,0.07518796992481204,7.48997
596103,2024,Austin Slater,- - -,212,2,301,109.2,94.04967320261436,102.91612903225808,64,71.627615,0.109375,6.9759575
686555,2024,Isaac Collins,"<a href=""leaders.aspx?pos=all&stats=bat&lg=all&qual=0&type=strType&season=2024&month=0&season1=2024&ind=1&team=23&rost=0&age=0"">MIL</a>",19,0,21,103.7,89.2090909090909,96.5,165,73.227117394,0.33333333333333337,6.758259273
677950,2024,Alek Thomas,"<a href=""leaders.aspx?pos=all&stats=bat&lg=all&qual=0&type=strType&season=2024&month=0&season1=2024&ind=1&team=15&rost=0&age=0"">ARI</a>",103,3,162,109.1,97.4109756097561,105.9235294117647,157,69.507790382,0.04458598726114651,6.89861828
656484,2024,Tristan Gray,- - -,31,0,36,105.7,97.18888888888888,104.8,136,71.883239265,0.21323529411764705,7.132519632
679845,2024,Nick Loftin,"<a href=""leaders.aspx?pos=all&stats=bat&lg=all&qual=0&type=strType&season=2024&month=0&season1=2024&ind=1&team=7&rost=0&age=0"">KCR</a>",171,1,252,108.1,92.06507936507936,102.26538461538462,60,69.059454333,0.03333333333333333,7.207361333
621550,2024,Patrick Wisdom,"<a href=""leaders.aspx?pos=all&stats=bat&lg=all&qual=0&type=strType&season=2024&month=0&season1=2024&ind=1&team=17&rost=0&age=0"">CHC</a>",174,8,287,112.8,95.98698630136988,107.86875,2,74.924905,0.5,7.131955
668885,2024,Austin Martin,"<a href=""leaders.aspx?pos=all&stats=bat&lg=all&qual=0&type=strType&season=2024&month=0&season1=2024&ind=1&team=8&rost=0&age=0"">MIN</a>",257,1,422,108.8,92.40141509433964,100.24782608695652,137,68.641216204,0.014598540145985406,6.626915985
664059,2024,Sam Haggerty,"<a href=""leaders.aspx?pos=all&stats=bat&lg=all&qual=0&type=strType&season=2024&month=0&season1=2024&ind=1&team=11&rost=0&age=0"">SEA</a>",16,0,31,109.9,91.72941176470589,109.6,54,70.0327,0.07407407407407407,6.978633704
701305,2024,Zach Dezenzo,"<a href=""leaders.aspx?pos=all&stats=bat&lg=all&qual=0&type=strType&season=2024&month=0&season1=2024&ind=1&team=21&rost=0&age=0"">HOU</a>",65,2,99,112.2,95.0156862745098,106.95454545454544,11,73.877033636,0.18181818181818185,7.358674545
665923,2024,Esteury Ruiz,"<a href=""leaders.aspx?pos=all&stats=bat&lg=all&qual=0&type=strType&season=2024&month=0&season1=2024&ind=1&team=10&rost=0&age=0"">OAK</a>",65,2,102,109.8,93.56470588235294,102.47272727272728,43,70.384995349,0.09302325581395347,7.748400233
672356,2024,Gabriel Arias,"<a href=""leaders.aspx?pos=all&stats=bat&lg=all&qual=0&type=strType&season=2024&month=0&season1=2024&ind=1&team=5&rost=0&age=0"">CLE</a>",161,3,251,113.4,95.2095238095238,108.0846153846154,49,76.286471837,0.6326530612244898,7.513112449
671286,2024,Johnathan Rodríguez,"<a href=""leaders.aspx?pos=all&stats=bat&lg=all&qual=0&type=strType&season=2024&month=0&season1=2024&ind=1&team=5&rost=0&age=0"">CLE</a>",40,0,54,110.6,93.28148148148148,106.41666666666669,24,74.84548875,0.45833333333333337,7.975517917
655316,2024,Andruw Monasterio,"<a href=""leaders.aspx?pos=all&stats=bat&lg=all&qual=0&type=strType&season=2024&month=0&season1=2024&ind=1&team=23&rost=0&age=0"">MIL</a>",142,1,232,107,92.37327586206897,102.3125,106,68.540491698,0.028301886792452827,7.072104245
669004,2024,MJ Melendez,"<a href=""leaders.aspx?pos=all&stats=bat&lg=all&qual=0&type=strType&season=2024&month=0&season1=2024&ind=1&team=7&rost=0&age=0"">KCR</a>",451,17,800,112.9,95.6067331670823,106.20875,93,73.594172151,0.3548387096774194,7.791566989
600869,2024,Jeimer Candelario,"<a href=""leaders.aspx?pos=all&stats=bat&lg=all&qual=0&type=strType&season=2024&month=0&season1=2024&ind=1&team=18&rost=0&age=0"">CIN</a>",463,20,749,108.7,93.60159151193632,103.8078947368421,40,71.005341,0.14999999999999997,8.00834875
695391,2024,Brett Harris,"<a href=""leaders.aspx?pos=all&stats=bat&lg=all&qual=0&type=strType&season=2024&month=0&season1=2024&ind=1&team=10&rost=0&age=0"">OAK</a>",123,3,153,107.1,95.88205128205128,105.15,7,73.027772857,0.14285714285714285,7.681708571
669326,2024,Bryce Teodosio,"<a href=""leaders.aspx?pos=all&stats=bat&lg=all&qual=0&type=strType&season=2024&month=0&season1=2024&ind=1&team=1&rost=0&age=0"">LAA</a>",12,0,10,107.7,92.86,107.7,61,69.910504098,0.03278688524590165,6.62653623
678554,2024,Curtis Mead,"<a href=""leaders.aspx?pos=all&stats=bat&lg=all&qual=0&type=strType&season=2024&month=0&season1=2024&ind=1&team=12&rost=0&age=0"">TBR</a>",132,1,232,112.4,94.52327586206896,106.3625,155,72.792734516,0.3225806451612903,7.061070516
660644,2024,Vidal Bruján,"<a href=""leaders.aspx?pos=all&stats=bat&lg=all&qual=0&type=strType&season=2024&month=0&season1=2024&ind=1&team=20&rost=0&age=0"">MIA</a>",278,2,452,110.7,90.71592920353984,100.76595744680851,6,68.865398333,0,7.563131667
686797,2024,Brooks Lee,"<a href=""leaders.aspx?pos=all&stats=bat&lg=all&qual=0&type=strType&season=2024&month=0&season1=2024&ind=1&team=8&rost=0&age=0"">MIN</a>",185,3,300,107.9,92.97733333333332,102.79666666666668,247,69.782801012,0.08906882591093118,7.112671215
688363,2024,Graham Pauley,"<a href=""leaders.aspx?pos=all&stats=bat&lg=all&qual=0&type=strType&season=2024&month=0&season1=2024&ind=1&team=29&rost=0&age=0"">SDP</a>",32,2,63,106.3,93.74375,103.45714285714286,127,71.921874646,0.1811023622047244,7.334891575
660688,2024,Keibert Ruiz,"<a href=""leaders.aspx?pos=all&stats=bat&lg=all&qual=0&type=strType&season=2024&month=0&season1=2024&ind=1&team=24&rost=0&age=0"">WSN</a>",485,13,884,111,93.24157303370788,102.50108695652172,111,67.001145495,0,7.118284054
668723,2024,Ryan Vilade,"<a href=""leaders.aspx?pos=all&stats=bat&lg=all&qual=0&type=strType&season=2024&month=0&season1=2024&ind=1&team=6&rost=0&age=0"">DET</a>",49,1,88,107.6,92.23555555555556,103.44444444444444,98,75.852071837,0.5612244897959184,7.434880714
680718,2024,Addison Barger,"<a href=""leaders.aspx?pos=all&stats=bat&lg=all&qual=0&type=strType&season=2024&month=0&season1=2024&ind=1&team=14&rost=0&age=0"">TOR</a>",225,7,339,110.7,96.22235294117648,107.41764705882352,46,74.294076304,0.5000000000000001,7.191623913
686894,2024,Joey Wiemer,- - -,28,0,36,104.1,89.56111111111112,101.26,97,71.420913196,0.32989690721649484,7.216629381
700250,2024,Ben Rice,"<a href=""leaders.aspx?pos=all&stats=bat&lg=all&qual=0&type=strType&season=2024&month=0&season1=2024&ind=1&team=9&rost=0&age=0"">NYY</a>",178,7,289,110.8,94.18219178082192,105.62758620689657,200,72.25087265,0.20000000000000004,7.46969015
681546,2024,James Outman,"<a href=""leaders.aspx?pos=all&stats=bat&lg=all&qual=0&type=strType&season=2024&month=0&season1=2024&ind=1&team=22&rost=0&age=0"">LAD</a>",156,4,239,111,95.09752066115702,107.01666666666668,66,71.944391515,0.18181818181818185,7.699304394
694376,2024,Shay Whitcomb,"<a href=""leaders.aspx?pos=all&stats=bat&lg=all&qual=0&type=strType&season=2024&month=0&season1=2024&ind=1&team=21&rost=0&age=0"">HOU</a>",46,0,85,109.9,94.31627906976745,105.5,26,71.569944231,0.1153846153846154,7.841926923
641598,2024,Mitch Garver,"<a href=""leaders.aspx?pos=all&stats=bat&lg=all&qual=0&type=strType&season=2024&month=0&season1=2024&ind=1&team=11&rost=0&age=0"">SEA</a>",430,15,549,109.2,95.47345454545454,105.26428571428572,100,73.229598,0.22000000000000003,7.426051
691011,2024,Drew Romo,"<a href=""leaders.aspx?pos=all&stats=bat&lg=all&qual=0&type=strType&season=2024&month=0&season1=2024&ind=1&team=19&rost=0&age=0"">COL</a>",53,0,100,103.3,90.4078431372549,99.32727272727271,43,68.646904419,0.06976744186046512,7.243322558
670097,2024,Zack Short,- - -,88,0,134,108.9,90.42608695652174,101.35,8,69.91892125,0.125,7.2202625
687363,2024,Victor Scott II,"<a href=""leaders.aspx?pos=all&stats=bat&lg=all&qual=0&type=strType&season=2024&month=0&season1=2024&ind=1&team=28&rost=0&age=0"">STL</a>",155,2,265,107.1,93.14925373134328,103.08148148148148,141,69.430363333,0.0425531914893617,6.580733688
669134,2024,Luis Campusano,"<a href=""leaders.aspx?pos=all&stats=bat&lg=all&qual=0&type=strType&season=2024&month=0&season1=2024&ind=1&team=29&rost=0&age=0"">SDP</a>",299,8,495,110.8,94.00278884462152,104.312,86,72.672305698,0.2558139534883721,7.876976977
687231,2024,Darell Hernaiz,"<a href=""leaders.aspx?pos=all&stats=bat&lg=all&qual=0&type=strType&season=2024&month=0&season1=2024&ind=1&team=10&rost=0&age=0"">OAK</a>",135,1,204,110,92.3747572815534,104.08095238095238,116,69.623298017,0.12931034482758622,7.07162181
624428,2024,Adam Frazier,"<a href=""leaders.aspx?pos=all&stats=bat&lg=all&qual=0&type=strType&season=2024&month=0&season1=2024&ind=1&team=7&rost=0&age=0"">KCR</a>",294,4,543,106.3,89.10255474452555,100.46607142857142,127,65.546537165,0.031496062992125984,6.963196457
668952,2024,Ryan Kreidler,"<a href=""leaders.aspx?pos=all&stats=bat&lg=all&qual=0&type=strType&season=2024&month=0&season1=2024&ind=1&team=6&rost=0&age=0"">DET</a>",65,1,90,105.9,90.27777777777776,101.56666666666666,30,74.948032333,0.5,7.811123
691723,2024,Coby Mayo,"<a href=""leaders.aspx?pos=all&stats=bat&lg=all&qual=0&type=strType&season=2024&month=0&season1=2024&ind=1&team=2&rost=0&age=0"">BAL</a>",46,0,57,104.3,88.26551724137931,100.85,151,74.829721656,0.4768211920529802,7.408134172
666181,2024,Will Benson,"<a href=""leaders.aspx?pos=all&stats=bat&lg=all&qual=0&type=strType&season=2024&month=0&season1=2024&ind=1&team=18&rost=0&age=0"">CIN</a>",388,14,531,110.7,93.87631578947368,104.4574074074074,117,73.245211709,0.3418803418803419,7.670932393
669397,2024,Nick Allen,"<a href=""leaders.aspx?pos=all&stats=bat&lg=all&qual=0&type=strType&season=2024&month=0&season1=2024&ind=1&team=10&rost=0&age=0"">OAK</a>",105,1,181,104.6,89.58043478260869,98.67368421052632,35,68.924373714,0,6.700325429
691023,2024,Jordan Walker,"<a href=""leaders.aspx?pos=all&stats=bat&lg=all&qual=0&type=strType&season=2024&month=0&season1=2024&ind=1&team=28&rost=0&age=0"">STL</a>",178,5,280,115.5,96.822695035461,107.67931034482758,272,78.714470882,0.8308823529411764,8.218832279
687093,2024,Vaughn Grissom,"<a href=""leaders.aspx?pos=all&stats=bat&lg=all&qual=0&type=strType&season=2024&month=0&season1=2024&ind=1&team=3&rost=0&age=0"">BOS</a>",114,0,165,105.1,92.51084337349396,102.48235294117649,92,72.22809913,0.1847826086956522,7.287586196
680779,2024,Henry Davis,"<a href=""leaders.aspx?pos=all&stats=bat&lg=all&qual=0&type=strType&season=2024&month=0&season1=2024&ind=1&team=27&rost=0&age=0"">PIT</a>",122,1,193,111.5,93.74226804123712,104.95238095238096,148,75.397380135,0.5675675675675675,7.355752635
669699,2024,Braden Shewmake,"<a href=""leaders.aspx?pos=all&stats=bat&lg=all&qual=0&type=strType&season=2024&month=0&season1=2024&ind=1&team=4&rost=0&age=0"">CHW</a>",67,1,115,109.1,92.98448275862069,102.05,35,68.929777429,0.02857142857142857,7.118814857
669065,2024,Kyle Stowers,- - -,209,3,312,109.7,95.685897435897445,106.421875,138,74.259835362,0.4130434782608696,6.661521232
665877,2024,José Fermín,"<a href=""leaders.aspx?pos=all&stats=bat&lg=all&qual=0&type=strType&season=2024&month=0&season1=2024&ind=1&team=28&rost=0&age=0"">STL</a>",79,0,132,105.7,92.94242424242424,103.11428571428571,61,67.211634262,0.01639344262295082,7.50554082
595879,2024,Javier Báez,"<a href=""leaders.aspx?pos=all&stats=bat&lg=all&qual=0&type=strType&season=2024&month=0&season1=2024&ind=1&team=6&rost=0&age=0"">DET</a>",289,6,441,111.1,95.02036199095022,107.51333333333334,150,72.501801733,0.22666666666666677,8.4820584
664034,2024,Ty France,- - -,535,13,938,111.1,94.77931769722817,104.9531914893617,95,71.721411895,0.22105263157894736,7.517655684
679822,2024,Justin Foscue,"<a href=""leaders.aspx?pos=all&stats=bat&lg=all&qual=0&type=strType&season=2024&month=0&season1=2024&ind=1&team=13&rost=0&age=0"">TEX</a>",44,0,68,107.2,91.42647058823528,101.92857142857144,9,73.495443333,0.33333333333333337,7.503817778
682641,2024,Luis Matos,"<a href=""leaders.aspx?pos=all&stats=bat&lg=all&qual=0&type=strType&season=2024&month=0&season1=2024&ind=1&team=30&rost=0&age=0"">SFG</a>",156,5,269,109.7,95.96985294117648,105.77037037037036,39,71.108372821,0.12820512820512825,7.245812564
657757,2024,Gavin Sheets,"<a href=""leaders.aspx?pos=all&stats=bat&lg=all&qual=0&type=strType&season=2024&month=0&season1=2024&ind=1&team=4&rost=0&age=0"">CHW</a>",501,10,886,112.8,93.80292792792793,104.37333333333332,169,74.815984793,0.4911242603550296,7.765348402
650391,2024,Eloy Jiménez,- - -,349,6,546,116.3,98.47956204379562,108.99454545454546,59,72.701451525,0.22033898305084745,7.257873559
687597,2024,Jordan Beck,"<a href=""leaders.aspx?pos=all&stats=bat&lg=all&qual=0&type=strType&season=2024&month=0&season1=2024&ind=1&team=19&rost=0&age=0"">COL</a>",184,3,278,111.5,92.64214285714286,105.21379310344828,142,73.541038732,0.352112676056338,7.837723099
678246,2024,Miguel Vargas,- - -,237,5,420,110.8,90.06872037914692,101.81190476190476,256,73.538790703,0.38671875,7.626315859
666624,2024,Christopher Morel,- - -,611,21,865,111.4,96.2751724137931,107.55057471264368,40,75.43611775,0.65,7.68012375
666185,2024,Dylan Carlson,- - -,265,3,430,107.9,92.6293023255814,102.95681818181818,5,65.193974,0,6.693066
696100,2024,Hunter Goodman,"<a href=""leaders.aspx?pos=all&stats=bat&lg=all&qual=0&type=strType&season=2024&month=0&season1=2024&ind=1&team=19&rost=0&age=0"">COL</a>",224,13,367,114.7,94.41297297297298,107.27368421052633,263,75.485238137,0.5779467680608364,7.467823232
682622,2024,Noelvi Marte,"<a href=""leaders.aspx?pos=all&stats=bat&lg=all&qual=0&type=strType&season=2024&month=0&season1=2024&ind=1&team=18&rost=0&age=0"">CIN</a>",242,4,356,111.5,93.04245810055866,105.21944444444443,62,71.324816613,0.14516129032258066,7.332091452
592450,2025,Aaron Judge,"<a href=""leaders.aspx?pos=all&stats=bat&lg=all&qual=0&type=strType&season=2025&month=0&season1=2025&ind=1&team=9&rost=0&age=0"">NYY</a>",679,53,937,118.1,101.32452025586352,112.26315789473684,288,75.927426736,0.6215277777777778,8.132699271
663728,2025,Cal Raleigh,"<a href=""leaders.aspx?pos=all&stats=bat&lg=all&qual=0&type=strType&season=2025&month=0&season1=2025&ind=1&team=11&rost=0&age=0"">SEA</a>",705,60,1226,114.7,98.55432300163132,108.56532258064516,338,74.701711331,0.485207100591716,7.830594852
677951,2025,Bobby Witt Jr.,"<a href=""leaders.aspx?pos=all&stats=bat&lg=all&qual=0&type=strType&season=2025&month=0&season1=2025&ind=1&team=7&rost=0&age=0"">KCR</a>",687,23,1251,117.5,97.68301587301588,109.61395348837208,282,73.344904823,0.3723404255319149,6.988521809
660271,2025,Shohei Ohtani,"<a href=""leaders.aspx?pos=all&stats=bat&lg=all&qual=0&type=strType&season=2025&month=0&season1=2025&ind=1&team=22&rost=0&age=0"">LAD</a>",727,55,1041,120,101.22137404580153,111.6509433962264,251,74.774981116,0.4940239043824701,7.812327371
672695,2025,Geraldo Perdomo,"<a href=""leaders.aspx?pos=all&stats=bat&lg=all&qual=0&type=strType&season=2025&month=0&season1=2025&ind=1&team=15&rost=0&age=0"">ARI</a>",720,20,1287,109.5,93.4704334365325,103.14696969696968,195,65.636003282,0,6.843758564
607208,2025,Trea Turner,"<a href=""leaders.aspx?pos=all&stats=bat&lg=all&qual=0&type=strType&season=2025&month=0&season1=2025&ind=1&team=26&rost=0&age=0"">PHI</a>",639,15,1156,111.7,95.57962003454232,105.25714285714284,277,71.621026859,0.18772563176895316,7.729808953
682998,2025,Corbin Carroll,"<a href=""leaders.aspx?pos=all&stats=bat&lg=all&qual=0&type=strType&season=2025&month=0&season1=2025&ind=1&team=15&rost=0&age=0"">ARI</a>",642,31,1107,115.8,98.52418772563176,108.8070796460177,222,74.882573784,0.5135135135135134,7.616731892
608070,2025,José Ramírez,"<a href=""leaders.aspx?pos=all&stats=bat&lg=all&qual=0&type=strType&season=2025&month=0&season1=2025&ind=1&team=5&rost=0&age=0"">CLE</a>",673,30,1310,112.4,95.84009077155824,105.81969696969696,293,69.991835256,0.1535836177474403,7.491188737
596019,2025,Francisco Lindor,"<a href=""leaders.aspx?pos=all&stats=bat&lg=all&qual=0&type=strType&season=2025&month=0&season1=2025&ind=1&team=25&rost=0&age=0"">NYM</a>",732,31,1372,112.9,96.13857350800582,105.52535211267606,185,72.973741351,0.27567567567567564,7.498161838
665487,2025,Fernando Tatis Jr.,"<a href=""leaders.aspx?pos=all&stats=bat&lg=all&qual=0&type=strType&season=2025&month=0&season1=2025&ind=1&team=29&rost=0&age=0"">SDP</a>",691,25,1052,120.4,99.03754716981132,109.57735849056604,242,74.872477314,0.524793388429752,7.395330702
665742,2025,Juan Soto,"<a href=""leaders.aspx?pos=all&stats=bat&lg=all&qual=0&type=strType&season=2025&month=0&season1=2025&ind=1&team=25&rost=0&age=0"">NYM</a>",715,43,1019,115,99.91545988258316,109.3872549019608,144,72.354676389,0.29166666666666674,7.185703264
677594,2025,Julio Rodríguez,"<a href=""leaders.aspx?pos=all&stats=bat&lg=all&qual=0&type=strType&season=2025&month=0&season1=2025&ind=1&team=11&rost=0&age=0"">SEA</a>",710,32,1259,115.8,97.62776025236592,109.96456692913384,311,76.090366463,0.6270096463022508,7.716936334
665161,2025,Jeremy Peña,"<a href=""leaders.aspx?pos=all&stats=bat&lg=all&qual=0&type=strType&season=2025&month=0&season1=2025&ind=1&team=21&rost=0&age=0"">HOU</a>",543,17,811,109.9,96.90320197044336,105.8012048192771,92,72.240033696,0.13043478260869565,7.324142717
672580,2025,Maikel Garcia,"<a href=""leaders.aspx?pos=all&stats=bat&lg=all&qual=0&type=strType&season=2025&month=0&season1=2025&ind=1&team=7&rost=0&age=0"">KCR</a>",666,16,1082,110.3,98.07689463955636,106.54545454545456,206,72.223313155,0.21359223300970875,7.126121796
691718,2025,Pete Crow-Armstrong,"<a href=""leaders.aspx?pos=all&stats=bat&lg=all&qual=0&type=strType&season=2025&month=0&season1=2025&ind=1&team=17&rost=0&age=0"">CHC</a>",647,31,1176,115,95.68675721561968,106.65593220338982,284,74.187477711,0.4612676056338027,7.251028275
543807,2025,George Springer,"<a href=""leaders.aspx?pos=all&stats=bat&lg=all&qual=0&type=strType&season=2025&month=0&season1=2025&ind=1&team=14&rost=0&age=0"">TOR</a>",586,32,985,114,97.12515212981744,108.12020202020202,160,73.718827938,0.40625,7.491081625
621439,2025,Byron Buxton,"<a href=""leaders.aspx?pos=all&stats=bat&lg=all&qual=0&type=strType&season=2025&month=0&season1=2025&ind=1&team=8&rost=0&age=0"">MIN</a>",542,35,896,114.4,98.38568281938326,109.20444444444443,285,73.524388877,0.35087719298245607,8.188988035
656941,2025,Kyle Schwarber,"<a href=""leaders.aspx?pos=all&stats=bat&lg=all&qual=0&type=strType&season=2025&month=0&season1=2025&ind=1&team=26&rost=0&age=0"">PHI</a>",724,56,1049,117.2,100.84885931558937,111.36981132075472,280,76.939404036,0.7392857142857142,7.448277893
641355,2025,Cody Bellinger,"<a href=""leaders.aspx?pos=all&stats=bat&lg=all&qual=0&type=strType&season=2025&month=0&season1=2025&ind=1&team=9&rost=0&age=0"">NYY</a>",656,29,1289,110.2,93.80247295208656,103.81923076923076,239,69.895334435,0.029288702928870296,7.948868703
663538,2025,Nico Hoerner,"<a href=""leaders.aspx?pos=all&stats=bat&lg=all&qual=0&type=strType&season=2025&month=0&season1=2025&ind=1&team=17&rost=0&age=0"">CHC</a>",649,7,1266,108.1,93.09905213270142,101.35905511811023,238,68.259357227,0.021008403361344543,7.355892479
683002,2025,Gunnar Henderson,"<a href=""leaders.aspx?pos=all&stats=bat&lg=all&qual=0&type=strType&season=2025&month=0&season1=2025&ind=1&team=2&rost=0&age=0"">BAL</a>",651,17,1122,113.9,97.33943161634105,107.45221238938052,327,74.209285046,0.43119266055045874,7.42479055
621566,2025,Matt Olson,"<a href=""leaders.aspx?pos=all&stats=bat&lg=all&qual=0&type=strType&season=2025&month=0&season1=2025&ind=1&team=16&rost=0&age=0"">ATL</a>",724,29,1320,114,97.2759818731118,108.7609022556391,310,74.552466065,0.4645161290322581,7.527657323
672386,2025,Alejandro Kirk,"<a href=""leaders.aspx?pos=all&stats=bat&lg=all&qual=0&type=strType&season=2025&month=0&season1=2025&ind=1&team=14&rost=0&age=0"">TOR</a>",506,15,973,112,97.00593047034764,107.104,34,70.486592353,0.17647058823529413,7.058215882
606466,2025,Ketel Marte,"<a href=""leaders.aspx?pos=all&stats=bat&lg=all&qual=0&type=strType&season=2025&month=0&season1=2025&ind=1&team=15&rost=0&age=0"">ARI</a>",556,28,937,119.6,99.12851063829788,109.84329896907217,230,74.308463913,0.4130434782608695,7.73431
701762,2025,Nick Kurtz,"<a href=""leaders.aspx?pos=all&stats=bat&lg=all&qual=0&type=strType&season=2025&month=0&season1=2025&ind=1&team=10&rost=0&age=0"">ATH</a>",489,36,672,114.6,98.96369047619048,109.61176470588236,275,77.803279455,0.7818181818181817,7.809848655
691406,2025,Junior Caminero,"<a href=""leaders.aspx?pos=all&stats=bat&lg=all&qual=0&type=strType&season=2025&month=0&season1=2025&ind=1&team=12&rost=0&age=0"">TBR</a>",653,45,1151,116.7,99.16943005181348,110.57327586206895,239,79.881047155,0.8786610878661086,8.630319331
663656,2025,Kyle Tucker,"<a href=""leaders.aspx?pos=all&stats=bat&lg=all&qual=0&type=strType&season=2025&month=0&season1=2025&ind=1&team=17&rost=0&age=0"">CHC</a>",597,22,1015,108.7,95.39607843137254,104.43235294117648,286,71.574574126,0.2377622377622378,7.399867343
668930,2025,Brice Turang,"<a href=""leaders.aspx?pos=all&stats=bat&lg=all&qual=0&type=strType&season=2025&month=0&season1=2025&ind=1&team=23&rost=0&age=0"">MIL</a>",659,18,1210,111.2,93.6960396039604,104.31404958677686,236,70.706369831,0.1059322033898305,6.816180085
665862,2025,Jazz Chisholm Jr.,"<a href=""leaders.aspx?pos=all&stats=bat&lg=all&qual=0&type=strType&season=2025&month=0&season1=2025&ind=1&team=9&rost=0&age=0"">NYY</a>",531,31,822,112.2,96.74684466019416,107.03176470588237,241,73.094456224,0.27800829875518673,7.88211444
682829,2025,Elly De La Cruz,"<a href=""leaders.aspx?pos=all&stats=bat&lg=all&qual=0&type=strType&season=2025&month=0&season1=2025&ind=1&team=18&rost=0&age=0"">CIN</a>",699,22,990,117.4,97.58323232323232,108.6990099009901,249,74.694479759,0.4859437751004016,7.007864297
669257,2025,Will Smith,"<a href=""leaders.aspx?pos=all&stats=bat&lg=all&qual=0&type=strType&season=2025&month=0&season1=2025&ind=1&team=22&rost=0&age=0"">LAD</a>",436,17,693,110.1,95.93693181818182,105.65428571428572,197,69.96281467,0.06598984771573606,7.178203503
693307,2025,Dillon Dingler,"<a href=""leaders.aspx?pos=all&stats=bat&lg=all&qual=0&type=strType&season=2025&month=0&season1=2025&ind=1&team=6&rost=0&age=0"">DET</a>",469,13,802,110.7,95.59061728395062,105.71707317073172,228,71.247892105,0.1271929824561404,7.632737061
694671,2025,Wyatt Langford,"<a href=""leaders.aspx?pos=all&stats=bat&lg=all&qual=0&type=strType&season=2025&month=0&season1=2025&ind=1&team=13&rost=0&age=0"">TEX</a>",573,22,918,113.1,97.63130434782607,107.68191489361702,141,72.605462979,0.2411347517730497,6.804061135
681624,2025,Andy Pages,"<a href=""leaders.aspx?pos=all&stats=bat&lg=all&qual=0&type=strType&season=2025&month=0&season1=2025&ind=1&team=22&rost=0&age=0"">LAD</a>",624,27,1152,111,93.87690972222222,105.15702479338844,302,73.032334172,0.2814569536423841,7.688694934
642715,2025,Willy Adames,"<a href=""leaders.aspx?pos=all&stats=bat&lg=all&qual=0&type=strType&season=2025&month=0&season1=2025&ind=1&team=30&rost=0&age=0"">SFG</a>",686,30,1140,110.2,95.75341506129595,105.41666666666669,261,72.299908391,0.23754789272030652,8.18172387
608369,2025,Corey Seager,"<a href=""leaders.aspx?pos=all&stats=bat&lg=all&qual=0&type=strType&season=2025&month=0&season1=2025&ind=1&team=13&rost=0&age=0"">TEX</a>",445,21,729,112.4,98.09041095890412,108.54324324324324,285,71.868935825,0.1403508771929825,6.696890456
669065,2025,Kyle Stowers,"<a href=""leaders.aspx?pos=all&stats=bat&lg=all&qual=0&type=strType&season=2025&month=0&season1=2025&ind=1&team=20&rost=0&age=0"">MIA</a>",457,25,711,113.7,97.95252808988764,108.44324324324324,138,74.259835362,0.4130434782608696,6.661521232
669127,2025,Shea Langeliers,"<a href=""leaders.aspx?pos=all&stats=bat&lg=all&qual=0&type=strType&season=2025&month=0&season1=2025&ind=1&team=10&rost=0&age=0"">ATH</a>",523,31,928,114.5,97.35948275862069,108.66702127659576,275,75.028477091,0.5018181818181817,7.257418218
680776,2025,Jarren Duran,"<a href=""leaders.aspx?pos=all&stats=bat&lg=all&qual=0&type=strType&season=2025&month=0&season1=2025&ind=1&team=3&rost=0&age=0"">BOS</a>",696,16,1063,117.7,97.34250936329587,109.32336448598132,236,74.743559407,0.4745762711864407,7.634919831
665489,2025,Vladimir Guerrero Jr.,"<a href=""leaders.aspx?pos=all&stats=bat&lg=all&qual=0&type=strType&season=2025&month=0&season1=2025&ind=1&team=14&rost=0&age=0"">TOR</a>",680,23,1026,120.4,100.83424124513618,111.86346153846154,256,76.422153164,0.6445312499999999,7.4943057810000004
666182,2025,Bo Bichette,"<a href=""leaders.aspx?pos=all&stats=bat&lg=all&qual=0&type=strType&season=2025&month=0&season1=2025&ind=1&team=14&rost=0&age=0"">TOR</a>",628,18,1253,112.3,96.739171974522293,106.24418604651164,279,69.747329964,0.14336917562724016,7.085522186
518692,2025,Freddie Freeman,"<a href=""leaders.aspx?pos=all&stats=bat&lg=all&qual=0&type=strType&season=2025&month=0&season1=2025&ind=1&team=22&rost=0&age=0"">LAD</a>",627,24,1099,114.1,95.67622504537204,105.32105263157897,283,70.479160989,0.09893992932862192,6.820378516
678882,2025,Ceddanne Rafaela,"<a href=""leaders.aspx?pos=all&stats=bat&lg=all&qual=0&type=strType&season=2025&month=0&season1=2025&ind=1&team=3&rost=0&age=0"">BOS</a>",587,16,1120,112.1,94.56607142857143,105.24732142857142,220,69.835083318,0.06818181818181819,7.285475
553993,2025,Eugenio Suárez,- - -,657,49,1061,113.8,96.10545112781956,107.44454545454543,157,70.938870191,0.10828025477707008,7.678048344
592518,2025,Manny Machado,"<a href=""leaders.aspx?pos=all&stats=bat&lg=all&qual=0&type=strType&season=2025&month=0&season1=2025&ind=1&team=29&rost=0&age=0"">SDP</a>",678,27,1216,114.8,97.57475409836066,107.99055118110236,244,73.901278648,0.35655737704918034,7.834471107
656305,2025,Matt Chapman,"<a href=""leaders.aspx?pos=all&stats=bat&lg=all&qual=0&type=strType&season=2025&month=0&season1=2025&ind=1&team=30&rost=0&age=0"">SFG</a>",535,21,894,115.1,96.670066518847,108.2087912087912,235,75.732024851,0.5914893617021276,7.284509191
661388,2025,William Contreras,"<a href=""leaders.aspx?pos=all&stats=bat&lg=all&qual=0&type=strType&season=2025&month=0&season1=2025&ind=1&team=23&rost=0&age=0"">MIL</a>",659,17,1096,114.5,97.5959927140255,108.641592920354,235,73.079193702,0.34468085106382973,7.160061319
624413,2025,Pete Alonso,"<a href=""leaders.aspx?pos=all&stats=bat&lg=all&qual=0&type=strType&season=2025&month=0&season1=2025&ind=1&team=25&rost=0&age=0"">NYM</a>",709,38,1197,117.7,99.3795,110.88387096774194,270,74.163384926,0.41851851851851857,7.210987185
686217,2025,Sal Frelick,"<a href=""leaders.aspx?pos=all&stats=bat&lg=all&qual=0&type=strType&season=2025&month=0&season1=2025&ind=1&team=23&rost=0&age=0"">MIL</a>",594,12,1066,109.9,92.74598130841122,102.87727272727273,190,68.086099316,0.03157894736842106,7.124022947
608324,2025,Alex Bregman,"<a href=""leaders.aspx?pos=all&stats=bat&lg=all&qual=0&type=strType&season=2025&month=0&season1=2025&ind=1&team=3&rost=0&age=0"">BOS</a>",495,18,874,109.6,96.6837899543379,103.94545454545454,241,69.843216432,0.045643153526970966,7.047211743
660670,2025,Ronald Acuña Jr.,"<a href=""leaders.aspx?pos=all&stats=bat&lg=all&qual=0&type=strType&season=2025&month=0&season1=2025&ind=1&team=16&rost=0&age=0"">ATL</a>",412,21,731,115.5,97.05300546448088,109.84210526315788,240,75.493217083,0.5750000000000001,7.554082083
683737,2025,Michael Busch,"<a href=""leaders.aspx?pos=all&stats=bat&lg=all&qual=0&type=strType&season=2025&month=0&season1=2025&ind=1&team=17&rost=0&age=0"">CHC</a>",592,34,965,112.2,96.83478260869563,106.4701030927835,251,68.341815259,0.0398406374501992,6.981473466
691026,2025,Masyn Winn,"<a href=""leaders.aspx?pos=all&stats=bat&lg=all&qual=0&type=strType&season=2025&month=0&season1=2025&ind=1&team=28&rost=0&age=0"">STL</a>",537,9,1002,110.8,93.38822355289422,105.4029411764706,221,69.698062217,0.05882352941176472,7.319025294
547180,2025,Bryce Harper,"<a href=""leaders.aspx?pos=all&stats=bat&lg=all&qual=0&type=strType&season=2025&month=0&season1=2025&ind=1&team=26&rost=0&age=0"">PHI</a>",580,27,1028,113.8,97.084046692607,108.00970873786407,293,74.055140478,0.44027303754266217,7.411370751
605141,2025,Mookie Betts,"<a href=""leaders.aspx?pos=all&stats=bat&lg=all&qual=0&type=strType&season=2025&month=0&season1=2025&ind=1&team=22&rost=0&age=0"">LAD</a>",663,20,1090,109.5,95.36904761904762,103.36909090909091,36,69.116074167,0.11111111111111112,7.126025833
805779,2025,Jacob Wilson,"<a href=""leaders.aspx?pos=all&stats=bat&lg=all&qual=0&type=strType&season=2025&month=0&season1=2025&ind=1&team=10&rost=0&age=0"">ATH</a>",523,13,996,108.5,92.28995983935744,101.35148514851484,273,63.814691172,0.003663003663003664,6.168225861
696100,2025,Hunter Goodman,"<a href=""leaders.aspx?pos=all&stats=bat&lg=all&qual=0&type=strType&season=2025&month=0&season1=2025&ind=1&team=19&rost=0&age=0"">COL</a>",579,31,994,116.2,97.349,108.78118811881188,263,75.485238137,0.5779467680608364,7.467823232
691016,2025,Tyler Soderstrom,"<a href=""leaders.aspx?pos=all&stats=bat&lg=all&qual=0&type=strType&season=2025&month=0&season1=2025&ind=1&team=10&rost=0&age=0"">ATH</a>",624,25,983,114,98.07018255578092,107.732,257,73.80547856,0.40466926070038906,7.493441907
621020,2025,Dansby Swanson,"<a href=""leaders.aspx?pos=all&stats=bat&lg=all&qual=0&type=strType&season=2025&month=0&season1=2025&ind=1&team=17&rost=0&age=0"">CHC</a>",645,24,1048,109.3,96.06117424242424,105.26851851851852,254,71.23341815,0.08661417322834647,7.56282815
646240,2025,Rafael Devers,- - -,729,35,1211,114.5,97.37894736842104,108.58032786885246,296,71.131347872,0.14864864864864868,7.482933682
695578,2025,James Wood,"<a href=""leaders.aspx?pos=all&stats=bat&lg=all&qual=0&type=strType&season=2025&month=0&season1=2025&ind=1&team=24&rost=0&age=0"">WSN</a>",689,31,957,118,100.51837160751566,112.33163265306122,257,76.343363346,0.6498054474708171,7.421805214
593428,2025,Xander Bogaerts,"<a href=""leaders.aspx?pos=all&stats=bat&lg=all&qual=0&type=strType&season=2025&month=0&season1=2025&ind=1&team=29&rost=0&age=0"">SDP</a>",552,11,819,112.2,97.07591240875912,107.10487804878048,187,71.225660053,0.2192513368983957,7.417328824
672275,2025,Patrick Bailey,"<a href=""leaders.aspx?pos=all&stats=bat&lg=all&qual=0&type=strType&season=2025&month=0&season1=2025&ind=1&team=30&rost=0&age=0"">SFG</a>",452,6,747,109.8,93.41090425531917,104.40789473684212,149,72.786470671,0.2953020134228188,7.274042819
676391,2025,Ernie Clement,"<a href=""leaders.aspx?pos=all&stats=bat&lg=all&qual=0&type=strType&season=2025&month=0&season1=2025&ind=1&team=14&rost=0&age=0"">TOR</a>",588,9,1102,108.9,92.9940108892922,101.53153153153151,238,66.936008025,0.01680672268907563,7.141340126
664056,2025,Harrison Bader,- - -,501,17,850,112.3,95.1972027972028,107.3729411764706,99,72.659340202,0.393939393939394,7.223143434
680757,2025,Steven Kwan,"<a href=""leaders.aspx?pos=all&stats=bat&lg=all&qual=0&type=strType&season=2025&month=0&season1=2025&ind=1&team=5&rost=0&age=0"">CLE</a>",693,11,1343,106.9,91.0157738095238,99.22957746478872,202,62.845279059,0.004950495049504951,6.573266337
656716,2025,Zach McKinstry,"<a href=""leaders.aspx?pos=all&stats=bat&lg=all&qual=0&type=strType&season=2025&month=0&season1=2025&ind=1&team=6&rost=0&age=0"">DET</a>",511,12,916,108.7,91.72780172413792,102.5042105263158,107,69.413223084,0.056074766355140186,6.719726822
663757,2025,Trent Grisham,"<a href=""leaders.aspx?pos=all&stats=bat&lg=all&qual=0&type=strType&season=2025&month=0&season1=2025&ind=1&team=9&rost=0&age=0"">NYY</a>",581,34,860,111.4,96.76186046511629,105.77954545454546,178,69.584387303,0.03932584269662922,7.289236854
682928,2025,CJ Abrams,"<a href=""leaders.aspx?pos=all&stats=bat&lg=all&qual=0&type=strType&season=2025&month=0&season1=2025&ind=1&team=24&rost=0&age=0"">WSN</a>",635,19,1120,112.7,95.01314387211367,105.7470588235294,271,72.042909742,0.22878228782287827,7.686544133
647304,2025,Josh Naylor,- - -,604,20,1076,117.9,96.50222634508349,105.73,242,70.289978802,0.0743801652892562,7.584238306
687263,2025,Zach Neto,"<a href=""leaders.aspx?pos=all&stats=bat&lg=all&qual=0&type=strType&season=2025&month=0&season1=2025&ind=1&team=1&rost=0&age=0"">LAA</a>",554,26,916,111.3,96.98373101952278,106.41195652173911,331,69.922355106,0.05740181268882176,6.990872236
686948,2025,Drake Baldwin,"<a href=""leaders.aspx?pos=all&stats=bat&lg=all&qual=0&type=strType&season=2025&month=0&season1=2025&ind=1&team=16&rost=0&age=0"">ATL</a>",446,19,867,112.5,97.4458525345622,107.1206896551724,322,75.050528571,0.531055900621118,7.285526988
681082,2025,Bryson Stott,"<a href=""leaders.aspx?pos=all&stats=bat&lg=all&qual=0&type=strType&season=2025&month=0&season1=2025&ind=1&team=26&rost=0&age=0"">PHI</a>",560,13,1028,110.7,93.23677042801556,104.1009708737864,184,70.124797609,0.027173913043478264,7.287763804
700250,2025,Ben Rice,"<a href=""leaders.aspx?pos=all&stats=bat&lg=all&qual=0&type=strType&season=2025&month=0&season1=2025&ind=1&team=9&rost=0&age=0"">NYY</a>",530,26,834,113.5,100.27224880382776,108.80470588235292,200,72.25087265,0.20000000000000004,7.46969015
669224,2025,Austin Wells,"<a href=""leaders.aspx?pos=all&stats=bat&lg=all&qual=0&type=strType&season=2025&month=0&season1=2025&ind=1&team=9&rost=0&age=0"">NYY</a>",448,21,815,111.9,95.800488997555,106.41829268292685,191,72.557855707,0.2198952879581152,7.609104136
596115,2025,Trevor Story,"<a href=""leaders.aspx?pos=all&stats=bat&lg=all&qual=0&type=strType&season=2025&month=0&season1=2025&ind=1&team=3&rost=0&age=0"">BOS</a>",654,25,1173,111.7,96.5480408858603,106.79495798319329,295,71.093750508,0.1491525423728814,7.413816746
701538,2025,Jackson Merrill,"<a href=""leaders.aspx?pos=all&stats=bat&lg=all&qual=0&type=strType&season=2025&month=0&season1=2025&ind=1&team=29&rost=0&age=0"">SDP</a>",483,16,913,110.9,94.6255458515284,105.79891304347828,285,73.274333614,0.2912280701754386,7.625829965
656811,2025,Ryan O'Hearn,- - -,544,17,981,109.4,94.70630081300811,103.9126213592233,248,70.699330726,0.09274193548387095,7.139142137
650490,2025,Yandy Díaz,"<a href=""leaders.aspx?pos=all&stats=bat&lg=all&qual=0&type=strType&season=2025&month=0&season1=2025&ind=1&team=12&rost=0&age=0"">TBR</a>",651,25,1152,113.6,99.08462867012088,109.85603448275862,224,72.838419821,0.3125,7.834084598
607043,2025,Brandon Nimmo,"<a href=""leaders.aspx?pos=all&stats=bat&lg=all&qual=0&type=strType&season=2025&month=0&season1=2025&ind=1&team=25&rost=0&age=0"">NYM</a>",652,25,1154,112.3,96.9013816925734,106.83193277310924,268,72.104321978,0.26492537313432835,6.978743955
657656,2025,Ramón Laureano,- - -,488,24,845,112.7,97.254609929078,107.44044943820224,254,72.20952748,0.2362204724409449,7.097629606
571970,2025,Max Muncy,"<a href=""leaders.aspx?pos=all&stats=bat&lg=all&qual=0&type=strType&season=2025&month=0&season1=2025&ind=1&team=22&rost=0&age=0"">LAD</a>",388,19,581,110.5,96.6491408934708,106.5728813559322,219,71.571221096,0.10502283105022832,6.970105297
694192,2025,Jackson Chourio,"<a href=""leaders.aspx?pos=all&stats=bat&lg=all&qual=0&type=strType&season=2025&month=0&season1=2025&ind=1&team=23&rost=0&age=0"">MIL</a>",589,21,1029,113.7,96.10982658959536,107.09134615384616,32,74.087166875,0.4375,7.20951375
682985,2025,Riley Greene,"<a href=""leaders.aspx?pos=all&stats=bat&lg=all&qual=0&type=strType&season=2025&month=0&season1=2025&ind=1&team=6&rost=0&age=0"">DET</a>",655,36,1199,116.9,95.14126455906822,108.39833333333333,261,75.355612261,0.5593869731800766,7.261036667
621493,2025,Taylor Ward,"<a href=""leaders.aspx?pos=all&stats=bat&lg=all&qual=0&type=strType&season=2025&month=0&season1=2025&ind=1&team=1&rost=0&age=0"">LAA</a>",663,36,996,111,96.33273092369478,106.158,202,67.808412078999993,0.019801980198019813,6.772543218
630105,2025,Jake Cronenworth,"<a href=""leaders.aspx?pos=all&stats=bat&lg=all&qual=0&type=strType&season=2025&month=0&season1=2025&ind=1&team=29&rost=0&age=0"">SDP</a>",515,11,924,109.1,93.73866090712744,103.83263157894736,162,72.180944198,0.22222222222222224,7.189154753
668227,2025,Randy Arozarena,"<a href=""leaders.aspx?pos=all&stats=bat&lg=all&qual=0&type=strType&season=2025&month=0&season1=2025&ind=1&team=11&rost=0&age=0"">SEA</a>",709,27,1122,113.5,97.38010657193604,107.36902654867257,265,70.192315774,0.18867924528301888,7.183336566
670770,2025,TJ Friedl,"<a href=""leaders.aspx?pos=all&stats=bat&lg=all&qual=0&type=strType&season=2025&month=0&season1=2025&ind=1&team=18&rost=0&age=0"">CIN</a>",685,14,1026,109.9,93.87875243664718,103.5173076923077,205,70.912112829,0.11219512195121954,6.828786585
680977,2025,Brendan Donovan,"<a href=""leaders.aspx?pos=all&stats=bat&lg=all&qual=0&type=strType&season=2025&month=0&season1=2025&ind=1&team=28&rost=0&age=0"">STL</a>",515,10,907,109.6,96.32400881057268,104.8,101,68.480415941,0.0099009900990099,6.893028317
641487,2025,J.P. Crawford,"<a href=""leaders.aspx?pos=all&stats=bat&lg=all&qual=0&type=strType&season=2025&month=0&season1=2025&ind=1&team=11&rost=0&age=0"">SEA</a>",654,12,1247,110.5,92.72993630573248,104.0217054263566,175,71.815148571,0.2342857142857143,7.358438971
664023,2025,Ian Happ,"<a href=""leaders.aspx?pos=all&stats=bat&lg=all&qual=0&type=strType&season=2025&month=0&season1=2025&ind=1&team=17&rost=0&age=0"">CHC</a>",663,23,1060,112,95.46153846153848,107.13177570093458,262,72.047386527,0.19083969465648856,7.005896336
575929,2025,Willson Contreras,"<a href=""leaders.aspx?pos=all&stats=bat&lg=all&qual=0&type=strType&season=2025&month=0&season1=2025&ind=1&team=28&rost=0&age=0"">STL</a>",563,20,911,114.7,97.57938596491228,109.49565217391304,264,75.834384508,0.6325757575757575,7.861646402
701350,2025,Roman Anthony,"<a href=""leaders.aspx?pos=all&stats=bat&lg=all&qual=0&type=strType&season=2025&month=0&season1=2025&ind=1&team=3&rost=0&age=0"">BOS</a>",303,8,402,113.7,99.8358208955224,108.22619047619048,176,75.598098068,0.5397727272727272,7.5008275
672515,2025,Gabriel Moreno,"<a href=""leaders.aspx?pos=all&stats=bat&lg=all&qual=0&type=strType&season=2025&month=0&season1=2025&ind=1&team=15&rost=0&age=0"">ARI</a>",309,9,610,112.7,94.37459283387622,104.30819672131148,127,71.264504173,0.22047244094488191,7.174829291
695657,2025,Colson Montgomery,"<a href=""leaders.aspx?pos=all&stats=bat&lg=all&qual=0&type=strType&season=2025&month=0&season1=2025&ind=1&team=4&rost=0&age=0"">CHW</a>",284,21,475,116.3,97.35840336134454,109.93469387755104,264,76.348787386,0.6666666666666666,7.792264091
671056,2025,Iván Herrera,"<a href=""leaders.aspx?pos=all&stats=bat&lg=all&qual=0&type=strType&season=2025&month=0&season1=2025&ind=1&team=28&rost=0&age=0"">STL</a>",452,19,794,113.5,98.10705289672543,108.925,259,74.50789973,0.4787644787644787,7.866353822
665966,2025,Carlos Narváez,"<a href=""leaders.aspx?pos=all&stats=bat&lg=all&qual=0&type=strType&season=2025&month=0&season1=2025&ind=1&team=3&rost=0&age=0"">BOS</a>",446,15,843,111.2,95.47867298578198,106.68720930232558,160,71.445199563,0.16875,7.521703938
608348,2025,Carson Kelly,"<a href=""leaders.aspx?pos=all&stats=bat&lg=all&qual=0&type=strType&season=2025&month=0&season1=2025&ind=1&team=17&rost=0&age=0"">CHC</a>",421,17,737,110.1,94.45582655826558,104.39868421052633,164,71.167262256,0.10365853658536583,6.998505488
702332,2025,Caleb Durbin,"<a href=""leaders.aspx?pos=all&stats=bat&lg=all&qual=0&type=strType&season=2025&month=0&season1=2025&ind=1&team=23&rost=0&age=0"">MIL</a>",506,11,860,108.9,92.25300925925926,102.13444444444444,185,68.127285946,0.010810810810810811,6.731104
593871,2025,Jorge Polanco,"<a href=""leaders.aspx?pos=all&stats=bat&lg=all&qual=0&type=strType&season=2025&month=0&season1=2025&ind=1&team=11&rost=0&age=0"">SEA</a>",524,26,920,111.9,97.8819956616052,107.452688172043,93,69.483554409,0.04301075268817204,7.161289032
621043,2025,Carlos Correa,- - -,584,13,1040,112.6,97.24865384615384,107.74666666666668,232,73.405211983,0.3879310344827586,7.217647198
686555,2025,Isaac Collins,"<a href=""leaders.aspx?pos=all&stats=bat&lg=all&qual=0&type=strType&season=2025&month=0&season1=2025&ind=1&team=23&rost=0&age=0"">MIL</a>",441,9,708,111.2,93.79549295774648,104.81549295774649,165,73.227117394,0.33333333333333337,6.758259273
673548,2025,Seiya Suzuki,"<a href=""leaders.aspx?pos=all&stats=bat&lg=all&qual=0&type=strType&season=2025&month=0&season1=2025&ind=1&team=17&rost=0&age=0"">CHC</a>",651,32,1057,116.2,96.23502824858755,107.77314814814817,168,72.939321786,0.3273809523809524,7.28214131
650402,2025,Gleyber Torres,"<a href=""leaders.aspx?pos=all&stats=bat&lg=all&qual=0&type=strType&season=2025&month=0&season1=2025&ind=1&team=6&rost=0&age=0"">DET</a>",628,16,1101,110.9,94.8817689530686,105.72882882882882,212,67.388924528,0.009433962264150945,6.986755755
666018,2025,Jonathan Aranda,"<a href=""leaders.aspx?pos=all&stats=bat&lg=all&qual=0&type=strType&season=2025&month=0&season1=2025&ind=1&team=12&rost=0&age=0"">TBR</a>",422,14,789,111.4,96.41392405063291,107.0225,263,70.054759087,0.08745247148288975,7.35778597
669364,2025,Xavier Edwards,"<a href=""leaders.aspx?pos=all&stats=bat&lg=all&qual=0&type=strType&season=2025&month=0&season1=2025&ind=1&team=20&rost=0&age=0"">MIA</a>",619,3,1175,109,91.01807432432432,101.47542372881357,220,67.769708045,0,6.523374909
592885,2025,Christian Yelich,"<a href=""leaders.aspx?pos=all&stats=bat&lg=all&qual=0&type=strType&season=2025&month=0&season1=2025&ind=1&team=23&rost=0&age=0"">MIL</a>",644,29,1024,113.4,96.15847953216374,107.39038461538462,107,72.378815327,0.27102803738317754,7.391554766
670623,2025,Isaac Paredes,"<a href=""leaders.aspx?pos=all&stats=bat&lg=all&qual=0&type=strType&season=2025&month=0&season1=2025&ind=1&team=21&rost=0&age=0"">HOU</a>",438,20,803,111.5,95.4276119402985,104.39382716049384,242,67.465777686,0.04958677685950414,7.835010579
677800,2025,Wilyer Abreu,"<a href=""leaders.aspx?pos=all&stats=bat&lg=all&qual=0&type=strType&season=2025&month=0&season1=2025&ind=1&team=3&rost=0&age=0"">BOS</a>",417,22,778,111.8,95.62020460358056,107.80506329113923,265,73.949013283,0.39245283018867927,7.123820151
669016,2025,Brandon Marsh,"<a href=""leaders.aspx?pos=all&stats=bat&lg=all&qual=0&type=strType&season=2025&month=0&season1=2025&ind=1&team=26&rost=0&age=0"">PHI</a>",425,11,723,111.1,95.06491712707182,104.57866666666666,217,71.099138111,0.13364055299539174,7.233149585
808982,2025,Jung Hoo Lee,"<a href=""leaders.aspx?pos=all&stats=bat&lg=all&qual=0&type=strType&season=2025&month=0&season1=2025&ind=1&team=30&rost=0&age=0"">SFG</a>",617,8,1142,107.2,93.60612959719788,102.41120689655172,227,68.537595683,0.039647577092511016,7.680086123
667670,2025,Brent Rooker,"<a href=""leaders.aspx?pos=all&stats=bat&lg=all&qual=0&type=strType&season=2025&month=0&season1=2025&ind=1&team=10&rost=0&age=0"">ATH</a>",699,30,1072,113.3,97.1899628252788,106.94144144144144,146,74.109737877,0.3904109589041096,7.144000685
573262,2025,Mike Yastrzemski,- - -,558,17,995,109.3,95.81586345381524,104.64095238095238,199,70.607242312,0.03517587939698493,7.359586834
679529,2025,Spencer Torkelson,"<a href=""leaders.aspx?pos=all&stats=bat&lg=all&qual=0&type=strType&season=2025&month=0&season1=2025&ind=1&team=6&rost=0&age=0"">DET</a>",649,31,1090,110.5,96.24385321100918,105.3072072072072,247,73.234689676,0.2429149797570851,7.745137247
672640,2025,Otto Lopez,"<a href=""leaders.aspx?pos=all&stats=bat&lg=all&qual=0&type=strType&season=2025&month=0&season1=2025&ind=1&team=20&rost=0&age=0"">MIA</a>",594,15,957,111.2,95.71022964509396,105.859375,245,71.94981298,0.2612244897959184,6.838903102
683146,2025,Brett Baty,"<a href=""leaders.aspx?pos=all&stats=bat&lg=all&qual=0&type=strType&season=2025&month=0&season1=2025&ind=1&team=25&rost=0&age=0"">NYM</a>",432,18,732,115.6,97.67302452316076,108.57763157894736,203,75.101762808,0.5517241379310345,7.487461182
676694,2025,Jake Meyers,"<a href=""leaders.aspx?pos=all&stats=bat&lg=all&qual=0&type=strType&season=2025&month=0&season1=2025&ind=1&team=21&rost=0&age=0"">HOU</a>",381,3,597,113.2,94.18604651162792,104.79833333333332,67,67.795352388,0.08955223880597016,6.983337313
643289,2025,Mauricio Dubón,"<a href=""leaders.aspx?pos=all&stats=bat&lg=all&qual=0&type=strType&season=2025&month=0&season1=2025&ind=1&team=21&rost=0&age=0"">HOU</a>",398,7,762,110.8,90.88010471204188,100.75696202531644,247,69.270427409,0.03238866396761133,7.624807449
662139,2025,Daulton Varsho,"<a href=""leaders.aspx?pos=all&stats=bat&lg=all&qual=0&type=strType&season=2025&month=0&season1=2025&ind=1&team=14&rost=0&age=0"">TOR</a>",271,20,466,113.9,98.051072961373393,108.85208333333333,231,73.147140303,0.30303030303030304,7.593472641
680718,2025,Addison Barger,"<a href=""leaders.aspx?pos=all&stats=bat&lg=all&qual=0&type=strType&season=2025&month=0&season1=2025&ind=1&team=14&rost=0&age=0"">TOR</a>",502,21,893,116.5,98.55290178571428,109.33222222222224,46,74.294076304,0.5000000000000001,7.191623913
805300,2025,Jakob Marsee,"<a href=""leaders.aspx?pos=all&stats=bat&lg=all&qual=0&type=strType&season=2025&month=0&season1=2025&ind=1&team=20&rost=0&age=0"">MIA</a>",234,5,415,111.1,95.04285714285714,105.56,243,70.747687284,0.06995884773662552,6.717737778
514888,2025,Jose Altuve,"<a href=""leaders.aspx?pos=all&stats=bat&lg=all&qual=0&type=strType&season=2025&month=0&season1=2025&ind=1&team=21&rost=0&age=0"">HOU</a>",654,26,1124,110.6,93.69946619217082,104.18245614035088,221,69.110147511,0.09954751131221722,7.645914977
543760,2025,Marcus Semien,"<a href=""leaders.aspx?pos=all&stats=bat&lg=all&qual=0&type=strType&season=2025&month=0&season1=2025&ind=1&team=13&rost=0&age=0"">TEX</a>",534,15,945,110,93.39936974789916,103.33894736842105,246,68.278255447,0.016260162601626015,7.84037565
676609,2025,José Caballero,- - -,370,5,617,114.4,91.025,102.6774193548387,240,68.208485125,0.04166666666666667,6.757118083
643446,2025,Jeff McNeil,"<a href=""leaders.aspx?pos=all&stats=bat&lg=all&qual=0&type=strType&season=2025&month=0&season1=2025&ind=1&team=25&rost=0&age=0"">NYM</a>",462,12,975,108.2,93.59632653061225,102.5919191919192,239,68.059791548,0.012552301255230129,7.134360753
676475,2025,Alec Burleson,"<a href=""leaders.aspx?pos=all&stats=bat&lg=all&qual=0&type=strType&season=2025&month=0&season1=2025&ind=1&team=28&rost=0&age=0"">STL</a>",546,18,940,114.5,97.84127659574467,107.22765957446808,257,71.895782529,0.18287937743190663,7.424894358
592663,2025,J.T. Realmuto,"<a href=""leaders.aspx?pos=all&stats=bat&lg=all&qual=0&type=strType&season=2025&month=0&season1=2025&ind=1&team=26&rost=0&age=0"">PHI</a>",550,12,972,110.4,95.89199178644763,106.73775510204082,136,73.910078529,0.4044117647058824,7.523397868
680777,2025,Ryan Jeffers,"<a href=""leaders.aspx?pos=all&stats=bat&lg=all&qual=0&type=strType&season=2025&month=0&season1=2025&ind=1&team=8&rost=0&age=0"">MIN</a>",464,9,684,111.5,96.34579710144928,107.25217391304348,182,73.459640659,0.41208791208791207,7.18843544
623168,2025,Tyler Heineman,"<a href=""leaders.aspx?pos=all&stats=bat&lg=all&qual=0&type=strType&season=2025&month=0&season1=2025&ind=1&team=14&rost=0&age=0"">TOR</a>",174,3,336,106.3,90.505325443787,100.45,100,65.0861446,0,7.0904447
669221,2025,Sean Murphy,"<a href=""leaders.aspx?pos=all&stats=bat&lg=all&qual=0&type=strType&season=2025&month=0&season1=2025&ind=1&team=16&rost=0&age=0"">ATL</a>",337,16,542,114.4,94.82140221402214,107.50909090909092,18,66.313323889,0.05555555555555555,7.584002778
671732,2025,Lawrence Butler,"<a href=""leaders.aspx?pos=all&stats=bat&lg=all&qual=0&type=strType&season=2025&month=0&season1=2025&ind=1&team=10&rost=0&age=0"">ATH</a>",630,21,978,113.6,95.99406952965236,107.55050505050504,202,73.645048317,0.3663366336633664,7.085143168
641857,2025,Ryan McMahon,- - -,586,20,905,113.6,96.72775330396476,107.49130434782607,173,74.299724335,0.4335260115606936,7.273226994
519317,2025,Giancarlo Stanton,"<a href=""leaders.aspx?pos=all&stats=bat&lg=all&qual=0&type=strType&season=2025&month=0&season1=2025&ind=1&team=9&rost=0&age=0"">NYY</a>",281,24,401,118,101.41089108910892,113.15121951219513,155,79.335077806,0.929032258064516,8.440819226
663968,2025,Jake Mangum,"<a href=""leaders.aspx?pos=all&stats=bat&lg=all&qual=0&type=strType&season=2025&month=0&season1=2025&ind=1&team=12&rost=0&age=0"">TBR</a>",428,3,905,108.3,92.4810989010989,102.33263157894736,151,66.473037417,0.019867549668874177,6.643123907
664770,2025,Nathan Lukes,"<a href=""leaders.aspx?pos=all&stats=bat&lg=all&qual=0&type=strType&season=2025&month=0&season1=2025&ind=1&team=14&rost=0&age=0"">TOR</a>",438,12,920,107.7,93.25661605206074,102.55326086956522,105,67.763491048,0.02857142857142857,6.394612
682626,2025,Francisco Alvarez,"<a href=""leaders.aspx?pos=all&stats=bat&lg=all&qual=0&type=strType&season=2025&month=0&season1=2025&ind=1&team=25&rost=0&age=0"">NYM</a>",277,11,426,115,99.6169014084507,108.88863636363637,204,74.384048431,0.4509803921568627,7.32870799
545361,2025,Mike Trout,"<a href=""leaders.aspx?pos=all&stats=bat&lg=all&qual=0&type=strType&season=2025&month=0&season1=2025&ind=1&team=1&rost=0&age=0"">LAA</a>",556,26,814,115.4,95.19537712895377,108.49024390243902,243,75.038802716,0.5267489711934156,7.52692856
664702,2025,Myles Straw,"<a href=""leaders.aspx?pos=all&stats=bat&lg=all&qual=0&type=strType&season=2025&month=0&season1=2025&ind=1&team=14&rost=0&age=0"">TOR</a>",299,4,525,107.1,91.7189393939394,101.26603773584904,81,69.721973827,0.1358024691358025,7.057190494
669701,2025,Josh Smith,"<a href=""leaders.aspx?pos=all&stats=bat&lg=all&qual=0&type=strType&season=2025&month=0&season1=2025&ind=1&team=13&rost=0&age=0"">TEX</a>",563,10,1009,108.8,92.54446640316206,103.26601941747572,175,69.344506971,0.02285714285714286,6.977734
664761,2025,Alec Bohm,"<a href=""leaders.aspx?pos=all&stats=bat&lg=all&qual=0&type=strType&season=2025&month=0&season1=2025&ind=1&team=26&rost=0&age=0"">PHI</a>",504,11,928,109.6,96.03577586206896,104.95591397849462,196,71.201068214,0.15306122448979595,7.216525204
687363,2025,Victor Scott II,"<a href=""leaders.aspx?pos=all&stats=bat&lg=all&qual=0&type=strType&season=2025&month=0&season1=2025&ind=1&team=28&rost=0&age=0"">STL</a>",463,5,701,106.7,91.32051282051282,102.35633802816902,141,69.430363333,0.0425531914893617,6.580733688
687462,2025,Spencer Horwitz,"<a href=""leaders.aspx?pos=all&stats=bat&lg=all&qual=0&type=strType&season=2025&month=0&season1=2025&ind=1&team=27&rost=0&age=0"">PIT</a>",411,11,790,110.4,93.1306329113924,103.65443037974684,171,68.601458363,0.035087719298245626,6.952848596
500743,2025,Miguel Rojas,"<a href=""leaders.aspx?pos=all&stats=bat&lg=all&qual=0&type=strType&season=2025&month=0&season1=2025&ind=1&team=22&rost=0&age=0"">LAD</a>",317,7,530,109.1,94.06203007518798,103.84716981132075,92,69.007407391,0.05434782608695653,7.177395217
672761,2025,Wenceel Pérez,"<a href=""leaders.aspx?pos=all&stats=bat&lg=all&qual=0&type=strType&season=2025&month=0&season1=2025&ind=1&team=6&rost=0&age=0"">DET</a>",383,13,721,109.8,94.3792243767313,104.00131578947368,112,71.880946607,0.19642857142857145,6.924077143
664040,2025,Brandon Lowe,"<a href=""leaders.aspx?pos=all&stats=bat&lg=all&qual=0&type=strType&season=2025&month=0&season1=2025&ind=1&team=12&rost=0&age=0"">TBR</a>",553,31,972,112.9,96.79629629629628,107.63673469387756,269,73.08476658,0.37918215613382894,7.009000595
673962,2025,Josh Jung,"<a href=""leaders.aspx?pos=all&stats=bat&lg=all&qual=0&type=strType&season=2025&month=0&season1=2025&ind=1&team=13&rost=0&age=0"">TEX</a>",511,14,889,111.2,95.44314606741573,104.94065934065934,220,71.276013091,0.12727272727272726,7.012485273
663586,2025,Austin Riley,"<a href=""leaders.aspx?pos=all&stats=bat&lg=all&qual=0&type=strType&season=2025&month=0&season1=2025&ind=1&team=16&rost=0&age=0"">ATL</a>",447,16,791,113.9,97.5072864321608,109.5425,294,74.856617993,0.4761904761904761,7.507030612
690993,2025,Colt Keith,"<a href=""leaders.aspx?pos=all&stats=bat&lg=all&qual=0&type=strType&season=2025&month=0&season1=2025&ind=1&team=6&rost=0&age=0"">DET</a>",468,13,757,110.7,96.13667546174142,106.21052631578948,155,72.036820516,0.18064516129032257,6.916766968
624641,2025,Edmundo Sosa,"<a href=""leaders.aspx?pos=all&stats=bat&lg=all&qual=0&type=strType&season=2025&month=0&season1=2025&ind=1&team=26&rost=0&age=0"">PHI</a>",261,11,500,110.6,93.72086614173227,105.19038461538462,122,71.975447131,0.24590163934426237,8.193821475
665833,2025,Oneil Cruz,"<a href=""leaders.aspx?pos=all&stats=bat&lg=all&qual=0&type=strType&season=2025&month=0&season1=2025&ind=1&team=27&rost=0&age=0"">PIT</a>",544,20,731,122.9,101.29565217391304,114.39324324324323,292,78.255618664,0.7499999999999999,7.671037329
620443,2025,Luis Torrens,"<a href=""leaders.aspx?pos=all&stats=bat&lg=all&qual=0&type=strType&season=2025&month=0&season1=2025&ind=1&team=25&rost=0&age=0"">NYM</a>",283,5,544,111.6,95.83223443223444,105.17636363636365,77,71.101286883,0.11688311688311688,7.04795039
673237,2025,Yainer Diaz,"<a href=""leaders.aspx?pos=all&stats=bat&lg=all&qual=0&type=strType&season=2025&month=0&season1=2025&ind=1&team=21&rost=0&age=0"">HOU</a>",567,20,1032,111.6,95.40539499036608,106.12990654205608,176,72.2615575,0.15909090909090912,7.268168636
686780,2025,Pedro Pagés,"<a href=""leaders.aspx?pos=all&stats=bat&lg=all&qual=0&type=strType&season=2025&month=0&season1=2025&ind=1&team=28&rost=0&age=0"">STL</a>",389,11,677,111.7,93.48735294117648,104.9695652173913,157,72.176551529,0.17197452229299365,7.146651656
807712,2025,Luke Keaschall,"<a href=""leaders.aspx?pos=all&stats=bat&lg=all&qual=0&type=strType&season=2025&month=0&season1=2025&ind=1&team=8&rost=0&age=0"">MIN</a>",207,4,331,109.2,94.06467065868264,103.43142857142855,211,69.379129384,0.08530805687203792,6.818355071
681481,2025,Kerry Carpenter,"<a href=""leaders.aspx?pos=all&stats=bat&lg=all&qual=0&type=strType&season=2025&month=0&season1=2025&ind=1&team=6&rost=0&age=0"">DET</a>",464,26,823,109.5,97.0026699029126,105.575,193,72.224294663,0.1968911917098446,7.581914352
669707,2025,Jared Triolo,"<a href=""leaders.aspx?pos=all&stats=bat&lg=all&qual=0&type=strType&season=2025&month=0&season1=2025&ind=1&team=27&rost=0&age=0"">PIT</a>",376,7,665,108.9,93.65,104.46567164179103,53,71.69249283,0.1132075471698113,7.59690434
686469,2025,Vinnie Pasquantino,"<a href=""leaders.aspx?pos=all&stats=bat&lg=all&qual=0&type=strType&season=2025&month=0&season1=2025&ind=1&team=7&rost=0&age=0"">KCR</a>",682,32,1289,115,98.99147286821706,108.44307692307692,274,69.734180438,0.05839416058394161,7.218535876
686527,2025,Dominic Canzone,"<a href=""leaders.aspx?pos=all&stats=bat&lg=all&qual=0&type=strType&season=2025&month=0&season1=2025&ind=1&team=11&rost=0&age=0"">SEA</a>",268,11,477,116,97.36541666666666,108.76326530612243,139,74.315000863,0.4388489208633094,7.419150576
666310,2025,Bo Naylor,"<a href=""leaders.aspx?pos=all&stats=bat&lg=all&qual=0&type=strType&season=2025&month=0&season1=2025&ind=1&team=5&rost=0&age=0"">CLE</a>",414,14,788,110.6,95.7,105.20121951219512,155,71.836843677,0.14838709677419354,7.662121032
807713,2025,Matt Shaw,"<a href=""leaders.aspx?pos=all&stats=bat&lg=all&qual=0&type=strType&season=2025&month=0&season1=2025&ind=1&team=17&rost=0&age=0"">CHC</a>",437,13,788,110.6,93.04177215189874,103.92317073170732,154,68.006880649,0.03896103896103897,6.983228377
595879,2025,Javier Báez,"<a href=""leaders.aspx?pos=all&stats=bat&lg=all&qual=0&type=strType&season=2025&month=0&season1=2025&ind=1&team=6&rost=0&age=0"">DET</a>",437,12,722,110,94.04917127071823,104.35479452054794,150,72.501801733,0.22666666666666677,8.4820584
694497,2025,Evan Carter,"<a href=""leaders.aspx?pos=all&stats=bat&lg=all&qual=0&type=strType&season=2025&month=0&season1=2025&ind=1&team=13&rost=0&age=0"">TEX</a>",220,5,344,111.1,94.21337209302324,104.52857142857142,189,70.701406296,0.15343915343915346,7.096129365
694384,2025,Nolan Schanuel,"<a href=""leaders.aspx?pos=all&stats=bat&lg=all&qual=0&type=strType&season=2025&month=0&season1=2025&ind=1&team=1&rost=0&age=0"">LAA</a>",564,12,1042,109.8,92.89616122840692,102.3695238095238,245,67.608759265,0.04081632653061224,6.72924502
695734,2025,Daylen Lile,"<a href=""leaders.aspx?pos=all&stats=bat&lg=all&qual=0&type=strType&season=2025&month=0&season1=2025&ind=1&team=24&rost=0&age=0"">WSN</a>",351,9,680,109.1,93.17558823529411,104.03970588235296,280,70.347111,0.05714285714285716,7.464416429
665019,2025,Kody Clemens,- - -,386,19,673,109.8,96.7086053412463,106.30714285714284,170,71.823255471,0.13529411764705884,7.217714176
680574,2025,Matt McLain,"<a href=""leaders.aspx?pos=all&stats=bat&lg=all&qual=0&type=strType&season=2025&month=0&season1=2025&ind=1&team=18&rost=0&age=0"">CIN</a>",577,15,856,109.9,93.53878504672898,103.71976744186048,236,71.582360381,0.12288135593220342,6.907025975
663647,2025,Ke'Bryan Hayes,- - -,570,5,932,109.7,95.34505263157897,104.57978723404256,129,70.432372481,0.05426356589147287,6.769525891
687401,2025,Joey Ortiz,"<a href=""leaders.aspx?pos=all&stats=bat&lg=all&qual=0&type=strType&season=2025&month=0&season1=2025&ind=1&team=23&rost=0&age=0"">MIL</a>",506,7,893,110.8,93.36955555555556,105.05913978494624,131,71.586616031,0.18320610687022904,7.468804427
670242,2025,Matt Wallner,"<a href=""leaders.aspx?pos=all&stats=bat&lg=all&qual=0&type=strType&season=2025&month=0&season1=2025&ind=1&team=8&rost=0&age=0"">MIN</a>",392,22,585,115.2,96.53537414965986,109.7322033898305,244,75.438334385,0.5860655737704917,7.634556639
671739,2025,Michael Harris II,"<a href=""leaders.aspx?pos=all&stats=bat&lg=all&qual=0&type=strType&season=2025&month=0&season1=2025&ind=1&team=16&rost=0&age=0"">ATL</a>",641,20,1184,114.1,98.0043771043771,109.43,237,74.990140633,0.5063291139240507,8.199342236
805367,2025,Chase Meidroth,"<a href=""leaders.aspx?pos=all&stats=bat&lg=all&qual=0&type=strType&season=2025&month=0&season1=2025&ind=1&team=4&rost=0&age=0"">CHW</a>",505,5,875,108,93.92351598173516,102.58202247191012,221,67.297454389,0.01809954751131222,6.559251629
672820,2025,Lenyn Sosa,"<a href=""leaders.aspx?pos=all&stats=bat&lg=all&qual=0&type=strType&season=2025&month=0&season1=2025&ind=1&team=4&rost=0&age=0"">CHW</a>",544,22,987,115.3,95.56888888888888,106.01717171717172,158,72.325279241,0.2025316455696203,7.602826392
678246,2025,Miguel Vargas,"<a href=""leaders.aspx?pos=all&stats=bat&lg=all&qual=0&type=strType&season=2025&month=0&season1=2025&ind=1&team=4&rost=0&age=0"">CHW</a>",569,16,1062,110.8,94.74632768361582,104.28440366972475,256,73.538790703,0.38671875,7.626315859
657757,2025,Gavin Sheets,"<a href=""leaders.aspx?pos=all&stats=bat&lg=all&qual=0&type=strType&season=2025&month=0&season1=2025&ind=1&team=29&rost=0&age=0"">SDP</a>",545,19,949,111.8,97.65693277310923,107.00729166666666,169,74.815984793,0.4911242603550296,7.765348402
656775,2025,Cedric Mullins,- - -,498,17,932,108.4,93.58315565031982,103.66489361702128,201,70.701016915,0.09452736318407964,7.654259403
645277,2025,Ozzie Albies,"<a href=""leaders.aspx?pos=all&stats=bat&lg=all&qual=0&type=strType&season=2025&month=0&season1=2025&ind=1&team=16&rost=0&age=0"">ATL</a>",667,16,1295,110.9,93.64211332312404,103.16307692307691,291,68.757393677,0.05498281786941581,7.185268488
682177,2025,Daniel Schneemann,"<a href=""leaders.aspx?pos=all&stats=bat&lg=all&qual=0&type=strType&season=2025&month=0&season1=2025&ind=1&team=5&rost=0&age=0"">CLE</a>",422,12,684,111.2,94.23790087463556,104.15857142857143,196,71.5947825,0.15306122448979595,7.338265
663698,2025,Joey Bart,"<a href=""leaders.aspx?pos=all&stats=bat&lg=all&qual=0&type=strType&season=2025&month=0&season1=2025&ind=1&team=27&rost=0&age=0"">PIT</a>",332,4,464,113.1,95.87307692307692,108.39787234042554,101,75.388990594,0.5148514851485149,7.375572574
676914,2025,Davis Schneider,"<a href=""leaders.aspx?pos=all&stats=bat&lg=all&qual=0&type=strType&season=2025&month=0&season1=2025&ind=1&team=14&rost=0&age=0"">TOR</a>",227,11,375,111.5,96.97989417989416,105.92894736842103,92,71.139532065,0.15217391304347827,7.107281196
672016,2025,Denzel Clarke,"<a href=""leaders.aspx?pos=all&stats=bat&lg=all&qual=0&type=strType&season=2025&month=0&season1=2025&ind=1&team=10&rost=0&age=0"">ATH</a>",159,3,232,113.4,96.15258620689656,108.21666666666668,88,77.159527614,0.7386363636363636,7.621648523
643376,2025,Danny Jansen,- - -,337,14,539,107.6,94.79261992619928,103.35272727272728,151,70.546796623,0.0860927152317881,7.144034834
673357,2025,Luis Robert Jr.,"<a href=""leaders.aspx?pos=all&stats=bat&lg=all&qual=0&type=strType&season=2025&month=0&season1=2025&ind=1&team=4&rost=0&age=0"">CHW</a>",431,14,673,115.8,96.74615384615385,108.41470588235296,158,76.022598481,0.6265822784810127,7.702408291
681715,2025,Heriberto Hernández,"<a href=""leaders.aspx?pos=all&stats=bat&lg=all&qual=0&type=strType&season=2025&month=0&season1=2025&ind=1&team=20&rost=0&age=0"">MIA</a>",294,10,414,112.8,96.71057692307691,106.92727272727272,99,73.827887576,0.42424242424242425,7.753078182
669720,2025,Austin Hays,"<a href=""leaders.aspx?pos=all&stats=bat&lg=all&qual=0&type=strType&season=2025&month=0&season1=2025&ind=1&team=18&rost=0&age=0"">CIN</a>",416,15,686,109.7,94.51130434782608,104.6323943661972,78,72.415432308,0.21794871794871795,7.116767308
666176,2025,Jo Adell,"<a href=""leaders.aspx?pos=all&stats=bat&lg=all&qual=0&type=strType&season=2025&month=0&season1=2025&ind=1&team=1&rost=0&age=0"">LAA</a>",573,37,1043,115.8,98.07456978967495,109.75315315315316,321,76.865230187,0.6822429906542055,7.835130374
542303,2025,Marcell Ozuna,"<a href=""leaders.aspx?pos=all&stats=bat&lg=all&qual=0&type=strType&season=2025&month=0&season1=2025&ind=1&team=16&rost=0&age=0"">ATL</a>",592,21,936,112.1,95.19317697228144,106.5308510638298,225,73.554533689,0.3377777777777778,7.5009532
595978,2025,Austin Hedges,"<a href=""leaders.aspx?pos=all&stats=bat&lg=all&qual=0&type=strType&season=2025&month=0&season1=2025&ind=1&team=5&rost=0&age=0"">CLE</a>",180,5,260,109.1,93.8876923076923,104.36923076923075,84,68.930466548,0.07142857142857142,7.422637024
700932,2025,Kyle Manzardo,"<a href=""leaders.aspx?pos=all&stats=bat&lg=all&qual=0&type=strType&season=2025&month=0&season1=2025&ind=1&team=5&rost=0&age=0"">CLE</a>",531,27,913,111.3,95.7438864628821,105.11473684210526,206,70.570271068,0.11650485436893208,7.879111796
668939,2025,Adley Rutschman,"<a href=""leaders.aspx?pos=all&stats=bat&lg=all&qual=0&type=strType&season=2025&month=0&season1=2025&ind=1&team=2&rost=0&age=0"">BAL</a>",365,9,648,111.6,95.8895061728395,105.32461538461538,146,70.895590411,0.11643835616438356,7.038823836
664728,2025,Kyle Isbel,"<a href=""leaders.aspx?pos=all&stats=bat&lg=all&qual=0&type=strType&season=2025&month=0&season1=2025&ind=1&team=7&rost=0&age=0"">KCR</a>",409,4,683,109.5,95.00409356725146,105.225,155,71.39961529,0.13548387096774195,7.082084387
663886,2025,Tyler Stephenson,"<a href=""leaders.aspx?pos=all&stats=bat&lg=all&qual=0&type=strType&season=2025&month=0&season1=2025&ind=1&team=18&rost=0&age=0"">CIN</a>",342,13,506,107.9,95.0678431372549,104.89607843137254,178,70.923023989,0.095505617977528115,7.44697618
572233,2025,Christian Walker,"<a href=""leaders.aspx?pos=all&stats=bat&lg=all&qual=0&type=strType&season=2025&month=0&season1=2025&ind=1&team=21&rost=0&age=0"">HOU</a>",640,27,1107,113.2,96.58288288288288,107.97567567567567,266,74.340942895,0.4323308270676692,7.366081316
609280,2025,Miguel Andujar,- - -,341,10,661,111.4,95.40996978851965,105.65970149253732,155,71.249399871,0.18064516129032265,7.699306258
671218,2025,Heliot Ramos,"<a href=""leaders.aspx?pos=all&stats=bat&lg=all&qual=0&type=strType&season=2025&month=0&season1=2025&ind=1&team=30&rost=0&age=0"">SFG</a>",695,21,1167,116,97.01506849315068,108.12203389830508,286,71.893782308,0.21678321678321685,6.805314441
602104,2025,Ramón Urías,- - -,391,11,644,109.4,94.77275541795666,104.45076923076924,102,70.186325196,0.029411764705882356,7.302836078
672356,2025,Gabriel Arias,"<a href=""leaders.aspx?pos=all&stats=bat&lg=all&qual=0&type=strType&season=2025&month=0&season1=2025&ind=1&team=5&rost=0&age=0"">CLE</a>",471,11,747,112.8,96.28502673796793,108.19333333333331,49,76.286471837,0.6326530612244898,7.513112449
668804,2025,Bryan Reynolds,"<a href=""leaders.aspx?pos=all&stats=bat&lg=all&qual=0&type=strType&season=2025&month=0&season1=2025&ind=1&team=27&rost=0&age=0"">PIT</a>",654,16,1107,115.4,96.57153153153152,107.19821428571429,264,72.659224811,0.2765151515151515,7.021494924
663330,2025,Jahmai Jones,"<a href=""leaders.aspx?pos=all&stats=bat&lg=all&qual=0&type=strType&season=2025&month=0&season1=2025&ind=1&team=6&rost=0&age=0"">DET</a>",150,7,257,112.5,97.6937984496124,108.93076923076924,81,72.631260988,0.28395061728395066,7.623479012
682622,2025,Noelvi Marte,"<a href=""leaders.aspx?pos=all&stats=bat&lg=all&qual=0&type=strType&season=2025&month=0&season1=2025&ind=1&team=18&rost=0&age=0"">CIN</a>",360,14,566,116.7,95.42897526501768,106.31694915254238,62,71.324816613,0.14516129032258066,7.332091452
677942,2025,Blaze Alexander,"<a href=""leaders.aspx?pos=all&stats=bat&lg=all&qual=0&type=strType&season=2025&month=0&season1=2025&ind=1&team=15&rost=0&age=0"">ARI</a>",266,7,416,110.7,93.99903846153846,104.9090909090909,166,73.021929398,0.32530120481927705,7.526622831
660821,2025,Jesús Sánchez,- - -,497,14,840,117.8,97.55285714285716,109.92857142857144,216,73.025935231,0.4212962962962963,6.830186806
701358,2025,Cam Smith,"<a href=""leaders.aspx?pos=all&stats=bat&lg=all&qual=0&type=strType&season=2025&month=0&season1=2025&ind=1&team=21&rost=0&age=0"">HOU</a>",493,9,827,113.9,93.93212560386472,106.9855421686747,267,77.524983446,0.7602996254681648,7.820548839
665926,2025,Andrés Giménez,"<a href=""leaders.aspx?pos=all&stats=bat&lg=all&qual=0&type=strType&season=2025&month=0&season1=2025&ind=1&team=14&rost=0&age=0"">TOR</a>",369,7,706,109.4,91.14322033898306,102.20985915492956,211,68.081464455,0.05687203791469195,6.970841943
663743,2025,Nick Fortes,- - -,242,5,444,111.3,96.26919642857143,105.69130434782608,149,72.102126242,0.20134228187919465,7.69164443
696285,2025,Jacob Young,"<a href=""leaders.aspx?pos=all&stats=bat&lg=all&qual=0&type=strType&season=2025&month=0&season1=2025&ind=1&team=24&rost=0&age=0"">WSN</a>",364,2,575,107,92.65536332179931,102.8457627118644,198,69.836861162,0.04545454545454547,7.160105
689414,2025,Liam Hicks,"<a href=""leaders.aspx?pos=all&stats=bat&lg=all&qual=0&type=strType&season=2025&month=0&season1=2025&ind=1&team=20&rost=0&age=0"">MIA</a>",390,6,611,109.3,93.40228758169934,103.11774193548386,188,67.929697926,0.015957446808510637,6.772339734
608701,2025,Rob Refsnyder,"<a href=""leaders.aspx?pos=all&stats=bat&lg=all&qual=0&type=strType&season=2025&month=0&season1=2025&ind=1&team=3&rost=0&age=0"">BOS</a>",209,9,324,112.2,96.3179012345679,106.58484848484848,77,72.443894805,0.2337662337662338,7.573278052
668904,2025,Royce Lewis,"<a href=""leaders.aspx?pos=all&stats=bat&lg=all&qual=0&type=strType&season=2025&month=0&season1=2025&ind=1&team=8&rost=0&age=0"">MIN</a>",403,13,732,113.7,96.27826086956522,106.46133333333331,157,73.303623949,0.35031847133757965,8.183417325
543309,2025,Kyle Higashioka,"<a href=""leaders.aspx?pos=all&stats=bat&lg=all&qual=0&type=strType&season=2025&month=0&season1=2025&ind=1&team=13&rost=0&age=0"">TEX</a>",327,11,584,109.3,95.85719178082192,104.8016393442623,100,71.469176,0.15,7.2835762
688363,2025,Graham Pauley,"<a href=""leaders.aspx?pos=all&stats=bat&lg=all&qual=0&type=strType&season=2025&month=0&season1=2025&ind=1&team=20&rost=0&age=0"">MIA</a>",184,4,305,111.1,93.38376623376624,103.83548387096774,127,71.921874646,0.1811023622047244,7.334891575
668885,2025,Austin Martin,"<a href=""leaders.aspx?pos=all&stats=bat&lg=all&qual=0&type=strType&season=2025&month=0&season1=2025&ind=1&team=8&rost=0&age=0"">MIN</a>",181,1,289,106.8,92.17931034482758,103.57241379310344,137,68.641216204,0.014598540145985406,6.626915985
666023,2025,Freddy Fermin,- - -,347,5,696,108.3,93.833908045977,103.6450704225352,123,69.637078293,0.07317073170731708,7.530927236
668715,2025,Spencer Steer,"<a href=""leaders.aspx?pos=all&stats=bat&lg=all&qual=0&type=strType&season=2025&month=0&season1=2025&ind=1&team=18&rost=0&age=0"">CIN</a>",568,21,999,108.3,92.7336,102.49019607843135,210,70.897996571,0.0761904761904762,7.4247447620000004
642851,2025,Austin Wynns,- - -,110,6,197,107.9,97.15656565656566,105.69130434782608,72,71.781288333,0.19444444444444448,7.543492917
669743,2025,Alex Call,- - -,322,5,490,109.9,93.3865306122449,102.49411764705884,68,68.354213235,0.07352941176470587,6.801272206
693304,2025,Nick Gonzales,"<a href=""leaders.aspx?pos=all&stats=bat&lg=all&qual=0&type=strType&season=2025&month=0&season1=2025&ind=1&team=27&rost=0&age=0"">PIT</a>",408,5,747,109.9,94.97941176470589,104.86,261,70.512551456,0.11111111111111112,7.495986437
664034,2025,Ty France,- - -,490,7,955,110.5,95.73033472803348,105.78484848484848,95,71.721411895,0.22105263157894736,7.517655684
650333,2025,Luis Arraez,"<a href=""leaders.aspx?pos=all&stats=bat&lg=all&qual=0&type=strType&season=2025&month=0&season1=2025&ind=1&team=29&rost=0&age=0"">SDP</a>",675,8,1487,107.8,90.52123655913978,98.0934640522876,246,62.512749797,0,5.853145366
656555,2025,Rhys Hoskins,"<a href=""leaders.aspx?pos=all&stats=bat&lg=all&qual=0&type=strType&season=2025&month=0&season1=2025&ind=1&team=23&rost=0&age=0"">MIL</a>",328,12,512,111.1,96.55603112840468,105.25384615384615,172,72.425493721,0.18604651162790695,8.353214012
687597,2025,Jordan Beck,"<a href=""leaders.aspx?pos=all&stats=bat&lg=all&qual=0&type=strType&season=2025&month=0&season1=2025&ind=1&team=19&rost=0&age=0"">COL</a>",588,16,925,113.8,94.3451403887689,106.3741935483871,142,73.541038732,0.352112676056338,7.837723099
571448,2025,Nolan Arenado,"<a href=""leaders.aspx?pos=all&stats=bat&lg=all&qual=0&type=strType&season=2025&month=0&season1=2025&ind=1&team=28&rost=0&age=0"">STL</a>",436,12,809,108.3,95.1125925925926,103.89268292682928,196,70.870943776,0.1020408163265306,8.400611633
665804,2025,Miguel Amaya,"<a href=""leaders.aspx?pos=all&stats=bat&lg=all&qual=0&type=strType&season=2025&month=0&season1=2025&ind=1&team=17&rost=0&age=0"">CHC</a>",103,4,202,108.1,94.55841584158416,104.53636363636365,113,69.337539558,0.05309734513274336,7.484478407
605170,2025,Victor Caratini,"<a href=""leaders.aspx?pos=all&stats=bat&lg=all&qual=0&type=strType&season=2025&month=0&season1=2025&ind=1&team=21&rost=0&age=0"">HOU</a>",386,12,671,110.1,96.23601190476192,105.53382352941176,161,70.67291913,0.08695652173913045,7.15149795
678662,2025,Ezequiel Tovar,"<a href=""leaders.aspx?pos=all&stats=bat&lg=all&qual=0&type=strType&season=2025&month=0&season1=2025&ind=1&team=19&rost=0&age=0"">COL</a>",390,9,722,112.5,93.87673130193906,106.04794520547944,290,71.403947621,0.13448275862068967,7.579448172
808975,2025,Hyeseong Kim,"<a href=""leaders.aspx?pos=all&stats=bat&lg=all&qual=0&type=strType&season=2025&month=0&season1=2025&ind=1&team=22&rost=0&age=0"">LAD</a>",170,3,287,105.4,91.14930555555556,100.06551724137933,130,66.712283692,0,7.225698769
641343,2025,Jake Bauers,"<a href=""leaders.aspx?pos=all&stats=bat&lg=all&qual=0&type=strType&season=2025&month=0&season1=2025&ind=1&team=23&rost=0&age=0"">MIL</a>",218,7,365,112.6,96.70928961748632,107.7921052631579,210,76.423950333,0.6952380952380952,7.662991048
669236,2025,Jeremiah Jackson,"<a href=""leaders.aspx?pos=all&stats=bat&lg=all&qual=0&type=strType&season=2025&month=0&season1=2025&ind=1&team=2&rost=0&age=0"">BAL</a>",183,5,328,110.5,96.00060975609756,106.02424242424244,230,72.648714565,0.2608695652173913,7.600366565
621438,2025,Tyrone Taylor,"<a href=""leaders.aspx?pos=all&stats=bat&lg=all&qual=0&type=strType&season=2025&month=0&season1=2025&ind=1&team=25&rost=0&age=0"">NYM</a>",341,2,601,112,93.35382059800664,104.94426229508196,126,71.168720159,0.09523809523809525,7.374703254
502671,2025,Paul Goldschmidt,"<a href=""leaders.aspx?pos=all&stats=bat&lg=all&qual=0&type=strType&season=2025&month=0&season1=2025&ind=1&team=9&rost=0&age=0"">NYY</a>",534,10,997,115.8,96.3768,106.466,107,72.036982523,0.1869158878504673,7.653130374
660844,2025,Leo Rivas,"<a href=""leaders.aspx?pos=all&stats=bat&lg=all&qual=0&type=strType&season=2025&month=0&season1=2025&ind=1&team=11&rost=0&age=0"">SEA</a>",111,2,175,104.2,90.85454545454546,99.45555555555556,154,65.437177987,0,7.071524805
683083,2025,Nasim Nuñez,"<a href=""leaders.aspx?pos=all&stats=bat&lg=all&qual=0&type=strType&season=2025&month=0&season1=2025&ind=1&team=24&rost=0&age=0"">WSN</a>",92,4,172,108.6,95.24302325581397,102.51052631578948,223,67.644838969,0.02242152466367713,6.672511614
624512,2025,Reese McGuire,"<a href=""leaders.aspx?pos=all&stats=bat&lg=all&qual=0&type=strType&season=2025&month=0&season1=2025&ind=1&team=17&rost=0&age=0"">CHC</a>",140,9,257,106,94.80153846153846,103.15384615384616,48,69.261563125,0.02083333333333333,7.776196667
666126,2025,Carlos Cortes,"<a href=""leaders.aspx?pos=all&stats=bat&lg=all&qual=0&type=strType&season=2025&month=0&season1=2025&ind=1&team=10&rost=0&age=0"">ATH</a>",99,4,183,110.8,95.93260869565218,105.53157894736842,159,70.48383,0.11949685534591196,6.965154969
666969,2025,Adolis García,"<a href=""leaders.aspx?pos=all&stats=bat&lg=all&qual=0&type=strType&season=2025&month=0&season1=2025&ind=1&team=13&rost=0&age=0"">TEX</a>",547,19,950,113.6,96.31127348643008,107.090625,265,71.921752679,0.2716981132075472,7.727857585
666971,2025,Lourdes Gurriel Jr.,"<a href=""leaders.aspx?pos=all&stats=bat&lg=all&qual=0&type=strType&season=2025&month=0&season1=2025&ind=1&team=15&rost=0&age=0"">ARI</a>",546,19,1030,109.4,95.1781007751938,104.8101851851852,85,70.294120706,0.07058823529411765,7.568931059
671277,2025,Luis García Jr.,"<a href=""leaders.aspx?pos=all&stats=bat&lg=all&qual=0&type=strType&season=2025&month=0&season1=2025&ind=1&team=24&rost=0&age=0"">WSN</a>",526,16,950,111.7,96.54842767295598,106.49052631578948,200,73.22104915,0.33,7.3501604
624428,2025,Adam Frazier,- - -,459,7,937,110.5,90.13248407643312,99.45625,127,65.546537165,0.031496062992125984,6.963196457
669397,2025,Nick Allen,"<a href=""leaders.aspx?pos=all&stats=bat&lg=all&qual=0&type=strType&season=2025&month=0&season1=2025&ind=1&team=16&rost=0&age=0"">ATL</a>",416,0,748,107.2,89.91711229946524,100.012,35,68.924373714,0,6.700325429
543510,2025,James McCann,"<a href=""leaders.aspx?pos=all&stats=bat&lg=all&qual=0&type=strType&season=2025&month=0&season1=2025&ind=1&team=15&rost=0&age=0"">ARI</a>",137,5,212,110.3,97.4803738317757,106.28181818181818,94,72.674419681,0.30851063829787234,7.129598191
694388,2025,Joey Loperfido,"<a href=""leaders.aspx?pos=all&stats=bat&lg=all&qual=0&type=strType&season=2025&month=0&season1=2025&ind=1&team=14&rost=0&age=0"">TOR</a>",104,4,168,107.2,94.55714285714286,103.32105263157897,114,72.350520263,0.21052631578947367,7.751261579
691594,2025,Javier Sanoja,"<a href=""leaders.aspx?pos=all&stats=bat&lg=all&qual=0&type=strType&season=2025&month=0&season1=2025&ind=1&team=20&rost=0&age=0"">MIA</a>",342,6,640,107.3,94.49968847352024,103.06615384615384,133,69.319158195,0.07518796992481204,7.48997
669477,2025,Casey Schmitt,"<a href=""leaders.aspx?pos=all&stats=bat&lg=all&qual=0&type=strType&season=2025&month=0&season1=2025&ind=1&team=30&rost=0&age=0"">SFG</a>",348,12,637,111.6,94.5471875,105.61515151515152,204,72.486885392,0.29901960784313725,7.835248824
802415,2025,Chandler Simpson,"<a href=""leaders.aspx?pos=all&stats=bat&lg=all&qual=0&type=strType&season=2025&month=0&season1=2025&ind=1&team=12&rost=0&age=0"">TBR</a>",441,0,839,107.6,89.99406175771972,97.82823529411765,211,65.016374976,0.009478672985781991,6.596431659
655316,2025,Andruw Monasterio,"<a href=""leaders.aspx?pos=all&stats=bat&lg=all&qual=0&type=strType&season=2025&month=0&season1=2025&ind=1&team=23&rost=0&age=0"">MIL</a>",135,4,271,110.1,92.76176470588236,101.93793103448276,106,68.540491698,0.028301886792452827,7.072104245
677595,2025,Ronny Mauricio,"<a href=""leaders.aspx?pos=all&stats=bat&lg=all&qual=0&type=strType&season=2025&month=0&season1=2025&ind=1&team=25&rost=0&age=0"">NYM</a>",184,6,283,114.9,96.04755244755243,108.49310344827586,70,75.289880286,0.5428571428571429,7.846015714
643396,2025,Isiah Kiner-Falefa,- - -,459,2,860,106.3,91.90788863109049,101.7367816091954,57,67.11367807,0.017543859649122806,6.831282807
656976,2025,Pavin Smith,"<a href=""leaders.aspx?pos=all&stats=bat&lg=all&qual=0&type=strType&season=2025&month=0&season1=2025&ind=1&team=15&rost=0&age=0"">ARI</a>",288,8,439,110.9,94.69136363636365,104.98181818181818,16,72.783465,0.1875,7.59101625
695600,2025,Carter Jensen,"<a href=""leaders.aspx?pos=all&stats=bat&lg=all&qual=0&type=strType&season=2025&month=0&season1=2025&ind=1&team=7&rost=0&age=0"">KCR</a>",69,3,152,112.7,97.9,108.68823529411765,218,75.158754312,0.5,7.107774633
660162,2025,Yoán Moncada,"<a href=""leaders.aspx?pos=all&stats=bat&lg=all&qual=0&type=strType&season=2025&month=0&season1=2025&ind=1&team=1&rost=0&age=0"">LAA</a>",289,12,431,113.9,95.77603686635943,107.675,165,72.303250364,0.31515151515151524,7.395347697
516782,2025,Starling Marte,"<a href=""leaders.aspx?pos=all&stats=bat&lg=all&qual=0&type=strType&season=2025&month=0&season1=2025&ind=1&team=25&rost=0&age=0"">NYM</a>",329,9,568,111,95.12711267605634,107.17543859649123,67,72.129947761,0.22388059701492535,7.275603881
691176,2025,Jasson Domínguez,"<a href=""leaders.aspx?pos=all&stats=bat&lg=all&qual=0&type=strType&season=2025&month=0&season1=2025&ind=1&team=9&rost=0&age=0"">NYY</a>",429,10,777,114.5,96.34550128534704,107.53076923076924,54,74.683362963,0.38888888888888895,7.527022593
642201,2025,Eli White,"<a href=""leaders.aspx?pos=all&stats=bat&lg=all&qual=0&type=strType&season=2025&month=0&season1=2025&ind=1&team=16&rost=0&age=0"">ATL</a>",271,10,460,109.6,93.77913043478262,105.32391304347826,98,73.507780408,0.39795918367346944,7.290369694
687637,2025,Dylan Beavers,"<a href=""leaders.aspx?pos=all&stats=bat&lg=all&qual=0&type=strType&season=2025&month=0&season1=2025&ind=1&team=2&rost=0&age=0"">BAL</a>",137,4,231,107.7,92.61896551724138,104.588,187,71.665592139,0.14438502673796794,7.396780481
656537,2025,Derek Hill,- - -,149,3,241,112.3,94.999173553719,105.808,73,71.386736575,0.09589041095890412,7.35396137
681297,2025,Colton Cowser,"<a href=""leaders.aspx?pos=all&stats=bat&lg=all&qual=0&type=strType&season=2025&month=0&season1=2025&ind=1&team=2&rost=0&age=0"">BAL</a>",360,16,511,113.7,96.223046875,107.2673076923077,136,74.543618897,0.5073529411764706,7.486258088
669369,2025,Bryce Johnson,"<a href=""leaders.aspx?pos=all&stats=bat&lg=all&qual=0&type=strType&season=2025&month=0&season1=2025&ind=1&team=29&rost=0&age=0"">SDP</a>",84,1,119,106.7,93.26666666666668,102.9,35,68.265028,0.02857142857142857,7.560368
606192,2025,Teoscar Hernández,"<a href=""leaders.aspx?pos=all&stats=bat&lg=all&qual=0&type=strType&season=2025&month=0&season1=2025&ind=1&team=22&rost=0&age=0"">LAD</a>",546,25,902,112.5,95.55110619469026,107.1641304347826,224,71.775463036,0.20089285714285715,7.718800714
666160,2025,Mickey Moniak,"<a href=""leaders.aspx?pos=all&stats=bat&lg=all&qual=0&type=strType&season=2025&month=0&season1=2025&ind=1&team=19&rost=0&age=0"">COL</a>",461,24,808,112,96.6819512195122,107.21204819277108,231,73.97934961,0.4155844155844156,7.848767056
669326,2025,Bryce Teodosio,"<a href=""leaders.aspx?pos=all&stats=bat&lg=all&qual=0&type=strType&season=2025&month=0&season1=2025&ind=1&team=1&rost=0&age=0"">LAA</a>",150,1,250,110.1,89.3672,103.104,61,69.910504098,0.03278688524590165,6.62653623
665877,2025,José Fermín,"<a href=""leaders.aspx?pos=all&stats=bat&lg=all&qual=0&type=strType&season=2025&month=0&season1=2025&ind=1&team=28&rost=0&age=0"">STL</a>",70,1,112,105.5,93.45438596491228,101.1923076923077,61,67.211634262,0.01639344262295082,7.50554082
676356,2025,Jonny DeLuca,"<a href=""leaders.aspx?pos=all&stats=bat&lg=all&qual=0&type=strType&season=2025&month=0&season1=2025&ind=1&team=12&rost=0&age=0"">TBR</a>",59,0,90,106.4,91.91304347826087,101.93333333333334,148,73.502088041,0.3243243243243243,7.993968243
683734,2025,Andrew Vaughn,- - -,447,14,780,113.1,97.6841836734694,106.8525,19,68.957498947,0.10526315789473686,6.866211053
686452,2025,Drew Millas,"<a href=""leaders.aspx?pos=all&stats=bat&lg=all&qual=0&type=strType&season=2025&month=0&season1=2025&ind=1&team=24&rost=0&age=0"">WSN</a>",55,0,95,106.2,90.96041666666667,103.22,99,67.656421616,0.020202020202020207,7.146837576
680474,2025,Max Schuemann,"<a href=""leaders.aspx?pos=all&stats=bat&lg=all&qual=0&type=strType&season=2025&month=0&season1=2025&ind=1&team=10&rost=0&age=0"">ATH</a>",213,2,340,107.6,93.51941176470588,101.69411764705882,12,71.26868,0.16666666666666669,7.300113333
650489,2025,Willi Castro,- - -,454,11,828,114.4,93.08992805755396,105.45238095238096,224,71.882050446,0.19196428571428573,7.193342634
681393,2025,Connor Norby,"<a href=""leaders.aspx?pos=all&stats=bat&lg=all&qual=0&type=strType&season=2025&month=0&season1=2025&ind=1&team=20&rost=0&age=0"">MIA</a>",337,8,578,109,93.41176470588236,103.6206896551724,229,70.055917729,0.056768558951965066,7.011683493
670541,2025,Yordan Alvarez,"<a href=""leaders.aspx?pos=all&stats=bat&lg=all&qual=0&type=strType&season=2025&month=0&season1=2025&ind=1&team=21&rost=0&age=0"">HOU</a>",199,6,310,115.4,98.61612903225806,110.7741935483871,252,75.573746746,0.5714285714285714,7.60304377
521692,2025,Salvador Perez,"<a href=""leaders.aspx?pos=all&stats=bat&lg=all&qual=0&type=strType&season=2025&month=0&season1=2025&ind=1&team=7&rost=0&age=0"">KCR</a>",641,30,1209,114.8,96.4689144736842,108.13387096774194,322,71.310637795,0.14596273291925466,7.775935839
695336,2025,Thomas Saggese,"<a href=""leaders.aspx?pos=all&stats=bat&lg=all&qual=0&type=strType&season=2025&month=0&season1=2025&ind=1&team=28&rost=0&age=0"">STL</a>",295,2,508,109.9,94.280078125,103.73584905660375,117,72.066748462,0.2222222222222222,6.98830735
683766,2025,Christian Koss,"<a href=""leaders.aspx?pos=all&stats=bat&lg=all&qual=0&type=strType&season=2025&month=0&season1=2025&ind=1&team=30&rost=0&age=0"">SFG</a>",191,3,287,108.1,94.71527777777776,104.96206896551725,19,70.734731053,0.052631578947368425,6.942351579
805904,2025,Zach Cole,"<a href=""leaders.aspx?pos=all&stats=bat&lg=all&qual=0&type=strType&season=2025&month=0&season1=2025&ind=1&team=21&rost=0&age=0"">HOU</a>",52,4,70,114.3,95.27428571428572,110.24285714285716,20,76.5976455,0.65,7.5911005
686668,2025,Brenton Doyle,"<a href=""leaders.aspx?pos=all&stats=bat&lg=all&qual=0&type=strType&season=2025&month=0&season1=2025&ind=1&team=19&rost=0&age=0"">COL</a>",538,15,855,111.3,95.64755244755244,105.79302325581396,172,71.932563488,0.186046511627907,7.265471337
677950,2025,Alek Thomas,"<a href=""leaders.aspx?pos=all&stats=bat&lg=all&qual=0&type=strType&season=2025&month=0&season1=2025&ind=1&team=15&rost=0&age=0"">ARI</a>",469,9,734,110.6,95.55923913043478,105.71486486486486,157,69.507790382,0.04458598726114651,6.89861828
641555,2025,J.C. Escarra,"<a href=""leaders.aspx?pos=all&stats=bat&lg=all&qual=0&type=strType&season=2025&month=0&season1=2025&ind=1&team=9&rost=0&age=0"">NYY</a>",98,2,167,107.1,95.08705882352942,104.95882352941176,65,70.010746923,0.04615384615384616,7.476302462
691785,2025,Marcelo Mayer,"<a href=""leaders.aspx?pos=all&stats=bat&lg=all&qual=0&type=strType&season=2025&month=0&season1=2025&ind=1&team=3&rost=0&age=0"">BOS</a>",136,4,213,109.9,95.3018691588785,105,176,74.941674716,0.5397727272727273,7.883367386
642708,2025,Amed Rosario,- - -,191,6,358,110.9,96.14469273743016,107.35833333333332,124,73.691160403,0.43548387096774194,7.377730726
663368,2025,Blake Perkins,"<a href=""leaders.aspx?pos=all&stats=bat&lg=all&qual=0&type=strType&season=2025&month=0&season1=2025&ind=1&team=23&rost=0&age=0"">MIL</a>",171,3,252,106,94.2203125,102.84814814814814,81,70.193368642,0.07407407407407408,7.304862346
701398,2025,Sal Stewart,"<a href=""leaders.aspx?pos=all&stats=bat&lg=all&qual=0&type=strType&season=2025&month=0&season1=2025&ind=1&team=18&rost=0&age=0"">CIN</a>",58,5,100,112.6,98.448,108.5,293,71.695426212,0.2389078498293516,7.460060273
668901,2025,Mark Vientos,"<a href=""leaders.aspx?pos=all&stats=bat&lg=all&qual=0&type=strType&season=2025&month=0&season1=2025&ind=1&team=25&rost=0&age=0"">NYM</a>",463,17,764,110.4,98.0285340314136,106.5,204,73.085139853,0.25,7.477072157
677587,2025,Brayan Rocchio,"<a href=""leaders.aspx?pos=all&stats=bat&lg=all&qual=0&type=strType&season=2025&month=0&season1=2025&ind=1&team=5&rost=0&age=0"">CLE</a>",383,5,675,109.6,93.74852071005915,103.41764705882352,244,69.693342787,0.0737704918032787,7.50473082
642086,2025,Dominic Smith,"<a href=""leaders.aspx?pos=all&stats=bat&lg=all&qual=0&type=strType&season=2025&month=0&season1=2025&ind=1&team=30&rost=0&age=0"">SFG</a>",225,5,408,109.7,93.80582524271844,103.37142857142857,139,68.16215482,0.04316546762589929,6.892087986
695391,2025,Brett Harris,"<a href=""leaders.aspx?pos=all&stats=bat&lg=all&qual=0&type=strType&season=2025&month=0&season1=2025&ind=1&team=10&rost=0&age=0"">ATH</a>",84,0,145,107.4,92.8082191780822,104.48,7,73.027772857,0.14285714285714285,7.681708571
628451,2025,Andy Ibáñez,"<a href=""leaders.aspx?pos=all&stats=bat&lg=all&qual=0&type=strType&season=2025&month=0&season1=2025&ind=1&team=6&rost=0&age=0"">DET</a>",193,4,376,108.9,93.3148148148148,103.80526315789474,40,70.439513,0.05,7.5281975
682668,2025,Luisangel Acuña,"<a href=""leaders.aspx?pos=all&stats=bat&lg=all&qual=0&type=strType&season=2025&month=0&season1=2025&ind=1&team=25&rost=0&age=0"">NYM</a>",193,0,312,110.3,92.21146496815288,105,135,72.003071185,0.2740740740740741,7.527358889
686894,2025,Joey Wiemer,"<a href=""leaders.aspx?pos=all&stats=bat&lg=all&qual=0&type=strType&season=2025&month=0&season1=2025&ind=1&team=20&rost=0&age=0"">MIA</a>",61,3,102,110.1,96.67254901960784,104.2,97,71.420913196,0.32989690721649484,7.216629381
810938,2025,Ben Williamson,"<a href=""leaders.aspx?pos=all&stats=bat&lg=all&qual=0&type=strType&season=2025&month=0&season1=2025&ind=1&team=11&rost=0&age=0"">SEA</a>",295,1,570,110.4,94.66724738675958,104.935593220339,154,70.963121364,0.17532467532467536,7.121751039
553869,2025,Elias Díaz,"<a href=""leaders.aspx?pos=all&stats=bat&lg=all&qual=0&type=strType&season=2025&month=0&season1=2025&ind=1&team=29&rost=0&age=0"">SDP</a>",283,9,428,112,94.82196261682245,106.43720930232558,27,75.399888148,0.5185185185185186,7.208548519
669003,2025,Garrett Mitchell,"<a href=""leaders.aspx?pos=all&stats=bat&lg=all&qual=0&type=strType&season=2025&month=0&season1=2025&ind=1&team=23&rost=0&age=0"">MIL</a>",78,0,113,110.8,93.47368421052632,106.88333333333333,194,76.728542474,0.7577319587628866,7.218980773
686475,2025,Tyler Tolbert,"<a href=""leaders.aspx?pos=all&stats=bat&lg=all&qual=0&type=strType&season=2025&month=0&season1=2025&ind=1&team=7&rost=0&age=0"">KCR</a>",57,1,103,108.6,97.01153846153846,103.82307692307693,8,71.7687275,0.125,7.0382175
686797,2025,Brooks Lee,"<a href=""leaders.aspx?pos=all&stats=bat&lg=all&qual=0&type=strType&season=2025&month=0&season1=2025&ind=1&team=8&rost=0&age=0"">MIN</a>",527,16,939,110.3,95.48216560509556,103.81595744680853,247,69.782801012,0.08906882591093118,7.112671215
668670,2025,Jake Rogers,"<a href=""leaders.aspx?pos=all&stats=bat&lg=all&qual=0&type=strType&season=2025&month=0&season1=2025&ind=1&team=6&rost=0&age=0"">DET</a>",142,3,211,109.2,93.9588785046729,103.0125,59,71.131361186,0.05084745762711865,7.652328814
606992,2025,Eric Haase,"<a href=""leaders.aspx?pos=all&stats=bat&lg=all&qual=0&type=strType&season=2025&month=0&season1=2025&ind=1&team=23&rost=0&age=0"">MIL</a>",77,2,119,108.8,88.24918032786886,102.4,26,71.204283462,0.07692307692307693,6.925093077
663604,2025,Brandon Lockridge,- - -,148,0,278,108.1,92.99928057553956,102.98214285714286,157,72.903602994,0.3630573248407644,6.908478153
641584,2025,Jake Fraley,- - -,217,6,345,108.5,93.4132183908046,105.26571428571428,123,71.722503659,0.21951219512195125,7.174590732
467793,2025,Carlos Santana,- - -,474,11,816,113.2,94.89852941176471,106.01829268292684,48,71.612416875,0.16666666666666666,7.755877708
624431,2025,Jose Trevino,"<a href=""leaders.aspx?pos=all&stats=bat&lg=all&qual=0&type=strType&season=2025&month=0&season1=2025&ind=1&team=18&rost=0&age=0"">CIN</a>",302,4,506,107.9,95.50156862745098,104.02307692307691,31,69.324809677,0.06451612903225808,7.25787129
694208,2025,Moisés Ballesteros,"<a href=""leaders.aspx?pos=all&stats=bat&lg=all&qual=0&type=strType&season=2025&month=0&season1=2025&ind=1&team=17&rost=0&age=0"">CHC</a>",66,2,109,112.8,93.16363636363636,106.64545454545454,179,72.871009553,0.3798882681564246,7.167151564
690976,2025,Alex Freeland,"<a href=""leaders.aspx?pos=all&stats=bat&lg=all&qual=0&type=strType&season=2025&month=0&season1=2025&ind=1&team=22&rost=0&age=0"">LAD</a>",97,2,136,107.6,95.56176470588235,103.03333333333332,145,70.553483241,0.06206896551724138,6.941998483
665561,2025,Rafael Marchán,"<a href=""leaders.aspx?pos=all&stats=bat&lg=all&qual=0&type=strType&season=2025&month=0&season1=2025&ind=1&team=26&rost=0&age=0"">PHI</a>",118,2,207,108.1,93.2125,103.09545454545454,92,66.207011413,0,7.46801337
670764,2025,Taylor Walls,"<a href=""leaders.aspx?pos=all&stats=bat&lg=all&qual=0&type=strType&season=2025&month=0&season1=2025&ind=1&team=12&rost=0&age=0"">TBR</a>",317,4,530,106.5,91.60528301886792,100.60555555555555,134,67.034276791,0.022388059701492543,7.069419776
543877,2025,Christian Vázquez,"<a href=""leaders.aspx?pos=all&stats=bat&lg=all&qual=0&type=strType&season=2025&month=0&season1=2025&ind=1&team=8&rost=0&age=0"">MIN</a>",214,3,389,104.2,93.02030456852792,101.3051282051282,119,65.663132185,0.01680672268907563,6.583484286
691723,2025,Coby Mayo,"<a href=""leaders.aspx?pos=all&stats=bat&lg=all&qual=0&type=strType&season=2025&month=0&season1=2025&ind=1&team=2&rost=0&age=0"">BAL</a>",294,11,449,119.9,95.02844444444445,107.16666666666669,151,74.829721656,0.4768211920529802,7.408134172
502054,2025,Tommy Pham,"<a href=""leaders.aspx?pos=all&stats=bat&lg=all&qual=0&type=strType&season=2025&month=0&season1=2025&ind=1&team=27&rost=0&age=0"">PIT</a>",449,10,668,112.3,97.337125748503,107.9029411764706,24,69.342765417,0,6.691879583
663616,2025,Trevor Larnach,"<a href=""leaders.aspx?pos=all&stats=bat&lg=all&qual=0&type=strType&season=2025&month=0&season1=2025&ind=1&team=8&rost=0&age=0"">MIN</a>",567,17,859,113.3,97.72790697674418,107.52272727272728,149,71.147920403,0.12751677852348994,7.41197651
650968,2025,Yohel Pozo,"<a href=""leaders.aspx?pos=all&stats=bat&lg=all&qual=0&type=strType&season=2025&month=0&season1=2025&ind=1&team=28&rost=0&age=0"">STL</a>",168,5,370,109.2,92.18486486486486,104.22105263157894,35,70.734984571,0.14285714285714288,7.564369143
678009,2025,Parker Meadows,"<a href=""leaders.aspx?pos=all&stats=bat&lg=all&qual=0&type=strType&season=2025&month=0&season1=2025&ind=1&team=6&rost=0&age=0"">DET</a>",213,4,339,109.2,91.44117647058825,104.19411764705882,66,70.06977697,0.01515151515151515,7.235665758
664059,2025,Sam Haggerty,"<a href=""leaders.aspx?pos=all&stats=bat&lg=all&qual=0&type=strType&season=2025&month=0&season1=2025&ind=1&team=13&rost=0&age=0"">TEX</a>",182,2,266,110.1,94.54586466165414,104.47037037037038,54,70.0327,0.07407407407407407,6.978633704
687859,2025,Troy Johnston,"<a href=""leaders.aspx?pos=all&stats=bat&lg=all&qual=0&type=strType&season=2025&month=0&season1=2025&ind=1&team=20&rost=0&age=0"">MIA</a>",121,4,212,106.1,93.85794392523364,103.9090909090909,201,70.048438259,0.05970149253731343,6.810944925
670042,2025,Luke Raley,"<a href=""leaders.aspx?pos=all&stats=bat&lg=all&qual=0&type=strType&season=2025&month=0&season1=2025&ind=1&team=11&rost=0&age=0"">SEA</a>",219,4,301,114.3,96.1476821192053,107.9516129032258,194,75.444054021,0.5773195876288659,7.293031082
643217,2025,Andrew Benintendi,"<a href=""leaders.aspx?pos=all&stats=bat&lg=all&qual=0&type=strType&season=2025&month=0&season1=2025&ind=1&team=4&rost=0&age=0"">CHW</a>",470,20,809,108.5,94.16231527093596,103.41785714285714,228,69.590440175,0.052631578947368425,7.164842632
701675,2025,Nathan Church,"<a href=""leaders.aspx?pos=all&stats=bat&lg=all&qual=0&type=strType&season=2025&month=0&season1=2025&ind=1&team=28&rost=0&age=0"">STL</a>",65,1,123,107,91.57777777777778,101.31333333333332,203,70.868513547,0.13793103448275865,7.30753931
545121,2025,Ildemaro Vargas,"<a href=""leaders.aspx?pos=all&stats=bat&lg=all&qual=0&type=strType&season=2025&month=0&season1=2025&ind=1&team=15&rost=0&age=0"">ARI</a>",121,3,223,115.6,96.05,106.0391304347826,177,70.463827514,0.13559322033898308,7.435290791
692216,2025,CJ Kayfus,"<a href=""leaders.aspx?pos=all&stats=bat&lg=all&qual=0&type=strType&season=2025&month=0&season1=2025&ind=1&team=5&rost=0&age=0"">CLE</a>",138,4,219,109.8,93.41090909090909,104.93636363636364,50,70.4332126,0.18,6.6657272
666152,2025,David Hamilton,"<a href=""leaders.aspx?pos=all&stats=bat&lg=all&qual=0&type=strType&season=2025&month=0&season1=2025&ind=1&team=3&rost=0&age=0"">BOS</a>",194,6,309,108.1,92.72820512820512,103.97096774193548,159,68.984714591,0.07547169811320756,7.209194906
690022,2025,Ryan Ritter,"<a href=""leaders.aspx?pos=all&stats=bat&lg=all&qual=0&type=strType&season=2025&month=0&season1=2025&ind=1&team=19&rost=0&age=0"">COL</a>",207,1,318,108.4,91.305,102.40625,15,70.347505333,0.06666666666666667,6.897816667
694728,2025,Brice Matthews,"<a href=""leaders.aspx?pos=all&stats=bat&lg=all&qual=0&type=strType&season=2025&month=0&season1=2025&ind=1&team=21&rost=0&age=0"">HOU</a>",47,4,63,108.7,95.69090909090907,107.05,152,72.238501842,0.22368421052631585,7.230684737
656484,2025,Tristan Gray,"<a href=""leaders.aspx?pos=all&stats=bat&lg=all&qual=0&type=strType&season=2025&month=0&season1=2025&ind=1&team=12&rost=0&age=0"">TBR</a>",86,3,148,110.6,96.5581081081081,107.64666666666666,136,71.883239265,0.21323529411764705,7.132519632
640902,2025,Jhonny Pereda,- - -,78,0,124,110.6,93.48095238095236,105.14615384615384,10,73.000361,0.1,8.035528
687551,2025,Drew Gilbert,"<a href=""leaders.aspx?pos=all&stats=bat&lg=all&qual=0&type=strType&season=2025&month=0&season1=2025&ind=1&team=30&rost=0&age=0"">SFG</a>",109,3,184,109.8,93.8563829787234,105.27,95,70.954408211,0.14736842105263157,7.648903474
666464,2025,Jerar Encarnacion,"<a href=""leaders.aspx?pos=all&stats=bat&lg=all&qual=0&type=strType&season=2025&month=0&season1=2025&ind=1&team=30&rost=0&age=0"">SFG</a>",56,2,87,112.4,95.01136363636364,107.81111111111112,75,74.662510267,0.5466666666666666,7.5507412
678554,2025,Curtis Mead,- - -,264,3,447,111,94.32232142857144,105.00888888888888,155,72.792734516,0.3225806451612903,7.061070516
680700,2025,Richie Palacios,"<a href=""leaders.aspx?pos=all&stats=bat&lg=all&qual=0&type=strType&season=2025&month=0&season1=2025&ind=1&team=12&rost=0&age=0"">TBR</a>",48,1,66,103.3,95.1818181818182,101.27142857142856,92,68.556123804,0.04347826086956522,7.343969457
690984,2025,Petey Halpin,"<a href=""leaders.aspx?pos=all&stats=bat&lg=all&qual=0&type=strType&season=2025&month=0&season1=2025&ind=1&team=5&rost=0&age=0"">CLE</a>",8,0,20,89.8,80.88,89.8,35,71.490632286,0.14285714285714288,7.700193714
664954,2025,Brett Sullivan,"<a href=""leaders.aspx?pos=all&stats=bat&lg=all&qual=0&type=strType&season=2025&month=0&season1=2025&ind=1&team=27&rost=0&age=0"">PIT</a>",9,0,13,101.2,95.88571428571429,100.05,116,66.295536552,0.017241379310344827,7.245274828
701305,2025,Zach Dezenzo,"<a href=""leaders.aspx?pos=all&stats=bat&lg=all&qual=0&type=strType&season=2025&month=0&season1=2025&ind=1&team=21&rost=0&age=0"">HOU</a>",109,2,171,110.9,93.43372093023255,104.66666666666669,11,73.877033636,0.18181818181818185,7.358674545
671655,2025,George Valera,"<a href=""leaders.aspx?pos=all&stats=bat&lg=all&qual=0&type=strType&season=2025&month=0&season1=2025&ind=1&team=5&rost=0&age=0"">CLE</a>",48,2,83,111.1,97.01190476190476,107.57,60,72.5645095,0.2333333333333333,7.208545
605137,2025,Josh Bell,"<a href=""leaders.aspx?pos=all&stats=bat&lg=all&qual=0&type=strType&season=2025&month=0&season1=2025&ind=1&team=24&rost=0&age=0"">WSN</a>",533,22,922,114.1,97.97257019438445,108.65591397849462,264,72.014925909,0.2689393939393939,8.514833636
679845,2025,Nick Loftin,"<a href=""leaders.aspx?pos=all&stats=bat&lg=all&qual=0&type=strType&season=2025&month=0&season1=2025&ind=1&team=7&rost=0&age=0"">KCR</a>",188,4,325,110.2,94.820245398773,104.04117647058824,60,69.059454333,0.03333333333333333,7.207361333
694362,2025,Blake Dunn,"<a href=""leaders.aspx?pos=all&stats=bat&lg=all&qual=0&type=strType&season=2025&month=0&season1=2025&ind=1&team=18&rost=0&age=0"">CIN</a>",75,1,91,110,89.79583333333333,102.94,7,74.174461429,0.2857142857142857,6.362462857
660644,2025,Vidal Bruján,- - -,95,0,187,110.3,95.02421052631578,102.83333333333331,6,68.865398333,0,7.563131667
683357,2025,Owen Caissie,"<a href=""leaders.aspx?pos=all&stats=bat&lg=all&qual=0&type=strType&season=2025&month=0&season1=2025&ind=1&team=17&rost=0&age=0"">CHC</a>",27,1,46,114,92.9304347826087,109.08,202,74.303311634,0.4702970297029703,7.064106832
670097,2025,Zack Short,"<a href=""leaders.aspx?pos=all&stats=bat&lg=all&qual=0&type=strType&season=2025&month=0&season1=2025&ind=1&team=21&rost=0&age=0"">HOU</a>",56,2,88,106.4,89.82727272727273,102.14444444444445,8,69.91892125,0.125,7.2202625
677588,2025,José Tena,"<a href=""leaders.aspx?pos=all&stats=bat&lg=all&qual=0&type=strType&season=2025&month=0&season1=2025&ind=1&team=24&rost=0&age=0"">WSN</a>",169,0,276,108.5,94.7546762589928,103.43793103448276,140,73.234757929,0.3214285714285714,6.996528
665923,2025,Esteury Ruiz,"<a href=""leaders.aspx?pos=all&stats=bat&lg=all&qual=0&type=strType&season=2025&month=0&season1=2025&ind=1&team=22&rost=0&age=0"">LAD</a>",23,1,29,106.7,88.64375,104.16666666666669,43,70.384995349,0.09302325581395347,7.748400233
669208,2025,Ryan Bliss,"<a href=""leaders.aspx?pos=all&stats=bat&lg=all&qual=0&type=strType&season=2025&month=0&season1=2025&ind=1&team=11&rost=0&age=0"">SEA</a>",39,1,48,104,94.34583333333332,103.54,3,54.517813333,0,5.507336667
650859,2025,Luis Rengifo,"<a href=""leaders.aspx?pos=all&stats=bat&lg=all&qual=0&type=strType&season=2025&month=0&season1=2025&ind=1&team=1&rost=0&age=0"">LAA</a>",541,9,993,109.2,93.04549098196392,102.67425742574255,183,70.214869945,0.1366120218579235,7.11010918
663609,2025,Luken Baker,"<a href=""leaders.aspx?pos=all&stats=bat&lg=all&qual=0&type=strType&season=2025&month=0&season1=2025&ind=1&team=28&rost=0&age=0"">STL</a>",41,0,53,109.5,98.57777777777778,107.86666666666667,7,72.784992857,0.14285714285714288,8.361607143
663967,2025,César Salazar,"<a href=""leaders.aspx?pos=all&stats=bat&lg=all&qual=0&type=strType&season=2025&month=0&season1=2025&ind=1&team=21&rost=0&age=0"">HOU</a>",16,0,21,97.9,87.31818181818181,96.96666666666668,2,66.10888,0,6.35204
596103,2025,Austin Slater,- - -,160,5,290,110.9,95.88972602739726,106.27666666666669,64,71.627615,0.109375,6.9759575
665052,2025,Griffin Conine,"<a href=""leaders.aspx?pos=all&stats=bat&lg=all&qual=0&type=strType&season=2025&month=0&season1=2025&ind=1&team=20&rost=0&age=0"">MIA</a>",86,2,110,117.4,95.75714285714284,108.92727272727272,40,74.6107765,0.4749999999999999,7.44028425
691720,2025,Kyle Karros,"<a href=""leaders.aspx?pos=all&stats=bat&lg=all&qual=0&type=strType&season=2025&month=0&season1=2025&ind=1&team=19&rost=0&age=0"">COL</a>",156,1,270,107.5,92.74296296296296,103.28148148148148,210,69.800231238,0.04761904761904762,7.018180619
694374,2025,Tim Tawa,"<a href=""leaders.aspx?pos=all&stats=bat&lg=all&qual=0&type=strType&season=2025&month=0&season1=2025&ind=1&team=15&rost=0&age=0"">ARI</a>",225,7,348,111.4,95.88505747126436,105.95714285714286,88,74.187180795,0.3863636363636364,7.267905909
672012,2025,Tyler Black,"<a href=""leaders.aspx?pos=all&stats=bat&lg=all&qual=0&type=strType&season=2025&month=0&season1=2025&ind=1&team=23&rost=0&age=0"">MIL</a>",13,0,23,106,87.80000000000001,103.96666666666668,46,71.589413913,0.13043478260869565,7.119481304
666181,2025,Will Benson,"<a href=""leaders.aspx?pos=all&stats=bat&lg=all&qual=0&type=strType&season=2025&month=0&season1=2025&ind=1&team=18&rost=0&age=0"">CIN</a>",253,12,389,111.4,97.90205128205127,107.6153846153846,117,73.245211709,0.3418803418803419,7.670932393
687515,2025,Colby Thomas,"<a href=""leaders.aspx?pos=all&stats=bat&lg=all&qual=0&type=strType&season=2025&month=0&season1=2025&ind=1&team=10&rost=0&age=0"">ATH</a>",132,6,212,115.5,97.00754716981132,108.8,45,75.481679333,0.5777777777777778,7.555589556
695257,2025,Billy Cook,"<a href=""leaders.aspx?pos=all&stats=bat&lg=all&qual=0&type=strType&season=2025&month=0&season1=2025&ind=1&team=27&rost=0&age=0"">PIT</a>",6,0,8,99.7,88.525,99.7,33,72.94393697,0.24242424242424243,7.901426364
677649,2025,Ezequiel Duran,"<a href=""leaders.aspx?pos=all&stats=bat&lg=all&qual=0&type=strType&season=2025&month=0&season1=2025&ind=1&team=13&rost=0&age=0"">TEX</a>",219,0,398,109.1,90.57722772277228,103.9675,148,73.368755203,0.35135135135135137,7.212271284
676724,2025,Jared Young,"<a href=""leaders.aspx?pos=all&stats=bat&lg=all&qual=0&type=strType&season=2025&month=0&season1=2025&ind=1&team=25&rost=0&age=0"">NYM</a>",47,4,68,114.2,96.57352941176472,109.1125,36,73.4486725,0.3888888888888889,7.181194167
663837,2025,Matt Vierling,"<a href=""leaders.aspx?pos=all&stats=bat&lg=all&qual=0&type=strType&season=2025&month=0&season1=2025&ind=1&team=6&rost=0&age=0"">DET</a>",100,1,206,107.8,94.61634615384617,104.05714285714286,149,70.922427987,0.07382550335570469,7.489246913
675659,2025,Greg Jones,"<a href=""leaders.aspx?pos=all&stats=bat&lg=all&qual=0&type=strType&season=2025&month=0&season1=2025&ind=1&team=4&rost=0&age=0"">CHW</a>",2,0,2,101.6,101.6,101.6,29,71.692270345,0.1724137931034483,6.780445172
696030,2025,Alejandro Osuna,"<a href=""leaders.aspx?pos=all&stats=bat&lg=all&qual=0&type=strType&season=2025&month=0&season1=2025&ind=1&team=13&rost=0&age=0"">TEX</a>",176,2,319,110.2,92.861875,105.62727272727273,50,71.4754688,0.28,6.950151
682663,2025,Agustín Ramírez,"<a href=""leaders.aspx?pos=all&stats=bat&lg=all&qual=0&type=strType&season=2025&month=0&season1=2025&ind=1&team=20&rost=0&age=0"">MIA</a>",585,21,1002,116.9,98.27211155378488,110.19705882352942,213,75.922972066,0.6056338028169014,7.624156714
680728,2025,Adrian Del Castillo,"<a href=""leaders.aspx?pos=all&stats=bat&lg=all&qual=0&type=strType&season=2025&month=0&season1=2025&ind=1&team=15&rost=0&age=0"">ARI</a>",131,4,207,113.1,97.15096153846154,107.1904761904762,149,71.934742282,0.2348993288590604,6.919337852
596117,2025,Garrett Stubbs,"<a href=""leaders.aspx?pos=all&stats=bat&lg=all&qual=0&type=strType&season=2025&month=0&season1=2025&ind=1&team=26&rost=0&age=0"">PHI</a>",1,0,3,100.6,84.25,100.6,28,67.503623214,0,7.141288929
641598,2025,Mitch Garver,"<a href=""leaders.aspx?pos=all&stats=bat&lg=all&qual=0&type=strType&season=2025&month=0&season1=2025&ind=1&team=11&rost=0&age=0"">SEA</a>",290,9,407,110.2,97.04607843137256,105.50487804878048,100,73.229598,0.22000000000000003,7.426051
667472,2025,Dane Myers,"<a href=""leaders.aspx?pos=all&stats=bat&lg=all&qual=0&type=strType&season=2025&month=0&season1=2025&ind=1&team=20&rost=0&age=0"">MIA</a>",333,6,561,108.1,95.95886524822696,104.48070175438596,74,71.723957162,0.22972972972972971,7.272103649
694377,2025,Nick Yorke,"<a href=""leaders.aspx?pos=all&stats=bat&lg=all&qual=0&type=strType&season=2025&month=0&season1=2025&ind=1&team=27&rost=0&age=0"">PIT</a>",72,1,164,113,91.78170731707316,103.56666666666666,132,72.417146136,0.196969696969697,7.279512955
687957,2025,Dustin Harris,"<a href=""leaders.aspx?pos=all&stats=bat&lg=all&qual=0&type=strType&season=2025&month=0&season1=2025&ind=1&team=13&rost=0&age=0"">TEX</a>",43,1,79,108.2,91.335,104.075,69,66.716332899,0.02898550724637681,6.52746087
669394,2025,Jake Burger,"<a href=""leaders.aspx?pos=all&stats=bat&lg=all&qual=0&type=strType&season=2025&month=0&season1=2025&ind=1&team=13&rost=0&age=0"">TEX</a>",376,16,607,114.7,97.28426229508196,108.41129032258064,257,74.262883424,0.4591439688715953,7.361893113
605244,2025,Aramis Garcia,"<a href=""leaders.aspx?pos=all&stats=bat&lg=all&qual=0&type=strType&season=2025&month=0&season1=2025&ind=1&team=15&rost=0&age=0"">ARI</a>",4,0,2,96.5,96.5,96.5,4,73.736015,0.25,7.9811325
679822,2025,Justin Foscue,"<a href=""leaders.aspx?pos=all&stats=bat&lg=all&qual=0&type=strType&season=2025&month=0&season1=2025&ind=1&team=13&rost=0&age=0"">TEX</a>",9,0,30,101,89.46875,100.06666666666666,9,73.495443333,0.33333333333333337,7.503817778
807799,2025,Masataka Yoshida,"<a href=""leaders.aspx?pos=all&stats=bat&lg=all&qual=0&type=strType&season=2025&month=0&season1=2025&ind=1&team=3&rost=0&age=0"">BOS</a>",205,4,368,112.4,98.11945945945946,106.2054054054054,90,70.862233222,0.1,7.135698222
680779,2025,Henry Davis,"<a href=""leaders.aspx?pos=all&stats=bat&lg=all&qual=0&type=strType&season=2025&month=0&season1=2025&ind=1&team=27&rost=0&age=0"">PIT</a>",283,7,534,113.9,95.2650557620818,107.39107142857142,148,75.397380135,0.5675675675675675,7.355752635
640492,2025,José Azocar,- - -,21,0,49,109.4,89.66923076923077,101.36666666666666,4,65.80964,0,7.05863
687221,2025,Dalton Rushing,"<a href=""leaders.aspx?pos=all&stats=bat&lg=all&qual=0&type=strType&season=2025&month=0&season1=2025&ind=1&team=22&rost=0&age=0"">LAD</a>",155,4,227,112,96.77826086956522,107.53333333333332,97,72.322547113,0.16494845360824745,7.603268969
664238,2025,Dylan Moore,- - -,243,11,416,108.6,91.73798076923076,103.36666666666667,30,73.236560667,0.2666666666666667,7.191669333
666624,2025,Christopher Morel,"<a href=""leaders.aspx?pos=all&stats=bat&lg=all&qual=0&type=strType&season=2025&month=0&season1=2025&ind=1&team=12&rost=0&age=0"">TBR</a>",305,11,458,115.9,97.52008733624454,109.50869565217393,40,75.43611775,0.65,7.68012375
686823,2025,Will Brennan,"<a href=""leaders.aspx?pos=all&stats=bat&lg=all&qual=0&type=strType&season=2025&month=0&season1=2025&ind=1&team=5&rost=0&age=0"">CLE</a>",13,0,22,102.8,89.52727272727273,98.53333333333332,17,69.196247059,0.05882352941176471,6.722352353
666139,2025,Josh Lowe,"<a href=""leaders.aspx?pos=all&stats=bat&lg=all&qual=0&type=strType&season=2025&month=0&season1=2025&ind=1&team=12&rost=0&age=0"">TBR</a>",435,11,848,111.9,92.92051886792451,104.29883720930232,215,73.977829349,0.4046511627906977,7.461722884
669288,2025,Daniel Johnson,- - -,57,1,82,110,95.9560975609756,106.84444444444443,20,73.459043,0.30000000000000004,7.41687
457705,2025,Andrew McCutchen,"<a href=""leaders.aspx?pos=all&stats=bat&lg=all&qual=0&type=strType&season=2025&month=0&season1=2025&ind=1&team=27&rost=0&age=0"">PIT</a>",551,13,923,110.2,95.09655172413792,104.58936170212766,114,70.434685526,0.04385964912280702,7.427754123
687231,2025,Darell Hernaiz,"<a href=""leaders.aspx?pos=all&stats=bat&lg=all&qual=0&type=strType&season=2025&month=0&season1=2025&ind=1&team=10&rost=0&age=0"">ATH</a>",197,2,363,109.2,91.56358695652172,102.9425,116,69.623298017,0.12931034482758622,7.07162181
596142,2025,Gary Sánchez,"<a href=""leaders.aspx?pos=all&stats=bat&lg=all&qual=0&type=strType&season=2025&month=0&season1=2025&ind=1&team=2&rost=0&age=0"">BAL</a>",101,5,136,112.4,99.27246376811594,108.13571428571429,130,72.059133231,0.27692307692307694,7.286158077
664983,2025,Jake McCarthy,"<a href=""leaders.aspx?pos=all&stats=bat&lg=all&qual=0&type=strType&season=2025&month=0&season1=2025&ind=1&team=15&rost=0&age=0"">ARI</a>",222,4,402,110.9,92.0686567164179,103.03170731707316,131,70.62744313,0.1068702290076336,7.072089466
668709,2025,JJ Bleday,"<a href=""leaders.aspx?pos=all&stats=bat&lg=all&qual=0&type=strType&season=2025&month=0&season1=2025&ind=1&team=10&rost=0&age=0"">ATH</a>",344,14,492,111.2,95.76234817813766,105.678,73,75.204392192,0.5205479452054795,7.388955479
693409,2025,César Prieto,"<a href=""leaders.aspx?pos=all&stats=bat&lg=all&qual=0&type=strType&season=2025&month=0&season1=2025&ind=1&team=28&rost=0&age=0"">STL</a>",6,0,6,94.8,88.33333333333333,94.8,7,73.314058571,0.14285714285714288,6.909191429
682657,2025,Angel Martínez,"<a href=""leaders.aspx?pos=all&stats=bat&lg=all&qual=0&type=strType&season=2025&month=0&season1=2025&ind=1&team=5&rost=0&age=0"">CLE</a>",484,11,906,108.4,92.85364238410595,103.39010989010988,221,71.074768552,0.21719457013574664,7.822207602
666211,2025,Taylor Trammell,"<a href=""leaders.aspx?pos=all&stats=bat&lg=all&qual=0&type=strType&season=2025&month=0&season1=2025&ind=1&team=21&rost=0&age=0"">HOU</a>",135,3,195,112.2,96.67244897959183,106.4809523809524,43,73.93982,0.4418604651162791,7.903333953
805811,2025,Bryce Eldridge,"<a href=""leaders.aspx?pos=all&stats=bat&lg=all&qual=0&type=strType&season=2025&month=0&season1=2025&ind=1&team=30&rost=0&age=0"">SFG</a>",37,0,58,109.7,98.50344827586208,107.13333333333334,20,74.782385,0.45,7.8826705
668723,2025,Ryan Vilade,- - -,15,0,47,109.8,92.996,106.1,98,75.852071837,0.5612244897959184,7.434880714
669087,2025,Sam Huff,"<a href=""leaders.aspx?pos=all&stats=bat&lg=all&qual=0&type=strType&season=2025&month=0&season1=2025&ind=1&team=30&rost=0&age=0"">SFG</a>",58,2,79,105.2,93.4825,104.1,20,71.849619,0.35000000000000003,7.85541
700337,2025,Edgar Quero,"<a href=""leaders.aspx?pos=all&stats=bat&lg=all&qual=0&type=strType&season=2025&month=0&season1=2025&ind=1&team=4&rost=0&age=0"">CHW</a>",403,5,727,109.8,95.78873626373628,103.79736842105262,160,68.189185688,0.018750000000000003,6.853175313
669357,2025,Nolan Gorman,"<a href=""leaders.aspx?pos=all&stats=bat&lg=all&qual=0&type=strType&season=2025&month=0&season1=2025&ind=1&team=28&rost=0&age=0"">STL</a>",402,14,613,111.6,94.26709677419356,105.53015873015872,267,72.501539363,0.2471910112359551,7.568244944
805249,2025,Otto Kemp,"<a href=""leaders.aspx?pos=all&stats=bat&lg=all&qual=0&type=strType&season=2025&month=0&season1=2025&ind=1&team=26&rost=0&age=0"">PHI</a>",218,8,343,111.2,94.62441860465115,104.78857142857144,43,70.711978605,0.09302325581395347,7.333244651
665861,2025,Sebastián Rivero,"<a href=""leaders.aspx?pos=all&stats=bat&lg=all&qual=0&type=strType&season=2025&month=0&season1=2025&ind=1&team=1&rost=0&age=0"">LAA</a>",34,0,60,105.3,93.10666666666668,103.01666666666668,40,71.0885035,0.1,7.62551175
645302,2025,Victor Robles,"<a href=""leaders.aspx?pos=all&stats=bat&lg=all&qual=0&type=strType&season=2025&month=0&season1=2025&ind=1&team=11&rost=0&age=0"">SEA</a>",114,1,218,112.6,91.31743119266056,102.29545454545456,22,68.195055455,0,6.633946818
682641,2025,Luis Matos,"<a href=""leaders.aspx?pos=all&stats=bat&lg=all&qual=0&type=strType&season=2025&month=0&season1=2025&ind=1&team=30&rost=0&age=0"">SFG</a>",184,8,355,111.6,95.2623595505618,104.70263157894738,39,71.108372821,0.12820512820512825,7.245812564
678391,2025,Jorbit Vivas,"<a href=""leaders.aspx?pos=all&stats=bat&lg=all&qual=0&type=strType&season=2025&month=0&season1=2025&ind=1&team=9&rost=0&age=0"">NYY</a>",66,1,117,106.9,93.34666666666666,101.725,144,69.166436042,0.020833333333333343,7.457498194
663697,2025,Jonathan India,"<a href=""leaders.aspx?pos=all&stats=bat&lg=all&qual=0&type=strType&season=2025&month=0&season1=2025&ind=1&team=7&rost=0&age=0"">KCR</a>",567,9,967,110.8,94.72226804123711,105.45151515151515,82,71.00319939,0.14634146341463417,7.386544756
694212,2025,Samuel Basallo,"<a href=""leaders.aspx?pos=all&stats=bat&lg=all&qual=0&type=strType&season=2025&month=0&season1=2025&ind=1&team=2&rost=0&age=0"">BAL</a>",118,4,226,112.6,96.94070796460176,108.59583333333332,199,75.066497437,0.5175879396984925,7.567269296
670032,2025,Nicky Lopez,- - -,28,0,45,104.7,91.97826086956522,101.34,10,66.842536,0,7.031108
691781,2025,Brady House,"<a href=""leaders.aspx?pos=all&stats=bat&lg=all&qual=0&type=strType&season=2025&month=0&season1=2025&ind=1&team=24&rost=0&age=0"">WSN</a>",274,4,482,111.5,96.27427385892116,105.80754716981131,246,73.281354797,0.2926829268292684,7.545184106
677870,2025,Leo Jiménez,"<a href=""leaders.aspx?pos=all&stats=bat&lg=all&qual=0&type=strType&season=2025&month=0&season1=2025&ind=1&team=14&rost=0&age=0"">TOR</a>",32,1,64,108.4,93.578125,103.47142857142858,45,72.295472444,0.13333333333333336,7.361364667
680869,2025,Zack Gelof,"<a href=""leaders.aspx?pos=all&stats=bat&lg=all&qual=0&type=strType&season=2025&month=0&season1=2025&ind=1&team=10&rost=0&age=0"">ATH</a>",101,2,136,107,96.26617647058823,103.62142857142857,99,74.107700505,0.3636363636363637,7.36684101
702284,2025,Cole Young,"<a href=""leaders.aspx?pos=all&stats=bat&lg=all&qual=0&type=strType&season=2025&month=0&season1=2025&ind=1&team=11&rost=0&age=0"">SEA</a>",257,4,437,114.1,92.21357466063348,104.92888888888888,273,71.817221575,0.2564102564102564,6.966025055
690291,2025,Jace Jung,"<a href=""leaders.aspx?pos=all&stats=bat&lg=all&qual=0&type=strType&season=2025&month=0&season1=2025&ind=1&team=6&rost=0&age=0"">DET</a>",55,0,101,107.3,91.99230769230768,102.97272727272728,13,71.854048462,0.15384615384615383,7.254042308
700246,2025,Carson Williams,"<a href=""leaders.aspx?pos=all&stats=bat&lg=all&qual=0&type=strType&season=2025&month=0&season1=2025&ind=1&team=12&rost=0&age=0"">TBR</a>",106,5,176,109.5,91.66666666666669,103.61578947368422,41,74.042379756,0.2926829268292683,7.277442683
518595,2025,Travis d'Arnaud,"<a href=""leaders.aspx?pos=all&stats=bat&lg=all&qual=0&type=strType&season=2025&month=0&season1=2025&ind=1&team=1&rost=0&age=0"">LAA</a>",231,6,384,109.5,93.68564102564105,104.4125,62,70.750840161,0.09677419354838712,7.687387742
669289,2025,Santiago Espinal,"<a href=""leaders.aspx?pos=all&stats=bat&lg=all&qual=0&type=strType&season=2025&month=0&season1=2025&ind=1&team=18&rost=0&age=0"">CIN</a>",328,0,623,107.8,91.74743589743588,101.36984126984127,61,68.338238033,0.032786885245901634,7.876789508
664068,2025,Scott Kingery,"<a href=""leaders.aspx?pos=all&stats=bat&lg=all&qual=0&type=strType&season=2025&month=0&season1=2025&ind=1&team=1&rost=0&age=0"">LAA</a>",29,0,45,107.4,89.17916666666667,102.64,7,70.614314286,0,7.31215
624585,2025,Jorge Soler,"<a href=""leaders.aspx?pos=all&stats=bat&lg=all&qual=0&type=strType&season=2025&month=0&season1=2025&ind=1&team=1&rost=0&age=0"">LAA</a>",315,12,458,112.7,95.87456896551724,107.67872340425532,262,74.593809084,0.4885496183206106,7.970378702
694376,2025,Shay Whitcomb,"<a href=""leaders.aspx?pos=all&stats=bat&lg=all&qual=0&type=strType&season=2025&month=0&season1=2025&ind=1&team=21&rost=0&age=0"">HOU</a>",32,1,66,107.6,91.6969696969697,103.3625,26,71.569944231,0.1153846153846154,7.841926923
641933,2025,Tyler O'Neill,"<a href=""leaders.aspx?pos=all&stats=bat&lg=all&qual=0&type=strType&season=2025&month=0&season1=2025&ind=1&team=2&rost=0&age=0"">BAL</a>",209,9,325,113.6,94.74171779141103,105.66666666666669,91,71.360764066,0.12087912087912088,7.303943516
663993,2025,Nathaniel Lowe,- - -,609,18,1075,111.7,95.02973977695169,105.71284403669723,152,74.030841908,0.381578947368421,7.513396908
669134,2025,Luis Campusano,"<a href=""leaders.aspx?pos=all&stats=bat&lg=all&qual=0&type=strType&season=2025&month=0&season1=2025&ind=1&team=29&rost=0&age=0"">SDP</a>",27,0,25,109.6,91.07857142857142,104.13333333333334,86,72.672305698,0.2558139534883721,7.876976977
666185,2025,Dylan Carlson,"<a href=""leaders.aspx?pos=all&stats=bat&lg=all&qual=0&type=strType&season=2025&month=0&season1=2025&ind=1&team=2&rost=0&age=0"">BAL</a>",241,6,439,111.7,92.75381165919282,102.83777777777776,5,65.193974,0,6.693066
691777,2025,Max Muncy,"<a href=""leaders.aspx?pos=all&stats=bat&lg=all&qual=0&type=strType&season=2025&month=0&season1=2025&ind=1&team=10&rost=0&age=0"">ATH</a>",220,9,326,112.6,93.90548780487804,107.28181818181818,184,74.597859348,0.5434782608695652,7.66292587
663624,2025,Ryan Mountcastle,"<a href=""leaders.aspx?pos=all&stats=bat&lg=all&qual=0&type=strType&season=2025&month=0&season1=2025&ind=1&team=2&rost=0&age=0"">BAL</a>",357,7,650,116.7,95.59446153846154,106.95,31,74.381719677,0.4516129032258064,7.507254516
671976,2025,Tristan Peters,"<a href=""leaders.aspx?pos=all&stats=bat&lg=all&qual=0&type=strType&season=2025&month=0&season1=2025&ind=1&team=12&rost=0&age=0"">TBR</a>",12,0,12,101.3,95.73333333333332,101.2,157,69.610910318,0.0445859872611465,6.888198917
678489,2025,Jorge Barrosa,"<a href=""leaders.aspx?pos=all&stats=bat&lg=all&qual=0&type=strType&season=2025&month=0&season1=2025&ind=1&team=15&rost=0&age=0"">ARI</a>",77,1,130,108,94.52,102.11428571428571,128,69.318793125,0.0390625,7.635739297
642215,2025,Weston Wilson,"<a href=""leaders.aspx?pos=all&stats=bat&lg=all&qual=0&type=strType&season=2025&month=0&season1=2025&ind=1&team=26&rost=0&age=0"">PHI</a>",125,5,221,109,94.5,104.87916666666666,42,71.87727619,0.21428571428571436,7.796725476
676439,2025,Hunter Feduccia,- - -,105,0,189,108.7,89.31354166666667,102.65263157894736,72,69.772751806,0.04166666666666667,7.209133889
668952,2025,Ryan Kreidler,"<a href=""leaders.aspx?pos=all&stats=bat&lg=all&qual=0&type=strType&season=2025&month=0&season1=2025&ind=1&team=6&rost=0&age=0"">DET</a>",44,0,65,107.6,91.0878787878788,105.72857142857144,30,74.948032333,0.5,7.811123
545341,2025,Randal Grichuk,- - -,293,9,534,115.5,98.91902985074628,109.18888888888888,66,73.693291515,0.3484848484848485,7.62259197
686681,2025,Michael Massey,"<a href=""leaders.aspx?pos=all&stats=bat&lg=all&qual=0&type=strType&season=2025&month=0&season1=2025&ind=1&team=7&rost=0&age=0"">KCR</a>",277,3,581,108.5,93.60240549828178,103.68983050847456,132,72.101691818,0.1818181818181818,7.124929773
671286,2025,Johnathan Rodríguez,"<a href=""leaders.aspx?pos=all&stats=bat&lg=all&qual=0&type=strType&season=2025&month=0&season1=2025&ind=1&team=5&rost=0&age=0"">CLE</a>",77,2,97,112,99.634,108.33,24,74.84548875,0.45833333333333337,7.975517917
669717,2025,Will Wilson,"<a href=""leaders.aspx?pos=all&stats=bat&lg=all&qual=0&type=strType&season=2025&month=0&season1=2025&ind=1&team=5&rost=0&age=0"">CLE</a>",91,0,153,106,90.05454545454546,101.1625,12,65.659586667,0,7.008129167
665953,2025,Andrés Chaparro,"<a href=""leaders.aspx?pos=all&stats=bat&lg=all&qual=0&type=strType&season=2025&month=0&season1=2025&ind=1&team=24&rost=0&age=0"">WSN</a>",73,1,118,110.6,95.67627118644069,107.18333333333334,15,74.559316667,0.5333333333333333,7.170897333
691783,2025,Jordan Lawlar,"<a href=""leaders.aspx?pos=all&stats=bat&lg=all&qual=0&type=strType&season=2025&month=0&season1=2025&ind=1&team=15&rost=0&age=0"">ARI</a>",74,0,97,107.9,91.82857142857144,104.04,33,71.032949394,0.030303030303030307,7.62307
690924,2025,Braxton Fulford,"<a href=""leaders.aspx?pos=all&stats=bat&lg=all&qual=0&type=strType&season=2025&month=0&season1=2025&ind=1&team=19&rost=0&age=0"">COL</a>",120,1,171,112.7,96.09883720930232,107.18333333333334,9,71.398382222,0.11111111111111112,6.850673333
672284,2025,Jarred Kelenic,"<a href=""leaders.aspx?pos=all&stats=bat&lg=all&qual=0&type=strType&season=2025&month=0&season1=2025&ind=1&team=16&rost=0&age=0"">ATL</a>",65,2,84,108.4,93.53953488372092,105.47777777777776,36,74.747075556,0.5000000000000001,7.4440175
641680,2025,Jonah Heim,"<a href=""leaders.aspx?pos=all&stats=bat&lg=all&qual=0&type=strType&season=2025&month=0&season1=2025&ind=1&team=13&rost=0&age=0"">TEX</a>",433,11,763,109.6,92.72722513089003,103.12207792207792,71,70.315636197,0.09859154929577464,7.501455634
677592,2025,Everson Pereira,"<a href=""leaders.aspx?pos=all&stats=bat&lg=all&qual=0&type=strType&season=2025&month=0&season1=2025&ind=1&team=12&rost=0&age=0"">TBR</a>",73,2,100,111.6,98.37058823529412,109.23,126,74.618826587,0.5158730158730159,8.10969873
681546,2025,James Outman,- - -,148,6,222,110.5,94.27456140350876,107.2391304347826,66,71.944391515,0.18181818181818185,7.699304394
677956,2025,Rece Hinds,"<a href=""leaders.aspx?pos=all&stats=bat&lg=all&qual=0&type=strType&season=2025&month=0&season1=2025&ind=1&team=18&rost=0&age=0"">CIN</a>",44,2,55,115.2,96.99310344827586,109.25,72,73.108408611,0.4166666666666667,7.685007639
657041,2025,Lane Thomas,"<a href=""leaders.aspx?pos=all&stats=bat&lg=all&qual=0&type=strType&season=2025&month=0&season1=2025&ind=1&team=5&rost=0&age=0"">CLE</a>",142,4,192,110.6,94.53163265306122,105.37272727272727,137,71.401110365,0.15328467153284675,6.770674599
622761,2025,Jorge Mateo,"<a href=""leaders.aspx?pos=all&stats=bat&lg=all&qual=0&type=strType&season=2025&month=0&season1=2025&ind=1&team=2&rost=0&age=0"">BAL</a>",83,1,144,107.7,90.14931506849317,102.28,103,73.458158447,0.36893203883495146,7.814920388
592206,2025,Nick Castellanos,"<a href=""leaders.aspx?pos=all&stats=bat&lg=all&qual=0&type=strType&season=2025&month=0&season1=2025&ind=1&team=26&rost=0&age=0"">PHI</a>",589,17,1100,110.2,93.14090909090908,104.14424778761062,144,69.625942431,0.10416666666666669,7.743227361
681807,2025,David Fry,"<a href=""leaders.aspx?pos=all&stats=bat&lg=all&qual=0&type=strType&season=2025&month=0&season1=2025&ind=1&team=5&rost=0&age=0"">CLE</a>",157,8,248,107.8,94.22903225806452,104.0576923076923,97,71.028764227,0.1237113402061856,8.6499087629999991
669004,2025,MJ Melendez,"<a href=""leaders.aspx?pos=all&stats=bat&lg=all&qual=0&type=strType&season=2025&month=0&season1=2025&ind=1&team=7&rost=0&age=0"">KCR</a>",65,1,83,110.5,95.55714285714284,105,93,73.594172151,0.3548387096774194,7.791566989
624424,2025,Michael Conforto,"<a href=""leaders.aspx?pos=all&stats=bat&lg=all&qual=0&type=strType&season=2025&month=0&season1=2025&ind=1&team=22&rost=0&age=0"">LAD</a>",486,12,841,112.9,95.078672985782,106.18255813953488,72,73.189173056,0.3611111111111111,7.290341806
600869,2025,Jeimer Candelario,"<a href=""leaders.aspx?pos=all&stats=bat&lg=all&qual=0&type=strType&season=2025&month=0&season1=2025&ind=1&team=18&rost=0&age=0"">CIN</a>",91,2,127,107.5,92.5328125,103.0923076923077,40,71.005341,0.14999999999999997,8.00834875
657136,2025,Connor Wong,"<a href=""leaders.aspx?pos=all&stats=bat&lg=all&qual=0&type=strType&season=2025&month=0&season1=2025&ind=1&team=3&rost=0&age=0"">BOS</a>",188,0,333,112.1,92.61130952380952,105.53428571428572,81,72.126424938,0.20987654320987656,7.314944198
671289,2025,Tyler Freeman,"<a href=""leaders.aspx?pos=all&stats=bat&lg=all&qual=0&type=strType&season=2025&month=0&season1=2025&ind=1&team=19&rost=0&age=0"">COL</a>",428,2,816,109.6,95.20661764705882,104.32073170731708,128,70.624939531,0.125,7.084231953
656582,2025,Connor Joe,- - -,80,0,130,113.3,96.84307692307692,107.28571428571428,40,73.30987625,0.375,7.21878775
665750,2025,Leody Taveras,- - -,180,3,326,111.2,92.27668711656442,104.02857142857142,160,72.301273063,0.21875,7.560707188
592626,2025,Joc Pederson,"<a href=""leaders.aspx?pos=all&stats=bat&lg=all&qual=0&type=strType&season=2025&month=0&season1=2025&ind=1&team=13&rost=0&age=0"">TEX</a>",306,9,505,113.7,98.00866141732284,108.2,160,71.962258,0.2,7.42742
666397,2025,Edouard Julien,"<a href=""leaders.aspx?pos=all&stats=bat&lg=all&qual=0&type=strType&season=2025&month=0&season1=2025&ind=1&team=8&rost=0&age=0"">MIN</a>",208,3,308,110.1,94.31225806451612,104.453125,182,71.082933791,0.15934065934065936,7.011791703
672724,2025,Oswald Peraza,- - -,265,5,432,112.2,94.2662100456621,105.82391304347826,193,71.860417409,0.1761658031088083,7.66417658
681351,2025,Logan O'Hoppe,"<a href=""leaders.aspx?pos=all&stats=bat&lg=all&qual=0&type=strType&season=2025&month=0&season1=2025&ind=1&team=1&rost=0&age=0"">LAA</a>",451,19,772,112.4,96.89483204134368,106.02278481012658,157,71.862100064,0.21019108280254775,7.677491656
660688,2025,Keibert Ruiz,"<a href=""leaders.aspx?pos=all&stats=bat&lg=all&qual=0&type=strType&season=2025&month=0&season1=2025&ind=1&team=24&rost=0&age=0"">WSN</a>",267,2,516,110.4,93.6341085271318,101.70377358490566,111,67.001145495,0,7.118284054
571657,2025,Kyle Farmer,"<a href=""leaders.aspx?pos=all&stats=bat&lg=all&qual=0&type=strType&season=2025&month=0&season1=2025&ind=1&team=19&rost=0&age=0"">COL</a>",300,8,493,107.5,93.48032128514056,102.494,22,66.779141818,0,6.871115455
691023,2025,Jordan Walker,"<a href=""leaders.aspx?pos=all&stats=bat&lg=all&qual=0&type=strType&season=2025&month=0&season1=2025&ind=1&team=28&rost=0&age=0"">STL</a>",396,6,592,117.9,97.30602006688964,110.845,272,78.714470882,0.8308823529411764,8.218832279
695506,2025,Jac Caglianone,"<a href=""leaders.aspx?pos=all&stats=bat&lg=all&qual=0&type=strType&season=2025&month=0&season1=2025&ind=1&team=7&rost=0&age=0"">KCR</a>",232,7,421,114.1,98.96587677725118,110.86818181818182,203,76.518655862,0.669950738916256,7.89987601
