"component","weight_opt","weight_boot_median","weight_boot_p05","weight_boot_p95"
"bacon_resid",0.999990251673191,0.986344713802024,0.342960174864426,0.999999999998638
"hr_resid",4.68364344284309e-14,1.40707414919945e-11,5.03753996171381e-31,0.255497817029615
"xbh_resid",9.74832676159149e-06,6.90861317934464e-05,1.36188282729549e-12,0.579892866297902
