player_id,player_name,team,season,tbf,ip,gs,start_ip,ip_per_gs,siera,xfip,k_minus_bb_pct,contact_pct,swstr_pct,ball_pct,stuff_plus,pitching_plus,v1_score,v1_score_stab,v1_rank,v1_rank_stab,v1_reliability,v1_weight_profile
594798,Jacob deGrom,NYM,2021,324,92,15,92,6.133333333333334,1.7433,1.6148,0.4167,0.6091,0.2162,30.179445350734095,122.9236,134.5029,44.781256718216824,34.55704771160323,1,1,0.7755324980882559,blended_ip
669203,Corbin Burnes,MIL,2021,657,167,28,167,5.964285714285714,2.6107,2.3012,0.3044,0.6577,0.1662,33.61603700848111,131.969,128.1288,29.77582166490118,25.89710338058349,2,2,0.8678989760719105,high_ip
607192,Tyler Glasnow,TBR,2021,340,88,14,88,6.285714285714286,2.9157,2.6985,0.2824,0.6483,0.1718,34.42867811799851,116.0139,117.3252,25.102751984542746,19.23036690973708,4,3,0.780186392115666,blended_ip
543037,Gerrit Cole,NYY,2021,726,181.33333333333334,30,181.33333333333334,6.044444444444445,2.9336,2.9332,0.2782,0.703,0.1452,33.47928595486696,118.3818,123.4952,20.02960813793564,17.67571641574076,7,4,0.878517856765267,high_ip
477132,Clayton Kershaw,LAD,2021,488,121.66666666666667,22,121.66666666666667,5.53030303030303,3.0955,2.8739,0.252,0.6685,0.1672,33.16722037652271,115.7684,113.3171,20.419664482467546,16.887720911794865,6,5,0.8301672576398101,high_ip
453286,Max Scherzer,- - -,2021,693,179.33333333333334,30,179.33333333333334,5.977777777777778,2.9017,3.2359,0.2886,0.6845,0.1588,33.6760014179369,110.9919,109.6762,18.617316711898038,16.15259900466507,8,6,0.8747474637934324,high_ip
669160,Dustin May,LAD,2021,93,23,5,23,4.6,2.4403,1.8067,0.3118,0.6941,0.1413,33.69565217391305,132.9262,128.7617,27.071853596171053,15.144607092091576,3,7,0.5420974984293616,low_ip
607074,Carlos Rodon,CHW,2021,534,132.66666666666666,24,132.66666666666666,5.527777777777778,2.9575,3.1715,0.279,0.7033,0.1496,34.114465975664714,111.6597,111.6522,16.833632385015274,14.169677220634671,9,8,0.8448888221464865,high_ip
554430,Zack Wheeler,PHI,2021,849,213.33333333333334,32,213.33333333333334,6.666666666666667,3.1786,2.8378,0.2367,0.7596,0.1236,32.4804992199688,119.2207,120.6283,13.374796351671105,12.285792926294713,12,9,0.8919217420132379,high_ip
592662,Robbie Ray,TOR,2021,773,193.33333333333334,32,193.33333333333334,6.041666666666667,3.2115,3.3626,0.2536,0.7001,0.1554,33.970073225087546,104.558,106.0059,13.630625726367242,11.959604354831628,11,10,0.8845578338552808,high_ip
669456,Shane Bieber,CLE,2021,405,96.66666666666667,16,96.66666666666667,6.041666666666667,3.2065,2.9148,0.2494,0.6613,0.1616,34.76587556125722,102.2953,101.63720000000001,15.503367720409933,11.84466133803628,10,11,0.8037697534257505,blended_ip
592332,Kevin Gausman,SFG,2021,775,192,33,192,5.818181818181818,3.4208,3.2757,0.2284,0.7067,0.1529,31.878747501665554,103.3476,107.2352,12.335594205640588,10.882925373613572,14,12,0.8835210417547292,high_ip
663556,Shane McClanahan,TBR,2021,517,123.33333333333333,25,123.33333333333333,4.933333333333334,3.6238,3.2341,0.2012,0.7039,0.1479,33.21392016376663,111.4746,113.6311,12.584780993874526,10.621906886497744,13,13,0.8365801725768645,high_ip
605540,Brandon Woodruff,MIL,2021,708,179.33333333333334,30,179.33333333333334,5.977777777777778,3.3061,3.0504,0.2373,0.7458,0.1288,31.743772241992886,109.6075,116.6492,11.840580728829156,10.577268055317433,15,14,0.8757221084768125,high_ip
642547,Freddy Peralta,MIL,2021,580,144.33333333333334,27,142.33333333333334,5.34567901234568,3.405,3.6575,0.2397,0.678,0.1447,37.648556876061114,105.1929,108.0314,11.679768314930286,9.531009495813393,16,15,0.8536039907300564,high_ip
608337,Lucas Giolito,CHW,2021,720,178.66666666666666,31,178.66666666666666,5.763440860215053,3.7191,3.7524,0.2069,0.697,0.1525,34.98316498316498,107.4551,110.0439,10.763567889953487,9.41358245019704,18,16,0.8776855443691018,high_ip
605400,Aaron Nola,PHI,2021,749,180.66666666666666,32,180.66666666666666,5.645833333333333,3.2625,3.3735,0.2457,0.7379,0.1279,32.44698754628072,108.7158,109.7883,10.557209991780937,9.3677553574219,19,17,0.8799336380532736,high_ip
656302,Dylan Cease,CHW,2021,708,165.66666666666666,32,165.66666666666666,5.177083333333333,3.5665,3.7211,0.2232,0.6826,0.1481,37.74095366925938,107.5853,106.9815,10.86798335211021,9.237050551154145,17,18,0.8744765670162301,high_ip
669358,Shane Baz,TBR,2021,49,13.333333333333334,3,13.333333333333334,4.444444444444445,2.682,2.8653,0.3061,0.6863,0.1616,33.83838383838384,111.2488,117.5098,21.96390759321033,8.912069137316317,5,19,0.4182190793756507,low_ip
657277,Logan Webb,SFG,2021,596,148.33333333333334,26,147.33333333333334,5.705128205128205,3.1336,2.786,0.2047,0.7322,0.1242,34.914182475158086,111.7948,109.9308,10.195659346474987,8.7149759270839109,20,20,0.8545442131970777,high_ip
645261,Sandy Alcantara,MIA,2021,837,205.66666666666666,33,205.66666666666666,6.232323232323232,3.6784,3.4461,0.1804,0.7485,0.1331,32.11631663974152,110.4635,116.4958,8.492647392063008,7.850682845293736,24,21,0.8895950896546881,high_ip
593423,Frankie Montas,OAK,2021,778,187,32,187,5.84375,3.7852,3.6434,0.1928,0.727,0.1371,33.98282694848084,111.2497,111.1435,8.490328273582163,7.650167396087469,25,22,0.8831446039375455,high_ip
543135,Nathan Eovaldi,BOS,2021,764,182.33333333333334,32,182.33333333333334,5.697916666666667,3.6026,3.4833,0.2094,0.756,0.1257,31.021523744448242,109.4918,113.8106,8.311411004124128,7.61328804780367,26,23,0.8808171327501291,high_ip
628711,Julio Urias,LAD,2021,745,185.66666666666666,32,185.66666666666666,5.802083333333333,3.6386,3.7257,0.2107,0.7786,0.1123,30.15075376884422,117.1866,118.1865,7.7366167682106575,7.3060643150536055,27,24,0.8790147060846601,high_ip
605397,Joe Musgrove,SDP,2021,748,181.33333333333334,31,176.33333333333334,5.849462365591398,3.6899,3.6498,0.1992,0.7261,0.127,34.3430905377808,113.5482,106.4794,7.565353056136697,6.713309719323382,29,25,0.8789075892121185,high_ip
663776,Patrick Sandoval,LAA,2021,363,87,14,79.66666666666667,6.214285714285714,4.0324,3.7877,0.1598,0.6731,0.1517,37.53462603878116,101.6816,97.9426,9.248901983236074,6.569382131369849,21,26,0.7837624165875285,low_ip
660271,Shohei Ohtani,LAA,2021,533,130.33333333333334,23,130.33333333333334,5.666666666666667,3.6074,3.5489,0.2101,0.7305,0.1293,36.06314750863345,109.1318,106.9808,7.289270356178933,6.144014525191428,30,27,0.8414927875072062,high_ip
450203,Charlie Morton,ATL,2021,756,185.66666666666666,33,185.66666666666666,5.626262626262626,3.5345,3.3095,0.209,0.7295,0.1235,35.35319718781386,107.4254,104.8471,6.892915120086377,5.998526723049893,32,28,0.8812861484729948,high_ip
545333,Trevor Bauer,LAD,2021,432,107.66666666666667,17,107.66666666666667,6.333333333333334,3.4846,3.6898,0.2315,0.7203,0.1265,36.5976496922216,106.1089,106.2206,7.600522622039354,5.972561576495537,28,29,0.8176659750754726,high_ip
656557,Tanner Houck,BOS,2021,285,69,13,58.666666666666664,5.3076923076923075,3.277,3.203,0.2316,0.7114,0.1349,36.29242819843342,101.3841,100.6291,8.553208100347504,5.810018908929953,23,30,0.7451640887234973,low_ip
506433,Yu Darvish,SDP,2021,681,166.33333333333334,30,166.33333333333334,5.544444444444445,3.4892,3.7517,0.2276,0.7445,0.121,34.236186348862404,106.0671,108.0557,6.60346090020816,5.786329820258309,33,31,0.8711691902873707,high_ip
669432,Trevor Rogers,MIA,2021,550,133,25,133,5.32,3.7201,3.5381,0.2018,0.7128,0.1406,34.20931304748732,99.7216,103.5996,7.0023620253130545,5.7613219875798345,31,32,0.8459916725224621,high_ip
621111,Walker Buehler,LAD,2021,815,207.66666666666666,33,207.66666666666666,6.292929292929292,3.7279,3.5719,0.1963,0.7625,0.1158,32.74111675126903,112.09,111.2401,5.719351260170694,5.3496185476421,39,33,0.889025843731105,high_ip
656756,Jordan Montgomery,NYY,2021,661,157.33333333333334,30,157.33333333333334,5.2444444444444445,4.0659,3.9268,0.1679,0.7269,0.137,34.86381322957198,108.417,109.0185,5.391071114694621,4.817824842618824,41,34,0.8660999010586876,high_ip
640455,Sean Manaea,OAK,2021,754,179.33333333333334,32,179.33333333333334,5.604166666666667,3.6794,3.6237,0.2029,0.7603,0.1232,32.281879194630875,107.2628,103.1574,4.810237793309885,4.454980853245068,43,35,0.8801014343193646,high_ip
660623,Huascar Ynoa,ATL,2021,372,91,17,90,5.352941176470588,3.6154,3.4018,0.2016,0.7206,0.1316,34.952766531713905,101.5677,100.6529,5.920734940749337,4.417614197652957,36,36,0.7921252034069385,blended_ip
641154,Pablo Lopez,MIA,2021,418,102.66666666666667,20,102.66666666666667,5.133333333333334,3.4911,3.3204,0.2129,0.7666,0.118,33.13361294188137,101.6459,107.8638,5.027893670858795,4.225790287263376,42,37,0.8113007828754542,high_ip
518633,Danny Duffy,KCR,2021,252,61,12,60,5.083333333333333,4.1391,4.2323,0.1706,0.7178,0.1368,36.47175421209118,102.6555,107.7096,5.660140884428652,4.051782701283011,40,38,0.7288327967301044,low_ip
571760,Andrew Heaney,- - -,2021,558,129.66666666666666,23,120,5.637681159420289,3.8423,4.1209,0.1953,0.7427,0.1249,35.36480686695279,108.3304,108.5939,4.551928337523416,4.009907545342623,44,39,0.8449753936832978,high_ip
458681,Lance Lynn,CHW,2021,641,157,28,157,5.607142857142857,3.7216,3.8152,0.2044,0.7602,0.12,36.081288343558285,107.4918,109.8217,4.315483074368912,3.919276966201808,46,40,0.8648086067498489,high_ip
622491,Luis Castillo,CIN,2021,803,187.66666666666666,33,187.66666666666666,5.686868686868687,4.0269,3.6287,0.1457,0.7317,0.1312,36.21997471554994,108.1313,110.4414,4.269191076663882,3.877327192245922,47,41,0.885648640116419,high_ip
519242,Chris Sale,BOS,2021,183,42.666666666666664,9,42.666666666666664,4.7407407407407405,3.442,3.3462,0.2186,0.7339,0.1291,33.83152173913043,100.1824,106.7687,6.054565460802763,3.7958155376196707,35,42,0.6724115717957679,low_ip
622072,Alex Wood,SFG,2021,585,138.66666666666666,26,138.66666666666666,5.333333333333333,3.6025,3.44,0.1932,0.734,0.1248,32.710706150341686,99.1961,98.4915,4.160187802999826,3.4093154963976695,49,43,0.8512122439644018,high_ip
670970,Adrian Morejon,SDP,2021,20,4.666666666666667,2,4.666666666666667,2.3333333333333335,4.94,4.3043,0.05,0.6923,0.15,36.25,114.2072,123.3285,9.162389899425591,3.3375439196275636,22,44,0.24985501614759134,low_ip
605483,Blake Snell,SDP,2021,550,128.66666666666666,27,128.66666666666666,4.765432098765432,4.0163,3.7421,0.1836,0.7078,0.1291,39.28419258628036,102.6116,107.6502,4.2691081053625055,3.299644573162512,48,45,0.8469805473678212,high_ip
661563,Luis Gil,NYY,2021,129,29.333333333333332,6,29.333333333333332,4.888888888888888,4.5529,4.8501,0.1473,0.7177,0.1316,38.90977443609023,108.9285,105.9726,4.446002412740146,3.0759306295512463,45,46,0.6075870528132802,low_ip
593958,Eduardo Rodriguez,BOS,2021,675,157.66666666666666,31,156.66666666666666,5.086021505376344,3.6456,3.4342,0.2044,0.76,0.1165,34.84013230429989,100.281,105.8936,3.340093103588564,2.9174671984182243,51,47,0.868417342825968,high_ip
593334,Domingo German,NYY,2021,410,98.33333333333333,18,91,5.462962962962963,4.0262,4.2685,0.1732,0.7123,0.1438,34.00886637112096,95.5402,101.4206,3.7884979475472664,2.840048934006922,50,48,0.8019077832686611,blended_ip
607644,John Means,BAL,2021,590,146.66666666666666,26,146.66666666666666,5.6410256410256405,4.1011,4.3623,0.1831,0.7632,0.119,34.57903780068728,108.7157,114.7662,2.831298747512736,2.77327424541094,54,49,0.8552327618619724,high_ip
669302,Logan Gilbert,SEA,2021,503,119.33333333333333,24,119.33333333333333,4.972222222222222,3.8733,4.186,0.1988,0.7539,0.1247,35.71764705882353,108.0821,103.6215,3.0191740166799264,2.751344258366644,52,50,0.8362781075288831,high_ip
608331,Max Fried,ATL,2021,667,165.66666666666666,28,165.66666666666666,5.916666666666666,3.7631,3.4524,0.1754,0.771,0.1106,34.20641125879593,105.6885,110.6271,2.7087177329896877,2.5596271306367346,55,51,0.8680767920369065,high_ip
677651,Luis Garcia,HOU,2021,633,155.33333333333334,28,149.33333333333334,5.547619047619048,3.9104,3.9289,0.1848,0.7144,0.1339,36.57074340527578,98.922,97.507,2.849103738966476,2.2078644915170402,53,52,0.8614745136744811,high_ip
621121,Lance McCullers Jr.,HOU,2021,684,162.33333333333334,28,162.33333333333334,5.797619047619048,4.0152,3.6865,0.1594,0.7208,0.1159,38.62984218077475,105.8471,106.3766,2.136469944864313,1.6400892365109625,56,53,0.8707894880873106,high_ip
579328,Yusei Kikuchi,SEA,2021,666,157,29,157,5.413793103448276,4.1594,3.846,0.1517,0.7417,0.1245,35.1288056206089,106.9244,103.679,1.6834969945940066,1.5753257349271805,60,54,0.8663391764121557,high_ip
640470,Adbert Alzolay,CHC,2021,519,125.66666666666667,21,106.33333333333333,5.984126984126984,3.8131,3.6645,0.1811,0.7568,0.1187,34.015345268542205,99.6362,103.9883,1.8423527308810015,1.5628298433951515,58,55,0.8309806209549967,high_ip
628317,Kenta Maeda,MIN,2021,453,106.33333333333333,21,106.33333333333333,5.063492063492063,3.9751,3.9868,0.1788,0.7246,0.1358,35.71830985915493,94.7992,100.5413,2.1309338887070224,1.55300032454908,57,56,0.8198248522165188,high_ip
669373,Tarik Skubal,DET,2021,634,149.33333333333334,29,143.66666666666666,5.149425287356322,3.9157,4.0587,0.1845,0.765,0.1139,35.178641539065566,104.669,107.9227,1.3805547685935622,1.3635342632748702,62,57,0.8607015336908984,high_ip
657746,Joe Ryan,MIN,2021,100,26.666666666666668,5,26.666666666666668,5.333333333333334,3.4229,3.7321,0.25,0.7752,0.1189,29.61165048543689,102.1227,97.8968,1.702970219380913,1.2669447033798478,59,58,0.5627964292668425,low_ip
641927,Bailey Ober,MIN,2021,379,92.33333333333333,20,92.33333333333333,4.616666666666666,3.8215,4.0144,0.2032,0.7736,0.1138,32.72357723577235,98.1636,107.9554,0.877523903814731,0.906817330898715,64,59,0.7946665282105532,blended_ip
621244,Jose Berrios,- - -,2021,781,192,32,191.3,6,3.6514,3.5907,0.2036,0.7893,0.0986,33.88103844889911,103.9997,104.7152,0.6607675143298326,0.7565599635807784,67,60,0.884074306067829,high_ip
680686,Josiah Gray,- - -,2021,307,70.66666666666667,13,66.66666666666667,5.435897435897436,4.6041,5.0516,0.1401,0.7083,0.1426,36.35614179719703,96.6274,94.4015,1.4131682714282727,0.7532637552300084,61,61,0.7576253706003687,low_ip
572020,James Paxton,SEA,2021,5,1.3333333333333333,1,1.3333333333333333,1.3333333333333333,4.1641,2.42,0.2,0.75,0.125,37.5,110.2058,107.3075,5.762669736152298,0.7306069879854031,38,62,0.09916043590393459,low_ip
543243,Sonny Gray,CIN,2021,575,135.33333333333334,26,135.33333333333334,5.205128205128205,3.8544,3.6644,0.1826,0.7531,0.1059,37.47755834829443,103.6074,106.1193,0.8823478716831169,0.6430463317712335,63,63,0.8498350292460604,high_ip
672710,Roansy Contreras,PIT,2021,12,3,1,3,3,3.1934,3.2677,0.25,0.7273,0.1304,36.95652173913043,96.913,98.8787,6.15960273199782,0.5749314858099157,34,64,0.1718772181579232,low_ip
641816,Tyler Mahle,CIN,2021,759,180,33,180,5.454545454545454,3.8155,3.7364,0.1924,0.7469,0.1142,36.88986232790989,95.5808,103.874,0.7706018611489597,0.5010646928751618,65,65,0.8820117299838679,high_ip
666201,Alek Manoah,TOR,2021,459,111.66666666666667,20,111.66666666666667,5.583333333333334,3.8757,4.1695,0.1895,0.7358,0.1263,36.31436314363143,99.0223,95.471,0.7598372193652859,0.46182687428189295,66,66,0.8238886517016533,high_ip
676710,Kutter Crawford,BOS,2021,13,2,1,2,2,6.9925,8.5809,0,0.7188,0.1579,29.82456140350877,93.5154,108.6091,-6.788940209102465,0.3832414742776857,117,67,0.191698686031147,low_ip
573186,Marcus Stroman,NYM,2021,730,179,33,179,5.424242424242424,3.9541,3.5704,0.1562,0.7591,0.1164,34.658883619117105,101.1251,102.1844,0.2098412207563146,0.254193402775776,71,68,0.8765887024624179,high_ip
446372,Corey Kluber,NYY,2021,341,80,16,80,5,4.3712,4.3756,0.1437,0.7337,0.1248,36.173393124065775,102.4653,98.1836,0.30437422012823545,0.1965903824525363,69,69,0.7756100744960726,low_ip
656731,Tylor Megill,NYM,2021,379,89.66666666666667,18,89.66666666666667,4.981481481481482,3.8493,3.9195,0.19,0.7562,0.121,35.32818532818533,95.1773,102.2383,0.1517910575393363,0.059625123530703934,72,70,0.7950859579673911,blended_ip
656427,Jack Flaherty,STL,2021,322,78.33333333333333,15,76.33333333333333,5.222222222222222,3.9205,3.9597,0.1832,0.7401,0.116,38.654841093865485,98.1981,101.917,0.494613707199931,0.044525808717776255,68,71,0.7701416124737854,low_ip
656288,Griffin Canning,LAA,2021,277,62.666666666666664,13,60.333333333333336,4.82051282051282,4.6625,4.7194,0.1227,0.7183,0.138,37.5,97.0673,97.1862,0.23791138837401737,0.0011704358535450084,70,72,0.7405290761223977,low_ip
672851,Joan Adon,WSN,2021,24,5.333333333333333,1,5.333333333333333,5.333333333333333,2.995,2.3759,0.25,0.6667,0.1277,39.361702127659576,95.3066,64.4843,5.809465432848381,-0.0862694348773928,37,73,0.27683302171429097,low_ip
672715,Luis Patino,TBR,2021,333,77.33333333333333,15,68.33333333333333,5.155555555555555,4.6105,5.0301,0.1351,0.7762,0.1143,35.67765567765568,110.9549,108.6591,-1.6368124478905404,-0.24687466198112804,83,74,0.7702706733220652,low_ip
664353,Jose Urquidy,HOU,2021,423,107,20,107,5.35,4.2727,4.3851,0.1678,0.7753,0.1183,30.594727161250766,98.0051,106.62,-0.8533172820133799,-0.28833237167126424,78,75,0.8129252749445669,high_ip
656353,Tucker Davidson,ATL,2021,83,20,4,20,5,4.6447,4.4226,0.1205,0.7432,0.1254,35.31353135313531,103.1449,96.579,-1.5636845931528789,-0.2898396724449866,82,76,0.5101985078067746,low_ip
663978,Chris Paddack,SDP,2021,459,108.33333333333333,22,106.33333333333333,4.924242424242424,4.0511,3.8685,0.1678,0.7726,0.1118,34.34991974317817,99.9476,106.117,-0.6324614020281498,-0.33038582151872753,75,77,0.8223280923658248,high_ip
605135,Chris Bassitt,OAK,2021,637,157.33333333333334,27,157.33333333333334,5.827160493827161,3.8551,3.9301,0.1884,0.7884,0.1008,34.35531289374212,103.9006,105.8683,-0.6634741250608945,-0.34352527719868575,76,78,0.8622239696953824,high_ip
621107,Zach Eflin,PHI,2021,442,105.66666666666667,18,105.66666666666667,5.87037037037037,3.8072,3.6056,0.1878,0.7932,0.1022,32.01238390092879,95.3192,106.6382,-0.7748387034765727,-0.44727178225906605,77,79,0.8147551753754494,high_ip
665665,Reiver Sanmartin,CIN,2021,47,11.666666666666666,2,11.666666666666666,5.833333333333333,3.6935,3.4621,0.1915,0.7561,0.1105,35.35911602209944,97.9566,103.0611,-0.24065309280815214,-0.5723685871442548,73,80,0.401857211675956,low_ip
641482,Nestor Cortes,NYY,2021,374,93,14,73.33333333333333,6.642857142857143,3.7823,4.1784,0.2086,0.7896,0.101,35.36745406824147,106.0879,107.1667,-1.4364138670817628,-0.588452886898986,81,81,0.7861017849907707,low_ip
605513,Spencer Turnbull,DET,2021,201,50,9,50,5.555555555555555,3.8237,3.7709,0.1592,0.7795,0.1084,35.612903225806456,102.5391,108.232,-1.7685889712013723,-0.719665307589742,86,82,0.6887100882331298,low_ip
502171,Alex Cobb,LAA,2021,393,93.33333333333333,18,93.33333333333333,5.185185185185185,3.8287,3.3803,0.1654,0.7479,0.1121,36.542115262824574,94.1104,102.2155,-0.6106566466662995,-0.8361487658220547,74,83,0.800319661107967,blended_ip
592791,Jameson Taillon,NYY,2021,603,144.33333333333334,29,144.33333333333334,4.977011494252874,4.3346,4.6897,0.1592,0.7581,0.1223,34.40134907251265,98.4672,108.5626,-1.2248987966133111,-0.8531976082701445,79,84,0.8563655141053185,high_ip
656641,Jacob Latz,TEX,2021,19,4.666666666666667,1,4.666666666666667,4.666666666666667,4.592,4.8584,0.2105,0.7955,0.1071,32.142857142857146,101.0736,92.9421,-6.118247212708613,-1.0933996503909418,113,85,0.2540549449655053,low_ip
664192,Joey Lucchesi,NYM,2021,157,38.333333333333336,8,31.333333333333332,4.791666666666667,3.7941,4.0274,0.1911,0.7828,0.0975,36.68730650154799,108.6397,97.8147,-2.566995793323524,-1.1864270410570024,91,86,0.6405470290958111,low_ip
608379,Michael Wacha,TBR,2021,528,124.66666666666667,23,107.33333333333333,5.420289855072464,3.9994,3.9109,0.1705,0.7867,0.114,32.47213779128673,95.6925,102.4308,-1.7297397909612608,-1.1885590881560502,85,87,0.8326469962162752,high_ip
676617,Riley O'Brien,CIN,2021,9,1.3333333333333333,1,1.3333333333333333,1.3333333333333333,8.9474,9.5666,-0.1111,0.6111,0.1667,47.61904761904761,81.3619,53.7538,-16.11504427199682,-1.3068971139588905,194,88,0.15181436032383572,low_ip
608566,German Marquez,COL,2021,756,180,32,180,5.625,4.0748,3.6417,0.1481,0.7424,0.1209,36.29842180774749,97.234,95.8905,-1.3752617155058955,-1.3257858170955363,80,89,0.8788354482139517,high_ip
666200,Jesus Luzardo,- - -,2021,437,95.33333333333333,18,85.33333333333333,5.296296296296296,4.7206,4.8418,0.1144,0.7175,0.132,38.795599305153445,101.9918,93.0725,-1.6460590012492569,-1.4164792641102306,84,90,0.8069802971498321,blended_ip
622694,Elieser Hernandez,MIA,2021,225,51.666666666666664,11,51.666666666666664,4.696969696969696,4.072,4.3252,0.1733,0.7871,0.1088,30.073349633251834,103.4803,101.4028,-3.380104636925245,-1.6969705849054126,98,91,0.7027261802824342,low_ip
596295,Austin Gomber,COL,2021,488,115.33333333333333,23,115.33333333333333,5.0144927536231885,4.2896,4.1755,0.1475,0.7538,0.1135,34.57590491626148,98.3873,102.3896,-2.3642881340513395,-1.9396191374576697,89,92,0.8289176433541936,high_ip
664141,JT Brubaker,PIT,2021,538,124.33333333333333,24,124.33333333333333,5.180555555555555,4.0399,4.0028,0.1691,0.7454,0.1199,35.85390946502058,93.6019,93.8849,-2.15980743590576,-2.0051486594418195,88,93,0.8389889147397304,high_ip
666205,Kyle Muller,ATL,2021,155,36.666666666666664,8,35.666666666666664,4.583333333333333,4.8518,4.8766,0.1097,0.7063,0.1315,38.70014771048744,95.3126,88.8443,-2.139462285847335,-2.0057149635763203,87,94,0.6469930695754312,low_ip
543101,Anthony DeSclafani,SFG,2021,676,167.66666666666666,31,167.66666666666666,5.408602150537634,4.1057,3.9542,0.1627,0.7735,0.1102,34.55824863174355,96.9803,102.3682,-2.424838650253408,-2.0123555800274686,90,95,0.8691289869157611,high_ip
592767,Drew Smyly,ATL,2021,546,126.66666666666667,23,115.66666666666667,5.507246376811595,4.4051,4.3887,0.1392,0.759,0.1187,33.84759233286583,103.7864,97.776,-2.767504681201601,-2.0705996060760388,92,96,0.8399410452911099,high_ip
542881,Tyler Anderson,- - -,2021,703,167,31,166.3,5.387096774193548,4.5684,4.6007,0.1366,0.7851,0.1153,30.66871637202152,104.484,104.7645,-3.0943896922833645,-2.2097817936412385,94,97,0.8712623520472077,high_ip
592789,Noah Syndergaard,NYM,2021,8,2,2,2,1,3.8686,3.8166,0.25,0.7857,0.1154,30.76923076923077,64.5869,56.0954,-15.370523532975342,-2.2829118080554003,189,98,0.11266695397793684,low_ip
601713,Nick Pivetta,BOS,2021,661,155,30,154,5.166666666666667,4.1547,4.2816,0.1664,0.7796,0.1056,35.40983606557377,104.347,100.733,-2.9709405239177373,-2.3648475357764878,93,99,0.8669995245917314,high_ip
665620,Deivi Garcia,NYY,2021,38,8.333333333333334,2,8.333333333333334,4.166666666666667,5.6523,6.4659,0.0789,0.7313,0.1176,39.869281045751634,96.6353,96.1353,-7.670027966289952,-2.3931980067819203,125,100,0.3629485613207964,low_ip
605452,Joe Ross,WSN,2021,460,108,19,103,5.684210526315789,4.0986,4.1152,0.163,0.7612,0.1094,34.588235294117645,93.7219,99.5256,-3.1651381460048564,-2.6920091152919117,96,101,0.8179448895163745,high_ip
502042,Chris Archer,TBR,2021,83,19.333333333333332,5,17.333333333333332,3.8666666666666663,4.3635,4.7943,0.1566,0.7533,0.1131,37.308868501529055,93.748,97.2291,-4.691015247753685,-2.718037923357087,106,102,0.513470935086691,low_ip
657006,Justin Steele,CHC,2021,248,57,9,43.666666666666664,6.333333333333333,4.3413,4.2079,0.129,0.7453,0.1131,38.27800829875518,100.4908,91.9465,-3.6459221449060566,-2.7548917225751293,101,103,0.7153129644577927,low_ip
666120,Ian Anderson,ATL,2021,535,128.33333333333334,24,128.33333333333334,5.347222222222222,4.3776,3.9572,0.1327,0.7379,0.1191,38.666666666666664,96.8327,100.1784,-3.1362573347836986,-2.8361225311199783,95,104,0.8432181369008667,high_ip
664285,Framber Valdez,HOU,2021,572,134.66666666666666,22,134.66666666666666,6.121212121212121,3.7919,3.5844,0.1171,0.7574,0.1019,39.04306220095693,101.8988,101.3861,-3.195590847985521,-2.8612288501483207,97,105,0.8475285393394203,high_ip
501985,Mike Minor,KCR,2021,669,158.66666666666666,28,158.66666666666666,5.666666666666666,4.2033,4.3189,0.1614,0.7794,0.1068,35.21556657764212,98.2778,104.2652,-3.560626053476352,-2.937065281905545,100,106,0.8674698592830065,high_ip
664062,Tony Gonsolin,LAD,2021,239,55.666666666666664,13,50.333333333333336,4.282051282051282,4.6466,4.6321,0.1297,0.7153,0.1263,39.696969696969695,95.1972,81.7318,-3.3839809869400437,-3.1247377209868326,99,107,0.7180395695834528,low_ip
471911,Carlos Carrasco,NYM,2021,237,53.666666666666664,12,53.666666666666664,4.472222222222222,4.4394,4.3183,0.135,0.7572,0.1237,34.08323959505062,91.308,97.0602,-4.707587755729479,-3.403999776169213,107,108,0.7132735636375127,low_ip
571927,Steven Matz,TOR,2021,647,150.66666666666666,29,150.66666666666666,5.195402298850574,4.1232,3.9439,0.1561,0.7982,0.0943,34.76730543605788,99.7665,106.0205,-4.32141684712398,-3.5143948557243494,104,109,0.8634571714537878,high_ip
663474,Triston McKenzie,CLE,2021,495,120,24,116.33333333333333,5,4.3586,4.5309,0.1576,0.7398,0.1256,36.911392405063296,93.5745,91.899,-4.0572520552731515,-3.5434447774996594,102,110,0.832155145648591,high_ip
642232,Ryan Yarbrough,TBR,2021,653,155,21,117,7.380952380952381,4.4517,4.5882,0.1378,0.8079,0.0932,33.31993569131833,106.7413,112.4704,-4.896844823947037,-3.6347007437442835,108,111,0.8541434926055849,high_ip
596001,Jakob Junis,KCR,2021,168,39.333333333333336,6,27.333333333333332,6.555555555555556,3.9046,3.8845,0.1726,0.7651,0.1053,35.406698564593306,95.0583,92.0512,-5.050425681805695,-3.673163864386129,109,112,0.6396249423899986,low_ip
668678,Zac Gallen,ARI,2021,523,121.33333333333333,23,121.33333333333333,5.275362318840579,4.0395,3.959,0.1721,0.7918,0.0913,37.82112274024738,102.1961,102.0769,-4.565458077389471,-3.756724324679084,105,113,0.8388397300696749,high_ip
592351,Jon Gray,COL,2021,644,149,29,149,5.137931034482759,4.1659,4.0375,0.1537,0.7553,0.11,36.933385888845095,95.2166,95.181,-4.2697679317764505,-3.840336676858815,103,114,0.8626494541126567,high_ip
672282,Reid Detmers,LAA,2021,101,20.666666666666668,5,20.666666666666668,4.133333333333334,5.2686,5.865,0.0792,0.7569,0.1161,36.41160949868074,99.6369,89.4953,-8.882060637451685,-4.141968355608204,140,115,0.5476346151340896,low_ip
643327,Zack Godley,MIL,2021,20,3.3333333333333335,1,3,3.3333333333333335,6.7614,7.6873,0,0.6667,0.125,48.86363636363637,79.5484,67.8043,-15.400832489352661,-4.1436758481409814,190,116,0.25529205634225643,low_ip
665795,Edward Cabrera,MIA,2021,120,26.333333333333332,7,26.333333333333332,3.761904761904762,5.3132,5.1377,0.075,0.7286,0.1183,40.871369294605806,97.954,82.6933,-7.647743074934864,-4.598856324427954,124,117,0.5902013778609239,low_ip
641778,Eric Lauer,MIL,2021,489,118.66666666666667,20,106.66666666666667,5.933333333333334,4.2424,4.2627,0.1554,0.7798,0.1058,35.787321063394685,95.7464,96.849,-5.6505481690137644,-4.612100281464394,110,118,0.827670287273047,high_ip
596133,Luke Weaver,ARI,2021,275,65.66666666666667,13,65.66666666666667,5.051282051282052,4.2862,4.2562,0.1527,0.778,0.1127,32.82236248872859,91.9094,98.204,-6.422370159479599,-4.664933934607776,115,119,0.7436718606576969,low_ip
448179,Rich Hill,- - -,2021,661,158.66666666666666,31,155.66666666666666,5.118279569892473,4.43,4.7011,0.1437,0.786,0.0978,33.37339743589743,105.3273,97.6561,-6.03511186258758,-4.939555690310357,112,120,0.8650198271407725,high_ip
668820,Max Kranick,PIT,2021,182,38.666666666666664,9,38.666666666666664,4.296296296296296,5.3613,5.7634,0.0714,0.7514,0.1306,35.90504451038576,92.831,92.9849,-8.143303585390482,-4.953931152554425,132,121,0.6628602394601593,low_ip
663567,Peter Lambert,COL,2021,30,5.666666666666667,2,5.666666666666667,2.8333333333333335,5.4048,5.6609,0.0333,0.8,0.0894,39.83739837398374,93.6385,92.8746,-17.734920899493783,-4.977343209068125,210,122,0.31858022589568086,low_ip
596071,Dillon Peters,PIT,2021,117,26.666666666666668,6,26.666666666666668,4.444444444444445,4.6254,4.5351,0.1111,0.7719,0.1174,32.731376975169304,90.5555,89.3016,-9.03585127382148,-5.08115582484149,142,123,0.5813934838150199,low_ip
663903,Brady Singer,KCR,2021,586,128.33333333333334,27,128.33333333333334,4.753086419753087,4.2976,4.1094,0.1331,0.7644,0.1019,36.335811106252734,96.5228,97.3221,-5.929432096224336,-5.133743144530564,111,124,0.8496751738249954,high_ip
660761,Jose Suarez,LAA,2021,413,98.33333333333333,14,71,7.023809523809524,4.4363,4.3302,0.1186,0.7591,0.1127,36.666666666666664,92.3471,98.1412,-6.303976391005111,-5.16649321038076,114,125,0.796060674313968,low_ip
605507,Zach Thompson,MIA,2021,315,75,14,63.666666666666664,5.357142857142857,4.5818,4.6496,0.1206,0.7561,0.1173,35.92964824120603,92.6599,91.8759,-6.75760620414956,-5.240122803352297,116,126,0.7577224190177392,low_ip
672578,Carlos Hernandez,KCR,2021,358,85.66666666666667,11,58.333333333333336,7.787878787878788,4.9122,4.9955,0.0922,0.7715,0.1074,39.12133891213389,101.0204,101.1899,-7.3995336791931745,-5.259514456660295,122,127,0.7736877682221948,low_ip
476594,Robert Stock,- - -,2021,45,9,3,9,3,6.4476,6.4638,0,0.7313,0.1071,42.857142857142854,96.6708,78.0073,-15.29069436579612,-5.26640132189413,187,128,0.3842854449191391,low_ip
501381,Michael Pineda,MIN,2021,458,109.33333333333333,21,106.33333333333333,5.2063492063492065,4.3607,4.2892,0.1463,0.7957,0.1049,30.931458699472756,92.449700000000007,94.7078,-6.793875358726108,-5.2825960341152784,118,129,0.8191457007019051,high_ip
663372,Ryan Feltner,COL,2021,33,6.333333333333333,2,6.333333333333333,3.1666666666666665,6.5187,7.4604,0.0303,0.7143,0.1127,44.36619718309859,87.2304,76.442,-15.77509671076186,-5.295811617182155,192,130,0.3419547459647637,low_ip
663959,Tyler Ivey,HOU,2021,20,4.666666666666667,1,4.666666666666667,4.666666666666667,5.2287,5.5518,0.1,0.8649,0.0633,30.37974683544304,90.1362,100.9048,-22.891249734148616,-5.3484339700259875,238,131,0.24839446435429402,low_ip
592879,Asher Wojciechowski,NYY,2021,19,4,1,4,4,6.2634,7.6988,0.0526,0.8235,0.0723,42.168674698795186,94.4554,82.6275,-25.11921934157167,-5.3980012133757596,247,132,0.25042464087608746,low_ip
658648,Pedro Avila,SDP,2021,20,4,1,4,4,5.0233,4.6844,0.1,0.8421,0.0714,38.095238095238095,87.5271,86.2221,-22.08813023823746,-5.537598604683201,234,133,0.2533252350460089,low_ip
571510,Matthew Boyd,DET,2021,337,78.66666666666667,15,78.66666666666667,5.2444444444444445,4.5627,4.7863,0.1306,0.7926,0.1053,32.36449332285939,98.4338,100.0351,-8.059285535113357,-5.681777165264299,131,134,0.7720224484292811,low_ip
657248,Glenn Otto,TEX,2021,111,23.333333333333332,6,23.333333333333332,3.888888888888889,3.8158,3.4924,0.1802,0.823,0.0893,30.80357142857143,94.5968,94.1852,-10.350584985294171,-5.68602887571403,152,135,0.5738912065063099,low_ip
547001,Cody Poteet,MIA,2021,132,30.666666666666668,7,30.666666666666668,4.380952380952381,4.7843,4.9496,0.1212,0.7665,0.1093,36.6120218579235,91.6042,91.5826,-9.321944028842243,-5.811831180329885,145,136,0.6133864367007797,low_ip
547943,Hyun-Jin Ryu,TOR,2021,701,169,31,169,5.451612903225806,4.1655,3.9448,0.1512,0.7954,0.0967,33.69282261063592,90.55,97.405,-6.8623588655071055,-5.925939014227944,119,137,0.8724154317412876,high_ip
672582,Angel Zerpa,KCR,2021,20,5,1,5,5,4.0675,3.2287,0.15,0.9,0.0441,35.294117647058826,88.2164,88.0884,-25.08589560843446,-5.962100654791164,246,138,0.23236805687123885,low_ip
641703,Brent Honeywell,TBR,2021,21,4.333333333333333,2,3,2.1666666666666665,5.4782,5.4366,0.0476,0.8333,0.0769,39.743589743589745,82.5223,77.7406,-26.087023170707845,-6.125401477105007,249,139,0.2426636748756333,low_ip
592826,Vince Velasquez,- - -,2021,417,94.33333333333333,21,88.3,4.492063492063492,4.7162,4.9773,0.1247,0.7482,0.1171,37.77142857142857,93.2097,91.3578,-7.444133810072456,-6.155248323995987,123,140,0.8054101260916755,blended_ip
657053,Touki Toussaint,ATL,2021,216,50,10,49,5,4.5794,4.5885,0.1204,0.7552,0.1012,39.51219512195122,96.2755,88.0837,-8.327140561479002,-6.190446570631186,135,141,0.6977559087770299,low_ip
571578,Patrick Corbin,WSN,2021,751,171.66666666666666,31,171.66666666666666,5.53763440860215,4.6096,4.2906,0.1105,0.7642,0.112,36.763636363636365,93.8859,98.6132,-7.195781973517287,-6.304263401944382,121,142,0.8767856153683063,high_ip
502043,Kyle Gibson,- - -,2021,754,182,30,177.66666666666666,6.066666666666666,4.3953,4.1368,0.1207,0.7689,0.1031,38.49357861853523,96.3864,98.2787,-7.1692715441620125,-6.354631351776002,120,143,0.8790754831397137,high_ip
641672,Thomas Hatch,TOR,2021,45,9.333333333333334,2,7.666666666666667,4.666666666666667,5.6433,6.1633,0.0444,0.8101,0.0904,40.963855421686745,97.2305,76.9952,-20.21240312885345,-6.40706459666013,227,144,0.37928831598692936,low_ip
544931,Stephen Strasburg,WSN,2021,95,21.666666666666668,5,21.666666666666668,4.333333333333334,5.3229,5.1,0.0737,0.7287,0.0967,44.751381215469614,93.4303,90.9616,-10.23566783248692,-6.442714528000529,150,145,0.5401899060059712,low_ip
656849,David Peterson,NYM,2021,287,66.66666666666667,15,66.66666666666667,4.444444444444445,4.2735,3.9268,0.1394,0.7611,0.1105,36.898395721925134,87.7669,88.6167,-8.019282579661782,-6.484655551135202,129,146,0.7482704174982516,low_ip
657756,Connor Seabold,BOS,2021,12,3,1,3,3,8.76,7.5225,-0.1667,0.8947,0.0465,37.2093023255814,85.2851,74.0707,-47.487708971162775,-6.532973100897577,263,147,0.165359600458202,low_ip
681867,Cooper Criswell,LAA,2021,10,1.3333333333333333,1,1.3333333333333333,1.3333333333333333,4.1735,4.4933,0,1,0,36.58536585365854,86.2424,84.801,-44.37488521491278,-6.5353464167583,262,148,0.15123224190077583,low_ip
431148,Scott Kazmir,SFG,2021,55,11.333333333333334,4,10.333333333333334,2.8333333333333335,5.1025,5.0174,0.0727,0.8218,0.087,36.231884057971016,95.9696,87.4033,-17.684182921112928,-6.5674405858592015,209,149,0.423136990204031,low_ip
641540,Dane Dunning,TEX,2021,511,117.66666666666667,25,114.66666666666667,4.706666666666667,4.1177,3.8717,0.1389,0.7806,0.1006,35.14929282346778,91.1806,88.3829,-7.753710355117517,-6.57814294808453,127,150,0.832368158462763,high_ip
624418,Ryan Castellani,COL,2021,17,3.3333333333333335,1,3.3333333333333335,3.3333333333333335,8.2142,8.5873,-0.1176,0.7692,0.0923,49.23076923076923,80.2822,52.9148,-35.45370062737827,-6.6460332689500685,259,151,0.21717473966183612,low_ip
592836,Taijuan Walker,NYM,2021,654,159,29,154.33333333333334,5.482758620689655,4.4235,4.4663,0.1391,0.7882,0.097,35.217903415783276,97.9078,96.2604,-7.846927752934164,-6.656101164800427,128,152,0.864704993443009,high_ip
657376,Clarke Schmidt,NYY,2021,38,6.333333333333333,1,4.333333333333333,6.333333333333333,5.1828,5.5103,0.0263,0.8286,0.0839,36.36363636363637,90.211,88.3348,-21.700349663409213,-6.658404066194042,232,153,0.34284872515806747,low_ip
669145,Bruce Zimmermann,BAL,2021,285,64.33333333333333,13,58.666666666666664,4.948717948717948,4.5897,4.4406,0.1193,0.7671,0.1077,37.10407239819005,89.6301,96.7659,-8.66186693916472,-6.664043403765463,138,154,0.7432536556021553,low_ip
621076,James Kaprielian,OAK,2021,502,119.33333333333333,21,111.33333333333333,5.682539682539682,4.2165,4.5567,0.1633,0.7616,0.1087,36.808300395256914,87.5341,87.9933,-7.695562265137239,-6.705465290407619,126,155,0.8319907904469994,high_ip
595939,Chris Ellis,- - -,2021,121,29.333333333333332,6,25.333333333333332,4.888888888888888,5.3521,5.4036,0.0744,0.7812,0.1017,37.96680497925311,94.6517,97.5165,-12.4095170818544,-6.8015042704266815,170,156,0.5895994289446017,low_ip
489119,Wade Miley,CIN,2021,690,163,28,163,5.821428571428571,4.5182,4.073,0.1087,0.785,0.1007,37.191358024691354,98.3566,98.7957,-8.042873925203521,-6.874388925464678,130,157,0.8696115346177264,high_ip
650644,Aaron Civale,CLE,2021,498,124.33333333333333,21,124.33333333333333,5.92063492063492,4.4076,4.3236,0.1365,0.8013,0.0938,36.19696176008381,93.6677,102.6305,-8.45020246031207,-6.8824157154430035,136,158,0.8339813704252913,high_ip
607200,Erick Fedde,WSN,2021,590,133.33333333333334,27,131.66666666666666,4.938271604938272,4.2988,4.0609,0.1356,0.7959,0.09,39.045643153526974,94.5633,104.0175,-8.223518108596236,-7.0066723938727815,133,159,0.8523863836902745,high_ip
527054,Julio Teheran,DET,2021,20,5,1,5,5,6.3242,5.8873,0,0.8837,0.0556,35.55555555555556,91.0627,93.7633,-31.113141966025125,-7.073949691780611,256,160,0.2647700420298628,low_ip
592866,Trevor Williams,- - -,2021,405,91,15,68.66666666666667,6.066666666666666,4.1418,3.9609,0.1457,0.7914,0.1008,34.35263500325309,92.2219,95.2008,-8.994437785902994,-7.080385976335471,141,161,0.790944986917375,low_ip
518516,Madison Bumgarner,ARI,2021,613,146.33333333333334,26,146.33333333333334,5.628205128205129,4.5663,4.8515,0.1387,0.802,0.0963,32.51961639058413,101.0871,94.2484,-8.703851435272432,-7.08927369504505,139,162,0.8568070193099724,high_ip
425794,Adam Wainwright,STL,2021,828,206.33333333333334,32,206.33333333333334,6.447916666666667,4.1344,3.8719,0.1498,0.8128,0.0812,34.51760104302477,96.1692,97.4088,-8.268017089563163,-7.220736552063872,134,163,0.8890062178388877,high_ip
676083,Janson Junk,LAA,2021,71,16.333333333333332,4,16.333333333333332,4.083333333333333,4.8995,4.9054,0.1127,0.8279,0.085,33.603238866396765,90.9441,98.4388,-16.33454442791933,-7.227305935963908,197,164,0.47155585443448966,low_ip
669211,Keegan Akin,BAL,2021,427,95,17,77,5.588235294117647,4.919,5.1844,0.0984,0.8016,0.0973,34.502262443438916,104.8218,99.8394,-10.046353037725352,-7.241995191752593,149,165,0.803287941883383,low_ip
663554,Casey Mize,DET,2021,612,150.33333333333334,30,150.33333333333334,5.011111111111111,4.4497,4.3749,0.1258,0.7933,0.0942,36.74162070428511,97.7175,99.4803,-8.62355718732242,-7.260986098608445,137,166,0.8583569521060629,high_ip
675921,Spencer Howard,- - -,2021,229,49.666666666666664,15,43.666666666666664,3.311111111111111,4.7985,4.9841,0.1092,0.7656,0.1047,37.39316239316239,95.2364,84.3618,-10.41471011624702,-7.433759388364826,154,167,0.7068802023198629,low_ip
663738,Daniel Lynch IV,KCR,2021,311,68,15,68,4.533333333333333,5.1909,5.2241,0.0772,0.758,0.1146,38.74303898170247,91.6151,94.8531,-9.782228063425318,-7.4696841933892975,147,168,0.7608849345385638,low_ip
456501,Johnny Cueto,SFG,2021,490,114.66666666666667,21,112.33333333333333,5.4603174603174605,4.4326,4.2736,0.1388,0.8051,0.0969,34.98402555910543,88.472,99.9203,-9.201261144714838,-7.483783512370238,143,169,0.8285876021208091,high_ip
643290,Justin Dunn,SEA,2021,218,50.333333333333336,11,50.333333333333336,4.575757575757576,5.1772,5.6086,0.0917,0.7931,0.0966,37.35632183908046,102.7282,93.8841,-11.82446802474274,-7.511879272315566,164,170,0.7029173994013459,low_ip
669212,Eli Morgan,CLE,2021,379,89.33333333333333,18,89.33333333333333,4.962962962962963,4.512,4.9158,0.1557,0.7887,0.1061,33.59264497878359,88.245,93.3718,-9.612786586259405,-7.516608211683695,146,171,0.7911843926122204,blended_ip
675912,Zac Lowther,BAL,2021,138,29.666666666666668,6,23.666666666666668,4.944444444444445,4.5011,4.7698,0.1232,0.7661,0.1016,38.003502626970224,87.8738,85.9326,-11.310674201320001,-7.555928584151523,163,172,0.6115838431677534,low_ip
641771,Chad Kuhl,PIT,2021,349,80.33333333333333,14,67,5.738095238095238,4.8927,4.8985,0.0946,0.73740000000000006,0.1086,41.57381615598886,94.1206,80.1917,-9.314719308944643,-7.789440217498521,144,173,0.7756617396275206,low_ip
502239,Trevor Cahill,PIT,2021,166,37,8,35.666666666666664,4.625,4.4133,4.1348,0.1084,0.7979,0.0887,38.496240601503764,95.3865,92.8152,-12.261879306577647,-7.853172362617188,168,174,0.6515103940450926,low_ip
657140,Kyle Wright,ATL,2021,35,6.333333333333333,2,6.333333333333333,3.1666666666666665,5.9238,8.3243,0.0286,0.7451,0.0977,43.609022556390975,82.0986,57.9562,-23.474944267440176,-7.9729601868784,242,175,0.33662247227045416,low_ip
548389,Ross Stripling,TOR,2021,431,101.33333333333333,19,86.33333333333333,5.333333333333333,4.3482,4.5953,0.1485,0.7907,0.0985,36.358244365361806,90.5967,92.6455,-10.256413039571113,-8.27449900621173,151,176,0.8055506805566469,blended_ip
518876,Merrill Kelly,ARI,2021,667,158,27,158,5.851851851851852,4.425,4.2438,0.1334,0.8183,0.0882,33.56701030927835,93.793,97.4361,-9.944737332623236,-8.346735823747153,148,177,0.8652161184278849,high_ip
502179,Paolo Espino,WSN,2021,455,109.66666666666667,19,86,5.771929824561404,4.3405,4.4558,0.1473,0.8137,0.0847,34.5821325648415,96.5359,99.2267,-10.721587063249965,-8.390159957342426,156,178,0.8102547509610118,blended_ip
663804,Jackson Kowar,KCR,2021,154,30.333333333333332,8,27.333333333333332,3.7916666666666665,5.4594,5.8186,0.0584,0.7649,0.0998,41.679873217115684,95.263,85.89,-13.976479514418706,-8.641259027641093,178,179,0.6327734288710857,low_ip
640464,Kohl Stewart,CHC,2021,64,13.666666666666666,3,12.666666666666666,4.555555555555555,4.8334,4.8656,0.0781,0.8081,0.0802,42.616033755274266,92.9313,74.4456,-19.45817651290279,-8.645061789302762,221,180,0.45296876217538073,low_ip
664337,Miguel Yajure,PIT,2021,68,15,3,11.333333333333334,5,5.4168,5.7735,0.0588,0.7961,0.0879,40.1673640167364,85.4072,91.933,-19.073972052485658,-8.660464790894867,217,181,0.45481329289938266,low_ip
527048,Martin Perez,BOS,2021,509,114,22,100,5.181818181818182,4.5217,4.4788,0.1198,0.8189,0.0833,35.86021505376344,96.2511,102.4365,-10.920495146170813,-8.745854113136705,158,182,0.825706188894108,high_ip
605164,Dylan Bundy,LAA,2021,397,90.66666666666667,19,85.66666666666667,4.771929824561404,4.56,4.6644,0.1259,0.7855,0.0951,34.90813648293963,93.5028,91.2193,-11.032113258265273,-8.772038605440718,160,183,0.7955639754617442,blended_ip
641541,Jon Duplantier,ARI,2021,70,13,4,13,3.25,5.2981,5.6674,0.0571,0.8205,0.0778,38.88888888888889,94.754,87.9883,-20.195831793070884,-8.825477514554194,226,184,0.4736558003447774,low_ip
668676,Zach Plesac,CLE,2021,598,142.66666666666666,25,142.66666666666666,5.706666666666666,4.7342,4.7698,0.1104,0.7788,0.1125,33.92290249433106,85.002,93.8237,-10.424430158747775,-8.836598992809913,155,185,0.8535154793086647,high_ip
572070,Garrett Richards,BOS,2021,617,136.66666666666666,22,110.33333333333333,6.212121212121212,4.8255,4.7084,0.0891,0.7982,0.0987,35.56413556413556,98.9326,98.5028,-10.919842094962947,-8.899484232856706,157,186,0.8471455967764289,high_ip
668968,Hans Crouse,PHI,2021,32,7,2,7,3.5,9.3936,8.8753,-0.1562,0.75,0.1221,42.74809160305343,74.1762,74.6468,-31.969050057891316,-8.956842656795132,257,187,0.3328502861743347,low_ip
607536,Kyle Freeland,COL,2021,515,120.66666666666667,23,120.66666666666667,5.246376811594203,4.4428,4.2578,0.1301,0.8113,0.0854,35.79003181336161,93.4942,95.8135,-10.94086302992988,-8.995643820437678,159,188,0.8344045796067023,high_ip
543475,Jordan Lyles,TEX,2021,769,180,30,167,6,4.6982,4.7347,0.117,0.7808,0.1049,35.99865047233468,89.5897,95.4603,-10.3591519106073,-9.066535585032472,153,189,0.8787728012544138,high_ip
666129,Braxton Garrett,MIA,2021,159,34,7,31,4.857142857142857,5.1459,4.63,0.0755,0.7865,0.0944,37.58278145695364,93.3501,86.7595,-14.641937649931943,-9.16646634916567,182,190,0.6363861494682947,low_ip
608328,Chase De Jong,PIT,2021,196,43.666666666666664,9,43.666666666666664,4.851851851851851,5.0607,5.3842,0.102,0.7989,0.0942,36.774193548387096,93.7207,92.4493,-14.245530276956545,-9.31028462312876,181,191,0.6823262018211383,low_ip
643615,T.J. Zeuch,TOR,2021,74,15,3,11,5,6.242,6.6087,-0.0135,0.8467,0.0734,36.71328671328671,98.6498,101.618,-24.07055143685806,-9.424428346721637,243,192,0.4789826074344169,low_ip
622608,Antonio Senzatela,COL,2021,670,156.66666666666666,28,156.66666666666666,5.595238095238095,4.44,4.1689,0.109,0.8191,0.0861,35.46777546777547,93.1639,99.3372,-11.23707728857006,-9.503604959472412,162,193,0.8649546855116098,high_ip
663465,Kolby Allard,TEX,2021,534,124.66666666666667,17,91.66666666666667,7.333333333333334,4.4077,4.6366,0.1367,0.8206,0.0867,34.56669912366115,94.5125,95.4123,-11.939697985436403,-9.595267004526162,165,194,0.828287145916574,blended_ip
425844,Zack Greinke,HOU,2021,697,171,29,168.66666666666666,5.896551724137931,4.5359,4.2079,0.1205,0.8003,0.0916,36.43771827706635,88.4888,97.2229,-11.086366299628866,-9.632355720627212,161,195,0.8710330011416586,high_ip
670912,Johan Oviedo,STL,2021,288,62.333333333333336,13,57.666666666666664,4.794871794871795,5.3916,5.2166,0.0486,0.7573,0.1077,39.226519337016576,92.1064,86.5401,-12.859994342935524,-9.68093492205796,174,196,0.7427609839100359,low_ip
543606,Jake Odorizzi,HOU,2021,441,104.66666666666667,23,100.66666666666667,4.550724637681159,4.6205,4.818,0.1293,0.8042,0.0958,36.816459122902,88.1936,94.7905,-12.323051478088827,-9.958507730655,169,197,0.8172331426637878,high_ip
650668,Humberto Mejia,ARI,2021,105,22.333333333333332,5,22.333333333333332,4.466666666666667,4.9335,4.879,0.1048,0.8143,0.0926,36.104513064133016,85.4028,83.9682,-18.136806731440547,-10.029249120635445,211,198,0.5627029945656149,low_ip
605347,Jorge Lopez,BAL,2021,555,121.66666666666667,25,113.33333333333333,4.866666666666667,4.6458,4.479,0.1009,0.8091,0.0831,38.227146814404435,99.7289,98.3643,-12.182351249086285,-10.038077127181696,167,199,0.840414767283413,high_ip
642203,Taylor Widener,ARI,2021,319,70.33333333333333,13,61,5.41025641025641,4.8083,5.2789,0.1129,0.7855,0.097,37.79786359901397,90.226,90.4063,-13.2498679483018,-10.082222346865775,175,200,0.7584236532667669,low_ip
669424,Jimmy Lambert,CHW,2021,60,13,3,11.666666666666666,4.333333333333333,5.7281,6.4636,0.0667,0.8475,0.0732,39.43089430894309,91.4981,85.0133,-24.92327086195599,-10.090229976052605,244,201,0.45084282592612335,low_ip
502624,Chase Anderson,PHI,2021,215,48,9,36.333333333333336,5.333333333333333,5.2771,5.6487,0.0698,0.7812,0.1009,37.79342723004695,89.2081,90.5867,-15.013505356599302,-10.208684198667,184,202,0.6901501610712432,low_ip
615698,Cal Quantrill,CLE,2021,616,149.66666666666666,22,121,6.803030303030303,4.5234,4.4321,0.1201,0.7995,0.0933,37.335596096733134,89.9908,92.4161,-12.015220779177367,-10.229216454010917,166,203,0.8509710719303596,high_ip
641447,Daniel Castano,MIA,2021,92,20.333333333333332,4,17.333333333333332,5.083333333333333,5.3982,5.215,0.0543,0.8354,0.0811,35.73573573573574,91.1046,88.8537,-21.534224354094903,-10.36252426978581,229,204,0.5227113683174077,low_ip
676050,Packy Naughton,LAA,2021,108,22.666666666666668,5,17.333333333333332,4.533333333333333,5.9378,5.4976,-0.0185,0.7889,0.0992,38.90339425587467,84.7638,94.9385,-19.873897425625817,-10.42846674366029,223,205,0.5482803908878816,low_ip
650496,JC Mejia,CLE,2021,238,52.333333333333336,11,42.333333333333336,4.757575757575758,4.7452,4.7085,0.0966,0.8058,0.0886,38.187372708757636,95.2704,85.4139,-15.261323888684489,-10.534536243369297,186,206,0.7118234336924825,low_ip
623167,Chris Flexen,SEA,2021,741,179.66666666666666,31,179.66666666666666,5.795698924731182,4.6995,4.5559,0.1147,0.8271,0.0857,35.04091070793312,92.8058,100.8367,-12.439052395080978,-10.61324007312358,171,207,0.8780095789458016,high_ip
656457,Tyler Gilbert,ARI,2021,157,40,6,36.333333333333336,6.666666666666667,5.2092,5.0873,0.0764,0.8376,0.085,32.83333333333333,97.1343,89.2378,-18.626363877549313,-10.677366886633736,213,208,0.6400230793666396,low_ip
640444,Wil Crowe,PIT,2021,524,116.66666666666667,25,116,4.666666666666667,4.8582,4.8985,0.1031,0.764,0.1046,40.304007369875634,88.5665,92.4485,-12.5241190172532,-10.706652249758537,173,209,0.8381553841816215,high_ip
592716,Adrian Sampson,CHC,2021,145,35.333333333333336,5,24,7.066666666666667,4.2922,4.6713,0.1379,0.8139,0.0921,37.00361010830325,80.7546,85.5765,-16.858202272370796,-10.729028894550328,203,210,0.613788146443197,low_ip
543294,Kyle Hendricks,CHC,2021,785,181,32,181,5.65625,4.7011,4.6071,0.1108,0.8164,0.089,32.75186899252403,91.7145,94.7845,-12.455473375522999,-10.731181706550924,172,211,0.8809483791792286,high_ip
571945,Miles Mikolas,STL,2021,186,44.666666666666664,9,44.666666666666664,4.962962962962963,4.553,4.2746,0.1075,0.8406,0.0776,32.15796897038082,91.7546,97.4803,-17.246430859902784,-10.941047638264571,205,212,0.6727689984330538,low_ip
663531,Logan Allen,CLE,2021,222,50.333333333333336,11,44.333333333333336,4.575757575757576,4.8597,4.8444,0.0901,0.8175,0.0812,38.901601830663616,94.9483,93.3293,-16.432862407503407,-11.03828332210438,198,213,0.7007852395195745,low_ip
453281,Wade LeBlanc,- - -,2021,221,49,9,36.4,5.444444444444445,5.47,5.7206,0.0543,0.8027,0.0919,36.523929471032744,94.3578,91.3037,-17.172485870309725,-11.162419519258863,204,214,0.6882656916171419,low_ip
519043,Matt Moore,PHI,2021,334,73,13,56.333333333333336,5.615384615384615,5.1649,5.2631,0.0749,0.8068,0.0909,36.68261562998405,98.8024,87.9224,-15.570156700216165,-11.21823481918552,191,215,0.7612397699542044,low_ip
663460,Kris Bubic,KCR,2021,556,130,20,103.66666666666667,6.5,4.7319,4.5679,0.0989,0.7864,0.0954,37.87465940054496,87.5148,90.4704,-13.57870134212284,-11.492930759581068,176,216,0.837364032864282,high_ip
669935,A.J. Alexy,TEX,2021,97,23,4,19.333333333333332,5.75,6.564,6.4944,0,0.7957,0.0896,42.21698113207547,91.6284,83.1846,-22.796381331375496,-11.623545152213854,237,217,0.5527503893260656,low_ip
608344,Cole Irvin,OAK,2021,768,178.33333333333334,32,178.33333333333334,5.572916666666667,4.8485,4.8225,0.1081,0.8267,0.0895,32.10290827740492,90.0691,95.7089,-13.658546901045943,-11.66619622854403,177,218,0.878395651440445,high_ip
594835,Marco Gonzales,SEA,2021,585,143.33333333333334,25,143.33333333333334,5.733333333333333,4.9419,5.1579,0.1128,0.8099,0.0912,35.327022375215144,92.8338,93.5655,-14.06611402229596,-11.749023055352374,180,219,0.853943247751923,high_ip
641745,Brad Keller,KCR,2021,613,133.66666666666666,26,133.66666666666666,5.1410256410256405,4.8373,4.5652,0.0914,0.795,0.0911,38.88415672913118,91.0719,93.7986,-14.047897923654299,-12.000715469776502,179,220,0.8542880125404682,high_ip
533167,Matt Shoemaker,MIN,2021,284,60.333333333333336,11,50.666666666666664,5.484848484848485,5.4296,5.4413,0.0458,0.7897,0.1034,35.80827067669173,87.077,89.8431,-16.764132333548364,-12.106000369575268,202,221,0.736651103821786,low_ip
571676,Seth Frankoff,ARI,2021,74,14.666666666666666,3,13.666666666666666,4.888888888888888,5.7394,6.0854,0.027,0.8333,0.0769,40.76923076923077,84.7397,78.6925,-26.93748033945208,-12.187260018547041,250,222,0.4747157375442021,low_ip
547942,Kwang-hyun Kim,STL,2021,452,106.66666666666667,21,96.66666666666667,5.07936507936508,4.85,4.6989,0.0907,0.7972,0.088,38.34080717488789,88.2009,94.9641,-14.915936220731515,-12.20752328465871,183,223,0.8155679547014687,blended_ip
669169,Jonathan Heasley,KCR,2021,59,14.666666666666666,3,14.666666666666666,4.888888888888888,5.5145,5.6602,0.0508,0.875,0.056,40.8,86.8899,92.5405,-28.61648057971929,-12.302273916592448,253,224,0.45792920219589034,low_ip
643377,Griffin Jax,MIN,2021,360,82,14,69.33333333333333,5.857142857142857,5.1112,5.7548,0.1,0.8018,0.0954,35.79626972740316,89.3608,89.674,-16.162200358370228,-12.3175822371576,195,225,0.7779088565980586,low_ip
643230,Steven Brault,PIT,2021,127,27.666666666666668,7,27.666666666666668,3.9523809523809526,5.4165,5.3744,0.0551,0.8133,0.0904,36.74698795180723,84.4872,84.4459,-21.137802027882312,-12.351598517554827,228,226,0.5990696902611594,low_ip
592314,Mike Foltynewicz,TEX,2021,586,139,24,130,5.791666666666667,4.8984,5.0557,0.1041,0.8292,0.0805,35.37567084078712,95.5574,95.5961,-15.232350741737946,-12.559262391478372,185,227,0.8495220242730157,high_ip
661269,Vladimir Gutierrez,CIN,2021,496,114,22,114,5.181818181818182,5.0806,5.1087,0.0847,0.7909,0.0956,36.75587110868378,88.3145,92.2885,-15.349851033242455,-12.662014527364502,188,228,0.829056224041723,high_ip
571666,Mike Fiers,OAK,2021,45,9.333333333333334,2,9.333333333333334,4.666666666666667,5.9247,6.2199,0.0222,0.8986,0.0461,36.18421052631579,83.2837,77.5705,-36.501694524351244,-12.782295749592457,260,229,0.3731880152823944,low_ip
642028,Josh Rogers,WSN,2021,151,35.666666666666664,6,35.666666666666664,5.944444444444444,5.7781,6.0029,0.053,0.8196,0.0863,36.02251407129456,89.8738,86.4761,-21.608908556664144,-12.882992353265266,230,230,0.6270785378134113,low_ip
677976,Randy Dobnak,MIN,2021,228,50.666666666666664,6,34.333333333333336,8.444444444444445,4.5296,4.3017,0.0658,0.8412,0.0745,36.732026143790854,88.353,99.8653,-19.415000649097717,-13.03029655505155,220,231,0.686677210774804,low_ip
621219,Alec Mills,CHC,2021,517,119,20,99.33333333333333,5.95,4.4957,4.3279,0.1025,0.8369,0.0739,35.692148760330575,91.8249,88.1895,-15.993767453745814,-13.087750970544088,193,232,0.8275885519163976,blended_ip
626929,Lewis Thorpe,MIN,2021,66,15.333333333333334,4,14.333333333333334,3.8333333333333335,5.9584,5.483,-0.0152,0.8632,0.0637,34.66135458167331,85.4059,86.3924,-30.627233396750217,-13.247823144116655,255,233,0.4647094521956845,low_ip
665152,Dean Kremer,BAL,2021,245,53.666666666666664,13,53.666666666666664,4.128205128205128,5.2609,5.7321,0.0898,0.8188,0.0822,39.249492900608516,90.8062,90.4407,-19.118269911882646,-13.376977577563926,218,234,0.7218896788026725,low_ip
656954,Justus Sheffield,SEA,2021,385,80.33333333333333,15,73.66666666666667,5.355555555555555,5.3456,5.261,0.0519,0.8083,0.0844,38.9795918367347,95.3077,92.9796,-17.584244280394653,-13.419764653592107,208,235,0.7871165119002976,low_ip
607231,John Gant,- - -,2021,491,110,21,89.66666666666667,5.238095238095238,5.4894,5.073,0.0428,0.779,0.0947,40.65822784810126,96.569,87.7198,-16.569458451641815,-13.484781329229035,199,236,0.8210368317830462,blended_ip
518774,Matt Harvey,BAL,2021,582,127.66666666666667,28,127.66666666666667,4.559523809523809,4.854,4.8108,0.0997,0.8332,0.0797,35.88709677419355,89.1922,95.3463,-16.317898618717418,-13.574823439403284,196,237,0.8484354213851295,high_ip
669060,Bryse Wilson,- - -,2021,322,74,16,73.3,4.625,5.2687,5.1004,0.0745,0.8258,0.088,33.45070422535211,89.1634,95.0581,-18.63282544802945,-13.637097654648933,214,238,0.7610841462373048,low_ip
570632,Jose Urena,DET,2021,456,100.66666666666667,18,83,5.592592592592593,5.0588,4.8748,0.0548,0.8064,0.0897,38.82005899705015,91.5537,89.8071,-17.389889435479507,-13.835537394441458,206,239,0.808594351381679,blended_ip
621112,Paul Blackburn,OAK,2021,175,38.333333333333336,9,38.333333333333336,4.2592592592592595,4.7073,4.5477,0.0914,0.8566,0.0602,39.94126284875183,87.4872,102.8814,-21.765380183148572,-13.958491981513642,233,240,0.6599628977247114,low_ip
605288,Adrian Houser,MIL,2021,599,142.33333333333334,26,135.33333333333334,5.4743589743589745,4.7254,4.3117,0.0684,0.8354,0.0719,39.41326530612245,95.2505,97.2575,-16.72466396899158,-14.04241924394122,201,241,0.8535407722007254,high_ip
593372,Carlos Martinez,STL,2021,363,82.33333333333333,16,82.33333333333333,5.145833333333333,5.1846,5.0838,0.0579,0.8194,0.0827,36.377829820452774,92.4602,92.0454,-18.757761635173694,-14.217237617032074,215,242,0.779921490672752,blended_ip
677960,Ryan Weathers,SDP,2021,401,94.66666666666667,18,69.33333333333333,5.2592592592592595,4.7004,4.7075,0.1047,0.8368,0.073,37.35312306740878,93.4085,92.6231,-18.50722857408318,-14.219682842967616,212,243,0.7923518673979759,low_ip
457918,J.A. Happ,- - -,2021,671,152.33333333333334,30,152.33333333333334,5.077777777777778,4.8891,5.1092,0.1103,0.8305,0.0808,37.284966342557965,91.8775,92.2283,-16.723024063649262,-14.239916987569071,200,244,0.8667859106901651,high_ip
592717,Aaron Sanchez,SFG,2021,156,35.333333333333336,7,30.333333333333332,5.047619047619048,4.96,5.0093,0.0705,0.8221,0.0756,40,83.0497,83.6247,-22.604185212708067,-14.474305106463898,235,245,0.6329622835947474,low_ip
595191,Jerad Eickhoff,NYM,2021,104,19.666666666666668,4,17,4.916666666666667,5.9705,6.7019,0.0288,0.8343,0.0812,36.97478991596639,81.1416,76.0691,-28.46855222659427,-14.647249126625093,252,246,0.5381203629838736,low_ip
685503,Kohei Arihara,TEX,2021,178,40.666666666666664,10,40.666666666666664,4.066666666666666,5.3903,5.4999,0.0618,0.83,0.0733,38.793103448275865,87.4416,90.0114,-22.787753042923637,-14.798876435187589,236,247,0.6647963885293972,low_ip
503449,Wily Peralta,DET,2021,402,93.66666666666667,18,92.33333333333333,5.203703703703704,5.2728,4.9909,0.0498,0.8071,0.0869,39.83268983268983,88.6906,91.3306,-19.149663772590568,-15.204565419079524,219,248,0.8006881470232455,blended_ip
572971,Dallas Keuchel,CHW,2021,720,162,30,156.33333333333334,5.4,5.006,4.7442,0.05,0.8015,0.0873,39.03154805575935,85.0938,95.8774,-17.56940104663501,-15.333366731983572,207,249,0.8716082941017851,high_ip
656605,Mitch Keller,PIT,2021,470,100.66666666666667,23,100.66666666666667,4.3768115942028984,4.9782,4.904,0.0915,0.8194,0.0823,37.72874058127018,87.5626,82.1912,-19.06984966031614,-15.601500368638327,216,250,0.8212719847364197,high_ip
474463,Brett Anderson,MIL,2021,409,96,24,96,4,4.5293,4.0938,0.0733,0.8401,0.0656,41.04774535809019,86.7426,92.0904,-19.492850008768578,-15.666557662952762,222,251,0.8027591746626999,blended_ip
528748,Humberto Castellanos,ARI,2021,196,45.666666666666664,7,34,6.523809523809524,5.1719,5.219,0.0714,0.8669,0.0592,35.26170798898072,91.4303,92.2582,-25.053208086574003,-15.934409182295024,245,252,0.6700239884875323,low_ip
642545,Jaime Barria,LAA,2021,250,56.666666666666664,11,50.666666666666664,5.151515151515151,5.2119,5.0392,0.064,0.8349,0.0763,37.51363140676118,85.911,85.9857,-23.036094710186987,-16.201291283939668,240,253,0.7178523010537294,low_ip
453562,Jake Arrieta,- - -,2021,469,98.66666666666667,24,98.66666666666667,4.111111111111112,5.0004,4.8497,0.0832,0.8331,0.071,38.144329896907216,89.1941,87.275,-20.10753239772413,-16.330786089974094,224,254,0.818113553558618,blended_ip
452657,Jon Lester,- - -,2021,627,141.33333333333334,28,141.33333333333334,5.047619047619048,5.3443,5.0859,0.0574,0.8108,0.0866,38.991596638655466,85.7421,89.17,-20.194383944147546,-17.250677842858103,225,255,0.857805971494746,high_ip
666159,Matt Manning,DET,2021,385,85.33333333333333,18,85.33333333333333,4.7407407407407405,5.2703,5.126,0.0623,0.8544,0.0683,35.186488388458834,88.2851,94.6177,-22.994865252966918,-17.592823161654678,239,256,0.7903540054160773,blended_ip
663734,Nick Neidert,MIA,2021,157,35.666666666666664,7,31.666666666666668,5.095238095238095,6.4689,6.7221,-0.0127,0.8333,0.0753,37.79264214046823,88.2301,76.402,-29.459753250358386,-17.777561654574725,254,257,0.6352828399950421,low_ip
649144,Alex Wells,BAL,2021,197,42.666666666666664,8,37,5.333333333333333,5.7058,6.0578,0.0508,0.8514,0.0637,36.87002652519894,85.6995,88.8714,-27.34354872869826,-17.891876109340473,251,258,0.6756851046320002,low_ip
657093,Spenser Watkins,BAL,2021,255,54.666666666666664,10,46,5.466666666666667,5.4209,5.5917,0.0627,0.8451,0.0708,38.333333333333336,81.7563,90.2304,-25.613422373812877,-18.099304303287724,248,259,0.7190951130178761,low_ip
592346,Chi Chi Gonzalez,COL,2021,448,101.66666666666667,18,87,5.648148148148149,5.2913,5.0848,0.0625,0.859,0.0679,34.74006116207951,89.2311,91.2793,-23.352600131378637,-18.266026151665752,241,260,0.8074403257626961,blended_ip
605200,Zach Davies,CHC,2021,668,148,32,148,4.625,5.3611,5.0274,0.0584,0.7902,0.0896,39.85254171517268,73.0316,85.8205,-21.671129931404295,-19.042023346500123,231,261,0.8646966320989626,high_ip
664045,Thomas Eshelman,BAL,2021,126,27.666666666666668,6,21,4.611111111111112,6.1921,6.4374,0.0079,0.8718,0.0567,36.734693877551024,71.8981,79.1056,-36.786671393282816,-21.04142021838187,261,262,0.5791930210035653,low_ip
656212,Charlie Barnes,MIN,2021,175,38,8,33.333333333333336,4.75,5.9252,6.2965,0.0229,0.8459,0.0687,38.778625954198475,71.4149,80.4308,-32.37239938051179,-21.190200849260414,258,263,0.6527038314025159,low_ip
594798,Jacob deGrom,NYM,2022,239,64.33333333333333,11,64.33333333333333,5.848484848484848,1.586,1.5341,0.3933,0.6133,0.2106,30.744680851063833,116.7996,127.6959,43.634934409624044,30.82927231883913,1,1,0.7224797129715941,low_ip
675911,Spencer Strider,ATL,2022,528,131.66666666666666,20,107.33333333333333,6.583333333333333,2.406,2.2958,0.2973,0.6901,0.1546,34.387351778656125,117.4408,111.5522,23.552702952287248,19.45211792800184,3,2,0.8368270940852202,high_ip
663556,Shane McClanahan,TBR,2022,641,166.33333333333334,28,166.33333333333334,5.940476190476191,2.816,2.5961,0.2434,0.6864,0.1551,33.17092976045473,117.4928,117.0902,21.03873506107663,18.146442205399897,5,3,0.865192721289139,high_ip
660271,Shohei Ohtani,LAA,2022,660,166,28,166,5.928571428571429,2.7332,2.6518,0.2652,0.6932,0.1495,34.42373526055535,118.0237,116.3302,20.83959993397834,18.00567316330479,6,4,0.8682758456995259,high_ip
571760,Andrew Heaney,LAD,2022,310,72.66666666666667,14,64.66666666666667,5.190476190476191,2.4564,2.8299,0.2935,0.6683,0.1683,33.170731707317074,106.7348,110.3412,23.37380278822238,17.054326040691777,4,5,0.7582151388748498,low_ip
669203,Corbin Burnes,MIL,2022,797,202,33,202,6.121212121212121,2.9112,2.8515,0.2409,0.6728,0.1509,36.713500305436774,115.3189,116.5193,19.070825919426643,16.677905559952,7,6,0.8880386450197533,high_ip
543037,Gerrit Cole,NYY,2022,793,200.66666666666666,33,200.66666666666666,6.08080808080808,2.7733,2.7743,0.261,0.7021,0.1429,34.30054978619425,115.6514,115.1934,18.73642756840586,16.544071832438295,8,7,0.8876263930992901,high_ip
607074,Carlos Rodon,SFG,2022,710,178,31,178,5.741935483870968,2.8262,2.9067,0.2606,0.7161,0.141,33.70184254606365,114.1282,113.3258,17.056121341401457,14.947266502411038,9,8,0.8769979141207476,high_ip
592332,Kevin Gausman,TOR,2022,725,174.66666666666666,31,174.66666666666666,5.634408602150537,2.9381,2.7549,0.2441,0.7213,0.1552,29.82393100970176,104.975,111.5882,16.673711965474208,14.694828087400506,10,9,0.8758824078200691,high_ip
605400,Aaron Nola,PHI,2022,807,205,32,205,6.40625,2.8025,2.7696,0.2553,0.7437,0.1264,30.766699572227708,110.9234,115.4609,15.114685332036922,13.514449578096109,13,10,0.8874573022594935,high_ip
453286,Max Scherzer,NYM,2022,565,145.33333333333334,23,145.33333333333334,6.3188405797101455,2.8755,3.2265,0.2637,0.7158,0.1477,31.702814951545914,105.5399,109.2205,15.42251528349766,13.059890759848287,12,11,0.850557565495545,high_ip
668881,Hunter Greene,CIN,2022,531,125.66666666666667,24,125.66666666666667,5.236111111111112,3.3314,3.6422,0.2185,0.7024,0.145,36.5,120.4437,117.8326,14.460862781638502,12.301160291193753,15,12,0.8423421485110112,high_ip
605483,Blake Snell,SDP,2022,535,128,24,128,5.333333333333333,3.2034,3.2094,0.2243,0.6917,0.1474,37.847073900042716,112.6844,115.1744,14.704367450728359,12.232101182521044,14,13,0.84516590410435,high_ip
477132,Clayton Kershaw,LAD,2022,493,126.33333333333333,22,126.33333333333333,5.742424242424242,2.9828,2.8262,0.2312,0.7226,0.139,32.13897937024973,109.4336,111.3493,14.440247074723656,12.030863492916993,16,14,0.8328309109259238,high_ip
605540,Brandon Woodruff,MIL,2022,620,153.33333333333334,27,153.33333333333334,5.679012345679013,3.0256,3.1371000000000002,0.2387,0.7139,0.1407,33.72734436564224,107.3652,112.0478,13.908873556073893,11.879012603027142,17,15,0.8616176510487148,high_ip
664299,Cristian Javier,HOU,2022,585,148.66666666666666,25,134.33333333333334,5.946666666666666,3.1356,3.5251,0.2427,0.7187,0.1382,36.374314800313236,113.899,114.7156,13.310920223370776,11.386916269536616,18,16,0.8541334576950727,high_ip
656302,Dylan Cease,CHW,2022,747,184,32,184,5.75,3.4752,3.5024,0.1995,0.6825,0.15,37.78846153846154,107.6073,108.5604,11.116749193617316,9.52788758530688,19,17,0.8813876500032028,high_ip
434378,Justin Verlander,HOU,2022,666,175,28,175,6.25,3.0868,3.2308,0.2342,0.7835,0.1158,31.45377828922133,111.421,114.6882,9.444404078309084,8.611566062017182,22,18,0.8701405880948557,high_ip
605488,Jeffrey Springs,TBR,2022,549,135.33333333333334,25,125,5.413333333333334,3.3173,3.2908,0.2058,0.7307,0.1349,33.41088878548162,105.4814,112.1428,9.926584896854564,8.395860074931605,21,19,0.8433501781784826,high_ip
666200,Jesus Luzardo,MIA,2022,400,100.33333333333333,18,100.33333333333333,5.5740740740740735,3.2832,3.1104,0.2125,0.6969,0.1381,36.922141119221415,107.2737,102.9817,10.490846634899032,8.025038778064788,20,20,0.807033165812205,high_ip
554430,Zack Wheeler,PHI,2022,607,153,26,153,5.884615384615385,3.1868,3.0628,0.2125,0.7734,0.1141,33.29092451229856,109.0191,115.2733,8.246988966543105,7.329525307772908,23,21,0.8585109863889663,high_ip
607192,Tyler Glasnow,TBR,2022,26,6.666666666666667,2,6.666666666666667,3.3333333333333335,2.3646,2.5668,0.3077,0.6981,0.1404,35.96491228070175,120.7479,124.3072,24.050341234737527,6.973288228653698,2,22,0.3069089073182647,low_ip
622491,Luis Castillo,- - -,2022,615,150.33333333333334,25,150.33333333333334,6.013333333333334,3.3489,3.2285,0.1984,0.7451,0.1257,34.71667996807661,107.0654,108.333,7.477048760862452,6.479525965653424,25,23,0.860216536948704,high_ip
669456,Shane Bieber,CLE,2022,791,200,31,200,6.451612903225806,3.2129,2.983,0.2048,0.7205,0.1384,32.7304347826087,93.0345,96.7588,7.3068626228701605,6.212298024429759,26,24,0.8846434664495597,high_ip
645261,Sandy Alcantara,MIA,2022,886,228.66666666666666,32,228.66666666666666,7.145833333333333,3.4171,3.2931,0.1772,0.7701,0.1216,31.311576354679804,109.2155,111.8028,6.495182465466719,6.107391251428641,30,25,0.8958241288287664,high_ip
571927,Steven Matz,STL,2022,207,48,10,42.666666666666664,4.8,3.2238,3.1545,0.2126,0.7542,0.1213,32.27326266195524,109.0542,115.3846,8.233382028496637,6.0231391683520235,24,26,0.6918697463800478,low_ip
676879,Aaron Ashby,MIL,2022,475,107.33333333333333,19,88,5.649122807017544,3.4795,3.2942,0.1663,0.7176,0.1241,35.729499467518636,109.7746,105.4003,7.211117749495589,5.691851084846458,27,27,0.816616076918106,blended_ip
666157,Nick Lodolo,CIN,2022,441,103.33333333333333,19,103.33333333333333,5.43859649122807,3.2894,3.4929,0.2086,0.7259,0.1231,37.268128161888704,107.8437,105.5022,7.178900647704738,5.622695614890526,28,28,0.8170844466263085,high_ip
608331,Max Fried,ATL,2022,733,185.33333333333334,30,185.33333333333334,6.177777777777778,3.3083,3.0907,0.1883,0.7579,0.1199,34.81192334989354,103.0347,110.9739,6.120895684283053,5.429237929800628,32,29,0.8784425231597599,high_ip
458681,Lance Lynn,CHW,2022,512,121.66666666666667,21,121.66666666666667,5.7936507936507935,3.3502,3.4439,0.2051,0.7465,0.1325,34.27299703264095,101.8073,102.4259,6.142435073373402,5.160898779316419,31,30,0.8365623146606442,high_ip
661563,Luis Gil,NYY,2022,19,4,1,4,4,3.809,3.2227,0.1579,0.6522,0.1928,34.93975903614458,107.9598,83.2253,16.522916940828516,4.976454951704611,11,31,0.25042464087608746,low_ip
641482,Nestor Cortes,NYY,2022,615,158.33333333333334,28,158.33333333333334,5.654761904761905,3.4803,3.6346,0.2033,0.7802,0.1108,32.25152129817444,112.5755,110.2103,5.194264725907228,4.86214200262015,35,32,0.8614848810589132,high_ip
543135,Nathan Eovaldi,BOS,2022,460,109.33333333333333,20,109.33333333333333,5.466666666666667,3.5511,3.4564,0.1804,0.7626,0.1242,31.569867740080504,103.9266,111.2257,5.477556799927151,4.7894962814572235,34,33,0.8211846678498689,high_ip
506433,Yu Darvish,SDP,2022,771,194.66666666666666,30,194.66666666666666,6.488888888888889,3.3852,3.5775,0.2075,0.7695,0.1141,32.144059239313364,102.4397,107.7387,4.555529052830896,4.149638920018306,39,34,0.883434071459354,high_ip
592662,Robbie Ray,SEA,2022,775,189,32,189,5.90625,3.4989,3.5778,0.1935,0.7377,0.1346,35.54315720380703,102.5779,98.255,4.7168498932077405,4.132534457515116,37,35,0.8833997434019428,high_ip
664285,Framber Valdez,HOU,2022,827,201.33333333333334,31,201.33333333333334,6.494623655913979,3.1383,2.9946,0.1536,0.7582,0.1127,35.48707753479125,106.7667,105.0991,4.234208289761931,3.777014999058038,41,36,0.8879417222365242,high_ip
656756,Jordan Montgomery,- - -,2022,724,178.33333333333334,32,177.4,5.572916666666667,3.6094,3.4254,0.1685,0.744,0.1293,33.62799263351749,101.3408,102.5329,3.920327285827399,3.4567093134840476,43,37,0.8756962020357828,high_ip
642547,Freddy Peralta,MIL,2022,317,78,17,76.33333333333333,4.588235294117647,3.5722,3.6554,0.1861,0.7227,0.122,38.58093126385809,100.7443,105.1366,5.12994462640456,3.396280922764006,36,38,0.7688470756354434,low_ip
628711,Julio Urias,LAD,2022,689,175,31,175,5.645161290322581,3.659,3.8057,0.1814,0.7841,0.111,31.083142639206713,108.1793,113.6292,3.427577755740763,3.3836514465015477,45,39,0.8719986670616099,high_ip
450203,Charlie Morton,ATL,2022,728,172,31,172,5.548387096774194,3.4754,3.6047,0.1951,0.7311,0.1223,36.10058560110231,100.838,101.6135,4.089019383360019,3.3737803751788236,42,40,0.8765839788474757,high_ip
622663,Luis Severino,NYY,2022,405,102,19,102,5.368421052631579,3.3684,3.3822,0.2025,0.7484,0.1232,35.02135448444173,99.5309,100.0805,4.244221898098452,3.2780414891058225,40,41,0.8084018797413312,high_ip
669160,Dustin May,LAD,2022,127,30,6,30,5,4.2051,4.214,0.1181,0.7252,0.1287,37.34177215189873,111.5648,106.1384,4.570028501669111,3.234229247646386,38,42,0.597610912992364,low_ip
669373,Tarik Skubal,DET,2022,477,117.66666666666667,21,117.66666666666667,5.603174603174604,3.577,3.3994,0.1782,0.7681,0.117,33.28108672936259,105.699,103.9574,3.2053801380392786,2.8815071253642657,48,43,0.8294315281282341,high_ip
592351,Jon Gray,TEX,2022,521,127.33333333333333,24,127.33333333333333,5.305555555555555,3.5557,3.463,0.1823,0.7598,0.1164,33.462657613967025,105.0878,102.8549,3.298774872134421,2.874100453786871,46,44,0.8398587443562027,high_ip
593423,Frankie Montas,- - -,2022,608,144.33333333333334,27,143.4,5.34567901234568,3.741,3.6094,0.1628,0.7534,0.1259,35.66824237215299,104.8225,107.9529,3.126458064184694,2.822355979786246,49,45,0.8560711556423937,high_ip
663474,Triston McKenzie,CLE,2022,741,191.33333333333334,30,188.33333333333334,6.377777777777778,3.5749,3.767,0.197,0.7529,0.1297,32.703954399714995,98.977,97.3421,3.029929321284088,2.7126982174174388,50,46,0.8793356411288955,high_ip
669358,Shane Baz,TBR,2022,117,27,6,27,4.5,3.5864,3.4269,0.1795,0.7177,0.1329,36.93693693693694,99.4891,98.8502,5.583659398732731,2.6733267125308964,33,47,0.5819964896364744,low_ip
502171,Alex Cobb,SFG,2022,631,149.66666666666666,28,149.66666666666666,5.345238095238095,3.1518,2.8871000000000002,0.1712,0.7677,0.1042,35.8974358974359,98.6795,108.1853,3.0041000979060417,2.4506097549836228,51,48,0.8605008589513009,high_ip
668678,Zac Gallen,ARI,2022,714,184,31,184,5.935483870967742,3.3216,3.3149,0.2031,0.7849,0.1012,34.889267461669505,102.6736,107.0959,2.4901420718898937,2.278587954469076,54,49,0.8778702359597677,high_ip
682847,Luis L. Ortiz,PIT,2022,69,16,4,16,4,4.6495,4.4353,0.1014,0.7097,0.1309,36.36363636363637,111.1873,98.5508,3.214109084654514,2.1594109439678477,47,50,0.48063328714884723,low_ip
665795,Edward Cabrera,MIA,2022,291,71.66666666666667,14,71.66666666666667,5.1190476190476195,4.0503,4.1202,0.1443,0.6966,0.1333,38.60082304526749,99.3648,94.883,3.9038529147511833,2.1143326194538,44,51,0.7552314484329453,low_ip
677651,Luis Garcia,HOU,2022,643,157.33333333333334,28,157.33333333333334,5.6190476190476195,3.7715,3.8197,0.1711,0.7323,0.1305,35.41329011345219,102.018,99.0835,2.487053019305393,2.0767666785216923,55,52,0.863650556966223,high_ip
579328,Yusei Kikuchi,TOR,2022,454,100.66666666666667,20,82.33333333333333,5.033333333333333,4.0166,4.072,0.1454,0.7179,0.1334,38.232104121475054,100.0414,98.9922,2.780950210101743,2.0027935821434903,52,53,0.8109800406136407,blended_ip
669713,Hayden Wesneski,CHC,2022,132,33,4,24.333333333333332,8.25,3.3171,3.6365,0.197,0.7708,0.1169,33.46774193548387,103.5086,106.3024,2.682774868125919,1.8877119285394905,53,54,0.5976771345614637,low_ip
663776,Patrick Sandoval,LAA,2022,638,148.66666666666666,27,148.66666666666666,5.506172839506172,3.9415,3.6673,0.1426,0.723,0.1328,35.926680244399186,102.4419,101.8559,2.2497777889814135,1.8515446609389754,56,55,0.8612494601241424,high_ip
605397,Joe Musgrove,SDP,2022,740,181,30,181,6.033333333333333,3.4473,3.4715,0.1919,0.7629,0.1101,33.65079365079365,99.8418,100.4864,1.9675792594633035,1.68782537324559,60,56,0.8783558612029639,high_ip
657277,Logan Webb,SFG,2022,787,192.33333333333334,32,192.33333333333334,6.010416666666667,3.5558,3.3146,0.1449,0.7748,0.1058,33.965402528276776,108.0096,108.0065,1.6488449061586887,1.6407971412076972,62,57,0.8843184686134368,high_ip
641927,Bailey Ober,MIN,2022,227,56,11,56,5.090909090909091,3.9855,4.1815,0.1762,0.7472,0.1335,33.138173302107724,97.4307,103.5009,2.152179627430819,1.6126904226675276,57,58,0.7085105815282011,low_ip
666129,Braxton Garrett,MIA,2022,373,88,17,88,5.176470588235294,3.5224,3.5046,0.1769,0.7536,0.1184,32.729805013927574,100.4063,100.403,2.077371118997868,1.5954128014356608,58,59,0.7898962152075258,blended_ip
656876,Drew Rasmussen,TBR,2022,584,146,28,146,5.214285714285714,3.742,3.5588,0.161,0.7703,0.121,33.27378293881197,100.1772,106.9948,1.5985930295763733,1.5805922547045725,63,60,0.8534519147351,high_ip
657140,Kyle Wright,ATL,2022,738,180.33333333333334,30,180.33333333333334,6.011111111111111,3.4778,3.2977,0.164,0.7544,0.1194,33.37041156840934,99.432,96.8945,1.8266783525418115,1.571714743511927,61,61,0.8769512133415214,high_ip
656731,Tylor Megill,NYM,2022,200,47.333333333333336,9,41.333333333333336,5.2592592592592595,3.4502,3.346,0.19,0.7635,0.1163,35.39823008849557,101.0643,104.3035,2.0500896284990526,1.4349648860734556,59,62,0.6835905633566162,low_ip
607644,John Means,BAL,2022,34,8,2,8,4,3.9913,3.7778,0.1471,0.7945,0.1111,34.81481481481482,111.2292,117.4775,0.6768149050143524,1.3929014659227796,71,63,0.34189740229491933,low_ip
641154,Pablo Lopez,MIA,2022,736,180,32,180,5.625,3.709,3.561,0.1644,0.7427,0.1268,35.01718213058419,96.0555,100.3908,1.4849050070150611,1.2042982685012151,65,64,0.8785222068448998,high_ip
471911,Carlos Carrasco,NYM,2022,645,152,29,152,5.241379310344827,3.6045,3.4528,0.1721,0.7494,0.1298,33.74792703150912,90.2932,99.4533,1.5149797595967283,1.190288991803057,64,65,0.8620919845278242,high_ip
622072,Alex Wood,SFG,2022,555,130.66666666666666,26,130.66666666666666,5.0256410256410255,3.4539,3.4085,0.182,0.7696,0.1103,34.1223760607414,94.2971,106.7791,1.4268350915308725,1.1382305628250045,66,66,0.8467569510257986,high_ip
660761,Jose Suarez,LAA,2022,462,109,20,102.33333333333333,5.45,3.911,3.8571,0.1515,0.7701,0.1172,33.59506449803701,103.8946,110.0368,0.7735082213769183,0.9798396893219926,68,67,0.8195708222431989,high_ip
663752,Cody Morris,CLE,2022,100,23.666666666666668,5,20.666666666666668,4.733333333333333,4.4413,4.1911,0.11,0.7321,0.1386,36.88118811881188,101.7572,95.5048,0.6888499830955046,0.9740517887063789,70,68,0.5527882091717508,low_ip
681867,Cooper Criswell,TBR,2022,13,3.3333333333333335,1,3.3333333333333335,3.3333333333333335,2.8965,2.9448,0.2308,0.75,0.1111,28.888888888888886,102.3782,111.5507,6.560245800664013,0.6365065614282303,29,69,0.17254411159755592,low_ip
592767,Drew Smyly,CHC,2022,447,106.33333333333333,22,106.33333333333333,4.833333333333333,4.0604,4.1828,0.1454,0.7611,0.124,32.91069459757442,103.5159,107.561,0.1570007012298309,0.516534258329133,73,70,0.8197449710786824,high_ip
669923,George Kirby,SEA,2022,542,130,25,130,5.2,3.3223,3.3291,0.2048,0.8151,0.097,31.166347992351817,96.0007,104.8666,0.19728593544900108,0.4258634689737675,72,71,0.8432909410822462,high_ip
548389,Ross Stripling,TOR,2022,536,134.33333333333334,24,123.33333333333333,5.597222222222222,3.7148,3.6703,0.1698,0.7856,0.1102,31.972454500737825,99.7043,104.4205,-0.1111210557431116,0.16383941047045253,75,72,0.839856370452683,high_ip
656849,David Peterson,NYM,2022,454,105.66666666666667,19,91,5.56140350877193,3.5684,3.3118,0.1718,0.7116,0.1281,40.44467972472208,89.6378,93.2,1.2779136493261987,0.15261370115698555,67,73,0.8150137470771276,blended_ip
676974,Max Meyer,MIA,2022,26,6,2,6,3,3.9331,4.0863,0.1538,0.75,0.1236,34.831460674157306,96.6742,108.5775,0.7264629319208578,0.13729441305353807,69,74,0.27522994854796984,low_ip
664062,Tony Gonsolin,LAD,2022,498,130.33333333333334,24,130.33333333333334,5.430555555555556,3.7394,3.6947,0.1687,0.7508,0.1231,33.84615384615385,95.6721,96.1273,0.08686855445673358,-0.011263958572994892,74,75,0.8374076139868167,high_ip
686610,Ken Waldichuk,OAK,2022,146,34.666666666666664,7,34.666666666666664,4.952380952380952,3.947,4.2564,0.1575,0.771,0.116,35.665529010238906,102.6789,102.9015,-1.1906149639945738,-0.22888551783862643,84,76,0.6306765619697606,low_ip
676917,Cade Cavalli,WSN,2022,23,4.333333333333333,1,4.333333333333333,4.333333333333333,3.6564,5.5129,0.1739,0.7333,0.1212,42.42424242424242,101.2166,83.5419,-1.0740957816655001,-0.2415781175735413,81,77,0.2783474298423022,low_ip
686753,Drey Jameson,ARI,2022,98,24.333333333333332,4,24.333333333333332,6.083333333333333,3.2669,2.9778,0.1735,0.7654,0.1138,34.959349593495936,95.8547,99.139,-0.2656505691416986,-0.49597798379746977,76,78,0.5480797552707665,low_ip
678394,Brayan Bello,BOS,2022,268,57.333333333333336,11,52.333333333333336,5.212121212121212,4.0736,3.7957,0.1045,0.7445,0.1174,38.01404212637914,101.5545,102.8543,-0.9329297549434524,-0.7062734457793358,80,79,0.7293478979844654,low_ip
621111,Walker Buehler,LAD,2022,274,65,12,65,5.416666666666667,3.8222,3.6396,0.1496,0.7654,0.1166,35.75525812619503,98.8124,102.3982,-1.1713619582483583,-0.7412007531087711,83,80,0.7401179632129775,low_ip
608337,Lucas Giolito,CHW,2022,698,161.66666666666666,30,161.66666666666666,5.388888888888888,3.7879,3.6581,0.1662,0.7427,0.1217,35.74282600799128,95.1907,94.4132,-0.6361903284303689,-0.7485269955717985,78,81,0.8713794080315543,high_ip
621121,Lance McCullers Jr.,HOU,2022,195,47.666666666666664,8,47.666666666666664,5.958333333333333,3.9602,3.5793,0.1436,0.7439,0.1107,38.866930171278,99.3259,102.3246,-0.6105391778661127,-0.8294775464677123,77,82,0.6833109286470199,low_ip
542881,Tyler Anderson,LAD,2022,707,178.66666666666666,28,170.66666666666666,6.3809523809523805,4.0387,4.1042,0.1471,0.7739,0.1184,31.05590062111801,102.1906,101.7305,-1.3754962325716344,-0.9051502036731234,86,83,0.8720907946802045,high_ip
650644,Aaron Civale,CLE,2022,407,97,20,97,4.85,3.5487,3.6217,0.1867,0.7773,0.1039,35.894206549118394,98.9648,99.3407,-1.1034213375880366,-0.9440386613928006,82,84,0.8049686949571341,blended_ip
605135,Chris Bassitt,NYM,2022,745,181.66666666666666,30,181.66666666666666,6.055555555555555,3.7454,3.7156,0.1584,0.7829,0.1005,34.338184338184334,104.0314,105.1855,-1.2706718032630722,-0.9621119977341724,85,85,0.8791920513428181,high_ip
657746,Joe Ryan,MIN,2022,604,147,27,147,5.444444444444445,3.9784,4.3462,0.1722,0.7749,0.1142,33.16603931409452,104.858,99.9298,-1.5437631175427133,-1.0362389801072045,88,86,0.8572863560933722,high_ip
664161,Matt Swarmer,CHC,2022,153,34,5,24.666666666666668,6.8,4.5245,4.6753,0.1046,0.6997,0.1339,41.0958904109589,95.6248,88.0304,-0.8637370773887304,-1.1126354922606312,79,87,0.6317527079134654,low_ip
446372,Corey Kluber,TBR,2022,689,164,31,164,5.290322580645161,3.8459,3.9161,0.1713,0.7764,0.1141,30.48084759576202,97.6091,96.1031,-1.4965449878199881,-1.133449871644155,87,88,0.868347011904042,high_ip
669302,Logan Gilbert,SEA,2022,766,185.66666666666666,32,185.66666666666666,5.802083333333333,3.8436,3.7773,0.1632,0.7849,0.10780000000000001,35.32338308457712,103.1685,103.3838,-1.575587700569135,-1.1942006272562506,89,89,0.882113909935528,high_ip
663559,Bailey Falter,PHI,2022,349,84,16,76.66666666666667,5.25,3.9364,4.1282,0.1633,0.7727,0.1104,32.12355212355212,100.895,104.1791,-1.8881307357858903,-1.2292229810966853,90,90,0.7749599121953289,low_ip
676710,Kutter Crawford,BOS,2022,334,77.33333333333333,12,61.333333333333336,6.444444444444444,4.1051,4.3336,0.1437,0.761,0.1134,36.18827160493827,99.9447,102.1799,-2.356602258462695,-1.675545512602974,92,91,0.7652067027544298,low_ip
666205,Kyle Muller,ATL,2022,59,12.333333333333334,3,12.333333333333334,4.111111111111112,4.9596,4.4328,0.0678,0.7407,0.1202,36.9098712446352,98.2885,101.085,-4.782568597655917,-1.678676532548122,107,92,0.4453054435290182,low_ip
663903,Brady Singer,KCR,2022,621,153.33333333333334,24,147.66666666666666,6.388888888888889,3.3962,3.3014,0.1852,0.7895,0.093,34.63804713804714,94.444,97.59,-2.1785109817267587,-1.9865605094669259,91,93,0.8587478201339819,high_ip
663978,Chris Paddack,MIN,2022,93,22.333333333333332,5,22.333333333333332,4.466666666666667,3.4146,3.1826,0.1935,0.8021,0.1035,30.517711171662125,93.3877,103.8197,-3.89757499404293,-2.1279762965362683,103,94,0.5408923922555258,low_ip
641672,Thomas Hatch,TOR,2022,26,4.666666666666667,1,4.666666666666667,4.666666666666667,4.3148,4.5956,0.0769,0.8537,0.0845,29.577464788732392,107.0468,104.4189,-13.472670737530237,-2.1570286611332206,177,95,0.24480919752876362,low_ip
641816,Tyler Mahle,- - -,2022,503,120.66666666666667,23,120.66666666666667,5.246376811594203,3.8789,4.0321,0.165,0.7566,0.1099,37.26796763445978,94.6831,103.8367,-2.396381365906012,-2.185439888450132,93,96,0.8363701845341429,high_ip
657006,Justin Steele,CHC,2022,512,119,24,119,4.958333333333333,3.8082,3.4754,0.1484,0.7862,0.1009,36.811023622047244,105.4131,98.8633,-2.845041481513342,-2.225451508156807,96,97,0.8358651336297656,high_ip
640455,Sean Manaea,SDP,2022,671,158,28,153,5.642857142857143,3.9008,3.9617,0.158,0.7654,0.1201,33.239323126510875,93.1681,95.7286,-2.6422872380268565,-2.2554987286975314,95,98,0.8650788269390179,high_ip
664141,JT Brubaker,PIT,2022,646,144,28,144,5.142857142857143,3.9689,3.8739,0.144,0.7436,0.1184,35.810243492863144,94.4145,96.7491,-2.5969159738970427,-2.4120674240519797,94,99,0.8600286191587391,high_ip
608723,Austin Voth,- - -,2022,442,101.66666666666667,17,76.33333333333333,5.980392156862745,4.1595,4.3255,0.1335,0.7722,0.109,36.6061293984109,100.6105,105.578,-3.495904581249719,-2.5403917465045605,98,100,0.8055967903659313,low_ip
676083,Janson Junk,LAA,2022,37,8.333333333333334,2,7.333333333333333,4.166666666666667,2.807,2.4407,0.2162,0.8493,0.0692,35.84905660377358,103.2601,105.7179,-6.37077427239987,-2.593557230901992,116,101,0.3635556967544923,low_ip
666201,Alek Manoah,TOR,2022,786,196.66666666666666,31,196.66666666666666,6.344086021505376,3.8463,3.9748,0.1641,0.7742,0.1116,34.113258731773485,98.4804,93.8961,-3.130358294416395,-2.7014839433030997,97,102,0.8844567973578151,high_ip
676130,Jose Butto,NYM,2022,23,4,1,4,4,4.6121,5.0732,0.1304,0.8113,0.102,31.63265306122449,93.1165,88.6029,-13.084914338074144,-2.9391838397412178,176,103,0.2760066655424503,low_ip
672710,Roansy Contreras,PIT,2022,408,95,18,87.33333333333333,5.277777777777778,4.412,4.4822,0.1152,0.7334,0.1266,35.26448362720403,98.5602,91.2452,-3.561414075727966,-2.9440032802682925,99,104,0.7999128562619641,blended_ip
680573,Simeon Woods Richardson,MIN,2022,20,5,1,5,5,5.4903,4.8889,0.05,0.8269,0.0989,32.967032967032964,98.022,94.2064,-16.740690497514812,-2.9587540881162195,196,105,0.2660807653037337,low_ip
669432,Trevor Rogers,MIA,2022,477,107,23,107,4.6521739130434785,4.2044,4.1102,0.1279,0.7773,0.1082,35.92783505154639,103.6884,105.442,-4.043835133980235,-3.028710029378651,104,106,0.826074052203397,high_ip
677960,Ryan Weathers,SDP,2022,21,3.6666666666666665,1,3.6666666666666665,3.6666666666666665,6.4616,6.3637,-0.0476,0.7674,0.1124,42.69662921348314,98.0528,80.4481,-19.166215526046372,-3.0765293367559727,217,107,0.2604724955258466,low_ip
622694,Elieser Hernandez,MIA,2022,278,62.333333333333336,10,46.666666666666664,6.233333333333333,4.4259,5.0511,0.1367,0.7926,0.1023,34.337899543378995,106.9653,103.975,-5.558782348952712,-3.086014525706435,109,108,0.7337551342129705,low_ip
519242,Chris Sale,BOS,2022,25,5.666666666666667,2,5.666666666666667,2.8333333333333335,3.3262,3.1903,0.16,0.875,0.049,33.33333333333333,106.209,122.0455,-11.13915263481965,-3.1176700999354052,155,109,0.2890735078341927,low_ip
573186,Marcus Stroman,CHC,2022,569,138.66666666666666,25,138.66666666666666,5.546666666666666,3.7395,3.4892,0.1459,0.7982,0.0922,35.35075653370014,101.123,102.7236,-3.8492182147074807,-3.1211713086108217,101,110,0.849513000324379,high_ip
621107,Zach Eflin,PHI,2022,313,75.66666666666667,13,68,5.820512820512821,3.7766,3.8112,0.1597,0.7923,0.0988,34.58961474036851,98.2149,107.2647,-4.483241249325279,-3.150132182640886,106,111,0.759052912215885,low_ip
592791,Jameson Taillon,NYY,2022,728,177.33333333333334,32,177.33333333333334,5.541666666666667,3.8446,3.7884,0.1635,0.7969,0.0991,34.474153297682705,97.4147,102.7146,-3.7797362915453516,-3.160777357414661,100,112,0.8767171430609274,high_ip
543243,Sonny Gray,MIN,2022,488,119.66666666666667,24,119.66666666666667,4.986111111111112,3.7313,3.6573,0.166,0.7859,0.0924,36.324786324786324,100.8855,97.8652,-3.8689436902131447,-3.2394199653867384,102,113,0.8307147337098285,high_ip
672282,Reid Detmers,LAA,2022,539,129,25,129,5.16,4.1186,4.1981,0.141,0.7681,0.1114,35.809261806510776,101.066,99.4216,-4.12202998703163,-3.3498329264980375,105,114,0.8439077428449043,high_ip
593334,Domingo German,NYY,2022,298,72.33333333333333,14,70.66666666666667,5.166666666666666,4.2216,4.3251,0.1309,0.7724,0.1129,33.024976873265494,96.4779,98.3011,-5.265513130631649,-3.799331680417378,108,115,0.7511899488602143,low_ip
595191,Jerad Eickhoff,PIT,2022,27,4.333333333333333,1,4.333333333333333,4.333333333333333,4.4415,6.4269,0.1111,0.7857,0.1084,37.34939759036144,83.4277,81.0116,-15.468534199804502,-3.875363466937248,186,116,0.26309569070844063,low_ip
669194,Ryne Nelson,ARI,2022,69,18.333333333333332,3,18.333333333333332,6.111111111111111,4.5538,4.6905,0.1449,0.8091,0.083,37.15415019762846,103.4047,104.9603,-9.475234272577161,-3.933530360619833,141,117,0.47580823090515323,low_ip
663734,Nick Neidert,MIA,2022,20,5,1,5,5,4.0735,3.6889,0.15,0.85,0.0732,31.70731707317073,88.0205,111.0141,-14.479728673147418,-3.938137504759542,180,118,0.2538140195204242,low_ip
489119,Wade Miley,CHC,2022,159,37,8,35,4.625,4.4787,4.4166,0.0881,0.761,0.106,36.57243816254417,95.4919,107.4549,-6.17420444816225,-3.9995665334891397,114,119,0.6354655476103671,low_ip
669330,Tyler Wells,BAL,2022,423,103.66666666666667,23,103.66666666666667,4.507246376811595,4.5295,4.5993,0.1135,0.7767,0.1128,34.14190418435415,103.7972,104.8087,-5.787790993415433,-4.206705124501209,110,120,0.8120139535431004,high_ip
663629,Ethan Small,MIL,2022,33,6.333333333333333,2,6.333333333333333,3.1666666666666665,6.7645,6.0938,-0.0303,0.6863,0.1212,46.21212121212121,88.0909,83.1176,-13.884513967096309,-4.364915471335906,178,121,0.33312781921131396,low_ip
641778,Eric Lauer,MIL,2022,661,158.66666666666666,29,158.66666666666666,5.471264367816092,4.071,4.0782,0.1483,0.7879,0.0983,35.799701046337816,99.6309,98.8553,-5.893828573713654,-4.997156071383712,112,122,0.8673591703459196,high_ip
596001,Jakob Junis,SFG,2022,478,112,17,84,6.588235294117647,3.777,3.6725,0.1527,0.7922,0.0943,34.07325194228635,95.7526,99.817,-6.247033259347277,-5.090136672036103,115,123,0.8143833625050968,blended_ip
681217,Chase Silseth,LAA,2022,129,28.666666666666668,7,28.666666666666668,4.095238095238096,4.5034,4.2444,0.093,0.7568,0.10780000000000001,37.3253493013972,90.9845,97.2003,-7.946020925852488,-5.168683314642155,128,124,0.6019893115764402,low_ip
518876,Merrill Kelly,ARI,2022,804,200.33333333333334,33,200.33333333333334,6.070707070707071,4.0117,3.8554,0.1443,0.7992,0.097,34.51644415499837,95.9218,100.7413,-6.0270145048329375,-5.202412298803967,113,125,0.8868914110630824,high_ip
680686,Josiah Gray,WSN,2022,649,148.66666666666666,28,148.66666666666666,5.309523809523809,4.2746,4.5653,0.1356,0.7453,0.1136,38.659992298806316,96.1872,98.8984,-5.855867992251718,-5.203731002561909,111,126,0.8635574808144681,high_ip
669022,MacKenzie Gore,SDP,2022,309,70,13,65.33333333333333,5.384615384615385,4.4301,4.4197,0.1133,0.7737,0.1041,37.59936406995231,99.4196,95.862,-7.162114824955243,-5.255599554602349,123,127,0.7592605342035077,low_ip
664353,Jose Urquidy,HOU,2022,681,164.33333333333334,28,162.33333333333334,5.8690476190476195,4.1837,4.321,0.141,0.8069,0.1,32.27272727272727,100.3162,100.2392,-6.565216120109583,-5.318302105196051,119,128,0.8692722728565075,high_ip
665621,Rony Garcia,DET,2022,206,51,8,37,6.375,3.7936,4.1459,0.1699,0.8224,0.0825,38.53107344632768,102.1081,100.8046,-8.707943102803533,-5.380298075039901,134,129,0.6893171769136012,low_ip
680694,Kyle Bradish,BAL,2022,509,117.66666666666667,23,117.66666666666667,5.115942028985508,4.1453,4.0113,0.1277,0.7799,0.0998,38.68539889613648,95.8972,105.4407,-6.4799718874430114,-5.412639252499364,118,130,0.8344991078332051,high_ip
686752,Ryan Pepiot,LAD,2022,160,36.333333333333336,7,31.333333333333332,5.190476190476191,4.9582,5.3148,0.0938,0.7419,0.1085,40.97693351424695,99.8616,84.3254,-8.324147758350287,-5.459404810096623,129,131,0.6511274374169719,low_ip
500779,Jose Quintana,- - -,2022,679,165.66666666666666,32,165.66666666666666,5.177083333333333,4.0234,3.7222,0.1325,0.7773,0.1061,37.40822320117474,88.3294,99.744,-6.4511858207723805,-5.726627848810501,117,132,0.8705110408228803,high_ip
543101,Anthony DeSclafani,SFG,2022,94,19,5,19,3.8,4.0831,4.1382,0.1383,0.7974,0.0942,35.56231003039514,89.6623,95.9007,-10.70517859646434,-5.848618352109281,153,133,0.5259300360999478,low_ip
592836,Taijuan Walker,NYM,2022,649,157.33333333333334,29,157.33333333333334,5.42528735632184,4.047,3.8842,0.1341,0.7871,0.1004,36.08,93.4743,98.5647,-6.836880082633226,-5.887649460019456,120,134,0.864461819972139,high_ip
657756,Connor Seabold,BOS,2022,98,18.333333333333332,5,18.333333333333332,3.6666666666666665,4.6346,5.5044,0.1122,0.776,0.1108,35.945945945945944,88.9025,89.7075,-11.340530268418636,-5.915608400833746,157,135,0.5393397448916907,low_ip
686973,Louie Varland,MIN,2022,106,26,5,26,5.2,4.1393,4.1267,0.1415,0.8301,0.0852,31.873479318734795,95.6629,103.4772,-11.627557236537134,-5.937657484281441,159,136,0.5661966240978531,low_ip
608379,Michael Wacha,BOS,2022,515,127.33333333333333,23,127.33333333333333,5.536231884057971,4.0669,3.9893,0.1417,0.811,0.0954,34.376603386351974,95.6281,99.8608,-7.4266065444718485,-5.940044285568825,124,137,0.8374673460270853,high_ip
448179,Rich Hill,BOS,2022,526,124.33333333333333,26,124.33333333333333,4.782051282051282,4.1349,4.1224,0.1369,0.8045,0.0925,32.462311557788944,100.0201,96.3349,-7.475209965812346,-5.9599050215306955,125,138,0.838437544533545,high_ip
621244,Jose Berrios,TOR,2022,753,172,32,172,5.375,4.1267,4.2071,0.1381,0.8079,0.093,32.96582138919515,98.2444,102.2786,-7.134357135899246,-5.987295809522963,122,139,0.8767215791205265,high_ip
660623,Huascar Ynoa,ATL,2022,37,6.666666666666667,2,6.666666666666667,3.3333333333333335,5.0543,4.7448,0.0541,0.7812,0.0952,44.89795918367347,90.6676,71.1652,-17.945099844142728,-6.0080800557722585,208,140,0.3522235932303397,low_ip
502043,Kyle Gibson,PHI,2022,718,167.66666666666666,31,167.66666666666666,5.408602150537634,4.056,3.9421,0.1337,0.7731,0.1095,36.21759766338079,89.4197,94.4517,-6.861709056299135,-6.084249036848935,121,141,0.873792810223428,high_ip
666142,Cole Ragans,TEX,2022,174,40,9,40,4.444444444444445,5.075,4.8499,0.0632,0.7831,0.1091,38.243626062322946,99.6056,95.2574,-10.539829245232404,-6.135604964170984,151,142,0.6633017270312622,low_ip
663436,Davis Martin,CHW,2022,269,63.333333333333336,9,44.333333333333336,7.037037037037037,4.3976,4.4152,0.10780000000000001,0.778,0.114,33.71647509578544,92.828,89.8029,-8.834006675546496,-6.203292149477773,135,143,0.7269376213779123,low_ip
656427,Jack Flaherty,STL,2022,167,36,8,35,4.5,4.9863,4.9272,0.0659,0.7596,0.1042,40.93655589123867,99.3403,90.0804,-10.059054942472788,-6.337425329343982,147,144,0.6510860717198588,low_ip
624522,Keegan Thompson,CHC,2022,485,115,17,78.33333333333333,6.764705882352941,4.0467,4.2642,0.134,0.7833,0.0996,36.9542066027689,96.7415,93.3338,-7.886520197879059,-6.388618902156162,127,145,0.815432201400452,low_ip
683769,Hunter Gaddis,CLE,2022,40,7.333333333333333,2,7.333333333333333,3.6666666666666665,6.5406,7.4172,0.05,0.8353,0.0819,36.84210526315789,94.5726,106.172,-22.800718486303786,-6.525872330488139,236,146,0.3759226637417354,low_ip
650530,Bryan Garcia,DET,2022,84,20.333333333333332,4,20.333333333333332,5.083333333333333,4.8043,4.96,0.0833,0.7518,0.1104,38.48580441640379,88.315,79.7132,-11.988090369681725,-6.569221061708981,164,147,0.5161650319420913,low_ip
663738,Daniel Lynch IV,KCR,2022,600,131.66666666666666,27,131.66666666666666,4.876543209876543,4.3436,4.3007,0.1167,0.7721,0.1133,36.75564681724846,91.5399,99.0252,-7.764215687372318,-6.574818317615649,126,148,0.8535626924335503,high_ip
661309,Adrian Martinez,OAK,2022,259,57.666666666666664,12,57.666666666666664,4.805555555555555,4.1559,4.1131,0.1313,0.7739,0.1074,36.1576354679803,87.6791,93.0217,-8.612387616123682,-6.628931472573944,133,149,0.7303109781942203,low_ip
547179,Michael Lorenzen,LAA,2022,411,97.66666666666667,18,97.66666666666667,5.4259259259259265,4.4267,4.1952,0.0998,0.7628,0.1125,38.14993954050786,96.0326,93.8963,-8.371149878086152,-6.760076784411831,130,150,0.807464059694369,blended_ip
544931,Stephen Strasburg,WSN,2022,23,4.666666666666667,1,4.666666666666667,4.666666666666667,4.1728,4.4843,0.1304,0.8667,0.0482,36.144578313253014,86.4699,83.321,-24.743862665985908,-6.769990453119318,242,151,0.25854676540239474,low_ip
675627,Michael Grove,LAD,2022,133,29.333333333333332,6,28.333333333333332,4.888888888888888,4.5608,4.7698,0.1053,0.7975,0.1017,34.74576271186441,91.1814,93.7971,-12.29512413133063,-7.003542971768079,166,152,0.5991209473536697,low_ip
676265,Cory Abbott,WSN,2022,216,48,9,39,5.333333333333333,4.9803,5.7031,0.0926,0.7543,0.1183,38.22485207100591,90.9645,86.6762,-10.261131553280713,-7.037354575226041,150,153,0.6923486922158022,low_ip
668933,Graham Ashcraft,CIN,2022,464,105,19,105,5.526315789473684,4.2215,4.0865,0.0884,0.8287,0.0843,35.64920273348519,105.074,108.8769,-9.35277952653284,-7.049937736523062,138,154,0.8203840667931613,high_ip
596295,Austin Gomber,COL,2022,529,124.66666666666667,17,87.66666666666667,7.333333333333334,4.2421,4.1884,0.1153,0.7992,0.0976,35.74550752792618,96.3985,101.1488,-8.913516375613586,-7.086525258881261,136,155,0.8265305599453712,blended_ip
621112,Paul Blackburn,OAK,2022,467,111.33333333333333,21,111.33333333333333,5.301587301587301,4.0889,3.8928,0.1263,0.7823,0.0965,37.74120317820658,91.12,96.2662,-8.571168185944371,-7.214976309289652,132,156,0.823268593350719,high_ip
605182,Mike Clevinger,SDP,2022,485,114.33333333333333,22,112.33333333333333,5.196969696969696,4.4933,4.7601,0.1155,0.7796,0.1062,36.147074054893835,100.0486,97.0024,-9.052640276004011,-7.230801737887757,137,157,0.8288737786366406,high_ip
601713,Nick Pivetta,BOS,2022,773,179.66666666666666,33,179.66666666666666,5.444444444444444,4.2134,4.263,0.132,0.7906,0.0996,35.626216742375085,98.4163,92.997,-8.450398196100581,-7.329362471560588,131,158,0.8820631321405037,high_ip
675540,Xzavion Curry,CLE,2022,47,9.333333333333334,2,9.333333333333334,4.666666666666667,6.9132,6.9401,-0.0638,0.7761,0.0909,43.63636363636363,96.3931,91.5982,-23.104953975242555,-7.409524692267845,239,159,0.3853058800932092,low_ip
543294,Kyle Hendricks,CHC,2022,356,84.33333333333333,16,84.33333333333333,5.270833333333333,4.4285,4.4562,0.118,0.7725,0.1032,36.45137342242019,92.2705,93.0827,-9.405126184480988,-7.496450684767289,139,160,0.7816741035580789,blended_ip
595939,Chris Ellis,BAL,2022,25,4.333333333333333,2,4.333333333333333,2.1666666666666665,8.3688,8.7436,-0.16,0.7879,0.0843,48.19277108433735,88.6754,70.0012,-37.333107304483136,-7.71855031168477,253,161,0.26029915426100547,low_ip
693821,Bryce Elder,ATL,2022,227,54,9,51.666666666666664,6,4.3423,4.1594,0.1057,0.7812,0.0985,38.37342497136312,91.3471,92.4558,-10.68353849308709,-7.73228647431353,152,162,0.7073798062567644,low_ip
665152,Dean Kremer,BAL,2022,512,125.33333333333333,21,120,5.968253968253968,4.5358,4.4294,0.1035,0.8002,0.1007,34.05238828967643,99.1303,98.442,-9.809787723911537,-7.775577883143158,146,163,0.8348684881714948,high_ip
665871,Javier Assad,CHC,2022,166,37.666666666666664,8,36.666666666666664,4.708333333333333,5.0899,4.9203,0.0602,0.7806,0.1014,38.84057971014493,94.8392,94.0183,-12.812914366739513,-7.985501913184916,172,164,0.6549567077732175,low_ip
624133,Ranger Suarez,PHI,2022,662,155.33333333333334,29,155.33333333333334,5.35632183908046,4.1111,3.8206,0.1073,0.8064,0.0878,37.753510140405616,97.0124,101.0395,-9.435438607092605,-8.045415688885457,140,165,0.8657056160223267,high_ip
656605,Mitch Keller,PIT,2022,687,159,29,153,5.482758620689655,4.179,3.992,0.1135,0.8086,0.0872,37.24163848177377,99.5052,99.8265,-9.585353482740583,-8.139057041266984,143,166,0.8680024751149453,high_ip
666120,Ian Anderson,ATL,2022,493,111.66666666666667,22,111.66666666666667,5.075757575757576,4.5782,4.2182,0.0872,0.7367,0.1232,39.75062344139651,87.019,91.4758,-9.528255326376017,-8.24412336118014,142,167,0.8307673280801091,high_ip
672715,Luis Patino,TBR,2022,98,20,6,20,3.3333333333333335,6.3543,6.8511,-0.0204,0.8083,0.0954,36.340206185567006,104.3055,96.1183,-19.77540279792476,-8.382574959209213,219,168,0.5465115005425512,low_ip
641726,Daulton Jefferies,OAK,2022,172,39.333333333333336,8,39.333333333333336,4.916666666666667,4.3134,4.3332,0.1163,0.7973,0.0966,36.661211129296234,87.2469,93.1491,-12.726864634950333,-8.397487970492424,171,169,0.6516182700844165,low_ip
502179,Paolo Espino,WSN,2022,487,113.33333333333333,19,83.66666666666667,5.964912280701754,4.0507,4.1364,0.1396,0.7979,0.0908,35.66470902295782,90.1917,98.0912,-10.244019830387641,-8.437509593423579,149,170,0.8169005178398376,blended_ip
571945,Miles Mikolas,STL,2022,805,202.33333333333334,32,199.33333333333334,6.322916666666667,3.9865,3.8038,0.1416,0.8308,0.0822,33.40736040609137,92.4772,96.5567,-9.756349773495643,-8.439234213535139,145,171,0.8873617504875932,high_ip
666214,Joey Wentz,DET,2022,135,32.666666666666664,7,32.666666666666664,4.666666666666666,4.5769,4.5578,0.1037,0.808,0.0865,39.0990990990991,94.6748,91.8613,-14.270994764151771,-8.469304589189655,179,172,0.6181353906571836,low_ip
527048,Martin Perez,TEX,2022,821,196.33333333333334,32,196.33333333333334,6.135416666666667,4.0766,3.8036,0.1218,0.8103,0.0839,36.72373279624035,95.4695,98.6354,-9.662814868089535,-8.484846352352026,144,173,0.8866420654342207,high_ip
663455,Konnor Pilkington,CLE,2022,258,58,11,51,5.2727272727272725,4.9342,4.857,0.0698,0.7612,0.1126,40.13474494706448,91.2324,84.0886,-11.676810426075901,-8.57826586925743,160,174,0.727508417041152,low_ip
608566,German Marquez,COL,2022,779,181.66666666666666,31,181.66666666666666,5.860215053763441,4.2672,4.018,0.1117,0.7946,0.1014,34.80098626276858,90.3114,91.8568,-10.179945950294346,-8.900889370862275,148,175,0.8809399926267161,high_ip
502624,Chase Anderson,CIN,2022,103,24,7,22.333333333333332,3.4285714285714284,4.7704,4.6177,0.0777,0.7936,0.0913,41.37931034482759,90.7356,85.7551,-15.750225499746477,-8.965909837099561,189,176,0.5748167427050517,low_ip
666159,Matt Manning,DET,2022,263,63,12,63,5.25,4.4518,4.3738,0.1103,0.8106,0.0939,34.84848484848485,93.3813,94.5474,-12.838252580764005,-8.989082653519178,173,177,0.7328599690832536,low_ip
592789,Noah Syndergaard,- - -,2022,565,134.66666666666666,24,132.66666666666666,5.611111111111111,4.3919,4.2841,0.1133,0.8161,0.0913,32.97137216189536,92.7181,98.7227,-11.032814892813638,-9.019988648892731,154,178,0.845381806548718,high_ip
680739,Josh Winder,MIN,2022,287,67,11,53,6.090909090909091,4.6301,4.9046,0.101,0.7955,0.0969,36.08617594254937,91.6447,97.0689,-12.54782479648844,-9.05642962119018,168,179,0.741210948318432,low_ip
646242,Jhonathan Diaz,LAA,2022,66,15.333333333333334,3,11.333333333333334,5.111111111111112,5.4452,4.9858,0.0152,0.8,0.0847,42.79661016949153,92.7973,75.1469,-21.737784623283847,-9.125111560193702,233,180,0.4514842367196678,low_ip
608344,Cole Irvin,OAK,2022,741,181,30,181,6.033333333333333,4.3679,4.3492,0.1242,0.8154,0.0958,31.839080459770113,90.8398,91.9924,-11.350569673277153,-9.696013082853574,158,181,0.8764609693717369,high_ip
656629,Michael Kopech,CHW,2022,494,119.33333333333333,25,119.33333333333333,4.773333333333333,4.7266,4.8335,0.0972,0.7778,0.0995,37.941322725012434,103.1256,91.9253,-11.897230304731266,-9.715251036839765,163,182,0.8335784593622585,high_ip
547943,Hyun-Jin Ryu,TOR,2022,113,27,6,27,4.5,4.4634,4.2359,0.1062,0.8352,0.0759,36.20253164556962,87.1983,101.1033,-17.406032348424443,-9.741368033153373,202,183,0.5687752291919781,low_ip
668676,Zach Plesac,CLE,2022,568,131.66666666666666,24,130.66666666666666,5.486111111111111,4.4613,4.3946,0.1092,0.8015,0.1017,34.509986065954486,90.9749,91.5243,-11.808808786345507,-9.790473230697911,161,184,0.8469259358558948,high_ip
641540,Dane Dunning,TEX,2022,671,153.33333333333334,29,153.33333333333334,5.287356321839081,4.1675,4.0281,0.1118,0.7734,0.0997,37.755102040816325,87.7081,86.0752,-11.158252215452993,-9.904941612313667,156,185,0.8658154014267363,high_ip
543606,Jake Odorizzi,- - -,2022,453,106.33333333333333,22,106.33333333333333,4.833333333333333,4.5889,4.697,0.1126,0.7953,0.1023,36.48498331479422,91.5551,93.4933,-12.403591748195646,-9.972110602909318,167,186,0.8202579742282303,high_ip
663372,Ryan Feltner,COL,2022,428,97.33333333333333,19,94,5.12280701754386,4.3757,4.4292,0.1145,0.8088,0.0878,37.134328358208954,95.147,94.1622,-12.657042060493671,-10.028797625083486,170,187,0.8085162416964617,blended_ip
674072,Tommy Henry,ARI,2022,205,47,9,47,5.222222222222222,4.934,4.9708,0.0732,0.7804,0.1074,36.222509702457955,88.1274,82.1037,-14.724496342301405,-10.109984702263015,184,188,0.6883130990298733,low_ip
605507,Zach Thompson,PIT,2022,543,121.66666666666667,22,102.33333333333333,5.53030303030303,4.6187,4.4351,0.081,0.7766,0.1048,37.21153846153846,93.2183,91.8587,-12.247704264720282,-10.130093204577042,165,189,0.8338451857895397,high_ip
571578,Patrick Corbin,WSN,2022,713,152.66666666666666,31,152.66666666666666,4.924731182795699,4.3342,4.2135,0.1108,0.8053,0.0919,35.91307662981319,89.613,96.5722,-11.813246451892805,-10.192891205937812,162,190,0.8694287936536993,high_ip
663554,Casey Mize,DET,2022,45,10,2,10,5,5.5796,5.5771,0.0444,0.88,0.0533,38.46153846153847,88.5469,98.7762,-28.821484597688578,-10.230508280632224,248,191,0.38751399588754243,low_ip
605164,Dylan Bundy,MIN,2022,595,140,29,140,4.827586206896552,4.653,4.6967,0.1109,0.8117,0.0972,30.91743119266055,92.3512,92.228,-12.627570551205825,-10.386379539194687,169,192,0.8522680853814952,high_ip
592346,Chi Chi Gonzalez,- - -,2022,99,23,5,19.666666666666668,4.6,4.7505,4.652,0.0808,0.8503,0.0665,35.37234042553192,93.5828,96.2246,-20.58919467215685,-10.433328393704636,228,193,0.5438103949631193,low_ip
656412,Alex Faedo,DET,2022,244,53.666666666666664,12,53.666666666666664,4.472222222222222,4.978,5.0225,0.0779,0.7848,0.0993,37.74560496380558,91.7052,85.142,-14.713733985328867,-10.509949807151035,182,194,0.7204858268098109,low_ip
656353,Tucker Davidson,- - -,2022,243,52,11,48.4,4.7272727272727275,5.9522,5.829,-0.0082,0.7868,0.0954,40.131578947368425,102.748,98.0008,-16.227639868331437,-10.57022020150636,193,195,0.7137106596385134,low_ip
669461,Matthew Liberatore,STL,2022,161,34.666666666666664,7,29.666666666666668,4.952380952380952,5.0025,4.9348,0.0621,0.814,0.0815,40.15384615384615,95.0232,93.3431,-17.541567984478196,-10.610118111598839,204,196,0.6413021942621576,low_ip
685503,Kohei Arihara,TEX,2022,108,20,4,18,5,5.0943,5.2188,0.0278,0.7857,0.1,40.256410256410255,84.0104,78.14,-19.637241300806366,-10.705259250980657,218,197,0.5511200745323511,low_ip
641745,Brad Keller,KCR,2022,617,139.66666666666666,22,122.33333333333333,6.348484848484848,4.5713,4.35,0.0729,0.7978,0.098,37.62637362637363,95.1681,96.7675,-12.851492535996407,-10.723637824894913,174,198,0.8505105741368478,high_ip
669145,Bruce Zimmermann,BAL,2022,320,73.66666666666667,13,66.66666666666667,5.666666666666667,4.4303,4.4221,0.1156,0.8222,0.0894,33.008849557522126,90.2464,95.1629,-14.719971282112686,-10.772334145775996,183,199,0.7576953583396775,low_ip
675921,Spencer Howard,TEX,2022,179,37.666666666666664,8,34,4.708333333333333,4.6261,4.81,0.095,0.8344,0.078,34.82658959537572,93.8944,92.3161,-17.95651189580285,-11.13331081773406,210,200,0.6590758737169009,low_ip
643615,T.J. Zeuch,CIN,2022,64,10.666666666666666,3,10.666666666666666,3.5555555555555554,6.0735,7.208,-0.0312,0.8411,0.068,41.199999999999996,96.5938,85.8994,-29.06088844170626,-11.139660370430311,249,201,0.45430407945352885,low_ip
676664,JP Sears,- - -,2022,288,70,11,52.666666666666664,6.363636363636363,4.5316,4.5666,0.0972,0.8263,0.0797,34.75440222428175,93.8957,96.4696,-16.07794796262297,-11.410051982085564,192,202,0.7397184661665409,low_ip
543475,Jordan Lyles,BAL,2022,774,179,32,179,5.59375,4.3581,4.3947,0.1189,0.7991,0.0927,36.64658634538153,87.3929,91.5274,-12.942926747109905,-11.42612201100469,175,203,0.881347296655399,high_ip
528748,Humberto Castellanos,ARI,2022,194,44.333333333333336,9,41.333333333333336,4.9259259259259265,4.61,4.6883,0.1031,0.8305,0.0789,35.42780748663101,90.3116,95.2516,-17.584933046252196,-11.479184306887099,205,204,0.6774281576464377,low_ip
641447,Daniel Castano,MIA,2022,156,35.666666666666664,7,31.666666666666668,5.095238095238095,4.6778,4.3689,0.0705,0.8596,0.0711,32.92894280762565,95.2842,96.6301,-20.179946157487432,-11.595980454846583,222,205,0.6320630708518385,low_ip
592716,Adrian Sampson,CHC,2022,428,104.33333333333333,19,98.66666666666667,5.491228070175438,4.4844,4.3915,0.1075,0.8067,0.0927,37.42621015348288,85.5608,91.5869,-14.59731669459885,-11.830737218515257,181,206,0.8114387607422501,blended_ip
672582,Angel Zerpa,KCR,2022,44,11,2,9,5.5,5.5052,5.0001,0,0.8971,0.044,37.735849056603776,84.7945,92.7013,-33.798755814632464,-11.893308999628184,251,207,0.37655667009291777,low_ip
656457,Tyler Gilbert,ARI,2022,146,34.333333333333336,7,31.333333333333332,4.904761904761905,5.1518,5.1507,0.0685,0.8266,0.0833,34.57446808510639,90.3075,87.9766,-20.389367504685104,-12.043006312976837,227,208,0.6244579015981941,low_ip
592717,Aaron Sanchez,- - -,2022,265,60,10,43.3,6,4.1598,4.1768,0.0981,0.8347,0.0775,35.288270377733596,90.2826,94.3946,-17.06341283888765,-12.04445269620134,200,209,0.7229789398717077,low_ip
689225,Beau Brieske,DET,2022,339,81.66666666666667,15,81.66666666666667,5.444444444444445,4.8347,4.7753,0.0855,0.8369,0.0824,35.58663558663559,93.8627,101.8613,-16.814413945585986,-12.265587888816865,197,210,0.774350720983862,blended_ip
502042,Chris Archer,MIN,2022,437,102.66666666666667,25,102.66666666666667,4.1066666666666665,4.7597,4.5669,0.0824,0.7848,0.0951,39.39563514269726,91.3619,88.8,-15.474800421523607,-12.681073944298102,187,211,0.8164076428445892,high_ip
660730,Elvin Rodriguez,DET,2022,143,29.666666666666668,5,23.333333333333332,5.933333333333334,4.9924,5.3903,0.0699,0.8523,0.0655,39.325842696629216,92.3296,94.2132,-22.962920603609366,-13.061981254811869,238,212,0.608844911830436,low_ip
663460,Kris Bubic,KCR,2022,587,129,27,128,4.777777777777778,4.7741,4.5144,0.0801,0.8094,0.0893,37.0026525198939,92.4222,93.0192,-15.740311925606028,-13.166035942731074,188,213,0.8493687812224429,high_ip
669920,Jason Alexander,MIL,2022,321,71.66666666666667,11,56,6.515151515151516,4.7203,4.5316,0.0561,0.8353,0.0707,37.93103448275862,96.9367,98.977,-18.440657146762884,-13.272437501942493,213,214,0.7541679593632435,low_ip
669952,Mitch White,- - -,2022,440,99,18,79.66666666666667,5.5,4.4746,4.4228,0.0977,0.8259,0.084,35.97667638483965,90.2101,91.0351,-16.952779086733315,-13.349513046024436,199,215,0.8054296230886159,low_ip
643290,Justin Dunn,CIN,2022,138,31,7,31,4.428571428571429,5.7491,5.9853,0.029,0.7955,0.0833,40.55555555555556,92.9862,76.4601,-22.350230718713263,-13.363320728331061,234,216,0.6160771137461835,low_ip
456501,Johnny Cueto,CHW,2022,651,158.33333333333334,24,153.33333333333334,6.597222222222222,4.4905,4.3768,0.106,0.845,0.0772,34.56998313659359,87.7922,96.6244,-15.961355179335497,-13.466277290627122,190,217,0.8624155203704486,high_ip
669060,Bryse Wilson,PIT,2022,509,115.66666666666667,20,93.33333333333333,5.783333333333333,4.5327,4.5376,0.0923,0.8391,0.0768,35.32638507953922,92.1023,95.2372,-16.896599452233794,-13.510344334834484,198,218,0.8221584655326966,blended_ip
607536,Kyle Freeland,COL,2022,766,174.66666666666666,31,174.66666666666666,5.634408602150537,4.5056,4.4841,0.1018,0.8048,0.0926,36.843959140542445,85.5711,87.9362,-15.425747211026499,-13.555517802955702,185,219,0.8789867792593504,high_ip
572971,Dallas Keuchel,- - -,2022,303,60.666666666666664,14,60.666666666666664,4.333333333333333,4.9561,4.7236,0.0462,0.7942,0.0918,39.65665236051502,83.2309,93.019,-17.956298131740912,-13.682762096215734,209,220,0.7519379189250837,low_ip
593958,Eduardo Rodriguez,DET,2022,391,91,17,91,5.352941176470588,4.5643,4.4087,0.0972,0.8406,0.0749,36.555479918311775,91.5066,90.9918,-17.998009006102436,-13.945645767576032,211,221,0.7958608952245712,blended_ip
615698,Cal Quantrill,CLE,2022,770,186.33333333333334,32,186.33333333333334,5.822916666666667,4.4947,4.3882,0.1052,0.8305,0.0822,35.75342465753425,89.4218,89.7648,-16.034649451861767,-13.953048151995297,191,222,0.8817591272967034,high_ip
641302,Tyler Alexander,DET,2022,427,101,17,80,5.9411764705882355,4.8294,4.7728,0.0843,0.8493,0.0761,33.56379635449403,94.8437,99.1078,-18.755153593953793,-14.189763845828036,214,223,0.8004939721419505,low_ip
657093,Spenser Watkins,BAL,2022,459,105.33333333333333,20,95,5.266666666666667,4.8579,4.6835,0.0719,0.8241,0.0834,35.20097442143727,90.4192,92.7191,-17.9416820989115,-14.238089319950639,207,224,0.8128077913435423,blended_ip
676194,Jackson Tetreault,WSN,2022,96,21,4,21,5.25,6.0307,5.7987,-0.0104,0.825,0.0767,41.64383561643836,84.2985,85.9729,-27.68612265329263,-14.292404207935444,247,225,0.5407620338929789,low_ip
641771,Chad Kuhl,COL,2022,617,137,27,137,5.074074074074074,4.8008,4.7771,0.0843,0.7829,0.0985,38.484210526315785,88.342,83.6281,-16.672515034759453,-14.338187851557146,195,226,0.8558142971544388,high_ip
623167,Chris Flexen,SEA,2022,590,137.66666666666666,22,121,6.257575757575757,4.9945,5.0379,0.0746,0.8034,0.0957,38.2486388384755,90.2247,93.964,-17.33273910228303,-14.435003162781943,201,227,0.8468111584844016,high_ip
425794,Adam Wainwright,STL,2022,803,191.66666666666666,32,191.66666666666666,5.989583333333333,4.3449,4.0966,0.1108,0.8449,0.0673,35.39738270028727,89.091,90.5983,-16.643384279812153,-14.595112775224106,194,228,0.8860382334550957,high_ip
668873,Caleb Kilian,CHC,2022,56,11.333333333333334,3,11.333333333333334,3.777777777777778,6.8526,6.7941,-0.0536,0.8526,0.0596,44.680851063829785,86.669,74.0981,-36.836328601972056,-14.611223977235365,252,229,0.44087529963770894,low_ip
670174,Josh Winckowski,BOS,2022,316,70.33333333333333,14,67.33333333333333,5.023809523809524,4.8208,4.6137,0.0538,0.8437,0.0695,36.85092127303183,95.7691,95.7964,-20.277446350572017,-14.663811464915668,224,230,0.7595688405673433,low_ip
622608,Antonio Senzatela,COL,2022,413,92.33333333333333,19,92.33333333333333,4.859649122807017,4.4829,4.0702,0.0751,0.8512,0.0703,37.60683760683761,88.3313,96.9794,-18.793682285545984,-14.729143746469608,215,231,0.8016965203150906,blended_ip
621076,James Kaprielian,OAK,2022,577,134,26,134,5.153846153846154,5.0389,5.0601,0.0676,0.8002,0.0951,36.771300448430495,91.029,89.7082,-17.900280788986773,-14.997806230520585,206,232,0.8496973289119455,high_ip
605200,Zach Davies,ARI,2022,570,134.33333333333334,27,134.33333333333334,4.975308641975309,4.7082,4.574,0.0877,0.7975,0.0851,39.57242582897033,82.3849,92.5971,-17.511352966595894,-15.067968936559133,203,233,0.8498772086852368,high_ip
501985,Mike Minor,CIN,2022,455,98,19,98,5.157894736842105,4.9446,5.2056,0.0791,0.8197,0.0829,36.628571428571426,90.6547,92.3188,-19.084827489403462,-15.238804489969217,216,234,0.8160054827063667,blended_ip
656657,Zach Logue,OAK,2022,257,57,10,49.333333333333336,5.7,5.0067,5.3159,0.0856,0.8191,0.0871,37.76908023483366,80.6826,85.9341,-21.318268688665583,-15.405988159482469,231,235,0.7252960597295599,low_ip
518516,Madison Bumgarner,ARI,2022,698,158.66666666666666,30,158.66666666666666,5.288888888888889,4.7643,4.8313,0.0903,0.8391,0.0773,35.43278084714549,93.9376,90.1929,-18.323628223572573,-15.592611938011778,212,236,0.8704559676558044,high_ip
682051,Garrett Hill,DET,2022,263,60.333333333333336,8,42.666666666666664,7.541666666666667,5.3106,5.562,0.0418,0.8248,0.0805,37.58586849852797,90.3522,85.676,-22.49938797045453,-15.616352783696787,235,237,0.7225470833865439,low_ip
670124,Adam Oller,OAK,2022,337,74.33333333333333,14,66,5.309523809523809,5.8299,6.0587,0.0208,0.8086,0.0927,38.717156105100464,91.5549,88.498,-21.241585155739397,-15.671121828610174,230,238,0.7679675798664857,low_ip
501381,Michael Pineda,DET,2022,200,46.666666666666664,11,46.666666666666664,4.242424242424242,4.8395,4.7964,0.09,0.8462,0.0766,33.926128590971274,80.4012,87.1795,-23.51952756575039,-15.799362615898458,241,239,0.6823678729815384,low_ip
570632,Jose Urena,- - -,2022,432,97,17,89.33333333333333,5.705882352941177,4.9502,4.6089,0.0463,0.8194,0.0838,39.025893958076445,87.9054,89.2507,-20.3510285065561,-16.19972355517052,226,240,0.8056519517505789,blended_ip
571800,Drew Hutchison,DET,2022,464,105.33333333333333,18,89.66666666666667,5.851851851851851,5.0654,4.9296,0.056,0.8168,0.087,37.407617964752696,87.553,88.4148,-20.283248203211947,-16.241296678476683,225,241,0.8135091778757743,blended_ip
661269,Vladimir Gutierrez,CIN,2022,179,36.666666666666664,8,35,4.583333333333333,5.6448,6.2865,0.0279,0.8403,0.0673,40.2046783625731,89.5589,93.6287,-26.039891324250323,-16.317925422437725,244,242,0.6592276031816953,low_ip
656818,Connor Overton,CIN,2022,124,33,4,24.666666666666668,8.25,5.4416,4.9686,0.0242,0.8654,0.0597,36.034115138592746,83.4834,88.3843,-29.538588318044482,-16.700961947991704,250,243,0.588387945126856,low_ip
656970,Devin Smeltzer,MIN,2022,287,70.33333333333333,12,62.666666666666664,5.861111111111111,4.989,4.975,0.0732,0.8428,0.0735,35.25243578387954,88.3655,84.5276,-23.126974586402163,-16.7798264280374,240,244,0.746816625442396,low_ip
425844,Zack Greinke,KCR,2022,585,137,26,137,5.269230769230769,4.8393,4.5406,0.0786,0.8423,0.0726,36.13556338028169,84.3387,93.0195,-20.20017899244877,-16.992826451645627,223,245,0.8517537089846291,high_ip
657248,Glenn Otto,TEX,2022,587,135.66666666666666,27,135.66666666666666,5.024691358024691,4.8336,4.8194,0.0767,0.7836,0.0969,39.03095558546433,86.0668,71.4337,-19.820292677878875,-17.052532838240808,220,246,0.8510611477773411,high_ip
605288,Adrian Houser,MIL,2022,455,102.66666666666667,21,100.66666666666667,4.888888888888889,5.0286,4.642,0.0484,0.8501,0.0644,39.88095238095239,93.9412,100.2177,-21.45807413795303,-17.129558687168625,232,247,0.8191489868729359,high_ip
594835,Marco Gonzales,SEA,2022,783,183,32,183,5.71875,4.9931,4.895,0.0677,0.8352,0.0835,33.9323467230444,88.0212,89.2989,-19.97684336184272,-17.29663650349542,221,248,0.8813842072530704,high_ip
607200,Erick Fedde,WSN,2022,573,127,27,127,4.703703703703703,4.9965,4.739,0.0628,0.8295,0.0727,39.752066115702476,90.0469,94.896,-20.741933896290377,-17.424907665260747,229,249,0.8495818474939343,high_ip
669169,Jonathan Heasley,KCR,2022,465,104,21,104,4.9523809523809526,5.3044,5.4872,0.0495,0.8325,0.0768,39.14253897550111,93.6484,94.6459,-22.82587770877857,-18.246214555149287,237,250,0.8208776349275901,high_ip
434671,Anibal Sanchez,WSN,2022,292,69.33333333333333,14,69.33333333333333,4.952380952380952,5.2603,5.2718,0.0514,0.8233,0.0787,40.25974025974026,76.1971,86.2922,-25.250756584054276,-19.255816052316437,243,251,0.7552488900771505,low_ip
672851,Joan Adon,WSN,2022,310,64.66666666666667,14,64.66666666666667,4.6190476190476195,5.0836,5.0557,0.0516,0.8526,0.0648,39.03654485049834,88.3466,82.7365,-26.159976139572,-19.29757827811849,245,252,0.7572278296649528,low_ip
641712,Dakota Hudson,STL,2022,596,139.66666666666666,26,136.66666666666666,5.371794871794871,5.1101,4.824,0.0285,0.8364,0.0719,40.124278739458504,82.0514,82.7868,-26.337338486124843,-22.388521032429352,246,253,0.8524430610893332,high_ip
675911,Spencer Strider,ATL,2023,763,186.66666666666666,32,186.66666666666666,5.833333333333333,2.8581,2.9243,0.2923,0.6425,0.1894,32.09677419354839,117.0709,114.1086,28.906520306025378,25.352353251028813,3,1,0.8826767391735644,high_ip
594798,Jacob deGrom,TEX,2023,115,30.333333333333332,6,30.333333333333332,5.055555555555555,2.2432,2.3188,0.3565,0.6034,0.204,32.8159645232816,123.5076,128.9646,43.29846411362531,24.632292374752687,1,2,0.5858105201803998,low_ip
607192,Tyler Glasnow,TBR,2023,485,120,21,120,5.714285714285714,3.0758,2.7451,0.2577,0.6587,0.1645,34.57698370993169,110.7049,114.5538,22.47666815298887,18.241030824649048,4,3,0.8309870114987983,high_ip
669373,Tarik Skubal,DET,2023,310,80.33333333333333,15,80.33333333333333,5.355555555555555,2.7696,2.5648,0.2839,0.7156,0.1493,30.59885151763741,107.4002,114.4271,18.551068725141803,14.08851365376335,5,4,0.7638116542359379,blended_ip
554430,Zack Wheeler,PHI,2023,787,192,32,192,6,3.5333,3.5362,0.2198,0.7402,0.1327,34.483850538315394,116.6682,121.9519,13.41929766198617,12.124470200996758,7,5,0.8853190998650171,high_ip
641154,Pablo Lopez,MIN,2023,801,194,32,194,6.0625,3.3676,3.2837,0.2322,0.7172,0.1453,32.76089828269485,98.5732,111.6301,13.027101271825359,11.418725584410891,8,6,0.8855352409239405,high_ip
605488,Jeffrey Springs,TBR,2023,55,16,3,16,5.333333333333333,2.2259,1.9351,0.3636,0.6374,0.1564,29.85781990521327,107.5242,121.1522,30.586202174603887,11.051676990677835,2,7,0.437350798716379,low_ip
663556,Shane McClanahan,TBR,2023,469,115,21,115,5.476190476190476,4.0568,3.8449,0.1706,0.6935,0.1564,33.04061470911087,112.7152,115.3014,12.263818492226493,10.300431490963739,10,8,0.8259319998976824,high_ip
691587,Eury Perez,MIA,2023,374,91.33333333333333,19,91.33333333333333,4.807017543859649,3.9366,4.2368,0.2059,0.685,0.1567,36.60598179453836,110.8999,109.7315,13.026761626664774,10.242036630197287,9,9,0.7947353570000703,blended_ip
642547,Freddy Peralta,MIL,2023,680,165.66666666666666,30,165.66666666666666,5.522222222222222,3.4488,3.4231,0.2294,0.6984,0.1441,37.12574850299401,102.3337,108.0952,12.088527283415909,10.196676714895407,11,10,0.8715468692832338,high_ip
622491,Luis Castillo,SEA,2023,802,197,33,197,5.96969696969697,3.7368,3.807,0.2032,0.717,0.1471,33.49953256466189,106.7273,107.3763,10.3219105799565,9.190386664409317,14,11,0.8872385381994586,high_ip
660271,Shohei Ohtani,LAA,2023,531,132,23,132,5.739130434782608,3.6632,3.5775,0.2109,0.7218,0.1292,36.194563662374826,119.4912,107.1686,10.724233978354112,9.085397761263184,12,12,0.8427567660015419,high_ip
657746,Joe Ryan,MIN,2023,672,161.66666666666666,29,161.66666666666666,5.57471264367816,3.4384,3.759,0.2426,0.7488,0.1378,31.13594040968343,102.4256,105.7928,10.256249714722742,9.050843316220378,16,13,0.8688770618084602,high_ip
592332,Kevin Gausman,TOR,2023,763,185,31,185,5.967741935483871,3.3404,3.2153,0.2385,0.7369,0.1293,33.99544122435689,99.9199,106.1536,10.0934500673396,8.765240974789364,17,14,0.882220308130132,high_ip
666200,Jesus Luzardo,MIA,2023,741,178.66666666666666,32,178.66666666666666,5.583333333333333,3.6898,3.7184,0.2065,0.7079,0.1415,35.75250836120401,105.1404,106.4622,9.695078284786423,8.365429372294603,18,15,0.8792301529427629,high_ip
666142,Cole Ragans,- - -,2023,392,96,12,71.66666666666667,8,3.8522,3.7085,0.1837,0.7128,0.1411,36.231884057971016,109.2819,105.8757,10.295765119202631,8.149716367296845,15,16,0.7907701153697418,low_ip
668881,Hunter Greene,CIN,2023,498,112,22,112,5.090909090909091,3.7364,4.0041,0.2088,0.7253,0.1343,36.40707118967988,112.1448,112.9509,9.63806990956028,8.109095675019322,19,17,0.8327687766658509,high_ip
621107,Zach Eflin,TBR,2023,703,177.66666666666666,31,177.66666666666666,5.731182795698924,3.3016,3.1247,0.2304,0.7754,0.1113,31.097324544397054,105.696,109.1771,8.706394923846263,7.777047179687939,22,18,0.8730442827613121,high_ip
605483,Blake Snell,SDP,2023,742,180,32,180,5.625,4.057,3.6226,0.1819,0.6419,0.1533,41.6403785488959,98.097,105.0825,9.096114309987248,7.248897439692709,21,19,0.8807577254135301,high_ip
605540,Brandon Woodruff,MIL,2023,253,67,11,67,6.090909090909091,3.4458,3.6288,0.2332,0.749,0.1255,32.662835249042146,108.2997,113.7935,9.236139191410706,7.058737125938259,20,20,0.7341121831075237,low_ip
687830,Sawyer Gipson-Long,DET,2023,82,20,4,20,5,3.6278,3.7564,0.2195,0.6624,0.1577,36.904761904761905,99.1067,107.3296,15.511867128542963,6.766677588847256,6,21,0.5197434940053504,low_ip
519242,Chris Sale,BOS,2023,425,102.66666666666667,20,102.66666666666667,5.133333333333334,3.5037,3.7209,0.2259,0.7247,0.1316,34.688995215311,102.8566,102.3379,8.58217076745807,6.725722248517713,23,22,0.8123952374617577,high_ip
543037,Gerrit Cole,NYY,2023,821,209,33,209,6.333333333333333,3.626,3.5972,0.2119,0.7654,0.1169,33.992696287279365,107.1333,111.5352,6.940882884219574,6.338402213900805,28,23,0.8903812839182489,high_ip
650911,Cristopher Sanchez,PHI,2023,396,99.33333333333333,18,98.33333333333333,5.518518518518518,3.3291,3.0944,0.202,0.7593,0.1158,32.465753424657535,108.8804,103.2983,7.709551022647762,6.286289840633999,25,24,0.800778221172056,blended_ip
453286,Max Scherzer,- - -,2023,621,152.66666666666666,27,152.66666666666666,5.65432098765432,3.7721,4.0178,0.2077,0.7372,0.1333,33.69785338193601,104.8496,106.1827,7.228659791966347,6.2822082437565205,26,25,0.8608585008426513,high_ip
477132,Clayton Kershaw,LAD,2023,523,131.66666666666666,24,131.66666666666666,5.486111111111111,3.8171,3.5727,0.1855,0.7333,0.1316,34.15475603745687,108.6053,103.6675,7.096198765597056,6.026168287470502,27,26,0.8408143643426355,high_ip
605400,Aaron Nola,PHI,2023,793,193.66666666666666,32,193.66666666666666,6.052083333333333,3.7512,3.6317,0.198,0.7599,0.118,32.74078862314156,107.6941,110.0197,6.440868190722875,5.8682038369965355,29,27,0.8854836893083343,high_ip
657006,Justin Steele,CHC,2023,716,173.33333333333334,30,173.33333333333334,5.777777777777778,3.6053,3.323,0.1955,0.7809,0.1156,32.36390753169277,105.639,107.7655,5.539209428175851,5.108722634598619,32,28,0.8741678585324354,high_ip
641927,Bailey Ober,MIN,2023,577,144.33333333333334,26,144.33333333333334,5.551282051282052,3.8651,4.2025,0.2028,0.7393,0.1384,33.175762784701334,100.9856,103.3189,5.823073526712409,5.052563063865553,31,29,0.8534649612465374,high_ip
666157,Nick Lodolo,CIN,2023,166,34.333333333333336,7,34.333333333333336,4.904761904761905,3.4626,3.7844,0.2229,0.7219,0.1296,35.18518518518518,104.7505,100.7947,8.473203654135371,5.023494801405438,24,30,0.6484459726772749,low_ip
680570,Grayson Rodriguez,BAL,2023,515,122,23,122,5.304347826086956,4.0085,3.7807,0.1689,0.7592,0.1212,34.125475285171106,112.9227,111.9093,5.291343774499418,4.814889354649073,34,31,0.8381923521181573,high_ip
669923,George Kirby,SEA,2023,757,190.66666666666666,31,190.66666666666666,6.150537634408602,3.7149,3.6305,0.2021,0.7987,0.1094,29.13274336283186,103.6041,113.1583,4.877201230106689,4.710776443752993,36,32,0.8808547898537723,high_ip
657277,Logan Webb,SFG,2023,850,216,33,216,6.545454545454546,3.1611,2.9538,0.1918,0.8103,0.0895,32.19221105527638,108.0288,112.475,4.772535446477408,4.555355045774925,39,33,0.8921586274051991,high_ip
656876,Drew Rasmussen,TBR,2023,177,44.666666666666664,8,44.666666666666664,5.583333333333333,3.4648,3.104,0.2034,0.7899,0.1049,31.314623338257014,115.9507,115.2155,5.04848418734728,4.416154414968239,35,34,0.6654086881269183,low_ip
669302,Logan Gilbert,SEA,2023,770,190.66666666666666,32,190.66666666666666,5.958333333333333,3.7757,3.7608,0.1987,0.7668,0.1214,32.90013679890561,100.8766,108.5245,4.772250928662681,4.361932719806435,40,35,0.8824411605314444,high_ip
669203,Corbin Burnes,MIL,2023,784,193.66666666666666,32,193.66666666666666,6.052083333333333,4.0214,3.8043,0.1709,0.7358,0.122,36.676403765011365,108.753,110.1876,4.868181850887023,4.310442125943434,37,36,0.8848623184579424,high_ip
676477,Garrett Whitlock,BOS,2023,304,71.66666666666667,10,51.666666666666664,7.166666666666667,3.6748,3.738,0.1941,0.7467,0.1289,31.799163179916317,103.1008,105.8769,5.50878919846086,4.215276734592871,33,37,0.7486288296413266,low_ip
676272,Bobby Miller,LAD,2023,505,124.33333333333333,22,124.33333333333333,5.651515151515151,3.9324,3.7471,0.1723,0.7638,0.1131,34.913353720693166,109.369,115.1532,4.511297878512892,4.019993516076854,41,38,0.8356564073517588,high_ip
664285,Framber Valdez,HOU,2023,808,198,31,198,6.387096774193548,3.699,3.3856,0.177,0.7523,0.1161,36.360567184334904,104.4887,105.5604,4.188750646269006,3.68481769467873,43,39,0.88601789623247,high_ip
666129,Braxton Garrett,MIA,2023,659,159.66666666666666,30,156.66666666666666,5.322222222222222,3.6166,3.4194,0.1927,0.7618,0.1118,33.95012067578439,102.5366,101.5972,3.841648141980491,3.304171800582812,47,40,0.8649690057121768,high_ip
677651,Luis Garcia,HOU,2023,115,27,6,27,4.5,4.0776,4.1405,0.1826,0.7069,0.1453,35.8974358974359,99.0449,94.8733,6.373035455138346,3.2875032661663797,30,41,0.5851648163028987,low_ip
656302,Dylan Cease,CHW,2023,784,177,33,177,5.363636363636363,4.0996,4.0752,0.1722,0.7054,0.1361,38.18571866380631,103.2665,99.835,3.97289436826354,3.2667508119816087,45,42,0.8834688131461228,high_ip
608331,Max Fried,ATL,2023,311,77.66666666666667,14,77.66666666666667,5.547619047619048,3.3821,3.0957,0.1994,0.7478,0.1166,36.81672025723473,101.2754,104.3689,4.504903096299435,3.207632701871557,42,43,0.7640218023615751,low_ip
645261,Sandy Alcantara,MIA,2023,762,184.66666666666666,28,184.66666666666666,6.595238095238095,4.2366,4.0027,0.1352,0.7712,0.1229,31.217901687454148,110.0495,114.7789,3.118076685966833,3.1872120338932626,53,44,0.8794279699454508,high_ip
656288,Griffin Canning,LAA,2023,536,127,22,120,5.7727272727272725,3.8015,3.8181,0.1922,0.7345,0.1275,34.908256880733944,94.3346,103.8689,4.081003445207858,3.1832066089362714,44,45,0.8408709875265973,high_ip
668678,Zac Gallen,ARI,2023,846,210,34,210,6.176470588235294,3.6684,3.4852,0.2045,0.7611,0.1122,35.455104551045515,97.9165,105.2406,3.6039020790395773,3.13933001118141,48,46,0.8916509168200398,high_ip
593334,Domingo German,NYY,2023,444,108.66666666666667,19,103.66666666666667,5.719298245614035,3.9625,4.0413,0.1802,0.7071,0.1485,33.37356668678335,91.7601,91.6685,3.912525569181409,2.860134489599137,46,47,0.8151651297184352,high_ip
680694,Kyle Bradish,BAL,2023,671,168.66666666666666,30,168.66666666666666,5.622222222222222,3.7574,3.5308,0.1848,0.7587,0.1098,36.0333080999243,100.9124,109.4409,3.3273415605105745,2.834699222687271,50,48,0.8697312648288957,high_ip
579328,Yusei Kikuchi,TOR,2023,700,167.66666666666666,32,167.66666666666666,5.239583333333333,3.858,3.7718,0.19,0.7482,0.1224,35.699077359829666,98.361,104.4489,3.326284661457085,2.8226076040632955,51,49,0.8732003809741218,high_ip
671737,Taj Bradley,TBR,2023,460,104.66666666666667,21,102.66666666666667,4.984126984126984,3.8233,3.8321,0.1957,0.7754,0.1131,34.632272228320524,108.2058,103.4598,3.0974317624994745,2.796079486872373,54,50,0.820169170986584,high_ip
693433,Bryan Woo,SEA,2023,371,87.66666666666667,18,87.66666666666667,4.87037037037037,4.1258,4.2631,0.1671,0.7541,0.1247,33.97656788421778,109.6869,102.6285,2.939264700977822,2.744541218200832,55,51,0.7897310821238764,blended_ip
605397,Joe Musgrove,SDP,2023,399,97.33333333333333,17,97.33333333333333,5.7254901960784315,3.7672,3.6983,0.1905,0.768,0.1137,33.78291586384072,103.555,104.677,3.2032886086165377,2.710573525401295,52,52,0.80314471342891125,blended_ip
680742,Jonathan Bowlan,KCR,2023,14,3,1,2,3,3.87,4.0106,0.2143,0.7273,0.1607,33.92857142857143,103.9125,101.2211,10.474330498528653,2.505683922702328,13,53,0.19142263146212565,low_ip
628711,Julio Urias,LAD,2023,482,117.33333333333333,21,117.33333333333333,5.587301587301587,3.904,4.1273,0.1929,0.7881,0.1042,31.35456017269293,107.9195,108.7522,2.4098150355624197,2.4160536513379594,57,54,0.82889442364877,high_ip
628317,Kenta Maeda,MIN,2023,428,104.33333333333333,20,101,5.216666666666667,3.76,3.9795,0.2079,0.7354,0.1281,35.60517038777908,90.425,101.2576,3.3474841568399025,2.3245570361428034,49,55,0.812767899542426,high_ip
686973,Louie Varland,MIN,2023,283,68,10,56,6.8,3.7661,3.8088,0.1908,0.7666,0.1256,30.889092575618697,97.9367,109.833,2.6144924855672436,2.183358584702727,56,56,0.7406482683492013,low_ip
676710,Kutter Crawford,BOS,2023,527,129.33333333333334,23,107.66666666666667,5.6231884057971016,3.9346,4.3172,0.1879,0.7612,0.1248,33.666666666666664,101.4806,102.2217,2.2495992210767026,2.0680345240404674,58,57,0.834537730147088,high_ip
572020,James Paxton,BOS,2023,411,96,19,96,5.052631578947368,4.1125,3.9841,0.1655,0.744,0.1271,35.46099290780142,103.2126,100.8294,2.1252352500751694,1.7760849303846507,60,58,0.8073212427684427,blended_ip
673540,Kodai Senga,NYM,2023,694,166.33333333333334,29,166.33333333333334,5.735632183908046,3.9985,3.7663,0.1801,0.7212,0.1252,39.35069568319658,101.2851,96.0586,2.2004708520078378,1.588834705175992,59,59,0.8724017682144941,high_ip
663460,Kris Bubic,KCR,2023,68,16,3,16,5.333333333333333,3.5501,3.5742,0.2059,0.7254,0.1472,32.83018867924528,89.3903,91.8414,4.788715409684211,1.5460731537686376,38,60,0.4757289727660104,low_ip
695243,Mason Miller,OAK,2023,139,33.333333333333336,6,24.333333333333332,5.555555555555556,4.3372,4.7683,0.1583,0.7624,0.1097,39.60720130932897,112.3616,104.3914,0.5696385661030883,1.2019615992134294,69,61,0.6181457791815569,low_ip
675627,Michael Grove,LAD,2023,302,69,12,52,5.75,3.8884,3.9167,0.1788,0.742,0.1274,34.118673647469464,94.5568,100.0817,1.6685345092800712,0.9017309656120817,61,62,0.7462820961523194,low_ip
656605,Mitch Keller,PIT,2023,825,194.33333333333334,32,194.33333333333334,6.072916666666667,3.8251,3.7021,0.1879,0.7969,0.0967,33.60025624599616,106.8353,103.8886,0.5824576931119726,0.7441707604646529,68,63,0.8875865424508708,high_ip
686218,Emmet Sheehan,LAD,2023,248,60.333333333333336,11,53.333333333333336,5.484848484848485,4.4078,4.7779,0.1532,0.7324,0.1368,36.37245392822502,98.3014,94.857,1.0530554959751437,0.7372637924223074,63,64,0.7251045036907942,low_ip
682243,Bryce Miller,SEA,2023,537,131.33333333333334,25,131.33333333333334,5.253333333333334,4.1681,4.3116,0.1732,0.7833,0.1141,32.50596658711217,102.4585,108.0282,0.31140441435412214,0.6469663337066567,72,65,0.843181656583493,high_ip
506433,Yu Darvish,SDP,2023,574,136.33333333333334,24,136.33333333333334,5.680555555555556,4.0421,3.9218,0.1707,0.769,0.1068,35.286164939161786,104.1207,106.3804,0.5929464700231821,0.6002713871759441,67,66,0.8498867984793633,high_ip
672282,Reid Detmers,LAA,2023,644,148.66666666666666,28,148.66666666666666,5.309523809523809,4.1419,4.2697,0.1677,0.7492,0.1222,36.049192928516526,102.1756,101.7762,0.6241536573235762,0.5674369721378084,66,67,0.8632042955951521,high_ip
571510,Matthew Boyd,DET,2023,303,71,15,71,4.733333333333333,4.2489,4.3655,0.1584,0.717,0.1401,35.908319185059426,92.7412,90.5796,1.4741592787219084,0.5356308840346076,62,68,0.7569088858250581,low_ip
543243,Sonny Gray,MIN,2023,754,184,32,184,5.75,3.9499,3.6443,0.1698,0.7588,0.1139,35.90378493102229,99.4754,100.5781,0.6459137811491898,0.5190383120886944,65,69,0.8796681867875593,high_ip
656557,Tanner Houck,BOS,2023,463,106,21,106,5.0476190476190474,4.3305,4.0743,0.1253,0.7275,0.1286,36.681974741676235,100.0984,106.4673,0.5297926546400489,0.3515673152880191,70,70,0.8203717337568446,high_ip
686613,Hunter Brown,HOU,2023,665,155.66666666666666,29,152.66666666666666,5.3678160919540225,3.7352,3.5185,0.185,0.7703,0.1061,36.88073394495413,98.6701,99.8359,0.3943011272559907,0.22101294678195718,71,71,0.8668508480940926,high_ip
669854,Ronel Blanco,HOU,2023,226,52,7,38,7.428571428571429,4.8551,5.1161,0.1062,0.6933,0.1567,37.858719646799116,90.2574,89.7367,0.9086478281392606,0.2099268304540885,64,72,0.6994581925987023,low_ip
641482,Nestor Cortes,NYY,2023,266,63.333333333333336,12,63.333333333333336,5.277777777777778,4.35,4.8393,0.1767,0.7898,0.1037,34.39252336448598,111.2103,108.7695,-1.2392286082186954,0.04561893121555246,82,73,0.7380326916717669,low_ip
674681,Michael Plassmeyer,PHI,2023,23,3.6666666666666665,1,3.6666666666666665,3.6666666666666665,4.4244,7.1351,0.1739,0.7447,0.1412,32.94117647058823,94.7271,84.4993,-2.873538964870634,-0.05916895347041628,92,74,0.2579652478313352,low_ip
681857,Reese Olson,DET,2023,422,103.66666666666667,18,91.66666666666667,5.7592592592592595,4.0556,3.9105,0.1659,0.7432,0.1187,36.98394495412844,97.5006,99.4997,0.16988823396252342,-0.12703765930098673,73,75,0.8077826575454823,blended_ip
518876,Merrill Kelly,ARI,2023,722,177.66666666666666,30,177.66666666666666,5.922222222222222,4.1157,3.8343,0.1634,0.7529,0.1203,35.338078291814945,96.0208,100.0984,-0.0862517983127671,-0.13890697794694867,74,76,0.8764098281411875,high_ip
669022,MacKenzie Gore,WSN,2023,582,136.33333333333334,27,136.33333333333334,5.049382716049383,4.2073,4.111,0.1615,0.7492,0.1214,36.96181965881397,100.2992,101.5503,-0.17632362771469368,-0.17836472585734264,75,77,0.8534466038123674,high_ip
458681,Lance Lynn,- - -,2023,808,183.66666666666666,32,183.66666666666666,5.739583333333333,4.3288,4.496,0.1535,0.7402,0.1293,36.30914826498422,98.891,101.1662,-0.5623853849583592,-0.5026286982891577,78,78,0.8853564804459285,high_ip
650644,Aaron Civale,- - -,2023,504,122.33333333333333,23,122.33333333333333,5.318840579710145,4.1528,4.1015,0.1647,0.7859,0.1,34.27860696517413,108.152,105.522,-0.992942378877207,-0.510297140878679,80,79,0.8356772231652962,high_ip
607074,Carlos Rodon,NYY,2023,286,64.33333333333333,14,64.33333333333333,4.595238095238095,4.8673,5.3019,0.1259,0.7641,0.1252,35.09700176366843,107.3022,100.9757,-1.9473732573382172,-0.6022568715466505,88,80,0.7474895450564164,low_ip
656849,David Peterson,NYM,2023,492,111,21,103,5.285714285714286,3.9602,3.5943,0.1585,0.7273,0.1234,38.090401218892836,90.575,95.361,-0.234745332635806,-0.7595761947154303,76,81,0.8267876831357501,high_ip
694297,Brandon Pfaadt,ARI,2023,421,96,18,90,5.333333333333333,4.2758,4.4591,0.1615,0.7686,0.1134,34.26270136307311,100.2518,106.8732,-1.2818566916379268,-0.8032602269880071,83,82,0.804022208171579,blended_ip
621244,Jose Berrios,TOR,2023,782,189.66666666666666,32,189.66666666666666,5.927083333333333,4.076,4.0056,0.1688,0.7639,0.1096,35.045933991153454,95.0181,103.9858,-1.030591967346321,-0.9636559902371724,81,83,0.8831339875093203,high_ip
641816,Tyler Mahle,MIN,2023,102,25.666666666666668,5,25.666666666666668,5.133333333333334,3.524,3.6545,0.2255,0.7737,0.1017,36.17021276595745,95.1684,104.5047,-0.4834115367752527,-0.9769109800662815,77,84,0.5654159894295627,low_ip
608337,Lucas Giolito,- - -,2023,794,184.33333333333334,33,183.4,5.5858585858585865,4.2066,4.4481,0.165,0.7367,0.1225,36.73022819631135,97.4632,97.9135,-0.9603405860968682,-0.9972182855951583,79,85,0.8846951986549219,high_ip
683155,Joey Estes,OAK,2023,47,10,2,10,5,5.489,6.8271,0.1064,0.7126,0.1515,31.515151515151512,89.1908,90.3434,-3.8890993569238037,-1.0127208410002033,102,86,0.38697440067162964,low_ip
669432,Trevor Rogers,MIA,2023,79,18,4,18,4.5,4.0507,4.3891,0.1646,0.758,0.1152,35.75757575757576,91.7743,108.1443,-1.7213733954928658,-1.3735025947313004,86,87,0.5120703032583656,low_ip
656756,Jordan Montgomery,- - -,2023,777,188.66666666666666,32,188.66666666666666,5.895833333333333,4.2321,4.0135,0.1519,0.7599,0.1136,35.819363667464934,99.0966,100.837,-1.7186261312410895,-1.519265281112298,85,88,0.8825623984171148,high_ip
450203,Charlie Morton,ATL,2023,716,163.33333333333334,30,163.33333333333334,5.444444444444445,4.4421,4.2674,0.1397,0.7036,0.1258,38.97651594812478,98.7391,94.3561,-1.4718037086502802,-1.6900053385112423,84,89,0.8737858998796164,high_ip
676440,Tanner Bibee,CLE,2023,585,142,25,142,5.68,4.1859,4.2233,0.1641,0.763,0.1113,36.32846087704213,101.5447,97.9331,-2.0338322418625867,-1.7230595856033812,89,90,0.8536455487256275,high_ip
671212,Joe Boyle,OAK,2023,60,16,3,16,5.333333333333333,4.3727,4.5909,0.1667,0.8108,0.0875,34.166666666666664,109.9649,104.3702,-5.920579740951054,-1.747838378520466,115,91,0.45702782336268244,low_ip
543135,Nathan Eovaldi,TEX,2023,577,144,25,144,5.76,4.1754,3.9611,0.1473,0.758,0.115,37.13646532438479,100.1254,98.1101,-2.042494419729329,-1.7725593389955225,90,92,0.8522753872856794,high_ip
665795,Edward Cabrera,MIA,2023,434,99.66666666666667,20,91,4.983333333333333,4.6828,4.3047,0.1198,0.7178,0.1213,40.64230343300111,101.0391,100.6631,-1.8669086168462545,-1.8471243867690665,87,93,0.810526715739502,blended_ip
608566,German Marquez,COL,2023,80,20,4,20,5,3.864,3.4931,0.175,0.777,0.1089,36.303630363036305,93.3623,99.2983,-3.3599557167798815,-2.0218674154691376,97,94,0.5076096159383443,low_ip
678394,Brayan Bello,BOS,2023,668,157,28,157,5.607142857142857,4.1766,4.0224,0.1302,0.7779,0.1072,36.84210526315789,101.998,106.2844,-2.8393124217404857,-2.308067482763671,91,95,0.8670639368183948,high_ip
668909,Gavin Williams,CLE,2023,345,82,16,82,5.125,4.6078,4.5336,0.1275,0.7451,0.1211,36.84210526315789,96.0335,99.5405,-2.996335005704743,-2.480044546866549,93,96,0.7791508781550063,blended_ip
592826,Vince Velasquez,PIT,2023,162,37.333333333333336,8,37.333333333333336,4.666666666666667,4.5134,4.5597,0.142,0.741,0.121,36.60030627871363,93.0114,93.8974,-3.3555269886347228,-2.6379852125286,96,97,0.6496624374365967,low_ip
607625,Seth Lugo,SDP,2023,604,146.33333333333334,26,146.33333333333334,5.628205128205129,3.9703,3.7568,0.1722,0.8046,0.09,34.94533221194281,98.6435,103.6443,-3.2939241196082523,-2.6830260165422577,94,98,0.856988462459375,high_ip
592351,Jon Gray,TEX,2023,656,157.33333333333334,29,157.33333333333334,5.42528735632184,4.4843,4.3641,0.1341,0.7585,0.1216,33.97169025811824,96.176,99.1406,-3.339229336406598,-2.796763893839798,95,99,0.8639786472223561,high_ip
502171,Alex Cobb,SFG,2023,646,151.33333333333334,28,151.33333333333334,5.404761904761905,3.807,3.5124,0.1455,0.8082,0.0857,36.070147469111205,99.1197,108.7594,-3.4251888626491627,-2.830911201108553,98,100,0.863045673536479,high_ip
657376,Clarke Schmidt,NYY,2023,694,159,32,158.33333333333334,4.96875,4.2938,4.3592,0.1484,0.7832,0.1017,34.74576271186441,103.21,103.4377,-3.5495381309450855,-2.8856505105389223,99,101,0.8700932302570201,high_ip
571927,Steven Matz,STL,2023,449,105,17,89,6.176470588235294,4.1868,3.963,0.147,0.7762,0.1066,34.81521156936262,97.3223,100.8243,-3.7352405633649672,-2.974462157585089,100,102,0.8130108578195194,blended_ip
592662,Robbie Ray,SEA,2023,19,3.3333333333333335,1,3.3333333333333335,3.3333333333333335,8.2084,7.4431,-0.1053,0.7907,0.0989,43.956043956043956,110.9133,84.9133,-25.045704711113608,-2.9877468827514373,227,103,0.25895796654627595,low_ip
681217,Chase Silseth,LAA,2023,221,52.333333333333336,8,37,6.541666666666667,4.292,3.9837,0.1357,0.7409,0.1125,38.920134983127106,94.124,91.8367,-3.7679101308967193,-3.310767391049003,101,104,0.6955913747570032,low_ip
669330,Tyler Wells,BAL,2023,470,118.66666666666667,20,108.66666666666667,5.933333333333334,4.1947,4.6263,0.1766,0.7648,0.1108,35.958005249343834,93.8687,95.2422,-3.9954916566262315,-3.414812668109864,103,105,0.8252471747676701,high_ip
571760,Andrew Heaney,TEX,2023,641,147.33333333333334,28,136.66666666666666,5.261904761904762,4.4007,4.5832,0.142,0.7676,0.1113,36.96737044145873,102.6484,98.5408,-4.3858011476935035,-3.645002776160078,104,106,0.8600975882307528,high_ip
683175,Connor Phillips,CIN,2023,96,20.666666666666668,5,20.666666666666668,4.133333333333334,4.6432,5.0112,0.1354,0.7799,0.0919,39.89501312335958,104.7322,92.8535,-8.021047962069622,-3.991504000547476,129,107,0.5443065628564111,low_ip
663465,Kolby Allard,ATL,2023,56,12.333333333333334,3,11.333333333333334,4.111111111111112,4.2689,4.3988,0.1607,0.7732,0.11,34.5,86.774,87.5588,-8.239514056836073,-3.9993275150426606,131,108,0.4226065684925172,low_ip
608379,Michael Wacha,SDP,2023,553,134.33333333333334,24,134.33333333333334,5.597222222222222,4.4259,4.467,0.1465,0.7747,0.1074,35.235955056179776,98.1403,99.3406,-4.897289806199968,-4.040009930118695,105,109,0.8473767664460765,high_ip
434378,Justin Verlander,- - -,2023,669,162.33333333333334,27,162.33333333333334,6.012345679012346,4.4268,4.5641,0.148,0.7997,0.099,34.4721689059501,104.7603,102.8887,-5.144857768288936,-4.1010747082366645,107,110,0.8680449157483902,high_ip
641793,Zack Littell,- - -,2023,379,90,14,71.33333333333333,6.428571428571429,4.0976,4.1463,0.1636,0.8014,0.1059,30.930930930930934,94.1512,104.8845,-5.893642950502635,-4.234072495839493,113,111,0.7808940003067067,low_ip
593958,Eduardo Rodriguez,DET,2023,621,152.66666666666666,26,152.66666666666666,5.871794871794871,4.262,4.0625,0.153,0.7807,0.1041,34.667211106574115,95.6554,94.5857,-4.991494309996617,-4.262793096399204,106,112,0.8606483560355592,high_ip
668834,Easton McGee,SEA,2023,22,6.666666666666667,1,6.666666666666667,6.666666666666667,5.5064,4.8411,0.0455,0.8571,0.0781,29.6875,91.9025,104.8622,-21.44987585616274,-4.35729459279418,219,113,0.2336902308899081,low_ip
660761,Jose Suarez,LAA,2023,165,33.666666666666664,7,26,4.809523809523809,5.6519,6.164,0.0485,0.7349,0.1274,37.74193548387097,96.9822,93.5708,-8.03469002767482,-4.444628837067784,130,114,0.6356551278652703,low_ip
607067,Colin Rea,MIL,2023,517,124.66666666666667,22,113.66666666666667,5.666666666666667,4.3686,4.3047,0.1393,0.7857,0.1024,34.33943592281049,99.4753,96.6711,-5.701545384449604,-4.5718181726939084,109,115,0.834470990638522,high_ip
665152,Dean Kremer,BAL,2023,735,172.66666666666666,32,172.66666666666666,5.395833333333333,4.4413,4.3366,0.1388,0.7855,0.1016,36.447323559495395,101.9946,100.8918,-5.509784599233198,-4.664745095811377,108,116,0.8773949966116119,high_ip
592791,Jameson Taillon,CHC,2023,655,154.33333333333334,29,150.33333333333334,5.32183908045977,4.3441,4.4882,0.1511,0.8037,0.0963,34.056827150749804,99.3072,103.1926,-5.782636881740012,-4.703113900046038,111,117,0.8637913573759807,high_ip
624133,Ranger Suarez,PHI,2023,540,125,22,125,5.681818181818182,4.3781,4.0457,0.1315,0.7901,0.0939,37.20355731225297,99.6922,105.8359,-5.771956268561044,-4.744338795487572,110,118,0.8406446636393953,high_ip
676664,JP Sears,OAK,2023,735,172.33333333333334,32,172.33333333333334,5.385416666666667,4.6158,5.1013,0.1469,0.7788,0.1126,34.7159288950854,100.8989,99.136,-5.806007423391519,-4.831926952708452,112,119,0.8768421059768972,high_ip
657140,Kyle Wright,ATL,2023,155,31,7,25.666666666666668,4.428571428571429,4.2285,4.0538,0.1097,0.7852,0.1007,36.45833333333333,99.058,91.0881,-8.282145895007726,-4.963003143774391,132,120,0.6245108655523303,low_ip
571616,Matt Dermody,BOS,2023,17,4,1,4,4,5.8698,5.9084,0,0.8649,0.0658,40.78947368421053,97.7084,92.68,-27.163954479030842,-5.014081593487146,233,121,0.2371531430847537,low_ip
656427,Jack Flaherty,- - -,2023,650,144.33333333333334,27,140.4,5.34567901234568,4.5315,4.3605,0.1262,0.7546,0.1074,38.59582542694498,97.4624,99.2176,-5.908318773889717,-5.21873100347006,114,122,0.8620441262340717,high_ip
671096,Andrew Abbott,CIN,2023,459,109.33333333333333,21,109.33333333333333,5.2063492063492065,4.3342,4.563,0.1656,0.7648,0.1091,37.19704952581665,90.1026,93.0692,-6.184995093857841,-5.334539469714966,116,123,0.8239580437377991,high_ip
669456,Shane Bieber,CLE,2023,533,128,21,128,6.095238095238095,4.2911,3.9616,0.137,0.7702,0.1048,34.644864588656105,91.1788,91.1236,-6.279902725510142,-5.414836941018534,117,124,0.8397490420749094,high_ip
656412,Alex Faedo,DET,2023,262,64.66666666666667,12,58.666666666666664,5.388888888888889,4.4211,4.5831,0.145,0.7809,0.1043,34.87922705314009,93.4628,97.4414,-7.471073750823767,-5.452842520487957,126,125,0.7328175323118885,low_ip
592767,Drew Smyly,CHC,2023,626,142.33333333333334,23,113.66666666666667,6.18840579710145,4.4774,4.7063,0.1358,0.7547,0.1139,36.907730673316706,93.2859,94.731,-6.362530094545664,-5.500582181549629,118,126,0.8499417758186733,high_ip
605135,Chris Bassitt,TOR,2023,826,200,33,200,6.0606060606060606,4.2475,4.2126,0.1538,0.8004,0.0939,34.263959390862944,97.9957,95.9618,-6.372842053225828,-5.51901261566769,119,127,0.8886300278147402,high_ip
668933,Graham Ashcraft,CIN,2023,624,145.66666666666666,26,145.66666666666666,5.602564102564102,4.7959,4.5742,0.0946,0.7989,0.0963,35.2536543422184,111.4879,106.5722,-7.249452422684954,-5.690336806953264,125,128,0.857971345184562,high_ip
663776,Patrick Sandoval,LAA,2023,652,144.66666666666666,28,144.66666666666666,5.166666666666666,5.0009,4.6116,0.0828,0.7414,0.12,37.6,102.261,99.4425,-6.751535701589526,-5.748744021946701,122,129,0.8631388762208969,high_ip
573186,Marcus Stroman,CHC,2023,575,136.66666666666666,25,133.66666666666666,5.466666666666666,4.214,3.7855,0.1165,0.7927,0.0924,38.224637681159415,98.5479,101.5509,-6.833480235275925,-5.766653499233342,123,130,0.8491388207362395,high_ip
664299,Cristian Javier,HOU,2023,687,162,31,162,5.225806451612903,4.7614,5.1621,0.1412,0.7616,0.114,38.25363825363826,98.4453,100.5003,-6.726674207102319,-5.794503016142545,121,131,0.8717343437632998,high_ip
502043,Kyle Gibson,BAL,2023,807,192,33,192,5.818181818181818,4.3986,4.1314,0.1264,0.7676,0.1056,37.80848963474827,92.9751,97.826,-6.596728517627521,-5.946050680537952,120,132,0.8856687455711076,high_ip
671106,Logan Allen,CLE,2023,537,125.33333333333333,24,125.33333333333333,5.222222222222222,4.4925,4.2835,0.1322,0.7734,0.10780000000000001,36.12933458294283,92.3711,95.5173,-7.028210108539525,-5.949797870258075,124,133,0.8420040719241395,high_ip
696136,Jordan Wicks,CHC,2023,147,34.666666666666664,7,34.666666666666664,4.952380952380952,4.8285,4.3008,0.0884,0.7852,0.0995,38.42195540308747,95.0334,101.6819,-9.975450516432385,-6.013518370272995,138,134,0.6308559446670926,low_ip
665622,Luis Medina,OAK,2023,495,109.66666666666667,17,82.33333333333333,6.450980392156863,4.8036,4.7735,0.099,0.767,0.1072,39.179487179487175,103.3696,90.4577,-7.670820548879612,-6.057283617653775,128,135,0.819063296456954,blended_ip
641149,Wes Parsons,TOR,2023,26,4,1,4,4,6.2912,7.6484,0,0.8158,0.0787,38.20224719101123,95.2254,69.258,-28.133667322501726,-6.135992403437328,234,136,0.26879578422595624,low_ip
622608,Antonio Senzatela,COL,2023,30,7.666666666666667,2,7.666666666666667,3.8333333333333335,4.8927,4.5038,0.0667,0.8246,0.0833,39.166666666666664,81.2839,103.9322,-18.929964828435327,-6.230093692481819,207,137,0.32145074692054126,low_ip
668868,Zack Thompson,STL,2023,287,66.33333333333333,9,45.333333333333336,7.37037037037037,3.9825,3.8257,0.1638,0.7791,0.0958,36.69803250641574,90.2721,93.166,-7.650754457438471,-6.247985868171823,127,138,0.7387187612579637,low_ip
656818,Connor Overton,CIN,2023,55,11,3,11,3.6666666666666665,5.7759,5.9326,0.0364,0.734,0.125,37,83.6605,70.0254,-15.358463083559355,-6.343435146955099,174,139,0.42077088265505563,low_ip
690986,Kyle Harrison,SFG,2023,147,34.666666666666664,7,34.666666666666664,4.952380952380952,4.4454,5.0139,0.1633,0.7963,0.0935,34.863945578231295,92.9424,94.6167,-10.21825227305829,-6.454737466072556,140,140,0.6314984877186863,low_ip
642216,Allan Winans,ATL,2023,141,32.333333333333336,6,32.333333333333336,5.388888888888889,3.8791,3.9718,0.1844,0.7708,0.1084,31.962616822429908,80.6702,81.5525,-8.641660527018702,-6.460403249742958,133,141,0.6184916676912056,low_ip
657093,Spenser Watkins,OAK,2023,21,4.333333333333333,1,4.333333333333333,4.333333333333333,5.3094,5.8458,0.0952,0.8636,0.0667,35.55555555555556,81.8227,93.8449,-26.051054661161675,-6.67643559533725,229,142,0.2640669202730515,low_ip
607644,John Means,BAL,2023,88,23.666666666666668,4,23.666666666666668,5.916666666666667,5.995,5.908,0.0682,0.8475,0.0796,31.268436578171094,107.4877,111.4073,-16.860814701618384,-6.723656884333199,190,143,0.5310457227650892,low_ip
676130,Jose Butto,NYM,2023,179,42,7,37,6,5.1076,4.8992000000000004,0.0838,0.7447,0.1158,41.41689373297003,87.3575,90.3873,-9.651857221644946,-6.940987926598058,136,144,0.6657711947178498,low_ip
664353,Jose Urquidy,HOU,2023,275,63,10,46.666666666666664,6.3,5.241,5.4479,0.0727,0.7839,0.1102,36.0655737704918,98.0045,97.6447,-10.709367070174169,-7.058992595619083,146,145,0.7329759370998391,low_ip
666214,Joey Wentz,DET,2023,492,105.66666666666667,19,80.33333333333333,5.56140350877193,4.8424,5.1285,0.1037,0.7661,0.1113,36.45779388917659,95.7182,90.147,-8.805008324975008,-7.120459462805645,134,146,0.8179885477421053,blended_ip
621076,James Kaprielian,OAK,2023,280,61,11,58.333333333333336,5.545454545454546,5.1828,5.6503,0.0929,0.7662,0.1125,34.94967978042086,94.096,94.0584,-9.895365734055854,-7.14816334664485,137,147,0.7410517493318299,low_ip
685410,Peyton Battenfield,CLE,2023,146,34.666666666666664,6,32.666666666666664,5.777777777777778,4.8497,4.8343,0.1027,0.7564,0.1216,35.208711433756804,84.955,76.5095,-11.149833671951887,-7.338056758909882,151,148,0.6240199501738927,low_ip
669160,Dustin May,LAD,2023,187,48,9,48,5.333333333333333,4.8695,4.5823,0.0963,0.8725,0.0598,35.733695652173914,117.2356,111.344,-14.608639785390341,-7.596965140750422,169,149,0.6779577268575594,low_ip
621112,Paul Blackburn,OAK,2023,464,103.66666666666667,20,102.66666666666667,5.183333333333334,4.4998,4.3342,0.1315,0.7778,0.1013,38.752665245202564,89.8749,95.679,-9.030118345011841,-7.603020526822438,135,150,0.8216448666940983,high_ip
674370,Osvaldo Bido,PIT,2023,236,50.666666666666664,9,34.666666666666664,5.62962962962963,4.6299,4.9374,0.1144,0.8029,0.0881,36.94267515923567,100.6299,92.9065,-11.82098821399627,-7.78833109528347,154,151,0.7023696453759377,low_ip
686651,Levi Stoudt,CIN,2023,55,10.333333333333334,2,7,5.166666666666667,5.7654,5.5957,0.0182,0.8065,0.0804,40.17857142857143,93.8963,91.764,-20.97114069838201,-7.891819999566975,218,152,0.42329917343894513,low_ip
672710,Roansy Contreras,PIT,2023,302,68.33333333333333,11,54.333333333333336,6.212121212121212,5.1728,5.1991,0.0762,0.7551,0.1144,36.24454148471616,90.2683,89.2607,-10.67057871155279,-8.1216314419169091,145,153,0.7475685388161436,low_ip
663738,Daniel Lynch IV,KCR,2023,223,52.333333333333336,9,52.333333333333336,5.814814814814815,5.2413,5.3312,0.0807,0.7684,0.1125,37.08281829419035,86.7551,98.3242,-11.50191894048716,-8.164954353668294,153,154,0.7016734921411766,low_ip
605182,Mike Clevinger,CHW,2023,549,131.33333333333334,24,131.33333333333334,5.472222222222222,4.8088,5.1541,0.1275,0.7998,0.0979,34.441805225653205,99.792,96.9837,-10.111649072376315,-8.167700490765679,139,155,0.8445643196263711,high_ip
608344,Cole Irvin,BAL,2023,336,77.33333333333333,12,58,6.444444444444444,4.324,4.4854,0.1399,0.8109,0.0949,32.70588235294118,93.5503,94.739,-11.130355037126021,-8.170877876997126,150,156,0.763338900448212,low_ip
663474,Triston McKenzie,CLE,2023,73,16,4,16,4,5.9473,6.0692,0.0411,0.7704,0.1033,41.333333333333336,91.4662,79.6913,-17.74276054364358,-8.1727242496095,198,157,0.493465575241966,low_ip
647336,Michael Soroka,ATL,2023,145,32.333333333333336,6,29.333333333333332,5.388888888888889,4.5895,4.6843,0.1172,0.7942,0.0931,37.988826815642454,87.6868,95.4844,-12.917005391655913,-8.206727759531718,159,158,0.6179024380434728,low_ip
680232,Jackson Wolf,SDP,2023,22,5,1,5,5,5.2883,5.1084,0,0.9429,0.0263,40.78947368421053,89.6899,100.6813,-36.80342910164609,-8.268658688009529,240,159,0.24795113912961061,low_ip
622663,Luis Severino,NYY,2023,417,89.33333333333333,18,87.33333333333333,4.962962962962963,4.7762,4.8319,0.1079,0.8224,0.091,33.6996336996337,101.5771,100.7729,-11.464388921084893,-8.411779456371645,152,160,0.8026090548334969,blended_ip
682227,Brandon Williamson,CIN,2023,491,117,23,117,5.086956521739131,4.7161,4.7225,0.1202,0.8009,0.0928,36.340206185567006,99.2838,96.8271,-10.449891050427887,-8.414672689395287,141,161,0.8313439738195275,high_ip
668676,Zach Plesac,CLE,2023,105,21.333333333333332,5,21.333333333333332,4.266666666666667,4.7464,4.5057,0.0857,0.82,0.0963,31.283422459893046,87.9358,88.554,-16.632482826974208,-8.629498940708284,188,162,0.5503591896945035,low_ip
543101,Anthony DeSclafani,SFG,2023,419,99.66666666666667,18,95.33333333333333,5.537037037037037,4.3676,4.1506,0.1408,0.8181,0.0844,35.93045717965229,91.9676,95.2078,-10.875494377115368,-8.63753762830727,148,163,0.8050777397365784,blended_ip
676106,Emerson Hancock,SEA,2023,49,12,3,12,4,5.3116,5.0717,0.0612,0.8529,0.0773,32.98969072164948,86.9635,93.0211,-23.41615297439545,-8.814145622881673,223,164,0.41297104069504065,low_ip
542881,Tyler Anderson,LAA,2023,629,141,25,132,5.64,5.2281,5.5167,0.0874,0.7467,0.1255,36.36363636363637,99.5594,88.5931,-10.55848291967667,-8.830898298158624,144,165,0.85611787684091,high_ip
641540,Dane Dunning,TEX,2023,722,172.66666666666666,26,147,6.6410256410256405,4.517,4.3906,0.1177,0.7935,0.0967,35.24833209785026,91.3499,91.568,-10.477161104159249,-9.08460522130104,142,166,0.869467569281588,high_ip
543548,Tommy Milone,SEA,2023,40,9,2,9,4.5,7.5654,7.344,-0.075,0.8571,0.0675,36.809815950920246,96.0044,109.8543,-31.348996940125122,-9.177865018688635,236,167,0.3747367812274112,low_ip
663903,Brady Singer,KCR,2023,702,159.66666666666666,29,159.66666666666666,5.505747126436781,4.4581,4.2754,0.1197,0.789,0.0956,36.137667304015295,88.8874,91.7579,-10.482174419083814,-9.193536185237376,143,168,0.870035344872439,high_ip
663362,Matt Waldron,SDP,2023,173,41.333333333333336,6,31.666666666666668,6.888888888888889,4.734,4.786,0.1098,0.8323,0.0802,35.36404160475483,94.1161,103.6631,-15.207330868765617,-9.204296932896487,172,169,0.6519433647775801,low_ip
543294,Kyle Hendricks,CHC,2023,578,137,24,137,5.708333333333333,4.6314,4.4227,0.1142,0.8012,0.0923,34.327651515151516,89.1118,96.6361,-11.093170538221205,-9.329693796157946,149,170,0.8490179187345315,high_ip
671131,Jackson Rutledge,WSN,2023,88,20,4,20,5,5.7822,6.1484,0.0682,0.8107,0.0925,37.861271676300575,89.4705,92.4526,-19.449665399028273,-9.445728881711126,209,171,0.5276655274354101,low_ip
527054,Julio Teheran,MIL,2023,288,71.66666666666667,11,62.666666666666664,6.515151515151516,4.5831,4.6707,0.1285,0.8132,0.0886,33.887349953831944,94.2555,92.8306,-13.240682593369481,-9.499835960273368,161,172,0.745045381153457,low_ip
670912,Johan Oviedo,PIT,2023,781,177.66666666666666,32,177.66666666666666,5.552083333333333,4.9177,4.8656,0.096,0.7589,0.1113,38.24807756603143,93.4897,92.4275,-10.772225836789614,-9.555225935992235,147,173,0.8815716531427673,high_ip
547179,Michael Lorenzen,- - -,2023,624,153,25,148.66666666666666,6.12,4.8651,4.6775,0.1026,0.8089,0.0941,34.27606585056986,94.8879,97.2854,-11.906141516017257,-9.917316454229097,155,174,0.8591496640063103,high_ip
456501,Johnny Cueto,MIA,2023,218,52.333333333333336,10,46.333333333333336,5.233333333333333,4.9316,5.1975,0.1101,0.8311,0.0884,33.95348837209302,92.1536,101.059,-15.657375617426332,-10.111717122760982,177,175,0.6996672873305539,low_ip
700363,AJ Smith-Shawver,ATL,2023,105,25.333333333333332,5,23,5.066666666666666,5.2512,5.7077,0.0857,0.801,0.0903,41.18942731277533,89.8265,83.2623,-18.26896731367522,-10.1212851894245,201,176,0.5702765157016498,low_ip
446372,Corey Kluber,BOS,2023,257,55,9,41.666666666666664,6.111111111111111,5.2848,5.7969,0.0817,0.7988,0.098,34.94949494949495,95.8775,89.1752,-15.092756227933238,-10.130340710033018,170,177,0.7182969440952975,low_ip
547943,Hyun-Jin Ryu,TOR,2023,224,52,11,52,4.7272727272727275,4.6946,4.4076,0.1071,0.8015,0.0952,33.734939759036145,85.4838,91.8885,-14.566388039259756,-10.308823378589205,167,178,0.7034281258352492,low_ip
682990,Quinn Priester,PIT,2023,234,50,8,40,6.25,5.3107,5.1031,0.0385,0.7865,0.0947,39.14549653579677,92.7797,96.8513,-15.260359283861948,-10.41834835695469,173,179,0.7014664480732207,low_ip
686610,Ken Waldichuk,OAK,2023,639,141,22,103,6.409090909090909,4.8952,5.0782,0.0955,0.7666,0.1104,38.21456538762725,91.1446,89.6697,-12.389722774050378,-10.489002337075359,156,180,0.8485431122976703,high_ip
596133,Luke Weaver,- - -,2023,563,123.66666666666667,25,113.3,4.946666666666667,4.6505,4.6987,0.1226,0.8053,0.0916,36.902654867256636,85.8173,97.9517,-12.54283995050056,-10.543342978581967,157,181,0.842397013172246,high_ip
605513,Spencer Turnbull,DET,2023,145,31,7,31,4.428571428571429,5.2374,5.2086,0.0621,0.8008,0.0899,36.8705035971223,91.3831,88.1543,-17.602168839261193,-10.607324996053446,196,182,0.6224355332286524,low_ip
605288,Adrian Houser,MIL,2023,481,111.33333333333333,21,106.33333333333333,5.301587301587301,4.4482,4.3002,0.1289,0.8393,0.0721,36.14846691769769,89.8178,98.5259,-13.41538871008826,-10.904294026432886,162,183,0.8249464706268697,high_ip
641585,J.P. France,HOU,2023,581,136.33333333333334,23,133,5.9275362318840585,4.9562,4.8041,0.0929,0.7966,0.0911,37.71532184950136,93.9465,100.4192,-13.043791131647696,-10.94250421354788,160,184,0.849501146476073,high_ip
594902,Ben Lively,CIN,2023,383,88.66666666666667,12,65.66666666666667,7.388888888888889,4.3308,4.4157,0.141,0.8135,0.0838,36.054913294797686,87.7332,93.1645,-14.244616912361073,-11.20839110277499,165,185,0.7810580239918269,low_ip
471911,Carlos Carrasco,NYM,2023,417,90,20,90,4.5,5.1567,4.9268,0.0671,0.7649,0.1093,38.19095477386934,89.0492,87.815,-13.837956064803391,-11.219734944657754,163,186,0.8028588128405153,blended_ip
500779,Jose Quintana,NYM,2023,319,75.66666666666667,13,75.66666666666667,5.820512820512821,4.7132,4.4739,0.1129,0.8022,0.0894,37.77416734362307,87.4848,92.9895,-14.59480855740833,-11.225203239778308,168,187,0.7649560813991964,low_ip
693821,Bryce Elder,ATL,2023,732,174.66666666666666,31,174.66666666666666,5.634408602150537,4.8106,4.495,0.0888,0.7849,0.0989,37.25008768853034,87.8118,93.6225,-12.896916856780907,-11.348975127779376,158,188,0.8769053235559379,high_ip
663372,Ryan Feltner,COL,2023,201,43.333333333333336,10,43.333333333333336,4.333333333333334,5.5416,5.2951,0.0498,0.8099,0.0829,36.86224489795919,94.669,98.1966,-17.97878652259439,-11.701084469265878,200,189,0.684964638477789,low_ip
663559,Bailey Falter,- - -,2023,347,80.66666666666667,14,63,5.761904761904762,4.6576,4.5608,0.1153,0.8443,0.0786,33.15343099460293,93.7687,100.4285,-16.311840300116046,-11.82416885763691,183,190,0.769135170295545,low_ip
672851,Joan Adon,WSN,2023,240,51.666666666666664,10,46.666666666666664,5.166666666666666,4.887,4.9167,0.1,0.8018,0.0942,37.44588744588744,87.2861,82.7802,-16.659642546246715,-11.84732717546603,189,191,0.7122553672236692,low_ip
657053,Touki Toussaint,- - -,2023,384,87,16,73.4,5.4375,5.1748,4.8762,0.0729,0.7692,0.0922,41.37931034482759,91.1328,86.2004,-14.56457967129503,-11.864800915673987,166,192,0.7899711719174908,low_ip
663562,Noah Davis,COL,2023,146,30,6,25,5,5.0769,5.3506,0.0753,0.8233,0.0831,37.70764119601329,91.2828,81.8322,-20.394994019182235,-12.096676704313841,217,193,0.6219844681325447,low_ip
677960,Ryan Weathers,- - -,2023,257,57.666666666666664,12,51.3,4.805555555555555,5.5107,5.5607,0.0545,0.7894,0.0923,39.70177073625349,91.4306,92.1259,-16.967939116187367,-12.149108296821618,191,194,0.7290095199956292,low_ip
666159,Matt Manning,DET,2023,316,78,15,78,5.2,5.133,5.3258,0.0918,0.8312,0.0786,34.319526627218934,98.0768,98.2666,-16.99254591618543,-12.173402692257712,192,195,0.7631291540753469,low_ip
641778,Eric Lauer,MIL,2023,211,46.666666666666664,9,41.333333333333336,5.185185185185185,5.3086,5.5768,0.09,0.8106,0.0885,38.252656434474616,91.9728,83.5848,-18.474721844392363,-12.324883653202637,203,196,0.6923531624359751,low_ip
680686,Josiah Gray,WSN,2023,698,159,30,159,5.3,5.0776,5.1216,0.0903,0.7617,0.1102,38.73489694385216,90.9073,84.1023,-14.097686361302582,-12.387282288984713,164,197,0.8713602309218175,high_ip
594835,Marco Gonzales,SEA,2023,215,50,10,50,5,5.1945,4.8268,0.0744,0.8184,0.0875,33.66214549938348,87.3086,94.0587,-18.476147923301134,-12.523974970292997,204,198,0.6973052341825038,low_ip
572971,Dallas Keuchel,MIN,2023,172,37.666666666666664,6,25.333333333333332,6.277777777777778,5.104,4.8374,0.0407,0.7993,0.0851,38.753799392097264,86.9016,87.3695,-19.48514478126723,-12.609029221519648,210,199,0.6425713464491755,low_ip
669194,Ryne Nelson,ARI,2023,619,144,27,138.33333333333334,5.333333333333333,5.2449,5.3005,0.0808,0.8229,0.0878,35.453774385072094,98.2565,101.2406,-15.488419855716579,-12.736241807321981,176,200,0.8561343761531941,high_ip
425844,Zack Greinke,KCR,2023,593,142.33333333333334,27,131,5.271604938271605,4.5685,4.4242,0.1248,0.848,0.0707,35.65961278703287,87.4051,95.8737,-15.411305316522435,-12.901910410002188,175,201,0.8502547977160319,high_ip
502624,Chase Anderson,- - -,2023,372,86.33333333333333,17,81.33333333333333,5.078431372549019,5.1702,5.3456,0.0833,0.8003,0.0918,39.47550034506556,88.3591,94.0242,-16.549982774846082,-12.906110814740554,186,202,0.786572352422266,blended_ip
657756,Connor Seabold,COL,2023,408,87.33333333333333,13,59,6.717948717948717,5.0321,5.5923,0.0956,0.8003,0.1004,34.22904670505439,85.2414,87.0163,-16.62769622207439,-12.941639315925425,187,203,0.787832222412811,low_ip
664192,Joey Lucchesi,NYM,2023,195,46.666666666666664,9,46.666666666666664,5.185185185185185,5.1519,5.0182,0.0769,0.8311,0.0729,38.714285714285715,94.7928,89.654,-20.067180372705145,-12.989269114572407,215,204,0.6773140737475222,low_ip
664062,Tony Gonsolin,LAD,2023,435,103,20,103,5.15,5.0479,5.2469,0.0966,0.8034,0.0966,36.014405762304925,88.7267,87.8638,-16.248480611171935,-13.015587879572223,180,205,0.8138365958059892,high_ip
669461,Matthew Liberatore,STL,2023,275,61.666666666666664,11,49,5.6060606060606055,5.0511,5.019,0.0764,0.8253,0.0784,38.904627006610006,94.9693,90.5694,-18.613507303866022,-13.068463503120812,205,206,0.732665853761277,low_ip
656232,Brandon Bielak,HOU,2023,353,80,13,70.66666666666667,6.153846153846154,5.0187,4.8959,0.0737,0.7853,0.0965,40.99423631123919,84.7999,85.7898,-16.50316694028347,-13.086801734242833,185,207,0.776663679094618,low_ip
571945,Miles Mikolas,STL,2023,860,201.33333333333334,35,201.33333333333334,5.752380952380952,4.8059,4.7624,0.114,0.8523,0.0732,32.58286429018136,92.7366,98.0537,-15.183788312921505,-13.130902750229012,171,208,0.8909195405721121,high_ip
570632,Jose Urena,- - -,2023,203,44.666666666666664,10,44.666666666666664,4.466666666666667,5.6309,5.4631,0.0345,0.8033,0.0921,38.00259403372244,89.7119,88.5959,-19.806899608916194,-13.13285346725077,214,209,0.6857120649494444,low_ip
489119,Wade Miley,MIL,2023,490,120.33333333333333,23,120.33333333333333,5.231884057971015,5.0439,4.8465,0.0837,0.8278,0.0768,36.940298507462686,93.9479,100.8543,-16.302070335224368,-13.208826687991454,182,210,0.8312366962721093,high_ip
682847,Luis L. Ortiz,PIT,2023,400,86.66666666666667,15,73,5.777777777777778,5.6247,5.3794,0.0275,0.7934,0.0937,39.398084815321475,95.1293,89.6287,-17.6017524529547,-13.527035957103182,195,211,0.7896776984129938,low_ip
448179,Rich Hill,- - -,2023,660,146.33333333333334,27,135.66666666666666,5.419753086419753,4.7983,4.7679,0.1076,0.8325,0.0749,35.25236593059937,95.0782,88.6352,-16.195316808817513,-13.685906743553678,179,212,0.860678068036538,high_ip
656731,Tylor Megill,NYM,2023,567,126.33333333333333,25,126.33333333333333,5.053333333333333,5.0657,4.9186,0.0829,0.7886,0.0943,39.78542691104157,88.5693,90.985,-16.25847837250594,-13.82136942637763,181,213,0.8466787509722529,high_ip
623167,Chris Flexen,- - -,2023,466,102.33333333333333,16,77.66666666666667,6.395833333333333,5.1063,5.1242,0.0773,0.7938,0.0986,37.37891737891738,83.7743,87.9694,-17.011259055535948,-13.840552393875543,193,214,0.809932171750741,low_ip
592836,Taijuan Walker,PHI,2023,733,172.66666666666666,31,172.66666666666666,5.569892473118279,4.9666,4.8293,0.0914,0.8077,0.0842,39.34483973230011,92.2631,94.5918,-15.985171658475794,-13.941824557136307,178,215,0.8765293504719639,high_ip
674072,Tommy Henry,ARI,2023,381,89,16,87.66666666666667,5.5625,5.2912,5.3978,0.0761,0.7881,0.1028,36.808051761322794,83.6416,85.0505,-17.675052682237453,-13.993956062437181,197,216,0.7899499770577381,blended_ip
689266,Dylan Dodd,ATL,2023,164,34.333333333333336,7,34.333333333333336,4.904761904761905,6.1859,6.5028,0.0183,0.8421,0.0845,30.1056338028169,91.123,96.7407,-24.539287878252168,-14.202144140609063,226,217,0.6377109554189326,low_ip
571578,Patrick Corbin,WSN,2023,790,180,32,180,5.625,5.0097,4.7585,0.0848,0.7973,0.092,38.495726495726494,83.6794,92.7552,-16.498319576069086,-14.609332522585573,184,218,0.8819990898358722,high_ip
656629,Michael Kopech,CHW,2023,591,129.33333333333334,27,126.66666666666667,4.790123456790123,5.4148,5.6837,0.0728,0.7546,0.1032,41.85855263157895,97.7054,82.963,-17.109759132931174,-14.649460037092412,194,219,0.8512989875981757,high_ip
680689,Lyon Richardson,CIN,2023,81,16.666666666666668,4,16.666666666666668,4.166666666666667,6.8142,6.5983,-0.037,0.8552,0.0634,40.483383685800604,84.3892,105.9953,-31.681896610781592,-14.750949884188081,237,220,0.5117721295381581,low_ip
683769,Hunter Gaddis,CLE,2023,182,42,7,31.333333333333332,6,5.9346,6.429,0.0549,0.8476,0.0728,35.95342066957787,93.5564,93.0068,-24.52845384597836,-14.759450690915095,225,221,0.6573184720630272,low_ip
666205,Kyle Muller,OAK,2023,372,77,13,60,5.923076923076923,5.4715,5.4982,0.0457,0.8114,0.0906,38.22923816060398,89.7229,90.5618,-19.630399024835306,-14.812969924694201,213,222,0.7782483044580281,low_ip
663623,Jake Irvin,WSN,2023,530,121,24,121,5.041666666666667,5.0917,5.1372,0.0849,0.8385,0.0703,37.785016286644954,97.0284,96.8764,-18.421016345043057,-15.061161295260417,202,223,0.8401380831068835,high_ip
592789,Noah Syndergaard,- - -,2023,391,88.66666666666667,18,88.66666666666667,4.9259259259259265,5.0673,5.2107,0.0946,0.8336,0.0816,34.13768630234208,85.4722,91.3739,-19.53762467407711,-15.144593018249202,211,224,0.792889096290001,blended_ip
527048,Martin Perez,TEX,2023,608,141.66666666666666,20,108.33333333333333,7.083333333333333,5.08,4.9551,0.0724,0.837,0.0732,36.16352201257861,89.0193,99.7243,-18.63379572857398,-15.444378551309512,206,225,0.8443542978066663,high_ip
543475,Jordan Lyles,KCR,2023,748,177.66666666666666,31,177.66666666666666,5.731182795698924,5.1472,5.3431,0.1003,0.8172,0.0872,36.901807869549806,86.1944,93.0822,-17.87305090650017,-15.551231641969286,199,226,0.8782139549155501,high_ip
605200,Zach Davies,ARI,2023,377,82.33333333333333,18,82.33333333333333,4.5740740740740735,4.9954,4.7872,0.0875,0.799,0.0806,41.372418387741504,79.8203,88.8435,-19.58675319110312,-15.952464022933263,212,227,0.789482691765061,blended_ip
596295,Austin Gomber,COL,2023,603,139,27,139,5.148148148148148,5.2434,5.0776,0.073,0.8293,0.0809,36.061026352288486,89.2358,93.4076,-19.212073844291655,-16.085615965652934,208,228,0.8525115864316757,high_ip
680723,Drew Rom,STL,2023,170,33.666666666666664,8,33.666666666666664,4.208333333333333,5.2504,5.6008,0.0765,0.8625,0.0595,37.797619047619044,90.7884,85.4894,-26.281318747370168,-16.318093017556464,231,229,0.6523658811889601,low_ip
641712,Dakota Hudson,STL,2023,354,81.33333333333333,12,65,6.777777777777778,5.3554,5.1078,0.0311,0.8177,0.0857,38.54324734446131,85.9436,85.1768,-22.37232170384684,-17.042037730315272,221,230,0.7723528757693725,low_ip
592866,Trevor Williams,WSN,2023,659,144.33333333333334,30,144.33333333333334,4.811111111111112,5.0898,5.2135,0.088,0.8309,0.0792,38.51428571428571,84.1867,92.1548,-20.25173741509264,-17.34949222260989,216,231,0.8636096039038447,high_ip
666201,Alek Manoah,TOR,2023,415,87.33333333333333,19,87.33333333333333,4.5964912280701755,5.6511,5.8453,0.0482,0.8042,0.0886,39.39751919669226,90.5912,80.1899,-22.343711513291055,-17.713367602578842,220,232,0.803453993400527,blended_ip
663765,Jake Woodford,STL,2023,222,47.666666666666664,8,33.666666666666664,5.958333333333333,5.3522,5.2766,0.0315,0.8628,0.0571,39.23076923076923,90.3116,95.4245,-26.812204408359804,-17.755691444454925,232,233,0.6942408296659219,low_ip
694363,Jared Shuster,ATL,2023,230,52.666666666666664,11,52.666666666666664,4.787878787878788,6.1215,6.1338,0.0174,0.802,0.0903,38.31018518518518,80.4619,80.3206,-25.44869511316323,-18.021930822661837,228,234,0.7084762387195853,low_ip
518516,Madison Bumgarner,ARI,2023,90,16.666666666666668,4,16.666666666666668,4.166666666666667,7.0977,7.5143,-0.0556,0.8553,0.0629,42.857142857142854,88.0261,64.1605,-38.92304137831528,-18.564062039023653,241,235,0.5247918933124717,low_ip
570666,Luis Cessa,CIN,2023,132,26,6,25,4.333333333333333,6.1378,5.6258,-0.0076,0.8761,0.0581,36.98924731182795,81.5491,92.4287,-33.38707887049426,-18.796075260159203,239,236,0.5931475222255079,low_ip
615698,Cal Quantrill,CLE,2023,444,99.66666666666667,19,99.66666666666667,5.245614035087719,5.5028,5.429,0.0518,0.8304,0.0793,38.33138856476079,88.6749,85.966,-23.615344706933172,-18.900651175014755,224,237,0.8146631901901293,blended_ip
607536,Kyle Freeland,COL,2023,677,155.66666666666666,29,155.66666666666666,5.3678160919540225,5.2445,5.1277,0.0768,0.8465,0.0777,34.39437784208351,80.3499,86.1638,-22.432781360041965,-19.16265798583394,222,238,0.865427339196788,high_ip
621389,Ty Blach,COL,2023,352,78,13,64.66666666666667,6,5.1429,5.0134,0.0739,0.8562,0.0704,33.30696202531646,84.0994,80.3209,-26.218678852297977,-19.758733588129953,230,239,0.7698978941042679,low_ip
607968,Drew Rucinski,OAK,2023,95,18,4,18,4.5,7.367,7.5684,-0.0842,0.831,0.0686,42.57142857142857,74.9445,78.7408,-39.01384085868298,-19.876651869558785,242,240,0.5311201625239268,low_ip
641745,Brad Keller,KCR,2023,211,45.333333333333336,9,43.333333333333336,5.037037037037037,7.1085,6.4133,-0.0664,0.789,0.0785,45.27872582480091,90.5202,76.9749,-29.143170379402807,-19.893557020797648,235,241,0.696048502847487,low_ip
425794,Adam Wainwright,STL,2023,484,101,21,101,4.809523809523809,5.8271,5.7707,0.0289,0.8801,0.0491,39.0625,81.2702,86.7833,-32.5818259746647,-26.39363613826575,238,242,0.8219563441810426,high_ip
676979,Garrett Crochet,CHW,2024,595,146,32,146,4.5625,2.5325,2.3788,0.2958,0.6938,0.162,32.27557411273486,115.6855,115.8363,24.982056946584365,21.40209213711021,2,1,0.8562935065244192,high_ip
669373,Tarik Skubal,DET,2024,753,192,31,192,6.193548387096774,2.8893,2.8256,0.2563,0.7167,0.1461,30.788005578800558,112.1932,112.0296,18.052210466529328,15.990086610855418,6,2,0.8811414197719215,high_ip
605483,Blake Snell,SFG,2024,418,104,20,104,5.2,3.1617,3.0136,0.2416,0.6414,0.1629,37.429537767756486,105.4003,111.2829,19.02250158555018,14.69102974574169,4,3,0.8139541945005807,high_ip
519242,Chris Sale,ATL,2024,702,177.66666666666666,29,177.66666666666666,6.126436781609195,2.8033,2.6443,0.265,0.7112,0.1412,32.82469836763662,104.2276,109.7776,16.5558565385339,14.295483830178567,7,4,0.8750907109231606,high_ip
694973,Paul Skenes,PIT,2024,514,133,23,133,5.782608695652174,2.714,2.5359,0.2685,0.7355,0.1312,33.89750822755054,108.4921,115.34,16.190352523826192,13.578813252550368,9,5,0.8415859534331044,high_ip
607192,Tyler Glasnow,LAD,2024,522,134,22,134,6.090909090909091,2.9002,2.6838,0.2548,0.7147,0.1377,34.940357852882705,107.5391,111.7331,15.604823407457522,12.922507963121836,10,6,0.8410805126045965,high_ip
656302,Dylan Cease,SDP,2024,762,189.33333333333334,33,189.33333333333334,5.737373737373738,3.4577,3.4351,0.2087,0.6926,0.1474,37.2961104140527,109.7713,113.0629,13.019198227037153,11.340992263446497,12,7,0.883602093633593,high_ip
669302,Logan Gilbert,SEA,2024,803,208.66666666666666,33,208.66666666666666,6.323232323232323,3.1912,3.111,0.2279,0.7048,0.1486,34.418145956607496,96.2457,110.858,12.814892267879726,11.152323435825483,13,8,0.8877188773561163,high_ip
666142,Cole Ragans,KCR,2024,762,186.33333333333334,32,186.33333333333334,5.822916666666667,3.4946,3.4575,0.2047,0.705,0.144,36.49775497113534,109.8906,109.7063,11.426739341597484,10.001138926628835,15,9,0.8826855701536399,high_ip
543243,Sonny Gray,STL,2024,671,166.33333333333334,28,166.33333333333334,5.940476190476191,3.031,2.8194,0.2444,0.7225,0.134,33.588093322606596,97.3238,107.1402,11.781338464048957,9.963091105138691,14,10,0.8677837056345319,high_ip
554430,Zack Wheeler,PHI,2024,787,200,32,200,6.25,3.317,3.3007,0.2186,0.747,0.1291,34.40688775510204,110.0621,113.3426,10.218367725113954,9.206319713364998,18,11,0.8862977457400123,high_ip
680885,Spencer Schwellenbach,ATL,2024,500,123.66666666666667,21,123.66666666666667,5.888888888888889,3.4208,3.3444,0.208,0.7442,0.1351,30.73661897191309,107.0477,112.5204,10.54891247653915,9.070718645352027,17,12,0.8336417007770774,high_ip
656427,Jack Flaherty,- - -,2024,649,162,28,161.3,5.785714285714286,3.0952,2.9959,0.2404,0.7124,0.133,35.827664399092974,98.6687,104.3962,10.708207027181517,8.877405125404168,16,13,0.8666677998580019,high_ip
592662,Robbie Ray,SFG,2024,129,30.666666666666668,7,30.666666666666668,4.380952380952381,3.5126,4.0928,0.2171,0.6667,0.162,37.147887323943664,104.9662,89.5492,14.848937426014613,8.385496563448534,11,14,0.6141505392940492,low_ip
594798,Jacob deGrom,TEX,2024,44,10.666666666666666,3,10.666666666666666,3.5555555555555554,2.5898,2.805,0.2955,0.7108,0.1395,31.976744186046513,115.9837,131.4157,22.170523608866084,8.360815141443958,3,15,0.3900438014556846,low_ip
657746,Joe Ryan,MIN,2024,538,135,23,135,5.869565217391305,3.2793,3.4365,0.2305,0.7523,0.1257,32.06831119544592,105.008,113.2561,9.64547594301895,8.295484309066193,19,16,0.844457673692532,high_ip
579328,Yusei Kikuchi,- - -,2024,736,175.66666666666666,32,175.66666666666666,5.489583333333333,3.2953,3.1991,0.2201,0.734,0.1282,34.72317156527683,103.9134,110.2773,9.51523336085013,8.276110358216776,20,17,0.8779243436972791,high_ip
669456,Shane Bieber,CLE,2024,45,12,2,12,6,1.3375,0.5871,0.4222,0.6456,0.1687,33.734939759036145,90.3595,98.254,28.403318172076997,8.255744540469653,1,18,0.3900742855077764,low_ip
680570,Grayson Rodriguez,BAL,2024,491,116.66666666666667,20,116.66666666666667,5.833333333333334,3.6133,3.5733,0.1914,0.7284,0.1357,33.74135178286323,107.6898,112.7754,9.192898159015177,7.74892926510895,21,19,0.8302143098697397,high_ip
669203,Corbin Burnes,BAL,2024,784,194.33333333333334,32,194.33333333333334,6.072916666666667,3.7489,3.5461,0.1696,0.7347,0.1291,35.50216883550217,113.1886,119.235,8.541451412414444,7.710397511116871,22,20,0.8843626517063489,high_ip
684007,Shota Imanaga,CHC,2024,694,173.33333333333334,29,173.33333333333334,5.977011494252874,3.4984,3.6231,0.2104,0.739,0.1446,31.45720894371627,97.4705,105.7124,8.327184892397577,7.3661387692989395,23,21,0.8718097338591358,high_ip
675911,Spencer Strider,ATL,2024,42,9,2,9,4.5,3.9746,4.0145,0.1667,0.6703,0.1685,35.39325842696629,107.358,107.1307,16.288384595162164,6.781555868909737,8,22,0.38758348731566655,low_ip
683003,Jared Jones,PIT,2024,504,121.66666666666667,22,121.66666666666667,5.53030303030303,3.7159,3.7841,0.1845,0.7264,0.1412,33.26359832635983,103.7816,110.1303,7.9957501853811745,6.780568775199312,24,23,0.8339101893273592,high_ip
607074,Carlos Rodon,NYY,2024,736,175,32,175,5.46875,3.7768,4.091,0.1875,0.716,0.1399,36.13797549967763,111.0294,105.5213,7.400502493976886,6.538947033613133,25,24,0.8790777778686077,high_ip
641927,Bailey Ober,MIN,2024,709,178.66666666666666,31,178.66666666666666,5.763440860215053,3.5648,3.8315,0.2087,0.7284,0.142,32.48053392658509,96.8207,104.4237,7.353016383137115,6.400164905395376,27,25,0.8747195409185512,high_ip
668881,Hunter Greene,CIN,2024,611,150.33333333333334,26,150.33333333333334,5.782051282051283,3.805,4.1949,0.1833,0.7409,0.1303,35.739367928209134,113.1336,108.4787,5.632916678057755,5.085170755160318,32,26,0.8604359973407064,high_ip
641154,Pablo Lopez,MIN,2024,772,185.33333333333334,32,185.33333333333334,5.791666666666667,3.4551,3.3567,0.2034,0.7492,0.1293,33.32217012726055,93.6738,106.128,5.5600772690790565,4.857123461643133,33,27,0.8822208067491771,high_ip
601713,Nick Pivetta,BOS,2024,595,145.66666666666666,26,139.66666666666666,5.602564102564102,3.3052,3.4976,0.2286,0.7746,0.1131,33.584589614740366,102.7811,108.6093,5.445550952053205,4.7794712586424914,34,28,0.8546937652840008,high_ip
808967,Yoshinobu Yamamoto,LAD,2024,368,90,18,90,5,3.143,2.8598,0.2255,0.7504,0.1201,33.44640434192673,96.9948,105.3473,6.375410195072785,4.768892745636369,29,29,0.7911415838867847,blended_ip
605397,Joe Musgrove,SDP,2024,410,99.66666666666667,19,99.66666666666667,5.245614035087719,3.6242,3.7411,0.1902,0.7356,0.1252,34.51327433628318,108.1603,104.2915,5.824224036749455,4.720627797536003,31,30,0.80684755026044,blended_ip
664285,Framber Valdez,HOU,2024,703,176.33333333333334,28,176.33333333333334,6.297619047619048,3.4148,3.0849,0.1622,0.7438,0.1144,36.77543186180422,107.2923,110.3749,5.340534446753935,4.5920974671071,36,31,0.8730687249858858,high_ip
676962,Ben Brown,CHC,2024,222,55.333333333333336,8,39,6.916666666666667,3.4308,3.6317,0.2027,0.7081,0.1355,34.62897526501767,99.7233,93.6878,7.342378427871065,4.340538927123162,28,32,0.6949750133176287,low_ip
686752,Ryan Pepiot,TBR,2024,539,130,26,130,5,3.8796,4.0539,0.1744,0.7303,0.1288,36,109.6833,108.0632,5.05530982753653,4.340036140917038,38,33,0.8437783016844149,high_ip
693433,Bryan Woo,SEA,2024,472,121.33333333333333,22,121.33333333333333,5.515151515151515,3.7472,3.754,0.1864,0.7849,0.1142,29.004076878276063,107.0032,113.2819,4.388474570990757,4.183537253911773,42,34,0.8263707941499572,high_ip
453286,Max Scherzer,TEX,2024,177,43.333333333333336,9,43.333333333333336,4.814814814814815,4.0072,4.0358,0.1695,0.7315,0.1463,31.343283582089555,99.8573,101.7193,5.844305183362536,4.1526235591313485,30,35,0.663730024404858,low_ip
669923,George Kirby,SEA,2024,778,191,33,191,5.787878787878788,3.562,3.5762,0.2005,0.7862,0.1135,31.559447625463115,104.1489,112.0364,4.313020931608739,4.130376222946524,45,36,0.8833147278528968,high_ip
673540,Kodai Senga,NYM,2024,20,5.333333333333333,1,5.333333333333333,5.333333333333333,1.6593,1.767,0.4,0.75,0.137,28.767123287671232,107.0512,107.5474,18.932502751779662,3.987171032213078,5,37,0.2414518781833399,low_ip
657376,Clarke Schmidt,NYY,2024,353,85.33333333333333,16,85.33333333333333,5.333333333333333,3.7727,3.9171,0.1785,0.7239,0.1216,37.637362637362635,106.8097,105.6847,5.34954892756396,3.9366713445524906,35,38,0.7848137307517276,blended_ip
671737,Taj Bradley,TBR,2024,578,138,25,138,5.52,3.6895,3.6212,0.1851,0.7483,0.1272,35.40940766550523,108.5022,100.2858,4.443164878873958,3.909582472038893,41,39,0.8516424134022084,high_ip
605400,Aaron Nola,PHI,2024,820,199.33333333333334,33,199.33333333333334,6.040404040404041,3.6796,3.4439,0.1793,0.7718,0.1099,34.48167867209521,111.6037,111.1888,4.107985403095723,3.877632490133247,47,40,0.8884755890855477,high_ip
543135,Nathan Eovaldi,TEX,2024,696,170.66666666666666,29,170.66666666666666,5.885057471264368,3.6356,3.4734,0.1782,0.7509,0.1296,32.215020968356846,99.7103,101.3767,4.326410032773473,3.8596464719437606,44,41,0.8717574228380311,high_ip
672282,Reid Detmers,LAA,2024,391,87.33333333333333,17,87.33333333333333,5.137254901960784,3.7747,3.8622,0.1816,0.7346,0.1296,34.50930083386786,104.3502,101.3756,4.803993315971727,3.8257799944685047,39,42,0.7961607650128095,blended_ip
656731,Tylor Megill,NYM,2024,337,78,15,76,5.2,3.8098,3.7879,0.1751,0.7338,0.1295,36.28383321141185,103.3799,99.7125,4.574531579886751,3.4708624435386524,40,43,0.7742082461911289,low_ip
650911,Cristopher Sanchez,PHI,2024,754,181.66666666666666,31,181.66666666666666,5.860215053763441,3.5778,3.1908,0.1446,0.7802,0.1126,32.2373123659757,106.63720000000001,110.7489,3.153600910403105,3.0741373456284196,51,44,0.8790610297948429,high_ip
694297,Brandon Pfaadt,ARI,2024,760,181.66666666666666,32,181.66666666666666,5.677083333333333,3.6499,3.579,0.1882,0.7682,0.1137,33.178405434393994,102.9736,108.4578,3.3423158427534534,3.069413816870636,50,45,0.8794306599819203,high_ip
676440,Tanner Bibee,CLE,2024,710,173.66666666666666,31,173.66666666666666,5.602150537634408,3.5785,3.7221,0.2014,0.7602,0.122,33.753943217665615,102.7688,99.4641,3.3799182905638663,3.047099252003987,49,46,0.8752550943529863,high_ip
701581,David Festa,MIN,2024,277,64.33333333333333,13,60,4.948717948717948,3.5847,3.5837,0.1949,0.735,0.1283,35.122838944494994,96.7289,102.7393,4.35015492022553,2.8297067603531225,43,47,0.7412421323329008,low_ip
625643,Reynaldo Lopez,ATL,2024,543,135.66666666666666,25,134.66666666666666,5.426666666666666,3.5784,3.4399,0.1952,0.7495,0.1223,34.81341521020312,97.9595,98.4864,3.0640062604246325,2.467010580677008,53,48,0.8450156549930115,high_ip
680732,Sean Burke,CHW,2024,76,19,3,16,6.333333333333333,3.5554,3.468,0.1974,0.7386,0.1294,37.2168284789644,99.6459,103.5665,5.255686836471133,2.3571422978500447,37,49,0.49922165814020497,low_ip
642547,Freddy Peralta,MIL,2024,725,173.66666666666666,32,173.66666666666666,5.427083333333333,3.7794,3.9345,0.1821,0.7186,0.1313,39.21824104234528,98.879,100.3098,2.8809095817995045,2.2343884903216287,55,50,0.8778963077961572,high_ip
650633,Michael King,SDP,2024,726,173.66666666666666,30,170.33333333333334,5.788888888888889,3.6298,3.4975,0.1901,0.7349,0.1199,35.336787564766844,95.6541,100.1001,2.8520051706321765,2.223639860635507,56,51,0.876092393171759,high_ip
666200,Jesus Luzardo,MIA,2024,274,66.66666666666667,12,66.66666666666667,5.555555555555556,4.3336,4.2302,0.1314,0.7183,0.1375,35.97785977859779,99.1416,98.3293,3.030718689825599,1.9994131616144348,54,52,0.7426519019881762,low_ip
571510,Matthew Boyd,CLE,2024,166,39.666666666666664,8,39.666666666666664,4.958333333333333,3.6484,3.8875,0.1988,0.7147,0.139,35.1270553064275,90.9041,91.3971,4.1437836969344275,1.75127689597496,46,53,0.6553711520613703,low_ip
622491,Luis Castillo,SEA,2024,719,175.33333333333334,30,175.33333333333334,5.844444444444445,3.7903,3.8192,0.178,0.7678,0.1175,34.20776495278069,103.036,105.1335,1.745674736350894,1.6949114227557964,58,54,0.8762085353091507,high_ip
680694,Kyle Bradish,BAL,2024,163,39.333333333333336,8,39.333333333333336,4.916666666666667,3.0928,2.9208,0.2331,0.7447,0.1068,37.53709198813057,97.1223,106.7662,3.873432785594032,1.4599082072296297,48,55,0.6540794784764492,low_ip
669022,MacKenzie Gore,WSN,2024,731,166.33333333333334,32,166.33333333333334,5.197916666666667,3.9813,3.8698,0.1587,0.752,0.1245,35.85976627712854,104.3396,103.8614,1.521127056269373,1.4466730653385431,59,56,0.8764479670794435,high_ip
687792,DJ Herz,WSN,2024,382,88.66666666666667,19,88.66666666666667,4.666666666666667,3.7659,3.8515,0.1832,0.7341,0.1292,35.72778827977316,98.8006,91.2625,1.9845258877020553,1.3113235420789051,57,57,0.7958721659843777,blended_ip
682243,Bryce Miller,SEA,2024,704,180.33333333333334,31,180.33333333333334,5.817204301075269,3.8044,3.8544,0.179,0.7745,0.1099,34.88541287740997,105.3903,108.395,1.274085085928525,1.3028109511012032,61,58,0.8750940773810172,high_ip
677958,Kumar Rocker,TEX,2024,55,11.666666666666666,3,11.666666666666666,3.888888888888889,4.0197,3.8625,0.1455,0.7264,0.133,36.69724770642202,97.0133,102.3621,3.137655126188155,1.1650931551125754,52,59,0.43215587294095775,low_ip
681217,Chase Silseth,LAA,2024,38,8,2,8,4,3.5799,3.5565,0.2105,0.6765,0.1317,36.52694610778443,95.1157,87.945,7.389991128534566,1.0277468564073848,26,60,0.3725044629056369,low_ip
680742,Jonathan Bowlan,KCR,2024,17,2.6666666666666665,1,2.6666666666666665,2.6666666666666665,6.1228,7.1265,0,0.6875,0.1471,36.76470588235294,105.835,88.3806,-2.740503770413733,0.9863888001658762,92,61,0.21979008958064258,low_ip
506433,Yu Darvish,SDP,2024,331,81.66666666666667,16,81.66666666666667,5.104166666666667,3.9053,3.9891,0.1692,0.7554,0.125,33.06962025316456,99.7656,100.6873,1.0478541981914489,0.9518562192755575,62,62,0.7716308388517404,blended_ip
666157,Nick Lodolo,CIN,2024,493,115.33333333333333,21,115.33333333333333,5.492063492063492,3.7828,3.9498,0.1724,0.7424,0.1185,36.35388739946381,104.2249,96.9044,0.968999272258308,0.6969773316758662,63,63,0.8297611843817635,high_ip
543037,Gerrit Cole,NYY,2024,390,95,17,95,5.588235294117647,3.7882,3.986,0.1795,0.7775,0.1067,35.068314899154196,106.9064,106.9332,0.4182301121875826,0.6299556865825936,66,64,0.7997695479980103,blended_ip
681293,Spencer Arrighetti,HOU,2024,632,145,28,142.66666666666666,5.178571428571429,3.9336,4.0076,0.1677,0.7394,0.1224,35.751295336787564,100.368,98.3389,0.6081984865792531,0.41885453051671845,65,65,0.8599174528377644,high_ip
605488,Jeffrey Springs,TBR,2024,142,33,7,33,4.714285714285714,3.7402,3.8019,0.1831,0.7326,0.1292,36.10619469026549,92.8305,92.1458,1.3570108361955675,0.14598343477436893,60,66,0.6239958717850186,low_ip
657006,Justin Steele,CHC,2024,555,134.66666666666666,24,134.66666666666666,5.611111111111111,3.7427,3.6243,0.1766,0.7918,0.1065,31.362970200293113,101.0208,102.2001,-0.2330291323212682,0.09760955425167497,68,67,0.8452395295871236,high_ip
676710,Kutter Crawford,BOS,2024,759,183.66666666666666,33,183.66666666666666,5.565656565656566,4.0935,4.3484,0.1634,0.7664,0.1211,32.270634077222816,99.8816,103.6823,-0.4457226704496376,-0.18293549278242127,72,68,0.8798986224177209,high_ip
686613,Hunter Brown,HOU,2024,712,170,30,165,5.666666666666667,3.7439,3.4706,0.1671,0.7775,0.1028,36.98961937716263,104.5516,104.9876,-0.383733378660821,-0.27761796919897497,70,69,0.8741189240521549,high_ip
608331,Max Fried,ATL,2024,714,174.33333333333334,29,174.33333333333334,6.011494252873564,3.61,3.3261,0.1527,0.7756,0.1023,36.47866955892986,103.5126,104.2842,-0.39040989475046,-0.30975741905808185,71,70,0.8749331366042904,high_ip
571760,Andrew Heaney,TEX,2024,693,160,31,157.66666666666666,5.161290322580645,3.9529,4.1761,0.1703,0.7601,0.1199,34.515539305301644,99.3799,100.4641,-0.46393998032829487,-0.32241270622445223,73,71,0.8700682068001465,high_ip
669372,J.T. Ginn,OAK,2024,142,34,6,30.333333333333332,5.666666666666667,4.0133,3.8987,0.1408,0.7377,0.124,37.98449612403101,93.2788,104.3246,0.21084673759301467,-0.3712667572336118,67,72,0.614090266643329,low_ip
680686,Josiah Gray,WSN,2024,44,8.333333333333334,2,8.333333333333334,4.166666666666667,5.0059,5.5281,0.0909,0.7024,0.142,37.5,94.3734,82.5843,-2.0715263319392765,-0.5035439371007207,85,73,0.38686630793096805,low_ip
701542,Will Warren,NYY,2024,110,22.666666666666668,5,21.666666666666668,4.533333333333333,3.8465,3.998,0.1727,0.7565,0.1026,38.646288209606986,103.2276,106.5362,-0.32939151387308807,-0.5050559762655376,69,74,0.5727097347948344,low_ip
663776,Patrick Sandoval,LAA,2024,353,79.66666666666667,16,79.66666666666667,4.979166666666667,4.2588,4.0443,0.1303,0.7477,0.1154,37.180373185901864,99.6894,106.529,-0.7876391403417576,-0.7128180538592004,74,75,0.781586253426083,low_ip
676282,Joey Cantillo,CLE,2024,163,38.666666666666664,8,37,4.833333333333333,3.6948,3.4621,0.1779,0.7208,0.121,38.81856540084388,92.3624,90.1897,0.9277391939589311,-0.7136717682387158,64,76,0.6557407629859388,low_ip
607644,John Means,BAL,2024,80,20.666666666666668,4,20.666666666666668,5.166666666666667,4.6058,4.5411,0.175,0.7597,0.1156,34.6875,99.1762,102.7778,-1.966539634857237,-0.8920559190175708,83,77,0.5141890345016898,low_ip
657277,Logan Webb,SFG,2024,841,204.66666666666666,33,204.66666666666666,6.2020202020202015,3.6143,3.2822,0.1451,0.8144,0.0853,33.885071830106185,108.9371,112.3706,-1.481839938646727,-0.9902892985764777,77,78,0.890389041023408,high_ip
641482,Nestor Cortes,NYY,2024,710,174.33333333333334,30,170,5.811111111111112,4.0154,4.1642,0.1732,0.7897,0.1056,34.97018589968432,108.1895,104.5544,-1.5226066826689026,-1.0012172717700738,78,79,0.8745930387544283,high_ip
656557,Tanner Houck,BOS,2024,743,178.66666666666666,30,178.66666666666666,5.955555555555555,3.7285,3.5751,0.1427,0.7887,0.0983,33.881578947368425,103.9735,107.3431,-1.4106173435628628,-1.052068039362093,76,80,0.8773451376904122,high_ip
694646,Chayce McDermott,BAL,2024,18,4,1,4,4,4.8171,4.6785,0.0556,0.7674,0.122,36.58536585365854,95.7156,96.6141,-7.661277460492644,-1.100501678530352,133,81,0.2474936796877831,low_ip
691441,Cristian Mena,ARI,2024,15,3,1,3,3,7.1967,7.3532,-0.0667,0.7353,0.1286,42.857142857142854,101.1091,89.4397,-14.242442870971583,-1.1182201671711958,188,82,0.22115616969376048,low_ip
681857,Reese Olson,DET,2024,465,112.33333333333333,22,112.33333333333333,5.1060606060606055,3.9344,3.7159,0.1462,0.7294,0.1272,37.19676549865229,93.0851,92.709,-1.0717069416522658,-1.2624707976683132,75,83,0.8250825307458758,high_ip
700363,AJ Smith-Shawver,ATL,2024,18,4.333333333333333,1,4.333333333333333,4.333333333333333,4.9452,5.1474,0.1111,0.7857,0.1034,36.7816091954023,107.7378,84.9263,-9.371524454000799,-1.3089043604249746,144,84,0.25556557071626645,low_ip
676775,Keaton Winn,SFG,2024,238,55.333333333333336,12,55.333333333333336,4.611111111111112,4.2632,4.0717,0.1176,0.7717,0.1197,33.181299885974916,102.1853,99.6502,-2.879271073435034,-1.451477953310491,93,85,0.7137621887544613,low_ip
624133,Ranger Suarez,PHI,2024,626,150.66666666666666,27,150.66666666666666,5.580246913580247,3.6128,3.2615,0.1661,0.7991,0.0943,35.24416135881104,97.4348,107.8821,-1.8565806998761234,-1.5107048799892566,81,86,0.8596044681524193,high_ip
661563,Luis Gil,NYY,2024,637,151.66666666666666,29,151.66666666666666,5.229885057471264,4.223,4.3574,0.1476,0.7423,0.1167,39.19729932483121,105.6282,102.1891,-1.7562686206268703,-1.5674758267171565,80,87,0.863891075516755,high_ip
805673,Zebby Matthews,MIN,2024,177,37.666666666666664,9,37.666666666666664,4.185185185185185,3.7791,4.0462,0.1808,0.7718,0.113,35.146443514644346,97.4898,96.9324,-2.5012711187152505,-1.6290527839702185,90,88,0.6638465990908938,low_ip
688107,Robert Gasser,MIL,2024,114,28,5,28,5.6,4.3448,4.1802,0.1316,0.7933,0.10780000000000001,29.07268170426065,105.3781,101.0105,-5.035207279123264,-1.8490462255462594,107,89,0.5715835264675987,low_ip
694813,Gavin Stone,LAD,2024,580,140.33333333333334,25,140.33333333333334,5.613333333333333,4.1975,4.017,0.1362,0.7683,0.1161,34.69577333952624,99.1523,103.9354,-2.4084507573916896,-1.884194903191859,88,90,0.8506075263139617,high_ip
640455,Sean Manaea,NYM,2024,738,181.66666666666666,32,181.66666666666666,5.677083333333333,3.965,4.036,0.164,0.7603,0.1168,35.03503503503504,98.3177,94.0483,-2.1445032218137188,-1.8973103421477453,86,91,0.8795727673893979,high_ip
700241,Michael McGreevy,STL,2024,86,23,3,20,7.666666666666667,2.7668,2.7157,0.186,0.7832,0.0997,34.40514469453376,90.9325,109.6687,-1.92695923399337,-1.9148814955993572,82,92,0.5153909166605829,low_ip
678394,Brayan Bello,BOS,2024,702,162.33333333333334,30,162.33333333333334,5.411111111111111,4.1286,3.869,0.1268,0.7532,0.1139,36.89642462218946,97.3977,106.5795,-2.1798030296891255,-1.9604767206038174,87,93,0.8714479064738526,high_ip
669854,Ronel Blanco,HOU,2024,676,167.33333333333334,29,165.33333333333334,5.770114942528736,4.1722,4.091,0.145,0.7329,0.1293,36.10606610969851,90.2029,96.4937,-2.0053691190230833,-1.9732114153643,84,94,0.8704739934717068,high_ip
806185,Hayden Birdsong,SFG,2024,315,72,16,72,4.5,4.2806,4.2134,0.1429,0.7282,0.1146,40.92219020172911,99.5915,89.1266,-1.728070168116048,-1.9766390545297636,79,95,0.7678275929467245,low_ip
677960,Ryan Weathers,MIA,2024,367,86.66666666666667,16,86.66666666666667,5.416666666666667,3.9766,4.0328,0.1526,0.7611,0.1102,37.314487632508836,100.2067,99.3833,-2.4660168182224647,-1.9946458579174897,89,96,0.7873465200199333,blended_ip
669330,Tyler Wells,BAL,2024,67,15.333333333333334,3,15.333333333333334,5.111111111111112,4.2152,4.3258,0.1493,0.7687,0.1197,33.59073359073359,93.0089,94.1591,-4.778538162192187,-2.1298081255926835,105,97,0.4710432818076593,low_ip
608566,German Marquez,COL,2024,20,4,1,4,4,6.8561,6.5565,-0.05,0.7188,0.1286,41.42857142857143,89.7463,94.5503,-13.136475151992046,-2.2343651491489336,180,98,0.23231972096723782,low_ip
674370,Osvaldo Bido,OAK,2024,259,63.333333333333336,9,45.666666666666664,7.037037037037037,4.2282,4.6262,0.1429,0.761,0.1136,37.59469696969697,104.3935,88.9603,-3.54838284141244,-2.296333495639047,97,99,0.7252477360625663,low_ip
665795,Edward Cabrera,MIA,2024,418,96.33333333333333,20,96.33333333333333,4.816666666666666,4.2233,3.9449,0.1364,0.7382,0.1188,38.63898500576701,98.7248,95.8719,-2.666458170527067,-2.4224903462565686,91,100,0.8094561617385027,blended_ip
667755,Jose Soriano,LAA,2024,468,113,20,107,5.65,4.031,3.8199,0.1111,0.7793,0.1006,37.37780333525014,106.5994,109.9102,-3.2195479228093897,-2.438161992331798,95,101,0.8213408225651353,high_ip
621107,Zach Eflin,- - -,2024,684,165.33333333333334,28,165.33333333333334,5.904761904761905,3.9667,3.8096,0.1608,0.8075,0.096,31.957498978340826,99.9726,105.2002,-3.507865380605246,-2.7349558791870514,96,102,0.8681596443625944,high_ip
689981,River Ryan,LAD,2024,81,20.333333333333332,4,20.333333333333332,5.083333333333333,4.499,4.2854,0.1111,0.7681,0.1081,38.17567567567568,101.3026,91.7746,-6.393842912229616,-2.882728814209225,118,103,0.5065932504853777,low_ip
814005,Jake Bloss,HOU,2024,55,11.666666666666666,3,11.666666666666666,3.888888888888889,4.5528,4.7738,0.1455,0.7769,0.113,34.30962343096235,91.5317,100.088,-6.934859782050002,-2.9184250869358164,122,104,0.44244659234228045,low_ip
668678,Zac Gallen,ARI,2024,621,148,28,148,5.285714285714286,3.8525,3.6235,0.1643,0.7606,0.1057,38.013562026326284,91.5201,99.9257,-3.10402883298285,-2.972290180400053,94,105,0.8602190562315559,high_ip
666201,Alek Manoah,TOR,2024,103,24.333333333333332,5,24.333333333333332,4.866666666666666,3.8413,4.1867,0.1748,0.7366,0.1244,36.29441624365482,87.3015,78.7923,-3.6556302010676873,-3.0530109942814607,99,106,0.557981332311891,low_ip
641793,Zack Littell,TBR,2024,656,156.33333333333334,29,156.33333333333334,5.39080459770115,3.9902,4.0072,0.1677,0.7847,0.1109,32.475884244372985,89.4217,100.0878,-3.6415362446299566,-3.0638663209663934,98,107,0.8646864631186276,high_ip
669358,Shane Baz,TBR,2024,319,79.33333333333333,14,79.33333333333333,5.666666666666666,4.3342,4.3908,0.1317,0.7794,0.1102,34.71416735708368,102.2815,100.0572,-4.6812848260620115,-3.1172457229595434,103,108,0.7652970990272724,low_ip
608379,Michael Wacha,KCR,2024,685,166.66666666666666,29,166.66666666666666,5.747126436781609,4.1674,4.1409,0.146,0.784,0.1037,35.612754514022285,100.4175,106.2454,-3.9513846419314644,-3.2678386082254725,101,109,0.8700442397750711,high_ip
686751,Seth Johnson,PHI,2024,18,2.3333333333333335,1,2.3333333333333335,2.3333333333333335,9.0936,12.2077,-0.1667,0.75,0.1034,36.206896551724135,104.6961,80.914,-29.76997089852803,-3.2885718115374396,249,110,0.20264719540888462,low_ip
527054,Julio Teheran,NYM,2024,16,2.6666666666666665,1,2.6666666666666665,2.6666666666666665,5.1976,6.0015,0.0625,0.7742,0.1029,45.588235294117645,87.9976,81.9135,-16.45498363302718,-3.3163227094328533,206,111,0.2182426421286673,low_ip
450203,Charlie Morton,ATL,2024,701,165.33333333333334,30,165.33333333333334,5.511111111111111,4.0576,3.9876,0.1455,0.7531,0.1138,36.887298747763865,97.6056,93.167,-3.6790193234487916,-3.3457911519414396,100,112,0.8726485362337318,high_ip
696136,Jordan Wicks,CHC,2024,212,46,10,42.666666666666664,4.6,4.6214,4.6488,0.1038,0.7793,0.1103,37.32394366197183,102.2705,102.2204,-5.957896392818454,-3.401503806053133,114,113,0.6941217543712956,low_ip
668909,Gavin Williams,CLE,2024,332,76,16,76,4.75,4.1922,4.1204,0.1416,0.7884,0.1038,35.67251461988304,101.4376,104.1316,-5.109430006569755,-3.4797263429163605,108,114,0.7730128512713592,low_ip
687765,Mitch Spence,OAK,2024,651,151.33333333333334,24,126,6.305555555555556,4.1753,4.121,0.126,0.7917,0.1048,35.53585817888799,103.3218,106.2833,-4.4545514869034655,-3.4942588543528688,102,115,0.8567404172996997,high_ip
663436,Davis Martin,CHW,2024,220,50,10,47.333333333333336,5,4.513,4.5692,0.1091,0.7483,0.1211,36.65919282511211,93.8626,93.6154,-4.86372093726347,-3.582960903073614,106,116,0.7032512647838415,low_ip
663978,Chris Paddack,MIN,2024,384,88.33333333333333,17,88.33333333333333,5.196078431372548,4.1308,4.0934,0.151,0.781,0.1074,34.404924760601915,92.2623,106.2091,-4.772939115742676,-3.7188558952603916,104,117,0.7929029592676109,blended_ip
605182,Mike Clevinger,CHW,2024,78,16,4,16,4,5.1103,5.3415,0.0769,0.7535,0.1155,36.96369636963696,94.9977,95.2131,-8.249885872905487,-3.7670299260861175,139,118,0.4990029438886909,low_ip
477132,Clayton Kershaw,LAD,2024,133,30,7,30,4.285714285714286,4.5146,4.3297,0.1128,0.7897,0.1052,33.730158730158735,100.9223,99.6552,-7.422313377496338,-3.772562383442473,129,119,0.6064491327425329,low_ip
669620,Brady Basso,OAK,2024,93,22.333333333333332,4,19,5.583333333333333,4.0282,3.9646,0.1505,0.7654,0.1086,36.285714285714285,89.9613,95.1326,-6.006382595194002,-3.8039652260222336,116,120,0.5312174580029603,low_ip
681035,Christian Scott,NYM,2024,197,47.333333333333336,9,47.333333333333336,5.2592592592592595,4.4759,4.7059,0.1371,0.7935,0.1053,35.40609137055837,100.2816,102.519,-6.9373014841060305,-4.0484691576916285,123,121,0.6863441543307464,low_ip
642216,Allan Winans,ATL,2024,41,7.666666666666667,2,7.666666666666667,3.8333333333333335,5.6242,5.6604,0,0.7368,0.1361,34.01360544217687,82.9382,78.2718,-12.992189372521727,-4.051076629668597,179,122,0.35999593775568134,low_ip
670102,Bowden Francis,TOR,2024,408,103.66666666666667,13,77,7.9743589743589745,3.8765,4.1706,0.1716,0.8002,0.1031,32.607303010890455,98.7208,100.1883,-5.88848923583573,-4.25131568858191,113,123,0.7952263359853768,low_ip
666129,Braxton Garrett,MIA,2024,161,37,7,37,5.285714285714286,3.4529,3.4886,0.1863,0.8022,0.0934,33.61629881154499,95.6717,98.498,-6.608808123308066,-4.275327505048845,120,124,0.6413445417007353,low_ip
671212,Joe Boyle,OAK,2024,226,47.666666666666664,10,42.666666666666664,4.766666666666667,5.2236,5.1086,0.0708,0.727,0.1077,43.99585921325052,104.7895,89.5934,-5.9598439760697515,-4.430594250004211,115,125,0.7067600464791415,low_ip
593423,Frankie Montas,- - -,2024,655,150.66666666666666,30,150.66666666666666,5.022222222222222,4.3779,4.2612,0.1252,0.7773,0.1077,36.884003032600454,102.421,101.0602,-5.618738294787633,-4.674697882800861,109,126,0.8648605524853725,high_ip
607625,Seth Lugo,KCR,2024,836,206.66666666666666,33,206.66666666666666,6.262626262626262,3.9374,3.8299,0.1591,0.7954,0.0948,34.67223650385604,96.7431,96.7512,-5.643564790875288,-4.955297736877325,110,127,0.8897856673401044,high_ip
622663,Luis Severino,NYM,2024,761,182,31,182,5.870967741935484,4.2187,4.1211,0.1327,0.8122,0.0944,34.820193637621024,108.6063,101.8852,-6.129795006502935,-4.974191159899324,117,128,0.8803081863483389,high_ip
592332,Kevin Gausman,TOR,2024,756,181,31,181,5.838709677419355,4.2392,4.2173,0.1402,0.7914,0.1054,34.87664751605272,95.7061,102.5111,-5.871398256212093,-4.985940663093907,112,129,0.8803434301288553,high_ip
641816,Tyler Mahle,TEX,2024,56,12.666666666666666,3,12.666666666666666,4.222222222222222,4.5334,4.5623,0.1071,0.7658,0.1135,34.49781659388647,83.7045,89.3143,-10.438843882748264,-5.055631918043813,158,130,0.44097014214490654,low_ip
689017,Landon Knack,LAD,2024,286,69,12,56.666666666666664,5.75,3.887,4.227,0.1783,0.7803,0.101,36.98868581375109,93.5959,94.1645,-6.606410747103493,-5.145700900672134,119,131,0.7444337738082794,low_ip
663903,Brady Singer,KCR,2024,762,179.66666666666666,32,179.66666666666666,5.614583333333333,3.8932,3.6219,0.1522,0.7695,0.1027,37.217918491074435,90.5273,91.7407,-5.712306838616799,-5.269661687674225,111,132,0.8805776811692048,high_ip
692230,Carlos Rodriguez,MIL,2024,57,12.333333333333334,3,12.333333333333334,4.111111111111112,4.8498,4.6435,0.1053,0.8142,0.0901,37.76824034334764,95.6481,99.7344,-13.809315356550481,-5.508472777610108,186,133,0.4432275373882886,low_ip
666159,Matt Manning,DET,2024,123,27.666666666666668,5,27.666666666666668,5.533333333333333,5.0413,5.2097,0.0894,0.7907,0.1027,34.01826484018265,99.7543,96.5848,-10.968965131106211,-5.600745969071145,161,134,0.585586024213795,low_ip
592351,Jon Gray,TEX,2024,439,102.66666666666667,19,95.66666666666667,5.4035087719298245,4.2947,4.2386,0.1321,0.7767,0.114,33.35377069282649,88.9249,93.8722,-6.997881250129669,-5.618550410359082,124,135,0.8100720043507565,blended_ip
676272,Bobby Miller,LAD,2024,258,56,13,56,4.3076923076923075,4.8392,4.6976,0.0853,0.7842,0.0987,39.56356736242884,105.6847,98.9681,-8.627631562720508,-5.653658499290302,141,136,0.7310747628167383,low_ip
656605,Mitch Keller,PIT,2024,773,178,31,178,5.741935483870968,4.0823,4.0787,0.1501,0.8046,0.0926,33.73071528751753,100.3484,97.0616,-6.677437252183506,-5.67417873162511,121,137,0.8800827417666618,high_ip
663855,Jordan Hicks,SFG,2024,481,109.66666666666667,20,98.66666666666667,5.483333333333333,4.4368,4.3402,0.1019,0.7648,0.1036,39.13265306122449,105.0009,98.9542,-7.017478127911468,-5.6996396533284965,125,138,0.8234196076602023,blended_ip
674003,Cody Bradford,TEX,2024,308,76.33333333333333,13,74.33333333333333,5.871794871794871,3.7793,3.8238,0.1851,0.793,0.1012,31.887755102040817,88.7411,98.1023,-7.397030893374095,-5.742852798408382,127,139,0.7594376207958992,low_ip
663969,Tyler Phillips,PHI,2024,160,36.666666666666664,7,32.666666666666664,5.238095238095238,4.2655,4.2725,0.1312,0.7987,0.1055,33.73702422145329,93.1363,94.3613,-9.664703508615696,-5.746952694332126,147,140,0.6353358572846858,low_ip
669721,Davis Daniel,LAA,2024,134,30.333333333333332,6,30.333333333333332,5.055555555555555,4.0224,4.156,0.1642,0.808,0.0945,31.69291338582677,92.1466,98.7143,-9.959794442615856,-5.953815588042632,150,141,0.6080669859586141,low_ip
669194,Ryne Nelson,ARI,2024,630,150.66666666666666,25,137.66666666666666,6.026666666666666,4.0841,3.9765,0.146,0.8384,0.0835,32.15621105110096,102.1793,102.8594,-7.637415171918118,-6.035512300503467,132,142,0.8574387397375026,high_ip
663554,Casey Mize,DET,2024,452,102.33333333333333,20,99,5.116666666666666,4.3305,4.0432,0.1084,0.8027,0.0972,34.80446927374302,99.0333,102.8365,-7.839834479086309,-6.046117289103808,135,143,0.816884672523495,blended_ip
650644,Aaron Civale,- - -,2024,689,161,31,161,5.193548387096774,4.2578,4.3121,0.1408,0.8015,0.0893,35.92592592592593,106.1533,99.3665,-7.4011547800082775,-6.192619514622716,128,144,0.8701403659519348,high_ip
656849,David Peterson,NYM,2024,510,121,21,121,5.761904761904762,4.3714,4.0982,0.10780000000000001,0.7703,0.1088,35.57333333333334,93.3495,95.5739,-7.48272540529646,-6.249582195089315,131,145,0.8337588320126,high_ip
542881,Tyler Anderson,LAA,2024,765,179.33333333333334,31,179.33333333333334,5.78494623655914,4.8579,4.8519,0.0902,0.7411,0.1269,36.089193825042884,98.255,93.9484,-7.161868445394223,-6.256072981700091,126,146,0.880303179562428,high_ip
663623,Jake Irvin,WSN,2024,769,187.66666666666666,33,187.66666666666666,5.686868686868687,4.2117000000000004,4.0347,0.1352,0.8026,0.0952,34.83256730137886,98.5991,98.3957,-7.461821348124134,-6.3913556959866105,130,147,0.8828253777956383,high_ip
693821,Bryce Elder,ATL,2024,226,49.666666666666664,10,49.666666666666664,4.966666666666667,4.1233,3.9535,0.1283,0.7593,0.1053,37.96296296296296,87.2527,91.6544,-8.008733482533147,-6.444898035449511,136,148,0.7051825894878562,low_ip
502171,Alex Cobb,CLE,2024,62,16.333333333333332,3,16.333333333333332,5.444444444444444,3.8659,3.6964,0.1129,0.8667,0.0579,37.60330578512397,101.264,117.4964,-15.740143030869564,-6.586589514259923,200,149,0.4605857020302625,low_ip
670241,Darius Vines,ATL,2024,66,13.666666666666666,2,9.666666666666666,6.833333333333333,4.9639,5.4916,0.0758,0.7846,0.1089,35.797665369649806,83.6257,90.4796,-14.926794580411881,-6.59569960323695,194,150,0.45682713853528506,low_ip
679525,Alec Marsh,KCR,2024,548,129,25,128,5.16,4.0777,4.2156,0.1533,0.7891,0.0999,35.64493758668516,94.3464,90.2768,-7.822524533622992,-6.606922715156532,134,151,0.844314778304822,high_ip
668933,Graham Ashcraft,CIN,2024,350,77.33333333333333,15,77.33333333333333,5.155555555555555,4.6658,4.5562,0.0857,0.7948,0.1006,37.18330849478391,101.7105,100.3941,-9.494276123893904,-6.768165301952464,145,152,0.7769725593625515,low_ip
668964,Tobias Myers,MIL,2024,569,138,25,133,5.52,3.9921,3.9703,0.1599,0.8103,0.0938,34.09196470041802,91.2282,93.6966,-8.111473357519824,-6.7722290525500615,137,153,0.847662306303927,high_ip
664299,Cristian Javier,HOU,2024,150,34.666666666666664,7,34.666666666666664,4.952380952380952,5.6111,5.5646,0.0533,0.7652,0.1016,40.98073555166375,99.192,97.5022,-11.590033594295273,-6.970278523134946,171,154,0.6309565557077556,low_ip
684320,Yariel Rodriguez,TOR,2024,368,86.66666666666667,21,86.66666666666667,4.126984126984127,4.4609,4.4206,0.1223,0.7651,0.1065,38.08255659121172,93.5179,90.3796,-8.59732286260177,-7.014527732868089,140,155,0.7899299652188527,blended_ip
663372,Ryan Feltner,COL,2024,692,162.33333333333334,30,162.33333333333334,5.411111111111111,4.3143,4.168,0.1243,0.7812,0.1047,35.581395348837205,92.9821,93.7682,-8.179679026234334,-7.096717667472127,138,156,0.8695126811026533,high_ip
702674,Caden Dana,LAA,2024,52,10.333333333333334,3,10.333333333333334,3.4444444444444446,5.5517,5.8429,0.0192,0.7527,0.1117,40.77669902912621,88.4495,63.5261,-17.92368427525983,-7.1705101150327755,213,157,0.4193435211855847,low_ip
668874,Blair Henley,HOU,2024,9,0.3333333333333333,1,0.3333333333333333,0.3333333333333333,11.8355,48.2386,-0.3333,0.875,0.025,55.00000000000001,81.8349,81.8108,-96.25871062498884,-7.219597100630358,256,158,0.14312588453924913,low_ip
592866,Trevor Williams,WSN,2024,260,66.66666666666667,13,66.66666666666667,5.128205128205129,3.9571,3.8168,0.1577,0.7963,0.094,37.31203007518797,89.7315,94.2631,-10.17835712039128,-7.686711884591246,154,159,0.7372662594972227,low_ip
682990,Quinn Priester,- - -,2024,221,49.666666666666664,7,36.666666666666664,7.095238095238095,4.1357,4.1126,0.086,0.7926,0.1036,33.908754623921084,91.4844,90.9087,-11.414666168628179,-7.781903866614405,168,160,0.6898157465192748,low_ip
680730,Mitchell Parker,WSN,2024,646,151,29,151,5.206896551724138,4.2459,4.1714,0.1393,0.801,0.1019,33.23627287853577,88.9645,90.9917,-9.220357086128356,-7.828017707840312,142,161,0.8618670238518521,high_ip
621112,Paul Blackburn,- - -,2024,316,75.33333333333333,14,75.33333333333333,5.3809523809523805,4.3341,4.1415,0.1203,0.7903,0.0998,37.70627062706271,88.3152,101.887,-10.239240624515629,-7.885698929382315,155,162,0.7633388984212406,low_ip
676477,Garrett Whitlock,BOS,2024,75,18.333333333333332,4,18.333333333333332,4.583333333333333,4.1828,3.8581,0.1333,0.8367,0.0748,36.13707165109034,92.152,99.8158,-15.823617931736074,-7.907716766821471,202,163,0.5063038827318875,low_ip
630023,Yonny Chirinos,MIA,2024,144,30,6,30,5,5.0113,5.519,0.0833,0.8008,0.093,34.49612403100775,99.6456,91.8817,-14.225727061758931,-7.976307279072295,187,164,0.6148825817738989,low_ip
665152,Dean Kremer,BAL,2024,553,129.66666666666666,24,129.66666666666666,5.402777777777778,4.3324,4.3377,0.1302,0.7976,0.093,36.29663749424228,96.2801,96.3788,-9.621981642390855,-8.03027146183693,146,165,0.8454024911591551,high_ip
680736,Justin Wrobleski,LAD,2024,154,36.333333333333336,6,30.333333333333332,6.055555555555556,5.2198,5.1781,0.0649,0.8022,0.0911,37.09949409780776,100.3271,97.6556,-14.268289839192029,-8.126132308060926,190,166,0.631632064682725,low_ip
571578,Patrick Corbin,WSN,2024,764,174.66666666666666,32,174.66666666666666,5.458333333333333,4.4138,4.138,0.1113,0.7882,0.1018,36.599722991689745,93.4564,95.9195,-9.359624337815596,-8.176180165721606,143,167,0.8792507922446433,high_ip
458681,Lance Lynn,STL,2024,511,117.33333333333333,23,117.33333333333333,5.101449275362318,4.3972,4.3914,0.1272,0.7945,0.099,37.549019607843135,97.8524,91.6382,-10.060896166165945,-8.268313700799983,153,168,0.8353263492245224,high_ip
676974,Max Meyer,MIA,2024,248,57,11,57,5.181818181818182,4.4414,4.4346,0.1089,0.7821,0.1033,38.32644628099173,88.0943,93.527,-11.172118231619201,-8.277350084863501,163,169,0.7237312536490097,low_ip
690986,Kyle Harrison,SFG,2024,532,124.33333333333333,24,124.33333333333333,5.180555555555555,4.1756,4.2262,0.1429,0.7931,0.0953,35.99615014436959,89.431,91.5596,-9.847273533137596,-8.3649297920131,149,170,0.8403927907470987,high_ip
434378,Justin Verlander,HOU,2024,396,90.33333333333333,17,90.33333333333333,5.313725490196078,4.804,5.1348,0.1187,0.8099,0.0924,34.620253164556964,106.3025,95.3179,-11.463033254320715,-8.435184872897368,170,171,0.7991724384866218,blended_ip
677944,Slade Cecconi,ARI,2024,338,77,13,61,5.923076923076923,4.3541,4.6983,0.1391,0.8159,0.0896,33.77125193199382,95.104,103.6059,-11.676434184769796,-8.474192818436979,173,172,0.7659565181051075,low_ip
700249,Cade Povich,BAL,2024,352,79.66666666666667,16,79.66666666666667,4.979166666666667,4.8024,4.9912,0.0994,0.7881,0.1001,35.3491720662347,97.2692,93.5613,-11.257730563044811,-8.489319637650445,164,173,0.7796736330777617,low_ip
518876,Merrill Kelly,ARI,2024,300,73.66666666666667,13,73.66666666666667,5.666666666666667,4.0899,3.8917,0.1467,0.8059,0.0927,35.08311461067367,90.8672,95.0083,-11.358543156560735,-8.502700488963955,166,174,0.7556370055876137,low_ip
656756,Jordan Montgomery,ARI,2024,532,117,21,104,5.571428571428571,4.9135,4.6718,0.0733,0.7484,0.123,37.15762273901809,92.5137,89.55,-10.272197160929993,-8.50687128318737,156,175,0.8311513112991212,high_ip
694462,Hurston Waldrep,ATL,2024,36,7,2,7,3.5,8.2395,8.3265,-0.1389,0.7925,0.0827,39.849624060150376,101.0026,71.1752,-32.69254601482186,-8.640784662049041,252,176,0.33984715287291783,low_ip
621244,Jose Berrios,TOR,2024,786,192.33333333333334,32,192.33333333333334,6.010416666666667,4.3313,4.2479,0.126,0.8079,0.0895,34.465020576131685,93.6597,99.1342,-9.987424337240107,-8.681092760918425,152,177,0.8835897390633084,high_ip
607200,Erick Fedde,- - -,2024,726,177.33333333333334,31,176.4,5.720430107526882,4.1886,4.1162,0.1405,0.8069,0.0874,38.48013816925734,90.5198,102.4454,-9.960096518375606,-8.73782630218615,151,178,0.8771454878476732,high_ip
592791,Jameson Taillon,CHC,2024,675,165.33333333333334,28,165.33333333333334,5.904761904761905,4.2912,4.1552,0.1363,0.8228,0.085,33.54812726540475,92.7816,99.7145,-10.34255567154171,-8.74384931929995,157,179,0.8678672786033499,high_ip
502043,Kyle Gibson,STL,2024,722,169.66666666666666,30,169.66666666666666,5.655555555555555,4.4361,4.1924,0.115,0.7559,0.1042,40.26772793053546,87.1761,94.4447,-9.709846379273868,-8.845869787973273,148,180,0.8746419262247258,high_ip
682227,Brandon Williamson,CIN,2024,59,14.333333333333334,3,9.666666666666666,4.777777777777778,4.476,4.9615,0.1186,0.8269,0.0703,39.453125,93.438,82.973,-19.741142329894544,-8.95839719020581,224,181,0.44939719064729766,low_ip
663362,Matt Waldron,SDP,2024,625,146.66666666666666,26,142.66666666666666,5.6410256410256405,4.1329,4.3238,0.1488,0.8063,0.0873,35.94451244390045,90.4876,95.0772,-10.450511596459016,-8.98503188166087,159,182,0.8587324986876299,high_ip
641585,J.P. France,HOU,2024,121,25.333333333333332,5,25.333333333333332,5.066666666666666,5.1769,5.5952,0.0826,0.7704,0.0966,42.27467811158798,90.3661,85.2502,-14.950607374862578,-9.041744884009745,195,183,0.5867513540581226,low_ip
605135,Chris Bassitt,TOR,2024,758,171,31,171,5.516129032258065,4.315,4.2754,0.1293,0.8048,0.0873,36.59029649595688,98.2054,94.0953,-10.58748750806449,-9.204709691688267,160,184,0.8788438200731994,high_ip
571927,Steven Matz,STL,2024,190,44.333333333333336,7,32.333333333333336,6.333333333333334,4.6282,4.4993,0.0947,0.8324,0.0809,35.278514588859416,97.0953,106.0172,-15.071505925557856,-9.213435951979756,196,185,0.6681971786026945,low_ip
544150,Albert Suarez,BAL,2024,565,133.66666666666666,24,122,5.569444444444444,4.5622,4.5286,0.115,0.7856,0.1077,37.712243074173365,89.4116,93.0585,-11.023315306822909,-9.277216538647334,162,186,0.8451873751796505,high_ip
672456,Keider Montero,DET,2024,412,98.33333333333333,16,86.33333333333333,6.145833333333333,4.4912,4.3291,0.1117,0.8046,0.0935,34.15584415584416,94.5693,93.7216,-12.05111342235396,-9.375512520666836,175,187,0.7989791014247063,blended_ip
680573,Simeon Woods Richardson,MIN,2024,569,133.66666666666666,28,133.66666666666666,4.773809523809524,4.5094,4.5514,0.1213,0.8065,0.0957,34.81288076588338,90.2422,98.1055,-11.30884619817683,-9.411390072555907,165,188,0.8496742807097459,high_ip
471911,Carlos Carrasco,CLE,2024,447,103.66666666666667,21,103.66666666666667,4.936507936507937,4.2825,4.1827,0.1253,0.7897,0.1016,35.20378027170703,84.4856,85.6907,-11.415939591187653,-9.462253231016192,169,189,0.8163360970000979,high_ip
593958,Eduardo Rodriguez,ARI,2024,224,50,10,50,5,4.3957,4.2404,0.125,0.8075,0.0885,36.666666666666664,91.6714,93.5627,-13.603720438925198,-9.513428467791641,183,190,0.7050356990529419,low_ip
669467,Andre Pallante,STL,2024,509,121.33333333333333,20,111.33333333333333,6.066666666666666,4.1481,3.8876,0.0904,0.8201,0.0833,38.06158505805149,96.5979,100.0524,-11.676079091654504,-9.552076661396098,172,191,0.8321345714902986,high_ip
665622,Luis Medina,OAK,2024,180,40,8,40,5,5.1412,5.1071,0.0667,0.8103,0.0917,37.361111111111114,100.644,88.573,-15.813275120543635,-9.593228090655398,201,192,0.6674914449370992,low_ip
676664,JP Sears,OAK,2024,758,180.66666666666666,32,180.66666666666666,5.645833333333333,4.6137,4.8636,0.1161,0.8003,0.0969,34.744576627011895,95.3784,96.3911,-11.399197340384388,-9.817461261997611,167,193,0.8796387538641344,high_ip
641540,Dane Dunning,TEX,2024,421,95,15,71.66666666666667,6.333333333333333,4.3141,4.4063,0.1211,0.7846,0.0977,37.18176435760805,90.2551,86.5154,-12.013219652680212,-9.8245291037627691,174,194,0.7986544672388403,low_ip
669084,DL Hall,MIL,2024,197,43,7,31,6.142857142857143,4.3563,4.4817,0.1168,0.794,0.0881,38.05874840357599,89.3489,88.7277,-14.261682655960708,-9.997594508167849,189,195,0.6723101789488116,low_ip
621111,Walker Buehler,LAD,2024,344,75.33333333333333,16,75.33333333333333,4.708333333333333,4.5439,4.4876,0.1047,0.8192,0.0816,36.67664670658682,99.837,99.8213,-13.718123314397626,-10.068857684822092,184,196,0.7746750461603645,low_ip
607067,Colin Rea,MIL,2024,714,167.66666666666666,27,148.33333333333334,6.209876543209877,4.334,4.4163,0.1289,0.8266,0.0811,34.95475113122172,96.3228,95.4809,-12.326644430420869,-10.477303844049956,176,197,0.868810588565963,high_ip
686563,Jonathan Cannon,CHW,2024,522,124.33333333333333,21,115.33333333333333,5.92063492063492,4.7171,4.625,0.0977,0.8063,0.0907,37.111877772301625,95.5948,99.9837,-12.83302468362371,-10.48055971446158,177,198,0.8357153507298407,high_ip
489119,Wade Miley,MIL,2024,30,7,2,7,3.5,6.6129,6.0339,-0.0667,0.9038,0.0424,39.83050847457627,96.7656,84.0205,-39.16384334754363,-10.557239437861284,255,199,0.31753138117659074,low_ip
685299,Tanner Gordon,COL,2024,160,34.333333333333336,8,34.333333333333336,4.291666666666667,4.4802,4.5089,0.125,0.8344,0.089,31.13673805601318,88.095,90.1544,-17.337670546185482,-10.588982890178267,210,200,0.6406227382261215,low_ip
605156,Aaron Brooks,OAK,2024,119,26.666666666666668,4,21.666666666666668,6.666666666666667,5.3033,5.1501,0.0336,0.81,0.0943,35.235732009925556,87.5678,89.4725,-19.782949057744354,-10.690369473618475,225,201,0.5675652834710163,low_ip
683155,Joey Estes,OAK,2024,543,127.66666666666667,24,125,5.319444444444445,5.0354,5.295,0.1197,0.8329,0.0923,30.932412432165762,96.5473,99.0537,-13.753009080783203,-10.85069828790492,185,202,0.8410014389968379,high_ip
695076,Rhett Lowder,CIN,2024,128,30.666666666666668,6,30.666666666666668,5.111111111111112,5.156,4.7283,0.0625,0.8155,0.0863,37.75100401606426,89.5144,94.4147,-18.6377889999309,-10.863177294133818,215,203,0.6030795873333684,low_ip
571945,Miles Mikolas,STL,2024,720,171.66666666666666,32,171.66666666666666,5.364583333333333,4.2772,4.0838,0.1347,0.8594,0.0699,31.20147874306839,94.1092,97.463,-13.199563648087754,-11.10570908080555,181,204,0.8743535623277424,high_ip
682610,Roddery Munoz,MIA,2024,379,82.66666666666667,17,78.66666666666667,4.862745098039216,5.1114,5.3551,0.0739,0.7876,0.0969,39.16554508748318,96.2105,87.4094,-14.481585190707358,-11.199410043374089,193,205,0.7880432990033635,low_ip
656288,Griffin Canning,LAA,2024,739,171.66666666666666,31,165.66666666666666,5.53763440860215,4.8404,4.751,0.0866,0.7724,0.1097,37.11699164345404,86.0953,92.5327,-12.864845658286251,-11.316221127722924,178,206,0.8759196668082594,high_ip
456501,Johnny Cueto,LAA,2024,50,11.333333333333334,2,11.333333333333334,5.666666666666667,5.2746,5.3032,0.06,0.859,0.0651,36.09467455621302,82.0496,83.7898,-29.099026833674813,-11.326094701614108,246,207,0.39637976541162206,low_ip
667725,Kyle Tyler,MIA,2024,142,31.666666666666668,7,29.666666666666668,4.523809523809524,5.1088,4.7245,0.0493,0.7598,0.105,40.61962134251291,73.3537,91.6707,-16.287647354017896,-11.34057409408826,204,208,0.6226312703980368,low_ip
690916,Richard Fitts,BOS,2024,85,20.666666666666668,4,20.666666666666668,5.166666666666667,5.7994,5.5065,0.0235,0.8718,0.0637,32.48407643312102,98.2101,106.1165,-25.38423543223121,-11.39251422491926,239,209,0.5165628560632547,low_ip
664192,Joey Lucchesi,NYM,2024,46,10.333333333333334,2,10.333333333333334,5.166666666666667,6.3873,5.8901,-0.0217,0.8734,0.0556,43.333333333333336,95.6672,86.1448,-32.98476293331093,-11.459433702570491,253,210,0.396933981504015,low_ip
596295,Austin Gomber,COL,2024,696,165,30,165,5.5,4.6143,4.5038,0.1121,0.8208,0.0862,34.21052631578947,91.1204,97.0805,-13.43127019730722,-11.466752224846154,182,211,0.8707086607878478,high_ip
607536,Kyle Freeland,COL,2024,490,113.33333333333333,21,113.33333333333333,5.396825396825396,4.4748,4.3824,0.1204,0.8413,0.0791,33.29564725833804,89.8273,96.7913,-14.300291077401187,-11.476301933098465,191,212,0.8269599086034224,high_ip
572971,Dallas Keuchel,MIL,2024,79,16.666666666666668,4,16.666666666666668,4.166666666666667,5.1331,4.8287,0.038,0.8142,0.0682,45.45454545454545,86.5058,96.5566,-22.331355506937882,-11.602961145035392,232,213,0.502782094509876,low_ip
670124,Adam Oller,MIA,2024,189,42.333333333333336,8,42.333333333333336,5.291666666666667,5.0774,5.2381,0.0741,0.8033,0.0844,39.943741209563996,92.4917,90.7892,-17.697392956036143,-11.75224591395246,211,214,0.6726200308351822,low_ip
676106,Emerson Hancock,SEA,2024,266,60.666666666666664,12,60.666666666666664,5.055555555555555,5.109,5.2355,0.0752,0.8087,0.0956,34.48275862068966,90.8661,90.6532,-16.955644223828134,-12.000168353357616,208,215,0.7340593857040123,low_ip
671096,Andrew Abbott,CIN,2024,586,138,25,138,5.52,4.7818,4.9124,0.1058,0.8049,0.0922,36.13373339048436,94.0844,91.274,-14.450479038955,-12.128291986937423,192,216,0.8528260307358579,high_ip
681867,Cooper Criswell,BOS,2024,424,99.33333333333333,18,85,5.518518518518518,4.4531,4.4274,0.0991,0.848,0.0677,36.71030165054069,103.0367,101.2775,-16.208664529530154,-12.300132185063381,203,217,0.8052670223921851,blended_ip
691951,Sam Aldegheri,LAA,2024,67,13,3,13,4.333333333333333,6.5368,7.4213,0,0.8065,0.0811,42.34234234234234,86.9443,71.587,-29.249376164869464,-12.388783015082328,247,218,0.44930725437725166,low_ip
663559,Bailey Falter,PIT,2024,589,142.33333333333334,28,142.33333333333334,5.083333333333334,4.9093,4.7066,0.0883,0.8238,0.0864,33.97196261682243,96.2256,94.8839,-15.115886606027349,-12.471114162512286,197,219,0.8517583824714272,high_ip
681190,Randy Vasquez,SDP,2024,431,98,20,98,4.9,5.007,4.9012,0.0766,0.8367,0.0806,35.367298578199055,101.4791,98.3205,-16.453915711100958,-12.62846202852211,205,220,0.8113843924621491,blended_ip
700270,Yilber Diaz,ARI,2024,119,28.333333333333332,4,20,7.083333333333333,5.1133,4.7502,0.0588,0.8227,0.0768,38.16631130063966,89.1395,84.0292,-22.189611923663197,-12.639817402426369,231,221,0.5783789595140328,low_ip
696131,Mason Black,SFG,2024,169,36.333333333333336,8,33.666666666666664,4.541666666666667,4.8775,5.2351,0.0947,0.858,0.0679,33.93665158371041,98.2063,93.7995,-21.444247991318377,-12.782849862482012,228,222,0.6509283000510636,low_ip
547001,Cody Poteet,NYY,2024,96,24.333333333333332,4,21,6.083333333333333,4.7368,4.328,0.0833,0.8614,0.0597,39.48051948051948,89.7954,93.172,-24.349457176185286,-12.910158761235701,237,223,0.5457896384082369,low_ip
622072,Alex Wood,OAK,2024,186,39.333333333333336,9,39.333333333333336,4.37037037037037,5.0133,5.1257,0.0753,0.8139,0.078,38.35978835978836,92.9249,87.5351,-19.536886840762783,-12.934070417293164,221,224,0.6729325375711501,low_ip
622608,Antonio Senzatela,COL,2024,54,12.333333333333334,3,12.333333333333334,4.111111111111112,6.2531,5.8162,-0.0185,0.8571,0.0596,41.74311926605505,85.9407,92.0972,-32.21216822876477,-13.095561911325664,251,225,0.4325738738032264,low_ip
527048,Martin Perez,- - -,2024,590,135,26,135,5.1923076923076925,4.6389,4.4837,0.0983,0.8095,0.087,35.552536231884055,83.9544,92.8444,-15.506704796080689,-13.202879610473817,198,226,0.8508956676877892,high_ip
686799,Jack Kochanowicz,LAA,2024,266,65.33333333333333,11,65.33333333333333,5.939393939393939,4.5642,4.4774,0.0564,0.8674,0.071,31.664726426076832,101.1375,99.9726,-20.16112418845705,-13.264787884265138,226,227,0.726846484975377,low_ip
689672,Drew Thorpe,CHW,2024,190,44.333333333333336,9,44.333333333333336,4.9259259259259265,5.8511,5.8124,0.0211,0.772,0.104,39.80582524271845,82.5768,84.2874,-19.330723862438653,-13.328555553754477,220,228,0.6754659700056329,low_ip
687924,Julian Aguiar,CIN,2024,140,31.666666666666668,7,31.666666666666668,4.523809523809524,5.4502,5.8689,0.05,0.8359,0.081,36.346516007532955,89.2468,90.719,-23.433138616900468,-13.610412579745647,234,229,0.6166277248485236,low_ip
671106,Logan Allen,CLE,2024,432,97.33333333333333,20,97.33333333333333,4.866666666666666,4.8093,4.7477,0.088,0.8032,0.0883,37.47747747747748,92.5381,84.1223,-16.933332182459143,-13.663369083789982,207,230,0.8106810347847446,blended_ip
500779,Jose Quintana,NYM,2024,717,170.33333333333334,31,170.33333333333334,5.494623655913979,4.5748,4.4381,0.1004,0.8013,0.0846,40.69355980184006,88.0411,92.5966,-15.706679081636699,-13.878547490810812,199,231,0.8749345483032964,high_ip
681066,Ky Bush,CHW,2024,87,17.666666666666668,4,17.666666666666668,4.416666666666667,6.9904,7.0332,-0.0575,0.7926,0.0854,41.76829268292683,87.328,76.7306,-28.989552951603898,-14.205446106541803,244,232,0.5177208700971343,low_ip
669432,Trevor Rogers,- - -,2024,562,124.33333333333333,25,124.33333333333333,4.973333333333333,4.9112,4.6956,0.073,0.8106,0.0874,38.029424877396345,88.8264,95.6452,-17.000388110730857,-14.257444892097569,209,233,0.8456693128309615,high_ip
594835,Marco Gonzales,PIT,2024,151,33.666666666666664,7,33.666666666666664,4.809523809523809,4.9564,4.8013,0.0795,0.8429,0.0806,31.868131868131865,84.0214,80.9356,-24.0036459402089,-14.629934694924067,236,234,0.6270931390964247,low_ip
687134,Bradley Blalock,- - -,2024,147,30.666666666666668,6,29.666666666666668,5.111111111111112,6.0508,6.0859,0,0.821,0.083,38.8086642599278,90.2809,87.3309,-25.045243048377927,-14.68393282236153,238,235,0.6218486956121013,low_ip
680897,Nick Nastrini,CHW,2024,174,35.666666666666664,8,32.333333333333336,4.458333333333333,7.1827,7.3643,-0.0575,0.7363,0.1046,45.92391304347826,90.1772,71.5768,-22.59946499323494,-14.815753933542938,233,236,0.6591460168880292,low_ip
547179,Michael Lorenzen,- - -,2024,536,130.33333333333334,24,123.4,5.430555555555556,5.068,4.9489,0.069,0.7955,0.0913,38.7482083134257,91.2848,88.8869,-17.79463986014113,-14.918138394372408,212,237,0.8407472647796871,high_ip
663474,Triston McKenzie,CLE,2024,340,75.66666666666667,16,75.66666666666667,4.729166666666667,5.2102,5.411,0.0735,0.784,0.091,40.825688073394495,88.6672,74.8097,-18.904650657533857,-14.94177717933593,218,238,0.7729182300968254,low_ip
668676,Zach Plesac,LAA,2024,54,12,3,12,4,7.4977,7.3592,-0.037,0.8404,0.0718,40.19138755980861,81.4862,65.5652,-38.15984959128525,-15.06640734157121,254,239,0.427040791693748,low_ip
543294,Kyle Hendricks,CHC,2024,567,130.66666666666666,24,116.33333333333333,5.444444444444444,4.8261,4.592,0.0776,0.8277,0.0792,35.316159250585486,85.3857,92.2336,-18.533405581448783,-15.476794189733212,214,240,0.8422096320754499,high_ip
608344,Cole Irvin,- - -,2024,492,111,16,84,6.9375,4.6575,4.7775,0.0996,0.8491,0.0724,33.257918552036195,93.6766,93.1167,-19.62212188593378,-15.48167340201133,222,241,0.815765470557769,blended_ip
663765,Jake Woodford,- - -,2024,167,35,7,31.333333333333332,5,4.6962,4.7829,0.1018,0.8741,0.055,38.02588996763754,91.4175,91.7491,-25.538468527149654,-15.765314308147227,240,242,0.6425503344069156,low_ip
594902,Ben Lively,CLE,2024,632,151,29,151,5.206896551724138,4.5824,4.5689,0.1092,0.8302,0.0785,34.661685346616856,81.8667,82.6511,-18.81128143605724,-16.166872513369054,217,243,0.8607802392129897,high_ip
678368,Valente Bellozo,MIA,2024,295,68.66666666666667,13,68.66666666666667,5.282051282051283,5.325,5.4661,0.078,0.8182,0.0822,38.082191780821915,86.1042,86.4528,-21.824038212391418,-16.266078955580593,230,244,0.7501962787956022,low_ip
623167,Chris Flexen,CHW,2024,707,160,30,147.33333333333334,5.333333333333333,4.9482,5.0307,0.0849,0.7889,0.0969,38.61279942795853,81.4574,82.7919,-18.649420046006615,-16.364226963412904,216,245,0.8693578443766896,high_ip
573186,Marcus Stroman,NYY,2024,675,154.66666666666666,29,151.66666666666666,5.333333333333333,4.7354,4.5004,0.0785,0.8202,0.0787,39.01799100449775,85.4625,89.9523,-19.05781919132389,-16.555705490298212,219,246,0.8668890286573097,high_ip
800049,Adam Mazur,SDP,2024,158,33.666666666666664,8,33.666666666666664,4.208333333333333,6.048,6.1995,0.0063,0.8392,0.0701,39.82905982905983,92.109,88.5718,-27.549756535590976,-16.58313512699514,243,247,0.6361766994796294,low_ip
674072,Tommy Henry,ARI,2024,182,38.333333333333336,7,32,5.476190476190476,5.015,5.2163,0.0659,0.8485,0.0708,36.54390934844193,84.1524,86.0271,-25.943953636651376,-16.77650750461443,241,248,0.6598595852128925,low_ip
665871,Javier Assad,CHC,2024,638,147,29,147,5.068965517241379,4.719,4.6055,0.0956,0.8431,0.0662,38.69188337273444,90.9907,92.259,-19.698167233522888,-16.8352759306166,223,249,0.8617193896123934,high_ip
572020,James Paxton,- - -,2024,437,100.33333333333333,21,100.33333333333333,4.777777777777778,5.3472,5.2104,0.0526,0.812,0.0884,38.2903981264637,88.1647,85.7707,-21.682826178810775,-17.449119234532624,229,250,0.8138905099012407,high_ip
664350,Sixto Sanchez,MIA,2024,162,35.666666666666664,7,28.333333333333332,5.095238095238095,5.4197,5.2964,0.0185,0.878,0.0563,36.17363344051447,91.3333,94.2357,-29.623350386061905,-17.684982680921646,248,251,0.637157099814949,low_ip
615698,Cal Quantrill,COL,2024,656,148.33333333333334,29,148.33333333333334,5.114942528735632,5.0702,4.8711,0.0625,0.8105,0.0862,39.017013232514174,85.6589,86.1425,-20.590846963614652,-17.794836552568793,227,252,0.8644836189319989,high_ip
548389,Ross Stripling,OAK,2024,381,85.33333333333333,14,72.33333333333333,6.095238095238095,5.0059,4.7403,0.0709,0.849,0.0721,33.99558498896248,84.5378,94.5903,-23.87599659483659,-18.32099158817424,235,253,0.782553070689138,low_ip
592836,Taijuan Walker,PHI,2024,381,83.66666666666667,15,74,5.577777777777778,5.2521,5.2925,0.0551,0.8474,0.0669,37.8397212543554,85.6913,87.4325,-26.651229591663736,-20.616819340672905,242,254,0.7854339452171735,low_ip
641712,Dakota Hudson,COL,2024,404,89,18,89,4.944444444444445,5.7247,5.4143,-0.0025,0.832,0.0701,40.476190476190474,87.0941,80.3919,-29.09874333059483,-23.03613924259948,245,255,0.7981884334044764,blended_ip
621389,Ty Blach,COL,2024,330,71.33333333333333,12,56.333333333333336,5.944444444444444,5.1785,5.1165,0.0545,0.8746,0.0627,33.27449249779347,78.5178,79.1223,-32.01626348628857,-23.8232014763346,250,256,0.7554869518707993,low_ip
669373,Tarik Skubal,DET,2025,748,195.33333333333334,31,195.33333333333334,6.301075268817205,2.7134,2.664,0.2781,0.6959,0.1657,29.694629694629693,123.2773,123.5835,27.310582947073534,24.33591164599909,1,1,0.8811496385031757,high_ip
666142,Cole Ragans,KCR,2025,257,61.666666666666664,13,61.666666666666664,4.743589743589744,2.5183,2.4521,0.3035,0.6798,0.1576,34.661723818350325,112.0524,111.522,24.638813402172605,17.565458809499514,2,2,0.734769149059843,low_ip
668881,Hunter Greene,CIN,2025,420,107.66666666666667,19,107.66666666666667,5.666666666666667,3.0631,3.2676,0.2524,0.7108,0.1539,31.407322654462245,119.8831,121.008,20.69229348194152,17.267803717119083,5,3,0.8151752342293576,high_ip
554430,Zack Wheeler,PHI,2025,585,149.66666666666666,24,149.66666666666666,6.236111111111111,2.7308,2.7315,0.2769,0.7108,0.1449,35.296574770258985,110.5983,120.8995,20.170214317006725,17.18289924260018,6,4,0.8561971870310052,high_ip
695505,Chase Burns,CIN,2025,188,43.333333333333336,8,34.333333333333336,5.416666666666667,2.7562,2.6804,0.2713,0.6983,0.1582,34.77124183006536,115.9857,119.7175,23.627368729744994,16.08225715402625,3,5,0.6701891786787004,low_ip
676979,Garrett Crochet,BOS,2025,814,205.33333333333334,32,205.33333333333334,6.416666666666667,2.8552,2.6437,0.2568,0.7344,0.1368,32.91018724214535,117.0103,114.5828,17.657334607473135,15.871018218049553,10,6,0.88866361465674,high_ip
669302,Logan Gilbert,SEA,2025,535,131,25,131,5.24,2.8565,2.953,0.2654,0.6946,0.1554,33.71985157699444,104.0659,108.8271,18.33108614586385,15.206276545951539,9,7,0.8437167305799845,high_ip
650911,Cristopher Sanchez,PHI,2025,807,202,32,202,6.3125,3.0208,2.7709,0.2082,0.7172,0.1391,32.9996548153262,117.5764,116.1732,16.56584873733341,14.78510346554326,11,8,0.8860105514198581,high_ip
694973,Paul Skenes,PIT,2025,733,187.66666666666666,32,187.66666666666666,5.864583333333333,3.0966,3.03,0.2374,0.7215,0.1378,34.868201534868206,110.1229,121.1991,15.77701863941607,13.91181244951083,15,9,0.8801782403704819,high_ip
519242,Chris Sale,ATL,2025,510,125.66666666666667,20,120,6.283333333333333,2.8803,2.9833,0.2608,0.7275,0.1324,33.18562284588872,116.2054,112.9957,16.500218799253915,13.864827574614907,12,10,0.8359455920106096,high_ip
660271,Shohei Ohtani,LAD,2025,188,47,14,47,3.357142857142857,2.6673,2.449,0.2819,0.7154,0.1421,34.26294820717131,114.6239,116.8541,19.823457217076783,13.53170035477147,7,11,0.6792420989897882,low_ip
594798,Jacob deGrom,TEX,2025,669,172.66666666666666,30,172.66666666666666,5.7555555555555555,3.3245,3.3659,0.2212,0.7237,0.1425,33.740924722965225,108.5927,117.6365,13.709923127600002,12.038806304208972,16,12,0.8700604973804495,high_ip
686218,Emmet Sheehan,LAD,2025,291,73.33333333333333,12,59.666666666666664,6.111111111111111,3.1957,3.3716,0.2302,0.6882,0.1562,35.51483420593368,101.2497,109.4806,16.454916524092862,11.731589991410242,13,13,0.7472832127364883,low_ip
656302,Dylan Cease,SDP,2025,722,168,32,168,5.25,3.5792,3.5571,0.1994,0.6816,0.1559,36.80236375574524,107.6975,107.7902,13.01246943250479,11.200276544481632,18,14,0.8765170727846908,high_ip
605483,Blake Snell,LAD,2025,254,61.333333333333336,11,61.333333333333336,5.575757575757576,3.6419,3.0897,0.1811,0.67490000000000006,0.1526,37.90087463556851,104.0756,114.3152,16.276674792682492,11.157198543542952,14,15,0.7311767906276433,low_ip
813349,Connelly Early,BOS,2025,79,19.333333333333332,4,19.333333333333332,4.833333333333333,2.3446,2.3464,0.3165,0.6829,0.161,35.60371517027864,100.8758,111.1823,22.950363560048427,10.502657532247907,4,16,0.5121488948850674,low_ip
680885,Spencer Schwellenbach,ATL,2025,434,110.66666666666667,17,110.66666666666667,6.509803921568627,3.2978,3.0072,0.2074,0.7408,0.1341,31.277813095994915,107.7013,116.8508,12.455897296601416,10.399896191134092,19,17,0.8145470524793049,high_ip
680694,Kyle Bradish,BAL,2025,126,32,6,32,5.333333333333333,2.6301,2.6743,0.2937,0.6757,0.1457,36.032388663967616,102.5095,106.4246,19.52521352209643,10.15408519060863,8,18,0.60254054416529,low_ip
666200,Jesus Luzardo,PHI,2025,758,183.66666666666666,32,183.66666666666666,5.739583333333333,3.402,3.2489,0.2098,0.7168,0.135,35.1575456053068,105.8323,112.9645,11.284775469626506,9.844437696624233,22,19,0.8813036381105,high_ip
694819,Jacob Misiorowski,MIL,2025,273,66,14,63.666666666666664,4.714285714285714,3.5567,3.656,0.2051,0.7383,0.1296,34.59227467811159,116.1621,119.4478,11.720494100795042,9.389245631876339,21,20,0.7445712160677542,low_ip
693433,Bryan Woo,SEA,2025,731,186.66666666666666,30,186.66666666666666,6.222222222222222,3.3032,3.3332,0.2216,0.767,0.1238,32.313927781871776,109.4541,113.1912,9.2475572929836,8.444988540421656,24,21,0.8776363887023741,high_ip
808967,Yoshinobu Yamamoto,LAD,2025,684,173.66666666666666,30,173.66666666666666,5.788888888888889,3.3229,3.0455,0.2076,0.7287,0.1264,35.95988538681949,100.0138,110.4835,8.70818715949234,7.394783583684601,25,22,0.872899379758627,high_ip
543135,Nathan Eovaldi,TEX,2025,496,130,22,130,5.909090909090909,3.1724,3.0301,0.2177,0.7467,0.1281,33.020833333333336,99.5372,104.9362,8.50363345732935,7.082199147796631,26,23,0.8355765024053421,high_ip
640455,Sean Manaea,NYM,2025,263,60.666666666666664,12,51.333333333333336,5.055555555555555,3.0745,3.3049,0.2395,0.7596,0.126,31.59817351598174,110.1078,105.9753,8.280573181328261,6.6010508409238104,27,24,0.7320100656081355,low_ip
691587,Eury Perez,MIA,2025,385,95.33333333333333,20,95.33333333333333,4.766666666666667,3.798,4.0714,0.1896,0.7354,0.1325,35.76119402985075,115.311,108.7441,7.591024907590995,6.475765607045523,28,25,0.8022689278556941,blended_ip
543243,Sonny Gray,STL,2025,753,180.66666666666666,32,180.66666666666666,5.645833333333333,3.2881,3.0672,0.2165,0.7434,0.1208,33.883994126284875,101.6214,103.93,7.40233328761237,6.406667260502427,29,26,0.8782094648784554,high_ip
657277,Logan Webb,SFG,2025,856,207,34,207,6.088235294117647,3.136,2.7821,0.2079,0.7681,0.1066,34.03412553321146,105.8132,110.7442,6.916479057930186,6.225464216882672,32,27,0.8919820094575676,high_ip
702056,Trey Yesavage,TOR,2025,62,14,3,14,4.666666666666667,3.873,3.2304,0.1452,0.6726,0.1548,35.146443514644346,106.9972,98.3762,13.485600455785141,5.933489316517728,17,28,0.45470203032099193,low_ip
657746,Joe Ryan,MIN,2025,689,171,30,166,5.7,3.3248,3.6993,0.225,0.7662,0.1158,34.52466047176554,107.9523,108.3517,6.189101592981088,5.579213111539825,33,29,0.8719364547467188,high_ip
656731,Tylor Megill,NYM,2025,305,68.33333333333333,14,68.33333333333333,4.8809523809523805,3.7447,3.7303,0.1836,0.7215,0.1248,37.60129659643436,107.7032,103.7195,7.017800385954434,5.079761134259324,31,30,0.7585613922081733,low_ip
666157,Nick Lodolo,CIN,2025,642,156.66666666666666,28,155.66666666666666,5.595238095238095,3.5738,3.6592,0.1947,0.7508,0.1242,33.92496974586527,106.3394,105.746,5.623037579243754,4.9967294516956455,35,31,0.8633400838469549,high_ip
669923,George Kirby,SEA,2025,524,126,23,126,5.478260869565218,3.3909,3.2493,0.2061,0.7581,0.1184,34.83469094393867,99.1002,109.6435,5.605580827692719,4.691269546122285,36,32,0.8401559616298361,high_ip
690997,Nolan McLean,NYM,2025,188,48,8,48,6,3.04,2.7845,0.2181,0.7412,0.1095,36.351351351351354,108.5254,109.3933,7.354851706746819,4.6247091531471884,30,33,0.6787667523166802,low_ip
686790,Trevor McDonald,SFG,2025,60,15,2,13,7.5,3.0768,2.6963,0.2,0.7075,0.1455,28.169014084507044,97.8241,108.1668,12.107709103532814,4.606087308819137,20,34,0.4376703555328689,low_ip
608331,Max Fried,NYY,2025,801,195.33333333333334,32,195.33333333333334,6.104166666666667,3.5954,3.4076,0.1723,0.7581,0.1132,36.52733118971061,109.0379,114.0428,4.746118970533915,4.325949810130942,40,35,0.8862950989931692,high_ip
665795,Edward Cabrera,MIA,2025,581,137.66666666666666,26,137.66666666666666,5.294871794871795,3.7196,3.6198,0.1756,0.7198,0.1256,36.83976919662672,103.9343,105.9012,5.299523310644194,4.28609317257667,38,36,0.8513183459882563,high_ip
686613,Hunter Brown,HOU,2025,729,185.33333333333334,31,185.33333333333334,5.978494623655914,3.3915,3.1876,0.2044,0.7456,0.113,38.19163292847503,105.0962,104.1504,4.97864044006635,4.220059427966429,39,37,0.8793126145829551,high_ip
605540,Brandon Woodruff,MIL,2025,257,64.66666666666667,12,64.66666666666667,5.388888888888889,2.9032,3.2403,0.2685,0.7537,0.1224,31.12033195020747,97.3107,101.8452,5.898207546146317,4.050572721987964,34,38,0.7302034620904384,low_ip
677960,Ryan Weathers,MIA,2025,166,38.333333333333336,8,38.333333333333336,4.791666666666667,4.0555,4.032,0.1506,0.7276,0.1324,35.82554517133956,104.1844,108.5032,5.572334657002367,3.7492705642751494,37,39,0.6513675501700612,low_ip
642547,Freddy Peralta,MIL,2025,723,176.66666666666666,33,176.66666666666666,5.353535353535353,3.6787,3.8534,0.1909,0.7234,0.1288,38.426675299449656,98.8251,105.5368,4.435373687203549,3.65206739121519,42,40,0.8784042179482594,high_ip
592254,Jose De Leon,BOS,2025,28,6.666666666666667,1,6.666666666666667,6.666666666666667,3.8722,3.9352,0.1786,0.717,0.1485,31.683168316831683,103.2055,113.7706,10.664153459388931,3.4373214384407187,23,41,0.29507426650413576,low_ip
592332,Kevin Gausman,TOR,2025,775,193,32,193,6.03125,3.7918,3.7658,0.1794,0.7551,0.1261,32.60726072607261,102.0117,103.0968,3.4016803580445147,3.1665946772739217,48,42,0.8838671857607442,high_ip
805673,Zebby Matthews,MIN,2025,354,79.33333333333333,16,79.33333333333333,4.958333333333333,3.8187,3.8064,0.1808,0.7478,0.1279,33.85070214338507,101.0619,106.4793,3.781630296457947,3.099211168806688,45,43,0.7789156004200529,low_ip
676962,Ben Brown,CHC,2025,472,106.33333333333333,15,75.66666666666667,7.088888888888889,3.5186,3.5568,0.1886,0.7327,0.1273,34.67879476975554,98.8949,97.5547,4.1466118408963375,3.0418193022910684,43,44,0.8102799760783473,low_ip
664285,Framber Valdez,HOU,2025,802,192,31,192,6.193548387096774,3.665,3.3387,0.1484,0.7553,0.1146,35.714285714285715,106.2338,110.5811,3.254695756063491,2.956515830417316,51,45,0.8843383000406783,high_ip
669372,J.T. Ginn,ATH,2025,392,90.33333333333333,16,75,5.645833333333333,3.5711,3.5203,0.1735,0.7217,0.1187,40.41878172588832,97.4521,108.8907,4.55155655568782,2.9058623206649683,41,46,0.7917372642716486,low_ip
607074,Carlos Rodon,NYY,2025,789,195.33333333333334,33,195.33333333333334,5.91919191919192,3.9178,3.8867,0.1648,0.7241,0.1245,37.41051976346094,107.3133,102.6241,3.3284256627638364,2.8365934719311947,50,47,0.8862723184066903,high_ip
669022,MacKenzie Gore,WSN,2025,680,159.66666666666666,30,159.66666666666666,5.322222222222222,3.8004,3.7751,0.1779,0.729,0.133,37.03440936502306,99.5265,99.32,3.356728755698803,2.7853110027850967,49,48,0.870224467600563,high_ip
663460,Kris Bubic,KCR,2025,476,116.33333333333333,20,116.33333333333333,5.816666666666666,3.8536,3.6288,0.1618,0.726,0.1337,33.98328690807799,96.0466,100.3884,3.477203820882724,2.7165403995136885,47,49,0.8267675666022858,high_ip
701656,Logan Henderson,MIL,2025,99,25.333333333333332,5,25.333333333333332,5.066666666666666,3.1957,3.3638,0.2525,0.7803,0.1195,32.4390243902439,101.5715,107.3681,3.9046247198190582,2.579923967535508,44,50,0.5599230003481174,low_ip
676282,Joey Cantillo,CLE,2025,401,95.33333333333333,13,67,7.333333333333333,3.8277,3.6627,0.1646,0.7191,0.121,37.38546120952962,100.7704,99.1585,3.637285336295112,2.2945933351880594,46,51,0.7918516969002267,low_ip
693645,Cameron Schlittler,NYY,2025,304,73,14,73,5.214285714285714,3.8434,3.7705,0.1743,0.7787,0.1109,34.23782920989625,112.4087,107.7152,1.3951533482135365,1.9644970637100143,60,52,0.7607967048619175,low_ip
656427,Jack Flaherty,DET,2025,681,161,31,161,5.193548387096774,3.6741,3.6872,0.1894,0.7508,0.1134,36.38290356764394,102.2891,103.5531,2.2977813300363987,1.9191393597475668,54,53,0.8706602352491567,high_ip
669432,Trevor Rogers,BAL,2025,423,109.66666666666667,18,109.66666666666667,6.092592592592593,3.7542,3.6371000000000002,0.1749,0.7625,0.1254,31.776275353411187,96.8015,100.236,2.016223280369401,1.8469378914714785,56,54,0.8138367059763919,high_ip
690986,Kyle Harrison,- - -,2025,156,35.666666666666664,6,27.333333333333332,5.944444444444444,3.9651,3.9518,0.1538,0.7568,0.1224,33.843537414965986,103.9109,107.7229,1.8271265780231458,1.6727408037692058,58,55,0.62866195885618,low_ip
800048,Parker Messick,CLE,2025,165,39.666666666666664,7,39.666666666666664,5.666666666666666,3.4333,3.1499,0.1939,0.7491,0.1152,33.92,98.7441,108.0658,3.184393316444944,1.659650142163827,52,56,0.6500324263105266,low_ip
605400,Aaron Nola,PHI,2025,404,94.33333333333333,17,94.33333333333333,5.549019607843137,3.8132,3.7143,0.1708,0.7592,0.1122,34.88520408163265,101.5874,108.5651,1.4345493165551004,1.2113004234917781,59,57,0.8024833439582794,blended_ip
676974,Max Meyer,MIA,2025,285,64.66666666666667,12,64.66666666666667,5.388888888888889,3.719,3.507,0.1684,0.7469,0.1192,35.76923076923077,97.3393,107.2282,1.8342545224588538,1.1346745832522407,57,58,0.7429924576265953,low_ip
669358,Shane Baz,TBR,2025,711,166.33333333333334,31,166.33333333333334,5.365591397849463,3.9473,3.8835,0.1575,0.762,0.116,34.98531571218796,105.2237,107.0223,0.9913111030299024,1.0503371021457613,63,59,0.8729345850857005,high_ip
669854,Ronel Blanco,HOU,2025,199,48.333333333333336,9,48.333333333333336,5.37037037037037,4.3228,4.3999,0.1407,0.6984,0.1436,36.775818639798494,89.66,93.9571,2.940094924545853,1.0185868343527982,53,60,0.6883316487724761,low_ip
676917,Cade Cavalli,WSN,2025,219,48.666666666666664,10,48.666666666666664,4.866666666666666,4.0902,3.9297,0.1142,0.7468,0.1241,33.92405063291139,104.2109,102.9493,0.7973321215086139,0.8887512683279934,65,61,0.6964195238410276,low_ip
687888,Brandon Walter,HOU,2025,212,53.666666666666664,9,53.666666666666664,5.962962962962963,3.2094,3.1399,0.2264,0.7756,0.1129,32.88343558282209,96.7563,104.7184,1.1206464392276931,0.8239545445699679,62,62,0.6985624429123217,low_ip
682052,Jacob Lopez,ATH,2025,399,92.66666666666667,17,84,5.450980392156863,3.7633,4.133,0.1905,0.7384,0.1182,37.69507803121249,98.0323,99.5028,1.3448508637071828,0.7070837408250846,61,63,0.7984855454268099,blended_ip
669456,Shane Bieber,TOR,2025,159,40.333333333333336,7,40.333333333333336,5.761904761904762,3.5173,3.348,0.1887,0.7349,0.1225,36.27906976744186,91.6702,101.3638,2.2636559116397414,0.5609282232415146,55,64,0.6497135701166539,low_ip
601713,Nick Pivetta,SDP,2025,721,181.66666666666666,31,181.66666666666666,5.860215053763441,3.6942,3.8451,0.1942,0.7793,0.1048,34.22159887798036,101.6135,103.0885,-0.004407581823426487,0.1298021591024484,67,65,0.8773348418093618,high_ip
686752,Ryan Pepiot,TBR,2025,679,167.66666666666666,31,167.66666666666666,5.408602150537634,4.0477,4.0706,0.1561,0.7674,0.1163,35.629629629629626,106.4367,103.7362,-0.4615828470997625,-0.14951609556969725,72,66,0.8706719256546678,high_ip
694462,Hurston Waldrep,ATL,2025,229,56.333333333333336,9,50.666666666666664,6.2592592592592595,3.9562,3.6633,0.1441,0.7418,0.1151,39.27765237020316,99.2345,103.7359,0.25561371874911193,-0.1581283564145095,66,67,0.7083936681411575,low_ip
681857,Reese Olson,DET,2025,285,68.66666666666667,13,68.66666666666667,5.282051282051283,4.1538,4.0345,0.1404,0.7135,0.1268,38.826574633304574,92.5926,96.7886,0.9468349538160147,-0.21924529096891107,64,68,0.750081716959559,low_ip
690953,Mick Abel,- - -,2025,174,39,8,34,4.875,4.284,4.3404,0.1322,0.7718,0.1125,35.55555555555556,109.0581,103.3989,-1.8705548269719487,-0.24602471388854355,79,69,0.6593407980603059,low_ip
669203,Corbin Burnes,ARI,2025,265,64.33333333333333,11,64.33333333333333,5.848484848484848,4.0473,3.7272,0.1396,0.7548,0.113,36.37264618434094,102.0789,105.4589,-0.5586116960800028,-0.34488603337755674,73,70,0.7351148328726534,low_ip
670912,Johan Oviedo,PIT,2025,170,40.333333333333336,9,40.333333333333336,4.481481481481482,4.7264,4.8976,0.1118,0.7224,0.1169,39.73013493253374,107.5304,96.6532,-0.35209392811567275,-0.35877889794715884,70,71,0.6577092301021052,low_ip
641154,Pablo Lopez,MIN,2025,312,75.66666666666667,14,75.66666666666667,5.404761904761905,3.8698,3.8687,0.1699,0.7595,0.116,35.42494042891183,96.2807,107.3105,-0.4574806173870334,-0.37385530560150176,71,72,0.7641385722823252,low_ip
675911,Spencer Strider,ATL,2025,539,125.33333333333333,23,125.33333333333333,5.449275362318841,4.1485,4.2406,0.1484,0.7066,0.1393,38.891520606347704,94.7757,91.1258,-0.3220237712861169,-0.6591996405675621,69,73,0.8418970899812841,high_ip
607192,Tyler Glasnow,LAD,2025,366,90.33333333333333,18,90.33333333333333,5.018518518518518,3.8828,3.7155,0.1721,0.7384,0.1098,39.82479784366576,101.282,97.4178,-0.2932034931062807,-0.6950491520593599,68,74,0.791220928733888,blended_ip
690916,Richard Fitts,BOS,2025,195,45,10,41,4.5,4.3226,4.2685,0.1231,0.7732,0.1197,33.87755102040816,102.1301,106.1444,-2.510673791484805,-0.8560057654988178,88,75,0.6764644312022946,low_ip
682847,Luis L. Ortiz,CLE,2025,382,88.66666666666667,16,88.66666666666667,5.541666666666667,4.1432,3.833,0.1414,0.7424,0.1192,35.61917443408788,99.5455,97.4236,-0.95133761417367535,-0.8897970639127063,74,76,0.7937751352489097,blended_ip
681347,Mike Burrows,PIT,2025,402,96,19,86.66666666666667,5.052631578947368,3.8689,3.8613,0.1642,0.7534,0.1196,34.52535760728219,94.6476,97.5694,-1.1417549166253753,-1.0456967929536245,75,77,0.7973139756969545,blended_ip
669330,Tyler Wells,BAL,2025,82,21.666666666666668,4,21.666666666666668,5.416666666666667,3.9209,4.1699,0.1951,0.7958,0.114,29.53216374269006,99.0755,100.3045,-3.6514897999661713,-1.0855407354573794,94,78,0.5240235241098855,low_ip
667755,Jose Soriano,LAA,2025,724,169,31,169,5.451612903225806,3.9295,3.5395,0.1022,0.7454,0.1131,38.7212643678161,103.0559,106.461,-1.2075626062644969,-1.134296932988601,76,79,0.8748247211955269,high_ip
592662,Robbie Ray,SFG,2025,755,182.33333333333334,32,182.33333333333334,5.697916666666667,4.171,4.2897,0.1497,0.744,0.1253,36.36067708333333,100.314,97.2381,-1.461498843430721,-1.2785228156898965,77,80,0.8813061707715639,high_ip
671212,Joe Boyle,TBR,2025,226,52,9,38,5.777777777777778,4.2449,4.3828,0.1327,0.7488,0.1103,38.97216274089936,106.1437,95.2775,-2.092892762173538,-1.3448303200440328,81,81,0.7011787585751528,low_ip
701581,David Festa,MIN,2025,229,53.333333333333336,10,48.666666666666664,5.333333333333334,4.1638,4.4938,0.1485,0.7444,0.1304,35.714285714285715,89.1699,99.9876,-1.6314176310986022,-1.404434671516001,78,82,0.7068897700812771,low_ip
694477,Chad Patrick,MIL,2025,503,119.66666666666667,23,115.66666666666667,5.202898550724638,3.9043,3.9838,0.173,0.7904,0.1044,35.50472401790154,104.7139,102.2246,-2.268095401793859,-1.5551658726452837,83,83,0.8334207376822208,high_ip
695534,Chase Petty,CIN,2025,40,6,2,5.333333333333333,3,6.572,7.6144,-0.025,0.6806,0.1361,43.786982248520715,95.1554,92.0475,-7.761446184501482,-1.5791670498778418,129,84,0.36855773498902095,low_ip
656876,Drew Rasmussen,TBR,2025,585,150,31,150,4.838709677419355,3.9009,3.7208,0.1538,0.8046,0.0946,34.499136442141626,107.8658,109.0846,-2.446970872027231,-1.6272373900423502,86,85,0.8553833419817267,high_ip
684007,Shota Imanaga,CHC,2025,567,144.66666666666666,25,144.66666666666666,5.786666666666666,4.3605,4.5074,0.1605,0.7774,0.1194,32.415059687786965,98.4713,105.4948,-2.4042259206285252,-1.6520746977338074,85,86,0.8507414730095482,high_ip
657376,Clarke Schmidt,NYY,2025,316,78.66666666666667,14,78.66666666666667,5.6190476190476195,4.3741,4.4408,0.1361,0.756,0.1157,35.61532192339038,100.7473,101.8955,-2.4034882972852913,-1.7052175710630553,84,87,0.7650531525244408,low_ip
656550,Grant Holmes,ATL,2025,492,115,21,114,5.476190476190476,4.1816,4.0352,0.1402,0.7297,0.1302,37.08036622583927,92.1627,93.9008,-2.0768661006628983,-1.9859510707201184,80,88,0.8308627228766149,high_ip
622491,Luis Castillo,SEA,2025,745,180.66666666666666,32,180.66666666666666,5.645833333333333,4.0336,4.0907,0.1557,0.7781,0.1141,34.805890227576974,97.9551,103.2196,-2.5310734199304368,-2.020825414392358,89,89,0.8798014145441349,high_ip
677651,Luis Garcia,HOU,2025,28,7.666666666666667,2,7.666666666666667,3.8333333333333335,3.7814,4.3037,0.2143,0.7647,0.1132,37.735849056603776,87.7255,89.8726,-4.66437559266857,-2.0855370579106443,100,90,0.30373941040016617,low_ip
664062,Tony Gonsolin,LAD,2025,157,36,7,36,5.142857142857143,4.4026,4.5727,0.1274,0.7208,0.1215,38.587848932676515,94.7016,90.9731,-2.094720030361849,-2.1403279227905956,82,91,0.6408230651672939,low_ip
650633,Michael King,SDP,2025,308,73.33333333333333,15,73.33333333333333,4.888888888888888,3.9912,4.2028,0.1623,0.7635,0.1042,38.14602132895816,100.8101,102.7857,-2.8291807701279192,-2.187789199301928,91,92,0.7607522581600391,low_ip
624133,Ranger Suarez,PHI,2025,651,157.33333333333334,26,157.33333333333334,6.051282051282052,3.7318,3.6127,0.1736,0.8,0.095,34.375,96.9771,106.8266,-2.794666383978521,-2.2377055179129375,90,93,0.8639099074432306,high_ip
663554,Casey Mize,DET,2025,627,149,28,149,5.321428571428571,3.9576,3.9688,0.1643,0.7807,0.1084,34.126646833829156,94.5723,103.3436,-2.8680328092081204,-2.337645066677023,92,94,0.8592957443704865,high_ip
678906,Kai-Wei Teng,SFG,2025,139,29.666666666666668,7,24.666666666666668,4.238095238095238,3.9971,4.44,0.1583,0.7309,0.1169,37.87085514834206,95.4045,84.8029,-2.4970284772352973,-2.374984766776854,87,95,0.6137854372690209,low_ip
800311,Didier Fuentes,ATL,2025,69,13,4,13,3.25,5.074,5.7442,0.087,0.7761,0.1024,38.907849829351534,108.9159,101.2958,-8.11662624925021,-2.422956631531889,134,96,0.48131295279722874,low_ip
668909,Gavin Williams,CLE,2025,704,167.66666666666666,31,167.66666666666666,5.408602150537634,4.3499,4.0815,0.1278,0.7418,0.1179,38.39316239316239,100.9565,99.1199,-3.1661213759809317,-2.849145679593058,93,97,0.8743262412699426,high_ip
593423,Frankie Montas,NYM,2025,178,38.666666666666664,7,33.666666666666664,5.523809523809524,4.6267,4.757,0.1011,0.7668,0.1128,36.24823695345557,100.8513,102.2508,-5.52218413239048,-3.0283161789902078,109,98,0.6599185984234847,low_ip
671096,Andrew Abbott,CIN,2025,684,166.33333333333334,29,166.33333333333334,5.735632183908046,4.203,4.3051,0.155,0.7799,0.1095,33.769144564811356,99.4816,101.6378,-3.8057585426940324,-3.0724913371227798,95,99,0.8705904969146523,high_ip
687922,Easton Lucas,TOR,2025,108,24.333333333333332,5,19.666666666666668,4.866666666666666,4.6876,4.7517,0.1019,0.7778,0.1142,35.61643835616438,102.8655,90.5892,-7.535723319241801,-3.096514805150448,126,100,0.5643414882727836,low_ip
669713,Hayden Wesneski,HOU,2025,131,32,6,32,5.333333333333333,3.8446,3.8097,0.1756,0.7884,0.1004,34.44881889763779,95.9376,104.6249,-5.334172727799859,-3.1725038814679754,106,101,0.6079784713144731,low_ip
571510,Matthew Boyd,CHC,2025,718,179.66666666666666,31,179.66666666666666,5.795698924731182,4.0891,4.2203,0.156,0.7909,0.1067,32.8722242446305,99.3315,101.5113,-4.00869643652279,-3.206804187785633,96,102,0.875939686432859,high_ip
688107,Robert Gasser,MIL,2025,29,5.666666666666667,2,5.666666666666667,2.8333333333333335,5.6765,6.9955,0.0345,0.75,0.098,43.13725490196079,104.4533,74.67,-15.35666148786296,-3.6096143556829916,195,103,0.2946099535632291,low_ip
702070,Noah Cameron,KCR,2025,556,138.33333333333334,24,138.33333333333334,5.763888888888889,4.3255,4.1006,0.1277,0.7542,0.115,37.396121883656505,96.4479,101.2831,-4.246697656995698,-3.6437683062549744,97,104,0.8479520250781515,high_ip
700363,AJ Smith-Shawver,ATL,2025,192,44.333333333333336,9,44.333333333333336,4.9259259259259265,4.5995,4.3636,0.1094,0.7561,0.1125,36.708860759493675,98.7366,94.9361,-5.578402323339036,-3.706672180485984,110,105,0.6754278603732141,low_ip
657006,Justin Steele,CHC,2025,92,22.666666666666668,4,22.666666666666668,5.666666666666667,3.7733,3.6407,0.1739,0.8261,0.0895,29.712460063897762,103.1483,99.0826,-8.926252948852083,-3.7427898185710697,142,106,0.5249310978942745,low_ip
681343,Shane Smith,CHW,2025,616,146.33333333333334,29,146.33333333333334,5.045977011494253,4.1958,4.232,0.1412,0.7524,0.1191,36.70938404299297,94.8539,93.9879,-4.361503157765792,-3.81703860917668,98,107,0.85848790116214,high_ip
669194,Ryne Nelson,ARI,2025,619,154,23,128,6.695652173913044,4.0692,4.0495,0.147,0.8119,0.0944,34.61694365626266,106.2802,105.5853,-5.085453787099759,-3.849424634732915,104,108,0.8545326438131635,high_ip
518876,Merrill Kelly,- - -,2025,748,184,32,183.3,5.75,3.953,3.8109,0.1591,0.7846,0.1058,34.32098765432099,92.1091,98.3755,-4.488591343400489,-3.877876355377148,99,109,0.87924022662466,high_ip
690990,Cade Horton,CHC,2025,476,118,22,114,5.363636363636363,4.2557,4.2726,0.1345,0.7725,0.1101,34.245810055865924,98.1491,98.2586,-5.10009564408361,-4.0226511270633685,105,110,0.8258791918262154,high_ip
701542,Will Warren,NYY,2025,711,162.33333333333334,33,162.33333333333334,4.91919191919192,4.0771,3.9086,0.1491,0.7766,0.0951,38.24786324786324,102.9022,102.494,-4.716783400329738,-4.109186701760807,101,111,0.8728838231472745,high_ip
676440,Tanner Bibee,CLE,2025,762,182.33333333333334,31,182.33333333333334,5.881720430107527,4.1497,4.17,0.1417,0.7841,0.0996,35.88017502524403,103.7147,101.7878,-5.033531539796425,-4.244369380440751,102,112,0.8810224026926586,high_ip
815083,Mitch Farris,LAA,2025,107,24.333333333333332,5,24.333333333333332,4.866666666666666,4.7131,4.7962,0.1215,0.73740000000000006,0.1284,37.03703703703704,87.6497,78.7696,-6.893313997499237,-4.291343837558148,119,113,0.563429197075598,low_ip
605135,Chris Bassitt,TOR,2025,736,170.33333333333334,31,169.33333333333334,5.494623655913979,3.9197,3.8424,0.1549,0.7874,0.0987,36.28349788434414,98.5036,97.954,-5.07737210286851,-4.3765435726680995,103,114,0.8761109230588544,high_ip
434378,Justin Verlander,SFG,2025,662,152,29,152,5.241379310344827,4.4359,4.5667,0.1284,0.7737,0.1097,34.50920245398773,102.9967,100.7952,-5.393948465489429,-4.381788962559574,107,115,0.8654174718451846,high_ip
453286,Max Scherzer,TOR,2025,358,85,17,85,5,4.2594,4.5549,0.1648,0.7859,0.107,33.548850574712645,93.5908,104.5732,-6.0252571152228365,-4.448697304187498,114,116,0.7838596959514008,blended_ip
700249,Cade Povich,BAL,2025,488,112.33333333333333,20,103.66666666666667,5.616666666666666,4.0168,3.9524,0.1537,0.7787,0.0989,37.3921867072552,98.7511,97.0674,-5.495967230489983,-4.583096797198517,108,117,0.8266093745280064,high_ip
506433,Yu Darvish,SDP,2025,296,72,15,72,4.8,3.9388,4.1508,0.1655,0.7897,0.0983,35.08620689655172,99.1213,99.5091,-6.517550048968254,-4.62120975034298,117,118,0.7546048263458813,low_ip
641927,Bailey Ober,MIN,2025,624,146.33333333333334,27,146.33333333333334,5.419753086419753,4.5056,4.7511,0.1426,0.7735,0.1167,33.1918505942275,96.6857,98.2824,-5.71689263917276,-4.6265995628857874,112,119,0.8584709985118527,high_ip
680951,Doug Nikhazy,CLE,2025,23,4,1,3,4,7.1957,7.4477,-0.0435,0.7174,0.1204,43.51851851851852,82.9956,73.8919,-20.252225276341925,-4.6670654932026645,221,120,0.28418176168985043,low_ip
681293,Spencer Arrighetti,HOU,2025,156,35.333333333333336,7,35.333333333333336,5.047619047619048,5.0955,5.035,0.0705,0.7556,0.1066,38.61066235864297,102.3819,96.7869,-7.972465380044379,-4.76577112254916,132,121,0.6408714439482323,low_ip
450203,Charlie Morton,- - -,2025,654,142,27,125.66666666666667,5.2592592592592595,4.3938,4.3952,0.1177,0.7511,0.1156,36.92669541356331,99.0608,94.8556,-5.689429564410354,-4.862706850704842,111,122,0.8575736762197005,high_ip
663372,Ryan Feltner,COL,2025,135,30.333333333333332,6,30.333333333333332,5.055555555555555,4.629,4.5034,0.0963,0.7549,0.1185,38.04971319311664,90.674,88.744,-8.056270160733073,-5.04364665441746,133,123,0.6110236737878706,low_ip
571578,Patrick Corbin,TEX,2025,663,155.33333333333334,30,154.33333333333334,5.177777777777778,4.4221,4.2084,0.1207,0.7494,0.1155,37.620702974121286,93.2703,98.1062,-5.765246854699905,-5.118252353466518,113,124,0.8658136695062151,high_ip
687473,Ryan Gusto,- - -,2025,453,101.66666666666667,17,81.66666666666667,5.980392156862745,4.2671,4.6053,0.1347,0.7822,0.1067,35.07377979568672,98.4227,98.8623,-6.890113007991317,-5.237208743170214,118,125,0.8090967756448106,blended_ip
677958,Kumar Rocker,TEX,2025,287,64.33333333333333,14,64.33333333333333,4.595238095238095,4.3166,4.1391,0.115,0.7726,0.1135,35.28368794326241,94.6931,92.6875,-7.246439624684058,-5.23939786068514,124,126,0.7475240832669127,low_ip
579328,Yusei Kikuchi,LAA,2025,772,178.33333333333334,33,178.33333333333334,5.404040404040404,4.3425,4.2773,0.1295,0.7839,0.104,36.26089764288021,97.965,105.3277,-6.186521418032059,-5.266892512962257,115,127,0.8818860120772977,high_ip
804636,Jonah Tong,NYM,2025,87,18.666666666666668,5,18.666666666666668,3.7333333333333334,4.1102,3.9589,0.1494,0.8037,0.086,36.55913978494624,99.062,97.4789,-10.455749623794173,-5.383292890527641,156,128,0.5316395715057448,low_ip
682990,Quinn Priester,MIL,2025,653,157.33333333333334,24,130.66666666666666,6.555555555555556,3.9579,3.8087,0.1256,0.7753,0.1025,37.2620494127177,96.0791,94.7351,-6.34076627441816,-5.522612905773389,116,129,0.8581001118221702,high_ip
695549,Jackson Jobe,DET,2025,218,49,10,49,4.9,5.2589,5.1437,0.055,0.7714,0.1003,39.22462941847206,107.3671,102.7223,-9.048091432383023,-5.574724832060228,143,130,0.7025594160986816,low_ip
806960,Luis Morales,ATH,2025,199,48.666666666666664,9,46.666666666666664,5.407407407407407,4.4508,4.5351,0.1256,0.7839,0.095,39.46406820950061,97.7852,105.3115,-8.540085556049592,-5.677839312379287,136,131,0.6893028425170844,low_ip
683004,Jack Leiter,TEX,2025,646,151.66666666666666,29,151.66666666666666,5.229885057471264,4.433,4.5289,0.1254,0.7781,0.106,37.2147001934236,103.6153,98.5271,-6.999863380417772,-5.811460928286934,121,132,0.8638666556353157,high_ip
694738,Landen Roupp,SFG,2025,476,106.66666666666667,22,106.66666666666667,4.848484848484849,4.3583,4.1047,0.1197,0.7733,0.0983,37.06104808211778,97.2547,102.2773,-7.133576547257304,-5.885109789042015,123,133,0.8243151506940342,high_ip
665152,Dean Kremer,BAL,2025,708,171.66666666666666,29,163.33333333333334,5.919540229885057,4.2514,4.242,0.137,0.7875,0.1045,34.542815674891145,96.0582,96.032,-7.115479528011103,-6.029343605989438,122,134,0.8724335788321814,high_ip
656849,David Peterson,NYM,2025,723,168.66666666666666,30,168.66666666666666,5.622222222222222,4.093,3.7249,0.1176,0.7772,0.1034,35.75398295665061,90.9025,96.8606,-6.968030738051073,-6.135311082394546,120,135,0.8739666582379997,high_ip
694297,Brandon Pfaadt,ARI,2025,767,176.66666666666666,33,176.66666666666666,5.353535353535353,4.1221,4.0135,0.1434,0.8078,0.0941,34.92986657543619,96.7389,101.6755,-7.352005889604984,-6.222743872163465,125,136,0.880045530097206,high_ip
645261,Sandy Alcantara,MIA,2025,745,174.66666666666666,31,174.66666666666666,5.634408602150537,4.3787,4.1875,0.1141,0.811,0.093,34.08226754234359,104.2617,105.8594,-7.73122439684776,-6.330626806448756,128,137,0.878086751521117,high_ip
702674,Caden Dana,LAA,2025,141,32.333333333333336,5,26.333333333333332,6.466666666666667,4.5845,4.478,0.1064,0.7468,0.1066,40.852575488454704,90.4682,85.457,-9.19748103073515,-6.432108478055483,147,138,0.6157440025750953,low_ip
656288,Griffin Canning,NYM,2025,328,76.33333333333333,16,76.33333333333333,4.770833333333333,4.4495,4.0904,0.1067,0.7561,0.1109,37.230081906180196,90.2539,92.1231,-7.847998826116418,-6.450694286351346,131,139,0.7713470547451308,low_ip
673540,Kodai Senga,NYM,2025,482,113.33333333333333,22,113.33333333333333,5.151515151515151,4.5188,4.3521,0.112,0.7425,0.1164,39.83228511530398,92.9984,93.0551,-7.591358306075856,-6.557980801605353,127,140,0.8284791560357585,high_ip
663855,Jordan Hicks,- - -,2025,314,67.33333333333333,9,45.333333333333336,7.481481481481481,4.4072,4.3852,0.0828,0.7908,0.0908,37.833333333333336,104.9881,103.0734,-9.512524077346963,-6.564735294086046,150,141,0.7474623494435025,low_ip
682243,Bryce Miller,SEA,2025,392,90.33333333333333,18,90.33333333333333,5.018518518518518,4.6815,4.6029,0.102,0.7921,0.1055,35.40453074433657,102.2903,98.8401,-9.065914862017326,-6.5917951119788185,144,142,0.79761976100786,blended_ip
547179,Michael Lorenzen,KCR,2025,606,141.66666666666666,26,140.66666666666666,5.448717948717948,4.1648,4.2323,0.1452,0.7834,0.1035,36.324417601380496,91.813,94.576,-7.785306497978011,-6.643013790035276,130,143,0.8551271502173041,high_ip
686730,Carson Spiers,CIN,2025,60,13.333333333333334,2,9.333333333333334,6.666666666666667,5.2088,5.5977,0.0667,0.783,0.0935,41.86991869918699,93.6694,88.0201,-16.365253658175472,-6.806413236956743,200,144,0.4452365967826306,low_ip
647336,Michael Soroka,- - -,2025,379,89.66666666666667,17,83.33333333333333,5.2745098039215685,3.7799,4.2077,0.1741,0.7937,0.0936,36.64921465968586,95.4856,90.7445,-8.776659566917527,-6.925184062064081,141,145,0.7910592524783341,blended_ip
592791,Jameson Taillon,CHC,2025,519,129.66666666666666,23,129.66666666666666,5.637681159420289,4.4,4.3409,0.1368,0.8074,0.0925,32.5922182920667,96.3606,101.0146,-8.765291703214821,-6.983655696089284,140,146,0.8390541401855139,high_ip
641816,Tyler Mahle,TEX,2025,346,86.66666666666667,16,86.66666666666667,5.416666666666667,4.6223,4.4304,0.1069,0.7875,0.1057,34.757422157856624,92.5115,103.2976,-9.379228800423217,-7.005782161084009,149,147,0.7819456851360402,blended_ip
690928,Hunter Dobbins,BOS,2025,256,61,11,53,5.545454545454546,4.3222,4.1106,0.1094,0.7986,0.0933,35.407725321888414,96.5488,103.4394,-10.515551349433565,-7.216978372921016,158,148,0.7221562413741383,low_ip
669920,Jason Alexander,- - -,2025,336,77.33333333333333,13,68.33333333333333,5.948717948717948,4.3477,4.1939,0.1161,0.7705,0.1006,38.09904153354633,92.957,94.7179,-9.129684170200015,-7.233528901029771,145,149,0.7672232893308183,low_ip
663903,Brady Singer,CIN,2025,716,169.66666666666666,32,169.66666666666666,5.302083333333333,4.17,4.2487,0.1439,0.7828,0.0958,37.68421052631579,95.0435,95.9238,-8.2912361803858,-7.288725051857211,135,150,0.8749395695608453,high_ip
677944,Slade Cecconi,CLE,2025,545,132,23,132,5.739130434782608,4.191,4.0895,0.1413,0.7944,0.0954,35.738498789346245,93.1265,95.216,-8.742582247574836,-7.305752774872611,139,151,0.8437685182158584,high_ip
672782,Yoendrys Gomez,- - -,2025,277,62.666666666666664,9,45,6.962962962962963,4.5045,4.8101,0.1119,0.7791,0.1033,36.95652173913043,97.1137,88.1651,-10.356253382290417,-7.344927561005568,155,152,0.7327174746534836,low_ip
686930,Mason Barnett,ATH,2025,104,22.333333333333332,5,22.333333333333332,4.466666666666667,5.1768,5.3442,0.0673,0.7919,0.0951,38.74709976798144,96.5793,97.7353,-14.466375541355006,-7.396170883036451,189,153,0.5640567928941765,low_ip
687075,Brandon Sproat,NYM,2025,84,20.666666666666668,4,20.666666666666668,5.166666666666667,4.1704,3.8408,0.119,0.8551,0.0687,34.02061855670103,106.6177,89.8713,-17.57303596457299,-7.529399803855315,208,154,0.5079105385379582,low_ip
605488,Jeffrey Springs,ATH,2025,713,171,30,158.33333333333334,5.7,4.5981,4.6399,0.1178,0.7613,0.1099,37.06563706563706,94.4835,94.9222,-8.652015693061616,-7.560618319824192,138,155,0.8725617915334202,high_ip
477132,Clayton Kershaw,LAD,2025,463,112.66666666666667,22,111.66666666666667,5.121212121212121,4.4643,4.1755,0.1058,0.7728,0.1027,37.07674943566591,95.5975,94.0302,-9.205514173591821,-7.575478593052517,148,156,0.8230649406195261,high_ip
671737,Taj Bradley,- - -,2025,605,142.66666666666666,27,142.66666666666666,5.28395061728395,4.4522,4.3671,0.1174,0.7903,0.1006,37.30124623979373,101.6522,95.2218,-9.15879079532335,-7.585864502108359,146,157,0.8556310459344529,high_ip
668678,Zac Gallen,ARI,2025,813,192,33,192,5.818181818181818,4.2394,4.1163,0.1341,0.7877,0.0947,37.00159489633174,92.6693,99.4053,-8.625091748531512,-7.6470718149729215,137,158,0.8866691249347903,high_ip
680684,Gunnar Hoglund,ATH,2025,139,32.333333333333336,6,32.333333333333336,5.388888888888889,4.869,4.7834,0.0863,0.7952,0.0931,36.67883211678832,94.946,101.4101,-13.236765958348776,-7.749017546958366,180,159,0.6192039077865279,low_ip
689017,Landon Knack,LAD,2025,185,42.333333333333336,7,31.666666666666668,6.047619047619048,4.4056,4.6057,0.1243,0.7977,0.0918,38.809831824062094,95.3005,96.3877,-12.081438680402494,-7.780684521575832,168,160,0.6668349049731298,low_ip
641778,Eric Lauer,TOR,2025,426,104.66666666666667,15,74,6.977777777777778,3.8768,4.1539,0.1784,0.8044,0.0949,33.68920521945433,94.1144,91.324700000000007,-10.105216587312425,-7.900265802734278,154,161,0.8003751989407505,low_ip
676083,Janson Junk,MIA,2025,447,110,16,87.33333333333333,6.875,4.146,4.0629,0.1432,0.8349,0.0863,31.50431565967941,96.1411,106.4135,-10.801819600731672,-8.024075247550197,160,162,0.8071281221281469,blended_ip
607536,Kyle Freeland,COL,2025,709,162.66666666666666,31,162.66666666666666,5.247311827956989,4.4111,4.2892,0.1213,0.809,0.0979,31.950040290088637,93.8158,95.3464,-9.961365893621316,-8.332905408059817,151,163,0.8698072795152095,high_ip
664299,Cristian Javier,HOU,2025,157,37,8,37,4.625,4.6847,4.9697,0.121,0.7957,0.0922,38.18770226537217,94.9962,92.3806,-13.416575358027487,-8.343634188769755,183,164,0.6427879008392081,low_ip
680732,Sean Burke,CHW,2025,596,134.33333333333334,22,104,6.106060606060606,4.4727,4.7044,0.1174,0.7742,0.105,37.81512605042017,92.3788,96.3452,-9.968793196656215,-8.36427619163885,152,165,0.8434351922859665,high_ip
621121,Lance McCullers Jr.,HOU,2025,274,55.333333333333336,13,51.333333333333336,4.256410256410256,4.9385,5.1239,0.0803,0.7593,0.0959,41.325196163905844,96.7595,92.1592,-11.342952679644641,-8.603080363196236,165,166,0.7377576812392135,low_ip
622379,Luis F. Castillo,SEA,2025,41,7,2,7,3.5,6.7471,6.6888,-0.0488,0.8108,0.0828,43.19526627218935,94.3159,85.0546,-27.9614094284906,-8.63805112157823,241,167,0.3747907650140215,low_ip
693821,Bryce Elder,ATL,2025,679,156.33333333333334,28,156.33333333333334,5.583333333333334,4.2877,4.0422,0.1178,0.7969,0.0934,37.25646123260438,91.9743,99.2565,-10.073157028651108,-8.673829977616993,153,168,0.8667177654908993,high_ip
622503,Nabil Crismatt,ARI,2025,153,34,5,26,6.8,4.4553,4.3154,0.1046,0.7738,0.1067,32.58426966292135,78.8428,92.2755,-12.910914668867886,-8.70327999598614,176,169,0.6179731684318399,low_ip
682989,Victor Mederos,LAA,2025,81,17,3,13,5.666666666666667,5.7569,6.4024,0.0247,0.791,0.0892,41.71974522292994,97.7808,86.2138,-19.962834426866618,-8.792901000783719,219,170,0.49929238300420375,low_ip
687064,Brandon Young,BAL,2025,256,57.666666666666664,12,57.666666666666664,4.805555555555555,4.6712,4.5211,0.0977,0.8013,0.0956,35.06907545164719,94.5487,98.6841,-12.929820286189921,-8.895174885138461,177,171,0.7252182641626248,low_ip
605280,Clay Holmes,NYM,2025,708,165.66666666666666,31,161,5.344086021505376,4.4327,4.2461,0.089,0.7955,0.0911,37.23788864786696,99.8911,101.9391,-10.45958645510548,-8.92541905325386,157,172,0.8720647762905473,high_ip
608379,Michael Wacha,KCR,2025,716,172.66666666666666,31,172.66666666666666,5.569892473118279,4.6064,4.5628,0.1131,0.8051,0.0975,34.508627156789196,96.4356,99.2116,-10.765489469185827,-9.072765013314443,159,173,0.8739078299665525,high_ip
687931,Carson Whisenhunt,SFG,2025,102,23.333333333333332,5,23.333333333333332,4.666666666666666,5.4584,5.4799,0.0392,0.7663,0.1054,39.21568627450981,91.337,76.5828,-16.68540373219366,-9.100294486408112,202,174,0.5590725500997379,low_ip
680573,Simeon Woods Richardson,MIN,2025,471,111.33333333333333,22,107,5.0606060606060606,4.4745,4.7075,0.1295,0.7822,0.1042,36.89526847421584,91.317,89.3933,-11.10303552622978,-9.111504702573265,161,175,0.8243371196563489,high_ip
800049,Adam Mazur,MIA,2025,139,30,6,30,5,5.2752,5.2241,0.0504,0.8117,0.092,33.94683026584867,98.724,95.8271,-16.946466554716153,-9.12149522679246,204,176,0.6075704886825041,low_ip
676664,JP Sears,- - -,2025,583,135.66666666666666,27,135.66666666666666,5.024691358024691,4.5013,4.7596,0.1389,0.8143,0.0875,36.13693998309383,98.035,101.5003,-11.226375763466974,-9.204761162575375,163,177,0.8523223893457031,high_ip
656557,Tanner Houck,BOS,2025,203,43.666666666666664,9,43.666666666666664,4.851851851851851,4.7785,4.7344,0.0739,0.7988,0.0895,37.38317757009346,95.6519,99.6588,-14.353923269616107,-9.39287592643275,187,178,0.6831375073800775,low_ip
607067,Colin Rea,CHC,2025,662,159.33333333333334,27,143.33333333333334,5.901234567901235,4.3563,4.3112,0.1254,0.8073,0.0911,35.05520504731861,93.0519,95.7482,-11.1678769008466,-9.44904892565726,162,179,0.8627493742537874,high_ip
669461,Matthew Liberatore,STL,2025,648,151.66666666666666,29,151.66666666666666,5.229885057471264,4.403,4.3078,0.1265,0.8145,0.0887,34.97907949790795,95.2835,96.7401,-11.355521908369923,-9.511044409943546,166,180,0.8620183874050337,high_ip
670102,Bowden Francis,TOR,2025,288,64,14,64,4.571428571428571,4.8826,5.2108,0.0938,0.7876,0.0989,37.44531933508311,93.8585,93.9993,-13.244834248583793,-9.635158214309412,181,181,0.7483109830379494,low_ip
656605,Mitch Keller,PIT,2025,749,176.33333333333334,32,176.33333333333334,5.510416666666667,4.2456,4.1678,0.1322,0.8177,0.0881,34.62208289794496,94.0115,93.8729,-11.248669084415184,-9.643593039405376,164,182,0.8784551170118194,high_ip
641482,Nestor Cortes,- - -,2025,157,34.333333333333336,8,34.333333333333336,4.291666666666667,5.424,5.7481,0.0573,0.7882,0.0902,38.898163606010016,97.5348,94.8999,-16.150025048853106,-9.771644080688622,199,183,0.6380538050078015,low_ip
674841,Andrew Alvarez,WSN,2025,98,23.333333333333332,5,23.333333333333332,4.666666666666666,4.3873,4.1566,0.102,0.8062,0.0742,43.54066985645933,88.6579,100.9693,-16.604981675687736,-9.772629489787388,201,184,0.5582318278937214,low_ip
669145,Bruce Zimmermann,MIL,2025,28,6,1,6,6,5.9837,6.1144,-0.0357,0.9024,0.044,35.16483516483517,90.4213,89.1993,-39.31991669650945,-9.801443345412714,246,185,0.2806319735796768,low_ip
686701,Ryan Bergert,- - -,2025,323,76.33333333333333,15,71.4,5.088888888888889,4.6195,4.6773,0.1176,0.7987,0.0938,37.271341463414636,91.9637,97.2908,-13.195586830457147,-9.88602550403417,179,186,0.7672683910012518,low_ip
695418,Brad Lord,WSN,2025,546,130.66666666666666,19,92,6.8771929824561395,4.159,3.9541,0.119,0.8147,0.0921,35.36871770784406,90.9087,91.9725,-12.42130524237393,-10.177702411844075,172,187,0.8308294898603175,blended_ip
607259,Nick Martinez,CIN,2025,683,165.66666666666666,26,145,6.371794871794871,4.5904,4.5397,0.1083,0.8194,0.0846,35.2211016291699,98.2543,102.358,-12.411479684141254,-10.356375208216178,171,188,0.8651399595348178,high_ip
542881,Tyler Anderson,LAA,2025,599,136.33333333333334,26,136.33333333333334,5.243589743589744,5.2302,5.4063,0.0785,0.7699,0.1124,36.15384615384615,100.3571,94.1021,-12.573312346601849,-10.376414879096458,173,189,0.8536642476151255,high_ip
608337,Lucas Giolito,BOS,2025,613,145,26,145,5.576923076923077,4.654,4.5913,0.106,0.7887,0.0991,36.42495784148398,92.1427,93.403,-12.278323396386082,-10.4198607376159,169,190,0.8574002050930394,high_ip
669467,Andre Pallante,STL,2025,715,162.66666666666666,31,162.66666666666666,5.247311827956989,4.4439,4.1623,0.0685,0.7902,0.0959,39.16238060249817,95.4088,98.4851,-12.060060164449963,-10.438740066444137,167,191,0.87249773159704,high_ip
685326,McCade Brown,COL,2025,126,25.666666666666668,7,25.666666666666668,3.666666666666667,5.4702,6.1369,0.0476,0.7773,0.0976,39.8406374501992,90.9435,83.6837,-18.111454596768386,-10.526385259731907,212,192,0.5966357432681061,low_ip
605288,Adrian Houser,- - -,2025,518,125,21,124.3,5.9523809523809526,4.4556,4.2965,0.1042,0.8278,0.0851,34.72515856236787,94.026,99.546,-13.12824505648258,-10.546200366856098,178,193,0.8359620540391973,high_ip
625643,Reynaldo Lopez,ATL,2025,25,5,1,5,5,6.3555,5.7852,-0.04,0.95,0.0213,38.297872340425535,97.4865,92.0996,-45.029473423167204,-10.62219384941782,247,194,0.27719177502235615,low_ip
593958,Eduardo Rodriguez,ARI,2025,694,154.33333333333334,29,154.33333333333334,5.32183908045977,4.4808,4.4357,0.1196,0.7969,0.0949,37.3070987654321,90.798,93.2812,-12.319531583469804,-10.634216495776732,170,195,0.8681521958196589,high_ip
669721,Davis Daniel,ATL,2025,46,10,2,9,5,5.5467,5.8936,0.0435,0.8333,0.0765,39.89071038251366,81.3816,85.7523,-27.94228494548845,-10.64152287446344,240,196,0.39553667812840043,low_ip
663978,Chris Paddack,- - -,2025,670,158,28,145.33333333333334,5.642857142857143,4.6364,4.6919,0.1119,0.819,0.0928,34.95713172252533,90.956,102.9074,-12.791319253057766,-10.67448337742923,175,197,0.8641291484363866,high_ip
621107,Zach Eflin,BAL,2025,309,71.33333333333333,14,71.33333333333333,5.095238095238095,4.4947,4.3741,0.1197,0.8182,0.0905,34.25022182786158,91.7319,97.3667,-14.800113211422664,-10.675426470989711,193,198,0.7565402612285692,low_ip
676467,Colton Gordon,HOU,2025,379,86,14,70,6.142857142857143,4.3196,4.4342,0.1398,0.8356,0.0826,32.89745354439091,97.1415,100.6037,-14.71774178560903,-10.718922504741979,190,199,0.7840047571266273,low_ip
687362,Connor Gillispie,MIA,2025,123,26,6,26,4.333333333333333,4.794,5.0631,0.0976,0.8084,0.0869,36.652542372881356,88.969,86.6652,-18.561001760942556,-10.770039496422083,216,200,0.5899938800325938,low_ip
641793,Zack Littell,- - -,2025,759,186.66666666666666,32,186.66666666666666,5.833333333333333,4.3973,4.3513,0.1291,0.8193,0.0929,33.022588741484405,87.7588,92.1548,-12.594019888579929,-10.832524220565938,174,201,0.8800841870330453,high_ip
502043,Kyle Gibson,BAL,2025,73,12.333333333333334,4,12.333333333333334,3.0833333333333335,5.3185,5.7163,0.0411,0.8095,0.0857,41.42857142857143,81.6834,91.1226,-23.28578516677526,-10.985755940601987,230,202,0.47886375472977333,low_ip
686563,Jonathan Cannon,CHW,2025,466,103.66666666666667,17,82.33333333333333,6.098039215686275,4.637,4.9206,0.103,0.8081,0.0919,37.43732590529248,95.4022,97.146,-14.141743448177415,-11.023974178839094,185,203,0.8119854670988443,blended_ip
691951,Sam Aldegheri,LAA,2025,73,13.666666666666666,2,9.333333333333334,6.833333333333333,5.553,6.7084,0.0274,0.8125,0.0789,42.76315789473684,91.2347,81.4952,-25.341964930210512,-11.175572081097352,236,204,0.48031681423569733,low_ip
669160,Dustin May,- - -,2025,584,132.33333333333334,23,124.66666666666667,5.753623188405798,4.4673,4.5304,0.1147,0.8195,0.0811,36.26728110599078,98.2594,94.9406,-13.663297973630431,-11.279141843240586,184,205,0.8469400650533951,high_ip
663362,Matt Waldron,SDP,2025,25,4.666666666666667,1,4.666666666666667,4.666666666666667,7.8269,7.0281,-0.12,0.875,0.0481,45.19230769230769,86.3058,74.3921,-46.3938033403173,-11.497870839455553,248,206,0.2882245620948966,low_ip
621244,Jose Berrios,TOR,2025,698,166,30,164,5.533333333333333,4.4641,4.4314,0.1175,0.7995,0.0921,36.57120743034056,87.6151,91.9802,-13.334766188264643,-11.586365795346866,182,207,0.8703026136120839,high_ip
801403,Chase Dollander,COL,2025,441,98,21,98,4.666666666666667,4.9906,4.9703,0.0748,0.7909,0.0979,38.863892013498315,97.4082,95.1345,-14.756437887624555,-11.689660029984463,191,208,0.8146111766683133,blended_ip
448179,Rich Hill,KCR,2025,43,9,2,9,4.5,7.3155,6.7973,-0.093,0.8209,0.0702,41.52046783625731,90.0871,81.9199,-34.631210464672584,-11.745128529121668,244,209,0.38403559488256317,low_ip
663568,Stephen Kolek,- - -,2025,461,112.66666666666667,19,112.66666666666667,5.9298245614035094,4.3851,4.1622,0.0998,0.8403,0.0746,35.82001184132623,94.5505,99.3003,-14.88364688513655,-11.796866949280425,194,210,0.8215042927929253,high_ip
663436,Davis Martin,CHW,2025,601,142.66666666666666,25,136.66666666666666,5.706666666666666,4.6843,4.5742,0.0932,0.8074,0.0948,36.65080051925573,92.8477,92.4731,-14.387134784634846,-12.01880126029489,188,211,0.8535918017731551,high_ip
678394,Brayan Bello,BOS,2025,700,166.66666666666666,28,161.66666666666666,5.952380952380952,4.5502,4.3862,0.0929,0.8117,0.086,37.916975537435135,93.3395,97.5109,-14.265695228514762,-12.251726582531598,186,212,0.8710443219855082,high_ip
650644,Aaron Civale,- - -,2025,435,102,18,89,5.666666666666667,4.4481,4.7325,0.1264,0.8111,0.0859,37.034917000572406,91.5409,89.2711,-15.39927586823618,-12.297087477980932,196,213,0.808613081465388,blended_ip
622663,Luis Severino,ATH,2025,705,162.66666666666666,29,162.66666666666666,5.60919540229885,4.6075,4.6286,0.105,0.8464,0.0725,36.6898571951666,104.0655,103.5749,-14.761769973587175,-12.2981483826973,192,214,0.8718806053050359,high_ip
471911,Carlos Carrasco,- - -,2025,212,45.666666666666664,9,40.666666666666664,5.0740740740740735,4.9617000000000004,4.9911,0.0802,0.7825,0.0988,39.40949935815148,80.345,88.3793,-17.296624136132046,-12.317449453724885,207,215,0.687091647844062,low_ip
592866,Trevor Williams,WSN,2025,373,82.66666666666667,17,82.66666666666667,4.862745098039216,4.592,4.5606,0.118,0.8217,0.0829,36.32596685082873,90.4986,94.4492,-16.939635987892114,-12.992747348594905,203,216,0.7873858693005921,blended_ip
685299,Tanner Gordon,COL,2025,337,75.33333333333333,15,75.33333333333333,5.022222222222222,4.3663,4.3321,0.1335,0.8353,0.0876,32.44979919678715,88.5123,90.7142,-17.679959701515443,-13.00196925848239,209,217,0.7698738419064182,low_ip
661563,Luis Gil,NYY,2025,244,57,11,57,5.181818181818182,5.7407,5.6499,0.0328,0.8014,0.0866,38.76288659793815,97.5492,95.5115,-18.967410176960946,-13.016869461448538,217,218,0.722457997400613,low_ip
543294,Kyle Hendricks,LAA,2025,695,164.66666666666666,31,164.66666666666666,5.311827956989247,4.7295,4.7316,0.1022,0.832,0.0804,33.33333333333333,97.6537,92.6776,-15.753555701286748,-13.256312463311456,198,219,0.8701183664116054,high_ip
607625,Seth Lugo,KCR,2025,611,145.33333333333334,26,145.33333333333334,5.58974358974359,4.5322,4.5306,0.1146,0.8155,0.0803,37.26890756302521,92.6483,90.0536,-15.657371444412385,-13.306449863639191,197,220,0.8573938715871704,high_ip
808963,Roki Sasaki,LAD,2025,161,36.333333333333336,8,34.333333333333336,4.541666666666667,5.5226,5.5251,0.0373,0.7978,0.0865,41.02564102564102,90.8391,84.3006,-21.293137103879783,-13.384655491815334,227,221,0.6431651982273414,low_ip
489119,Wade Miley,CIN,2025,55,12,2,10,6,5.6993,5.6456,0.0182,0.8916,0.0439,40,94.8632,84.9119,-35.34020655819285,-13.420005650772177,245,222,0.42121052157510036,low_ip
700241,Michael McGreevy,STL,2025,400,95.66666666666667,16,90,5.979166666666667,4.5687,4.3199,0.095,0.8293,0.0778,37.92633015006821,88.0447,101.8161,-17.198629971050345,-13.439893936425097,206,223,0.7968108976222429,blended_ip
676106,Emerson Hancock,SEA,2025,385,90,16,81.33333333333333,5.625,4.7604,4.6088,0.0857,0.8183,0.0892,35.20730850316233,90.0385,87.8503,-18.432230182216493,-14.127084058152466,215,224,0.7885324428796445,blended_ip
665871,Javier Assad,CHC,2025,153,37,7,34.666666666666664,5.285714285714286,4.8261,4.6893,0.0719,0.8533,0.067,36.68430335097001,93.2451,92.2022,-23.972226398543892,-14.206055606825693,233,225,0.6320693803093624,low_ip
608372,Tomoyuki Sugano,BAL,2025,675,157,30,157,5.233333333333333,4.689,4.6976,0.1037,0.8303,0.0794,36.915887850467286,87.7575,98.6068,-17.028793316646674,-14.525618823895496,205,226,0.8670800510014396,high_ip
573186,Marcus Stroman,NYY,2025,175,39,9,39,4.333333333333333,5.1218,5.0049,0.0571,0.8242,0.0823,38.297872340425535,86.0917,89.5302,-22.696678090592297,-14.599978918455072,228,227,0.6628768078774495,low_ip
615698,Cal Quantrill,- - -,2025,513,117.66666666666667,26,117.66666666666667,4.5256410256410255,4.8434,4.8852,0.0975,0.8144,0.0862,37.387836490528414,88.3681,89.0326,-18.04525829008439,-14.900019708982432,211,228,0.8351502883769693,high_ip
571760,Andrew Heaney,- - -,2025,536,122.33333333333333,23,117,5.318840579710145,4.8995,4.9346,0.0858,0.8232,0.0835,36.21103117505996,90.1881,92.9055,-18.305952529133346,-15.020984038639682,214,229,0.8385967101404671,high_ip
680730,Mitchell Parker,WSN,2025,725,164.66666666666666,30,158.33333333333334,5.488888888888889,5.2011,5.0829,0.0621,0.8157,0.0938,34.13372737347618,92.1725,94.1147,-17.78751790976827,-15.084370231837099,210,230,0.8721898234353522,high_ip
527048,Martin Perez,CHW,2025,228,56,10,52.666666666666664,5.6,4.7801,4.9143,0.0965,0.8189,0.0763,39.048672566371685,85.6678,89.6189,-21.236829896548016,-15.100587922968913,226,231,0.710359096917769,low_ip
688138,Logan Evans,SEA,2025,350,81.33333333333333,15,78.33333333333333,5.422222222222222,4.9265,4.8709,0.08,0.8253,0.0784,37.38805970149254,91.3779,91.7829,-20.54187830177255,-15.520573843733366,222,232,0.7772471793691402,low_ip
671106,Logan Allen,CLE,2025,676,156.66666666666666,29,155.66666666666666,5.402298850574712,4.7861,4.7201,0.0888,0.8191,0.0797,38.39055001845699,91.5388,91.9537,-18.125038332825753,-15.575287394880142,213,233,0.8681803156438354,high_ip
663623,Jake Irvin,WSN,2025,787,180,33,180,5.454545454545454,4.9229,4.8179,0.0788,0.8353,0.0767,35.49372242958941,92.5929,94.113,-19.044596907400074,-16.45463904628085,218,234,0.8819879755742789,high_ip
687223,Carson Palmquist,COL,2025,175,34.333333333333336,7,30.666666666666668,4.904761904761905,6.0025,6.5685,0.0114,0.8262,0.0752,40.85106382978723,93.1986,84.5653,-27.30012855763795,-16.743255469647426,239,235,0.6550377639113077,low_ip
571945,Miles Mikolas,STL,2025,669,156.33333333333334,31,156.33333333333334,5.043010752688172,4.8323,4.8325,0.0942,0.8537,0.0701,33.95086588803866,89.0777,93.6827,-20.191277233066522,-17.041377490772426,220,236,0.865638945688397,high_ip
663559,Bailey Falter,- - -,2025,518,125.33333333333333,24,121.33333333333333,5.222222222222222,5.1778,5.0342,0.0676,0.8394,0.0748,36.16803278688525,93.366,94.5757,-20.994585341908618,-17.043236915110377,224,237,0.8360403538709203,high_ip
592836,Taijuan Walker,PHI,2025,538,123.66666666666667,21,103.66666666666667,5.888888888888889,4.7926,4.7302,0.0818,0.8359,0.0737,37.53637245392822,86.2752,91.5447,-20.689545341683473,-17.06445916417978,223,238,0.8336059250014529,high_ip
621111,Walker Buehler,- - -,2025,565,126,24,120,5.25,5.1868,5.0899,0.0549,0.8244,0.078,38.38429940666362,96.0877,91.7378,-21.039725573875895,-17.368937502938255,225,239,0.8439587960542723,high_ip
594902,Ben Lively,CLE,2025,178,44.666666666666664,9,44.666666666666664,4.962962962962963,5.2992,5.2603,0.0787,0.8698,0.0611,36.11111111111111,90.4925,89.3411,-28.38801438825958,-17.85957796492612,243,240,0.6700581861953097,low_ip
596295,Austin Gomber,COL,2025,272,57.666666666666664,12,57.666666666666664,4.805555555555555,5.4362,5.6728,0.0625,0.8531,0.0721,33.933933933933936,90.2051,88.7215,-26.66167541681206,-18.558132371217187,238,241,0.7336179781501009,low_ip
686799,Jack Kochanowicz,LAA,2025,512,111,23,111,4.826086956521739,5.352,5.178,0.0273,0.8152,0.0875,38.50698174006445,92.5289,85.5545,-22.808839835671705,-18.572402370813528,229,242,0.8303876491318228,high_ip
500779,Jose Quintana,MIL,2025,556,131.66666666666666,24,131.66666666666666,5.486111111111111,5.0375,4.9216,0.0701,0.8389,0.0689,38.95268718419844,85.7898,91.376,-23.327467308042415,-19.55380513510445,231,243,0.8463390042408356,high_ip
687134,Bradley Blalock,COL,2025,275,58.666666666666664,12,55.666666666666664,4.888888888888888,5.7637,5.6729,0.0145,0.8504,0.0707,38.33494675701839,91.1765,91.7677,-28.132407647973213,-19.599335714987447,242,244,0.7352610321731101,low_ip
608566,German Marquez,COL,2025,591,126.33333333333333,26,126.33333333333333,4.858974358974359,5.2638,5.349,0.0592,0.8253,0.0834,37.47005270723527,85.5758,85.1872,-23.578306764352927,-19.70556464107333,232,245,0.8469435092828836,high_ip
622608,Antonio Senzatela,COL,2025,618,130,23,108,5.6521739130434785,5.2224,5.1907,0.0421,0.8368,0.0757,38.582677165354326,85.3294,93.0184,-24.30862386955241,-20.25901071784198,234,246,0.8458352927263192,high_ip
681190,Randy Vasquez,SDP,2025,570,133.66666666666666,26,129,5.1410256410256405,5.4277,5.5068,0.0456,0.8545,0.067,36.62168450442066,93.6618,95.1422,-25.099356879926802,-20.629317376887283,235,247,0.8465973778840511,high_ip
607200,Erick Fedde,- - -,2025,623,141,24,120.66666666666667,5.875,5.597,5.4263,0.0257,0.8344,0.0734,39.16526138279933,88.5095,94.9256,-25.878277118672603,-21.650416977384243,237,248,0.8516330062498737,high_ip
