player_id,player_name,team,season,age,ip,gs,tbf,pitches,start_ip,ip_per_gs,k_minus_bb_pct,whiff_pct,stuff_plus_raw,pitching_plus_raw,ball_pct,high_gb_flag,gb_pct,arsenal_breadth,era,whip,k_pct,bb_pct,siera,xfip,sp_skillz_score,sp_skillz_score_stabilized,sp_skillz_rank,sp_skillz_rank_stabilized,sp_skillz_reliability,sp_skillz_starter_pool,k_minus_bb_pct_z,whiff_pct_z,stuff_plus_z,pitching_plus_z,ball_pct_z,high_gb_flag_z,arsenal_breadth_z,k_minus_bb_pct_rel,whiff_pct_rel,stuff_plus_rel,pitching_plus_rel,ball_pct_rel,high_gb_flag_rel,arsenal_breadth_rel
594798,Jacob deGrom,NYM,2021,33,92,15,324,1226,92,6.133333333333334,0.4167,41.72767203513909,122.9236,134.5029,30.179445350734095,0,0.4398,2,1.0761,0.5543,0.4506,0.034,1.7433,1.6148,2.944558001132462,2.3523558428295637,1,1,0.835404116670245,TRUE,4.712348901675092,3.2146860088940494,2.2923599999999995,3.450290000000001,-2.128834701438246,-0.23656382080646657,-1.8342177422302053,0.7297297297297297,0.9245852187028658,0.9245852187028658,0.8034076015727392,0.8909883720930233,0.6835443037974683,0.8909883720930233
669203,Corbin Burnes,MIL,2021,26,167,28,657,2594,167,5.964285714285714,0.3044,37.405731523378584,131.969,128.1288,33.61603700848111,0,0.4881,2,2.4251,0.9401,0.3562,0.0518,2.6107,2.3012,2.0367339213567903,1.8324176607703921,3,2,0.9103507133270391,TRUE,2.5549450518974948,2.2381585999447666,3.1968999999999994,2.812880000000001,-0.7040639551271785,-0.23656382080646657,-1.8342177422302053,0.8455598455598455,0.9628804751299184,0.9628804751299184,0.8963372494816862,0.9453352769679301,0.8141263940520446,0.9453352769679301
543037,Gerrit Cole,NYY,2021,30,181.33333333333334,30,726,2969,181.33333333333334,6.044444444444445,0.2782,31.085714285714285,118.3818,123.4952,33.47928595486696,0,0.4305,4,3.2261,1.0588,0.3347,0.0565,2.9336,2.9332,1.53959164322333,1.3908236835073509,5,3,0.9191142123042455,TRUE,2.0516148572031665,0.810172712397892,1.83818,2.3495199999999996,-0.7607593440825217,-0.23656382080646657,0.7094615795418722,0.8581560283687943,0.9674160964483545,0.9674160964483545,0.9082288161517283,0.9519076627124078,0.8287671232876712,0.9519076627124078
607192,Tyler Glasnow,TBR,2021,27,88,14,340,1339,88,6.285714285714286,0.2824,36.986301369863014,116.0139,117.3252,34.42867811799851,0,0.4526,3,2.6591,0.9318,0.3618,0.0794,2.9157,2.6985,1.5970710936565002,1.32025910204295,4,4,0.844215234217104,TRUE,2.1323013769633254,2.1433898172803056,1.6013900000000008,1.7325199999999996,-0.36715244645837775,-0.23656382080646657,-0.5623780813441666,0.7391304347826086,0.9305072967338429,0.9305072967338429,0.8169615619280048,0.8992612491605104,0.6938775510204082,0.8992612491605104
669160,Dustin May,LAD,2021,23,23,5,93,368,23,4.6,0.3118,31.57894736842105,132.9262,128.7617,33.69565217391305,1,0.56,4,2.7391,0.9565,0.3763,0.0645,2.4403,1.8067,2.3108133073332353,1.2737363110634508,2,5,0.6233904235406261,TRUE,2.6971070152844425,0.9216170099195872,3.2926199999999994,2.8761699999999992,-0.6710564378056391,4.199007819314781,0.7094615795418722,0.43661971830985913,0.7863247863247863,0.7863247863247863,0.5508982035928144,0.7104247104247104,0.38271604938271603,0.7104247104247104
453286,Max Scherzer,2 Tms,2021,36,179.33333333333334,30,693,2821,179.33333333333334,5.977777777777778,0.2886,36.55778894472362,110.9919,109.6762,33.6760014179369,0,0.335,3,2.4591,0.8643,0.3405,0.0519,2.9017,3.2359,1.4062870187109955,1.266413069835111,6,6,0.9155562484225016,TRUE,2.2514100489902282,2.0465689269683534,1.0991900000000001,0.9676199999999995,-0.6792034116233148,-0.23656382080646657,-0.5623780813441666,0.8523985239852399,0.9657651489216021,0.9657651489216021,0.9038769625120153,0.9495119488387749,0.8220640569395018,0.9495119488387749
607074,Carlos Rodón,CHW,2021,28,132.66666666666666,24,534,2219,132.66666666666666,5.527777777777778,0.279,34.63035019455253,111.6597,111.6522,34.114465975664714,0,0.3767,3,2.3744,0.9573,0.3464,0.0674,2.9575,3.1715,1.3029577267655241,1.1387957864493745,7,7,0.8950344078489902,TRUE,2.0669837181098636,1.6110708530149194,1.1659700000000002,1.1652199999999993,-0.49742112924579185,-0.23656382080646657,-0.5623780813441666,0.8165137614678899,0.956877964639931,0.956877964639931,0.8809051210797936,0.9366821443647109,0.7807017543859649,0.9366821443647109
477132,Clayton Kershaw,LAD,2021,33,121.66666666666667,22,488,1806,121.66666666666667,5.53030303030303,0.252,34.130982367758186,115.7684,113.3171,33.1672203765227,0,0.4854,3,3.5507,1.0192,0.2951,0.043,3.0955,2.8739,1.1852354025018237,1.0308997165764917,9,8,0.8809665273094813,TRUE,1.548284662508838,1.4982404314287894,1.57684,1.3317099999999997,-0.8901380865214867,-0.23656382080646657,-0.5623780813441666,0.8026315789473685,0.9475341028331584,0.9475341028331584,0.8575498575498576,0.9233128834355828,0.7648902821316614,0.9233128834355828
554430,Zack Wheeler,PHI,2021,31,213.33333333333334,32,849,3205,213.33333333333334,6.666666666666667,0.2367,27.14440825190011,119.2207,120.6283,32.4804992199688,0,0.4981,4,2.7844,1.0078,0.2909,0.0542,3.1786,2.8378,1.0427475406032487,0.9520342131665036,10,9,0.9272122398632713,TRUE,1.2543551976682568,-0.08035166168909794,1.9220699999999993,2.0628299999999995,-1.17484465400828,-0.23656382080646657,0.7094615795418722,0.8761609907120743,0.9697428139183056,0.9697428139183056,0.9144079885877318,0.9552906110283159,0.8498498498498499,0.9552906110283159
642547,Freddy Peralta,MIL,2021,25,144.33333333333334,27,580,2356,142.33333333333334,5.34567901234568,0.2397,34.861111111111114,105.1929,108.0314,37.64855687606112,0,0.3301,3,2.806,0.97,0.3362,0.0966,3.405,3.6575,0.941154322858639,0.8388179219328168,12,10,0.901284893569561,TRUE,1.3119884260683707,1.6632104785651856,0.5192899999999995,0.8031400000000005,0.9677716638339665,-0.23656382080646657,-0.5623780813441666,0.8285714285714286,0.9592833876221498,0.9592833876221498,0.8870481927710844,0.9401436552274541,0.7945205479452054,0.9401436552274541
669456,Shane Bieber,CLE,2021,26,96.66666666666667,16,405,1559,96.66666666666667,6.041666666666667,0.2494,37.429378531073446,102.2953,101.63720000000001,34.76587556125722,0,0.4402,3,3.1655,1.2103,0.3309,0.0815,3.2065,2.9148,0.9521520228606174,0.8137860187082354,11,11,0.8633836305108186,TRUE,1.4983358645620728,2.2435015589907854,0.22952999999999973,0.1637200000000007,-0.2273543264801494,-0.23656382080646657,-0.5623780813441666,0.7714285714285715,0.9397227245328511,0.9397227245328511,0.8386229155459924,0.9122293739028672,0.7297297297297297,0.9122293739028672
605400,Aaron Nola,PHI,2021,28,180.66666666666666,32,749,2971,180.66666666666666,5.645833333333333,0.2457,28.43488649940263,108.7158,109.7883,32.44698754628072,0,0.4051,4,4.6328,1.1292,0.2977,0.0521,3.2625,3.3735,0.8295097783215819,0.7434987924518214,14,12,0.9202992440219125,TRUE,1.4272548828685987,0.21122740468396511,0.8715800000000001,0.9788300000000006,-1.1887382023508852,-0.23656382080646657,0.7094615795418722,0.8619102416570771,0.9674373168349072,0.9674373168349072,0.9082849281565271,0.9519384812560077,0.8331479421579533,0.9519384812560077
656302,Dylan Cease,CHW,2021,25,165.66666666666666,32,708,2957,165.66666666666666,5.177083333333333,0.2232,34.017971758664956,107.5853,106.9815,37.74095366925938,0,0.3325,3,3.9115,1.2495,0.3192,0.096,3.5665,3.7211,0.8059735006643447,0.7378154223795698,17,13,0.918022600639356,TRUE,0.9950056698677445,1.4727060778250562,0.7585300000000004,0.6981499999999997,1.0060782946799895,-0.23656382080646657,-0.5623780813441666,0.855072463768116,0.9672881910369644,0.9672881910369644,0.907890696960393,0.9517219182491149,0.8251748251748252,0.9517219182491149
657277,Logan Webb,SFG,2021,24,148.33333333333334,26,596,2214,147.33333333333334,5.705128205128205,0.2047,29.75206611570248,111.7948,109.9308,34.914182475158086,1,0.6093,3,3.0337,1.1056,0.2651,0.0604,3.1336,2.786,0.8459429269512063,0.7300952197132324,13,14,0.8998091613608409,TRUE,0.639600761400375,0.5088395523583796,1.1794799999999994,0.9930800000000005,-0.1658680128748378,4.199007819314781,-0.5623780813441666,0.8324022346368715,0.9567847882454624,0.9567847882454624,0.8806682577565632,0.9365482233502538,0.7989276139410187,0.9365482233502538
605540,Brandon Woodruff,MIL,2021,28,179.33333333333334,30,708,2810,179.33333333333334,5.977777777777778,0.2373,26.372315035799524,109.6075,116.6492,31.743772241992882,0,0.4146,4,2.5595,0.9647,0.298,0.0607,3.3061,3.0504,0.8181395708801414,0.7258478674157354,15,15,0.9162434846781117,TRUE,1.26588184334828,-0.2548034353158711,0.9607500000000002,1.6649199999999993,-1.4802830507616471,-0.23656382080646657,0.7094615795418722,0.855072463768116,0.9656357388316151,0.9656357388316151,0.9035369774919614,0.9493243243243243,0.8251748251748252,0.9493243243243243
663556,Shane McClanahan,TBR,2021,24,123.33333333333333,25,517,1954,123.33333333333333,4.933333333333334,0.2012,33.80281690140845,111.4746,113.6311,33.21392016376663,0,0.4548,3,3.4297,1.273,0.2727,0.0716,3.6238,3.2341,0.8082692781685037,0.7245327501368359,16,16,0.887668020932404,TRUE,0.5723619949335754,1.4240925870313188,1.1474599999999995,1.3631100000000003,-0.8707769003956599,-0.23656382080646657,-0.5623780813441666,0.8116169544740973,0.9513145082765336,0.9513145082765336,0.8669032830523514,0.9287072243346007,0.775112443778111,0.9287072243346007
660271,Shohei Ohtani,LAA,2021,26,130.33333333333334,23,533,2027,130.33333333333334,5.666666666666667,0.2101,32.5678496868476,109.1318,106.9808,36.06314750863345,0,0.4497,4,3.1765,1.0895,0.2927,0.0826,3.6074,3.5489,0.7714977716526423,0.6921705342273644,18,17,0.8908369457778802,TRUE,0.7433405725205804,1.1450560452531975,0.9131799999999999,0.6980800000000003,0.31047946487677247,-0.23656382080646657,0.7094615795418722,0.8162327718223583,0.9529854254818994,0.9529854254818994,0.8710786420283627,0.9310978410656867,0.780380673499268,0.9310978410656867
592662,Robbie Ray,TOR,2021,29,193.33333333333334,32,773,3141,193.33333333333334,6.041666666666667,0.2536,32.22748815165877,104.558,106.0059,33.97007322508755,0,0.3718,2,2.8397,1.0448,0.3208,0.0673,3.2115,3.3626,0.7317083734643569,0.65360585105750435,20,18,0.9232938496886742,TRUE,1.579022384322232,1.0681525415701811,0.4558000000000007,0.6005899999999997,-0.5572846764722905,-0.23656382080646657,-1.8342177422302053,0.8656215005599104,0.9691453255168158,0.9691453255168158,0.9128160418482999,0.9544211485870556,0.8374864572047671,0.9544211485870556
545333,Trevor Bauer,LAD,2021,30,107.66666666666667,17,432,1787,107.66666666666667,6.333333333333334,0.2315,30.269607843137255,106.1089,106.2206,36.5976496922216,0,0.3347,4,2.5913,1.0031,0.3171,0.0856,3.4846,3.6898,0.7496351008822905,0.6385095743108323,19,19,0.8743232445667849,TRUE,1.1544576017747263,0.6257763035098083,0.6108900000000006,0.6220600000000005,0.5320778247805632,-0.23656382080646657,0.7094615795418722,0.782608695652174,0.9470058293587705,0.9470058293587705,0.8562529947292765,0.9225606608156943,0.7422680412371134,0.9225606608156943
608337,Lucas Giolito,CHW,2021,26,178.66666666666666,31,720,2970,178.66666666666666,5.763440860215053,0.2069,32.16245883644347,107.4551,110.0439,34.98316498316498,0,0.3319,3,3.5261,1.1026,0.2792,0.0722,3.7191,3.7524,0.6595797677191038,0.6049026461912085,21,20,0.9188122169735639,TRUE,0.681865128893792,1.053459394239684,0.7455100000000001,1.0043899999999994,-0.13726867108401533,-0.23656382080646657,-0.5623780813441666,0.8571428571428571,0.9674267100977199,0.9674267100977199,0.908256880733945,0.9519230769230769,0.8275862068965517,0.9519230769230769
628711,Julio Urías,LAD,2021,24,185.66666666666666,32,745,2786,185.66666666666666,5.802083333333333,0.2107,26.296296296296298,117.1866,118.1865,30.150753768844222,0,0.4016,3,2.9569,1.018,0.2617,0.051,3.6386,3.7257,0.6507292279199413,0.5837798794909124,22,21,0.9178543977324376,TRUE,0.754867218200603,-0.2719796047973055,1.7186599999999999,1.8186499999999994,-2.140729896041867,-0.23656382080646657,-0.5623780813441666,0.861271676300578,0.9653499653499653,0.9653499653499653,0.9027867790019443,0.9489100817438693,0.8324022346368715,0.9489100817438693
605397,Joe Musgrove,SDP,2021,28,181.33333333333334,31,748,2938,176.33333333333334,5.849462365591398,0.1992,29.829172141918527,113.5482,106.4794,34.3430905377808,0,0.435,4,3.1765,1.0809,0.2714,0.0722,3.6899,3.6498,0.6064613837635304,0.5617775180961895,25,22,0.9198686375067205,TRUE,0.5339398426668327,0.5262613904864709,1.3548199999999995,0.6479399999999998,-0.40263605716517975,-0.23656382080646657,0.7094615795418722,0.8617511520737328,0.9670836076366031,0.9670836076366031,0.907350216182829,0.9514248704663213,0.8329621380846325,0.9514248704663213
621121,Lance McCullers Jr.,HOU,2021,27,162.33333333333334,28,684,2788,162.33333333333334,5.797619047619048,0.1594,31.003584229390682,105.8471,106.3766,38.62984218077475,1,0.5645,4,3.1602,1.2197,0.2705,0.1111,4.0152,3.6865,0.6098878266527048,0.5518200464447206,23,23,0.9146253625453842,TRUE,-0.23066098744134533,0.7916157121614689,0.5847099999999997,0.6376599999999997,1.37460108530137,4.199007819314781,0.7094615795418722,0.8507462686567164,0.9653739612188366,0.9653739612188366,0.9028497409326425,0.9489448604492853,0.8201438848920863,0.9489448604492853
592332,Kevin Gausman,SFG,2021,30,192,33,775,3002,192,5.818181818181818,0.2284,32.93978748524203,103.3476,107.2352,31.878747501665558,0,0.4186,2,2.8125,1.0417,0.2929,0.0645,3.4208,3.2757,0.606753617641732,0.547181767574265,24,24,0.9218933428787393,TRUE,1.094903265761275,1.2290940956539562,0.33476,0.7235200000000006,-1.4243238852251043,-0.23656382080646657,-1.8342177422302053,0.8659217877094972,0.9677627337201805,0.9677627337201805,0.9091459721380981,0.9524111675126904,0.8378378378378378,0.9524111675126904
543135,Nathan Eovaldi,BOS,2021,31,182.33333333333334,32,764,2927,182.33333333333334,5.697916666666667,0.2094,24.413145539906104,109.4918,113.8106,31.021523744448242,0,0.4198,5,3.7514,1.1901,0.2552,0.0458,3.6026,3.4833,0.597877653126007,0.5373630802640218,26,25,0.9205149177598686,TRUE,0.7298928192272204,-0.697470960773771,0.9491799999999998,1.3810599999999993,-1.7797188387025835,-0.23656382080646657,1.981301240427911,0.8642533936651584,0.9669639907499175,0.9669639907499175,0.9070343972730089,0.951251218719532,0.8358862144420132,0.951251218719532
669358,Shane Baz,TBR,2021,22,13.333333333333334,3,49,198,13.333333333333334,4.444444444444445,0.3061,NA,111.2488,117.5098,33.83838383838384,0,0.4286,NA,2.025,0.675,0.3673,0.0612,2.682,2.8653,1.2887692835473465,0.4573350668251827,8,26,0.4857932057874983,TRUE,2.5876038813242253,NA,1.1248800000000003,1.7509799999999998,-0.6118815574698139,-0.23656382080646657,NA,0.28994082840236685,0.6644295302013423,0.6644295302013423,0.39759036144578314,0.5689655172413793,0.24623115577889448,0.5689655172413793
506433,Yu Darvish,SDP,2021,34,166.33333333333334,30,681,2769,166.33333333333334,5.544444444444445,0.2276,27.722772277227723,106.0671,108.0557,34.236186348862404,0,0.3703,3,4.2204,1.0942,0.2922,0.0646,3.4892,3.7517,0.5207724718551958,0.4553801223522818,27,27,0.9142063595126947,TRUE,1.079534404854578,0.0503276758783201,0.6067099999999996,0.8055700000000001,-0.4469572847645339,-0.23656382080646657,-0.5623780813441666,0.850187265917603,0.9651446497037295,0.9651446497037295,0.9022482893450635,0.9486125385405961,0.8194945848375451,0.9486125385405961
450203,Charlie Morton,ATL,2021,37,185.66666666666666,33,756,2987,185.66666666666666,5.626262626262626,0.209,30.56300268096515,107.4254,104.8471,35.35319718781386,0,0.4781,3,3.3447,1.0449,0.2857,0.0767,3.5345,3.3095,0.49848503442532743,0.4548536215683934,28,28,0.9208230800939484,TRUE,0.7222083887738716,0.6920678454696167,0.7425399999999996,0.48470999999999975,0.016142357307512185,-0.23656382080646657,-0.5623780813441666,0.863013698630137,0.9676060900550697,0.9676060900550697,0.9087313659872224,0.9521836149187122,0.8344370860927153,0.9521836149187122
621111,Walker Buehler,LAD,2021,26,207.66666666666666,33,815,3152,207.66666666666666,6.292929292929292,0.1963,26.30966239813737,112.09,111.2401,32.74111675126903,0,0.4465,4,2.4703,0.9679,0.2601,0.0638,3.7279,3.5719,0.48829790125951533,0.44701735351732824,29,29,0.9252795078953641,TRUE,0.4782277218800562,-0.2689595806292039,1.2090000000000003,1.1240099999999997,-1.0667956707270323,-0.23656382080646657,0.7094615795418722,0.8716577540106952,0.9692496924969249,0.9692496924969249,0.9130938586326767,0.9545729860690491,0.844559585492228,0.9545729860690491
663776,Patrick Sandoval,LAA,2021,24,87,14,363,1444,79.66666666666667,6.214285714285714,0.1598,35.66591422121896,101.6816,97.9426,37.53462603878116,0,0.511,5,3.6207,1.2069,0.259,0.0992,4.0324,3.7877,0.45720929311239106,0.4432135081026654,32,30,0.8527710478840497,TRUE,-0.2229765569879966,1.8450529388418555,0.1681600000000003,-0.20574000000000012,0.9205372699270599,-0.23656382080646657,1.981301240427911,0.7515527950310559,0.93523316062176165,0.93523316062176165,0.8279816513761468,0.9058971141781681,0.7076023391812866,0.9058971141781681
622491,Luis Castillo,CIN,2021,28,187.66666666666666,33,803,3164,187.66666666666666,5.686868686868687,0.1457,27.82305005820722,108.1313,110.4414,36.21997471554994,1,0.5659,4,3.9805,1.3641,0.2391,0.0934,4.0269,3.6287,0.4660894346644985,0.4236344431620814,31,31,0.9248838340522052,TRUE,-0.49385273046853206,0.07298509130748404,0.8131299999999996,1.04414,0.37549819241066074,4.199007819314781,0.7094615795418722,0.8699891657638137,0.9693627450980392,0.9693627450980392,0.9133949191685913,0.9547374773687387,0.8426023084994754,0.9547374773687387
607644,John Means,BAL,2021,28,146.66666666666666,26,590,2328,146.66666666666666,5.6410256410256405,0.1831,29.044117647058822,108.7157,114.7662,34.57903780068729,0,0.3294,3,3.6205,1.0295,0.2271,0.0441,4.1011,4.3623,0.4664708948780352,0.4204428524065987,30,32,0.901527180492362,TRUE,0.22464151691955517,0.34888106105730543,0.8715699999999998,1.4766199999999998,-0.3048150788992555,-0.23656382080646657,-0.5623780813441666,0.8309859154929577,0.9588138385502472,0.9588138385502472,0.8858447488584474,0.9394673123486683,0.7972972972972973,0.9394673123486683
645261,Sandy Alcantara,MIA,2021,25,205.66666666666666,33,837,3095,205.66666666666666,6.232323232323232,0.1804,25.925925925925927,110.4635,116.4958,32.11631663974152,0,0.5333,4,3.1945,1.0746,0.2401,0.0597,3.6784,3.4461,0.44977118616566236,0.4133444792716047,35,33,0.9256027845057349,TRUE,0.17277161135945246,-0.3556635002940618,1.0463499999999997,1.6495800000000003,-1.3258304964647796,-0.23656382080646657,0.7094615795418722,0.8746081504702194,0.9687010954616588,0.9687010954616588,0.9116347569955817,0.9537750385208013,0.8480243161094225,0.9537750385208013
571760,Andrew Heaney,2 Tms,2021,30,129.66666666666666,23,558,2330,120,5.637681159420289,0.1953,29.725829725829726,108.3304,108.5939,35.36480686695279,0,0.3305,3,5.8303,1.3188,0.2688,0.0735,3.8423,4.1209,0.45579185058375676,0.40799333170640834,33,34,0.8991148190041096,TRUE,0.4590166457466849,0.5029115314259057,0.8330399999999998,0.8593900000000005,0.020955594624757757,-0.23656382080646657,-0.5623780813441666,0.8230088495575221,0.9588477366255144,0.9588477366255144,0.8859315589353612,0.9395161290322581,0.788135593220339,0.9395161290322581
669432,Trevor Rogers,MIA,2021,23,133,25,550,2169,133,5.32,0.2018,33.03457106274008,99.7216,103.5996,34.20931304748732,0,0.4012,3,2.6391,1.1504,0.2855,0.0836,3.7201,3.5381,0.4512972571423518,0.40386456885713484,34,35,0.8953703517258543,TRUE,0.5838886406135985,1.2505101149381759,-0.027840000000000486,0.3599599999999995,-0.45809864151249297,-0.23656382080646657,-0.5623780813441666,0.8208955223880597,0.9559277214631996,0.9559277214631996,0.8784933171324423,0.9353169469598965,0.7857142857142857,0.9353169469598965
656756,Jordan Montgomery,NYY,2021,28,157.33333333333334,30,661,2570,157.33333333333334,5.2444444444444445,0.1679,28.10368349249659,108.417,109.0185,34.86381322957198,0,0.4266,5,3.8326,1.2775,0.2451,0.0772,4.0659,3.9268,0.4276493258441504,0.4017314356419514,39,36,0.9102376982071606,TRUE,-0.06736684030768908,0.13639323857499638,0.8417000000000001,0.9018500000000003,-0.1867505135533988,-0.23656382080646657,1.981301240427911,0.8463508322663252,0.9625468164794008,0.9625468164794008,0.8954703832752613,0.9448529411764706,0.815043156596794,0.9448529411764706
458681,Lance Lynn,CHW,2021,34,157,28,641,2608,157,5.607142857142857,0.2044,27.91946308724832,107.4918,109.8217,36.081288343558285,0,0.3811,3,2.6943,1.0701,0.2746,0.0702,3.7216,3.8152,0.44476198288820074,0.3938062782338489,36,37,0.909555138078692,TRUE,0.6338374385603637,0.0947692794938476,0.7491799999999997,0.9821700000000007,0.3180004430693078,-0.23656382080646657,-0.5623780813441666,0.8423127463863338,0.9630723781388478,0.9630723781388478,0.8968363136176066,0.9456127628716461,0.8103666245259166,0.9456127628716461
593423,Frankie Montas,OAK,2021,28,187,32,778,3028,187,5.84375,0.1928,25.670945157526255,111.2497,111.1435,33.98282694848085,0,0.428,4,3.369,1.1818,0.2661,0.0733,3.7852,3.6434,0.4308434680324755,0.3920177806296943,38,38,0.9223214195229649,TRUE,0.4109889554132566,-0.41327551703045207,1.1249700000000005,1.1143500000000004,-0.5519971317748145,-0.23656382080646657,0.7094615795418722,0.8663697104677061,0.9680306905370843,0.9680306905370843,0.9098557692307693,0.9528005034612964,0.8383620689655172,0.9528005034612964
605483,Blake Snell,SDP,2021,28,128.66666666666666,27,550,2347,128.66666666666666,4.765432098765432,0.1836,31.793960923623445,102.6116,107.6502,39.284192586280355,0,0.3967,3,4.1969,1.3212,0.3091,0.1255,4.0163,3.7421,0.4158696564997229,0.38063767311833796,41,39,0.8987710070324235,TRUE,0.23424705498624082,0.9701985740062335,0.26115999999999956,0.7650199999999998,1.6458871176408574,-0.23656382080646657,-0.5623780813441666,0.8208955223880597,0.9591336330200245,0.9591336330200245,0.8866641480921799,0.9399279134961954,0.7857142857142857,0.9399279134961954
669373,Tarik Skubal,DET,2021,24,149.33333333333334,29,634,2547,143.66666666666666,5.149425287356322,0.1845,29.194187582562748,104.669,107.9227,35.178641539065566,0,0.385,4,4.3393,1.2589,0.2587,0.0741,3.9157,4.0587,0.41345802505989615,0.3787153643582529,42,40,0.90819375113482,TRUE,0.2515370235062747,0.3827888404170771,0.4668999999999997,0.7922700000000006,-0.05622637506116493,-0.23656382080646657,0.7094615795418722,0.8408488063660478,0.9622213826973933,0.9622213826973933,0.8946259220231823,0.9443826473859844,0.8086734693877551,0.9443826473859844
518633,Danny Duffy,KCR,2021,32,61,12,252,1009,60,5.083333333333333,0.1706,29.399141630901287,102.6555,107.7096,36.47175421209118,0,0.3333,5,2.5082,1.2131,0.2579,0.0873,4.1391,4.2323,0.4220230512797327,0.3617744564979529,40,41,0.8051308517758677,TRUE,-0.015496934747586401,0.4290974939566357,0.26555000000000034,0.7709599999999994,0.47988302974919517,-0.23656382080646657,1.981301240427911,0.6774193548387096,0.9098286744815148,0.9098286744815148,0.7708174178762414,0.8705780845556514,0.6268656716417911,0.8705780845556514
543243,Sonny Gray,CIN,2021,31,135.33333333333334,26,575,2228,135.33333333333334,5.205128205128205,0.1826,29.38496583143508,103.6074,106.1193,37.47755834829444,0,0.4721,4,4.1897,1.2192,0.2696,0.087,3.8544,3.6644,0.3752247358533098,0.34201236965964094,44,42,0.8985290863996029,TRUE,0.21503597885286949,0.42589452142963014,0.36073999999999984,0.6119299999999995,0.896877672260945,-0.23656382080646657,0.7094615795418722,0.8273381294964028,0.9570446735395189,0.9570446735395189,0.8813291139240507,0.9369217830109335,0.7931034482758621,0.9369217830109335
657006,Justin Steele,CHC,2021,25,57,9,248,964,43.666666666666664,6.333333333333333,0.129,40.90909090909091,100.4908,91.9465,38.27800829875519,0,0.5033,4,4.2632,1.3509,0.2379,0.1089,4.3413,4.2079,0.2804773317103004,0.33892796328949204,48,43,0.8003453005624275,TRUE,-0.8146777018958328,3.0297304538928986,0.049079999999999305,-0.80535,1.2287348688329385,-0.23656382080646657,0.7094615795418722,0.6739130434782609,0.9060150375939849,0.9060150375939849,0.7626582278481012,0.8653500897666068,0.6231155778894473,0.8653500897666068
656557,Tanner Houck,BOS,2021,25,69,13,285,1149,58.666666666666664,5.3076923076923075,0.2316,29.26829268292683,101.3841,100.6291,36.29242819843342,0,0.4821,3,3.5217,1.1304,0.3053,0.0737,3.277,3.203,0.4321302866397749,0.3197968929548357,37,44,0.8229659707605158,TRUE,1.1563787093880633,0.39953262979861737,0.13841000000000037,0.0629099999999994,0.40553655982857234,-0.23656382080646657,-0.5623780813441666,0.7037037037037037,0.9199359487590072,0.9199359487590072,0.7929606625258799,0.8845265588914549,0.6551724137931034,0.8845265588914549
641154,Pablo López,MIA,2021,25,102.66666666666667,20,418,1669,102.66666666666667,5.133333333333334,0.2129,25.182481751824817,101.6459,107.8638,33.13361294188137,0,0.4701,4,3.0682,1.1201,0.2751,0.0622,3.4911,3.3204,0.35470291716520785,0.27859533963428695,46,45,0.8689316503658985,TRUE,0.79713158569402,-0.523642122641566,0.16458999999999974,0.7863799999999997,-0.9040713362363869,-0.23656382080646657,0.7094615795418722,0.7769516728624535,0.9434708875070661,0.9434708875070661,0.8476383951244286,0.9175371083012644,0.7359154929577465,0.9175371083012644
641482,Nestor Cortes,NYY,2021,26,93,14,374,1524,73.33333333333333,6.642857142857143,0.2086,26.13065326633166,106.0879,107.1667,35.36745406824147,0,0.2739,3,2.9032,1.0753,0.2754,0.0668,3.7823,4.1784,0.31534719437457853,0.24403225772001225,47,46,0.8577125164505714,TRUE,0.7145239583205234,-0.309406070622488,0.6087900000000005,0.7166700000000006,0.02205309334771712,-0.23656382080646657,-0.5623780813441666,0.757085020242915,0.9384236453201971,0.9384236453201971,0.8355263157894737,0.910394265232975,0.7137404580152672,0.910394265232975
677651,Luis Garcia,HOU,2021,24,155.33333333333334,28,633,2502,149.33333333333334,5.547619047619048,0.1848,31.297709923664122,98.922,97.507,36.57074340527578,0,0.3848,4,3.4764,1.1781,0.2638,0.079,3.9104,3.9289,0.2548329629542449,0.23917810767001096,50,47,0.9074305807234372,TRUE,0.25730034634628596,0.8580723885901903,-0.1078000000000003,-0.2492999999999995,0.5209227926003962,-0.23656382080646657,0.7094615795418722,0.8406374501992032,0.9615680245964643,0.9615680245964643,0.892933618843683,0.9434389140271493,0.8084291187739464,0.9434389140271493
593958,Eduardo Rodriguez,BOS,2021,28,157.66666666666666,31,675,2721,156.66666666666666,5.086021505376344,0.2044,25.47683923705722,100.281,105.8936,34.84013230429989,0,0.4325,4,4.7378,1.389,0.2741,0.0696,3.6456,3.4342,0.2703385609982924,0.23078327514661842,49,48,0.9132205004264421,TRUE,0.6338374385603637,-0.45713307385279955,0.02810000000000059,0.5893600000000007,-0.196568348470501,-0.23656382080646657,0.7094615795418722,0.8490566037735849,0.9645515774548032,0.9645515774548032,0.900695134061569,0.9477533960292581,0.8181818181818182,0.9477533960292581
641816,Tyler Mahle,CIN,2021,26,180,33,759,3196,180,5.454545454545454,0.1924,30.609597924773023,95.5808,103.874,36.88986232790989,0,0.4224,3,3.75,1.2333,0.2767,0.0843,3.8155,3.7364,0.2485103869271638,0.22536580241847368,51,49,0.9231876376726672,TRUE,0.4033045249599078,0.7025958785559698,-0.44192000000000037,0.3873999999999995,0.6532257691668537,-0.23656382080646657,-0.5623780813441666,0.863481228668942,0.9696601941747572,0.9696601941747572,0.914187643020595,0.9551703526598924,0.834983498349835,0.9551703526598924
519242,Chris Sale,BOS,2021,32,42.666666666666664,9,183,736,42.666666666666664,4.7407407407407405,0.2186,NA,100.1824,106.7687,33.83152173913044,0,0.4737,3,3.1641,1.3359,0.2842,0.0656,3.442,3.3462,0.35883729684343213,0.2195474616695548,45,50,0.7551571078265471,TRUE,0.9066347196542361,NA,0.018240000000000124,0.6768699999999995,-0.6147265036398055,-0.23656382080646657,-0.5623780813441666,0.6039603960396039,0.8803827751196173,0.8803827751196173,0.7104247104247104,0.8306997742663657,0.5495495495495496,0.8306997742663657
608331,Max Fried,ATL,2021,27,165.66666666666666,28,667,2558,165.66666666666666,5.916666666666666,0.1754,25.299145299145298,105.6885,110.6271,34.20641125879593,0,0.5179,4,3.0423,1.0865,0.2369,0.0615,3.7631,3.4524,0.23105162599423823,0.2068271477069359,53,51,0.9104182550468083,TRUE,0.07671623069259585,-0.4972824003654962,0.5688500000000005,1.0627099999999998,-0.4593016891978784,-0.23656382080646657,0.7094615795418722,0.8475222363405337,0.9623777276147479,0.9623777276147479,0.8950314905528342,0.9446085672082718,0.8164014687882497,0.9446085672082718
640455,Sean Manaea,OAK,2021,29,179.33333333333334,32,754,2980,179.33333333333334,5.604166666666667,0.2029,26.837806301050176,107.2628,103.1574,32.281879194630875,0,0.4198,3,3.9145,1.2268,0.2573,0.0544,3.6794,3.6237,0.23395941642330942,0.20497939590153233,52,52,0.9206465571937866,TRUE,0.6050208243603067,-0.14962730484697231,0.7262799999999998,0.3157399999999996,-1.257190195729859,-0.23656382080646657,-0.5623780813441666,0.8627002288329519,0.9675324675324676,0.9675324675324676,0.9085365853658537,0.952076677316294,0.834070796460177,0.952076677316294
621244,José Berríos,2 Tms,2021,27,192,32,781,3043,191.3,6,0.2036,24.18546365914787,103.9997,104.7152,33.88103844889911,0,0.428,4,3.5156,1.0625,0.2612,0.0576,3.6514,3.5907,0.2197672742307144,0.18813895680828766,54,53,0.9226241169062961,TRUE,0.6184685776536668,-0.7489148889066387,0.39997000000000044,0.4715199999999996,-0.5941974543496623,-0.23656382080646657,0.7094615795418722,0.8668146503884573,0.9681832643970728,0.9681832643970728,0.9102602452886629,0.9530222361415597,0.8388829215896885,0.9530222361415597
669302,Logan Gilbert,SEA,2021,24,119.33333333333333,24,503,2125,119.33333333333333,4.972222222222222,0.1988,28.4037558685446,108.0821,103.6215,35.71764705882353,0,0.3234,2,4.676,1.1732,0.2545,0.0557,3.8733,4.186,0.21154120834025564,0.17704040431507526,55,54,0.8903153542660771,TRUE,0.5262554122134845,0.20419354704339213,0.8082099999999997,0.36214999999999975,0.16723901539922056,-0.23656382080646657,-1.8342177422302053,0.8073836276083467,0.9550561797752809,0.9550561797752809,0.8762886597938144,0.9340659340659341,0.7702909647779479,0.9340659340659341
657746,Joe Ryan,MIN,2021,25,26.666666666666668,5,100,412,26.666666666666668,5.333333333333334,0.25,NA,102.1227,97.8968,29.611650485436893,0,0.2812,3,4.05,0.7875,0.3,0.05,3.4229,3.7321,0.3856693937565236,0.1584743580752569,43,55,0.6441091872510312,TRUE,1.5098625102420953,NA,0.21226999999999946,-0.21032000000000012,-2.3642358181689556,-0.23656382080646657,-0.5623780813441666,0.45454545454545453,0.8046875,0.8046875,0.5786516853932584,0.7330960854092526,0.4,0.7330960854092526
660623,Huascar Ynoa,ATL,2021,23,91,17,372,1482,90,5.352941176470588,0.2016,30.368098159509202,101.5677,100.6529,34.9527665317139,0,0.4728,2,4.0549,1.1099,0.2688,0.0672,3.6154,3.4018,0.18550224526715797,0.14596829748281334,56,56,0.8557350415797914,TRUE,0.5800464253869241,0.648029847535132,0.15677000000000021,0.06529000000000025,-0.14987151386372932,-0.23656382080646657,-1.8342177422302053,0.7560975609756098,0.9367888748419722,0.9367888748419722,0.8316498316498316,0.9080882352941176,0.7126436781609196,0.9080882352941176
579328,Yusei Kikuchi,SEA,2021,30,157,29,666,2562,157,5.413793103448276,0.1517,28.591352859135284,106.9244,103.679,35.1288056206089,0,0.4838,4,4.414,1.3185,0.2447,0.0931,4.1594,3.846,0.12385276380785323,0.12967139802839556,60,57,0.9104188518301897,TRUE,-0.3785862736683041,0.2465804338248535,0.6924400000000006,0.3679000000000002,-0.07688776454354244,-0.23656382080646657,0.7094615795418722,0.8473282442748091,0.9624342599549212,0.9624342599549212,0.8951781970649895,0.9446902654867256,0.8161764705882353,0.9446902654867256
666201,Alek Manoah,TOR,2021,23,111.66666666666667,20,459,1845,111.66666666666667,5.583333333333334,0.1895,31.23209169054441,99.0223,95.471,36.31436314363144,0,0.3877,3,3.2239,1.0478,0.2767,0.0871,3.8757,4.1695,0.1350615061012763,0.12195379357108764,58,58,0.8790538360092167,TRUE,0.3475924041731313,0.8432461773098968,-0.09776999999999987,-0.45289999999999964,0.41463053180793835,-0.23656382080646657,-0.5623780813441666,0.7927461139896373,0.9485861182519281,0.9485861182519281,0.8601398601398601,0.924812030075188,0.7536945812807881,0.924812030075188
605135,Chris Bassitt,OAK,2021,32,157.33333333333334,27,637,2381,157.33333333333334,5.827160493827161,0.1884,23.900118906064208,103.9006,105.8683,34.35531289374212,0,0.4178,4,3.1462,1.0551,0.2496,0.0612,3.8551,3.9301,0.1345844033895272,0.10959922667327747,59,59,0.9056915561644114,TRUE,0.3264602204264231,-0.8133875422501614,0.39005999999999974,0.5868300000000005,-0.39756881119621684,-0.23656382080646657,0.7094615795418722,0.8414795244385733,0.9596936719064894,0.9596936719064894,0.8881014546810891,0.9407348873962861,0.8094027954256671,0.9407348873962861
656427,Jack Flaherty,STL,2021,25,78.33333333333333,15,322,1353,76.33333333333333,5.222222222222222,0.1832,28.89344262295082,98.1981,101.917,38.654841093865485,0,0.3892,3,3.217,1.0596,0.264,0.0807,3.9205,3.9597,0.11130463372026632,0.08900420660813245,62,60,0.8417107037644477,TRUE,0.22656262453289208,0.3148365640344567,-0.18019000000000035,0.19170000000000015,1.3849653425680017,-0.23656382080646657,-0.5623780813441666,0.7285067873303167,0.9311768754301445,0.9311768754301445,0.8185117967332124,0.9001996007984032,0.6822033898305084,0.9001996007984032
621107,Zach Eflin,PHI,2021,27,105.66666666666667,18,442,1615,105.66666666666667,5.87037037037037,0.1878,23.177083333333332,95.3192,106.6382,32.01238390092879,0,0.4348,5,4.1735,1.2492,0.224,0.0362,3.8072,3.6056,0.10678212145634071,0.07084618238256551,63,61,0.8699786827589568,TRUE,0.31493357474639994,-0.976754912184051,-0.4680800000000005,0.6638199999999997,-1.3689197955703494,-0.23656382080646657,1.981301240427911,0.7864768683274022,0.9416909620991254,0.9416909620991254,0.8433420365535248,0.9150141643059491,0.7466216216216216,0.9150141643059491
666205,Kyle Muller,ATL,2021,23,36.666666666666664,8,155,677,35.666666666666664,4.583333333333333,0.1097,40,95.3126,88.8443,38.70014771048744,0,0.3763,3,4.1727,1.2545,0.2387,0.129,4.8518,4.8766,-0.10772202994536098,0.07000077445444852,81,62,0.7349447769539037,TRUE,-1.185451471269899,2.8243245285826792,-0.46873999999999966,-1.1155699999999995,1.4037489364325153,-0.23656382080646657,-0.5623780813441666,0.5636363636363636,0.8712998712998713,0.8712998712998713,0.6929375639713409,0.8186215235792019,0.5081967213114754,0.8186215235792019
593334,Domingo Germán,NYY,2021,28,98.33333333333333,18,410,1579,91,5.462962962962963,0.1732,28.440366972477065,95.5402,101.4206,34.00886637112096,0,0.422,4,4.5763,1.1797,0.239,0.0659,4.0262,4.2685,0.07009485359826538,0.06283055276978791,64,63,0.8647770209645892,TRUE,0.03445186319917883,0.2124656984912564,-0.44598000000000015,0.14205999999999933,-0.5412014914068862,-0.23656382080646657,0.7094615795418722,0.7735849056603774,0.9404407385348421,0.9404407385348421,0.8403406067056945,0.9132446500867554,0.7321428571428571,0.9132446500867554
640470,Adbert Alzolay,CHC,2021,26,125.66666666666667,21,519,1955,106.33333333333333,5.984126984126984,0.1811,27.586206896551722,99.6362,103.9883,34.0153452685422,0,0.4529,3,4.5836,1.1618,0.2466,0.0655,3.8131,3.6645,0.06930610464204195,0.05472537745872302,65,64,0.8878731737742573,TRUE,0.1862193646528125,0.019471203656914213,-0.03637999999999977,0.3988299999999995,-0.538515416238973,-0.23656382080646657,-0.5623780813441666,0.812206572769953,0.9513381995133819,0.9513381995133819,0.8669623059866962,0.9287410926365796,0.7757847533632287,0.9287410926365796
665665,Reiver Sanmartin,CIN,2021,25,11.666666666666666,2,47,181,11.666666666666666,5.833333333333333,0.1915,NA,97.9566,103.0611,35.35911602209945,0,0.4706,NA,1.5429,1.2,0.234,0.0426,3.6935,3.4621,0.14699856169960912,0.03903627890964341,57,65,0.4683181427332571,TRUE,0.386014556439874,NA,-0.20434000000000055,0.3061099999999996,0.018596236843464013,-0.23656382080646657,NA,0.281437125748503,0.6441281138790036,0.6441281138790036,0.3762993762993763,0.5468277945619335,0.23857868020304568,0.5468277945619335
668678,Zac Gallen,ARI,2021,25,121.33333333333333,23,523,2102,121.33333333333333,5.275362318840579,0.1721,27.831715210355988,102.1961,102.0769,37.82112274024738,0,0.4369,3,4.3022,1.294,0.2658,0.0937,4.0395,3.959,0.0367832284982456,0.034575344730853254,68,66,0.8916506898515495,TRUE,0.013319679452470586,0.07494295226206292,0.21961000000000014,0.20768999999999949,1.0393154547729402,-0.23656382080646657,-0.5623780813441666,0.8133748055987559,0.9545867393278837,0.9545867393278837,0.8751040799333888,0.933392539964476,0.7771173848439822,0.933392539964476
628317,Kenta Maeda,MIN,2021,33,106.33333333333333,21,453,1775,106.33333333333333,5.063492063492063,0.1788,29.636048526863085,94.7992,100.5413,35.71830985915493,0,0.3838,3,4.6552,1.2978,0.2494,0.0706,3.9751,3.9868,0.03814740029480267,0.031827263387810174,67,67,0.8763900802230085,TRUE,0.14203388954605803,0.4826257821517815,-0.5200800000000001,0.05413000000000068,0.16751380467210145,-0.23656382080646657,-0.5623780813441666,0.7905759162303665,0.9466666666666667,0.9466666666666667,0.8554216867469879,0.922077922077922,0.7512437810945274,0.922077922077922
622072,Alex Wood,SFG,2021,30,138.66666666666666,26,585,2195,138.66666666666666,5.333333333333333,0.1932,27.92207792207792,99.1961,98.4915,32.710706150341686,0,0.508,3,3.8293,1.1827,0.2598,0.0667,3.6025,3.44,0.043400696214497166,0.029976444641343344,66,68,0.898626768743692,TRUE,0.4186733858666053,0.09536009231832583,-0.08038999999999988,-0.1508499999999998,-1.0794035505376436,-0.23656382080646657,-0.5623780813441666,0.8297872340425532,0.9564270152505446,0.9564270152505446,0.8797595190380761,0.9360341151385928,0.7959183673469388,0.9360341151385928
605513,Spencer Turnbull,DET,2021,28,50,9,201,775,50,5.555555555555555,0.1592,23.298429319371728,102.5391,108.232,35.61290322580645,1,0.5725,3,2.88,0.98,0.2189,0.0597,3.8237,3.7709,0.1191526206404118,0.022467434155461027,61,69,0.7666931823730035,TRUE,-0.2345032026680192,-0.9493372091846635,0.25391000000000047,0.8231999999999999,0.12381344611378876,4.199007819314781,-0.5623780813441666,0.6261682242990654,0.8857142857142857,0.8857142857142857,0.7209302325581395,0.8378378378378378,0.5726495726495726,0.8378378378378378
573186,Marcus Stroman,NYM,2021,30,179,33,730,2741,179,5.424242424242424,0.1562,27.33423545331529,101.1251,102.1844,34.65888361911711,0,0.5079,4,3.0168,1.1453,0.2164,0.0603,3.9541,3.5704,-0.005905551887390922,0.0027036002531304454,70,70,0.9165070222439181,TRUE,-0.29213643106813314,-0.03746086653778974,0.11251000000000033,0.21843999999999966,-0.2717119355398669,-0.23656382080646657,0.7094615795418722,0.8588235294117647,0.9648011263639563,0.9648011263639563,0.9013482407102926,0.9481148391560014,0.8295454545454546,0.9481148391560014
663978,Chris Paddack,SDP,2021,25,108.33333333333333,22,459,1869,106.33333333333333,4.924242424242424,0.1678,26.998491704374057,99.9476,106.117,34.34991974317817,0,0.4286,3,5.0677,1.2646,0.2157,0.0479,4.0511,3.8685,0.004531065854877095,0.0015289746127620765,69,71,0.879709327924381,TRUE,-0.06928794792102601,-0.11332099749802566,-0.0052400000000005775,0.6117000000000005,-0.39980474840355157,-0.23656382080646657,-0.5623780813441666,0.7927461139896373,0.9492127983748095,0.9492127983748095,0.8616874135546335,0.9257057949479941,0.7536945812807881,0.9257057949479941
446372,Corey Kluber,NYY,2021,35,80,16,341,1338,80,5,0.1437,29.396984924623116,102.4653,98.1836,36.17339312406577,0,0.4247,4,3.825,1.3375,0.2405,0.0968,4.3712,4.3756,-0.040273179660713226,9.327219467182276e-4,72,72,0.8443360265577015,TRUE,-0.5322748827352747,0.4286101936830765,0.24652999999999992,-0.18164000000000016,0.35618600886576784,-0.23656382080646657,0.7094615795418722,0.7396963123644251,0.9304589707927677,0.9304589707927677,0.8168498168498168,0.8991935483870968,0.6945010183299389,0.8991935483870968
661563,Luis Gil,NYY,2021,23,29.333333333333332,6,129,532,29.333333333333332,4.888888888888888,0.1473,NA,108.9285,105.9726,38.909774436090224,0,0.3239,2,3.0682,1.3295,0.2946,0.1473,4.5529,4.8501,-0.0822928934335794,-0.029934003178939957,76,73,0.6947889376182582,TRUE,-0.46311500865513816,NA,0.8928499999999999,0.59726,1.4906577274756807,-0.23656382080646657,-1.8342177422302053,0.5180722891566265,0.8417721518987342,0.8417721518987342,0.6394230769230769,0.7800586510263929,0.46236559139784944,0.7800586510263929
656731,Tylor Megill,NYM,2021,25,89.66666666666667,18,379,1554,89.66666666666667,4.981481481481482,0.19,26.285714285714285,95.1773,102.2383,35.32818532818533,0,0.4245,3,4.5167,1.2825,0.2612,0.0712,3.8493,3.9195,-0.015307230989894022,-0.035226837085246786,71,74,0.8595967918280755,TRUE,0.357197942239817,-0.27437057324007047,-0.48226999999999975,0.22382999999999953,0.005772732557582576,-0.23656382080646657,-0.5623780813441666,0.7595190380761523,0.939540507859734,0.939540507859734,0.8381877022653722,0.9119718309859155,0.7164461247637051,0.9119718309859155
592791,Jameson Taillon,NYY,2021,29,144.33333333333334,29,603,2372,144.33333333333334,4.977011494252874,0.1592,26.39087018544936,98.4672,108.5626,34.401349072512645,0,0.3317,3,4.3025,1.2055,0.2322,0.073,4.3346,4.6897,-0.04788475513885251,-0.0449556080731438,73,75,0.9032409856155338,TRUE,-0.2345032026680192,-0.25061096386446774,-0.15327999999999947,0.8562600000000004,-0.37848274938950643,-0.23656382080646657,-0.5623780813441666,0.8340248962655602,0.959546925566343,0.959546925566343,0.8877245508982036,0.9405233941316415,0.8007968127490039,0.9405233941316415
664285,Framber Valdez,HOU,2021,27,134.66666666666666,22,572,2090,134.66666666666666,6.121212121212121,0.1171,27.762803234501348,101.8988,101.3861,39.04306220095694,1,0.7029,3,3.1411,1.2475,0.2185,0.1014,3.7919,3.5844,-0.054780403167843626,-0.05127727060194432,74,76,0.8954367968278039,TRUE,-1.0432895078829514,0.05937253128014732,0.18987999999999944,0.1386099999999999,1.5459172773832721,4.199007819314781,-0.5623780813441666,0.8265895953757225,0.954337899543379,0.954337899543379,0.8744769874476988,0.9330357142857143,0.7922437673130194,0.9330357142857143
642232,Ryan Yarbrough,TBR,2021,29,155,21,653,2488,117,7.380952380952381,0.1378,22.72108843537415,106.7413,112.4704,33.31993569131833,0,0.3577,4,5.1097,1.2258,0.1792,0.0413,4.4517,4.5882,-0.08311813041017241,-0.07073437493115838,77,77,0.9084792691222779,TRUE,-0.6456202319221652,-1.0797853715313008,0.6741299999999996,1.2470399999999997,-0.8268241014153415,-0.23656382080646657,0.7094615795418722,0.8447606727037517,0.9613601236476044,0.9613601236476044,0.8923959827833573,0.9431387414708112,0.813200498132005,0.9431387414708112
672715,Luis Patiño,TBR,2021,21,77.33333333333333,15,333,1365,68.33333333333333,5.155555555555555,0.1351,27.17391304347826,110.9549,108.6591,35.67765567765568,0,0.3084,2,4.306,1.2672,0.2222,0.0871,4.6105,5.0301,-0.11525065803378068,-0.07323920570196088,82,78,0.8442602254351039,TRUE,-0.6974901374822678,-0.07368515677238296,1.0954899999999994,0.8659099999999995,0.15065905604790072,-0.23656382080646657,-1.8342177422302053,0.7350993377483444,0.931740614334471,0.931740614334471,0.8198198198198198,0.900990099009901,0.6894409937888198,0.900990099009901
543101,Anthony DeSclafani,SFG,2021,31,167.66666666666666,31,676,2558,167.66666666666666,5.408602150537634,0.1627,25.603217158176943,96.9803,102.3682,34.55824863174355,0,0.4428,4,3.167,1.0915,0.2249,0.0621,4.1057,3.9542,-0.09221700608653687,-0.08459744294800914,78,79,0.910950321200094,TRUE,-0.16726443620121956,-0.4285784226437831,-0.30197,0.23682000000000017,-0.3134340254314636,-0.23656382080646657,0.7094615795418722,0.8492462311557789,0.9623777276147479,0.9623777276147479,0.8950314905528342,0.9446085672082718,0.8184019370460048,0.9446085672082718
672578,Carlos Hernández,KCR,2021,24,85.66666666666667,11,358,1434,58.333333333333336,7.787878787878788,0.0922,34.02061855670103,101.0204,101.1899,39.12133891213389,0,0.395,3,3.677,1.284,0.2067,0.1145,4.9122,4.9955,-0.19435527321542143,-0.08793341511437572,92,80,0.8515565668353782,TRUE,-1.5216453036038968,1.4733041126247364,0.1020399999999995,0.11898999999999944,1.5783698872099168,-0.23656382080646657,-0.5623780813441666,0.7489539748953975,0.9348109517601043,0.9348109517601043,0.8269896193771626,0.9053030303030303,0.7047244094488189,0.9053030303030303
501985,Mike Minor,KCR,2021,33,158.66666666666666,28,669,2621,158.66666666666666,5.666666666666666,0.1614,24.53271028037383,98.2778,104.2652,35.21556657764212,0,0.3838,4,5.0483,1.2416,0.2227,0.0613,4.2033,4.3189,-0.09614063202642242,-0.08974532417527327,79,81,0.9114696364960863,TRUE,-0.1922388351746027,-0.6704557240084964,-0.1722200000000001,0.4265199999999993,-0.040917685519395494,-0.23656382080646657,0.7094615795418722,0.8479087452471483,0.9632488055861815,0.9632488055861815,0.8972954467648065,0.945867917719235,0.8168498168498168,0.945867917719235
622694,Elieser Hernández,MIA,2021,26,51.666666666666664,11,225,818,51.666666666666664,4.696969696969696,0.1733,25.510204081632654,103.4803,101.4028,30.073349633251834,0,0.3841,3,4.1806,1.3161,0.2356,0.0622,4.072,4.3252,-0.10297316275421192,-0.09135989612962496,80,82,0.7794364741537654,TRUE,0.03637297081251628,-0.44959440340266593,0.34802999999999995,0.1402799999999999,-2.1728207462267943,-0.23656382080646657,-0.5623780813441666,0.6521739130434783,0.8910675381263616,0.8910675381263616,0.7316636851520573,0.8450413223140496,0.6,0.8450413223140496
663474,Triston McKenzie,CLE,2021,23,120,24,495,1975,116.33333333333333,5,0.1576,32.45382585751979,93.5745,91.899,36.91139240506329,0,0.3007,3,4.95,1.1833,0.2747,0.1172,4.3586,4.5309,-0.13564317555731692,-0.09986571424904049,84,83,0.8861271092315091,TRUE,-0.2652409244814136,1.119292758065654,-0.64255,-0.8100999999999999,0.6621518875856174,-0.23656382080646657,-0.5623780813441666,0.8048780487804879,0.9518072289156626,0.9518072289156626,0.8681318681318682,0.9294117647058824,0.7674418604651163,0.9294117647058824
656288,Griffin Canning,LAA,2021,25,62.666666666666664,13,277,1080,60.333333333333336,4.82051282051282,0.1227,30.2803738317757,97.0673,97.1862,37.5,0,0.3514,4,5.6011,1.484,0.2238,0.1011,4.6625,4.7194,-0.20494407015046942,-0.11292602485058426,93,84,0.8165228103541534,TRUE,-0.935707481536072,0.6282088411537837,-0.2932699999999997,-0.2813800000000001,0.9061817188377064,-0.23656382080646657,0.7094615795418722,0.6977329974811083,0.9152542372881356,0.9152542372881356,0.782608695652174,0.8780487804878049,0.6487119437939111,0.8780487804878049
605507,Zach Thompson,MIA,2021,27,75,14,315,1194,63.666666666666664,5.357142857142857,0.1206,33.70165745856354,92.6599,91.8759,35.92964824120603,0,0.434,4,3.24,1.2133,0.2095,0.0889,4.5818,4.6496,-0.217398076807233,-0.11680296105061276,96,85,0.8318543259854169,TRUE,-0.9760507414161518,1.4012359631737512,-0.7340100000000007,-0.8124099999999999,0.25513222847882366,-0.23656382080646657,0.7094615795418722,0.7241379310344828,0.9227202472952086,0.9227202472952086,0.7991967871485943,0.8883928571428571,0.6774193548387096,0.8883928571428571
641927,Bailey Ober,MIN,2021,25,92.33333333333333,20,379,1476,92.33333333333333,4.616666666666666,0.2032,20.49469964664311,98.1636,107.9554,32.72357723577236,0,0.3308,3,4.1913,1.2022,0.2533,0.0501,3.8215,4.0144,-0.07539006377789347,-0.11711661612944571,75,86,0.856520120800428,TRUE,0.610784147200318,-1.5828301657058603,-0.18363999999999975,0.7955399999999997,-1.0740673489107917,-0.23656382080646657,-0.5623780813441666,0.7595190380761523,0.9365482233502538,0.9365482233502538,0.831081081081081,0.9077490774907749,0.7164461247637051,0.9077490774907749
502171,Alex Cobb,LAA,2021,33,93.33333333333333,18,393,1579,93.33333333333333,5.185185185185185,0.1654,27.037773359840955,94.1104,102.2155,36.542115262824574,0,0.5331,3,3.7607,1.2643,0.2494,0.084,3.8287,3.3803,-0.14031206484124023,-0.12547629836761526,85,87,0.862507165910181,TRUE,-0.11539453064111739,-0.10444544423024076,-0.58896000000000015,0.22155000000000058,0.5090538992467872,-0.23656382080646657,-0.5623780813441666,0.7660818713450293,0.9404407385348421,0.9404407385348421,0.8403406067056945,0.9132446500867554,0.7237569060773481,0.9132446500867554
664353,José Urquidy,HOU,2021,26,107,20,423,1631,107,5.35,0.1678,24.76038338658147,98.0051,106.62,30.594727161250766,0,0.3225,3,3.6168,0.9907,0.2128,0.0449,4.2727,4.3851,-0.13330747592576989,-0.12957829829496276,83,88,0.8682686655448749,TRUE,-0.06928794792102601,-0.6190137784547809,-0.1994900000000001,0.6620000000000005,-1.9566637151747377,-0.23656382080646657,-0.5623780813441666,0.7790055248618785,0.9422299248989023,0.9422299248989023,0.8446400828586225,0.9157776530039303,0.7382198952879581,0.9157776530039303
502042,Chris Archer,TBR,2021,32,19.333333333333332,5,83,327,17.333333333333332,3.8666666666666663,0.1566,28,93.748,97.2291,37.308868501529055,0,0.3148,3,4.6552,1.3448,0.253,0.0964,4.3635,4.7943,-0.24613517646033534,-0.1335884923655016,97,89,0.5984723398523587,TRUE,-0.28445200061478493,0.11296631448777342,-0.6251999999999995,-0.2770899999999997,0.8269408328551892,-0.23656382080646657,-0.5623780813441666,0.4088669950738916,0.765807962529274,0.765807962529274,0.5215311004784688,0.6855345911949685,0.3562231759656652,0.6855345911949685
601713,Nick Pivetta,BOS,2021,28,155,30,661,2745,154,5.166666666666667,0.1664,24.969249692496923,104.347,100.733,35.40983606557377,0,0.3835,3,4.529,1.3032,0.2648,0.0983,4.1547,4.2816,-0.1475635426811275,-0.13665063839217104,86,90,0.9127065869426749,TRUE,-0.09618345450774607,-0.5718211639388207,0.4346999999999994,0.0733000000000004,0.039624174227568004,-0.23656382080646657,-0.5623780813441666,0.8463508322663252,0.9648506151142355,0.9648506151142355,0.9014778325123153,0.9481865284974094,0.815043156596794,0.9481865284974094
664192,Joey Lucchesi,NYM,2021,28,38.333333333333336,8,157,646,31.333333333333332,4.791666666666667,0.1911,23.80952380952381,108.6397,97.8147,36.68730650154799,0,0.398,2,4.4609,1.1739,0.2611,0.0701,3.7941,4.0274,-0.15456650658095666,-0.14998238378029638,87,91,0.7308688546415226,TRUE,0.3783301259865252,-0.8338571888469555,0.8639700000000005,-0.2185299999999998,0.5692484903287558,-0.23656382080646657,-1.8342177422302053,0.5667870036101083,0.8659517426273459,0.8659517426273459,0.6828752642706131,0.8115577889447236,0.511400651465798,0.8115577889447236
596295,Austin Gomber,COL,2021,27,115.33333333333333,23,488,1851,115.33333333333333,5.0144927536231885,0.1475,25.357142857142858,98.3873,102.3896,34.57590491626148,0,0.4431,4,4.526,1.2399,0.2316,0.084,4.2896,4.1755,-0.1821761563850062,-0.15374619697746342,90,92,0.8822307538719082,TRUE,-0.4592727934284638,-0.48417805409265213,-0.16127000000000039,0.23896000000000014,-0.3061139361758846,-0.23656382080646657,0.7094615795418722,0.8026315789473685,0.9487442337262942,0.9487442337262942,0.8605299860529986,0.9250374812593704,0.7648902821316614,0.9250374812593704
665620,Deivi García,NYY,2021,22,8.333333333333334,2,38,153,8.333333333333334,4.166666666666667,0.0789,28.35820895522388,96.6353,96.1353,39.869281045751634,0,0.2308,NA,6.48,1.44,0.1842,0.1053,5.6523,6.4659,-0.6428395751563704,-0.1546032752118628,139,93,0.42853849845230974,TRUE,-1.7771526161777353,0.1939023805801585,-0.33646999999999994,-0.3864699999999999,1.8884579564484556,-0.23656382080646657,NA,0.24050632911392406,0.6047430830039525,0.6047430830039525,0.33774834437086093,0.504950495049505,0.20212765957446807,0.504950495049505
664141,JT Brubaker,PIT,2021,27,124.33333333333333,24,538,1944,124.33333333333333,5.180555555555555,0.1691,27.102803738317757,93.6019,93.8849,35.85390946502058,0,0.4282,4,5.3566,1.2949,0.2398,0.0706,4.0399,4.0028,-0.17708303231181582,-0.15552578148779575,89,94,0.8892574643113045,TRUE,-0.04431354894764339,-0.08975205665950928,-0.63981,-0.6115099999999998,0.22373181684505405,-0.23656382080646657,0.7094615795418722,0.817629179331307,0.9510763209393346,0.9510763209393346,0.8663101604278075,0.9283667621776505,0.7819767441860465,0.9283667621776505
608566,Germán Márquez,COL,2021,26,180,32,756,2788,180,5.625,0.1481,30.088495575221238,97.234,95.8905,36.29842180774749,0,0.5159,3,4.4,1.2722,0.2328,0.0847,4.0748,3.6417,-0.19091669221083585,-0.16187523061850237,91,95,0.9184197384273912,TRUE,-0.4477461477484407,0.5848546172358541,-0.2766000000000005,-0.4109499999999997,0.4080214402176203,-0.23656382080646657,-0.5623780813441666,0.863013698630137,0.9653739612188366,0.9653739612188366,0.9028497409326425,0.9489448604492853,0.8344370860927153,0.9489448604492853
571927,Steven Matz,TOR,2021,30,150.66666666666666,29,647,2557,150.66666666666666,5.195402298850574,0.1561,24.750830564784053,99.7665,106.0205,34.76730543605788,0,0.4545,3,3.823,1.3341,0.2226,0.0665,4.1232,3.9439,-0.17694905000553168,-0.16368731033940284,88,96,0.9091769440017099,TRUE,-0.2940575386814706,-0.6211722052754652,-0.023350000000000648,0.6020499999999999,-0.22676151709522271,-0.23656382080646657,-0.5623780813441666,0.8435462842242504,0.9623635679337599,0.9623635679337599,0.8949947497374868,0.944588104913188,0.8117942283563363,0.944588104913188
542881,Tyler Anderson,2 Tms,2021,31,167,31,703,2602,166.3,5.387096774193548,0.1366,24.181360201511335,104.484,104.7645,30.66871637202152,0,0.3509,4,4.5269,1.2455,0.1906,0.0541,4.5684,4.6007,-0.20944687224723868,-0.18273984418279815,94,97,0.9131334549818223,TRUE,-0.6686735232822109,-0.749842050870723,0.44839999999999947,0.4764499999999998,-1.925988652919036,-0.23656382080646657,0.7094615795418722,0.8541919805589308,0.9629903774981495,0.9629903774981495,0.8966230186078566,0.9454941860465116,0.8241500586166471,0.9454941860465116
641778,Eric Lauer,MIL,2021,26,118.66666666666667,20,489,1956,106.66666666666667,5.933333333333334,0.1554,24.193548387096776,95.7464,96.849,35.787321063394685,0,0.3583,5,3.1854,1.1376,0.2393,0.0838,4.2424,4.2627,-0.21222212624790737,-0.18308314625680827,95,98,0.8850726786487477,TRUE,-0.3075052919748301,-0.7470881727788898,-0.42536000000000057,-0.3150999999999996,0.19612504358576546,-0.23656382080646657,1.981301240427911,0.8029556650246306,0.9513618677042801,0.9513618677042801,0.8670212765957447,0.9287749287749287,0.7652582159624414,0.9287749287749287
502043,Kyle Gibson,2 Tms,2021,33,182,30,754,2881,177.66666666666666,6.066666666666666,0.1207,27,96.3864,98.2787,38.49357861853523,0,0.5172,5,3.7088,1.2198,0.2056,0.0849,4.3953,4.1368,-0.24785142394530466,-0.2056255329887042,98,99,0.919484606375835,TRUE,-0.9741296338028146,-0.11298020335346873,-0.3613600000000005,-0.17212999999999995,1.3181078045738353,-0.23656382080646657,1.981301240427911,0.8627002288329519,0.9664542099966454,0.9664542099966454,0.9056900345803206,0.9505113823820521,0.834070796460177,0.9505113823820521
666120,Ian Anderson,ATL,2021,23,128.33333333333334,24,535,2175,128.33333333333334,5.347222222222222,0.1327,28.759894459102902,96.8327,100.1784,38.666666666666664,0,0.4927,3,3.5766,1.2312,0.2318,0.0991,4.3776,3.9572,-0.2603027768689745,-0.2122863991683718,99,100,0.8942370462501807,TRUE,-0.7435967202023588,0.28466182144892843,-0.31672999999999973,0.017839999999999634,1.3898680868749984,-0.23656382080646657,-0.5623780813441666,0.816793893129771,0.9560439560439561,0.9560439560439561,0.8787878787878788,0.9354838709677419,0.781021897810219,0.9354838709677419
657248,Glenn Otto Jr.,TEX,2021,25,23.333333333333332,6,111,448,23.333333333333332,3.888888888888889,0.1802,NA,94.5968,94.1852,30.803571428571427,0,0.4444,2,9.2571,1.7143,0.2523,0.0721,3.8158,3.4924,-0.31058467108637694,-0.2303258642751813,101,101,0.6625859390960616,TRUE,0.1689293961327781,NA,-0.5403199999999998,-0.5814800000000006,-1.8700793221926748,-0.23656382080646657,-1.8342177422302053,0.4805194805194805,0.8175182481751825,0.8175182481751825,0.5989304812834224,0.7491638795986622,0.42528735632183906,0.7491638795986622
676083,Janson Junk,LAA,2021,25,16.333333333333332,4,71,247,16.333333333333332,4.083333333333333,0.1127,NA,90.9441,98.4388,33.60323886639676,0,0.3793,NA,3.8571,1.3469,0.1408,0.0282,4.8995,4.9054,-0.5253504286436244,-0.23485429973159191,126,102,0.5446446093098765,FALSE,-1.1278182428697852,NA,-0.9055899999999995,-0.15611999999999995,-0.7093699152949536,-0.23656382080646657,NA,0.3717277486910995,0.7118155619596542,0.7118155619596542,0.4515539305301645,0.6221662468513854,0.3212669683257919,0.6221662468513854
656353,Tucker Davidson,ATL,2021,25,20,4,83,303,20,5,0.1205,27.63157894736842,103.1449,96.579,35.31353135313531,0,0.4107,2,3.6,1.15,0.2169,0.0964,4.6447,4.4226,-0.5099116294857735,-0.239287816946973,124,103,0.5870068802809597,TRUE,-0.977971849029489,0.029722860546263198,0.3144900000000007,-0.3421000000000006,-3.0263427320460643e-4,-0.23656382080646657,-1.8342177422302053,0.4088669950738916,0.7518610421836228,0.7518610421836228,0.5024875621890548,0.6688741721854304,0.3562231759656652,0.6688741721854304
663567,Peter Lambert,COL,2021,24,5.666666666666667,2,30,123,5.666666666666667,2.8333333333333335,0.0333,NA,93.6385,92.8746,39.83739837398374,0,0.52,NA,11.1176,2.4706,0.1,0.0667,5.4048,5.6609,-1.0665297497826107,-0.24547499538177253,188,104,0.38024067472320777,FALSE,-2.653177687859467,NA,-0.6361500000000007,-0.71254,1.8752397732678225,-0.23656382080646657,NA,0.2,0.5515695067264574,0.5515695067264574,0.2907801418439716,0.45054945054945056,0.16666666666666666,0.45054945054945056
471911,Carlos Carrasco,NYM,2021,34,53.666666666666664,12,237,889,53.666666666666664,4.472222222222222,0.135,NA,91.308,97.0602,34.08323959505062,0,0.4226,4,6.0373,1.4348,0.211,0.0759,4.4394,4.3183,-0.34613089546379344,-0.24726259541922016,102,105,0.790427448227944,TRUE,-0.6994112450956048,NA,-0.8691999999999993,-0.2939800000000005,-0.5103672217825184,-0.23656382080646657,0.7094615795418722,0.6638655462184874,0.8988877654196158,0.8988877654196158,0.7476871320437343,0.8556304138594802,0.6124031007751938,0.8556304138594802
605452,Joe Ross,WSN,2021,28,108,19,460,1700,103,5.684210526315789,0.163,25.771604938271604,93.7219,99.5256,34.588235294117645,0,0.4323,3,4.1667,1.2222,0.237,0.0739,4.0986,4.1152,-0.28146909884475346,-0.2530034151258006,100,106,0.8748469336654754,TRUE,-0.16150111336120826,-0.39053179008437744,-0.6278099999999995,-0.04744000000000028,-0.3010019055915047,-0.23656382080646657,-0.5623780813441666,0.7931034482758621,0.9444444444444444,0.9444444444444444,0.85,0.918918918918919,0.7540983606557377,0.918918918918919
666200,Jesús Luzardo,2 Tms,2021,23,95.33333333333333,18,437,1727,85.33333333333333,5.296296296296296,0.1144,28.61952861952862,101.9918,93.0725,38.795599305153445,0,0.3843,4,6.6084,1.6154,0.2243,0.1098,4.7206,4.8418,-0.3510412891519861,-0.26114562956809595,103,107,0.8731032790257544,TRUE,-1.0951594134430538,0.25294664877325673,0.19917999999999977,-0.6927499999999995,1.4433220522731152,-0.23656382080646657,0.7094615795418722,0.7845601436265709,0.9452654625068418,0.9452654625068418,0.8519980266403552,0.9200852424080981,0.7444633730834753,0.9200852424080981
596001,Jakob Junis,KCR,2021,28,39.333333333333336,6,168,627,27.333333333333332,6.555555555555556,0.1726,25.590551181102363,95.0583,92.0512,35.4066985645933,0,0.4174,3,5.2627,1.3983,0.244,0.0714,3.9046,3.8845,-0.35420329670489925,-0.27175167853106297,105,108,0.7324010106956803,TRUE,0.022925217519156247,-0.43144025605884134,-0.4941699999999997,-0.7948800000000006,0.03832340298131836,-0.23656382080646657,-0.5623780813441666,0.5833333333333334,0.8624484181568088,0.8624484181568088,0.6763754045307443,0.806949806949807,0.5283018867924528,0.806949806949807
544931,Stephen Strasburg,WSN,2021,32,21.666666666666668,5,95,362,21.666666666666668,4.333333333333334,0.0737,29.00763358778626,93.4303,90.9616,44.751381215469614,0,0.3559,4,4.5692,1.3846,0.2211,0.1474,5.3229,5.1,-0.6971063462473387,-0.2986867444425912,150,109,0.6225150612597995,TRUE,-1.877050212071266,0.34063761490795624,-0.6569699999999997,-0.9038399999999995,3.912519641721434,-0.23656382080646657,0.7094615795418722,0.4418604651162791,0.7835497835497836,0.7835497835497836,0.5468277945619335,0.70703125,0.3877551020408163,0.70703125
657376,Clarke Schmidt,NYY,2021,25,6.333333333333333,1,38,143,4.333333333333333,6.333333333333333,0.0263,NA,90.211,88.3348,36.36363636363637,1,0.6,NA,5.6842,2.5263,0.1579,0.1316,5.1828,5.5103,-0.9886265299774211,-0.30411405715341283,180,110,0.41692814761160113,FALSE,-2.7876552207930665,NA,-0.9789000000000001,-1.1665199999999998,0.4350586330870977,4.199007819314781,NA,0.24050632911392406,0.588477366255144,0.588477366255144,0.3227990970654628,0.4880546075085324,0.20212765957446807,0.4880546075085324
680686,Josiah Gray,2 Tms,2021,23,70.66666666666667,13,307,1213,66.66666666666667,5.435897435897436,0.1401,NA,96.6274,94.4015,36.35614179719703,0,0.3053,3,5.4764,1.3585,0.2476,0.1075,4.6041,5.0516,-0.39894009205352327,-0.31025297523646356,107,111,0.8314335407005597,TRUE,-0.6014347568154113,NA,-0.33726000000000056,-0.5598500000000002,0.43195147341190715,-0.23656382080646657,-0.5623780813441666,0.7189695550351288,0.9238385376999239,0.9238385376999239,0.8017184401850628,0.8899486426999267,0.6717724288840262,0.8899486426999267
650644,Aaron Civale,CLE,2021,26,124.33333333333333,21,498,1909,124.33333333333333,5.92063492063492,0.1365,21.8077474892396,93.6677,102.6305,36.196961760083816,0,0.45,5,3.8365,1.118,0.1988,0.0622,4.4076,4.3236,-0.35419078645412105,-0.3107307291968566,104,112,0.884754555767863,TRUE,-0.6705946308955478,-1.286151577912228,-0.6332300000000004,0.2630499999999998,0.36595728997019294,-0.23656382080646657,1.981301240427911,0.8058252427184466,0.9502239920358387,0.9502239920358387,0.8641919420552286,0.9271491015055853,0.7685185185185185,0.9271491015055853
621112,Paul Blackburn,OAK,2021,27,38.333333333333336,9,175,681,38.333333333333336,4.2592592592592595,0.0914,NA,87.4872,102.8814,39.94126284875183,0,0.5,4,5.8696,1.6174,0.1486,0.0571,4.7073,4.5477,-0.5215449887829597,-0.3246763343999514,125,113,0.7441112433347674,TRUE,-1.5370141645105941,NA,-1.25128,0.28813999999999995,1.9183007708981203,-0.23656382080646657,0.7094615795418722,0.5932203389830508,0.8719590268886044,0.8719590268886044,0.6941896024464832,0.8194945848375451,0.5384615384615384,0.8194945848375451
608379,Michael Wacha,TBR,2021,29,124.66666666666667,23,528,1974,107.33333333333333,5.420289855072464,0.1705,21.68421052631579,95.6925,102.4308,32.47213779128673,0,0.3946,3,5.0535,1.3075,0.2292,0.0587,3.9994,3.9109,-0.35999838940001605,-0.34194152973765873,106,114,0.8891392574439223,TRUE,-0.01741804236092332,-1.3140643245095451,-0.43075000000000047,0.2430800000000005,-1.1783112046404236,-0.23656382080646657,-0.5623780813441666,0.8148148148148148,0.9517839922854388,0.9517839922854388,0.8680738786279684,0.9293785310734464,0.7787610619469026,0.9293785310734464
621076,James Kaprielian,OAK,2021,27,119.33333333333333,21,502,2024,111.33333333333333,5.682539682539682,0.1633,28.88888888888889,87.5341,87.9933,36.808300395256914,0,0.3506,3,4.0726,1.2235,0.245,0.0817,4.2165,4.5567,-0.4145076030286664,-0.36516934902120257,108,115,0.8879669124015646,TRUE,-0.15573779052119696,0.31380766367998875,-1.2465900000000005,-1.2006699999999995,0.6194111449025513,-0.23656382080646657,-0.5623780813441666,0.8070739549839229,0.9529190207156308,0.9529190207156308,0.8709122203098106,0.9310027598896045,0.7699386503067485,0.9310027598896045
669145,Bruce Zimmermann,BAL,2021,26,64.33333333333333,13,285,1105,58.666666666666664,4.948717948717948,0.1193,26.824034334763947,89.6301,96.7659,37.10407239819005,0,0.4039,4,5.0363,1.5078,0.1965,0.0772,4.5897,4.4406,-0.48620253096121574,-0.3669533541151486,116,116,0.820047722484082,TRUE,-1.0010251403895345,-0.15273903267317254,-1.03699,-0.3234099999999998,0.7420347613589884,-0.23656382080646657,0.7094615795418722,0.7037037037037037,0.91701244813278,0.91701244813278,0.7864768683274022,0.8804780876494024,0.6551724137931034,0.8804780876494024
502239,Trevor Cahill,PIT,2021,33,37,8,166,665,35.666666666666664,4.625,0.1084,22.866894197952217,95.3865,92.8152,38.49624060150376,1,0.5517,4,6.5676,1.5135,0.1928,0.0843,4.4133,4.1348,-0.4775599443441267,-0.3671127782899047,114,117,0.7379027341563293,TRUE,-1.2104258702432817,-1.0468410671955997,-0.4613500000000002,-0.7184799999999996,1.319211431608541,4.199007819314781,0.7094615795418722,0.5804195804195804,0.869281045751634,0.869281045751634,0.689119170984456,0.8159509202453987,0.5253164556962026,0.8159509202453987
596071,Dillon Peters,PIT,2021,28,26.666666666666668,6,117,443,26.666666666666668,4.444444444444445,0.1111,NA,90.5555,89.3016,32.7313769751693,0,0.4819,4,3.7125,1.35,0.1966,0.0855,4.6254,4.5351,-0.6606385943003279,-0.3699843585511034,144,118,0.6648397585339139,FALSE,-1.1585559646831791,NA,-0.9444500000000005,-1.0698400000000006,-1.0708336680931845,-0.23656382080646657,0.7094615795418722,0.4936708860759494,0.8158379373848987,0.8158379373848987,0.5962314939434724,0.7470489038785835,0.43820224719101125,0.7470489038785835
592836,Taijuan Walker,NYM,2021,28,159,29,654,2547,154.33333333333334,5.482758620689655,0.1391,24.029850746268657,97.9078,96.2604,35.217903415783276,0,0.4186,4,4.4717,1.1824,0.2232,0.0841,4.4235,4.4663,-0.4178836464285042,-0.3724614252665908,109,119,0.9094611511887015,TRUE,-0.6206458329487826,-0.7840750847028296,-0.20922000000000054,-0.37395999999999957,-0.039948859730950366,-0.23656382080646657,0.7094615795418722,0.8449612403100775,0.9622213826973933,0.9622213826973933,0.8946259220231823,0.9443826473859844,0.8134328358208955,0.9443826473859844
592866,Trevor Williams,2 Tms,2021,29,91,15,405,1537,68.66666666666667,6.066666666666666,0.1457,24.54780361757106,92.2219,95.2008,34.35263500325309,0,0.4562,4,4.3516,1.4945,0.2222,0.0765,4.1418,3.9609,-0.44277315373428644,-0.3778852936640255,112,120,0.8625490541268958,TRUE,-0.49385273046853206,-0.6670454370261788,-0.7778099999999994,-0.4799199999999999,-0.3986790333030525,-0.23656382080646657,0.7094615795418722,0.7714285714285715,0.938912645082468,0.938912645082468,0.8366902558519325,0.9110847658565501,0.7297297297297297,0.9110847658565501
663554,Casey Mize,DET,2021,24,150.33333333333334,30,612,2357,150.33333333333334,5.011111111111111,0.1258,24.017467248908297,97.7175,99.4803,36.74162070428511,0,0.4806,4,3.7118,1.1375,0.1928,0.067,4.4497,4.3749,-0.4342038996936583,-0.3796946120965839,111,121,0.9036058377568269,TRUE,-0.8761531455226211,-0.7868730928100993,-0.2282499999999999,-0.05197000000000003,0.5917665241471224,-0.23656382080646657,0.7094615795418722,0.8360655737704918,0.9592999592999593,0.9592999592999593,0.8870907038012796,0.9401675309134424,0.8031496062992126,0.9401675309134424
592351,Jon Gray,COL,2021,29,149,29,644,2537,149,5.137931034482759,0.1537,27.447833065810595,95.2166,95.181,36.933385888845095,0,0.4843,2,4.5906,1.3289,0.2438,0.0901,4.1659,4.0375,-0.4214751049654996,-0.3812421799732999,110,122,0.9086824448725587,TRUE,-0.34016412140156144,-0.011793881559396875,-0.47834000000000004,-0.4819000000000003,0.6712701289778249,-0.23656382080646657,-1.8342177422302053,0.8429319371727748,0.9620781190747061,0.9620781190747061,0.8942544941839972,0.9441756605880164,0.8110831234256927,0.9441756605880164
641672,Thomas Hatch,TOR,2021,26,9.333333333333334,2,45,166,7.666666666666667,4.666666666666667,0.0444,NA,97.2305,76.9952,40.963855421686745,0,0.3333,NA,6.75,1.8214,0.1778,0.1333,5.6433,6.1633,-1.2553888430589435,-0.38280952336818336,208,123,0.45121041308663623,FALSE,-2.4399347427790454,NA,-0.27694999999999936,-2.3004800000000003,2.3422557031136613,-0.23656382080646657,NA,0.2727272727272727,0.6240601503759399,0.6240601503759399,0.3562231759656652,0.5253164556962026,0.23076923076923078,0.5253164556962026
675912,Zac Lowther,BAL,2021,25,29.666666666666668,6,138,571,23.666666666666668,4.944444444444445,0.1232,27.77777777777778,87.8738,85.9326,38.003502626970224,0,0.4286,4,6.6742,1.6517,0.2174,0.0942,4.5011,4.7698,-0.6409946610069508,-0.39622587664642633,138,124,0.7079239058762486,TRUE,-0.9261019434693863,0.06275597718971979,-1.2126199999999998,-1.4067400000000005,1.1149280247832467,-0.23656382080646657,0.7094615795418722,0.5348837209302325,0.8509687034277198,0.8509687034277198,0.6555683122847302,0.7919556171983356,0.4791666666666667,0.7919556171983356
605164,Dylan Bundy,LAA,2021,28,90.66666666666667,19,397,1524,85.66666666666667,4.771929824561404,0.1259,25,93.5028,91.2193,34.90813648293963,0,0.4074,5,6.0551,1.3566,0.2116,0.0856,4.56,4.6644,-0.4975068494686497,-0.40249434326884836,121,125,0.8609758264208859,TRUE,-0.8742320379092836,-0.564873239035953,-0.6497200000000006,-0.8780699999999996,-0.16837461060397393,-0.23656382080646657,1.981301240427911,0.7678916827852998,0.9384236453201971,0.9384236453201971,0.8355263157894737,0.910394265232975,0.7257769652650823,0.910394265232975
663372,Ryan Feltner,COL,2021,24,6.333333333333333,2,33,142,6.333333333333333,3.1666666666666665,0.0303,NA,87.2304,76.442,44.36619718309859,0,0.0952,NA,11.3684,2.2105,0.1818,0.1515,6.5187,7.4604,-1.4529960019035473,-0.40330422239849734,227,126,0.4090625100603353,FALSE,-2.710810916259581,NA,-1.2769599999999997,-2.355800000000001,3.752826842598435,-0.23656382080646657,NA,0.21568627450980393,0.5867768595041323,0.5867768595041323,0.3212669683257919,0.4863013698630137,0.18032786885245902,0.4863013698630137
660761,José Suarez,LAA,2021,23,98.33333333333333,14,413,1650,71,7.023809523809524,0.1186,27.77777777777778,92.3471,98.1412,36.666666666666664,0,0.4807,3,3.7525,1.2305,0.2058,0.0872,4.4363,4.3302,-0.4964115628669296,-0.40503436596251896,120,127,0.867661558873397,TRUE,-1.0144728936828944,0.06275597718971979,-0.7652900000000002,-0.1858800000000002,0.5606914559539247,-0.23656382080646657,-0.5623780813441666,0.774859287054409,0.9428571428571428,0.9428571428571428,0.8461538461538461,0.9166666666666666,0.7335701598579041,0.9166666666666666
592826,Vince Velasquez,2 Tms,2021,29,94.33333333333333,21,417,1750,88.3,4.492063492063492,0.1247,27.01812191103789,93.2097,91.3578,37.77142857142857,0,0.3115,4,6.2968,1.4841,0.2422,0.1175,4.7162,4.9773,-0.5024366619660461,-0.40920639171142376,123,128,0.87137739141915,TRUE,-0.8972853292693294,-0.10888562065782845,-0.6790300000000002,-0.8642200000000002,1.0187128330341382,-0.23656382080646657,0.7094615795418722,0.776536312849162,0.9459459459459459,0.9459459459459459,0.8536585365853658,0.9210526315789473,0.7354497354497355,0.9210526315789473
592767,Drew Smyly,ATL,2021,32,126.66666666666667,23,546,2139,115.66666666666667,5.507246376811595,0.1392,23.358778625954198,103.7864,97.776,33.84759233286582,0,0.392,3,4.4763,1.3737,0.2143,0.0751,4.4051,4.3887,-0.4653791759280892,-0.41035738927842563,113,129,0.8944163082420937,TRUE,-0.6187247253354456,-0.9357014935082208,0.37864000000000003,-0.22240000000000038,-0.6080638232546014,-0.23656382080646657,-0.5623780813441666,0.8198198198198198,0.9553372041089773,0.9553372041089773,0.8769987699876999,0.9344692005242464,0.7844827586206896,0.9344692005242464
672282,Reid Detmers,LAA,2021,21,20.666666666666668,5,101,379,20.666666666666668,4.133333333333334,0.0792,NA,99.6369,89.4953,36.41160949868074,0,0.3382,3,7.4032,1.7903,0.1881,0.1089,5.2686,5.865,-0.8393364885254779,-0.41547863150672404,165,130,0.6332762161380285,FALSE,-1.7713892933377238,NA,-0.036310000000000286,-1.05047,0.45494773433250507,-0.23656382080646657,-0.5623780813441666,0.45701357466063347,0.791231732776618,0.791231732776618,0.5581737849779087,0.7164461247637051,0.40239043824701193,0.7164461247637051
664062,Tony Gonsolin,LAD,2021,27,55.666666666666664,13,239,990,50.333333333333336,4.282051282051282,0.1297,30,95.1972,81.7318,39.696969696969695,0,0.365,3,3.2335,1.3473,0.272,0.1423,4.6466,4.6321,-0.5892153783506847,-0.41716639177402914,131,131,0.8001331108065018,TRUE,-0.8012299486024728,0.5648593501702577,-0.4802800000000005,-1.8268199999999992,1.8170196846222186,-0.23656382080646657,-0.5623780813441666,0.6657381615598886,0.908256880733945,0.908256880733945,0.7674418604651163,0.868421052631579,0.6143958868894601,0.868421052631579
595939,Chris Ellis,2 Tms,2021,28,29.333333333333332,6,121,482,25.333333333333332,4.888888888888888,0.0744,NA,94.6517,97.5165,37.96680497925311,0,0.2716,3,2.1477,1.1932,0.1901,0.1157,5.3521,5.4036,-0.7648891613634735,-0.41772701658269124,158,132,0.6780873263140995,FALSE,-1.8636024587779063,NA,-0.5348299999999995,-0.24835000000000065,1.099713608834845,-0.23656382080646657,-0.5623780813441666,0.5020746887966805,0.8281786941580757,0.8281786941580757,0.6163682864450127,0.7626582278481012,0.44649446494464945,0.7626582278481012
548389,Ross Stripling,TOR,2021,31,101.33333333333333,19,431,1686,86.33333333333333,5.333333333333333,0.1485,24.381625441696112,90.5967,92.6455,36.358244365361806,0,0.3555,4,4.7961,1.273,0.2181,0.0696,4.3482,4.5953,-0.4909893680577976,-0.4256383962675055,118,133,0.8710857741727984,TRUE,-0.44006171729509247,-0.7045928172063326,-0.9403300000000001,-0.7354500000000002,0.4328231736054813,-0.23656382080646657,0.7094615795418722,0.7822141560798548,0.9440089585666294,0.9440089585666294,0.8489425981873112,0.9183006535947712,0.7418244406196214,0.9183006535947712
456501,Johnny Cueto,SFG,2021,35,114.66666666666667,21,490,1878,112.33333333333333,5.4603174603174605,0.1388,23.452768729641694,88.472,99.9203,34.98402555910543,0,0.3808,4,4.0814,1.3692,0.2,0.0612,4.4326,4.2736,-0.487230278728274,-0.43137986742620943,117,134,0.8831602018613444,TRUE,-0.6264091557887939,-0.9144647568684938,-1.1528000000000005,-0.007970000000000255,-0.13691188635453816,-0.23656382080646657,0.7094615795418722,0.8032786885245902,0.9494438827098078,0.9494438827098078,0.8622589531680441,0.9260355029585798,0.765625,0.9260355029585798
592716,Adrian Sampson,CHC,2021,29,35.333333333333336,5,145,554,24,7.066666666666667,0.1379,NA,80.7546,85.5765,37.00361010830325,0,0.4412,4,2.8019,1.0755,0.1931,0.0552,4.2922,4.6713,-0.6566248583525707,-0.43729266185995497,143,135,0.7079229168076571,FALSE,-0.6436991243088283,NA,-1.9245400000000004,-1.4423500000000005,0.7003842698275121,-0.23656382080646657,0.7094615795418722,0.5471698113207547,0.8470948012232415,0.8470948012232415,0.6487119437939111,0.7869318181818182,0.4915254237288136,0.7869318181818182
669169,Jonathan Heasley,KCR,2021,24,14.666666666666666,3,59,250,14.666666666666666,4.888888888888888,0.0508,NA,86.8899,92.5405,40.8,0,0.4583,3,4.9091,1.2273,0.1017,0.0508,5.5145,5.6602,-1.084020757946465,-0.43878141535209664,190,136,0.5350032103402961,FALSE,-2.316983855525469,NA,-1.3110100000000002,-0.7459500000000006,2.274323159857477,-0.23656382080646657,-0.5623780813441666,0.329608938547486,0.7142857142857143,0.7142857142857143,0.45454545454545453,0.625,0.2822966507177033,0.625
657053,Touki Toussaint,ATL,2021,25,50,10,216,820,49,5,0.1204,NA,96.2755,88.0837,39.51219512195122,0,0.4706,3,4.5,1.3,0.2222,0.1019,4.5794,4.5885,-0.6319338615044793,-0.4419562268033217,137,137,0.776927754223277,FALSE,-0.9798929566428262,NA,-0.3724500000000006,-1.1916300000000006,1.7404143048253733,-0.23656382080646657,-0.5623780813441666,0.6428571428571429,0.8913043478260869,0.8913043478260869,0.7321428571428571,0.845360824742268,0.5901639344262295,0.845360824742268
547943,Hyun Jin Ryu,TOR,2021,34,169,31,701,2689,169,5.451612903225806,0.1512,22.646657571623464,90.55,97.405,33.69282261063592,0,0.4678,4,4.3669,1.2249,0.204,0.0528,4.1655,3.9448,-0.4786622777829293,-0.44320384404328483,115,138,0.9142606067518401,TRUE,-0.3881918117349898,-1.096602766015684,-0.9450000000000003,-0.2594999999999999,-0.6722295416781912,-0.23656382080646657,0.7094615795418722,0.853836784409257,0.9641448547866619,0.9641448547866619,0.8996319839411174,0.9471644945403311,0.8237367802585194,0.9471644945403311
547001,Cody Poteet,MIA,2021,26,30.666666666666668,7,132,549,30.666666666666668,4.380952380952381,0.1212,24.031007751937985,91.6042,91.5826,36.612021857923494,0,0.3293,4,4.9891,1.337,0.2424,0.1212,4.7843,4.9496,-0.6859323846249719,-0.44537496751488254,149,139,0.7001695400736557,TRUE,-0.964524095736129,-0.7838136633007226,-0.8395799999999994,-0.84174,0.5380363567484306,-0.23656382080646657,0.7094615795418722,0.5238095238095238,0.8459167950693375,0.8459167950693375,0.6466431095406361,0.7854077253218884,0.46808510638297873,0.7854077253218884
518876,Merrill Kelly,ARI,2021,32,158,27,667,2425,158,5.851851851851852,0.1334,21.599045346062052,93.793,97.4361,33.56701030927835,0,0.4392,5,4.443,1.2911,0.1949,0.0615,4.425,4.2438,-0.49534420508795834,-0.4462895834180652,119,140,0.908302740978358,TRUE,-0.7301489669089992,-1.333307100429199,-0.6206999999999994,-0.2563900000000004,-0.7243898517622395,-0.23656382080646657,1.981301240427911,0.8475222363405337,0.9603960396039604,0.9603960396039604,0.8899082568807339,0.941747572815534,0.8164014687882497,0.941747572815534
664337,Miguel Yajure,PIT,2021,23,15,3,68,239,11.333333333333334,5,0.0588,26.923076923076923,85.4072,91.933,40.1673640167364,0,0.3469,NA,8.4,1.6,0.1618,0.1029,5.4168,5.7735,-1.0461636009690836,-0.4516383419811898,186,141,0.5365519620851672,FALSE,-2.1632952464584987,-0.1303607047258719,-1.4592799999999997,-0.8066999999999993,2.012039673256502,-0.23656382080646657,NA,0.3617021276595745,0.7050147492625368,0.7050147492625368,0.44341372912801486,0.6143958868894601,0.3119266055045872,0.6143958868894601
448179,Rich Hill,2 Tms,2021,41,158.66666666666666,31,661,2496,155.66666666666666,5.118279569892473,0.1437,23.987034035656404,105.3273,97.6561,33.37339743589744,0,0.3519,2,3.8571,1.2101,0.2269,0.0832,4.43,4.7011,-0.501063461224491,-0.4536393335372065,122,142,0.909096794893068,TRUE,-0.5322748827352747,-0.7937493713710845,0.5327299999999994,-0.2343900000000005,-0.8046594867887068,-0.23656382080646657,-1.8342177422302053,0.8463508322663252,0.9614791987673343,0.9614791987673343,0.8927038626609443,0.9433106575963719,0.815043156596794,0.9433106575963719
665795,Edward Cabrera,MIA,2021,23,26.333333333333332,7,120,482,26.333333333333332,3.761904761904762,0.075,NA,97.954,82.6933,40.871369294605806,0,0.4179,4,5.8101,1.6329,0.2333,0.1583,5.3132,5.1377,-0.8867267993140172,-0.46609151516097336,171,143,0.6774980821288301,FALSE,-1.8520758130978834,NA,-0.20460000000000064,-1.7306700000000006,2.3039120354837057,-0.23656382080646657,0.7094615795418722,0.5,0.8281786941580757,0.8281786941580757,0.6163682864450127,0.7626582278481012,0.4444444444444444,0.7626582278481012
518516,Madison Bumgarner,ARI,2021,31,146.33333333333334,26,613,2294,146.33333333333334,5.628205128205129,0.1387,24.34077079107505,101.0871,94.2484,32.51961639058413,0,0.3326,3,4.6743,1.1822,0.2023,0.0636,4.5663,4.8515,-0.5279554726549841,-0.4693594127627019,127,144,0.9025362201195651,TRUE,-0.6283302634021314,-0.7138237832517818,0.10871000000000067,-0.5751599999999997,-1.158627132137286,-0.23656382080646657,-0.5623780813441666,0.8362892223738063,0.9582289055973267,0.9582289055973267,0.8843484965304549,0.9386252045826514,0.8034076015727392,0.9386252045826514
650668,Humberto Mejía,ARI,2021,24,22.333333333333332,5,105,421,22.333333333333332,4.466666666666667,0.1048,NA,85.4028,83.9682,36.104513064133016,0,0.2933,4,7.2537,1.8358,0.1905,0.0857,4.9335,4.879,-0.8453908394023197,-0.47050751600282836,166,145,0.6504387717289314,FALSE,-1.2795857443234184,NA,-1.4597200000000001,-1.6031800000000005,0.32762914084942735,-0.23656382080646657,0.7094615795418722,0.4666666666666667,0.8080614203454894,0.8080614203454894,0.5839112343966713,0.7373029772329247,0.4117647058823529,0.7373029772329247
669212,Eli Morgan,CLE,2021,25,89.33333333333333,18,379,1414,89.33333333333333,4.962962962962963,0.1557,24.85549132947977,88.245,93.3718,33.59264497878359,0,0.2921,3,5.3396,1.2537,0.2137,0.058,4.512,4.9158,-0.557548047531873,-0.4849097997568371,128,146,0.8538599626046554,TRUE,-0.3017419691348188,-0.5975244699378667,-1.1754999999999995,-0.6628200000000006,-0.7137620173146756,-0.23656382080646657,-0.5623780813441666,0.7595190380761523,0.9339498018494056,0.9339498018494056,0.8249708284714119,0.9040920716112532,0.7164461247637051,0.9040920716112532
656849,David Peterson,NYM,2021,25,66.66666666666667,15,287,1122,66.66666666666667,4.444444444444445,0.1394,25.333333333333332,87.7669,88.6167,36.898395721925134,0,0.4916,4,5.535,1.395,0.2404,0.101,4.2735,3.9268,-0.6105139058706354,-0.48831239121431586,136,147,0.8216320907700514,TRUE,-0.6148825101087713,-0.48955773308887257,-1.2233099999999992,-1.1383300000000005,0.6567636146167952,-0.23656382080646657,0.7094615795418722,0.7051597051597052,0.9181669394435352,0.9181669394435352,0.7890295358649789,0.8820754716981132,0.6567505720823799,0.8820754716981132
571510,Matthew Boyd,DET,2021,30,78.66666666666667,15,337,1273,78.66666666666667,5.2444444444444445,0.1306,22.473867595818817,98.4338,100.0351,32.36449332285939,0,0.384,3,3.8898,1.2712,0.1988,0.0682,4.5627,4.7863,-0.5871928508593658,-0.49068066473754,130,148,0.840314675217607,TRUE,-0.7839399800824388,-1.1356440593666166,-0.15661999999999948,0.003509999999999991,-1.2229393434743587,-0.23656382080646657,-0.5623780813441666,0.737417943107221,0.9271667880553532,0.9271667880553532,0.8092816274634457,0.8945888966971187,0.6919917864476386,0.8945888966971187
657140,Kyle Wright,ATL,2021,25,6.333333333333333,2,35,133,6.333333333333333,3.1666666666666665,0.0286,29.41176470588235,82.0986,57.9562,43.609022556390975,0,0.4211,NA,9.9474,1.8947,0.1714,0.1429,5.9238,8.3243,-1.7923314288697179,-0.5001702609118389,238,149,0.4005307462943262,FALSE,-2.7434697456863124,0.4319496337930561,-1.7901399999999996,-4.20438,3.4389110896022634,-0.23656382080646657,NA,0.22580645161290322,0.5708154506437768,0.5708154506437768,0.3071593533487298,0.46996466431095407,0.1891891891891892,0.46996466431095407
596133,Luke Weaver,ARI,2021,27,65.66666666666667,13,275,1109,65.66666666666667,5.051282051282052,0.1527,24.024024024024023,91.9094,98.204,32.82236248872859,0,0.383,2,4.2487,1.1878,0.2255,0.0727,4.2862,4.2562,-0.590826232708872,-0.5016643525380023,132,150,0.8180905811788407,TRUE,-0.3593751975349328,-0.7853916123044329,-0.8090599999999994,-0.17960000000000065,-1.033112137295327,-0.23656382080646657,-1.8342177422302053,0.6962025316455697,0.9172870140612076,0.9172870140612076,0.78708303761533,0.880857823669579,0.6470588235294118,0.880857823669579
663903,Brady Singer,KCR,2021,24,128.33333333333334,27,586,2287,128.33333333333334,4.753086419753087,0.1331,25.816023738872403,96.5228,97.3221,36.335811106252734,0,0.4987,2,4.9091,1.5506,0.2235,0.0904,4.2976,4.1094,-0.574318527678044,-0.5105098566970591,129,151,0.9004814554066958,TRUE,-0.7359122897490106,-0.38049551676194254,-0.34771999999999964,-0.2677899999999994,0.4235226065011616,-0.23656382080646657,-1.8342177422302053,0.830028328611898,0.9581064097193129,0.9581064097193129,0.8840355624275222,0.9384489125974559,0.7961956521739131,0.9384489125974559
431148,Scott Kazmir,SFG,2021,37,11.333333333333334,4,55,207,10.333333333333334,2.8333333333333335,0.0727,21.311475409836067,95.9696,87.4033,36.231884057971016,0,0.4737,NA,6.3529,1.8529,0.1818,0.1091,5.1025,5.0174,-1.2095215280622214,-0.5233390761990427,205,152,0.4998657840545427,FALSE,-1.8962612882046375,-1.3982825261552885,-0.40304,-1.2596699999999998,0.38043566662325795,-0.23656382080646657,NA,0.3142857142857143,0.6742671009771987,0.6742671009771987,0.40828402366863903,0.5798319327731093,0.2682926829268293,0.5798319327731093
643290,Justin Dunn,SEA,2021,25,50.333333333333336,11,218,870,50.333333333333336,4.575757575757576,0.0917,25,102.7282,93.8841,37.35632183908046,0,0.3382,3,3.755,1.3113,0.2248,0.133,5.1772,5.6086,-0.7543513132377218,-0.5269122007758458,156,153,0.7829497497242314,FALSE,-1.5312508416705826,-0.564873239035953,0.2728200000000001,-0.6115899999999996,0.8466144321336055,-0.23656382080646657,-0.5623780813441666,0.6449704142011834,0.8969072164948454,0.8969072164948454,0.7435897435897436,0.8529411764705882,0.592391304347826,0.8529411764705882
663465,Kolby Allard,TEX,2021,23,124.66666666666667,17,534,2054,91.66666666666667,7.333333333333334,0.1367,21.663442940038685,94.5125,95.4123,34.56669912366115,0,0.3852,4,5.4144,1.2754,0.1948,0.0581,4.4077,4.6366,-0.6039403514517097,-0.5377265186547044,134,154,0.8915437431312598,TRUE,-0.666752415668874,-1.3187566883128248,-0.5487499999999997,-0.4587699999999998,-0.30993055022253296,-0.23656382080646657,0.7094615795418722,0.8165137614678899,0.9535747446610956,0.9535747446610956,0.8725573491928632,0.9319419237749547,0.7807017543859649,0.9319419237749547
607200,Erick Fedde,WSN,2021,28,133.33333333333334,27,590,2410,131.66666666666666,4.938271604938272,0.1356,20.32520325203252,94.5633,104.0175,39.045643153526974,0,0.4975,3,5.4675,1.44,0.2169,0.0814,4.2988,4.0609,-0.5919868593107633,-0.5420909042731684,133,155,0.9029590472683982,TRUE,-0.6878845994155822,-1.621127285854768,-0.5436700000000002,0.40174999999999983,1.5469873101615665,-0.23656382080646657,-0.5623780813441666,0.8309859154929577,0.9601593625498008,0.9601593625498008,0.8892988929889298,0.94140625,0.7972972972972973,0.94140625
669211,Keegan Akin,BAL,2021,26,95,17,427,1768,77,5.588235294117647,0.0984,23.25581395348837,104.8218,99.8394,34.502262443438916,0,0.3621,3,6.6316,1.5789,0.192,0.0937,4.919,5.1844,-0.6705450744985983,-0.5543920428704315,145,156,0.873158460672295,TRUE,-1.4025366315769947,-0.9589660027125385,0.4821799999999996,-0.01606000000000023,-0.3366452449297393,-0.23656382080646657,-0.5623780813441666,0.7806215722120659,0.9464668094218416,0.9464668094218416,0.8549323017408124,0.921793534932221,0.7400346620450606,0.921793534932221
656457,Tyler Gilbert,ARI,2021,27,40,6,157,600,36.333333333333336,6.666666666666667,0.0764,NA,97.1343,89.2378,32.833333333333336,0,0.386,3,3.15,1.025,0.1592,0.0828,5.2092,5.0873,-0.9089725467653788,-0.5586887878470896,175,157,0.7227342908611838,FALSE,-1.8251803065111636,NA,-0.2865700000000004,-1.0762200000000006,-1.0285637533114647,-0.23656382080646657,-0.5623780813441666,0.5667870036101083,0.8571428571428571,0.8571428571428571,0.6666666666666666,0.8,0.511400651465798,0.8
476594,Robert Stock,2 Tms,2021,31,9,3,45,168,9,3,0,23.636363636363637,96.6708,78.0073,42.857142857142854,0,0.4231,NA,8,2.1111,0.2,0.2,6.4476,6.4638,-1.6935931187448334,-0.5664896509406043,234,158,0.45325799704847863,FALSE,-3.2929065231007315,-0.8729821270012832,-0.33292,-2.19927,3.1271905516620095,-0.23656382080646657,NA,0.2727272727272727,0.6268656716417911,0.6268656716417911,0.358974358974359,0.5283018867924528,0.23076923076923078,0.5283018867924528
425794,Adam Wainwright,STL,2021,39,206.33333333333334,32,828,3068,206.33333333333334,6.447916666666667,0.1498,20.923520923520922,96.1692,97.4088,34.51760104302477,0,0.4746,3,3.0533,1.0565,0.2101,0.0604,4.1344,3.8719,-0.6063410563504891,-0.568982689583454,135,159,0.9249447050125895,TRUE,-0.41508731832170986,-1.4859394914190833,-0.38307999999999964,-0.2591200000000001,-0.3302860407659169,-0.23656382080646657,-0.5623780813441666,0.8734177215189873,0.9684343434343434,0.9684343434343434,0.9109263657957245,0.9533871970167807,0.8466257668711656,0.9533871970167807
607536,Kyle Freeland,COL,2021,28,120.66666666666667,23,515,1886,120.66666666666667,5.246376811594203,0.1301,19.365079365079364,93.4942,95.8135,35.790031813361615,0,0.4503,5,4.326,1.4171,0.2039,0.0738,4.4428,4.2578,-0.6451980758501582,-0.571317655243177,140,160,0.8857385820820679,TRUE,-0.7935455181491246,-1.838063934808032,-0.6505799999999994,-0.4186499999999995,0.19724888884818964,-0.23656382080646657,1.981301240427911,0.8110236220472441,0.9496475327291037,0.9496475327291037,0.8627630375114365,0.9263261296660118,0.7744360902255639,0.9263261296660118
669424,Jimmy Lambert,CHW,2021,26,13,3,60,246,11.666666666666666,4.333333333333333,0.0667,22.641509433962263,91.4981,85.0133,39.43089430894309,0,0.2143,NA,6.2308,1.6923,0.1667,0.1,5.7281,6.4636,-1.2657466665793253,-0.573150995949922,210,161,0.5334266614200552,FALSE,-2.0115277450048654,-1.0977659697936,-0.8501900000000007,-1.49867,1.706707937714759,-0.23656382080646657,NA,0.3333333333333333,0.7109826589595376,0.7109826589595376,0.45054945054945056,0.6212121212121212,0.2857142857142857,0.6212121212121212
501381,Michael Pineda,MIN,2021,32,109.33333333333333,21,458,1707,106.33333333333333,5.2063492063492065,0.1463,22.755741127348642,92.449700000000007,94.7078,30.93145869947276,0,0.3977,3,3.622,1.2348,0.1921,0.0459,4.3607,4.2892,-0.6548006426527493,-0.5805625554667367,142,162,0.8748526587279263,TRUE,-0.48232608478850897,-1.071955716445839,-0.7550299999999993,-0.5292199999999994,-1.817058753980846,-0.23656382080646657,-0.5623780813441666,0.7923875432525952,0.9446596568898727,0.9446596568898727,0.8505231689088192,0.9192245557350566,0.7532894736842105,0.9192245557350566
489119,Wade Miley,CIN,2021,34,163,28,690,2592,163,5.821428571428571,0.1087,23.96576319543509,98.3566,98.7957,37.19135802469136,0,0.494,3,3.3681,1.3252,0.1812,0.0725,4.5182,4.073,-0.6539047744180442,-0.5818382173576135,141,163,0.912263226860343,TRUE,-1.2046625474032702,-0.7985554436506475,-0.16433999999999999,-0.12043000000000034,0.7782223622140853,-0.23656382080646657,-0.5623780813441666,0.8518518518518519,0.962852897473997,0.962852897473997,0.8962655601659751,0.9452954048140044,0.8214285714285714,0.9452954048140044
675921,Spencer Howard,2 Tms,2021,24,49.666666666666664,15,229,936,43.666666666666664,3.311111111111111,0.1092,29.23076923076923,95.2364,84.3618,37.39316239316239,0,0.363,2,7.4295,1.6107,0.2271,0.1179,4.7985,4.9841,-0.8212701906169239,-0.59148722273498,162,164,0.7926243372516915,FALSE,-1.1950570093365847,0.3910543364462251,-0.4763599999999997,-1.5638199999999998,0.8618880953910673,-0.23656382080646657,-1.8342177422302053,0.6561604584527221,0.9034749034749034,0.9034749034749034,0.7572815533980582,0.861878453038674,0.604221635883905,0.861878453038674
641540,Dane Dunning,TEX,2021,26,117.66666666666667,25,511,1909,114.66666666666667,4.706666666666667,0.1389,25.54621848739496,91.1806,88.3829,35.14929282346778,0,0.5391,3,4.5127,1.4363,0.2231,0.0841,4.1177,3.8717,-0.684092792545419,-0.5986135721864656,147,165,0.8859764152942059,FALSE,-0.624488048175457,-0.4414570738285515,-0.8819400000000002,-1.1617099999999994,-0.0683940096217807,-0.23656382080646657,-0.5623780813441666,0.8098256735340729,0.9502239920358387,0.9502239920358387,0.8641919420552286,0.9271491015055853,0.773071104387292,0.9271491015055853
641541,Jon Duplantier,ARI,2021,26,13,4,70,270,13,3.25,0.0571,20.833333333333332,94.754,87.9883,38.888888888888886,0,0.4894,4,13.1538,2.0769,0.1714,0.1143,5.2981,5.6674,-1.259609505839391,-0.6024006595189946,209,166,0.5579229752162084,FALSE,-2.19595407588523,-1.5063170633744623,-0.5245999999999995,-1.2011700000000005,1.4819988236440063,-0.23656382080646657,0.7094615795418722,0.3684210526315789,0.7297297297297297,0.7297297297297297,0.47368421052631576,0.6428571428571429,0.3181818181818182,0.6428571428571429
605347,Jorge López,BAL,2021,28,121.66666666666667,25,555,2166,113.33333333333333,4.866666666666667,0.1009,21.483771251931994,99.7289,98.3643,38.227146814404435,0,0.504,4,6.0658,1.6274,0.2018,0.1009,4.6458,4.479,-0.7006236976827491,-0.6074289357609817,151,167,0.8957152616417993,TRUE,-1.3545089412435665,-1.359352880595189,-0.02711000000000041,-0.16357,1.2076482917141367,-0.23656382080646657,0.7094615795418722,0.8222222222222222,0.9558693733451015,0.9558693733451015,0.878345498783455,0.93523316062176165,0.7872340425531915,0.93523316062176165
571578,Patrick Corbin,WSN,2021,31,171.66666666666666,31,751,2750,171.66666666666666,5.53763440860215,0.1105,24.390243902439025,93.8859,98.6132,36.763636363636365,0,0.4717,3,5.8194,1.468,0.1904,0.0799,4.6096,4.2906,-0.6800657232158597,-0.6128438718667077,146,168,0.9176801811004569,TRUE,-1.170082610363202,-0.7026455060123201,-0.6114099999999993,-0.1386799999999994,0.6008939592713118,-0.23656382080646657,-0.5623780813441666,0.8622273249138921,0.9649122807017544,0.9649122807017544,0.9016393442622951,0.9482758620689655,0.8335183129855716,0.9482758620689655
425844,Zack Greinke,HOU,2021,37,171,29,697,2577,168.66666666666666,5.896551724137931,0.1205,22.629582806573957,88.4888,97.2229,36.43771827706636,0,0.4438,4,4.1579,1.1696,0.1722,0.0516,4.5359,4.2079,-0.6850943819889665,-0.6201977498805402,148,169,0.9124326798153658,TRUE,-0.977971849029489,-1.1004607497215775,-1.1511200000000001,-0.27771000000000046,0.46577212878213164,-0.23656382080646657,0.7094615795418722,0.8531211750305998,0.9626447515875981,0.9626447515875981,0.8957247132429614,0.944994499449945,0.8229043683589138,0.944994499449945
640444,Wil Crowe,PIT,2021,26,116.66666666666667,25,524,2171,116,4.666666666666667,0.1031,23.29059829059829,88.5665,92.4485,40.304007369875634,0,0.4294,5,5.4771,1.5686,0.2118,0.1088,4.8582,4.8985,-0.7273574480496965,-0.6246584733213632,153,170,0.8931975383274803,TRUE,-1.3122445737501498,-0.9511066028671364,-1.1433499999999994,-0.7551500000000004,2.0686904108533763,-0.23656382080646657,1.981301240427911,0.8136645962732919,0.9559665345662703,0.9559665345662703,0.8785916632942129,0.93537268418785,0.7774480712166172,0.93537268418785
527048,Martín Pérez,BOS,2021,30,114,22,509,1860,100,5.181818181818182,0.1198,18.12297734627832,96.2511,102.4365,35.86021505376344,0,0.4365,4,4.7368,1.5088,0.1906,0.0707,4.5217,4.4788,-0.7153928077276425,-0.6368383662421282,152,171,0.884488563814993,TRUE,-0.9914196023228488,-2.1187125607597053,-0.3748900000000006,0.24364999999999953,0.22634604025994406,-0.23656382080646657,0.7094615795418722,0.809220985691574,0.9489795918367347,0.9489795918367347,0.8611111111111112,0.9253731343283582,0.7723823975720789,0.9253731343283582
641771,Chad Kuhl,PIT,2021,28,80.33333333333333,14,349,1436,67,5.738095238095238,0.0946,27.98913043478261,94.1206,80.1917,41.57381615598886,0,0.4409,4,4.8174,1.4315,0.2149,0.1203,4.8927,4.8985,-0.8299571008210468,-0.6425024295594198,164,172,0.8501943939600715,FALSE,-1.4755387208838058,0.11051037407645571,-0.5879400000000004,-1.9808300000000003,2.5951382964450467,-0.23656382080646657,0.7094615795418722,0.744136460554371,0.9348958333333334,0.9348958333333334,0.8271889400921659,0.905422446406053,0.6993987975951904,0.905422446406053
543606,Jake Odorizzi,HOU,2021,31,104.66666666666667,23,441,1847,100.66666666666667,4.550724637681159,0.1293,23.4718826405868,88.1936,94.7905,36.816459122902,0,0.3528,3,4.2134,1.2516,0.2063,0.0771,4.6205,4.818,-0.7452194184095438,-0.6514324017999985,155,173,0.8770874028350819,FALSE,-0.8089143790558214,-0.9101460352481198,-1.1806399999999997,-0.5209500000000006,0.6227936580532301,-0.23656382080646657,-0.5623780813441666,0.786096256684492,0.9486389316897792,0.9486389316897792,0.8602701443875175,0.9248873309964948,0.7461928934010152,0.9248873309964948
643230,Steven Brault,PIT,2021,29,27.666666666666668,7,127,498,27.666666666666668,3.9523809523809526,0.0551,NA,84.4872,84.4459,36.74698795180723,0,0.4348,4,5.8554,1.6265,0.1496,0.0945,5.4165,5.3744,-1.1545915059143026,-0.6660888871439622,196,174,0.6856146888394751,FALSE,-2.234376228151972,NA,-1.5512799999999998,-1.5554100000000006,0.5939917222559763,-0.23656382080646657,0.7094615795418722,0.5141700404858299,0.8327759197324415,0.8327759197324415,0.6240601503759399,0.7685185185185185,0.4584837545126354,0.7685185185185185
640464,Kohl Stewart,CHC,2021,26,13.666666666666666,3,64,237,12.666666666666666,4.555555555555555,0.0781,21.21212121212121,92.9313,74.4456,42.61603375527426,0,0.5227,NA,5.2683,1.6829,0.1719,0.0938,4.8334,4.8656,-1.4327489637792978,-0.6688159637249078,226,175,0.5313666687287917,FALSE,-1.7925214770844322,-1.4207312611618705,-0.7068700000000007,-2.55544,3.027229535276106,-0.23656382080646657,NA,0.34782608695652173,0.7032640949554896,0.7032640949554896,0.441340782122905,0.6124031007751938,0.29906542056074764,0.6124031007751938
623167,Chris Flexen,SEA,2021,26,179.66666666666666,31,741,2811,179.66666666666666,5.795698924731182,0.1147,20,92.8058,100.8367,35.04091070793312,0,0.4243,4,3.6067,1.2523,0.1687,0.054,4.6995,4.5559,-0.7333428097732188,-0.6709245536647628,154,176,0.9179747084180147,TRUE,-1.0893960906030427,-1.6946058282421637,-0.7194199999999995,0.08366999999999933,-0.1133279683273446,-0.23656382080646657,0.7094615795418722,0.8606271777003485,0.9656475437993817,0.9656475437993817,0.9035679845708775,0.9493414387031408,0.8316498316498316,0.9493414387031408
668676,Zach Plesac,CLE,2021,26,142.66666666666666,25,598,2205,142.66666666666666,5.706666666666666,0.1104,24.528301886792452,85.002,93.8237,33.92290249433107,0,0.4525,4,4.6682,1.1986,0.1672,0.0569,4.7342,4.7698,-0.7770226358300711,-0.6858181957374458,159,177,0.8997739159241954,FALSE,-1.1720037179765392,-0.6714517851874826,-1.4998000000000005,-0.6176299999999998,-0.5768411102756639,-0.23656382080646657,0.7094615795418722,0.8328690807799443,0.9566160520607375,0.9566160520607375,0.8802395209580839,0.9363057324840764,0.7994652406417112,0.9363057324840764
605288,Adrian Houser,MIL,2021,28,142.33333333333334,26,599,2352,135.33333333333334,5.4743589743589745,0.0684,20.30534351145038,95.2505,97.2575,39.41326530612245,1,0.5898,4,3.2248,1.2787,0.1753,0.1068,4.7254,4.3117,-0.7605802711784688,-0.6862116979564956,157,178,0.9026060271437009,TRUE,-1.978868915578134,-1.6256145250845326,-0.47494999999999976,-0.27425000000000066,1.6993991591321003,4.199007819314781,0.7094615795418722,0.8331015299026425,0.9592169657422512,0.9592169657422512,0.8868778280542986,0.9400479616306955,0.7997329773030708,0.9400479616306955
663738,Daniel Lynch IV,KCR,2021,24,68,15,311,1257,68,4.533333333333333,0.0772,23.863636363636363,91.6151,94.8531,38.74303898170247,0,0.3881,4,5.6912,1.6324,0.1768,0.0997,5.1909,5.2241,-0.89533410562896,-0.6958184990543097,173,179,0.8347023339939372,FALSE,-1.8098114456044665,-0.8216306456737282,-0.8384900000000002,-0.5146900000000002,1.421531156313514,-0.23656382080646657,0.7094615795418722,0.7215777262180975,0.9263080324244657,0.9263080324244657,0.8073217726396917,0.8933901918976546,0.6746203904555315,0.8933901918976546
594835,Marco Gonzales,SEA,2021,29,143.33333333333334,25,585,2324,143.33333333333334,5.733333333333333,0.1128,22.02247191011236,92.8338,93.5655,35.327022375215144,0,0.3216,4,3.9558,1.1651,0.1846,0.0718,4.9419,5.1579,-0.7876790074119524,-0.6976745164025407,160,180,0.9010867095242089,FALSE,-1.125897135256448,-1.2376353427205506,-0.7166200000000004,-0.64345,0.0052905858447143544,-0.23656382080646657,0.7094615795418722,0.8297872340425532,0.9587458745874587,0.9587458745874587,0.885670731707317,0.9393694421988682,0.7959183673469388,0.9393694421988682
676050,Packy Naughton,LAA,2021,25,22.666666666666668,5,108,383,17.333333333333332,4.533333333333333,-0.0185,NA,84.7638,94.9385,38.90339425587467,0,0.5125,4,6.3529,1.8088,0.1111,0.1296,5.9378,5.4976,-1.3990742562827658,-0.707793132598522,224,181,0.6394456787679178,FALSE,-3.6483114315681004,NA,-1.5236199999999998,-0.5061499999999995,1.4880125793077807,-0.23656382080646657,0.7094615795418722,0.47368421052631576,0.7929606625258799,0.7929606625258799,0.5607613469985359,0.7185741088180112,0.4186046511627907,0.7185741088180112
502179,Paolo Espino,WSN,2021,34,109.66666666666667,19,455,1735,86,5.771929824561404,0.1473,16.556291390728475,96.5359,99.2267,34.5821325648415,0,0.3598,3,4.2675,1.2128,0.2022,0.0549,4.3405,4.4558,-0.7891795566037961,-0.7174998949019352,161,182,0.8754010424087697,FALSE,-0.46311500865513816,-2.4726997969669715,-0.3464100000000002,-0.0773300000000006,-0.3035320258418128,-0.23656382080646657,-0.5623780813441666,0.7913043478260869,0.9455040871934605,0.9455040871934605,0.8525798525798526,0.9204244031830239,0.7520661157024794,0.9204244031830239
642028,Josh Rogers,WSN,2021,26,35.666666666666664,6,151,533,35.666666666666664,5.944444444444444,0.053,NA,89.8738,86.4761,36.02251407129456,0,0.2973,3,3.2804,1.2897,0.1457,0.0927,5.7781,6.0029,-1.1766086343331583,-0.71951057909631,199,183,0.706216889243797,FALSE,-2.2747194880320523,NA,-1.0126199999999996,-1.3523899999999998,0.2936333165390707,-0.23656382080646657,-0.5623780813441666,0.5571955719557196,0.8420221169036335,0.8420221169036335,0.6398559423769508,0.780380673499268,0.5016611295681063,0.780380673499268
518774,Matt Harvey,BAL,2021,32,127.66666666666667,28,582,2232,127.66666666666667,4.559523809523809,0.0997,20.746268656716417,89.1922,95.3463,35.88709677419355,0,0.4273,5,6.2742000000000004,1.5431,0.1632,0.0636,4.854,4.8108,-0.8284440844814182,-0.7297752963363371,163,184,0.8991357866081906,FALSE,-1.377562232603612,-1.525989023883028,-1.08078,-0.46537000000000006,0.23749088744974509,-0.23656382080646657,1.981301240427911,0.8290598290598291,0.9571183533447685,0.9571183533447685,0.8815165876777251,0.9370277078085643,0.7950819672131147,0.9370277078085643
608328,Chase De Jong,PIT,2021,27,43.666666666666664,9,196,775,43.666666666666664,4.851851851851851,0.102,21.53846153846154,93.7207,92.4493,36.774193548387096,0,0.3015,3,5.771,1.5573,0.199,0.0969,5.0607,5.3842,-0.988800233332107,-0.7300928598911469,181,185,0.7649659475226649,FALSE,-1.3333767574968582,-1.3469958007940985,-0.6279300000000007,-0.7550700000000006,0.605270844713123,-0.23656382080646657,-0.5623780813441666,0.620253164556962,0.8857142857142857,0.8857142857142857,0.7209302325581395,0.8378378378378378,0.5664739884393064,0.8378378378378378
668968,Hans Crouse,PHI,2021,22,7,2,32,131,7,3.5,-0.1562,NA,74.1762,74.6468,42.74809160305343,0,0.1818,NA,5.1429,1.5714,0.0625,0.2188,9.3936,8.8753,-2.8142975520055296,-0.7347279130238907,245,186,0.39383975471357685,FALSE,-6.2936766151333305,NA,-2.5823800000000006,-2.53532,3.081979175930217,-0.23656382080646657,NA,0.21052631578947367,0.5670995670995671,0.5670995670995671,0.3039443155452436,0.46619217081850534,0.17582417582417584,0.46619217081850534
642203,Taylor Widener,ARI,2021,26,70.33333333333333,13,319,1217,61,5.41025641025641,0.1129,23.25581395348837,90.226,90.4063,37.79786359901397,0,0.3401,3,4.3507,1.4502,0.2288,0.116,4.8083,5.2789,-0.9139415197506359,-0.7451252425970328,176,187,0.833963480690674,FALSE,-1.1239760276431108,-0.9589660027125385,-0.9774,-0.9593699999999998,1.029672486589922,-0.23656382080646657,-0.5623780813441666,0.7266514806378133,0.9240698557327259,0.9240698557327259,0.8022412656558998,0.8902706656912948,0.6801705756929638,0.8902706656912948
669935,A.J. Alexy,TEX,2021,23,23,4,97,424,19.333333333333332,5.75,0,NA,91.6284,83.1846,42.216981132075475,0,0.2333,3,4.6957,1.3043,0.1753,0.1753,6.564,6.4944,-1.5199180214020176,-0.7622343590153061,228,188,0.6458607207259386,FALSE,-3.2929065231007315,NA,-0.8371600000000001,-1.6815399999999996,2.8617869804440135,-0.23656382080646657,-0.5623780813441666,0.4470046082949309,0.8091603053435115,0.8091603053435115,0.585635359116022,0.7386759581881533,0.39271255060728744,0.7386759581881533
592314,Mike Foltynewicz,TEX,2021,29,139,24,586,2236,130,5.791666666666667,0.1041,17.700258397932817,95.5574,95.5961,35.37567084078712,0,0.3759,5,5.4388,1.259,0.1655,0.0614,4.8984,5.0557,-0.8690948557092237,-0.7729805249109382,169,189,0.8995110810521137,FALSE,-1.2930334976167783,-2.2142244351638833,-0.4442599999999999,-0.4403899999999993,0.02545967123594114,-0.23656382080646657,1.981301240427911,0.830028328611898,0.9571917808219178,0.9571917808219178,0.8817034700315457,0.9371332774518022,0.7961956521739131,0.9371332774518022
650496,J.C. Mejía,CLE,2021,24,52.333333333333336,11,238,982,42.333333333333336,4.757575757575758,0.0966,21.62162162162162,95.2704,85.4139,38.187372708757636,0,0.4785,4,8.2548,1.6051,0.1975,0.1008,4.7452,4.7085,-1.0222124191033986,-0.7731146649787322,184,190,0.7991909456230701,FALSE,-1.437116568617063,-1.32820606958069,-0.4729600000000005,-1.4586100000000002,1.1911584122550807,-0.23656382080646657,0.7094615795418722,0.664804469273743,0.9075785582255084,0.9075785582255084,0.765990639625585,0.8674911660777385,0.6134020618556701,0.8674911660777385
615698,Cal Quantrill,CLE,2021,26,149.66666666666666,22,616,2357,121,6.803030303030303,0.1201,20.491803278688526,89.9908,92.4161,37.335596096733134,0,0.4316,4,2.8864,1.1759,0.1964,0.0763,4.5234,4.4321,-0.8593773417392906,-0.773705995511999,168,191,0.9038799645227314,FALSE,-0.9856562794828375,-1.5834845899595855,-1.0009200000000007,-0.75839,0.8380217815271594,-0.23656382080646657,0.7094615795418722,0.8369565217391305,0.9592999592999593,0.9592999592999593,0.8870907038012796,0.9401675309134424,0.804177545691906,0.9401675309134424
666129,Braxton Garrett,MIA,2021,23,34,7,159,604,31,4.857142857142857,0.0755,19.35483870967742,93.3501,86.7595,37.58278145695364,0,0.3838,5,5.0294,1.8235,0.2013,0.1258,5.1459,4.63,-1.154263596406571,-0.7742625651675439,195,192,0.7243754685227086,FALSE,-1.8424702750311979,-1.8403777752365134,-0.6649900000000002,-1.3240499999999997,0.940501943627485,-0.23656382080646657,1.981301240427911,0.5698924731182796,0.8579545454545454,0.8579545454545454,0.668141592920354,0.8010610079575596,0.5145631067961165,0.8010610079575596
669060,Bryse Wilson,2 Tms,2021,23,74,16,322,1136,73.3,4.625,0.0745,23.444976076555022,89.1634,95.0581,33.45070422535211,0,0.3673,4,5.3514,1.4459,0.1429,0.0683,5.2687,5.1004,-0.9833597391169051,-0.7744610118887966,179,193,0.8295289624856531,FALSE,-1.8616813511645691,-0.916225479698172,-1.0836600000000005,-0.4941900000000004,-0.7726089951750311,-0.23656382080646657,0.7094615795418722,0.7285067873303167,0.919093851132686,0.919093851132686,0.7910863509749304,0.8833592534992224,0.6822033898305084,0.8833592534992224
543475,Jordan Lyles,TEX,2021,30,180,30,769,2964,167,6,0.117,22.440944881889763,89.5897,95.4603,35.99865047233468,0,0.3759,3,5.15,1.3889,0.1899,0.0728,4.6982,4.7347,-0.8460679347462269,-0.7758916835119922,167,194,0.92118156439923,FALSE,-1.0452106154962884,-1.1430828319367696,-1.0410300000000006,-0.45396999999999965,0.2837397472454692,-0.23656382080646657,-0.5623780813441666,0.8650168728908887,0.9673629242819843,0.9673629242819843,0.9080882352941176,0.9518304431599229,0.8367791077257889,0.9518304431599229
608344,Cole Irvin,OAK,2021,27,178.33333333333334,32,768,2682,178.33333333333334,5.572916666666667,0.1081,21.03960396039604,90.0691,95.7089,32.10290827740492,0,0.3761,4,4.2393,1.329,0.1628,0.0547,4.8485,4.8225,-0.8707654991544196,-0.7937516215263795,170,195,0.9175770886911231,FALSE,-1.216189193083293,-1.459710933456714,-0.9930899999999994,-0.42911,-1.3313894468189942,-0.23656382080646657,0.7094615795418722,0.8648648648648649,0.9640546369518332,0.9640546369518332,0.8993963782696177,0.9470338983050848,0.8366013071895425,0.9470338983050848
572070,Garrett Richards,BOS,2021,33,136.66666666666666,22,617,2331,110.33333333333333,6.212121212121212,0.0891,21.335078534031414,98.9326,98.5028,35.56413556413556,0,0.4702,3,4.8732,1.5951,0.1864,0.0972,4.8255,4.7084,-0.9083238447057819,-0.8030959798109245,174,196,0.9034851232286444,FALSE,-1.581199639617348,-1.3929494824331754,-0.10674000000000064,-0.14972000000000066,0.10359494341270643,-0.23656382080646657,-0.5623780813441666,0.8371777476255088,0.9588646647470177,0.9588646647470177,0.8859749144811858,0.939540507859734,0.8044328552803129,0.939540507859734
543294,Kyle Hendricks,CHC,2021,31,181,32,785,2809,181,5.65625,0.1108,20.203303684879288,91.7145,94.7845,32.75186899252403,0,0.43120000000000003,4,4.7735,1.3481,0.1669,0.0561,4.7011,4.6071,-0.8888892102761657,-0.8138099918964001,172,197,0.9200491008782722,FALSE,-1.1643192875231907,-1.6486700685793956,-0.8285499999999999,-0.5215500000000006,-1.0623379171376972,-0.23656382080646657,0.7094615795418722,0.8674033149171271,0.9656239257476796,0.9656239257476796,0.9035059504663879,0.9493071983778304,0.839572192513369,0.9493071983778304
661269,Vladimir Gutierrez,CIN,2021,25,114,22,496,1831,114,5.181818181818182,0.0847,23.450134770889488,88.3145,92.2885,36.75587110868378,0,0.4339,4,4.7368,1.4123000000000001,0.1774,0.0927,5.0806,5.1087,-0.9656896850570378,-0.8238984044492053,178,198,0.882457962905695,FALSE,-1.6657283746041818,-0.9150598906766922,-1.1685500000000004,-0.7711500000000001,0.5976745753013968,-0.23656382080646657,0.7094615795418722,0.8051948051948052,0.9482133609528741,0.9482133609528741,0.8592210229938996,0.9242806663301363,0.7678018575851393,0.9242806663301363
670912,Johan Oviedo,STL,2021,23,62.333333333333336,13,288,1086,57.666666666666664,4.794871794871795,0.0486,26.21359223300971,92.1064,86.5401,39.226519337016576,0,0.4817,4,4.9091,1.5722,0.1771,0.1285,5.3916,5.2166,-1.1149436557706982,-0.824725816779534,192,199,0.8193734103404882,FALSE,-2.359248223018886,-0.2906662999082318,-0.7893600000000006,-1.3459900000000005,1.6219764623814517,-0.23656382080646657,0.7094615795418722,0.7058823529411765,0.9156829679595279,0.9156829679595279,0.7835497835497836,0.8786407766990292,0.6575342465753424,0.8786407766990292
457918,J.A. Happ,2 Tms,2021,38,152.33333333333334,30,671,2674,152.33333333333334,5.077777777777778,0.1103,20.137931034482758,91.8775,92.2283,37.284966342557965,0,0.3496,4,5.7899,1.477,0.1818,0.0715,4.8891,5.1092,-0.9194563434377742,-0.831485000032274,177,200,0.912340669817001,FALSE,-1.1739248255898764,-1.6634407912985443,-0.8122500000000002,-0.7771699999999996,0.8170312770314949,-0.23656382080646657,0.7094615795418722,0.8482932996207333,0.9639509733237203,0.9639509733237203,0.8991257565568258,0.9468838526912181,0.8172959805115713,0.9468838526912181
668820,Max Kranick,PIT,2021,23,38.666666666666664,9,182,674,38.666666666666664,4.296296296296296,0.0714,21.311475409836067,92.831,92.9849,35.90504451038576,0,0.3306,3,6.2845,1.7069,0.1758,0.1044,5.3613,5.7634,-1.1954612657443915,-0.8421133644009821,202,201,0.7457654230621488,FALSE,-1.92123568717802,-1.3982825261552885,-0.7168999999999996,-0.7015100000000004,0.24493180916400162,-0.23656382080646657,-0.5623780813441666,0.6026490066225165,0.8708010335917312,0.8708010335917312,0.6919917864476386,0.8179611650485437,0.5481927710843374,0.8179611650485437
663531,Logan Allen,CLE,2021,24,50.333333333333336,11,222,874,44.333333333333336,4.575757575757576,0.0901,19.689119170984455,94.9483,93.3293,38.901601830663616,0,0.4512,3,6.2583,1.4901,0.1667,0.0766,4.8597,4.8444,-1.1088731287154117,-0.8435549650042576,191,202,0.784578973516357,FALSE,-1.5619885634839767,-1.7648482690218248,-0.5051699999999997,-0.6670699999999996,1.4872694607589394,-0.23656382080646657,-0.5623780813441666,0.6491228070175439,0.8973305954825462,0.8973305954825462,0.7444633730834753,0.853515625,0.5967741935483871,0.853515625
643615,T.J. Zeuch,TOR,2021,25,15,3,74,286,11,5,-0.0135,16.78832116788321,98.6498,101.618,36.71328671328671,0,0.4737,3,6.6,2,0.1081,0.1216,6.242,6.6087,-1.7031749201363804,-0.8445723528230266,235,203,0.5705209914019183,FALSE,-3.5522560509012444,-2.4202734767833793,-0.13502000000000008,0.1617999999999995,0.5800195825488226,-0.23656382080646657,-0.5623780813441666,0.38144329896907214,0.7409326424870466,0.7409326424870466,0.4880546075085324,0.6559633027522935,0.33035714285714285,0.6559633027522935
502624,Chase Anderson,PHI,2021,33,48,9,215,852,36.333333333333336,5.333333333333333,0.0698,23.8390092879257,89.2081,90.5867,37.79342723004695,0,0.3636,3,6.75,1.4792,0.1628,0.093,5.2771,5.6487,-1.1644143176608792,-0.8470678969627516,198,204,0.7801328918259468,FALSE,-1.9519734089914142,-0.8271950476751656,-1.0791899999999999,-0.9413300000000007,1.0278332198531235,-0.23656382080646657,-0.5623780813441666,0.6417910447761194,0.8949579831932774,0.8949579831932774,0.7395833333333334,0.8502994011976048,0.589041095890411,0.8502994011976048
453281,Wade LeBlanc,2 Tms,2021,36,49,9,221,794,36.4,5.444444444444445,0.0543,19.607843137254903,94.3578,91.3037,36.523929471032744,0,0.355,5,4.4082,1.4898,0.1312,0.0769,5.47,5.7206,-1.181163141577264,-0.8498870957717675,200,205,0.7754354116773957,FALSE,-2.2497450890586697,-1.7832123058269642,-0.5642200000000003,-0.8696299999999993,0.5015142824624967,-0.23656382080646657,1.981301240427911,0.6480938416422287,0.8881431767337807,0.8881431767337807,0.7257769652650823,0.8411016949152542,0.5956873315363881,0.8411016949152542
592717,Aaron Sanchez,SFG,2021,28,35.333333333333336,7,156,595,30.333333333333332,5.047619047619048,0.0705,22.797927461139896,83.0497,83.6247,40,0,0.5225,4,3.0566,1.3302,0.1667,0.0962,4.96,5.0093,-1.2968270512029396,-0.8660880516181031,212,206,0.7213387763165239,FALSE,-1.9385256556980544,-1.062423861225217,-1.6950299999999998,-1.6375299999999995,1.9426525074890486,-0.23656382080646657,0.7094615795418722,0.5652173913043478,0.8561151079136691,0.8561151079136691,0.664804469273743,0.7986577181208053,0.5098039215686274,0.7986577181208053
547942,Kwang Hyun Kim,STL,2021,32,106.66666666666667,21,452,1784,96.66666666666667,5.07936507936508,0.0907,22.5140712945591,88.2009,94.9641,38.34080717488789,0,0.4738,3,3.4594,1.2844,0.177,0.0863,4.85,4.6989,-1.0209837997232445,-0.8752624860012298,183,207,0.8765443404596617,FALSE,-1.5504619178039538,-1.1265601736319117,-1.1799099999999996,-0.5035899999999998,1.2547705491016108,-0.23656382080646657,-0.5623780813441666,0.7902097902097902,0.9469214437367304,0.9469214437367304,0.8560460652591171,0.922440537745605,0.7508305647840532,0.922440537745605
571945,Miles Mikolas,STL,2021,32,44.666666666666664,9,186,709,44.666666666666664,4.962962962962963,0.1075,14.285714285714286,91.7546,97.4803,32.15796897038082,0,0.4929,4,4.2313,1.209,0.1667,0.0591,4.553,4.2746,-1.140360866369931,-0.8812052101251198,194,208,0.7525183411110979,FALSE,-1.227715838763316,-2.985728787334976,-0.8245400000000004,-0.25197,-1.3085619268700261,-0.23656382080646657,0.7094615795418722,0.6078431372549019,0.8763906056860321,0.8763906056860321,0.7026759167492567,0.8253783469150174,0.5535714285714286,0.8253783469150174
677976,Randy Dobnak,MIN,2021,26,50.666666666666664,6,228,765,34.333333333333336,8.444444444444445,0.0658,18.38006230529595,88.353,99.8653,36.73202614379085,1,0.5538,2,7.6382,1.5395,0.1184,0.0526,4.5296,4.3017,-1.1248715498547044,-0.9067459608308703,193,209,0.7739391644044643,FALSE,-2.0288177135248997,-2.0606251094803127,-1.1647000000000005,-0.013469999999999515,0.5877887314742212,4.199007819314781,-1.8342177422302053,0.6551724137931034,0.884393063583815,0.884393063583815,0.7183098591549296,0.8360655737704918,0.6031746031746031,0.8360655737704918
641745,Brad Keller,KCR,2021,25,133.66666666666666,26,613,2348,133.66666666666666,5.1410256410256405,0.0914,21.867007672634273,91.0719,93.7986,38.88415672913118,0,0.4785,3,5.3865,1.6608,0.1958,0.1044,4.8373,4.5652,-1.0336291921608047,-0.9184684574118038,185,210,0.9035154784743301,FALSE,-1.5370141645105941,-1.272761945827568,-0.8928100000000001,-0.6201400000000007,1.480036925501568,-0.23656382080646657,-0.5623780813441666,0.8362892223738063,0.9591503267973857,0.9591503267973857,0.8867069486404834,0.9399519615692554,0.8034076015727392,0.9399519615692554
621219,Alec Mills,CHC,2021,29,119,20,517,1936,99.33333333333333,5.95,0.1025,17.88856304985337,91.8249,88.1895,35.69214876033058,0,0.5131,5,5.0672,1.437,0.1683,0.0658,4.4957,4.3279,-1.0544518730116104,-0.9246030552797161,187,211,0.8872162140126081,FALSE,-1.3237712194301725,-2.171677654769127,-0.8175100000000001,-1.1810500000000004,0.15666771877991914,-0.23656382080646657,1.981301240427911,0.8116169544740973,0.9508840864440079,0.9508840864440079,0.8658318425760286,0.9280920421860019,0.775112443778111,0.9280920421860019
622608,Antonio Senzatela,COL,2021,26,156.66666666666666,28,670,2405,156.66666666666666,5.595238095238095,0.109,19.7724039829303,93.1639,99.3372,35.46777546777547,0,0.5117,2,4.4234,1.3404,0.1567,0.0478,4.44,4.1689,-1.015836862126093,-0.9257346151476097,182,212,0.9081445081883183,FALSE,-1.198899224563259,-1.7460303557735986,-0.6836100000000002,-0.06628000000000042,0.0636451733851601,-0.23656382080646657,-1.8342177422302053,0.8481012658227848,0.9600798403193613,0.9600798403193613,0.88909426987061,0.9412915851272016,0.8170731707317073,0.9412915851272016
665152,Dean Kremer,BAL,2021,25,53.666666666666664,13,245,986,53.666666666666664,4.128205128205128,0.0898,20.145631067961165,90.8062,90.4407,39.249492900608516,0,0.3041,3,7.5466,1.6398,0.1918,0.102,5.2609,5.7321,-1.1910124094452448,-0.9293021517580773,201,213,0.8014225683729114,FALSE,-1.5677518863239879,-1.6617009955468371,-0.9193799999999996,-0.9559299999999993,1.6315010334111595,-0.23656382080646657,-0.5623780813441666,0.6712328767123288,0.9079189686924494,0.9079189686924494,0.7667185069984448,0.8679577464788732,0.620253164556962,0.8679577464788732
641447,Daniel Castano,MIA,2021,26,20.333333333333332,4,92,333,17.333333333333332,5.083333333333333,0.0543,14.685314685314685,91.1046,88.8537,35.73573573573574,0,0.3881,4,4.8689,1.4754,0.1413,0.087,5.3982,5.215,-1.6098523787862835,-0.9397249934058292,230,214,0.6081688753230717,FALSE,-2.2497450890586697,-2.8954404685172968,-0.8895399999999996,-1.1146299999999996,0.1747383694891623,-0.23656382080646657,0.7094615795418722,0.4339622641509434,0.76905311778291,0.76905311778291,0.5260663507109005,0.6894409937888198,0.38016528925619836,0.6894409937888198
571676,Seth Frankoff,ARI,2021,32,14.666666666666666,3,74,260,13.666666666666666,4.888888888888888,0.027,17.88617886178862,84.7397,78.6925,40.76923076923077,0,0.4694,4,9.2045,1.9773,0.1486,0.1216,5.7394,6.0854,-1.8730615833793285,-0.9411029123892617,239,215,0.5555461833547434,FALSE,-2.774207467499706,-2.1722163537602364,-1.52603,-2.1307500000000004,2.261566596304845,-0.23656382080646657,0.7094615795418722,0.38144329896907214,0.7222222222222222,0.7222222222222222,0.4642857142857143,0.6341463414634146,0.33035714285714285,0.6341463414634146
663460,Kris Bubic,KCR,2021,23,130,20,556,2202,103.66666666666667,6.5,0.0989,22.398190045248867,87.5148,90.4704,37.87465940054496,0,0.4693,3,4.4308,1.3846,0.205,0.1061,4.7319,4.5679,-1.0719773628062073,-0.9474465737025375,189,216,0.8965263639502563,FALSE,-1.3929310935103092,-1.1527431383966513,-1.2485200000000005,-0.9529600000000003,1.0615111285810945,-0.23656382080646657,-0.5623780813441666,0.8224852071005917,0.9565595134665508,0.9565595134665508,0.8800959232613909,0.9362244897959183,0.7875354107648725,0.9362244897959183
685503,Kohei Arihara,TEX,2021,28,40.666666666666664,10,178,696,40.666666666666664,4.066666666666666,0.0618,17.289719626168225,87.4416,90.0114,38.793103448275865,0,0.4074,5,6.6393,1.4262,0.1348,0.073,5.3903,5.4999,-1.337554738627097,-0.9505041887546858,219,217,0.7475610476155315,FALSE,-2.1056620180583847,-2.3069842410829136,-1.2558400000000005,-0.9988600000000005,1.4422872991746085,-0.23656382080646657,1.981301240427911,0.5973154362416108,0.8743718592964824,0.8743718592964824,0.6987951807228916,0.8226950354609929,0.5426829268292683,0.8226950354609929
607231,John Gant,2 Tms,2021,28,110,21,491,1975,89.66666666666667,5.238095238095238,0.0428,24.27007299270073,96.569,87.7198,40.65822784810127,0,0.4698,4,4.0909,1.5091,0.1874,0.1446,5.4894,5.073,-1.1615437888508258,-0.9657996308383102,197,218,0.885737307095004,FALSE,-2.4706724645924396,-0.7297977046135021,-0.34309999999999974,-1.2280199999999994,2.215546082222568,-0.23656382080646657,0.7094615795418722,0.8036006546644845,0.9518072289156626,0.9518072289156626,0.8681318681318682,0.9294117647058824,0.765990639625585,0.9294117647058824
593372,Carlos Martinez,STL,2021,29,82.33333333333333,16,363,1281,82.33333333333333,5.145833333333333,0.0579,18.75,92.4602,92.0454,36.377829820452774,0,0.502,5,6.2308,1.3725,0.157,0.0992,5.1846,5.0838,-1.2077149879608882,-0.979684362874261,203,219,0.8449908021906867,FALSE,-2.1805852149785325,-1.9770389755437165,-0.75398,-0.79546,0.44094307443917397,-0.23656382080646657,1.981301240427911,0.7515527950310559,0.9275887038377987,0.9275887038377987,0.8102466793168881,0.8951781970649895,0.7076023391812866,0.8951781970649895
571666,Mike Fiers,OAK,2021,36,9.333333333333334,2,45,152,9.333333333333334,4.666666666666667,0.0222,11.267605633802816,83.2837,77.5705,36.18421052631579,0,0.4167,NA,7.7143,2.0357,0.1111,0.0889,5.9247,6.2199,-2.3377273452326848,-0.9814038584805237,244,220,0.4361073446061013,FALSE,-2.8664206329398887,-3.6676599277008983,-1.6716300000000004,-2.2429500000000004,0.3606707774422624,-0.23656382080646657,NA,0.2727272727272727,0.6031746031746031,0.6031746031746031,0.336283185840708,0.5033112582781457,0.23076923076923078,0.5033112582781457
528748,Humberto Castellanos,ARI,2021,23,45.666666666666664,7,196,726,34,6.523809523809524,0.0714,16.8141592920354,91.4303,92.2582,35.26170798898072,0,0.4167,4,4.927,1.3796,0.148,0.0765,5.1719,5.219,-1.335132431165647,-0.9845928459047716,218,221,0.7585332840210816,FALSE,-1.92123568717802,-2.414435442603643,-0.8569699999999998,-0.7741799999999998,-0.02178799551955542,-0.23656382080646657,0.7094615795418722,0.620253164556962,0.8789346246973365,0.8789346246973365,0.7076023391812866,0.8287671232876712,0.5664739884393064,0.8287671232876712
533167,Matt Shoemaker,MIN,2021,34,60.333333333333336,11,284,1064,50.666666666666664,5.484848484848485,0.0458,22.24334600760456,87.077,89.8431,35.80827067669173,0,0.4498,4,8.0552,1.6575,0.1408,0.0951,5.4296,5.4413,-1.3325000144839274,-1.024506461717337,217,222,0.816924079099998,FALSE,-2.4130392361923256,-1.1877296095108605,-1.2923000000000002,-1.0156899999999993,0.20481050847213556,-0.23656382080646657,0.7094615795418722,0.7029702970297029,0.9140893470790378,0.9140893470790378,0.7800586510263929,0.8764415156507414,0.6543778801843319,0.8764415156507414
503449,Wily Peralta,DET,2021,32,93.66666666666667,18,402,1554,92.33333333333333,5.203703703703704,0.0498,21.93877551020408,88.6906,91.3306,39.83268983268983,0,0.5067,4,3.0747,1.3345,0.1443,0.0945,5.2728,4.9909,-1.254143380835815,-1.0317333603844336,207,223,0.8627983131500893,FALSE,-2.3361949316588406,-1.256546252835674,-1.1309399999999996,-0.8669399999999996,1.8732876670645047,-0.23656382080646657,0.7094615795418722,0.7701149425287356,0.939540507859734,0.939540507859734,0.8381877022653722,0.9119718309859155,0.7282608695652174,0.9119718309859155
643377,Griffin Jax,MIN,2021,26,82,14,360,1394,69.33333333333333,5.857142857142857,0.1,16.9811320754717,89.3608,89.674,35.79626972740316,0,0.3192,4,6.3659,1.3537,0.1806,0.0806,5.1112,5.7548,-1.219276489326895,-1.032602820291527,206,224,0.8500881992282531,FALSE,-1.3717989097636005,-2.3767085236119514,-1.0639200000000002,-1.0325999999999993,0.19983505512266,-0.23656382080646657,0.7094615795418722,0.75,0.9330655957161981,0.9330655957161981,0.8229043683589138,0.9028497409326425,0.7058823529411765,0.9028497409326425
677960,Ryan Weathers,SDP,2021,21,94.66666666666667,18,401,1617,69.33333333333333,5.2592592592592595,0.1047,18.73536299765808,93.4085,92.6231,37.35312306740878,0,0.4394,2,5.3239,1.3838,0.1796,0.0748,4.7004,4.7075,-1.2087047805005957,-1.0456473131402382,204,225,0.8649550504909664,FALSE,-1.2815068519367556,-1.9803461552545076,-0.6591499999999997,-0.7376900000000006,0.845288258774702,-0.23656382080646657,-1.8342177422302053,0.7696737044145874,0.94175888177053,0.94175888177053,0.8435054773082942,0.9151103565365025,0.7277676950998185,0.9151103565365025
642545,Jaime Barria,LAA,2021,24,56.666666666666664,11,250,917,50.666666666666664,5.151515151515151,0.064,22.22222222222222,85.911,85.9857,37.51363140676118,0,0.4352,3,4.6059,1.5706,0.14,0.076,5.2119,5.0392,-1.4054824642466517,-1.0699423234560004,225,226,0.7966212712768478,FALSE,-2.063397650564968,-1.192502455261626,-1.4088999999999998,-1.4014300000000006,0.9118331408041804,-0.23656382080646657,-0.5623780813441666,0.6756756756756757,0.9016715830875123,0.9016715830875123,0.7534921939194741,0.85941893158388,0.625,0.85941893158388
656954,Justus Sheffield,SEA,2021,25,80.33333333333333,15,385,1470,73.66666666666667,5.355555555555555,0.0519,20.465890183028286,95.3077,92.9796,38.97959183673469,0,0.463,3,6.834,1.8423,0.1636,0.1117,5.3456,5.261,-1.3133314313158122,-1.0813925506114939,215,227,0.8571338800296144,FALSE,-2.2958516717787605,-1.5893395636905037,-0.4692300000000003,-0.7020399999999996,1.5196032059987037,-0.23656382080646657,-0.5623780813441666,0.7623762376237624,0.9363057324840764,0.9363057324840764,0.8305084745762712,0.9074074074074074,0.719626168224299,0.9074074074074074
519043,Matt Moore,PHI,2021,32,73,13,334,1254,56.333333333333336,5.615384615384615,0.0749,18.248175182481752,98.8024,87.9224,36.68261562998405,0,0.3874,3,6.2877,1.589,0.1886,0.1138,5.1649,5.2631,-1.3428613315041031,-1.096256115837136,220,228,0.8387613671201921,FALSE,-1.8539969207112206,-2.0904245456282813,-0.11975999999999942,-1.2077600000000004,0.5673037097890212,-0.23656382080646657,-0.5623780813441666,0.73568281938326,0.9261447562776958,0.9261447562776958,0.806949806949807,0.8931623931623932,0.6900826446280992,0.8931623931623932
626929,Lewis Thorpe,MIN,2021,25,15.333333333333334,4,66,251,14.333333333333334,3.8333333333333335,-0.0152,15.384615384615385,85.4059,86.3924,34.66135458167331,0,0.5283,3,4.6957,1.3696,0.0909,0.1061,5.9584,5.483,-2.237349678150955,-1.1008853921329114,242,229,0.542571344260224,FALSE,-3.5849148803279753,-2.7374359105863584,-1.4594099999999997,-1.3607600000000004,-0.2706875033361278,-0.23656382080646657,-0.5623780813441666,0.3548387096774194,0.7150997150997151,0.7150997150997151,0.455535390199637,0.6259351620947631,0.3055555555555556,0.6259351620947631
656605,Mitch Keller,PIT,2021,25,100.66666666666667,23,470,1858,100.66666666666667,4.3768115942028984,0.0915,22.274881516587676,87.5626,82.1912,37.72874058127018,0,0.4038,3,6.1689,1.7881,0.1957,0.1043,4.9782,4.904,-1.2836912810160195,-1.1082708462478175,211,230,0.8805870914742732,FALSE,-1.535093056897257,-1.1806042710677744,-1.2437399999999996,-1.7808800000000005,1.0010148911039747,-0.23656382080646657,-0.5623780813441666,0.7966101694915254,0.9489274770173647,0.9489274770173647,0.860982391102873,0.9252988047808764,0.7580645161290323,0.9252988047808764
656212,Charlie Barnes,MIN,2021,25,38,8,175,655,33.333333333333336,4.75,0.0229,NA,71.4149,80.4308,38.778625954198475,0,0.3788,3,5.9211,1.6316,0.1143,0.0914,5.9252,6.2965,-1.6814370825611116,-1.12905180002242,233,231,0.7399963260121524,FALSE,-2.8529728796465283,NA,-2.85851,-1.9569199999999995,1.4362850992929737,-0.23656382080646657,-0.5623780813441666,0.5932203389830508,0.8675496688741722,0.8675496688741722,0.6858638743455497,0.8136645962732919,0.5384615384615384,0.8136645962732919
666159,Matt Manning,DET,2021,23,85.33333333333333,18,385,1421,85.33333333333333,4.7407407407407405,0.0623,15.151515151515152,88.2851,94.6177,35.186488388458834,0,0.4448,5,5.8008,1.5117,0.1481,0.0857,5.2703,5.126,-1.3554839666276703,-1.1396309162506733,221,232,0.855033076860902,FALSE,-2.096056479991699,-2.7901040965633377,-1.17149,-0.5382300000000001,-0.05297316298953761,-0.23656382080646657,1.981301240427911,0.7623762376237624,0.9342537804076265,0.9342537804076265,0.8256827425915165,0.9045194143857416,0.719626168224299,0.9045194143857416
453562,Jake Arrieta,2 Tms,2021,35,98.66666666666667,24,469,1746,98.66666666666667,4.111111111111112,0.0832,19.858156028368793,89.1941,87.275,38.144329896907216,0,0.4337,3,7.3885,1.7736,0.177,0.0938,5.0004,4.8497,-1.3311642435721351,-1.150349228802502,216,233,0.8772486781350882,FALSE,-1.6945449888042388,-1.726654979709007,-1.0805899999999995,-1.2724999999999995,1.1733133653973304,-0.23656382080646657,-0.5623780813441666,0.7962648556876061,0.9458288190682557,0.9458288190682557,0.8533724340175953,0.9208860759493671,0.7576736672051696,0.9208860759493671
474463,Brett Anderson,MIL,2021,33,96,24,409,1508,96,4,0.0733,14.36950146627566,86.7426,92.0904,41.04774535809018,1,0.5751,3,4.2188,1.3542,0.1418,0.0685,4.5293,4.0938,-1.3075395852332963,-1.1608216894639625,213,234,0.8619389113326749,FALSE,-1.8847346425246145,-2.9667973656473983,-1.3257400000000004,-0.7909599999999998,2.377035490531254,4.199007819314781,-0.5623780813441666,0.7731568998109641,0.9378109452736318,0.9378109452736318,0.834070796460177,0.9095295536791315,0.7316636851520573,0.9095295536791315
572971,Dallas Keuchel,CHW,2021,33,162,30,720,2726,156.33333333333334,5.4,0.05,22.14182344428365,85.0938,95.8774,39.03154805575935,0,0.5486,3,5.2778,1.5309,0.1319,0.0819,5.006,4.7442,-1.3082665704191259,-1.1728336982188774,214,235,0.9157864759957236,FALSE,-2.3323527164321662,-1.2106682791755377,-1.4906199999999998,-0.41226000000000057,1.5411436473218365,-0.23656382080646657,-0.5623780813441666,0.8571428571428571,0.9646142958244869,0.9646142958244869,0.9008592200925314,0.9478442280945758,0.8275862068965517,0.9478442280945758
570632,José Ureña,DET,2021,29,100.66666666666667,18,456,1695,83,5.592592592592593,0.0548,18.624161073825505,91.5537,89.8071,38.82005899705015,0,0.5205,4,5.8113,1.5993,0.1469,0.0921,5.0588,4.8748,-1.3810437702236142,-1.1734053764244832,223,236,0.8742491050731663,FALSE,-2.2401395509919837,-2.005471842721725,-0.8446299999999993,-1.0192899999999994,1.4534627547332526,-0.23656382080646657,0.7094615795418722,0.7916666666666666,0.9442896935933147,0.9442896935933147,0.849624060150376,0.9186991869918699,0.7524752475247525,0.9186991869918699
663804,Jackson Kowar,KCR,2021,24,30.333333333333332,8,154,631,27.333333333333332,3.7916666666666665,0.0584,14.545454545454545,95.263,85.89,41.67987321711569,0,0.3495,3,11.2747,2.0769,0.1883,0.1299,5.4594,5.8186,-1.676268786186334,-1.1777084466366439,232,237,0.7269525508023627,FALSE,-2.170979676911847,-2.9270413801034847,-0.47369999999999945,-1.411,2.639108314760316,-0.23656382080646657,-0.5623780813441666,0.5620437956204379,0.8632010943912448,0.8632010943912448,0.677765843179377,0.8079385403329066,0.506578947368421,0.8079385403329066
452657,Jon Lester,2 Tms,2021,37,141.33333333333334,28,627,2380,141.33333333333334,5.047619047619048,0.0574,20.28985507246377,85.7421,89.17,38.99159663865546,0,0.4371,4,4.7123,1.5142,0.1451,0.0877,5.3443,5.0859,-1.3646955437501127,-1.208202433049152,222,238,0.9050206716817261,FALSE,-2.1901907530452185,-1.6291140839403542,-1.4257900000000006,-1.0829999999999997,1.5245802566044722,-0.23656382080646657,0.7094615795418722,0.8393574297188755,0.9596774193548387,0.9596774193548387,0.8880597014925373,0.9407114624505929,0.806949806949807,0.9407114624505929
657093,Spenser Watkins,BAL,2021,28,54.666666666666664,10,255,960,46,5.466666666666667,0.0627,18.181818181818183,81.7563,90.2304,38.333333333333336,0,0.335,3,8.0671,1.7012,0.1373,0.0745,5.4209,5.5917,-1.5672224601180258,-1.233590914844602,229,239,0.8017978394258718,FALSE,-2.0883720495383504,-2.1054176788626036,-1.8243700000000005,-0.9769599999999997,1.251671981721488,-0.23656382080646657,-0.5623780813441666,0.68,0.9056603773584906,0.9056603773584906,0.7619047619047619,0.8648648648648649,0.6296296296296297,0.8648648648648649
595191,Jerad Eickhoff,NYM,2021,30,19.666666666666668,4,104,357,17,4.916666666666667,0.0288,16.037735849056602,81.1416,76.0691,36.97478991596638,0,0.2763,3,8.6949,2.0339,0.125,0.0962,5.9705,6.7019,-2.1675166393574488,-1.2925815188623304,241,240,0.6268229701139737,FALSE,-2.739627530459638,-2.58986561591501,-1.8858400000000004,-2.3930899999999995,0.6884357548353222,-0.23656382080646657,-0.5623780813441666,0.4642857142857143,0.7811816192560175,0.7811816192560175,0.54337899543379,0.7041420118343196,0.4094488188976378,0.7041420118343196
649144,Alex Wells,BAL,2021,24,42.666666666666664,8,197,754,37,5.333333333333333,0.0508,13.513513513513514,85.6995,88.8714,36.87002652519894,0,0.2961,4,6.75,1.6172,0.132,0.0812,5.7058,6.0578,-1.743823018577438,-1.3052094354135806,237,241,0.7626420030664838,FALSE,-2.316983855525469,-3.1602048628880586,-1.43005,-1.1128600000000006,0.6450020771351131,-0.23656382080646657,0.7094615795418722,0.6214511041009464,0.882903981264637,0.882903981264637,0.715370018975332,0.834070796460177,0.5677233429394812,0.834070796460177
592346,Chi Chi González,COL,2021,29,101.66666666666667,18,448,1635,87,5.648148148148149,0.0625,16.85575364667747,89.2311,91.2793,34.74006116207951,0,0.3949,2,6.4623,1.5246,0.125,0.0625,5.2913,5.0848,-1.6493478269330362,-1.426337153244311,231,242,0.8713595017382918,FALSE,-2.092214264765025,-2.405037343010413,-1.0768900000000001,-0.8720699999999993,-0.23805667474985984,-0.23656382080646657,-1.8342177422302053,0.7887323943661971,0.9423631123919308,0.9423631123919308,0.8449612403100775,0.9159663865546218,0.7491638795986622,0.9159663865546218
663734,Nick Neidert,MIA,2021,24,35.666666666666664,7,157,598,31.666666666666668,5.095238095238095,-0.0127,17.51412429378531,88.2301,76.402,37.792642140468224,0,0.3619,4,4.5421,1.514,0.1338,0.1465,6.4689,6.7221,-2.1578350872586514,-1.4271587828177275,240,243,0.7223584944627423,FALSE,-3.536887189994547,-2.2562807878475115,-1.1769900000000006,-2.3598,1.0275077308871934,-0.23656382080646657,0.7094615795418722,0.5667870036101083,0.8567335243553008,0.8567335243553008,0.6659242761692651,0.7994652406417112,0.511400651465798,0.7994652406417112
664045,Thomas Eshelman,BAL,2021,27,27.666666666666668,6,126,441,21,4.611111111111112,0.0079,14.285714285714286,71.8981,79.1056,36.734693877551024,0,0.3529,4,7.1566,1.5904,0.0873,0.0794,6.1921,6.4374,-2.3244657476083908,-1.4958033713376797,243,244,0.6695083687415108,FALSE,-3.1411390216470982,-2.985728787334976,-2.81019,-2.0894400000000006,0.58889474271995,-0.23656382080646657,0.7094615795418722,0.5121951219512195,0.8151571164510166,0.8151571164510166,0.5951417004048583,0.7461928934010152,0.45652173913043476,0.7461928934010152
605200,Zach Davies,CHC,2021,28,148,32,668,2577,148,4.625,0.0584,21.216617210682493,73.0316,85.8205,39.852541715172684,0,0.4248,2,5.777,1.6014,0.1707,0.1123,5.3611,5.0274,-1.7355618593785684,-1.566795705940514,236,245,0.9107635526041531,FALSE,-2.170979676911847,-1.4197154059427295,-2.6968400000000003,-1.4179500000000005,1.8815180255817916,-0.23656382080646657,-1.8342177422302053,0.8477157360406091,0.9626447515875981,0.9626447515875981,0.8957247132429614,0.944994499449945,0.8166259168704156,0.944994499449945
594798,Jacob deGrom,NYM,2022,34,64.33333333333333,11,239,940,64.33333333333333,5.848484848484848,0.3933,NA,116.7996,127.6959,30.74468085106383,0,0.3937,2,3.0777,0.7461,0.4268,0.0335,1.586,1.5341,2.0713738007286167,1.4384884795196142,1,1,0.7958087877817891,TRUE,4.746175004676256,NA,1.67996,2.7695899999999996,-1.9193494386649619,-0.2518020161141467,-1.955566439849216,0.6657381615598886,0.9038461538461539,0.9038461538461539,0.7580645161290323,0.8623853211009175,0.6143958868894601,0.8623853211009175
663556,Shane McClanahan,TBR,2022,25,166.33333333333334,28,641,2463,166.33333333333334,5.940476190476191,0.2434,36.21553884711779,117.4928,117.0902,33.17092976045473,0,0.5025,4,2.5431,0.9259,0.3027,0.0593,2.816,2.5961,1.583131178258727,1.4366031176776672,2,2,0.9073225172720699,TRUE,1.6374988131138566,2.3231573984708955,1.7492800000000002,1.7090199999999995,-0.8205014556718576,-0.2518020161141467,0.6697145341949376,0.8423127463863338,0.9609832227857978,0.9609832227857978,0.8914223669923995,0.9425947187141217,0.8103666245259166,0.9425947187141217
660271,Shohei Ohtani,LAA,2022,27,166,28,660,2629,166,5.928571428571429,0.2652,35.23238380809595,118.0237,116.3302,34.42373526055535,0,0.4188,3,2.3313,1.012,0.3318,0.0667,2.7332,2.6518,1.571640050297481,1.4168249758321576,4,3,0.9110436008967103,TRUE,2.0895944834011164,2.098586633351988,1.8023700000000005,1.6330200000000006,-0.25310592113297736,-0.2518020161141467,-0.6429259528271392,0.8461538461538461,0.9633565408574569,0.9633565408574569,0.897575964493001,0.946023749550198,0.8148148148148148,0.946023749550198
675911,Spencer Strider,ATL,2022,23,131.66666666666666,20,528,2277,107.33333333333333,6.583333333333333,0.2973,35.267175572519086,117.4408,111.5522,34.387351778656125,0,0.4029,2,2.6658,0.9949,0.3826,0.0852,2.406,2.2958,1.5810535754162123,1.375563443464496,3,4,0.8956303393146402,TRUE,2.755294988732358,2.1065337147849563,1.7440799999999996,1.15522,-0.26958399786471,-0.2518020161141467,-1.955566439849216,0.8148148148148148,0.9579301640723601,0.9579301640723601,0.8835855646100116,0.9381953028430161,0.7787610619469026,0.9381953028430161
543037,Gerrit Cole,NYY,2022,31,200.66666666666666,33,793,3274,200.66666666666666,6.08080808080808,0.261,34.160090191657275,115.6514,115.1934,34.30054978619426,0,0.4244,3,3.4983,1.0166,0.3241,0.0631,2.7733,2.7743,1.4418671373878655,1.31962055880622,6,5,0.9255235932863041,TRUE,2.002493482703571,1.8536549711847092,1.5651399999999995,1.5193399999999997,-0.30889661495330384,-0.2518020161141467,-0.6429259528271392,0.8685651697699891,0.97036158861885,0.97036158861885,0.9160604364857303,0.9561915887850467,0.8409331919406151,0.9561915887850467
669203,Corbin Burnes,MIL,2022,27,202,33,797,3274,202,6.121212121212121,0.2409,38.00475059382423,115.3189,116.5193,36.713500305436774,0,0.4702,2,2.9406,0.9653,0.3049,0.064,2.9112,2.8515,1.4149497500154131,1.307595855046455,7,6,0.9257014792891459,TRUE,1.5856529793653173,2.7318463996658298,1.53189,1.6519300000000001,0.7839285279531742,-0.2518020161141467,-1.955566439849216,0.8691384950926936,0.97036158861885,0.97036158861885,0.9160604364857303,0.9561915887850467,0.8416050686378036,0.9561915887850467
571760,Andrew Heaney,LAD,2022,31,72.66666666666667,14,310,1230,64.66666666666667,5.190476190476191,0.2935,38.05309734513274,106.7348,110.3412,33.170731707317074,0,0.3452,2,3.0963,1.0872,0.3548,0.0613,2.4564,2.8299,1.5345303830978,1.2269521477005205,5,7,0.8329996572094859,TRUE,2.676489321434578,2.7428896903996787,0.6734800000000007,1.0341200000000002,-0.8205911539258165,-0.2518020161141467,-1.955566439849216,0.7209302325581395,0.924812030075188,0.924812030075188,0.803921568627451,0.8913043478260869,0.6739130434782609,0.8913043478260869
605540,Brandon Woodruff,MIL,2022,29,153.33333333333334,27,620,2538,153.33333333333334,5.679012345679013,0.2387,31.81019332161687,107.3652,112.0478,33.72734436564224,0,0.3757,5,3.0522,1.0696,0.3065,0.0677,3.0256,3.1371000000000002,1.2392699216747975,1.1137508504723321,8,8,0.90712889193716,TRUE,1.540028645666603,1.316895134627763,0.7365200000000002,1.2047799999999995,-0.5685013149395172,-0.2518020161141467,1.9823550212170145,0.8378378378378378,0.9620924943138741,0.9620924943138741,0.8942917547568711,0.9441964285714286,0.8051948051948052,0.9441964285714286
605483,Blake Snell,SDP,2022,29,128,24,535,2341,128,5.333333333333333,0.2243,33.856502242152466,112.6844,115.1744,37.847073900042716,0,0.3657,3,3.375,1.2031,0.3196,0.0953,3.2034,3.2094,1.1642641526820952,1.0412569419690478,9,9,0.8974078943581079,TRUE,1.2413966432750183,1.7843098776895816,1.2684399999999996,1.5174400000000006,1.2973239397700471,-0.2518020161141467,-0.6429259528271392,0.816793893129771,0.9590331831216714,0.9590331831216714,0.8864066641423703,0.9397832195905259,0.781021897810219,0.9397832195905259
453286,Max Scherzer,NYM,2022,37,145.33333333333334,23,565,2167,145.33333333333334,6.3188405797101455,0.2637,32.899628252788105,105.5399,109.2205,31.702814951545918,0,0.3105,3,2.2913,0.9083,0.30620000000000003,0.0425,2.8755,3.2265,1.15316103234584,1.0046386469341537,10,10,0.8965317181057993,TRUE,2.058486983151993,1.565742189598667,0.5539900000000003,0.9220500000000001,-1.4854105630299945,-0.2518020161141467,-0.6429259528271392,0.8248175182481752,0.9558888398764888,0.9558888398764888,0.8783948115119579,0.9352611135088477,0.7902097902097902,0.9352611135088477
607074,Carlos Rodón,SFG,2022,29,178,31,710,2985,178,5.741935483870968,0.2606,29.760547320410492,114.1282,113.3258,33.70184254606365,0,0.3414,2,2.882,1.0281,0.3338,0.0732,2.8262,2.9067,1.0614856004544158,0.9438905779051232,11,11,0.918450754222898,TRUE,1.9941981493038048,0.8487181407206992,1.4128200000000006,1.33258,-0.5800510874703244,-0.2518020161141467,-1.955566439849216,0.8554216867469879,0.9675850891410048,0.9675850891410048,0.908675799086758,0.9521531100478469,0.8255813953488372,0.9521531100478469
605400,Aaron Nola,PHI,2022,29,205,32,807,3039,205,6.40625,0.2553,25.70806100217865,110.9234,115.4609,30.766699572227708,0,0.4356,4,3.2488,0.961,0.2912,0.0359,2.8025,2.7696,1.0397480377530728,0.9308496291768024,13,12,0.9237393077472239,TRUE,1.8842849817569027,-0.07694456454771728,1.09234,1.5460899999999995,-1.9093771611936083,-0.2518020161141467,0.6697145341949376,0.8705501618122977,0.9681427206116597,0.9681427206116597,0.9101527403414196,0.9529633113828786,0.8432601880877743,0.9529633113828786
664299,Cristian Javier,HOU,2022,25,148.66666666666666,25,585,2554,134.33333333333334,5.946666666666666,0.2427,31.21212121212121,113.899,114.7156,36.374314800313236,0,0.2599,2,2.5426,0.9484,0.3316,0.0889,3.1356,3.5251,1.0489274109872364,0.9255301441745978,12,13,0.9048978969105287,TRUE,1.6229819796642655,1.1802844212662702,1.3899000000000001,1.4715599999999995,0.630311433382665,-0.2518020161141467,-1.955566439849216,0.8297872340425532,0.9623210248681235,0.9623210248681235,0.8948843728100911,0.9445266272189349,0.7959183673469388,0.9445266272189349
656302,Dylan Cease,CHW,2022,26,184,32,747,3120,184,5.75,0.1995,36.72768878718536,107.6073,108.5604,37.78846153846154,0,0.3876,3,2.2011,1.1087,0.3039,0.1044,3.4752,3.5024,0.9476234329439243,0.8860582032741469,15,14,0.9218276280686093,TRUE,0.7270859724895113,2.4401419017604336,0.7607299999999995,0.8560400000000001,1.2707784047869501,-0.2518020161141467,-0.6429259528271392,0.8615916955017301,0.968944099378882,0.968944099378882,0.9122807017543859,0.9541284403669725,0.8327759197324415,0.9541284403669725
668881,Hunter Greene,CIN,2022,22,125.66666666666667,24,531,2200,125.66666666666667,5.236111111111112,0.2185,30.512820512820515,120.4437,117.8326,36.5,0,0.2932,2,4.4403,1.2095,0.3089,0.0904,3.3314,3.6422,0.9885583271078222,0.8737098500410317,14,15,0.8943982556253064,TRUE,1.1211143089784077,1.0205512287818077,2.0443700000000007,1.7832599999999998,0.6872342526504365,-0.2518020161141467,-1.955566439849216,0.815668202764977,0.9565217391304348,0.9565217391304348,0.88,0.9361702127659575,0.7797356828193832,0.9361702127659575
592332,Kevin Gausman,TOR,2022,31,174.66666666666666,31,725,2783,174.66666666666666,5.634408602150537,0.2441,30.08225616921269,104.975,111.5882,29.82393100970176,0,0.3922,3,3.3492,1.2366,0.2828,0.0386,2.9381,2.7549,0.9145251788156068,0.8145016124512597,17,16,0.9167993207058726,TRUE,1.6520156465634475,0.922202382222337,0.49749999999999944,1.15882,-2.336356985625974,-0.2518020161141467,-0.6429259528271392,0.8579881656804734,0.9653139091224419,0.9653139091224419,0.9026921829386961,0.9488578247528128,0.8285714285714286,0.9488578247528128
666200,Jesús Luzardo,MIA,2022,24,100.33333333333333,18,400,1644,100.33333333333333,5.5740740740740735,0.2125,34.38914027149321,107.2737,102.9817,36.92214111922141,0,0.4008,4,3.3189,1.0365,0.3,0.0875,3.2832,3.1104,0.9176324750400492,0.8046386235108645,16,17,0.865754218499864,TRUE,0.996684307981914,1.905974238886861,0.7273700000000005,0.2981700000000004,0.8784219397832242,-0.2518020161141467,0.6697145341949376,0.7692307692307693,0.9426605504587156,0.9426605504587156,0.845679012345679,0.9163879598662207,0.7272727272727273,0.9163879598662207
666157,Nick Lodolo,CIN,2022,24,103.33333333333333,19,441,1779,103.33333333333333,5.43859649122807,0.2086,30.803571428571427,107.8437,105.5022,37.268128161888704,0,0.4603,4,3.6581,1.2484,0.2971,0.0884,3.2894,3.4929,0.7767142421117618,0.6791368147262593,19,18,0.8751469164173509,TRUE,0.9158048073341933,1.086964106728472,0.7843699999999998,0.5502200000000002,1.0351194502922147,-0.2518020161141467,0.6697145341949376,0.786096256684492,0.9467802022352315,0.9467802022352315,0.8556998556998557,0.9222395023328149,0.7461928934010152,0.9222395023328149
477132,Clayton Kershaw,LAD,2022,34,126.33333333333333,22,493,1842,126.33333333333333,5.742424242424242,0.2312,27.865612648221344,109.4336,111.3493,32.13897937024973,0,0.4711,3,2.2797,0.942,0.2779,0.0467,2.9828,2.8262,0.781200072478677,0.6609676186928889,18,19,0.8824735569676084,TRUE,1.3844911444209858,0.41588007114496955,0.9433599999999999,1.13493,-1.2878717244174456,-0.2518020161141467,-0.6429259528271392,0.8042414355628059,0.9485066941297632,0.9485066941297632,0.8599439775910365,0.9246987951807228,0.7667185069984448,0.9246987951807228
676879,Aaron Ashby,MIL,2022,24,107.33333333333333,19,475,1878,88,5.649122807017544,0.1663,30.330882352941178,109.7746,105.4003,35.729499467518636,1,0.569,4,4.4441,1.4255,0.2653,0.0989,3.4795,3.2942,0.7323364612453934,0.6380426963801351,20,20,0.881648150319416,TRUE,0.038573300308913046,0.9789931935312541,0.9774600000000007,0.5400300000000001,0.3382746085120245,3.9448982524549647,0.6697145341949376,0.7983193277310925,0.9494438827098078,0.9494438827098078,0.8622589531680441,0.9260355029585798,0.76,0.9260355029585798
554430,Zack Wheeler,PHI,2022,32,153,26,607,2358,153,5.884615384615385,0.2125,25.406758448060074,109.0191,115.2733,33.29092451229856,0,0.4589,4,2.8235,1.0392,0.2685,0.056,3.1868,3.0628,0.7244613113223239,0.6348667923021213,21,21,0.9032766428982918,TRUE,0.996684307981914,-0.14576763153622554,0.9019099999999994,1.5273300000000005,-0.7661558398848737,-0.2518020161141467,0.6697145341949376,0.8349381017881705,0.9593165174938975,0.9593165174938975,0.8871331828442438,0.9401913875598086,0.8018494055482166,0.9401913875598086
605488,Jeffrey Springs,TBR,2022,29,135.33333333333334,25,549,2149,125,5.413333333333334,0.2058,30.214424951267056,105.4814,112.1428,33.41088878548162,0,0.4092,3,2.4606,1.0714,0.2623,0.0565,3.3173,3.2908,0.6985129751212027,0.6153928278142997,23,22,0.8948738025940194,TRUE,0.8577374735358297,0.9523921725735244,0.5481399999999994,1.2142799999999994,-0.7118240278814918,-0.2518020161141467,-0.6429259528271392,0.820627802690583,0.9555357936860827,0.9555357936860827,0.8775010208248265,0.9347542409743367,0.7854077253218884,0.9347542409743367
434378,Justin Verlander,HOU,2022,39,175,28,666,2607,175,6.25,0.2342,24.225028702640643,111.421,114.6882,31.453778289221326,0,0.3792,3,1.7486,0.8286,0.2778,0.0435,3.0868,3.2308,0.7107449408465258,0.614717900257731,22,23,0.911087012213031,TRUE,1.4467061449192327,-0.41569652632849347,1.1421000000000006,1.4688199999999996,-1.5981992521984985,-0.2518020161141467,-0.6429259528271392,0.8473282442748091,0.963058736608792,0.963058736608792,0.8968008255933952,0.9455930359085963,0.8161764705882353,0.9455930359085963
642547,Freddy Peralta,MIL,2022,26,78,17,317,1353,76.33333333333333,4.588235294117647,0.1861,32.35294117647059,100.7443,105.1366,38.58093126385809,0,0.4,4,3.5769,1.0385,0.2713,0.0852,3.5722,3.6554,0.6167733578365701,0.534532271731545,24,24,0.8407808661981802,TRUE,0.44919230359734175,1.4408687666526887,0.07442999999999955,0.5136600000000001,1.6296878950559057,-0.2518020161141467,0.6697145341949376,0.7254004576659039,0.9311768754301445,0.9311768754301445,0.8185117967332124,0.9001996007984032,0.6788008565310493,0.9001996007984032
543135,Nathan Eovaldi,BOS,2022,32,109.33333333333333,20,460,1739,109.33333333333333,5.466666666666667,0.1804,26.85337726523888,103.9266,111.2257,31.569867740080507,0,0.4701,5,3.8689,1.2348,0.2239,0.0435,3.5511,3.4564,0.5405130662331697,0.47383773383777733,26,25,0.8760717024239674,TRUE,0.3309838026506732,0.1846668184895527,0.39265999999999934,1.1225700000000003,-1.5456223469891262,-0.2518020161141467,1.9823550212170145,0.7931034482758621,0.9456226209896683,0.9456226209896683,0.8528690534575772,0.9205929062996294,0.7540983606557377,0.9205929062996294
608331,Max Fried,ATL,2022,28,185.33333333333334,30,733,2818,185.33333333333334,6.177777777777778,0.1883,25.27839643652561,103.0347,110.9739,34.81192334989354,0,0.5115,5,2.4766,1.0144,0.2319,0.0437,3.3083,3.0907,0.521260647126145,0.47251795181916445,28,26,0.9176586909088159,TRUE,0.49481663729605624,-0.17508788520768762,0.3034700000000001,1.09739,-0.07729555916219914,-0.2518020161141467,1.9823550212170145,0.8593200468933178,0.9657299520219328,0.9657299520219328,0.9037844772289929,0.9494609164420486,0.8301245753114382,0.9494609164420486
622491,Luis Castillo,2 Tms,2022,29,150.33333333333334,25,615,2506,150.33333333333334,6.013333333333334,0.1984,26.40625,107.0654,108.333,34.71667996807662,0,0.4691,4,2.9933,1.0843,0.2715,0.0732,3.3489,3.2285,0.5286778420098169,0.470136896685635,27,27,0.9062921040289885,TRUE,0.7042738056401538,0.08253469479101397,0.7065399999999997,0.8332999999999998,-0.12043128097453361,-0.2518020161141467,0.6697145341949376,0.8367346938775511,0.9616270145817345,0.9616270145817345,0.8930862437633642,0.9435240963855421,0.803921568627451,0.9435240963855421
592662,Robbie Ray,SEA,2022,30,189,32,775,3047,189,5.90625,0.1935,32.98429319371728,102.5779,98.255,35.54315720380702,0,0.3923,3,3.7143,1.1905,0.2735,0.08,3.4989,3.5778,0.4587804739828438,0.428803810746528,29,28,0.9223909365652975,TRUE,0.6026559714930176,1.5850812254664262,0.25778999999999996,-0.17450000000000046,0.2538802086491998,-0.2518020161141467,-0.6429259528271392,0.8659217877094972,0.9682237051159834,0.9682237051159834,0.910367493277562,0.9530810134501094,0.8378378378378378,0.9530810134501094
645261,Sandy Alcantara,MIA,2022,26,228.66666666666666,32,886,3248,228.66666666666666,7.145833333333333,0.1772,26.41509433962264,109.2155,111.8028,31.311576354679804,0,0.5342,4,2.2828,0.9796,0.2336,0.0564,3.4171,3.2931,0.4587534779533466,0.42614396251270686,30,29,0.9290498568561636,TRUE,0.264621135452543,0.08455490527379199,0.9215500000000005,1.1802800000000004,-1.662602499674,-0.2518020161141467,0.6697145341949376,0.8807157057654076,0.970131421744325,0.970131421744325,0.915445321307779,0.9558563861094762,0.8552123552123552,0.9558563861094762
571927,Steven Matz,STL,2022,31,48,10,207,849,42.666666666666664,4.8,0.2126,25.443786982248522,109.0542,115.3846,32.27326266195524,0,0.383,3,5.25,1.25,0.2609,0.0483,3.2238,3.1545,0.6136517694177459,0.4256058571533161,25,30,0.7772449133872611,TRUE,0.9987581413318559,-0.1373096305863402,0.9054199999999994,1.5384600000000006,-1.2270548297991093,-0.2518020161141467,-0.6429259528271392,0.6330275229357798,0.8946259220231823,0.8946259220231823,0.7389033942558747,0.8498498498498499,0.5798319327731093,0.8498498498498499
641482,Nestor Cortes,NYY,2022,27,158.33333333333334,28,615,2465,158.33333333333334,5.654761904761905,0.2033,23.677248677248677,112.5755,110.2103,32.251521298174445,0,0.335,3,2.4442,0.9221,0.265,0.0618,3.4803,3.6346,0.4073747256388522,0.34884834445797763,32,31,0.9056373862523424,TRUE,0.8058916397872906,-0.5408195990246564,1.2575500000000006,1.0210300000000003,-1.2369014921285926,-0.2518020161141467,-0.6429259528271392,0.8367346938775511,0.9610136452241715,0.9610136452241715,0.891500904159132,0.9426386233269598,0.803921568627451,0.9426386233269598
628711,Julio Urías,LAD,2022,25,175,31,689,2622,175,5.645161290322581,0.1814,25.880758807588077,108.1793,113.6292,31.083142639206713,0,0.397,3,2.16,0.96,0.2409,0.0595,3.659,3.8057,0.373258987630562,0.3329229812029895,33,32,0.9126449373357709,TRUE,0.3517221361500888,-0.037497196883572184,0.8179299999999998,1.3629199999999997,-1.7660601154708242,-0.2518020161141467,-0.6429259528271392,0.8516687268232386,0.9632623071271125,0.9632623071271125,0.8973305954825462,0.9458874458874459,0.8212157330154947,0.9458874458874459
506433,Yu Darvish,SDP,2022,35,194.66666666666666,30,771,2971,194.66666666666666,6.488888888888889,0.2075,25.625,102.4397,107.7387,32.144059239313364,0,0.3685,3,3.0976,0.9503,0.2555,0.048,3.3852,3.5775,0.3632660538215962,0.3159694964041717,34,33,0.9213557057352603,TRUE,0.8929926404848358,-0.09591723118772232,0.2439700000000002,0.7738699999999994,-1.285571052028541,-0.2518020161141467,-0.6429259528271392,0.8653198653198653,0.9674373168349072,0.9674373168349072,0.9082849281565271,0.9519384812560077,0.8371335504885994,0.9519384812560077
593423,Frankie Montas,2 Tms,2022,29,144.33333333333334,27,608,2327,143.4,5.34567901234568,0.1628,27.989821882951652,104.8225,107.9529,35.66824237215299,0,0.4561,4,4.0531,1.2471,0.2336,0.0707,3.741,3.6094,0.3359095676581461,0.31347207413541756,36,34,0.9027937761960849,TRUE,-0.03401086693904165,0.4442517539122892,0.4822500000000005,0.7952899999999999,0.31053127375934403,-0.2518020161141467,0.6697145341949376,0.8351648351648352,0.9587968685620107,0.9587968685620107,0.8858012942519985,0.939442874444893,0.8021108179419525,0.939442874444893
669456,Shane Bieber,CLE,2022,27,200,31,791,2875,200,6.451612903225806,0.2048,29.97347480106101,93.0345,96.7588,32.7304347826087,0,0.4818,4,2.88,1.04,0.2503,0.0455,3.2129,2.983,0.34614530802846555,0.312761521461707,35,35,0.9211404424616604,TRUE,0.8369991400364141,0.8973547090610319,-0.6965500000000006,-0.32412000000000063,-1.0200016042556335,-0.2518020161141467,0.6697145341949376,0.8682766190998902,0.9663865546218487,0.9663865546218487,0.905511811023622,0.9504132231404959,0.8405951115834219,0.9504132231404959
665795,Edward Cabrera,MIA,2022,24,71.66666666666667,14,291,1215,71.66666666666667,5.1190476190476195,0.1443,33.62068965517241,99.3648,94.883,38.60082304526749,0,0.4529,5,3.014,1.0744,0.2577,0.1134,4.0503,4.1202,0.2919583371950095,0.30883597384717343,38,36,0.8282859808778932,TRUE,-0.41767003667823016,1.7304459284843094,-0.06351999999999976,-0.5117000000000005,1.6386968816422594,-0.2518020161141467,1.9823550212170145,0.708029197080292,0.9239543726235742,0.9239543726235742,0.801980198019802,0.8901098901098901,0.6598639455782312,0.8901098901098901
669713,Hayden Wesneski,CHC,2022,24,33,4,132,496,24.333333333333332,8.25,0.197,NA,103.5086,106.3024,33.46774193548387,0,0.4713,4,2.1818,0.9394,0.25,0.053,3.3171,3.6365,0.4146756271418301,0.2543183562570555,31,37,0.6878633504933672,TRUE,0.6752401387409723,NA,0.3508600000000001,0.6302400000000006,-0.6860752397151263,-0.2518020161141467,0.6697145341949376,0.5238095238095238,0.8322147651006712,0.8322147651006712,0.6231155778894473,0.7678018575851393,0.46808510638297873,0.7678018575851393
656756,Jordan Montgomery,2 Tms,2022,29,178.33333333333334,32,724,2715,177.4,5.572916666666667,0.1685,28.940217391304348,101.3408,102.5329,33.62799263351749,0,0.4756,4,3.4822,1.0935,0.2182,0.0497,3.6094,3.4254,0.26389865689114145,0.24971774626914162,43,38,0.9158475292051756,TRUE,0.08419763400762753,0.6613396373133499,0.13408000000000014,0.2532899999999998,-0.6134977083555393,-0.2518020161141467,0.6697145341949376,0.8578199052132701,0.9644760213143873,0.9644760213143873,0.900497512437811,0.9476439790575916,0.8283752860411899,0.9476439790575916
657140,Kyle Wright,ATL,2022,26,180.33333333333334,30,738,2697,180.33333333333334,6.011111111111111,0.164,27.551020408163264,99.432,96.8945,33.370411568409345,1,0.5562,4,3.1941,1.159,0.2358,0.0718,3.4778,3.2977,0.2870096629030977,0.24854615031643798,40,39,0.9163202255740249,TRUE,-0.009124866739742783,0.34402139449046815,-0.05679999999999978,-0.31055000000000066,-0.730156157023265,3.9448982524549647,0.6697145341949376,0.8601398601398601,0.9642474079370754,0.9642474079370754,0.8998998998998999,0.9473129610115911,0.831081081081081,0.9473129610115911
656731,Tylor Megill,NYM,2022,26,47.333333333333336,9,200,791,41.333333333333336,5.2592592592592595,0.19,28.818443804034583,101.0643,104.3035,35.39823008849557,0,0.4091,3,5.1338,1.2465,0.255,0.065,3.4502,3.346,0.33382715796844326,0.24472608532737783,37,40,0.7683106883169945,TRUE,0.530071804245063,0.6335243014008645,0.10643000000000029,0.43034999999999995,0.1882427269693124,-0.2518020161141467,-0.6429259528271392,0.625,0.8877665544332211,0.8877665544332211,0.7250229147571036,0.8405951115834219,0.5714285714285714,0.8405951115834219
669373,Tarik Skubal,DET,2022,25,117.66666666666667,21,477,1914,117.66666666666667,5.603174603174604,0.1782,26.24113475177305,105.699,103.9574,33.28108672936259,0,0.4568,4,3.5184,1.1558,0.2453,0.0671,3.577,3.3994,0.2762819944976397,0.24374457206480782,42,41,0.8828007809931889,TRUE,0.2853594689519587,0.04481932320118179,0.5698999999999999,0.3957400000000007,-0.7706113711761895,-0.2518020161141467,0.6697145341949376,0.7989949748743719,0.9503475670307845,0.9503475670307845,0.8644986449864499,0.9273255813953488,0.7607655502392344,0.9273255813953488
622663,Luis Severino,NYY,2022,28,102,19,405,1639,102,5.368421052631579,0.2025,28.26086956521739,99.5309,100.0805,35.02135448444173,0,0.4431,3,3.1765,1,0.2765,0.0741,3.3684,3.3822,0.29042414079956275,0.23422132923536435,39,42,0.8662484714990154,TRUE,0.7893009729877583,0.506164049505753,-0.046909999999999744,0.008050000000000068,0.017555788893433576,-0.2518020161141467,-0.6429259528271392,0.7714285714285715,0.9424956871765382,0.9424956871765382,0.8452810727178959,0.9161542761319172,0.7297297297297297,0.9161542761319172
458681,Lance Lynn,CHW,2022,35,121.66666666666667,21,512,2022,121.66666666666667,5.7936507936507935,0.2051,26.331360946745562,101.8073,102.4259,34.27299703264095,0,0.423,3,3.9945,1.1342,0.2422,0.0371,3.3502,3.4439,0.28304044912312526,0.23064216890992326,41,43,0.8888527513299359,TRUE,0.8432206400862386,0.06542865218240136,0.18072999999999978,0.24258999999999986,-0.3213752553560975,-0.2518020161141467,-0.6429259528271392,0.810126582278481,0.9528746465598492,0.9528746465598492,0.8708010335917312,0.930939226519337,0.7734138972809668,0.930939226519337
605397,Joe Musgrove,SDP,2022,29,181,30,740,2835,181,6.033333333333333,0.1919,26.52777777777778,99.8418,100.4864,33.65079365079365,0,0.4465,4,2.9337,1.0829,0.2486,0.0568,3.4473,3.4715,0.2498644876230592,0.22245314730276075,44,44,0.9182266282083112,TRUE,0.5694746378939523,0.11029388327659535,-0.01581999999999937,0.04864000000000033,-0.6031711290226761,-0.2518020161141467,0.6697145341949376,0.8604651162790697,0.9659284497444633,0.9659284497444633,0.9043062200956937,0.949748743718593,0.8314606741573034,0.949748743718593
450203,Charlie Morton,ATL,2022,38,172,31,728,2903,172,5.548387096774194,0.1951,27.296587926509186,100.838,101.6135,36.10058560110231,0,0.3977,3,4.343,1.2326,0.2816,0.0865,3.4754,3.6047,0.24492119112585548,0.21531358069170192,47,45,0.9184459257886634,TRUE,0.6358373050920824,0.2859043175205869,0.08379999999999939,0.1613500000000002,0.5063394957652856,-0.2518020161141467,-0.6429259528271392,0.8584905660377359,0.9666999666999667,0.9666999666999667,0.9063378083047143,0.9508679986898133,0.8291571753986332,0.9508679986898133
657277,Logan Webb,SFG,2022,25,192.33333333333334,32,787,3006,192.33333333333334,6.010416666666667,0.1449,25.05800464037123,108.0096,108.0065,33.96540252827678,1,0.5671,3,2.9012,1.1594,0.2071,0.0623,3.5558,3.3146,0.24514964370539893,0.21205440508801268,46,46,0.9224882407236628,TRUE,-0.405227036578581,-0.22542944103957535,0.8009600000000006,0.8006500000000003,-0.4606847876106355,3.9448982524549647,-0.6429259528271392,0.8676957001102535,0.9678042498390212,0.9678042498390212,0.9092558983666061,0.9524714828897338,0.83991462113127,0.9524714828897338
668678,Zac Gallen,ARI,2022,26,184,31,714,2935,184,5.935483870967742,0.2031,21.41882673942701,102.6736,107.0959,34.889267461669505,0,0.4595,4,2.5435,0.913,0.2689,0.0658,3.3216,3.3149,0.24792933135985856,0.20387411921950002,45,47,0.9180893860943168,TRUE,0.8017439730874074,-1.056684871955096,0.2673599999999993,0.70959,-0.04226641565905048,-0.2518020161141467,0.6697145341949376,0.8561151079136691,0.9670510708401977,0.9670510708401977,0.9072642967542504,0.9513776337115073,0.8263888888888888,0.9513776337115073
666129,Braxton Garrett,MIA,2022,24,88,17,373,1436,88,5.176470588235294,0.1769,28.023598820058996,100.4063,100.403,32.729805013927574,0,0.4777,4,3.5795,1.25,0.2413,0.0643,3.5224,3.5046,0.21996371420187383,0.19186296244126277,49,48,0.8539444154707124,TRUE,0.25839963540271843,0.45196703004728855,0.040630000000000166,0.04030000000000058,-1.02028682645288,-0.2518020161141467,0.6697145341949376,0.7565922920892495,0.9348958333333334,0.9348958333333334,0.8271889400921659,0.905422446406053,0.7131931166347992,0.905422446406053
669358,Shane Baz,TBR,2022,23,27,6,117,444,27,4.5,0.1795,30.62200956937799,99.4891,98.8502,36.93693693693694,0,0.4286,3,5,1.3333,0.2564,0.0769,3.5864,3.4269,0.23449019863846823,0.17211055981267365,48,49,0.6651356804201877,TRUE,0.3123193025011989,1.0454920255030655,-0.051090000000000656,-0.1149799999999999,0.8851229647236232,-0.2518020161141467,-0.6429259528271392,0.4936708860759494,0.8161764705882353,0.8161764705882353,0.5967741935483871,0.7474747474747475,0.43820224719101125,0.7474747474747475
502171,Alex Cobb,SFG,2022,34,149.66666666666666,28,631,2418,149.66666666666666,5.345238095238095,0.1712,22.682445759368836,98.6795,108.1853,35.8974358974359,1,0.615,3,3.7283,1.3029,0.2393,0.0681,3.1518,2.8871000000000002,0.2150727821136364,0.15472445985063465,50,50,0.9059322523146005,TRUE,0.14019113445604928,-0.7680509547557596,-0.13204999999999956,0.8185299999999998,0.4143330073726645,3.9448982524549647,-0.6429259528271392,0.8402130492676432,0.960285941223193,0.960285941223193,0.8896247240618101,0.9415887850467289,0.8079385403329066,0.9415887850467289
669923,George Kirby,SEA,2022,24,130,25,542,2092,130,5.2,0.2048,23.19859402460457,96.0007,104.8666,31.166347992351817,0,0.455,4,3.3923,1.2077,0.2454,0.0406,3.3223,3.3291,0.20369317441169085,0.15178047605061218,51,51,0.8930714395589449,TRUE,0.8369991400364141,-0.6501531601677268,-0.3999300000000005,0.48666000000000054,-1.7283764161092943,-0.2518020161141467,0.6697145341949376,0.8187311178247734,0.9543795620437956,0.9543795620437956,0.8745819397993311,0.9330954504906334,0.7832369942196532,0.9330954504906334
641816,Tyler Mahle,2 Tms,2022,27,120.66666666666667,23,503,2101,120.66666666666667,5.246376811594203,0.165,27.882037533512065,94.6831,103.8367,37.26796763445978,0,0.3556,4,4.4006,1.2182,0.2505,0.0855,3.8789,4.0321,0.15765559389575837,0.14539034042140925,55,52,0.889797823751154,TRUE,0.011613466759672843,0.41963181823502915,-0.5316900000000004,0.38366999999999934,1.0350467474294514,-0.2518020161141467,0.6697145341949376,0.8073836276083467,0.9545661063153112,0.9545661063153112,0.8750520616409829,0.9333629498000888,0.7702909647779479,0.9333629498000888
663776,Patrick Sandoval,LAA,2022,25,148.66666666666666,27,638,2455,148.66666666666666,5.506172839506172,0.1426,29.62382445141066,102.4419,101.8559,35.926680244399186,0,0.4736,4,2.9058,1.3386,0.2367,0.094,3.9415,3.6673,0.13410618640074368,0.14510304877837937,58,53,0.9069999097363542,TRUE,-0.45292520362723687,0.8174881128188002,0.2441900000000004,0.18559000000000053,0.4275777703276028,-0.2518020161141467,0.6697145341949376,0.841688654353562,0.9608610567514677,0.9608610567514677,0.8911070780399274,0.9424184261036468,0.8096446700507615,0.9424184261036468
660761,José Suarez,LAA,2022,24,109,20,462,1783,102.33333333333333,5.45,0.1515,25.44080604534005,103.8946,110.0368,33.59506449803702,0,0.4125,4,3.9633,1.2477,0.2229,0.0714,3.911,3.8571,0.15544278127164005,0.14471907705282158,56,54,0.8776115269575452,TRUE,-0.26835403548243814,-0.13799053161998864,0.3894599999999997,1.00368,-0.6284108589050956,-0.2518020161141467,0.6697145341949376,0.7938144329896907,0.9468932554434413,0.9468932554434413,0.8559769563130101,0.9224004138644594,0.7549019607843137,0.9224004138644594
664285,Framber Valdez,HOU,2022,28,201.33333333333334,31,827,3018,201.33333333333334,6.494623655913979,0.1536,23.60248447204969,106.7667,105.0991,35.487077534791254,1,0.6655,3,2.8162,1.1573,0.2346,0.081,3.1383,2.9946,0.17230238867757539,0.1399785230433156,54,55,0.9243566103072689,TRUE,-0.22480353513366552,-0.5578971240320535,0.67667,0.5099100000000008,0.22848172997441069,3.9448982524549647,-0.6429259528271392,0.8732840549102429,0.967928159076331,0.967928159076331,0.9095840867992767,0.9526515151515151,0.8464687819856704,0.9526515151515151
641927,Bailey Ober,MIN,2022,26,56,11,227,854,56,5.090909090909091,0.1762,26.760563380281692,97.4307,103.5009,33.13817330210773,0,0.2778,4,3.2143,1.0536,0.2247,0.0485,3.9855,4.1815,0.18217419641532856,0.13585786485315438,52,56,0.7839838522236071,TRUE,0.2438828019531274,0.16346641333348347,-0.2569299999999998,0.3500900000000001,-0.8353368536581414,-0.2518020161141467,0.6697145341949376,0.654178674351585,0.8951781970649895,0.8951781970649895,0.7400346620450606,0.850597609561753,0.6021220159151194,0.850597609561753
677651,Luis Garcia,HOU,2022,25,157.33333333333334,28,643,2468,157.33333333333334,5.6190476190476195,0.1711,29.21511627906977,102.018,99.0835,35.413290113452184,0,0.3761,3,3.7182,1.1314,0.2442,0.0731,3.7715,3.8197,0.13578318955798574,0.1296155034380936,57,57,0.9075309371686499,TRUE,0.13811730110610793,0.7241316193564241,0.20180000000000006,-0.09164999999999993,0.19506341135307267,-0.2518020161141467,-0.6429259528271392,0.8427260812581914,0.9610591900311527,0.9610591900311527,0.8916184971098265,0.9427043544690603,0.8108448928121059,0.9427043544690603
605135,Chris Bassitt,NYM,2022,33,181.66666666666666,30,745,2886,181.66666666666666,6.055555555555555,0.1584,25.064935064935064,104.0314,105.1855,34.33818433818434,0,0.4883,4,3.4183,1.145,0.2242,0.0658,3.7454,3.7156,0.09637772088841645,0.09257841426829692,60,58,0.9191026409547136,TRUE,-0.12525953433647005,-0.2238464040971543,0.4031400000000005,0.5185500000000005,-0.29185192865377185,-0.2518020161141467,0.6697145341949376,0.861271676300578,0.9665103817816477,0.9665103817816477,0.9058380414312618,0.950592885375494,0.8324022346368715,0.950592885375494
592351,Jon Gray,TEX,2022,30,127.33333333333333,24,521,2062,127.33333333333333,5.305555555555555,0.1823,27.142857142857142,105.0878,102.8549,33.462657613967025,0,0.4412,2,3.9581,1.1309,0.2572,0.0749,3.5557,3.463,0.09948912649078231,0.0798435378959874,59,59,0.8905862501999929,TRUE,0.3703866362995625,0.2507893678566795,0.5087800000000001,0.2854900000000001,-0.6883779286198184,-0.2518020161141467,-1.955566439849216,0.8127925117004681,0.9537465309898242,0.9537465309898242,0.8729889923793396,0.9321880650994575,0.7764530551415797,0.9321880650994575
669160,Dustin May,LAD,2022,24,30,6,127,474,30,5,0.1181,NA,111.5648,106.1384,37.34177215189873,0,0.5128,4,4.5,1.1667,0.2283,0.1102,4.2051,4.214,-0.006644707208286345,0.06782529101533073,69,60,0.6794079441793285,TRUE,-0.9610143743629195,NA,1.1564800000000006,0.6138400000000004,1.0684728088733824,-0.2518020161141467,0.6697145341949376,0.5141700404858299,0.8257839721254355,0.8257839721254355,0.6124031007751938,0.7596153846153846,0.4584837545126354,0.7596153846153846
471911,Carlos Carrasco,NYM,2022,35,152,29,645,2412,152,5.241379310344827,0.1721,28.339575530586767,90.2932,99.4533,33.74792703150912,0,0.4603,4,3.9671,1.3289,0.2357,0.0636,3.6045,3.4528,0.07274358488549565,0.06586215126747953,61,61,0.906732098208875,TRUE,0.15885563460552357,0.5241419453216647,-0.9706800000000001,-0.05467000000000013,-0.5591794268245328,-0.2518020161141467,0.6697145341949376,0.8431372549019608,0.9601910828025477,0.9601910828025477,0.8893805309734514,0.9414519906323185,0.8113207547169812,0.9414519906323185
664062,Tony Gonsolin,LAD,2022,28,130.33333333333334,24,498,2015,130.33333333333334,5.430555555555556,0.1687,28.39160839160839,95.6721,96.1273,33.84615384615385,0,0.4307,4,2.1407,0.8747,0.239,0.0703,3.7394,3.6947,0.05115412900814267,0.05233211991329976,66,62,0.8873747644747428,TRUE,0.0883453007075102,0.5360272115789351,-0.43278999999999995,-0.38726999999999945,-0.5146925084665599,-0.2518020161141467,0.6697145341949376,0.8058252427184466,0.9527186761229315,0.9527186761229315,0.8704103671706264,0.930715935334873,0.7685185185185185,0.930715935334873
663474,Triston McKenzie,CLE,2022,24,191.33333333333334,30,741,2807,188.33333333333334,6.377777777777778,0.197,25.68807339449541,98.977,97.3421,32.703954399714995,0,0.3273,3,2.9634,0.9512,0.2564,0.0594,3.5749,3.767,0.058155340535874005,0.03935757783760177,65,63,0.9179238885305343,TRUE,0.6752401387409723,-0.0815101032187971,-0.10229999999999961,-0.2657899999999998,-1.031994568052136,-0.2518020161141467,-0.6429259528271392,0.8606271777003485,0.9656002751977985,0.9656002751977985,0.9034438364982298,0.9492729117348664,0.8316498316498316,0.9492729117348664
686753,Drey Jameson,ARI,2022,24,24.333333333333332,4,98,369,24.333333333333332,6.083333333333333,0.1735,NA,95.8547,99.139,34.959349593495936,1,0.5606,3,1.4795,1.1096,0.2449,0.0714,3.2669,2.9778,0.17945345011736855,0.03574149430805941,53,64,0.6273997381374858,TRUE,0.1878893015047051,NA,-0.4145300000000006,-0.08610000000000043,-0.010526222431858386,3.9448982524549647,-0.6429259528271392,0.44954128440366975,0.7867803837953091,0.7867803837953091,0.5515695067264574,0.7109826589595376,0.3951612903225806,0.7109826589595376
622072,Alex Wood,SFG,2022,31,130.66666666666666,26,555,2239,130.66666666666666,5.0256410256410255,0.182,25,94.2971,106.7791,34.1223760607414,0,0.4816,3,5.0969,1.2398,0.236,0.0541,3.4539,3.4085,0.05913838939410334,0.034499780392451614,64,65,0.8971739041083812,TRUE,0.36416513624973795,-0.23867877197071136,-0.57029,0.67791,-0.3895914843372497,-0.2518020161141467,-0.6429259528271392,0.8222222222222222,0.9572466866182129,0.9572466866182129,0.8818432453721938,0.9372122226873169,0.7872340425531915,0.9372122226873169
656849,David Peterson,NYM,2022,26,105.66666666666667,19,454,1889,91,5.56140350877193,0.1718,29.159212880143112,89.6378,93.2,40.44467972472208,0,0.4945,4,3.8328,1.3344,0.2775,0.1057,3.5684,3.3118,0.019045661051397267,0.022534531133117805,67,66,0.8796947895214553,TRUE,0.152634134555699,0.7113622507711833,-1.0362200000000001,-0.6799999999999997,2.47377945923966,-0.2518020161141467,0.6697145341949376,0.7909407665505227,0.9497234791352438,0.9497234791352438,0.8629511192325263,0.9264345267287887,0.7516556291390728,0.9264345267287887
592791,Jameson Taillon,NYY,2022,30,177.33333333333334,32,728,2805,177.33333333333334,5.541666666666667,0.1635,22.686945500633712,97.4147,102.7146,34.47415329768271,0,0.4007,5,3.9079,1.1278,0.2074,0.044,3.8446,3.7884,0.003646208883640963,3.417348298497617e-4,68,67,0.9172371036391549,TRUE,-0.019494033489450596,-0.7670231307620019,-0.25853000000000037,0.2714600000000004,-0.23027159519492488,-0.2518020161141467,1.9823550212170145,0.8584905660377359,0.9655765920826161,0.9655765920826161,0.9033816425120773,0.949238578680203,0.8291571753986332,0.949238578680203
607644,John Means,BAL,2022,29,8,2,34,135,8,4,0.1471,20.54794520547945,111.2292,117.4775,34.81481481481482,0,0.4,NA,3.375,1.25,0.2059,0.0588,3.9913,3.7778,0.07036119047684727,-0.0010233764905998475,62,68,0.40174446404663966,TRUE,-0.3596027028798665,-1.255610295356387,1.1229200000000006,1.7477500000000006,-0.0759860148758144,-0.2518020161141467,NA,0.22077922077922077,0.574468085106383,0.574468085106383,0.3103448275862069,0.47368421052631576,0.18478260869565216,0.47368421052631576
621121,Lance McCullers Jr.,HOU,2022,28,47.666666666666664,8,195,759,47.666666666666664,5.958333333333333,0.1436,NA,99.3259,102.3246,38.866930171278,0,0.5,4,2.2657,1.2378,0.2564,0.1128,3.9602,3.5793,-0.04126703294655686,-0.005647422636018584,75,69,0.7625881453273556,TRUE,-0.43218687012782125,NA,-0.06740999999999957,0.2324600000000004,1.759216782772333,-0.2518020161141467,0.6697145341949376,0.6190476190476191,0.8835855646100116,0.8835855646100116,0.71671388101983,0.834983498349835,0.5652173913043478,0.834983498349835
669194,Ryne Nelson,ARI,2022,24,18.333333333333332,3,69,253,18.333333333333332,6.111111111111111,0.1449,NA,103.4047,104.9603,37.15415019762846,0,0.234,3,1.4727,0.8182,0.2319,0.087,4.5538,4.6905,-0.054103975187483416,-0.007305277579576099,76,70,0.5466661810880341,TRUE,-0.405227036578581,NA,0.34047000000000055,0.49603000000000036,0.9834988372346407,-0.2518020161141467,-0.6429259528271392,0.36507936507936506,0.71671388101983,0.71671388101983,0.45750452079566006,0.6277915632754343,0.3150684931506849,0.6277915632754343
686610,Ken Waldichuk,OAK,2022,24,34.666666666666664,7,146,586,34.666666666666664,4.952380952380952,0.1575,NA,102.6789,102.9015,35.665529010238906,0,0.3535,3,4.9327,1.2115,0.226,0.0685,3.947,4.2564,-0.025272511197249548,-0.009669878014077645,72,71,0.7149087267243651,TRUE,-0.14392403448594435,NA,0.26788999999999985,0.29014999999999985,0.3093023923140481,-0.2518020161141467,-0.6429259528271392,0.5488721804511278,0.8542274052478134,0.8542274052478134,0.6613995485327314,0.7961956521739131,0.49324324324324326,0.7961956521739131
608337,Lucas Giolito,CHW,2022,27,161.66666666666666,30,698,2753,161.66666666666666,5.388888888888888,0.1662,30.163447251114412,95.1907,94.4132,35.74282600799128,0,0.3855,3,4.899,1.4351,0.2536,0.0874,3.7879,3.6581,-0.019180278291825496,-0.01006463947126793,70,72,0.9149581314341277,TRUE,0.03649946695897113,0.9407479245425411,-0.4809299999999993,-0.5586799999999996,0.3443101978787893,-0.2518020161141467,-0.6429259528271392,0.8533007334963325,0.9649491763056431,0.9649491763056431,0.9017359973796266,0.9483293145022391,0.8231132075471698,0.9483293145022391
579328,Yusei Kikuchi,TOR,2022,31,100.66666666666667,20,454,1844,82.33333333333333,5.033333333333333,0.1454,29.37062937062937,100.0414,98.9922,38.232104121475054,0,0.4389,3,5.1854,1.5,0.2731,0.1278,4.0166,4.072,-0.039468367858409084,-0.011612856505838206,74,73,0.8784770014366953,TRUE,-0.3948578698288732,0.7596536810571838,0.0041399999999995885,-0.10078000000000031,1.471704103558983,-0.2518020161141467,-0.6429259528271392,0.7909407665505227,0.948559670781893,0.948559670781893,0.8600746268656716,0.9247743229689067,0.7516556291390728,0.9247743229689067
666205,Kyle Muller,ATL,2022,24,12.333333333333334,3,59,233,12.333333333333334,4.111111111111112,0.0678,32,98.2885,101.085,36.90987124463519,0,0.3947,NA,8.027,1.7027,0.2034,0.1356,4.9596,4.4328,-0.3712649012643961,-0.018294107185689853,114,74,0.5235947698668908,TRUE,-2.0041525493835244,1.3602504847987658,-0.17115000000000008,0.10849999999999937,0.8728649143319372,-0.2518020161141467,NA,0.329608938547486,0.6996996996996997,0.6996996996996997,0.4371482176360225,0.608355091383812,0.2822966507177033,0.608355091383812
663978,Chris Paddack,MIN,2022,26,22.333333333333332,5,93,367,22.333333333333332,4.466666666666667,0.1935,25.38860103626943,93.3877,103.8197,30.517711171662125,0,0.4412,3,4.0299,1.209,0.2151,0.0215,3.4146,3.1826,0.0679562171697895,-0.020409631774756916,63,75,0.6230034767981112,TRUE,0.6026559714930176,-0.14991511967040697,-0.6612300000000004,0.38196999999999975,-2.022143992614403,-0.2518020161141467,-0.6429259528271392,0.43661971830985913,0.7858672376873662,0.7858672376873662,0.5502248875562219,0.7098646034816247,0.38271604938271603,0.7098646034816247
656876,Drew Rasmussen,TBR,2022,26,146,28,584,2239,146,5.214285714285714,0.161,24.837662337662337,100.1772,106.9948,33.27378293881197,0,0.4656,3,2.8356,1.0411,0.214,0.0531,3.742,3.5588,-0.022864014875548455,-0.025356937973102792,71,76,0.8994209779291694,TRUE,-0.07133986723798967,-0.27575969165460473,0.017719999999999913,0.6994799999999998,-0.773919257470828,-0.2518020161141467,-0.6429259528271392,0.8295454545454546,0.9572466866182129,0.9572466866182129,0.8818432453721938,0.9372122226873169,0.7956403269754768,0.9372122226873169
641154,Pablo López,MIA,2022,26,180,32,736,2910,180,5.625,0.1644,29.39729397293973,96.0555,100.3908,35.017182130584196,0,0.4609,2,3.75,1.1667,0.2364,0.072,3.709,3.561,-0.05710108871781063,-0.05098012062406448,77,77,0.9189386451489651,TRUE,-8.295333399768784e-4,0.7657443685934916,-0.3944500000000005,0.03907999999999987,0.015666130085988415,-0.2518020161141467,-1.955566439849216,0.8598130841121495,0.9667774086378738,0.9667774086378738,0.9065420560747663,0.9509803921568627,0.8306997742663657,0.9509803921568627
686973,Louis Varland,MIN,2022,24,26,5,106,411,26,5.2,0.1415,NA,95.6629,103.4772,31.873479318734795,0,0.359,4,3.8077,1.2308,0.1981,0.0566,4.1393,4.1267,-0.1144624989579244,-0.05213901348019716,86,78,0.6478570470897759,TRUE,-0.47573737047659437,NA,-0.43371000000000065,0.34771999999999964,-1.4081166815455215,-0.2518020161141467,0.6697145341949376,0.4690265486725664,0.8043052837573386,0.8043052837573386,0.5780590717299579,0.732620320855615,0.4140625,0.732620320855615
621111,Walker Buehler,LAD,2022,27,65,12,274,1046,65,5.416666666666667,0.1496,24.807692307692307,98.8124,102.3982,35.75525812619503,0,0.4796,4,4.0154,1.2923,0.2117,0.062,3.8222,3.6396,-0.08171607698601943,-0.05733705759811562,80,79,0.8133455831157391,TRUE,-0.3077568691313275,-0.282605399903939,-0.11876000000000034,0.23982000000000028,0.34994070345455464,-0.2518020161141467,0.6697145341949376,0.6954314720812182,0.912739965095986,0.912739965095986,0.7771173848439822,0.8745819397993311,0.6462264150943396,0.8745819397993311
665621,Rony García,DET,2022,24,51,8,206,885,37,6.375,0.1699,21.95767195767196,102.1081,100.8046,38.53107344632768,0,0.3121,4,4.4118,1.0392,0.233,0.0631,3.7936,4.1459,-0.0580770334077581,-0.06281748822567655,78,80,0.7806411730255822,TRUE,0.11323130090680907,-0.9336026741947846,0.21080999999999933,0.08045999999999935,1.6071072925391252,-0.2518020161141467,0.6697145341949376,0.6319018404907976,0.8984771573604061,0.8984771573604061,0.7468354430379747,0.855072463768116,0.5786516853932584,0.855072463768116
621107,Zach Eflin,PHI,2022,28,75.66666666666667,13,313,1194,68,5.820512820512821,0.1597,22.072936660268713,98.2149,107.2647,34.58961474036851,0,0.4449,4,4.0441,1.1233,0.2077,0.0479,3.7766,3.8112,-0.06407640013479282,-0.06812269248099825,79,81,0.8314732364701118,TRUE,-0.09829970078722987,-0.9072740877298157,-0.17851,0.7264700000000005,-0.17797911484895113,-0.2518020161141467,0.6697145341949376,0.7228637413394919,0.9227202472952086,0.9227202472952086,0.7991967871485943,0.8883928571428571,0.6760259179265659,0.8883928571428571
592767,Drew Smyly,CHC,2022,33,106.33333333333333,22,447,1814,106.33333333333333,4.833333333333333,0.1454,24.54954954954955,103.5159,107.561,32.91069459757442,0,0.4012,3,3.4702,1.1944,0.2036,0.0582,4.0604,4.1828,-0.09443964038562783,-0.07746455814765224,83,82,0.8768499627304074,TRUE,-0.3948578698288732,-0.34156997253502774,0.3515900000000002,0.7561000000000007,-0.9383619450586217,-0.2518020161141467,-0.6429259528271392,0.7883597883597884,0.9477533960292581,0.9477533960292581,0.8580889309366131,0.9236252545824847,0.7487437185929648,0.9236252545824847
622694,Elieser Hernández,MIA,2022,27,62.333333333333336,10,278,1095,46.666666666666664,6.233333333333333,0.1367,25.536480686695278,106.9653,103.975,34.337899543378995,0,0.2737,3,6.3529,1.4278,0.2158,0.0791,4.4259,5.0511,-0.12710882640489427,-0.07955043891703198,91,83,0.8178062195704262,TRUE,-0.5752813712737893,-0.11613667687801722,0.6965299999999999,0.3974999999999994,-0.2919809122037324,-0.2518020161141467,-0.6429259528271392,0.6984924623115578,0.9163179916317992,0.9163179916317992,0.7849462365591398,0.8795180722891566,0.6495327102803738,0.8795180722891566
669302,Logan Gilbert,SEA,2022,25,185.66666666666666,32,766,3015,185.66666666666666,5.802083333333333,0.1632,23.66737739872068,103.1685,103.3838,35.32338308457712,0,0.3667,3,3.1993,1.1795,0.2272,0.064,3.8436,3.7773,-0.0874938679655275,-0.08483556394500932,81,84,0.9216163480027919,TRUE,-0.025715533539275172,-0.543074381316104,0.31684999999999947,0.33837999999999935,0.1543445234624346,-0.2518020161141467,-0.6429259528271392,0.8645598194130926,0.9678972712680578,0.9678972712680578,0.9095022624434389,0.95260663507109,0.8362445414847162,0.95260663507109
680686,Josiah Gray,WSN,2022,24,148.66666666666666,28,649,2597,148.66666666666666,5.309523809523809,0.1356,30.027932960893853,96.1872,98.8984,38.659992298806316,0,0.3301,3,5.0247,1.3587,0.2373,0.1017,4.2746,4.5653,-0.11834403768623225,-0.08649901961776331,87,85,0.9098995140005497,TRUE,-0.5980935381231463,0.9097939583505409,-0.38127999999999956,-0.11016000000000048,1.6654946329589901,-0.2518020161141467,-0.6429259528271392,0.8439531859557867,0.9629217649239896,0.9629217649239896,0.896444597859855,0.9453949763378231,0.8122653316645807,0.9453949763378231
446372,Corey Kluber,TBR,2022,36,164,31,689,2454,164,5.290322580645161,0.1713,24.963924963924963,97.6091,96.1031,30.48084759576202,0,0.3608,4,4.3354,1.2134,0.2017,0.0305,3.8459,3.9161,-0.09197820451664235,-0.08666715473045582,82,86,0.910062298437546,TRUE,0.14226496780599118,-0.24691897634490997,-0.2390900000000002,-0.3896900000000002,-2.038839503889835,-0.2518020161141467,0.6697145341949376,0.8516687268232386,0.9608457321848082,0.9608457321848082,0.8910675381263616,0.9423963133640553,0.8212157330154947,0.9423963133640553
657746,Joe Ryan,MIN,2022,26,147,27,604,2391,147,5.444444444444445,0.1722,23.244147157190636,104.858,99.9298,33.16603931409452,0,0.2769,3,3.551,1.102,0.25,0.0778,3.9784,4.3462,-0.10579370621074093,-0.10442375129720742,85,87,0.9036399480646057,TRUE,0.1609294679554649,-0.6397479835349614,0.4858000000000004,-0.007019999999999982,-0.8227163385299426,-0.2518020161141467,-0.6429259528271392,0.8342541436464088,0.9598554797270172,0.9598554797270172,0.8885172798216276,0.9409681227863046,0.8010610079575596,0.9409681227863046
641778,Eric Lauer,MIL,2022,27,158.66666666666666,29,661,2676,158.66666666666666,5.471264367816092,0.1483,25.28883183568678,99.6309,98.8553,35.799701046337816,0,0.3364,4,3.687,1.2227,0.2375,0.0893,4.071,4.0782,-0.12593523720407715,-0.10592835133348993,88,88,0.9117691878876559,TRUE,-0.33471670268056825,-0.17270424734699358,-0.03691000000000031,-0.11447000000000003,0.3700688992749427,-0.2518020161141467,0.6697145341949376,0.8463508322663252,0.9639769452449568,0.9639769452449568,0.8991935483870968,0.9469214437367304,0.815043156596794,0.9469214437367304
548389,Ross Stripling,TOR,2022,32,134.33333333333334,24,536,2033,123.33333333333333,5.597222222222222,0.1698,23.178807947019866,99.7043,104.4205,31.972454500737825,0,0.4375,3,3.0149,1.0199,0.2071,0.0373,3.7148,3.6703,-0.1050568234977744,-0.1078706957739419,84,89,0.8912334668828182,TRUE,0.11115746755686774,-0.6546726656429976,-0.029569999999999652,0.4420500000000004,-1.3632908276566438,-0.2518020161141467,-0.6429259528271392,0.8170731707317073,0.953117674636662,0.953117674636662,0.871410201457351,0.9312872194228127,0.7813411078717201,0.9312872194228127
682847,Luis Ortiz,PIT,2022,23,16,4,69,275,16,4,0.1014,NA,111.1873,98.5508,36.36363636363637,0,0.439,3,4.5,1.125,0.2464,0.1449,4.6495,4.4353,-0.3854977305108799,-0.10842583944748557,116,90,0.559884720217251,TRUE,-1.30734454380316,NA,1.1187299999999993,-0.14492000000000047,0.6254751700633986,-0.2518020161141467,-0.6429259528271392,0.36507936507936506,0.7333333333333333,0.7333333333333333,0.4782608695652174,0.6470588235294118,0.3150684931506849,0.6470588235294118
663629,Ethan Small,MIL,2022,25,6.333333333333333,2,33,132,6.333333333333333,3.1666666666666665,-0.0303,37.93103448275862,88.0909,83.1176,46.21212121212121,0,0.3333,NA,7.1053,2.5263,0.2121,0.2424,6.7645,6.0938,-1.1627587793695855,-0.111573950529676,204,91,0.3965244208809335,FALSE,-4.038583065676195,2.71500827871182,-1.1909099999999995,-1.6882400000000004,5.085853356905128,-0.2518020161141467,NA,0.21568627450980393,0.5689655172413793,0.5689655172413793,0.3055555555555556,0.46808510638297873,0.18032786885245902,0.46808510638297873
666201,Alek Manoah,TOR,2022,24,196.66666666666666,31,786,2949,196.66666666666666,6.344086021505376,0.1641,25.50415183867141,98.4804,93.8961,34.113258731773485,0,0.3745,4,2.2424,0.9915,0.229,0.0649,3.8463,3.9748,-0.12703378144289845,-0.11451655601386534,90,92,0.9217937795653854,TRUE,-0.0070510333898014515,-0.12352118272701912,-0.1519599999999997,-0.6103899999999995,-0.3937207220704038,-0.2518020161141467,0.6697145341949376,0.8675496688741722,0.9672023614299771,0.9672023614299771,0.9076638965835642,0.9515972894482091,0.8397435897435898,0.9515972894482091
676710,Kutter Crawford,BOS,2022,26,77.33333333333333,12,334,1296,61.333333333333336,6.444444444444444,0.1437,26.182965299684543,99.9447,102.1799,36.18827160493827,0,0.3125,3,5.4698,1.4224,0.2305,0.0868,4.1051,4.3336,-0.1545975761175908,-0.11628498875714247,94,93,0.8410085976980829,TRUE,-0.4301130367778799,0.03153234623052986,-0.005530000000000257,0.21799000000000035,0.5460524815512583,-0.2518020161141467,-0.6429259528271392,0.73568281938326,0.9283667621776505,0.9283667621776505,0.8120300751879699,0.8962655601659751,0.6900826446280992,0.8962655601659751
669432,Trevor Rogers,MIA,2022,24,107,23,477,1940,107,4.6521739130434785,0.1279,25.984251968503937,103.6884,105.442,35.92783505154639,0,0.4201,3,5.4673,1.5047,0.2222,0.0943,4.2044,4.1102,-0.16608306587433513,-0.12533248030154057,95,94,0.8834645811631858,TRUE,-0.7577787060686461,-0.013857447903012084,0.36884000000000017,0.5441999999999994,0.42810078241409466,-0.2518020161141467,-0.6429259528271392,0.7989949748743719,0.9509803921568627,0.9509803921568627,0.8660714285714286,0.9282296650717703,0.7607655502392344,0.9282296650717703
542881,Tyler Anderson,LAD,2022,32,178.66666666666666,28,707,2576,170.66666666666666,6.3809523809523805,0.1471,26.127320954907162,102.1906,101.7305,31.055900621118013,0,0.4012,3,2.569,1.0019,0.1952,0.0481,4.0387,4.1042,-0.14531553235632177,-0.12607582974385703,92,95,0.9129666758111803,TRUE,-0.3596027028798665,0.018822150396483838,0.21906000000000034,0.17305000000000065,-1.77839802380066,-0.2518020161141467,-0.6429259528271392,0.8548972188633616,0.9626307922272048,0.9626307922272048,0.8956884561891516,0.9449743213499633,0.8249708284714119,0.9449743213499633
573186,Marcus Stroman,CHC,2022,31,138.66666666666666,25,569,2181,138.66666666666666,5.546666666666666,0.1459,23.205741626794257,101.123,102.7236,35.350756533700135,0,0.5172,4,3.5048,1.1466,0.2091,0.0633,3.7395,3.4892,-0.15256900603222248,-0.13230019823670827,93,96,0.8971302143538911,TRUE,-0.3844887030791654,-0.6485205158453213,0.11230000000000047,0.2723600000000005,0.16674195689969254,-0.2518020161141467,0.6697145341949376,0.8258345428156749,0.9561595791319597,0.9561595791319597,0.879081015719468,0.9356499356499357,0.7913769123783032,0.9356499356499357
650644,Aaron Civale,CLE,2022,27,97,20,407,1588,97,4.85,0.1867,22.123893805309734,98.9648,99.3407,35.89420654911839,0,0.4122,3,4.9175,1.1856,0.2408,0.0541,3.5487,3.6217,-0.12602636166247747,-0.13812825040022292,89,97,0.8647146113396864,TRUE,0.46163530369699146,-0.8956345348658822,-0.10352000000000032,-0.06593000000000018,0.41287043571674564,-0.2518020161141467,-0.6429259528271392,0.7722960151802657,0.9407582938388626,0.9407582938388626,0.8411016949152542,0.9136939010356732,0.7307001795332136,0.9136939010356732
518876,Merrill Kelly,ARI,2022,33,200.33333333333334,33,804,3071,200.33333333333334,6.070707070707071,0.1443,22.93144208037825,95.9218,100.7413,34.516444154998375,0,0.4275,5,3.3694,1.1381,0.2201,0.0759,4.0117,3.8554,-0.1694271023190616,-0.15208571334958615,96,98,0.923956062715609,TRUE,-0.41767003667823016,-0.7111755972571999,-0.4078199999999995,0.07412999999999954,-0.21111806849760342,-0.2518020161141467,1.9823550212170145,0.8701298701298701,0.968464206874803,0.968464206874803,0.9110056363097004,0.9534306116113008,0.8427672955974843,0.9534306116113008
640455,Sean Manaea,SDP,2022,30,158,28,671,2482,153,5.642857142857143,0.158,25.721455457967377,93.1681,95.7286,33.239323126510875,0,0.3816,4,4.9557,1.2975,0.2325,0.0745,3.9008,3.9617,-0.1890063106966498,-0.1697608303326738,98,99,0.9094731563171631,TRUE,-0.13355486773623654,-0.07388502351355988,-0.6831900000000004,-0.42713999999999996,-0.789526104358967,-0.2518020161141467,0.6697145341949376,0.8482932996207333,0.9612703330751355,0.9612703330751355,0.8921639108554996,0.9430091185410334,0.8172959805115713,0.9430091185410334
608723,Austin Voth,2 Tms,2022,30,101.66666666666667,17,442,1762,76.33333333333333,5.980392156862745,0.1335,24.867724867724867,100.6105,105.578,36.6061293984109,0,0.3449,3,4.3377,1.3967,0.2036,0.0701,4.1595,4.3255,-0.2110088064347133,-0.1719932544464947,99,100,0.8747562175626962,TRUE,-0.6416440384719189,-0.268892854676106,0.06105000000000018,0.5578000000000003,0.735300250713828,-0.2518020161141467,-0.6429259528271392,0.7864768683274022,0.9462943071965628,0.9462943071965628,0.8545101842870999,0.9215481171548117,0.7466216216216216,0.9215481171548117
663559,Bailey Falter,PHI,2022,25,84,16,349,1295,76.66666666666667,5.25,0.1633,20,100.895,104.1791,32.12355212355212,0,0.3175,4,3.8571,1.2143,0.212,0.0487,3.9364,4.1282,-0.18094828375194813,-0.17375767313186435,97,101,0.843495121640035,TRUE,-0.02364170018933384,-1.3807710982346235,0.08949999999999961,0.41791000000000056,-1.294858723505291,-0.2518020161141467,0.6697145341949376,0.744136460554371,0.9283154121863799,0.9283154121863799,0.8119122257053292,0.8961937716262975,0.6993987975951904,0.8961937716262975
683769,Hunter Gaddis,CLE,2022,24,7.333333333333333,2,40,171,7.333333333333333,3.6666666666666665,0.05,NA,94.5726,106.172,36.8421052631579,0,0.1875,NA,18.4091,2.4545,0.125,0.075,6.5406,7.4172,-0.7220844010485995,-0.18755876880775374,147,102,0.45014240304344294,FALSE,-2.3732948856731224,NA,-0.5427400000000006,0.6171999999999997,0.8421737054565188,-0.2518020161141467,NA,0.25,0.6309963099630996,0.6309963099630996,0.3630573248407643,0.5327102803738317,0.21052631578947367,0.5327102803738317
593334,Domingo Germán,NYY,2022,29,72.33333333333333,14,298,1081,70.66666666666667,5.166666666666666,0.1309,NA,96.4779,98.3011,33.024976873265494,0,0.3981,4,3.6083,1.1613,0.1946,0.0638,4.2216,4.3251,-0.26989060629793576,-0.19474224786252903,102,103,0.8211158610893483,TRUE,-0.6955637055703998,NA,-0.35220999999999947,-0.16988999999999949,-0.8866035093725959,-0.2518020161141467,0.6697145341949376,0.7129186602870813,0.9153259949195597,0.9153259949195597,0.782766111513396,0.8781478472786353,0.6651785714285714,0.8781478472786353
657756,Connor Seabold,BOS,2022,26,18.333333333333332,5,98,370,18.333333333333332,3.6666666666666665,0.1122,31.57894736842105,88.9025,89.7075,35.945945945945944,0,0.2941,3,11.2909,2.3455,0.1939,0.0816,4.6346,5.5044,-0.47862274539246547,-0.20143603861603335,123,104,0.627783769839958,TRUE,-1.0833705420094715,1.2640742889028571,-1.1097499999999996,-1.0292500000000004,0.43630320538237477,-0.2518020161141467,-0.6429259528271392,0.44954128440366975,0.7872340425531915,0.7872340425531915,0.5522388059701493,0.7115384615384616,0.3951612903225806,0.7115384615384616
543243,Sonny Gray,MIN,2022,32,119.66666666666667,24,488,1872,119.66666666666667,4.986111111111112,0.166,20.945945945945947,100.8855,97.8652,36.324786324786324,0,0.4451,4,3.0836,1.1281,0.2398,0.0738,3.7313,3.6573,-0.215827013517304,-0.20154042470281325,100,105,0.8828017833284718,TRUE,0.03235180025908847,-1.1646995770495587,0.08854999999999932,-0.21347999999999984,0.6078799898391689,-0.2518020161141467,0.6697145341949376,0.8026315789473685,0.949290060851927,0.949290060851927,0.861878453038674,0.9258160237388724,0.7648902821316614,0.9258160237388724
664141,JT Brubaker,PIT,2022,28,144,28,646,2382,144,5.142857142857143,0.144,27.816411682892905,94.4145,96.7491,35.81024349286314,0,0.4404,3,4.6875,1.4653,0.2276,0.0836,3.9689,3.8739,-0.24515563759948994,-0.21155365269959706,101,106,0.9062827732333377,TRUE,-0.4238915367280553,0.4046416621556923,-0.5585499999999997,-0.32509000000000016,0.37484357266287205,-0.2518020161141467,-0.6429259528271392,0.8433420365535248,0.959709911361805,0.959709911361805,0.8881431767337807,0.9407582938388626,0.8115577889447236,0.9407582938388626
663752,Cody Morris,CLE,2022,25,23.666666666666668,5,100,404,20.666666666666668,4.733333333333333,0.11,NA,101.7572,95.5048,36.881188118811885,0,0.3538,3,2.2817,1.3944,0.23,0.12,4.4413,4.1911,-0.4925204545410296,-0.2382372178255502,125,107,0.6414382069423328,TRUE,-1.1289948757081858,NA,0.17571999999999974,-0.4495199999999997,0.8598743283970464,-0.2518020161141467,-0.6429259528271392,0.45454545454545453,0.8015873015873016,0.8015873015873016,0.5738636363636364,0.7292418772563177,0.4,0.7292418772563177
605182,Mike Clevinger,SDP,2022,31,114.33333333333333,22,485,1931,112.33333333333333,5.196969696969696,0.1155,26.57894736842105,100.0486,97.0024,36.147074054893835,0,0.3516,4,4.3294,1.1983,0.1876,0.0722,4.4933,4.7601,-0.31467842808439084,-0.24356918787209728,107,108,0.884046921848328,TRUE,-1.0149340414613999,0.12198196263894484,0.004859999999999332,-0.2997600000000006,0.5273941136503525,-0.2518020161141467,0.6697145341949376,0.8016528925619835,0.9507631708517972,0.9507631708517972,0.8655311519497983,0.9279192695819317,0.7637795275590551,0.9279192695819317
680694,Kyle Bradish,BAL,2022,25,117.66666666666667,23,509,1993,117.66666666666667,5.115942028985508,0.1277,24.93368700265252,95.8972,105.4407,38.685398896136476,0,0.4561,3,4.8952,1.4023,0.2181,0.0904,4.1453,4.0113,-0.2928211173788257,-0.24857189689475884,103,109,0.8878890183958058,TRUE,-0.7619263727685294,-0.2538258850511348,-0.4102800000000002,0.5440700000000007,1.6770012793392965,-0.2518020161141467,-0.6429259528271392,0.809220985691574,0.9522216913521261,0.9522216913521261,0.869167030091583,0.9300046663555763,0.7723823975720789,0.9300046663555763
502043,Kyle Gibson,PHI,2022,34,167.66666666666666,31,718,2739,167.66666666666666,5.408602150537634,0.1337,25.520833333333332,89.4197,94.4517,36.21759766338079,0,0.459,5,5.0457,1.336,0.2006,0.0669,4.056,3.9421,-0.30415928443990303,-0.2650518915233966,104,110,0.9158549522501109,TRUE,-0.6374963717720356,-0.11971082131822076,-1.0580299999999994,-0.5548299999999997,0.5593342516301544,-0.2518020161141467,1.9823550212170145,0.8568019093078759,0.9647763296935541,0.9647763296935541,0.9012833168805529,0.9480789200415368,0.8271889400921659,0.9480789200415368
678394,Brayan Bello,BOS,2022,23,57.333333333333336,11,268,997,52.333333333333336,5.212121212121212,0.1045,20,101.5545,102.8543,38.01404212637914,1,0.5574,4,4.7093,1.7791,0.2052,0.1007,4.0736,3.7957,-0.3113239203374131,-0.2686487671944124,106,111,0.8080999553996312,TRUE,-1.2430557099549717,-1.3807710982346235,0.15545000000000045,0.2854299999999995,1.372943839288013,3.9448982524549647,0.6697145341949376,0.6907216494845361,0.9088422971741112,0.9088422971741112,0.7686969930609098,0.8692240627724499,0.6411483253588517,0.8692240627724499
676083,Janson Junk,LAA,2022,26,8.333333333333334,2,37,159,7.333333333333333,4.166666666666667,0.2162,10,103.2601,105.7179,35.84905660377358,1,0.6087,NA,6.48,1.56,0.2973,0.0811,2.807,2.4407,-0.02862844567582511,-0.2783479149464234,73,112,0.4338372032179132,TRUE,1.0734161419297519,-3.664955750762448,0.3260099999999994,0.57179,0.39242202822551203,3.9448982524549647,NA,0.2356687898089172,0.6138996138996139,0.6138996138996139,0.3464052287581699,0.5145631067961165,0.19786096256684493,0.5145631067961165
664353,José Urquidy,HOU,2022,27,164.33333333333334,28,681,2640,162.33333333333334,5.8690476190476195,0.141,21.99747155499368,100.3162,100.2392,32.27272727272727,0,0.36,4,3.9432,1.1684,0.1968,0.0558,4.1837,4.321,-0.31772799011778446,-0.2870227841396576,108,113,0.9124459217111801,TRUE,-0.4861065372263022,-0.9245117112568783,0.031619999999999496,0.023919999999999674,-1.227297307547783,-0.2518020161141467,0.6697145341949376,0.850187265917603,0.9635036496350365,0.9635036496350365,0.8979591836734694,0.946236559139785,0.8194945848375451,0.946236559139785
672282,Reid Detmers,LAA,2022,22,129,25,539,2181,129,5.16,0.141,21.54696132596685,101.066,99.4216,35.809261806510776,0,0.3601,4,3.7674,1.2093,0.2263,0.0853,4.1186,4.1981,-0.32675479775200866,-0.28829500260079816,109,114,0.8946998774086452,TRUE,-0.4861065372263022,-1.0274165663518662,0.10660000000000025,-0.057840000000000204,0.3743989669737985,-0.2518020161141467,0.6697145341949376,0.8179059180576631,0.9561595791319597,0.9561595791319597,0.879081015719468,0.9356499356499357,0.7822931785195936,0.9356499356499357
669330,Tyler Wells,BAL,2022,27,103.66666666666667,23,423,1649,103.66666666666667,4.507246376811595,0.1135,24.308588064046578,103.7972,104.8087,34.14190418435415,0,0.3662,3,4.254,1.1383,0.1797,0.0662,4.5295,4.5993,-0.36438709367635047,-0.2915016443114186,112,115,0.8688842802692479,TRUE,-1.056410708460231,-0.3966100252386471,0.3797200000000004,0.4808700000000002,-0.38074719834480436,-0.2518020161141467,-0.6429259528271392,0.7790055248618785,0.9428244711263579,0.9428244711263579,0.8460749102103643,0.9166203446359088,0.7382198952879581,0.9166203446359088
543101,Anthony DeSclafani,SFG,2022,32,19,5,94,329,19,3.8,0.1383,22.727272727272727,89.6623,95.9007,35.56231003039514,0,0.4366,4,6.6316,2,0.1809,0.0426,4.0831,4.1382,-0.48988501869420437,-0.29757210882306834,124,116,0.6078636334923235,TRUE,-0.5421000376747239,-0.757811647545217,-1.0337699999999999,-0.40992999999999996,0.26255452264209295,-0.2518020161141467,0.6697145341949376,0.4392523364485981,0.7668997668997669,0.7668997668997669,0.5230524642289348,0.6868475991649269,0.38524590163934425,0.6868475991649269
663903,Brady Singer,KCR,2022,25,153.33333333333334,24,621,2376,147.66666666666666,6.388888888888889,0.1852,22.810590631364562,94.444,97.59,34.638047138047135,0,0.4904,2,3.2283,1.1413,0.2415,0.0564,3.3962,3.3014,-0.3065448766212486,-0.30239917461946086,105,117,0.9045508911128619,TRUE,0.43052780344786806,-0.7387802997644816,-0.5555999999999998,-0.24099999999999966,-0.15604408489605287,-0.2518020161141467,-1.955566439849216,0.8380566801619433,0.9596122778675282,0.9596122778675282,0.8878923766816144,0.9406175771971497,0.8054474708171206,0.9406175771971497
500779,Jose Quintana,2 Tms,2022,33,165.66666666666666,32,679,2724,165.66666666666666,5.177083333333333,0.1325,25.201072386058982,88.3294,99.744,37.40822320117474,0,0.4642,4,2.9336,1.2133,0.2018,0.0692,4.0234,3.7222,-0.3419146374593733,-0.30369353610004024,110,118,0.913494194303835,TRUE,-0.6623823719713344,-0.1927501261424037,-1.1670599999999993,-0.025600000000000022,1.0985684850350883,-0.2518020161141467,0.6697145341949376,0.8498122653316645,0.9645892351274787,0.9645892351274787,0.9007936507936508,0.9478079331941545,0.8190591073582629,0.9478079331941545
621244,José Berríos,TOR,2022,28,172,32,753,2721,172,5.375,0.1381,21.374045801526716,98.2444,102.2786,32.96582138919515,0,0.403,4,5.2326,1.4186,0.1979,0.0598,4.1267,4.2071,-0.34808632835809616,-0.3191762425960739,111,119,0.9173907256493601,TRUE,-0.5462477043746071,-1.066913665062862,-0.1755600000000001,0.22785999999999973,-0.913395024497892,-0.2518020161141467,0.6697145341949376,0.8625429553264605,0.9645515774548032,0.9645515774548032,0.900695134061569,0.9477533960292581,0.8338870431893688,0.9477533960292581
621112,Paul Blackburn,OAK,2022,28,111.33333333333333,21,467,1762,111.33333333333333,5.301587301587301,0.1263,23.564954682779454,91.12,96.2662,37.74120317820658,0,0.4735,5,4.2844,1.2575,0.1906,0.0642,4.0889,3.8928,-0.38468438484465656,-0.3202213650268966,115,120,0.8775219857163093,TRUE,-0.7909600396677114,-0.5664696208984207,-0.8879999999999996,-0.3733800000000002,1.2493750963115808,-0.2518020161141467,1.9823550212170145,0.7955706984667802,0.9462943071965628,0.9462943071965628,0.8545101842870999,0.9215481171548117,0.7568881685575365,0.9215481171548117
664161,Matt Swarmer,CHC,2022,28,34,5,153,657,24.666666666666668,6.8,0.1046,31.292517006802722,95.6248,88.0304,41.0958904109589,0,0.3505,2,5.0294,1.5588,0.2353,0.1307,4.5245,4.6753,-0.5796689141608893,-0.3245088792409515,133,121,0.730851775309475,TRUE,-1.24098187660503,1.1986483053001988,-0.4375200000000007,-1.19696,2.7687127392939854,-0.2518020161141467,-1.955566439849216,0.5604395604395604,0.8678996036988111,0.8678996036988111,0.6865203761755486,0.8141263940520446,0.504950495049505,0.8141263940520446
596001,Jakob Junis,SFG,2022,29,112,17,478,1802,84,6.588235294117647,0.1527,22.727272727272727,95.7526,99.817,34.07325194228635,0,0.431,3,4.4196,1.2946,0.205,0.0523,3.777,3.6725,-0.36500494854434484,-0.32950168940120145,113,122,0.8798450552761794,TRUE,-0.24346803528313926,-0.757811647545217,-0.4247399999999999,-0.018300000000000694,-0.4118397945875787,-0.2518020161141467,-0.6429259528271392,0.7993311036789298,0.9474237644584648,0.9474237644584648,0.857278782112274,0.923155737704918,0.7611464968152867,0.923155737704918
592836,Taijuan Walker,NYM,2022,29,157.33333333333334,29,649,2500,157.33333333333334,5.42528735632184,0.1341,22.844827586206897,93.4743,98.5647,36.08,0,0.4624,4,3.4894,1.1949,0.2034,0.0693,4.047,3.8842,-0.41427924986281117,-0.37121826922103934,117,123,0.9084207194835174,TRUE,-0.6292010383722697,-0.7309599470844665,-0.6525700000000001,-0.1435299999999998,0.4970162782823545,-0.2518020161141467,0.6697145341949376,0.8439531859557867,0.9615384615384616,0.9615384615384616,0.8928571428571429,0.9433962264150944,0.8122653316645807,0.9433962264150944
592789,Noah Syndergaard,2 Tms,2022,29,134.66666666666666,24,565,2026,132.66666666666666,5.611111111111111,0.1133,23.251748251748253,92.7181,98.7227,32.97137216189536,0,0.4279,5,3.9431,1.255,0.1681,0.0549,4.3919,4.2841,-0.44808934002016254,-0.38166227732378816,119,124,0.8934442142837214,TRUE,-1.0605583751601144,-0.6380117531818691,-0.7281899999999993,-0.12772999999999968,-0.9108810798807211,-0.2518020161141467,1.9823550212170145,0.8248175182481752,0.9529633113828786,0.9529633113828786,0.8710232158211522,0.9310661764705882,0.7902097902097902,0.9310661764705882
657006,Justin Steele,CHC,2022,26,119,24,512,2032,119,4.958333333333333,0.1484,22.065727699530516,105.4131,98.8633,36.811023622047244,0,0.5121,2,3.1765,1.3529,0.2461,0.0977,3.8082,3.4754,-0.4270696819137119,-0.3836755397901446,118,125,0.8890854809397585,TRUE,-0.3326428693306263,-0.9089207474777022,0.54131,-0.11367000000000047,0.8280968320943662,-0.2518020161141467,-1.955566439849216,0.810126582278481,0.9530956848030019,0.9530956848030019,0.8713550600343053,0.9312557286892759,0.7734138972809668,0.9312557286892759
665152,Dean Kremer,BAL,2022,26,125.33333333333333,21,512,1947,120,5.968253968253968,0.1035,24.85549132947977,99.1303,98.442,34.05238828967642,0,0.3937,4,3.2314,1.2527,0.1699,0.0664,4.5358,4.4294,-0.47277118503837323,-0.3875475388005133,121,126,0.8870376653760709,TRUE,-1.2637940434543873,-0.2716872207066626,-0.08696999999999946,-0.1558000000000007,-0.42128894158133906,-0.2518020161141467,0.6697145341949376,0.810126582278481,0.9511480214948705,0.9511480214948705,0.8664886515353805,0.9284692417739628,0.7734138972809668,0.9284692417739628
489119,Wade Miley,CHC,2022,35,37,8,159,566,35,4.625,0.0881,23.529411764705884,95.4919,107.4549,36.57243816254417,0,0.5263,3,3.1622,1.2162,0.1761,0.0881,4.4787,4.4166,-0.6051876848853711,-0.3903495115331138,138,127,0.7169629346972342,TRUE,-1.5831643793453876,-0.5745882796953911,-0.4508099999999999,0.7454899999999995,0.720041492045906,-0.2518020161141467,-0.6429259528271392,0.5698924731182796,0.8498498498498499,0.8498498498498499,0.6535796766743649,0.7905027932960894,0.5145631067961165,0.7905027932960894
547179,Michael Lorenzen,LAA,2022,30,97.66666666666667,18,411,1654,97.66666666666667,5.4259259259259265,0.0998,24.385964912280702,96.0326,93.8963,38.14993954050786,0,0.5018,5,4.2389,1.2799,0.2068,0.1071,4.4267,4.1952,-0.5108092835987097,-0.39817975661058114,129,128,0.8675397427486956,TRUE,-1.340525877402225,-0.37893572431891104,-0.39673999999999976,-0.6103700000000003,1.4344917698533115,-0.2518020161141467,1.9823550212170145,0.7740112994350282,0.942987457240593,0.942987457240593,0.8464687819856704,0.9168514412416852,0.732620320855615,0.9168514412416852
663738,Daniel Lynch IV,KCR,2022,25,131.66666666666666,27,600,2435,131.66666666666666,4.876543209876543,0.1167,26.608187134502923,91.5399,99.0252,36.75564681724846,0,0.4149,3,5.1266,1.5722,0.2033,0.0867,4.3436,4.3007,-0.4717012339239129,-0.4074959900703244,120,129,0.9040992139030241,TRUE,-0.9900480412621012,0.12866086513171646,-0.8460099999999997,-0.09748000000000019,0.8030166805805541,-0.2518020161141467,-0.6429259528271392,0.8333333333333334,0.960552268244576,0.960552268244576,0.8903107861060329,0.941972920696325,0.8,0.941972920696325
641726,Daulton Jefferies,OAK,2022,26,39.333333333333336,8,172,611,39.333333333333336,4.916666666666667,0.1163,22.68041237113402,87.2469,93.1491,36.661211129296234,0,0.4662,5,5.7203,1.3729,0.1628,0.0465,4.3134,4.3332,-0.6054771242727781,-0.4125254916156963,139,130,0.7311974354441676,TRUE,-0.9983433746618674,-0.7685154181756189,-1.2753100000000004,-0.6850899999999995,0.7602467632702471,-0.2518020161141467,1.9823550212170145,0.589041095890411,0.8593530239099859,0.8593530239099859,0.6706915477497256,0.8028909329829172,0.5341614906832298,0.8028909329829172
672710,Roansy Contreras,PIT,2022,22,95,18,408,1588,87.33333333333333,5.277777777777778,0.1152,27.38095238095238,98.5602,91.2452,35.26448362720403,0,0.3643,3,3.7895,1.2737,0.2108,0.0956,4.412,4.4822,-0.5214665873598623,-0.4132937009555346,131,131,0.8648451647272176,TRUE,-1.0211555415112248,0.3051747167263894,-0.14398000000000052,-0.8754800000000003,0.12766896281270176,-0.2518020161141467,-0.6429259528271392,0.7727272727272727,0.9407582938388626,0.9407582938388626,0.8411016949152542,0.9136939010356732,0.7311827956989247,0.9136939010356732
448179,Rich Hill,BOS,2022,42,124.33333333333333,26,526,1990,124.33333333333333,4.782051282051282,0.1369,20.857699805068226,100.0201,96.3349,32.462311557788944,0,0.4016,4,4.2708,1.3029,0.2072,0.0703,4.1349,4.1224,-0.4775238504498509,-0.42145691649332157,122,132,0.8893518474770667,TRUE,-0.571133704573906,-1.1848566251133288,0.002009999999999934,-0.36650999999999956,-1.141434596413374,-0.2518020161141467,0.6697145341949376,0.8142414860681114,0.9521531100478469,0.9521531100478469,0.868995633187773,0.9299065420560748,0.7781065088757396,0.9299065420560748
693821,Bryce Elder,ATL,2022,23,54,9,227,873,51.666666666666664,6,0.1057,25.333333333333332,91.3471,92.4558,38.373424971363114,0,0.4934,4,3.1667,1.2407,0.207,0.1013,4.3423,4.1594,-0.6166043383265428,-0.43339072307333654,140,133,0.7859630338229936,TRUE,-1.218169709755673,-0.16253928355311748,-0.8652900000000002,-0.7544200000000003,1.5357083078487035,-0.2518020161141467,0.6697145341949376,0.654178674351585,0.8972250770811921,0.8972250770811921,0.7442455242966752,0.8533724340175953,0.6021220159151194,0.8533724340175953
624522,Keegan Thompson,CHC,2022,27,115,17,485,1878,78.33333333333333,6.764705882352941,0.134,24.190800681431003,96.7415,93.3338,36.954206602768906,0,0.4087,3,3.7565,1.2696,0.2227,0.0887,4.0467,4.2642,-0.5186761227408778,-0.4470568655086257,130,134,0.8826643063751227,TRUE,-0.631274871722211,-0.4235148384018389,-0.3258499999999998,-0.6666200000000003,0.8929443953249817,-0.2518020161141467,-0.6429259528271392,0.8016528925619835,0.9494438827098078,0.9494438827098078,0.8622589531680441,0.9260355029585798,0.7637795275590551,0.9260355029585798
656605,Mitch Keller,PIT,2022,26,159,29,687,2661,153,5.482758620689655,0.1135,21.720116618075803,99.5052,99.8265,37.24163848177377,0,0.4905,4,3.9057,1.3962,0.2009,0.0873,4.179,3.992,-0.506624924141319,-0.4483643499985943,128,135,0.9130873449378077,TRUE,-1.056410708460231,-0.9878647002779422,-0.04947999999999979,-0.01735000000000042,1.0231222757847829,-0.2518020161141467,0.6697145341949376,0.8513011152416357,0.9637812386816371,0.9637812386816371,0.8986828774062816,0.9466382070437567,0.8207885304659498,0.9466382070437567
669022,MacKenzie Gore,SDP,2022,23,70,13,309,1258,65.33333333333333,5.384615384615385,0.1133,24.035087719298247,99.4196,95.862,37.59936406995231,0,0.3763,3,4.5,1.4714,0.233,0.1197,4.4301,4.4197,-0.5826774567240981,-0.4539700253622975,134,136,0.8343691701012489,TRUE,-1.0605583751601144,-0.45908255423216787,-0.05803999999999974,-0.4138000000000005,1.1851361728394307,-0.2518020161141467,-0.6429259528271392,0.7202797202797203,0.9263622974963182,0.9263622974963182,0.8074454428754814,0.8934659090909091,0.673202614379085,0.8934659090909091
608379,Michael Wacha,BOS,2022,30,127.33333333333333,23,515,1949,127.33333333333333,5.536231884057971,0.1417,19.047619047619047,95.6281,99.8608,34.376603386351974,0,0.4096,4,3.322,1.1152,0.2019,0.0602,4.0669,3.9893,-0.5041872871982092,-0.456343824986184,127,137,0.8873619001854006,TRUE,-0.47158970377671117,-1.598312493713464,-0.43718999999999963,-0.013920000000000243,-0.2744519440833032,-0.2518020161141467,0.6697145341949376,0.8110236220472441,0.9511957052220595,0.9511957052220595,0.8666073810582481,0.9285373987613149,0.7744360902255639,0.9285373987613149
596295,Austin Gomber,COL,2022,28,124.66666666666667,17,529,2059,87.66666666666667,7.333333333333334,0.1153,21.44808743169399,96.3985,101.1488,35.74550752792618,0,0.4264,4,5.5588,1.3717,0.1796,0.0643,4.2421,4.1884,-0.5263383692832455,-0.4564048240801742,132,138,0.8912244255007743,TRUE,-1.019081708161283,-1.0500011895352395,-0.36015000000000014,0.11487999999999943,0.3455246580936549,-0.2518020161141467,0.6697145341949376,0.8151001540832049,0.953682260305697,0.953682260305697,0.8728274692666385,0.9320959710276143,0.7790868924889544,0.9320959710276143
502624,Chase Anderson,CIN,2022,34,24,7,103,493,22.333333333333332,3.4285714285714284,0.0777,NA,90.7356,85.7551,41.37931034482759,0,0.5161,4,6.375,1.3333,0.2233,0.1456,4.7704,4.6177,-0.8911481876775488,-0.46636269754043624,169,139,0.6695509577195559,FALSE,-1.7988430477393098,NA,-0.9264399999999995,-1.42449,2.897073610046454,-0.2518020161141467,0.6697145341949376,0.4618834080717489,0.8313659359190556,0.8313659359190556,0.6216897856242118,0.7667185069984448,0.40711462450592883,0.7667185069984448
624133,Ranger Suarez,PHI,2022,26,155.33333333333334,29,662,2564,155.33333333333334,5.35632183908046,0.1073,19.81566820276498,97.0124,101.0395,37.753510140405616,1,0.5544,3,3.6502,1.3326,0.1949,0.0876,4.1111,3.8206,-0.5004512885587105,-0.4724609767451945,126,140,0.9102080886783234,TRUE,-1.1849883761566078,-1.4228758844563343,-0.29876,0.10395000000000039,1.2549489187404494,3.9448982524549647,-0.6429259528271392,0.8465473145780051,0.9624624624624625,0.9624624624624625,0.8952513966480447,0.9447310243183493,0.8152709359605911,0.9447310243183493
543294,Kyle Hendricks,CHC,2022,32,84.33333333333333,16,356,1347,84.33333333333333,5.270833333333333,0.118,23.941368078175895,92.2705,93.0827,36.45137342242019,0,0.3615,4,4.8024,1.2925,0.1854,0.0674,4.4285,4.4562,-0.5879981056554655,-0.47345967804955463,135,141,0.8472413295921868,TRUE,-0.9630882077128611,-0.480489850821377,-0.7729500000000001,-0.6917299999999997,0.6652112786321416,-0.2518020161141467,0.6697145341949376,0.7478991596638656,0.9308914996544575,0.9308914996544575,0.8178506375227687,0.8997995991983968,0.7035573122529645,0.8997995991983968
686752,Ryan Pepiot,LAD,2022,24,36.333333333333336,7,160,737,31.333333333333332,5.190476190476191,0.0938,26.984126984126984,99.8616,84.3254,40.976933514246944,0,0.2644,3,3.4679,1.4587,0.2625,0.1688,4.9582,5.3148,-0.7715249207228795,-0.4740514691806921,149,142,0.7458706023692835,FALSE,-1.4649558783987187,0.21453246861020622,-0.01384000000000043,-1.5674599999999999,2.7148371680328864,-0.2518020161141467,-0.6429259528271392,0.5714285714285714,0.8805256869772998,0.8805256869772998,0.7107039537126326,0.830890642615558,0.5161290322580645,0.830890642615558
681217,Chase Silseth,LAA,2022,22,28.666666666666668,7,129,501,28.666666666666668,4.095238095238096,0.093,24.102564102564102,90.9845,97.2003,37.3253493013972,0,0.4615,3,6.593,1.5698,0.186,0.093,4.5034,4.2444,-0.7901572228985542,-0.4869360123463563,154,143,0.6874711214425521,TRUE,-1.4815465451982512,-0.44366970232577263,-0.9015500000000003,-0.27997000000000016,1.0610349008835007,-0.2518020161141467,-0.6429259528271392,0.5180722891566265,0.8336106489184693,0.8336106489184693,0.6254681647940075,0.7695852534562212,0.46236559139784944,0.7695852534562212
680739,Josh Winder,MIN,2022,25,67,11,287,1114,53,6.090909090909091,0.101,23.75366568914956,91.6447,97.0689,36.086175942549374,0,0.3502,4,4.7015,1.2985,0.1638,0.0627,4.6301,4.9046,-0.6443726159047098,-0.49122556503094034,143,144,0.8210942551058519,TRUE,-1.315639877202926,-0.5233645424470531,-0.83553,-0.2931100000000001,0.4998133622860592,-0.2518020161141467,0.6697145341949376,0.7051597051597052,0.9176276771004942,0.9176276771004942,0.7878359264497878,0.8813291139240507,0.6567505720823799,0.8813291139240507
675540,Xzavion Curry,CLE,2022,23,9.333333333333334,2,47,165,9.333333333333334,4.666666666666667,-0.0638,NA,96.3931,91.5982,43.63636363636363,0,0.2973,NA,5.7857,2.0357,0.0638,0.1277,6.9132,6.9401,-1.7127190662562417,-0.4959044969390746,232,145,0.45253665458799147,FALSE,-4.733317237906618,NA,-0.3606899999999996,-0.8401799999999995,3.9192929080388277,-0.2518020161141467,NA,0.281437125748503,0.6226415094339622,0.6226415094339622,0.3548387096774194,0.5238095238095238,0.23857868020304568,0.5238095238095238
666142,Cole Ragans,TEX,2022,24,40,9,174,706,40,4.444444444444445,0.0632,NA,99.6056,95.2574,38.243626062322946,0,0.3615,3,4.95,1.475,0.1552,0.092,5.075,4.8499,-0.8308603333608937,-0.5106061855215764,163,146,0.7474366840869185,FALSE,-2.099548883480836,NA,-0.039440000000000454,-0.47425999999999957,1.4769223898658281,-0.2518020161141467,-0.6429259528271392,0.5918367346938775,0.8759305210918115,0.8759305210918115,0.7017892644135189,0.8247663551401869,0.5370370370370371,0.8247663551401869
660623,Huascar Ynoa,ATL,2022,24,6.666666666666667,2,37,147,6.666666666666667,3.3333333333333335,0.0541,21.875,90.6676,71.1652,44.89795918367347,0,0.5217,NA,13.5,2.55,0.2162,0.1622,5.0543,4.7448,-1.568552094452372,-0.5172285780690513,227,147,0.420367314783879,FALSE,-2.288267718325518,-0.9524864758856565,-0.9332400000000007,-2.88348,4.490669454422323,-0.2518020161141467,NA,0.2356687898089172,0.5951417004048583,0.5951417004048583,0.3288590604026846,0.494949494949495,0.19786096256684493,0.494949494949495
663436,Davis Martin,CHW,2022,25,63.333333333333336,9,269,1044,44.333333333333336,7.037037037037037,0.10780000000000001,24.463519313304722,92.828,89.8029,33.71647509578544,0,0.3673,4,4.8316,1.2947,0.1784,0.0706,4.3976,4.4152,-0.703730917959934,-0.5287531424497596,145,148,0.8120322486906802,TRUE,-1.1746192094069,-0.3612208670634055,-0.7171999999999997,-1.0197100000000006,-0.573424006594327,-0.2518020161141467,0.6697145341949376,0.6915167095115681,0.9125874125874126,0.9125874125874126,0.7767857142857143,0.8743718592964824,0.6420047732696897,0.8743718592964824
543475,Jordan Lyles,BAL,2022,31,179,32,774,2988,179,5.59375,0.1189,22.946859903381643,87.3929,91.5274,36.64658634538153,0,0.4021,5,4.4246,1.3855,0.186,0.0672,4.3581,4.3947,-0.6047656578801396,-0.5449896161229094,137,149,0.9216891628567373,TRUE,-0.9444237075633868,-0.707653881789226,-1.2607100000000002,-0.84726,0.753623199527804,-0.2518020161141467,1.9823550212170145,0.8657718120805369,0.9676165803108808,0.9676165803108808,0.9087591240875912,0.9521988527724665,0.8376623376623377,0.9521988527724665
601713,Nick Pivetta,BOS,2022,29,179.66666666666666,33,773,3082,179.66666666666666,5.444444444444444,0.132,22.721749696233292,98.4163,92.997,35.62621674237508,0,0.3846,3,4.5584,1.3803,0.2264,0.0944,4.2134,4.263,-0.5969167011380152,-0.5451350476418017,136,150,0.922675388003222,TRUE,-0.6727515387210423,-0.7590732098187881,-0.15836999999999932,-0.7003,0.29149786859768445,-0.2518020161141467,-0.6429259528271392,0.8656215005599104,0.9685732243871779,0.9685732243871779,0.9112950916617386,0.9535891089108911,0.8374864572047671,0.9535891089108911
650530,Bryan Garcia,DET,2022,27,20.333333333333332,4,84,317,20.333333333333332,5.083333333333333,0.0833,NA,88.315,79.7132,38.48580441640379,0,0.4074,3,3.541,1.1803,0.2024,0.119,4.8043,4.96,-1.1238879802778357,-0.5582594040289106,191,151,0.5946429725827782,FALSE,-1.6827083801425826,NA,-1.1685000000000003,-2.02868,1.5866049516492893,-0.2518020161141467,-0.6429259528271392,0.4117647058823529,0.7601918465227818,0.7601918465227818,0.513776337115073,0.6788008565310493,0.358974358974359,0.6788008565310493
643615,T.J. Zeuch,CIN,2022,26,10.666666666666666,3,64,250,10.666666666666666,3.5555555555555554,-0.0312,NA,96.5938,85.8994,41.2,0,0.4898,4,15.1875,2.9063,0.0781,0.1094,6.0735,7.208,-1.5571372034654252,-0.5591967245554774,225,152,0.5400011986620218,FALSE,-4.05724756582567,NA,-0.3406199999999998,-1.41006,2.8158639658170608,-0.2518020161141467,0.6697145341949376,0.34782608695652173,0.7142857142857143,0.7142857142857143,0.45454545454545453,0.625,0.29906542056074764,0.625
666214,Joey Wentz,DET,2022,24,32.666666666666664,7,135,555,32.666666666666664,4.666666666666666,0.1037,22.033898305084747,94.6748,91.8613,39.0990990990991,0,0.3656,3,3.0306,1.102,0.2,0.0963,4.5769,4.5578,-0.8670490706682735,-0.5656404142485463,168,153,0.7030490508436776,FALSE,-1.259646376754504,-0.9161911689069301,-0.5325199999999995,-0.81387,1.864366076013616,-0.2518020161141467,-0.6429259528271392,0.5294117647058824,0.8473282442748091,0.8473282442748091,0.6491228070175439,0.7872340425531915,0.47368421052631576,0.7872340425531915
502179,Paolo Espino,WSN,2022,35,113.33333333333333,19,487,1873,83.66666666666667,5.964912280701754,0.1396,20.697674418604652,90.1917,98.0912,35.66470902295782,0,0.3912,3,4.8441,1.3676,0.1889,0.0493,4.0507,4.1364,-0.6395440187346777,-0.5752756543443215,142,154,0.8827295067733553,TRUE,-0.5151402041254838,-1.2214093782908215,-0.9808300000000003,-0.19087999999999994,0.30893102012448787,-0.2518020161141467,-0.6429259528271392,0.8023064250411862,0.9493157627977699,0.9493157627977699,0.8619420156465716,0.925852694018784,0.7645211930926217,0.925852694018784
665871,Javier Assad,CHC,2022,24,37.666666666666664,8,166,690,36.666666666666664,4.708333333333333,0.0602,NA,94.8392,94.0183,38.84057971014493,0,0.3879,3,3.1062,1.4602,0.1807,0.1205,5.0899,4.9203,-0.9269467726780127,-0.5759969537014171,175,155,0.7417711884257996,FALSE,-2.161763883979083,NA,-0.5160799999999994,-0.5981700000000003,1.7472826605332916,-0.2518020161141467,-0.6429259528271392,0.5804195804195804,0.8734177215189873,0.8734177215189873,0.696969696969697,0.8214285714285714,0.5253164556962026,0.8214285714285714
676265,Cory Abbott,WSN,2022,26,48,9,216,845,39,5.333333333333333,0.0926,27.272727272727273,90.9645,86.6762,38.22485207100592,0,0.2786,3,5.25,1.4375,0.2083,0.1157,4.9803,5.7031,-0.8389718348631623,-0.5819380956679616,164,156,0.7796949420471806,FALSE,-1.4898418785980174,0.28045410360379436,-0.9035499999999999,-1.3323800000000006,1.4684196503440932,-0.2518020161141467,-0.6429259528271392,0.6428571428571429,0.8941798941798942,0.8941798941798942,0.7379912663755459,0.8492462311557789,0.5901639344262295,0.8492462311557789
571945,Miles Mikolas,STL,2022,33,202.33333333333334,32,805,3152,199.33333333333334,6.322916666666667,0.1416,18.74310915104741,92.4772,96.5567,33.40736040609137,0,0.4503,4,3.2916,1.0329,0.1901,0.0484,3.9865,3.8038,-0.6249475676766958,-0.5855214247247053,141,157,0.924848774743953,TRUE,-0.4736635371266525,-1.6678681769426411,-0.7522800000000004,-0.34432999999999936,-0.7134220306920032,-0.2518020161141467,0.6697145341949376,0.8702702702702703,0.9692496924969249,0.9692496924969249,0.9130938586326767,0.9545729860690491,0.8429319371727748,0.9545729860690491
669461,Matthew Liberatore,STL,2022,22,34.666666666666664,7,161,650,29.666666666666668,4.952380952380952,0.0621,21.120689655172413,95.0232,93.3431,40.15384615384615,0,0.3839,5,5.9712,1.7308,0.1739,0.1118,5.0025,4.9348,-0.9330485796274228,-0.5874755445778168,176,158,0.7333117833948192,FALSE,-2.1223610503301935,-1.124784887175471,-0.49767999999999973,-0.6656899999999993,2.342060952739055,-0.2518020161141467,1.9823550212170145,0.5729537366548043,0.8666666666666667,0.8666666666666667,0.6842105263157895,0.8125,0.5176848874598071,0.8125
663372,Ryan Feltner,COL,2022,25,97.33333333333333,19,428,1675,94,5.12280701754386,0.1145,22.916666666666668,95.147,94.1622,37.134328358208954,0,0.4125,3,5.8253,1.4075,0.1963,0.0818,4.3757,4.4292,-0.7129434644151176,-0.6030057983840836,146,159,0.8703639963881262,TRUE,-1.0356723749608154,-0.7145505745806745,-0.48529999999999945,-0.5837800000000002,0.9745215273712409,-0.2518020161141467,-0.6429259528271392,0.781021897810219,0.9436619718309859,0.9436619718309859,0.8481012658227848,0.9178082191780822,0.740484429065744,0.9178082191780822
547943,Hyun Jin Ryu,TOR,2022,35,27,6,113,395,27,4.5,0.1062,16.939890710382514,87.1983,101.1033,36.20253164556962,0,0.4565,4,5.6667,1.3333,0.1416,0.0354,4.4634,4.2359,-0.9086234405789554,-0.6058260492201785,170,160,0.6469260770790874,FALSE,-1.207800543005965,-2.079756565674832,-1.2801699999999996,0.11033000000000044,0.5525108530829292,-0.2518020161141467,0.6697145341949376,0.48497854077253216,0.797979797979798,0.797979797979798,0.5683453237410072,0.7247706422018348,0.4296577946768061,0.7247706422018348
527048,Martín Pérez,TEX,2022,31,196.33333333333334,32,821,2979,196.33333333333334,6.135416666666667,0.1218,21.05263157894737,95.4695,98.6354,36.72373279624035,0,0.5142,3,2.8879,1.2581,0.2058,0.084,4.0766,3.8036,-0.665266986553431,-0.6121999159144423,144,161,0.9236673473784771,TRUE,-0.8842825404150815,-1.1403306084948523,-0.45305000000000034,-0.13645999999999958,0.7885628224136406,-0.2518020161141467,-0.6429259528271392,0.8724760892667375,0.9675219227021761,0.9675219227021761,0.9085086916742909,0.9520613614573347,0.8455200823892894,0.9520613614573347
528748,Humberto Castellanos,ARI,2022,24,44.333333333333336,9,194,748,41.333333333333336,4.9259259259259265,0.1031,17.76504297994269,90.3116,95.2516,35.42780748663102,0,0.3333,5,5.6842,1.3985,0.1649,0.0619,4.61,4.6883,-0.8607357859063087,-0.6378256481470146,167,162,0.7608005086939015,FALSE,-1.2720893768541535,-1.8912765506620461,-0.9688400000000001,-0.4748400000000004,0.20163832877979454,-0.2518020161141467,1.9823550212170145,0.6178343949044586,0.8820754716981132,0.8820754716981132,0.7137404580152672,0.8329621380846325,0.563953488372093,0.8329621380846325
656629,Michael Kopech,CHW,2022,26,119.33333333333333,25,494,2011,119.33333333333333,4.773333333333333,0.0972,23.127035830618894,103.1256,91.9253,37.941322725012434,0,0.3567,3,3.5447,1.1899,0.2126,0.1154,4.7266,4.8335,-0.7658239093667095,-0.6458343384683791,148,163,0.8868943751165946,TRUE,-1.3944455445007058,-0.6664983730141961,0.31256000000000056,-0.8074700000000007,1.3400092268469794,-0.2518020161141467,-0.6429259528271392,0.8045602605863192,0.9526290857413549,0.9526290857413549,0.8701860666378192,0.9305876908838501,0.7670807453416149,0.9305876908838501
666120,Ian Anderson,ATL,2022,24,111.66666666666667,22,493,2005,111.66666666666667,5.075757575757576,0.0872,27.98459563543004,87.019,91.4758,39.750623441396506,0,0.4794,3,4.997,1.5134,0.1968,0.1095,4.5782,4.2182,-0.7862896548299845,-0.654594383260588,153,164,0.8866550121954216,FALSE,-1.6018288794948616,0.44305798247437134,-1.2980999999999994,-0.8524199999999993,2.1594414108786375,-0.2518020161141467,-0.6429259528271392,0.8042414355628059,0.9524940617577197,0.9524940617577197,0.8698481561822126,0.9303944315545244,0.7667185069984448,0.9303944315545244
592716,Adrian Sampson,CHC,2022,30,104.33333333333333,19,428,1694,98.66666666666667,5.491228070175438,0.1075,23.571428571428573,85.5608,91.5869,37.42621015348288,0,0.4,4,3.1054,1.2268,0.1706,0.0631,4.4844,4.3915,-0.7778432389579587,-0.6550564445724468,151,165,0.8709832068375957,FALSE,-1.1808407094567248,-0.5649908651889717,-1.4439199999999999,-0.84131,1.1067147746377282,-0.2518020161141467,0.6697145341949376,0.781021897810219,0.9442586399108138,0.9442586399108138,0.8495486459378134,0.9186550976138829,0.740484429065744,0.9186550976138829
675627,Michael Grove,LAD,2022,25,29.333333333333332,6,133,472,28.333333333333332,4.888888888888888,0.1053,20,91.1814,93.7971,34.74576271186441,0,0.4021,3,4.6023,1.4318,0.1805,0.0752,4.5608,4.7698,-0.9809358974426512,-0.6552226102341993,179,166,0.6821556950651034,FALSE,-1.2264650431554391,-1.3807710982346235,-0.8818600000000003,-0.62029,-0.10725970808791647,-0.2518020161141467,-0.6429259528271392,0.525691699604743,0.8251748251748252,0.8251748251748252,0.6113989637305699,0.7588424437299035,0.46996466431095407,0.7588424437299035
676664,JP Sears,2 Tms,2022,26,70,11,288,1079,52.666666666666664,6.363636363636363,0.0972,22.22222222222222,93.8957,96.4696,34.75440222428174,0,0.4048,3,3.8571,1.2857,0.1771,0.0799,4.5316,4.5666,-0.8463251203304162,-0.664491160723,166,167,0.8188759245467695,FALSE,-1.3944455445007058,-0.8731745087839962,-0.6104299999999995,-0.35304,-0.10334687344136216,-0.2518020161141467,-0.6429259528271392,0.7058823529411765,0.9151823579304496,0.9151823579304496,0.7824510514865844,0.8779495524816925,0.6575342465753424,0.8779495524816925
661309,Adrián Martinez,OAK,2022,25,57.666666666666664,12,259,1015,57.666666666666664,4.805555555555555,0.1313,20.754716981132077,87.6791,93.0217,36.1576354679803,0,0.413,3,6.2428,1.526,0.2046,0.0734,4.1559,4.1131,-0.8168843799898416,-0.6681690961638507,160,168,0.8073727619136466,FALSE,-0.6872683721706333,-1.2083798037042215,-1.2320899999999995,-0.6978300000000004,0.532177376992666,-0.2518020161141467,-0.6429259528271392,0.683377308707124,0.9103139013452914,0.9103139013452914,0.7718631178707225,0.871244635193133,0.6332518337408313,0.871244635193133
668933,Graham Ashcraft,CIN,2022,24,105,19,464,1756,105,5.526315789473684,0.0884,16.92650334075724,105.074,108.8769,35.6492027334852,0,0.5452,3,4.8857,1.419,0.153,0.0647,4.2215,4.0865,-0.785821747945028,-0.6772030611065943,152,169,0.8770214520858237,TRUE,-1.5769428792955629,-2.082814488098409,0.5073999999999999,0.8876900000000006,0.3019082225686594,-0.2518020161141467,-0.6429259528271392,0.7945205479452054,0.9461206896551724,0.9461206896551724,0.8540856031128404,0.9213011542497377,0.755700325732899,0.9213011542497377
669145,Bruce Zimmermann,BAL,2022,27,73.66666666666667,13,320,1130,66.66666666666667,5.666666666666667,0.1156,19.433962264150942,90.2464,95.1629,33.008849557522126,0,0.3976,4,5.9864,1.4796,0.15310000000000001,0.0375,4.4303,4.4221,-0.8224376676533812,-0.6784738477899653,161,170,0.8287652793280064,FALSE,-1.0128602081114586,-1.5100645691324253,-0.9753600000000006,-0.48371000000000064,-0.8939075696885435,-0.2518020161141467,0.6697145341949376,0.7272727272727273,0.9186991869918699,0.9186991869918699,0.7902097902097902,0.8828125,0.6808510638297872,0.8828125
605164,Dylan Bundy,MIN,2022,29,140,29,595,2180,140,4.827586206896552,0.1109,22.015503875968992,92.3512,92.228,30.91743119266055,0,0.3405,4,4.8857,1.2786,0.158,0.0471,4.653,4.6967,-0.7742998235777004,-0.6822706432435295,150,171,0.8990547350429532,TRUE,-1.1103303755587117,-0.920392796174752,-0.7648799999999994,-0.7772000000000006,-1.84111081949848,-0.2518020161141467,0.6697145341949376,0.8321678321678322,0.956140350877193,0.956140350877193,0.8790322580645161,0.9356223175965666,0.7986577181208053,0.9356223175965666
685503,Kohei Arihara,TEX,2022,29,20,4,108,390,18,5,0.0278,NA,84.0104,78.14,40.256410256410255,0,0.5065,5,9.45,2.35,0.1296,0.1019,5.0943,5.2188,-1.3488866777127764,-0.687769048448439,214,172,0.6419696331616823,FALSE,-2.833685889360149,NA,-1.5989599999999995,-2.186,2.388512228531016,-0.2518020161141467,1.9823550212170145,0.47368421052631576,0.7959183673469388,0.7959183673469388,0.5652173913043478,0.7222222222222222,0.4186046511627907,0.7222222222222222
543606,Jake Odorizzi,2 Tms,2022,32,106.33333333333333,22,453,1798,106.33333333333333,4.833333333333333,0.1126,20.304568527918782,91.5551,93.4933,36.48498331479421,0,0.3171,4,4.4013,1.326,0.1898,0.0773,4.5889,4.697,-0.7987538352456823,-0.6890690387140747,156,173,0.8770640265134029,FALSE,-1.075075208609705,-1.3112020225231162,-0.8444900000000004,-0.6506699999999995,0.6804331968371797,-0.2518020161141467,0.6697145341949376,0.7905759162303665,0.9473129610115911,0.9473129610115911,0.8570066730219257,0.9229979466119097,0.7512437810945274,0.9229979466119097
641540,Dane Dunning,TEX,2022,27,153.33333333333334,29,671,2548,153.33333333333334,5.287356321839081,0.1118,23.857142857142858,87.7081,86.0752,37.755102040816325,0,0.533,4,4.4609,1.4348,0.2042,0.0924,4.1675,4.0281,-0.8145006396955635,-0.724190950267236,159,174,0.9105042891321291,FALSE,-1.0916658754092377,-0.4997284465453197,-1.2291899999999998,-1.3924800000000004,1.2556698903393084,-0.2518020161141467,0.6697145341949376,0.8482932996207333,0.9622356495468278,0.9622356495468278,0.8946629213483146,0.9444032616753151,0.8172959805115713,0.9444032616753151
571578,Patrick Corbin,WSN,2022,32,152.66666666666666,31,713,2623,152.66666666666666,4.924731182795699,0.1108,22.1001221001221,89.613,96.5722,35.91307662981319,0,0.4419,3,6.3079,1.6965,0.1795,0.0687,4.3342,4.2135,-0.8015620496386782,-0.7259591431604663,157,175,0.913980190258817,FALSE,-1.1124042089086534,-0.9010644312812832,-1.0387,-0.3427800000000005,0.4214166941118117,-0.2518020161141467,-0.6429259528271392,0.8559423769507803,0.9632757987513771,0.9632757987513771,0.8973657201505303,0.9459069599711504,0.8261877172653534,0.9459069599711504
608344,Cole Irvin,OAK,2022,28,181,30,741,2610,181,6.033333333333333,0.1242,20.028612303290416,90.8398,91.9924,31.839080459770116,0,0.3766,4,3.9779,1.1602,0.1727,0.0486,4.3679,4.3492,-0.7965055942654407,-0.727741886063654,155,176,0.9152411193805331,FALSE,-0.8345105400164841,-1.3742355198296796,-0.9160200000000003,-0.8007599999999997,-1.423695922671318,-0.2518020161141467,0.6697145341949376,0.8606271777003485,0.9630996309963099,0.9630996309963099,0.8969072164948454,0.9456521739130435,0.8316498316498316,0.9456521739130435
668676,Zach Plesac,CLE,2022,27,131.66666666666666,24,568,2153,130.66666666666666,5.486111111111111,0.1092,21.335078534031414,90.9749,91.5243,34.50998606595448,0,0.4005,4,4.3063,1.3215,0.1761,0.0669,4.4613,4.3946,-0.8279672553583586,-0.728601190616388,162,177,0.896476160113525,FALSE,-1.1455855425077182,-1.0758145084992334,-0.9025099999999995,-0.8475700000000004,-0.21404293663145726,-0.2518020161141467,0.6697145341949376,0.8255813953488372,0.9556147359076786,0.9556147359076786,0.8777007745617611,0.9348675640468953,0.7910863509749304,0.9348675640468953
608566,Germán Márquez,COL,2022,27,181.66666666666666,31,779,2839,181.66666666666666,5.860215053763441,0.1117,21.437578814627994,90.3114,91.8568,34.80098626276858,0,0.4758,4,4.9541,1.3651,0.1926,0.0809,4.2672,4.018,-0.805853685325414,-0.7323142261595186,158,178,0.9201520289311366,FALSE,-1.0937397087591794,-1.052401551717383,-0.9688599999999994,-0.8143199999999993,-0.08224896525361998,-0.2518020161141467,0.6697145341949376,0.8665183537263627,0.9659748213678122,0.9659748213678122,0.9044281618349793,0.9498159919705588,0.8385360602798708,0.9498159919705588
663554,Casey Mize,DET,2022,25,10,2,45,169,10,5,0.0444,11.842105263157896,88.5469,98.7762,38.46153846153846,0,0.3684,NA,5.4,1.5,0.0889,0.0444,5.5796,5.5771,-1.6429906420171112,-0.7334673367147944,229,179,0.4542720513738936,FALSE,-2.48942955326985,-3.244184893717849,-1.1453100000000007,-0.12237999999999971,1.575614902171694,-0.2518020161141467,NA,0.2727272727272727,0.6282527881040892,0.6282527881040892,0.3603411513859275,0.5297805642633229,0.23076923076923078,0.5297805642633229
666159,Matt Manning,DET,2022,24,63,12,263,990,63,5.25,0.1103,19.642857142857142,93.3813,94.5474,34.84848484848485,0,0.4103,3,3.4286,1.1746,0.1825,0.0722,4.4518,4.3738,-0.9237286454678949,-0.7368747311928041,174,180,0.8063265249136033,FALSE,-1.122773375658361,-1.4623491215391888,-0.6618700000000004,-0.5452600000000004,-0.06073685868148326,-0.2518020161141467,-0.6429259528271392,0.6866840731070496,0.908256880733945,0.908256880733945,0.7674418604651163,0.868421052631579,0.6368038740920097,0.868421052631579
656457,Tyler Gilbert,ARI,2022,28,34.333333333333336,7,146,564,31.333333333333332,4.904761904761905,0.0685,19.672131147540984,90.3075,87.9766,34.57446808510638,0,0.3274,5,5.2427,1.2524,0.137,0.0685,5.1518,5.1507,-1.1480267875104433,-0.7392114199926227,196,181,0.710502902138307,FALSE,-1.9896357159339335,-1.455662398317503,-0.9692499999999995,-1.2023399999999995,-0.1848390340927934,-0.2518020161141467,1.9823550212170145,0.5488721804511278,0.8493975903614458,0.8493975903614458,0.6527777777777778,0.7899159663865546,0.49324324324324326,0.7899159663865546
641447,Daniel Castano,MIA,2022,27,35.666666666666664,7,156,577,31.666666666666668,5.095238095238095,0.0705,18.055555555555557,95.2842,96.6301,32.92894280762565,0,0.459,4,4.0374,1.4299,0.1282,0.0577,4.6778,4.3689,-1.1068787768246753,-0.7460329565773285,187,182,0.7178386194139631,FALSE,-1.9481590489351024,-1.8249181140039223,-0.47158000000000017,-0.3369900000000001,-0.9300973318400768,-0.2518020161141467,0.6697145341949376,0.5652173913043478,0.8522895125553914,0.8522895125553914,0.6579247434435576,0.7936726272352133,0.5098039215686274,0.7936726272352133
656427,Jack Flaherty,STL,2022,26,36,8,167,662,35,4.5,0.0659,21.333333333333332,99.3403,90.0804,40.93655589123867,0,0.4175,3,4.25,1.6111,0.1976,0.1317,4.9863,4.9272,-1.125958308736143,-0.7464251229496351,192,183,0.7378456830995784,FALSE,-2.0435553830324142,-1.0762131445642473,-0.06597000000000008,-0.9919600000000003,2.6965501450366194,-0.2518020161141467,-0.6429259528271392,0.5818815331010453,0.868766404199475,0.868766404199475,0.6881496881496881,0.8152709359605911,0.526813880126183,0.8152709359605911
592346,Chi Chi González,3 Tms,2022,30,23,5,99,376,19.666666666666668,4.6,0.0808,14.705882352941176,93.5828,96.2246,35.37234042553192,0,0.4156,4,5.8696,1.5217,0.1515,0.0707,4.7505,4.652,-1.2116275337685933,-0.7476371098871861,207,184,0.6307639858811037,FALSE,-1.7345542138911216,-2.590045326043472,-0.6417199999999994,-0.3775400000000005,0.17651730019307646,-0.2518020161141467,0.6697145341949376,0.4520547945205479,0.7899159663865546,0.7899159663865546,0.5562130177514792,0.714828897338403,0.39759036144578314,0.714828897338403
646242,Jhonathan Díaz,LAA,2022,25,15.333333333333334,3,66,236,11.333333333333334,5.111111111111112,0.0152,21.782178217821784,92.7973,75.1469,42.79661016949152,0,0.5111,NA,2.9348,1.5,0.1667,0.1515,5.4452,4.9858,-1.7460836720172377,-0.7485559205577893,233,185,0.5326075149883865,FALSE,-3.0949888914527857,-0.9736886849128328,-0.7202699999999993,-2.4853099999999997,3.5389686141412406,-0.2518020161141467,NA,0.3548387096774194,0.7023809523809523,0.7023809523809523,0.44029850746268656,0.6113989637305699,0.3055555555555556,0.6113989637305699
502042,Chris Archer,MIN,2022,33,102.66666666666667,25,437,1787,102.66666666666667,4.1066666666666665,0.0824,25.889328063241106,91.3619,88.8,39.39563514269726,0,0.4367,3,4.5584,1.3149,0.1922,0.1098,4.7597,4.5669,-0.9221200072243404,-0.759865869752989,173,186,0.8749156416840361,FALSE,-1.7013728802920565,-0.03553982065894856,-0.8638099999999994,-1.1200000000000003,1.9986672320621086,-0.2518020161141467,-0.6429259528271392,0.7845601436265709,0.9470058293587705,0.9470058293587705,0.8562529947292765,0.9225606608156943,0.7444633730834753,0.9225606608156943
456501,Johnny Cueto,CHW,2022,36,158.33333333333334,24,651,2372,153.33333333333334,6.597222222222222,0.106,17.830882352941178,87.7922,96.6244,34.56998313659359,0,0.4257,5,3.3537,1.2253,0.1567,0.0507,4.4905,4.3768,-0.8455298138578403,-0.7620817886077473,165,187,0.9064224641921247,FALSE,-1.2119482097058483,-1.8762376221285264,-1.2207800000000006,-0.3375600000000006,-0.18687026700052675,-0.2518020161141467,1.9823550212170145,0.8443579766536965,0.959546925566343,0.959546925566343,0.8877245508982036,0.9405233941316415,0.8127340823970037,0.9405233941316415
592717,Aaron Sanchez,2 Tms,2022,29,60,10,265,1006,43.3,6,0.0981,18.4,90.2826,94.3946,35.288270377733596,0,0.5276,4,6.6,1.55,0.1547,0.0566,4.1598,4.1768,-0.9919027578901277,-0.7861968967959828,180,188,0.8081156389459148,FALSE,-1.3757810443512315,-1.7462406426390757,-0.9717399999999998,-0.5605400000000003,0.13844198067587576,-0.2518020161141467,0.6697145341949376,0.6883116883116883,0.9095840867992767,0.9095840867992767,0.7702909647779479,0.870242214532872,0.6385542168674698,0.870242214532872
605507,Zach Thompson,PIT,2022,28,121.66666666666667,22,543,2080,102.33333333333333,5.53030303030303,0.081,22.38532110091743,93.2183,91.8587,37.21153846153846,0,0.4527,4,5.1781,1.5123,0.1657,0.0847,4.6187,4.4351,-0.9208030567877333,-0.7887149022089978,172,189,0.8928902315743538,FALSE,-1.7304065471912384,-0.8359197132279867,-0.67817,-0.8141300000000001,1.0094899784571667,-0.2518020161141467,0.6697145341949376,0.8190045248868778,0.9541284403669725,0.9541284403669725,0.8739495798319328,0.9327354260089686,0.7835497835497836,0.9327354260089686
674072,Tommy Henry,ARI,2022,24,47,9,205,773,47,5.222222222222222,0.0732,NA,88.1274,82.1037,36.222509702457955,0,0.3944,3,5.3617,1.4468,0.1756,0.1024,4.934,4.9708,-1.1608095117810122,-0.8070781322588727,202,190,0.7677888463847017,FALSE,-1.8921655484866802,NA,-1.1872600000000006,-1.7896299999999996,0.5615589138284273,-0.2518020161141467,-0.6429259528271392,0.6307692307692307,0.8854524627720504,0.8854524627720504,0.7204100652376515,0.8374864572047671,0.5774647887323944,0.8374864572047671
669060,Bryse Wilson,PIT,2022,24,115.66666666666667,20,509,1823,93.33333333333333,5.783333333333333,0.0923,19.607843137254903,92.1023,95.2372,35.32638507953922,0,0.4326,4,5.5245,1.4179,0.1552,0.0629,4.5327,4.5376,-0.9357423276663647,-0.809998516913992,177,191,0.8834624348223168,FALSE,-1.4960633786478421,-1.4703469669612046,-0.7897700000000001,-0.47627999999999987,0.15570412679756504,-0.2518020161141467,0.6697145341949376,0.809220985691574,0.9479979199167967,0.9479979199167967,0.8586905322656618,0.9239736441966548,0.7723823975720789,0.9239736441966548
641302,Tyler Alexander,DET,2022,27,101,17,427,1591,80,5.9411764705882355,0.0843,18.106995884773664,94.8437,99.1078,33.56379635449403,0,0.3522,4,4.8119,1.3168,0.1429,0.0585,4.8294,4.7728,-0.9650826440885556,-0.8178142494911347,178,192,0.8673460060823451,FALSE,-1.6619700466431668,-1.8131681929518246,-0.5156300000000001,-0.08922000000000026,-0.6425721992074708,-0.2518020161141467,0.6697145341949376,0.7806215722120659,0.9408633944411591,0.9408633944411591,0.8413537810682179,0.9138426191843768,0.7400346620450606,0.9138426191843768
656412,Alex Faedo,DET,2022,26,53.666666666666664,12,244,967,53.666666666666664,4.472222222222222,0.0779,24.2152466367713,91.7052,85.142,37.74560496380558,0,0.3121,3,5.5342,1.6398,0.1803,0.1025,4.978,5.0225,-1.1082215314086683,-0.819583116214409,189,193,0.7995458923957705,FALSE,-1.7946953810394268,-0.41793093080137006,-0.8294799999999996,-1.4858000000000005,1.2513686647407343,-0.2518020161141467,-0.6429259528271392,0.6703296703296703,0.9062792877225867,0.9062792877225867,0.7632202052091555,0.8657117278424351,0.6192893401015228,0.8657117278424351
607536,Kyle Freeland,COL,2022,29,174.66666666666666,31,766,2839,174.66666666666666,5.634408602150537,0.1018,20.860495436766623,85.5711,87.9362,36.843959140542445,0,0.4196,5,4.5344,1.4084,0.171,0.0692,4.5056,4.4841,-0.9093152193647996,-0.8220579805494826,171,194,0.9195448784870759,FALSE,-1.2990492104033937,-1.184218051211369,-1.4428899999999998,-1.20638,0.8430133264108414,-0.2518020161141467,1.9823550212170145,0.8645598194130926,0.9659748213678122,0.9659748213678122,0.9044281618349793,0.9498159919705588,0.8362445414847162,0.9498159919705588
689225,Beau Brieske,DET,2022,24,81.66666666666667,15,339,1287,81.66666666666667,5.444444444444445,0.0855,17.972350230414747,93.8627,101.8613,35.58663558663559,0,0.375,3,4.1878,1.2,0.1593,0.0737,4.8347,4.7753,-1.0207621021764686,-0.8451981842907764,183,195,0.8414019049275573,FALSE,-1.637084046443868,-1.843923746673445,-0.6137299999999997,0.18613,0.2735715655788428,-0.2518020161141467,-0.6429259528271392,0.738562091503268,0.9279019466474405,0.9279019466474405,0.8109640831758034,0.8956158663883089,0.6932515337423313,0.8956158663883089
669952,Mitch White,2 Tms,2022,27,99,18,440,1715,79.66666666666667,5.5,0.0977,21.865889212827987,90.2101,91.0351,35.97667638483965,0,0.4299,3,5.4545,1.4646,0.1773,0.0795,4.4746,4.4228,-1.0005903567512762,-0.8532603743824791,181,196,0.8730775537965881,FALSE,-1.384076377750998,-0.9545675479087323,-0.9789900000000002,-0.89649,0.45022101928190517,-0.2518020161141467,-0.6429259528271392,0.7857142857142857,0.9449035812672176,0.9449035812672176,0.8511166253101737,0.9195710455764075,0.7457627118644068,0.9195710455764075
501985,Mike Minor,CIN,2022,34,98,19,455,1750,98,5.157894736842105,0.0791,21.069182389937108,90.6547,92.3188,36.628571428571426,0,0.3435,4,6.0612,1.6327,0.167,0.0879,4.9446,5.2056,-1.020731602232404,-0.8614471213120428,182,197,0.8758608793091026,FALSE,-1.769809380840128,-1.1365500976498875,-0.9345299999999994,-0.7681200000000004,0.7454642448039297,-0.2518020161141467,0.6697145341949376,0.7913043478260869,0.9459459459459459,0.9459459459459459,0.8536585365853658,0.9210526315789473,0.7520661157024794,0.9210526315789473
663455,Konnor Pilkington,CLE,2022,24,58,11,258,1039,51,5.2727272727272725,0.0698,26.536312849162012,91.2324,84.0886,40.13474494706448,0,0.3988,2,3.8793,1.4655,0.1938,0.124,4.9342,4.857,-1.1745553058644864,-0.8734244800857759,206,198,0.8089913333981159,FALSE,-1.9626758823846933,0.11224345118300498,-0.8767600000000002,-1.59114,2.333410017353352,-0.2518020161141467,-1.955566439849216,0.6825396825396826,0.9122036874451273,0.9122036874451273,0.7759522031366691,0.8738435660218671,0.6323529411764706,0.8738435660218671
643290,Justin Dunn,CIN,2022,26,31,7,138,540,31,4.428571428571429,0.029,NA,92.9862,76.4601,40.55555555555556,0,0.2947,3,6.0968,1.5806,0.1522,0.1232,5.7491,5.9853,-1.4877248592925185,-0.8746904492906218,224,199,0.701374988822627,FALSE,-2.8087998891608503,NA,-0.7013800000000003,-2.3539900000000005,2.5239951162575704,-0.2518020161141467,-0.6429259528271392,0.5348837209302325,0.84375,0.84375,0.6428571428571429,0.782608695652174,0.4791666666666667,0.782608695652174
672582,Angel Zerpa,KCR,2022,22,11,2,44,159,9,5.5,0,11.363636363636363,84.7945,92.7013,37.735849056603776,0,0.5135,NA,1.6364,1.0909,0.0682,0.0682,5.5052,5.0001,-2.1303245708166627,-0.8819379803071544,237,200,0.4426324966839715,FALSE,-3.4102115606439027,-3.353476025417745,-1.52055,-0.7298699999999997,1.2469502149644232,-0.2518020161141467,NA,0.2682926829268293,0.6138996138996139,0.6138996138996139,0.3464052287581699,0.5145631067961165,0.2268041237113402,0.5145631067961165
656657,Zach Logue,OAK,2022,26,57,10,257,1022,49.333333333333336,5.7,0.0856,22.31404958677686,80.6826,85.9341,37.76908023483366,0,0.2984,4,6.7895,1.5439,0.1634,0.0778,5.0067,5.3159,-1.1494658457134261,-0.8861963372815264,198,201,0.8074275046990993,FALSE,-1.6350102130939268,-0.8521994431042177,-1.9317400000000007,-1.40659,1.2620006135566921,-0.2518020161141467,0.6697145341949376,0.6816976127320955,0.910873440285205,0.910873440285205,0.773071104387292,0.8720136518771331,0.6314496314496314,0.8720136518771331
670174,Josh Winckowski,BOS,2022,24,70.33333333333333,14,316,1194,67.33333333333333,5.023809523809524,0.0538,17.120622568093385,95.7691,95.7964,36.85092127303182,0,0.5187,5,5.8863,1.5924,0.1392,0.0854,4.8208,4.6137,-1.14298837102867,-0.899069827588133,195,202,0.832043603744199,FALSE,-2.294489218375343,-2.038474072114231,-0.4230900000000005,-0.42035999999999946,0.8461664757903928,-0.2518020161141467,1.9823550212170145,0.7247706422018348,0.9227202472952086,0.9227202472952086,0.7991967871485943,0.8883928571428571,0.6781115879828327,0.8883928571428571
660730,Elvin Rodríguez,DET,2022,24,29.666666666666668,5,143,534,23.333333333333332,5.933333333333334,0.0699,16.48936170212766,92.3296,94.2132,39.325842696629216,0,0.3465,3,10.618,1.9213,0.1748,0.1049,4.9924,5.3903,-1.3414382943212189,-0.9094758836144337,212,203,0.7025735297938384,FALSE,-1.9606020490347515,-2.182665710292264,-0.76704,-0.57868,1.967058237497212,-0.2518020161141467,-0.6429259528271392,0.5437262357414449,0.8422712933753943,0.8422712933753943,0.6402877697841727,0.7807017543859649,0.4880546075085324,0.7807017543859649
656353,Tucker Davidson,2 Tms,2022,26,52,11,243,912,48.4,4.7272727272727275,-0.0082,25.619834710743802,102.748,98.0008,40.13157894736842,0,0.4412,2,6.75,1.7115,0.1358,0.144,5.9522,5.829,-1.3440379711689308,-0.925160325917017,213,204,0.7943004302301205,FALSE,-3.580265895339111,-0.09709707863220965,0.2748000000000005,-0.19992000000000018,2.33197613628422,-0.2518020161141467,-1.955566439849216,0.6694214876033058,0.9011857707509882,0.9011857707509882,0.7524752475247525,0.8587570621468926,0.6183206106870229,0.8587570621468926
675921,Spencer Howard,TEX,2022,25,37.666666666666664,8,179,692,34,4.708333333333333,0.095,15.819209039548022,93.8944,92.3161,34.82658959537572,0,0.3923,3,7.4071,1.7257,0.1788,0.0838,4.6261,4.81,-1.2472296885921894,-0.9268191244876669,209,205,0.7473565730721518,FALSE,-1.44006987819942,-2.3357409529637705,-0.6105599999999995,-0.7683899999999995,-0.070653217478376,-0.2518020161141467,-0.6429259528271392,0.5986622073578596,0.8737373737373737,0.8737373737373737,0.6975806451612904,0.8218527315914489,0.5440729483282675,0.8218527315914489
593958,Eduardo Rodriguez,DET,2022,29,91,17,391,1469,91,5.352941176470588,0.0972,17.252396166134186,91.5066,90.9918,36.555479918311775,0,0.4337,4,4.0549,1.3297,0.1841,0.087,4.5643,4.4087,-1.097207339191094,-0.9298447726107107,186,206,0.8579350548760141,FALSE,-1.3944455445007058,-2.0083745490889138,-0.8493399999999994,-0.9008200000000002,0.71236110426799,-0.2518020161141467,0.6697145341949376,0.7651663405088063,0.9362651370299554,0.9362651370299554,0.8304126625211984,0.907350216182829,0.722735674676525,0.907350216182829
669169,Jonathan Heasley,KCR,2022,25,104,21,465,1796,104,4.9523809523809526,0.0495,20.97902097902098,93.6484,94.6459,39.14253897550111,0,0.3724,4,5.2788,1.4904,0.1505,0.1011,5.3044,5.4872,-1.1315865160567227,-0.943295639574938,194,207,0.8783131383441879,FALSE,-2.38366405242283,-1.157144628756375,-0.6351600000000005,-0.5354100000000003,1.884039993385022,-0.2518020161141467,0.6697145341949376,0.7948717948717948,0.9472573839662447,0.9472573839662447,0.8568702290076335,0.9229188078108942,0.7560975609756098,0.9229188078108942
663460,Kris Bubic,KCR,2022,24,129,27,587,2262,128,4.777777777777778,0.0801,21.343873517786562,92.4222,93.0192,37.0026525198939,0,0.4099,3,5.5814,1.6977,0.1874,0.1073,4.7741,4.5144,-1.0749506581490338,-0.9435194559503408,184,208,0.9000846846318824,FALSE,-1.7490710473407123,-1.073805571807959,-0.7577799999999997,-0.6980800000000003,0.9148855482343157,-0.2518020161141467,-0.6429259528271392,0.8302687411598303,0.9576629974597799,0.9576629974597799,0.882903981264637,0.9378109452736318,0.7964721845318861,0.9378109452736318
641745,Brad Keller,KCR,2022,26,139.66666666666666,22,617,2275,122.33333333333333,6.348484848484848,0.0729,20.082530949105916,95.1681,96.7675,37.62637362637363,0,0.5209,3,5.0907,1.5036,0.1653,0.0924,4.5713,4.35,-1.0765127476490473,-0.9488038124262198,185,209,0.902454840287845,FALSE,-1.8983870485365046,-1.3619195055039948,-0.48319000000000045,-0.32325000000000015,1.197368799294297,-0.2518020161141467,-0.6429259528271392,0.8371777476255088,0.9578947368421052,0.9578947368421052,0.883495145631068,0.9381443298969072,0.8044328552803129,0.9381443298969072
605288,Adrian Houser,MIL,2022,29,102.66666666666667,21,455,1848,100.66666666666667,4.888888888888889,0.0484,18.211920529801326,93.9412,100.2177,39.88095238095238,0,0.4671,4,4.7338,1.461,0.1516,0.1033,5.0286,4.642,-1.1567163152852116,-0.9733494767307899,200,210,0.8786980149130984,FALSE,-2.406476219272187,-1.7892014665674132,-0.6058800000000005,0.021769999999999356,2.218467379649729,-0.2518020161141467,0.6697145341949376,0.7913043478260869,0.9486652977412731,0.9486652977412731,0.8603351955307262,0.924924924924925,0.7520661157024794,0.924924924924925
657093,Spenser Watkins,BAL,2022,29,105.33333333333333,20,459,1642,95,5.266666666666667,0.0719,21.717171717171716,90.4192,92.7191,35.20097442143727,0,0.415,3,4.6994,1.4146,0.1373,0.0654,4.8579,4.6835,-1.1514599462563702,-0.9738266999195052,199,211,0.8728199286860351,FALSE,-1.9191253820359204,-0.9885373700227752,-0.9580799999999996,-0.7280900000000002,0.09890564739680163,-0.2518020161141467,-0.6429259528271392,0.7927461139896373,0.9425947187141217,0.9425947187141217,0.8455200823892894,0.9162946428571429,0.7536945812807881,0.9162946428571429
605200,Zach Davies,ARI,2022,29,134.33333333333334,27,570,2292,134.33333333333334,4.975308641975309,0.0877,21.891418563922944,82.3849,92.5971,39.57242582897033,0,0.4286,3,4.0868,1.2953,0.1789,0.0912,4.7082,4.574,-1.1076887873534378,-0.9792757506752688,188,212,0.8993643884948234,FALSE,-1.5914597127451537,-0.948736172712723,-1.76151,-0.7402900000000002,2.0787357230859342,-0.2518020161141467,-0.6429259528271392,0.8260869565217391,0.9581939799331104,0.9581939799331104,0.8842592592592593,0.9385749385749386,0.7916666666666666,0.9385749385749386
434671,Aníbal Sánchez,WSN,2022,38,69.33333333333333,14,292,1232,69.33333333333333,4.952380952380952,0.0514,25,76.1971,86.2922,40.25974025974026,0,0.3793,4,4.2837,1.2692,0.1644,0.113,5.2603,5.2718,-1.2832853024176096,-0.9888438032385581,210,213,0.8294745776211669,FALSE,-2.3442612187739402,-0.23867877197071136,-2.3802899999999996,-1.3707800000000006,2.390020386835951,-0.2518020161141467,0.6697145341949376,0.7087378640776699,0.924924924924925,0.924924924924925,0.804177545691906,0.8914616497829233,0.6606334841628959,0.8914616497829233
518516,Madison Bumgarner,ARI,2022,32,158.66666666666666,30,698,2715,158.66666666666666,5.288888888888889,0.0903,17.625,93.9376,90.1929,35.43278084714549,0,0.3692,4,4.8782,1.437,0.1605,0.0702,4.7643,4.8313,-1.1193938760219242,-1.010714852942416,190,214,0.9144502077464673,FALSE,-1.5375400456466732,-1.923264953209982,-0.6062399999999997,-0.9807100000000005,0.20389076345328164,-0.2518020161141467,0.6697145341949376,0.8533007334963325,0.9644760213143873,0.9644760213143873,0.900497512437811,0.9476439790575916,0.8231132075471698,0.9476439790575916
623167,Chris Flexen,SEA,2022,27,137.66666666666666,22,590,2204,121,6.257575757575757,0.0746,20.58047493403694,90.2247,93.964,38.2486388384755,0,0.3379,3,3.7264,1.3293,0.161,0.0864,4.9945,5.0379,-1.1490416986294754,-1.0109148711084233,197,215,0.8991752428168996,FALSE,-1.8631318815874984,-1.248179904684196,-0.9775300000000001,-0.6036000000000001,1.4791926758793983,-0.2518020161141467,-0.6429259528271392,0.8309859154929577,0.9565972222222222,0.9565972222222222,0.8801916932907349,0.9362786745964317,0.7972972972972973,0.9362786745964317
621076,James Kaprielian,OAK,2022,28,134,26,577,2230,134,5.153846153846154,0.0676,20.670391061452513,91.029,89.7082,36.771300448430495,0,0.3771,4,4.2313,1.3433,0.1698,0.1023,5.0389,5.0601,-1.1626355873456902,-1.0120469218897732,203,216,0.8987202563643513,FALSE,-2.008300216083408,-1.2276414008584569,-0.8971000000000003,-1.0291799999999995,0.8101062091875811,-0.2518020161141467,0.6697145341949376,0.8278335724533716,0.9570815450643777,0.9570815450643777,0.8814229249011858,0.9369747899159664,0.7936726272352133,0.9369747899159664
656818,Connor Overton,CIN,2022,28,33,4,124,469,24.666666666666668,8.25,0.0242,16.783216783216783,83.4834,88.3843,36.03411513859275,0,0.4141,5,2.7273,0.9697,0.1129,0.0887,5.4416,4.9686,-1.6487827884744408,-1.0174802295373855,230,217,0.6763554166113119,FALSE,-2.908343889958045,-2.1155437836631545,-1.6516599999999997,-1.1615700000000004,0.47623502735129186,-0.2518020161141467,1.9823550212170145,0.5081967213114754,0.8242530755711776,0.8242530755711776,0.6098829648894668,0.7576736672051696,0.45255474452554745,0.7576736672051696
661269,Vladimir Gutierrez,CIN,2022,26,36.666666666666664,8,179,684,35,4.583333333333333,0.0279,17.993079584775085,89.5589,93.6287,40.2046783625731,0,0.3361,4,7.6091,1.9091,0.162,0.1341,5.6448,6.2865,-1.481550958598979,-1.0177629039964842,223,218,0.7461489765533551,FALSE,-2.831612056010207,-1.8391887793647756,-1.0441100000000005,-0.6371300000000005,2.365082856969281,-0.2518020161141467,0.6697145341949376,0.5986622073578596,0.8724489795918368,0.8724489795918368,0.6951219512195121,0.8201438848920863,0.5440729483282675,0.8201438848920863
641771,Chad Kuhl,COL,2022,29,137,27,617,2375,137,5.074074074074074,0.0843,23.28966521106259,88.342,83.6281,38.48421052631579,0,0.3659,3,5.7153,1.5547,0.1783,0.094,4.8008,4.7771,-1.1733392826313773,-1.0340373613369145,205,219,0.9042630154570487,FALSE,-1.6619700466431668,-0.6293508195282359,-1.1658000000000002,-1.6371899999999997,1.5858830789257083,-0.2518020161141467,-0.6429259528271392,0.8371777476255088,0.9595959595959596,0.9595959595959596,0.8878504672897196,0.9405940594059405,0.8044328552803129,0.9405940594059405
615698,Cal Quantrill,CLE,2022,27,186.33333333333334,32,770,2920,186.33333333333334,5.822916666666667,0.1052,18.855656697009103,89.4218,89.7648,35.75342465753425,0,0.4211,3,3.381,1.2075,0.1662,0.061,4.4947,4.3882,-1.128832678304977,-1.0361640952679068,193,220,0.9207160462759809,FALSE,-1.2285388765053806,-1.642160239226104,-1.0578199999999995,-1.0235200000000007,0.349110325609979,-0.2518020161141467,-0.6429259528271392,0.8651685393258427,0.9668874172185431,0.9668874172185431,0.906832298136646,0.9511400651465798,0.8369565217391305,0.9511400651465798
425794,Adam Wainwright,STL,2022,40,191.66666666666666,32,803,3133,191.66666666666666,5.989583333333333,0.1108,17.195767195767196,89.091,90.5983,35.39738270028727,0,0.4324,3,3.7096,1.2835,0.1781,0.0672,4.3449,4.0966,-1.1602098759214048,-1.0755254098030822,201,221,0.9245660665928039,FALSE,-1.1124042089086534,-2.021309651588987,-1.0909000000000006,-0.9401700000000005,0.18785894490148505,-0.2518020161141467,-0.6429259528271392,0.8699891657638137,0.9690689761831116,0.9690689761831116,0.9126128750364113,0.954310082241852,0.8426023084994754,0.954310082241852
668873,Caleb Kilian,CHC,2022,25,11.333333333333334,3,56,235,11.333333333333334,3.777777777777778,-0.0536,16.666666666666668,86.669,74.0981,44.680851063829785,0,0.5,NA,10.3235,2.0294,0.1607,0.2143,6.8526,6.7941,-2.5365478866628837,-1.082373351837135,239,222,0.5218633014615254,FALSE,-4.52178623621258,-2.1421659824105648,-1.3331000000000004,-2.5901899999999998,4.392341200194874,-0.2518020161141467,NA,0.3181818181818182,0.7014925373134329,0.7014925373134329,0.4392523364485981,0.6103896103896104,0.27184466019417475,0.6103896103896104
425844,Zack Greinke,KCR,2022,38,137,26,585,2272,137,5.269230769230769,0.0786,18.013468013468014,84.3387,93.0195,36.13556338028169,0,0.4125,4,3.6788,1.3431,0.1248,0.0462,4.8393,4.5406,-1.2328466213488924,-1.095390403394736,208,223,0.9001261783023737,FALSE,-1.7801785475898357,-1.834531685773821,-1.5661299999999998,-0.6980500000000006,0.522180929820989,-0.2518020161141467,0.6697145341949376,0.8297872340425532,0.9578414839797639,0.9578414839797639,0.8833592534992224,0.9380677126341866,0.7959183673469388,0.9380677126341866
572971,Dallas Keuchel,3 Tms,2022,34,60.666666666666664,14,303,1165,60.666666666666664,4.333333333333333,0.0462,21.445221445221446,83.2309,93.019,39.65665236051502,0,0.5022,3,9.1978,2.0604,0.1485,0.1023,4.9561,4.7236,-1.3910121463364957,-1.0958935491268722,217,224,0.8277383461426765,FALSE,-2.4521005529709017,-1.0506558337667329,-1.6769099999999995,-0.6980999999999995,2.1168819140823145,-0.2518020161141467,-0.6429259528271392,0.7163120567375887,0.9209486166007905,0.9209486166007905,0.7952218430034129,0.8859315589353612,0.6688741721854304,0.8859315589353612
501381,Michael Pineda,DET,2022,33,46.666666666666664,11,200,731,46.666666666666664,4.242424242424242,0.09,17.171717171717173,80.4012,87.1795,33.926128590971274,0,0.3916,3,5.7857,1.4143,0.13,0.04,4.8395,4.7964,-1.4766074643755394,-1.1210832845824055,222,225,0.7606075598829704,FALSE,-1.543761545696498,-2.0268031211717856,-1.9598799999999996,-1.2820499999999995,-0.478471951419476,-0.2518020161141467,-0.6429259528271392,0.625,0.8796630565583634,0.8796630565583634,0.7090203685741998,0.8297389330306469,0.5714285714285714,0.8297389330306469
607200,Erick Fedde,WSN,2022,29,127,27,573,2420,127,4.703703703703703,0.0628,18.248175182481752,90.0469,94.896,39.752066115702476,0,0.4187,3,5.811,1.6299,0.164,0.1012,4.9965,4.739,-1.3161876843625886,-1.1623137313304353,211,226,0.9018543189499874,FALSE,-2.1078442168806024,-1.7809202344438775,-0.9953100000000006,-0.5104,2.1600947979837675,-0.2518020161141467,-0.6429259528271392,0.8268398268398268,0.9603174603174603,0.9603174603174603,0.8897058823529411,0.9416342412451362,0.7925311203319502,0.9416342412451362
672715,Luis Patiño,TBR,2022,22,20,6,98,388,20,3.3333333333333335,-0.0204,9.090909090909092,104.3055,96.1183,36.34020618556701,0,0.375,4,8.1,1.95,0.1122,0.1327,6.3543,6.8511,-2.036412194836547,-1.1690126944341364,236,227,0.6344570256686725,FALSE,-3.8332735640319813,-3.8726089009922497,0.4305499999999995,-0.3881699999999995,0.6148636438456938,-0.2518020161141467,0.6697145341949376,0.44954128440366975,0.7950819672131147,0.7950819672131147,0.563953488372093,0.7211895910780669,0.3951612903225806,0.7211895910780669
571800,Drew Hutchison,DET,2022,31,105.33333333333333,18,464,1759,89.66666666666667,5.851851851851851,0.056,18.971061093247588,87.553,88.4148,37.4076179647527,0,0.4035,4,4.5285,1.481,0.1466,0.0905,5.0654,4.9296,-1.384021271465898,-1.1767921921882782,216,228,0.8771120018896477,FALSE,-2.2488648846766286,-1.6157997441538854,-1.2447000000000004,-1.15852,1.0982943734964832,-0.2518020161141467,0.6697145341949376,0.7945205479452054,0.9462076385153309,0.9462076385153309,0.8542982030111704,0.9214248297537978,0.755700325732899,0.9214248297537978
656970,Devin Smeltzer,MIN,2022,26,70.33333333333333,12,287,1129,62.666666666666664,5.861111111111111,0.0732,18.6046511627907,88.3655,84.5276,35.25243578387954,0,0.3857,3,3.7109,1.2227,0.1394,0.0662,4.989,4.975,-1.472873596916664,-1.1773052695777737,221,229,0.8220972970988001,FALSE,-1.8921655484866802,-1.6994945381222268,-1.1634500000000003,-1.5472399999999993,0.12221249530630131,-0.2518020161141467,-0.6429259528271392,0.7051597051597052,0.9186330349877949,0.9186330349877949,0.7900629811056683,0.8827208756841283,0.6567505720823799,0.8827208756841283
669920,Jason Alexander,MIL,2022,29,71.66666666666667,11,321,1160,56,6.515151515151516,0.0561,13.398692810457517,96.9367,98.977,37.93103448275862,0,0.5063,3,5.4,1.6186,0.1433,0.0872,4.7203,4.5316,-1.4451908140453755,-1.1819967476864681,219,230,0.8308860820728896,FALSE,-2.2467910513266873,-2.8886315551320765,-0.3063299999999998,-0.10229999999999961,1.3353496825581017,-0.2518020161141467,-0.6429259528271392,0.7278911564625851,0.9206349206349206,0.9206349206349206,0.7945205479452054,0.8854961832061069,0.6815286624203821,0.8854961832061069
676194,Jackson Tetreault,WSN,2022,26,21,4,96,365,21,5.25,-0.0104,18.125,84.2985,85.9729,41.64383561643836,0,0.4026,2,5.1429,1.5714,0.0938,0.1042,6.0307,5.7987,-2.1547382347593333,-1.2097438444547242,238,231,0.6244183898011737,FALSE,-3.6258902290378248,-1.8090557205835907,-1.5701499999999995,-1.4027100000000003,3.0168770894154244,-0.2518020161141467,-1.955566439849216,0.4444444444444444,0.7849462365591398,0.7849462365591398,0.5488721804511278,0.7087378640776699,0.3902439024390244,0.7087378640776699
594835,Marco Gonzales,SEA,2022,30,183,32,783,2838,183,5.71875,0.0677,17.59493670886076,88.0212,89.2989,33.9323467230444,0,0.42,4,4.1311,1.3333,0.1315,0.0639,4.9931,4.895,-1.3676372456660753,-1.242695947510954,215,232,0.9203229300128155,FALSE,-2.006226382733466,-1.9301319640324546,-1.1978800000000007,-1.0701099999999997,-0.47565575978304125,-0.2518020161141467,0.6697145341949376,0.867109634551495,0.9659632402995235,0.9659632402995235,0.904397705544933,0.9497991967871486,0.8392282958199357,0.9497991967871486
657248,Glenn Otto Jr.,TEX,2022,26,135.66666666666666,27,587,2229,135.66666666666666,5.024691358024691,0.0767,22.198731501057082,86.0668,71.4337,39.03095558546433,0,0.4311,4,4.6437,1.3342,0.1823,0.1056,4.8336,4.8194,-1.4248315553574404,-1.246026690793868,218,233,0.899448541899262,FALSE,-1.8195813812387254,-0.8785402232602182,-1.39332,-2.85663,1.8335038828471186,-0.2518020161141467,0.6697145341949376,0.8302687411598303,0.95706311721769,0.95706311721769,0.8813760379596679,0.9369482976040353,0.7964721845318861,0.9369482976040353
670124,Adam Oller,OAK,2022,27,74.33333333333333,14,337,1294,66,5.309523809523809,0.0208,21.011673151750973,91.5549,88.498,38.717156105100464,0,0.3158,3,6.296,1.6278,0.1365,0.1157,5.8299,6.0587,-1.5790692854516999,-1.2501633282381412,228,234,0.8414251003240987,FALSE,-2.978854223856058,-1.1496862695742212,-0.8445099999999996,-1.1501999999999994,1.6913841173409958,-0.2518020161141467,-0.6429259528271392,0.737417943107221,0.9282639885222381,0.9282639885222381,0.8117942283563363,0.8961218836565097,0.6919917864476386,0.8961218836565097
622608,Antonio Senzatela,COL,2022,27,92.33333333333333,19,413,1521,92.33333333333333,4.859649122807017,0.0751,15.789473684210526,88.3313,96.9794,37.60683760683761,0,0.4939,2,5.0686,1.6895,0.1308,0.0557,4.4829,4.0702,-1.4526103313826975,-1.251056115306816,220,235,0.8629672797467955,FALSE,-1.8527627148377905,-2.3425330571937075,-1.16687,-0.30206000000000016,1.1885209372386853,-0.2518020161141467,-1.955566439849216,0.774859287054409,0.9383096853793954,0.9383096853793954,0.8352553542009885,0.9102333931777379,0.7335701598579041,0.9102333931777379
570632,José Ureña,2 Tms,2022,30,97,17,432,1622,89.33333333333333,5.705882352941177,0.0463,18.32460732984293,87.9054,89.2507,39.02589395807645,0,0.4969,3,5.0103,1.567,0.1458,0.0995,4.9502,4.6089,-1.5615284805067153,-1.3195483560943495,226,236,0.8690492976605141,FALSE,-2.45002671962096,-1.7634617206476626,-1.20946,-1.0749300000000006,1.83121147211205,-0.2518020161141467,-0.6429259528271392,0.782608695652174,0.9419279907084785,0.9419279907084785,0.8439125910509886,0.9153498871331829,0.7422680412371134,0.9153498871331829
682051,Garrett Hill,DET,2022,26,60.333333333333336,8,263,1019,42.666666666666664,7.541666666666667,0.0418,12.5,90.3522,85.676,37.585868498527965,0,0.3651,5,4.0276,1.3591,0.1521,0.1103,5.3106,5.562,-1.6987843168305528,-1.3262470285201187,231,237,0.8086689007578765,FALSE,-2.5433492203683303,-3.093909587630492,-0.9647800000000004,-1.4324,1.1790240293649585,-0.2518020161141467,1.9823550212170145,0.6866840731070496,0.9106344950848972,0.9106344950848972,0.7725549658832449,0.8716852010265184,0.6368038740920097,0.8716852010265184
672851,Joan Adon,WSN,2022,23,64.66666666666667,14,310,1204,64.66666666666667,4.6190476190476195,0.0516,16.917293233082706,88.3466,82.7365,39.03654485049834,0,0.4783,2,7.0979,1.7784,0.1774,0.1258,5.0836,5.0557,-1.8234810394221665,-1.4799549462639836,235,238,0.8314907466620386,FALSE,-2.3401135520740572,-2.084918246758239,-1.1653400000000005,-1.7263499999999994,1.8360352606399155,-0.2518020161141467,-1.955566439849216,0.7209302325581395,0.9233128834355828,0.9233128834355828,0.800531914893617,0.8892171344165436,0.6739130434782609,0.8892171344165436
641712,Dakota Hudson,STL,2022,27,139.66666666666666,26,596,2253,136.66666666666666,5.371794871794871,0.0285,17.087667161961367,82.0514,82.7868,40.1242787394585,0,0.5303,4,4.4463,1.4463,0.1309,0.1023,5.1101,4.824,-1.817047935156913,-1.5993696616440276,234,239,0.9005684593278737,FALSE,-2.819169055910558,-2.0460016954046885,-1.79486,-1.72132,2.3286698725673363,-0.2518020161141467,0.6697145341949376,0.8324022346368715,0.9575010624734381,0.9575010624734381,0.882491186839013,0.9375780274656679,0.7989276139410187,0.9375780274656679
594798,Jacob deGrom,TEX,2023,35,30.333333333333332,6,115,451,30.333333333333332,5.055555555555555,0.3565,42.06008583690987,123.5076,128.9646,32.81596452328159,0,0.3788,2,2.6703,0.7582,0.3913,0.0348,2.2432,2.3188,2.7485672161684733,1.713417585461251,1,1,0.6659588756670776,TRUE,4.023998352559215,3.7757366615085934,2.3507599999999997,2.896459999999999,-1.0916618144105619,-0.2205101100283354,-1.8713368048243202,0.48936170212765956,0.8185117967332124,0.8185117967332124,0.6005326231691078,0.7504159733777038,0.4339622641509434,0.7504159733777038
675911,Spencer Strider,ATL,2023,24,186.66666666666666,32,763,3100,186.66666666666666,5.833333333333333,0.2923,39.81191222570533,117.0709,114.1086,32.096774193548384,0,0.3406,2,3.8571,1.0929,0.3683,0.076,2.8581,2.9243,1.8271995923366326,1.6681901544707773,3,2,0.922394733719471,TRUE,2.663226645440028,3.2338677750105393,1.7070899999999996,1.4108599999999996,-1.4113074820198146,-0.2205101100283354,-1.8713368048243202,0.8640996602491506,0.96875,0.96875,0.9117647058823529,0.9538461538461539,0.8357064622124863,0.9538461538461539
607192,Tyler Glasnow,TBR,2023,29,120,21,485,1903,120,5.714285714285714,0.2577,38.59154929577465,110.7049,114.5538,34.57698370993169,0,0.5123,3,3.525,1.0833,0.334,0.0763,3.0758,2.7451,1.577046681261098,1.3846634820315884,4,3,0.8833252340234792,TRUE,1.9298512394225213,2.939728257195126,1.0704899999999995,1.4553799999999995,-0.3089731013986845,-0.2205101100283354,-0.654139856553634,0.8016528925619835,0.9500748876684972,0.9500748876684972,0.8638220608261462,0.9269361909400877,0.7637795275590551,0.9269361909400877
554430,Zack Wheeler,PHI,2023,33,192,32,787,3158,192,6,0.2198,27.955801104972377,116.6682,121.9519,34.48385053831539,0,0.4122,5,3.6094,1.0781,0.2694,0.0496,3.5333,3.5362,1.1935793139538533,1.0955513854437744,6,4,0.9241111969875495,TRUE,1.1265296241605713,0.3762336051358136,1.66682,2.1951899999999993,-0.350366337079291,-0.2205101100283354,1.7802540399877385,0.8676957001102535,0.9693063228974831,0.9693063228974831,0.9132446500867554,0.9546553808948005,0.83991462113127,0.9546553808948005
605488,Jeffrey Springs,TBR,2023,30,16,3,55,211,16,5.333333333333333,0.3636,36.95652173913044,107.5242,121.1522,29.85781990521327,0,0.5,NA,0.5625,0.5,0.4364,0.0727,2.2259,1.9351,2.3450918423793357,0.9958803576314413,2,5,0.5030546430023399,TRUE,4.174488681539686,2.5456436735593724,0.7524199999999993,2.1152199999999994,-2.4064154647800433,-0.2205101100283354,NA,0.3142857142857143,0.6784565916398714,0.6784565916398714,0.41291585127201563,0.5844875346260388,0.2682926829268293,0.5844875346260388
605540,Brandon Woodruff,MIL,2023,30,67,11,253,1044,67,6.090909090909091,0.2332,34.78260869565217,108.2997,113.7935,32.662835249042146,0,0.3648,3,2.2836,0.8209,0.2925,0.0593,3.4458,3.6288,1.1625803810627182,0.9236450581973574,7,6,0.8081114290906528,TRUE,1.410553625334981,2.0216735342683863,0.8299700000000001,1.3793499999999994,-1.1597204451668262,-0.2205101100283354,-0.654139856553634,0.67828418230563,0.9125874125874126,0.9125874125874126,0.7767857142857143,0.8743718592964824,0.6277915632754343,0.8743718592964824
669373,Tarik Skubal,DET,2023,26,80.33333333333333,15,310,1219,80.33333333333333,5.355555555555555,0.2839,26.760563380281692,107.4002,114.4271,30.598851517637407,0,0.516,4,2.8008,0.8963,0.329,0.0452,2.7696,2.5648,1.2002142341975837,0.9134508308322693,5,7,0.8323681203050886,TRUE,2.485181749181442,0.08814992167348537,0.7400199999999998,1.4427099999999995,-2.0770623927486898,-0.2205101100283354,0.5630570917170522,0.7209302325581395,0.9241849886277483,0.9241849886277483,0.8025016458196181,0.8904309715120526,0.6739130434782609,0.8904309715120526
641154,Pablo López,MIN,2023,27,194,32,801,3028,194,6.0625,0.2322,30.044843049327355,98.5732,111.6301,32.760898282694846,0,0.4524,5,3.6649,1.1546,0.2921,0.0599,3.3676,3.2837,0.9668159384402589,0.877979385547965,8,8,0.923356612999115,TRUE,1.3893578043518162,0.879747580477272,-0.14268,1.1630099999999999,-1.1161361218468313,-0.2205101100283354,1.7802540399877385,0.8697068403908795,0.9680306905370843,0.9680306905370843,0.9098557692307693,0.9528005034612964,0.8422712933753943,0.9528005034612964
642547,Freddy Peralta,MIL,2023,27,165.66666666666666,30,680,2839,165.66666666666666,5.522222222222222,0.2294,31.716906946264743,102.3337,108.0952,37.125748502994014,0,0.4173,4,3.8571,1.1167,0.3088,0.0794,3.4488,3.4231,0.9290421768915303,0.83860873407264,9,9,0.9150409852779223,TRUE,1.3300095055989545,1.2827588948488586,0.23336999999999933,0.8095200000000006,0.8238308173631095,-0.2205101100283354,0.5630570917170522,0.85,0.9659748213678122,0.9659748213678122,0.9044281618349793,0.9498159919705588,0.8192771084337349,0.9498159919705588
663556,Shane McClanahan,TBR,2023,26,115,21,469,1822,115,5.476190476190476,0.1706,33.333333333333336,112.7152,115.3014,33.04061470911087,0,0.4361,4,3.287,1.1826,0.258,0.0874,4.0568,3.8449,0.8415869247001343,0.7690218695257315,11,10,0.8794820532136329,TRUE,0.08369523178885756,1.6723601080743975,1.2715199999999995,1.53014,-0.9918155627867675,-0.2205101100283354,0.5630570917170522,0.7962648556876061,0.9479708636836629,0.9479708636836629,0.8586239396795476,0.9239350912778904,0.7576736672051696,0.9239350912778904
660271,Shohei Ohtani,LAA,2023,28,132,23,531,2097,132,5.739130434782608,0.2109,31.325301204819276,119.4912,107.1686,36.19456366237482,0,0.4545,3,3.1364,1.0606,0.3145,0.1036,3.6632,3.5775,0.8554231406827996,0.7664592825184732,10,11,0.8922432663478418,TRUE,0.9378868174104037,1.1883716259983865,1.9491200000000006,0.7168599999999998,0.4099637397040503,-0.2205101100283354,-0.654139856553634,0.815668202764977,0.9544833864360491,0.9544833864360491,0.8748435544430538,0.9332443257676902,0.7797356828193832,0.9332443257676902
622491,Luis Castillo,SEA,2023,30,197,33,802,3209,197,5.96969696969697,0.2032,32.22222222222222,106.7273,107.3763,33.49953256466189,0,0.3892,4,3.335,1.0964,0.2731,0.0698,3.7368,3.807,0.791062735088538,0.7352324012359059,13,12,0.9252910245531802,TRUE,0.7746789958400336,1.4045531479923377,0.6727299999999999,0.73763,-0.7878485484223926,-0.2205101100283354,0.5630570917170522,0.8698481561822126,0.9697793895436688,0.9697793895436688,0.914505557138786,0.955343852337005,0.842436974789916,0.955343852337005
605483,Blake Snell,SDP,2023,30,180,32,742,3170,180,5.625,0.1819,35.84656084656085,98.097,105.0825,41.640378548895896,0,0.4444,4,2.25,1.1889,0.3154,0.1334,4.057,3.6226,0.7270371184447293,0.6885265250122475,16,13,0.9220926530607899,TRUE,0.3232080088986212,2.2781139463552447,-0.19030000000000058,0.5082499999999996,2.830367717777808,-0.2205101100283354,0.5630570917170522,0.8607888631090487,0.9694189602446484,0.9694189602446484,0.9135446685878963,0.9548192771084337,0.8318385650224215,0.9548192771084337
691587,Eury Pérez,MIA,2023,20,91.33333333333333,19,374,1538,91.33333333333333,4.807017543859649,0.2059,31.850117096018735,110.8999,109.7315,36.60598179453836,0,0.2544,3,3.1533,1.1277,0.2888,0.0829,3.9366,4.2368,0.799353554861418,0.6864349813357584,12,14,0.8582541922000625,TRUE,0.8319077124945791,1.3148660395807819,1.0899900000000002,0.9731499999999997,0.5928194012516003,-0.2205101100283354,-0.654139856553634,0.757085020242915,0.938949938949939,0.938949938949939,0.8367791077257889,0.9111374407582938,0.7137404580152672,0.9111374407582938
668881,Hunter Greene,CIN,2023,23,112,22,498,2093,112,5.090909090909091,0.2088,31.500742942050522,112.1448,112.9509,36.40707118967988,0,0.3439,2,4.8214,1.4196,0.3052,0.0964,3.7364,4.0041,0.7749008932724794,0.6821120581691089,14,15,0.8891470569012173,TRUE,0.8933755933457576,1.2306576924858603,1.2144800000000004,1.2950900000000005,0.5044131609895353,-0.2205101100283354,-1.8713368048243202,0.8058252427184466,0.9544003647970816,0.9544003647970816,0.8746343501880485,0.9331252786446723,0.7685185185185185,0.9331252786446723
453286,Max Scherzer,2 Tms,2023,38,152.66666666666666,27,621,2469,152.66666666666666,5.65432098765432,0.2077,28.647214854111407,104.8496,106.1827,33.69785338193601,0,0.3316,5,3.7729,1.1201,0.2802,0.0725,3.7721,4.0178,0.700066373220338,0.6291633595087948,17,16,0.9061089925540405,TRUE,0.8700601902642758,0.5428824780200904,0.4849599999999995,0.6182699999999997,-0.6997044405032644,-0.2205101100283354,1.7802540399877385,0.8380566801619433,0.9610743479953289,0.9610743479953289,0.8916576381365113,0.9427262313860252,0.8054474708171206,0.9427262313860252
666200,Jesús Luzardo,MIA,2023,25,178.66666666666666,32,741,2990,178.66666666666666,5.583333333333333,0.2065,31.136363636363637,105.1404,106.4622,35.752508361204015,0,0.4017,3,3.5765,1.2146,0.2807,0.0742,3.6898,3.7184,0.6330882754726552,0.5784457879384229,20,17,0.9201178969497281,TRUE,0.8446252050844778,1.142832709730326,0.5140399999999999,0.6462199999999996,0.2134913234031138,-0.2205101100283354,-0.654139856553634,0.8606271777003485,0.9676375404530745,0.9676375404530745,0.9088145896656535,0.9522292993630573,0.8316498316498316,0.9522292993630573
592332,Kevin Gausman,TOR,2023,32,185,31,763,3071,185,5.967741935483871,0.2385,28.55614973262032,99.9199,106.1536,33.99544122435689,0,0.4264,3,3.1622,1.1784,0.3106,0.0721,3.3404,3.2153,0.6477043298673295,0.5713846873639158,19,18,0.9220859136776492,TRUE,1.522891476545755,0.5209333919996619,-0.008010000000000161,0.6153599999999997,-0.5674408926906757,-0.2205101100283354,-0.654139856553634,0.8640996602491506,0.968464206874803,0.968464206874803,0.9110056363097004,0.9534306116113008,0.8357064622124863,0.9534306116113008
608331,Max Fried,ATL,2023,29,77.66666666666667,14,311,1244,77.66666666666667,5.547619047619048,0.1994,28.037383177570092,101.2754,104.3689,36.81672025723473,1,0.5769,4,2.5494,1.133,0.2572,0.0579,3.3821,3.0957,0.7342340346342728,0.5536229682518395,15,19,0.8339828628994435,TRUE,0.6941348761040069,0.3958970273094428,0.1275400000000005,0.43688999999999967,0.6864825580191796,4.504706533435995,0.5630570917170522,0.7215777262180975,0.9255952380952381,0.9255952380952381,0.805699481865285,0.8923959827833573,0.6746203904555315,0.8923959827833573
657746,Joe Ryan,MIN,2023,27,161.66666666666666,29,672,2685,161.66666666666666,5.57471264367816,0.2426,26.483050847457626,102.4256,105.7928,31.135940409683425,0,0.3155,3,4.5093,1.1691,0.2932,0.0506,3.4384,3.759,0.5778853804255261,0.49256287732358245,22,20,0.9125524561170429,TRUE,1.6097943425767316,0.02126211265322835,0.24256000000000028,0.57928,-1.8383520953963197,-0.2205101100283354,-0.654139856553634,0.8484848484848485,0.9640933572710951,0.9640933572710951,0.8994974874371859,0.9470899470899471,0.8175182481751825,0.9470899470899471
666157,Nick Lodolo,CIN,2023,25,34.333333333333336,7,166,648,34.333333333333336,4.904761904761905,0.2229,30.363036303630363,104.7505,100.7947,35.18518518518518,0,0.46,4,6.2913,1.7476,0.2831,0.0602,3.4626,3.7844,0.6927256915972246,0.48826055984180927,18,21,0.7351372587349723,TRUE,1.1922366692083823,0.9564405118154274,0.47505000000000025,0.0794700000000006,-0.0386566655944744,-0.2205101100283354,0.5630570917170522,0.5804195804195804,0.8663101604278075,0.8663101604278075,0.6835443037974683,0.8120300751879699,0.5253164556962026,0.8120300751879699
543037,Gerrit Cole,NYY,2023,32,209,33,821,3286,209,6.333333333333333,0.2119,26.384364820846905,107.1333,111.5352,33.992696287279365,0,0.3963,3,2.6268,0.9809,0.2704,0.0585,3.626,3.5972,0.5415798811713644,0.48547924277705723,23,22,0.92685141815364,TRUE,0.9590826383935687,-0.002523811657046686,0.7133300000000006,1.1535200000000003,-0.5686608857973902,-0.2205101100283354,-0.654139856553634,0.8724760892667375,0.9704666272888364,0.9704666272888364,0.9163413273842722,0.9563445867287543,0.8455200823892894,0.9563445867287543
666142,Cole Ragans,2 Tms,2023,25,96,12,392,1587,71.66666666666667,8,0.1837,27.17948717948718,109.2819,105.8757,36.231884057971016,0,0.4402,5,3.4688,1.1563,0.2883,0.1046,3.8522,3.7085,0.5194780587705392,0.4554885362528955,26,23,0.8626606433355335,TRUE,0.361360486668318,0.18912155992760887,0.9281899999999993,0.5875699999999995,0.42655086869146747,-0.2205101100283354,1.7802540399877385,0.765625,0.9407231772377,0.9407231772377,0.8410174880763116,0.9136442141623489,0.7232472324723247,0.9136442141623489
657277,Logan Webb,SFG,2023,26,216,33,850,3184,216,6.545454545454546,0.1918,22.711471610660485,108.0288,112.475,32.19221105527638,1,0.6211,3,3.25,1.0741,0.2282,0.0365,3.1611,2.9538,0.519841881544953,0.4431422531029137,25,24,0.927042484919463,TRUE,0.5330466366319537,-0.8877875404505005,0.8028800000000004,1.2474999999999994,-1.3688903663824366,4.504706533435995,-0.654139856553634,0.8762886597938144,0.9695493300852619,0.9695493300852619,0.9138920780711826,0.9550089982003599,0.85,0.9550089982003599
621107,Zach Eflin,TBR,2023,29,177.66666666666666,31,703,2579,177.66666666666666,5.731182795698924,0.2304,24.687933425797503,105.696,109.1771,31.097324544397054,0,0.4979,3,3.4953,1.0244,0.2646,0.0341,3.3016,3.1247,0.5058471644233242,0.43060384757182707,29,25,0.9127934416608005,TRUE,1.3512053265821193,-0.41140833306339863,0.5695999999999998,0.9177099999999996,-1.855514998635508,-0.2205101100283354,-0.654139856553634,0.8541919805589308,0.9626726390444196,0.9626726390444196,0.8957971517888156,0.9450348112861854,0.8241500586166471,0.9450348112861854
605400,Aaron Nola,PHI,2023,30,193.66666666666666,32,793,3094,193.66666666666666,6.052083333333333,0.198,25.524861878453038,107.6941,110.0197,32.74078862314156,0,0.4262,4,4.4613,1.1515,0.2547,0.0567,3.7512,3.6317,0.4748819293944872,0.4285227449367834,30,26,0.9237158933775017,TRUE,0.6644607267275764,-0.20968659482272453,0.7694100000000006,1.00197,-1.1250739026922563,-0.2205101100283354,0.5630570917170522,0.8685651697699891,0.9686912961803381,0.9686912961803381,0.9116087212728344,0.9537607891491985,0.8409331919406151,0.9537607891491985
519242,Chris Sale,BOS,2023,34,102.66666666666667,20,425,1672,102.66666666666667,5.133333333333334,0.2259,28.270042194092827,102.8566,102.3379,34.688995215311,0,0.3731,3,4.2955,1.1299,0.2941,0.0682,3.5037,3.7209,0.510621382967339,0.41471975983269377,28,27,0.8698994411169948,TRUE,1.2558241321578771,0.4519739608650145,0.28566,0.23379000000000047,-0.2591893502320494,-0.2205101100283354,-0.654139856553634,0.7798165137614679,0.9435665914221218,0.9435665914221218,0.847870182555781,0.9176728869374314,0.7391304347826086,0.9176728869374314
656876,Drew Rasmussen,TBR,2023,27,44.666666666666664,8,177,677,44.666666666666664,5.583333333333333,0.2034,23.668639053254438,115.9507,115.2155,31.314623338257014,0,0.5259,4,2.6194,1.0522,0.2655,0.0621,3.4648,3.104,0.6064353247999036,0.4092925833608592,21,28,0.7442891933369725,TRUE,0.7789181600366667,-0.6570850476689558,1.5950699999999998,1.5215500000000006,-1.7589360887663794,-0.2205101100283354,0.5630570917170522,0.5959595959595959,0.8712998712998713,0.8712998712998713,0.6929375639713409,0.8186215235792019,0.5412844036697247,0.8186215235792019
676272,Bobby Miller,LAD,2023,24,124.33333333333333,22,505,1962,124.33333333333333,5.651515151515151,0.1723,24.166666666666668,109.369,115.1532,34.91335372069317,0,0.4767,5,3.7641,1.1019,0.2356,0.0634,3.9324,3.7471,0.46104332194559616,0.4076152258384271,31,29,0.8867611009566475,TRUE,0.11972812746023806,-0.5370473126025889,0.9369,1.5153199999999998,-0.1594727366016889,-0.2205101100283354,1.7802540399877385,0.808,0.9515033947623667,0.9515033947623667,0.8673740053050398,0.9289772727272727,0.7709923664122137,0.9289772727272727
669302,Logan Gilbert,SEA,2023,26,190.66666666666666,32,770,2924,190.66666666666666,5.958333333333333,0.1987,26.513317191283292,100.8766,108.5245,32.900136798905606,0,0.4145,4,3.729,1.0752,0.2455,0.0468,3.7757,3.7608,0.4226644688617242,0.37750617903801365,33,30,0.9207632389526917,TRUE,0.6792978014157914,0.028557096432703318,0.08765999999999963,0.8524500000000004,-1.05425126796174,-0.2205101100283354,0.5630570917170522,0.8651685393258427,0.966931216931217,0.966931216931217,0.9069478908188585,0.9512036434612883,0.8369565217391305,0.9512036434612883
650911,Cristopher Sánchez,PHI,2023,26,99.33333333333333,18,396,1460,98.33333333333333,5.518518518518518,0.202,24.444444444444443,108.8804,103.2983,32.465753424657535,1,0.5704,3,3.443,1.047,0.2424,0.0404,3.3291,3.0944,0.5124996456768423,0.3768208931167194,27,31,0.85824592976478,TRUE,0.7492440106602362,-0.47009557258207485,0.8880399999999995,0.32982999999999973,-1.2473138800680401,4.504706533435995,-0.654139856553634,0.7674418604651163,0.9358974358974359,0.9358974358974359,0.8295454545454546,0.906832298136646,0.7252747252747253,0.906832298136646
605397,Joe Musgrove,SDP,2023,30,97.33333333333333,17,399,1557,97.33333333333333,5.7254901960784315,0.1905,26.64526484751204,103.555,104.677,33.78291586384072,0,0.4502,5,3.0514,1.1404,0.2431,0.0526,3.7672,3.6983,0.43665918985527497,0.37198890779711746,32,32,0.8625091728775777,TRUE,0.5054920693538394,0.06035994706681909,0.3555000000000007,0.46770000000000067,-0.6618982399846637,-0.2205101100283354,1.7802540399877385,0.7687861271676301,0.9396499698249849,0.9396499698249849,0.8384491114701131,0.9121265377855887,0.726775956284153,0.9121265377855887
668678,Zac Gallen,ARI,2023,27,210,34,846,3252,210,6.176470588235294,0.2045,29.036004645760745,97.9165,105.2406,35.45510455104551,0,0.4178,3,3.4714,1.119,0.26,0.0556,3.6684,3.4852,0.4042994615348084,0.36442761917456207,34,33,0.927552176539863,TRUE,0.8022335631181479,0.6365910290113819,-0.2083500000000001,0.5240600000000001,0.08130956911991007,-0.2205101100283354,-0.654139856553634,0.8757763975155279,0.9701670644391408,0.9701670644391408,0.9155405405405406,0.9559082892416225,0.8493975903614458,0.9559082892416225
477132,Clayton Kershaw,LAD,2023,35,131.66666666666666,24,523,2029,131.66666666666666,5.486111111111111,0.1855,28.871391076115486,108.6053,103.6675,34.15475603745688,0,0.4751,3,2.4608,1.0633,0.262,0.0765,3.8171,3.5727,0.35139215647067806,0.31459713720680377,35,34,0.8900089844202786,TRUE,0.39951296443801476,0.5969148353039243,0.86053,0.3667500000000004,-0.4966330860669683,-0.2205101100283354,-0.654139856553634,0.8133748055987559,0.9530295913574448,0.9530295913574448,0.87118935165307,0.9311610830656264,0.7771173848439822,0.9311610830656264
506433,Yu Darvish,SDP,2023,36,136.33333333333334,24,574,2219,136.33333333333334,5.680555555555556,0.1707,26.511627906976745,104.1207,106.3804,35.286164939161786,0,0.4158,5,4.555,1.2983,0.2456,0.0749,4.0421,3.9218,0.34071342995048576,0.3122154596664869,37,35,0.8982760508318401,TRUE,0.08581481388717381,0.028149934547337697,0.41206999999999994,0.6380399999999995,0.0062240002604780735,-0.2205101100283354,1.7802540399877385,0.8270893371757925,0.956877964639931,0.956877964639931,0.8809051210797936,0.9366821443647109,0.7928176795580111,0.9366821443647109
669203,Corbin Burnes,MIL,2023,28,193.66666666666666,32,784,3081,193.66666666666666,6.052083333333333,0.1709,27.72785622593068,108.753,110.1876,36.67640376501136,0,0.4409,3,3.3924,1.0688,0.2551,0.0842,4.0214,3.8043,0.33375700247640466,0.31147593337942237,40,36,0.9231717285491864,TRUE,0.09005397808380693,0.32129290252562703,0.8753,1.0187600000000003,0.624118595408662,-0.2205101100283354,-0.654139856553634,0.8672566371681416,0.9685633448601069,0.9685633448601069,0.9112688553682342,0.9535747446610956,0.8394004282655246,0.9535747446610956
680570,Grayson Rodriguez,BAL,2023,23,122,23,515,2104,122,5.304347826086956,0.1689,26.7639902676399,112.9227,111.9093,34.125475285171106,0,0.4721,3,4.3525,1.3361,0.2505,0.0816,4.0085,3.7807,0.3389021666824952,0.3067694089393927,39,37,0.8909752686258026,TRUE,0.04766233611747705,0.08897589153083647,1.2922700000000007,1.1909300000000003,-0.5096469785312323,-0.2205101100283354,-0.654139856553634,0.8110236220472441,0.9546279491833031,0.9546279491833031,0.8752079866888519,0.9334516415261757,0.7744360902255639,0.9334516415261757
671737,Taj Bradley,TBR,2023,22,104.66666666666667,21,460,1822,102.66666666666667,4.984126984126984,0.1957,25.411334552102378,108.2058,103.4598,34.632272228320524,0,0.3655,4,5.5892,1.3854,0.2804,0.0848,3.8233,3.8321,0.3431961184494219,0.28984229590884986,36,38,0.8785196655048936,TRUE,0.6157103384662972,-0.23704966216331716,0.8205799999999996,0.3459800000000001,-0.2844000021217775,-0.2205101100283354,0.5630570917170522,0.7931034482758621,0.9479708636836629,0.9479708636836629,0.8586239396795476,0.9239350912778904,0.7540983606557377,0.9239350912778904
676477,Garrett Whitlock,BOS,2023,27,71.66666666666667,10,304,1195,51.666666666666664,7.166666666666667,0.1941,28.13953488372093,103.1008,105.8769,31.799163179916317,0,0.4419,3,5.1488,1.3256,0.2368,0.0428,3.6748,3.738,0.3397146263261347,0.2663954122660234,38,39,0.8297753254865394,TRUE,0.5817970248932329,0.4205182714117494,0.3100800000000007,0.5876900000000006,-1.5435813283263662,-0.2205101100283354,-0.654139856553634,0.71698113207547165,0.9227799227799228,0.9227799227799228,0.7993311036789298,0.8884758364312267,0.6696035242290749,0.8884758364312267
687830,Sawyer Gipson-Long,DET,2023,25,20,4,82,336,20,5,0.2195,NA,99.1067,107.3296,36.904761904761905,0,0.3542,4,2.7,1.1,0.3171,0.0976,3.6278,3.7564,0.5385335159154776,0.2488154399079445,24,40,0.601670172823767,TRUE,1.1201708778656219,NA,-0.08932999999999965,0.73296,0.7256128550181432,-0.2205101100283354,0.5630570917170522,0.40594059405940597,0.7706422018348624,0.7706422018348624,0.5283018867924528,0.691358024691358,0.35344827586206895,0.691358024691358
579328,Yusei Kikuchi,TOR,2023,32,167.66666666666666,32,700,2818,167.66666666666666,5.239583333333333,0.19,28.625954198473284,98.361,104.4489,35.699077359829666,0,0.3974,3,3.8648,1.2704,0.2586,0.0686,3.858,3.7718,0.27470921753249944,0.24466085634240142,42,41,0.915907737501004,TRUE,0.49489415886225696,0.5377581016198729,-0.16389999999999957,0.44488999999999945,0.18974380150349315,-0.2205101100283354,-0.654139856553634,0.8536585365853658,0.9657299520219328,0.9657299520219328,0.9037844772289929,0.9494609164420486,0.8235294117647058,0.9494609164420486
656288,Griffin Canning,LAA,2023,27,127,22,536,2180,120,5.7727272727272725,0.1922,27.740863787375414,94.3346,103.8689,34.908256880733944,0,0.4266,4,4.3228,1.2362,0.2593,0.0672,3.8015,3.8181,0.28520794366657215,0.24380963875912962,41,42,0.8944245533736375,TRUE,0.54152496502522,0.32442806646536243,-0.5665400000000005,0.3868899999999996,-0.16173803793307598,-0.2205101100283354,0.5630570917170522,0.8170731707317073,0.956140350877193,0.956140350877193,0.8790322580645161,0.9356223175965666,0.7813411078717201,0.9356223175965666
666129,Braxton Garrett,MIA,2023,25,159.66666666666666,30,659,2486,156.66666666666666,5.322222222222222,0.1927,28.299120234604107,102.5366,101.5972,33.95012067578439,0,0.4913,3,3.6639,1.1461,0.2367,0.044,3.6166,3.4194,0.2608656930302765,0.23098086305234888,46,43,0.9088160968086204,TRUE,0.5521228755168024,0.4589825323360365,0.2536600000000007,0.15972000000000008,-0.5875837066384766,-0.2205101100283354,-0.654139856553634,0.8459563543003851,0.9613302397525135,0.9613302397525135,0.8923187365398421,0.9430955993930197,0.8145859085290482,0.9430955993930197
680694,Kyle Bradish,BAL,2023,26,168.66666666666666,30,671,2642,168.66666666666666,5.622222222222222,0.1848,24.486571879936808,100.9124,109.4409,36.0333080999243,0,0.4922,4,2.8281,1.0435,0.2504,0.0656,3.7574,3.5308,0.25940663257737273,0.22465124401704048,47,44,0.9118897878794607,TRUE,0.38467588974979916,-0.45994175419033795,0.09124000000000052,0.9440899999999999,0.33829336291474726,-0.2205101100283354,0.5630570917170522,0.8482932996207333,0.9635302698760029,0.9635302698760029,0.8980285520054385,0.9462750716332379,0.8172959805115713,0.9462750716332379
641927,Bailey Ober,MIN,2023,27,144.33333333333334,26,577,2327,144.33333333333334,5.551282051282052,0.2028,26.73716012084592,100.9856,103.3189,33.175762784701334,0,0.3427,3,3.4296,1.067,0.253,0.0503,3.8651,4.2025,0.262668402622435,0.21796383869819483,44,45,0.9005409971363416,TRUE,0.766200667446768,0.0825091214845304,0.09856000000000051,0.3318899999999999,-0.9317487139120821,-0.2205101100283354,-0.654139856553634,0.8278335724533716,0.9587968685620107,0.9587968685620107,0.8858012942519985,0.939442874444893,0.7936726272352133,0.939442874444893
669923,George Kirby,SEA,2023,25,190.66666666666666,31,757,2825,190.66666666666666,6.150537634408602,0.2021,20.908004778972522,103.6041,113.1583,29.13274336283186,0,0.4417,4,3.3514,1.0385,0.2272,0.0251,3.7149,3.6305,0.2634051838233579,0.2151314629089583,43,46,0.9189390168578168,TRUE,0.7513635927585525,-1.3224704132733585,0.36041000000000023,1.3158299999999996,-2.7286772720867276,-0.2205101100283354,0.5630570917170522,0.863169897377423,0.9658119658119658,0.9658119658119658,0.904,0.9495798319327731,0.834619625137817,0.9495798319327731
458681,Lance Lynn,2 Tms,2023,36,183.66666666666666,32,808,3170,183.66666666666666,5.739583333333333,0.1535,31.357758620689655,98.891,101.1662,36.30914826498423,0,0.3565,4,5.7332,1.3938,0.2364,0.0829,4.3288,4.496,0.20908191466398113,0.21129575302340559,51,47,0.9251620854355626,TRUE,-0.27875330702326256,1.1961947156871153,-0.11089999999999947,0.11662000000000035,0.46089110939270195,-0.2205101100283354,0.5630570917170522,0.8706896551724138,0.9694189602446484,0.9694189602446484,0.9135446685878963,0.9548192771084337,0.8434237995824635,0.9548192771084337
656302,Dylan Cease,CHW,2023,27,177,33,784,3263,177,5.363636363636363,0.1722,30.195177956371985,103.2665,99.835,38.18571866380631,0,0.3598,3,4.5763,1.4181,0.273,0.1008,4.0996,4.0752,0.21263181602305625,0.20482452364091086,50,48,0.9250126338426321,TRUE,0.11760854536192122,0.9159822414821293,0.32664999999999933,-0.016500000000000625,1.2949368037637066,-0.2205101100283354,-0.654139856553634,0.8672566371681416,0.9702646446625037,0.9702646446625037,0.9158012910468706,0.9560503955464401,0.8394004282655246,0.9560503955464401
543243,Sonny Gray,MIN,2023,33,184,32,754,2827,184,5.75,0.1698,27.052489905787347,99.4754,100.5781,35.90378493102229,0,0.4733,5,2.788,1.1467,0.2427,0.0729,3.9499,3.6443,0.1996069821519288,0.1891236721499878,52,49,0.9188186412409125,TRUE,0.06673857500232573,0.15851188150017378,-0.05246000000000066,0.057810000000000625,0.28072651574939717,-0.2205101100283354,1.7802540399877385,0.8627002288329519,0.9658353262726341,0.9658353262726341,0.9040614007035497,0.9496137050722203,0.834070796460177,0.9496137050722203
686973,Louis Varland,MIN,2023,25,68,10,283,1091,56,6.8,0.1908,24.795081967213115,97.9367,109.833,30.889092575618697,0,0.4427,4,4.6324,1.2206,0.2509,0.0601,3.7661,3.8088,0.2615083358837701,0.1815812843948888,45,50,0.8186391578094353,TRUE,0.5118508156487888,-0.3855827204250313,-0.20632999999999982,0.9832999999999998,-1.9480641388644069,-0.2205101100283354,0.5630570917170522,0.7022332506203474,0.9160369437447523,0.9160369437447523,0.7843278217109992,0.879129734085415,0.6535796766743649,0.879129734085415
664285,Framber Valdez,HOU,2023,29,198,31,808,2962,198,6.387096774193548,0.177,26.923076923076923,104.4887,105.5604,36.36056718433491,0,0.5421,3,3.4545,1.1263,0.2475,0.0705,3.699,3.3856,0.19499004546224363,0.17776997486629653,53,51,0.9229182174777063,TRUE,0.2193484860811128,0.12731995375482627,0.44886999999999944,0.5560400000000001,0.483744357168839,-0.2205101100283354,-0.654139856553634,0.8706896551724138,0.9673416067929458,0.9673416067929458,0.9080318822808093,0.9517994858611826,0.8434237995824635,0.9517994858611826
693433,Bryan Woo,SEA,2023,23,87.66666666666667,18,371,1451,87.66666666666667,4.87037037037037,0.1671,28.282828282828284,109.6869,102.6285,33.97656788421778,0,0.4034,3,4.2091,1.2091,0.2507,0.0836,4.1258,4.2631,0.18619063755603546,0.17299125652739553,55,52,0.8542900465966944,TRUE,0.009509858347780287,0.4550557440650384,0.9686899999999994,0.26285000000000025,-0.5758291887499677,-0.2205101100283354,-0.654139856553634,0.7556008146639511,0.935525467440361,0.935525467440361,0.828669331810394,0.9063085571517802,0.7120921305182342,0.9063085571517802
628317,Kenta Maeda,MIN,2023,35,104.33333333333333,20,428,1702,101,5.216666666666667,0.2079,28.286852589641434,90.425,101.2576,35.60517038777908,0,0.3261,3,4.2268,1.1693,0.2734,0.0654,3.76,3.9795,0.22720923913260146,0.16980996267936116,49,53,0.8712401920923064,TRUE,0.8742993544609089,0.4560257077016989,-0.9575000000000002,0.12575999999999965,0.14800664857847112,-0.2205101100283354,-0.654139856553634,0.781021897810219,0.9445061043285239,0.9445061043285239,0.8501498501498501,0.9190064794816415,0.740484429065744,0.9190064794816415
572020,James Paxton,BOS,2023,34,96,19,411,1692,96,5.052631578947368,0.1655,30.176211453744493,103.2126,100.8294,35.46099290780142,0,0.4265,3,4.5,1.3125,0.2457,0.0803,4.1125,3.9841,0.16912477017864896,0.16370985493823711,59,54,0.8687936597547922,TRUE,-0.024403455225283373,0.9114108162112778,0.3212599999999995,0.08294000000000068,0.08392666177056174,-0.2205101100283354,-0.654139856553634,0.7740112994350282,0.9441964285714286,0.9441964285714286,0.8493975903614458,0.9185667752442996,0.732620320855615,0.9185667752442996
645261,Sandy Alcantara,MIA,2023,27,184.66666666666666,28,762,2726,184.66666666666666,6.595238095238095,0.1352,25.767543859649123,110.0495,114.7789,31.217901687454145,0,0.5199,4,4.1426,1.213,0.1982,0.063,4.2366,4.0027,0.1641717738407208,0.1633726419864104,61,55,0.917892594564489,TRUE,-0.6666368310151808,-0.15119386353699102,1.0049499999999996,1.4778899999999993,-1.801924231633402,-0.2205101100283354,0.5630570917170522,0.8639455782312925,0.9646142958244869,0.9646142958244869,0.9008592200925314,0.9478442280945758,0.8355263157894737,0.9478442280945758
672282,Reid Detmers,LAA,2023,23,148.66666666666666,28,644,2602,148.66666666666666,5.309523809523809,0.1677,29.685362517099865,102.1756,101.7762,36.049192928516526,0,0.3666,3,4.4798,1.352,0.2609,0.0932,4.1419,4.2697,0.16892239785493376,0.1624310121854196,60,56,0.9096581723279495,TRUE,0.02222735093767901,0.7931033307871997,0.21756000000000028,0.17762000000000028,0.34535340867774394,-0.2205101100283354,-0.654139856553634,0.8429319371727748,0.9629903774981495,0.9629903774981495,0.8966230186078566,0.9454941860465116,0.8110831234256927,0.9454941860465116
656557,Tanner Houck,BOS,2023,27,106,21,463,1742,106,5.0476190476190474,0.1253,29.41176470588235,100.0984,106.4673,36.681974741676235,0,0.5302,5,5.0094,1.3679,0.2138,0.0886,4.3305,4.0743,0.13632095612097597,0.15925397389673707,64,57,0.8764878714591381,TRUE,-0.8764754587485133,0.7271590724906591,0.009839999999999804,0.6467299999999995,0.6265946278046217,-0.2205101100283354,1.7802540399877385,0.7941680960548885,0.9457111834961998,0.9457111834961998,0.8530852105778648,0.9207188160676533,0.7553017944535073,0.9207188160676533
678394,Brayan Bello,BOS,2023,24,157,28,668,2622,157,5.607142857142857,0.1302,25.585023400936038,101.998,106.2844,36.8421052631579,1,0.562,4,4.242,1.3376,0.1976,0.0674,4.1766,4.0224,0.17795529138879218,0.1518727442499509,57,58,0.9114245363460982,TRUE,-0.7726159359310049,-0.19518608781765195,0.19980000000000048,0.6284400000000006,0.6977649777488586,4.504706533435995,0.5630570917170522,0.8477157360406091,0.9632623071271125,0.9632623071271125,0.8973305954825462,0.9458874458874459,0.8166259168704156,0.9458874458874459
628711,Julio Urías,LAD,2023,26,117.33333333333333,21,482,1853,117.33333333333333,5.587301587301587,0.1929,23.151750972762645,107.9195,108.7522,31.35456017269293,0,0.3708,3,4.6023,1.1591,0.2427,0.0498,3.904,4.1273,0.18833292057200962,0.14126223077831487,54,59,0.8816857619260797,TRUE,0.5563620397134349,-0.7816686506541975,0.7919499999999999,0.8752200000000002,-1.7411860779866122,-0.2205101100283354,-0.654139856553634,0.8006644518272426,0.9487967229902714,0.9487967229902714,0.8606595448211798,0.9251123315027459,0.7626582278481012,0.9251123315027459
518876,Merrill Kelly,ARI,2023,34,177.66666666666666,30,722,2810,177.66666666666666,5.922222222222222,0.1634,27.862068965517242,96.0208,100.0984,35.338078291814945,0,0.452,5,3.2927,1.1932,0.259,0.0956,4.1157,3.8343,0.14393650374401706,0.1406809859112844,63,60,0.916988705779021,TRUE,-0.06891467928993009,0.3536416977392931,-0.3979200000000006,0.009839999999999804,0.029296999966702222,-0.2205101100283354,1.7802540399877385,0.8574821852731591,0.9656357388316151,0.9656357388316151,0.9035369774919614,0.9493243243243243,0.8279816513761468,0.9493243243243243
676710,Kutter Crawford,BOS,2023,27,129.33333333333334,23,527,2100,107.66666666666667,5.6231884057971016,0.1879,27.027027027027028,101.4806,102.2217,33.666666666666664,0,0.3486,3,4.0361,1.1057,0.2562,0.0683,3.9346,4.3172,0.16171187410222382,0.13409875675207358,62,61,0.8919600625855948,TRUE,0.4503829347976108,0.15237465896000868,0.14805999999999955,0.22216999999999984,-0.7135654422585391,-0.2205101100283354,-0.654139856553634,0.8145285935085008,0.9545454545454546,0.9545454545454546,0.875,0.9333333333333333,0.7784342688330872,0.9333333333333333
677651,Luis Garcia,HOU,2023,26,27,6,115,468,27,4.5,0.1826,31.03448275862069,99.0449,94.8733,35.8974358974359,0,0.2639,3,4,1.2963,0.2696,0.087,4.0776,4.1405,0.16992896491247386,0.13294244875356365,58,62,0.670735628145483,TRUE,0.33804508358683677,1.1182767423873785,-0.09551000000000016,-0.51267,0.27790467430424354,-0.2205101100283354,-0.654139856553634,0.48936170212765956,0.823943661971831,0.823943661971831,0.609375,0.7572815533980582,0.4339622641509434,0.7572815533980582
671212,Joe Boyle,OAK,2023,23,16,3,60,240,16,5.333333333333333,0.1667,NA,109.9649,104.3702,34.166666666666664,0,0.3,NA,1.6875,0.8125,0.25,0.0833,4.3727,4.5909,0.18076396130802977,0.1115878070181713,56,63,0.5294322857348067,TRUE,0.001031529954514077,NA,0.99649,0.4370199999999997,-0.49133938164963986,-0.2205101100283354,NA,0.3333333333333333,0.7058823529411765,0.7058823529411765,0.4444444444444444,0.6153846153846154,0.2857142857142857,0.6153846153846154
669022,MacKenzie Gore,WSN,2023,24,136.33333333333334,27,582,2462,136.33333333333334,5.049382716049383,0.1615,29.329962073324904,100.2992,101.5503,36.96181965881397,0,0.3875,3,4.423,1.401,0.2595,0.0979,4.2073,4.111,0.08701434374517807,0.08927164644918732,68,64,0.9032294745611963,TRUE,-0.10918673915794311,0.7074424895739314,0.0299199999999999,0.15502999999999928,0.750972294838508,-0.2205101100283354,-0.654139856553634,0.8290598290598291,0.960967993754879,0.960967993754879,0.8913830557566981,0.942572741194487,0.7950819672131147,0.942572741194487
669432,Trevor Rogers,MIA,2023,25,18,4,79,330,18,4.5,0.1646,27.21518987341772,91.7743,108.1443,35.75757575757576,0,0.52,4,4,1.2222,0.2405,0.0759,4.0507,4.3891,0.12531523870111155,0.06482949053624865,66,65,0.5965223336145338,TRUE,-0.04347969411013205,0.19772684686305964,-0.8225700000000004,0.8144300000000001,0.21574353846958633,-0.2205101100283354,0.5630570917170522,0.3969849246231156,0.7674418604651163,0.7674418604651163,0.5238095238095238,0.6875,0.34497816593886466,0.6875
656605,Mitch Keller,PIT,2023,27,194.33333333333334,32,825,3122,194.33333333333334,6.072916666666667,0.1879,21.543778801843317,106.8353,103.8886,33.60025624599616,0,0.4367,4,4.2144,1.2453,0.2545,0.0667,3.8251,3.7021,0.08076213731715945,0.06100056725786717,69,66,0.925391628683222,TRUE,0.4503829347976108,-1.1692321757456063,0.6835300000000004,0.38885999999999965,-0.7430816945965126,-0.2205101100283354,0.5630570917170522,0.873015873015873,0.9689633767846059,0.9689633767846059,0.9123319696084161,0.9541564792176039,0.8461538461538461,0.9541564792176039
673540,Kodai Senga,NYM,2023,30,166.33333333333334,29,694,2803,166.33333333333334,5.735632183908046,0.1801,29.955290611028317,101.2851,96.0586,39.35069568319658,0,0.4469,2,2.976,1.2204,0.2911,0.111,3.9985,3.7663,0.06355833343875769,0.05970356403708533,71,67,0.9153840361940541,TRUE,0.28505553112892446,0.8581630908353508,0.12850999999999999,-0.39414000000000016,1.812713311201698,-0.2205101100283354,-1.8713368048243202,0.8525798525798526,0.965552876334826,0.965552876334826,0.9033193683532066,0.9492041991195395,0.8222748815165877,0.9492041991195395
641482,Nestor Cortes,NYY,2023,28,63.333333333333336,12,266,1070,63.333333333333336,5.277777777777778,0.1767,22.469635627530366,111.2103,108.7695,34.39252336448598,0,0.2629,3,4.9737,1.2474,0.2519,0.0752,4.35,4.8393,0.0970239574318768,0.056433989182253876,67,68,0.8132460479190454,TRUE,0.21298973978616342,-0.9460763639829805,1.1210300000000004,0.8769499999999993,-0.39095689321259697,-0.2205101100283354,-0.654139856553634,0.689119170984456,0.9145299145299145,0.9145299145299145,0.781021897810219,0.8770491803278688,0.6394230769230769,0.8770491803278688
641816,Tyler Mahle,MIN,2023,28,25.666666666666668,5,102,423,25.666666666666668,5.133333333333334,0.2255,23.958333333333332,95.1684,104.5047,36.170212765957444,0,0.3768,3,3.1558,1.0519,0.2745,0.049,3.524,3.6545,0.2507044446659992,0.05030041725683825,48,69,0.6490448882344161,TRUE,1.2473458037646115,-0.5872611176179755,-0.4831599999999995,0.45047,0.39914093213779345,-0.2205101100283354,-0.654139856553634,0.4594594594594595,0.8087954110898662,0.8087954110898662,0.5850622406639004,0.7382198952879581,0.40476190476190477,0.7382198952879581
657006,Justin Steele,CHC,2023,27,173.33333333333334,30,716,2682,173.33333333333334,5.777777777777778,0.1955,23.404255319148938,105.639,107.7655,32.36390753169277,0,0.4939,2,3.0635,1.1712,0.2458,0.0503,3.6053,3.323,0.07692159494177934,0.04781901188938039,70,70,0.9149746596091681,TRUE,0.6114711742696641,-0.7208084713822995,0.5638999999999996,0.7765500000000003,-1.292579503233552,-0.2205101100283354,-1.8713368048243202,0.8564593301435407,0.9640546369518332,0.9640546369518332,0.8993963782696177,0.9470338983050848,0.8267898383371824,0.9470338983050848
665795,Edward Cabrera,MIA,2023,25,99.66666666666667,20,434,1806,91,4.983333333333333,0.1198,32.765151515151516,101.0391,100.6631,40.64230343300111,0,0.5429,3,4.2441,1.4448,0.2719,0.1521,4.6828,4.3047,-0.01592363929007622,0.04019312785805342,76,71,0.8751125738319859,TRUE,-0.9930524741559201,1.535413367123344,0.10391000000000047,0.06631000000000001,2.386771115383671,-0.2205101100283354,-0.654139856553634,0.7833935018050542,0.9475341028331584,0.9475341028331584,0.8575498575498576,0.9233128834355828,0.7431506849315068,0.9233128834355828
650644,Aaron Civale,2 Tms,2023,28,122.33333333333333,23,504,2010,122.33333333333333,5.318840579710145,0.1647,23.036649214659686,108.152,105.522,34.27860696517413,0,0.3895,4,3.4578,1.1608,0.2302,0.0655,4.1528,4.1015,0.04636593610863215,0.038840946842556665,72,72,0.887826965844333,TRUE,-0.041360112011815206,-0.8094111973980862,0.8152000000000001,0.5522000000000006,-0.4415872785282444,-0.2205101100283354,0.5630570917170522,0.8076923076923077,0.95260663507109,0.95260663507109,0.8701298701298701,0.9305555555555556,0.7706422018348624,0.9305555555555556
663460,Kris Bubic,KCR,2023,25,16,3,68,265,16,5.333333333333333,0.2059,28.67132867132867,89.3903,91.8414,32.83018867924528,0,0.5208,4,3.9375,1.3125,0.2353,0.0294,3.5501,3.5742,0.1266361107231964,0.036083489341877065,65,73,0.5531169300131736,TRUE,0.8319077124945791,0.548694541296527,-1.0609700000000004,-0.8158600000000007,-1.0853398581199676,-0.2205101100283354,0.5630570917170522,0.3617021276595745,0.726027397260274,0.726027397260274,0.4690265486725664,0.6385542168674698,0.3119266055045872,0.6385542168674698
621244,José Berríos,TOR,2023,29,189.66666666666666,32,782,2939,189.66666666666666,5.927083333333333,0.1688,25.43046357615894,95.0181,103.9858,35.045933991153454,0,0.4157,4,3.6538,1.1863,0.2353,0.0665,4.076,4.0056,0.01787232649044295,0.012192275425754774,74,74,0.9214952842637404,TRUE,0.045542754019160796,-0.23243906495958547,-0.4981899999999996,0.39857999999999977,-0.10054715416398767,-0.2205101100283354,0.5630570917170522,0.8669623059866962,0.9670944389601843,0.9670944389601843,0.9073788206236493,0.9514405956620265,0.8390557939914163,0.9514405956620265
502171,Alex Cobb,SFG,2023,35,151.33333333333334,28,646,2509,151.33333333333334,5.404761904761905,0.1455,22.57100149476831,99.1197,108.7594,36.0701474691112,1,0.5757,3,3.8656,1.3216,0.2028,0.0573,3.807,3.5124,0.03928794336763554,0.003810192032287641,73,75,0.9083740227667124,TRUE,-0.44831987488858205,-0.9216445276980124,-0.08803000000000054,0.8759399999999999,0.3546666986941907,4.504706533435995,-0.654139856553634,0.8433420365535248,0.9616711383671905,0.9616711383671905,0.8932004271982912,0.9435878149680331,0.8115577889447236,0.9435878149680331
686613,Hunter Brown,HOU,2023,24,155.66666666666666,29,665,2725,152.66666666666666,5.3678160919540225,0.185,25.492772667542706,98.6701,99.8359,36.88073394495413,0,0.5237,3,5.0878,1.3619,0.2677,0.0827,3.7352,3.5185,0.003145175258444583,-0.008903675193644487,75,76,0.9126809768891752,TRUE,0.3889150539464323,-0.21742093744551977,-0.1329899999999995,-0.01641000000000048,0.7149335773130416,-0.2205101100283354,-0.654139856553634,0.8471337579617835,0.9646017699115044,0.9646017699115044,0.9008264462809917,0.9478260869565217,0.8159509202453987,0.9478260869565217
695243,Mason Miller,OAK,2023,24,33.333333333333336,6,139,611,24.333333333333332,5.555555555555556,0.1583,23.295454545454547,112.3616,104.3914,39.60720130932897,0,0.2593,3,3.78,1.2,0.2734,0.1151,4.3372,4.7683,-0.030913660756433443,-0.017125485729246343,80,77,0.7161182651923653,TRUE,-0.17701336630407102,-0.7470323153942032,1.2361599999999995,0.4391400000000004,1.9267177808405405,-0.2205101100283354,-0.654139856553634,0.5366795366795367,0.8593530239099859,0.8593530239099859,0.6706915477497256,0.8028909329829172,0.4809688581314879,0.8028909329829172
593334,Domingo Germán,NYY,2023,30,108.66666666666667,19,444,1657,103.66666666666667,5.719298245614035,0.1802,28.694404591104735,91.7601,91.6685,33.37356668678334,0,0.3945,4,4.5552,1.0767,0.2568,0.0766,3.9625,4.0413,-0.022548327048929395,-0.01875972870999179,78,78,0.8716516438529928,TRUE,0.2871751132272407,0.55425644403022,-0.8239900000000006,-0.8331500000000005,-0.843834350046576,-0.2205101100283354,0.5630570917170522,0.7872340425531915,0.9430848036425725,0.9430848036425725,0.8467041389882474,0.9169894853348091,0.7474747474747475,0.9169894853348091
608337,Lucas Giolito,3 Tms,2023,28,184.33333333333334,33,794,3199,183.4,5.5858585858585865,0.165,28.670520231213874,97.4632,97.9135,36.730228196311344,0,0.3617,3,4.8825,1.3128,0.2569,0.0919,4.2066,4.4481,-0.026278880794643616,-0.019721165409912412,79,79,0.9248383533591402,TRUE,-0.035001365716865844,0.5484996859959304,-0.25367999999999996,-0.20865000000000009,0.6480409780732826,-0.2205101100283354,-0.654139856553634,0.8687089715536105,0.9696877841770234,0.9696877841770234,0.9142612174907117,0.9552105106001791,0.8411016949152542,0.9552105106001791
694297,Brandon Pfaadt,ARI,2023,24,96,18,421,1614,90,5.333333333333333,0.1615,23.504273504273506,100.2518,106.8732,34.26270136307311,0,0.3232,4,5.7188,1.4063,0.2233,0.0618,4.2758,4.4591,-0.017797255418093374,-0.0223716577407338,77,80,0.8674282233569489,TRUE,-0.10918673915794311,-0.6967014618822778,0.025180000000000292,0.6873199999999997,-0.44865655712128655,-0.2205101100283354,0.5630570917170522,0.7781885397412199,0.941656942823804,0.941656942823804,0.8432601880877743,0.9149659863945578,0.7373029772329247,0.9149659863945578
681857,Reese Olson,DET,2023,23,103.66666666666667,18,422,1744,91.66666666666667,5.7592592592592595,0.1659,25.56390977443609,97.5006,99.4997,36.98394495412844,0,0.4281,4,3.9936,1.119,0.2441,0.0782,4.0556,3.9105,-0.042455033465468146,-0.03705092031932157,81,81,0.8718191693353928,TRUE,-0.015925126832017755,-0.20027502633398483,-0.24993999999999944,-0.050029999999999575,0.7608059292735931,-0.2205101100283354,0.5630570917170522,0.7785977859778598,0.9457700650759219,0.9457700650759219,0.8532289628180039,0.9208025343189018,0.7377622377622378,0.9208025343189018
450203,Charlie Morton,ATL,2023,39,163.33333333333334,30,716,2853,163.33333333333334,5.444444444444445,0.1397,32.04419889502763,98.7391,94.3561,38.97651594812478,0,0.4329,3,3.6367,1.4265,0.2556,0.1159,4.4421,4.2674,-0.07206448928129511,-0.04015025686913113,83,82,0.917210550783075,TRUE,-0.5712556365909386,1.3616448505206276,-0.12609000000000065,-0.5643900000000002,1.646408334232323,-0.2205101100283354,-0.654139856553634,0.8564593301435407,0.9661361327463597,0.9661361327463597,0.9048525214081827,0.9500499500499501,0.8267898383371824,0.9500499500499501
669330,Tyler Wells,BAL,2023,28,118.66666666666667,20,470,1905,108.66666666666667,5.933333333333334,0.1766,26.470588235294116,93.8687,95.2422,35.958005249343834,0,0.3227,4,3.6404,0.986,0.2489,0.0723,4.1947,4.6263,-0.05243049716719552,-0.051102314216896046,82,83,0.8818406055643714,TRUE,0.21087015768784717,0.018258295802856105,-0.6131299999999996,-0.4757800000000003,0.3048248512405133,-0.2205101100283354,0.5630570917170522,0.7966101694915254,0.9501246882793017,0.9501246882793017,0.8639455782312925,0.927007299270073,0.7580645161290323,0.927007299270073
668868,Zack Thompson,STL,2023,25,66.33333333333333,9,287,1169,45.333333333333336,7.37037037037037,0.1638,30.379746835443036,90.2721,93.166,36.69803250641574,0,0.4402,3,4.4774,1.4171,0.2509,0.0871,3.9825,3.8257,-0.12319449126268363,-0.08758357454415068,85,84,0.8246628959998442,TRUE,-0.06043635089666388,0.9604681888689234,-0.9727900000000005,-0.6834000000000003,0.6337315354051121,-0.2205101100283354,-0.654139856553634,0.7051597051597052,0.9211977935382191,0.9211977935382191,0.7957794417971409,0.8862774829416225,0.6567505720823799,0.8862774829416225
543135,Nathan Eovaldi,TEX,2023,33,144,25,577,2235,144,5.76,0.1473,26.45314353499407,100.1254,98.1101,37.13646532438479,0,0.5103,4,3.625,1.1389,0.2288,0.0815,4.1754,3.9611,-0.12145873916002337,-0.09521333703557817,84,85,0.8988176765678924,TRUE,-0.4101673971188853,0.01405366486164784,0.012539999999999907,-0.1889899999999997,0.8285939313629507,-0.2205101100283354,0.5630570917170522,0.8278335724533716,0.9571734475374732,0.9571734475374732,0.8816568047337278,0.9371069182389937,0.7936726272352133,0.9371069182389937
656849,David Peterson,NYM,2023,27,111,21,492,1969,103,5.285714285714286,0.1585,28.018223234624145,90.575,95.361,38.090401218892836,0,0.5461,4,5.027,1.5676,0.2602,0.1016,3.9602,3.5943,-0.12356456885510661,-0.10073588067589871,86,86,0.8856883717751016,TRUE,-0.1727742021074379,0.391278977841313,-0.9424999999999997,-0.4638999999999996,1.2525727631828514,-0.2205101100283354,0.5630570917170522,0.803921568627451,0.9516674722087965,0.9516674722087965,0.8677831643895989,0.9292118924020765,0.7663551401869159,0.9292118924020765
571510,Matthew Boyd,DET,2023,32,71,15,303,1178,71,4.733333333333333,0.1584,30.76923076923077,92.7412,90.5796,35.908319185059426,0,0.3881,3,5.4507,1.3239,0.2409,0.0825,4.2489,4.3655,-0.16625862942028516,-0.11378984624037565,92,87,0.8285444422618602,TRUE,-0.1748937842057542,1.0543440463465688,-0.7258799999999994,-0.9420400000000001,0.28274177457434413,-0.2205101100283354,-0.654139856553634,0.7163120567375887,0.9217527386541471,0.9217527386541471,0.79702300405954,0.8870481927710844,0.6688741721854304,0.8870481927710844
608379,Michael Wacha,SDP,2023,31,134.33333333333334,24,553,2225,134.33333333333334,5.597222222222222,0.1465,23.981900452488688,98.1403,99.3406,35.235955056179776,0,0.3446,5,3.2159,1.1613,0.2242,0.0778,4.4259,4.467,-0.15928880286765462,-0.13340001842599045,89,88,0.8967390665477418,TRUE,-0.42712405390541713,-0.5815808229329767,-0.18597000000000036,-0.06594000000000051,-0.016091888736973675,-0.2205101100283354,1.7802540399877385,0.8216939078751857,0.956989247311828,0.956989247311828,0.8811881188118812,0.9368421052631579,0.786628733997155,0.9368421052631579
624133,Ranger Suarez,PHI,2023,27,125,22,540,2024,125,5.681818181818182,0.1315,22.869955156950674,99.6922,105.8359,37.20355731225296,0,0.485,5,4.176,1.416,0.2204,0.0889,4.3781,4.0457,-0.16529522725544166,-0.13527210743933799,90,89,0.8913637564791819,TRUE,-0.7450613686528905,-0.8495888433710007,-0.03078000000000003,0.5835899999999995,0.8584131076876796,-0.2205101100283354,1.7802540399877385,0.8181818181818182,0.9529190207156308,0.9529190207156308,0.8709122203098106,0.9310027598896045,0.782608695652174,0.9310027598896045
682243,Bryce Miller,SEA,2023,24,131.33333333333334,25,537,2095,131.33333333333334,5.253333333333334,0.1732,22.839506172839506,102.4585,108.0282,32.50596658711217,0,0.3351,2,4.3173,1.1421,0.2216,0.0484,4.1681,4.3116,-0.13663050129534163,-0.14297560699511186,87,90,0.8927147948332503,TRUE,0.13880436634508617,-0.8569278482561595,0.24585000000000007,0.8028199999999999,-1.229441054714202,-0.2205101100283354,-1.8713368048243202,0.817351598173516,0.9544419134396356,0.9544419134396356,0.8747390396659708,0.933184855233853,0.7816593886462883,0.933184855233853
656756,Jordan Montgomery,2 Tms,2023,30,188.66666666666666,32,777,2923,188.66666666666666,5.895833333333333,0.1519,24.415584415584416,99.0966,100.837,35.819363667464934,0,0.4324,4,3.1961,1.1926,0.2136,0.0618,4.2321,4.0135,-0.15919561778298133,-0.1437244728796777,88,91,0.9210776488766975,TRUE,-0.3126666205963263,-0.47705159751927073,-0.09034000000000049,0.08370000000000033,0.2432053060854449,-0.2205101100283354,0.5630570917170522,0.8662207357859532,0.966920277869666,0.966920277869666,0.9069190195470059,0.9511877643996095,0.8381877022653722,0.9511877643996095
663465,Kolby Allard,ATL,2023,25,12.333333333333334,3,56,200,11.333333333333334,4.111111111111112,0.1607,28.571428571428573,86.774,87.5588,34.5,0,0.3077,NA,6.5676,1.6216,0.2321,0.0714,4.2689,4.3988,-0.3414739443332541,-0.14383267304590464,107,92,0.4951738506523527,TRUE,-0.12614339594447493,0.5246159934370019,-1.3226,-1.2441199999999994,-0.3431886745770393,-0.2205101100283354,NA,0.3181818181818182,0.6666666666666666,0.6666666666666666,0.4,0.5714285714285714,0.27184466019417475,0.5714285714285714
608566,Germán Márquez,COL,2023,28,20,4,80,303,20,5,0.175,22.666666666666668,93.3623,99.2983,36.303630363036305,0,0.4828,4,4.95,1.1,0.2125,0.0375,3.864,3.4931,-0.18150775185507148,-0.15241827331959765,94,93,0.5845405825548119,TRUE,0.1769568441147829,-0.8985867087133684,-0.6637699999999995,-0.07017000000000025,0.4584386661672747,-0.2205101100283354,0.5630570917170522,0.4,0.7518610421836228,0.7518610421836228,0.5024875621890548,0.6688741721854304,0.34782608695652173,0.6688741721854304
683175,Connor Phillips,CIN,2023,22,20.666666666666668,5,96,381,20.666666666666668,4.133333333333334,0.1354,NA,104.7322,92.8535,39.89501312335958,0,0.3393,3,6.9677,1.5,0.2708,0.1354,4.6432,5.0112,-0.34151683312244185,-0.1559481780571692,108,94,0.6304839350441985,TRUE,-0.6623976668185477,NA,0.4732200000000006,-0.7146500000000003,2.054636352097988,-0.2205101100283354,-0.654139856553634,0.4444444444444444,0.7920997920997921,0.7920997920997921,0.5594713656387665,0.7175141242937854,0.3902439024390244,0.7175141242937854
665152,Dean Kremer,BAL,2023,27,172.66666666666666,32,735,2933,172.66666666666666,5.395833333333333,0.1388,24.90272373540856,101.9946,100.8918,36.447323559495395,0,0.3934,4,4.1178,1.3089,0.2136,0.0748,4.4413,4.3366,-0.1869738301552108,-0.16021893453771308,96,95,0.9191593423770295,TRUE,-0.5903318754757867,-0.35963822717857924,0.19946000000000055,0.08918000000000034,0.522303412138083,-0.2205101100283354,0.5630570917170522,0.8596491228070176,0.9670293438839432,0.9670293438839432,0.9072069285493349,0.951346091469348,0.8305084745762712,0.951346091469348
657376,Clarke Schmidt,NYY,2023,27,159,32,694,2714,158.33333333333334,4.96875,0.1484,22.6775956284153,103.21,103.4377,34.74576271186441,0,0.4383,4,4.6415,1.3522,0.2147,0.0663,4.2938,4.3592,-0.17920950350689804,-0.16184054957222277,93,96,0.914213917763938,TRUE,-0.3868519940374035,-0.8959525418928895,0.3209999999999994,0.3437700000000007,-0.23395891597266436,-0.2205101100283354,0.5630570917170522,0.8525798525798526,0.9644633972992182,0.9644633972992182,0.900464499004645,0.9476256983240223,0.8222748815165877,0.9476256983240223
607644,John Means,BAL,2023,30,23.666666666666668,4,88,339,23.666666666666668,5.916666666666667,0.0682,NA,107.4877,111.4073,31.26843657817109,0,0.2877,3,2.662,0.7183,0.1136,0.0455,5.995,5.908,-0.4632686715424904,-0.16209519584008766,122,97,0.6077519222917839,TRUE,-2.08675683688723,NA,0.7487700000000004,1.1407300000000007,-1.7794638922587456,-0.2205101100283354,-0.654139856553634,0.4230769230769231,0.7722095671981777,0.7722095671981777,0.5305164319248826,0.6932515337423313,0.3697478991596639,0.6932515337423313
671096,Andrew Abbott,CIN,2023,24,109.33333333333333,21,459,1898,109.33333333333333,5.2063492063492065,0.1656,26.89873417721519,90.1026,93.0692,37.19704952581665,0,0.2862,4,3.8689,1.3171,0.2614,0.0959,4.3342,4.563,-0.18553064220500579,-0.16230982879999703,95,98,0.8804812148663964,TRUE,-0.022283873126967117,0.12145271266247328,-0.9897400000000005,-0.6930800000000005,0.8555207082016297,-0.2205101100283354,0.5630570917170522,0.7927461139896373,0.94994994994995,0.94994994994995,0.8635122838944495,0.9267578125,0.7536945812807881,0.9267578125
571760,Andrew Heaney,TEX,2023,32,147.33333333333334,28,641,2605,136.66666666666666,5.261904761904762,0.142,27.012278308321964,102.6484,98.5408,36.96737044145873,0,0.4005,3,4.1538,1.3778,0.2356,0.0936,4.4007,4.5832,-0.19534790347667777,-0.16289493499691318,98,99,0.9095112959686334,TRUE,-0.5225052483296594,0.14881983039065086,0.2648399999999995,-0.14591999999999955,0.7534393519593909,-0.2205101100283354,-0.654139856553634,0.8423127463863338,0.9630314232902033,0.9630314232902033,0.8967297762478486,0.9455535390199638,0.8103666245259166,0.9455535390199638
675627,Michael Grove,LAD,2023,26,69,12,302,1146,52,5.75,0.1788,24.146981627296586,94.5568,100.0817,34.11867364746946,0,0.3913,3,6.1304,1.4783,0.2417,0.0629,3.8884,3.9167,-0.1656072629517852,-0.16413386671203484,91,100,0.8263310569339504,TRUE,0.25750096385080956,-0.5417919241001063,-0.5443200000000005,0.008169999999999789,-0.5126699808354852,-0.2205101100283354,-0.654139856553634,0.7156398104265402,0.9197431781701445,0.9197431781701445,0.7925311203319502,0.8842592592592593,0.668141592920354,0.8842592592592593
676664,JP Sears,OAK,2023,27,172.33333333333334,32,735,2869,172.33333333333334,5.385416666666667,0.1469,24.767441860465116,100.8989,99.136,34.7159288950854,0,0.2906,4,4.5435,1.265,0.219,0.0721,4.6158,5.1013,-0.19379044191803152,-0.17061037501837767,97,101,0.9183938727199893,TRUE,-0.4186457255121509,-0.39224471209310396,0.08988999999999976,-0.08640000000000043,-0.2472186191241188,-0.2205101100283354,0.5630570917170522,0.8596491228070176,0.9663186257999327,0.9663186257999327,0.9053329125907226,0.9503146737330241,0.8305084745762712,0.9503146737330241
676440,Tanner Bibee,CLE,2023,24,142,25,585,2326,142,5.68,0.1641,24.53531598513011,101.5447,97.9331,36.32846087704213,0,0.3683,3,2.9789,1.1761,0.241,0.0769,4.1859,4.2233,-0.19581914602464148,-0.17946033364616154,99,102,0.9011228586727594,TRUE,-0.05407760460171452,-0.448193144619973,0.1544700000000006,-0.2066900000000004,0.4694746407880931,-0.2205101100283354,-0.654139856553634,0.8297872340425532,0.9587798845836768,0.9587798845836768,0.8857578065498858,0.9394184168012925,0.7959183673469388,0.9394184168012925
571927,Steven Matz,STL,2023,32,105,17,449,1867,89,6.176470588235294,0.147,26.058631921824105,97.3223,100.8243,34.81521156936262,0,0.4459,3,3.8571,1.3333,0.2183,0.0713,4.1868,3.963,-0.238483807748933,-0.20203764388330556,100,103,0.8785475229350519,TRUE,-0.41652614341383465,-0.0810339953944577,-0.2677700000000002,0.08242999999999938,-0.20309222394143284,-0.2205101100283354,-0.654139856553634,0.789103690685413,0.949161159125572,0.949161159125572,0.8615597600369174,0.92563212692117,0.7495826377295493,0.92563212692117
690986,Kyle Harrison,SFG,2023,21,34.666666666666664,7,147,588,34.666666666666664,4.952380952380952,0.1633,NA,92.9424,94.6167,34.863945578231295,0,0.268,3,4.1538,1.1538,0.2381,0.0748,4.4454,5.0139,-0.27897931410418747,-0.20337297567153287,103,104,0.7157816736293159,TRUE,-0.07103426138824635,NA,-0.7057599999999994,-0.5383300000000005,-0.18143229032430194,-0.2205101100283354,-0.654139856553634,0.550561797752809,0.8546511627906976,0.8546511627906976,0.6621621621621622,0.7967479674796748,0.494949494949495,0.7967479674796748
641793,Zack Littell,2 Tms,2023,27,90,14,379,1332,71.33333333333333,6.428571428571429,0.1636,20.994475138121548,94.1512,104.8845,30.93093093093093,0,0.4251,4,4.1,1.1778,0.1953,0.0317,4.0976,4.1463,-0.257183514232628,-0.24425867233096532,101,105,0.8500068113087499,TRUE,-0.06467551509329698,-1.3016287856545445,-0.5848799999999997,0.4884500000000003,-1.929468993097621,-0.2205101100283354,0.5630570917170522,0.7595190380761523,0.9301675977653632,0.9301675977653632,0.8161764705882353,0.8987854251012146,0.7164461247637051,0.8987854251012146
607625,Seth Lugo,SDP,2023,33,146.33333333333334,26,604,2378,146.33333333333334,5.628205128205129,0.1722,20.841683366733466,98.6435,103.6443,34.94533221194281,0,0.4518,3,3.5672,1.2027,0.2318,0.0596,3.9703,3.7568,-0.25765082813482765,-0.253908765744037,102,106,0.9034157309849399,TRUE,0.11760854536192122,-1.33845561549344,-0.1356499999999997,0.36443000000000014,-0.14525982833244214,-0.2205101100283354,-0.654139856553634,0.8342541436464088,0.9596448748991122,0.9596448748991122,0.8879761015683346,0.9406645569620253,0.8010610079575596,0.9406645569620253
592826,Vince Velasquez,PIT,2023,31,37.333333333333336,8,162,653,37.333333333333336,4.666666666666667,0.142,27.21311475409836,93.0114,93.8974,36.60030627871363,0,0.3028,3,3.8571,1.3125,0.2284,0.0864,4.5134,4.5597,-0.3883371557556394,-0.2583740659064195,111,107,0.734242888276017,TRUE,-0.5225052483296594,0.19722668860600656,-0.6988600000000005,-0.6102599999999996,0.5902969062042952,-0.2205101100283354,-0.654139856553634,0.574468085106383,0.8671978751660027,0.8671978751660027,0.6852046169989506,0.813200498132005,0.5192307692307693,0.813200498132005
434378,Justin Verlander,2 Tms,2023,40,162.33333333333334,27,669,2605,162.33333333333334,6.012345679012346,0.148,22.423146473779386,104.7603,102.8887,34.4721689059501,0,0.3552,3,3.2156,1.1335,0.2152,0.0673,4.4268,4.5641,-0.2910621509896544,-0.2661910291829925,104,108,0.9112368947093069,TRUE,-0.39533032243066973,-0.9572814710315339,0.47603000000000006,0.28887,-0.3555582633633299,-0.2205101100283354,-0.654139856553634,0.8479087452471483,0.9630314232902033,0.9630314232902033,0.8967297762478486,0.9455535390199638,0.8168498168498168,0.9455535390199638
502043,Kyle Gibson,BAL,2023,35,192,33,807,3039,192,5.818181818181818,0.1264,25.220680958385877,92.9751,97.826,37.80848963474827,0,0.4889,5,4.7344,1.3177,0.1945,0.0682,4.3986,4.1314,-0.31058547202237363,-0.2719634384901196,105,109,0.9237393077472239,TRUE,-0.8531600556670315,-0.2830021855890596,-0.7024900000000003,-0.21740000000000065,1.1272765616139289,-0.2205101100283354,1.7802540399877385,0.8705501618122977,0.9681427206116597,0.9681427206116597,0.9101527403414196,0.9529633113828786,0.8432601880877743,0.9529633113828786
683155,Joey Estes,OAK,2023,21,10,2,47,165,10,5,0.1064,NA,89.1908,90.3434,31.515151515151516,0,0.2857,NA,7.2,1.4,0.1489,0.0426,5.489,6.8271,-0.7609225776348907,-0.27494426825261636,149,110,0.45253665458799147,FALSE,-1.2770764753303303,NA,-1.0809200000000003,-0.9656599999999997,-1.6698109151816805,-0.2205101100283354,NA,0.281437125748503,0.6226415094339622,0.6226415094339622,0.3548387096774194,0.5238095238095238,0.23857868020304568,0.5238095238095238
592791,Jameson Taillon,CHC,2023,31,154.33333333333334,29,655,2534,150.33333333333334,5.32183908045977,0.1511,20.454545454545453,99.3072,103.1926,34.056827150749804,0,0.379,4,4.8402,1.2765,0.2137,0.0626,4.3441,4.4882,-0.326560122242755,-0.30454827731992623,106,111,0.9093235463703432,TRUE,-0.32962327738285807,-1.4317660201494682,-0.06928000000000054,0.3192599999999999,-0.5401577874924246,-0.2205101100283354,0.5630570917170522,0.8451612903225807,0.9620349278663629,0.9620349278663629,0.8941425546930134,0.944113263785395,0.8136645962732919,0.944113263785395
657140,Kyle Wright,ATL,2023,27,31,7,155,576,25.666666666666668,4.428571428571429,0.1097,25,99.058,91.0881,36.458333333333336,1,0.602,3,6.9677,1.8387,0.2194,0.1097,4.2285,4.0538,-0.42401682459603807,-0.3047060737950286,118,112,0.7171837432659477,TRUE,-1.2071302660858858,-0.336192092541045,-0.09419999999999931,-0.8911900000000003,0.527196729474484,4.504706533435995,-0.654139856553634,0.5636363636363636,0.8520710059171598,0.8520710059171598,0.6575342465753424,0.7933884297520661,0.5081967213114754,0.7933884297520661
663474,Triston McKenzie,CLE,2023,25,16,4,73,300,16,4,0.0411,34.48275862068966,91.4662,79.6913,41.333333333333336,0,0.3409,3,5.0625,1.5625,0.2192,0.1781,5.9473,6.0692,-0.9835564027589593,-0.3102155456924199,172,113,0.5769894193417044,FALSE,-2.661163585530999,1.9494017909179069,-0.8533799999999999,-2.03087,2.693900820411252,-0.2205101100283354,-0.654139856553634,0.37823834196891193,0.75,0.75,0.5,0.6666666666666666,0.3273542600896861,0.6666666666666666
664299,Cristian Javier,HOU,2023,26,162,31,687,2886,162,5.225806451612903,0.1412,26.11548556430446,98.4453,100.5003,38.25363825363825,0,0.256,2,4.5556,1.2654,0.2314,0.0902,4.7614,5.1621,-0.35235467004523696,-0.3167197219241815,110,114,0.9160191744933044,TRUE,-0.5394619051161912,-0.06733077434842713,-0.1554699999999997,0.050029999999999575,1.3251238095367543,-0.2205101100283354,-1.8713368048243202,0.8513011152416357,0.9665103817816477,0.9665103817816477,0.9058380414312618,0.950592885375494,0.8207885304659498,0.950592885375494
663776,Patrick Sandoval,LAA,2023,26,144.66666666666666,28,652,2625,144.66666666666666,5.166666666666666,0.0828,28.530259365994237,102.261,99.4425,37.6,0,0.4659,4,4.106,1.5138,0.1963,0.1135,5.0009,4.6116,-0.4089823612797648,-0.3235655609604953,114,115,0.9104943514935078,TRUE,-1.7772978505330221,0.5146931336562749,0.22609999999999958,-0.05575000000000045,1.034612901198137,-0.2205101100283354,0.5630570917170522,0.844559585492228,0.963302752293578,0.963302752293578,0.8974358974358975,0.9459459459459459,0.8129675810473815,0.9459459459459459
669854,Ronel Blanco,HOU,2023,29,52,7,226,906,38,7.428571428571429,0.1062,33.57664233576642,90.2574,89.7367,37.858719646799116,0,0.3472,2,4.5,1.4808,0.2301,0.1239,4.8551,5.1161,-0.5214942908105918,-0.3268082200150797,126,116,0.7889412479263775,TRUE,-1.281315639526963,1.7310039679463802,-0.9742599999999996,-1.0263300000000002,1.1496013970187233,-0.2205101100283354,-1.8713368048243202,0.653179190751445,0.9005964214711729,0.9005964214711729,0.7512437810945274,0.8579545454545454,0.601063829787234,0.8579545454545454
642216,Allan Winans,ATL,2023,27,32.333333333333336,6,141,535,32.333333333333336,5.388888888888889,0.1844,NA,80.6702,81.5525,31.962616822429908,0,0.4536,4,5.2887,1.3918,0.2411,0.0567,3.8791,3.9718,-0.44069095417184573,-0.33373055496314097,119,117,0.7017953851578753,TRUE,0.37619756135653354,NA,-1.9329800000000006,-1.8447500000000006,-1.470934010190425,-0.2205101100283354,0.5630570917170522,0.5402298850574713,0.84251968503937,0.84251968503937,0.6407185628742516,0.781021897810219,0.4845360824742268,0.781021897810219
573186,Marcus Stroman,CHC,2023,32,136.66666666666666,25,575,2208,133.66666666666666,5.466666666666666,0.1165,23.49165596919127,98.5479,101.5509,38.22463768115942,1,0.5711,2,3.9512,1.2585,0.207,0.0904,4.214,3.7855,-0.3503079639137948,-0.33402353081986197,109,118,0.8981346824479873,TRUE,-1.0629986834003644,-0.6997426192249696,-0.14521000000000014,0.15508999999999987,1.3122344435820084,4.504706533435995,-1.8713368048243202,0.8273381294964028,0.9566724436741768,0.9566724436741768,0.8803827751196173,0.9363867684478372,0.7931034482758621,0.9363867684478372
621112,Paul Blackburn,OAK,2023,29,103.66666666666667,20,464,1876,102.66666666666667,5.183333333333334,0.1315,22.1875,89.8749,95.679,38.75266524520256,0,0.4135,6,4.4277,1.5434,0.2241,0.0927,4.4998,4.3342,-0.3985509046690187,-0.33730521183207635,113,119,0.8804376610059036,TRUE,-0.7450613686528905,-1.0140784602487567,-1.0125100000000002,-0.4320999999999998,1.546917414482447,-0.2205101100283354,2.9974509882584246,0.7945205479452054,0.9493927125506073,0.9493927125506073,0.8621323529411765,0.9259624876604146,0.755700325732899,0.9259624876604146
656427,Jack Flaherty,2 Tms,2023,27,144.33333333333334,27,650,2635,140.4,5.34567901234568,0.1262,26.09308885754584,97.4624,99.2176,38.59582542694497,0,0.4265,3,4.9885,1.5797,0.2277,0.1015,4.5315,4.3605,-0.38912746520996505,-0.33795794699608644,112,120,0.9105135889437916,TRUE,-0.8573992198636646,-0.07272896890601496,-0.25375999999999976,-0.07823999999999956,1.477209624566448,-0.2205101100283354,-0.654139856553634,0.8441558441558441,0.9634369287020109,0.9634369287020109,0.8977853492333902,0.9461400359066428,0.8125,0.9461400359066428
696136,Jordan Wicks,CHC,2023,23,34.666666666666664,7,147,583,34.666666666666664,4.952380952380952,0.0884,NA,95.0334,101.6819,38.42195540308748,0,0.4679,3,4.4135,1.2692,0.1633,0.0748,4.8285,4.3008,-0.6165619385467693,-0.3618700640147078,139,121,0.7148082472274363,TRUE,-1.6586012530272984,NA,-0.49666,0.1681899999999999,1.3999327236467978,-0.2205101100283354,-0.654139856553634,0.550561797752809,0.8535871156661786,0.8535871156661786,0.6602491506228766,0.7953615279672579,0.494949494949495,0.7953615279672579
592351,Jon Gray,TEX,2023,31,157.33333333333334,29,656,2402,157.33333333333334,5.42528735632184,0.1341,25.390070921985817,96.176,99.1406,33.97169025811824,0,0.4004,3,4.1186,1.2903,0.2165,0.0823,4.4843,4.3641,-0.41160958798064573,-0.3651077075656756,115,122,0.907248118397313,TRUE,-0.689952234096662,-0.2421747554909601,-0.3823999999999998,-0.08593999999999938,-0.5779970600164166,-0.2205101100283354,-0.654139856553634,0.845360824742268,0.9600319744204636,0.9600319744204636,0.8889711324944486,0.9412225705329154,0.8138957816377171,0.9412225705329154
607067,Colin Rea,MIL,2023,32,124.66666666666667,22,517,2021,113.66666666666667,5.666666666666667,0.1393,22.596964586846543,99.4753,96.6711,34.33943592281049,0,0.4377,4,4.5481,1.1872,0.2128,0.0735,4.3686,4.3047,-0.4218916946554999,-0.3686370847295453,117,123,0.8892849221003608,TRUE,-0.5797339649842042,-0.9153867406105907,-0.05246999999999957,-0.33289000000000046,-0.4145517192752965,-0.2205101100283354,0.5630570917170522,0.8116169544740973,0.9528524280999529,0.9528524280999529,0.8707453683757002,0.930907415937356,0.775112443778111,0.930907415937356
686218,Emmet Sheehan,LAD,2023,23,60.333333333333336,11,248,1031,53.333333333333336,5.484848484848485,0.1532,22.80701754385965,98.3014,94.857,36.37245392822503,0,0.3312,3,4.9227,1.1934,0.2581,0.1048,4.4078,4.7779,-0.45495639286105505,-0.3733849131236913,120,124,0.8058253580375192,TRUE,-0.28511205331821193,-0.8647584611240556,-0.1698599999999999,-0.5143000000000001,0.48902744570517387,-0.2205101100283354,-0.654139856553634,0.6739130434782609,0.9115826702033598,0.9115826702033598,0.7746055597295267,0.8729889923793396,0.6231155778894473,0.8729889923793396
668909,Gavin Williams,CLE,2023,23,82,16,345,1387,82,5.125,0.1275,24.867724867724867,96.0335,99.5405,36.8421052631579,0,0.3812,3,3.2927,1.2561,0.2348,0.1072,4.6078,4.5336,-0.46192048961973714,-0.3737644185918505,121,125,0.847341470734479,TRUE,-0.8298446525855503,-0.36807387350319504,-0.3966499999999996,-0.04595000000000056,0.6977649777488586,-0.2205101100283354,-0.654139856553634,0.7419354838709677,0.9327505043712172,0.9327505043712172,0.8221695317131001,0.9024072869225764,0.696969696969697,0.9024072869225764
676106,Emerson Hancock,SEA,2023,24,12,3,49,194,12,4,0.0612,NA,86.9635,93.0211,32.98969072164948,0,0.475,NA,4.5,1.3333,0.1224,0.0612,5.3116,5.0717,-1.039289020676523,-0.3738800788787613,176,126,0.48235991466988537,FALSE,-2.2351275837693843,NA,-1.3036500000000004,-0.6978899999999996,-1.0144488370348501,-0.2205101100283354,NA,0.28994082840236685,0.6598639455782312,0.6598639455782312,0.39271255060728744,0.563953488372093,0.24623115577889448,0.563953488372093
622608,Antonio Senzatela,COL,2023,28,7.666666666666667,2,30,120,7.666666666666667,3.8333333333333335,0.0667,21.05263157894737,81.2839,103.9322,39.166666666666664,0,0.5417,NA,4.6957,1.1739,0.1333,0.0667,4.8927,4.5038,-1.0933743399129985,-0.37475327172975587,188,127,0.3760255617398474,FALSE,-2.1185505683619774,-1.2876115559904644,-1.8716099999999998,0.39321999999999946,1.730921224439353,-0.2205101100283354,NA,0.2,0.5454545454545454,0.5454545454545454,0.2857142857142857,0.4444444444444444,0.16666666666666666,0.4444444444444444
681217,Chase Silseth,LAA,2023,23,52.333333333333336,8,221,889,37,6.541666666666667,0.1357,24.025974025974026,94.124,91.8367,38.920134983127106,0,0.4891,4,3.9554,1.2803,0.2534,0.1176,4.292,3.9837,-0.5048061450386274,-0.37529042962954623,123,128,0.7857863805400777,TRUE,-0.6560389205235984,-0.5709579341714213,-0.5876000000000005,-0.8163300000000007,1.6213496947428014,-0.2205101100283354,0.5630570917170522,0.6480938416422287,0.8988877654196158,0.8988877654196158,0.7476871320437343,0.8556304138594802,0.5956873315363881,0.8556304138594802
593958,Eduardo Rodriguez,DET,2023,30,152.66666666666666,26,621,2449,152.66666666666666,5.871794871794871,0.153,24.40366972477064,95.6554,94.5857,34.667211106574115,0,0.4101,3,3.3013,1.1528,0.2303,0.0773,4.262,4.0625,-0.4208690438304942,-0.3823724885651377,116,129,0.9057832006945086,TRUE,-0.28935121751484505,-0.47992335093371,-0.43445999999999996,-0.5414299999999997,-0.26887134356899856,-0.2205101100283354,-0.654139856553634,0.8380566801619433,0.9607689289917615,0.9607689289917615,0.8908694070571117,0.9422854944209311,0.8054474708171206,0.9422854944209311
664353,José Urquidy,HOU,2023,28,63,10,275,1098,46.666666666666664,6.3,0.0727,28.136882129277566,98.0045,97.6447,36.0655737704918,0,0.3645,4,5.2857,1.4286,0.1636,0.0909,5.241,5.4479,-0.5908925784365295,-0.3910196988423522,134,130,0.8173342224188506,TRUE,-1.9913756424629878,0.4198788879187601,-0.1995500000000007,-0.23552999999999996,0.3526339086409893,-0.2205101100283354,0.5630570917170522,0.6962025316455697,0.9165275459098498,0.9165275459098498,0.7854077253218884,0.8798076923076923,0.6470588235294118,0.8798076923076923
669160,Dustin May,LAD,2023,25,48,9,187,736,48,5.333333333333333,0.0963,15.804597701149426,117.2356,111.344,35.733695652173914,0,0.4519,4,2.625,0.9375,0.1818,0.0856,4.8695,4.5823,-0.5658637848237402,-0.40168360775436174,131,131,0.7566580675432214,TRUE,-1.4911542672602958,-2.552525555289119,1.7235600000000004,1.1343999999999994,0.20512997496883223,-0.2205101100283354,0.5630570917170522,0.6091205211726385,0.8803827751196173,0.8803827751196173,0.7104247104247104,0.8306997742663657,0.5548961424332344,0.8306997742663657
607074,Carlos Rodón,NYY,2023,30,64.33333333333333,14,286,1134,64.33333333333333,4.595238095238095,0.1259,22.857142857142858,107.3022,100.9757,35.09700176366843,0,0.2713,2,6.8549,1.4456,0.2238,0.0979,4.8673,5.3019,-0.5278571144328051,-0.4179854800165847,127,132,0.8222103378943825,TRUE,-0.863757966158614,-0.8526769441278728,0.7302199999999999,0.09757000000000034,-0.07784997434383852,-0.2205101100283354,-1.8713368048243202,0.7044334975369458,0.9189627228525121,0.9189627228525121,0.7907949790794979,0.883177570093458,0.6559633027522935,0.883177570093458
656412,Alex Faedo,DET,2023,27,64.66666666666667,12,262,1035,58.666666666666664,5.388888888888889,0.145,23.10756972111554,93.4628,97.4414,34.8792270531401,0,0.3626,3,4.4536,1.0515,0.2214,0.0763,4.4211,4.5831,-0.5108666944342849,-0.4194860343355846,124,133,0.8096701560875033,TRUE,-0.45891778538016453,-0.7923174926808065,-0.6537199999999999,-0.25585999999999987,-0.17464040638574757,-0.2205101100283354,-0.654139856553634,0.6858638743455497,0.9118942731277533,0.9118942731277533,0.7752808988764045,0.8734177215189873,0.6359223300970874,0.8734177215189873
547943,Hyun Jin Ryu,TOR,2023,36,52,11,224,830,52,4.7272727272727275,0.1071,NA,85.4838,91.8885,33.734939759036145,0,0.4556,5,3.4615,1.2885,0.1696,0.0625,4.6946,4.4076,-0.6078498954538946,-0.4211343750773406,138,134,0.7804900476995611,FALSE,-1.2622394006421147,NA,-1.4516199999999997,-0.8111500000000007,-0.6832213215328249,-0.2205101100283354,1.7802540399877385,0.6511627906976745,0.8924731182795699,0.8924731182795699,0.7345132743362832,0.8469387755102041,0.5989304812834224,0.8469387755102041
671131,Jackson Rutledge,WSN,2023,24,20,4,88,346,20,5,0.0682,NA,89.4705,92.4526,37.861271676300575,0,0.2647,4,6.75,1.5,0.1364,0.0682,5.7822,6.1484,-0.899100351515347,-0.42226251095255735,162,135,0.6107370477794147,FALSE,-2.08675683688723,NA,-1.0529499999999998,-0.7547399999999996,1.150735651944057,-0.2205101100283354,0.5630570917170522,0.4230769230769231,0.7757847533632287,0.7757847533632287,0.5356037151702786,0.6975806451612904,0.3697478991596639,0.6975806451612904
660761,José Suarez,LAA,2023,25,33.666666666666664,7,165,620,26,4.809523809523809,0.0485,28.444444444444443,96.9822,93.5708,37.74193548387097,0,0.3333,4,8.2871,1.9604,0.1697,0.1212,5.6519,6.164,-0.8236268411216529,-0.4547972016433707,154,136,0.7298973954743815,TRUE,-2.5043145102555786,0.49400948371333725,-0.3017799999999994,-0.6429199999999995,1.0976964280806627,-0.2205101100283354,0.5630570917170522,0.5789473684210527,0.8611111111111112,0.8611111111111112,0.6739130434782609,0.8051948051948052,0.5238095238095238,0.8051948051948052
500779,Jose Quintana,NYM,2023,34,75.66666666666667,13,319,1231,75.66666666666667,5.820512820512821,0.1129,NA,87.4848,92.9895,37.77416734362307,0,0.4163,4,3.5683,1.3084,0.1881,0.0752,4.7132,4.4739,-0.6036185251305829,-0.4671918555761967,137,137,0.8347678354887904,FALSE,-1.1393036389397582,NA,-1.2515199999999993,-0.7010499999999993,1.112021946518279,-0.2205101100283354,0.5630570917170522,0.7266514806378133,0.9248685199098422,0.9248685199098422,0.8040496407576747,0.8913830557566981,0.6801705756929638,0.8913830557566981
669456,Shane Bieber,CLE,2023,28,128,21,533,1957,128,6.095238095238095,0.137,24.544349939246658,91.1788,91.1236,34.644864588656105,0,0.4715,4,3.7969,1.2344,0.2008,0.0638,4.2911,3.9616,-0.540758515369171,-0.4711180488433325,128,138,0.8891545902324628,TRUE,-0.6284843532454835,-0.44601572440944726,-0.8821200000000005,-0.8876400000000004,-0.27880330085948946,-0.2205101100283354,0.5630570917170522,0.8162327718223583,0.9513855128828391,0.9513855128828391,0.8670801949490474,0.9288087327954437,0.780380673499268,0.9288087327954437
594902,Ben Lively,CIN,2023,31,88.66666666666667,12,383,1384,65.66666666666667,7.388888888888889,0.141,23.561643835616437,87.7332,93.1645,36.054913294797686,0,0.3964,4,5.3797,1.3647,0.2063,0.0653,4.3308,4.4157,-0.5557759615225222,-0.472160849038251,129,139,0.8530743168189596,TRUE,-0.5437010693128242,-0.6828737052500121,-1.2266800000000004,-0.6835499999999997,0.3478958376055484,-0.2205101100283354,0.5630570917170522,0.7614314115308151,0.9326145552560647,0.9326145552560647,0.8218527315914489,0.9022164276401564,0.7185741088180112,0.9022164276401564
605135,Chris Bassitt,TOR,2023,34,200,33,826,3152,200,6.0606060606060606,0.1538,21.437125748502993,97.9957,95.9618,34.263959390862944,0,0.4227,3,3.6,1.175,0.2252,0.0714,4.2475,4.2126,-0.5137332528503757,-0.48252815233475915,125,140,0.9257429709832438,TRUE,-0.27239456072831325,-1.194938362744294,-0.20043000000000005,-0.40382000000000035,-0.4480974240015453,-0.2205101100283354,-0.654139856553634,0.87315010570824525,0.9692496924969249,0.9692496924969249,0.9130938586326767,0.9545729860690491,0.8463114754098361,0.9545729860690491
663362,Matt Waldron,SDP,2023,26,41.333333333333336,6,173,673,31.666666666666668,6.888888888888889,0.1098,18.181818181818183,94.1161,103.6631,35.36404160475483,0,0.4,5,4.3548,1.2339,0.1792,0.0694,4.734,4.786,-0.6683874227476313,-0.4880439702414927,143,141,0.742067195951085,TRUE,-1.2050106839875694,-1.979552983953679,-0.5883899999999997,0.36631,0.04083644947667625,-0.2205101100283354,1.7802540399877385,0.590443686006826,0.8706338939197931,0.8706338939197931,0.6916752312435765,0.8177399756986634,0.5356037151702786,0.8177399756986634
605182,Mike Clevinger,CHW,2023,32,131.33333333333334,24,549,2105,131.33333333333334,5.472222222222222,0.1275,23.26043737574553,99.792,96.9837,34.441805225653205,0,0.3093,3,3.769,1.2259,0.2004,0.0729,4.8088,5.1541,-0.5617752001396544,-0.49195838121097324,130,142,0.8939363944876054,TRUE,-0.8298446525855503,-0.755472372987608,-0.02079999999999984,-0.3016300000000001,-0.36905346547926343,-0.2205101100283354,-0.654139856553634,0.820627802690583,0.9546485260770975,0.9546485260770975,0.8752598752598753,0.9334811529933481,0.7854077253218884,0.9334811529933481
608344,Cole Irvin,BAL,2023,29,77.33333333333333,12,336,1275,58,6.444444444444444,0.1399,19.5046439628483,93.5503,94.739,32.705882352941174,0,0.4142,5,4.4224,1.2802,0.2024,0.0625,4.324,4.4854,-0.5865408085671541,-0.4980657409226645,133,143,0.8402490111763293,TRUE,-0.5670164723943054,-1.6607172279314135,-0.6449700000000007,-0.5260999999999996,-1.1405880685266203,-0.2205101100283354,1.7802540399877385,0.7368421052631579,0.9272727272727272,0.9272727272727272,0.8095238095238095,0.8947368421052632,0.691358024691358,0.8947368421052632
668933,Graham Ashcraft,CIN,2023,25,145.66666666666666,26,624,2326,145.66666666666666,5.602564102564102,0.0946,22.98325722983257,111.4879,106.5722,35.253654342218404,0,0.4777,2,4.7574,1.373,0.1779,0.0833,4.7959,4.5742,-0.5804844777768422,-0.5009962791977386,132,144,0.9038665195895393,TRUE,-1.527187162931676,-0.8222800680324537,1.1487899999999995,0.6572199999999995,-0.008225403513064979,-0.2205101100283354,-1.8713368048243202,0.8387096774193549,0.9587798845836768,0.9587798845836768,0.8857578065498858,0.9394184168012925,0.8062015503875969,0.9394184168012925
671106,Logan Allen,CLE,2023,24,125.33333333333333,24,537,2134,125.33333333333333,5.222222222222222,0.1322,24.107142857142858,92.3711,95.5173,36.12933458294283,0,0.427,3,3.8059,1.3963,0.2216,0.0894,4.4925,4.2835,-0.5916717780083536,-0.5222632464419931,135,145,0.8935547225177561,TRUE,-0.730224293964675,-0.5513941140355565,-0.7628900000000002,-0.4482699999999994,0.38097253698541955,-0.2205101100283354,-0.654139856553634,0.817351598173516,0.955237242614145,0.955237242614145,0.876746096959737,0.9343257443082311,0.7816593886462883,0.9343257443082311
592767,Drew Smyly,CHC,2023,34,142.33333333333334,23,626,2406,113.66666666666667,6.18840579710145,0.1358,23.56241234221599,93.2859,94.731,36.907730673316706,0,0.3477,3,4.9953,1.4262,0.2252,0.0895,4.4774,4.7063,-0.5946255286899188,-0.5350377235335225,136,146,0.9053998607648651,TRUE,-0.6539193384252815,-0.6826884749754059,-0.6714100000000002,-0.5269000000000006,0.7269323304997293,-0.2205101100283354,-0.654139856553634,0.839142091152815,0.960095770151636,0.960095770151636,0.8891352549889135,0.9413145539906104,0.8067010309278351,0.9413145539906104
682227,Brandon Williamson,CIN,2023,25,117,23,491,1940,117,5.086956521739131,0.1202,22.727272727272727,99.2838,96.8271,36.34020618556701,0,0.3736,3,4.4615,1.2821,0.1996,0.0794,4.7161,4.7225,-0.6377008165177488,-0.5504168658561944,140,147,0.8848689767598233,TRUE,-0.9845741457626542,-0.8839790563452565,-0.07162000000000006,-0.31728999999999985,0.47469486807633343,-0.2205101100283354,-0.654139856553634,0.8036006546644845,0.9509803921568627,0.9509803921568627,0.8660714285714286,0.9282296650717703,0.765990639625585,0.9282296650717703
641585,J.P. France,HOU,2023,28,136.33333333333334,23,581,2206,133,5.9275362318840585,0.0929,23.927765237020317,93.9465,100.4192,37.71532184950136,0,0.4279,4,3.8289,1.357,0.1738,0.0809,4.9562,4.8041,-0.6486789669188293,-0.5551597804594074,141,148,0.8985485993083083,TRUE,-1.5632200586030565,-0.5946288316721513,-0.6053499999999999,0.04192000000000036,1.0858679418317745,-0.2205101100283354,0.5630570917170522,0.8288159771754636,0.9566348655680833,0.9566348655680833,0.8802873104549083,0.9363327674023769,0.7948016415868673,0.9363327674023769
622663,Luis Severino,NYY,2023,29,89.33333333333333,18,417,1638,87.33333333333333,4.962962962962963,0.1079,20.103092783505154,101.5771,100.7729,33.6996336996337,0,0.4223,4,6.6493,1.6455,0.1894,0.0815,4.7762,4.8319,-0.6647983706142238,-0.5589619444800645,142,149,0.8677610361672228,TRUE,-1.2452827438555827,-1.5164753444490882,0.15771000000000016,0.0772900000000007,-0.6989131745260827,-0.2205101100283354,0.5630570917170522,0.776536312849162,0.9424626006904487,0.9424626006904487,0.8452012383900929,0.9161073825503355,0.7354497354497355,0.9161073825503355
682990,Quinn Priester,PIT,2023,22,50,8,234,866,40,6.25,0.0385,NA,92.7797,96.8513,39.14549653579677,0,0.5241,5,7.74,1.7,0.1538,0.1154,5.3107,5.1031,-0.8719832426972869,-0.5677600073955116,159,150,0.7872553058851216,FALSE,-2.7162727200872276,NA,-0.7220299999999995,-0.31487000000000054,1.7215121148677688,-0.2205101100283354,1.7802540399877385,0.6610169491525424,0.8964803312629399,0.8964803312629399,0.7427101200686106,0.8523622047244095,0.609375,0.8523622047244095
665622,Luis Medina,OAK,2023,24,109.66666666666667,17,495,1950,82.33333333333333,6.450980392156863,0.099,23.655913978494624,103.3696,90.4577,39.17948717948718,0,0.4379,4,5.4164,1.5137,0.2141,0.1152,4.8036,4.7735,-0.6948290721964768,-0.5761606837616999,144,151,0.8855097796350532,TRUE,-1.4339255506057504,-0.6601521248983743,0.33696000000000054,-0.9542299999999997,1.7366193285575324,-0.2205101100283354,0.5630570917170522,0.8048780487804879,0.9512195121951219,0.9512195121951219,0.8666666666666667,0.9285714285714286,0.7674418604651163,0.9285714285714286
680689,Lyon Richardson,CIN,2023,23,16.666666666666668,4,81,331,16.666666666666668,4.166666666666667,-0.037,NA,84.3892,105.9953,40.483383685800604,0,0.4815,4,8.64,1.92,0.1481,0.1852,6.8142,6.5983,-1.4094580278195168,-0.5977869059983588,215,152,0.5986372660629911,FALSE,-4.3165572043161795,NA,-1.5610799999999998,0.59953,2.316138896637009,-0.2205101100283354,0.5630570917170522,0.40298507462686567,0.7679814385150812,0.7679814385150812,0.5245641838351822,0.6881496881496881,0.35064935064935066,0.6881496881496881
647336,Michael Soroka,ATL,2023,25,32.333333333333336,6,145,537,29.333333333333332,5.388888888888889,0.1172,19.879518072289155,87.6868,95.4844,37.98882681564246,0,0.449,4,6.4021,1.4845,0.2,0.0828,4.5895,4.6843,-0.8514478125440701,-0.5984043637916465,157,153,0.7042313329615533,FALSE,-1.048161608712149,-1.570362721834871,-1.2313199999999995,-0.4515600000000006,1.2074278041967903,-0.2205101100283354,0.5630570917170522,0.5471698113207547,0.8430141287284144,0.8430141287284144,0.6415770609318996,0.7816593886462883,0.4915254237288136,0.7816593886462883
663738,Daniel Lynch IV,KCR,2023,26,52.333333333333336,9,223,809,52.333333333333336,5.814814814814815,0.0807,25.62674094707521,86.7551,98.3242,37.08281829419036,0,0.3882,3,4.6433,1.2611,0.1525,0.0717,5.2413,5.3312,-0.8764301519100108,-0.6265326392107823,161,154,0.7778055944928569,FALSE,-1.8218090745976685,-0.18513106352539888,-1.3244900000000002,-0.16757999999999953,0.8047503949960026,-0.2205101100283354,-0.654139856553634,0.6501457725947521,0.88998899889989,0.88998899889989,0.7294860234445446,0.8435870698644421,0.5978552278820375,0.8435870698644421
527054,Julio Teheran,MIL,2023,32,71.66666666666667,11,288,1083,62.666666666666664,6.515151515151516,0.1285,19.939577039274923,94.2555,92.8306,33.88734995383195,0,0.4,4,4.3953,1.1302,0.1736,0.0451,4.5831,4.6707,-0.7675921347029321,-0.6272825108246214,150,155,0.8191608785519815,TRUE,-0.8086488316023853,-1.5558869333981566,-0.5744500000000002,-0.7169399999999996,-0.615482287160611,-0.2205101100283354,0.5630570917170522,0.7058823529411765,0.915469146238377,0.915469146238377,0.7830802603036876,0.878345498783455,0.6575342465753424,0.878345498783455
680686,Josiah Gray,WSN,2023,25,159,30,698,2814,159,5.3,0.0903,27.463054187192117,90.9073,84.1023,38.73489694385217,0,0.3785,5,3.9057,1.4591,0.2049,0.1146,5.0776,5.1216,-0.7297318354368244,-0.6273133416637835,146,156,0.9157465818061447,TRUE,-1.6183291931592851,0.2574686564093317,-0.9092699999999994,-1.5897700000000001,1.5390202552568304,-0.2205101100283354,1.7802540399877385,0.8533007334963325,0.9656829100892245,0.9656829100892245,0.9036608863198459,0.9493927125506073,0.8231132075471698,0.9493927125506073
656818,Connor Overton,CIN,2023,29,11,3,55,200,11,3.6666666666666665,0.0364,26.595744680851062,83.6605,70.0254,37,0,0.3846,NA,11.4545,2.3636,0.1636,0.1273,5.7759,5.9326,-1.6595738638488422,-0.6312072342742507,226,157,0.49410983905757416,FALSE,-2.7607839441518744,0.0484242863002095,-1.63395,-2.9974599999999993,0.7679416284674572,-0.2205101100283354,NA,0.3142857142857143,0.6666666666666666,0.6666666666666666,0.4,0.5714285714285714,0.2682926829268293,0.5714285714285714
621076,James Kaprielian,OAK,2023,29,61,11,280,1093,58.333333333333336,5.545454545454546,0.0929,24.95274102079395,94.096,94.0584,34.94967978042086,0,0.3043,3,6.3443,1.5902,0.2036,0.1107,5.1828,5.6503,-0.8348166171769562,-0.634110118454868,155,158,0.8181148716471859,FALSE,-1.5632200586030565,-0.3475827477430229,-0.5903999999999996,-0.5941599999999994,-0.14332754230023492,-0.2205101100283354,-0.654139856553634,0.7,0.9161777032690696,0.9161777032690696,0.7846374730796841,0.8793242156074015,0.6511627906976745,0.8793242156074015
596133,Luke Weaver,3 Tms,2023,29,123.66666666666667,25,563,2260,113.3,4.946666666666667,0.1226,19.365079365079364,85.8173,97.9517,36.902654867256636,0,0.3545,5,6.4043,1.5768,0.1936,0.071,4.6505,4.6987,-0.7180650634128454,-0.6450554482722066,145,159,0.8982158952371131,TRUE,-0.9337041754030584,-1.6943559615286299,-1.4182699999999997,-0.20482999999999976,0.724676377729441,-0.2205101100283354,1.7802540399877385,0.8243045387994143,0.9576271186440678,0.9576271186440678,0.8828125,0.9377593360995851,0.7896213183730715,0.9377593360995851
686651,Levi Stoudt,CIN,2023,25,10.333333333333334,2,55,224,7,5.166666666666667,0.0182,20,93.8963,91.764,40.17857142857143,0,0.4474,NA,9.5806,2.3226,0.1636,0.1455,5.7654,5.5957,-1.5639157738263283,-0.6497380132382973,223,160,0.5129480464560913,FALSE,-3.1465478860454756,-1.5413234129103102,-0.6103700000000003,-0.8236000000000004,2.180664442338318,-0.2205101100283354,NA,0.3142857142857143,0.691358024691358,0.691358024691358,0.42748091603053434,0.5989304812834224,0.2682926829268293,0.5989304812834224
666214,Joey Wentz,DET,2023,25,105.66666666666667,19,492,1931,80.33333333333333,5.56140350877193,0.1037,23.67149758454106,95.7182,90.147,36.45779388917659,0,0.3728,4,6.8991,1.6845,0.1992,0.0955,4.8424,5.1285,-0.7710837229924334,-0.6519081895213752,151,161,0.884738963090232,TRUE,-1.3343051919848754,-0.6563960665522027,-0.4281800000000004,-0.9852999999999994,0.5269569723747409,-0.2205101100283354,0.5630570917170522,0.803921568627451,0.9507631708517972,0.9507631708517972,0.8655311519497983,0.9279192695819317,0.7663551401869159,0.9279192695819317
543101,Anthony DeSclafani,SFG,2023,33,99.66666666666667,18,419,1553,95.33333333333333,5.537037037037037,0.1408,20.089955022488756,91.9676,95.2078,35.93045717965229,0,0.4148,3,4.8763,1.2542,0.1885,0.0477,4.3676,4.1506,-0.7468965266951925,-0.6593094709735009,147,162,0.8649562327311593,TRUE,-0.5479402335094568,-1.519641889905166,-0.8032399999999995,-0.4792199999999994,0.29258105323064904,-0.2205101100283354,-0.654139856553634,0.7773654916512059,0.9395039322444041,0.9395039322444041,0.8381003777657852,0.9119201409277745,0.7363796133567663,0.9119201409277745
547179,Michael Lorenzen,2 Tms,2023,31,153,25,624,2369,148.66666666666666,6.12,0.1026,21.96620583717358,94.8879,97.2854,34.27606585056986,0,0.4105,4,4.1765,1.2092,0.1779,0.0753,4.8651,4.6775,-0.7488690292637131,-0.6601270850629123,148,163,0.9046300350120278,TRUE,-1.357620595066357,-1.0674161655761598,-0.5112099999999998,-0.2714600000000004,-0.4427166823043697,-0.2205101100283354,0.5630570917170522,0.8387096774193549,0.9594977723774808,0.9594977723774808,0.8875983514424878,0.9404525605398968,0.8062015503875969,0.9404525605398968
700363,AJ Smith-Shawver,ATL,2023,20,25.333333333333332,5,105,454,23,5.066666666666666,0.0857,24.285714285714285,89.8265,83.2623,41.18942731277533,0,0.3699,3,4.2632,1.1053,0.1905,0.1048,5.2512,5.7077,-1.1416564049902298,-0.6613822641437721,191,164,0.6604076880596249,FALSE,-1.715829969681844,-0.5083537097366545,-1.0173500000000004,-1.6737700000000004,2.629941484318234,-0.2205101100283354,-0.654139856553634,0.4666666666666667,0.8194945848375451,0.8194945848375451,0.6021220159151194,0.7516556291390728,0.4117647058823529,0.7516556291390728
543548,Tommy Milone,SEA,2023,36,9,2,40,163,9,4.5,-0.075,16.666666666666668,96.0044,109.8543,36.809815950920246,0,0.3226,NA,2,1.4444,0.075,0.15,7.5654,7.344,-2.0214052737446884,-0.6820166681830468,230,165,0.4419507748863178,FALSE,-5.121998401676446,-2.3447442931564866,-0.3995599999999996,0.9854299999999995,0.6834139244321706,-0.2205101100283354,NA,0.25,0.6197718631178707,0.6197718631178707,0.35205183585313177,0.5207667731629393,0.21052631578947367,0.5207667731629393
542881,Tyler Anderson,LAA,2023,33,141,25,629,2431,132,5.64,0.0874,27.008310249307478,99.5594,88.5931,36.36363636363637,0,0.3095,3,5.4255,1.4894,0.1892,0.1017,5.2281,5.5167,-0.8031507053734043,-0.6869827869442243,153,166,0.9060182549878982,FALSE,-1.6797970740104633,0.14786342395076468,-0.04406000000000034,-1.1406899999999993,0.48510846041976863,-0.2205101100283354,-0.654139856553634,0.8397863818424566,0.9604899249308574,0.9604899249308574,0.8901501281581838,0.9418829910887253,0.8074454428754814,0.9418829910887253
680723,Drew Rom,STL,2023,23,33.666666666666664,8,170,672,33.666666666666664,4.208333333333333,0.0765,NA,90.7884,85.4894,37.79761904761905,0,0.395,3,8.0198,2.0792,0.1882,0.1118,5.2504,5.6008,-1.0630613341738815,-0.6917080188060158,181,167,0.7406834371543561,FALSE,-1.910831522726961,NA,-0.9211600000000004,-1.4510599999999996,1.1224451061054648,-0.2205101100283354,-0.654139856553634,0.5862068965517241,0.8704663212435233,0.8704663212435233,0.691358024691358,0.8175182481751825,0.53125,0.8175182481751825
674370,Osvaldo Bido,PIT,2023,27,50.666666666666664,9,236,942,34.666666666666664,5.62962962962963,0.1144,19.3717277486911,100.6299,92.9065,36.94267515923567,0,0.3544,3,5.8618,1.5,0.2034,0.089,4.6299,4.9374,-0.9038121047619596,-0.7044326291272126,164,168,0.7951586519922265,FALSE,-1.1075099074650108,-1.6927535264645632,0.06299000000000063,-0.7093500000000006,0.7424634813912779,-0.2205101100283354,-0.654139856553634,0.6629213483146067,0.9040307101727447,0.9040307101727447,0.7584541062801933,0.8626373626373627,0.6113989637305699,0.8626373626373627
657053,Touki Toussaint,2 Tms,2023,27,87,16,384,1595,73.4,5.4375,0.0729,27.34375,91.1328,86.2004,41.37931034482759,0,0.4978,4,4.9655,1.4483,0.2214,0.1484,5.1748,4.8762,-0.900690223938861,-0.7044620262456437,163,169,0.8618258098264578,FALSE,-1.9871364782663545,0.22871321388204802,-0.8867199999999997,-1.3799599999999999,2.714335400697127,-0.2205101100283354,0.5630570917170522,0.7619047619047619,0.9410029498525073,0.9410029498525073,0.841688654353562,0.9140401146131805,0.7191011235955056,0.9140401146131805
670912,Johan Oviedo,PIT,2023,25,177.66666666666666,32,781,2991,177.66666666666666,5.552083333333333,0.096,25.74002574002574,93.4897,92.4275,38.24807756603143,0,0.4493,3,4.3058,1.3734,0.2023,0.1063,4.9177,4.8656,-0.7941545340256441,-0.7083972903591073,152,170,0.9220464151563427,TRUE,-1.4975130135552452,-0.1578264531041526,-0.6510300000000001,-0.7572500000000005,1.3226523501344718,-0.2205101100283354,-0.654139856553634,0.8668146503884573,0.9676480103526367,0.9676480103526367,0.9088422971741112,0.9522445081184336,0.8388829215896885,0.9522445081184336
663372,Ryan Feltner,COL,2023,26,43.333333333333336,10,201,784,43.333333333333336,4.333333333333334,0.0498,22.302158273381295,94.669,98.1966,36.86224489795919,0,0.4361,4,5.8154,1.6846,0.1891,0.1393,5.5416,5.2951,-1.0674216638234064,-0.7291330689506919,182,171,0.7678030774372299,FALSE,-2.4767599429774645,-0.9864428049705046,-0.5331000000000004,-0.18033999999999964,0.7067160811568434,-0.2205101100283354,0.5630570917170522,0.6261682242990654,0.8868778280542986,0.8868778280542986,0.7232472324723247,0.8394004282655246,0.5726495726495726,0.8394004282655246
676130,José Buttó,NYM,2023,25,42,7,179,734,37,6,0.0838,24.096385542168676,87.3575,90.3873,41.416893732970024,0,0.4224,3,3.6429,1.3333,0.2123,0.1285,5.1076,4.8992000000000004,-1.0545716785427361,-0.7300998846704514,179,172,0.7533464414076327,FALSE,-1.7561020295498573,-0.5539869094752492,-1.2642499999999999,-0.9612700000000004,2.7310394172795855,-0.2205101100283354,-0.654139856553634,0.5986622073578596,0.8800959232613909,0.8800959232613909,0.7098646034816247,0.830316742081448,0.5440729483282675,0.830316742081448
693821,Bryce Elder,ATL,2023,24,174.66666666666666,31,732,2851,174.66666666666666,5.634408602150537,0.0888,24.5,87.8118,93.6225,37.25008768853034,0,0.4991,4,3.813,1.2767,0.1749,0.0861,4.8106,4.495,-0.8525937173318799,-0.757807997477761,158,173,0.9180198168599479,FALSE,-1.6501229246340325,-0.4567052245779715,-1.2188199999999996,-0.6377499999999998,0.8790936321252242,-0.2205101100283354,0.5630570917170522,0.8591549295774648,0.9661131819722129,0.9661131819722129,0.9047921294827039,0.9500166611129623,0.8299319727891157,0.9500166611129623
672710,Roansy Contreras,PIT,2023,23,68.33333333333333,11,302,1145,54.333333333333336,6.212121212121212,0.0762,26.492537313432837,90.2683,89.2607,36.24454148471616,0,0.3774,3,6.5854,1.5659,0.1821,0.106,5.1728,5.1991,-1.0020682193176818,-0.7627384101908458,173,174,0.826266592094019,FALSE,-1.9171902690219105,0.023548600106497224,-0.9731700000000003,-1.07393,0.4321764888575052,-0.2205101100283354,-0.654139856553634,0.7156398104265402,0.9196787148594378,0.9196787148594378,0.7923875432525952,0.8841698841698842,0.668141592920354,0.8841698841698842
572971,Dallas Keuchel,MIN,2023,35,37.666666666666664,6,172,658,25.333333333333332,6.277777777777778,0.0407,NA,86.9016,87.3695,38.753799392097264,0,0.5276,4,5.9735,1.6726,0.1453,0.1047,5.104,4.8374,-1.2117748525078844,-0.7643106818066793,197,175,0.7392729734688047,FALSE,-2.6696419139242646,NA,-1.30984,-1.2630499999999998,1.547421488475572,-0.2205101100283354,0.5630570917170522,0.589041095890411,0.8680738786279684,0.8680738786279684,0.6868475991649269,0.8143564356435643,0.5341614906832298,0.8143564356435643
425844,Zack Greinke,KCR,2023,39,142.33333333333334,27,593,2221,131,5.271604938271605,0.1248,17.126269956458636,87.4051,95.8737,35.65961278703287,0,0.4313,5,5.0585,1.2717,0.1636,0.0388,4.5685,4.4242,-0.8442904956065582,-0.766653248793095,156,176,0.8997305371175163,FALSE,-0.8870733692400957,-2.2339678292618763,-1.2594899999999996,-0.41263000000000005,0.17220368841100314,-0.2205101100283354,1.7802540399877385,0.8316970546984572,0.9569151227919,0.9569151227919,0.8809996033320111,0.9367355546183045,0.7981157469717362,0.9367355546183045
669194,Ryne Nelson,ARI,2023,25,144,27,619,2358,138.33333333333334,5.333333333333333,0.0808,20.025510204081634,98.2565,101.2406,35.453774385072094,0,0.3665,4,5.3125,1.4236,0.1551,0.0743,5.2449,5.3005,-0.8758082890902997,-0.768637819227987,160,177,0.9041012683777173,FALSE,-1.819689492499352,-1.5351747837247522,-0.17434999999999973,0.12406000000000006,0.0807183740314545,-0.2205101100283354,0.5630570917170522,0.8376184032476319,0.9593165174938975,0.9593165174938975,0.8871331828442438,0.9401913875598086,0.8049414824447334,0.9401913875598086
605513,Spencer Turnbull,DET,2023,30,31,7,145,556,31,4.428571428571429,0.0621,21.91235059760956,91.3831,88.1543,36.8705035971223,0,0.4851,4,7.2581,1.6774,0.1655,0.1034,5.2374,5.2086,-1.2335579465199058,-0.7821447729361363,199,178,0.7083458168684571,FALSE,-2.216051344884536,-1.0803966927690776,-0.8616900000000001,-1.1845699999999995,0.7103866775183894,-0.2205101100283354,0.5630570917170522,0.5471698113207547,0.8475609756097561,0.8475609756097561,0.6495327102803738,0.7875354107648725,0.4915254237288136,0.7875354107648725
685410,Peyton Battenfield,CLE,2023,25,34.666666666666664,6,146,551,32.666666666666664,5.777777777777778,0.1027,24.727272727272727,84.955,76.5095,35.208711433756804,0,0.4299,3,5.1923,1.3269,0.1849,0.0822,4.8497,4.8343,-1.220954141473505,-0.8040632492093159,198,179,0.7077727521559567,FALSE,-1.3555010129680403,-0.40192652819755054,-1.5045000000000002,-2.3490499999999996,-0.028200374512520443,-0.2205101100283354,-0.654139856553634,0.5488721804511278,0.8463901689708141,0.8463901689708141,0.6474735605170387,0.7860199714693296,0.49324324324324326,0.7860199714693296
592836,Taijuan Walker,PHI,2023,30,172.66666666666666,31,733,2839,172.66666666666666,5.569892473118279,0.0914,21.282798833819243,92.2631,94.5918,39.34483973230011,0,0.4462,4,4.3784,1.3089,0.1883,0.0969,4.9666,4.8293,-0.9154681360457204,-0.8218156458088529,165,180,0.9179220586737825,FALSE,-1.5950137900778039,-1.2321352024365626,-0.7736900000000005,-0.5408199999999994,1.8101106214040157,-0.2205101100283354,0.5630570917170522,0.8593200468933178,0.9659748213678122,0.9659748213678122,0.9044281618349793,0.9498159919705588,0.8301245753114382,0.9498159919705588
502624,Chase Anderson,2 Tms,2023,35,86.33333333333333,17,372,1449,81.33333333333333,5.078431372549019,0.0833,21.728395061728396,88.3591,94.0242,39.47550034506556,0,0.3623,4,5.4208,1.4247,0.172,0.0887,5.1702,5.3456,-1.004379488426848,-0.8231150944651408,174,181,0.8543545476146885,FALSE,-1.7666999400414396,-1.1247348083382183,-1.1640900000000003,-0.5975800000000007,1.8681830079072388,-0.2205101100283354,0.5630570917170522,0.7560975609756098,0.9354422207876049,0.9354422207876049,0.8284734133790738,0.9061913696060038,0.7126436781609196,0.9061913696060038
446372,Corey Kluber,BOS,2023,37,55,9,257,990,41.666666666666664,6.111111111111111,0.0817,20.867768595041323,95.8775,89.1752,34.94949494949495,0,0.3016,4,7.0364,1.6364,0.1634,0.0817,5.2848,5.7969,-1.0896482087807817,-0.8255891966767757,187,182,0.8048492816254129,FALSE,-1.8006132536145036,-1.3321683903668837,-0.4122500000000002,-1.0824799999999997,-0.14340969079732238,-0.2205101100283354,0.5630570917170522,0.6816976127320955,0.908256880733945,0.908256880733945,0.7674418604651163,0.868421052631579,0.6314496314496314,0.868421052631579
656232,Brandon Bielak,HOU,2023,27,80,13,353,1388,70.66666666666667,6.153846153846154,0.0737,23.981900452488688,84.7999,85.7898,40.99423631123919,0,0.502,5,3.825,1.525,0.1756,0.102,5.0187,4.8959,-1.0462276681009424,-0.828402019590058,177,183,0.848699605377256,FALSE,-1.9701798214798227,-0.5815808229329767,-1.5200100000000005,-1.42102,2.5431884296428713,-0.2205101100283354,1.7802540399877385,0.7463002114164905,0.9327956989247311,0.9327956989247311,0.8222748815165877,0.9024707412223667,0.7017892644135189,0.9024707412223667
668676,Zach Plesac,CLE,2023,28,21.333333333333332,5,105,374,21.333333333333332,4.266666666666667,0.0857,19.402985074626866,87.9358,88.554,31.28342245989305,0,0.5119,3,7.5938,1.9688,0.1333,0.0476,4.7464,4.5057,-1.3621389708332938,-0.8322294614616199,211,184,0.6341239289632494,FALSE,-1.715829969681844,-1.6852196899693268,-1.20642,-1.1445999999999998,-1.772803385339102,-0.2205101100283354,-0.654139856553634,0.4666666666666667,0.7890295358649789,0.7890295358649789,0.5548961424332344,0.7137404580152672,0.4117647058823529,0.7137404580152672
663559,Bailey Falter,2 Tms,2023,26,80.66666666666667,14,347,1297,63,5.761904761904762,0.1153,16.95906432748538,93.7687,100.4285,33.15343099460293,0,0.4015,3,5.3554,1.4132,0.1729,0.0576,4.6576,4.5608,-0.9747973529728081,-0.8350685652039859,169,185,0.8432697390553731,FALSE,-1.0884336685801623,-2.274268777345419,-0.6231300000000004,0.042849999999999965,-0.9416741253919092,-0.2205101100283354,-0.654139856553634,0.7430406852248393,0.9284180386542591,0.9284180386542591,0.8121477770820288,0.8963372494816862,0.6981891348088531,0.8963372494816862
686610,Ken Waldichuk,OAK,2023,25,141,22,639,2554,103,6.409090909090909,0.0955,23.937007874015748,91.1446,89.6697,38.21456538762725,0,0.3981,3,5.3617,1.5603,0.2066,0.1111,4.8952,5.0782,-0.969133552991977,-0.8573324501092179,168,186,0.9086232631063893,FALSE,-1.5081109240468276,-0.5924011134069518,-0.8855400000000003,-1.0330299999999994,1.3077577913561078,-0.2205101100283354,-0.654139856553634,0.841897233201581,0.9623210248681235,0.9623210248681235,0.8948843728100911,0.9445266272189349,0.8098859315589354,0.9445266272189349
605288,Adrian Houser,MIL,2023,30,111.33333333333333,21,481,1859,106.33333333333333,5.301587301587301,0.1289,16.546762589928058,89.8178,98.5259,36.14846691769769,0,0.4669,3,4.1228,1.3922,0.1996,0.0707,4.4482,4.3002,-0.9678823438044215,-0.8735834248362154,166,187,0.8817486747287467,FALSE,-0.8001705032091198,-2.3736443248200185,-1.0182199999999995,-0.1474100000000007,0.389475943751065,-0.2205101100283354,-0.654139856553634,0.800332778702163,0.9489535477284329,0.9489535477284329,0.8610467809170912,0.925335988053758,0.7622820919175911,0.925335988053758
543475,Jordan Lyles,KCR,2023,32,177.66666666666666,31,748,2821,177.66666666666666,5.731182795698924,0.1003,19.220055710306408,86.1944,93.0822,36.901807869549806,0,0.3351,5,6.2814,1.2439,0.1604,0.0602,5.1472,5.3431,-0.9687394903645744,-0.8804929720811613,167,188,0.9184492068844479,FALSE,-1.406370983327636,-1.7293104712408915,-1.3805599999999998,-0.69178,0.7242999278019738,-0.2205101100283354,1.7802540399877385,0.8617511520737328,0.9657651489216021,0.9657651489216021,0.9038769625120153,0.9495119488387749,0.8329621380846325,0.9495119488387749
656629,Michael Kopech,CHW,2023,27,129.33333333333334,27,591,2432,126.66666666666667,4.790123456790123,0.0728,28.464977645305513,97.7054,82.963,41.858552631578945,0,0.3551,2,5.4278,1.5928,0.2267,0.154,5.4148,5.6837,-1.0325790106517427,-0.8805441941357532,175,189,0.9034009819030384,FALSE,-1.9892560603646712,0.49895852440635907,-0.22946000000000027,-1.7037000000000007,2.927335651621037,-0.2205101100283354,-1.8713368048243202,0.8312236286919831,0.9605055292259084,0.9605055292259084,0.890190336749634,0.9419054996127033,0.7975708502024291,0.9419054996127033
471911,Carlos Carrasco,NYM,2023,36,90,20,417,1592,90,4.5,0.0671,24.678111587982833,89.0492,87.815,38.19095477386934,0,0.4495,4,6.8,1.7,0.1583,0.0911,5.1567,4.9268,-1.0857695961115152,-0.8842717024749738,186,190,0.8661435038405568,FALSE,-2.1100722399687113,-0.4137756539382078,-1.09508,-1.2185000000000001,1.2972640039881504,-0.2205101100283354,0.5630570917170522,0.776536312849162,0.9408983451536643,0.9408983451536643,0.8414376321353065,0.9138920780711826,0.7354497354497355,0.9138920780711826
641778,Eric Lauer,MIL,2023,28,46.666666666666664,9,211,847,41.333333333333336,5.185185185185185,0.09,22.191011235955056,91.9728,83.5848,38.252656434474616,0,0.25,3,6.5571,1.6714,0.2038,0.1137,5.3086,5.5768,-1.2026190077346885,-0.8845130690323272,195,191,0.7783288494114071,FALSE,-1.6246879394542348,-1.0132321601642278,-0.8027199999999993,-1.6415199999999999,1.3246874379268248,-0.2205101100283354,-0.654139856553634,0.6374622356495468,0.8944033790918691,0.8944033790918691,0.7384481255448997,0.8495486459378134,0.5844875346260388,0.8495486459378134
641540,Dane Dunning,TEX,2023,28,172.66666666666666,26,722,2698,147,6.6410256410256405,0.1177,18.307692307692307,91.3499,91.568,35.24833209785026,0,0.4632,4,3.7008,1.2625,0.1939,0.0762,4.517,4.3906,-0.9751868765929825,-0.8927939009045655,170,192,0.9155114883644183,FALSE,-1.0375636982205665,-1.949214013650677,-0.8650099999999995,-0.8432000000000002,-0.010590886312126454,-0.2205101100283354,0.5630570917170522,0.8574821852731591,0.9642601858470335,0.9642601858470335,0.8999332888592395,0.9473314606741573,0.8279816513761468,0.9473314606741573
592789,Noah Syndergaard,2 Tms,2023,30,88.66666666666667,18,391,1409,88.66666666666667,4.9259259259259265,0.0946,19.114219114219114,85.4722,91.3739,34.13768630234209,0,0.3717,5,6.4962,1.3872,0.1432,0.0486,5.0673,5.2107,-1.0697212578957838,-0.8983202742933128,183,193,0.8553416589634214,FALSE,-1.527187162931676,-1.7548198705981053,-1.45278,-0.8626099999999994,-0.5042197660473617,-0.2205101100283354,1.7802540399877385,0.7651663405088063,0.9337309476474487,0.9337309476474487,0.8244587478057344,0.9037844772289929,0.722735674676525,0.9037844772289929
571945,Miles Mikolas,STL,2023,34,201.33333333333334,35,860,3198,201.33333333333334,5.752380952380952,0.114,16.173120728929383,92.7366,98.0537,32.58286429018136,0,0.3884,4,4.7831,1.3162,0.1593,0.0453,4.8059,4.7624,-0.9820905978053773,-0.9156492735614913,171,194,0.9275749038598521,FALSE,-1.1159882358582767,-2.4637018266781308,-0.7263400000000004,-0.19462999999999936,-1.1952637074683228,-0.2205101100283354,0.5630570917170522,0.8775510204081632,0.9696785930867192,0.9696785930867192,0.9142367066895368,0.9551971326164874,0.8514851485148515,0.9551971326164874
664062,Tony Gonsolin,LAD,2023,29,103,20,435,1666,103,5.15,0.0966,20.610687022900763,88.7267,87.8638,36.014405762304925,0,0.3597,4,4.9806,1.2233,0.1885,0.092,5.0479,5.2469,-1.102129577370001,-0.9387930674574908,189,195,0.8709044152382208,FALSE,-1.484795520965346,-1.3941318012621557,-1.1273300000000006,-1.2136200000000001,0.3298921788638419,-0.2205101100283354,0.5630570917170522,0.7837837837837838,0.9433748584371461,0.9433748584371461,0.8474059003051883,0.9174008810572687,0.7435897435897436,0.9174008810572687
677960,Ryan Weathers,2 Tms,2023,23,57.666666666666664,12,257,1073,51.3,4.805555555555555,0.0545,22.76923076923077,91.4306,92.1259,39.70177073625349,0,0.3757,3,6.5549,1.6821,0.1673,0.1128,5.5107,5.5607,-1.2525296234556325,-0.9401747083406337,202,196,0.811263739728914,FALSE,-2.3771395843565895,-0.8738660662442554,-0.8569400000000001,-0.7874099999999998,1.968749363239496,-0.2205101100283354,-0.654139856553634,0.6816976127320955,0.9147485080988917,0.9147485080988917,0.7815003641660597,0.8773507767784138,0.6314496314496314,0.8773507767784138
489119,Wade Miley,MIL,2023,36,120.33333333333333,23,490,1876,120.33333333333333,5.231884057971015,0.0837,18.51851851851852,93.9479,100.8543,36.940298507462686,0,0.4628,3,3.1413,1.1385,0.1612,0.0776,5.0439,4.8465,-1.0833787016735827,-0.9427897094727292,184,197,0.8831066345554015,FALSE,-1.7582216116481737,-1.8983993596863886,-0.6052099999999996,0.08542999999999949,0.7414071734693792,-0.2205101100283354,-0.654139856553634,0.8032786885245902,0.9493927125506073,0.9493927125506073,0.8621323529411765,0.9259624876604146,0.765625,0.9259624876604146
543294,Kyle Hendricks,CHC,2023,33,137,24,578,2112,137,5.708333333333333,0.1142,17.90633608815427,89.1118,96.6361,34.327651515151516,0,0.4633,3,3.7445,1.2044,0.1609,0.0467,4.6314,4.4227,-1.0551775086483761,-0.9530598433506252,180,198,0.8963737508334264,FALSE,-1.1117490716616438,-2.0459514038087354,-1.0888199999999997,-0.3363900000000001,-0.4197893242566218,-0.2205101100283354,-0.654139856553634,0.828080229226361,0.9547920433996383,0.9547920433996383,0.8756218905472637,0.9336870026525199,0.7939560439560439,0.9336870026525199
605200,Zach Davies,ARI,2023,30,82.33333333333333,18,377,1501,82.33333333333333,4.5740740740740735,0.0875,22.074468085106382,79.8203,88.8435,41.372418387741504,0,0.4427,4,6.996,1.664,0.191,0.1034,4.9954,4.7872,-1.1463408078650283,-0.9538974823479165,192,199,0.8572453174021634,FALSE,-1.677677491912147,-1.0413221204166792,-2.0179699999999996,-1.1156499999999994,2.7112722557508757,-0.2205101100283354,0.5630570917170522,0.7585513078470825,0.9375390381011868,0.9375390381011868,0.8334258745141588,0.9091459721380981,0.715370018975332,0.9091459721380981
663903,Brady Singer,KCR,2023,26,159.66666666666666,29,702,2615,159.66666666666666,5.505747126436781,0.1197,21.030640668523677,88.8874,91.7579,36.137667304015295,0,0.4951,2,5.524,1.4468,0.1895,0.0698,4.4581,4.2754,-1.0482450685822078,-0.9592661866764012,178,200,0.9132683410932161,FALSE,-0.9951720562542367,-1.29291194297347,-1.1112600000000001,-0.8242099999999993,0.3846760325415921,-0.2205101100283354,-1.8713368048243202,0.8540145985401459,0.9631675874769797,0.9631675874769797,0.8970840480274442,0.945750452079566,0.823943661971831,0.945750452079566
666159,Matt Manning,DET,2023,25,78,15,316,1183,78,5.2,0.0918,16.08040201005025,98.0768,98.2666,34.319526627218934,0,0.3866,3,3.5769,1.0385,0.1582,0.0665,5.133,5.3258,-1.166763121604537,-0.9643992465598846,193,201,0.831378381531786,FALSE,-1.5865354616845377,-2.486049473099282,-0.19231999999999944,-0.17334000000000033,-0.4234004479329144,-0.2205101100283354,-0.654139856553634,0.7247706422018348,0.9220576773187841,0.9220576773187841,0.7977073499662846,0.8874718679669917,0.6781115879828327,0.8874718679669917
594835,Marco Gonzales,SEA,2023,31,50,10,215,811,50,5,0.0744,20.050761421319798,87.3086,94.0587,33.66214549938348,0,0.4062,3,5.22,1.46,0.1581,0.0837,5.1945,4.8268,-1.2958270975048907,-0.9700669766008675,207,202,0.7755844788430554,FALSE,-1.9553427467916076,-1.5290885771705203,-1.2691400000000002,-0.5941299999999998,-0.7155748846479321,-0.2205101100283354,-0.654139856553634,0.6417910447761194,0.8902305159165752,0.8902305159165752,0.72997299729973,0.8439125910509886,0.589041095890411,0.8439125910509886
683769,Hunter Gaddis,CLE,2023,25,42,7,182,687,31.333333333333332,6,0.0549,19.65811965811966,93.5564,93.0068,35.95342066957787,0,0.2662,3,4.5,1.3095,0.1319,0.0769,5.9346,6.429,-1.3856527019994198,-0.9702412245993708,212,203,0.7477625521083554,FALSE,-2.3686612559633233,-1.6237255544740203,-0.6443600000000004,-0.6993200000000002,0.30278722503863975,-0.2205101100283354,-0.654139856553634,0.6026490066225165,0.8729351969504447,0.8729351969504447,0.6960486322188449,0.8207885304659498,0.5481927710843374,0.8207885304659498
448179,Rich Hill,2 Tms,2023,43,146.33333333333334,27,660,2536,135.66666666666666,5.419753086419753,0.1076,19.78609625668449,95.0782,88.6352,35.25236593059937,0,0.3799,3,5.4123,1.5239,0.1955,0.0879,4.7983,4.7679,-1.0856234410279897,-0.979398847915029,185,204,0.9096604412059649,FALSE,-1.2516414901505322,-1.5928798330330596,-0.49218000000000045,-1.1364800000000002,-0.00879804079014735,-0.2205101100283354,-0.654139856553634,0.8461538461538461,0.9620637329286799,0.9620637329286799,0.8942172073342737,0.9441548771407298,0.8148148148148148,0.9441548771407298
656731,Tylor Megill,NYM,2023,27,126.33333333333333,25,567,2237,126.33333333333333,5.053333333333333,0.0829,22.580645161290324,88.5693,90.985,39.785426911041576,0,0.4391,3,4.7018,1.5752,0.1852,0.1023,5.0657,4.9186,-1.120645125554179,-0.9805175039977069,190,205,0.8980874306470856,FALSE,-1.7751782684347055,-0.9193201507842375,-1.1430700000000003,-0.9015000000000001,2.005930527577026,-0.2205101100283354,-0.654139856553634,0.8253275109170306,0.9572100984167736,0.9572100984167736,0.8817500985415846,0.9371596145789695,0.7907949790794979,0.9371596145789695
663562,Noah Davis,COL,2023,26,30,6,146,602,25,5,0.0753,19.78609625668449,91.2828,81.8322,37.70764119601329,0,0.46,3,8.7,1.9333,0.1781,0.1027,5.0769,5.3506,-1.4702814893170764,-0.9924338220739188,218,206,0.7179549619354372,FALSE,-1.936266507906759,-1.5928798330330596,-0.8717200000000005,-1.81678,1.0824542590966646,-0.2205101100283354,-0.654139856553634,0.5488721804511278,0.8575498575498576,0.8575498575498576,0.6674057649667405,0.800531914893617,0.49324324324324326,0.800531914893617
672851,Joan Adon,WSN,2023,24,51.666666666666664,10,240,924,46.666666666666664,5.166666666666666,0.1,16.666666666666668,87.2861,82.7802,37.44588744588744,0,0.3742,5,6.4452,1.6258,0.2,0.1,4.887,4.9167,-1.2824741821569323,-1.00286651177524,206,207,0.7946158762710069,FALSE,-1.4127297296225854,-2.3447442931564866,-1.2713899999999996,-1.7219800000000007,0.9661172496165178,-0.2205101100283354,1.7802540399877385,0.6666666666666666,0.90234375,0.90234375,0.7549019607843137,0.8603351955307262,0.6153846153846154,0.8603351955307262
669461,Matthew Liberatore,STL,2023,23,61.666666666666664,11,275,1059,49,5.6060606060606055,0.0764,17.17557251908397,94.9693,90.5694,38.904627006610006,0,0.4343,4,5.2541,1.4757,0.1673,0.0909,5.0511,5.019,-1.274920965379528,-1.003956873791274,203,208,0.8145441845080611,FALSE,-1.9129511048252776,-2.2220846167830244,-0.5030699999999996,-0.9430599999999998,1.6144571416839806,-0.2205101100283354,0.5630570917170522,0.6962025316455697,0.913718723037101,0.913718723037101,0.7792494481236203,0.8759305210918115,0.6470588235294118,0.8759305210918115
689266,Dylan Dodd,ATL,2023,25,34.333333333333336,7,164,568,34.333333333333336,4.904761904761905,0.0183,21.3953488372093,91.123,96.7407,30.1056338028169,0,0.3556,3,7.6019,1.8932,0.0915,0.0732,6.1859,6.5028,-1.5387414656362837,-1.0073647295974504,222,209,0.7195581666989099,FALSE,-3.144428303947159,-1.2050076955979574,-0.8876999999999995,-0.3259299999999996,-2.296274052322859,-0.2205101100283354,-0.654139856553634,0.5774647887323944,0.8502994011976048,0.8502994011976048,0.6543778801843319,0.7910863509749304,0.5222929936305732,0.7910863509749304
674072,Tommy Henry,ARI,2023,25,89,16,381,1391,87.66666666666667,5.5625,0.0761,22.81021897810219,83.6416,85.0505,36.80805176132279,0,0.3623,4,4.1461,1.3596,0.168,0.0919,5.2912,5.3978,-1.2414026481542833,-1.0173939911074827,201,210,0.8531094867447536,FALSE,-1.9193098511202271,-0.8639868313888986,-1.6358400000000004,-1.49495,0.6826298266233496,-0.2205101100283354,0.5630570917170522,0.7604790419161677,0.9329309188464118,0.9329309188464118,0.8225901833234772,0.9026606099935107,0.7175141242937854,0.9026606099935107
623167,Chris Flexen,2 Tms,2023,28,102.33333333333333,16,466,1755,77.66666666666667,6.395833333333333,0.0773,24.175824175824175,83.7743,87.9694,37.37891737891738,0,0.3908,3,6.8599,1.671,0.1588,0.0815,5.1063,5.1242,-1.2054775115211076,-1.0224970180103912,196,211,0.8772047030694485,FALSE,-1.8938748659404292,-0.5348401123821328,-1.6225700000000003,-1.2030600000000007,0.9363522612935745,-0.2205101100283354,-0.654139856553634,0.7952218430034129,0.9460916442048517,0.9460916442048517,0.8540145985401459,0.9212598425196851,0.7564935064935064,0.9212598425196851
596295,Austin Gomber,COL,2023,29,139,27,603,2163,139,5.148148148148148,0.073,19.939577039274923,89.2358,93.4076,36.061026352288486,0,0.4165,4,5.5036,1.4892,0.1443,0.0713,5.2434,5.0776,-1.1860996891305908,-1.0440964495492515,194,212,0.8992770120407706,FALSE,-1.9850168961680383,-1.5558869333981566,-1.0764200000000002,-0.6592399999999998,0.35061279897446107,-0.2205101100283354,0.5630570917170522,0.8340248962655602,0.9558108705258507,0.9558108705258507,0.8781973203410475,0.9351491569390402,0.8007968127490039,0.9351491569390402
664192,Joey Lucchesi,NYM,2023,30,46.666666666666664,9,195,700,46.666666666666664,5.185185185185185,0.0769,16.107382550335572,94.7928,89.654,38.714285714285715,0,0.4532,3,2.8929,1.3071,0.1641,0.0872,5.1519,5.0182,-1.4482822788501484,-1.0678079999490997,217,213,0.7544748334116254,FALSE,-1.902353194333695,-2.479546454271617,-0.5207200000000001,-1.0346000000000004,1.5298595505551125,-0.2205101100283354,-0.654139856553634,0.6190476190476191,0.875,0.875,0.7,0.8235294117647058,0.5652173913043478,0.8235294117647058
456501,Johnny Cueto,MIA,2023,37,52.333333333333336,10,218,860,46.333333333333336,5.233333333333333,0.1101,9.090909090909092,92.1536,101.059,33.95348837209303,0,0.3312,4,6.0191,1.2611,0.1789,0.0688,4.9316,5.1975,-1.3081669238475204,-1.074850634770344,209,214,0.781911141798601,FALSE,-1.19865193769262,-4.170700839170525,-0.7846400000000002,0.10589999999999974,-0.5860869268704858,-0.2205101100283354,0.5630570917170522,0.6449704142011834,0.8958333333333334,0.8958333333333334,0.7413793103448276,0.8514851485148515,0.592391304347826,0.8514851485148515
641712,Dakota Hudson,STL,2023,28,81.33333333333333,12,354,1318,65,6.777777777777778,0.0311,26.829268292682926,85.9436,85.1768,38.54324734446131,0,0.5149,3,4.9795,1.5,0.1271,0.096,5.3554,5.1078,-1.4127455133349656,-1.105201408259289,216,215,0.8454855581955929,FALSE,-2.8731217953626484,0.10470961003307613,-1.4056399999999996,-1.48232,1.4538411842770196,-0.2205101100283354,-0.654139856553634,0.7468354430379747,0.9294781382228491,0.9294781382228491,0.8145859085290482,0.8978201634877384,0.7023809523809523,0.8978201634877384
657756,Connor Seabold,COL,2023,27,87.33333333333333,13,408,1563,59,6.717948717948717,0.0956,20.13422818791946,85.2414,87.0163,34.22904670505438,0,0.3344,3,7.5229,1.6489,0.1642,0.0686,5.0321,5.5923,-1.3016905666672203,-1.1117734428699775,208,216,0.8639262202887189,FALSE,-1.5059913419485111,-1.5089708942426792,-1.4758600000000002,-1.2983699999999998,-0.4636144412665721,-0.2205101100283354,-0.654139856553634,0.7727272727272727,0.9398677089597114,0.9398677089597114,0.8389694041867954,0.9124343257443083,0.7311827956989247,0.9124343257443083
592866,Trevor Williams,WSN,2023,31,144.33333333333334,30,659,2625,144.33333333333334,4.811111111111112,0.088,18.266666666666666,84.1867,92.1548,38.51428571428571,0,0.3951,4,5.5497,1.6005,0.1684,0.0804,5.0898,5.2135,-1.23635446361613,-1.1164644519558569,200,217,0.9109250795349112,FALSE,-1.6670795814205646,-1.9591022706383223,-1.58133,-0.7845200000000006,1.4409691263115514,-0.2205101100283354,0.5630570917170522,0.8459563543003851,0.963302752293578,0.963302752293578,0.8974358974358975,0.9459459459459459,0.8145859085290482,0.9459459459459459
682847,Luis Ortiz,PIT,2023,24,86.66666666666667,15,400,1462,73,5.777777777777778,0.0275,21.782178217821784,95.1293,89.6287,39.398084815321475,0,0.4793,4,4.7769,1.6962,0.1475,0.12,5.6247,5.3794,-1.3934819789488617,-1.1221027356549163,213,218,0.858871034008638,FALSE,-2.949426750902042,-1.1117716551549282,-0.48706999999999995,-1.0371300000000006,1.8337755114972796,-0.2205101100283354,0.5630570917170522,0.7692307692307693,0.9359795134443022,0.9359795134443022,0.8297389330306469,0.9069478908188585,0.7272727272727273,0.9069478908188585
527048,Martín Pérez,TEX,2023,32,141.66666666666666,20,608,2226,108.33333333333333,7.083333333333333,0.0724,17.86237188872621,89.0193,99.7243,36.16352201257862,0,0.4549,3,4.4471,1.4047,0.153,0.0806,5.08,4.9551,-1.2776673597590866,-1.1399814034761038,204,219,0.9008948083503661,FALSE,-1.997734388757937,-2.0565479305498786,-1.0980699999999999,-0.02757000000000005,0.3961672126060288,-0.2205101100283354,-0.654139856553634,0.8351648351648352,0.9570077386070507,0.9570077386070507,0.8812351543942993,0.9368686868686869,0.8021108179419525,0.9368686868686869
571578,Patrick Corbin,WSN,2023,33,180,32,790,2925,180,5.625,0.0848,19.77886977886978,83.6794,92.7552,38.495726495726494,0,0.442,3,5.2,1.4833,0.157,0.0722,5.0097,4.7585,-1.2786630533040884,-1.169921782680071,205,220,0.9216939237348163,FALSE,-1.7349062085666922,-1.5946216039831522,-1.6320599999999998,-0.7244799999999998,1.4327204422547621,-0.2205101100283354,-0.654139856553634,0.8681318681318682,0.9669421487603306,0.9669421487603306,0.9069767441860465,0.9512195121951219,0.8404255319148937,0.9512195121951219
663623,Jake Irvin,WSN,2023,26,121,24,530,2149,121,5.041666666666667,0.0849,14.418604651162791,97.0284,96.8764,37.785016286644954,0,0.4278,3,4.6116,1.4215,0.1868,0.1019,5.0917,5.1372,-1.318425532526006,-1.1728078859530782,210,221,0.8932682100337376,FALSE,-1.7327866264683758,-2.886586282159722,-0.29715999999999954,-0.31235999999999964,1.1168437822573263,-0.2205101100283354,-0.654139856553634,0.8153846153846154,0.9555357936860827,0.9555357936860827,0.8775010208248265,0.9347542409743367,0.7794117647058824,0.9347542409743367
570632,José Ureña,2 Tms,2023,31,44.666666666666664,10,203,771,44.666666666666664,4.466666666666667,0.0345,17.791411042944784,89.7119,88.5959,38.00259403372244,0,0.4733,4,6.4478,1.6119,0.1429,0.1084,5.6309,5.4631,-1.63698654325383,-1.1773897648590197,225,222,0.7668696749545323,FALSE,-2.8010560040198875,-2.0736513581040965,-1.02881,-1.14041,1.213546673475704,-0.2205101100283354,0.5630570917170522,0.628482972136223,0.8851894374282434,0.8851894374282434,0.7198879551820728,0.8371335504885994,0.5750708215297451,0.8371335504885994
615698,Cal Quantrill,CLE,2023,28,99.66666666666667,19,444,1714,99.66666666666667,5.245614035087719,0.0518,17.21014492753623,88.6749,85.966,38.33138856476079,0,0.4082,6,5.2375,1.4649,0.1306,0.0788,5.5028,5.429,-1.4034321056733303,-1.1798864997519067,214,223,0.8735076716957505,FALSE,-2.4343683010111343,-2.213751758333741,-1.1325100000000006,-1.4034000000000006,1.3596801002405121,-0.2205101100283354,2.9974509882584246,0.7872340425531915,0.9448732083792724,0.9448732083792724,0.8510427010923535,0.9195278969957081,0.7474747474747475,0.9195278969957081
666205,Kyle Muller,OAK,2023,25,77,13,372,1457,60,5.923076923076923,0.0457,20.77922077922078,89.7229,90.5618,38.229238160603984,0,0.4244,3,7.5974,1.961,0.1505,0.1048,5.4715,5.4982,-1.4717108675249264,-1.2036923478417636,219,224,0.8546943196794886,FALSE,-2.5636628090084406,-1.353510739606009,-1.0277100000000003,-0.9438199999999994,1.3142791364297628,-0.2205101100283354,-0.654139856553634,0.7560975609756098,0.9357739242132306,0.9357739242132306,0.8292544109277177,0.9066583696328563,0.7126436781609196,0.9066583696328563
663765,Jake Woodford,STL,2023,26,47.666666666666664,8,222,910,33.666666666666664,5.958333333333333,0.0315,17.391304347826086,90.3116,95.4245,39.23076923076923,0,0.5119,3,6.2308,1.7413,0.1306,0.0991,5.3522,5.2766,-1.6349884357713191,-1.2195004465410657,224,225,0.7881320637662405,FALSE,-2.8646434669693823,-2.170087580059492,-0.9688400000000001,-0.4575500000000005,1.75941174503024,-0.2205101100283354,-0.654139856553634,0.6491228070175439,0.900990099009901,0.900990099009901,0.7520661157024794,0.8584905660377359,0.5967741935483871,0.8584905660377359
666201,Alek Manoah,TOR,2023,25,87.33333333333333,19,415,1693,87.33333333333333,4.5964912280701755,0.0482,21.14695340501792,90.5912,80.1899,39.397519196692265,0,0.3774,4,5.874,1.7405,0.1904,0.1422,5.6511,5.8453,-1.5169632331901928,-1.2573946852373614,221,226,0.8693377698460355,FALSE,-2.5106732565505285,-1.2648775186320558,-0.9408799999999999,-1.9810100000000006,1.8335241210977269,-0.2205101100283354,0.5630570917170522,0.7757009345794392,0.9442275515895148,0.9442275515895148,0.8494731560461616,0.9186109603906674,0.7345132743362832,0.9186109603906674
641745,Brad Keller,KCR,2023,27,45.333333333333336,9,211,879,43.333333333333336,5.037037037037037,-0.0664,22.78481012658228,90.5202,76.9749,45.27872582480091,1,0.5833,5,4.5662,1.9191,0.1469,0.2133,7.1085,6.4133,-1.870276774169524,-1.2864001381916612,227,227,0.78166593751886,FALSE,-4.939714341221228,-0.8701110319451496,-0.9479799999999997,-2.3025099999999994,4.44743888228079,4.504706533435995,1.7802540399877385,0.6374622356495468,0.8978549540347294,0.8978549540347294,0.7455470737913485,0.8542274052478134,0.5844875346260388,0.8542274052478134
607536,Kyle Freeland,COL,2023,30,155.66666666666666,29,677,2419,155.66666666666666,5.3678160919540225,0.0768,16.603295310519645,80.3499,86.1638,34.39437784208351,0,0.3996,5,5.03,1.4711,0.1388,0.062,5.2445,5.1277,-1.477742175806699,-1.3323084726431647,220,228,0.9087926689193029,FALSE,-1.9044727764320117,-2.3600184543778973,-1.9650099999999995,-1.3836200000000005,-0.39013266671062574,-0.2205101100283354,1.7802540399877385,0.849435382685069,0.9603017070265979,0.9603017070265979,0.889665318131666,0.9416115219929934,0.8186215235792019,0.9416115219929934
570666,Luis Cessa,CIN,2023,31,26,6,132,465,25,4.333333333333333,-0.0076,14.61187214611872,81.5491,92.4287,36.98924731182796,0,0.3832,4,9,2.2308,0.0833,0.0909,6.1378,5.6258,-2.1146401131307377,-1.3481026334039328,232,229,0.6797072269305241,FALSE,-3.6934000674111305,-2.8400037398835822,-1.8450900000000003,-0.7571299999999994,0.7631625734006003,-0.2205101100283354,0.5630570917170522,0.5238095238095238,0.8230088495575221,0.8230088495575221,0.6078431372549019,0.7560975609756098,0.46808510638297873,0.7560975609756098
607968,Drew Rucinski,OAK,2023,34,18,4,95,350,18,4.5,-0.0842,21.830985915492956,74.9445,78.7408,42.57142857142857,0,0.4459,3,9,2.2778,0.0632,0.1474,7.367,7.5684,-2.6908649896747017,-1.4067654401627627,233,230,0.6176618087391699,FALSE,-5.316999954721563,-1.1000077181271992,-2.5055499999999995,-2.1259200000000007,3.2441748752523343,-0.2205101100283354,-0.654139856553634,0.4418604651162791,0.7777777777777778,0.7777777777777778,0.5384615384615384,0.7,0.3877551020408163,0.7
694363,Jared Shuster,ATL,2023,24,52.666666666666664,11,230,864,52.666666666666664,4.787878787878788,0.0174,21.341463414634145,80.4619,80.3206,38.31018518518518,0,0.3571,3,5.8101,1.5,0.1304,0.113,6.1215,6.1338,-1.9428202809922608,-1.430962004751962,228,231,0.7859067412058539,FALSE,-3.1635045428320074,-1.2179954976892882,-1.95381,-1.96794,1.3502562132111462,-0.2205101100283354,-0.654139856553634,0.6571428571428571,0.8962655601659751,0.8962655601659751,0.7422680412371134,0.8520710059171598,0.6052631578947368,0.8520710059171598
518516,Madison Bumgarner,ARI,2023,33,16.666666666666668,4,90,350,16.666666666666668,4.166666666666667,-0.0556,17.105263157894736,88.0261,64.1605,42.857142857142854,0,0.375,4,10.26,2.4,0.1111,0.1667,7.0977,7.5143,-2.7573321263410557,-1.4451315076890887,234,232,0.6139412175126461,FALSE,-4.710799474603046,-2.2390310194398846,-1.19739,-3.58395,3.3711611956002763,-0.2205101100283354,0.5630570917170522,0.42857142857142855,0.7777777777777778,0.7777777777777778,0.5384615384615384,0.7,0.375,0.7
425794,Adam Wainwright,STL,2023,41,101,21,484,1792,101,4.809523809523809,0.0289,14.489311163895486,81.2702,86.7833,39.0625,0,0.401,4,7.396,1.901,0.1136,0.0847,5.8271,5.7707,-1.9694505706333472,-1.7028415861188402,229,233,0.8801628341197013,FALSE,-2.919752601525611,-2.8695441555500705,-1.8729799999999996,-1.3216700000000003,1.6846241284791668,-0.2205101100283354,0.5630570917170522,0.8013245033112583,0.9471458773784355,0.9471458773784355,0.8565965583173997,0.9227600411946447,0.7634069400630915,0.9227600411946447
621389,Ty Blach,COL,2023,32,78,13,352,1264,64.66666666666667,6,0.0739,11.504424778761061,84.0994,80.3209,33.30696202531646,0,0.3918,3,5.5385,1.641,0.142,0.0682,5.1429,5.0134,-2.034517530629164,-1.7194616757811294,231,234,0.8423357763825432,FALSE,-1.96594065728319,-3.588980169643929,-1.5900599999999998,-1.9679100000000005,-0.8734369331185255,-0.2205101100283354,-0.654139856553634,0.7457627118644068,0.9266862170087976,0.9266862170087976,0.8081841432225064,0.8939179632248939,0.701195219123506,0.8939179632248939
676979,Garrett Crochet,CHW,2024,25,146,32,595,2395,146,4.5625,0.2958,32.77777777777778,115.6855,115.8363,32.275574112734866,0,0.4509,2,3.5753,1.0685,0.3513,0.0555,2.5325,2.3788,1.5450915731120591,1.351400328802063,3,1,0.9030671118483681,TRUE,2.790206404155547,1.6732133711435144,1.5685500000000006,1.5836299999999994,-1.3262243596509498,-0.2663688813513714,-2.013477806224851,0.8321678321678322,0.9599198396793587,0.9599198396793587,0.8886827458256029,0.9410609037328095,0.7986577181208053,0.9410609037328095
669373,Tarik Skubal,DET,2024,27,192,31,753,2868,192,6.193548387096774,0.2563,32.73542600896861,112.1932,112.0296,30.788005578800558,0,0.457,4,2.3906,0.9219,0.3028,0.0465,2.8893,2.8256,1.343963040137053,1.2213261968412892,4,2,0.9192777150780139,TRUE,1.92825031828193,1.6627502914051073,1.2193200000000004,1.2029600000000003,-2.0051547158972256,-0.2663688813513714,0.41628866035872414,0.8625429553264605,0.9663072776280324,0.9663072776280324,0.9053030303030303,0.9502982107355865,0.8338870431893688,0.9502982107355865
694973,Paul Skenes,PIT,2024,22,133,23,514,2127,133,5.782608695652174,0.2685,29.038112522686024,108.4921,115.34,33.89750822755054,0,0.5132,4,1.9624,0.9474,0.3307,0.0623,2.714,2.5359,1.2774466217949363,1.0959485569516416,5,3,0.8913790460686942,TRUE,2.194474729615048,0.7493224249286607,0.8492099999999994,1.5340000000000003,-0.5859691840003859,-0.2663688813513714,0.41628866035872414,0.8107255520504731,0.9550965424337674,0.9550965424337674,0.8763906056860321,0.9341238471673254,0.7740963855421686,0.9341238471673254
605483,Blake Snell,SFG,2024,31,104,20,418,1774,104,5.2,0.2416,32.77591973244147,105.4003,111.2829,37.429537767756486,0,0.4204,4,3.1154,1.0481,0.3469,0.1053,3.1617,3.0136,1.1854735944526071,1.015733493765575,6,4,0.872224342976982,TRUE,1.6074717242985848,1.6727543377416525,0.5400300000000001,1.1282899999999998,1.0260587792842226,-0.2663688813513714,0.41628866035872414,0.7769516728624535,0.9466382070437567,0.9466382070437567,0.8553519768563163,0.922037422037422,0.7359154929577465,0.922037422037422
666142,Cole Ragans,KCR,2024,26,186.33333333333334,32,762,3118,186.33333333333334,5.822916666666667,0.2047,33.12434691745037,109.8906,109.7063,36.49775497113534,0,0.4074,5,3.1395,1.1431,0.2927,0.0879,3.4946,3.4575,1.059687237670737,0.9887239904674866,9,5,0.9225359426200189,TRUE,0.8022519883812059,1.7588338929121452,0.9890600000000006,0.9706299999999999,0.6007905569314633,-0.2663688813513714,1.6311718936505115,0.8639455782312925,0.968924798011187,0.968924798011187,0.9122293739028672,0.9541003671970624,0.8355263157894737,0.9541003671970624
519242,Chris Sale,ATL,2024,35,177.66666666666666,29,702,2818,177.66666666666666,6.126436781609195,0.265,30.455075845974328,104.2276,109.7776,32.82469836763662,0,0.4484,3,2.3809,1.0131,0.3205,0.0556,2.8033,2.6443,1.061435532792997,0.9398901460896041,8,6,0.9160177820955618,TRUE,2.1180988739047275,1.0993857317238713,0.4227599999999995,0.9777600000000006,-1.0756025445888253,-0.2663688813513714,-0.7985945729330632,0.8540145985401459,0.9657299520219328,0.9657299520219328,0.9037844772289929,0.9494609164420486,0.823943661971831,0.9494609164420486
607192,Tyler Glasnow,LAD,2024,30,134,22,522,2012,134,6.090909090909091,0.2548,30.711610486891384,107.5391,111.7331,34.940357852882705,0,0.4857,3,3.4925,0.9478,0.3218,0.067,2.9002,2.6838,1.0900557991553002,0.9379685766033643,7,7,0.8895220948915173,TRUE,1.8955178086917939,1.1627630705942542,0.7539100000000005,1.1733099999999994,-0.11000975659471715,-0.2663688813513714,-0.7985945729330632,0.8130841121495327,0.9526515151515151,0.9526515151515151,0.870242214532872,0.9306197964847364,0.7767857142857143,0.9306197964847364
669302,Logan Gilbert,SEA,2024,27,208.66666666666666,33,803,3042,208.66666666666666,6.323232323232323,0.2279,29.74137931034483,96.2457,110.858,34.418145956607496,0,0.4515,5,3.2348,0.8866,0.274,0.0461,3.1912,3.111,0.9018229142268609,0.819155104123798,10,8,0.9235980258988817,TRUE,1.30851480337533,0.9230657344419696,-0.37543000000000004,1.0858000000000003,-0.3483486974141174,-0.2663688813513714,1.6311718936505115,0.8699891657638137,0.9681731381285805,0.9681731381285805,0.9102333931777379,0.9530075187969925,0.8426023084994754,0.9530075187969925
656427,Jack Flaherty,2 Tms,2024,28,162,28,649,2646,161.3,5.785714285714286,0.2404,33.285509325681495,98.6687,104.3962,35.82766439909297,0,0.3951,3,3.1667,1.0679,0.2989,0.0586,3.0952,2.9959,0.8817860557313616,0.7860279127932179,11,9,0.9106080249209493,TRUE,1.5812857166264749,1.7986493522322518,-0.1331299999999999,0.43961999999999934,0.2949593831631078,-0.2663688813513714,-0.7985945729330632,0.8439531859557867,0.9635833940276766,0.9635833940276766,0.8981670061099797,0.9463519313304721,0.8122653316645807,0.9463519313304721
656302,Dylan Cease,SDP,2024,28,189.33333333333334,33,762,3188,189.33333333333334,5.737373737373738,0.2087,32.983193277310924,109.7713,113.0629,37.2961104140527,0,0.3978,2,3.4701,1.0669,0.294,0.0853,3.4577,3.4351,0.842599633070123,0.776808295644723,13,10,0.9232516132781688,TRUE,0.8895386806215723,1.7239616353023124,0.9771299999999996,1.30629,0.9651621693354198,-0.2663688813513714,-2.013477806224851,0.8639455782312925,0.9695863746958637,0.9695863746958637,0.9139908256880734,0.9550629119233074,0.8355263157894737,0.9550629119233074
543243,Sonny Gray,STL,2024,34,166.33333333333334,28,671,2486,166.33333333333334,5.940476190476191,0.2444,27.855153203342617,97.3238,107.1402,33.588093322606596,0,0.4231,5,3.8417,1.0882,0.3025,0.0581,3.031,2.8194,0.8577712917474414,0.7536437219416504,12,11,0.9095370992804589,TRUE,1.6685724088668412,0.45707022310557416,-0.2676199999999994,0.7140199999999993,-0.7271869947091832,-0.2663688813513714,1.6311718936505115,0.8482932996207333,0.9613302397525135,0.9613302397525135,0.8923187365398421,0.9430955993930197,0.8172959805115713,0.9430955993930197
669456,Shane Bieber,CLE,2024,29,12,2,45,166,12,6,0.4222,36.70886075949367,90.3595,98.254,33.734939759036145,0,0.5,NA,0,0.9167,0.4444,0.0222,1.3375,0.5871,2.19212441528273,0.749080547417613,1,12,0.45121041308663623,TRUE,5.548465878951121,2.644394406847602,-0.9640500000000003,-0.1745999999999995,-0.6601658786232388,-0.2663688813513714,NA,0.2727272727272727,0.6240601503759399,0.6240601503759399,0.3562231759656652,0.5253164556962026,0.23076923076923078,0.5253164556962026
554430,Zack Wheeler,PHI,2024,34,200,32,787,3136,200,6.25,0.2186,27.09883103081828,110.0621,113.3426,34.40688775510204,0,0.426,4,2.565,0.955,0.2846,0.0661,3.317,3.3007,0.8049268447548257,0.7306592184062689,14,13,0.9238854840763052,TRUE,1.1055732439164785,0.27021948648806887,1.00621,1.3342600000000004,-0.3534869714394329,-0.2663688813513714,0.41628866035872414,0.8676957001102535,0.969097651421508,0.969097651421508,0.9126891734575088,0.9543517954960439,0.83991462113127,0.9543517954960439
669203,Corbin Burnes,BAL,2024,29,194.33333333333334,32,784,2997,194.33333333333334,6.072916666666667,0.1696,29.176201372997713,113.1886,119.235,35.50216883550217,0,0.4818,4,2.9177,1.0961,0.2309,0.0612,3.7489,3.5461,0.7199392000595047,0.6752563773325178,17,14,0.9222511065098978,TRUE,0.03631126397199233,0.7834375207657767,1.3188599999999995,1.9235,0.14640231577152066,-0.2663688813513714,0.41628866035872414,0.8672566371681416,0.9677106877623507,0.9677106877623507,0.9090081892629663,0.9523355576739753,0.8394004282655246,0.9523355576739753
579328,Yusei Kikuchi,2 Tms,2024,33,175.66666666666666,32,736,2926,175.66666666666666,5.489583333333333,0.2201,28,103.9134,110.2773,34.72317156527683,0,0.4259,4,4.0474,1.2011,0.2799,0.0598,3.2953,3.1991,0.7336973930372881,0.659532493934456,16,15,0.9191279037134937,TRUE,1.138305753506616,0.492854881595468,0.3913399999999996,1.0277299999999996,-0.2091341735559163,-0.2663688813513714,0.41628866035872414,0.8598130841121495,0.9669530733641771,0.9669530733641771,0.9070055796652201,0.9512353706111834,0.8306997742663657,0.9512353706111834
680570,Grayson Rodriguez,BAL,2024,24,116.66666666666667,20,491,1879,116.66666666666667,5.833333333333334,0.1914,30.379746835443036,107.6898,112.7754,33.74135178286323,0,0.4062,4,3.8571,1.2429,0.2648,0.0733,3.6133,3.5733,0.7392744357644466,0.6584617275279347,15,16,0.8832851759554543,TRUE,0.5120237366819881,1.0807755658213418,0.7689800000000006,1.2775400000000006,-0.6572394133734889,-0.2663688813513714,0.41628866035872414,0.8036006546644845,0.9494694290045478,0.9494694290045478,0.8623221661312529,0.9260719566288812,0.765990639625585,0.9260719566288812
594798,Jacob deGrom,TEX,2024,36,10.666666666666666,3,44,172,10.666666666666666,3.5555555555555554,0.2955,NA,115.9837,131.4157,31.976744186046513,0,0.3704,NA,1.6875,1.125,0.3182,0.0227,2.5898,2.805,1.6630487189298506,0.5676978564240012,2,17,0.4560760642883696,TRUE,2.7836599022375195,NA,1.5983699999999998,3.141569999999999,-1.462611157270945,-0.2663688813513714,NA,0.2682926829268293,0.6323529411764706,0.6323529411764706,0.3644067796610169,0.5341614906832298,0.2268041237113402,0.5341614906832298
680885,Spencer Schwellenbach,ATL,2024,24,123.66666666666667,21,500,1887,123.66666666666667,5.888888888888889,0.208,25.135135135135137,107.0477,112.5204,30.73661897191309,0,0.4164,5,3.3477,1.0431,0.254,0.046,3.4208,3.3444,0.6586251756630943,0.564030344443513,19,18,0.8843683590337389,TRUE,0.874263509479508,-0.21491507379663477,0.7047700000000006,1.2520399999999996,-2.028607704129052,-0.2663688813513714,1.6311718936505115,0.8064516129032258,0.949672873678913,0.949672873678913,0.8628257887517147,0.9263622974963182,0.7692307692307693,0.9263622974963182
657746,Joe Ryan,MIN,2024,28,135,23,538,2108,135,5.869565217391305,0.2305,26.143790849673202,105.008,113.2561,32.06831119544592,0,0.3565,3,3.6,0.9852,0.2732,0.0428,3.2793,3.4365,0.6647922373034355,0.5580304321916161,18,19,0.893082936697212,TRUE,1.3652511533315685,0.034275112742328126,0.5007999999999996,1.3256100000000004,-1.4208197231999875,-0.2663688813513714,-0.7985945729330632,0.817629179331307,0.9547101449275363,0.9547101449275363,0.8754152823920266,0.933569530558016,0.7819767441860465,0.933569530558016
601713,Nick Pivetta,BOS,2024,31,145.66666666666666,26,595,2388,139.66666666666666,5.602564102564102,0.2286,26.435045317220546,102.7811,108.6093,33.584589614740366,0,0.3351,3,4.1396,1.1259,0.2891,0.0605,3.3052,3.4976,0.5595468284581173,0.47419230687120206,21,20,0.9029470350926845,TRUE,1.3237899745173942,0.10623004647476358,0.2781099999999995,0.8609300000000004,-0.7287860965828368,-0.2663688813513714,-0.7985945729330632,0.8321678321678322,0.9598070739549839,0.9598070739549839,0.8883928571428571,0.9408983451536643,0.7986577181208053,0.9408983451536643
657376,Clarke Schmidt,NYY,2024,28,85.33333333333333,16,353,1456,85.33333333333333,5.333333333333333,0.1785,30.309734513274336,106.8097,105.6847,37.637362637362635,0,0.4045,4,2.8477,1.1836,0.2635,0.085,3.7727,3.9171,0.5189800300519419,0.46206426975552295,23,21,0.851701777855781,TRUE,0.23052415420680702,1.0634788972259186,0.6809700000000006,0.5684700000000007,1.1209106194111191,-0.2663688813513714,0.41628866035872414,0.7463002114164905,0.9357326478149101,0.9357326478149101,0.8291571753986332,0.9066002490660025,0.7017892644135189,0.9066002490660025
683003,Jared Jones,PIT,2024,22,121.66666666666667,22,504,1912,121.66666666666667,5.53030303030303,0.1845,32.01634877384196,103.7816,110.1303,33.26359832635983,0,0.3872,2,4.1425,1.1918,0.2619,0.0774,3.7159,3.7841,0.47210785254541393,0.42211109733076174,24,22,0.8854024636406227,TRUE,0.3614541925673565,1.485100982751566,0.3781599999999997,1.0130300000000005,-0.8752874004224421,-0.2663688813513714,-2.013477806224851,0.8076923076923077,0.9502982107355865,0.9502982107355865,0.864376130198915,0.92725509214355,0.7706422018348624,0.92725509214355
668881,Hunter Greene,CIN,2024,24,150.33333333333334,26,611,2563,150.33333333333334,5.782051282051283,0.1833,30.124223602484474,113.1336,108.4787,35.73936792820913,0,0.3398,2,2.7539,1.0177,0.2766,0.0933,3.805,4.1949,0.45609085784415393,0.4196577871466781,27,23,0.9068950133898769,TRUE,0.33526818489524646,1.0176480970842574,1.31336,0.8478700000000003,0.2546606318350552,-0.2663688813513714,-2.013477806224851,0.8358413132694938,0.9624483665039429,0.9624483665039429,0.8952148096402375,0.9447106524143015,0.8028909329829172,0.9447106524143015
641927,Bailey Ober,MIN,2024,28,178.66666666666666,31,709,2697,178.66666666666666,5.763440860215053,0.2087,28.500619578686493,96.8207,104.4237,32.480533926585096,0,0.3355,4,3.9795,1.0019,0.2694,0.0606,3.5648,3.8315,0.47112965953279734,0.41910545521192016,25,24,0.9148066100855515,TRUE,0.8895386806215723,0.6165338380519589,-0.31792999999999977,0.44236999999999965,-1.232680138824044,-0.2663688813513714,0.41628866035872414,0.8552472858866104,0.9642474079370754,0.9642474079370754,0.8998998998998999,0.9473129610115911,0.8253783469150174,0.9473129610115911
607074,Carlos Rodón,NYY,2024,31,175,32,736,3102,175,5.46875,0.1875,28.8604898828541,111.0294,105.5213,36.13797549967763,0,0.3383,3,3.96,1.2229,0.2649,0.0774,3.7768,4.091,0.4433865748806394,0.4114610911127692,30,25,0.9210882217791033,TRUE,0.42691921174763126,0.7054404361436859,1.1029399999999996,0.5521299999999997,0.43658622001876213,-0.2663688813513714,-0.7985945729330632,0.8598130841121495,0.9687695190505934,0.9687695190505934,0.9118165784832452,0.9538745387453874,0.8306997742663657,0.9538745387453874
669923,George Kirby,SEA,2024,26,191,33,778,2969,191,5.787878787878788,0.2005,24.94824016563147,104.1489,112.0364,31.559447625463118,0,0.4128,4,3.534,1.0681,0.2301,0.0296,3.562,3.5762,0.4553266410112865,0.405221770181104,28,26,0.9216583019866393,TRUE,0.7106009615288218,-0.2610878081028504,0.41488999999999976,1.20364,-1.65306645131237,-0.2663688813513714,0.41628866035872414,0.8663697104677061,0.9674160964483545,0.9674160964483545,0.9082288161517283,0.9519076627124078,0.8383620689655172,0.9519076627124078
680694,Kyle Bradish,BAL,2024,27,39.333333333333336,8,163,674,39.333333333333336,4.916666666666667,0.2331,26.85512367491166,97.1223,106.7662,37.53709198813056,0,0.5495,4,2.7458,1.0678,0.3252,0.092,3.0928,2.9208,0.63620335907955194,0.3972021975307929,20,27,0.7380363840485558,TRUE,1.4219875032878064,0.2100111511720884,-0.2877700000000004,0.6766199999999998,1.0751468202642471,-0.2663688813513714,0.41628866035872414,0.5759717314487632,0.8708010335917312,0.8708010335917312,0.6919917864476386,0.8179611650485437,0.5207667731629393,0.8179611650485437
686752,Ryan Pepiot,TBR,2024,26,130,26,539,2150,130,5,0.1744,29.70149253731343,109.6833,108.0632,36,0,0.3529,3,3.6,1.1538,0.2635,0.0891,3.8796,4.0539,0.4263533303470064,0.3930411739818966,31,28,0.8940609207839766,TRUE,0.1410552946604318,0.9132116362904678,0.9683300000000002,0.8063199999999995,0.3736138237812332,-0.2663688813513714,-0.7985945729330632,0.8179059180576631,0.9555555555555556,0.9555555555555556,0.8775510204081632,0.9347826086956522,0.7822931785195936,0.9347826086956522
605397,Joe Musgrove,SDP,2024,31,99.66666666666667,19,410,1582,99.66666666666667,5.245614035087719,0.1902,27.889447236180903,108.1603,104.2915,34.51327433628319,0,0.413,4,3.8829,1.1739,0.2463,0.0561,3.6242,3.7411,0.4482696749517813,0.3894237998800966,29,29,0.8648866640735091,TRUE,0.48583772900987865,0.46554262485472747,0.8160300000000007,0.4291499999999999,-0.30493184418750763,-0.2663688813513714,0.41628866035872414,0.7735849056603774,0.9405469678953626,0.9405469678953626,0.8405951115834219,0.9133949191685913,0.7321428571428571,0.9133949191685913
669620,Brady Basso,OAK,2024,26,22.333333333333332,4,93,350,19,5.583333333333333,0.1505,38.888888888888886,89.9613,95.1326,36.285714285714285,0,0.4203,4,4.0299,1.2537,0.2043,0.0538,4.0282,3.9646,0.3580113387791948,0.3462876621132903,36,30,0.6161932659585242,TRUE,-0.3804826914757566,3.182974229867759,-1.0038700000000005,-0.48674000000000034,0.5040146069112802,-0.2663688813513714,0.41628866035872414,0.43661971830985913,0.7777777777777778,0.7777777777777778,0.5384615384615384,0.7,0.38271604938271603,0.7
642547,Freddy Peralta,MIL,2024,28,173.66666666666666,32,725,3070,173.66666666666666,5.427083333333333,0.1821,32.33256351039261,98.879,100.3098,39.21824104234528,0,0.3665,3,3.6795,1.215,0.2759,0.0938,3.7794,3.9345,0.36070781185845924,0.34077126024858495,35,31,0.9201828054607645,TRUE,0.3090821772231371,1.5632223952927244,-0.1120999999999995,0.030979999999999563,1.8424278565620276,-0.2663688813513714,-0.7985945729330632,0.8579881656804734,0.9684542586750788,0.9684542586750788,0.9109792284866469,0.953416149068323,0.8285714285714286,0.953416149068323
672282,Reid Detmers,LAA,2024,24,87.33333333333333,17,391,1559,87.33333333333333,5.137254901960784,0.1816,29.650092081031307,104.3502,101.3756,34.50930083386786,0,0.3833,4,6.6985,1.5573,0.2788,0.0972,3.7747,3.8622,0.3779428561085895,0.33814361350110156,33,32,0.8614898753718228,TRUE,0.29817134069309126,0.9005130622334158,0.4350200000000001,0.13756000000000057,-0.306745361581055,-0.2663688813513714,0.41628866035872414,0.7651663405088063,0.9397227245328511,0.9397227245328511,0.8386229155459924,0.9122293739028672,0.722735674676525,0.9122293739028672
675911,Spencer Strider,ATL,2024,25,9,2,42,178,9,4.5,0.1667,32.967032967032964,107.358,107.1307,35.39325842696629,0,0.4,NA,7,1.6667,0.2857,0.119,3.9746,4.0145,0.5593930946034003,0.33137519649310043,22,33,0.45947651281780505,TRUE,-0.026971587902273494,1.7199692019331754,0.7358000000000005,0.7130700000000004,0.0966953067971995,-0.2663688813513714,NA,0.25925925925925924,0.6402877697841727,0.6402877697841727,0.3723849372384937,0.5426829268292683,0.21875,0.5426829268292683
808967,Yoshinobu Yamamoto,LAD,2024,25,90,18,368,1474,90,5,0.2255,26.73611111111111,96.9948,105.3473,33.44640434192673,0,0.479,3,3,1.1111,0.2853,0.0598,3.143,2.8598,0.42243142773046083,0.3159276214223442,32,34,0.8548028352295773,TRUE,1.2561427880311107,0.1806088858138626,-0.30052000000000023,0.5347300000000004,-0.7918542338546178,-0.2663688813513714,-0.7985945729330632,0.7540983606557377,0.9364675984752223,0.9364675984752223,0.830890642615558,0.9076354679802956,0.7104247104247104,0.9076354679802956
664285,Framber Valdez,HOU,2024,30,176.33333333333334,28,703,2605,176.33333333333334,6.297619047619048,0.1622,25.0788643533123,107.2923,110.3749,36.77543186180422,1,0.6056,3,2.9093,1.1059,0.2404,0.0782,3.4148,3.0849,0.36144831988207715,0.3091859118791719,34,35,0.913177391434823,TRUE,-0.125169116672685,-0.228816870432514,0.7292299999999997,1.0374899999999996,0.7275230509326475,3.7291643389191993,-0.7985945729330632,0.8541919805589308,0.9630314232902033,0.9630314232902033,0.8967297762478486,0.9455535390199638,0.8241500586166471,0.9455535390199638
641154,Pablo López,MIN,2024,28,185.33333333333334,32,772,2986,185.33333333333334,5.791666666666667,0.2034,28.47222222222222,93.6738,106.128,33.32217012726055,0,0.4288,3,4.0791,1.1924,0.2565,0.0531,3.4551,3.3567,0.33102936086790824,0.2908880981139312,38,36,0.9215732227047092,TRUE,0.773883813403087,0.609518220678705,-0.63262,0.6128,-0.8485550699486755,-0.2663688813513714,-0.7985945729330632,0.8654708520179372,0.9675955930006481,0.9675955930006481,0.9087035909920876,0.9521683673469388,0.8373101952277657,0.9521683673469388
686613,Hunter Brown,HOU,2024,25,170,30,712,2890,165,5.666666666666667,0.1671,26.199740596627755,104.5516,104.9876,36.98961937716263,0,0.4893,5,3.4941,1.2706,0.2514,0.0843,3.7439,3.4706,0.2839249149531724,0.26918157825020406,39,37,0.9174482256964097,TRUE,-0.01824291867823662,0.048097597143557144,0.45515999999999934,0.49876000000000004,0.8252788200206029,-0.2663688813513714,1.6311718936505115,0.8557692307692307,0.9665551839464883,0.9665551839464883,0.9059561128526645,0.9506578947368421,0.8259860788863109,0.9506578947368421
605400,Aaron Nola,PHI,2024,31,199.33333333333334,33,820,3193,199.33333333333334,6.040404040404041,0.1793,24.20937840785169,111.6037,111.1888,34.48167867209521,0,0.4452,3,3.5669,1.199,0.2402,0.061,3.6796,3.4439,0.2508385945632786,0.22642069825398917,41,38,0.9259057922196191,TRUE,0.24798149265488018,-0.44362491823261324,1.1603700000000003,1.11888,-0.31935219192520164,-0.2663688813513714,-0.7985945729330632,0.8723404255319149,0.9696325539022168,0.9696325539022168,0.9141139421700544,0.9551301226443314,0.845360824742268,0.9551301226443314
671737,Taj Bradley,TBR,2024,23,138,25,578,2296,138,5.52,0.1851,27.923211169284468,108.5022,100.2858,35.40940766550523,0,0.4201,3,4.1087,1.2246,0.2664,0.0813,3.6895,3.6212,0.243648194476177,0.22110608532197107,44,39,0.9000503131675244,TRUE,0.3745471964034112,0.47388406452249315,0.8502200000000002,0.028579999999999474,0.10406586353070896,-0.2663688813513714,-0.7985945729330632,0.828080229226361,0.9582637729549248,0.9582637729549248,0.884437596302003,0.9386753883892068,0.7939560439560439,0.9386753883892068
666157,Nick Lodolo,CIN,2024,26,115.33333333333333,21,493,1865,115.33333333333333,5.492063492063492,0.1724,29.545454545454547,104.2249,96.9044,36.35388739946381,0,0.4473,4,4.7601,1.1965,0.2475,0.0751,3.7828,3.9498,0.22989170875854173,0.22076171979275563,47,40,0.8831038954368157,TRUE,0.09741194854024864,0.874662173140608,0.42249000000000053,-0.30956000000000045,0.535129002886011,-0.2663688813513714,0.41628866035872414,0.8042414355628059,0.9491094147582697,0.9491094147582697,0.8614318706697459,0.9255583126550868,0.7667185069984448,0.9255583126550868
676440,Tanner Bibee,CLE,2024,25,173.66666666666666,31,710,2853,173.66666666666666,5.602150537634408,0.2014,27.57847533632287,102.7688,99.4641,33.753943217665615,0,0.3462,3,3.4722,1.1171,0.2634,0.062,3.5785,3.7221,0.25013482386590197,0.21941456688614908,42,41,0.9168896812995182,TRUE,0.7302404672829038,0.3887164644343829,0.2768799999999999,-0.053589999999999804,-0.6514926480171206,-0.2663688813513714,-0.7985945729330632,0.8554216867469879,0.9661361327463597,0.9661361327463597,0.9048525214081827,0.9500499500499501,0.8255813953488372,0.9500499500499501
694297,Brandon Pfaadt,ARI,2024,25,181.66666666666666,32,760,2797,181.66666666666666,5.677083333333333,0.1882,24.03846153846154,102.9736,108.4578,33.178405434393994,0,0.4149,4,4.7064,1.2385,0.2434,0.0553,3.6499,3.579,0.24730663517432108,0.21564351322645625,43,42,0.9187282697482219,TRUE,0.4421943828896955,-0.4858502345145843,0.29736000000000046,0.8457800000000006,-0.9141696698255485,-0.2663688813513714,0.41628866035872414,0.8636363636363636,0.9654815326199516,0.9654815326199516,0.903132063287052,0.9491007804546997,0.8351648351648352,0.9491007804546997
622491,Luis Castillo,SEA,2024,31,175.33333333333334,30,719,2859,175.33333333333334,5.844444444444445,0.178,26.305015353121803,103.036,105.1335,34.20776495278069,0,0.393,4,3.6445,1.1692,0.2434,0.0654,3.7903,3.8192,0.23460445629020513,0.21456363963900216,46,43,0.9174431896256207,TRUE,0.21961331767676123,0.07410591279624716,0.30360000000000015,0.5133499999999998,-0.4443671642055698,-0.2663688813513714,0.41628866035872414,0.8569725864123957,0.9662047989185536,0.9662047989185536,0.9050332383665717,0.9501495513459621,0.8273878020713463,0.9501495513459621
684007,Shota Imanaga,CHC,2024,30,173.33333333333334,29,694,2594,173.33333333333334,5.977011494252874,0.2104,27.4390243902439,97.4705,105.7124,31.457208943716267,0,0.3724,2,2.9077,1.0212,0.2507,0.0403,3.4984,3.6231,0.25095650114189083,0.20660730686703058,40,44,0.9125176411105463,TRUE,0.926635524823728,0.35426486041767663,-0.2529499999999999,0.5712400000000002,-1.6997284658932756,-0.2663688813513714,-2.013477806224851,0.8525798525798526,0.9628804751299184,0.9628804751299184,0.8963372494816862,0.9453352769679301,0.8222748815165877,0.9453352769679301
669022,MacKenzie Gore,WSN,2024,25,166.33333333333334,32,731,2995,166.33333333333334,5.197916666666667,0.1587,30.097087378640776,104.3396,103.8614,35.85976627712855,0,0.3915,3,3.8958,1.4188,0.2476,0.0889,3.9813,3.8698,0.19159108863865978,0.1913517950130464,54,45,0.9196673505285896,TRUE,-0.20154497238300553,1.0109440447658,0.43396000000000046,0.3861400000000003,0.30961076828835626,-0.2663688813513714,-0.7985945729330632,0.8589894242068156,0.9676898222940227,0.9676898222940227,0.9089529590288316,0.9523052464228935,0.8297389330306469,0.9523052464228935
650633,Michael King,SDP,2024,29,173.66666666666666,30,726,2895,170.33333333333334,5.788888888888889,0.1901,27.614571092831962,95.6541,100.1001,35.33678756476684,0,0.404,4,2.9539,1.1919,0.2769,0.0868,3.6298,3.4975,0.21221601689314334,0.18956324537035293,50,46,0.9182466153259482,TRUE,0.4836555617038691,0.3976339852178593,-0.43459000000000003,0.010009999999999764,0.0709218505052672,-0.2663688813513714,0.41628866035872414,0.8581560283687943,0.9666110183639399,0.9666110183639399,0.9061032863849765,0.9507389162561576,0.8287671232876712,0.9507389162561576
543037,Gerrit Cole,NYY,2024,33,95,17,390,1537,95,5.588235294117647,0.1795,24.271844660194176,106.9064,106.9332,35.068314899154196,0,0.3867,4,3.4105,1.1263,0.2538,0.0744,3.7882,3.986,0.22434247904508994,0.18518650616344404,48,47,0.8605161689007332,TRUE,0.2523458272668986,-0.42819251959623356,0.6906400000000005,0.6933199999999999,-0.051609809951882094,-0.2663688813513714,0.41628866035872414,0.7647058823529411,0.938912645082468,0.938912645082468,0.8366902558519325,0.9110847658565501,0.7222222222222222,0.9110847658565501
543135,Nathan Eovaldi,TEX,2024,34,170.66666666666666,29,696,2623,170.66666666666666,5.885057471264368,0.1782,27.93914246196404,99.7103,101.3767,32.215020968356846,0,0.4833,4,3.7969,1.1074,0.2385,0.0603,3.6356,3.4734,0.19861753245296423,0.18345637433115197,52,48,0.9130524927895952,TRUE,0.22397765228877967,0.47781991868701085,-0.028969999999999628,0.13766999999999996,-1.3538609807185318,-0.2663688813513714,0.41628866035872414,0.8529411764705882,0.9632757987513771,0.9632757987513771,0.8973657201505303,0.9459069599711504,0.8226950354609929,0.9459069599711504
700241,Michael McGreevy,STL,2024,23,23,3,86,311,20,7.666666666666667,0.186,NA,90.9325,109.6687,34.40514469453376,1,0.625,4,1.9565,0.7826,0.2093,0.0233,2.7668,2.7157,0.46402283149115797,0.17106902665206017,26,49,0.5933581315032074,TRUE,0.39418670215749385,NA,-0.9067499999999995,0.9668700000000001,-0.354282509060447,3.7291643389191993,0.41628866035872414,0.4174757281553398,0.7566909975669099,0.7566909975669099,0.5090016366612111,0.6746203904555315,0.3644067796610169,0.6746203904555315
681217,Chase Silseth,LAA,2024,24,8,2,38,167,8,4,0.2105,32.394366197183096,95.1157,87.945,36.52694610778443,0,0.2381,NA,6.75,1.5,0.3158,0.1053,3.5799,3.5565,0.33613726343694317,0.16195947480922665,37,50,0.44354282737012457,TRUE,0.928817692129737,1.578490858880405,-0.4884299999999996,-1.2055000000000007,0.6141134717097045,-0.2663688813513714,NA,0.24050632911392406,0.6254681647940075,0.6254681647940075,0.3576017130620985,0.526813880126183,0.20212765957446807,0.526813880126183
676962,Ben Brown,CHC,2024,24,55.333333333333336,8,222,849,39,6.916666666666667,0.2027,31.39240506329114,99.7233,93.6878,34.628975265017665,0,0.3869,2,3.5783,1.0843,0.2883,0.0856,3.4308,3.6317,0.21321677944489215,0.16147224779589725,49,51,0.7819645626525528,TRUE,0.7586086422610228,1.3309545803855438,-0.027670000000000528,-0.6312200000000004,-0.2521256231820343,-0.2663688813513714,-2.013477806224851,0.6491228070175439,0.8946259220231823,0.8946259220231823,0.7389033942558747,0.8498498498498499,0.5967741935483871,0.8498498498498499
701542,Will Warren,NYY,2024,25,22.666666666666668,5,110,458,21.666666666666668,4.533333333333333,0.1727,NA,103.2276,106.5362,38.646288209606986,0,0.3623,4,10.3235,1.8971,0.2636,0.0909,3.8465,3.998,0.23538944734940093,0.15705592967045398,45,52,0.6648164909751951,TRUE,0.10395845045827598,NA,0.32275999999999955,0.6536199999999994,1.5813870160032002,-0.2663688813513714,0.41628866035872414,0.4782608695652174,0.8207885304659498,0.8207885304659498,0.604221635883905,0.7532894736842105,0.4230769230769231,0.7532894736842105
608331,Max Fried,ATL,2024,30,174.33333333333334,29,714,2766,174.33333333333334,6.011494252873564,0.1527,24.07170294494238,103.5126,104.2842,36.478669558929866,1,0.5879,4,3.2524,1.1644,0.2325,0.0798,3.61,3.3261,0.18101035090903753,0.14953331878680673,55,53,0.9159989013748483,TRUE,-0.332475010743555,-0.4776378859774309,0.3512600000000006,0.42841999999999986,0.5920799224886243,3.7291643389191993,0.41628866035872414,0.8561151079136691,0.9651081646894627,0.9651081646894627,0.9021526418786693,0.948559670781893,0.8263888888888888,0.948559670781893
650911,Cristopher Sánchez,PHI,2024,27,181.66666666666666,31,754,2798,181.66666666666666,5.860215053763441,0.1446,23.785166240409207,106.63720000000001,110.7489,32.2373123659757,1,0.5738,3,3.3193,1.244,0.2029,0.0584,3.5778,3.1908,0.14364605506962336,0.11476928366241718,56,54,0.9184510480355864,TRUE,-0.5092305625302965,-0.5484272879743066,0.6637200000000008,1.0748900000000006,-1.3436871257455667,3.7291643389191993,-0.7985945729330632,0.8627002288329519,0.9654934437543133,0.9654934437543133,0.9031633311814073,0.9491180461329715,0.834070796460177,0.9491180461329715
502171,Alex Cobb,CLE,2024,36,16.333333333333332,3,62,242,16.333333333333332,5.444444444444444,0.1129,NA,101.264,117.4964,37.603305785123965,1,0.6122,NA,2.7551,1.0408,0.1613,0.0484,3.8659,3.6964,0.19777218566427487,0.10133793372858589,53,55,0.5327864559580375,TRUE,-1.2009775985351991,NA,0.12639999999999957,1.7496399999999994,1.105366978701085,3.7291643389191993,NA,0.34065934065934067,0.7076023391812866,0.7076023391812866,0.44649446494464945,0.6173469387755102,0.29245283018867924,0.6173469387755102
687792,DJ Herz,WSN,2024,23,88.66666666666667,19,382,1587,88.66666666666667,4.666666666666667,0.1832,30.851063829787233,98.8006,91.2625,35.72778827977316,0,0.3636,3,4.1617,1.2632,0.2775,0.0942,3.7659,3.8515,0.09728354685379353,0.09407722243364604,59,56,0.8612505084224528,TRUE,0.33308601758923756,1.1972152667488292,-0.11993999999999971,-0.8737499999999997,0.2493756485495817,-0.2663688813513714,-0.7985945729330632,0.7609561752988048,0.9407231772377,0.9407231772377,0.8410174880763116,0.9136442141623489,0.7180451127819549,0.9136442141623489
661563,Luis Gil,NYY,2024,26,151.66666666666666,29,637,2666,151.66666666666666,5.229885057471264,0.1476,29.329962073324904,105.6282,102.1891,39.19729932483121,0,0.3562,3,3.5011,1.1934,0.2684,0.1209,4.223,4.3574,0.07434378123618299,0.08984177683946362,61,57,0.9101279034342173,TRUE,-0.44376554335002183,0.8214243749962526,0.5628200000000007,0.21890999999999963,1.832869999288297,-0.2663688813513714,-0.7985945729330632,0.8414795244385733,0.9638467100506146,0.9638467100506146,0.8988536749831423,0.9467329545454546,0.8094027954256671,0.9467329545454546
680732,Sean Burke,CHW,2024,24,19,3,76,309,16,6.333333333333333,0.1974,NA,99.6459,103.5665,37.2168284789644,0,0.3191,3,1.4211,1,0.2895,0.0921,3.5554,3.468,0.20232948272103546,0.07009052717433435,51,58,0.584119303455578,TRUE,0.6429537750425375,NA,-0.035410000000000254,0.35665000000000047,0.9289776768528917,-0.2663688813513714,-0.7985945729330632,0.3877551020408163,0.7555012224938875,0.7555012224938875,0.5073891625615764,0.673202614379085,0.336283185840708,0.673202614379085
607644,John Means,BAL,2024,31,20.666666666666668,4,80,320,20.666666666666668,5.166666666666667,0.175,26.28205128205128,99.1762,102.7778,34.6875,0,0.1833,4,2.6129,0.871,0.2,0.025,4.6058,4.5411,0.12465969166447215,0.06767998799149356,58,59,0.5927809672405263,TRUE,0.1541482984964865,0.06843259823382676,-0.08238000000000056,0.2777799999999999,-0.22541477372242202,-0.2663688813513714,0.41628866035872414,0.4,0.7619047619047619,0.7619047619047619,0.5161290322580645,0.6808510638297872,0.34782608695652173,0.6808510638297872
682243,Bryce Miller,SEA,2024,25,180.33333333333334,31,704,2749,180.33333333333334,5.817204301075269,0.179,23.373493975903614,105.3903,108.395,34.88541287740997,0,0.381,3,2.9445,0.976,0.2429,0.0639,3.8044,3.8544,0.08185437278335628,0.06345112930063562,60,60,0.9152354225770643,TRUE,0.24143499073685282,-0.6501316524135117,0.5390299999999997,0.8394999999999996,-0.13508679400218834,-0.2663688813513714,-0.7985945729330632,0.8543689320388349,0.9648999648999649,0.9648999648999649,0.9016070842899311,0.948258020006899,0.8243559718969555,0.948258020006899
656731,Tylor Megill,NYM,2024,28,78,15,337,1367,76,5.2,0.1751,27.24550898203593,103.3799,99.7125,36.28383321141185,0,0.4019,3,4.0385,1.3077,0.27,0.095,3.8098,3.7879,0.0719227765490733,0.06344538063280847,62,61,0.8450506194774462,TRUE,0.15633046580249602,0.3064565349658227,0.3379900000000006,-0.028749999999999432,0.50315607944371,-0.2663688813513714,-0.7985945729330632,0.737417943107221,0.9318336741649625,0.9318336741649625,0.8200359928014397,0.9011206328279499,0.6919917864476386,0.9011206328279499
641482,Nestor Cortes,NYY,2024,29,174.33333333333334,30,710,2851,170,5.811111111111112,0.1732,24.60233297985154,108.1895,104.5544,34.970185899684324,0,0.3106,3,3.7686,1.153,0.2282,0.0549,4.0154,4.1642,0.06323665484649017,0.05492194843623133,63,62,0.916864985392697,TRUE,0.11486928698832177,-0.34654479298608637,0.8189499999999995,0.4554400000000001,-0.09639615427711938,-0.2663688813513714,-0.7985945729330632,0.8554216867469879,0.9661131819722129,0.9661131819722129,0.9047921294827039,0.9500166611129623,0.8255813953488372,0.9500166611129623
592662,Robbie Ray,SFG,2024,32,30.666666666666668,7,129,568,30.666666666666668,4.380952380952381,0.2171,NA,104.9662,89.5492,37.147887323943664,0,0.2812,3,4.6957,1.1413,0.3333,0.1163,3.5126,4.0928,0.1338388846924969,0.046635347993444425,57,63,0.702512466440554,TRUE,1.072840734326341,NA,0.49662000000000006,-1.04508,0.8975127447368118,-0.2663688813513714,-0.7985945729330632,0.5180722891566265,0.8502994011976048,0.8502994011976048,0.6543778801843319,0.7910863509749304,0.46236559139784944,0.7910863509749304
624133,Ranger Suarez,PHI,2024,28,150.66666666666666,27,626,2355,150.66666666666666,5.580246913580247,0.1661,22.64851485148515,97.4348,107.8821,35.24416135881104,0,0.5188,5,3.4646,1.2013,0.2316,0.0655,3.6128,3.2615,0.05643338806947432,0.04455114160109305,65,64,0.904517413949176,TRUE,-0.0400645917383282,-0.8292390333035581,-0.2565200000000004,0.7882099999999994,0.02864699622276436,-0.2663688813513714,1.6311718936505115,0.839142091152815,0.9592668024439919,0.9592668024439919,0.8870056497175142,0.9401197604790419,0.8067010309278351,0.9401197604790419
625643,Reynaldo López,ATL,2024,30,135.66666666666666,25,543,2117,134.66666666666666,5.426666666666666,0.1952,26.11731843575419,97.9595,98.4864,34.81341521020312,0,0.3937,3,1.9902,1.1057,0.2726,0.0773,3.5784,3.4399,0.06174185594537295,0.039118927207025866,64,65,0.8936982884211052,TRUE,0.5949460943103365,0.02773505584527625,-0.20404999999999945,-0.15135999999999966,-0.16794672665777308,-0.2663688813513714,-0.7985945729330632,0.8190045248868778,0.95489400090212,0.95489400090212,0.8758791890773686,0.9338332598147331,0.7835497835497836,0.9338332598147331
506433,Yu Darvish,SDP,2024,37,81.66666666666667,16,331,1264,81.66666666666667,5.104166666666667,0.1692,24.358974358974358,99.7656,100.6873,33.06962025316456,0,0.3867,5,3.3061,1.0653,0.2356,0.0665,3.9053,3.9891,0.043407784318650805,0.0366422739208546,66,66,0.8387809719732815,TRUE,0.027582594747955456,-0.40666697269338337,-0.02343999999999937,0.06872999999999933,-0.9638195247139675,-0.2663688813513714,1.6311718936505115,0.7339246119733924,0.9266862170087976,0.9266862170087976,0.8081841432225064,0.8939179632248939,0.6881496881496881,0.8939179632248939
681293,Spencer Arrighetti,HOU,2024,24,145,28,632,2509,142.66666666666666,5.178571428571429,0.1677,26.666666666666668,100.368,98.3389,35.751295336787564,0,0.3599,4,4.531,1.4069,0.2706,0.1028,3.9336,4.0076,0.026980939110618284,0.03010638061652634,67,67,0.9074754298580199,TRUE,-0.005149914842181913,0.1634525124192693,0.0367999999999995,-0.16611000000000048,0.26010433380274595,-0.2663688813513714,0.41628866035872414,0.8404255319148937,0.9616711383671905,0.9616711383671905,0.8932004271982912,0.9435878149680331,0.8081841432225064,0.9435878149680331
665795,Edward Cabrera,MIA,2024,26,96.33333333333333,20,418,1734,96.33333333333333,4.816666666666666,0.1364,32.926829268292686,98.7248,95.8719,38.63898500576701,0,0.4704,3,4.9516,1.3702,0.256,0.1196,4.2233,3.9449,-0.023848233196815276,0.027170502029805338,72,68,0.8710125167960341,TRUE,-0.6881682816230477,1.710036806722155,-0.1275199999999998,-0.41281000000000034,1.5780538137528817,-0.2663688813513714,-0.7985945729330632,0.7769516728624535,0.945474372955289,0.945474372955289,0.8525073746312685,0.9203821656050956,0.7359154929577465,0.9203821656050956
571760,Andrew Heaney,TEX,2024,33,160,31,693,2735,157.66666666666666,5.161290322580645,0.1703,27.552275522755227,99.3799,100.4641,34.515539305301644,0,0.3354,3,4.275,1.25,0.2294,0.0592,3.9529,4.1761,0.011900408572017032,0.012490601006789,68,69,0.9144404172928507,TRUE,0.051586435114056556,0.3822437539385155,-0.062009999999999364,0.046410000000000194,-0.3038981061193062,-0.2663688813513714,-0.7985945729330632,0.8523985239852399,0.9647266313932981,0.9647266313932981,0.9011532125205931,0.9480069324090121,0.8220640569395018,0.9480069324090121
677960,Ryan Weathers,MIA,2024,24,86.66666666666667,16,367,1415,86.66666666666667,5.416666666666667,0.1526,26.937269372693727,100.2067,99.3833,37.314487632508836,0,0.4661,4,3.6346,1.1769,0.218,0.0654,3.9766,4.0328,-0.03939520331656215,-0.013646110602914688,73,70,0.8521177752688793,TRUE,-0.3346571780495639,0.23030539177237216,0.02066999999999979,-0.06166999999999945,0.9735495822099328,-0.2663688813513714,0.41628866035872414,0.7535934291581109,0.933993399339934,0.933993399339934,0.8250728862973761,0.9041533546325878,0.7098646034816247,0.9041533546325878
657277,Logan Webb,SFG,2024,27,204.66666666666666,33,841,3202,204.66666666666666,6.2020202020202015,0.1451,19.795221843003414,108.9371,112.3706,33.885071830106185,1,0.5682,3,3.4739,1.2313,0.2045,0.0595,3.6143,3.2822,0.007731882973690913,-0.01638595640750765,69,71,0.9268620456874839,TRUE,-0.49831972600025076,-1.534150141014384,0.8937100000000001,1.2370599999999996,-0.5916451898815969,3.7291643389191993,-0.7985945729330632,0.8751300728407908,0.9697153240460327,0.9697153240460327,0.9143346659051971,0.9552505966587113,0.8486377396569122,0.9552505966587113
656557,Tanner Houck,BOS,2024,28,178.66666666666666,30,743,2736,178.66666666666666,5.955555555555555,0.1427,22.950819672131146,103.9735,107.3431,33.88157894736842,1,0.5594,3,3.1231,1.1418,0.2073,0.0646,3.7285,3.5751,-3.3018585824718603e-4,-0.019171859723764315,70,72,0.9170986935051292,TRUE,-0.5506917413444707,-0.7545540902029251,0.39735000000000015,0.7343100000000007,-0.5932393511369487,3.7291643389191993,-0.7985945729330632,0.8609501738122828,0.9647390691114246,0.9647390691114246,0.9011857707509882,0.9480249480249481,0.832026875699888,0.9480249480249481
666200,Jesús Luzardo,MIA,2024,26,66.66666666666667,12,274,1084,66.66666666666667,5.555555555555556,0.1314,29.62264150943396,99.1416,98.3293,35.97785977859779,0,0.3704,4,4.995,1.245,0.2117,0.0803,4.3336,4.2302,-0.09118271065514147,-0.019210415864222806,79,73,0.816123447290547,TRUE,-0.7972766469235055,0.8937313497438609,-0.08584000000000032,-0.16706999999999966,0.36350896604791005,-0.2663688813513714,0.41628866035872414,0.6954314720812182,0.9155405405405406,0.9155405405405406,0.7832369942196532,0.8784440842787682,0.6462264150943396,0.8784440842787682
453286,Max Scherzer,TEX,2024,39,43.333333333333336,9,177,670,43.333333333333336,4.814814814814815,0.1695,24.880382775119617,99.8573,101.7193,31.34328358208955,0,0.3197,4,3.9462,1.1538,0.226,0.0565,4.0072,4.0358,-0.018137245396056968,-0.020223544871341283,71,74,0.7431959615481445,TRUE,0.03412909666598341,-0.27785209700338986,-0.014270000000000494,0.17193000000000042,-1.7517243132040174,-0.2663688813513714,0.41628866035872414,0.5959595959595959,0.8701298701298701,0.8701298701298701,0.6907216494845361,0.8170731707317073,0.5412844036697247,0.8170731707317073
669330,Tyler Wells,BAL,2024,29,15.333333333333334,3,67,259,15.333333333333334,5.111111111111112,0.1493,27.205882352941178,93.0089,94.1591,33.59073359073359,0,0.3725,5,5.8696,1.3696,0.194,0.0448,4.2152,4.3258,-0.15179167258064286,-0.03706431186292852,83,75,0.5485389291630092,TRUE,-0.40666869914786663,0.29666670583611443,-0.6991100000000003,-0.5840900000000004,-0.7259819690991659,-0.2663688813513714,1.6311718936505115,0.3582887700534759,0.7214484679665738,0.7214484679665738,0.46332737030411447,0.6332518337408313,0.3087557603686636,0.6332518337408313
663776,Patrick Sandoval,LAA,2024,27,79.66666666666667,16,353,1447,79.66666666666667,4.979166666666667,0.1303,26.53673163418291,99.6894,106.529,37.180373185901864,0,0.4502,4,5.0837,1.5063,0.2295,0.0992,4.2588,4.0443,-0.08784215484476464,-0.0426537936947783,78,76,0.8513188310076539,TRUE,-0.821280487289606,0.13135183176491722,-0.031059999999999376,0.6528999999999996,0.9123393811768256,-0.2663688813513714,0.41628866035872414,0.7463002114164905,0.9353587588881707,0.9353587588881707,0.8282770463651975,0.9060738885410144,0.7017892644135189,0.9060738885410144
676974,Max Meyer,MIA,2024,25,57,11,248,968,57,5.181818181818182,0.1089,36.93693693693694,88.0943,93.527,38.32644628099174,0,0.5,3,5.6842,1.4211,0.1855,0.0766,4.4414,4.4346,-0.1818983402993015,-0.04296064037813043,89,77,0.8006904755685517,TRUE,-1.2882642907755655,2.7007410317494505,-1.1905699999999997,-0.6472999999999999,1.4354102831108149,-0.2663688813513714,-0.7985945729330632,0.6739130434782609,0.9063670411985019,0.9063670411985019,0.7634069400630915,0.8658318425760286,0.6231155778894473,0.8658318425760286
677958,Kumar Rocker,TEX,2024,24,11.666666666666666,3,55,218,11.666666666666666,3.888888888888889,0.1455,NA,97.0133,102.3621,36.69724770642202,0,0.5152,NA,3.8571,1.5429,0.2545,0.1091,4.0197,3.8625,-0.15619629332500148,-0.05401419103605755,85,78,0.5084685155925077,TRUE,-0.4895910567762145,NA,-0.2986699999999999,0.2362099999999998,0.6918395881169453,-0.2663688813513714,NA,0.3142857142857143,0.6855345911949685,0.6855345911949685,0.42084942084942084,0.592391304347826,0.2682926829268293,0.592391304347826
676710,Kutter Crawford,BOS,2024,28,183.66666666666666,33,759,2823,183.66666666666666,5.565656565656566,0.1634,26.013513513513512,99.8816,103.6823,32.270634077222816,0,0.3301,3,4.3612,1.1216,0.2306,0.0672,4.0935,4.3484,-0.06156345017201147,-0.057097127356188715,74,79,0.9190103172681366,TRUE,-0.09898310900057558,0.0020898653566036787,-0.011839999999999407,0.3682299999999998,-1.3284790053990652,-0.2663688813513714,-0.7985945729330632,0.863481228668942,0.9657885733835101,0.9657885733835101,0.9039385206532181,0.9495459132189707,0.834983498349835,0.9495459132189707
667755,José Soriano,LAA,2024,25,113,20,468,1739,107,5.65,0.1111,23.801652892561982,106.5994,109.9102,37.37780333525014,1,0.5968,3,3.4248,1.2035,0.2073,0.0962,4.031,3.8199,-0.08154424484600065,-0.0751416120748613,76,80,0.876928575540167,TRUE,-1.2402566100433638,-0.5443542312651257,0.6599400000000003,0.9910200000000003,1.0024470424865675,3.7291643389191993,-0.7985945729330632,0.7959183673469388,0.9456226209896683,0.9456226209896683,0.8528690534575772,0.9205929062996294,0.7572815533980582,0.9205929062996294
805673,Zebby Matthews,MIN,2024,24,37.666666666666664,9,177,717,37.666666666666664,4.185185185185185,0.1808,NA,97.4898,96.9324,35.14644351464435,0,0.3802,3,6.6903,1.646,0.2429,0.0621,3.7791,4.0462,-0.07993896467388671,-0.07693404922938794,75,81,0.750205706575788,TRUE,0.2807140022450175,NA,-0.25101999999999974,-0.30675999999999987,-0.015951695695141783,-0.2663688813513714,-0.7985945729330632,0.5959595959595959,0.8776009791921665,0.8776009791921665,0.7050147492625368,0.8269896193771626,0.5412844036697247,0.8269896193771626
674003,Cody Bradford,TEX,2024,26,76.33333333333333,13,308,1176,74.33333333333333,5.871794871794871,0.1851,27.205882352941178,88.7411,98.1023,31.887755102040817,0,0.3604,3,3.5371,1.0087,0.2273,0.0422,3.7793,3.8238,-0.08431737593595282,-0.09083989100891436,77,82,0.8294112946956825,TRUE,0.3745471964034112,0.29666670583611443,-1.1258899999999996,-0.18977000000000005,-1.5032260191262343,-0.2663688813513714,-0.7985945729330632,0.719626168224299,0.9216300940438872,0.9216300940438872,0.7967479674796748,0.8868778280542986,0.6724890829694323,0.8868778280542986
693433,Bryan Woo,SEA,2024,24,121.33333333333333,22,472,1717,121.33333333333333,5.515151515151515,0.1864,19.36416184971098,107.0032,113.2819,29.004076878276063,0,0.4062,2,2.8929,0.8984,0.214,0.0275,3.7472,3.754,-0.09509917036349803,-0.1250777245929303,80,83,0.8766638366436738,TRUE,0.4029153713815307,-1.6406442783000867,0.7003200000000007,1.3281899999999993,-2.8193446644851923,-0.2663688813513714,-2.013477806224851,0.7972972972972973,0.9449642267473858,0.9449642267473858,0.8512642538423401,0.9196572040707016,0.7588424437299035,0.9196572040707016
621112,Paul Blackburn,2 Tms,2024,30,75.33333333333333,14,316,1212,75.33333333333333,5.3809523809523805,0.1203,25.905292479108635,88.3152,101.887,37.70627062706271,0,0.4569,6,4.6593,1.2876,0.1867,0.0665,4.3341,4.1415,-0.20600351647697607,-0.13199765691486318,92,84,0.8331094557430155,TRUE,-1.0394972178905215,-0.024646333489145515,-1.1684799999999995,0.18870000000000003,1.1523604147839426,-0.2663688813513714,2.846055126942299,0.7247706422018348,0.9237804878048781,0.9237804878048781,0.8015873015873016,0.8898678414096917,0.6781115879828327,0.8898678414096917
608379,Michael Wacha,KCR,2024,32,166.66666666666666,29,685,2603,166.66666666666666,5.747126436781609,0.146,23.21167883211679,100.4175,106.2454,35.612754514022285,0,0.3859,4,3.348,1.194,0.2117,0.0657,4.1674,4.1409,-0.1541290315657225,-0.13729793684434463,84,85,0.912140813721824,TRUE,-0.4786802202461687,-0.6901083712124872,0.0417500000000004,0.6245400000000003,0.19687392255848882,-0.2663688813513714,0.41628866035872414,0.8509316770186336,0.9630040695523493,0.9630040695523493,0.8966586290044781,0.9455139847439157,0.8203592814371258,0.9455139847439157
571510,Matthew Boyd,CLE,2024,33,39.666666666666664,8,166,669,39.666666666666664,4.958333333333333,0.1988,NA,90.9041,91.3971,35.1270553064275,0,0.3143,3,2.7227,1.1345,0.2771,0.0783,3.6484,3.8875,-0.1350155735131389,-0.14215685086164134,82,86,0.7385371604555114,TRUE,0.6735041173266659,NA,-0.90959,-0.8602900000000006,-0.024800527067522886,-0.2663688813513714,-0.7985945729330632,0.5804195804195804,0.8699609882964889,0.8699609882964889,0.6904024767801857,0.8168498168498168,0.5253164556962026,0.8168498168498168
701581,David Festa,MIN,2024,24,64.33333333333333,13,277,1099,60,4.948717948717948,0.1949,21.348314606741575,96.7289,102.7393,35.122838944494994,0,0.3621,3,4.8964,1.3212,0.278,0.083,3.5847,3.5837,-0.11794398955548464,-0.15021072738590582,81,87,0.8178583187487736,TRUE,0.5883995923923085,-1.1504558140700636,-0.3271100000000004,0.27393,-0.02672488621037793,-0.2663688813513714,-0.7985945729330632,0.6977329974811083,0.9165971643035863,0.9165971643035863,0.7855611150822016,0.8799039231385108,0.6487119437939111,0.8799039231385108
689017,Landon Knack,LAD,2024,26,69,12,286,1149,56.666666666666664,5.75,0.1783,24.372759856630825,93.5959,94.1645,36.98868581375109,0,0.3112,4,3.6522,1.1014,0.2413,0.0629,3.887,4.227,-0.16840155094302173,-0.15390201593674474,87,88,0.8231832111594348,TRUE,0.2261598195947886,-0.40326124100214833,-0.6404099999999999,-0.5835499999999996,0.8248527391207192,-0.2663688813513714,0.41628866035872414,0.7044334975369458,0.9199359487590072,0.9199359487590072,0.7929606625258799,0.8845265588914549,0.6559633027522935,0.8845265588914549
663978,Chris Paddack,MIN,2024,28,88.33333333333333,17,384,1462,88.33333333333333,5.196078431372548,0.151,23.994452149791954,92.2623,106.2091,34.404924760601915,0,0.3728,4,4.9925,1.3925,0.2057,0.0547,4.1308,4.0934,-0.1800681534069189,-0.15769975385631602,88,89,0.8566570895796052,TRUE,-0.3695718549457108,-0.4967228321849027,-0.7737700000000004,0.6209100000000006,-0.35438288750977015,-0.2663688813513714,0.41628866035872414,0.7619047619047619,0.9359795134443022,0.9359795134443022,0.8297389330306469,0.9069478908188585,0.7191011235955056,0.9069478908188585
680686,Josiah Gray,WSN,2024,26,8.333333333333334,2,44,176,8.333333333333334,4.166666666666667,0.0909,30.58823529411765,94.3734,82.5843,37.5,0,0.3,NA,14.04,2.4,0.2045,0.1136,5.0059,5.5281,-0.7139377078772375,-0.15784063960855874,158,90,0.4599945179807724,FALSE,-1.6810544058572137,1.1322830099963253,-0.5626599999999996,-1.74157,1.058217935213982,-0.2663688813513714,NA,0.2682926829268293,0.6376811594202898,0.6376811594202898,0.3697478991596639,0.5398773006134969,0.2268041237113402,0.5398773006134969
666129,Braxton Garrett,MIA,2024,26,37,7,161,589,37,5.285714285714286,0.1863,21.785714285714285,95.6717,98.498,33.61629881154499,0,0.5128,4,5.3514,1.1892,0.2112,0.0248,3.4529,3.4886,-0.15678051921608335,-0.16138690365510042,86,91,0.7224215789267197,TRUE,0.4007332040755212,-1.0423954461721738,-0.4328299999999999,-0.15019999999999953,-0.7143139322477182,-0.2663688813513714,0.41628866035872414,0.5729537366548043,0.8548621190130624,0.8548621190130624,0.6625421822272216,0.79702300405954,0.5176848874598071,0.79702300405954
669372,J.T. Ginn,OAK,2024,25,34,6,142,516,30.333333333333332,5.666666666666667,0.1408,NA,93.2788,104.3246,37.98449612403101,0,0.4706,3,4.2353,1.3235,0.2042,0.0634,4.0133,3.8987,-0.2549783281550233,-0.16478732073358512,97,92,0.697930466962591,TRUE,-0.5921529201586444,NA,-0.6721199999999996,0.4324600000000004,1.2793432942038896,-0.2663688813513714,-0.7985945729330632,0.5419847328244275,0.8376623376623377,0.8376623376623377,0.6323529411764706,0.7747747747747747,0.4863013698630137,0.7747747747747747
605488,Jeffrey Springs,TBR,2024,31,33,7,142,565,33,4.714285714285714,0.1831,NA,92.8305,92.1458,36.10619469026549,0,0.3804,3,3.2727,1.3636,0.2606,0.0775,3.7402,3.8019,-0.20440773789949848,-0.16764055430485267,91,93,0.7087332848798884,TRUE,0.33090385028322866,NA,-0.71695,-0.7854200000000006,0.4220813714932875,-0.2663688813513714,-0.7985945729330632,0.5419847328244275,0.849624060150376,0.849624060150376,0.653179190751445,0.7902097902097902,0.4863013698630137,0.7902097902097902
640455,Sean Manaea,NYM,2024,32,181.66666666666666,32,738,2997,181.66666666666666,5.677083333333333,0.164,25.18796992481203,98.3177,94.0483,35.03503503503504,0,0.3761,4,3.4679,1.0844,0.2493,0.0854,3.965,4.036,-0.18623809408857964,-0.1688273952812975,90,94,0.9200459459080799,TRUE,-0.08589010516452027,-0.20186214512576361,-0.1682299999999998,-0.5951700000000002,-0.06679883115448161,-0.2663688813513714,0.41628866035872414,0.8601398601398601,0.9677106877623507,0.9677106877623507,0.9090081892629663,0.9523355576739753,0.831081081081081,0.9523355576739753
681857,Reese Olson,DET,2024,24,112.33333333333333,22,465,1855,112.33333333333333,5.1060606060606055,0.1462,28.297055057618437,93.0851,92.709,37.19676549865229,0,0.5062,4,3.5252,1.184,0.2172,0.071,3.9344,3.7159,-0.22622041224165507,-0.17650601438667785,93,95,0.8799757847875753,TRUE,-0.4743158856341503,0.5662428614119319,-0.6914900000000003,-0.7290999999999996,0.9198208776467144,-0.2663688813513714,0.41628866035872414,0.7948717948717948,0.948849104859335,0.948849104859335,0.8607888631090487,0.9251870324189526,0.7560975609756098,0.9251870324189526
663969,Tyler Phillips,PHI,2024,26,36.666666666666664,7,160,578,32.666666666666664,5.238095238095238,0.1312,27.77777777777778,93.1363,94.3613,33.73702422145329,0,0.4228,4,6.8727,1.4182,0.175,0.0438,4.2655,4.2725,-0.3466349879595499,-0.19721855977094754,111,96,0.719828398808361,TRUE,-0.8016409815355233,0.4379544867327684,-0.6863699999999995,-0.56387,-0.659214524262636,-0.2663688813513714,0.41628866035872414,0.5714285714285714,0.8525073746312685,0.8525073746312685,0.6583143507972665,0.7939560439560439,0.5161290322580645,0.7939560439560439
696136,Jordan Wicks,CHC,2024,24,46,10,212,852,42.666666666666664,4.6,0.1038,28.04428044280443,102.2705,102.2204,37.32394366197183,0,0.3904,3,5.4783,1.6304,0.1981,0.0943,4.6214,4.6488,-0.35235966718991363,-0.1976787883943347,112,97,0.7791839540140842,TRUE,-1.3995548233820323,0.5037944436714303,0.22704999999999984,0.2220399999999998,0.9778653399753969,-0.2663688813513714,-0.7985945729330632,0.6385542168674698,0.8949579831932774,0.8949579831932774,0.7395833333333334,0.8502994011976048,0.585635359116022,0.8502994011976048
518876,Merrill Kelly,ARI,2024,35,73.66666666666667,13,300,1143,73.66666666666667,5.666666666666667,0.1467,25.423728813559322,90.8672,95.0083,35.08311461067367,0,0.4245,5,4.0317,1.1674,0.21,0.0633,4.0899,3.8917,-0.26269297647713735,-0.19912772679981228,99,98,0.8257332236729223,TRUE,-0.46340504910410446,-0.1436174927449843,-0.9132800000000003,-0.49916999999999945,-0.044855181049049016,-0.2663688813513714,1.6311718936505115,0.7142857142857143,0.919549477071601,0.919549477071601,0.7920997920997921,0.8839907192575406,0.6666666666666666,0.8839907192575406
689981,River Ryan,LAD,2024,25,20.333333333333332,4,81,296,20.333333333333332,5.083333333333333,0.1111,NA,101.3026,91.7746,38.17567567567568,0,0.5,4,1.3279,1.1803,0.2222,0.1111,4.499,4.2854,-0.5116238379116274,-0.20150234701020178,130,99,0.581797496516773,FALSE,-1.2402566100433638,NA,0.13025999999999982,-0.8225399999999994,1.3665981655890949,-0.2663688813513714,0.41628866035872414,0.40298507462686567,0.7474747474747475,0.7474747474747475,0.49664429530201343,0.6636771300448431,0.35064935064935066,0.6636771300448431
666201,Alek Manoah,TOR,2024,26,24.333333333333332,5,103,394,24.333333333333332,4.866666666666666,0.1748,28.19148936170213,87.3015,78.7923,36.29441624365482,0,0.3538,4,3.6986,1.0274,0.2524,0.0777,3.8413,4.1867,-0.36838191204640797,-0.2131212664046415,115,100,0.6400560696695319,TRUE,0.14978396388446866,0.5401626686580074,-1.2698499999999995,-2.1207700000000003,0.5079862043670181,-0.2663688813513714,0.41628866035872414,0.4618834080717489,0.7975708502024291,0.7975708502024291,0.5677233429394812,0.7242647058823529,0.40711462450592883,0.7242647058823529
674370,Osvaldo Bido,OAK,2024,28,63.333333333333336,9,259,1056,45.666666666666664,7.037037037037037,0.1429,25.899280575539567,104.3935,88.9603,37.59469696969697,0,0.2963,4,3.4105,1.0895,0.2432,0.1004,4.2282,4.6262,-0.3126194586991834,-0.21333669354533247,107,101,0.8105176578380784,TRUE,-0.5463274067324524,-0.02613158494832779,0.4393500000000003,-1.1039699999999997,1.101437891743827,-0.2663688813513714,0.41628866035872414,0.683377308707124,0.9134948096885813,0.9134948096885813,0.7787610619469026,0.8756218905472637,0.6332518337408313,0.8756218905472637
676282,Joey Cantillo,CLE,2024,24,38.666666666666664,8,163,711,37,4.833333333333333,0.1779,NA,92.3624,90.1897,38.81856540084388,0,0.4854,3,4.8879,1.2931,0.2699,0.092,3.6948,3.4621,-0.2693233630094812,-0.21658728271347433,101,102,0.7435659170400651,TRUE,0.2174311503707523,NA,-0.7637600000000007,-0.9810299999999998,1.660014798287776,-0.2663688813513714,-0.7985945729330632,0.5759717314487632,0.8766954377311961,0.8766954377311961,0.7032640949554896,0.8257839721254355,0.5207667731629393,0.8257839721254355
650644,Aaron Civale,2 Tms,2024,29,161,31,689,2700,161,5.193548387096774,0.1408,23.29317269076305,106.1533,99.3665,35.925925925925924,0,0.3564,4,4.3602,1.3043,0.2163,0.0755,4.2578,4.3121,-0.25103906697154627,-0.2179374351106788,96,103,0.9137418186450609,TRUE,-0.5921529201586444,-0.6699751686289457,0.6153300000000002,-0.0633499999999998,0.33980621334010885,-0.2663688813513714,0.41628866035872414,0.8516687268232386,0.9642857142857143,0.9642857142857143,0.9,0.9473684210526315,0.8212157330154947,0.9473684210526315
694813,Gavin Stone,LAD,2024,25,140.33333333333334,25,580,2153,140.33333333333334,5.613333333333333,0.1362,23.796791443850267,99.1523,103.9354,34.69577333952624,0,0.4421,4,3.5273,1.2114,0.2,0.0638,4.1975,4.017,-0.25776067132096053,-0.22165231753266543,98,104,0.8973939072839345,TRUE,-0.692532616235066,-0.5455552608075763,-0.08477000000000032,0.3935400000000001,-0.22163879888579296,-0.2663688813513714,0.41628866035872414,0.8285714285714286,0.9556147359076786,0.9556147359076786,0.8777007745617611,0.9348675640468953,0.7945205479452054,0.9348675640468953
657006,Justin Steele,CHC,2024,28,134.66666666666666,24,555,2047,134.66666666666666,5.611111111111111,0.1766,23.270440251572328,101.0208,102.2001,31.362970200293113,0,0.4484,2,3.0743,1.099,0.2432,0.0667,3.7427,3.6243,-0.23208632739393995,-0.2260097526969711,94,105,0.8931329192226624,TRUE,0.1890629753926334,-0.675591258123879,0.10207999999999942,0.22001000000000062,-1.742739286695774,-0.2663688813513714,-2.013477806224851,0.8222222222222222,0.9534233814625058,0.9534233814625058,0.8721772475500639,0.9317250796540737,0.7872340425531915,0.9317250796540737
678394,Brayan Bello,BOS,2024,25,162.33333333333334,30,702,2713,162.33333333333334,5.411111111111111,0.1268,26.056338028169016,97.3977,106.5795,36.89642462218946,0,0.5085,3,4.4908,1.3614,0.2179,0.0912,4.1286,3.869,-0.26674561052996143,-0.22986139532345504,100,106,0.9146437232038332,TRUE,-0.8976563429999266,0.012669737796361465,-0.26022999999999996,0.6579499999999996,0.7827444784082004,-0.2663688813513714,-0.7985945729330632,0.8540145985401459,0.9644507643085674,0.9644507643085674,0.9004314636574843,0.9476074048201187,0.823943661971831,0.9476074048201187
668678,Zac Gallen,ARI,2024,28,148,28,621,2507,148,5.285714285714286,0.1643,24.91103202846975,91.5201,99.9257,38.013562026326284,0,0.4617,3,3.6486,1.2635,0.2512,0.087,3.8525,3.6235,-0.24947187831524106,-0.23318390368772002,95,107,0.9067146649135261,TRUE,-0.07934360324649292,-0.27028014450312804,-0.84799,-0.0074299999999993815,1.292609051679787,-0.2663688813513714,-0.7985945729330632,0.8380566801619433,0.9616417337936325,0.9616417337936325,0.8931243320270752,0.9435453519006398,0.8054474708171206,0.9435453519006398
687765,Mitch Spence,OAK,2024,26,151.33333333333334,24,651,2482,126,6.305555555555556,0.126,22.96511627906977,103.3218,106.2833,35.53585817888799,0,0.4841,4,4.5793,1.3811,0.1935,0.0676,4.1753,4.121,-0.27508842218377866,-0.23623782392099807,102,108,0.9082592675912196,TRUE,-0.9151136814479996,-0.7510220880553529,0.3321799999999996,0.6283299999999997,0.16177822443379034,-0.2663688813513714,0.41628866035872414,0.8443579766536965,0.9612703330751355,0.9612703330751355,0.8921639108554996,0.9430091185410334,0.8127340823970037,0.9430091185410334
676775,Keaton Winn,SFG,2024,26,55.333333333333336,12,238,877,55.333333333333336,4.611111111111112,0.1176,25.217391304347824,102.1853,99.6502,33.181299885974916,0,0.5,4,7.1566,1.3735,0.2017,0.084,4.2632,4.0717,-0.37221344453496286,-0.24626354261269565,116,109,0.7894999983555098,TRUE,-1.0984157351527688,-0.19459354103312157,0.2185299999999998,-0.03498000000000019,-0.9128486341904538,-0.2663688813513714,0.41628866035872414,0.664804469273743,0.8976458546571137,0.8976458546571137,0.7451146983857264,0.8539435248296008,0.6134020618556701,0.8539435248296008
688107,Robert Gasser,MIL,2024,25,28,5,114,399,28,5.6,0.1316,21.634615384615383,105.3781,101.0105,29.072681704260653,0,0.4301,4,2.5714,1.0357,0.1404,0.0088,4.3448,4.1802,-0.41787790325329444,-0.2520640649073958,122,110,0.6489376327147627,TRUE,-0.7929123123114871,-1.0797246981735975,0.5378100000000003,0.10104999999999933,-2.7880332338630733,-0.2663688813513714,0.41628866035872414,0.48717948717948717,0.7995991983967936,0.7995991983967936,0.5708154506437768,0.726775956284153,0.4318181818181818,0.726775956284153
450203,Charlie Morton,ATL,2024,40,165.33333333333334,30,701,2795,165.33333333333334,5.511111111111111,0.1455,26.018396846254927,97.6056,93.167,36.887298747763865,0,0.4633,4,4.1915,1.3246,0.2382,0.0927,4.0576,3.9876,-0.2896479881534366,-0.25209486318527774,105,111,0.9156701186747895,TRUE,-0.4895910567762145,0.0032963013874768815,-0.23944000000000046,-0.6832999999999998,0.7785794043067473,-0.2663688813513714,0.41628866035872414,0.853836784409257,0.9654576856649395,0.9654576856649395,0.9030694668820679,0.9490662139219015,0.8237367802585194,0.9490662139219015
669854,Ronel Blanco,HOU,2024,30,167.33333333333334,29,676,2753,165.33333333333334,5.770114942528736,0.145,28.571428571428573,90.2029,96.4937,36.10606610969851,0,0.3982,3,2.7968,1.0876,0.2456,0.1006,4.1722,4.091,-0.28916443637949507,-0.25252418279988026,104,112,0.9137058781710249,TRUE,-0.5005018933062603,0.634027325528125,-0.9797100000000001,-0.3506299999999996,0.4220226869700845,-0.2663688813513714,-0.7985945729330632,0.8492462311557789,0.9649491763056431,0.9649491763056431,0.9017359973796266,0.9483293145022391,0.8184019370460048,0.9483293145022391
806185,Hayden Birdsong,SFG,2024,22,72,16,315,1388,72,4.5,0.1429,25.974025974025974,99.5915,89.1266,40.92219020172911,0,0.3977,4,4.75,1.3889,0.2794,0.1365,4.2806,4.2134,-0.34266651322143055,-0.2573126690654041,110,113,0.8420521496691394,TRUE,-0.5463274067324524,-0.007665601438496732,-0.040850000000000365,-1.0873400000000004,2.6201149233530594,-0.2663688813513714,0.41628866035872414,0.7241379310344828,0.9327956989247311,0.9327956989247311,0.8222748815165877,0.9024707412223667,0.6774193548387096,0.9024707412223667
477132,Clayton Kershaw,LAD,2024,36,30,7,133,504,30,4.285714285714286,0.1128,NA,100.9223,99.6552,33.73015873015873,0,0.3854,3,4.5,1.5,0.1805,0.0677,4.5146,4.3297,-0.4790142983951381,-0.266693538763822,128,114,0.6903829444875205,TRUE,-1.2031597658412083,NA,0.0922300000000007,-0.03448000000000064,-0.6623479533074779,-0.2663688813513714,-0.7985945729330632,0.525691699604743,0.8344370860927153,0.8344370860927153,0.6268656716417911,0.7706422018348624,0.46996466431095407,0.7706422018348624
641793,Zack Littell,TBR,2024,28,156.33333333333334,29,656,2488,156.33333333333334,5.39080459770115,0.1677,22.80701754385965,89.4217,100.0878,32.47588424437299,0,0.3403,4,3.6269,1.2473,0.2149,0.0473,3.9902,4.0072,-0.28436474650653565,-0.2713008339341618,103,115,0.9086643313428819,TRUE,-0.005149914842181913,-0.7900806615118329,-1.0578299999999998,0.008780000000000144,-1.234802266530219,-0.2663688813513714,0.41628866035872414,0.845360824742268,0.9613601236476044,0.9613601236476044,0.8923959827833573,0.9431387414708112,0.8138957816377171,0.9431387414708112
607625,Seth Lugo,KCR,2024,34,206.66666666666666,33,836,3112,206.66666666666666,6.262626262626262,0.1591,23.006833712984054,96.7431,96.7512,34.67223650385604,0,0.4416,4,3.0048,1.0887,0.2165,0.0574,3.9374,3.8299,-0.30223400163786657,-0.2818843684180353,106,116,0.9257410829957067,TRUE,-0.19281630315896925,-0.7407157218798649,-0.32569000000000015,-0.3248800000000003,-0.23238107519908344,-0.2663688813513714,0.41628866035872414,0.8744769874476988,0.9688667496886675,0.9688667496886675,0.9120750293083235,0.9540159411404047,0.847870182555781,0.9540159411404047
665152,Dean Kremer,BAL,2024,28,129.66666666666666,24,553,2171,129.66666666666666,5.402777777777778,0.1302,24.375,96.2801,96.3788,36.29663749424228,0,0.4167,5,4.0951,1.2416,0.2224,0.0922,4.3324,4.3377,-0.3383554508195884,-0.2822814572434613,109,117,0.8956561060963991,TRUE,-0.823462654595615,-0.40270780960232294,-0.37198999999999954,-0.36212000000000016,0.5089999892234834,-0.2663688813513714,1.6311718936505115,0.8216939078751857,0.9559665345662703,0.9559665345662703,0.8785916632942129,0.93537268418785,0.786628733997155,0.93537268418785
605182,Mike Clevinger,CHW,2024,33,16,4,78,303,16,4,0.0769,26.573426573426573,94.9977,95.2131,36.96369636963696,0,0.3396,4,6.75,1.9375,0.1923,0.1154,5.1103,5.3415,-0.7389983711137671,-0.29818412670062133,159,118,0.5828575211463499,FALSE,-1.9865578286984953,0.1404173817076467,-0.5002300000000005,-0.4786900000000003,0.813447488332086,-0.2663688813513714,0.41628866035872414,0.3939393939393939,0.7518610421836228,0.7518610421836228,0.5024875621890548,0.6688741721854304,0.34210526315789475,0.6688741721854304
681035,Christian Scott,NYM,2024,25,47.333333333333336,9,197,788,47.333333333333336,5.2592592592592595,0.1371,21.11111111111111,100.2816,102.519,35.40609137055838,0,0.3239,4,4.5634,1.2042,0.198,0.0609,4.4759,4.7059,-0.40060242726138573,-0.30170239645046426,120,119,0.7669120719129313,TRUE,-0.6728931104809834,-1.2090573591482268,0.02815999999999974,0.25190000000000057,0.10255229742715129,-0.2663688813513714,0.41628866035872414,0.6214511041009464,0.8873873873873874,0.8873873873873874,0.7242647058823529,0.8400852878464818,0.5677233429394812,0.8400852878464818
814005,Jake Bloss,HOU,2024,23,11.666666666666666,3,55,239,11.666666666666666,3.888888888888889,0.1455,21.176470588235293,91.5317,100.088,34.30962343096234,0,0.25,NA,6.9429,1.6286,0.2,0.0545,4.5528,4.7738,-0.5268249137539962,-0.30211584419006365,134,120,0.523544771234936,TRUE,-0.4895910567762145,-1.1929101841886092,-0.84683,0.008799999999999386,-0.39787867557394413,-0.2663688813513714,NA,0.3142857142857143,0.7050147492625368,0.7050147492625368,0.44341372912801486,0.6143958868894601,0.2682926829268293,0.6143958868894601
593423,Frankie Montas,2 Tms,2024,31,150.66666666666666,30,655,2638,150.66666666666666,5.022222222222222,0.1252,23.47949080622348,102.421,101.0602,36.884003032600454,0,0.4159,4,4.8385,1.3673,0.226,0.1008,4.3779,4.2612,-0.3576186943708735,-0.30832263505773255,113,121,0.9108665101836907,TRUE,-0.9325710198960728,-0.6239449471391129,0.24210000000000065,0.10601999999999948,0.7770752308727592,-0.2663688813513714,0.41628866035872414,0.8451612903225807,0.9634769905040176,0.9634769905040176,0.8978897208985704,0.9461979913916786,0.8136645962732919,0.9461979913916786
679525,Alec Marsh,KCR,2024,26,129,25,548,2163,128,5.16,0.1533,23.587570621468927,94.3464,90.2768,35.64493758668516,0,0.3774,5,4.5349,1.2558,0.2245,0.0712,4.0777,4.2156,-0.35843416167641085,-0.31412555986957125,114,122,0.8950824204629866,TRUE,-0.3193820069075003,-0.5972436367376309,-0.5653599999999998,-0.9723200000000005,0.21156236513418408,-0.2663688813513714,1.6311718936505115,0.8203592814371258,0.9558108705258507,0.9558108705258507,0.8781973203410475,0.9351491569390402,0.7851002865329513,0.9351491569390402
621107,Zach Eflin,2 Tms,2024,30,165.33333333333334,28,684,2447,165.33333333333334,5.904761904761905,0.1608,20.61281337047354,99.9726,105.2002,31.957498978340826,0,0.4275,3,3.5927,1.1492,0.1959,0.0351,3.9667,3.8096,-0.33109953248939383,-0.3157003533882604,108,123,0.9096626353591024,TRUE,-0.15571945895681344,-1.332162701389099,-0.002740000000000009,0.5200199999999995,-1.4713947228180722,-0.2663688813513714,-0.7985945729330632,0.8507462686567164,0.9607381232822929,0.9607381232822929,0.8907899526756462,0.9422410473623412,0.8201438848920863,0.9422410473623412
669358,Shane Baz,TBR,2024,25,79.33333333333333,14,319,1207,79.33333333333333,5.666666666666666,0.1317,22.22222222222222,102.2815,100.0572,34.71416735708368,0,0.3927,4,3.063,1.0588,0.2163,0.0846,4.3342,4.3908,-0.4095306948190695,-0.3248352264057251,121,124,0.8333789947708817,TRUE,-0.7907301450054776,-0.9345553848347278,0.2281499999999994,0.005719999999999459,-0.2132437188553996,-0.2663688813513714,0.41628866035872414,0.7266514806378133,0.9234889058913542,0.9234889058913542,0.80092899800929,0.8894620486366986,0.6801705756929638,0.8894620486366986
592866,Trevor Williams,WSN,2024,32,66.66666666666667,13,260,1064,66.66666666666667,5.128205128205129,0.1577,21.749408983451538,89.7315,94.2631,37.31203007518797,0,0.4536,5,2.025,1.035,0.2269,0.0692,3.9571,3.8168,-0.3897872210602713,-0.3258934521142515,118,125,0.8113538920378793,TRUE,-0.2233666454430971,-1.051364735606429,-1.0268500000000003,-0.5736900000000006,0.972427946312635,-0.2663688813513714,1.6311718936505115,0.6842105263157895,0.9140893470790378,0.9140893470790378,0.7800586510263929,0.8764415156507414,0.6341463414634146,0.8764415156507414
656605,Mitch Keller,PIT,2024,28,178,31,773,2852,178,5.741935483870968,0.1501,21.948356807511736,100.3484,97.0616,33.73071528751753,0,0.3941,4,4.2472,1.3034,0.2147,0.0647,4.0823,4.0787,-0.37847831481613753,-0.347820324430216,117,126,0.9200351767907305,TRUE,-0.38921136069979284,-1.0022143221655198,0.0348399999999998,-0.29384000000000016,-0.6620939390034201,-0.2663688813513714,0.41628866035872414,0.8656215005599104,0.9661246612466124,0.9661246612466124,0.9048223350253807,0.950033311125916,0.8374864572047671,0.950033311125916
682227,Brandon Williamson,CIN,2024,26,14.333333333333334,3,59,256,9.666666666666666,4.777777777777778,0.1186,NA,93.438,82.973,39.453125,0,0.325,3,3.7674,1.0465,0.2034,0.0847,4.476,4.9615,-0.8137818568378493,-0.35298948207663655,172,127,0.5388033192821178,FALSE,-1.0765940620926773,NA,-0.6561999999999998,-1.7027,1.9496295386420404,-0.2663688813513714,-0.7985945729330632,0.329608938547486,0.7191011235955056,0.7191011235955056,0.460431654676259,0.6305418719211823,0.2822966507177033,0.6305418719211823
641816,Tyler Mahle,TEX,2024,29,12.666666666666666,3,56,229,12.666666666666666,4.222222222222222,0.1071,NA,83.7045,89.3143,34.49781659388646,0,0.439,NA,4.9737,1.4211,0.1786,0.0714,4.5334,4.5623,-0.8469477907227274,-0.3648317702929797,174,128,0.5176370377298433,FALSE,-1.3275433022837302,NA,-1.6295500000000005,-1.0685699999999998,-0.3119868001863526,-0.2663688813513714,NA,0.3181818181818182,0.6960486322188449,0.6960486322188449,0.43289224952741023,0.604221635883905,0.27184466019417475,0.604221635883905
670102,Bowden Francis,TOR,2024,28,103.66666666666667,13,408,1561,77,7.9743589743589745,0.1716,20,98.7208,100.1883,32.607303010890455,0,0.3427,3,3.299,0.926,0.2255,0.053900000000000003,3.8765,4.1706,-0.3934216951976142,-0.3688801309338374,119,129,0.8638515659658527,TRUE,0.07995461009217548,-1.4835593334617259,-0.1279200000000003,0.018829999999999812,-1.1748223812787018,-0.2663688813513714,-0.7985945729330632,0.7727272727272727,0.9397953040337146,0.9397953040337146,0.8387963460505105,0.9123319696084161,0.7311827956989247,0.9123319696084161
668909,Gavin Williams,CLE,2024,24,76,16,332,1368,76,4.75,0.1416,19.047619047619047,101.4376,104.1316,35.67251461988304,0,0.4055,4,4.8553,1.3684,0.238,0.0964,4.1922,4.1204,-0.4295006861411023,-0.36944706205585937,124,130,0.8442265141731318,TRUE,-0.5746955817105713,-1.7188467400161538,0.14376000000000033,0.4131600000000006,0.2241485986731077,-0.2663688813513714,0.41628866035872414,0.7345132743362832,0.9318801089918256,0.9318801089918256,0.8201438848920863,0.9011857707509882,0.6887966804979253,0.9011857707509882
690916,Richard Fitts,BOS,2024,24,20.666666666666668,4,85,314,20.666666666666668,5.166666666666667,0.0235,NA,98.2101,106.1165,32.48407643312102,0,0.3731,4,1.7419,1.2581,0.1059,0.0824,5.7994,5.5065,-0.925872931716855,-0.373580809433951,183,131,0.5940133448413274,FALSE,-3.151835170107385,NA,-0.1789900000000003,0.6116500000000002,-1.2310633291311976,-0.2663688813513714,0.41628866035872414,0.4146341463414634,0.7584541062801933,0.7584541062801933,0.511400651465798,0.6767241379310345,0.3617021276595745,0.6767241379310345
607200,Erick Fedde,2 Tms,2024,31,177.33333333333334,31,726,2895,176.4,5.720430107526882,0.1405,22.019464720194648,90.5198,102.4454,38.48013816925734,0,0.4211,4,3.2989,1.1617,0.2121,0.0716,4.1886,4.1162,-0.42687170279794423,-0.39295587041405167,123,132,0.9182466153259482,TRUE,-0.5986994220766718,-0.9846469859868257,-0.9480199999999996,0.24454000000000065,1.505555682177809,-0.2663688813513714,0.41628866035872414,0.8581560283687943,0.9666110183639399,0.9666110183639399,0.9061032863849765,0.9507389162561576,0.8287671232876712,0.9507389162561576
663436,Davis Martin,CHW,2024,27,50,10,220,892,47.333333333333336,5,0.1091,NA,93.8626,93.6154,36.65919282511211,0,0.4583,4,4.32,1.46,0.2136,0.1045,4.513,4.5692,-0.585139728698488,-0.3991452691316099,141,133,0.7857792561524917,FALSE,-1.283899956163547,NA,-0.61374,-0.6384600000000006,0.6744712359803784,-0.2663688813513714,0.41628866035872414,0.6470588235294118,0.8991935483870968,0.8991935483870968,0.7483221476510067,0.8560460652591171,0.5945945945945946,0.8560460652591171
672456,Keider Montero,DET,2024,23,98.33333333333333,16,412,1540,86.33333333333333,6.145833333333333,0.1117,27,94.5693,93.7216,34.15584415584416,0,0.392,4,4.7593,1.3322,0.1869,0.0752,4.4912,4.3291,-0.5188792589354516,-0.40662401412483573,132,134,0.8635746692803348,TRUE,-1.2271636062073092,0.24580310471331876,-0.5430700000000002,-0.6278400000000005,-0.46806395823998115,-0.2663688813513714,0.41628866035872414,0.7744360902255639,0.9390243902439024,0.9390243902439024,0.8369565217391305,0.9112426035502958,0.7330960854092526,0.9112426035502958
663372,Ryan Feltner,COL,2024,27,162.33333333333334,30,692,2580,162.33333333333334,5.411111111111111,0.1243,24.354243542435423,92.9821,93.7682,35.58139534883721,0,0.4492,5,4.4908,1.3368,0.1994,0.0751,4.3143,4.168,-0.47386094650506666,-0.4140919595377219,127,135,0.9121979768759291,TRUE,-0.9522105256501555,-0.4078357293254306,-0.7017899999999997,-0.6231800000000007,0.18256151361395576,-0.2663688813513714,1.6311718936505115,0.8522167487684729,0.9626865671641791,0.9626865671641791,0.8958333333333334,0.945054945054945,0.8218527315914489,0.945054945054945
502043,Kyle Gibson,STL,2024,36,169.66666666666666,30,722,2764,169.66666666666666,5.655555555555555,0.115,27.982954545454547,87.1761,94.4447,40.26772793053546,0,0.4476,4,4.2436,1.3497,0.2091,0.0942,4.4361,4.1924,-0.4822447503459418,-0.4170332789321505,129,136,0.9163955625040423,TRUE,-1.1551520851090067,0.4886437717622499,-1.2823899999999995,-0.5555300000000003,2.321416548928534,-0.2663688813513714,0.41628866035872414,0.8574821852731591,0.9650837988826816,0.9650837988826816,0.902088772845953,0.9485243651338366,0.8279816513761468,0.9485243651338366
692230,Carlos Rodriguez,MIL,2024,22,12.333333333333334,3,57,233,12.333333333333334,4.111111111111112,0.1053,19.29824561403509,95.6481,99.7344,37.76824034334764,0,0.2727,NA,7.2973,1.7838,0.1579,0.0526,4.8498,4.6435,-0.84960222450484,-0.41949270856711385,175,137,0.5215220024212444,FALSE,-1.366822313791895,-1.6569290014491986,-0.4351900000000001,-0.026560000000000628,1.1806435631526009,-0.2663688813513714,NA,0.3220338983050847,0.6996996996996997,0.6996996996996997,0.4371482176360225,0.608355091383812,0.2753623188405797,0.608355091383812
592332,Kevin Gausman,TOR,2024,33,181,31,756,2959,181,5.838709677419355,0.1402,24.444444444444443,95.7061,102.5111,34.87664751605272,0,0.3827,2,3.8287,1.221,0.2143,0.0741,4.2392,4.2173,-0.4661048063675308,-0.4283919333811261,125,138,0.9205033021215605,TRUE,-0.6052459239946998,-0.38555143620772964,-0.4293899999999994,0.2511099999999999,-0.13908732895109904,-0.2663688813513714,-2.013477806224851,0.863013698630137,0.96730957829356,0.96730957829356,0.9079472230745628,0.9517529752331939,0.8344370860927153,0.9517529752331939
676477,Garrett Whitlock,BOS,2024,28,18.333333333333332,4,75,321,18.333333333333332,4.583333333333333,0.1333,17.006802721088434,92.152,99.8158,36.137071651090345,0,0.449,5,1.9636,1.1455,0.2267,0.0933,4.1828,3.8581,-0.6803485551485976,-0.4294868325901848,153,139,0.5889792675610094,TRUE,-0.7558154681093313,-2.223034039775642,-0.7847999999999999,-0.018420000000000415,0.4361737010461168,-0.2663688813513714,1.6311718936505115,0.38461538461538464,0.7624703087885986,0.7624703087885986,0.5169082125603864,0.6815286624203821,0.3333333333333333,0.6815286624203821
668964,Tobias Myers,MIL,2024,25,138,25,569,2153,133,5.52,0.1599,22.072936660268713,91.2282,93.6966,34.091964700418025,0,0.3756,4,3,1.1739,0.2232,0.0633,3.9921,3.9703,-0.47088362264396266,-0.4310859162791449,126,140,0.8965538328092695,TRUE,-0.1753589647108961,-0.9714366481781922,-0.8771799999999998,-0.6303399999999997,-0.4972187167871913,-0.2663688813513714,0.41628866035872414,0.8258345428156749,0.9556147359076786,0.9556147359076786,0.8777007745617611,0.9348675640468953,0.7913769123783032,0.9348675640468953
669721,Davis Daniel,LAA,2024,27,30.333333333333332,6,134,508,30.333333333333332,5.055555555555555,0.1642,20.155038759689923,92.1466,98.7143,31.69291338582677,0,0.3636,3,6.2308,1.4835,0.209,0.0448,4.0224,4.156,-0.5477112410854873,-0.4330183980453409,136,141,0.6918897846039923,TRUE,-0.08152577055250183,-1.4452567323947259,-0.7853399999999994,-0.12857000000000057,-1.5921523124587338,-0.2663688813513714,-0.7985945729330632,0.5275590551181102,0.8355263157894737,0.8355263157894737,0.6287128712871287,0.7720364741641338,0.47183098591549294,0.7720364741641338
593958,Eduardo Rodriguez,ARI,2024,31,50,10,224,870,50,5,0.125,NA,91.6714,93.5627,36.666666666666664,0,0.3701,3,5.04,1.5,0.2098,0.0848,4.3957,4.2404,-0.6004607746843025,-0.43720166954452344,144,142,0.7847685430716724,FALSE,-0.9369353545080913,NA,-0.8328599999999995,-0.6437299999999994,0.6778823177513427,-0.2663688813513714,-0.7985945729330632,0.6511627906976745,0.8969072164948454,0.8969072164948454,0.7435897435897436,0.8529411764705882,0.5989304812834224,0.8529411764705882
663855,Jordan Hicks,SFG,2024,27,109.66666666666667,20,481,1960,98.66666666666667,5.483333333333333,0.1019,24.932975871313673,105.0009,98.9542,39.13265306122449,0,0.5092,3,4.1033,1.4498,0.1996,0.0977,4.4368,4.3402,-0.5480543702967613,-0.444771483703264,138,143,0.8843720049086271,TRUE,-1.4410160021962062,-0.2648588791369147,0.5000900000000001,-0.10457999999999998,1.8033652673856806,-0.2663688813513714,-0.7985945729330632,0.800332778702163,0.9514563106796117,0.9514563106796117,0.8672566371681416,0.9289099526066351,0.7622820919175911,0.9289099526066351
676272,Bobby Miller,LAD,2024,25,56,13,258,1054,56,4.3076923076923075,0.0853,23.015873015873016,105.6847,98.9681,39.56356736242884,0,0.4425,4,8.5179,1.7679,0.2016,0.1163,4.8392,4.6976,-0.6527341118100418,-0.45566482011268783,149,144,0.810121033147143,TRUE,-1.8032557749937261,-0.738482546039371,0.5684700000000007,-0.10318999999999931,2.0000357355721277,-0.2663688813513714,0.41628866035872414,0.6825396825396826,0.9133448873483535,0.9133448873483535,0.7784342688330872,0.8754152823920266,0.6323529411764706,0.8754152823920266
434378,Justin Verlander,HOU,2024,41,90.33333333333333,17,396,1580,90.33333333333333,5.313725490196078,0.1187,21.940928270042193,106.3025,95.3179,34.620253164556964,0,0.2822,4,5.4797,1.3838,0.1869,0.0682,4.804,5.1348,-0.5616367974665314,-0.45604652684057384,139,145,0.862954870568977,TRUE,-1.074411894786668,-1.0040495555470061,0.6302499999999995,-0.46821000000000057,-0.25610641373918486,-0.2663688813513714,0.41628866035872414,0.7674418604651163,0.9404761904761905,0.9404761904761905,0.8404255319148937,0.9132947976878613,0.7252747252747253,0.9132947976878613
622663,Luis Severino,NYM,2024,30,182,31,761,2892,182,5.870967741935484,0.1327,19.929660023446658,108.6063,101.8852,34.820193637621024,0,0.4596,3,3.9066,1.2418,0.2116,0.0788,4.2187,4.1211,-0.5139467590115832,-0.47002432048578996,131,146,0.9199553869598155,TRUE,-0.768908471945386,-1.5009369496550777,0.8606300000000005,0.18851999999999974,-0.16485303380487507,-0.2663688813513714,-0.7985945729330632,0.8637911464245176,0.9665775401069518,0.9665775401069518,0.9060150375939849,0.9506903353057199,0.8353457738748628,0.9506903353057199
456501,Johnny Cueto,LAA,2024,38,11.333333333333334,2,50,169,11.333333333333334,5.666666666666667,0.06,NA,82.0496,83.7898,36.094674556213015,0,0.4146,NA,7.1471,1.5,0.12,0.06,5.2746,5.3032,-1.2983978216343395,-0.4701910808509011,217,147,0.46007507188279645,FALSE,-2.3553441034140428,NA,-1.7950400000000002,-1.6210200000000001,0.41682355073556704,-0.2663688813513714,NA,0.29411764705882354,0.6282527881040892,0.6282527881040892,0.3603411513859275,0.5297805642633229,0.25,0.5297805642633229
682990,Quinn Priester,2 Tms,2024,23,49.666666666666664,7,221,811,36.666666666666664,7.095238095238095,0.086,23.34384858044164,91.4844,90.9087,33.908754623921084,1,0.5789,5,4.7114,1.4094,0.1493,0.0633,4.1357,4.1126,-0.6401549547164446,-0.47279986367259985,147,148,0.7774343406304963,TRUE,-1.7879806038516624,-0.6574556000387661,-0.8515600000000006,-0.9091300000000004,-0.5808362978710009,3.7291643389191993,1.6311718936505115,0.6480938416422287,0.8902305159165752,0.8902305159165752,0.72997299729973,0.8439125910509886,0.5956873315363881,0.8439125910509886
684320,Yariel Rodríguez,TOR,2024,27,86.66666666666667,21,368,1502,86.66666666666667,4.126984126984127,0.1223,25.179856115107913,93.5179,90.3796,38.08255659121172,0,0.3739,4,4.4654,1.3154,0.231,0.1087,4.4609,4.4206,-0.5923699733297833,-0.4744143137100441,142,149,0.8559427680061944,TRUE,-0.9958538717703384,-0.2038666762304493,-0.6482100000000003,-0.9620400000000003,1.324098360204509,-0.2663688813513714,0.41628866035872414,0.7540983606557377,0.9375780274656679,0.9375780274656679,0.8335183129855716,0.9092009685230025,0.7104247104247104,0.9092009685230025
663903,Brady Singer,KCR,2024,27,179.66666666666666,32,762,2969,179.66666666666666,5.614583333333333,0.1522,24.677002583979327,90.5273,91.7407,37.217918491074435,0,0.4713,3,3.7069,1.2746,0.2231,0.0709,3.8932,3.6219,-0.5211200797217876,-0.48018121845606054,133,150,0.9209068897848598,TRUE,-0.3433858472736008,-0.32809753460722973,-0.9472700000000003,-0.8259299999999996,0.9294751613675852,-0.2663688813513714,-0.7985945729330632,0.8639455782312925,0.9674160964483545,0.9674160964483545,0.9082288161517283,0.9519076627124078,0.8355263157894737,0.9519076627124078
458681,Lance Lynn,STL,2024,37,117.33333333333333,23,511,2040,117.33333333333333,5.101449275362318,0.1272,25.396825396825395,97.8524,91.6382,37.549019607843135,0,0.3629,3,3.8352,1.3381,0.2133,0.0861,4.3972,4.3914,-0.5767584642802914,-0.4910982939435065,140,151,0.8891782006315915,TRUE,-0.8889276737758897,-0.15026402965330177,-0.2147599999999997,-0.8361800000000003,1.0805906185941363,-0.2663688813513714,-0.7985945729330632,0.8098256735340729,0.9532710280373832,0.9532710280373832,0.8717948717948718,0.9315068493150684,0.773071104387292,0.9315068493150684
592791,Jameson Taillon,CHC,2024,32,165.33333333333334,28,675,2483,165.33333333333334,5.904761904761905,0.1363,19.39218523878437,92.7816,99.7145,33.54812726540475,0,0.4008,5,3.2661,1.131,0.1852,0.0489,4.2912,4.1552,-0.5446309685710881,-0.49796983528208816,135,152,0.9097247517157133,TRUE,-0.6903504489290565,-1.6337210502352462,-0.7218400000000003,-0.0285499999999999,-0.7454276127612761,-0.2663688813513714,1.6311718936505115,0.8490566037735849,0.9612853271389856,0.9612853271389856,0.892202659001078,0.9430307633877706,0.8181818181818182,0.9430307633877706
663623,Jake Irvin,WSN,2024,27,187.66666666666666,33,769,3046,187.66666666666666,5.686868686868687,0.1352,22.469410456062292,98.5991,98.3957,34.83256730137886,0,0.4394,3,4.4121,1.1989,0.2029,0.0676,4.2117000000000004,4.0347,-0.5478465224650061,-0.501482260812944,137,153,0.9220995087033194,TRUE,-0.7143542892951577,-0.8734870924401781,-0.1400899999999993,-0.1604299999999995,-0.15920565975014173,-0.2663688813513714,-0.7985945729330632,0.8650168728908887,0.9682136045772409,0.9682136045772409,0.9103407053197848,0.9530663329161452,0.8367791077257889,0.9530663329161452
670241,Darius Vines,ATL,2024,26,13.666666666666666,2,66,257,9.666666666666666,6.833333333333333,0.0758,23.931623931623932,83.6257,90.4796,35.797665369649806,0,0.4038,4,8.561,1.8293,0.1364,0.0606,4.9639,5.4916,-1.11307549230141,-0.5115846877470275,203,154,0.5463528282232586,FALSE,-2.0105616690645958,-0.5122446551216518,-1.6374300000000006,-0.9520399999999996,0.28126774389925446,-0.2663688813513714,0.41628866035872414,0.3548387096774194,0.7198879551820728,0.7198879551820728,0.4614003590664273,0.6314496314496314,0.3055555555555556,0.6314496314496314
664299,Cristian Javier,HOU,2024,27,34.666666666666664,7,150,571,34.666666666666664,4.952380952380952,0.0533,26.31578947368421,99.192,97.5022,40.98073555166375,0,0.2524,3,3.8942,1.4135,0.18,0.1267,5.6111,5.5646,-0.9069521124804049,-0.5139941934504085,180,155,0.7138532155846281,FALSE,-2.501549312916656,0.07676767842553203,-0.08080000000000069,-0.2497799999999998,2.646835181533408,-0.2663688813513714,-0.7985945729330632,0.5555555555555556,0.8509687034277198,0.8509687034277198,0.6555683122847302,0.7919556171983356,0.5,0.7919556171983356
686563,Jonathan Cannon,CHW,2024,23,124.33333333333333,21,522,2029,115.33333333333333,5.92063492063492,0.0977,22.249388753056234,95.5948,99.9837,37.111877772301625,0,0.3808,5,4.4879,1.3271,0.1743,0.0766,4.7171,4.625,-0.6134279189516381,-0.5151257158975829,145,156,0.8899200752763514,TRUE,-1.5326670290485909,-0.9278438451204613,-0.44051999999999936,-0.0016300000000001092,0.8810778866668187,-0.2663688813513714,1.6311718936505115,0.8130841121495327,0.9530295913574448,0.9530295913574448,0.87118935165307,0.9311610830656264,0.7767857142857143,0.9311610830656264
695076,Rhett Lowder,CIN,2024,22,30.666666666666668,6,128,498,30.666666666666668,5.111111111111112,0.0625,NA,89.5144,94.4147,37.75100401606426,0,0.3846,4,1.1739,1.2717,0.1719,0.1094,5.156,4.7283,-0.9453478227046291,-0.5246991492606855,187,157,0.6861728162588834,FALSE,-2.3007899207638136,NA,-1.0485600000000006,-0.5585300000000004,1.1727768561364635,-0.2663688813513714,0.41628866035872414,0.5161290322580645,0.8327759197324415,0.8327759197324415,0.6240601503759399,0.7685185185185185,0.460431654676259,0.7685185185185185
641585,J.P. France,HOU,2024,29,25.333333333333332,5,121,466,25.333333333333332,5.066666666666666,0.0826,25.510204081632654,90.3661,85.2502,42.27467811158798,0,0.2907,4,7.4605,1.6974,0.1818,0.0992,5.1769,5.5952,-0.9693859640602942,-0.5411509840106034,189,158,0.6737934810932559,FALSE,-1.8621742922559732,-0.12225362411110732,-0.9633899999999997,-1.4749799999999993,3.237394112521372,-0.2663688813513714,0.41628866035872414,0.5020746887966805,0.823321554770318,0.823321554770318,0.608355091383812,0.7564935064935064,0.44649446494464945,0.7564935064935064
663362,Matt Waldron,SDP,2024,27,146.66666666666666,26,625,2451,142.66666666666666,5.6410256410256405,0.1488,20.565552699228792,90.4876,95.0772,35.94451244390045,0,0.389,4,4.9091,1.2614,0.2128,0.064,4.1329,4.3238,-0.5994983120756596,-0.5510537151164542,143,159,0.9060836646224103,TRUE,-0.4175795356779124,-1.343838534196757,-0.95124,-0.4922799999999995,0.3482891510884951,-0.2663688813513714,0.41628866035872414,0.8389261744966443,0.9607996863974911,0.9607996863974911,0.8909487459105779,0.9423298731257209,0.8064516129032258,0.9423298731257209
669467,Andre Pallante,STL,2024,25,121.33333333333333,20,509,1981,111.33333333333333,6.066666666666666,0.0904,20.051413881748072,96.5979,100.0524,38.06158505805149,1,0.6181,4,3.783,1.3022,0.1847,0.0943,4.1481,3.8876,-0.6227980118509654,-0.5556523777790098,146,160,0.8875993575851439,TRUE,-1.6919652423872593,-1.4708574426194558,-0.34021000000000046,0.0052400000000005775,1.3145268949881488,3.7291643389191993,0.41628866035872414,0.809220985691574,0.9519461797212878,0.9519461797212878,0.868478737395879,0.9296105114969498,0.7723823975720789,0.9296105114969498
641540,Dane Dunning,TEX,2024,29,95,15,421,1689,71.66666666666667,6.333333333333333,0.1211,25.96153846153846,90.2551,86.5154,37.18176435760805,0,0.4377,4,5.3053,1.4421,0.2162,0.095,4.3141,4.4063,-0.6776837700542868,-0.5577942566634131,152,161,0.8699622169797292,FALSE,-1.0220398794424483,-0.010750663587375068,-0.9744900000000001,-1.34846,0.9129743157566693,-0.2663688813513714,0.41628866035872414,0.7781885397412199,0.9441028507546115,0.9441028507546115,0.8491704374057315,0.9184339314845025,0.7373029772329247,0.9184339314845025
666159,Matt Manning,DET,2024,26,27.666666666666668,5,123,438,27.666666666666668,5.533333333333333,0.0894,23.61111111111111,99.7543,96.5848,34.018264840182646,0,0.3068,2,4.8795,1.5542,0.187,0.0976,5.0413,5.2097,-0.9422980204758079,-0.5627510672828469,186,162,0.66689527592663,FALSE,-1.7137869154473508,-0.5914279169428537,-0.024569999999999936,-0.3415199999999999,-0.5308555350066311,-0.2663688813513714,-2.013477806224851,0.5061728395061729,0.8141263940520446,0.8141263940520446,0.5934959349593496,0.7448979591836735,0.45054945054945056,0.7448979591836735
677944,Slade Cecconi,ARI,2024,25,77,13,338,1294,61,5.923076923076923,0.1391,18.9453125,95.104,103.6059,33.77125193199382,0,0.336,3,6.6623,1.4156,0.1893,0.0503,4.3541,4.6983,-0.6487083394035259,-0.5650761774024903,148,163,0.8415971699870071,TRUE,-0.6292497643608003,-1.7441217543921175,-0.4896000000000001,0.3605900000000005,-0.6435929033553193,-0.2663688813513714,-0.7985945729330632,0.7379912663755459,0.9282639885222381,0.9282639885222381,0.8117942283563363,0.8961218836565097,0.6926229508196722,0.8961218836565097
622608,Antonio Senzatela,COL,2024,29,12.333333333333334,3,54,218,12.333333333333334,4.111111111111112,-0.0185,NA,85.9407,92.0972,41.74311926605505,0,0.4359,NA,6.5676,1.8649,0.1296,0.1481,6.2531,5.8162,-1.6198720123312924,-0.5696414007186599,230,164,0.5073931316963083,FALSE,-4.06834543863123,NA,-1.4059299999999992,-0.7902799999999999,2.994789198441177,-0.2663688813513714,NA,0.3103448275862069,0.6855345911949685,0.6855345911949685,0.42084942084942084,0.592391304347826,0.2647058823529412,0.592391304347826
683155,Joey Estes,OAK,2024,22,127.66666666666667,24,543,2027,125,5.319444444444445,0.1197,21.0431654676259,96.5473,99.0537,30.932412432165762,0,0.2457,4,5.0052,1.2298,0.1694,0.0497,5.0354,5.295,-0.6627839145660261,-0.5817245483426462,151,165,0.8916856405085994,TRUE,-1.0525902217265766,-1.2258434511026488,-0.3452699999999993,-0.09462999999999937,-1.9392470322086357,-0.2663688813513714,0.41628866035872414,0.8190045248868778,0.9529854254818994,0.9529854254818994,0.8710786420283627,0.9310978410656867,0.7835497835497836,0.9310978410656867
693821,Bryce Elder,ATL,2024,25,49.666666666666664,10,226,864,49.666666666666664,4.966666666666667,0.1283,22.093023255813954,87.2527,91.6544,37.96296296296296,0,0.5062,4,6.5235,1.6309,0.2035,0.0752,4.1233,3.9535,-0.7582935544158416,-0.583905780041117,161,166,0.7847405991345804,FALSE,-0.8649238334097892,-0.9664742190572274,-1.2747299999999995,-0.8345600000000004,1.2695155004710028,-0.2663688813513714,0.41628866035872414,0.653179190751445,0.8962655601659751,0.8962655601659751,0.7422680412371134,0.8520710059171598,0.601063829787234,0.8520710059171598
676664,JP Sears,OAK,2024,28,180.66666666666666,32,758,2858,180.66666666666666,5.645833333333333,0.1161,22.564734895191123,95.3784,96.3911,34.744576627011895,0,0.3727,4,4.3838,1.2232,0.1807,0.0646,4.6137,4.8636,-0.6531480585335637,-0.5873304368571213,150,167,0.919397624891991,TRUE,-1.1311482447429062,-0.8499370203731063,-0.46216000000000007,-0.36089000000000054,-0.19936484470971738,-0.2663688813513714,0.41628866035872414,0.8633257403189066,0.9661933739012847,0.9661933739012847,0.9050031665611147,0.9501329787234043,0.8348017621145375,0.9501329787234043
663554,Casey Mize,DET,2024,27,102.33333333333333,20,452,1790,99,5.116666666666666,0.1084,21.313868613138688,99.0333,102.8365,34.80446927374302,0,0.4897,3,4.4853,1.4658,0.1726,0.0642,4.3305,4.0432,-0.7078133258266617,-0.6040884341023467,156,168,0.8767200577227924,FALSE,-1.2991751273056111,-1.1589657579961279,-0.0966700000000003,0.28365000000000007,-0.17202967657857404,-0.2663688813513714,-0.7985945729330632,0.7902097902097902,0.9470899470899471,0.9470899470899471,0.8564593301435407,0.9226804123711341,0.7508305647840532,0.9226804123711341
681190,Randy Vásquez,SDP,2024,25,98,20,431,1688,98,4.9,0.0766,19.782214156079856,101.4791,98.3205,35.367298578199055,0,0.3867,6,4.8673,1.5102,0.1439,0.0673,5.007,4.9012,-0.7626915172648322,-0.6147990053297174,162,169,0.8711507783662104,TRUE,-1.9931043306165228,-1.5373637131819757,0.14791000000000026,-0.16795000000000043,0.08484716066505125,-0.2663688813513714,2.846055126942299,0.7822141560798548,0.9440715883668904,0.9440715883668904,0.8490945674044266,0.9183895538628944,0.7418244406196214,0.9183895538628944
642216,Allan Winans,ATL,2024,28,7.666666666666667,2,41,147,7.666666666666667,3.8333333333333335,0,24.390243902439025,82.9382,78.2718,34.01360544217687,0,0.5152,NA,15.2609,2.3478,0.0976,0.0976,5.6242,5.6604,-1.9160468674090658,-0.6157261926809144,237,170,0.4254799317240618,FALSE,-3.6646444870195363,-0.39894177641814377,-1.7061800000000005,-2.17282,-0.5329820970276692,-0.2663688813513714,NA,0.2546583850931677,0.5951417004048583,0.5951417004048583,0.3288590604026846,0.494949494949495,0.21465968586387435,0.494949494949495
702674,Caden Dana,LAA,2024,20,10.333333333333334,3,52,206,10.333333333333334,3.4444444444444446,0.0192,NA,88.4495,63.5261,40.77669902912621,1,0.5556,NA,9.5806,2.0323,0.1538,0.1346,5.5517,5.8429,-1.6381626758722252,-0.6199420899848871,232,171,0.4957963640028889,FALSE,-3.2456683642657786,NA,-1.15505,-3.64739,2.5537123533923167,3.7291643389191993,NA,0.3023255813953488,0.673202614379085,0.673202614379085,0.40711462450592883,0.5786516853932584,0.25742574257425743,0.5786516853932584
630023,Yonny Chirinos,MIA,2024,30,30,6,144,516,30,5,0.0833,20.975609756097562,99.6456,91.8817,34.49612403100775,0,0.3627,4,6.3,1.8667,0.1736,0.0903,5.0113,5.519,-1.0072915144370735,-0.6322670726437798,192,172,0.6989253756960839,FALSE,-1.8468991211139094,-1.242533209674263,-0.035439999999999826,-0.8118300000000005,-0.3127592905234345,-0.2663688813513714,0.41628866035872414,0.5454545454545454,0.8376623376623377,0.8376623376623377,0.6323529411764706,0.7747747747747747,0.4897959183673469,0.7747747747747747
671212,Joe Boyle,OAK,2024,24,47.666666666666664,10,226,966,42.666666666666664,4.766666666666667,0.0708,26.699029126213592,104.7895,89.5934,43.99585921325052,0,0.368,2,6.4196,1.7203,0.2478,0.177,5.2236,5.1086,-0.935195816820501,-0.6343324655076676,184,173,0.7944059615435802,FALSE,-2.1196700343650536,0.17144771555461358,0.4789500000000004,-1.0406599999999997,4.022945885000386,-0.2663688813513714,-2.013477806224851,0.653179190751445,0.9061913696060038,0.9061913696060038,0.7630331753554502,0.8655913978494624,0.601063829787234,0.8655913978494624
690986,Kyle Harrison,SFG,2024,22,124.33333333333333,24,532,2078,124.33333333333333,5.180555555555555,0.1429,22.740963855421686,89.431,91.5596,35.99615014436959,0,0.4088,3,4.5603,1.3432,0.2218,0.0789,4.1756,4.2262,-0.7104711118454098,-0.636105776492734,157,174,0.891910837500804,FALSE,-0.5463274067324524,-0.8063993426100519,-1.0569000000000002,-0.8440399999999997,0.37185673911923084,-0.2663688813513714,-0.7985945729330632,0.8159509202453987,0.9540863177226814,0.9540863177226814,0.8738435660218671,0.9326750448833034,0.7800586510263929,0.9326750448833034
669194,Ryne Nelson,ARI,2024,26,150.66666666666666,25,630,2407,137.66666666666666,6.026666666666666,0.146,17.983651226158038,102.1793,102.8594,32.156211051100954,0,0.4159,2,4.2412,1.2544,0.2,0.054,4.0841,3.9765,-0.6927459537789619,-0.6443597761385029,154,175,0.9056809859781462,FALSE,-0.4786802202461687,-1.9817018808535254,0.2179299999999998,0.28593999999999936,-1.3807019881494675,-0.2663688813513714,-2.013477806224851,0.84,0.9601116872756282,0.9601116872756282,0.889176209826376,0.9413375048885413,0.8076923076923077,0.9413375048885413
681867,Cooper Criswell,BOS,2024,27,99.33333333333333,18,424,1757,85,5.518518518518518,0.0991,18.93617021276596,103.0367,101.2775,36.71030165054069,0,0.5032,4,4.0772,1.349,0.1722,0.0731,4.4531,4.4274,-0.7679995948952614,-0.6450728152101656,164,176,0.8724612163565801,FALSE,-1.5021166867644629,-1.7463803726980545,0.3036699999999996,0.12775000000000034,0.6977974439929837,-0.2663688813513714,0.41628866035872414,0.7794117647058824,0.946149703823371,0.946149703823371,0.8541565386485173,0.9213424226533823,0.7386759581881533,0.9213424226533823
687924,Julian Aguiar,CIN,2024,23,31.666666666666668,7,140,531,31.666666666666668,4.523809523809524,0.05,NA,89.2468,90.719,36.346516007532955,0,0.3725,4,6.2526,1.3263,0.1357,0.0857,5.4502,5.8689,-1.116290393913267,-0.6459398082276855,205,177,0.7003890690983579,FALSE,-2.573560834014958,NA,-1.0753200000000007,-0.9281000000000006,0.5317646794041148,-0.2663688813513714,0.41628866035872414,0.5384615384615384,0.8415213946117274,0.8415213946117274,0.6389891696750902,0.7797356828193832,0.4827586206896552,0.7797356828193832
621244,José Berríos,TOR,2024,30,192.33333333333334,32,786,2916,192.33333333333334,6.010416666666667,0.126,19.642857142857142,93.6597,99.1342,34.465020576131685,0,0.4324,4,3.6031,1.1542,0.1947,0.0687,4.3313,4.2479,-0.7027143528620793,-0.6472662254591948,155,178,0.9214070458656283,FALSE,-0.9151136814479996,-1.5717921109196364,-0.6340299999999999,-0.0865799999999993,-0.3269549925820469,-0.2663688813513714,0.41628866035872414,0.8675496688741722,0.96684350132626,0.96684350132626,0.9067164179104478,0.9510763209393346,0.8397435897435898,0.9510763209393346
670124,Adam Oller,MIA,2024,29,42.333333333333336,8,189,711,42.333333333333336,5.291666666666667,0.0741,NA,92.4917,90.7892,39.943741209563996,0,0.3906,3,5.315,1.5354,0.1905,0.1164,5.0774,5.2381,-0.9878884733065753,-0.6513599539846298,191,179,0.7539136462856358,FALSE,-2.0476585132667515,NA,-0.7508300000000006,-0.9210800000000006,2.173548121444082,-0.2663688813513714,-0.7985945729330632,0.6116504854368932,0.8766954377311961,0.8766954377311961,0.7032640949554896,0.8257839721254355,0.5575221238938053,0.8257839721254355
544150,Albert Suárez,BAL,2024,34,133.66666666666666,24,565,2238,122,5.569444444444444,0.115,23.168654173764907,89.4116,93.0585,37.71224307417337,0,0.3391,4,3.7032,1.2943,0.1912,0.0761,4.5622,4.5286,-0.7464910067236538,-0.6529663374612903,160,180,0.8979503798208747,FALSE,-1.1551520851090067,-0.7007376895080673,-1.0588399999999993,-0.6941500000000005,1.1550862560154598,-0.2663688813513714,0.41628866035872414,0.8248175182481752,0.9572284003421728,0.9572284003421728,0.8817966903073287,0.9371859296482412,0.7902097902097902,0.9371859296482412
668933,Graham Ashcraft,CIN,2024,26,77.33333333333333,15,350,1342,77.33333333333333,5.155555555555555,0.0857,22.087745839636913,101.7105,100.3941,37.1833084947839,0,0.4864,3,5.2371,1.5,0.1629,0.0771,4.6658,4.5562,-0.8318191731043701,-0.6608441904988592,173,181,0.8460297414736159,FALSE,-1.7945271057696897,-0.967778014101112,0.17104999999999962,0.03940999999999946,0.9136790641961373,-0.2663688813513714,-0.7985945729330632,0.7446808510638298,0.9306518723994452,0.9306518723994452,0.8172959805115713,0.8994638069705094,0.7,0.8994638069705094
669084,DL Hall,MIL,2024,25,43,7,197,783,31,6.142857142857143,0.1168,21.48148148148148,89.3489,88.7277,38.05874840357599,0,0.4553,4,5.0233,1.6047,0.2234,0.1066,4.3563,4.4817,-0.9032005947941073,-0.6662572488508206,178,182,0.7663031660256537,FALSE,-1.115873073600842,-1.117556701043727,-1.06511,-1.1272300000000002,1.3132322381103871,-0.2663688813513714,0.41628866035872414,0.6214511041009464,0.8867497168742922,0.8867497168742922,0.7229916897506925,0.8392282958199357,0.5677233429394812,0.8392282958199357
607536,Kyle Freeland,COL,2024,31,113.33333333333333,21,490,1769,113.33333333333333,5.396825396825396,0.1204,19.122257053291538,89.8273,96.7913,33.29564725833804,0,0.4016,5,5.2412,1.4118,0.1735,0.0531,4.4748,4.3824,-0.7635727456013242,-0.6688936070456386,163,183,0.8800807981088419,FALSE,-1.0373150505845126,-1.700407288091825,-1.0172700000000006,-0.3208699999999993,-0.8606601800229016,-0.2663688813513714,1.6311718936505115,0.8032786885245902,0.9464954521134297,0.9464954521134297,0.8550024166263895,0.9218342886920271,0.765625,0.9218342886920271
592351,Jon Gray,TEX,2024,32,102.66666666666667,19,439,1631,95.66666666666667,5.4035087719298245,0.1321,24.35158501440922,88.9249,93.8722,33.35377069282649,0,0.4006,2,4.4708,1.3149,0.1959,0.0638,4.2947,4.2386,-0.781927478771308,-0.6773830866942533,167,184,0.870188179485063,FALSE,-0.7820014757814413,-0.4084925233981949,-1.1075100000000007,-0.6127799999999993,-0.8341324852086478,-0.2663688813513714,-2.013477806224851,0.7853309481216458,0.9422299248989023,0.9422299248989023,0.8446400828586225,0.9157776530039303,0.7453310696095077,0.9157776530039303
542881,Tyler Anderson,LAA,2024,34,179.33333333333334,31,765,2915,179.33333333333334,5.78494623655914,0.0902,25.77675489067894,98.255,93.9484,36.089193825042884,0,0.3741,3,3.8141,1.2881,0.1856,0.0954,4.8579,4.8519,-0.779116219669478,-0.6865977733785817,165,185,0.920420783186309,FALSE,-1.6963295769992774,-0.0564017731068478,-0.17450000000000046,-0.6051599999999994,0.41432213000708085,-0.2663688813513714,-0.7985945729330632,0.864406779661017,0.966832504145937,0.966832504145937,0.9066874027993779,0.9510603588907015,0.8360655737704918,0.9510603588907015
656849,David Peterson,NYM,2024,28,121,21,510,1875,121,5.761904761904762,0.10780000000000001,21.508379888268156,93.3495,95.5739,35.57333333333333,0,0.5014,4,2.9008,1.2893,0.198,0.0902,4.3714,4.0982,-0.8014698649743174,-0.691713237390338,170,186,0.884986582405052,FALSE,-1.312268131141666,-1.1109114018517803,-0.6650499999999994,-0.4426100000000005,0.17888198764036117,-0.2663688813513714,0.41628866035872414,0.8095238095238095,0.9493670886075949,0.9493670886075949,0.8620689655172413,0.9259259259259259,0.7727272727272727,0.9259259259259259
680573,Simeon Woods Richardson,MIN,2024,23,133.66666666666666,28,569,2298,133.66666666666666,4.773809523809524,0.1213,21.58590308370044,90.2422,98.1055,34.81288076588338,0,0.3526,3,4.1746,1.2943,0.2056,0.0844,4.5094,4.5514,-0.7949970101525878,-0.7112161930800966,168,187,0.8993980226830252,FALSE,-1.01767554483043,-1.091759158670652,-0.9757800000000003,-0.18944999999999937,-0.1681906485101904,-0.2663688813513714,-0.7985945729330632,0.8258345428156749,0.9582985821517932,0.9582985821517932,0.8845265588914549,0.9387254901960784,0.7913769123783032,0.9387254901960784
605135,Chris Bassitt,TOR,2024,35,171,31,758,2968,171,5.516129032258065,0.1293,20.284697508896798,98.2054,94.0953,36.59029649595687,0,0.4028,3,4.1579,1.462,0.2216,0.0923,4.315,4.2754,-0.7804287163483246,-0.7166358742994684,166,188,0.9207033808309523,FALSE,-0.8431021603496976,-1.4132243080148503,-0.17946000000000026,-0.5904700000000005,0.6430267625121789,-0.2663688813513714,-0.7985945729330632,0.8633257403189066,0.9674054758800521,0.9674054758800521,0.9082007343941249,0.9518922386144965,0.8348017621145375,0.9518922386144965
607067,Colin Rea,MIL,2024,33,167.66666666666666,27,714,2652,148.33333333333334,6.209876543209877,0.1289,18.14516129032258,96.3228,95.4809,34.95475113122172,0,0.3877,4,4.2942,1.2644,0.1891,0.0602,4.334,4.4163,-0.7963460053170562,-0.7302677231766229,169,189,0.9144481686830612,FALSE,-0.8518308295737345,-1.9418005325173253,-0.36771999999999994,-0.4519099999999995,-0.10344062490946047,-0.2663688813513714,0.41628866035872414,0.8561151079136691,0.9636627906976745,0.9636627906976745,0.8983739837398373,0.9464668094218416,0.8263888888888888,0.9464668094218416
680730,Mitchell Parker,WSN,2024,24,151,29,646,2404,151,5.206896551724138,0.1393,21.921515561569688,88.9645,90.9917,33.23627287853577,0,0.3796,3,4.2914,1.3046,0.2059,0.0666,4.2459,4.1714,-0.8102241166494509,-0.7379520542284823,171,190,0.906659724573957,FALSE,-0.6248854297487818,-1.0088454996692335,-1.1035499999999998,-0.9008300000000006,-0.8877588097071712,-0.2663688813513714,-0.7985945729330632,0.8433420365535248,0.9600638977635783,0.9600638977635783,0.8890532544378699,0.9412685982772122,0.8115577889447236,0.9412685982772122
680736,Justin Wrobleski,LAD,2024,23,36.333333333333336,6,154,593,30.333333333333332,6.055555555555556,0.0649,20.27027027027027,100.3271,97.6556,37.09949409780776,0,0.3091,3,5.6972,1.3761,0.1688,0.1039,5.2198,5.1781,-1.1429939030745544,-0.7454916320329881,207,191,0.7200439571045455,FALSE,-2.248417905419594,-1.416788582953037,0.03271000000000015,-0.23443999999999932,0.8754259436847205,-0.2663688813513714,-0.7985945729330632,0.5620437956204379,0.8556998556998557,0.8556998556998557,0.6640537513997761,0.7981157469717362,0.506578947368421,0.7981157469717362
691951,Sam Aldegheri,LAA,2024,22,13,3,67,222,13,4.333333333333333,0,NA,86.9443,71.587,42.34234234234234,0,0.2222,NA,4.8462,1.9231,0.1493,0.1493,6.5368,7.4213,-1.8682132521024393,-0.7458187367983947,236,192,0.5235374659169132,FALSE,-3.6646444870195363,NA,-1.3055700000000001,-2.8412999999999995,3.268276252902285,-0.2663688813513714,NA,0.3582887700534759,0.6894409937888198,0.6894409937888198,0.42528735632183906,0.5967741935483871,0.3087557603686636,0.5967741935483871
572971,Dallas Keuchel,MIL,2024,36,16.666666666666668,4,79,308,16.666666666666668,4.166666666666667,0.038,20.353982300884955,86.5058,96.5566,45.45454545454545,0,0.5254,3,5.4,1.86,0.1392,0.1013,5.1331,4.8287,-1.4646943681032827,-0.7512810551366326,225,193,0.5861891607768419,FALSE,-2.835420910736057,-1.3961073770432662,-1.3494200000000007,-0.3443399999999997,4.688694283720983,-0.2663688813513714,-0.7985945729330632,0.3969849246231156,0.7549019607843137,0.7549019607843137,0.506578947368421,0.6724890829694323,0.34497816593886466,0.6724890829694323
621111,Walker Buehler,LAD,2024,29,75.33333333333333,16,344,1336,75.33333333333333,4.708333333333333,0.1047,16.778523489932887,99.837,99.8213,36.67664670658683,0,0.4545,4,5.3761,1.5531,0.186,0.0814,4.5439,4.4876,-0.9052113161916489,-0.7544409068753429,179,194,0.8447430690677015,FALSE,-1.37991531762795,-2.279430829457911,-0.01629999999999967,-0.01787000000000063,0.6824372353257482,-0.2663688813513714,0.41628866035872414,0.7413793103448276,0.9303621169916435,0.9303621169916435,0.8166259168704156,0.8990578734858681,0.6963562753036437,0.8990578734858681
685299,Tanner Gordon,COL,2024,26,34.333333333333336,8,160,607,34.333333333333336,4.291666666666667,0.125,20.21276595744681,88.095,90.1544,31.13673805601318,0,0.377,3,8.6505,1.7184,0.1625,0.0375,4.4802,4.5089,-1.0382522014415334,-0.7573196022624556,196,195,0.7253728905226315,FALSE,-0.9369353545080913,-1.43099512561446,-1.1905000000000001,-0.9845600000000004,-1.8459922574373002,-0.2663688813513714,-0.7985945729330632,0.5714285714285714,0.8585572842998586,0.8585572842998586,0.6692392502756339,0.8018494055482166,0.5161290322580645,0.8018494055482166
671096,Andrew Abbott,CIN,2024,25,138,25,586,2333,138,5.52,0.1058,21.73913043478261,94.0844,91.274,36.13373339048435,0,0.3374,4,3.7174,1.2971,0.1945,0.0887,4.7818,4.9124,-0.8748687920038601,-0.7679261979834421,177,196,0.9013229827512347,FALSE,-1.355911477261849,-1.0539040693188575,-0.5915599999999998,-0.8725999999999999,0.4346501097555189,-0.2663688813513714,0.41628866035872414,0.830028328611898,0.9588984792437321,0.9588984792437321,0.8860615267755412,0.9395892066049134,0.7961956521739131,0.9395892066049134
571945,Miles Mikolas,STL,2024,35,171.66666666666666,32,720,2705,171.66666666666666,5.364583333333333,0.1347,16.113161131611317,94.1092,97.463,31.201478743068392,0,0.4195,4,5.3476,1.2757,0.1694,0.0347,4.2772,4.0838,-0.8687612214996314,-0.8073522527853374,176,197,0.9155021995016892,FALSE,-0.7252651258252034,-2.443809782351752,-0.5890799999999998,-0.2537000000000006,-1.8164444304139802,-0.2663688813513714,0.41628866035872414,0.8571428571428571,0.964349376114082,0.964349376114082,0.9001663893510815,0.9474605954465849,0.8275862068965517,0.9474605954465849
694462,Hurston Waldrep,ATL,2024,22,7,2,36,133,7,3.5,-0.1389,20.754716981132077,101.0026,71.1752,39.849624060150376,0,0.4583,NA,16.7143,2.4286,0.0833,0.2222,8.2395,8.3265,-2.9862263600134136,-0.8131622997584572,247,198,0.40186245730345654,FALSE,-6.695674875066254,-1.2971051622299148,0.1002600000000001,-2.8824799999999997,2.130592796480819,-0.2663688813513714,NA,0.23076923076923078,0.5708154506437768,0.5708154506437768,0.3071593533487298,0.46996466431095407,0.1935483870967742,0.46996466431095407
471911,Carlos Carrasco,CLE,2024,37,103.66666666666667,21,447,1693,103.66666666666667,4.936507936507937,0.1253,22.105263157894736,84.4856,85.6907,35.20378027170703,0,0.4654,4,5.6431,1.3987,0.1991,0.0738,4.2825,4.1827,-0.9412727260925531,-0.8132031657355727,185,199,0.8731790981370399,FALSE,-0.9303888525900639,-0.9634503294993065,-1.5514399999999995,-1.4309299999999994,0.010216957385745195,-0.2663688813513714,0.41628866035872414,0.7883597883597884,0.9442275515895148,0.9442275515895148,0.8494731560461616,0.9186109603906674,0.7487437185929648,0.9186109603906674
656756,Jordan Montgomery,ARI,2024,31,117,21,532,1935,104,5.571428571428571,0.0733,24.951267056530213,92.5137,89.55,37.15762273901809,0,0.4228,4,6.2308,1.6496,0.156,0.0827,4.9135,4.6718,-0.9853054458240881,-0.8273269360662049,190,200,0.8885166275694141,FALSE,-2.065115851714825,-0.26034000932788787,-0.74863,-1.0450000000000004,0.901956014861115,-0.2663688813513714,0.41628866035872414,0.8159509202453987,0.9508599508599509,0.9508599508599509,0.8657718120805369,0.9280575539568345,0.7800586510263929,0.9280575539568345
678368,Valente Bellozo,MIA,2024,24,68.66666666666667,13,295,1095,68.66666666666667,5.282051282051283,0.078,22.78481012658228,86.1042,86.4528,38.082191780821915,0,0.2996,5,3.6699,1.3107,0.1492,0.0712,5.325,5.4661,-1.0908678806837286,-0.8355346142875326,202,201,0.8214832980299478,FALSE,-1.9625539883323946,-0.7955670434101708,-1.3895799999999994,-1.3547200000000004,1.3239318597426735,-0.2663688813513714,1.6311718936505115,0.7108433734939759,0.9163179916317992,0.9163179916317992,0.7849462365591398,0.8795180722891566,0.6629213483146067,0.8795180722891566
682610,Roddery Muñoz,MIA,2024,24,82.66666666666667,17,379,1486,78.66666666666667,4.862745098039216,0.0739,23.414634146341463,96.2105,87.4094,39.165545087483174,0,0.3397,4,6.5323,1.5847,0.1847,0.1108,5.1114,5.3551,-1.047724943747061,-0.8357355375175404,198,202,0.8569306500883187,FALSE,-2.0520228478787703,-0.6399679002056067,-0.3789500000000004,-1.2590599999999994,1.8183772783257144,-0.2663688813513714,0.41628866035872414,0.7595190380761523,0.9369482976040353,0.9369482976040353,0.832026875699888,0.9083129584352079,0.7164461247637051,0.9083129584352079
700249,Cade Povich,BAL,2024,24,79.66666666666667,16,352,1389,79.66666666666667,4.979166666666667,0.0994,20.37037037037037,97.2692,93.5613,35.3491720662347,0,0.3525,3,5.1967,1.431,0.196,0.0966,4.8024,4.9912,-1.0166045764708713,-0.83778429226195394,193,203,0.848583989889722,FALSE,-1.4955701848464351,-1.3920586753572262,-0.2730800000000002,-0.6438699999999997,0.07657417092056343,-0.2663688813513714,-0.7985945729330632,0.7457627118644068,0.9328408327736736,0.9328408327736736,0.822380106571936,0.9025341130604289,0.701195219123506,0.9025341130604289
596295,Austin Gomber,COL,2024,30,165,30,696,2622,165,5.5,0.1121,18.65771812080537,91.1204,97.0805,34.21052631578947,0,0.3799,4,4.7455,1.3091,0.1667,0.0546,4.6143,4.5038,-0.9229241205680908,-0.8397873761744218,181,204,0.9130380447776062,FALSE,-1.2184349369832723,-1.8151724567934695,-0.8879599999999996,-0.29194999999999993,-0.44310687055959047,-0.2663688813513714,0.41628866035872414,0.8529411764705882,0.9632623071271125,0.9632623071271125,0.8973305954825462,0.9458874458874459,0.8226950354609929,0.9458874458874459
671106,Logan Allen,CLE,2024,25,97.33333333333333,20,432,1665,97.33333333333333,4.866666666666666,0.088,22.271386430678465,92.5381,84.1223,37.47747747747748,0,0.4342,5,5.7329,1.5822,0.1829,0.0949,4.8093,4.7477,-1.0199901049152291,-0.8421905788828812,194,205,0.8705144681962401,FALSE,-1.744337257731479,-0.9224092797766084,-0.74619,-1.5877700000000003,1.0479385942014787,-0.2663688813513714,1.6311718936505115,0.782608695652174,0.943342776203966,0.943342776203966,0.8473282442748091,0.9173553719008265,0.7422680412371134,0.9173553719008265
571578,Patrick Corbin,WSN,2024,34,174.66666666666666,32,764,2888,174.66666666666666,5.458333333333333,0.1113,20.37735849056604,93.4564,95.9195,36.59972299168975,0,0.4633,3,5.6164,1.5,0.1819,0.0707,4.4138,4.138,-0.9234880398554373,-0.8436089948994862,182,206,0.9200504487016209,FALSE,-1.2358922754313457,-1.3903322478458202,-0.6543599999999998,-0.4080500000000001,0.6473290410022684,-0.2663688813513714,-0.7985945729330632,0.8642533936651584,0.9665327978580991,0.9665327978580991,0.9058971141781681,0.9506254114549045,0.8358862144420132,0.9506254114549045
571927,Steven Matz,STL,2024,33,44.333333333333336,7,190,754,32.333333333333336,6.333333333333334,0.0947,16.532258064516128,97.0953,106.0172,35.278514588859416,0,0.4015,2,5.0752,1.4436,0.1737,0.0789,4.6282,4.4993,-1.1133008871961503,-0.8483662908098455,204,207,0.7601494756633108,FALSE,-1.5981320482288655,-2.3402711403917595,-0.29047000000000056,0.6017200000000003,0.04432590457750581,-0.2663688813513714,-2.013477806224851,0.6129032258064516,0.882903981264637,0.882903981264637,0.715370018975332,0.834070796460177,0.5588235294117647,0.834070796460177
547001,Cody Poteet,NYY,2024,29,24.333333333333332,4,96,385,21,6.083333333333333,0.0833,14.893617021276595,89.7954,93.172,39.48051948051948,0,0.4225,4,2.2192,1.0685,0.1667,0.0833,4.7368,4.328,-1.3837151343192156,-0.8556632515447887,221,208,0.631944763561698,FALSE,-1.8468991211139094,-2.7451003217961047,-1.02046,-0.6828000000000003,1.9621324546381753,-0.2663688813513714,0.41628866035872414,0.4444444444444444,0.7938144329896907,0.7938144329896907,0.5620437956204379,0.719626168224299,0.3902439024390244,0.719626168224299
665622,Luis Medina,OAK,2024,25,40,8,180,720,40,5,0.0667,19.197707736389685,100.644,88.573,37.361111111111114,0,0.3858,4,5.175,1.575,0.1778,0.1111,5.1412,5.1071,-1.2534656634445516,-0.8596867399026821,213,209,0.7518009818806336,FALSE,-2.209138893911429,-1.681767062765456,0.06440000000000054,-1.1427000000000007,0.9948286656368771,-0.2663688813513714,0.41628866035872414,0.6,0.8780487804878049,0.8780487804878049,0.7058823529411765,0.8275862068965517,0.5454545454545454,0.8275862068965517
500779,Jose Quintana,NYM,2024,35,170.33333333333334,31,717,2826,170.33333333333334,5.494623655913979,0.1004,21.182943603851445,88.0411,92.5966,40.69355980184006,0,0.474,4,3.7515,1.2505,0.1883,0.0879,4.5748,4.4381,-0.9612235106489894,-0.8659874320476909,188,210,0.9169274289111594,FALSE,-1.4737485117863436,-1.191311014178853,-1.19589,-0.7403400000000004,2.5157673821780215,-0.2663688813513714,0.41628866035872414,0.8566308243727598,0.9658236500341764,0.9658236500341764,0.9040307101727447,0.9495967741935484,0.8269896193771626,0.9495967741935484
663765,Jake Woodford,2 Tms,2024,27,35,7,167,618,31.333333333333332,5,0.1018,17.94871794871795,91.4175,91.7491,38.02588996763754,0,0.3516,3,7.9714,1.6286,0.1557,0.053900000000000003,4.6962,4.7829,-1.2127141396130374,-0.8747224227985846,210,211,0.730388785081841,FALSE,-1.4431981695022154,-1.9903322091174165,-0.8582499999999996,-0.8250900000000001,1.2982355578845783,-0.2663688813513714,-0.7985945729330632,0.5818815331010453,0.8607242339832869,0.8607242339832869,0.673202614379085,0.8046875,0.526813880126183,0.8046875
489119,Wade Miley,MIL,2024,37,7,2,30,118,7,3.5,-0.0667,9.615384615384615,96.7656,84.0205,39.83050847457627,0,0.5238,NA,6.4286,1.4286,0.0667,0.1333,6.6129,6.0339,-2.851595276379383,-0.891233007527836,245,212,0.37316130566417033,FALSE,-5.120150080127644,-4.04909701646866,-0.3234399999999994,-1.5979500000000002,2.121868390829834,-0.2663688813513714,NA,0.2,0.5412844036697247,0.5412844036697247,0.2822966507177033,0.44029850746268656,0.16666666666666666,0.44029850746268656
667725,Kyle Tyler,MIA,2024,27,31.666666666666668,7,142,581,29.666666666666668,4.523809523809524,0.0493,23.423423423423422,73.3537,91.6707,40.61962134251291,0,0.5,4,5.4,1.7368,0.1761,0.1268,5.1088,4.7245,-1.3970442485122718,-0.8963557901218255,222,213,0.7119544993830925,FALSE,-2.5888360051570225,-0.637796493684999,-2.66463,-0.8329300000000004,2.4820216666791075,-0.2663688813513714,0.41628866035872414,0.5419847328244275,0.8531571218795888,0.8531571218795888,0.659477866061294,0.7948016415868673,0.4863013698630137,0.7948016415868673
608344,Cole Irvin,2 Tms,2024,30,111,16,492,1768,84,6.9375,0.0996,17.23122238586156,93.6766,93.1167,33.2579185520362,0,0.3893,5,5.1081,1.4505,0.1585,0.0589,4.6575,4.7775,-1.0356407804872703,-0.899056075402641,195,214,0.8802470998947579,FALSE,-1.491205850234417,-2.167590762826145,-0.6323400000000007,-0.6883300000000006,-0.8778796649917544,-0.2663688813513714,1.6311718936505115,0.803921568627451,0.9464668094218416,0.9464668094218416,0.8549323017408124,0.921793534932221,0.7663551401869159,0.921793534932221
676106,Emerson Hancock,SEA,2024,25,60.666666666666664,12,266,1015,60.666666666666664,5.055555555555555,0.0752,21.122994652406415,90.8661,90.6532,34.48275862068966,0,0.3465,4,4.7473,1.3352,0.1466,0.0714,5.109,5.2355,-1.1827725728445078,-0.9028420701432854,208,215,0.8090746341221576,FALSE,-2.023654672900651,-1.2061215091555693,-0.9133899999999997,-0.9346800000000002,-0.3188593004266032,-0.2663688813513714,0.41628866035872414,0.689119170984456,0.9103139013452914,0.9103139013452914,0.7718631178707225,0.871244635193133,0.6394230769230769,0.871244635193133
669432,Trevor Rogers,2 Tms,2024,26,124.33333333333333,25,562,2243,124.33333333333333,4.973333333333333,0.073,22.0795892169448,88.8264,95.6452,38.029424877396345,0,0.4627,4,4.9223,1.5764,0.1726,0.0996,4.9112,4.6956,-1.0566555968627458,-0.9136319957553772,201,216,0.8978107949219504,FALSE,-2.0716623536328527,-0.9697931222305556,-1.1173599999999992,-0.43547999999999976,1.2998489003875264,-0.2663688813513714,0.41628866035872414,0.8240469208211144,0.9573196756295348,0.9573196756295348,0.8820290994887927,0.9373171750940242,0.7893258426966292,0.9373171750940242
663559,Bailey Falter,PIT,2024,27,142.33333333333334,28,589,2140,142.33333333333334,5.083333333333334,0.0883,19.152276295133436,96.2256,94.8839,33.97196261682243,0,0.3616,4,4.4262,1.2857,0.1647,0.0764,4.9093,4.7066,-1.0509264036055601,-0.9238095881757076,199,217,0.897789947860615,FALSE,-1.7377907558134515,-1.692990981054129,-0.37744,-0.5116100000000003,-0.5519879966605513,-0.2663688813513714,0.41628866035872414,0.8307475317348378,0.9553571428571429,0.9553571428571429,0.8770491803278688,0.9344978165938864,0.79702300405954,0.9344978165938864
573186,Marcus Stroman,NYY,2024,33,154.66666666666666,29,675,2668,151.66666666666666,5.333333333333333,0.0785,22.135416666666668,85.4625,89.9523,39.01799100449775,0,0.4918,5,4.306,1.4677,0.1674,0.0889,4.7354,4.5004,-1.0557835458990963,-0.9324570734389751,200,218,0.9124924911981499,FALSE,-1.9516431518023487,-0.9560008515779693,-1.4537499999999994,-1.0047700000000006,1.7510331904120415,-0.2663688813513714,1.6311718936505115,0.8490566037735849,0.9638728323699421,0.9638728323699421,0.898921832884097,0.9467707594038325,0.8181818181818182,0.9467707594038325
622072,Alex Wood,OAK,2024,33,39.333333333333336,9,186,756,39.333333333333336,4.37037037037037,0.0753,20.689655172413794,92.9249,87.5351,38.35978835978836,0,0.368,3,5.2627,1.7797,0.1774,0.1022,5.0133,5.1257,-1.3209818516044296,-0.9375339239714957,219,219,0.7589361384439669,FALSE,-2.021472505594642,-1.313178797680933,-0.7075100000000006,-1.24649,1.4506276992627363,-0.2663688813513714,-0.7985945729330632,0.6078431372549019,0.883177570093458,0.883177570093458,0.7159090909090909,0.8344370860927153,0.5535714285714286,0.8344370860927153
656288,Griffin Canning,LAA,2024,28,171.66666666666666,31,739,2872,165.66666666666666,5.53763440860215,0.0866,22.262334536702767,86.0953,92.5327,37.116991643454035,0,0.4071,4,5.1903,1.3981,0.1759,0.0893,4.8404,4.751,-1.0471949702380108,-0.9404533494677633,197,220,0.918632779821107,FALSE,-1.7748876000156073,-0.9246455662674534,-1.3904700000000005,-0.7467299999999994,0.8834118714776704,-0.2663688813513714,0.41628866035872414,0.860302677532014,0.9663526244952894,0.9663526244952894,0.905422446406053,0.9503639973527466,0.8312710911136107,0.9503639973527466
605156,Aaron Brooks,OAK,2024,34,26.666666666666668,4,119,403,21.666666666666668,6.666666666666667,0.0336,19.90049751243781,87.5678,89.4725,35.235732009925556,0,0.4742,4,5.0625,1.5375,0.1008,0.0672,5.3033,5.1501,-1.5985552057218477,-0.941745738805392,228,221,0.6533478295173702,FALSE,-2.93143627220046,-1.508141599818159,-1.2432199999999995,-1.0527500000000003,0.024799818286961445,-0.2663688813513714,0.41628866035872414,0.497907949790795,0.8011928429423459,0.8011928429423459,0.5732574679943101,0.72875226039783,0.4423791821561338,0.72875226039783
700270,Yilber Díaz,ARI,2024,23,28.333333333333332,4,119,469,20,7.083333333333333,0.0588,19.718309859154928,89.1395,84.0292,38.166311300639656,0,0.3563,3,3.8118,1.3765,0.1597,0.1008,5.1133,4.7502,-1.6010251045943433,-0.9910945284229035,229,222,0.6734319403412986,FALSE,-2.381530111086153,-1.5531513832876838,-1.0860500000000002,-1.5970799999999996,1.3623242391553225,-0.2663688813513714,-0.7985945729330632,0.497907949790795,0.8242530755711776,0.8242530755711776,0.6098829648894668,0.7576736672051696,0.4423791821561338,0.7576736672051696
664192,Joey Lucchesi,NYM,2024,31,10.333333333333334,2,46,180,10.333333333333334,5.166666666666667,-0.0217,10.344827586206897,95.6672,86.1448,43.333333333333336,0,0.4483,NA,5.2258,1.5484,0.1522,0.1739,6.3873,5.8901,-2.4462410074696024,-1.005986281591771,243,223,0.4662036697013338,FALSE,-4.1381747924235235,-3.8688868343928218,-0.4332800000000006,-1.3855199999999996,3.720567257452451,-0.2663688813513714,NA,0.27710843373493976,0.6428571428571429,0.6428571428571429,0.375,0.5454545454545454,0.23469387755102042,0.5454545454545454
686799,Jack Kochanowicz,LAA,2024,23,65.33333333333333,11,266,859,65.33333333333333,5.939393939393939,0.0564,16.129032258064516,101.1375,99.9726,31.664726426076832,1,0.5701,2,3.9949,1.1939,0.094,0.0376,4.5642,4.4774,-1.2560685397370648,-1.0102422421915,214,224,0.7948319657505737,FALSE,-2.433902126430372,-2.439888792360368,0.11375000000000028,-0.002740000000000009,-1.6050169181477985,3.7291643389191993,-2.013477806224851,0.689119170984456,0.8957247132429614,0.8957247132429614,0.7411561691113029,0.8513379583746283,0.6394230769230769,0.8513379583746283
547179,Michael Lorenzen,2 Tms,2024,32,130.33333333333334,24,536,2093,123.4,5.430555555555556,0.069,21.96620583717358,91.2848,88.8869,38.74820831342571,0,0.4182,4,3.3146,1.2353,0.181,0.1119,5.068,4.9489,-1.1885432989529776,-1.0190959772590413,209,225,0.8925857022392832,FALSE,-2.1589490458732183,-0.9978046876719394,-0.8715199999999996,-1.1113100000000002,1.6279036307444994,-0.2663688813513714,0.41628866035872414,0.8170731707317073,0.9544003647970816,0.9544003647970816,0.8746343501880485,0.9331252786446723,0.7813411078717201,0.9331252786446723
665871,Javier Assad,CHC,2024,26,147,29,638,2538,147,5.068965517241379,0.0956,18.095238095238095,90.9907,92.259,38.69188337273444,0,0.4361,4,3.7347,1.4014,0.1944,0.0987,4.719,4.6055,-1.1386528311462962,-1.0220087317966862,206,226,0.9083147035616858,FALSE,-1.578492542474783,-1.9541341465705815,-0.9009299999999996,-0.7741,1.6021967734288671,-0.2663688813513714,0.41628866035872414,0.841688654353562,0.9620924943138741,0.9620924943138741,0.8942917547568711,0.9441964285714286,0.8096446700507615,0.9441964285714286
696131,Mason Black,SFG,2024,24,36.333333333333336,8,169,663,33.666666666666664,4.541666666666667,0.0947,13.333333333333334,98.2063,93.7995,33.93665158371041,0,0.3193,3,6.4404,1.6789,0.1834,0.0888,4.8775,5.2351,-1.4067360792307,-1.0435069297501394,223,227,0.7388431832968313,FALSE,-1.5981320482288655,-3.1305711793427204,-0.1793700000000001,-0.6200500000000005,-0.5681040489588375,-0.2663688813513714,-0.7985945729330632,0.5847750865051903,0.8689384010484927,0.8689384010484927,0.6884735202492211,0.8154981549815498,0.5297805642633229,0.8154981549815498
681066,Ky Bush,CHW,2024,24,17.666666666666668,4,87,328,17.666666666666668,4.416666666666667,-0.0575,NA,87.328,76.7306,41.76829268292683,0,0.3684,3,5.6038,2.0377,0.1264,0.1839,6.9904,7.0332,-2.2437274627732022,-1.0467593638412025,242,228,0.6021095248443284,FALSE,-4.919390687974801,NA,-1.2671999999999997,-2.3269400000000005,3.0062784149006645,-0.2663688813513714,-0.7985945729330632,0.42028985507246375,0.7663551401869159,0.7663551401869159,0.5222929936305732,0.6861924686192469,0.3670886075949367,0.6861924686192469
548389,Ross Stripling,OAK,2024,34,85.33333333333333,14,381,1359,72.33333333333333,6.095238095238095,0.0709,18.099547511312217,84.5378,94.5903,33.99558498896247,0,0.3922,5,6.0117,1.5352,0.1286,0.0577,5.0059,4.7403,-1.2681986565098473,-1.0522373732082038,215,229,0.8516105701197977,FALSE,-2.1174878670590447,-1.9530694976721452,-1.5462199999999995,-0.5409700000000001,-0.5412066812679744,-0.2663688813513714,1.6311718936505115,0.7604790419161677,0.9314599040438657,0.9314599040438657,0.8191681735985533,0.9005964214711729,0.7175141242937854,0.9005964214711729
594835,Marco Gonzales,PIT,2024,32,33.666666666666664,7,151,546,33.666666666666664,4.809523809523809,0.0795,18.70967741935484,84.0214,80.9356,31.86813186813187,0,0.4035,4,4.5446,1.604,0.1523,0.0728,4.9564,4.8013,-1.5581655819688849,-1.0580754203396863,227,230,0.7090878237810537,FALSE,-1.9298214787422572,-1.8023358197612729,-1.59786,-1.9064400000000006,-1.5121821168686829,-0.2663688813513714,0.41628866035872414,0.5571955719557196,0.8452012383900929,0.8452012383900929,0.6453900709219859,0.7844827586206896,0.5016611295681063,0.7844827586206896
615698,Cal Quantrill,COL,2024,29,148.33333333333334,29,656,2645,148.33333333333334,5.114942528735632,0.0625,22.38442822384428,85.6589,86.1425,39.01701323251418,0,0.4437,5,4.9753,1.5169,0.1677,0.1052,5.0702,4.8711,-1.2277008694487916,-1.077253812395539,212,231,0.9110278233276741,FALSE,-2.3007899207638136,-0.8944821039130489,-1.4341099999999998,-1.3857500000000003,1.7505869325987105,-0.2663688813513714,1.6311718936505115,0.845360824742268,0.9635701275045537,0.9635701275045537,0.8981324278438031,0.9463327370304114,0.8138957816377171,0.9463327370304114
527048,Martín Pérez,2 Tms,2024,33,135,26,590,2208,135,5.1923076923076925,0.0983,17.907801418439718,83.9544,92.8444,35.552536231884055,0,0.4437,4,4.5333,1.4815,0.1814,0.0831,4.6389,4.4837,-1.2170017104070632,-1.0897461618310935,211,232,0.8992549160219859,FALSE,-1.519574025212536,-2.000440710626506,-1.6045599999999993,-0.7155600000000006,0.16939013353498913,-0.2663688813513714,0.41628866035872414,0.8309859154929577,0.9566724436741768,0.9566724436741768,0.8803827751196173,0.9363867684478372,0.7972972972972973,0.9363867684478372
668676,Zach Plesac,LAA,2024,29,12,3,54,209,12,4,-0.037,18.75,81.4862,65.5652,40.19138755980861,0,0.1951,NA,8.25,1.5833,0.0926,0.1296,7.4977,7.3592,-2.6980290718367637,-1.1115087948758182,244,233,0.5003937086040647,FALSE,-4.472046390242924,-1.7923740545644122,-1.8513800000000002,-3.4434799999999997,2.2865745944832674,-0.2663688813513714,NA,0.3103448275862069,0.6763754045307443,0.6763754045307443,0.4106090373280943,0.5821727019498607,0.2647058823529412,0.5821727019498607
543294,Kyle Hendricks,CHC,2024,34,130.66666666666666,24,567,2135,116.33333333333333,5.444444444444444,0.0776,19.288389513108616,85.3857,92.2336,35.31615925058548,0,0.4455,4,5.9235,1.4541,0.1534,0.0758,4.8261,4.592,-1.28916177159768,-1.134427920652521,216,234,0.8960203882166027,FALSE,-1.971282657556431,-1.6593639686962136,-1.46143,-0.7766400000000004,0.06150703137161082,-0.2663688813513714,0.41628866035872414,0.8253275109170306,0.9552572706935123,0.9552572706935123,0.8767967145790554,0.9343544857768052,0.7907949790794979,0.9343544857768052
623167,Chris Flexen,CHW,2024,29,160,30,707,2797,147.33333333333334,5.333333333333333,0.0849,22.01834862385321,81.4574,82.7919,38.61279942795853,0,0.356,4,4.95,1.5188,0.174,0.0891,4.9482,5.0307,-1.3048612765802141,-1.1725273017013105,218,235,0.9160235338244469,FALSE,-1.8119844442177628,-0.9849227195711495,-1.8542599999999994,-1.7208100000000002,1.566102644267595,-0.2663688813513714,0.41628866035872414,0.8548972188633616,0.9654815326199516,0.9654815326199516,0.903132063287052,0.9491007804546997,0.8249708284714119,0.9491007804546997
689672,Drew Thorpe,CHW,2024,23,44.333333333333336,9,190,721,44.333333333333336,4.9259259259259265,0.0211,21.973094170403588,82.5768,84.2874,39.80582524271845,0,0.3617,4,5.4812,1.2632,0.1316,0.1105,5.8511,5.8124,-1.712312860735165,-1.1727487245299304,234,236,0.7556943041915387,FALSE,-3.204207185451604,-0.9961029127077093,-1.7423199999999994,-1.5712599999999994,2.1106028961542926,-0.2663688813513714,0.41628866035872414,0.6129032258064516,0.8781973203410475,0.8781973203410475,0.7061704211557297,0.8277841561423651,0.5588235294117647,0.8277841561423651
674072,Tommy Henry,ARI,2024,26,38.333333333333336,7,182,706,32,5.476190476190476,0.0659,16.666666666666668,84.1524,86.0271,36.54390934844193,0,0.4341,4,7.0435,1.7478,0.1648,0.0989,5.015,5.2163,-1.6349839442087308,-1.1840001145874959,231,237,0.7505749706549099,FALSE,-2.2265962323595025,-2.307065256402223,-1.58476,-1.3972899999999995,0.621855541241268,-0.2663688813513714,0.41628866035872414,0.6026490066225165,0.8759305210918115,0.8759305210918115,0.7017892644135189,0.8247663551401869,0.5481927710843374,0.8247663551401869
800049,Adam Mazur,SDP,2024,23,33.666666666666664,8,158,585,33.666666666666664,4.208333333333333,0.0063,17.916666666666668,92.109,88.5718,39.82905982905983,0,0.3363,4,7.4851,1.8119,0.1392,0.1329,6.048,6.1995,-1.8343721515684932,-1.1939604255984757,235,238,0.7203164596649617,FALSE,-3.5271679467409593,-1.9982505352995363,-0.7891000000000006,-1.1428200000000004,2.1212072250454583,-0.2663688813513714,0.41628866035872414,0.5683453237410072,0.8540145985401459,0.8540145985401459,0.6610169491525424,0.7959183673469388,0.512987012987013,0.7959183673469388
592836,Taijuan Walker,PHI,2024,31,83.66666666666667,15,381,1435,74,5.577777777777778,0.0551,16.75824175824176,85.6913,87.4325,37.8397212543554,0,0.3781,6,7.0996,1.7211,0.1522,0.0971,5.2521,5.2925,-1.4509523588627005,-1.1944917625696538,224,239,0.8550735565467283,FALSE,-2.4622703014084912,-2.284441467310451,-1.43087,-1.2567499999999996,1.2132676468625152,-0.2663688813513714,2.846055126942299,0.7604790419161677,0.9348534201954397,0.9348534201954397,0.8270893371757925,0.9053627760252366,0.7175141242937854,0.9053627760252366
663474,Triston McKenzie,CLE,2024,26,75.66666666666667,16,340,1308,75.66666666666667,4.729166666666667,0.0735,23.104693140794225,88.6672,74.8097,40.825688073394495,0,0.3505,3,5.1145,1.5595,0.2176,0.1441,5.2102,5.411,-1.4893412510484387,-1.1951919785770282,226,240,0.8426620071722901,FALSE,-2.0607515171028066,-0.7165393763546918,-1.1332800000000005,-2.5190299999999994,2.5760710874731347,-0.2663688813513714,-0.7985945729330632,0.7391304347826086,0.9289772727272727,0.9289772727272727,0.8134328358208955,0.897119341563786,0.6938775510204082,0.897119341563786
594902,Ben Lively,CLE,2024,32,151,29,632,2409,151,5.206896551724138,0.1092,19.81279251170047,81.8667,82.6511,34.661685346616856,0,0.4192,3,3.8146,1.245,0.1867,0.0775,4.5824,4.5689,-1.3682736700660523,-1.2363349300400641,220,241,0.9058459109419765,FALSE,-1.2817177888575377,-1.5298092760917692,-1.8133300000000006,-1.73489,-0.23719665228329628,-0.2663688813513714,-0.7985945729330632,0.8404255319148937,0.9601434834595456,0.9601434834595456,0.8892580287929125,0.9413833528722158,0.8081841432225064,0.9413833528722158
680897,Nick Nastrini,CHW,2024,24,35.666666666666664,8,174,736,32.333333333333336,4.458333333333333,-0.0575,29.23076923076923,90.1772,71.5768,45.92391304347826,0,0.3153,2,7.0654,1.9065,0.1494,0.2069,7.1827,7.3643,-2.221695242418806,-1.3896236349666193,241,242,0.7516376544182274,FALSE,-4.919390687974801,0.7969186069888822,-0.98228,-2.8423199999999995,4.902914937825432,-0.2663688813513714,-2.013477806224851,0.5918367346938775,0.8803827751196173,0.8803827751196173,0.7104247104247104,0.8306997742663657,0.5370370370370371,0.8306997742663657
664350,Sixto Sánchez,MIA,2024,25,35.666666666666664,7,162,622,28.333333333333332,5.095238095238095,0.0185,13.194444444444445,91.3333,94.2357,36.17363344051447,0,0.4841,3,6.0561,1.5981,0.1049,0.0864,5.4197,5.2964,-2.0144294569032137,-1.4008696424499136,239,243,0.728958556896278,FALSE,-3.2609435354078427,-3.164883926131908,-0.8666700000000006,-0.5764300000000006,0.45286060195351385,-0.2663688813513714,-0.7985945729330632,0.574468085106383,0.8614958448753463,0.8614958448753463,0.6746203904555315,0.805699481865285,0.5192307692307693,0.805699481865285
572020,James Paxton,2 Tms,2024,35,100.33333333333333,21,437,1708,100.33333333333333,4.777777777777778,0.0526,20.497803806734993,88.1647,85.7707,38.2903981264637,0,0.3746,2,4.3953,1.4452,0.167,0.1144,5.3472,5.2104,-1.6838004776142423,-1.4265477378921199,233,244,0.8725053882178744,FALSE,-2.51682448405872,-1.3605760184691478,-1.1835300000000004,-1.4229299999999996,1.4189578065778423,-0.2663688813513714,-2.013477806224851,0.7845601436265709,0.9446902654867256,0.9446902654867256,0.850597609561753,0.9192680301399354,0.7444633730834753,0.9192680301399354
641712,Dakota Hudson,COL,2024,29,89,18,404,1512,89,4.944444444444445,-0.0025,18.962722852512155,87.0941,80.3919,40.476190476190474,0,0.5235,5,6.1685,1.6742,0.1213,0.1238,5.7247,5.4143,-1.952818742039392,-1.591653870018536,238,245,0.8614423479558005,FALSE,-3.7191986696697654,-1.7398204958678452,-1.2905900000000003,-1.9608099999999993,2.416559426151975,-0.2663688813513714,1.6311718936505115,0.7709923664122137,0.9379652605459057,0.9379652605459057,0.8344370860927153,0.9097472924187726,0.7292418772563177,0.9097472924187726
621389,Ty Blach,COL,2024,33,71.33333333333333,12,330,1133,56.333333333333336,5.944444444444444,0.0545,15.053763440860216,78.5178,79.1223,33.27449249779347,0,0.4091,4,6.9393,1.6963,0.1091,0.0545,5.1785,5.1165,-2.016021085811831,-1.64850405619125,240,246,0.8307784788292002,FALSE,-2.4753633052445463,-2.705535864276657,-2.1482200000000007,-2.0877700000000003,-0.8703152707196962,-0.2663688813513714,0.41628866035872414,0.7333333333333333,0.9188969991889699,0.9188969991889699,0.790648988136776,0.8830865159781761,0.6875,0.8830865159781761
687134,Bradley Blalock,2 Tms,2024,23,30.666666666666668,6,147,554,29.666666666666668,5.111111111111112,0,0,90.2809,87.3309,38.808664259927795,0,0.3679,4,5.8696,1.7935,0.1361,0.1361,6.0508,6.0859,-2.8574420600414308,-2.015822962924353,246,247,0.7088966393294764,FALSE,-3.6646444870195363,-6.42459487110471,-0.9719099999999997,-1.26691,1.6554958904350914,-0.2663688813513714,0.41628866035872414,0.550561797752809,0.8470948012232415,0.8470948012232415,0.6487119437939111,0.7869318181818182,0.494949494949495,0.7869318181818182
669373,Tarik Skubal,DET,2025,28,195.33333333333334,31,748,2849,195.33333333333334,6.301075268817205,0.2781,33.57740585774059,123.2773,123.5835,29.694629694629693,0,0.4099,4,2.2116,0.8908,0.3222,0.0441,2.7134,2.664,1.8283379270971492,1.6630271854286007,1,1,0.9187988580986526,TRUE,2.282435018215239,1.8588429069243064,2.32773,2.35835,-2.4614431000937893,-0.23656382080646657,0.18685058539319113,0.8617511520737328,0.9660902000678196,0.9660902000678196,0.9047316608447126,0.9499833277759253,0.8329621380846325,0.9499833277759253
666142,Cole Ragans,KCR,2025,27,61.666666666666664,13,257,1079,61.666666666666664,4.743589743589744,0.3035,32.860520094562645,112.0524,111.522,34.661723818350325,0,0.3676,4,4.6703,1.1838,0.3813,0.0778,2.5183,2.4521,1.620981636186176,1.2447110698491657,2,2,0.8116945880703706,TRUE,2.7997569030324323,1.6713476607538114,1.2052400000000005,1.1522000000000006,-0.3541736480328503,-0.23656382080646657,0.18685058539319113,0.6816976127320955,0.9151823579304496,0.9151823579304496,0.7824510514865844,0.8779495524816925,0.6314496314496314,0.8779495524816925
554430,Zack Wheeler,PHI,2025,35,149.66666666666666,24,585,2394,149.66666666666666,6.236111111111111,0.2769,30.68893528183716,110.5983,120.8995,35.29657477025898,0,0.3994,3,2.706,0.9354,0.3333,0.0564,2.7308,2.7315,1.4095428055088948,1.2322625757667385,3,3,0.902318576652683,TRUE,2.2579946142081266,1.1033885102789407,1.0598299999999994,2.0899500000000004,-0.08484071729973482,-0.23656382080646657,-0.800788223113677,0.8297872340425532,0.9599037690457097,0.9599037690457097,0.888641425389755,0.9410377358490566,0.7959183673469388,0.9410377358490566
640455,Sean Manaea,NYM,2025,33,60.666666666666664,12,263,1095,51.333333333333336,5.055555555555555,0.2395,41.935483870967744,110.1078,105.9753,31.598173515981735,0,0.3636,2,5.6374,1.2198,0.2852,0.0456,3.0745,3.3049,1.382691940752684,1.1501838503732813,4,4,0.8143009016571588,TRUE,1.4962686893198185,4.044825632617313,1.0107799999999998,0.5975300000000004,-1.6538723866179939,-0.23656382080646657,-1.7884270316205453,0.6866840731070496,0.9163179916317992,0.9163179916317992,0.7849462365591398,0.8795180722891566,0.6368038740920097,0.8795180722891566
694973,Paul Skenes,PIT,2025,23,187.66666666666666,32,733,2997,187.66666666666666,5.864583333333333,0.2374,29.81895633652822,110.1229,121.1991,34.8682015348682,0,0.4433,5,1.9663,0.9485,0.2947,0.0573,3.0966,3.03,1.2636111308390139,1.1480209341222274,7,5,0.9197921860486248,TRUE,1.4534979823073735,0.875853071730471,1.0122900000000001,2.11991,-0.26657631774036594,-0.23656382080646657,1.1744893939000594,0.8593200468933178,0.9677106877623507,0.9677106877623507,0.9090081892629663,0.9523355576739753,0.8301245753114382,0.9523355576739753
668881,Hunter Greene,CIN,2025,25,107.66666666666667,19,420,1748,107.66666666666667,5.666666666666667,0.2524,30.31423290203327,119.8831,121.008,31.40732265446224,0,0.3295,3,2.7585,0.9381,0.3143,0.0619,3.0631,3.2676,1.3160378257806582,1.1163110153427287,5,6,0.8716927546929429,TRUE,1.7590030323962675,1.0053883566274555,1.9883099999999998,2.1007999999999996,-1.734840087322302,-0.23656382080646657,-0.800788223113677,0.7777777777777778,0.9458874458874459,0.9458874458874459,0.853515625,0.9209694415173867,0.7368421052631579,0.9209694415173867
676979,Garrett Crochet,BOS,2025,26,205.33333333333334,32,814,3151,205.33333333333334,6.416666666666667,0.2568,29.057337220602527,117.0103,114.5828,32.91018724214535,0,0.4831,4,2.586,1.0276,0.3133,0.0565,2.8552,2.6437,1.2100356152661218,1.0999390480181963,10,7,0.9252266107301217,TRUE,1.8486178470890091,0.676658205597807,1.70103,1.4582800000000007,-1.0972559068484775,-0.23656382080646657,0.18685058539319113,0.8715203426124197,0.9692402337742233,0.9692402337742233,0.9130686757461606,0.9545592244774311,0.8443983402489627,0.9545592244774311
669302,Logan Gilbert,SEA,2025,28,131,25,535,2156,131,5.24,0.2654,34.953271028037385,104.0659,108.8271,33.71985157699444,0,0.3894,3,3.4351,1.0305,0.3234,0.0579,2.8565,2.953,1.2506171006433398,1.0944637567658986,8,8,0.8938454383201695,TRUE,2.0237740758066427,2.2186884946768655,0.4065899999999999,0.8827100000000001,-0.7537591103809487,-0.23656382080646657,-0.800788223113677,0.816793893129771,0.9556737588652482,0.9556737588652482,0.8778501628664495,0.9349522983521249,0.781021897810219,0.9349522983521249
650911,Cristopher Sánchez,PHI,2025,28,202,32,807,2897,202,6.3125,0.2082,29.53995157384988,117.5764,116.1732,32.9996548153262,1,0.583,3,2.495,1.0644,0.2627,0.0545,3.0208,2.7709,1.1352385819771504,1.0218031721331733,12,9,0.9221116396505767,TRUE,0.8587814848009936,0.8028817988330743,1.7576400000000008,1.6173199999999994,-1.05929965330907,4.199007819314781,-0.800788223113677,0.8705501618122977,0.9666332999666333,0.9666332999666333,0.906162026900219,0.9507712504102396,0.8432601880877743,0.9507712504102396
519242,Chris Sale,ATL,2025,36,125.66666666666667,20,510,2031,120,6.283333333333333,0.2608,30.311231393775373,116.2054,112.9957,33.18562284588872,0,0.39,2,2.5782,1.0663,0.3235,0.0627,2.8803,2.9833,1.101046552060638,0.9447681121910606,13,10,0.8888781029100518,TRUE,1.9300858604460474,1.0046033382066644,1.6205399999999996,1.29957,-0.9804034737515158,-0.23656382080646657,-1.7884270316205453,0.8095238095238095,0.9530736743312999,0.9530736743312999,0.8712998712998713,0.9312242090784044,0.7727272727272727,0.9312242090784044
660271,Shohei Ohtani,LAD,2025,30,47,14,188,753,47,3.357142857142857,0.2819,27.77777777777778,114.6239,116.8541,34.26294820717131,0,0.4138,3,2.8723,1.0426,0.3298,0.0479,2.6673,2.449,1.246617598132008,0.8449226389475466,9,11,0.7592871201583437,TRUE,2.3598296309044247,0.34200054457984347,1.4623900000000005,1.6854100000000003,-0.5233525769465247,-0.23656382080646657,-0.800788223113677,0.6103896103896104,0.8827667057444314,0.8827667057444314,0.7150997150997151,0.8338870431893688,0.5562130177514792,0.8338870431893688
695505,Chase Burns,CIN,2025,22,43.333333333333336,8,188,765,34.333333333333336,5.416666666666667,0.2713,28.08219178082192,115.9857,119.7175,34.77124183006536,0,0.3592,2,4.5692,1.3154,0.3564,0.0851,2.7562,2.6804,1.1836267136440184,0.8044817024433144,11,12,0.760832823143519,TRUE,2.1439393955082733,0.421617383649836,1.5985699999999994,1.9717500000000001,-0.30771107760652844,-0.23656382080646657,-1.7884270316205453,0.6103896103896104,0.884393063583815,0.884393063583815,0.7183098591549296,0.8360655737704918,0.5562130177514792,0.8360655737704918
680885,Spencer Schwellenbach,ATL,2025,25,110.66666666666667,17,434,1573,110.66666666666667,6.509803921568627,0.2074,28.34355828220859,107.7013,116.8508,31.277813095994915,0,0.4689,6,3.0904,0.9669,0.2488,0.0415,3.2978,3.0072,0.9361941779171753,0.8030703103520174,16,13,0.8675303851066168,TRUE,0.842487882129586,0.48997552247097376,0.7701300000000003,1.6850800000000006,-1.7897839900369281,-0.23656382080646657,2.1621282024069277,0.7833935018050542,0.9402271368798566,0.9402271368798566,0.8398291510945008,0.9129425420777714,0.7431506849315068,0.9129425420777714
594798,Jacob deGrom,TEX,2025,37,172.66666666666666,30,669,2617,172.66666666666666,5.7555555555555555,0.2212,29.537366548042705,108.5927,117.6365,33.740924722965225,0,0.3778,3,2.971,0.9208,0.2765,0.0553,3.3245,3.3659,0.8827330564710317,0.789034284770354,19,14,0.9114117001234313,TRUE,1.1235525282113685,0.8022057077806802,0.8592699999999993,1.7636499999999997,-0.7448189140293239,-0.23656382080646657,-0.800788223113677,0.8479087452471483,0.9631947000368053,0.9631947000368053,0.8971546109016112,0.9457896638959161,0.8168498168498168,0.9457896638959161
694819,Jacob Misiorowski,MIL,2025,23,66,14,273,1165,63.666666666666664,4.714285714285714,0.2051,29.66507177033493,116.1621,119.4478,34.592274678111586,0,0.3421,3,4.3636,1.2424,0.3187,0.1136,3.5567,3.656,0.9099693996756559,0.7387460274306503,17,15,0.8212898219353315,TRUE,0.795643774449289,0.8356058997231098,1.6162099999999995,1.9447800000000002,-0.38363716292742345,-0.23656382080646657,-0.800788223113677,0.6946564885496184,0.9209486166007905,0.9209486166007905,0.7952218430034129,0.8859315589353612,0.6453900709219859,0.8859315589353612
666200,Jesús Luzardo,PHI,2025,27,183.66666666666666,32,758,3015,183.66666666666666,5.739583333333333,0.2098,30.09367681498829,105.8323,112.9645,35.1575456053068,0,0.4277,4,3.9201,1.2196,0.285,0.0752,3.402,3.2489,0.8058776116127058,0.7367463795387309,20,16,0.9212339396507397,TRUE,0.8913686901438087,0.9477038272938249,0.5832300000000004,1.29645,-0.14382327429420783,-0.23656382080646657,0.18685058539319113,0.8633257403189066,0.9678972712680578,0.9678972712680578,0.9095022624434389,0.95260663507109,0.8348017621145375,0.95260663507109
605540,Brandon Woodruff,MIL,2025,32,64.66666666666667,12,257,964,64.66666666666667,5.388888888888889,0.2685,31.506849315068493,97.3107,101.8452,31.12033195020747,0,0.3397,4,3.201,0.9124,0.323,0.0545,2.9032,3.2403,0.9389815957897217,0.6973265157765628,15,17,0.8026479609644301,TRUE,2.086911786158347,1.3173068231872502,-0.2689300000000003,0.18452000000000054,-1.8565947247497352,-0.23656382080646657,0.18685058539319113,0.6816976127320955,0.9060150375939849,0.9060150375939849,0.7626582278481012,0.8653500897666068,0.6314496314496314,0.8653500897666068
656302,Dylan Cease,SDP,2025,29,168,32,722,3046,168,5.25,0.1994,33.590308370044056,107.6975,107.7902,36.80236375574524,0,0.3662,2,4.5536,1.3274,0.2978,0.0983,3.5792,3.5571,0.6932666380353303,0.642202228001685,21,18,0.919766345279409,TRUE,0.6795518554155091,1.8622174469763124,0.7697500000000005,0.7790199999999998,0.5539841270316228,-0.23656382080646657,-1.7884270316205453,0.8574821852731591,0.9682136045772409,0.9682136045772409,0.9103407053197848,0.9530663329161452,0.8279816513761468,0.9530663329161452
657746,Joe Ryan,MIN,2025,29,171,30,689,2798,166,5.7,0.225,27.36842105263158,107.9523,108.3517,34.52466047176555,0,0.3665,4,3.4211,1.0351,0.2816,0.0566,3.3248,3.6993,0.6898741625206946,0.6133928920826143,22,19,0.9150386815421016,TRUE,1.2009471409005548,0.2349368478304587,0.7952299999999994,0.8351699999999994,-0.4123222145913167,-0.23656382080646657,0.18685058539319113,0.8516687268232386,0.9654934437543133,0.9654934437543133,0.9031633311814073,0.9491180461329715,0.8212157330154947,0.9491180461329715
690997,Nolan McLean,NYM,2025,23,48,8,188,740,48,6,0.2181,NA,108.5254,109.3933,36.351351351351354,1,0.6106,4,2.0625,1.0417,0.3032,0.0851,3.04,2.7845,0.8974918390958722,0.5836391997002862,18,20,0.7575667428427028,TRUE,1.0604148178596633,NA,0.8525400000000005,0.9393299999999997,0.3626439513459878,4.199007819314781,0.18685058539319113,0.6103896103896104,0.8809523809523809,0.8809523809523809,0.7115384615384616,0.8314606741573034,0.5562130177514792,0.8314606741573034
813349,Connelly Early,BOS,2025,23,19.333333333333332,4,79,323,19.333333333333332,4.833333333333333,0.3165,NA,100.8758,111.1823,35.60371517027864,0,0.4667,5,2.3276,1.0862,0.3671,0.0506,2.3446,2.3464,1.3086543115977607,0.5784686702785736,6,21,0.5933370641933411,TRUE,3.064527946442807,NA,0.08757999999999981,1.1182299999999998,0.04546234649048821,-0.23656382080646657,1.1744893939000594,0.3969849246231156,0.7635933806146572,0.7635933806146572,0.5184590690208668,0.6828752642706131,0.34497816593886466,0.6828752642706131
680694,Kyle Bradish,BAL,2025,28,32,6,126,494,32,5.333333333333333,0.2937,NA,102.5095,106.4246,36.03238866396761,0,0.3235,4,2.5312,1.0312,0.373,0.0794,2.6301,2.6743,1.004064908410297,0.5426710244501183,14,22,0.6840491802737046,TRUE,2.6001602703076885,NA,0.2509500000000003,0.6424599999999998,0.22732533029123736,-0.23656382080646657,0.18685058539319113,0.5121951219512195,0.8316498316498316,0.8316498316498316,0.6221662468513854,0.7670807453416149,0.45652173913043476,0.7670807453416149
686613,Hunter Brown,HOU,2025,26,185.33333333333334,31,729,2964,185.33333333333334,5.978494623655914,0.2044,29.39729397293973,105.0962,104.1504,38.19163292847503,0,0.4814,4,2.4281,1.0252,0.2826,0.0782,3.3915,3.1876,0.5694087762786357,0.5199188858234057,26,23,0.9192119642614806,TRUE,0.7813868721118071,0.7655709421044243,0.5096199999999996,0.41504000000000046,1.1433759153616876,-0.23656382080646657,0.18685058539319113,0.8586572438162544,0.9673629242819843,0.9673629242819843,0.9080882352941176,0.9518304431599229,0.8293515358361775,0.9518304431599229
693433,Bryan Woo,SEA,2025,25,186.66666666666666,30,731,2714,186.66666666666666,6.222222222222222,0.2216,25.49476135040745,109.4541,113.1912,32.313927781871776,0,0.4078,3,2.9411,0.9268,0.2709,0.0492,3.3032,3.3332,0.5808495959681834,0.5083959137629488,25,24,0.9161958639269413,TRUE,1.1316993295470719,-0.25510257707167994,0.9454099999999996,1.3191199999999994,-1.3502165544304219,-0.23656382080646657,-0.800788223113677,0.8589894242068156,0.9644633972992182,0.9644633972992182,0.900464499004645,0.9476256983240223,0.8297389330306469,0.9476256983240223
686218,Emmet Sheehan,LAD,2025,25,73.33333333333333,12,291,1146,59.666666666666664,6.111111111111111,0.2302,28.571428571428573,101.2497,109.4806,35.51483420593368,0,0.3315,3,2.8227,0.9682,0.3058,0.0756,3.1957,3.3716,0.6565547933864294,0.49658734600768084,23,25,0.8240613054070403,TRUE,1.3068555582647043,0.5495730178694668,0.12497000000000043,0.9480599999999996,0.007754959360575222,-0.23656382080646657,-0.800788223113677,0.708029197080292,0.9197431781701445,0.9197431781701445,0.7925311203319502,0.8842592592592593,0.6598639455782312,0.8842592592592593
543243,Sonny Gray,STL,2025,35,180.66666666666666,32,753,2724,180.66666666666666,5.645833333333333,0.2165,27.1523178807947,101.6214,103.93,33.883994126284875,0,0.4387,5,4.2841,1.2343,0.2669,0.0505,3.2881,3.0672,0.5426736662597951,0.4848062311549051,27,26,0.9174311408503922,TRUE,1.0278276125168482,0.17841693980192821,0.16213999999999942,0.3930000000000007,-0.6841223023624898,-0.23656382080646657,1.1744893939000594,0.8625429553264605,0.9645892351274787,0.9645892351274787,0.9007936507936508,0.9478079331941545,0.8338870431893688,0.9478079331941545
608331,Max Fried,NYY,2025,31,195.33333333333334,32,801,3110,195.33333333333334,6.104166666666667,0.1723,24.834437086092716,109.0379,114.0428,36.52733118971061,0,0.5238,6,2.8567,1.1007,0.236,0.0637,3.5954,3.4076,0.49966799168380677,0.4636422122309435,30,27,0.9242388226213393,TRUE,0.12760606492157464,-0.42780465437504983,0.9037899999999993,1.40428,0.43730268104110787,-0.23656382080646657,2.1621282024069277,0.8697068403908795,0.9688473520249221,0.9688473520249221,0.9120234604105572,0.9539877300613497,0.8422712933753943,0.9539877300613497
808967,Yoshinobu Yamamoto,LAD,2025,26,173.66666666666666,30,684,2792,173.66666666666666,5.788888888888889,0.2076,27.168367346938776,100.0138,110.4835,35.95988538681949,0,0.5276,4,2.4875,0.9904,0.2939,0.0863,3.3229,3.0455,0.5198922924514683,0.459455576500038,28,28,0.9146768332530576,TRUE,0.846561282797438,0.18261453830388294,0.0013800000000003365,1.0483500000000006,0.196566110251714,-0.23656382080646657,0.18685058539319113,0.8507462686567164,0.9654218533886584,0.9654218533886584,0.9029754204398448,0.9490142760027193,0.8201438848920863,0.9490142760027193
543135,Nathan Eovaldi,TEX,2025,35,130,22,496,1920,130,5.909090909090909,0.2177,28.175182481751825,99.5372,104.9362,33.020833333333336,0,0.503,4,1.7308,0.8538,0.2601,0.0423,3.1724,3.0301,0.5145229178517806,0.4336379723720734,29,29,0.8848462986318323,TRUE,1.0522680165239597,0.44593829397888096,-0.04628000000000014,0.49361999999999995,-1.050314753300184,-0.23656382080646657,0.18685058539319113,0.8051948051948052,0.9504950495049505,0.9504950495049505,0.8648648648648649,0.927536231884058,0.7678018575851393,0.927536231884058
656731,Tylor Megill,NYM,2025,29,68.33333333333333,14,305,1234,68.33333333333333,4.8809523809523805,0.1836,30.685920577617328,107.7032,103.7195,37.60129659643436,0,0.4023,3,3.9512,1.361,0.2918,0.1082,3.7447,3.7303,0.43800551304229757,0.3778670408346812,32,30,0.8322459344531296,TRUE,0.35775320265520805,1.102600040568895,0.7703199999999996,0.37194999999999967,0.8929281308088984,-0.23656382080646657,-0.800788223113677,0.7176470588235294,0.9250374812593704,0.9250374812593704,0.8044328552803129,0.8916184971098265,0.6703296703296703,0.8916184971098265
657277,Logan Webb,SFG,2025,28,207,34,856,3282,207,6.088235294117647,0.2079,25.35832414553473,105.8132,110.7442,34.03412553321146,0,0.5324,3,3.2174,1.2367,0.2617,0.0537,3.136,2.7821,0.4020710913058807,0.3557930236483456,34,31,0.928234646537265,TRUE,0.8526713837992158,-0.29078654323251346,0.5813199999999995,1.0744200000000006,-0.6204296644274667,-0.23656382080646657,-0.800788223113677,0.8770491803278688,0.9704316972205795,0.9704316972205795,0.916247906197655,0.9562937062937062,0.8508946322067594,0.9562937062937062
607074,Carlos Rodón,NYY,2025,32,195.33333333333334,33,789,3213,195.33333333333334,5.91919191919192,0.1648,32.0973348783314,107.3133,102.6241,37.41051976346094,0,0.4346,3,3.087,1.0495,0.2573,0.0925,3.9178,3.8867,0.36402407188289293,0.353748549064601,36,32,0.9247529972743612,TRUE,-0.025146460122872402,1.471743194685706,0.7313299999999998,0.26240999999999987,0.8119918364137592,-0.23656382080646657,-0.800788223113677,0.8679867986798679,0.9698158768487776,0.9698158768487776,0.9146029035012809,0.9553969669937555,0.8402555910543131,0.9553969669937555
691587,Eury Pérez,MIA,2025,22,95.33333333333333,20,385,1675,95.33333333333333,4.766666666666667,0.1896,27.759197324414714,115.311,108.7441,35.76119402985075,0,0.3102,2,4.2483,1.049,0.2727,0.0831,3.798,4.0714,0.4099265491907025,0.3494312018071847,33,33,0.864720579098426,TRUE,0.4799552226907651,0.3371409883489821,1.5311000000000008,0.8744100000000004,0.1122721112857494,-0.23656382080646657,-1.7884270316205453,0.7623762376237624,0.9436619718309859,0.9436619718309859,0.8481012658227848,0.9178082191780822,0.719626168224299,0.9178082191780822
669022,MacKenzie Gore,WSN,2025,26,159.66666666666666,30,680,2819,159.66666666666666,5.322222222222222,0.1779,31.65236051502146,99.5265,99.32,37.03440936502306,0,0.372,4,4.1712,1.3528,0.2721,0.0941,3.8004,3.7751,0.3535967414195691,0.33487869096256095,38,34,0.9147902422827346,TRUE,0.2416612836214282,1.3553640139658787,-0.047350000000000135,-0.06800000000000068,0.652428531694875,-0.23656382080646657,0.18685058539319113,0.85,0.9657416923603974,0.9657416923603974,0.9038153254248157,0.9494779386998989,0.8192771084337349,0.9494779386998989
665795,Edward Cabrera,MIA,2025,27,137.66666666666666,26,581,2253,137.66666666666666,5.294871794871795,0.1756,27.272727272727273,103.9343,105.9012,36.83976919662672,0,0.4663,5,3.5303,1.2276,0.2582,0.0826,3.7196,3.6198,0.35800513943662166,0.32631152688946236,37,35,0.8994667122113651,TRUE,0.1948171759411312,0.20990897066826514,0.39342999999999934,0.5901200000000003,0.5698532329811127,-0.23656382080646657,1.1744893939000594,0.8288159771754636,0.9575010624734381,0.9575010624734381,0.882491186839013,0.9375780274656679,0.7948016415868673,0.9375780274656679
701656,Logan Henderson,MIL,2025,23,25.333333333333332,5,99,410,25.333333333333332,5.066666666666666,0.2525,28.26086956521739,101.5715,107.3681,32.4390243902439,0,0.2281,2,1.7763,0.9868,0.3333,0.0808,3.1957,3.3638,0.6517093121373155,0.307629850687707,24,36,0.6427483994627632,TRUE,1.7610397327301934,0.46834900658222234,0.15715000000000004,0.7368099999999999,-1.2971448278206692,-0.23656382080646657,-1.7884270316205453,0.4520547945205479,0.803921568627451,0.803921568627451,0.5774647887323944,0.7321428571428571,0.39759036144578314,0.7321428571428571
642547,Freddy Peralta,MIL,2025,29,176.66666666666666,33,723,3089,176.66666666666666,5.353535353535353,0.1909,28.89137737961926,98.8251,105.5368,38.42667529944966,0,0.3727,3,2.7,1.0755,0.2822,0.0913,3.6787,3.8534,0.32440676721787237,0.2926041118613225,40,37,0.920281641099569,TRUE,0.5064323270318025,0.6332528503266491,-0.11748999999999939,0.55368,1.2430916839696342,-0.23656382080646657,-0.800788223113677,0.8576512455516014,0.9686422075885858,0.9686422075885858,0.9114783121864857,0.9536894103118246,0.8281786941580757,0.9536894103118246
656427,Jack Flaherty,DET,2025,29,161,31,681,2831,161,5.193548387096774,0.1894,29.140722291407222,102.2891,103.5531,36.38290356764394,0,0.3671,3,4.6398,1.2795,0.2761,0.0866,3.6741,3.6872,0.3195006982183554,0.2895390216953192,41,38,0.9149989072333716,TRUE,0.4758818220229137,0.6984668467795818,0.22891000000000047,0.35531000000000007,0.37602985060259136,-0.23656382080646657,-0.800788223113677,0.850187265917603,0.9658819515523712,0.9658819515523712,0.9041839667837751,0.9496813149949681,0.8194945848375451,0.9496813149949681
664285,Framber Valdez,HOU,2025,31,192,31,802,2898,192,6.193548387096774,0.1484,26.215895610913403,106.2338,110.5811,35.714285714285715,1,0.5861,3,3.6562,1.2448,0.2332,0.0848,3.665,3.3387,0.3312049831599377,0.2888862200518833,39,39,0.9219057375667472,TRUE,-0.3591653148867296,-0.06649617331752912,0.6233800000000003,1.0581100000000006,0.09237144945496706,4.199007819314781,-0.800788223113677,0.8698481561822126,0.9666444296197465,0.9666444296197465,0.9061913696060038,0.9507874015748031,0.842436974789916,0.9507874015748031
506433,Yu Darvish,SDP,2025,38,72,15,296,1160,72,4.8,0.1655,28.125,99.1213,99.5091,35.08620689655172,0,0.398,7,5.375,1.1806,0.2297,0.0642,3.9388,4.1508,0.3155327833628238,0.28686095846995757,44,40,0.8259997638872235,TRUE,-0.010889557785390566,0.43281350164405336,-0.08786999999999949,-0.049089999999999634,-0.17408843093602394,-0.23656382080646657,3.149767010913796,0.7115384615384616,0.9206349206349206,0.9206349206349206,0.7945205479452054,0.8854961832061069,0.6636771300448431,0.8854961832061069
687888,Brandon Walter,HOU,2025,28,53.666666666666664,9,212,815,53.666666666666664,5.962962962962963,0.2264,25.075528700906343,96.7563,104.7184,32.88343558282209,0,0.4474,5,3.354,0.9317,0.2453,0.0189,3.2094,3.1399,0.4481147667385819,0.2840479514740959,31,41,0.7750958880044492,TRUE,1.2294609455755179,-0.3647492360769703,-0.3243700000000004,0.47184000000000026,-1.1086051893625,-0.23656382080646657,1.1744893939000594,0.6385542168674698,0.8907103825136612,0.8907103825136612,0.7309417040358744,0.844559585492228,0.585635359116022,0.844559585492228
682052,Jacob Lopez,ATH,2025,27,92.66666666666667,17,399,1666,84,5.450980392156863,0.1905,29.653679653679653,98.0323,99.5028,37.69507803121248,0,0.2754,4,4.0791,1.2734,0.2832,0.0927,3.7633,4.133,0.3172788650711242,0.27426624383690784,43,42,0.8663599232494,TRUE,0.498285525696099,0.8326263905371339,-0.19676999999999936,-0.04972000000000065,0.9327145225614978,-0.23656382080646657,0.18685058539319113,0.7687861271676301,0.9433748584371461,0.9433748584371461,0.8474059003051883,0.9174008810572687,0.726775956284153,0.9174008810572687
800048,Parker Messick,CLE,2025,24,39.666666666666664,7,165,625,39.666666666666664,5.666666666666666,0.1939,NA,98.7441,108.0658,33.92,0,0.4793,5,2.7227,1.3109,0.2303,0.0364,3.4333,3.1499,0.4017791520071244,0.2648550060823469,35,43,0.7307819606781695,TRUE,0.5675333370495813,NA,-0.1255899999999997,0.8065799999999996,-0.6688469570831828,-0.23656382080646657,1.1744893939000594,0.5789473684210527,0.8620689655172413,0.8620689655172413,0.6756756756756757,0.8064516129032258,0.5238095238095238,0.8064516129032258
693645,Cam Schlittler,NYY,2025,24,73,14,304,1253,73,5.214285714285714,0.1743,27.027027027027028,112.4087,107.7152,34.23782920989625,0,0.3641,3,2.9589,1.2192,0.2763,0.102,3.8434,3.7705,0.2898199052368965,0.24529723365439943,47,44,0.8331089975500887,TRUE,0.16834007160009384,0.14564820498155148,1.2408699999999997,0.7715199999999995,-0.5340092092360891,-0.23656382080646657,-0.800788223113677,0.71698113207547165,0.9260901699926091,0.9260901699926091,0.8068254990341275,0.8930862437633642,0.6696035242290749,0.8930862437633642
605483,Blake Snell,LAD,2025,32,61.333333333333336,11,254,1029,61.333333333333336,5.575757575757576,0.1811,24.324324324324323,104.0756,114.3152,37.90087463556851,0,0.4867,4,2.3478,1.2554,0.2835,0.1024,3.6419,3.0897,0.3191343903631179,0.23278105890452594,42,45,0.8072175396116779,TRUE,0.30683569430705904,-0.5612202175723007,0.4075599999999994,1.4315200000000003,1.0200228937933467,-0.23656382080646657,0.18685058539319113,0.679144385026738,0.9114260407440212,0.9114260407440212,0.7742663656884876,0.8727735368956743,0.6287128712871287,0.8727735368956743
669923,George Kirby,SEA,2025,27,126,23,524,2087,126,5.478260869565218,0.2061,23.85120350109409,99.1002,109.6435,34.83469094393867,0,0.4413,4,4.2143,1.1905,0.2615,0.0553,3.3909,3.2493,0.29554629915925984,0.2320628262249055,46,46,0.8914106059833297,TRUE,0.8160107777885486,-0.6849608604701302,-0.08997999999999991,0.9643500000000003,-0.280793049460645,-0.23656382080646657,0.18685058539319113,0.8136645962732919,0.9542752629172382,0.9542752629172382,0.8743192291579388,0.9329459097004917,0.7774480712166172,0.9329459097004917
676974,Max Meyer,MIA,2025,26,64.66666666666667,12,285,1040,64.66666666666667,5.388888888888889,0.1684,27.4390243902439,97.3393,107.2282,35.76923076923077,0,0.4922,5,4.732,1.4227,0.2386,0.0702,3.719,3.507,0.26286627269886936,0.2174090474419109,48,47,0.8153508690935026,TRUE,0.04817475189846195,0.25340253768793064,-0.2660700000000006,0.7228200000000001,0.11568166523577604,-0.23656382080646657,1.1744893939000594,0.7037037037037037,0.9122807017543859,0.9122807017543859,0.7761194029850746,0.8739495798319328,0.6551724137931034,0.8739495798319328
666157,Nick Lodolo,CIN,2025,27,156.66666666666666,28,642,2479,155.66666666666666,5.595238095238095,0.1947,24.302325581395348,106.3394,105.746,33.92496974586527,0,0.4259,4,3.3319,1.0787,0.243,0.0483,3.5738,3.6592,0.24883049605633584,0.21095635442125435,49,48,0.9076445681980355,TRUE,0.5838269397209894,-0.5669737977558784,0.6339399999999997,0.5745999999999996,-0.6667385626405706,-0.23656382080646657,0.18685058539319113,0.84251968503937,0.9612252811167119,0.9612252811167119,0.8920474991003958,0.9429440852034995,0.8106060606060606,0.9429440852034995
805673,Zebby Matthews,MIN,2025,25,79.33333333333333,16,354,1353,79.33333333333333,4.958333333333333,0.1808,26.582278481012658,101.0619,106.4793,33.85070214338507,0,0.3167,4,5.5588,1.4874,0.2486,0.0678,3.8187,3.8064,0.23409052912934297,0.18889789609564192,50,49,0.8472115920870336,TRUE,0.3007255933052807,0.029328084814461614,0.10618999999999942,0.6479299999999995,-0.6982462905165018,-0.23656382080646657,0.18685058539319113,0.7468354430379747,0.9311768754301445,0.9311768754301445,0.8185117967332124,0.9001996007984032,0.7023809523809523,0.9001996007984032
671212,Joe Boyle,TBR,2025,25,52,9,226,934,38,5.777777777777778,0.1327,33.333333333333336,106.1437,95.2775,38.97216274089936,0,0.438,3,4.6731,1.3654,0.2566,0.1239,4.2449,4.3828,0.0718942027642382,0.13991126509252427,60,50,0.7915649748413748,TRUE,-0.6789272673131049,1.7950078576072053,0.6143699999999995,-0.47224999999999967,1.4745125093492808,-0.23656382080646657,-0.800788223113677,0.653179190751445,0.9032882011605415,0.9032882011605415,0.7568881685575365,0.8616236162361623,0.601063829787234,0.8616236162361623
601713,Nick Pivetta,SDP,2025,32,181.66666666666666,31,721,2852,181.66666666666666,5.860215053763441,0.1942,26.03911980440098,101.6135,103.0885,34.22159887798036,0,0.3354,3,2.8734,0.9853,0.2635,0.0693,3.6942,3.8451,0.15338050193477856,0.12735991337003663,53,51,0.9174621655516676,TRUE,0.5736434380513596,-0.11273035045072428,0.1613500000000002,0.3088499999999996,-0.540894861448682,-0.23656382080646657,-0.800788223113677,0.8573127229488704,0.9661246612466124,0.9661246612466124,0.9048223350253807,0.950033311125916,0.8277841561423651,0.950033311125916
650633,Michael King,SDP,2025,30,73.33333333333333,15,308,1219,73.33333333333333,4.888888888888888,0.1623,27.764127764127764,100.8101,102.7857,38.14602132895816,0,0.3831,4,3.4364,1.2,0.2468,0.0844,3.9912,4.2028,0.12436972846881755,0.11606760812447954,55,52,0.8319784024704215,TRUE,-0.07606396847102141,0.33843050204169245,0.08101000000000055,0.27857000000000054,1.1240253800330888,-0.23656382080646657,0.18685058539319113,0.719626168224299,0.9241849886277483,0.9241849886277483,0.8025016458196181,0.8904309715120526,0.6724890829694323,0.8904309715120526
676282,Joey Cantillo,CLE,2025,25,95.33333333333333,13,401,1637,67,7.333333333333333,0.1646,30.124223602484474,100.7704,99.1585,37.38546120952963,0,0.408,3,3.2098,1.2587,0.2693,0.1047,3.8277,3.6627,0.11184713764423009,0.11319332868687236,56,53,0.8656489351905314,TRUE,-0.029219860790724438,0.9556930743056857,0.07703999999999951,-0.08414999999999964,0.8013608469666103,-0.23656382080646657,-0.800788223113677,0.7696737044145874,0.9424294761082326,0.9424294761082326,0.8451213216313888,0.9160604364857303,0.7277676950998185,0.9160604364857303
605400,Aaron Nola,PHI,2025,32,94.33333333333333,17,404,1568,94.33333333333333,5.549019607843137,0.1708,25,101.5874,108.5651,34.88520408163265,0,0.4249,4,6.0106,1.3463,0.2401,0.0693,3.8132,3.7143,0.13263913792465326,0.10540046424441017,54,54,0.8635869917300665,TRUE,0.09705555991268523,-0.3845031119338374,0.15874000000000024,0.8565100000000001,-0.2593630565233368,-0.23656382080646657,0.18685058539319113,0.7709923664122137,0.9400479616306955,0.9400479616306955,0.8394004282655246,0.9126891734575088,0.7292418772563177,0.9126891734575088
681293,Spencer Arrighetti,HOU,2025,25,35.333333333333336,7,156,619,35.333333333333336,5.047619047619048,0.0705,36.231884057971016,102.3819,96.7869,38.61066235864297,0,0.3861,4,5.3491,1.4151,0.1987,0.1282,5.0955,5.035,-0.11548500198673214,0.10280502348141005,83,55,0.7257569109121558,TRUE,-1.9457548750150517,2.55309862962148,0.23819000000000018,-0.3213099999999997,1.321147444491878,-0.23656382080646657,0.18685058539319113,0.5652173913043478,0.8609179415855355,0.8609179415855355,0.6735582154515778,0.8049414824447334,0.5098039215686274,0.8049414824447334
686790,Trevor McDonald,SFG,2025,24,15,2,60,213,13,7.5,0.2,NA,97.8241,108.1668,28.169014084507044,0,0.5349,NA,1.8,1,0.2333,0.0333,3.0768,2.6963,0.3051234330927085,0.09686436944630328,45,56,0.5098326258051012,TRUE,0.6917720574190652,NA,-0.21758999999999987,0.8166799999999995,-3.1086793091774707,-0.23656382080646657,NA,0.3333333333333333,0.6805111821086262,0.6805111821086262,0.4152046783625731,0.5867768595041323,0.2857142857142857,0.5867768595041323
669456,Shane Bieber,TOR,2025,30,40.333333333333336,7,159,645,40.333333333333336,5.761904761904762,0.1887,NA,91.6702,101.3638,36.27906976744186,0,0.4825,5,3.5702,1.0165,0.2327,0.044,3.5173,3.348,0.16846733778343548,0.09595163616636364,51,57,0.7315971994355878,TRUE,0.46162491968543184,NA,-0.8329800000000006,0.13637999999999978,0.331978783760043,-0.23656382080646657,1.1744893939000594,0.5698924731182796,0.8657718120805369,0.8657718120805369,0.6825396825396826,0.8113207547169812,0.5145631067961165,0.8113207547169812
663460,Kris Bubic,KCR,2025,27,116.33333333333333,20,476,1795,116.33333333333333,5.816666666666666,0.1618,29.397590361445783,96.0466,100.3884,33.98328690807799,0,0.4717,4,2.553,1.1777,0.2437,0.0819,3.8536,3.6288,0.08759618873253501,0.088936391754948,57,58,0.87943721023833,TRUE,-0.08624747014065122,0.7656484599444473,-0.3953400000000002,0.03884000000000043,-0.6419977440853337,-0.23656382080646657,0.18685058539319113,0.7986577181208053,0.9472295514511874,0.9472295514511874,0.8568019093078759,0.922879177377892,0.7603833865814696,0.922879177377892
677960,Ryan Weathers,MIA,2025,25,38.333333333333336,8,166,642,38.333333333333336,4.791666666666667,0.1506,27.31958762886598,104.1844,108.5032,35.82554517133956,0,0.4348,3,3.9913,1.2783,0.2229,0.0723,4.0555,4.032,0.076643672026809,0.07381901643834754,58,59,0.7341335772532208,TRUE,-0.31435790754035836,0.222164889897174,0.41843999999999965,0.8503200000000006,0.13957282097374155,-0.23656382080646657,-0.800788223113677,0.5804195804195804,0.8652291105121294,0.8652291105121294,0.6815286624203821,0.8106060606060606,0.5253164556962026,0.8106060606060606
669358,Shane Baz,TBR,2025,26,166.33333333333334,31,711,2724,166.33333333333334,5.365591397849463,0.1575,25.325443786982248,105.2237,107.0223,34.98531571218796,0,0.4674,4,4.8697,1.3347,0.2475,0.09,3.9473,3.8835,0.07521728449804062,0.07185543094476608,59,60,0.9152810896331983,TRUE,-0.17382558449946742,-0.2993861154902228,0.5223699999999993,0.7022300000000001,-0.2168911049938185,-0.23656382080646657,0.18685058539319113,0.855595667870036,0.9645892351274787,0.9645892351274787,0.9007936507936508,0.9478079331941545,0.8257839721254355,0.9478079331941545
669330,Tyler Wells,BAL,2025,30,21.666666666666668,4,82,342,21.666666666666668,5.416666666666667,0.1951,NA,99.0755,100.3045,29.53216374269006,0,0.3387,4,2.9077,0.8769,0.2195,0.0244,3.9209,4.1699,0.15852269915554984,0.0574864210022535,52,61,0.6042649092787894,TRUE,0.591973741056693,NA,-0.09244999999999948,0.030450000000000442,-2.530368618514597,-0.23656382080646657,0.18685058539319113,0.40594059405940597,0.7737556561085973,0.7737556561085973,0.5327102803738317,0.6951219512195121,0.35344827586206895,0.6951219512195121
694462,Hurston Waldrep,ATL,2025,23,56.333333333333336,9,229,886,50.666666666666664,6.2592592592592595,0.1441,NA,99.2345,103.7359,39.27765237020316,0,0.4932,5,2.8757,1.1893,0.2402,0.0961,3.9562,3.6633,0.02148549665785694,0.042746146708567787,65,62,0.7878594217210898,TRUE,-0.4467434292455458,NA,-0.0765500000000003,0.3735900000000001,1.6041152403865404,-0.23656382080646657,1.1744893939000594,0.6561604584527221,0.8985801217038539,0.8985801217038539,0.7470489038785835,0.8552123552123552,0.604221635883905,0.8552123552123552
690986,Kyle Harrison,2 Tms,2025,23,35.666666666666664,6,156,588,27.333333333333332,5.944444444444444,0.1538,28.282828282828284,103.9109,107.7229,33.843537414965986,0,0.39,2,4.0374,1.3738,0.2436,0.0897,3.9651,3.9518,0.0392977359490219,0.042551868390104594,62,63,0.7199973907965547,TRUE,-0.24918349685472807,0.4740921184914218,0.3910899999999998,0.7722899999999996,-0.7012858973678696,-0.23656382080646657,-1.7884270316205453,0.5652173913043478,0.8546511627906976,0.8546511627906976,0.6621621621621622,0.7967479674796748,0.5098039215686274,0.7967479674796748
682847,Luis Ortiz,CLE,2025,26,88.66666666666667,16,382,1502,88.66666666666667,5.541666666666667,0.1414,28.939828080229226,99.5455,97.4236,35.61917443408788,0,0.465,5,4.3647,1.3759,0.2513,0.1099,4.1432,3.833,0.0020364009948450885,0.03624300553180039,66,64,0.8580110847205246,TRUE,-0.5017343382615468,0.6459247103420134,-0.04544999999999959,-0.25764000000000065,0.05202087619923529,-0.23656382080646657,1.1744893939000594,0.7609561752988048,0.9375780274656679,0.9375780274656679,0.8335183129855716,0.9092009685230025,0.7180451127819549,0.9092009685230025
607192,Tyler Glasnow,LAD,2025,31,90.33333333333333,18,366,1484,90.33333333333333,5.018518518518518,0.1721,26.623376623376622,101.282,97.4178,39.82479784366577,0,0.4439,4,3.1882,1.0959,0.2896,0.1175,3.8828,3.7155,0.03771712191632713,0.03530188824383409,63,65,0.8549094504117896,TRUE,0.1235326642537226,0.0400769470676639,0.12819999999999965,-0.25822,1.8362394790948529,-0.23656382080646657,0.18685058539319113,0.7530864197530864,0.9368686868686869,0.9368686868686869,0.8318385650224215,0.9082007343941249,0.7093023255813954,0.9082007343941249
624133,Ranger Suarez,PHI,2025,29,157.33333333333334,26,651,2432,157.33333333333334,6.051282051282052,0.1736,23.20534223706177,96.9771,106.8266,34.375,0,0.4677,5,3.2034,1.2203,0.232,0.0584,3.7318,3.6127,0.04618293104274284,0.02966306581643026,61,66,0.9074434933539368,TRUE,0.154083169262612,-0.8538802656413402,-0.3022900000000007,0.6826599999999999,-0.47581506020229114,-0.23656382080646657,1.1744893939000594,0.8443579766536965,0.9605055292259084,0.9605055292259084,0.890190336749634,0.9419054996127033,0.8127340823970037,0.9419054996127033
641154,Pablo López,MIN,2025,29,75.66666666666667,14,312,1259,75.66666666666667,5.404761904761905,0.1699,26.36916835699797,96.2807,107.3105,35.42494042891183,0,0.385,3,2.7357,1.1101,0.234,0.0641,3.8698,3.8687,0.03592045997735973,0.017105063939447735,64,67,0.8350045507194228,TRUE,0.07872525690735135,-0.026409017546769813,-0.3719300000000004,0.7310500000000004,-0.030382109422535965,-0.23656382080646657,-0.800788223113677,0.7222222222222222,0.9264164827078735,0.9264164827078735,0.8075689544579859,0.893541518807665,0.6753246753246753,0.893541518807665
592662,Robbie Ray,SFG,2025,33,182.33333333333334,32,755,3072,182.33333333333334,5.697916666666667,0.1497,28.79746835443038,100.314,97.2381,36.360677083333336,0,0.3607,4,3.6527,1.2121,0.2464,0.0967,4.171,4.2897,-0.024404721046005672,-0.007530382685342021,69,68,0.9217116775615936,TRUE,-0.3326882105456922,0.6086917602620802,0.031399999999999297,-0.2761899999999997,0.3666003551576024,-0.23656382080646657,0.18685058539319113,0.8628571428571429,0.9684741488020177,0.9684741488020177,0.9110320284697508,0.9534450651769087,0.8342541436464088,0.9534450651769087
702056,Trey Yesavage,TOR,2025,21,14,3,62,239,14,4.666666666666667,0.1452,NA,106.9972,98.3762,35.14644351464435,0,0.5385,NA,3.2143,1.4286,0.2581,0.1129,3.873,3.2304,-0.1043811912662946,-0.009018985686096397,80,69,0.5307638817542898,TRUE,-0.42433972557236044,NA,0.6997200000000007,-0.16238000000000027,-0.14853329104127572,-0.23656382080646657,NA,0.34065934065934067,0.7050147492625368,0.7050147492625368,0.44341372912801486,0.6143958868894601,0.29245283018867924,0.6143958868894601
669854,Ronel Blanco,HOU,2025,31,48.333333333333336,9,199,794,48.333333333333336,5.37037037037037,0.1407,32.01058201058201,89.66,93.9571,36.77581863979849,0,0.3386,4,4.0966,1.1793,0.2412,0.1005,4.3228,4.3999,-0.09257804813800347,-0.015436574138433516,78,70,0.7683273904342448,TRUE,-0.5159912405990287,1.4490537354578334,-1.0340000000000003,-0.6042900000000003,0.5427224697038756,-0.23656382080646657,0.18685058539319113,0.6238244514106583,0.8881431767337807,0.8881431767337807,0.7257769652650823,0.8411016949152542,0.5702005730659025,0.8411016949152542
676962,Ben Brown,CHC,2025,25,106.33333333333333,15,472,1759,75.66666666666667,7.088888888888889,0.1886,27.8125,98.8949,97.5547,34.67879476975554,0,0.4244,2,5.9248,1.4389,0.2564,0.0678,3.5186,3.5568,-0.005163206568286065,-0.016365569151801804,67,71,0.8779575543680898,TRUE,0.4595882193515055,0.35108184028626427,-0.1105099999999993,-0.2445300000000003,-0.3469313664255746,-0.23656382080646657,-1.7884270316205453,0.7972972972972973,0.9462076385153309,0.9462076385153309,0.8542982030111704,0.9214248297537978,0.7588424437299035,0.9214248297537978
675911,Spencer Strider,ATL,2025,26,125.33333333333333,23,539,2111,125.33333333333333,5.449275362318841,0.1484,34.29752066115702,94.7757,91.1258,38.891520606347704,0,0.3623,2,4.4521,1.3963,0.243,0.0946,4.1485,4.2406,-0.06615575155697415,-0.028371064316800816,72,72,0.8932325628104254,TRUE,-0.3591653148867296,2.0471826805293083,-0.52243,-0.8874200000000002,1.4403004122041605,-0.23656382080646657,-1.7884270316205453,0.8179059180576631,0.9547715965626413,0.9547715965626413,0.8755703027789299,0.9336576735957541,0.7822931785195936,0.9336576735957541
592332,Kevin Gausman,TOR,2025,34,193,32,775,3030,193,6.03125,0.1794,26.218851570964247,102.0117,103.0968,32.60726072607261,0,0.3669,2,3.5907,1.0622,0.2439,0.0645,3.7918,3.7658,-0.021454708178590604,-0.02892853411187569,68,73,0.9222045927482087,TRUE,0.2722117886303176,-0.06572306763476832,0.20117000000000046,0.3096800000000002,-1.225771247536479,-0.23656382080646657,-1.7884270316205453,0.8659217877094972,0.9680511182108626,0.9680511182108626,0.9099099099099099,0.9528301886792453,0.8378378378378378,0.9528301886792453
681857,Reese Olson,DET,2025,25,68.66666666666667,13,285,1159,68.66666666666667,5.282051282051283,0.1404,30.394431554524363,92.5926,96.7886,38.826574633304574,0,0.4286,4,3.1456,1.2087,0.2281,0.0877,4.1538,4.0345,-0.08398955332275786,-0.030018959982701397,77,74,0.8236024303424881,TRUE,-0.5221013416008065,1.026363617769065,-0.7407399999999995,-0.32113999999999976,1.4127473476518733,-0.23656382080646657,0.18685058539319113,0.7037037037037037,0.920571882446386,0.920571882446386,0.794379712131597,0.8854087089381207,0.6551724137931034,0.8854087089381207
669432,Trevor Rogers,BAL,2025,27,109.66666666666667,18,423,1627,109.66666666666667,6.092592592592593,0.1749,25.650557620817843,96.8015,100.236,31.776275353411187,0,0.4596,4,1.8055,0.9027,0.2435,0.0686,3.7542,3.6371000000000002,-0.036466122396141276,-0.04139875443256351,71,75,0.8681301989575895,TRUE,0.18056027360364937,-0.21435541542691625,-0.3198499999999996,0.02360000000000042,-1.5783134074597973,-0.23656382080646657,0.18685058539319113,0.7790055248618785,0.9420961204400695,0.9420961204400695,0.8443175921120913,0.915588069780529,0.7382198952879581,0.915588069780529
669372,J.T. Ginn,ATH,2025,26,90.33333333333333,16,392,1576,75,5.645833333333333,0.1735,23.555555555555557,97.4521,108.8907,40.41878172588832,0,0.5273,3,5.0812,1.3616,0.2526,0.0791,3.5711,3.5203,-0.024487811197831413,-0.04461749482032655,70,76,0.8622590707629605,TRUE,0.1520464689286857,-0.7622850133209509,-0.25478999999999985,0.8890699999999996,2.088234721956602,-0.23656382080646657,-0.800788223113677,0.765625,0.9403341288782816,0.9403341288782816,0.8400852878464818,0.9130938586326767,0.7232472324723247,0.9130938586326767
686752,Ryan Pepiot,TBR,2025,27,167.66666666666666,31,679,2700,167.66666666666666,5.408602150537634,0.1561,25.164113785557987,106.4367,103.7362,35.629629629629626,0,0.3824,3,3.8648,1.163,0.2459,0.0898,4.0477,4.0706,-0.07165928185429798,-0.06298904049833338,73,77,0.9131685204809455,TRUE,-0.2023393891744311,-0.3415805764286527,0.6436700000000002,0.3736199999999997,0.05645645032601258,-0.23656382080646657,-0.800788223113677,0.8498122653316645,0.9642857142857143,0.9642857142857143,0.9,0.9473684210526315,0.8190591073582629,0.9473684210526315
453286,Max Scherzer,TOR,2025,40,85,17,358,1392,85,5,0.1648,25.146198830409357,93.5908,104.5732,33.548850574712645,0,0.2709,4,5.1882,1.2941,0.2291,0.0642,4.2594,4.5549,-0.07566279652772723,-0.07571802306694443,74,78,0.8496818047499536,TRUE,-0.025146460122872402,-0.3462660773804856,-0.6409199999999998,0.45732,-0.8263055891479552,-0.23656382080646657,0.18685058539319113,0.7489539748953975,0.9329758713136729,0.9329758713136729,0.8226950354609929,0.9027237354085603,0.7047244094488189,0.9027237354085603
663554,Casey Mize,DET,2025,28,149,28,627,2353,149,5.321428571428571,0.1643,23.802612481857764,94.5723,103.3436,34.126646833829156,0,0.3874,5,3.8658,1.2685,0.2217,0.0574,3.9576,3.9688,-0.07901190114434659,-0.07865437423560873,76,79,0.9045483877874814,TRUE,-0.0353299617925022,-0.6976694196037405,-0.5427700000000002,0.3343599999999995,-0.581177879460167,-0.23656382080646657,1.1744893939000594,0.8393574297188755,0.9592335915205871,0.9592335915205871,0.8869204673954014,0.9400719137035557,0.806949806949807,0.9400719137035557
667755,José Soriano,LAA,2025,26,169,31,724,2784,169,5.451612903225806,0.1022,27.38095238095238,103.0559,106.461,38.72126436781609,1,0.6528,2,4.2604,1.3964,0.2099,0.1077,3.9295,3.5395,-0.09493827835681168,-0.08625142211334044,79,80,0.91676018718713,TRUE,-1.3001208691605226,0.2382143079350314,0.3055899999999994,0.6460999999999999,1.368069896424901,4.199007819314781,-1.7884270316205453,0.8578199052132701,0.9653259361997226,0.9653259361997226,0.9027237354085603,0.9488752556237219,0.8283752860411899,0.9488752556237219
676440,Tanner Bibee,CLE,2025,26,182.33333333333334,31,762,2971,182.33333333333334,5.881720430107527,0.1417,24.452554744525546,103.7147,101.7878,35.88017502524403,0,0.4474,5,4.245,1.2285,0.2126,0.0709,4.1497,4.17,-0.10818045015174323,-0.08966830451853759,81,81,0.9209297740513033,TRUE,-0.49562423725976906,-0.5276826646774098,0.37146999999999936,0.17878000000000044,0.16274931399682951,-0.23656382080646657,1.1744893939000594,0.8639455782312925,0.9674373168349072,0.9674373168349072,0.9082849281565271,0.9519384812560077,0.8355263157894737,0.9519384812560077
657376,Clarke Schmidt,NYY,2025,29,78.66666666666667,14,316,1227,78.66666666666667,5.6190476190476195,0.1361,26.58662092624357,100.7473,101.8955,35.61532192339038,0,0.3318,4,3.3178,1.0932,0.231,0.0949,4.3741,4.4408,-0.14498491609190506,-0.09582531164284698,88,82,0.8339768216694167,TRUE,-0.6096794559596226,0.030463813656309843,0.07472999999999956,0.18954999999999983,0.050386464226285614,-0.23656382080646657,0.18685058539319113,0.7247706422018348,0.9246420497362472,0.9246420497362472,0.8035363457760314,0.8910675381263616,0.6781115879828327,0.8910675381263616
669713,Hayden Wesneski,HOU,2025,27,32,6,131,508,32,5.333333333333333,0.1756,23.236514522821576,95.9376,104.6249,34.44881889763779,0,0.3804,4,4.5,1.0938,0.2214,0.0458,3.8446,3.8097,-0.07578868009841998,-0.0970418283391685,75,83,0.6902775675157798,TRUE,0.1948171759411312,-0.8457274249902407,-0.40623999999999966,0.4624899999999997,-0.4444976935282701,-0.23656382080646657,0.18685058539319113,0.5219123505976095,0.8355263157894737,0.8355263157894737,0.6287128712871287,0.7720364741641338,0.46619217081850534,0.7720364741641338
656550,Grant Holmes,ATL,2025,29,115,21,492,1966,114,5.476190476190476,0.1402,30.60747663551402,92.1627,93.9008,37.08036622583927,0,0.4539,4,3.9913,1.3391,0.25,0.1098,4.1816,4.0352,-0.14327427689901198,-0.09906998588427841,86,84,0.8856146385897061,TRUE,-0.5261747422686585,1.0820837086919104,-0.7837299999999999,-0.6099199999999996,0.6719255427235441,-0.23656382080646657,0.18685058539319113,0.803921568627451,0.9515972894482091,0.9515972894482091,0.8676081200353045,0.9291115311909263,0.7663551401869159,0.9291115311909263
690953,Mick Abel,2 Tms,2025,23,39,8,174,720,34,4.875,0.1322,24.107142857142858,109.0581,103.3989,35.55555555555556,0,0.3644,4,6.2308,1.5128,0.2241,0.092,4.284,4.3404,-0.18174300102606614,-0.10255403800460286,94,85,0.7494322999201148,TRUE,-0.6891107689827347,-0.6180221443846632,0.9058099999999996,0.33988999999999975,0.025030826088181187,-0.23656382080646657,0.18685058539319113,0.5918367346938775,0.8780487804878049,0.8780487804878049,0.7058823529411765,0.8275862068965517,0.5370370370370371,0.8275862068965517
695534,Chase Petty,CIN,2025,22,6,2,40,169,5.333333333333333,3,-0.025,34.72222222222222,95.1554,92.0475,43.78698224852071,0,0.25,NA,19.5,3.6667,0.175,0.2,6.572,7.6144,-0.9957163497174399,-0.10341639752207282,200,86,0.4481334531300322,FALSE,-3.890803693914342,2.158259685864045,-0.48446,-0.79525,3.5171800757125196,-0.23656382080646657,NA,0.25,0.6282527881040892,0.6282527881040892,0.3603411513859275,0.5297805642633229,0.21052631578947367,0.5297805642633229
702070,Noah Cameron,KCR,2025,25,138.33333333333334,24,556,2166,138.33333333333334,5.763888888888889,0.1277,27.087576374745417,96.4479,101.2831,37.39612188365651,0,0.4143,5,2.9928,1.0988,0.205,0.0773,4.3255,4.1006,-0.14277725031673053,-0.10431122355696974,85,87,0.8957958835118065,TRUE,-0.780762284009403,0.16148436108764558,-0.3552099999999996,0.12831000000000045,0.8058835945462609,-0.23656382080646657,1.1744893939000594,0.8224852071005917,0.9558693733451015,0.9558693733451015,0.878345498783455,0.93523316062176165,0.7875354107648725,0.93523316062176165
622491,Luis Castillo,SEA,2025,32,180.66666666666666,32,745,2988,180.66666666666666,5.645833333333333,0.1557,24.972972972972972,97.9551,103.2196,34.805890227576974,0,0.4129,4,3.5369,1.1845,0.2174,0.0617,4.0336,4.0907,-0.1144630929493021,-0.10537742795478579,82,88,0.9202948430273908,TRUE,-0.2104861905101346,-0.39157179615937615,-0.20448999999999984,0.32195999999999997,-0.2930116360778457,-0.23656382080646657,0.18685058539319113,0.861271676300578,0.9676165803108808,0.9676165803108808,0.9087591240875912,0.9521988527724665,0.8324022346368715,0.9521988527724665
668909,Gavin Williams,CLE,2025,25,167.66666666666666,31,704,2925,167.66666666666666,5.408602150537634,0.1278,28.214731585518102,100.9565,99.1199,38.39316239316239,0,0.447,4,3.0596,1.2704,0.2457,0.1179,4.3499,4.0815,-0.1474261656911826,-0.11143549755682006,89,89,0.917432138576106,TRUE,-0.7787255836754772,0.45628201863817497,0.09565000000000054,-0.08800999999999988,1.2288739699682638,-0.23656382080646657,0.18685058539319113,0.8543689320388349,0.9669421487603306,0.9669421487603306,0.9069767441860465,0.9512195121951219,0.8243559718969555,0.9512195121951219
702674,Caden Dana,LAA,2025,21,32.333333333333336,5,141,563,26.333333333333332,6.466666666666667,0.1064,35.416666666666664,90.4682,85.457,40.852575488454704,0,0.4091,3,6.4021,1.4845,0.234,0.1277,4.5845,4.478,-0.34949655953947356,-0.1119200521686334,117,90,0.7078178448028586,TRUE,-1.2145794551356324,2.3398855999924644,-0.9531800000000004,-1.4543000000000006,2.2722699589748174,-0.23656382080646657,-0.800788223113677,0.5402298850574713,0.8491704374057315,0.8491704374057315,0.6523754345307068,0.7896213183730715,0.4845360824742268,0.7896213183730715
687075,Brandon Sproat,NYM,2025,24,20.666666666666668,4,84,291,20.666666666666668,5.166666666666667,0.119,NA,106.6177,89.8713,34.02061855670103,0,0.4828,5,4.7903,1.2097,0.2024,0.0833,4.1704,3.8408,-0.35360019805116016,-0.11249781991287784,118,91,0.5816205416297936,TRUE,-0.9579552130609617,NA,0.66177,-1.0128699999999995,-0.626159944200947,-0.23656382080646657,1.1744893939000594,0.4117647058823529,0.7442455242966752,0.7442455242966752,0.49238578680203043,0.6598639455782312,0.358974358974359,0.6598639455782312
664062,Tony Gonsolin,LAD,2025,31,36,7,157,609,36,5.142857142857143,0.1274,30.337078651685392,94.7016,90.9731,38.58784893267652,0,0.4062,4,5,1.4167,0.242,0.1146,4.4026,4.5727,-0.26211947594298457,-0.11427045718931658,103,92,0.724401469667275,TRUE,-0.7868723850111807,1.0113634640643576,-0.5298400000000001,-0.9026899999999998,1.3114689414398888,-0.23656382080646657,0.18685058539319113,0.5667870036101083,0.8589562764456982,0.8589562764456982,0.66996699669967,0.8023715415019763,0.511400651465798,0.8023715415019763
681347,Mike Burrows,PIT,2025,25,96,19,402,1538,86.66666666666667,5.052631578947368,0.1642,26.299694189602448,94.6476,97.5694,34.52535760728218,0,0.4179,4,3.9375,1.2396,0.2413,0.0771,3.8689,3.8613,-0.13393572199519477,-0.11622512533477918,84,93,0.8621899541766013,TRUE,-0.03736666212642794,-0.04457938273936252,-0.5352400000000003,-0.24305999999999983,-0.4120264576876719,-0.23656382080646657,0.18685058539319113,0.7701149425287356,0.938949938949939,0.938949938949939,0.8367791077257889,0.9111374407582938,0.7282608695652174,0.9111374407582938
804636,Jonah Tong,NYM,2025,22,18.666666666666668,5,87,372,18.666666666666668,3.7333333333333334,0.1494,NA,99.062,97.4789,36.55913978494624,0,0.375,3,7.7143,1.7679,0.2529,0.1034,4.1102,3.9589,-0.24568943777135546,-0.1310127471279777,99,94,0.620358347714478,TRUE,-0.33879831154747,NA,-0.09380000000000024,-0.2521100000000004,0.4507973480201198,-0.23656382080646657,-0.800788223113677,0.42028985507246375,0.788135593220339,0.788135593220339,0.5535714285714286,0.7126436781609196,0.3670886075949367,0.7126436781609196
701581,David Festa,MIN,2025,25,53.333333333333336,10,229,882,48.666666666666664,5.333333333333334,0.1485,27.536231884057973,89.1699,99.9876,35.714285714285715,0,0.351,4,5.4,1.275,0.2314,0.083,4.1638,4.4938,-0.18113634958592234,-0.13105385038175343,93,95,0.7874587607912852,TRUE,-0.35712861455280387,0.27882631357865406,-1.0830100000000003,-0.0012399999999999523,0.09237144945496706,-0.23656382080646657,0.18685058539319113,0.6561604584527221,0.8981670061099797,0.8981670061099797,0.7461928934010152,0.8546511627906976,0.604221635883905,0.8546511627906976
701542,Will Warren,NYY,2025,26,162.33333333333334,33,711,2808,162.33333333333334,4.91919191919192,0.1491,25.53191489361702,102.9022,102.494,38.24786324786325,0,0.4206,3,4.4353,1.3737,0.2405,0.0914,4.0771,3.9086,-0.14926576443652723,-0.1319035879374669,90,96,0.9163798391789477,TRUE,-0.34490841254924776,-0.24538539047377098,0.29021999999999937,0.24939999999999998,1.1672313993478998,-0.23656382080646657,-0.800788223113677,0.855595667870036,0.9656121045392022,0.9656121045392022,0.9034749034749034,0.949290060851927,0.8257839721254355,0.949290060851927
656876,Drew Rasmussen,TBR,2025,29,150,31,585,2316,150,4.838709677419355,0.1538,22.038980509745127,107.8658,109.0846,34.499136442141626,0,0.4927,3,2.76,1.02,0.2171,0.0632,3.9009,3.7208,-0.14452051687210632,-0.13717960663615875,87,97,0.9009415348766765,TRUE,-0.24918349685472807,-1.158932047138076,0.7865799999999993,0.9084599999999995,-0.4231506802052729,-0.23656382080646657,-0.800788223113677,0.8297872340425532,0.9586092715231788,0.9586092715231788,0.8853211009174312,0.9391727493917275,0.7959183673469388,0.9391727493917275
676917,Cade Cavalli,WSN,2025,26,48.666666666666664,10,219,790,48.666666666666664,4.866666666666666,0.1142,NA,104.2109,102.9493,33.924050632911396,0,0.5478,4,4.2534,1.4795,0.1826,0.0685,4.0902,3.9297,-0.2449926803823623,-0.1397903691320598,98,98,0.7743451769974887,TRUE,-1.0557168290894077,NA,0.4210899999999995,0.29492999999999936,-0.6671284925678981,-0.23656382080646657,0.18685058539319113,0.6460176991150443,0.8876404494382022,0.8876404494382022,0.7247706422018348,0.8404255319148937,0.5934959349593496,0.8404255319148937
593423,Frankie Montas,NYM,2025,32,38.666666666666664,7,178,709,33.666666666666664,5.523809523809524,0.1011,24.848484848484848,100.8513,102.2508,36.248236953455574,0,0.4154,6,6.2845,1.6034,0.1798,0.0787,4.6267,4.757,-0.2953430764663863,-0.15084270236203326,111,99,0.749458883574605,TRUE,-1.3225245728337083,-0.4241305841073111,0.08512999999999948,0.2250799999999998,0.31889808800191416,-0.23656382080646657,2.1621282024069277,0.5973154362416108,0.8763906056860321,0.8763906056860321,0.7026759167492567,0.8253783469150174,0.5426829268292683,0.8253783469150174
694477,Chad Patrick,MIL,2025,26,119.66666666666667,23,503,2011,115.66666666666667,5.202898550724638,0.173,22.55639097744361,104.7139,102.2246,35.504724017901545,0,0.314,3,3.5348,1.2786,0.2525,0.0795,3.9043,3.9838,-0.1521686144149024,-0.1511314819897495,91,100,0.8877563160392176,TRUE,0.1418629672590559,-1.0236078323255715,0.47138999999999953,0.22245999999999952,0.003465753264606381,-0.23656382080646657,-0.800788223113677,0.8073836276083467,0.9526290857413549,0.9526290857413549,0.8701860666378192,0.9305876908838501,0.7702909647779479,0.9305876908838501
684007,Shota Imanaga,CHC,2025,31,144.66666666666666,25,567,2178,144.66666666666666,5.786666666666666,0.1605,24.27007299270073,98.4713,105.4948,32.41505968778696,0,0.2919,3,3.7327,0.9885,0.2063,0.0459,4.3605,4.5074,-0.16664718562725983,-0.15863450642092358,92,101,0.8969135461082213,TRUE,-0.11272457448168859,-0.5754091822586003,-0.15287000000000006,0.5494799999999997,-1.307311755234845,-0.23656382080646657,-0.800788223113677,0.8253275109170306,0.9561018437225637,0.9561018437225637,0.8789346246973365,0.9355670103092784,0.7907949790794979,0.9355670103092784
806960,Luis Morales,ATH,2025,22,48.666666666666664,9,199,821,46.666666666666664,5.407407407407407,0.1256,NA,97.7852,105.3115,39.46406820950061,0,0.3504,3,3.1438,1.1507,0.2161,0.0905,4.4508,4.5351,-0.2525556654943133,-0.16289974063805535,102,102,0.7714702464574961,TRUE,-0.8235329910218485,NA,-0.22147999999999968,0.5311499999999996,1.683201400976059,-0.23656382080646657,-0.800788223113677,0.6238244514106583,0.8914223669923995,0.8914223669923995,0.7323818019625334,0.8455200823892894,0.5702005730659025,0.8455200823892894
671096,Andrew Abbott,CIN,2025,26,166.33333333333334,29,684,2677,166.33333333333334,5.735632183908046,0.155,24.076607387140903,99.4816,101.6378,33.769144564811356,0,0.3181,4,2.8677,1.1483,0.2178,0.0629,4.203,4.3051,-0.1863581656197411,-0.17146879233305845,95,103,0.9131396909534831,TRUE,-0.22474309284761643,-0.6260084314041853,-0.051839999999999976,0.16377999999999987,-0.7328467610595715,-0.23656382080646657,0.18685058539319113,0.8507462686567164,0.9639899171768095,0.9639899171768095,0.8992274101444407,0.9469402193137602,0.8201438848920863,0.9469402193137602
690916,Richard Fitts,BOS,2025,25,45,10,195,735,41,4.5,0.1231,24.333333333333332,102.1301,106.1444,33.87755102040816,0,0.4361,4,5,1.3111,0.2051,0.0821,4.3226,4.2685,-0.2659107024400062,-0.1756658700464652,105,104,0.7594151327081298,TRUE,-0.8744504993699972,-0.558863989497121,0.21300999999999987,0.6144400000000004,-0.6868557637892728,-0.23656382080646657,0.18685058539319113,0.6190476190476191,0.8802395209580839,0.8802395209580839,0.7101449275362319,0.8305084745762712,0.5652173913043478,0.8305084745762712
678906,Kai-Wei Teng,SFG,2025,26,29.666666666666668,7,139,573,24.666666666666668,4.238095238095238,0.1583,NA,95.4045,84.8029,37.87085514834206,0,0.3733,5,6.3708,1.5506,0.2806,0.1223,3.9971,4.44,-0.30047988785151003,-0.1838818787858721,112,105,0.7088416005118646,TRUE,-0.15753198182805983,NA,-0.4595500000000001,-1.5197100000000006,1.0072872486005684,-0.23656382080646657,1.1744893939000594,0.5366795366795367,0.8514115898959881,0.8514115898959881,0.6563573883161512,0.7925311203319502,0.4809688581314879,0.7925311203319502
669203,Corbin Burnes,ARI,2025,30,64.33333333333333,11,265,1009,64.33333333333333,5.848484848484848,0.1396,25.69593147751606,102.0789,105.4589,36.37264618434093,0,0.5029,2,2.658,1.1658,0.2377,0.0981,4.0473,3.7272,-0.24839885221356608,-0.1921884656435413,100,106,0.8083566915899617,TRUE,-0.538394944272214,-0.20248827721841883,0.20789000000000044,0.54589,0.3716781975124483,-0.23656382080646657,-1.7884270316205453,0.6883116883116883,0.9098286744815148,0.9098286744815148,0.7708174178762414,0.8705780845556514,0.6385542168674698,0.8705780845556514
690990,Cade Horton,CHC,2025,23,118,22,476,1790,114,5.363636363636363,0.1345,28.348214285714285,98.1491,98.2586,34.245810055865924,0,0.4231,3,2.6695,1.0847,0.2038,0.0693,4.2557,4.2726,-0.2491967697322861,-0.19746529594600246,101,107,0.8792915933954255,TRUE,-0.6422666613024378,0.4911932597567596,-0.1850899999999996,-0.17413999999999988,-0.5306233678377575,-0.23656382080646657,-0.800788223113677,0.7986577181208053,0.9470899470899471,0.9470899470899471,0.8564593301435407,0.9226804123711341,0.7603833865814696,0.9226804123711341
518876,Merrill Kelly,2 Tms,2025,36,184,32,748,2835,183.3,5.75,0.1591,25.638051044083525,92.1091,98.3755,34.32098765432099,0,0.4307,4,3.5217,1.1141,0.2233,0.0642,3.953,3.8109,-0.2190122595130011,-0.2030953717469001,96,108,0.9186248424543102,TRUE,-0.14123837915665227,-0.2176264019689784,-0.7890900000000002,-0.16244999999999976,-0.49872957787571154,-0.23656382080646657,0.18685058539319113,0.8617511520737328,0.9659284497444633,0.9659284497444633,0.9043062200956937,0.949748743718593,0.8329621380846325,0.949748743718593
681343,Shane Smith,CHW,2025,25,146.33333333333334,29,616,2419,146.33333333333334,5.045977011494253,0.1412,26.59123055162659,94.8539,93.9879,36.70938404299297,0,0.4045,5,3.8132,1.1959,0.2354,0.0942,4.1958,4.232,-0.24289127690162943,-0.20449098732084176,97,109,0.9049465490859837,TRUE,-0.5058077389293989,0.03166942114684243,-0.5146100000000005,-0.6012100000000004,0.5145378625832476,-0.23656382080646657,1.1744893939000594,0.8369565217391305,0.9603017070265979,0.9603017070265979,0.889665318131666,0.9416115219929934,0.804177545691906,0.9416115219929934
674841,Andrew Alvarez,WSN,2025,26,23.333333333333332,5,98,418,23.333333333333332,4.666666666666666,0.102,NA,88.6579,100.9693,43.54066985645933,1,0.5606,3,2.3143,1.1143,0.2041,0.102,4.3873,4.1566,-0.3109678515233953,-0.20534244656560777,113,110,0.6446579823558883,TRUE,-1.3041942698283746,NA,-1.1342100000000002,0.0969300000000004,3.4126830465589424,4.199007819314781,-0.800788223113677,0.44954128440366975,0.806949806949807,0.806949806949807,0.5821727019498607,0.7359154929577465,0.3951612903225806,0.7359154929577465
670912,Johan Oviedo,PIT,2025,27,40.333333333333336,9,170,667,40.333333333333336,4.481481481481482,0.1118,NA,107.5304,96.6532,39.73013493253373,0,0.3039,3,3.5702,1.2149,0.2471,0.1353,4.7264,4.8976,-0.3964089462181784,-0.22393753376706108,123,111,0.7398951131644372,TRUE,-1.1045976371036306,NA,0.75304,-0.3346800000000002,1.7960791245891714,-0.23656382080646657,-0.800788223113677,0.5862068965517241,0.8696219035202086,0.8696219035202086,0.6897621509824199,0.8164014687882497,0.53125,0.8164014687882497
700249,Cade Povich,BAL,2025,25,112.33333333333333,20,488,1971,103.66666666666667,5.616666666666666,0.1537,22.637795275590552,98.7511,97.0674,37.3921867072552,0,0.4074,5,5.2077,1.4955,0.2418,0.0881,4.0168,3.9524,-0.26860456069238714,-0.23847965820631886,106,112,0.8853438635124452,TRUE,-0.2512201971886538,-1.0023172450320854,-0.12489000000000061,-0.29325999999999935,0.8042141119851479,-0.23656382080646657,1.1744893939000594,0.8026315789473685,0.9517141477547079,0.9517141477547079,0.8678996036988111,0.9292786421499293,0.7648902821316614,0.9292786421499293
687473,Ryan Gusto,2 Tms,2025,26,101.66666666666667,17,453,1762,81.66666666666667,5.980392156862745,0.1347,24.18831168831169,98.4227,98.8623,35.07377979568672,0,0.3694,5,5.6656,1.4754,0.2141,0.0795,4.2671,4.6053,-0.29097127790792043,-0.24057370700426892,110,113,0.8760021043306775,TRUE,-0.6381932606345863,-0.5967931414345881,-0.1577299999999994,-0.11376999999999952,-0.17936057786503914,-0.23656382080646657,1.1744893939000594,0.7905759162303665,0.9462943071965628,0.9462943071965628,0.8545101842870999,0.9215481171548117,0.7512437810945274,0.9215481171548117
641778,Eric Lauer,TOR,2025,30,104.66666666666667,15,426,1686,74,6.977777777777778,0.1784,24.58628841607565,94.1144,91.324700000000007,33.68920521945433,0,0.2935,4,3.1815,1.1083,0.2394,0.061,3.8768,4.1539,-0.2643562337634547,-0.24437280031649264,104,114,0.8704807051518895,TRUE,0.251844785291058,-0.4927057841805558,-0.5885599999999996,-0.8675299999999992,-0.7667607027511836,-0.23656382080646657,0.18685058539319113,0.7802197802197802,0.9440089585666294,0.9440089585666294,0.8489425981873112,0.9183006535947712,0.7395833333333334,0.9183006535947712
800311,Didier Fuentes,ATL,2025,20,13,4,69,293,13,3.25,0.087,23.880597014925375,108.9159,101.2958,38.907849829351534,0,0.2653,3,13.8462,2.2308,0.1739,0.087,5.074,5.7442,-0.6016955632421422,-0.24507024502351918,146,115,0.5697341300907681,TRUE,-1.6096993199172684,-0.6772732421706934,0.8915899999999993,0.12957999999999997,1.4472280185580513,-0.23656382080646657,-0.800788223113677,0.36507936507936506,0.7455470737913485,0.7455470737913485,0.49409780775716694,0.6613995485327314,0.3150684931506849,0.6613995485327314
579328,Yusei Kikuchi,LAA,2025,34,178.33333333333334,33,772,3097,178.33333333333334,5.404040404040404,0.1295,24.179431072210065,97.965,105.3277,36.26089764288021,0,0.3973,4,3.9869,1.4243,0.2254,0.0959,4.3425,4.2773,-0.28354143084917716,-0.25391965695782126,108,116,0.9227880289762803,TRUE,-0.7441016779987358,-0.5991157894597607,-0.20349999999999965,0.5327699999999993,0.32426933392599583,-0.23656382080646657,0.18685058539319113,0.8654708520179372,0.9687206756334064,0.9687206756334064,0.9116867824551075,0.9538035109331691,0.8373101952277657,0.9538035109331691
571510,Matthew Boyd,CHC,2025,34,179.66666666666666,31,718,2747,179.66666666666666,5.795698924731182,0.156,22.573363431151243,99.3315,101.5113,32.87222424463051,0,0.3794,4,3.2059,1.0909,0.2145,0.0585,4.0891,4.2203,-0.270934514664825,-0.2541430974565326,107,117,0.9159612232517854,TRUE,-0.2043760895083568,-1.0191688344412735,-0.06684999999999945,0.15113000000000057,-1.1133615539288597,-0.23656382080646657,0.18685058539319113,0.8568019093078759,0.9648753073410608,0.9648753073410608,0.9015425008204792,0.9482222989299275,0.8271889400921659,0.9482222989299275
669194,Ryne Nelson,ARI,2025,27,154,23,619,2467,128,6.695652173913044,0.147,20.29459901800327,106.2802,105.5853,34.61694365626267,0,0.3991,4,3.3896,1.0714,0.2132,0.0662,4.0692,4.0495,-0.28748078129308097,-0.2661487466604952,109,118,0.9059417393806353,TRUE,-0.38767911956169326,-1.6151598786959647,0.6280199999999994,0.5585300000000004,-0.3731714494183751,-0.23656382080646657,0.18685058539319113,0.8376184032476319,0.9610440202571094,0.9610440202571094,0.8915793277918324,0.9426824608330149,0.8049414824447334,0.9426824608330149
434378,Justin Verlander,SFG,2025,42,152,29,662,2608,152,5.241379310344827,0.1284,25.832012678288432,102.9967,100.7952,34.50920245398773,0,0.3449,3,3.8487,1.3618,0.2069,0.0785,4.4359,4.5667,-0.32115734510774885,-0.27785217857951083,114,119,0.9108606923110273,TRUE,-0.7665053816719217,-0.16689742083861417,0.29967000000000044,0.07951999999999941,-0.41888021567630707,-0.23656382080646657,-0.800788223113677,0.8465473145780051,0.9630723781388478,0.9630723781388478,0.8968363136176066,0.9456127628716461,0.8152709359605911,0.9456127628716461
647336,Michael Soroka,2 Tms,2025,27,89.66666666666667,17,379,1528,83.33333333333333,5.2745098039215685,0.1741,25,95.4856,90.7445,36.64921465968586,0,0.4412,3,4.5167,1.1264,0.2507,0.0765,3.7799,4.2077,-0.33302450687776797,-0.2989844753795202,115,120,0.8586024267781773,TRUE,0.16426667093224182,-0.3845031119338374,-0.4514399999999995,-0.9255499999999998,0.4890112467724225,-0.23656382080646657,-0.800788223113677,0.7595190380761523,0.9385749385749386,0.9385749385749386,0.8358862144420132,0.9106078665077473,0.7164461247637051,0.9106078665077473
668678,Zac Gallen,ARI,2025,29,192,33,813,3135,192,5.818181818181818,0.1341,25.849514563106798,92.6693,99.4053,37.00159489633174,0,0.4362,4,4.8281,1.2604,0.2153,0.0812,4.2394,4.1163,-0.33307079724003674,-0.2999992639273462,116,121,0.9250193070231428,TRUE,-0.6504134626381418,-0.1623199548447016,-0.7330699999999993,-0.059470000000000314,0.6385071269989975,-0.23656382080646657,0.18685058539319113,0.8713826366559485,0.9690880989180835,0.9690880989180835,0.9126637554585153,0.954337899543379,0.8442367601246106,0.954337899543379
664299,Cristian Javier,HOU,2025,28,37,8,157,618,37,4.625,0.121,NA,94.9962,92.3806,38.18770226537217,0,0.2991,4,4.6216,1.2703,0.2166,0.0955,4.6847,4.9697,-0.4880694724052724,-0.30145708134293603,133,122,0.7260305339173664,FALSE,-0.9172212063824424,NA,-0.5003799999999998,-0.7619399999999998,1.1417083475490601,-0.23656382080646657,0.18685058539319113,0.5667870036101083,0.8607242339832869,0.8607242339832869,0.673202614379085,0.8046875,0.511400651465798,0.8046875
641927,Bailey Ober,MIN,2025,29,146.33333333333334,27,624,2356,146.33333333333334,5.419753086419753,0.1426,24.31011826544021,96.6857,98.2824,33.1918505942275,0,0.2996,4,5.1048,1.2984,0.1923,0.0497,4.5056,4.7511,-0.35584119399899383,-0.3181126568795098,119,123,0.9044019294681778,TRUE,-0.47729393425443517,-0.5649356889129251,-0.3314300000000003,-0.17176000000000044,-0.9777613768830948,-0.23656382080646657,0.18685058539319113,0.8387096774193549,0.9592833876221498,0.9592833876221498,0.8870481927710844,0.9401436552274541,0.8062015503875969,0.9401436552274541
547179,Michael Lorenzen,KCR,2025,33,141.66666666666666,26,606,2318,140.66666666666666,5.448717948717948,0.1452,22.802547770700638,91.813,94.576,36.3244176013805,0,0.3926,6,4.6376,1.3271,0.2096,0.0644,4.1648,4.2323,-0.36702946133931336,-0.3284477380017262,120,124,0.9024911218095788,TRUE,-0.42433972557236044,-0.9592276605898825,-0.8186999999999998,-0.5424000000000007,0.35121741761634145,-0.23656382080646657,2.1621282024069277,0.8347107438016529,0.9586435070306039,0.9586435070306039,0.8854087089381207,0.9392220421393841,0.8015873015873016,0.9392220421393841
677944,Slade Cecconi,CLE,2025,26,132,23,545,2065,132,5.739130434782608,0.1413,25.505050505050505,93.1265,95.216,35.738498789346245,0,0.4131,4,4.2955,1.1894,0.2,0.0587,4.191,4.0895,-0.38607377465590426,-0.3367330964156309,121,125,0.8927218151836366,TRUE,-0.5037710385954726,-0.252411538022259,-0.6873500000000007,-0.4784000000000006,0.10264374793464508,-0.23656382080646657,0.18685058539319113,0.8195488721804511,0.953810623556582,0.953810623556582,0.87315010570824525,0.9322799097065463,0.7841726618705036,0.9322799097065463
700363,AJ Smith-Shawver,ATL,2025,22,44.333333333333336,9,192,711,44.333333333333336,4.9259259259259265,0.1094,27.051671732522795,98.7366,94.9361,36.70886075949367,0,0.3543,3,3.8571,1.4211,0.2188,0.1094,4.5995,4.3636,-0.5311594730492251,-0.3429857149295367,137,126,0.7550015769750426,TRUE,-1.1534784451178537,0.1520938136978474,-0.12634000000000042,-0.5063900000000003,0.5143158616898907,-0.23656382080646657,-0.800788223113677,0.6153846153846154,0.8766954377311961,0.8766954377311961,0.7032640949554896,0.8257839721254355,0.5614035087719298,0.8257839721254355
686930,Mason Barnett,ATH,2025,24,22.333333333333332,5,104,431,22.333333333333332,4.466666666666667,0.0673,NA,96.5793,97.7353,38.74709976798144,0,0.3514,4,6.8507,1.6567,0.1731,0.1058,5.1768,5.3442,-0.7200195885168686,-0.3437271238986943,163,127,0.6529055519030538,FALSE,-2.010929285700682,NA,-0.34206999999999965,-0.22647000000000048,1.3790304597229102,-0.23656382080646657,0.18685058539319113,0.4642857142857143,0.8116760828625236,0.8116760828625236,0.5896032831737346,0.7418244406196214,0.4094488188976378,0.7418244406196214
683004,Jack Leiter,TEX,2025,25,151.66666666666666,29,646,2585,151.66666666666666,5.229885057471264,0.1254,23.458646616541355,103.6153,98.5271,37.214700193423596,0,0.3788,4,3.8571,1.2791,0.2291,0.1037,4.433,4.5289,-0.4106942190336134,-0.359595640535236,125,128,0.9095337972436228,TRUE,-0.8276063916897,-0.7876307047963155,0.36153000000000046,-0.14728999999999956,0.7289161813572554,-0.23656382080646657,0.18685058539319113,0.8433420365535248,0.962756052141527,0.962756052141527,0.8960138648180243,0.9451553930530164,0.8115577889447236,0.9451553930530164
694297,Brandon Pfaadt,ARI,2025,26,176.66666666666666,33,767,2923,176.66666666666666,5.353535353535353,0.1434,22.167487684729064,96.7389,101.6755,34.92986657543619,0,0.4208,4,5.2472,1.3302,0.1917,0.0482,4.1221,4.0135,-0.39300774559848445,-0.36493920059984164,122,129,0.9206101052919815,TRUE,-0.4610003315830276,-1.1253221114330092,-0.3261099999999999,0.16754999999999995,-0.2404151754281083,-0.23656382080646657,0.18685058539319113,0.8647125140924464,0.966920277869666,0.966920277869666,0.9069190195470059,0.9511877643996095,0.836423118865867,0.9511877643996095
682990,Quinn Priester,MIL,2025,24,157.33333333333334,24,653,2469,130.66666666666666,6.555555555555556,0.1256,23.195084485407065,96.0791,94.7351,37.2620494127177,1,0.5609,3,3.3178,1.2394,0.2021,0.0766,3.9579,3.8087,-0.4003917476234714,-0.3828016764932925,124,130,0.9081742811049967,TRUE,-0.8235329910218485,-0.8565630915118513,-0.3920900000000003,-0.5264899999999997,0.7490038947993883,4.199007819314781,-0.800788223113677,0.8447606727037517,0.9610743479953289,0.9610743479953289,0.8916576381365113,0.9427262313860252,0.813200498132005,0.9427262313860252
694738,Landen Roupp,SFG,2025,26,106.66666666666667,22,476,1851,106.66666666666667,4.848484848484849,0.1197,24.89451476793249,97.2547,102.2773,37.06104808211777,0,0.4517,3,3.7969,1.4813,0.2143,0.0945,4.3583,4.1047,-0.45507647448978694,-0.3854006866947045,129,131,0.8810192172466575,TRUE,-0.9436983107234798,-0.4120918583837243,-0.27453000000000005,0.22772999999999968,0.6637298989284263,-0.23656382080646657,-0.800788223113677,0.7986577181208053,0.9487442337262942,0.9487442337262942,0.8605299860529986,0.9250374812593704,0.7603833865814696,0.9250374812593704
592791,Jameson Taillon,CHC,2025,33,129.66666666666666,23,519,1979,129.66666666666666,5.637681159420289,0.1368,21.25,96.3606,101.0146,32.5922182920667,0,0.3376,5,3.6787,1.0566,0.1888,0.052,4.4,4.3409,-0.4334184152368558,-0.3864709292556098,127,132,0.8884633316071179,TRUE,-0.5954225536221408,-1.3652830482273062,-0.3639399999999995,0.10146000000000015,-1.2321529388988242,-0.23656382080646657,1.1744893939000594,0.812206572769953,0.9518999518999519,0.9518999518999519,0.8683633172444054,0.9295443870361673,0.7757847533632287,0.9295443870361673
605135,Chris Bassitt,TOR,2025,36,170.33333333333334,31,736,2836,169.33333333333334,5.494623655913979,0.1549,22.652582159624412,98.5036,97.954,36.28349788434414,0,0.4652,3,3.9628,1.3268,0.2255,0.0707,3.9197,3.8424,-0.417173938742033,-0.38975537384447395,126,133,0.9180372639155945,TRUE,-0.22677979318154215,-0.9984498639172298,-0.1496399999999994,-0.20460000000000064,0.3338573943210494,-0.23656382080646657,-0.800788223113677,0.8598130841121495,0.9659400544959128,0.9659400544959128,0.9043367346938775,0.9497655726724715,0.8306997742663657,0.9497655726724715
663372,Ryan Feltner,COL,2025,28,30.333333333333332,6,135,523,30.333333333333332,5.055555555555555,0.0963,26.48221343873518,90.674,88.744,38.04971319311664,0,0.4845,5,4.7473,1.4835,0.1852,0.0889,4.629,4.5034,-0.6892358263132705,-0.3927102351167018,159,134,0.6959690584282953,FALSE,-1.4202861888621543,0.003156941937099374,-0.9325999999999993,-1.1256,1.0831670456450617,-0.23656382080646657,1.1744893939000594,0.5294117647058824,0.8394863563402889,0.8394863563402889,0.6354799513973268,0.7771173848439822,0.47368421052631576,0.7771173848439822
641482,Nestor Cortes,2 Tms,2025,30,34.333333333333336,8,157,599,34.333333333333336,4.291666666666667,0.0573,28.07017543859649,97.5348,94.8999,38.898163606010016,0,0.3238,4,6.2913,1.6311,0.1847,0.1274,5.424,5.7481,-0.7413994993502365,-0.40428692537470184,166,135,0.7225466372991151,FALSE,-2.2145993190932782,0.4184746136865461,-0.24651999999999957,-0.5100099999999997,1.4431186777553586,-0.23656382080646657,0.18685058539319113,0.5667870036101083,0.8569384835479256,0.8569384835479256,0.6662958843159066,0.7997329773030708,0.511400651465798,0.7997329773030708
450203,Charlie Morton,3 Tms,2025,41,142,27,654,2551,125.66666666666667,5.2592592592592595,0.1177,27.104136947218258,99.0608,94.8556,36.92669541356331,0,0.4431,3,5.831,1.5775,0.2278,0.1101,4.3938,4.3952,-0.46987563963555895,-0.4046629607484263,131,136,0.909522090952689,TRUE,-0.984432317401999,0.1658156350116179,-0.09391999999999996,-0.5144400000000005,0.6067313264842992,-0.23656382080646657,-0.800788223113677,0.8449612403100775,0.9622783855149001,0.9622783855149001,0.8947737635917222,0.9444650129581637,0.8134328358208955,0.9444650129581637
663903,Brady Singer,CIN,2025,28,169.66666666666666,32,716,2850,169.66666666666666,5.302083333333333,0.1439,23.30226364846871,95.0435,95.9238,37.68421052631579,0,0.3887,4,4.0314,1.2377,0.2277,0.0838,4.17,4.2487,-0.44359834177579316,-0.4061012421130293,128,137,0.9171734947247339,TRUE,-0.45081682991339783,-0.8285313121199614,-0.49565000000000053,-0.40762,0.9281040278701324,-0.23656382080646657,0.18685058539319113,0.8564593301435407,0.9661016949152542,0.9661016949152542,0.9047619047619048,0.95,0.8267898383371824,0.95
687922,Easton Lucas,TOR,2025,28,24.333333333333332,5,108,438,19.666666666666668,4.866666666666666,0.1019,24.867724867724867,102.8655,90.5892,35.61643835616438,0,0.3288,3,6.6575,1.5205,0.213,0.1111,4.6876,4.7517,-0.742077113615987,-0.40907804529148545,167,138,0.6576905004456989,FALSE,-1.3062309701623003,-0.41909852414877474,0.28654999999999975,-0.9410799999999995,0.05086010628365872,-0.23656382080646657,-0.800788223113677,0.47368421052631576,0.8141263940520446,0.8141263940520446,0.5934959349593496,0.7448979591836735,0.4186046511627907,0.7448979591836735
657006,Justin Steele,CHC,2025,29,22.666666666666668,4,92,313,22.666666666666668,5.666666666666667,0.1739,18.51851851851852,103.1483,99.0826,29.712460063897762,0,0.4154,2,4.7647,1.1471,0.2283,0.0543,3.7733,3.6407,-0.5590638756376072,-0.4161256696229149,141,139,0.5989316395652334,TRUE,0.1601932702643898,-2.079678310465759,0.3148300000000006,-0.09174000000000007,-2.4538786385511475,-0.23656382080646657,-1.7884270316205453,0.4339622641509434,0.7578692493946732,0.7578692493946732,0.5106035889070146,0.6760259179265659,0.38016528925619836,0.6760259179265659
605280,Clay Holmes,NYM,2025,32,165.66666666666666,31,708,2766,161,5.344086021505376,0.089,21.767810026385224,99.8911,101.9391,37.23788864786695,1,0.5576,4,3.5312,1.3038,0.1822,0.0932,4.4327,4.2461,-0.4557924068330787,-0.4217050127053539,130,140,0.9156765145377602,TRUE,-1.5689653132387493,-1.2298543323099145,-0.010890000000000555,0.19390999999999964,0.7387537887131617,4.199007819314781,0.18685058539319113,0.855072463768116,0.9651081646894627,0.9651081646894627,0.9021526418786693,0.948559670781893,0.8251748251748252,0.948559670781893
695549,Jackson Jobe,DET,2025,22,49,10,218,877,49,4.9,0.055,24.675324675324674,107.3671,102.7223,39.22462941847206,0,0.4324,4,4.2245,1.4898,0.1789,0.1239,5.2589,5.1437,-0.6764170824597429,-0.426224101534836,156,141,0.783665025129738,TRUE,-2.261443426773575,-0.469419123734138,0.7367099999999993,0.2722300000000004,1.5816204690659312,-0.23656382080646657,0.18685058539319113,0.6449704142011834,0.8976458546571137,0.8976458546571137,0.7451146983857264,0.8539435248296008,0.592391304347826,0.8539435248296008
645261,Sandy Alcantara,MIA,2025,29,174.66666666666666,31,745,2893,174.66666666666666,5.634408602150537,0.1141,19.579500657030223,104.2617,105.8594,34.08226754234359,0,0.4654,5,5.3588,1.271,0.1906,0.0765,4.3787,4.1875,-0.4829649666975508,-0.4369100240282912,132,142,0.9191869823406641,TRUE,-1.0577535294233336,-1.802187645340954,0.4261700000000005,0.5859399999999994,-0.6000056131254184,-0.23656382080646657,1.1744893939000594,0.861271676300578,0.9665887069829603,0.9665887069829603,0.9060444722831194,0.9507065395990798,0.8324022346368715,0.9507065395990798
669461,Matthew Liberatore,STL,2025,25,151.66666666666666,29,648,2390,151.66666666666666,5.229885057471264,0.1265,21.447721179624665,95.2835,96.7401,34.97907949790795,0,0.3742,6,4.2132,1.3055,0.1883,0.0617,4.403,4.3078,-0.49042404406234763,-0.4370765940706819,134,143,0.9065463414654517,TRUE,-0.8052026880165146,-1.313570790639,-0.4716499999999996,-0.32599000000000017,-0.21953679350332858,-0.23656382080646657,2.1621282024069277,0.84375,0.9598393574297188,0.9598393574297188,0.8884758364312267,0.9409448818897638,0.8120300751879699,0.9409448818897638
608379,Michael Wacha,KCR,2025,33,172.66666666666666,31,716,2666,172.66666666666666,5.569892473118279,0.1131,23.076923076923077,96.4356,99.2116,34.508627156789196,0,0.3717,5,3.8571,1.222,0.176,0.0628,4.6064,4.5628,-0.5144410301113993,-0.45679176037464087,135,144,0.9147517389508578,TRUE,-1.078120532762593,-0.8874671818279241,-0.35644000000000065,-0.07883999999999958,-0.4191242831697223,-0.23656382080646657,1.1744893939000594,0.8564593301435407,0.9638467100506146,0.9638467100506146,0.8988536749831423,0.9467329545454546,0.8267898383371824,0.9467329545454546
690928,Hunter Dobbins,BOS,2025,25,61,11,256,932,53,5.545454545454546,0.1094,21.939953810623557,96.5488,103.4394,35.407725321888414,0,0.4844,4,4.1311,1.2787,0.1758,0.0664,4.3222,4.1106,-0.5968313771324802,-0.4619549730997234,144,145,0.7995462381869425,TRUE,-1.1534784451178537,-1.184831620379624,-0.34512,0.34394000000000063,-0.03768554846371822,-0.23656382080646657,0.18685058539319113,0.6808510638297872,0.9031007751937985,0.9031007751937985,0.7564935064935064,0.8613678373382625,0.6305418719211823,0.8613678373382625
676083,Janson Junk,MIA,2025,29,110,16,447,1622,87.33333333333333,6.875,0.1432,18.7012987012987,96.1411,106.4135,31.50431565967941,0,0.4057,4,4.1727,1.1364,0.1723,0.0291,4.146,4.0629,-0.5177844775453759,-0.473672002992458,136,146,0.8707959790981521,TRUE,-0.46507373225087967,-2.0318737408596643,-0.38589000000000057,0.6413499999999999,-1.6936911998909872,-0.23656382080646657,0.18685058539319113,0.7883597883597884,0.9419279907084785,0.9419279907084785,0.8439125910509886,0.9153498871331829,0.7487437185929648,0.9153498871331829
607259,Nick Martinez,CIN,2025,34,165.66666666666666,26,683,2578,145,6.371794871794871,0.1083,20.1765447667087,98.2543,102.358,35.2211016291699,0,0.3809,6,4.4547,1.2072,0.1698,0.0615,4.5904,4.5397,-0.5369909966022911,-0.4781837845060808,138,147,0.9116565773362282,TRUE,-1.1758821487910391,-1.646035942979661,-0.17456999999999995,0.2358000000000004,-0.11685989002057821,-0.23656382080646657,2.1621282024069277,0.8505603985056039,0.9626587005227782,0.9626587005227782,0.8957609451007644,0.9450146627565983,0.8199279711884754,0.9450146627565983
621107,Zach Eflin,BAL,2025,31,71.33333333333333,14,309,1127,71.33333333333333,5.095238095238095,0.1197,20.876826722338205,91.7319,97.3667,34.25022182786158,0,0.4017,6,5.9299,1.4159,0.1618,0.0421,4.4947,4.3741,-0.5997299182396649,-0.48619689499026986,145,148,0.826475184054823,TRUE,-0.9436983107234798,-1.4628832784917225,-0.8268100000000004,-0.26333000000000056,-0.528751691536818,-0.23656382080646657,2.1621282024069277,0.7202797202797203,0.9185004074979625,0.9185004074979625,0.7897687456201822,0.8825371965544244,0.673202614379085,0.8825371965544244
571578,Patrick Corbin,TEX,2025,35,155.33333333333334,30,663,2589,154.33333333333334,5.177777777777778,0.1207,25.323741007194243,93.2703,98.1062,37.62070297412128,0,0.3961,3,4.4034,1.3648,0.1976,0.0769,4.4221,4.2084,-0.5485146961536288,-0.4876932590805499,139,149,0.9106418818623423,TRUE,-0.9233313073842202,-0.2998314627574231,-0.6729699999999994,-0.18937999999999988,0.9011612075044879,-0.23656382080646657,-0.800788223113677,0.8467432950191571,0.9628114540721457,0.9628114540721457,0.8961578400830738,0.9452354874041621,0.8154981549815498,0.9452354874041621
673540,Kodai Senga,NYM,2025,32,113.33333333333333,22,482,1908,113.33333333333333,5.151515151515151,0.112,28.745644599303137,92.9984,93.0551,39.83228511530398,0,0.4662,2,3.0176,1.3147,0.2261,0.1141,4.5188,4.3521,-0.5905178711590318,-0.49038171888587506,143,150,0.8831541322971812,FALSE,-1.1005242364357786,0.5951377071281644,-0.7001599999999997,-0.6944900000000004,1.8394159235932848,-0.23656382080646657,-1.7884270316205453,0.8006644518272426,0.950199203187251,0.950199203187251,0.8641304347826086,0.9271137026239067,0.7626582278481012,0.9271137026239067
677958,Kumar Rocker,TEX,2025,25,64.33333333333333,14,287,1128,64.33333333333333,4.595238095238095,0.115,24.644549763033176,94.6931,92.6875,35.283687943262414,0,0.4828,4,5.7358,1.4611,0.1951,0.0801,4.3166,4.1391,-0.640596151467752,-0.49486253478118514,151,151,0.8220311442970971,FALSE,-1.0394232264179997,-0.4774680348052561,-0.5306899999999999,-0.73125,-0.0903079011676965,-0.23656382080646657,0.18685058539319113,0.7051597051597052,0.9185667752442996,0.9185667752442996,0.7899159663865546,0.8826291079812206,0.6567505720823799,0.8826291079812206
665871,Javier Assad,CHC,2025,27,37,7,153,567,34.666666666666664,5.285714285714286,0.0719,NA,93.2451,92.2022,36.68430335097002,0,0.4737,4,3.6486,1.2162,0.1503,0.0784,4.8261,4.6893,-0.8453764340917327,-0.5046906083166415,186,152,0.7144441682056956,FALSE,-1.917241070340088,NA,-0.6754900000000006,-0.7797799999999995,0.5038974811408823,-0.23656382080646657,0.18685058539319113,0.5604395604395604,0.8500749625187406,0.8500749625187406,0.6539792387543253,0.7907949790794979,0.504950495049505,0.7907949790794979
682243,Bryce Miller,SEA,2025,26,90.33333333333333,18,392,1545,90.33333333333333,5.018518518518518,0.102,22.748815165876778,102.2903,98.8401,35.40453074433657,0,0.3791,4,5.679,1.4059,0.1888,0.0867,4.6815,4.6029,-0.6235780470111539,-0.5070005040586993,149,153,0.8610998441287322,TRUE,-1.3041942698283746,-0.9732809567861567,0.2290300000000002,-0.11598999999999933,-0.03904083497924743,-0.23656382080646657,0.18685058539319113,0.765625,0.939209726443769,0.939209726443769,0.8373983739837398,0.911504424778761,0.7232472324723247,0.911504424778761
686730,Carson Spiers,CIN,2025,27,13.333333333333334,2,60,246,9.333333333333334,6.666666666666667,0.0667,22.641509433962263,93.6694,88.0201,41.86991869918699,0,0.3,NA,6.075,1.5,0.1833,0.1167,5.2088,5.5977,-1.1540773001439064,-0.5084951532850336,212,154,0.5334266614200552,FALSE,-2.023149487704238,-1.0013458391624346,-0.6330600000000004,-1.19799,2.7038736727034998,-0.23656382080646657,NA,0.3333333333333333,0.7109826589595376,0.7109826589595376,0.45054945054945056,0.6212121212121212,0.2857142857142857,0.6212121212121212
641816,Tyler Mahle,TEX,2025,30,86.66666666666667,16,346,1381,86.66666666666667,5.416666666666667,0.1069,22.727272727272727,92.5115,103.2976,34.757422157856624,0,0.388,4,2.1808,1.1308,0.1908,0.0838,4.6223,4.4304,-0.623188996449903,-0.5106338202378146,148,155,0.8472300668221544,TRUE,-1.2043959534660027,-0.9789151945359399,-0.7488500000000002,0.3297600000000003,-0.313574017256471,-0.23656382080646657,0.18685058539319113,0.7424892703862661,0.9324780553679946,0.9324780553679946,0.8215348007138608,0.9020248203788374,0.6975806451612904,0.9020248203788374
665152,Dean Kremer,BAL,2025,29,171.66666666666666,29,708,2756,163.33333333333334,5.919540229885057,0.137,20.58823529411765,96.0582,96.032,34.542815674891145,0,0.3992,5,4.1942,1.2117,0.2006,0.0636,4.2514,4.242,-0.5576666998407565,-0.5117104901901716,140,156,0.9155452930880943,TRUE,-0.5913491529542887,-1.5383618605143887,-0.3941800000000001,-0.3968000000000004,-0.40461994360759923,-0.23656382080646657,1.1744893939000594,0.855072463768116,0.9649859943977591,0.9649859943977591,0.9018324607329843,0.9483826565726085,0.8251748251748252,0.9483826565726085
689017,Landon Knack,LAD,2025,27,42.333333333333336,7,185,773,31.666666666666668,6.047619047619048,0.1243,20.987654320987655,95.3005,96.3877,38.809831824062094,0,0.3115,4,4.8898,1.3937,0.227,0.1027,4.4056,4.6057,-0.682742058346816,-0.5126733264006162,157,157,0.7607262983158023,FALSE,-0.8500100953628859,-1.433897282453598,-0.46995000000000003,-0.3612300000000005,1.4056442790206847,-0.23656382080646657,0.18685058539319113,0.6065573770491803,0.8854524627720504,0.8854524627720504,0.7204100652376515,0.8374864572047671,0.5522388059701493,0.8374864572047671
680684,Gunnar Hoglund,ATH,2025,25,32.333333333333336,6,139,548,32.333333333333336,5.388888888888889,0.0863,22,94.946,101.4101,36.67883211678832,0,0.4095,4,6.4021,1.5155,0.1655,0.0791,4.869,4.7834,-0.7978636966726411,-0.512820812060779,177,158,0.7036333439518035,FALSE,-1.62395622225475,-1.1691270609686124,-0.5054000000000002,0.14101,0.5015763323224807,-0.23656382080646657,0.18685058539319113,0.5366795366795367,0.845679012345679,0.845679012345679,0.6462264150943396,0.7851002865329513,0.4809688581314879,0.7851002865329513
676664,JP Sears,2 Tms,2025,29,135.66666666666666,27,583,2366,135.66666666666666,5.024691358024691,0.1389,20.663265306122447,98.035,101.5003,36.13693998309383,0,0.2929,3,5.0418,1.3194,0.2007,0.0617,4.5013,4.7596,-0.5702790510807243,-0.5222515708388125,142,159,0.9016852140540254,TRUE,-0.5526518466096958,-1.518738412409278,-0.19650000000000034,0.15002999999999958,0.27168080161504915,-0.23656382080646657,-0.800788223113677,0.829302987197724,0.959448499594485,0.959448499594485,0.8874718679669917,0.9403815580286169,0.7953615279672579,0.9403815580286169
800049,Adam Mazur,MIA,2025,24,30,6,139,489,30,5,0.0504,23.91304347826087,98.724,95.8271,33.94683026584867,0,0.4299,5,4.8,1.5,0.1367,0.0863,5.2752,5.2241,-0.9261529234832967,-0.5277149581697465,196,160,0.6897683022856839,FALSE,-2.355131642134169,-0.6687871514391903,-0.12759999999999963,-0.41728999999999983,-0.6574643260709044,-0.23656382080646657,1.1744893939000594,0.5366795366795367,0.830220713073005,0.830220713073005,0.6197718631178707,0.7652582159624414,0.4809688581314879,0.7652582159624414
663855,Jordan Hicks,2 Tms,2025,28,67.33333333333333,9,314,1200,45.333333333333336,7.481481481481481,0.0828,24.55242966751918,104.9881,103.0734,37.833333333333336,0,0.5472,2,6.9505,1.6634,0.1847,0.1019,4.4072,4.3852,-0.6925368062114591,-0.528113608576771,160,161,0.8320225808585892,FALSE,-1.6952407339421587,-0.5015612458478065,0.4988100000000003,0.30734000000000067,0.9913687714015621,-0.23656382080646657,-1.7884270316205453,0.7235023041474654,0.9230769230769231,0.9230769230769231,0.8,0.8888888888888888,0.6767241379310345,0.8888888888888888
671737,Taj Bradley,2 Tms,2025,24,142.66666666666666,27,605,2327,142.66666666666666,5.28395061728395,0.1174,22.38993710691824,101.6522,95.2218,37.30124623979373,0,0.4351,4,5.0467,1.3107,0.2099,0.0926,4.4522,4.3671,-0.6082862974969353,-0.5346414983637832,147,162,0.9025840060282506,TRUE,-0.9905424184037768,-1.0671423967334843,0.16521999999999934,-0.4778199999999998,0.7656329890459764,-0.23656382080646657,0.18685058539319113,0.8344827586206897,0.9587968685620107,0.9587968685620107,0.8858012942519985,0.939442874444893,0.8013245033112583,0.939442874444893
669920,Jason Alexander,2 Tms,2025,32,77.33333333333333,13,336,1252,68.33333333333333,5.948717948717948,0.1161,23.529411764705884,92.957,94.7179,38.09904153354633,0,0.4481,4,4.7716,1.3707,0.1935,0.0774,4.3477,4.1939,-0.6608555063800725,-0.5347887887156499,153,163,0.8389988768955485,FALSE,-1.0170195227448144,-0.7691226947940208,-0.7043000000000006,-0.52821,1.1040943931684228,-0.23656382080646657,0.18685058539319113,0.7368421052631579,0.9260355029585798,0.9260355029585798,0.8067010309278351,0.8930099857346647,0.691358024691358,0.8930099857346647
622503,Nabil Crismatt,ARI,2025,30,34,5,153,534,26,6.8,0.1046,NA,78.8428,92.2755,32.58426966292135,0,0.4435,4,3.7059,1.4412,0.1634,0.0588,4.4553,4.3154,-0.8152791438213638,-0.5370160947823056,181,164,0.7073748458279938,FALSE,-1.2512400611462997,NA,-2.1157200000000005,-0.7724500000000006,-1.2355251124406461,-0.23656382080646657,0.18685058539319113,0.5604395604395604,0.8422712933753943,0.8422712933753943,0.6402877697841727,0.7807017543859649,0.504950495049505,0.7807017543859649
815083,Mitch Farris,LAA,2025,24,24.333333333333332,5,107,405,24.333333333333332,4.866666666666666,0.1215,NA,87.6497,78.7696,37.03703703703704,0,0.2143,3,6.6575,1.4384,0.2243,0.1028,4.7131,4.7962,-0.9208235196313435,-0.5380496022080504,194,165,0.6465137131176182,FALSE,-0.9070377047128126,NA,-1.2350300000000005,-2.1230400000000005,0.6535433108448513,-0.23656382080646657,-0.800788223113677,0.4713656387665198,0.801980198019802,0.801980198019802,0.574468085106383,0.7297297297297297,0.4163424124513619,0.7297297297297297
621121,Lance McCullers Jr.,HOU,2025,31,55.333333333333336,13,274,1147,51.333333333333336,4.256410256410256,0.0803,25.6797583081571,96.7595,92.1592,41.325196163905844,0,0.4639,4,6.506,1.8072,0.2226,0.1423,4.9385,5.1239,-0.7689655754687124,-0.5582182259264667,174,166,0.8203777793403828,FALSE,-1.7461582422903077,-0.20671822922202993,-0.3240499999999997,-0.7840800000000001,2.472777355650558,-0.23656382080646657,0.18685058539319113,0.6954314720812182,0.9198075380914194,0.9198075380914194,0.7926744989633725,0.8843484965304549,0.6462264150943396,0.8843484965304549
656849,David Peterson,NYM,2025,29,168.66666666666666,30,723,2699,168.66666666666666,5.622222222222222,0.1176,22.22222222222222,90.9025,96.8606,35.75398295665061,0,0.5466,5,4.2154,1.3696,0.2075,0.0899,4.093,3.7249,-0.634385895278038,-0.5733281118398057,150,167,0.9155774856021038,TRUE,-0.986469017735925,-1.1110067684475182,-0.9097499999999996,-0.3139399999999995,0.10921284284977176,-0.23656382080646657,1.1744893939000594,0.8576512455516014,0.9642729546266524,0.9642729546266524,0.8999666555518506,0.9473499473499474,0.8281786941580757,0.9473499473499474
693821,Bryce Elder,ATL,2025,26,156.33333333333334,28,679,2515,156.33333333333334,5.583333333333334,0.1178,22.35494880546075,91.9743,99.2565,37.25646123260437,0,0.4825,4,5.2964,1.3945,0.1929,0.0751,4.2877,4.0422,-0.6423360565237098,-0.5793881361517774,152,168,0.9104638920851771,FALSE,-0.982395617068073,-1.076293283153349,-0.80257,-0.07434999999999974,0.7466331321457887,-0.23656382080646657,0.18685058539319113,0.8498122653316645,0.9617590822179732,0.9617590822179732,0.8934280639431617,0.9437148217636022,0.8190591073582629,0.9437148217636022
700241,Michael McGreevy,STL,2025,24,95.66666666666667,16,400,1466,90,5.979166666666667,0.095,22.435897435897434,88.0447,101.8161,37.92633015006821,0,0.4732,5,4.4216,1.2544,0.145,0.05,4.5687,4.3199,-0.699098571814825,-0.5797486421239597,161,169,0.8590386552344471,FALSE,-1.4467632932031915,-1.0551218717926198,-1.1955299999999993,0.18161000000000058,1.0308222921448975,-0.23656382080646657,1.1744893939000594,0.7692307692307693,0.9361430395913155,0.9361430395913155,0.8301245753114382,0.9071782178217822,0.7272727272727273,0.9071782178217822
605488,Jeffrey Springs,ATH,2025,32,171,30,713,2849,158.33333333333334,5.7,0.1178,24.436536180308423,94.4835,94.9222,37.06563706563706,0,0.3177,3,4.1053,1.2105,0.1935,0.0757,4.5981,4.6399,-0.6664824312088963,-0.5996942251334554,154,170,0.9170012586783338,FALSE,-0.982395617068073,-0.531872181048712,-0.5516499999999993,-0.5077799999999997,0.6656767564965227,-0.23656382080646657,-0.800788223113677,0.8559423769507803,0.9660902000678196,0.9660902000678196,0.9047316608447126,0.9499833277759253,0.8261877172653534,0.9499833277759253
669467,Andre Pallante,STL,2025,26,162.66666666666666,31,715,2722,162.66666666666666,5.247311827956989,0.0685,22.356091030789827,95.4088,98.4851,39.16238060249816,1,0.5913,4,5.3115,1.4447,0.1552,0.0867,4.4439,4.1623,-0.6680529170531546,-0.6078356861231942,155,171,0.9154680669336474,TRUE,-1.9864888816935706,-1.0759945440372198,-0.4591200000000001,-0.15148999999999974,1.5552116624153116,4.199007819314781,0.18685058539319113,0.8562874251497006,0.9645641389085755,0.9645641389085755,0.900727994705493,0.9477715877437326,0.8265895953757225,0.9477715877437326
593958,Eduardo Rodriguez,ARI,2025,32,154.33333333333334,29,694,2592,154.33333333333334,5.32183908045977,0.1196,25.223880597014926,90.798,93.2812,37.3070987654321,0,0.3716,3,5.0151,1.5421,0.2061,0.0865,4.4808,4.4357,-0.684464884144482,-0.6134400262002607,158,172,0.9124881284054884,FALSE,-0.9457350110574059,-0.325949085886466,-0.9201999999999998,-0.6718800000000001,0.7681158992119533,-0.23656382080646657,-0.800788223113677,0.8525798525798526,0.962852897473997,0.962852897473997,0.8962655601659751,0.9452954048140044,0.8222748815165877,0.9452954048140044
687064,Brandon Young,BAL,2025,26,57.666666666666664,12,256,941,57.666666666666664,4.805555555555555,0.0977,23.11320754716981,94.5487,98.6841,35.06907545164719,0,0.4402,3,6.2428,1.5434,0.1836,0.0859,4.6712,4.5211,-0.8095461016621731,-0.6201828529362601,180,173,0.8003646228550484,FALSE,-1.3917723841871907,-0.877977293716715,-0.5451300000000003,-0.13158999999999993,-0.1813563766640085,-0.23656382080646657,-0.800788223113677,0.6808510638297872,0.9039385206532181,0.9039385206532181,0.75825946817083,0.8625114573785518,0.6305418719211823,0.8625114573785518
669721,Davis Daniel,ATL,2025,28,10,2,46,183,9,5,0.0435,21.73913043478261,81.3816,85.7523,39.89071038251366,0,0.3448,NA,5.4,1.6,0.1957,0.1522,5.5467,5.8936,-1.5538689671776285,-0.6272864890088236,231,174,0.4690099452919959,FALSE,-2.4956639651750603,-1.2373552304498971,-1.8618399999999995,-1.4247699999999994,1.8642026052531908,-0.23656382080646657,NA,0.27710843373493976,0.6466431095406361,0.6466431095406361,0.37888198757763975,0.5495495495495496,0.23469387755102042,0.5495495495495496
656288,Griffin Canning,NYM,2025,29,76.33333333333333,16,328,1343,76.33333333333333,4.770833333333333,0.1067,25.528455284552845,90.2539,92.1231,37.230081906180196,0,0.5091,3,3.7729,1.3755,0.2134,0.1067,4.4495,4.0904,-0.7823650978835122,-0.6275116831328169,175,175,0.8423149514051466,FALSE,-1.2084693541338545,-0.2462902211824545,-0.9746099999999999,-0.7876900000000007,0.7354418103477687,-0.23656382080646657,-0.800788223113677,0.7321428571428571,0.9306999306999307,0.9306999306999307,0.8174071819841753,0.899531145344943,0.6861924686192469,0.899531145344943
686701,Ryan Bergert,2 Tms,2025,25,76.33333333333333,15,323,1312,71.4,5.088888888888889,0.1176,22.48995983935743,91.9637,97.2908,37.271341463414636,0,0.2925,3,3.655,1.2576,0.226,0.1084,4.6195,4.6773,-0.7570450010724025,-0.6277839710448456,169,176,0.8398641809758997,FALSE,-0.986469017735925,-1.0409823196269226,-0.8036299999999997,-0.27091999999999955,0.7529460094629988,-0.23656382080646657,-0.800788223113677,0.7291196388261851,0.9291784702549575,0.9291784702549575,0.8138957816377171,0.8974008207934336,0.6828752642706131,0.8974008207934336
680732,Sean Burke,CHW,2025,25,134.33333333333334,22,596,2380,104,6.106060606060606,0.1174,23.46002621231979,92.3788,96.3452,37.81512605042017,0,0.3522,3,4.2208,1.4442,0.2232,0.1057,4.4727,4.7044,-0.7157781363552947,-0.6374767619397476,162,177,0.9028810448116129,FALSE,-0.9905424184037768,-0.7872698835003997,-0.7621200000000001,-0.36547999999999947,0.9836444057800771,-0.23656382080646657,-0.800788223113677,0.8324022346368715,0.9596774193548387,0.9596774193548387,0.8880597014925373,0.9407114624505929,0.7989276139410187,0.9407114624505929
448179,Rich Hill,KCR,2025,45,9,2,43,171,9,4.5,-0.093,NA,90.0871,81.9199,41.52046783625731,0,0.4839,NA,5,1.8889,0.093,0.186,7.3155,6.7973,-2.1646193070839197,-0.6388045054203739,241,178,0.4538674448510517,FALSE,-5.275759920983994,NA,-0.9912899999999993,-1.8080100000000001,2.5556205673453007,-0.23656382080646657,NA,0.26380368098159507,0.6309963099630996,0.6309963099630996,0.3630573248407643,0.5327102803738317,0.22279792746113988,0.5327102803738317
695418,Brad Lord,WSN,2025,25,130.66666666666666,19,546,2129,92,6.8771929824561395,0.119,23.540489642184557,90.9087,91.9725,35.368717707844056,0,0.4859,4,4.3393,1.2934,0.1978,0.0788,4.159,3.9541,-0.7317704597712826,-0.642449322721433,165,179,0.8942045635289544,FALSE,-0.9579552130609617,-0.7662253721359409,-0.9091300000000004,-0.8027500000000003,-0.05423436985224617,-0.23656382080646657,0.18685058539319113,0.8198198198198198,0.9551368326603858,0.9551368326603858,0.8764923836969947,0.9341816586222027,0.7844827586206896,0.9341816586222027
676467,Colton Gordon,HOU,2025,26,86,14,379,1453,70,6.142857142857143,0.1398,17.090069284064665,97.1415,100.6037,32.89745354439091,0,0.3145,4,5.3372,1.4186,0.19,0.0501,4.3196,4.4342,-0.7216606085424631,-0.6427315499777733,164,180,0.8555568385634896,FALSE,-0.534321543604362,-2.45327680357672,-0.28585000000000066,0.06037000000000035,-1.102658126259129,-0.23656382080646657,0.18685058539319113,0.7595190380761523,0.9356084996780425,0.9356084996780425,0.8288648031945237,0.9064254522769807,0.7164461247637051,0.9064254522769807
477132,Clayton Kershaw,LAD,2025,37,112.66666666666667,22,463,1772,111.66666666666667,5.121212121212121,0.1058,24.198250728862973,95.5975,94.0302,37.07674943566592,0,0.4749,3,3.355,1.216,0.1814,0.0756,4.4643,4.1755,-0.7633552951727803,-0.6469945929933248,170,181,0.8773938899905904,FALSE,-1.226799657139188,-0.5941936716855996,-0.44025000000000036,-0.5969800000000006,0.6703911342229231,-0.23656382080646657,-0.800788223113677,0.7941680960548885,0.9465811965811965,0.9465811965811965,0.8552123552123552,0.9219562955254943,0.7553017944535073,0.9219562955254943
672782,Yoendrys Gómez,3 Tms,2025,25,62.666666666666664,9,277,1104,45,6.962962962962963,0.1119,22.058823529411764,97.1137,88.1651,36.95652173913044,0,0.3656,4,5.1702,1.3883,0.2094,0.0975,4.5045,4.8101,-0.853185710884802,-0.670868086070704,188,182,0.8182031887183442,FALSE,-1.1025609367697047,-1.1537422776542052,-0.28863000000000055,-1.1834900000000004,0.6193850236298154,-0.23656382080646657,0.18685058539319113,0.6977329974811083,0.9169435215946844,0.9169435215946844,0.7863247863247863,0.8803827751196173,0.6487119437939111,0.8803827751196173
680573,Simeon Woods Richardson,MIN,2025,24,111.33333333333333,22,471,1881,107,5.0606060606060606,0.1295,22.296173044925126,91.317,89.3933,36.89526847421584,0,0.3248,4,4.0419,1.2754,0.2272,0.0977,4.4745,4.7075,-0.7672973932917084,-0.6716244879787528,172,183,0.8813124628790553,FALSE,-0.7441016779987358,-1.0916655729330103,-0.8683000000000007,-1.0606700000000004,0.5933985754614362,-0.23656382080646657,0.18685058539319113,0.7969543147208121,0.9495204442200909,0.9495204442200909,0.8624484181568088,0.9261447562776958,0.7584541062801933,0.9261447562776958
607536,Kyle Freeland,COL,2025,32,162.66666666666666,31,709,2482,162.66666666666666,5.247311827956989,0.1213,21.338912133891213,93.8158,95.3464,31.950040290088637,0,0.4187,4,4.9795,1.4201,0.1749,0.0536,4.4111,4.2892,-0.7562359920363393,-0.6873073570031344,168,184,0.911621206698495,FALSE,-0.9111111053806644,-1.342028851690362,-0.6184200000000004,-0.4653599999999997,-1.5045943407823545,-0.23656382080646657,0.18685058539319113,0.8552472858866104,0.9612703330751355,0.9612703330751355,0.8921639108554996,0.9430091185410334,0.8253783469150174,0.9430091185410334
686563,Jonathan Cannon,CHW,2025,24,103.66666666666667,17,466,1795,82.33333333333333,6.098039215686275,0.103,19.682539682539684,95.4022,97.146,37.43732590529248,0,0.3743,5,5.8167,1.4855,0.1845,0.0815,4.637,4.9206,-0.8040360008002403,-0.693000160709376,178,185,0.878390673780422,FALSE,-1.283827266489115,-1.7752386829743114,-0.45978000000000063,-0.28539999999999993,0.8233642329100249,-0.23656382080646657,1.1744893939000594,0.7952218430034129,0.9472295514511874,0.9472295514511874,0.8568019093078759,0.922879177377892,0.7564935064935064,0.922879177377892
663978,Chris Paddack,2 Tms,2025,29,158,28,670,2566,145.33333333333334,5.642857142857143,0.1119,19.95332555425904,90.956,102.9074,34.95713172252533,0,0.3667,4,5.3544,1.2848,0.1672,0.0552,4.6364,4.6919,-0.7665512763380596,-0.6986337558462138,171,186,0.9107176603112407,FALSE,-1.1025609367697047,-1.7044169896372225,-0.9043999999999996,0.29073999999999955,-0.228848047820739,-0.23656382080646657,0.18685058539319113,0.8481012658227848,0.9624906226556639,0.9624906226556639,0.895324494068388,0.9447717231222386,0.8170731707317073,0.9447717231222386
542881,Tyler Anderson,LAA,2025,35,136.33333333333334,26,599,2340,136.33333333333334,5.243589743589744,0.0785,25.54913294797688,100.3571,94.1021,36.15384615384615,0,0.2926,3,4.555,1.4083,0.1736,0.0952,5.2302,5.4063,-0.8186627911737557,-0.7002414852674554,182,187,0.9023927146776789,FALSE,-1.7828188483009748,-0.24088215787159512,0.03571000000000026,-0.5897900000000007,0.27885317570145096,-0.23656382080646657,-0.800788223113677,0.8331015299026425,0.9590163934426229,0.9590163934426229,0.8863636363636364,0.9397590361445783,0.7997329773030708,0.9397590361445783
607067,Colin Rea,CHC,2025,34,159.33333333333334,27,662,2536,143.33333333333334,5.901234567901235,0.1254,20.348837209302324,93.0519,95.7482,35.05520504731861,0,0.3946,4,3.954,1.249,0.1918,0.0665,4.3563,4.3112,-0.7683117902108922,-0.7006218256340889,173,188,0.909781811144527,FALSE,-0.8276063916897,-1.6009743507474425,-0.6948099999999997,-0.4251800000000003,-0.1872408392091743,-0.23656382080646657,0.18685058539319113,0.8465473145780051,0.9620637329286799,0.9620637329286799,0.8942172073342737,0.9441548771407298,0.8152709359605911,0.9441548771407298
622379,Luis F. Castillo,SEA,2025,30,7,2,41,169,7,3.5,-0.0488,20.27027027027027,94.3159,85.0546,43.19526627218935,0,0.3704,NA,7.7143,2.7143,0.122,0.1707,6.7471,6.6888,-2.0930695086531603,-0.7034331347336832,239,189,0.44938941815397054,FALSE,-4.3755383733887205,-1.6215228514030775,-0.5684100000000001,-1.4945400000000006,3.266146982688407,-0.23656382080646657,NA,0.2546583850931677,0.6282527881040892,0.6282527881040892,0.3603411513859275,0.5297805642633229,0.21465968586387435,0.5297805642633229
605288,Adrian Houser,2 Tms,2025,32,125,21,518,1892,124.3,5.9523809523809526,0.1042,19.201995012468828,94.026,99.546,34.72515856236787,0,0.4894,5,3.312,1.28,0.1776,0.0734,4.4556,4.2965,-0.8062332588624648,-0.7081543569428341,179,190,0.8861690882550407,FALSE,-1.2593868624820035,-1.9009209685471808,-0.5974000000000004,-0.04539999999999935,-0.32726171623975153,-0.23656382080646657,1.1744893939000594,0.8119122257053292,0.9497991967871486,0.9497991967871486,0.8631386861313869,0.9265426052889324,0.7754491017964071,0.9265426052889324
502043,Kyle Gibson,BAL,2025,37,12.333333333333334,4,73,280,12.333333333333334,3.0833333333333335,0.0411,20.634920634920636,81.6834,91.1226,41.42857142857143,0,0.4643,5,16.7838,2.9189,0.137,0.0959,5.3185,5.7163,-1.4168732840748113,-0.7085994688706705,222,191,0.5663372878099883,FALSE,-2.5445447731892834,-1.5261517150267638,-1.8316599999999994,-0.8877399999999994,2.5166338906592673,-0.23656382080646657,1.1744893939000594,0.37823834196891193,0.7368421052631579,0.7368421052631579,0.4827586206896552,0.6511627906976745,0.3273542600896861,0.6511627906976745
687362,Connor Gillispie,MIA,2025,27,26,6,123,472,26,4.333333333333333,0.0976,21.3953488372093,88.969,86.6652,36.652542372881356,0,0.3721,4,8.6538,1.6538,0.187,0.0894,4.794,5.0631,-1.1093205401482382,-0.7117772707387499,208,192,0.6765936845136645,FALSE,-1.3938090845211166,-1.3272683220143815,-1.1031000000000006,-1.3334800000000002,0.4904230155425372,-0.23656382080646657,0.18685058539319113,0.5061728395061729,0.8251748251748252,0.8251748251748252,0.6113989637305699,0.7588424437299035,0.45054945054945056,0.7588424437299035
670102,Bowden Francis,TOR,2025,29,64,14,288,1143,64,4.571428571428571,0.0938,23.264540337711068,93.8585,93.9993,37.44531933508311,0,0.34,3,6.0469,1.5313,0.1875,0.0938,4.8826,5.2108,-0.9129927478036902,-0.7166623324014773,193,193,0.8232281120392277,FALSE,-1.4712036972103033,-0.8383975164724037,-0.6141499999999993,-0.6000699999999994,0.826755412943145,-0.23656382080646657,-0.800788223113677,0.7058823529411765,0.919549477071601,0.919549477071601,0.7920997920997921,0.8839907192575406,0.6575342465753424,0.8839907192575406
622663,Luis Severino,ATH,2025,31,162.66666666666666,29,705,2731,162.66666666666666,5.60919540229885,0.105,17.13362068965517,104.0655,103.5749,36.6898571951666,0,0.4118,4,4.5369,1.3033,0.1759,0.0709,4.6075,4.6286,-0.7930091734562086,-0.7231549977637324,176,194,0.9150503854120539,FALSE,-1.243093259810596,-2.4418863116299074,0.40655,0.35749,0.506253676921646,-0.23656382080646657,0.18685058539319113,0.8545454545454545,0.9646767926527728,0.9646767926527728,0.9010227647641043,0.9479347448802499,0.8245614035087719,0.9479347448802499
682989,Victor Mederos,LAA,2025,24,17,3,81,314,13,5.666666666666667,0.0247,22.580645161290324,97.7808,86.2138,41.71974522292994,0,0.3269,3,7.4118,1.7647,0.1728,0.1481,5.7569,6.4024,-1.4911628935839414,-0.7234277789453067,226,195,0.5907702235949243,FALSE,-2.878563627953141,-1.01726436115543,-0.22192000000000006,-1.3786199999999993,2.640163187026365,-0.23656382080646657,-0.800788223113677,0.40298507462686567,0.7584541062801933,0.7584541062801933,0.511400651465798,0.6767241379310345,0.35064935064935066,0.6767241379310345
656557,Tanner Houck,BOS,2025,29,43.666666666666664,9,203,749,43.666666666666664,4.851851851851851,0.0739,21.62162162162162,95.6519,99.6588,37.38317757009346,0,0.4832,3,8.0382,1.6947,0.1576,0.0837,4.7785,4.7344,-1.005641566307514,-0.7237988094575339,203,196,0.7640416805313548,FALSE,-1.876507063661569,-1.2680886401261517,-0.43481000000000025,-0.03412000000000006,0.8003920222365964,-0.23656382080646657,-0.800788223113677,0.628482972136223,0.8822143698468787,0.8822143698468787,0.7140133460438512,0.8331479421579533,0.5750708215297451,0.8331479421579533
527048,Martín Pérez,CHW,2025,34,56,10,228,904,52.666666666666664,5.6,0.0965,25,85.6678,89.6189,39.04867256637168,0,0.3899,3,3.5357,1.1071,0.193,0.0965,4.7801,4.9143,-0.9709571424040764,-0.7249154504127548,198,197,0.7893349162108707,FALSE,-1.4162127881943023,-0.3845031119338374,-1.43322,-1.0381100000000003,1.5069714911975185,-0.23656382080646657,-0.800788223113677,0.6551724137931034,0.900398406374502,0.900398406374502,0.7508305647840532,0.857685009487666,0.6031746031746031,0.857685009487666
685326,McCade Brown,COL,2025,24,25.666666666666668,7,126,502,25.666666666666668,3.666666666666667,0.0476,NA,90.9435,83.6837,39.8406374501992,0,0.3457,3,7.3636,1.8312,0.1825,0.1349,5.4702,6.1369,-1.2638023579294362,-0.7275477770193994,217,198,0.6860433443098074,FALSE,-2.412159251484096,NA,-0.90565,-1.63163,1.8429593676552827,-0.23656382080646657,-0.800788223113677,0.5121951219512195,0.8338870431893688,0.8338870431893688,0.6259351620947631,0.7699386503067485,0.45652173913043476,0.7699386503067485
663568,Stephen Kolek,2 Tms,2025,28,112.66666666666667,19,461,1689,112.66666666666667,5.9298245614035094,0.0998,18.85593220338983,94.5505,99.3003,35.82001184132623,0,0.5145,5,3.5148,1.145,0.167,0.0672,4.3851,4.1622,-0.847361520405873,-0.7323957317557088,187,199,0.8746006246728946,FALSE,-1.3490016771747455,-1.9914306911717243,-0.54495,-0.06997000000000071,0.13722532825167091,-0.23656382080646657,1.1744893939000594,0.7934595524956971,0.9441028507546115,0.9441028507546115,0.8491704374057315,0.9184339314845025,0.7545008183306056,0.9184339314845025
661563,Luis Gil,NYY,2025,27,57,11,244,970,57,5.181818181818182,0.0328,NA,97.5492,95.5115,38.76288659793814,0,0.3136,3,3.3158,1.4035,0.168,0.1352,5.7407,5.6499,-1.0632961457736083,-0.7366614426913151,207,200,0.7998036438975198,FALSE,-2.713590900905138,NA,-0.2450800000000001,-0.4488500000000002,1.3857279580356099,-0.23656382080646657,-0.800788223113677,0.6703296703296703,0.9065420560747663,0.9065420560747663,0.7637795275590551,0.8660714285714286,0.6192893401015228,0.8660714285714286
621244,José Berríos,TOR,2025,31,166,30,698,2584,164,5.533333333333333,0.1175,22.536945812807883,87.6151,91.9802,36.57120743034056,0,0.415,4,4.1747,1.3012,0.1977,0.0802,4.4641,4.4314,-0.8285283312772246,-0.7504994750023983,184,201,0.9125923952925464,FALSE,-0.988505718069851,-1.0286935462809432,-1.23849,-0.8019800000000004,0.4559169974296826,-0.23656382080646657,0.18685058539319113,0.8533007334963325,0.96274217585693,0.96274217585693,0.8959778085991679,0.9451353328456474,0.8231132075471698,0.9451353328456474
669160,Dustin May,2 Tms,2025,27,132.33333333333334,23,584,2170,124.66666666666667,5.753623188405798,0.1147,20.833333333333332,98.2594,94.9406,36.26728110599078,0,0.4216,3,4.9647,1.4207,0.2106,0.0959,4.4673,4.5304,-0.8445212718972135,-0.7531463190768469,185,202,0.8980446028489365,FALSE,-1.0455333274197778,-1.4742585967043587,-0.17406000000000005,-0.5059399999999996,0.3269774921521567,-0.23656382080646657,-0.800788223113677,0.8295454545454546,0.9559471365638766,0.9559471365638766,0.8785425101214575,0.9353448275862069,0.7956403269754768,0.9353448275862069
656605,Mitch Keller,PIT,2025,29,176.33333333333334,32,749,2871,176.33333333333334,5.510416666666667,0.1322,19.037199124726477,94.0115,93.8729,34.62208289794496,0,0.4363,4,4.1853,1.259,0.2003,0.0681,4.2456,4.1678,-0.8222973867440163,-0.762273076592257,183,203,0.9191183624218155,FALSE,-0.6891107689827347,-1.9440219019555456,-0.5988500000000002,-0.6127099999999999,-0.37099114706571035,-0.23656382080646657,0.18685058539319113,0.8619102416570771,0.9663412992258499,0.9663412992258499,0.9053926206244087,0.9503475670307845,0.8331479421579533,0.9503475670307845
687931,Carson Whisenhunt,SFG,2025,24,23.333333333333332,5,102,408,23.333333333333332,4.666666666666666,0.0392,NA,91.337,76.5828,39.21568627450981,0,0.4366,3,5.0143,1.4571,0.1569,0.1176,5.4584,5.4799,-1.4549095669131673,-0.7679000913968237,224,204,0.6441653363797596,FALSE,-2.583242079533876,NA,-0.8662999999999996,-2.3417199999999996,1.5778263766634848,-0.23656382080646657,-0.800788223113677,0.4594594594594595,0.8031496062992126,0.8031496062992126,0.576271186440678,0.7311827956989247,0.40476190476190477,0.7311827956989247
650644,Aaron Civale,3 Tms,2025,30,102,18,435,1747,89,5.666666666666667,0.1264,20.493827160493826,91.5409,89.2711,37.03491700057241,0,0.3399,4,4.8529,1.2647,0.2023,0.0759,4.4481,4.7325,-0.8856727464867521,-0.7737287249018119,189,205,0.8734842071383204,FALSE,-0.8072393883504403,-1.5630534880560307,-0.8459100000000006,-1.0728899999999997,0.6526438940091959,-0.23656382080646657,0.18685058539319113,0.7837837837837838,0.9458581483486735,0.9458581483486735,0.8534440644846116,0.9209277807063785,0.7435897435897436,0.9209277807063785
607625,Seth Lugo,KCR,2025,35,145.33333333333334,26,611,2380,145.33333333333334,5.58974358974359,0.1146,21.337126600284495,92.6483,90.0536,37.26890756302521,0,0.3895,4,4.1491,1.2936,0.2046,0.09,4.5322,4.5306,-0.8886290748205538,-0.7950677166567911,190,206,0.9039385301936873,FALSE,-1.047570027753704,-1.3424958425002411,-0.7351699999999994,-0.9946399999999997,0.7519134371355478,-0.23656382080646657,0.18685058539319113,0.8358413132694938,0.9596774193548387,0.9596774193548387,0.8880597014925373,0.9407114624505929,0.8028909329829172,0.9407114624505929
678394,Brayan Bello,BOS,2025,26,166.66666666666666,28,700,2698,161.66666666666666,5.952380952380952,0.0929,19.213973799126638,93.3395,97.5109,37.916975537435135,0,0.498,5,3.348,1.236,0.1771,0.0843,4.5502,4.3862,-0.911133674941454,-0.8217011222719987,192,207,0.9143292186073848,FALSE,-1.4895340002156368,-1.8977880209164821,-0.6660499999999999,-0.24890999999999935,1.0268536358346811,-0.23656382080646657,1.1744893939000594,0.8536585365853658,0.9642601858470335,0.9642601858470335,0.8999332888592395,0.9473314606741573,0.8235294117647058,0.9473314606741573
641793,Zack Littell,2 Tms,2025,29,186.66666666666666,32,759,2789,186.66666666666666,5.833333333333333,0.1291,20.276497695852534,87.7588,92.1548,33.022588741484405,0,0.4031,4,3.8089,1.1036,0.1713,0.0422,4.3973,4.3513,-0.8888228508276508,-0.8218387615741413,191,208,0.9185774679764259,FALSE,-0.7522484793344398,-1.619894122318852,-1.2241200000000005,-0.7845200000000006,-1.0495700285415002,-0.23656382080646657,0.18685058539319113,0.863481228668942,0.965385946694358,0.965385946694358,0.9028811913240531,0.9489622320517183,0.834983498349835,0.9489622320517183
608337,Lucas Giolito,BOS,2025,30,145,26,613,2372,145,5.576923076923077,0.106,22.282608695652176,92.1427,93.403,36.42495784148398,0,0.3782,3,3.4138,1.2897,0.1974,0.0914,4.654,4.5913,-0.9225290190454293,-0.8235868938144416,195,209,0.9039374306058169,FALSE,-1.2227262564713361,-1.09521321069722,-0.7857299999999995,-0.6596999999999994,0.3938712050010328,-0.23656382080646657,-0.800788223113677,0.8362892223738063,0.959546925566343,0.959546925566343,0.8877245508982036,0.9405233941316415,0.8034076015727392,0.9405233941316415
471911,Carlos Carrasco,2 Tms,2025,38,45.666666666666664,9,212,779,40.666666666666664,5.0740740740740735,0.0802,22.594142259414227,80.345,88.3793,39.40949935815148,0,0.3585,5,7.0949,1.708,0.1604,0.0802,4.9617000000000004,4.9911,-1.1288805662854766,-0.8240496406892952,209,210,0.7708135990281738,FALSE,-1.7481949426242336,-1.0137343123452678,-1.9655,-1.16207,1.660050788038621,-0.23656382080646657,1.1744893939000594,0.6385542168674698,0.8862343572241184,0.8862343572241184,0.7219647822057461,0.8385360602798708,0.585635359116022,0.8385360602798708
592866,Trevor Williams,WSN,2025,33,82.66666666666667,17,373,1448,82.66666666666667,4.862745098039216,0.118,19.82248520710059,90.4986,94.4492,36.32596685082873,0,0.3297,3,6.2056,1.5363,0.1743,0.0563,4.592,4.5606,-0.9771738262114396,-0.8406271217199168,199,211,0.8544610085745071,FALSE,-0.9783222164002212,-1.7386371462640706,-0.9501400000000004,-0.5550799999999996,0.3518746803849842,-0.23656382080646657,-0.800788223113677,0.7565922920892495,0.9354005167958657,0.9354005167958657,0.8283752860411899,0.9061326658322904,0.7131931166347992,0.9061326658322904
608372,Tomoyuki Sugano,BAL,2025,35,157,30,675,2568,157,5.233333333333333,0.1037,18.024032042723633,87.7575,98.6068,36.91588785046729,0,0.4023,5,4.6433,1.3312,0.157,0.0533,4.689,4.6976,-0.9535148482259391,-0.8688747320334557,197,212,0.911042588116619,FALSE,-1.2695703641516332,-2.2090069542599164,-1.2242500000000007,-0.1393199999999993,0.6021462618577412,-0.23656382080646657,1.1744893939000594,0.8490566037735849,0.9625187406296851,0.9625187406296851,0.895397489539749,0.9448123620309051,0.8181818181818182,0.9448123620309051
801403,Chase Dollander,COL,2025,23,98,21,441,1778,98,4.666666666666667,0.0748,22.06896551724138,97.4082,95.1345,38.863892013498315,0,0.4272,3,6.5204,1.551,0.1859,0.1111,4.9906,4.9703,-1.0342039221317665,-0.8692791554223916,205,213,0.8751173759376417,FALSE,-1.8581767606562352,-1.151089728806893,-0.25918000000000063,-0.4865499999999997,1.428579094213243,-0.23656382080646657,-0.800788223113677,0.786096256684492,0.946751863684771,0.946751863684771,0.8556304138594802,0.9221991701244814,0.7461928934010152,0.9221991701244814
615698,Cal Quantrill,2 Tms,2025,30,117.66666666666667,26,513,2006,117.66666666666667,4.5256410256410255,0.0975,21.116138763197586,88.3681,89.0326,37.387836490528414,0,0.3385,5,6.0425,1.4533,0.1657,0.0682,4.8434,4.8852,-0.9999719560813584,-0.8702914572922247,202,214,0.888567637677969,FALSE,-1.3958457848550425,-1.4002932923081692,-1.1631900000000002,-1.0967399999999998,0.8023685502563255,-0.23656382080646657,1.1744893939000594,0.8104265402843602,0.9525166191832859,0.9525166191832859,0.8699045967042498,0.9304267161410018,0.7737556561085973,0.9304267161410018
663436,Davis Martin,CHW,2025,28,142.66666666666666,25,601,2311,136.66666666666666,5.706666666666666,0.0932,21.06969205834684,92.8477,92.4731,36.65080051925573,0,0.4535,4,4.1005,1.2897,0.173,0.0799,4.6843,4.5742,-0.9995874814946188,-0.8852765969949342,201,215,0.9020110716505222,FALSE,-1.4834238992138589,-1.412441024634718,-0.7152299999999997,-0.7526899999999997,0.4896840412360688,-0.23656382080646657,0.18685058539319113,0.8335644937586685,0.9585234342596433,0.9585234342596433,0.8851014936805821,0.9390491670052824,0.800266311584554,0.9390491670052824
571760,Andrew Heaney,2 Tms,2025,34,122.33333333333333,23,536,2085,117,5.318840579710145,0.0858,20.397350993377483,90.1881,92.9055,36.21103117505995,0,0.3671,5,5.5177,1.3815,0.1604,0.0746,4.8995,4.9346,-1.0274349809058017,-0.8961945006185758,204,216,0.8924095351977028,FALSE,-1.6341397239243798,-1.5882859917995522,-0.9811899999999995,-0.7094499999999997,0.303113688048865,-0.23656382080646657,1.1744893939000594,0.8170731707317073,0.954233409610984,0.954233409610984,0.8742138364779874,0.9328859060402684,0.7813411078717201,0.9328859060402684
671106,Logan Allen,CLE,2025,26,156.66666666666666,29,676,2709,155.66666666666666,5.402298850574712,0.0888,19.734904270986746,91.5388,91.9537,38.39055001845699,0,0.444,5,4.2511,1.3979,0.1805,0.0917,4.7861,4.7201,-1.0351913908235943,-0.929241435386779,206,217,0.9131165373369836,FALSE,-1.5730387139066009,-1.7615431795820065,-0.8461200000000005,-0.8046300000000002,1.2277656806391495,-0.23656382080646657,1.1744893939000594,0.8492462311557789,0.9644001423994304,0.9644001423994304,0.9002991026919243,0.9475341028331584,0.8184019370460048,0.9475341028331584
691951,Sam Aldegheri,LAA,2025,23,13.666666666666666,2,73,304,9.333333333333334,6.833333333333333,0.0274,17.77777777777778,91.2347,81.4952,42.76315789473684,0,0.4043,4,7.9024,2.1951,0.1644,0.137,5.553,6.7084,-1.8149025700176562,-0.931062280456274,236,218,0.5790087719777712,FALSE,-2.8235727189371396,-2.273412618869407,-0.8765299999999996,-1.8504800000000003,3.0828267634405337,-0.23656382080646657,0.18685058539319113,0.37823834196891193,0.7524752475247525,0.7524752475247525,0.5033112582781457,0.6696035242290749,0.3273542600896861,0.6696035242290749
688138,Logan Evans,SEA,2025,24,81.33333333333333,15,350,1340,78.33333333333333,5.422222222222222,0.08,18.99441340782123,91.3779,91.7829,37.38805970149254,0,0.4,5,4.3156,1.3893,0.1686,0.0886,4.9265,4.8709,-1.1445127227388368,-0.9410878546897382,211,219,0.8459318358610648,FALSE,-1.7522683432920854,-1.9552121346757052,-0.8622100000000004,-0.8217100000000002,0.8024632465987632,-0.23656382080646657,1.1744893939000594,0.7446808510638298,0.9305555555555556,0.9305555555555556,0.8170731707317073,0.8993288590604027,0.7,0.8993288590604027
489119,Wade Miley,CIN,2025,38,12,2,55,205,10,6,0.0182,11.904761904761905,94.8632,84.9119,40,0,0.375,NA,6.75,1.75,0.1273,0.1091,5.6993,5.6456,-2.1199714313697857,-0.9930595617193586,240,220,0.49824440911695794,FALSE,-3.010949149658328,-3.8094489212126175,-0.5136799999999994,-1.5088099999999998,1.9105682803581914,-0.23656382080646657,NA,0.3142857142857143,0.6721311475409836,0.6721311475409836,0.40594059405940597,0.5774647887323944,0.2682926829268293,0.5774647887323944
571945,Miles Mikolas,STL,2025,36,156.33333333333334,31,669,2483,156.33333333333334,5.043010752688172,0.0942,17.681159420289855,89.0777,93.6827,33.95086588803866,0,0.4019,5,4.8358,1.3177,0.1495,0.0553,4.8323,4.8325,-1.1301970644137111,-1.0236047247709192,210,221,0.9093704860216507,FALSE,-1.463056895874599,-2.2986823112698826,-1.0922300000000007,-0.6317300000000003,-0.6557522297930375,-0.23656382080646657,1.1744893939000594,0.8479087452471483,0.9612853271389856,0.9612853271389856,0.892202659001078,0.9430307633877706,0.8168498168498168,0.9430307633877706
676106,Emerson Hancock,SEA,2025,26,90,16,385,1423,81.33333333333333,5.625,0.0857,19.476268412438625,90.0385,87.8503,35.20730850316233,0,0.4296,4,4.9,1.3778,0.1662,0.0805,4.7604,4.6088,-1.265727882309634,-1.0629660130655847,218,222,0.855121336263232,FALSE,-1.636176424258306,-1.829187142480682,-0.9961500000000001,-1.2149699999999997,-0.12271156755279464,-0.23656382080646657,0.18685058539319113,0.7623762376237624,0.9343401181877873,0.9343401181877873,0.8258850841555426,0.9046408137317228,0.719626168224299,0.9046408137317228
573186,Marcus Stroman,NYY,2025,34,39,9,175,705,39,4.333333333333333,0.0571,18.7192118226601,86.0917,89.5302,38.297872340425535,0,0.4651,4,6.2308,1.5385,0.1486,0.0914,5.1218,5.0049,-1.4943723074093083,-1.0661419986047735,227,223,0.7476928595438032,FALSE,-2.21867271976113,-2.0271887195189575,-1.3908299999999998,-1.0469800000000007,1.1884475531909544,-0.23656382080646657,0.18685058539319113,0.5932203389830508,0.8757763975155279,0.8757763975155279,0.7014925373134329,0.8245614035087719,0.5384615384615384,0.8245614035087719
621111,Walker Buehler,2 Tms,2025,30,126,24,565,2191,120,5.25,0.0549,19.395866454689983,96.0877,91.7378,38.38429940666362,0,0.4271,5,4.9286,1.5159,0.1628,0.108,5.1868,5.0899,-1.2301323724143876,-1.067196626594108,214,224,0.8970207516365669,FALSE,-2.263480127107501,-1.8502155763469708,-0.3912300000000002,-0.8262200000000007,1.225113884043237,-0.23656382080646657,1.1744893939000594,0.8248175182481752,0.9563509384548232,0.9563509384548232,0.8795664391810518,0.9359248184536523,0.7902097902097902,0.9359248184536523
592836,Taijuan Walker,PHI,2025,32,123.66666666666667,21,538,2062,103.66666666666667,5.888888888888889,0.0818,19.866071428571427,86.2752,91.5447,37.53637245392822,0,0.4478,4,4.0755,1.407,0.1599,0.0781,4.7926,4.7302,-1.2306811085469092,-1.0826645822596814,215,225,0.892066301153608,FALSE,-1.7156077372814182,-1.727237548526087,-1.3724800000000001,-0.8455299999999994,0.8653843277730197,-0.23656382080646657,0.18685058539319113,0.817629179331307,0.9537465309898242,0.9537465309898242,0.8729889923793396,0.9321880650994575,0.7819767441860465,0.9321880650994575
680730,Mitchell Parker,WSN,2025,25,164.66666666666666,30,725,2707,158.33333333333334,5.488888888888889,0.0621,20.38140643623361,92.1725,94.1147,34.13372737347617,0,0.3694,4,5.6842,1.4332,0.1421,0.08,5.2011,5.0829,-1.2329335819798253,-1.1065956058433621,216,226,0.915790955547201,FALSE,-2.116837703064832,-1.5924561522634972,-0.7827500000000001,-0.5885300000000001,-0.5781739893524672,-0.23656382080646657,0.18685058539319113,0.8579881656804734,0.9643747773423584,0.9643747773423584,0.900232790156302,0.9474973748687434,0.8285714285714286,0.9474973748687434
543294,Kyle Hendricks,LAA,2025,35,164.66666666666666,31,695,2574,164.66666666666666,5.311827956989247,0.1022,16.847826086956523,97.6537,92.6776,33.333333333333336,0,0.3849,3,4.7551,1.2753,0.164,0.0619,4.7295,4.7316,-1.2116822568944436,-1.1070276534455679,213,227,0.9122764764946999,FALSE,-1.3001208691605226,-2.5166334082239867,-0.23462999999999995,-0.7322400000000002,-0.917737901046824,-0.23656382080646657,-0.800788223113677,0.852760736196319,0.9626028421839941,0.9626028421839941,0.8956158663883089,0.9449339207048458,0.8224852071005917,0.9449339207048458
685299,Tanner Gordon,COL,2025,27,75.33333333333333,15,337,1245,75.33333333333333,5.022222222222222,0.1335,14.598540145985401,88.5123,90.7142,32.44979919678715,0,0.3452,3,6.3319,1.5,0.184,0.0504,4.3663,4.3321,-1.2756639274663304,-1.1126924896042172,219,228,0.8387831891534402,FALSE,-0.6626336646416974,-3.104914614061707,-1.1487700000000003,-0.9285799999999995,-1.2925736600282134,-0.23656382080646657,-0.800788223113677,0.737417943107221,0.9256505576208178,0.9256505576208178,0.8058252427184466,0.8924731182795699,0.6919917864476386,0.8924731182795699
594902,Ben Lively,CLE,2025,33,44.666666666666664,9,178,720,44.666666666666664,4.962962962962963,0.0787,16.224188790560472,90.4925,89.3411,36.111111111111114,0,0.291,3,3.2239,1.1866,0.1629,0.0843,5.2992,5.2603,-1.5346419883561966,-1.141496033448619,229,229,0.7510215272543955,FALSE,-1.7787454476331228,-2.6797403276452,-0.9507499999999993,-1.0658900000000002,0.2607230078719332,-0.23656382080646657,-0.800788223113677,0.5973154362416108,0.8780487804878049,0.8780487804878049,0.7058823529411765,0.8275862068965517,0.5426829268292683,0.8275862068965517
808963,Roki Sasaki,LAD,2025,23,36.333333333333336,8,161,624,34.333333333333336,4.541666666666667,0.0373,20.392156862745097,90.8391,84.3006,41.02564102564103,0,0.3889,2,4.4587,1.4312,0.1739,0.1366,5.5226,5.5251,-1.7313218994742974,-1.1773763375760533,235,230,0.7288747580416899,FALSE,-2.62193938587847,-1.5896444715624138,-0.9160899999999998,-1.5699399999999997,2.3456923082666568,-0.23656382080646657,-1.7884270316205453,0.5729537366548043,0.861878453038674,0.861878453038674,0.6753246753246753,0.8062015503875969,0.5176848874598071,0.8062015503875969
663559,Bailey Falter,2 Tms,2025,28,125.33333333333333,24,518,1952,121.33333333333333,5.222222222222222,0.0676,17.91483113069016,93.366,94.5757,36.16803278688525,0,0.3549,3,4.4521,1.2846,0.1564,0.0888,5.1778,5.0342,-1.381249517522295,-1.2101627262426065,221,231,0.8877084718004845,FALSE,-2.0048191846989045,-2.237567504539217,-0.6634,-0.5424300000000002,0.2848717969891207,-0.23656382080646657,-0.800788223113677,0.8119122257053292,0.9512670565302144,0.9512670565302144,0.866785079928952,0.928639391056137,0.7754491017964071,0.928639391056137
663623,Jake Irvin,WSN,2025,28,180,33,787,2947,180,5.454545454545454,0.0788,17.391304347826086,92.5929,94.113,35.49372242958941,0,0.4281,3,5.7,1.4278,0.1576,0.0788,4.9229,4.8179,-1.3570001163569325,-1.245274149653783,220,232,0.92181586765836665,FALSE,-1.776708747299197,-2.3744913884713106,-0.74071,-0.5887,-0.0012016257696656697,-0.23656382080646657,-0.800788223113677,0.8676957001102535,0.9671808336068264,0.9671808336068264,0.9076070218663381,0.951566031643526,0.83991462113127,0.951566031643526
596295,Austin Gomber,COL,2025,31,57.666666666666664,12,272,999,57.666666666666664,4.805555555555555,0.0625,16.07843137254902,90.2051,88.7215,33.933933933933936,0,0.3318,4,7.4913,1.7168,0.125,0.0625,5.4362,5.6728,-1.5937717395801285,-1.2671258182794014,232,233,0.809200029231186,FALSE,-2.108690901729128,-2.717861914618953,-0.9794899999999999,-1.1278499999999994,-0.6629355423616874,-0.23656382080646657,0.18685058539319113,0.6938775510204082,0.9090081892629663,0.9090081892629663,0.76905311778291,0.8694516971279374,0.6445497630331753,0.8694516971279374
500779,Jose Quintana,MIL,2025,36,131.66666666666666,24,556,2177,131.66666666666666,5.486111111111111,0.0701,17.330677290836654,85.7898,91.376,38.95268718419844,0,0.4328,4,3.9646,1.2911,0.1601,0.0899,5.0375,4.9216,-1.448788675535276,-1.2856048091670347,223,234,0.8960214483342924,FALSE,-1.9539016763507555,-2.3903478687624458,-1.42102,-0.8623999999999995,1.466250083738754,-0.23656382080646657,0.18685058539319113,0.8224852071005917,0.956082564778217,0.956082564778217,0.878885748889786,0.9355393210141814,0.7875354107648725,0.9355393210141814
686799,Jack Kochanowicz,LAA,2025,24,111,23,512,1862,111,4.826086956521739,0.0273,21.709633649932158,92.5289,85.5545,38.50698174006445,0,0.5187,4,6.8108,1.7477,0.1406,0.1133,5.352,5.178,-1.5290079376861068,-1.2970463893672524,228,235,0.884819700793025,FALSE,-2.825609419271066,-1.2450698583876272,-0.7471100000000007,-1.4445499999999996,1.2771613643292483,-0.23656382080646657,0.18685058539319113,0.810126582278481,0.9490316004077471,0.9490316004077471,0.8612395929694727,0.9254473161033797,0.7734138972809668,0.9254473161033797
681190,Randy Vásquez,SDP,2025,26,133.66666666666666,26,570,2149,129,5.1410256410256405,0.0456,15.428571428571429,93.6618,95.1422,36.621684504420664,0,0.4014,5,3.8379,1.3242,0.1368,0.0912,5.4277,5.5068,-1.4809949867191274,-1.3042496439734306,225,236,0.8965478161905815,FALSE,-2.4528932581626153,-2.8878271398066913,-0.63382,-0.48577999999999977,0.47733169052568314,-0.23656382080646657,1.1744893939000594,0.8260869565217391,0.9555357936860827,0.9555357936860827,0.8775010208248265,0.9347542409743367,0.7916666666666666,0.9347542409743367
687223,Carson Palmquist,COL,2025,24,34.333333333333336,7,175,705,30.666666666666668,4.904761904761905,0.0114,18.076923076923077,93.1986,84.5653,40.851063829787236,0,0.3162,3,8.9126,2.0388,0.1543,0.1429,6.0025,6.5685,-1.9156023504241901,-1.3291462887156837,237,237,0.7476928595438032,FALSE,-3.1494447723652934,-2.1951737635525492,-0.6801400000000001,-1.5434700000000006,2.2716286439418116,-0.23656382080646657,-0.800788223113677,0.5932203389830508,0.8757763975155279,0.8757763975155279,0.7014925373134329,0.8245614035087719,0.5384615384615384,0.8245614035087719
608566,Germán Márquez,COL,2025,30,126.33333333333333,26,591,2087,126.33333333333333,4.858974358974359,0.0592,19.43699731903485,85.5758,85.1872,37.47005270723527,0,0.3705,4,6.6966,1.7098,0.1404,0.0812,5.2638,5.349,-1.5349827534939346,-1.353099524368508,230,238,0.8967937218982586,FALSE,-2.175902012748685,-1.8394581559438092,-1.4424199999999998,-1.4812799999999995,0.8372484453448849,-0.23656382080646657,0.18685058539319113,0.8312236286919831,0.9542752629172382,0.9542752629172382,0.8743192291579388,0.9329459097004917,0.7975708502024291,0.9329459097004917
607200,Erick Fedde,3 Tms,2025,32,141,24,623,2372,120.66666666666667,5.875,0.0257,16.949152542372882,88.5095,94.9256,39.16526138279932,0,0.4039,4,5.4894,1.5177,0.1332,0.1075,5.597,5.4263,-1.6633120420653584,-1.4747743788296732,233,239,0.9046155183930359,FALSE,-2.858196624613881,-2.4901323536938267,-1.1490499999999997,-0.5074399999999997,1.5564338217252685,-0.23656382080646657,0.18685058539319113,0.8384925975773889,0.959546925566343,0.959546925566343,0.8877245508982036,0.9405233941316415,0.8059508408796895,0.9405233941316415
622608,Antonio Senzatela,COL,2025,30,130,23,618,2286,108,5.6521739130434785,0.0421,17.16216216216216,85.3294,93.0184,38.58267716535433,0,0.4557,3,6.6462,1.8385,0.1181,0.0761,5.2224,5.1907,-1.7023341332820876,-1.5185997042518862,234,240,0.902728798164392,FALSE,-2.5241777698500236,-2.4344215373400067,-1.4670599999999994,-0.69816,1.3092748402169685,-0.23656382080646657,-0.800788223113677,0.8373983739837398,0.9580888516345348,0.9580888516345348,0.8839907192575406,0.9384236453201971,0.8046875,0.9384236453201971
687134,Bradley Blalock,COL,2025,24,58.666666666666664,12,275,1033,55.666666666666664,4.888888888888888,0.0145,13.756613756613756,91.1765,91.7677,38.33494675701839,0,0.4027,4,9.358,1.8409,0.0982,0.0836,5.7637,5.6729,-1.9467570481314127,-1.5339639504717526,238,241,0.8125842890292146,FALSE,-3.086307062013588,-3.325113150203497,-0.8823499999999995,-0.8232299999999995,1.2041762234341893,-0.23656382080646657,0.18685058539319113,0.6962025316455697,0.911738746690203,0.911738746690203,0.7749437359339835,0.8732037193575655,0.6470588235294118,0.8732037193575655
