player_id,player_name,team,season,age,ip,gs,tbf,pitches,start_ip,ip_per_gs,k_minus_bb_pct,whiff_pct,stuff_plus_raw,pitching_plus_raw,ball_pct,high_gb_flag,gb_pct,arsenal_breadth,era,whip,k_pct,bb_pct,siera,xfip,sp_skillz_score,sp_skillz_score_stabilized,sp_skillz_rank,sp_skillz_rank_stabilized,sp_skillz_reliability,sp_skillz_starter_pool,k_minus_bb_pct_z,whiff_pct_z,stuff_plus_z,pitching_plus_z,ball_pct_z,high_gb_flag_z,arsenal_breadth_z,k_minus_bb_pct_rel,whiff_pct_rel,stuff_plus_rel,pitching_plus_rel,ball_pct_rel,high_gb_flag_rel,arsenal_breadth_rel
594798,Jacob deGrom,NYM,2021,33,92,15,324,1226,92,6.133333333333334,0.4167,41.72767203513909,122.9236,134.5029,30.179445350734095,0,0.4398,2,1.0761,0.5543,0.4506,0.034,1.7433,1.6148,3.1591851812184557,2.5349308465597704,1,1,0.835404116670245,TRUE,4.9605904377990235,3.866025732118232,2.2923599999999995,3.450290000000001,-2.2286417756184886,-0.2205101100283354,-1.8636237617018787,0.7297297297297297,0.9245852187028658,0.9245852187028658,0.8034076015727392,0.8909883720930233,0.6835443037974683,0.8909883720930233
669203,Corbin Burnes,MIL,2021,26,167,28,657,2594,167,5.964285714285714,0.3044,37.333333333333336,131.969,128.1288,33.61603700848111,0,0.4881,2,2.4251,0.9401,0.3562,0.0518,2.6107,2.3012,2.195252538604448,1.978714955879146,2,2,0.9103507133270391,TRUE,2.718259209425052,2.749199353658271,3.1968999999999994,2.812880000000001,-0.7256547343982432,-0.2205101100283354,-1.8636237617018787,0.8455598455598455,0.9628804751299184,0.9628804751299184,0.8963372494816862,0.9453352769679301,0.8141263940520446,0.9453352769679301
543037,Gerrit Cole,NYY,2021,30,181.33333333333334,30,726,2969,181.33333333333334,6.044444444444445,0.2782,31.887052341597798,118.3818,123.4952,33.47928595486696,0,0.4305,4,3.2261,1.0588,0.3347,0.0565,2.9336,2.9332,1.7045476859975255,1.5451483013889769,4,3,0.9191142123042455,TRUE,2.1951151472398513,1.3650205980298458,1.83818,2.3495199999999996,-0.7854625561951528,-0.2205101100283354,0.7247425739951752,0.8581560283687943,0.9674160964483545,0.9674160964483545,0.9082288161517283,0.9519076627124078,0.8287671232876712,0.9519076627124078
607192,Tyler Glasnow,TBR,2021,27,88,14,340,1339,88,6.285714285714286,0.2824,36.986301369863014,116.0139,117.3252,34.42867811799851,0,0.4526,3,2.6591,0.9318,0.3618,0.0794,2.9157,2.6985,1.7536479681259143,1.456602188405044,3,4,0.844215234217104,TRUE,2.278977935834425,2.6610007696908715,1.6013900000000008,1.7325199999999996,-0.37024763969318786,-0.2205101100283354,-0.5694405938533518,0.7391304347826086,0.9305072967338429,0.9305072967338429,0.8169615619280048,0.8992612491605104,0.6938775510204082,0.8992612491605104
453286,Max Scherzer,2 Tms,2021,36,179.33333333333334,30,693,2821,179.33333333333334,5.977777777777778,0.2886,34.2436974789916,110.9919,109.6762,33.6760014179369,0,0.335,3,2.4591,0.8643,0.3405,0.0519,2.9017,3.2359,1.438411598989748,1.2917229135560648,5,5,0.9155562484225016,TRUE,2.4027753856645115,1.9639647470161876,1.0991900000000001,0.9676199999999995,-0.6994294102043385,-0.2205101100283354,-0.5694405938533518,0.8523985239852399,0.9657651489216021,0.9657651489216021,0.9038769625120153,0.9495119488387749,0.8220640569395018,0.9495119488387749
607074,Carlos Rodón,CHW,2021,28,132.66666666666666,24,534,2219,132.66666666666666,5.527777777777778,0.279,33.184656556645855,111.6597,111.6522,34.114465975664714,0,0.3767,3,2.3744,0.9573,0.3464,0.0674,2.9575,3.1715,1.3676948010283403,1.1939965776228643,6,6,0.8950344078489902,TRUE,2.2110890117340563,1.6948082440233112,1.1659700000000002,1.1652199999999993,-0.507667742269864,-0.2205101100283354,-0.5694405938533518,0.8165137614678899,0.956877964639931,0.956877964639931,0.8809051210797936,0.9366821443647109,0.7807017543859649,0.9366821443647109
477132,Clayton Kershaw,LAD,2021,33,121.66666666666667,22,488,1806,121.66666666666667,5.53030303030303,0.252,34.71615720524017,115.7684,113.3171,33.1672203765227,0,0.4854,3,3.5507,1.0192,0.2951,0.043,3.0955,2.8739,1.3482605266701169,1.1793807325063816,7,7,0.8809665273094813,TRUE,1.6719710850546505,2.0840409452431357,1.57684,1.3317099999999997,-0.9219438629587894,-0.2205101100283354,-0.5694405938533518,0.8026315789473685,0.9475341028331584,0.9475341028331584,0.8575498575498576,0.9233128834355828,0.7648902821316614,0.9233128834355828
554430,Zack Wheeler,PHI,2021,31,213.33333333333334,32,849,3205,213.33333333333334,6.666666666666667,0.2367,26.75886951292844,119.2207,120.6283,32.4804992199688,0,0.4981,4,2.7844,1.0078,0.2909,0.0542,3.1786,2.8378,1.1107008291301586,1.0143877411497726,8,8,0.9272122398632713,TRUE,1.3664709266029873,0.061686866774708575,1.9220699999999993,2.0628299999999995,-1.222280097816831,-0.2205101100283354,0.7247425739951752,0.8761609907120743,0.9697428139183056,0.9697428139183056,0.9144079885877318,0.9552906110283159,0.8498498498498499,0.9552906110283159
642547,Freddy Peralta,MIL,2021,25,144.33333333333334,27,580,2356,142.33333333333334,5.34567901234568,0.2397,34.171322160148975,105.1929,108.0314,37.64855687606112,0,0.3301,3,2.806,0.97,0.3362,0.0966,3.405,3.6575,1.0388125576332896,0.9274652469213914,10,9,0.901284893569561,TRUE,1.4263729184562546,1.9455704741305593,0.5192899999999995,0.8031400000000005,1.0379604134105438,-0.2205101100283354,-0.5694405938533518,0.8285714285714286,0.9592833876221498,0.9592833876221498,0.8870481927710844,0.9401436552274541,0.7945205479452054,0.9401436552274541
669456,Shane Bieber,CLE,2021,26,96.66666666666667,16,405,1559,96.66666666666667,6.041666666666667,0.2494,36.54618473895582,102.2953,101.63720000000001,34.76587556125722,0,0.4402,3,3.1655,1.2103,0.3309,0.0815,3.2065,2.9148,1.0562766531905774,0.9047733498555275,9,10,0.8633836305108186,TRUE,1.6200560254484857,2.5491446073986723,0.22952999999999973,0.1637200000000007,-0.22277495802966618,-0.2205101100283354,-0.5694405938533518,0.7714285714285715,0.9397227245328511,0.9397227245328511,0.8386229155459924,0.9122293739028672,0.7297297297297297,0.9122293739028672
605540,Brandon Woodruff,MIL,2021,28,179.33333333333334,30,708,2810,179.33333333333334,5.977777777777778,0.2373,28.2033426183844,109.6075,116.6492,31.743772241992882,0,0.4146,4,2.5595,0.9647,0.298,0.0607,3.3061,3.0504,0.9995165998663673,0.8967939654505394,11,11,0.9162434846781117,TRUE,1.3784513249736412,0.42880141497425256,0.9607500000000002,1.6649199999999993,-1.5444862867072158,-0.2205101100283354,0.7247425739951752,0.855072463768116,0.9656357388316151,0.9656357388316151,0.9035369774919614,0.9493243243243243,0.8251748251748252,0.9493243243243243
656302,Dylan Cease,CHW,2021,25,165.66666666666666,32,708,2957,165.66666666666666,5.177083333333333,0.2232,34.562545191612436,107.5853,106.9815,37.74095366925938,0,0.3325,3,3.9115,1.2495,0.3192,0.096,3.5665,3.7211,0.9603459067495215,0.8832711829532369,12,12,0.918022600639356,TRUE,1.0969119632632849,2.04500027029532,0.7585300000000004,0.6981499999999997,1.0783699809872562,-0.2205101100283354,-0.5694405938533518,0.855072463768116,0.9672881910369644,0.9672881910369644,0.907890696960393,0.9517219182491149,0.8251748251748252,0.9517219182491149
605400,Aaron Nola,PHI,2021,28,180.66666666666666,32,749,2971,180.66666666666666,5.645833333333333,0.2457,27.926078028747433,108.7158,109.7883,32.44698754628072,0,0.4051,4,4.6328,1.1292,0.2977,0.0521,3.2625,3.3735,0.9007330164959896,0.8081743934459805,14,13,0.9202992440219125,TRUE,1.5461769021627891,0.35833429158383323,0.8715800000000001,0.9788300000000006,-1.2369363666724122,-0.2205101100283354,0.7247425739951752,0.8619102416570771,0.9674373168349072,0.9674373168349072,0.9082849281565271,0.9519384812560077,0.8331479421579533,0.9519384812560077
657277,Logan Webb,SFG,2021,24,148.33333333333334,26,596,2214,147.33333333333334,5.705128205128205,0.2047,28.709990300678953,111.7948,109.9308,34.914182475158086,1,0.6093,3,3.0337,1.1056,0.2651,0.0604,3.1336,2.786,0.9026615272807678,0.777911560504487,13,14,0.8998091613608409,TRUE,0.7275163468348032,0.5575665226660287,1.1794799999999994,0.9930800000000005,-0.1579132019889431,4.504706533435995,-0.5694405938533518,0.8324022346368715,0.9567847882454624,0.9567847882454624,0.8806682577565632,0.9365482233502538,0.7989276139410187,0.9365482233502538
592662,Robbie Ray,TOR,2021,29,193.33333333333334,32,773,3141,193.33333333333334,6.041666666666667,0.2536,32.291666666666664,104.558,106.0059,33.97007322508755,0,0.3718,2,2.8397,1.0448,0.3208,0.0673,3.2115,3.3626,0.8544801076299706,0.7682892696945,16,15,0.9232938496886742,TRUE,1.7039188140430594,1.467853807302948,0.4558000000000007,0.6005899999999997,-0.5708176461795698,-0.2205101100283354,-1.8636237617018787,0.8656215005599104,0.9691453255168158,0.9691453255168158,0.9128160418482999,0.9544211485870556,0.8374864572047671,0.9544211485870556
663556,Shane McClanahan,TBR,2021,24,123.33333333333333,25,517,1954,123.33333333333333,4.933333333333334,0.2012,32.142857142857146,111.4746,113.6311,33.21392016376663,0,0.4548,3,3.4297,1.273,0.2727,0.0716,3.6238,3.2341,0.8372873870334033,0.7481096318641218,17,16,0.887668020932404,TRUE,0.657630689672658,1.430033690822568,1.1474599999999995,1.3631100000000003,-0.9015197968940462,-0.2205101100283354,-0.5694405938533518,0.8116169544740973,0.9513145082765336,0.9513145082765336,0.8669032830523514,0.9287072243346007,0.775112443778111,0.9287072243346007
545333,Trevor Bauer,LAD,2021,30,107.66666666666667,17,432,1787,107.66666666666667,6.333333333333334,0.2315,30.269607843137255,106.1089,106.2206,36.5976496922216,0,0.3347,4,2.5913,1.0031,0.3171,0.0856,3.4846,3.6898,0.8564549990273101,0.7336323104360346,15,17,0.8743232445667849,TRUE,1.2626408073906576,0.9539451657165894,0.6108900000000006,0.6220600000000005,0.5783480892999854,-0.2205101100283354,0.7247425739951752,0.782608695652174,0.9470058293587705,0.9470058293587705,0.8562529947292765,0.9225606608156943,0.7422680412371134,0.9225606608156943
608337,Lucas Giolito,CHW,2021,26,178.66666666666666,31,720,2970,178.66666666666666,5.763440860215053,0.2069,32.2,107.4551,110.0439,34.98316498316498,0,0.3319,3,3.5261,1.1026,0.2792,0.0722,3.7191,3.7524,0.7712007991689823,0.7095420713985674,18,18,0.9188122169735639,TRUE,0.771444474193866,1.4445566155510343,0.7455100000000001,1.0043899999999994,-0.12774382897905534,-0.2205101100283354,-0.5694405938533518,0.8571428571428571,0.9674267100977199,0.9674267100977199,0.908256880733945,0.9519230769230769,0.8275862068965517,0.9519230769230769
543135,Nathan Eovaldi,BOS,2021,31,182.33333333333334,32,764,2927,182.33333333333334,5.697916666666667,0.2094,25.943084050297816,109.4918,113.8106,31.021523744448242,0,0.4198,5,3.7514,1.1901,0.2552,0.0458,3.6026,3.4833,0.7464421954234055,0.67779857848456,19,19,0.9205149177598686,TRUE,0.8213628007382554,-0.14564597342162222,0.9491799999999998,1.3810599999999993,-1.8603603388086074,-0.2205101100283354,2.018925741843702,0.8642533936651584,0.9669639907499175,0.9669639907499175,0.9070343972730089,0.951251218719532,0.8358862144420132,0.951251218719532
605397,Joe Musgrove,SDP,2021,28,181.33333333333334,31,748,2938,176.33333333333334,5.849462365591398,0.1992,29.99273783587509,113.5482,106.4794,34.3430905377808,0,0.435,4,3.1765,1.0809,0.2714,0.0722,3.6899,3.6498,0.7108042950701787,0.6596634104687344,20,20,0.9198686375067205,TRUE,0.6176960284371464,0.8835783259034177,1.3548199999999995,0.6479399999999998,-0.40767921049579586,-0.2205101100283354,0.7247425739951752,0.8617511520737328,0.9670836076366031,0.9670836076366031,0.907350216182829,0.9514248704663213,0.8329621380846325,0.9514248704663213
593423,Frankie Montas,OAK,2021,28,187,32,778,3028,187,5.84375,0.1928,29.561805101373448,111.2497,111.1435,33.98282694848085,0,0.428,4,3.369,1.1818,0.2661,0.0733,3.7852,3.6434,0.7074324378184504,0.6570087738166454,21,21,0.9223214195229649,TRUE,0.4899051124835098,0.7740562617449253,1.1249700000000005,1.1143500000000004,-0.5652398287091062,-0.2205101100283354,0.7247425739951752,0.8663697104677061,0.9680306905370843,0.9680306905370843,0.9098557692307693,0.9528005034612964,0.8383620689655172,0.9528005034612964
621121,Lance McCullers Jr.,HOU,2021,27,162.33333333333334,28,684,2788,162.33333333333334,5.797619047619048,0.1594,30.19844693701467,105.8471,106.3766,38.62984218077475,1,0.5645,4,3.1602,1.2197,0.2705,0.1111,4.0152,3.6865,0.678370293569042,0.613220920372026,23,22,0.9146253625453842,TRUE,-0.17700373014953258,0.9358595372601032,0.5847099999999997,0.6376599999999997,1.4671237367282013,4.504706533435995,0.7247425739951752,0.8507462686567164,0.9653739612188366,0.9653739612188366,0.9028497409326425,0.9489448604492853,0.8201438848920863,0.9489448604492853
660271,Shohei Ohtani,LAA,2021,26,130.33333333333334,23,533,2027,130.33333333333334,5.666666666666667,0.2101,28.879753340184994,109.1318,106.9808,36.06314750863345,0,0.4497,4,3.1765,1.0895,0.2927,0.0826,3.6074,3.5489,0.6900687143480164,0.6102676942939884,22,23,0.8908369457778802,TRUE,0.8353399321706846,0.6007119999434121,0.9131799999999999,0.6980800000000003,0.34458454231995683,-0.2205101100283354,0.7247425739951752,0.8162327718223583,0.9529854254818994,0.9529854254818994,0.8710786420283627,0.9310978410656867,0.780380673499268,0.9310978410656867
592332,Kevin Gausman,SFG,2021,30,192,33,775,3002,192,5.818181818181818,0.2284,31.361323155216287,103.3476,107.2352,31.878747501665558,0,0.4186,2,2.8125,1.0417,0.2929,0.0645,3.4208,3.2757,0.639465395213261,0.5752517575779685,24,24,0.9218933428787393,TRUE,1.2007420824756145,1.2314059035057552,0.33476,0.7235200000000006,-1.4854551051247158,-0.2205101100283354,-1.8636237617018787,0.8659217877094972,0.9677627337201805,0.9677627337201805,0.9091459721380981,0.9524111675126904,0.8378378378378378,0.9524111675126904
622491,Luis Castillo,CIN,2021,28,187.66666666666666,33,803,3164,187.66666666666666,5.686868686868687,0.1457,28.864656831302117,108.1313,110.4414,36.21997471554994,1,0.5659,4,3.9805,1.3641,0.2391,0.0934,4.0269,3.6287,0.6100781075554624,0.5594567548358547,27,25,0.9248838340522052,TRUE,-0.4505561596127862,0.5968752043554607,0.8131299999999996,1.04414,0.4131726328412431,4.504706533435995,0.7247425739951752,0.8699891657638137,0.9693627450980392,0.9693627450980392,0.9133949191685913,0.9547374773687387,0.8426023084994754,0.9547374773687387
645261,Sandy Alcantara,MIA,2021,25,205.66666666666666,33,837,3095,205.66666666666666,6.232323232323232,0.1804,27.454545454545453,110.4635,116.4958,32.11631663974152,0,0.5333,4,3.1945,1.0746,0.2401,0.0597,3.6784,3.4461,0.5984909525987968,0.5551526258743719,28,26,0.9256027845057349,TRUE,0.24231021282333862,0.23849373014611408,1.0463499999999997,1.6495800000000003,-1.3815546795047222,-0.2205101100283354,0.7247425739951752,0.8746081504702194,0.9687010954616588,0.9687010954616588,0.9116347569955817,0.9537750385208013,0.8480243161094225,0.9537750385208013
628711,Julio Urías,LAD,2021,24,185.66666666666666,32,745,2786,185.66666666666666,5.802083333333333,0.2107,24.282715185444367,117.1866,118.1865,30.150753768844222,0,0.4016,3,2.9569,1.018,0.2617,0.051,3.6386,3.7257,0.6180392233466927,0.5489896943842966,26,27,0.9178543977324376,TRUE,0.8473203305413378,-0.5676306842223512,1.7186599999999999,1.8186499999999994,-2.241189986190838,-0.2205101100283354,-0.5694405938533518,0.861271676300578,0.9653499653499653,0.9653499653499653,0.9027867790019443,0.9489100817438693,0.8324022346368715,0.9489100817438693
656756,Jordan Montgomery,NYY,2021,28,157.33333333333334,30,661,2570,157.33333333333334,5.2444444444444445,0.1679,29.18918918918919,108.417,109.0185,34.86381322957198,0,0.4266,5,3.8326,1.2775,0.2451,0.0772,4.0659,3.9268,0.5652018878947316,0.5316582407322235,31,28,0.9102376982071606,TRUE,-0.007281419898608527,0.6793554869525104,0.8417000000000001,0.9018500000000003,-0.17994209891107132,-0.2205101100283354,2.018925741843702,0.8463508322663252,0.9625468164794008,0.9625468164794008,0.8954703832752613,0.9448529411764706,0.815043156596794,0.9448529411764706
621111,Walker Buehler,LAD,2021,26,207.66666666666666,33,815,3152,207.66666666666666,6.292929292929292,0.1963,26.451612903225808,112.09,111.2401,32.74111675126903,0,0.4465,4,2.4703,0.9679,0.2601,0.0638,3.7279,3.5719,0.5695289882103558,0.5230258907739073,30,29,0.9252795078953641,TRUE,0.559790769645655,-0.016402763988406538,1.2090000000000003,1.1240099999999997,-1.1082994998089022,-0.2205101100283354,0.7247425739951752,0.8716577540106952,0.9692496924969249,0.9692496924969249,0.9130938586326767,0.9545729860690491,0.844559585492228,0.9545729860690491
506433,Yu Darvish,SDP,2021,34,166.33333333333334,30,681,2769,166.33333333333334,5.544444444444445,0.2276,27.33485193621868,106.0671,108.0557,34.236186348862404,0,0.3703,3,4.2204,1.0942,0.2922,0.0646,3.4892,3.7517,0.5883883848019629,0.5165692161829786,29,30,0.9142063595126947,TRUE,1.18476821798141,0.2080734808960757,0.6067099999999996,0.8055700000000001,-0.45443356090990705,-0.2205101100283354,-0.5694405938533518,0.850187265917603,0.9651446497037295,0.9651446497037295,0.9022482893450635,0.9486125385405961,0.8194945848375451,0.9486125385405961
656557,Tanner Houck,BOS,2021,25,69,13,285,1149,58.666666666666664,5.3076923076923075,0.2316,30.91247672253259,101.3841,100.6291,36.29242819843342,0,0.4821,3,3.5217,1.1304,0.3053,0.0737,3.277,3.203,0.6186583328988614,0.4835135709811632,25,31,0.8229659707605158,TRUE,1.264637540452433,1.1173310517668995,0.13841000000000037,0.0629099999999994,0.4448600303298751,-0.2205101100283354,-0.5694405938533518,0.7037037037037037,0.9199359487590072,0.9199359487590072,0.7929606625258799,0.8845265588914549,0.6551724137931034,0.8845265588914549
605483,Blake Snell,SDP,2021,28,128.66666666666666,27,550,2347,128.66666666666666,4.765432098765432,0.1836,31.796349663784824,102.6116,107.6502,39.284192586280355,0,0.3967,3,4.1969,1.3212,0.3091,0.1255,4.0163,3.7421,0.518897313724444,0.4760333797891484,33,32,0.8987710070324235,TRUE,0.3062056708001572,1.3419684051852527,0.26115999999999956,0.7650199999999998,1.7533026831488803,-0.2205101100283354,-0.5694405938533518,0.8208955223880597,0.9591336330200245,0.9591336330200245,0.8866641480921799,0.9399279134961954,0.7857142857142857,0.9399279134961954
450203,Charlie Morton,ATL,2021,37,185.66666666666666,33,756,2987,185.66666666666666,5.626262626262626,0.209,29.09090909090909,107.4254,104.8471,35.35319718781386,0,0.4781,3,3.3447,1.0449,0.2857,0.0767,3.5345,3.3095,0.5208773552815983,0.47329160779557017,32,33,0.9208230800939484,TRUE,0.8133758684911528,0.6543774837340173,0.7425399999999996,0.48470999999999975,0.03408907519147712,-0.2205101100283354,-0.5694405938533518,0.863013698630137,0.9676060900550697,0.9676060900550697,0.9087313659872224,0.9521836149187122,0.8344370860927153,0.9521836149187122
663776,Patrick Sandoval,LAA,2021,24,87,14,363,1444,79.66666666666667,6.214285714285714,0.1598,33.87815750371471,101.6816,97.9426,37.53462603878116,0,0.511,5,3.6207,1.2069,0.259,0.0992,4.0324,3.7877,0.48518610864194806,0.46581319334816085,35,34,0.8527710478840497,TRUE,-0.16901679790243004,1.8710623299578322,0.1681600000000003,-0.20574000000000012,0.9881329712583354,-0.2205101100283354,2.018925741843702,0.7515527950310559,0.93523316062176165,0.93523316062176165,0.8279816513761468,0.9058971141781681,0.7076023391812866,0.9058971141781681
518633,Danny Duffy,KCR,2021,32,61,12,252,1009,60,5.083333333333333,0.1706,29.124236252545824,102.6555,107.7096,36.47175421209118,0,0.3333,5,2.5082,1.2131,0.2579,0.0873,4.1391,4.2323,0.49589523926325185,0.42386414338499834,34,35,0.8051308517758677,TRUE,0.046630372769332164,0.6628476212816324,0.26555000000000034,0.7709599999999994,0.5232879326015086,-0.2205101100283354,2.018925741843702,0.6774193548387096,0.9098286744815148,0.9098286744815148,0.7708174178762414,0.8705780845556514,0.6268656716417911,0.8705780845556514
571760,Andrew Heaney,2 Tms,2021,30,129.66666666666666,23,558,2330,120,5.637681159420289,0.1953,28.306878306878307,108.3304,108.5939,35.36480686695279,0,0.3305,3,5.8303,1.3188,0.2688,0.0735,3.8423,4.1209,0.47269463049541105,0.42046723894378646,36,36,0.8991148190041096,TRUE,0.5398234390278993,0.45511513266162423,0.8330399999999998,0.8593900000000005,0.039166547011324805,-0.2205101100283354,-0.5694405938533518,0.8230088495575221,0.9588477366255144,0.9588477366255144,0.8859315589353612,0.9395161290322581,0.788135593220339,0.9395161290322581
669432,Trevor Rogers,MIA,2021,23,133,25,550,2169,133,5.32,0.2018,30.99906629318394,99.7216,103.5996,34.20931304748732,0,0.4012,3,2.6391,1.1504,0.2855,0.0836,3.7201,3.5381,0.45619997434999215,0.40463051070804684,37,37,0.8953703517258543,TRUE,0.6696110880433118,1.1393378935615963,-0.027840000000000486,0.3599599999999995,-0.4661865498431444,-0.2205101100283354,-0.5694405938533518,0.8208955223880597,0.9559277214631996,0.9559277214631996,0.8784933171324423,0.9353169469598965,0.7857142857142857,0.9353169469598965
458681,Lance Lynn,CHW,2021,34,157,28,641,2608,157,5.607142857142857,0.2044,26.33587786259542,107.4918,109.8217,36.081288343558285,0,0.3811,3,2.6943,1.0701,0.2746,0.0702,3.7216,3.8152,0.4446626190523076,0.390116706805979,40,38,0.909555138078692,TRUE,0.7215261476494765,-0.045816961450026096,0.7491799999999997,0.9821700000000007,0.3525184031112092,-0.2205101100283354,-0.5694405938533518,0.8423127463863338,0.9630723781388478,0.9630723781388478,0.8968363136176066,0.9456127628716461,0.8103666245259166,0.9456127628716461
641154,Pablo López,MIA,2021,25,102.66666666666667,20,418,1669,102.66666666666667,5.133333333333334,0.2129,25.70754716981132,101.6459,107.8638,33.13361294188137,0,0.4701,4,3.0682,1.1201,0.2751,0.0622,3.4911,3.3204,0.4538740001941228,0.36683182007851706,39,39,0.8689316503658985,TRUE,0.8912484579004006,-0.20550795017807788,0.16458999999999974,0.7863799999999997,-0.9366420126911594,-0.2205101100283354,0.7247425739951752,0.7769516728624535,0.9434708875070661,0.9434708875070661,0.8476383951244286,0.9175371083012644,0.7359154929577465,0.9175371083012644
593958,Eduardo Rodriguez,BOS,2021,28,157.66666666666666,31,675,2721,156.66666666666666,5.086021505376344,0.2044,26.339622641509433,100.281,105.8936,34.84013230429989,0,0.4325,4,4.7378,1.389,0.2741,0.0696,3.6456,3.4342,0.3876153677124428,0.34043961240168474,41,40,0.9132205004264421,TRUE,0.7215261476494765,-0.044865221459899636,0.02810000000000059,0.5893600000000007,-0.1902989080268184,-0.2205101100283354,0.7247425739951752,0.8490566037735849,0.9645515774548032,0.9645515774548032,0.900695134061569,0.9477533960292581,0.8181818181818182,0.9477533960292581
669373,Tarik Skubal,DET,2021,24,149.33333333333334,29,634,2547,143.66666666666666,5.149425287356322,0.1845,26.666666666666668,104.669,107.9227,35.178641539065566,0,0.385,4,4.3393,1.2589,0.2587,0.0741,3.9157,4.0587,0.36734435152257555,0.3312977315069463,42,41,0.90819375113482,TRUE,0.32417626835613705,0.0382534043445317,0.4668999999999997,0.7922700000000006,-0.04225251676026444,-0.2205101100283354,0.7247425739951752,0.8408488063660478,0.9622213826973933,0.9622213826973933,0.8946259220231823,0.9443826473859844,0.8086734693877551,0.9443826473859844
607644,John Means,BAL,2021,28,146.66666666666666,26,590,2328,146.66666666666666,5.6410256410256405,0.1831,25.42517006802721,108.7157,114.7662,34.57903780068729,0,0.3294,3,3.6205,1.0295,0.2271,0.0441,4.1011,4.3623,0.3589589098354459,0.3142337699907783,43,42,0.901527180492362,TRUE,0.2962220054912793,-0.27727442457750795,0.8715699999999998,1.4766199999999998,-0.30448810899835405,-0.2205101100283354,-0.5694405938533518,0.8309859154929577,0.9588138385502472,0.9588138385502472,0.8858447488584474,0.9394673123486683,0.7972972972972973,0.9394673123486683
677651,Luis Garcia,HOU,2021,24,155.33333333333334,28,633,2502,149.33333333333334,5.547619047619048,0.1848,30.70398642917727,98.922,97.507,36.57074340527578,0,0.3848,4,3.4764,1.1781,0.2638,0.079,3.9104,3.9289,0.32459755554102804,0.3032099107910918,45,43,0.9074305807234372,TRUE,0.33016646754146367,1.064342997119134,-0.1078000000000003,-0.2492999999999995,0.566580674188049,-0.2205101100283354,0.7247425739951752,0.8406374501992032,0.9615680245964643,0.9615680245964643,0.892933618843683,0.9434389140271493,0.8084291187739464,0.9434389140271493
519242,Chris Sale,BOS,2021,32,42.666666666666664,9,183,736,42.666666666666664,4.7407407407407405,0.2186,27.73109243697479,100.1824,106.7687,33.83152173913044,0,0.4737,3,3.1641,1.3359,0.2842,0.0656,3.442,3.3462,0.4557710695326885,0.2957435912493401,38,44,0.7551571078265471,TRUE,1.005062242421608,0.3087784728159657,0.018240000000000124,0.6768699999999995,-0.63141288375047,-0.2205101100283354,-0.5694405938533518,0.6039603960396039,0.8803827751196173,0.8803827751196173,0.7104247104247104,0.8306997742663657,0.5495495495495496,0.8306997742663657
640455,Sean Manaea,OAK,2021,29,179.33333333333334,32,754,2980,179.33333333333334,5.604166666666667,0.2029,27.11864406779661,107.2628,103.1574,32.281879194630875,0,0.4198,3,3.9145,1.2268,0.2573,0.0544,3.6794,3.6237,0.32533122046131285,0.2903189794472758,44,45,0.9206465571937866,TRUE,0.6915751517228429,0.15312399541714716,0.7262799999999998,0.3157399999999996,-1.3091462006128332,-0.2205101100283354,-0.5694405938533518,0.8627002288329519,0.9675324675324676,0.9675324675324676,0.9085365853658537,0.952076677316294,0.834070796460177,0.952076677316294
543243,Sonny Gray,CIN,2021,31,135.33333333333334,26,575,2228,135.33333333333334,5.205128205128205,0.1826,26.200417536534445,103.6074,106.1193,37.47755834829444,0,0.4721,4,4.1897,1.2192,0.2696,0.087,3.8544,3.6644,0.29541991080054103,0.26242680744043284,46,46,0.8985290863996029,TRUE,0.2862383401824014,-0.08024436353387487,0.36073999999999984,0.6119299999999995,0.9631745217781469,-0.2205101100283354,0.7247425739951752,0.8273381294964028,0.9570446735395189,0.9570446735395189,0.8813291139240507,0.9369217830109335,0.7931034482758621,0.9369217830109335
608331,Max Fried,ATL,2021,27,165.66666666666666,28,667,2558,165.66666666666666,5.916666666666666,0.1754,24.820430965682363,105.6885,110.6271,34.20641125879593,0,0.5179,4,3.0423,1.0865,0.2369,0.0615,3.7631,3.4524,0.2685155446059909,0.24025943517345205,47,47,0.9104182550468083,TRUE,0.14247355973455975,-0.4309695826925134,0.5688500000000005,1.0627099999999998,-0.46745564179059346,-0.2205101100283354,0.7247425739951752,0.8475222363405337,0.9623777276147479,0.9623777276147479,0.8950314905528342,0.9446085672082718,0.8164014687882497,0.9446085672082718
593334,Domingo Germán,NYY,2021,28,98.33333333333333,18,410,1579,91,5.462962962962963,0.1732,30.22670025188917,95.5402,101.4206,34.00886637112096,0,0.422,4,4.5763,1.1797,0.239,0.0659,4.0262,4.2685,0.2461525521068866,0.22468699133058556,51,48,0.8647770209645892,TRUE,0.09854543237549696,0.943040150652014,-0.44598000000000015,0.14205999999999933,-0.5538515351070084,-0.2205101100283354,0.7247425739951752,0.7735849056603774,0.9404407385348421,0.9404407385348421,0.8403406067056945,0.9132446500867554,0.7321428571428571,0.9132446500867554
621244,José Berríos,2 Tms,2021,27,192,32,781,3043,191.3,6,0.2036,23.65290412876137,103.9997,104.7152,33.88103844889911,0,0.428,4,3.5156,1.0625,0.2612,0.0576,3.6514,3.5907,0.2546385388512952,0.21888378136305747,50,49,0.9226241169062961,TRUE,0.7055522831552721,-0.727697909186205,0.39997000000000044,0.4715199999999996,-0.6097568418001812,-0.2205101100283354,0.7247425739951752,0.8668146503884573,0.9681832643970728,0.9681832643970728,0.9102602452886629,0.9530222361415597,0.8388829215896885,0.9530222361415597
641816,Tyler Mahle,CIN,2021,26,180,33,759,3196,180,5.454545454545454,0.1924,28.442906574394463,95.5808,103.874,36.88986232790989,0,0.4224,3,3.75,1.2333,0.2767,0.0843,3.8155,3.7364,0.23052502179946394,0.20507625967684684,52,50,0.9231876376726672,TRUE,0.4819181802364073,0.48968687773803893,-0.44192000000000037,0.3873999999999995,0.7061467481049238,-0.2205101100283354,-0.5694405938533518,0.863481228668942,0.9696601941747572,0.9696601941747572,0.914187643020595,0.9551703526598924,0.834983498349835,0.9551703526598924
669302,Logan Gilbert,SEA,2021,24,119.33333333333333,24,503,2125,119.33333333333333,4.972222222222222,0.1988,27.079482439926064,108.0821,103.6215,35.71764705882353,0,0.3234,2,4.676,1.1732,0.2545,0.0557,3.8733,4.186,0.22475765719794003,0.1855150946177439,53,51,0.8903153542660771,TRUE,0.6097090961900444,0.14317102137550475,0.8082099999999997,0.36214999999999975,0.19348055601146746,-0.2205101100283354,-1.8636237617018787,0.8073836276083467,0.9550561797752809,0.9550561797752809,0.8762886597938144,0.9340659340659341,0.7702909647779479,0.9340659340659341
641482,Nestor Cortes,NYY,2021,26,93,14,374,1524,73.33333333333333,6.642857142857143,0.2086,23.641304347826086,106.0879,107.1667,35.36745406824147,0,0.2739,3,2.9032,1.0753,0.2754,0.0668,3.7823,4.1784,0.25727517853839216,0.1839620677140041,49,52,0.8577125164505714,TRUE,0.805388936244051,-0.7306460072305273,0.6087900000000005,0.7166700000000006,0.04032429562641572,-0.2205101100283354,-0.5694405938533518,0.757085020242915,0.9384236453201971,0.9384236453201971,0.8355263157894737,0.910394265232975,0.7137404580152672,0.910394265232975
661563,Luis Gil,NYY,2021,23,29.333333333333332,6,129,532,29.333333333333332,4.888888888888888,0.1473,31.048387096774192,108.9285,105.9726,38.909774436090224,0,0.3239,2,3.0682,1.3295,0.2946,0.1473,4.5529,4.8501,0.17327675671055456,0.18021602325827937,58,53,0.6947889376182582,TRUE,-0.4186084306243772,1.1518728341281486,0.8928499999999999,0.59726,1.58955159376215,-0.2205101100283354,-1.8636237617018787,0.5180722891566265,0.8417721518987342,0.8417721518987342,0.6394230769230769,0.7800586510263929,0.46236559139784944,0.7800586510263929
605135,Chris Bassitt,OAK,2021,32,157.33333333333334,27,637,2381,157.33333333333334,5.827160493827161,0.1884,23.876651982378856,103.9006,105.8683,34.35531289374212,0,0.4178,4,3.1462,1.0551,0.2496,0.0612,3.8551,3.9301,0.19126846103734516,0.16091950217416146,55,54,0.9056915561644114,TRUE,0.4020488577653848,-0.6708321275519583,0.39005999999999974,0.5868300000000005,-0.40233378559445954,-0.2205101100283354,0.7247425739951752,0.8414795244385733,0.9596936719064894,0.9596936719064894,0.8881014546810891,0.9407348873962861,0.8094027954256671,0.9407348873962861
579328,Yusei Kikuchi,SEA,2021,30,157,29,666,2562,157,5.413793103448276,0.1517,27.697262479871174,106.9244,103.679,35.1288056206089,0,0.4838,4,4.414,1.3185,0.2447,0.0931,4.1594,3.846,0.15307075166873346,0.15583154803038005,61,55,0.9104188518301897,TRUE,-0.33075217590625156,0.30018054920576187,0.6924400000000006,0.3679000000000002,-0.06404816404318371,-0.2205101100283354,0.7247425739951752,0.8473282442748091,0.9624342599549212,0.9624342599549212,0.8951781970649895,0.9446902654867256,0.8161764705882353,0.9446902654867256
660623,Huascar Ynoa,ATL,2021,23,91,17,372,1482,90,5.352941176470588,0.2016,28.753541076487252,101.5677,100.6529,34.9527665317139,0,0.4728,2,4.0549,1.1099,0.2688,0.0672,3.6154,3.4018,0.19534590945730726,0.15000436350509586,54,56,0.8557350415797914,TRUE,0.6656176219197605,0.5686350038473079,0.15677000000000021,0.06529000000000025,-0.14103853581486703,-0.2205101100283354,-1.8636237617018787,0.7560975609756098,0.9367888748419722,0.9367888748419722,0.8316498316498316,0.9080882352941176,0.7126436781609196,0.9080882352941176
666201,Alek Manoah,TOR,2021,23,111.66666666666667,20,459,1845,111.66666666666667,5.583333333333334,0.1895,29.84234234234234,99.0223,95.471,36.31436314363144,0,0.3877,3,3.2239,1.0478,0.2767,0.0871,3.8757,4.1695,0.16125687155439658,0.14273728411661743,60,57,0.8790538360092167,TRUE,0.4240129214449159,0.845355133342076,-0.09776999999999987,-0.45289999999999964,0.4544532382712901,-0.2205101100283354,-0.5694405938533518,0.7927461139896373,0.9485861182519281,0.9485861182519281,0.8601398601398601,0.924812030075188,0.7536945812807881,0.924812030075188
656427,Jack Flaherty,STL,2021,25,78.33333333333333,15,322,1353,76.33333333333333,5.222222222222222,0.1832,28.05280528052805,98.1981,101.917,38.654841093865485,0,0.3892,3,3.217,1.0596,0.264,0.0807,3.9205,3.9597,0.15202073624281937,0.12193018732642404,62,58,0.8417107037644477,TRUE,0.29821873855305464,0.39054217251030166,-0.18019000000000035,0.19170000000000015,1.4780569653924984,-0.2205101100283354,-0.5694405938533518,0.7285067873303167,0.9311768754301445,0.9311768754301445,0.8185117967332124,0.9001996007984032,0.6822033898305084,0.9001996007984032
621107,Zach Eflin,PHI,2021,27,105.66666666666667,18,442,1615,105.66666666666667,5.87037037037037,0.1878,23.200992555831267,95.3192,106.6382,32.01238390092879,0,0.4348,5,4.1735,1.2492,0.224,0.0362,3.8072,3.6056,0.16279165188271974,0.11953738076356549,59,59,0.8699786827589568,TRUE,0.390068459394731,-0.8425517699439738,-0.4680800000000005,0.6638199999999997,-1.4270094716799646,-0.2205101100283354,2.018925741843702,0.7864768683274022,0.9416909620991254,0.9416909620991254,0.8433420365535248,0.9150141643059491,0.7466216216216216,0.9150141643059491
641927,Bailey Ober,MIN,2021,25,92.33333333333333,20,379,1476,92.33333333333333,4.616666666666666,0.2032,24.596774193548388,98.1636,107.9554,32.72357723577236,0,0.3308,3,4.1913,1.2022,0.2533,0.0501,3.8215,4.0144,0.18219171414720842,0.11893606211018,57,60,0.856520120800428,TRUE,0.6975653509081695,-0.4878122158599994,-0.18363999999999975,0.7955399999999997,-1.115970374654144,-0.2205101100283354,-0.5694405938533518,0.7595190380761523,0.9365482233502538,0.9365482233502538,0.831081081081081,0.9077490774907749,0.7164461247637051,0.9077490774907749
640470,Adbert Alzolay,CHC,2021,26,125.66666666666667,21,519,1955,106.33333333333333,5.984126984126984,0.1811,27.206645898234683,99.6362,103.9883,34.0153452685422,0,0.4529,3,4.5836,1.1618,0.2466,0.0655,3.8131,3.6645,0.12504290205392235,0.10442170940978082,63,61,0.8878731737742573,TRUE,0.25628734425576777,0.175489764706987,-0.03637999999999977,0.3988299999999995,-0.5510180012352822,-0.2205101100283354,-0.5694405938533518,0.812206572769953,0.9513381995133819,0.9513381995133819,0.8669623059866962,0.9287410926365796,0.7757847533632287,0.9287410926365796
628317,Kenta Maeda,MIN,2021,33,106.33333333333333,21,453,1775,106.33333333333333,5.063492063492063,0.1788,29.431818181818183,94.7992,100.5413,35.71830985915493,0,0.3838,3,4.6552,1.2978,0.2494,0.0706,3.9751,3.9868,0.11524339060577969,0.10115527083008176,64,62,0.8763900802230085,TRUE,0.21036248383492903,0.7410199323981644,-0.5200800000000001,0.05413000000000068,0.19377043051743667,-0.2205101100283354,-0.5694405938533518,0.7905759162303665,0.9466666666666667,0.9466666666666667,0.8554216867469879,0.922077922077922,0.7512437810945274,0.922077922077922
622072,Alex Wood,SFG,2021,30,138.66666666666666,26,585,2195,138.66666666666666,5.333333333333333,0.1932,27.612655800575265,99.1961,98.4915,32.710706150341686,0,0.508,3,3.8293,1.1827,0.2598,0.0667,3.6025,3.44,0.1074757375526115,0.08785922683158853,65,63,0.898626768743692,TRUE,0.4978920447306124,0.278677661594312,-0.08038999999999988,-0.1508499999999998,-1.1215995201958129,-0.2205101100283354,-0.5694405938533518,0.8297872340425532,0.9564270152505446,0.9564270152505446,0.8797595190380761,0.9360341151385928,0.7959183673469388,0.9360341151385928
605513,Spencer Turnbull,DET,2021,28,50,9,201,775,50,5.555555555555555,0.1592,23.298429319371728,102.5391,108.232,35.61290322580645,1,0.5725,3,2.88,0.98,0.2189,0.0597,3.8237,3.7709,0.18221097313484114,0.06806041742727817,56,64,0.7666931823730035,TRUE,-0.1809971962730833,-0.8177881012470125,0.25391000000000047,0.8231999999999999,0.1476710332776493,4.504706533435995,-0.5694405938533518,0.6261682242990654,0.8857142857142857,0.8857142857142857,0.7209302325581395,0.8378378378378378,0.5726495726495726,0.8378378378378378
573186,Marcus Stroman,NYM,2021,30,179,33,730,2741,179,5.424242424242424,0.1562,26.842105263157894,101.1251,102.1844,34.65888361911711,0,0.5079,4,3.0168,1.1453,0.2164,0.0603,3.9541,3.5704,0.03826719544809149,0.04340034433820996,67,65,0.9165070222439181,TRUE,-0.2408991881263506,0.0828413311424545,0.11251000000000033,0.21843999999999966,-0.26956768715390206,-0.2205101100283354,0.7247425739951752,0.8588235294117647,0.9648011263639563,0.9648011263639563,0.9013482407102926,0.9481148391560014,0.8295454545454546,0.9481148391560014
657746,Joe Ryan,MIN,2021,25,26.666666666666668,5,100,412,26.666666666666668,5.333333333333334,0.25,23.394495412844037,102.1227,97.8968,29.611650485436893,0,0.2812,3,4.05,0.7875,0.3,0.05,3.4229,3.7321,0.2582177150042932,0.04173083265482327,48,66,0.6441091872510312,TRUE,1.632036423819139,-0.7933727899690295,0.21226999999999946,-0.21032000000000012,-2.476965815714821,-0.2205101100283354,-0.5694405938533518,0.45454545454545453,0.8046875,0.8046875,0.5786516853932584,0.7330960854092526,0.4,0.7330960854092526
592791,Jameson Taillon,NYY,2021,29,144.33333333333334,29,603,2372,144.33333333333334,4.977011494252874,0.1592,26.533996683250415,98.4672,108.5626,34.401349072512645,0,0.3317,3,4.3025,1.2055,0.2322,0.073,4.3346,4.6897,0.02333555406826517,0.02105477922142546,68,67,0.9032409856155338,TRUE,-0.1809971962730833,0.004535171144111762,-0.15327999999999947,0.8562600000000004,-0.3821999474751082,-0.2205101100283354,-0.5694405938533518,0.8340248962655602,0.959546925566343,0.959546925566343,0.8877245508982036,0.9405233941316415,0.8007968127490039,0.9405233941316415
656731,Tylor Megill,NYM,2021,25,89.66666666666667,18,379,1554,89.66666666666667,4.981481481481482,0.19,26.126126126126128,95.1773,102.2383,35.32818532818533,0,0.4245,3,4.5167,1.2825,0.2612,0.0712,3.8493,3.9195,0.0470161923370737,0.01862006975179554,66,68,0.8595967918280755,TRUE,0.43399658675379377,-0.099125613357178,-0.48226999999999975,0.22382999999999953,0.023150184382682966,-0.2205101100283354,-0.5694405938533518,0.7595190380761523,0.939540507859734,0.939540507859734,0.8381877022653722,0.9119718309859155,0.7164461247637051,0.9119718309859155
446372,Corey Kluber,NYY,2021,35,80,16,341,1338,80,5,0.1437,28.095238095238095,102.4653,98.1836,36.17339312406577,0,0.4247,4,3.825,1.3375,0.2405,0.0968,4.3712,4.3756,-0.02968397999245872,0.007907281401425966,69,69,0.8443360265577015,TRUE,-0.49049082084829776,0.4013265225561928,0.24652999999999992,-0.18164000000000016,0.3928002594746554,-0.2205101100283354,0.7247425739951752,0.7396963123644251,0.9304589707927677,0.9304589707927677,0.8168498168498168,0.8991935483870968,0.6945010183299389,0.8991935483870968
656288,Griffin Canning,LAA,2021,25,62.666666666666664,13,277,1080,60.333333333333336,4.82051282051282,0.1227,30.2803738317757,97.0673,97.1862,37.5,0,0.3514,4,5.6011,1.484,0.2238,0.1011,4.6625,4.7194,-0.12461344020328667,-0.04157370838849346,82,70,0.8165228103541534,TRUE,-0.9098047638211684,0.9566813544625039,-0.2932699999999997,-0.2813800000000001,0.9729893368787434,-0.2205101100283354,0.7247425739951752,0.6977329974811083,0.9152542372881356,0.9152542372881356,0.782608695652174,0.8780487804878049,0.6487119437939111,0.8780487804878049
501985,Mike Minor,KCR,2021,33,158.66666666666666,28,669,2621,158.66666666666666,5.666666666666666,0.1614,24.3730407523511,98.2778,104.2652,35.21556657764212,0,0.3838,4,5.0483,1.2416,0.2227,0.0613,4.2033,4.3189,-0.049383800889493415,-0.04694641221133437,70,71,0.9114696364960863,TRUE,-0.13706906891402104,-0.5446743345606071,-0.1722200000000001,0.4265199999999993,-0.02610341904828777,-0.2205101100283354,0.7247425739951752,0.8479087452471483,0.9632488055861815,0.9632488055861815,0.8972954467648065,0.945867917719235,0.8168498168498168,0.945867917719235
664285,Framber Valdez,HOU,2021,27,134.66666666666666,22,572,2090,134.66666666666666,6.121212121212121,0.1171,26.297968397291196,101.8988,101.3861,39.04306220095694,1,0.7029,3,3.1411,1.2475,0.2185,0.1014,3.7919,3.5844,-0.05276497223394784,-0.05324621464417928,72,72,0.8954367968278039,TRUE,-1.0216218152806007,-0.05545169689444519,0.18987999999999944,0.1386099999999999,1.6478447525947644,4.504706533435995,-0.5694405938533518,0.8265895953757225,0.954337899543379,0.954337899543379,0.8744769874476988,0.9330357142857143,0.7922437673130194,0.9330357142857143
663978,Chris Paddack,SDP,2021,25,108.33333333333333,22,459,1869,106.33333333333333,4.924242424242424,0.1678,24.64864864864865,99.9476,106.117,34.34991974317817,0,0.4286,3,5.0677,1.2646,0.2157,0.0479,4.0511,3.8685,-0.05131714032754987,-0.05471483955734502,71,73,0.879709327924381,TRUE,-0.009278152960383883,-0.4746282617418515,-0.0052400000000005775,0.6117000000000005,-0.40469247007496795,-0.2205101100283354,-0.5694405938533518,0.7927461139896373,0.9492127983748095,0.9492127983748095,0.8616874135546335,0.9257057949479941,0.7536945812807881,0.9257057949479941
596295,Austin Gomber,COL,2021,27,115.33333333333333,23,488,1851,115.33333333333333,5.0144927536231885,0.1475,26.107226107226108,98.3873,102.3896,34.57590491626148,0,0.4431,4,4.526,1.2399,0.2316,0.084,4.2896,4.1755,-0.0857000505275242,-0.06454846357147097,74,74,0.8822307538719082,TRUE,-0.4146149645008259,-0.10392907551458064,-0.16127000000000039,0.23896000000000014,-0.3058582702402398,-0.2205101100283354,0.7247425739951752,0.8026315789473685,0.9487442337262942,0.9487442337262942,0.8605299860529986,0.9250374812593704,0.7648902821316614,0.9250374812593704
664353,José Urquidy,HOU,2021,26,107,20,423,1631,107,5.35,0.1678,24.94199535962877,98.0051,106.62,30.594727161250766,0,0.3225,3,3.6168,0.9907,0.2128,0.0449,4.2727,4.3851,-0.06861434375064908,-0.07196521095254353,73,75,0.8682686655448749,TRUE,-0.009278152960383883,-0.40007384819097036,-0.1994900000000001,0.6620000000000005,-2.0470190395410137,-0.2205101100283354,-0.5694405938533518,0.7790055248618785,0.9422299248989023,0.9422299248989023,0.8446400828586225,0.9157776530039303,0.7382198952879581,0.9157776530039303
664141,JT Brubaker,PIT,2021,27,124.33333333333333,24,538,1944,124.33333333333333,5.180555555555555,0.1691,27.38095238095238,93.6019,93.8849,35.85390946502058,0,0.4282,4,5.3566,1.2949,0.2398,0.0706,4.0399,4.0028,-0.08974604045040416,-0.07531348253664533,75,76,0.8892574643113045,TRUE,0.01667937684269851,0.2197899634503618,-0.63981,-0.6115099999999998,0.25307466875918827,-0.2205101100283354,0.7247425739951752,0.817629179331307,0.9510763209393346,0.9510763209393346,0.8663101604278075,0.9283667621776505,0.7819767441860465,0.9283667621776505
502171,Alex Cobb,LAA,2021,33,93.33333333333333,18,393,1579,93.33333333333333,5.185185185185185,0.1654,26.48725212464589,94.1104,102.2155,36.542115262824574,0,0.5331,3,3.7607,1.2643,0.2494,0.084,3.8287,3.3803,-0.1000858980421744,-0.09115922945719228,77,77,0.862507165910181,TRUE,-0.057199746442997954,-0.007345013712268575,-0.58896000000000015,0.22155000000000058,0.5540602087375289,-0.2205101100283354,-0.5694405938533518,0.7660818713450293,0.9404407385348421,0.9404407385348421,0.8403406067056945,0.9132446500867554,0.7237569060773481,0.9132446500867554
543101,Anthony DeSclafani,SFG,2021,31,167.66666666666666,31,676,2558,167.66666666666666,5.408602150537634,0.1627,24.22062350119904,96.9803,102.3682,34.55824863174355,0,0.4428,4,3.167,1.0915,0.2249,0.0621,4.1057,3.9542,-0.10412329622280343,-0.09828686219902366,78,78,0.910950321200094,TRUE,-0.11111153911093809,-0.5834113592121267,-0.30197,0.23682000000000017,-0.31358021380217527,-0.2205101100283354,0.7247425739951752,0.8492462311557789,0.9623777276147479,0.9623777276147479,0.8950314905528342,0.9446085672082718,0.8184019370460048,0.9446085672082718
601713,Nick Pivetta,BOS,2021,28,155,30,661,2745,154,5.166666666666667,0.1664,24.564063684609554,104.347,100.733,35.40983606557377,0,0.3835,3,4.529,1.3032,0.2648,0.0983,4.1547,4.2816,-0.11189128593056623,-0.10464643268462821,80,79,0.9127065869426749,TRUE,-0.037232415825242185,-0.49612563039509844,0.4346999999999994,0.0733000000000004,0.05885998421422932,-0.2205101100283354,-0.5694405938533518,0.8463508322663252,0.9648506151142355,0.9648506151142355,0.9014778325123153,0.9481865284974094,0.815043156596794,0.9481865284974094
622694,Elieser Hernández,MIA,2021,26,51.666666666666664,11,225,818,51.666666666666664,4.696969696969696,0.1733,24.178403755868544,103.4803,101.4028,30.073349633251834,0,0.3841,3,4.1806,1.3161,0.2356,0.0622,4.072,4.3252,-0.11323594268413684,-0.10569445301546897,81,80,0.7794364741537654,TRUE,0.10054216543727286,-0.5941415574231984,0.34802999999999995,0.1402799999999999,-2.275042542536879,-0.2205101100283354,-0.5694405938533518,0.6521739130434783,0.8910675381263616,0.8910675381263616,0.7316636851520573,0.8450413223140496,0.6,0.8450413223140496
672715,Luis Patiño,TBR,2021,21,77.33333333333333,15,333,1365,68.33333333333333,5.155555555555555,0.1351,25.39454806312769,110.9549,108.6591,35.67765567765568,0,0.3084,2,4.306,1.2672,0.2222,0.0871,4.6105,5.0301,-0.14924297802954795,-0.10733853058817142,84,81,0.8442602254351039,TRUE,-0.6622098641609971,-0.285057043340841,1.0954899999999994,0.8659099999999995,0.17599039900655128,-0.2205101100283354,-1.8636237617018787,0.7350993377483444,0.931740614334471,0.931740614334471,0.8198198198198198,0.900990099009901,0.6894409937888198,0.900990099009901
668678,Zac Gallen,ARI,2021,25,121.33333333333333,23,523,2102,121.33333333333333,5.275362318840579,0.1721,23.63050483351235,102.1961,102.0769,37.82112274024738,0,0.4369,3,4.3022,1.294,0.2658,0.0937,4.0395,3.959,-0.11071062935367204,-0.10930826873008768,79,82,0.8916506898515495,TRUE,0.07658136869596582,-0.7333907165664688,0.21961000000000014,0.20768999999999949,1.1134317767435267,-0.2205101100283354,-0.5694405938533518,0.8133748055987559,0.9545867393278837,0.9545867393278837,0.8751040799333888,0.933392539964476,0.7771173848439822,0.933392539964476
664192,Joey Lucchesi,NYM,2021,28,38.333333333333336,8,157,646,31.333333333333332,4.791666666666667,0.1911,23.80952380952381,108.6397,97.8147,36.68730650154799,0,0.398,2,4.4609,1.1739,0.2611,0.0701,3.7941,4.0274,-0.09960477923712557,-0.11019360998351886,76,83,0.7308688546415226,TRUE,0.4559606504333249,-0.6878928320787914,0.8639700000000005,-0.2185299999999998,0.6175593299694846,-0.2205101100283354,-1.8636237617018787,0.5667870036101083,0.8659517426273459,0.8659517426273459,0.6828752642706131,0.8115577889447236,0.511400651465798,0.8115577889447236
680686,Josiah Gray,2 Tms,2021,23,70.66666666666667,13,307,1213,66.66666666666667,5.435897435897436,0.1401,30.21702838063439,96.6274,94.4015,36.35614179719703,0,0.3053,3,5.4764,1.3585,0.2476,0.1075,4.6041,5.0516,-0.18825372375122057,-0.11845960260875701,86,84,0.8314335407005597,TRUE,-0.5623732110722183,0.9405820331332233,-0.33726000000000056,-0.5598500000000002,0.47272505557235495,-0.2205101100283354,-0.5694405938533518,0.7189695550351288,0.9238385376999239,0.9238385376999239,0.8017184401850628,0.8899486426999267,0.6717724288840262,0.8899486426999267
642232,Ryan Yarbrough,TBR,2021,29,155,21,653,2488,117,7.380952380952381,0.1378,21.069958847736626,106.7413,112.4704,33.31993569131833,0,0.3577,4,5.1097,1.2258,0.1792,0.0413,4.4517,4.5882,-0.1328378698678612,-0.12011053087162304,83,85,0.9084792691222779,TRUE,-0.6082980714930565,-1.3841565073324305,0.6741299999999996,1.2470399999999997,-0.8551541008943093,-0.2205101100283354,0.7247425739951752,0.8447606727037517,0.9613601236476044,0.9613601236476044,0.8923959827833573,0.9431387414708112,0.813200498132005,0.9431387414708112
666200,Jesús Luzardo,2 Tms,2021,23,95.33333333333333,18,437,1727,85.33333333333333,5.296296296296296,0.1144,29.926108374384235,101.9918,93.0725,38.795599305153445,0,0.3843,4,6.6084,1.6154,0.2243,0.1098,4.7206,4.8418,-0.21262828945987985,-0.13159163821537856,88,86,0.8731032790257544,TRUE,-1.0755336079485411,0.8666443694596437,0.19917999999999977,-0.6927499999999995,1.5396173102284163,-0.2205101100283354,0.7247425739951752,0.7845601436265709,0.9452654625068418,0.9452654625068418,0.8519980266403552,0.9200852424080981,0.7444633730834753,0.9200852424080981
641778,Eric Lauer,MIL,2021,26,118.66666666666667,20,489,1956,106.66666666666667,5.933333333333334,0.1554,24.210526315789473,95.7464,96.849,35.787321063394685,0,0.3583,5,3.1854,1.1376,0.2393,0.0838,4.2424,4.2627,-0.1575060800426167,-0.1337347041394876,85,87,0.8850726786487477,TRUE,-0.2568730526205551,-0.5859775708263957,-0.42536000000000057,-0.3150999999999996,0.22395235377199008,-0.2205101100283354,2.018925741843702,0.8029556650246306,0.9513618677042801,0.9513618677042801,0.8670212765957447,0.9287749287749287,0.7652582159624414,0.9287749287749287
666120,Ian Anderson,ATL,2021,23,128.33333333333334,24,535,2175,128.33333333333334,5.347222222222222,0.1327,28.642714570858285,96.8327,100.1784,38.666666666666664,0,0.4927,3,3.5766,1.2312,0.2318,0.0991,4.3776,3.9572,-0.19428585584249428,-0.15086945849532296,87,88,0.8942370462501807,TRUE,-0.7101314576436106,0.5404683163618599,-0.31672999999999973,0.017839999999999634,1.4832288579084778,-0.2205101100283354,-0.5694405938533518,0.816793893129771,0.9560439560439561,0.9560439560439561,0.8787878787878788,0.9354838709677419,0.781021897810219,0.9354838709677419
657006,Justin Steele,CHC,2021,25,57,9,248,964,43.666666666666664,6.333333333333333,0.129,27.570093457943926,100.4908,91.9465,38.27800829875519,0,0.5033,4,4.2632,1.3509,0.2379,0.1089,4.3413,4.2079,-0.2849801790298072,-0.17607079019437025,96,89,0.8003453005624275,TRUE,-0.7840105809293071,0.2678603918740248,0.049079999999999305,-0.80535,1.3132498354907494,-0.2205101100283354,0.7247425739951752,0.6739130434782609,0.9060150375939849,0.9060150375939849,0.7626582278481012,0.8653500897666068,0.6231155778894473,0.8653500897666068
542881,Tyler Anderson,2 Tms,2021,31,167,31,703,2602,166.3,5.387096774193548,0.1366,23.13697657913414,104.484,104.7645,30.66871637202152,0,0.3509,4,4.5269,1.2455,0.1906,0.0541,4.5684,4.6007,-0.21925714550575062,-0.1936150401802914,89,90,0.9131334549818223,TRUE,-0.6322588682343635,-0.8588215061363277,0.44839999999999947,0.4764499999999998,-2.014659994285267,-0.2205101100283354,0.7247425739951752,0.8541919805589308,0.9629903774981495,0.9629903774981495,0.8966230186078566,0.9454941860465116,0.8241500586166471,0.9454941860465116
471911,Carlos Carrasco,NYM,2021,34,53.666666666666664,12,237,889,53.666666666666664,4.472222222222222,0.135,27.272727272727273,91.308,97.0602,34.08323959505062,0,0.4226,4,6.0373,1.4348,0.211,0.0759,4.4394,4.3183,-0.2922578437530165,-0.20185806124702166,97,91,0.790427448227944,TRUE,-0.6642065972227725,0.19228442419190311,-0.8691999999999993,-0.2939800000000005,-0.5213245424024587,-0.2205101100283354,0.7247425739951752,0.6638655462184874,0.8988877654196158,0.8988877654196158,0.7476871320437343,0.8556304138594802,0.6124031007751938,0.8556304138594802
605452,Joe Ross,WSN,2021,28,108,19,460,1700,103,5.684210526315789,0.163,25.412960609911053,93.7219,99.5256,34.588235294117645,0,0.4323,3,4.1667,1.2222,0.237,0.0739,4.0986,4.1152,-0.2396425036519293,-0.2164487222797216,90,92,0.8748469336654754,TRUE,-0.10512133992561147,-0.2803774727984434,-0.6278099999999995,-0.04744000000000028,-0.3004656021618576,-0.2205101100283354,-0.5694405938533518,0.7931034482758621,0.9444444444444444,0.9444444444444444,0.85,0.918918918918919,0.7540983606557377,0.918918918918919
596001,Jakob Junis,KCR,2021,28,39.333333333333336,6,168,627,27.333333333333332,6.555555555555556,0.1726,25.441696113074205,95.0583,92.0512,35.4066985645933,0,0.4174,3,5.2627,1.3983,0.244,0.0714,3.9046,3.8845,-0.29968155453981704,-0.23081831885228496,98,93,0.7324010106956803,TRUE,0.08656503400484371,-0.2730743106826649,-0.4941699999999997,-0.7948800000000006,0.05748780393065246,-0.2205101100283354,-0.5694405938533518,0.5833333333333334,0.8624484181568088,0.8624484181568088,0.6763754045307443,0.806949806949807,0.5283018867924528,0.806949806949807
608566,Germán Márquez,COL,2021,26,180,32,756,2788,180,5.625,0.1481,27.177177177177178,97.234,95.8905,36.29842180774749,0,0.5159,3,4.4,1.2722,0.2328,0.0847,4.0748,3.6417,-0.26271549271284395,-0.23281663916671647,93,94,0.9184197384273912,TRUE,-0.4026345661301721,0.1680002543961464,-0.2766000000000005,-0.4109499999999997,0.4474813243404316,-0.2205101100283354,-0.5694405938533518,0.863013698630137,0.9653739612188366,0.9653739612188366,0.9028497409326425,0.9489448604492853,0.8344370860927153,0.9489448604492853
608379,Michael Wacha,TBR,2021,29,124.66666666666667,23,528,1974,107.33333333333333,5.420289855072464,0.1705,23.040604343720492,95.6925,102.4308,32.47213779128673,0,0.3946,3,5.0535,1.3075,0.2292,0.0587,3.9994,3.9109,-0.249734665408286,-0.23990353426937386,91,95,0.8891392574439223,TRUE,0.04463363970755681,-0.8833146237507904,-0.43075000000000047,0.2430800000000005,-1.2259369532732862,-0.2205101100283354,-0.5694405938533518,0.8148148148148148,0.9517839922854388,0.9517839922854388,0.8680738786279684,0.9293785310734464,0.7787610619469026,0.9293785310734464
663474,Triston McKenzie,CLE,2021,23,120,24,495,1975,116.33333333333333,5,0.1576,27.853403141361255,93.5745,91.899,36.91139240506329,0,0.3007,3,4.95,1.1833,0.2747,0.1172,4.3586,4.5309,-0.2809056061217916,-0.24080979601341806,94,96,0.8861271092315091,TRUE,-0.21294492526149286,0.33986388299854653,-0.64255,-0.8100999999999999,0.7155628877516246,-0.2205101100283354,-0.5694405938533518,0.8048780487804879,0.9518072289156626,0.9518072289156626,0.8681318681318682,0.9294117647058824,0.7674418604651163,0.9294117647058824
571927,Steven Matz,TOR,2021,30,150.66666666666666,29,647,2557,150.66666666666666,5.195402298850574,0.1561,22.287145242070117,99.7665,106.0205,34.76730543605788,0,0.4545,3,3.823,1.3341,0.2226,0.0665,4.1232,3.9439,-0.2549100642528965,-0.24083010033086152,92,97,0.9091769440017099,TRUE,-0.2428959211881265,-1.0748071455876016,-0.023350000000000648,0.6020499999999999,-0.22214960491530344,-0.2205101100283354,-0.5694405938533518,0.8435462842242504,0.9623635679337599,0.9623635679337599,0.8949947497374868,0.944588104913188,0.8117942283563363,0.944588104913188
666205,Kyle Muller,ATL,2021,23,36.666666666666664,8,155,677,35.666666666666664,4.583333333333333,0.1097,30.844155844155843,95.3126,88.8443,38.70014771048744,0,0.3763,3,4.1727,1.2545,0.2387,0.129,4.8518,4.8766,-0.4622896312068984,-0.24092425600536382,109,98,0.7349447769539037,TRUE,-1.1693800618519932,1.0999672197210564,-0.46873999999999966,-1.1155699999999995,1.497871730847926,-0.2205101100283354,-0.5694405938533518,0.5636363636363636,0.8712998712998713,0.8712998712998713,0.6929375639713409,0.8186215235792019,0.5081967213114754,0.8186215235792019
502043,Kyle Gibson,2 Tms,2021,33,182,30,754,2881,177.66666666666666,6.066666666666666,0.1207,25.154798761609907,96.3864,98.2787,38.49357861853523,0,0.5172,5,3.7088,1.2198,0.2056,0.0849,4.3953,4.1368,-0.2835157923804597,-0.24111332561389015,95,99,0.919484606375835,TRUE,-0.94973942505668,-0.3459896118846315,-0.3613600000000005,-0.17212999999999995,1.4075291183874314,-0.2205101100283354,2.018925741843702,0.8627002288329519,0.9664542099966454,0.9664542099966454,0.9056900345803206,0.9505113823820521,0.834070796460177,0.9505113823820521
592767,Drew Smyly,ATL,2021,32,126.66666666666667,23,546,2139,115.66666666666667,5.507246376811595,0.1392,25,103.7864,97.776,33.84759233286582,0,0.392,3,4.4763,1.3737,0.2143,0.0751,4.4051,4.3887,-0.3373784178546998,-0.28991612600315814,99,100,0.8944163082420937,TRUE,-0.5803438086281987,-0.3853319002357403,0.37864000000000003,-0.22240000000000038,-0.6243844391360073,-0.2205101100283354,-0.5694405938533518,0.8198198198198198,0.9553372041089773,0.9553372041089773,0.8769987699876999,0.9344692005242464,0.7844827586206896,0.9344692005242464
650644,Aaron Civale,CLE,2021,26,124.33333333333333,21,498,1909,124.33333333333333,5.92063492063492,0.1365,21.43646408839779,93.6677,102.6305,36.196961760083816,0,0.45,5,3.8365,1.118,0.1988,0.0622,4.4076,4.3236,-0.33879419481614165,-0.2980684822015825,100,101,0.884754555767863,TRUE,-0.6342556012961389,-1.291008766934995,-0.6332300000000004,0.2630499999999998,0.40310795909166086,-0.2205101100283354,2.018925741843702,0.8058252427184466,0.9502239920358387,0.9502239920358387,0.8641919420552286,0.9271491015055853,0.7685185185185185,0.9271491015055853
502239,Trevor Cahill,PIT,2021,33,37,8,166,665,35.666666666666664,4.625,0.1084,22.866894197952217,95.3865,92.8152,38.49624060150376,1,0.5517,4,6.5676,1.5135,0.1928,0.0843,4.4133,4.1348,-0.4268894858210546,-0.33092906201076,106,102,0.7379027341563293,TRUE,-1.1953375916550757,-0.9274632627531534,-0.4613500000000002,-0.7184799999999996,1.408693331743017,4.504706533435995,0.7247425739951752,0.5804195804195804,0.869281045751634,0.869281045751634,0.689119170984456,0.8159509202453987,0.5253164556962026,0.8159509202453987
592826,Vince Velasquez,2 Tms,2021,29,94.33333333333333,21,417,1750,88.3,4.492063492063492,0.1247,27.37226277372263,93.2097,91.3578,37.77142857142857,0,0.3115,4,6.2968,1.4841,0.2422,0.1175,4.7162,4.9773,-0.42195800631048114,-0.3348480480668773,104,103,0.87137739141915,TRUE,-0.8698701025856569,0.2175814894953035,-0.6790300000000002,-0.8642200000000002,1.091698123404029,-0.2205101100283354,0.7247425739951752,0.776536312849162,0.9459459459459459,0.9459459459459459,0.8536585365853658,0.9210526315789473,0.7354497354497355,0.9210526315789473
592351,Jon Gray,COL,2021,29,149,29,644,2537,149,5.137931034482759,0.1537,26.869565217391305,95.2166,95.181,36.933385888845095,0,0.4843,2,4.5906,1.3289,0.2438,0.0901,4.1659,4.0375,-0.38495199547042996,-0.3481326392814824,101,104,0.9086824448725587,TRUE,-0.29081751467074,0.0898203109890863,-0.47834000000000004,-0.4819000000000003,0.7251816974349994,-0.2205101100283354,-1.8636237617018787,0.8429319371727748,0.9620781190747061,0.9620781190747061,0.8942544941839972,0.9441756605880164,0.8110831234256927,0.9441756605880164
592836,Taijuan Walker,NYM,2021,28,159,29,654,2547,154.33333333333334,5.482758620689655,0.1391,23.619371282922685,97.9078,96.2604,35.217903415783276,0,0.4186,4,4.4717,1.1824,0.2232,0.0841,4.4235,4.4663,-0.39294889655772014,-0.35010151302959075,102,105,0.9094611511887015,TRUE,-0.5823405416899741,-0.7362203216170188,-0.20922000000000054,-0.37395999999999957,-0.02508140718497352,-0.2205101100283354,0.7247425739951752,0.8449612403100775,0.9622213826973933,0.9622213826973933,0.8946259220231823,0.9443826473859844,0.8134328358208955,0.9443826473859844
664062,Tony Gonsolin,LAD,2021,27,55.666666666666664,13,239,990,50.333333333333336,4.282051282051282,0.1297,29.931972789115648,95.1972,81.7318,39.696969696969695,0,0.365,3,3.2335,1.3473,0.272,0.1423,4.6466,4.6321,-0.5137041215105849,-0.351364080241216,117,106,0.8001331108065018,TRUE,-0.770033449496878,0.868134817399758,-0.4802800000000005,-1.8268199999999992,1.9338299933633094,-0.2205101100283354,-0.5694405938533518,0.6657381615598886,0.908256880733945,0.908256880733945,0.7674418604651163,0.868421052631579,0.6143958868894601,0.868421052631579
592866,Trevor Williams,2 Tms,2021,29,91,15,405,1537,68.66666666666667,6.066666666666666,0.1457,24.069148936170212,92.2219,95.2008,34.35263500325309,0,0.4562,4,4.3516,1.4945,0.2222,0.0765,4.1418,3.9609,-0.41702274098852204,-0.356305956353656,103,107,0.8625490541268958,TRUE,-0.4505561596127862,-0.6219087990704668,-0.7778099999999994,-0.4799199999999999,-0.40350495607488285,-0.2205101100283354,0.7247425739951752,0.7714285714285715,0.938912645082468,0.938912645082468,0.8366902558519325,0.9110847658565501,0.7297297297297297,0.9110847658565501
621076,James Kaprielian,OAK,2021,27,119.33333333333333,21,502,2024,111.33333333333333,5.682539682539682,0.1633,27.243243243243242,87.5341,87.9933,36.808300395256914,0,0.3506,3,4.0726,1.2235,0.245,0.0817,4.2165,4.5567,-0.42210576091005625,-0.3752763693894769,105,108,0.8879669124015646,TRUE,-0.09913114074028485,0.18479102322635485,-1.2465900000000005,-1.2006699999999995,0.6704757868611125,-0.2205101100283354,-0.5694405938533518,0.8070739549839229,0.9529190207156308,0.9529190207156308,0.8709122203098106,0.9310027598896045,0.7699386503067485,0.9310027598896045
669145,Bruce Zimmermann,BAL,2021,26,64.33333333333333,13,285,1105,58.666666666666664,4.948717948717948,0.1193,25.5859375,89.6301,96.7659,37.10407239819005,0,0.4039,4,5.0363,1.5078,0.1965,0.0772,4.5897,4.4406,-0.4931821601038842,-0.37530020736892516,113,109,0.820047722484082,TRUE,-0.977693687921538,-0.23641519159423854,-1.03699,-0.3234099999999998,0.7998311283844907,-0.2205101100283354,0.7247425739951752,0.7037037037037037,0.91701244813278,0.91701244813278,0.7864768683274022,0.8804780876494024,0.6551724137931034,0.8804780876494024
605507,Zach Thompson,MIA,2021,27,75,14,315,1194,63.666666666666664,5.357142857142857,0.1206,26.50602409638554,92.6599,91.8759,35.92964824120603,0,0.434,4,3.24,1.2133,0.2095,0.0889,4.5818,4.6496,-0.501007756073644,-0.3803619144957944,114,110,0.8318543259854169,TRUE,-0.9517361581184556,-0.002574094892121505,-0.7340100000000007,-0.8124099999999999,0.28619888323139736,-0.2205101100283354,0.7247425739951752,0.7241379310344828,0.9227202472952086,0.9227202472952086,0.7991967871485943,0.8883928571428571,0.6774193548387096,0.8883928571428571
548389,Ross Stripling,TOR,2021,31,101.33333333333333,19,431,1686,86.33333333333333,5.333333333333333,0.1485,24.090338770388957,90.5967,92.6455,36.358244365361806,0,0.3555,4,4.7961,1.273,0.2181,0.0696,4.3482,4.5953,-0.4549948818062083,-0.39429369662693214,108,111,0.8710857741727984,TRUE,-0.39464763388307017,-0.6165233776415352,-0.9403300000000001,-0.7354500000000002,0.47364460989234874,-0.2205101100283354,0.7247425739951752,0.7822141560798548,0.9440089585666294,0.9440089585666294,0.8489425981873112,0.9183006535947712,0.7418244406196214,0.9183006535947712
672282,Reid Detmers,LAA,2021,21,20.666666666666668,5,101,379,20.666666666666668,4.133333333333334,0.0792,26.775956284153004,99.6369,89.4953,36.41160949868074,0,0.3382,3,7.4032,1.7903,0.1881,0.1089,5.2686,5.865,-0.8268935313353022,-0.40524094620393014,155,112,0.6332762161380285,FALSE,-1.7783836456935436,0.06602948989077838,-0.036310000000000286,-1.05047,0.4969837528046409,-0.2205101100283354,-0.5694405938533518,0.45701357466063347,0.791231732776618,0.791231732776618,0.5581737849779087,0.7164461247637051,0.40239043824701193,0.7164461247637051
547943,Hyun Jin Ryu,TOR,2021,34,169,31,701,2689,169,5.451612903225806,0.1512,22.648902821316614,90.55,97.405,33.69282261063592,0,0.4678,4,4.3669,1.2249,0.204,0.0528,4.1655,3.9448,-0.43736586620321,-0.4052464865282776,107,113,0.9142606067518401,TRUE,-0.34073584121512945,-0.982866028953992,-0.9450000000000003,-0.2594999999999999,-0.69207269251357,-0.2205101100283354,0.7247425739951752,0.853836784409257,0.9641448547866619,0.9641448547866619,0.8996319839411174,0.9471644945403311,0.8237367802585194,0.9471644945403311
672578,Carlos Hernández,KCR,2021,24,85.66666666666667,11,358,1434,58.333333333333336,7.787878787878788,0.0922,25.811209439528024,101.0204,101.1899,39.12133891213389,0,0.395,3,3.677,1.284,0.2067,0.1145,4.9122,4.9955,-0.5380527673207426,-0.40963917381531373,121,114,0.8515565668353782,TRUE,-1.5188083476627188,-0.17916206172321847,0.1020399999999995,0.11898999999999944,1.6820789282679462,-0.2205101100283354,-0.5694405938533518,0.7489539748953975,0.9348109517601043,0.9348109517601043,0.8269896193771626,0.9053030303030303,0.7047244094488189,0.9053030303030303
663554,Casey Mize,DET,2021,24,150.33333333333334,30,612,2357,150.33333333333334,5.011111111111111,0.1258,22.59259259259259,97.7175,99.4803,36.74162070428511,0,0.4806,4,3.7118,1.1375,0.1928,0.067,4.4497,4.3749,-0.4662169449332747,-0.41172542878894136,110,115,0.9036058377568269,TRUE,-0.8479060389061257,-0.9971773401850219,-0.2282499999999999,-0.05197000000000003,0.6413135466463724,-0.2205101100283354,0.7247425739951752,0.8360655737704918,0.9592999592999593,0.9592999592999593,0.8870907038012796,0.9401675309134424,0.8031496062992126,0.9401675309134424
547001,Cody Poteet,MIA,2021,26,30.666666666666668,7,132,549,30.666666666666668,4.380952380952381,0.1212,24.031007751937985,91.6042,91.5826,36.612021857923494,0,0.3293,4,4.9891,1.337,0.2424,0.1212,4.7843,4.9496,-0.6431525118275814,-0.4122621663593789,134,116,0.7001695400736557,TRUE,-0.939755759747802,-0.6316024261545029,-0.8395799999999994,-0.84174,0.5846337295376086,-0.2205101100283354,0.7247425739951752,0.5238095238095238,0.8459167950693375,0.8459167950693375,0.6466431095406361,0.7854077253218884,0.46808510638297873,0.7854077253218884
657248,Glenn Otto Jr.,TEX,2021,25,23.333333333333332,6,111,448,23.333333333333332,3.888888888888889,0.1802,22.123893805309734,94.5968,94.1852,30.803571428571427,0,0.4444,2,9.2571,1.7143,0.2523,0.0721,3.8158,3.4924,-0.524442314123622,-0.412913885687247,119,117,0.6625859390960616,TRUE,0.23831674669978734,-1.1162976913255898,-0.5403199999999998,-0.5814800000000006,-1.9556813833174425,-0.2205101100283354,-1.8636237617018787,0.4805194805194805,0.8175182481751825,0.8175182481751825,0.5989304812834224,0.7491638795986622,0.42528735632183906,0.7491638795986622
456501,Johnny Cueto,SFG,2021,35,114.66666666666667,21,490,1878,112.33333333333333,5.4603174603174605,0.1388,22.832980972515855,88.472,99.9203,34.98402555910543,0,0.3808,4,4.0814,1.3692,0.2,0.0612,4.4326,4.2736,-0.4769918897092712,-0.42368223186272747,112,118,0.8831602018613444,TRUE,-0.5883307408753007,-0.9360823491086097,-1.1528000000000005,-0.007970000000000255,-0.12736745767419955,-0.2205101100283354,0.7247425739951752,0.8032786885245902,0.9494438827098078,0.9494438827098078,0.8622589531680441,0.9260355029585798,0.765625,0.9260355029585798
665795,Edward Cabrera,MIA,2021,23,26.333333333333332,7,120,482,26.333333333333332,3.761904761904762,0.075,27.314814814814813,97.954,82.6933,40.871369294605806,0,0.4179,4,5.8101,1.6329,0.2333,0.1583,5.3132,5.1377,-0.8435052360940585,-0.4297780867004235,158,119,0.6774980821288301,FALSE,-1.862246434288118,0.20298102279241442,-0.20460000000000064,-1.7306700000000006,2.4474514975307633,-0.2205101100283354,0.7247425739951752,0.5,0.8281786941580757,0.8281786941580757,0.6163682864450127,0.7626582278481012,0.4444444444444444,0.7626582278481012
607200,Erick Fedde,WSN,2021,28,133.33333333333334,27,590,2410,131.66666666666666,4.938271604938272,0.1356,22.109158186864015,94.5633,104.0175,39.045643153526974,0,0.4975,3,5.4675,1.44,0.2169,0.0814,4.2988,4.0609,-0.4737539911661437,-0.4302383402771557,111,120,0.9029590472683982,TRUE,-0.6522261988521193,-1.120042766182095,-0.5436700000000002,0.40174999999999983,1.6489735274545947,-0.2205101100283354,-0.5694405938533518,0.8309859154929577,0.9601593625498008,0.9601593625498008,0.8892988929889298,0.94140625,0.7972972972972973,0.94140625
605164,Dylan Bundy,LAA,2021,28,90.66666666666667,19,397,1524,85.66666666666667,4.771929824561404,0.1259,23.348017621145374,93.5028,91.2193,34.90813648293963,0,0.4074,5,6.0551,1.3566,0.2116,0.0856,4.56,4.6644,-0.5344179426923517,-0.43900226669568526,120,121,0.8609758264208859,TRUE,-0.8459093058443498,-0.8051851757007675,-0.6497200000000006,-0.8780699999999996,-0.16055740556639442,-0.2205101100283354,2.018925741843702,0.7678916827852998,0.9384236453201971,0.9384236453201971,0.8355263157894737,0.910394265232975,0.7257769652650823,0.910394265232975
656849,David Peterson,NYM,2021,25,66.66666666666667,15,287,1122,66.66666666666667,4.444444444444445,0.1394,25.333333333333332,87.7669,88.6167,36.898395721925134,0,0.4916,4,5.535,1.395,0.2404,0.101,4.2735,3.9268,-0.5554737750079971,-0.44077193932957903,125,122,0.8216320907700514,TRUE,-0.5763503425046475,-0.3006148393196863,-1.2233099999999992,-1.1383300000000005,0.7098788122835781,-0.2205101100283354,0.7247425739951752,0.7051597051597052,0.9181669394435352,0.9181669394435352,0.7890295358649789,0.8820754716981132,0.6567505720823799,0.8820754716981132
607536,Kyle Freeland,COL,2021,28,120.66666666666667,23,515,1886,120.66666666666667,5.246376811594203,0.1301,21.584385763490243,93.4942,95.8135,35.790031813361615,0,0.4503,5,4.326,1.4171,0.2039,0.0738,4.4428,4.2578,-0.5079649502947803,-0.4426675761012386,116,123,0.8857385820820679,TRUE,-0.762046517249776,-1.2534142982561591,-0.6505799999999994,-0.4186499999999995,0.2251378952846395,-0.2205101100283354,2.018925741843702,0.8110236220472441,0.9496475327291037,0.9496475327291037,0.8627630375114365,0.9263261296660118,0.7744360902255639,0.9263261296660118
595939,Chris Ellis,2 Tms,2021,28,29.333333333333332,6,121,482,25.333333333333332,4.888888888888888,0.0744,25.892857142857142,94.6517,97.5165,37.96680497925311,0,0.2716,3,2.1477,1.1932,0.1901,0.1157,5.3521,5.4036,-0.8002257757382176,-0.4462546664768289,152,124,0.6780873263140995,TRUE,-1.8742268326587714,-0.15841120135345205,-0.5348299999999995,-0.24835000000000065,1.1771456360459465,-0.2205101100283354,-0.5694405938533518,0.5020746887966805,0.8281786941580757,0.8281786941580757,0.6163682864450127,0.7626582278481012,0.44649446494464945,0.7626582278481012
660761,José Suarez,LAA,2021,23,98.33333333333333,14,413,1650,71,7.023809523809524,0.1186,25.806451612903224,92.3471,98.1412,36.666666666666664,0,0.4807,3,3.7525,1.2305,0.2058,0.0872,4.4363,4.3302,-0.5389723883946526,-0.44661267219737816,122,125,0.867661558873397,TRUE,-0.9916708193539671,-0.18037126898722217,-0.7652900000000002,-0.1858800000000002,0.6085325361432171,-0.2205101100283354,-0.5694405938533518,0.774859287054409,0.9428571428571428,0.9428571428571428,0.8461538461538461,0.9166666666666666,0.7335701598579041,0.9166666666666666
571510,Matthew Boyd,DET,2021,30,78.66666666666667,15,337,1273,78.66666666666667,5.2444444444444445,0.1306,22.685185185185187,98.4338,100.0351,32.36449332285939,0,0.384,3,3.8898,1.2712,0.1988,0.0682,4.5627,4.7863,-0.5431033606777786,-0.4519603266673199,123,126,0.840314675217607,TRUE,-0.7520628519408982,-0.9736448232638951,-0.15661999999999948,0.003509999999999991,-1.273015063569171,-0.2205101100283354,-0.5694405938533518,0.737417943107221,0.9271667880553532,0.9271667880553532,0.8092816274634457,0.8945888966971187,0.6919917864476386,0.8945888966971187
596071,Dillon Peters,PIT,2021,28,26.666666666666668,6,117,443,26.666666666666668,4.444444444444445,0.1111,24.45414847161572,90.5555,89.3016,32.7313769751693,0,0.4819,4,3.7125,1.35,0.1966,0.0855,4.6254,4.5351,-0.7631341064697593,-0.45581922482739035,149,127,0.6648397585339139,TRUE,-1.141425798987135,-0.5240607117794974,-0.9444500000000005,-1.0698400000000006,-1.11255917297353,-0.2205101100283354,0.7247425739951752,0.4936708860759494,0.8158379373848987,0.8158379373848987,0.5962314939434724,0.7470489038785835,0.43820224719101125,0.7470489038785835
448179,Rich Hill,2 Tms,2021,41,158.66666666666666,31,661,2496,155.66666666666666,5.118279569892473,0.1437,23.110338835794963,105.3273,97.6561,33.37339743589744,0,0.3519,2,3.8571,1.2101,0.2269,0.0832,4.43,4.7011,-0.5043408744854876,-0.4584479497538019,115,128,0.909096794893068,TRUE,-0.49049082084829776,-0.8655915201117214,0.5327299999999994,-0.2343900000000005,-0.8317727052250588,-0.2205101100283354,-1.8636237617018787,0.8463508322663252,0.9614791987673343,0.9614791987673343,0.8927038626609443,0.9433106575963719,0.815043156596794,0.9433106575963719
518876,Merrill Kelly,ARI,2021,32,158,27,667,2425,158,5.851851851851852,0.1334,20.63758389261745,93.793,97.4361,33.56701030927835,0,0.4392,5,4.443,1.2911,0.1949,0.0615,4.425,4.2438,-0.5141066701014199,-0.4657515483144331,118,129,0.908302740978358,TRUE,-0.6961543262111821,-1.494045113566653,-0.6206999999999994,-0.2563900000000004,-0.7470964711287144,-0.2205101100283354,2.018925741843702,0.8475222363405337,0.9603960396039604,0.9603960396039604,0.8899082568807339,0.941747572815534,0.8164014687882497,0.941747572815534
675912,Zac Lowther,BAL,2021,25,29.666666666666668,6,138,571,23.666666666666668,4.944444444444445,0.1232,24.899598393574298,87.8738,85.9326,38.003502626970224,0,0.4286,4,6.6742,1.6517,0.2174,0.0942,4.5011,4.7698,-0.7284697271151628,-0.4738612437656253,143,130,0.7079239058762486,TRUE,-0.8998210985122905,-0.41084908725864816,-1.2126199999999998,-1.4067400000000005,1.1931952847837441,-0.2205101100283354,0.7247425739951752,0.5348837209302325,0.8509687034277198,0.8509687034277198,0.6555683122847302,0.7919556171983356,0.4791666666666667,0.7919556171983356
640444,Wil Crowe,PIT,2021,26,116.66666666666667,25,524,2171,116,4.666666666666667,0.1031,25.540679711637488,88.5665,92.4485,40.304007369875634,0,0.4294,5,5.4771,1.5686,0.2118,0.1088,4.8582,4.8985,-0.5706810786534378,-0.47566482698866946,127,131,0.8931975383274803,TRUE,-1.3011644439291812,-0.24791751203513715,-1.1433499999999994,-0.7551500000000004,2.1993168031951935,-0.2205101100283354,2.018925741843702,0.8136645962732919,0.9559665345662703,0.9559665345662703,0.8785916632942129,0.93537268418785,0.7774480712166172,0.93537268418785
596133,Luke Weaver,ARI,2021,27,65.66666666666667,13,275,1109,65.66666666666667,5.051282051282052,0.1527,23.725834797891036,91.9094,98.204,32.82236248872859,0,0.383,2,4.2487,1.1878,0.2255,0.0727,4.2862,4.2562,-0.5610125704900509,-0.47796923701655697,126,132,0.8180905811788407,TRUE,-0.3107848452884958,-0.7091624933682857,-0.8090599999999994,-0.17960000000000065,-1.0727668259514131,-0.2205101100283354,-1.8636237617018787,0.6962025316455697,0.9172870140612076,0.9172870140612076,0.78708303761533,0.880857823669579,0.6470588235294118,0.880857823669579
663903,Brady Singer,KCR,2021,24,128.33333333333334,27,586,2287,128.33333333333334,4.753086419753087,0.1331,25.325325325325327,96.5228,97.3221,36.335811106252734,0,0.4987,2,4.9091,1.5506,0.2235,0.0904,4.2976,4.1094,-0.5480172566157852,-0.4868366526211027,124,133,0.9004814554066958,TRUE,-0.7021445253965087,-0.30265008402637755,-0.34771999999999964,-0.2677899999999994,0.4638334652783928,-0.2205101100283354,-1.8636237617018787,0.830028328611898,0.9581064097193129,0.9581064097193129,0.8840355624275222,0.9384489125974559,0.7961956521739131,0.9384489125974559
643290,Justin Dunn,SEA,2021,25,50.333333333333336,11,218,870,50.333333333333336,4.575757575757576,0.0917,25,102.7282,93.8841,37.35632183908046,0,0.3382,3,3.755,1.3113,0.2248,0.133,5.1772,5.6086,-0.7147804963941985,-0.49192440997311304,140,134,0.7829497497242314,TRUE,-1.5287920129715968,-0.3853319002357403,0.2728200000000001,-0.6115899999999996,0.9101519574415831,-0.2205101100283354,-0.5694405938533518,0.6449704142011834,0.8969072164948454,0.8969072164948454,0.7435897435897436,0.8529411764705882,0.592391304347826,0.8529411764705882
657053,Touki Toussaint,ATL,2021,25,50,10,216,820,49,5,0.1204,25.28735632183908,96.2755,88.0837,39.51219512195122,0,0.4706,3,4.5,1.3,0.2222,0.1019,4.5794,4.5885,-0.6877540915116224,-0.4939911271081541,138,135,0.776927754223277,TRUE,-0.9557296242420068,-0.31229995117017617,-0.3724500000000006,-1.1916300000000006,1.8530191728011107,-0.2205101100283354,-0.5694405938533518,0.6428571428571429,0.8913043478260869,0.8913043478260869,0.7321428571428571,0.845360824742268,0.5901639344262295,0.845360824742268
502179,Paolo Espino,WSN,2021,34,109.66666666666667,19,455,1735,86,5.771929824561404,0.1473,20.25,96.5359,99.2267,34.5821325648415,0,0.3598,3,4.2675,1.2128,0.2022,0.0549,4.3405,4.4558,-0.5898760928965332,-0.5314651418354285,128,136,0.8754010424087697,TRUE,-0.4186084306243772,-1.5925500182895147,-0.3464100000000002,-0.0773300000000006,-0.3031346195871436,-0.2205101100283354,-0.5694405938533518,0.7913043478260869,0.9455040871934605,0.9455040871934605,0.8525798525798526,0.9204244031830239,0.7520661157024794,0.9204244031830239
669212,Eli Morgan,CLE,2021,25,89.33333333333333,18,379,1414,89.33333333333333,4.962962962962963,0.1557,22.829131652661065,88.245,93.3718,33.59264497878359,0,0.2921,3,5.3396,1.2537,0.2137,0.058,4.512,4.9158,-0.6120259571828377,-0.5388633913906015,130,137,0.8538599626046554,TRUE,-0.2508828534352285,-0.9370606583024806,-1.1754999999999995,-0.6628200000000006,-0.7358851955657648,-0.2205101100283354,-0.5694405938533518,0.7595190380761523,0.9339498018494056,0.9339498018494056,0.8249708284714119,0.9040920716112532,0.7164461247637051,0.9040920716112532
571578,Patrick Corbin,WSN,2021,31,171.66666666666666,31,751,2750,171.66666666666666,5.53763440860215,0.1105,24.924012158054712,93.8859,98.6132,36.763636363636365,0,0.4717,3,5.8194,1.468,0.1904,0.0799,4.6096,4.2906,-0.6112059251952359,-0.547085081561528,129,138,0.9176801811004569,TRUE,-1.1534061973577887,-0.4046443001406158,-0.6114099999999993,-0.1386799999999994,0.6509420547742619,-0.2205101100283354,-0.5694405938533518,0.8622273249138921,0.9649122807017544,0.9649122807017544,0.9016393442622951,0.9482758620689655,0.8335183129855716,0.9482758620689655
489119,Wade Miley,CIN,2021,34,163,28,690,2592,163,5.821428571428571,0.1087,23.88302193338749,98.3566,98.7957,37.19135802469136,0,0.494,3,3.3681,1.3252,0.1812,0.0725,4.5182,4.073,-0.6207105574837475,-0.5505696785665013,132,139,0.912263226860343,TRUE,-1.1893473924697489,-0.6692131969690663,-0.16433999999999999,-0.12043000000000034,0.838005336606328,-0.2205101100283354,-0.5694405938533518,0.8518518518518519,0.962852897473997,0.962852897473997,0.8962655601659751,0.9452954048140044,0.8214285714285714,0.9452954048140044
518516,Madison Bumgarner,ARI,2021,31,146.33333333333334,26,613,2294,146.33333333333334,5.628205128205129,0.1387,21.708185053380785,101.0871,94.2484,32.51961639058413,0,0.3326,3,4.6743,1.1822,0.2023,0.0636,4.5663,4.8515,-0.6222468762181542,-0.5613482965301113,133,140,0.9025362201195651,TRUE,-0.5903274739370766,-1.2219505623070952,0.10871000000000067,-0.5751599999999997,-1.2051722751892822,-0.2205101100283354,-0.5694405938533518,0.8362892223738063,0.9582289055973267,0.9582289055973267,0.8843484965304549,0.9386252045826514,0.8034076015727392,0.9386252045826514
663738,Daniel Lynch IV,KCR,2021,24,68,15,311,1257,68,4.533333333333333,0.0772,25.87646076794658,91.6151,94.8531,38.74303898170247,0,0.3881,4,5.6912,1.6324,0.1768,0.0997,5.1909,5.2241,-0.7565966331410932,-0.5670607238997253,147,141,0.8347023339939372,TRUE,-1.8183183069290552,-0.16257835942975402,-0.8384900000000002,-0.5146900000000002,1.5166301494317358,-0.2205101100283354,0.7247425739951752,0.7215777262180975,0.9263080324244657,0.9263080324244657,0.8073217726396917,0.8933901918976546,0.6746203904555315,0.8933901918976546
527048,Martín Pérez,BOS,2021,30,114,22,509,1860,100,5.181818181818182,0.1198,19.27570093457944,96.2511,102.4365,35.86021505376344,0,0.4365,4,4.7368,1.5088,0.1906,0.0707,4.5217,4.4788,-0.6466951466471916,-0.5729342373576741,135,142,0.884488563814993,TRUE,-0.96771002261266,-1.84016927811658,-0.3748900000000006,0.24364999999999953,0.2558324063991611,-0.2205101100283354,0.7247425739951752,0.809220985691574,0.9489795918367347,0.9489795918367347,0.8611111111111112,0.9253731343283582,0.7723823975720789,0.9253731343283582
425794,Adam Wainwright,STL,2021,39,206.33333333333334,32,828,3068,206.33333333333334,6.447916666666667,0.1498,20.223048327137548,96.1692,97.4088,34.51760104302477,0,0.4746,3,3.0533,1.0565,0.2101,0.0604,4.1344,3.8719,-0.6146427341219634,-0.5785668032558513,131,143,0.9249447050125895,TRUE,-0.36869010407998776,-1.5993998178245485,-0.38307999999999964,-0.2591200000000001,-0.3313573619726489,-0.2205101100283354,-0.5694405938533518,0.8734177215189873,0.9684343434343434,0.9684343434343434,0.9109263657957245,0.9533871970167807,0.8466257668711656,0.9533871970167807
501381,Michael Pineda,MIN,2021,32,109.33333333333333,21,458,1707,106.33333333333333,5.2063492063492065,0.1463,22.108843537414966,92.449700000000007,94.7078,30.93145869947276,0,0.3977,3,3.622,1.2348,0.1921,0.0459,4.3607,4.2892,-0.6512806923249397,-0.5795513861474586,136,144,0.8748526587279263,TRUE,-0.4385757612421324,-1.120122734711722,-0.7550299999999993,-0.5292199999999994,-1.8997501205884457,-0.2205101100283354,-0.5694405938533518,0.7923875432525952,0.9446596568898727,0.9446596568898727,0.8505231689088192,0.9192245557350566,0.7532894736842105,0.9192245557350566
663465,Kolby Allard,TEX,2021,23,124.66666666666667,17,534,2054,91.66666666666667,7.333333333333334,0.1367,19.798994974874372,94.5125,95.4123,34.56669912366115,0,0.3852,4,5.4144,1.2754,0.1948,0.0581,4.4077,4.6366,-0.6711952863681225,-0.6036828708915272,137,145,0.8915437431312598,TRUE,-0.6302621351725881,-1.7071734788505581,-0.5487499999999997,-0.4587699999999998,-0.30988440670345946,-0.2205101100283354,0.7247425739951752,0.8165137614678899,0.9535747446610956,0.9535747446610956,0.8725573491928632,0.9319419237749547,0.7807017543859649,0.9319419237749547
669211,Keegan Akin,BAL,2021,26,95,17,427,1768,77,5.588235294117647,0.0984,21.699196326061998,104.8218,99.8394,34.502262443438916,0,0.3621,3,6.6316,1.5789,0.192,0.0937,4.919,5.1844,-0.7233242330383964,-0.604936378686121,142,146,0.873158460672295,TRUE,-1.3950108978326332,-1.2242350579865655,0.4821799999999996,-0.01606000000000023,-0.33806567029203677,-0.2205101100283354,-0.5694405938533518,0.7806215722120659,0.9464668094218416,0.9464668094218416,0.8549323017408124,0.921793534932221,0.7400346620450606,0.921793534932221
668820,Max Kranick,PIT,2021,23,38.666666666666664,9,182,674,38.666666666666664,4.296296296296296,0.0714,26.050420168067227,92.831,92.9849,35.90504451038576,0,0.3306,3,6.2845,1.7069,0.1758,0.1044,5.3613,5.7634,-0.9307205772122356,-0.6107501345715053,165,147,0.7457654230621488,FALSE,-1.9341288245120385,-0.11836637213893046,-0.7168999999999996,-0.7015100000000004,0.275438486806299,-0.2205101100283354,-0.5694405938533518,0.6026490066225165,0.8708010335917312,0.8708010335917312,0.6919917864476386,0.8179611650485437,0.5481927710843374,0.8179611650485437
605347,Jorge López,BAL,2021,28,121.66666666666667,25,555,2166,113.33333333333333,4.866666666666667,0.1009,20.696937697993665,99.7289,98.3643,38.227146814404435,0,0.504,4,6.0658,1.6274,0.2018,0.1009,4.6458,4.479,-0.71935297119045,-0.6259517646477062,141,148,0.8957152616417993,TRUE,-1.3450925712882438,-1.4789602737296836,-0.02711000000000041,-0.16357,1.2910056588501864,-0.2205101100283354,0.7247425739951752,0.8222222222222222,0.9558693733451015,0.9558693733451015,0.878345498783455,0.93523316062176165,0.7872340425531915,0.93523316062176165
641771,Chad Kuhl,PIT,2021,28,80.33333333333333,14,349,1436,67,5.738095238095238,0.0946,27.1356783919598,94.1206,80.1917,41.57381615598886,0,0.4409,4,4.8174,1.4315,0.2149,0.1203,4.8927,4.8985,-0.8144079770905115,-0.6285770943867253,154,149,0.8501943939600715,FALSE,-1.470886754180105,0.1574532890505378,-0.5879400000000004,-1.9808300000000003,2.7546653404744172,-0.2205101100283354,0.7247425739951752,0.744136460554371,0.9348958333333334,0.9348958333333334,0.8271889400921659,0.905422446406053,0.6993987975951904,0.905422446406053
425844,Zack Greinke,HOU,2021,37,171,29,697,2577,168.66666666666666,5.896551724137931,0.1205,21.838111298482293,88.4888,97.2229,36.43771827706636,0,0.4438,4,4.1579,1.1696,0.1722,0.0516,4.5359,4.2079,-0.6929680664159329,-0.6288087268858094,139,150,0.9124326798153658,TRUE,-0.9537328911802312,-1.188929653444519,-1.1511200000000001,-0.27771000000000046,0.5084023790144838,-0.2205101100283354,0.7247425739951752,0.8531211750305998,0.9626447515875981,0.9626447515875981,0.8957247132429614,0.944994499449945,0.8229043683589138,0.944994499449945
666129,Braxton Garrett,MIA,2021,23,34,7,159,604,31,4.857142857142857,0.0755,21.771217712177123,93.3501,86.7595,37.58278145695364,0,0.3838,5,5.0294,1.8235,0.2013,0.1258,5.1459,4.63,-1.0195482634493036,-0.6583226078678843,176,151,0.7243754685227086,FALSE,-1.8522627689792401,-1.2059307375222443,-0.6649900000000002,-1.3240499999999997,1.0091936548326026,-0.2205101100283354,2.018925741843702,0.5698924731182796,0.8579545454545454,0.8579545454545454,0.668141592920354,0.8010610079575596,0.5145631067961165,0.8010610079575596
592716,Adrian Sampson,CHC,2021,29,35.333333333333336,5,145,554,24,7.066666666666667,0.1379,21.299638989169676,80.7546,85.5765,37.00361010830325,0,0.4412,4,2.8019,1.0755,0.1931,0.0552,4.2922,4.6713,-0.9193237490304028,-0.6639383572780034,163,152,0.7079229168076571,FALSE,-0.6063013384312811,-1.3257830277334555,-1.9245400000000004,-1.4423500000000005,0.7558941306644413,-0.2205101100283354,0.7247425739951752,0.5471698113207547,0.8470948012232415,0.8470948012232415,0.6487119437939111,0.7869318181818182,0.4915254237288136,0.7869318181818182
641540,Dane Dunning,TEX,2021,26,117.66666666666667,25,511,1909,114.66666666666667,4.706666666666667,0.1389,23.190045248868778,91.1806,88.3829,35.14929282346778,0,0.5391,3,4.5127,1.4363,0.2231,0.0841,4.1177,3.8717,-0.7557585274054104,-0.6686180291465205,146,153,0.8859764152942059,FALSE,-0.5863340078135253,-0.8453340409563976,-0.8819400000000002,-1.1617099999999994,-0.055088123551222765,-0.2205101100283354,-0.5694405938533518,0.8098256735340729,0.9502239920358387,0.9502239920358387,0.8641919420552286,0.9271491015055853,0.773071104387292,0.9271491015055853
615698,Cal Quantrill,CLE,2021,26,149.66666666666666,22,616,2357,121,6.803030303030303,0.1201,22.131887985546523,89.9908,92.4161,37.335596096733134,0,0.4316,4,2.8864,1.1759,0.1964,0.0763,4.5234,4.4321,-0.7502407634088243,-0.6701541553025941,144,154,0.9038799645227314,TRUE,-0.9617198234273334,-1.1142659609633079,-1.0009200000000007,-0.75839,0.9010875921430538,-0.2205101100283354,0.7247425739951752,0.8369565217391305,0.9592999592999593,0.9592999592999593,0.8870907038012796,0.9401675309134424,0.804177545691906,0.9401675309134424
650668,Humberto Mejía,ARI,2021,24,22.333333333333332,5,105,421,22.333333333333332,4.466666666666667,0.1048,21.5962441314554,85.4028,83.9682,36.104513064133016,0,0.2933,4,7.2537,1.8358,0.1905,0.0857,4.9335,4.879,-1.1006985963984073,-0.6786903611171261,181,155,0.6504387717289314,FALSE,-1.2672199818789964,-1.2504004800123514,-1.4597200000000001,-1.6031800000000005,0.3626756919415809,-0.2205101100283354,0.7247425739951752,0.4666666666666667,0.8080614203454894,0.8080614203454894,0.5839112343966713,0.7373029772329247,0.4117647058823529,0.7373029772329247
608328,Chase De Jong,PIT,2021,27,43.666666666666664,9,196,775,43.666666666666664,4.851851851851851,0.102,22.19178082191781,93.7207,92.4493,36.774193548387096,0,0.3015,3,5.771,1.5573,0.199,0.0969,5.0607,5.3842,-0.932519038337093,-0.681438969265891,168,156,0.7649659475226649,FALSE,-1.3231285076087127,-1.0990441257614032,-0.6279300000000007,-0.7550700000000006,0.6555592201090921,-0.2205101100283354,-0.5694405938533518,0.620253164556962,0.8857142857142857,0.8857142857142857,0.7209302325581395,0.8378378378378378,0.5664739884393064,0.8378378378378378
623167,Chris Flexen,SEA,2021,26,179.66666666666666,31,741,2811,179.66666666666666,5.795698924731182,0.1147,19.29949964260186,92.8058,100.8367,35.04091070793312,0,0.4243,4,3.6067,1.2523,0.1687,0.054,4.6995,4.5559,-0.753730327313808,-0.6914432055760146,145,157,0.9179747084180147,TRUE,-1.0695434087632145,-1.834120808324804,-0.7194199999999995,0.08366999999999933,-0.102488842452875,-0.2205101100283354,0.7247425739951752,0.8606271777003485,0.9656475437993817,0.9656475437993817,0.9035679845708775,0.9493414387031408,0.8316498316498316,0.9493414387031408
543475,Jordan Lyles,TEX,2021,30,180,30,769,2964,167,6,0.117,23.51294611616515,89.5897,95.4603,35.99865047233468,0,0.3759,3,5.15,1.3889,0.1899,0.0728,4.6982,4.7347,-0.7586763365041134,-0.6921951071974112,148,158,0.92118156439923,TRUE,-1.023618548342376,-0.7632684036226169,-1.0410300000000006,-0.45396999999999965,0.3163768821123105,-0.2205101100283354,-0.5694405938533518,0.8650168728908887,0.9673629242819843,0.9673629242819843,0.9080882352941176,0.9518304431599229,0.8367791077257889,0.9518304431599229
543606,Jake Odorizzi,HOU,2021,31,104.66666666666667,23,441,1847,100.66666666666667,4.550724637681159,0.1293,21.902654867256636,88.1936,94.7905,36.816459122902,0,0.3528,3,4.2134,1.2516,0.2063,0.0771,4.6205,4.818,-0.7891367321986383,-0.6949259645960602,150,159,0.8770874028350819,FALSE,-0.7780203817439805,-1.1725258291017322,-1.1806399999999997,-0.5209500000000006,0.6740439913918345,-0.2205101100283354,-0.5694405938533518,0.786096256684492,0.9486389316897792,0.9486389316897792,0.8602701443875175,0.9248873309964948,0.7461928934010152,0.9248873309964948
642203,Taylor Widener,ARI,2021,26,70.33333333333333,13,319,1217,61,5.41025641025641,0.1129,23.43470483005367,90.226,90.4063,37.79786359901397,0,0.3401,3,4.3507,1.4502,0.2288,0.116,4.8083,5.2789,-0.8698063692384886,-0.7057760786616594,160,160,0.833963480690674,FALSE,-1.1054846038751749,-0.7831535190275873,-0.9774,-0.9593699999999998,1.1032594341013855,-0.2205101100283354,-0.5694405938533518,0.7266514806378133,0.9240698557327259,0.9240698557327259,0.8022412656558998,0.8902706656912948,0.6801705756929638,0.8902706656912948
668676,Zach Plesac,CLE,2021,26,142.66666666666666,25,598,2205,142.66666666666666,5.706666666666666,0.1104,23.131672597864767,85.002,93.8237,33.92290249433107,0,0.4525,4,4.6682,1.1986,0.1672,0.0569,4.7342,4.7698,-0.8090906201300931,-0.7173381357828023,153,161,0.8997739159241954,FALSE,-1.1554029304195643,-0.8601695192492125,-1.4998000000000005,-0.6176299999999998,-0.5914476785234078,-0.2205101100283354,0.7247425739951752,0.8328690807799443,0.9566160520607375,0.9566160520607375,0.8802395209580839,0.9363057324840764,0.7994652406417112,0.9363057324840764
605288,Adrian Houser,MIL,2021,28,142.33333333333334,26,599,2352,135.33333333333334,5.4743589743589745,0.0684,19.23444976076555,95.2505,97.2575,39.41326530612245,1,0.5898,4,3.2248,1.2787,0.1753,0.1068,4.7254,4.3117,-0.7916788140209322,-0.7183982656079375,151,162,0.9026060271437009,TRUE,-1.9940308163653058,-1.8506533127311302,-0.47494999999999976,-0.27425000000000066,1.8097523997919385,4.504706533435995,0.7247425739951752,0.8331015299026425,0.9592169657422512,0.9592169657422512,0.8868778280542986,0.9400479616306955,0.7997329773030708,0.9400479616306955
675921,Spencer Howard,2 Tms,2021,24,49.666666666666664,15,229,936,43.666666666666664,3.311111111111111,0.1092,25.238095238095237,95.2364,84.3618,37.39316239316239,0,0.363,2,7.4295,1.6107,0.2271,0.1179,4.7985,4.9841,-0.9668803244057337,-0.7245253367651956,169,163,0.7926243372516915,FALSE,-1.179363727160871,-0.3248197138671303,-0.4763599999999997,-1.5638199999999998,0.9262641060152139,-0.2205101100283354,-1.8636237617018787,0.6561604584527221,0.9034749034749034,0.9034749034749034,0.7572815533980582,0.861878453038674,0.604221635883905,0.861878453038674
572070,Garrett Richards,BOS,2021,33,136.66666666666666,22,617,2331,110.33333333333333,6.212121212121212,0.0891,22.52410166520596,98.9326,98.5028,35.56413556413556,0,0.4702,3,4.8732,1.5951,0.1864,0.0972,4.8255,4.7084,-0.8282302855754927,-0.7264594731466539,156,164,0.9034851232286444,FALSE,-1.5807070725777619,-1.0145843903878526,-0.10674000000000064,-0.14972000000000066,0.12634258613534063,-0.2205101100283354,-0.5694405938533518,0.8371777476255088,0.9588646647470177,0.9588646647470177,0.8859749144811858,0.939540507859734,0.8044328552803129,0.939540507859734
592314,Mike Foltynewicz,TEX,2021,29,139,24,586,2236,130,5.791666666666667,0.1041,18.30188679245283,95.5574,95.5961,35.37567084078712,0,0.3759,5,5.4388,1.259,0.1655,0.0614,4.8984,5.0557,-0.8343715967660904,-0.7404571629087054,157,165,0.8995110810521137,FALSE,-1.2811971133114255,-2.0876652941149456,-0.4442599999999999,-0.4403899999999993,0.04391788598764727,-0.2205101100283354,2.018925741843702,0.830028328611898,0.9571917808219178,0.9571917808219178,0.8817034700315457,0.9371332774518022,0.7961956521739131,0.9371332774518022
663804,Jackson Kowar,KCR,2021,24,30.333333333333332,8,154,631,27.333333333333332,3.7916666666666665,0.0584,24.444444444444443,95.263,85.89,41.67987321711569,0,0.3495,3,11.2747,2.0769,0.1883,0.1299,5.4594,5.8186,-1.178311558927909,-0.7460623872384599,190,166,0.7269525508023627,FALSE,-2.1937041225428633,-0.526527001762498,-0.47369999999999945,-1.411,2.801049201106854,-0.2205101100283354,-0.5694405938533518,0.5620437956204379,0.8632010943912448,0.8632010943912448,0.677765843179377,0.8079385403329066,0.506578947368421,0.8079385403329066
594835,Marco Gonzales,SEA,2021,29,143.33333333333334,25,585,2324,143.33333333333334,5.733333333333333,0.1128,20.43010752688172,92.8338,93.5655,35.327022375215144,0,0.3216,4,3.9558,1.1651,0.1846,0.0718,4.9419,5.1579,-0.8439986020020799,-0.7526303333311779,159,167,0.9010867095242089,FALSE,-1.1074813369369505,-1.546775477310679,-0.7166200000000004,-0.64345,0.022641569039980203,-0.2205101100283354,0.7247425739951752,0.8297872340425532,0.9587458745874587,0.9587458745874587,0.885670731707317,0.9393694421988682,0.7959183673469388,0.9393694421988682
571945,Miles Mikolas,STL,2021,32,44.666666666666664,9,186,709,44.666666666666664,4.962962962962963,0.1075,17.341040462427745,91.7546,97.4803,32.15796897038082,0,0.4929,4,4.2313,1.209,0.1667,0.0591,4.553,4.2746,-0.9970782290717829,-0.7572366654889459,173,168,0.7525183411110979,FALSE,-1.213308189211056,-2.331865525330053,-0.8245400000000004,-0.25197,-1.3633381093031485,-0.2205101100283354,0.7247425739951752,0.6078431372549019,0.8763906056860321,0.8763906056860321,0.7026759167492567,0.8253783469150174,0.5535714285714286,0.8253783469150174
661269,Vladimir Gutierrez,CIN,2021,25,114,22,496,1831,114,5.181818181818182,0.0847,23.557126030624264,88.3145,92.2885,36.75587110868378,0,0.4339,4,4.7368,1.4123000000000001,0.1774,0.0927,5.0806,5.1087,-0.9295970649454496,-0.789762091835074,164,169,0.882457962905695,FALSE,-1.668563327295887,-0.7520400261091204,-1.1685500000000004,-0.7711500000000001,0.6475459348019628,-0.2205101100283354,0.7247425739951752,0.8051948051948052,0.9482133609528741,0.9482133609528741,0.8592210229938996,0.9242806663301363,0.7678018575851393,0.9242806663301363
518774,Matt Harvey,BAL,2021,32,127.66666666666667,28,582,2232,127.66666666666667,4.559523809523809,0.0997,19.140989729225023,89.1922,95.3463,35.88709677419355,0,0.4273,5,6.2742000000000004,1.5431,0.1632,0.0636,4.854,4.8108,-0.8941900350840737,-0.7932840171124711,162,170,0.8991357866081906,FALSE,-1.369053368029551,-1.8744062902868357,-1.08078,-0.46537000000000006,0.26758907739063137,-0.2205101100283354,2.018925741843702,0.8290598290598291,0.9571183533447685,0.9571183533447685,0.8815165876777251,0.9370277078085643,0.7950819672131147,0.9370277078085643
670912,Johan Oviedo,STL,2021,23,62.333333333333336,13,288,1086,57.666666666666664,4.794871794871795,0.0486,26.078028747433265,92.1064,86.5401,39.226519337016576,0,0.4817,4,4.9091,1.5722,0.1771,0.1285,5.3916,5.2166,-1.0836423317349466,-0.7943486020577876,180,171,0.8193734103404882,FALSE,-2.38938396259687,-0.11134961903905524,-0.7893600000000006,-1.3459900000000005,1.728079393651241,-0.2205101100283354,0.7247425739951752,0.7058823529411765,0.9156829679595279,0.9156829679595279,0.7835497835497836,0.8786407766990292,0.6575342465753424,0.8786407766990292
650496,J.C. Mejía,CLE,2021,24,52.333333333333336,11,238,982,42.333333333333336,4.757575757575758,0.0966,20.758928571428573,95.2704,85.4139,38.187372708757636,0,0.4785,4,8.2548,1.6051,0.1975,0.1008,4.7452,4.7085,-1.0452373273721711,-0.7948746291878516,178,172,0.7991909456230701,FALSE,-1.4309520929445936,-1.46320521992661,-0.4729600000000005,-1.4586100000000002,1.2736105268948072,-0.2205101100283354,0.7247425739951752,0.664804469273743,0.9075785582255084,0.9075785582255084,0.765990639625585,0.8674911660777385,0.6134020618556701,0.8674911660777385
543294,Kyle Hendricks,CHC,2021,31,181,32,785,2809,181,5.65625,0.1108,20.13177159590044,91.7145,94.7845,32.75186899252403,0,0.43120000000000003,4,4.7735,1.3481,0.1669,0.0561,4.7011,4.6071,-0.8761769654067179,-0.802209853031294,161,173,0.9200491008782722,FALSE,-1.147415998172462,-1.622597907025846,-0.8285499999999999,-0.5215500000000006,-1.1035970268706623,-0.2205101100283354,0.7247425739951752,0.8674033149171271,0.9656239257476796,0.9656239257476796,0.9035059504663879,0.9493071983778304,0.839572192513369,0.9493071983778304
453281,Wade LeBlanc,2 Tms,2021,36,49,9,221,794,36.4,5.444444444444445,0.0543,20.485175202156334,94.3578,91.3037,36.523929471032744,0,0.355,5,4.4082,1.4898,0.1312,0.0769,5.47,5.7206,-1.1324324756168735,-0.8050440215286969,184,174,0.7754354116773957,FALSE,-2.275570178075662,-1.5327799625084442,-0.5642200000000003,-0.8696299999999993,0.5461066861431779,-0.2205101100283354,2.018925741843702,0.6480938416422287,0.8881431767337807,0.8881431767337807,0.7257769652650823,0.8411016949152542,0.5956873315363881,0.8411016949152542
621112,Paul Blackburn,OAK,2021,27,38.333333333333336,9,175,681,38.333333333333336,4.2592592592592595,0.0914,15.916955017301039,87.4872,102.8814,39.94126284875183,0,0.5,4,5.8696,1.6174,0.1486,0.0571,4.7073,4.5477,-1.0815390036349182,-0.8136382336953903,179,175,0.7441112433347674,FALSE,-1.5347822121569237,-2.6937985255434493,-1.25128,0.28813999999999995,2.0406711540114486,-0.2205101100283354,0.7247425739951752,0.5932203389830508,0.8719590268886044,0.8719590268886044,0.6941896024464832,0.8194945848375451,0.5384615384615384,0.8194945848375451
643377,Griffin Jax,MIN,2021,26,82,14,360,1394,69.33333333333333,5.857142857142857,0.1,21.39673105497771,89.3608,89.674,35.79626972740316,0,0.3192,4,6.3659,1.3537,0.1806,0.0806,5.1112,5.7548,-0.9884573322396961,-0.8180225718808644,171,176,0.8500881992282531,FALSE,-1.3630631688442238,-1.301106964372881,-1.0639200000000002,-1.0325999999999993,0.22786603551845167,-0.2205101100283354,0.7247425739951752,0.75,0.9330655957161981,0.9330655957161981,0.8229043683589138,0.9028497409326425,0.7058823529411765,0.9028497409326425
502624,Chase Anderson,PHI,2021,33,48,9,215,852,36.333333333333336,5.333333333333333,0.0698,23.544303797468356,89.2081,90.5867,37.79342723004695,0,0.3636,3,6.75,1.4792,0.1628,0.093,5.2771,5.6487,-1.152673338651659,-0.8357057622724507,186,177,0.7801328918259468,FALSE,-1.9660765535004479,-0.7552988118311672,-1.0791899999999999,-0.9413300000000007,1.101319196292662,-0.2205101100283354,-0.5694405938533518,0.6417910447761194,0.8949579831932774,0.8949579831932774,0.7395833333333334,0.8502994011976048,0.589041095890411,0.8502994011976048
457918,J.A. Happ,2 Tms,2021,38,152.33333333333334,30,671,2674,152.33333333333334,5.077777777777778,0.1103,19.578783151326054,91.8775,92.2283,37.284966342557965,0,0.3496,4,5.7899,1.477,0.1818,0.0715,4.8891,5.1092,-0.9319605034045376,-0.8443372560723221,166,178,0.912340669817001,FALSE,-1.15739966348134,-1.763140574260493,-0.8122500000000002,-0.7771699999999996,0.8789447622686039,-0.2205101100283354,0.7247425739951752,0.8482932996207333,0.9639509733237203,0.9639509733237203,0.8991257565568258,0.9468838526912181,0.8172959805115713,0.9468838526912181
608344,Cole Irvin,OAK,2021,27,178.33333333333334,32,768,2682,178.33333333333334,5.572916666666667,0.1081,19.49820788530466,90.0691,95.7089,32.10290827740492,0,0.3761,4,4.2393,1.329,0.1628,0.0547,4.8485,4.8225,-0.9322345360920182,-0.8536244251067383,167,179,0.9175770886911231,FALSE,-1.2013277908404023,-1.7836188734200784,-0.9930899999999994,-0.42911,-1.3874188021130813,-0.2205101100283354,0.7247425739951752,0.8648648648648649,0.9640546369518332,0.9640546369518332,0.8993963782696177,0.9470338983050848,0.8366013071895425,0.9470338983050848
663531,Logan Allen,CLE,2021,24,50.333333333333336,11,222,874,44.333333333333336,4.575757575757576,0.0901,19.18158567774936,94.9483,93.3293,38.901601830663616,0,0.4512,3,6.2583,1.4901,0.1667,0.0766,4.8597,4.8444,-1.1276830479088351,-0.8608514091828222,183,180,0.784578973516357,FALSE,-1.560739741960006,-1.8640887819545917,-0.5051699999999997,-0.6670699999999996,1.5859773198092035,-0.2205101100283354,-0.5694405938533518,0.6491228070175439,0.8973305954825462,0.8973305954825462,0.7444633730834753,0.853515625,0.5967741935483871,0.853515625
641745,Brad Keller,KCR,2021,25,133.66666666666666,26,613,2348,133.66666666666666,5.1410256410256405,0.0914,22.433460076045627,91.0719,93.7986,38.88415672913118,0,0.4785,3,5.3865,1.6608,0.1958,0.1044,4.8373,4.5652,-0.9820567370648065,-0.8692539407445661,170,181,0.9035154784743301,FALSE,-1.5347822121569237,-1.0376210574791247,-0.8928100000000001,-0.6201400000000007,1.578347736737581,-0.2205101100283354,-0.5694405938533518,0.8362892223738063,0.9591503267973857,0.9591503267973857,0.8867069486404834,0.9399519615692554,0.8034076015727392,0.9399519615692554
663460,Kris Bubic,KCR,2021,23,130,20,556,2202,103.66666666666667,6.5,0.0989,23.427991886409735,87.5148,90.4704,37.87465940054496,0,0.4693,3,4.4308,1.3846,0.205,0.1061,4.7319,4.5679,-0.9910229286262174,-0.870523731050467,172,182,0.8965263639502563,FALSE,-1.3850272325237554,-0.7848596215944147,-1.2485200000000005,-0.9529600000000003,1.136845936664469,-0.2205101100283354,-0.5694405938533518,0.8224852071005917,0.9565595134665508,0.9565595134665508,0.8800959232613909,0.9362244897959183,0.7875354107648725,0.9362244897959183
547942,Kwang Hyun Kim,STL,2021,32,106.66666666666667,21,452,1784,96.66666666666667,5.07936507936508,0.0907,22.010178117048348,88.2009,94.9641,38.34080717488789,0,0.4738,3,3.4594,1.2844,0.177,0.0863,4.85,4.6989,-1.0229124266824006,-0.8773759795009589,177,183,0.8765443404596617,FALSE,-1.5487593435893525,-1.1451986679942427,-1.1799099999999996,-0.5035899999999998,1.3407148084728833,-0.2205101100283354,-0.5694405938533518,0.7902097902097902,0.9469214437367304,0.9469214437367304,0.8560460652591171,0.922440537745605,0.7508305647840532,0.922440537745605
621219,Alec Mills,CHC,2021,29,119,20,517,1936,99.33333333333333,5.95,0.1025,18.651685393258425,91.8249,88.1895,35.69214876033058,0,0.5131,5,5.0672,1.437,0.1683,0.0658,4.4957,4.3279,-1.0103214232986837,-0.8833708487029384,175,184,0.8872162140126081,FALSE,-1.3131448422998349,-1.998763565996551,-0.8175100000000001,-1.1810500000000004,0.18232892205994014,-0.2205101100283354,2.018925741843702,0.8116169544740973,0.9508840864440079,0.9508840864440079,0.8658318425760286,0.9280920421860019,0.775112443778111,0.9280920421860019
685503,Kohei Arihara,TEX,2021,28,40.666666666666664,10,178,696,40.666666666666664,4.066666666666666,0.0618,18.6046511627907,87.4416,90.0114,38.793103448275865,0,0.4074,5,6.6393,1.4262,0.1348,0.073,5.3903,5.4999,-1.2767407399842863,-0.896055083413253,195,185,0.7475610476155315,FALSE,-2.125815198442494,-2.0107173712995734,-1.2558400000000005,-0.9988600000000005,1.5385257518131803,-0.2205101100283354,2.018925741843702,0.5973154362416108,0.8743718592964824,0.8743718592964824,0.6987951807228916,0.8226950354609929,0.5426829268292683,0.8226950354609929
665152,Dean Kremer,BAL,2021,25,53.666666666666664,13,245,986,53.666666666666664,4.128205128205128,0.0898,20.3579418344519,90.8062,90.4407,39.249492900608516,0,0.3041,3,7.5466,1.6398,0.1918,0.102,5.2609,5.7321,-1.1687658628411015,-0.9094887086935066,188,186,0.8014225683729114,FALSE,-1.5667299411453326,-1.565116473395558,-0.9193799999999996,-0.9559299999999993,1.7381268394370961,-0.2205101100283354,-0.5694405938533518,0.6712328767123288,0.9079189686924494,0.9079189686924494,0.7667185069984448,0.8679577464788732,0.620253164556962,0.8679577464788732
519043,Matt Moore,PHI,2021,32,73,13,334,1254,56.333333333333336,5.615384615384615,0.0749,22.073578595317727,98.8024,87.9224,36.68261562998405,0,0.3874,3,6.2877,1.589,0.1886,0.1138,5.1649,5.2631,-1.1437972998834536,-0.9114858138288563,185,187,0.8387613671201921,FALSE,-1.8642431673498936,-1.1290853614552807,-0.11975999999999942,-1.2077600000000004,0.6155077859180599,-0.2205101100283354,-0.5694405938533518,0.73568281938326,0.9261447562776958,0.9261447562776958,0.806949806949807,0.8931623931623932,0.6900826446280992,0.8931623931623932
622608,Antonio Senzatela,COL,2021,26,156.66666666666666,28,670,2405,156.66666666666666,5.595238095238095,0.109,19.689119170984455,93.1639,99.3372,35.46777546777547,0,0.5117,2,4.4234,1.3404,0.1567,0.0478,4.44,4.1689,-1.0097356043738732,-0.9205401342660177,174,188,0.9081445081883183,FALSE,-1.1833571932844222,-1.7350985443645857,-0.6836100000000002,-0.06628000000000042,0.08419967520978053,-0.2205101100283354,-1.8636237617018787,0.8481012658227848,0.9600798403193613,0.9600798403193613,0.88909426987061,0.9412915851272016,0.8170731707317073,0.9412915851272016
607231,John Gant,2 Tms,2021,28,110,21,491,1975,89.66666666666667,5.238095238095238,0.0428,24.56140350877193,96.569,87.7198,40.65822784810127,0,0.4698,4,4.0909,1.5091,0.1874,0.1446,5.4894,5.073,-1.1200249241600166,-0.9248608367333888,182,189,0.885737307095004,FALSE,-2.505194480179853,-0.4968017172305482,-0.34309999999999974,-1.2280199999999994,2.3542344778941406,-0.2205101100283354,0.7247425739951752,0.8036006546644845,0.9518072289156626,0.9518072289156626,0.8681318681318682,0.9294117647058824,0.765990639625585,0.9294117647058824
643230,Steven Brault,PIT,2021,29,27.666666666666668,7,127,498,27.666666666666668,3.9523809523809526,0.0551,20.5761316872428,84.4872,84.4459,36.74698795180723,0,0.4348,4,5.8554,1.6265,0.1496,0.0945,5.4165,5.3744,-1.4762910440590473,-0.9318573148319228,207,190,0.6856146888394751,FALSE,-2.259596313581457,-1.509663264245103,-1.5512799999999998,-1.5554100000000006,0.6436609024791717,-0.2205101100283354,0.7247425739951752,0.5141700404858299,0.8327759197324415,0.8327759197324415,0.6240601503759399,0.7685185185185185,0.4584837545126354,0.7685185185185185
676050,Packy Naughton,LAA,2021,25,22.666666666666668,5,108,383,17.333333333333332,4.533333333333333,-0.0185,21.11111111111111,84.7638,94.9385,38.90339425587467,0,0.5125,4,6.3529,1.8088,0.1111,0.1296,5.9378,5.4976,-1.7098153718578821,-0.9463325875208828,214,191,0.6394456787679178,FALSE,-3.7291918470482806,-1.3736976109230412,-1.5236199999999998,-0.5061499999999995,1.586761233678779,-0.2205101100283354,0.7247425739951752,0.47368421052631576,0.7929606625258799,0.7929606625258799,0.5607613469985359,0.7185741088180112,0.4186046511627907,0.7185741088180112
669060,Bryse Wilson,2 Tms,2021,23,74,16,322,1136,73.3,4.625,0.0745,19.415807560137456,89.1634,95.0581,33.45070422535211,0,0.3673,4,5.3514,1.4459,0.1429,0.0683,5.2687,5.1004,-1.1710027698708907,-0.9465308453526801,189,192,0.8295289624856531,FALSE,-1.8722300995969958,-1.8045610135201564,-1.0836600000000005,-0.4941900000000004,-0.7979627230333163,-0.2205101100283354,0.7247425739951752,0.7285067873303167,0.919093851132686,0.919093851132686,0.7910863509749304,0.8833592534992224,0.6822033898305084,0.8833592534992224
677976,Randy Dobnak,MIN,2021,26,50.666666666666664,6,228,765,34.333333333333336,8.444444444444445,0.0658,17.403314917127073,88.353,99.8653,36.73202614379085,1,0.5538,2,7.6382,1.5395,0.1184,0.0526,4.5296,4.3017,-1.167472059672429,-0.9482167581819647,187,193,0.7739391644044643,FALSE,-2.045945875971471,-2.316038399013222,-1.1647000000000005,-0.013469999999999515,0.6371173832597288,4.504706533435995,-1.8636237617018787,0.6551724137931034,0.884393063583815,0.884393063583815,0.7183098591549296,0.8360655737704918,0.6031746031746031,0.8360655737704918
592717,Aaron Sanchez,SFG,2021,28,35.333333333333336,7,156,595,30.333333333333332,5.047619047619048,0.0705,20.392156862745097,83.0497,83.6247,40,0,0.5225,4,3.0566,1.3302,0.1667,0.0962,4.96,5.0093,-1.4010027147922683,-0.9544826742654386,203,194,0.7213387763165239,FALSE,-1.952099422068019,-1.5564206834870802,-1.6950299999999998,-1.6375299999999995,2.066359739085319,-0.2205101100283354,0.7247425739951752,0.5652173913043478,0.8561151079136691,0.8561151079136691,0.664804469273743,0.7986577181208053,0.5098039215686274,0.7986577181208053
593372,Carlos Martinez,STL,2021,29,82.33333333333333,16,363,1281,82.33333333333333,5.145833333333333,0.0579,18.75,92.4602,92.0454,36.377829820452774,0,0.502,5,6.2308,1.3725,0.157,0.0992,5.1846,5.0838,-1.2099306157834109,-0.9807455651216088,193,195,0.8449908021906867,FALSE,-2.203687787851741,-1.9737767924117593,-0.75398,-0.79546,0.48221027265643324,-0.2205101100283354,2.018925741843702,0.7515527950310559,0.9275887038377987,0.9275887038377987,0.8102466793168881,0.8951781970649895,0.7076023391812866,0.8951781970649895
656457,Tyler Gilbert,ARI,2021,27,40,6,157,600,36.333333333333336,6.666666666666667,0.0764,16.772151898734176,97.1343,89.2378,32.833333333333336,0,0.386,3,3.15,1.025,0.1592,0.0828,5.2092,5.0873,-1.4309711850429414,-1.0055263551064386,205,196,0.7227342908611838,FALSE,-1.8342921714232598,-2.476449226644677,-0.2865700000000004,-1.0762200000000006,-1.067968747240197,-0.2205101100283354,-0.5694405938533518,0.5667870036101083,0.8571428571428571,0.8571428571428571,0.6666666666666666,0.8,0.511400651465798,0.8
533167,Matt Shoemaker,MIN,2021,34,60.333333333333336,11,284,1064,50.666666666666664,5.484848484848485,0.0458,22.24334600760456,87.077,89.8431,35.80827067669173,0,0.4498,4,8.0552,1.6575,0.1408,0.0951,5.4296,5.4413,-1.3190845120082524,-1.010337056524204,198,197,0.816924079099998,FALSE,-2.4452924883265856,-1.0859387728304868,-1.2923000000000002,-1.0156899999999993,0.23311462861865348,-0.2205101100283354,0.7247425739951752,0.7029702970297029,0.9140893470790378,0.9140893470790378,0.7800586510263929,0.8764415156507414,0.6543778801843319,0.8764415156507414
677960,Ryan Weathers,SDP,2021,21,94.66666666666667,18,401,1617,69.33333333333333,5.2592592592592595,0.1047,18.896551724137932,93.4085,92.6231,37.35312306740878,0,0.4394,2,5.3239,1.3838,0.1796,0.0748,4.7004,4.7075,-1.1962477453129925,-1.0347660373092487,192,198,0.8649550504909664,FALSE,-1.269216714940772,-1.9365304983883214,-0.6591499999999997,-0.7376900000000006,0.9087529805338916,-0.2205101100283354,-1.8636237617018787,0.7696737044145874,0.94175888177053,0.94175888177053,0.8435054773082942,0.9151103565365025,0.7277676950998185,0.9151103565365025
503449,Wily Peralta,DET,2021,32,93.66666666666667,18,402,1554,92.33333333333333,5.203703703703704,0.0498,21.337126600284495,88.6906,91.3306,39.83268983268983,0,0.5067,4,3.0747,1.3345,0.1443,0.0945,5.2728,4.9909,-1.272463746055703,-1.0476124256883066,194,199,0.8627983131500893,FALSE,-2.365423165855563,-1.3162555070302209,-1.1309399999999996,-0.8669399999999996,1.9931869451152513,-0.2205101100283354,0.7247425739951752,0.7701149425287356,0.939540507859734,0.939540507859734,0.8381877022653722,0.9119718309859155,0.7282608695652174,0.9119718309859155
474463,Brett Anderson,MIL,2021,33,96,24,409,1508,96,4,0.0733,16.719745222929937,86.7426,92.0904,41.04774535809018,1,0.5751,3,4.2188,1.3542,0.1418,0.0685,4.5293,4.0938,-1.191738825101308,-1.0554279358857837,191,200,0.8619389113326749,FALSE,-1.8961908963383025,-2.489768445284224,-1.3257400000000004,-0.7909599999999998,2.5245892445193734,4.504706533435995,-0.5694405938533518,0.7731568998109641,0.9378109452736318,0.9378109452736318,0.834070796460177,0.9095295536791315,0.7316636851520573,0.9095295536791315
666159,Matt Manning,DET,2021,23,85.33333333333333,18,385,1421,85.33333333333333,4.7407407407407405,0.0623,16.91394658753709,88.2851,94.6177,35.186488388458834,0,0.4448,5,5.8008,1.5117,0.1481,0.0857,5.2703,5.126,-1.2843554454309618,-1.0723776202948316,196,201,0.855033076860902,FALSE,-2.115831533133616,-2.4404119387780088,-1.17149,-0.5382300000000001,-0.03882071160939591,-0.2205101100283354,2.018925741843702,0.7623762376237624,0.9342537804076265,0.9342537804076265,0.8256827425915165,0.9045194143857416,0.719626168224299,0.9045194143857416
528748,Humberto Castellanos,ARI,2021,23,45.666666666666664,7,196,726,34,6.523809523809524,0.0714,15.123456790123457,91.4303,92.2582,35.26170798898072,0,0.4167,4,4.927,1.3796,0.148,0.0765,5.1719,5.219,-1.4376879886965523,-1.0740213912370093,206,202,0.7585332840210816,FALSE,-1.9341288245120385,-2.8954670384892025,-0.8569699999999998,-0.7741799999999998,-0.005923557658824029,-0.2205101100283354,0.7247425739951752,0.620253164556962,0.8789346246973365,0.8789346246973365,0.7076023391812866,0.8287671232876712,0.5664739884393064,0.8287671232876712
570632,José Ureña,DET,2021,29,100.66666666666667,18,456,1695,83,5.592592592592593,0.0548,20.483460559796438,91.5537,89.8071,38.82005899705015,0,0.5205,4,5.8113,1.5993,0.1469,0.0921,5.0588,4.8748,-1.2869449842738212,-1.083531770032153,197,203,0.8742491050731663,FALSE,-2.265586512766784,-1.5332157408922018,-0.8446299999999993,-1.0192899999999994,1.5503147114951947,-0.2205101100283354,0.7247425739951752,0.7916666666666666,0.9442896935933147,0.9442896935933147,0.849624060150376,0.9186991869918699,0.7524752475247525,0.9186991869918699
642028,Josh Rogers,WSN,2021,26,35.666666666666664,6,151,533,35.666666666666664,5.944444444444444,0.053,18.28793774319066,89.8738,86.4761,36.02251407129456,0,0.2973,3,3.2804,1.2897,0.1457,0.0927,5.7781,6.0029,-1.6227610254355604,-1.0930100354531809,210,204,0.706216889243797,FALSE,-2.3015277078787446,-2.0912104614831386,-1.0126199999999996,-1.3523899999999998,0.32681358322945364,-0.2205101100283354,-0.5694405938533518,0.5571955719557196,0.8420221169036335,0.8420221169036335,0.6398559423769508,0.780380673499268,0.5016611295681063,0.780380673499268
656954,Justus Sheffield,SEA,2021,25,80.33333333333333,15,385,1470,73.66666666666667,5.355555555555555,0.0519,19.81566820276498,95.3077,92.9796,38.97959183673469,0,0.463,3,6.834,1.8423,0.1636,0.1117,5.3456,5.261,-1.3445387622705265,-1.109273401324975,199,205,0.8571338800296144,FALSE,-2.3234917715582757,-1.7029359582619308,-0.4692300000000003,-0.7020399999999996,1.6200861055316138,-0.2205101100283354,-0.5694405938533518,0.7623762376237624,0.9363057324840764,0.9363057324840764,0.8305084745762712,0.9074074074074074,0.719626168224299,0.9074074074074074
656605,Mitch Keller,PIT,2021,25,100.66666666666667,23,470,1858,100.66666666666667,4.3768115942028984,0.0915,20.653442240373394,87.5626,82.1912,37.72874058127018,0,0.4038,3,6.1689,1.7881,0.1957,0.1043,4.9782,4.904,-1.3465220636416748,-1.1681980642491878,200,206,0.8805870914742732,FALSE,-1.532785479095148,-1.490014695728048,-1.2437399999999996,-1.7808800000000005,1.0730286094164807,-0.2205101100283354,-0.5694405938533518,0.7966101694915254,0.9489274770173647,0.9489274770173647,0.860982391102873,0.9252988047808764,0.7580645161290323,0.9252988047808764
649144,Alex Wells,BAL,2021,24,42.666666666666664,8,197,754,37,5.333333333333333,0.0508,16.408668730650156,85.6995,88.8714,36.87002652519894,0,0.2961,4,6.75,1.6172,0.132,0.0812,5.7058,6.0578,-1.6262916300488917,-1.199413407489568,211,207,0.7626420030664838,FALSE,-2.345455835237807,-2.56882890372228,-1.43005,-1.1128600000000006,0.6974715962696588,-0.2205101100283354,0.7247425739951752,0.6214511041009464,0.882903981264637,0.882903981264637,0.715370018975332,0.834070796460177,0.5677233429394812,0.834070796460177
642545,Jaime Barria,LAA,2021,24,56.666666666666664,11,250,917,50.666666666666664,5.151515151515151,0.064,19.10377358490566,85.911,85.9857,37.51363140676118,0,0.4352,3,4.6059,1.5706,0.14,0.076,5.2119,5.0392,-1.5551829852025512,-1.2038382576790765,208,208,0.7966212712768478,FALSE,-2.081887071083431,-1.883864817382928,-1.4088999999999998,-1.4014300000000006,0.9789510075559875,-0.2205101100283354,-0.5694405938533518,0.6756756756756757,0.9016715830875123,0.9016715830875123,0.7534921939194741,0.85941893158388,0.625,0.85941893158388
452657,Jon Lester,2 Tms,2021,37,141.33333333333334,28,627,2380,141.33333333333334,5.047619047619048,0.0574,20.108695652173914,85.7421,89.17,38.99159663865546,0,0.4371,4,4.7123,1.5142,0.1451,0.0877,5.3443,5.0859,-1.3687295039795024,-1.211348362677923,202,209,0.9050206716817261,FALSE,-2.213671453160619,-1.6284626854169724,-1.4257900000000006,-1.0829999999999997,1.6253363835734216,-0.2205101100283354,0.7247425739951752,0.8393574297188755,0.9596774193548387,0.9596774193548387,0.8880597014925373,0.9407114624505929,0.806949806949807,0.9407114624505929
572971,Dallas Keuchel,CHW,2021,33,162,30,720,2726,156.33333333333334,5.4,0.05,21.07883817427386,85.0938,95.8774,39.03154805575935,0,0.5486,3,5.2778,1.5309,0.1319,0.0819,5.006,4.7442,-1.3520045142276804,-1.2141490017415615,201,210,0.9157864759957236,FALSE,-2.3614296997320117,-1.3818998159909854,-1.4906199999999998,-0.41226000000000057,1.6428090623684641,-0.2205101100283354,-0.5694405938533518,0.8571428571428571,0.9646142958244869,0.9646142958244869,0.9008592200925314,0.9478442280945758,0.8275862068965517,0.9478442280945758
453562,Jake Arrieta,2 Tms,2021,35,98.66666666666667,24,469,1746,98.66666666666667,4.111111111111112,0.0832,18.31357048748353,89.1941,87.275,38.144329896907216,0,0.4337,3,7.3885,1.7736,0.177,0.0938,5.0004,4.8497,-1.4061143074909557,-1.2212372756492076,204,211,0.8772486781350882,FALSE,-1.6985143232225208,-2.0846958692040243,-1.0805899999999995,-1.2724999999999995,1.2547858322928092,-0.2205101100283354,-0.5694405938533518,0.7962648556876061,0.9458288190682557,0.9458288190682557,0.8533724340175953,0.9208860759493671,0.7576736672051696,0.9208860759493671
595191,Jerad Eickhoff,NYM,2021,30,19.666666666666668,4,104,357,17,4.916666666666667,0.0288,18.181818181818183,81.1416,76.0691,36.97478991596638,0,0.2763,3,8.6949,2.0339,0.125,0.0962,5.9705,6.7019,-2.082331697711863,-1.221744297799347,215,212,0.6268229701139737,FALSE,-2.7847371088284336,-2.1181808735186696,-1.8858400000000004,-2.3930899999999995,0.7432896725496293,-0.2205101100283354,-0.5694405938533518,0.4642857142857143,0.7811816192560175,0.7811816192560175,0.54337899543379,0.7041420118343196,0.4094488188976378,0.7041420118343196
657093,Spenser Watkins,BAL,2021,28,54.666666666666664,10,255,960,46,5.466666666666667,0.0627,17.913832199546484,81.7563,90.2304,38.333333333333336,0,0.335,3,8.0671,1.7012,0.1373,0.0745,5.4209,5.5917,-1.5890918126259155,-1.25225045304881,209,213,0.8017978394258718,FALSE,-2.1078446008865135,-2.1862898278729506,-1.8243700000000005,-0.9769599999999997,1.3374461376142697,-0.2205101100283354,-0.5694405938533518,0.68,0.9056603773584906,0.9056603773584906,0.7619047619047619,0.8648648648648649,0.6296296296296297,0.8648648648648649
663734,Nick Neidert,MIA,2021,24,35.666666666666664,7,157,598,31.666666666666668,5.095238095238095,-0.0127,19.133574007220215,88.2301,76.402,37.792642140468224,0,0.3619,4,4.5421,1.514,0.1338,0.1465,6.4689,6.7221,-2.0999851393760234,-1.3708295404080346,216,214,0.7223584944627423,FALSE,-3.613381329465297,-1.8762910048052892,-1.1769900000000006,-2.3598,1.1009758388092776,-0.2205101100283354,0.7247425739951752,0.5667870036101083,0.8567335243553008,0.8567335243553008,0.6659242761692651,0.7994652406417112,0.511400651465798,0.7994652406417112
592346,Chi Chi González,COL,2021,29,101.66666666666667,18,448,1635,87,5.648148148148149,0.0625,16.39344262295082,89.2311,91.2793,34.74006116207951,0,0.3949,2,6.4623,1.5246,0.125,0.0625,5.2913,5.0848,-1.6923275496668069,-1.4659799982825605,213,215,0.8713595017382918,FALSE,-2.1118380670100647,-2.5726986370027176,-1.0768900000000001,-0.8720699999999993,-0.2340648380343254,-0.2205101100283354,-1.8636237617018787,0.7887323943661971,0.9423631123919308,0.9423631123919308,0.8449612403100775,0.9159663865546218,0.7491638795986622,0.9159663865546218
605200,Zach Davies,CHC,2021,28,148,32,668,2577,148,4.625,0.0584,22.262118491921004,73.0316,85.8205,39.852541715172684,0,0.4248,2,5.777,1.6014,0.1707,0.1123,5.3611,5.0274,-1.6720571058248657,-1.5049356174635635,212,216,0.9107635526041531,FALSE,-2.1937041225428633,-1.0811677237383412,-2.6968400000000003,-1.4179500000000005,2.0018691294091857,-0.2205101100283354,-1.8636237617018787,0.8477157360406091,0.9626447515875981,0.9626447515875981,0.8957247132429614,0.944994499449945,0.8166259168704156,0.944994499449945
664045,Thomas Eshelman,BAL,2021,27,27.666666666666668,6,126,441,21,4.611111111111112,0.0079,13.846153846153847,71.8981,79.1056,36.734693877551024,0,0.3529,4,7.1566,1.5904,0.0873,0.0794,6.1921,6.4374,-2.390568573477536,-1.5441515457463602,218,217,0.6695083687415108,FALSE,-3.202054318739529,-3.2200950924267895,-2.81019,-2.0894400000000006,0.6382841117134667,-0.2205101100283354,0.7247425739951752,0.5121951219512195,0.8151571164510166,0.8151571164510166,0.5951417004048583,0.7461928934010152,0.45652173913043476,0.7461928934010152
656212,Charlie Barnes,MIN,2021,25,38,8,175,655,33.333333333333336,4.75,0.0229,16.949152542372882,71.4149,80.4308,38.778625954198475,0,0.3788,3,5.9211,1.6316,0.1143,0.0914,5.9252,6.2965,-2.2055355343467915,-1.5796518184403998,217,218,0.7399963260121524,FALSE,-2.9025443594731923,-2.4314643037167136,-2.85851,-1.9569199999999995,1.5321940464042447,-0.2205101100283354,-0.5694405938533518,0.5932203389830508,0.8675496688741722,0.8675496688741722,0.6858638743455497,0.8136645962732919,0.5384615384615384,0.8136645962732919
594798,Jacob deGrom,NYM,2022,34,64.33333333333333,11,239,940,64.33333333333333,5.848484848484848,0.3933,41.47286821705426,116.7996,127.6959,30.74468085106383,0,0.3937,2,3.0777,0.7461,0.4268,0.0335,1.586,1.5341,2.9278399746483,2.214140619767212,1,1,0.7958087877817891,TRUE,4.721015778516653,4.132552754890992,1.67996,2.7695899999999996,-1.8860662476964496,-0.22051011002833543,-1.9980778793685547,0.6657381615598886,0.9038461538461539,0.9038461538461539,0.7580645161290323,0.8623853211009175,0.6143958868894601,0.8623853211009175
675911,Spencer Strider,ATL,2022,23,131.66666666666666,20,528,2277,107.33333333333333,6.583333333333333,0.2973,34.885764499121265,117.4408,111.5522,34.387351778656125,0,0.4029,2,2.6658,0.9949,0.3826,0.0852,2.406,2.2958,1.6362947104653962,1.4280038687752685,2,2,0.8956303393146402,TRUE,2.7599011419596406,2.372123344699976,1.7440799999999996,1.15522,-0.2878488186848247,-0.22051011002833543,-1.9980778793685547,0.8148148148148148,0.9579301640723601,0.9579301640723601,0.8835855646100116,0.9381953028430161,0.7787610619469026,0.9381953028430161
663556,Shane McClanahan,TBR,2022,25,166.33333333333334,28,641,2463,166.33333333333334,5.940476190476191,0.2434,34.26229508196721,117.4928,117.0902,33.17092976045473,0,0.5025,4,2.5431,0.9259,0.3027,0.0593,2.816,2.5961,1.565008681943675,1.4181226035299868,3,3,0.9073225172720699,TRUE,1.6588169866427347,2.2054986875954325,1.7492800000000002,1.7090199999999995,-0.821552496334335,-0.22051011002833543,0.642553679268302,0.8423127463863338,0.9609832227857978,0.9609832227857978,0.8914223669923995,0.9425947187141217,0.8103666245259166,0.9425947187141217
543037,Gerrit Cole,NYY,2022,31,200.66666666666666,33,793,3274,200.66666666666666,6.08080808080808,0.261,34.05199746353836,115.6514,115.1934,34.30054978619426,0,0.4244,3,3.4983,1.0166,0.3241,0.0631,2.7733,2.7743,1.5077309627578548,1.382807388523411,6,4,0.9255235932863041,TRUE,2.0183546700115205,2.1492958208685304,1.5651399999999995,1.5193399999999997,-0.32593308706456114,-0.22051011002833543,-0.6777621000501264,0.8685651697699891,0.97036158861885,0.97036158861885,0.9160604364857303,0.9561915887850467,0.8409331919406151,0.9561915887850467
660271,Shohei Ohtani,LAA,2022,27,166,28,660,2629,166,5.928571428571429,0.2652,33.1002331002331,118.0237,116.3302,34.42373526055535,0,0.4188,3,2.3313,1.012,0.3318,0.0667,2.7332,2.6518,1.5324351706271175,1.3782762644672475,4,5,0.9110436008967103,TRUE,2.1041534353608893,1.8949330465018797,1.8023700000000005,1.6330200000000006,-0.2718856103535413,-0.22051011002833543,-0.6777621000501264,0.8461538461538461,0.9633565408574569,0.9633565408574569,0.897575964493001,0.946023749550198,0.8148148148148148,0.946023749550198
669203,Corbin Burnes,MIL,2022,27,202,33,797,3274,202,6.121212121212121,0.2409,35.22802379378718,115.3189,116.5193,36.713500305436774,0,0.4702,2,2.9406,0.9653,0.3049,0.064,2.9112,2.8515,1.363622687953454,1.256878914886298,7,6,0.9257014792891459,TRUE,1.6077462929823958,2.4635934890975473,1.53189,1.6519300000000001,0.7327460118308813,-0.22051011002833543,-1.9980778793685547,0.8691384950926936,0.97036158861885,0.97036158861885,0.9160604364857303,0.9561915887850467,0.8416050686378036,0.9561915887850467
571760,Andrew Heaney,LAD,2022,31,72.66666666666667,14,310,1230,64.66666666666667,5.190476190476191,0.2935,35.930047694753576,106.7348,110.3412,33.170731707317074,0,0.3452,2,3.0963,1.0872,0.3548,0.0613,2.4564,2.8299,1.5155033166615233,1.208619857383834,5,7,0.8329996572094859,TRUE,2.6822736875959254,2.6512121413670875,0.6734800000000007,1.0341200000000002,-0.8216393919070532,-0.22051011002833543,-1.9980778793685547,0.7209302325581395,0.924812030075188,0.924812030075188,0.803921568627451,0.8913043478260869,0.6739130434782609,0.8913043478260869
605540,Brandon Woodruff,MIL,2022,29,153.33333333333334,27,620,2538,153.33333333333334,5.679012345679013,0.2387,31.125299281723862,107.3652,112.0478,33.72734436564224,0,0.3757,5,3.0522,1.0696,0.3065,0.0677,3.0256,3.1371000000000002,1.2573496403921958,1.129959603976326,8,8,0.90712889193716,TRUE,1.5628040825612974,1.3671242057484982,0.7365200000000002,1.2047799999999995,-0.5774262665859131,-0.22051011002833543,1.9628694585867303,0.8378378378378378,0.9620924943138741,0.9620924943138741,0.8942917547568711,0.9441964285714286,0.8051948051948052,0.9441964285714286
605400,Aaron Nola,PHI,2022,29,205,32,807,3039,205,6.40625,0.2553,27.925531914893618,110.9234,115.4609,30.766699572227708,0,0.4356,4,3.2488,0.961,0.2912,0.0359,2.8025,2.7696,1.1688971051563144,1.0551176450485467,11,9,0.9237393077472239,TRUE,1.901913488465948,0.5119737755219305,1.09234,1.5460899999999995,-1.8764055606269434,-0.22051011002833543,0.642553679268302,0.8705501618122977,0.9681427206116597,0.9681427206116597,0.9101527403414196,0.9529633113828786,0.8432601880877743,0.9529633113828786
607074,Carlos Rodón,SFG,2022,29,178,31,710,2985,178,5.741935483870968,0.2606,31.182795698924732,114.1282,113.3258,33.70184254606365,0,0.3414,2,2.882,1.0281,0.3338,0.0732,2.8262,2.9067,1.176747730490994,1.0546221588140248,10,10,0.918450754222898,TRUE,2.010183359025866,1.3824903496799292,1.4128200000000006,1.33258,-0.5886151588389245,-0.22051011002833543,-1.9980778793685547,0.8554216867469879,0.9675850891410048,0.9675850891410048,0.908675799086758,0.9521531100478469,0.8255813953488372,0.9521531100478469
605483,Blake Snell,SDP,2022,29,128,24,535,2341,128,5.333333333333333,0.2243,32.79857397504456,112.6844,115.1744,37.847073900042716,0,0.3657,3,3.375,1.2031,0.3196,0.0953,3.2034,3.2094,1.1775591412710409,1.052482545215134,9,11,0.8974078943581079,TRUE,1.2686368870777456,1.8143134572902142,1.2684399999999996,1.5174400000000006,1.230100044621336,-0.22051011002833543,-0.6777621000501264,0.816793893129771,0.9590331831216714,0.9590331831216714,0.8864066641423703,0.9397832195905259,0.781021897810219,0.9397832195905259
668881,Hunter Greene,CIN,2022,22,125.66666666666667,24,531,2200,125.66666666666667,5.236111111111112,0.2185,32.02979515828678,120.4437,117.8326,36.5,0,0.2932,2,4.4403,1.2095,0.3089,0.0904,3.3314,3.6422,1.1190151935580699,0.9969145248860595,12,12,0.8943982556253064,TRUE,1.1501528777857595,1.6088542908787689,2.0443700000000007,1.7832599999999998,0.6390730130805125,-0.22051011002833543,-1.9980778793685547,0.815668202764977,0.9565217391304348,0.9565217391304348,0.88,0.9361702127659575,0.7797356828193832,0.9361702127659575
453286,Max Scherzer,NYM,2022,37,145.33333333333334,23,565,2167,145.33333333333334,6.3188405797101455,0.2637,30.565371024734983,105.5399,109.2205,31.702814951545918,0,0.3105,3,2.2913,0.9083,0.30620000000000003,0.0425,2.8755,3.2265,1.0842770381002944,0.9378956036645102,13,13,0.8965317181057993,TRUE,2.073511019164686,1.217481173938225,0.5539900000000003,0.9220500000000001,-1.4656860790895094,-0.22051011002833543,-0.6777621000501264,0.8248175182481752,0.9558888398764888,0.9558888398764888,0.8783948115119579,0.9352611135088477,0.7902097902097902,0.9352611135088477
664299,Cristian Javier,HOU,2022,25,148.66666666666666,25,585,2554,134.33333333333334,5.946666666666666,0.2427,30.414012738853504,113.899,114.7156,36.374314800313236,0,0.2599,2,2.5426,0.9484,0.3316,0.0889,3.1356,3.5251,1.0530055578876185,0.9282856358697111,14,14,0.9048978969105287,TRUE,1.6445171924178397,1.1770300759516479,1.3899000000000001,1.4715599999999995,0.5839287849300537,-0.22051011002833543,-1.9980778793685547,0.8297872340425532,0.9623210248681235,0.9623210248681235,0.8948843728100911,0.9445266272189349,0.7959183673469388,0.9445266272189349
592332,Kevin Gausman,TOR,2022,31,174.66666666666666,31,725,2783,174.66666666666666,5.634408602150537,0.2441,29.370179948586117,104.975,111.5882,29.82393100970176,0,0.3922,3,3.3492,1.2366,0.2828,0.0386,2.9381,2.7549,0.915862748295749,0.8148367843122912,15,15,0.9167993207058726,TRUE,1.6731167808676297,0.8980616518921146,0.49749999999999944,1.15882,-2.2900441181864446,-0.22051011002833543,-0.6777621000501264,0.8579881656804734,0.9653139091224419,0.9653139091224419,0.9026921829386961,0.9488578247528128,0.8285714285714286,0.9488578247528128
656302,Dylan Cease,CHW,2022,26,184,32,747,3120,184,5.75,0.1995,33.31076506431957,107.6073,108.5604,37.78846153846154,0,0.3876,3,2.2011,1.1087,0.3039,0.1044,3.4752,3.5024,0.854692283481065,0.7945909511582352,17,16,0.9218276280686093,TRUE,0.7620156059671842,1.9511985430286904,0.7607299999999995,0.8560400000000001,1.2043839424269267,-0.22051011002833543,-0.6777621000501264,0.8615916955017301,0.968944099378882,0.968944099378882,0.9122807017543859,0.9541284403669725,0.8327759197324415,0.9541284403669725
477132,Clayton Kershaw,LAD,2022,34,126.33333333333333,22,493,1842,126.33333333333333,5.742424242424242,0.2312,29.09090909090909,109.4336,111.3493,32.13897937024973,0,0.4711,3,2.2797,0.942,0.2779,0.0467,2.9828,2.8262,0.873896486279636,0.7474350836429461,16,17,0.8824735569676084,TRUE,1.4095920015802808,0.8234254153431962,0.9433599999999999,1.13493,-1.274319472074061,-0.22051011002833543,-0.6777621000501264,0.8042414355628059,0.9485066941297632,0.9485066941297632,0.8599439775910365,0.9246987951807228,0.7667185069984448,0.9246987951807228
666200,Jesús Luzardo,MIA,2022,24,100.33333333333333,18,400,1644,100.33333333333333,5.5740740740740735,0.2125,31.655629139072847,107.2737,102.9817,36.92214111922141,0,0.4008,4,3.3189,1.0365,0.3,0.0875,3.2832,3.1104,0.8434237578583494,0.7326116931822113,18,18,0.865754218499864,TRUE,1.0275832130009461,1.5088569486895067,0.7273700000000005,0.2981700000000004,0.8242869145426652,-0.22051011002833543,0.642553679268302,0.7692307692307693,0.9426605504587156,0.9426605504587156,0.845679012345679,0.9163879598662207,0.7272727272727273,0.9163879598662207
666157,Nick Lodolo,CIN,2022,24,103.33333333333333,19,441,1779,103.33333333333333,5.43859649122807,0.2086,30.223880597014926,107.8437,105.5022,37.268128161888704,0,0.4603,4,3.6581,1.2484,0.2971,0.0884,3.2894,3.4929,0.7942773842417371,0.6937811458825763,19,19,0.8751469164173509,TRUE,0.9479129308908177,1.1262165122599141,0.7843699999999998,0.5502200000000002,0.9760883077496423,-0.22051011002833543,0.642553679268302,0.786096256684492,0.9467802022352315,0.9467802022352315,0.8556998556998557,0.9222395023328149,0.7461928934010152,0.9222395023328149
676879,Aaron Ashby,MIL,2022,24,107.33333333333333,19,475,1878,88,5.649122807017544,0.1663,29.63855421686747,109.7746,105.4003,35.729499467518636,1,0.569,4,4.4441,1.4255,0.2653,0.0989,3.4795,3.2942,0.7760332375691387,0.6709971385623515,20,20,0.881648150319416,TRUE,0.08379679415788391,0.9697857320116912,0.9774600000000007,0.5400300000000001,0.3010168437058077,4.504706533435995,0.642553679268302,0.7983193277310925,0.9494438827098078,0.9494438827098078,0.8622589531680441,0.9260355029585798,0.76,0.9260355029585798
605488,Jeffrey Springs,TBR,2022,29,135.33333333333334,25,549,2149,125,5.413333333333334,0.2058,29.602220166512488,105.4814,112.1428,33.41088878548162,0,0.4092,3,2.4606,1.0714,0.2623,0.0565,3.3173,3.2908,0.7097669345228022,0.624439232882446,23,21,0.8948738025940194,TRUE,0.8907137539912382,0.960075313962233,0.5481399999999994,1.2142799999999994,-0.7162707666173741,-0.22051011002833543,-0.6777621000501264,0.820627802690583,0.9555357936860827,0.9555357936860827,0.8775010208248265,0.9347542409743367,0.7854077253218884,0.9347542409743367
554430,Zack Wheeler,PHI,2022,32,153,26,607,2358,153,5.884615384615385,0.2125,25.126050420168067,109.0191,115.2733,33.29092451229856,0,0.4589,4,2.8235,1.0392,0.2685,0.056,3.1868,3.0628,0.7151444471590851,0.624425248462099,22,22,0.9032766428982918,TRUE,1.0275832130009461,-0.2361986789641575,0.9019099999999994,1.5273300000000005,-0.7689049452382254,-0.22051011002833543,0.642553679268302,0.8349381017881705,0.9593165174938975,0.9593165174938975,0.8871331828442438,0.9401913875598086,0.8018494055482166,0.9401913875598086
434378,Justin Verlander,HOU,2022,39,175,28,666,2607,175,6.25,0.2342,24.231593995711222,111.421,114.6882,31.453778289221326,0,0.3792,3,1.7486,0.8286,0.2778,0.0435,3.0868,3.2308,0.7053809451790943,0.6084108006342287,24,23,0.911087012213031,TRUE,1.4708768339726874,-0.4752456809813413,1.1421000000000006,1.4688199999999996,-1.574950611105066,-0.22051011002833543,-0.6777621000501264,0.8473282442748091,0.963058736608792,0.963058736608792,0.8968008255933952,0.9455930359085963,0.8161764705882353,0.9455930359085963
622491,Luis Castillo,2 Tms,2022,29,150.33333333333334,25,615,2506,150.33333333333334,6.013333333333334,0.1984,27.764326069410814,107.0654,108.333,34.71667996807662,0,0.4691,4,2.9933,1.0843,0.2715,0.0732,3.3489,3.2285,0.6204454620589841,0.5566980089106666,25,24,0.9062921040289885,TRUE,0.7395445007566348,0.46889087844987853,0.7065399999999997,0.8332999999999998,-0.1433564770324949,-0.22051011002833543,0.642553679268302,0.8367346938775511,0.9616270145817345,0.9616270145817345,0.8930862437633642,0.9435240963855421,0.803921568627451,0.9435240963855421
571927,Steven Matz,STL,2022,31,48,10,207,849,42.666666666666664,4.8,0.2126,27.61904761904762,109.0542,115.3846,32.27326266195524,0,0.383,3,5.25,1.25,0.2609,0.0483,3.2238,3.1545,0.7416945223633584,0.5370584827542316,21,25,0.7772449133872611,TRUE,1.0296260407473599,0.4300646404493943,0.9054199999999994,1.5384600000000006,-1.215402841531576,-0.22051011002833543,-0.6777621000501264,0.6330275229357798,0.8946259220231823,0.8946259220231823,0.7389033942558747,0.8498498498498499,0.5798319327731093,0.8498498498498499
608331,Max Fried,ATL,2022,28,185.33333333333334,30,733,2818,185.33333333333334,6.177777777777778,0.1883,26.142857142857142,103.0347,110.9739,34.81192334989354,0,0.5115,5,2.4766,1.0144,0.2319,0.0437,3.3083,3.0907,0.5778551269641112,0.5256182692063748,26,26,0.9176586909088159,TRUE,0.5332188983688658,0.035546922100021285,0.3034700000000001,1.09739,-0.10156855936340553,-0.22051011002833543,1.9628694585867303,0.8593200468933178,0.9657299520219328,0.9657299520219328,0.9037844772289929,0.9494609164420486,0.8301245753114382,0.9494609164420486
642547,Freddy Peralta,MIL,2022,26,78,17,317,1353,76.33333333333333,4.588235294117647,0.1861,29.915966386554622,100.7443,105.1366,38.58093126385809,0,0.4,4,3.5769,1.0385,0.2713,0.0852,3.5722,3.6554,0.5449806104389749,0.464686122396268,27,27,0.8407808661981802,TRUE,0.48827668794776746,1.0439252268753627,0.07442999999999955,0.5136600000000001,1.5520790684124,-0.22051011002833543,0.642553679268302,0.7254004576659039,0.9311768754301445,0.9311768754301445,0.8185117967332124,0.9001996007984032,0.6788008565310493,0.9001996007984032
543135,Nathan Eovaldi,BOS,2022,32,109.33333333333333,20,460,1739,109.33333333333333,5.466666666666667,0.1804,25.219298245614034,103.9266,111.2257,31.569867740080507,0,0.4701,5,3.8689,1.2348,0.2239,0.0435,3.5511,3.4564,0.47136245801640686,0.40609193099239455,28,28,0.8760717024239674,TRUE,0.37183550640219515,-0.211277830381717,0.39265999999999934,1.1225700000000003,-1.5240165060553499,-0.22051011002833543,1.9628694585867303,0.7931034482758621,0.9456226209896683,0.9456226209896683,0.8528690534575772,0.9205929062996294,0.7540983606557377,0.9205929062996294
645261,Sandy Alcantara,MIA,2022,26,228.66666666666666,32,886,3248,228.66666666666666,7.145833333333333,0.1772,25.44720138488171,109.2155,111.8028,31.311576354679804,0,0.5342,4,2.2828,0.9796,0.2336,0.0564,3.4171,3.2931,0.4230670097239565,0.3901166654918322,30,29,0.9290498568561636,TRUE,0.30646501851696123,-0.15036981887593037,0.9215500000000005,1.1802800000000004,-1.6373415365389066,-0.22051011002833543,0.642553679268302,0.8807157057654076,0.970131421744325,0.970131421744325,0.915445321307779,0.9558563861094762,0.8552123552123552,0.9558563861094762
641482,Nestor Cortes,NYY,2022,27,158.33333333333334,28,615,2465,158.33333333333334,5.654761904761905,0.2033,24.497991967871485,112.5755,110.2103,32.251521298174445,0,0.335,3,2.4442,0.9221,0.265,0.0618,3.4803,3.6346,0.44613085214495235,0.38448280722836375,29,30,0.9056373862523424,TRUE,0.8396430603308993,-0.4040497737832478,1.2575500000000006,1.0210300000000003,-1.2249418383873585,-0.22051011002833543,-0.6777621000501264,0.8367346938775511,0.9610136452241715,0.9610136452241715,0.891500904159132,0.9426386233269598,0.803921568627451,0.9426386233269598
458681,Lance Lynn,CHW,2022,35,121.66666666666667,21,512,2022,121.66666666666667,5.7936507936507935,0.2051,28.544423440453688,101.8073,102.4259,34.27299703264095,0,0.423,3,3.9945,1.1342,0.2422,0.0371,3.3502,3.4439,0.420834507066034,0.36013032730184924,31,31,0.8888527513299359,TRUE,0.8764139597663432,0.6773749730691608,0.18072999999999978,0.24258999999999986,-0.33802182409886306,-0.22051011002833543,-0.6777621000501264,0.810126582278481,0.9528746465598492,0.9528746465598492,0.8708010335917312,0.930939226519337,0.7734138972809668,0.930939226519337
450203,Charlie Morton,ATL,2022,38,172,31,728,2903,172,5.548387096774194,0.1951,29.25170068027211,100.838,101.6135,36.10058560110231,0,0.3977,3,4.343,1.2326,0.2816,0.0865,3.4754,3.6047,0.37681839538805356,0.3413351878630606,33,32,0.9184459257886634,TRUE,0.6721311851249876,0.8663976008357966,0.08379999999999939,0.1613500000000002,0.463830432456184,-0.22051011002833543,-0.6777621000501264,0.8584905660377359,0.9666999666999667,0.9666999666999667,0.9063378083047143,0.9508679986898133,0.8291571753986332,0.9508679986898133
669456,Shane Bieber,CLE,2022,27,200,31,791,2875,200,6.451612903225806,0.2048,29.72027972027972,93.0345,96.7588,32.7304347826087,0,0.4818,4,2.88,1.04,0.2503,0.0455,3.2129,2.983,0.3764062997002099,0.34074042606241434,34,33,0.9211404424616604,TRUE,0.8702854765271026,0.9916271946529898,-0.6965500000000006,-0.32412000000000063,-1.0148191308944197,-0.22051011002833543,0.642553679268302,0.8682766190998902,0.9663865546218487,0.9663865546218487,0.905511811023622,0.9504132231404959,0.8405951115834219,0.9504132231404959
592662,Robbie Ray,SEA,2022,30,189,32,775,3047,189,5.90625,0.1935,29.95538559592097,102.5779,98.255,35.54315720380702,0,0.3923,3,3.7143,1.1905,0.2735,0.08,3.4989,3.5778,0.3581105563067619,0.3299123265740003,35,34,0.9223909365652975,TRUE,0.6394459411823709,1.054460165820695,0.25778999999999996,-0.17450000000000046,0.21925940265629937,-0.22051011002833543,-0.6777621000501264,0.8659217877094972,0.9682237051159834,0.9682237051159834,0.910367493277562,0.9530810134501094,0.8378378378378378,0.9530810134501094
593423,Frankie Montas,2 Tms,2022,29,144.33333333333334,27,608,2327,143.4,5.34567901234568,0.1628,27.554438860971523,104.8225,107.9529,35.66824237215299,0,0.4561,4,4.0531,1.2471,0.2336,0.0707,3.741,3.6094,0.3435595337305836,0.31869996003785933,38,35,0.9027937761960849,TRUE,0.012297823033409426,0.4127976954089769,0.4822500000000005,0.7952899999999999,0.27414036778743117,-0.22051011002833543,0.642553679268302,0.8351648351648352,0.9587968685620107,0.9587968685620107,0.8858012942519985,0.939442874444893,0.8021108179419525,0.939442874444893
506433,Yu Darvish,SDP,2022,35,194.66666666666666,30,771,2971,194.66666666666666,6.488888888888889,0.2075,25.13550135501355,102.4397,107.7387,32.144059239313364,0,0.3685,3,3.0976,0.9503,0.2555,0.048,3.3852,3.5775,0.34409192338074734,0.29613808796025864,37,36,0.9213557057352603,TRUE,0.9254418256802682,-0.23367287940668424,0.2439700000000002,0.7738699999999994,-1.272090685714826,-0.22051011002833543,-0.6777621000501264,0.8653198653198653,0.9674373168349072,0.9674373168349072,0.9082849281565271,0.9519384812560077,0.8371335504885994,0.9519384812560077
502171,Alex Cobb,SFG,2022,34,149.66666666666666,28,631,2418,149.66666666666666,5.345238095238095,0.1712,24.885215794306703,98.6795,108.1853,35.8974358974359,1,0.615,3,3.7283,1.3029,0.2393,0.0681,3.1518,2.8871000000000002,0.3574891749582023,0.2847158336265436,36,37,0.9059322523146005,TRUE,0.18389535373214785,-0.30056268118936247,-0.13204999999999956,0.8185299999999998,0.37469874761502564,4.504706533435995,-0.6777621000501264,0.8402130492676432,0.960285941223193,0.960285941223193,0.8896247240618101,0.9415887850467289,0.8079385403329066,0.9415887850467289
664285,Framber Valdez,HOU,2022,28,201.33333333333334,31,827,3018,201.33333333333334,6.494623655913979,0.1536,25.829216654904727,106.7667,105.0991,35.487077534791254,1,0.6655,3,2.8162,1.1573,0.2346,0.081,3.1383,2.9946,0.32539632732827245,0.28261315306814583,39,38,0.9243566103072689,TRUE,-0.1756423296366379,-0.04827473349573321,0.67667,0.5099100000000008,0.19465451623757432,4.504706533435995,-0.6777621000501264,0.8732840549102429,0.967928159076331,0.967928159076331,0.9095840867992767,0.9526515151515151,0.8464687819856704,0.9526515151515151
669373,Tarik Skubal,DET,2022,25,117.66666666666667,21,477,1914,117.66666666666667,5.603174603174604,0.1782,26.391752577319586,105.699,103.9574,33.28108672936259,0,0.4568,4,3.5184,1.1558,0.2453,0.0671,3.577,3.3994,0.3013758249025559,0.2652414458715542,42,39,0.8828007809931889,TRUE,0.3268932959810968,0.10206520716923684,0.5698999999999999,0.3957400000000007,-0.773221260508979,-0.22051011002833543,0.642553679268302,0.7989949748743719,0.9503475670307845,0.9503475670307845,0.8644986449864499,0.9273255813953488,0.7607655502392344,0.9273255813953488
668678,Zac Gallen,ARI,2022,26,184,31,714,2935,184,5.935483870967742,0.2031,23.005032350826742,102.6736,107.0959,34.889267461669505,0,0.4595,4,2.5435,0.913,0.2689,0.0658,3.3216,3.3149,0.3113818633393271,0.2637901552673732,41,40,0.9180893860943168,TRUE,0.8355574048380721,-0.8030491110667687,0.2673599999999993,0.70959,-0.06763392460531213,-0.22051011002833543,0.642553679268302,0.8561151079136691,0.9670510708401977,0.9670510708401977,0.9072642967542504,0.9513776337115073,0.8263888888888888,0.9513776337115073
665795,Edward Cabrera,MIA,2022,24,71.66666666666667,14,291,1215,71.66666666666667,5.1190476190476195,0.1443,31.34328358208955,99.3648,94.883,38.60082304526749,0,0.4529,5,3.014,1.0744,0.2577,0.1134,4.0503,4.1202,0.2442808640110339,0.2607144570773165,48,41,0.8282859808778932,TRUE,-0.365625310053098,1.425381368494994,-0.06351999999999976,-0.5117000000000005,1.5608065632573993,-0.22051011002833543,1.9628694585867303,0.708029197080292,0.9239543726235742,0.9239543726235742,0.801980198019802,0.8901098901098901,0.6598639455782312,0.8901098901098901
669160,Dustin May,LAD,2022,24,30,6,127,474,30,5,0.1181,29.72972972972973,111.5648,106.1384,37.34177215189873,0,0.5128,4,4.5,1.1667,0.2283,0.1102,4.2051,4.214,0.2201384000833893,0.24850031979794995,51,42,0.6794079441793285,TRUE,-0.9008461796134497,0.9941527468948788,1.1564800000000006,0.6138400000000004,1.0083995185934334,-0.22051011002833543,0.642553679268302,0.5141700404858299,0.8257839721254355,0.8257839721254355,0.6124031007751938,0.7596153846153846,0.4584837545126354,0.7596153846153846
669713,Hayden Wesneski,CHC,2022,24,33,4,132,496,24.333333333333332,8.25,0.197,25.691699604743082,103.5086,106.3024,33.46774193548387,0,0.4713,4,2.1818,0.9394,0.25,0.053,3.3171,3.6365,0.4080261862011691,0.24466392732472467,32,43,0.6878633504933672,TRUE,0.7109449123068453,-0.08502670672612264,0.3508600000000001,0.6302400000000006,-0.6913265163587119,-0.22051011002833543,0.642553679268302,0.5238095238095238,0.8322147651006712,0.8322147651006712,0.6231155778894473,0.7678018575851393,0.46808510638297873,0.7678018575851393
657140,Kyle Wright,ATL,2022,26,180.33333333333334,30,738,2697,180.33333333333334,6.011111111111111,0.164,26.499620349278665,99.432,96.8945,33.370411568409345,1,0.5562,4,3.1941,1.159,0.2358,0.0718,3.4778,3.2977,0.2886169214028898,0.24409917275109688,44,44,0.9163202255740249,TRUE,0.036811755990372216,0.13089329403411581,-0.05679999999999978,-0.31055000000000066,-0.73403009626551,4.504706533435995,0.642553679268302,0.8601398601398601,0.9642474079370754,0.9642474079370754,0.8998998998998999,0.9473129610115911,0.831081081081081,0.9473129610115911
628711,Julio Urías,LAD,2022,25,175,31,689,2622,175,5.645161290322581,0.1814,23.932253313696613,108.1793,113.6292,31.083142639206713,0,0.397,3,2.16,0.96,0.2409,0.0595,3.659,3.8057,0.2772801527753773,0.23877410549565373,46,45,0.9126449373357709,TRUE,0.3922637838663307,-0.5552456571241968,0.8179299999999998,1.3629199999999997,-1.7375665507386628,-0.22051011002833543,-0.6777621000501264,0.8516687268232386,0.9632623071271125,0.9632623071271125,0.8973305954825462,0.9458874458874459,0.8212157330154947,0.9458874458874459
622663,Luis Severino,NYY,2022,28,102,19,405,1639,102,5.368421052631579,0.2025,27.791563275434243,99.5309,100.0805,35.02135448444173,0,0.4431,3,3.1765,1,0.2765,0.0741,3.3684,3.3822,0.2938378808593536,0.2352298984719579,43,46,0.8662484714990154,TRUE,0.823300438359591,0.47617012902620354,-0.046909999999999744,0.008050000000000068,-0.009680904380023862,-0.22051011002833543,-0.6777621000501264,0.7714285714285715,0.9424956871765382,0.9424956871765382,0.8452810727178959,0.9161542761319172,0.7297297297297297,0.9161542761319172
656731,Tylor Megill,NYM,2022,26,47.333333333333336,9,200,791,41.333333333333336,5.2592592592592595,0.19,27.806122448979593,101.0643,104.3035,35.39823008849557,0,0.4091,3,5.1338,1.2465,0.255,0.065,3.4502,3.346,0.3125662610064406,0.22217132694237926,40,47,0.7683106883169945,TRUE,0.5679469700578964,0.4800611254936697,0.10643000000000029,0.43034999999999995,0.15567280748168957,-0.22051011002833543,-0.6777621000501264,0.625,0.8877665544332211,0.8877665544332211,0.7250229147571036,0.8405951115834219,0.5714285714285714,0.8405951115834219
669358,Shane Baz,TBR,2022,23,27,6,117,444,27,4.5,0.1795,30.62200956937799,99.4891,98.8502,36.93693693693694,0,0.4286,3,5,1.3333,0.2564,0.0769,3.5864,3.4269,0.28539141465232826,0.20886972474065105,45,48,0.6651356804201877,TRUE,0.35345005668447294,1.2326180480500624,-0.051090000000000656,-0.1149799999999999,0.8307785615290345,-0.22051011002833543,-0.6777621000501264,0.4936708860759494,0.8161764705882353,0.8161764705882353,0.5967741935483871,0.7474747474747475,0.43820224719101125,0.7474747474747475
656756,Jordan Montgomery,2 Tms,2022,29,178.33333333333334,32,724,2715,177.4,5.572916666666667,0.1685,27.490909090909092,101.3408,102.5329,33.62799263351749,0,0.4756,4,3.4822,1.0935,0.2182,0.0497,3.6094,3.4254,0.22227908999724938,0.20781317616931458,50,49,0.9158475292051756,TRUE,0.12873900457898227,0.39581911416452203,0.13408000000000014,0.2532899999999998,-0.6210167179444208,-0.22051011002833543,0.642553679268302,0.8578199052132701,0.9644760213143873,0.9644760213143873,0.900497512437811,0.9476439790575916,0.8283752860411899,0.9476439790575916
657277,Logan Webb,SFG,2022,25,192.33333333333334,32,787,3006,192.33333333333334,6.010416666666667,0.1449,24.137931034482758,108.0096,108.0065,33.96540252827678,1,0.5671,3,2.9012,1.1594,0.2071,0.0623,3.5558,3.3146,0.23500603975868337,0.19629250297463435,49,50,0.9224882407236628,TRUE,-0.3533683435746169,-0.500277476236557,0.8009600000000006,0.8006500000000003,-0.47297853792641203,4.504706533435995,-0.6777621000501264,0.8676957001102535,0.9678042498390212,0.9678042498390212,0.9092558983666061,0.9524714828897338,0.83991462113127,0.9524714828897338
641927,Bailey Ober,MIN,2022,26,56,11,227,854,56,5.090909090909091,0.1762,27.654867256637168,97.4307,103.5009,33.13817330210773,0,0.2778,4,3.2143,1.0536,0.2247,0.0485,3.9855,4.1815,0.25336881010237794,0.19583134187415221,47,51,0.7839838522236071,TRUE,0.28603674105282567,0.4396375796614112,-0.2569299999999998,0.3500900000000001,-0.8359243525034772,-0.22051011002833543,0.642553679268302,0.654178674351585,0.8951781970649895,0.8951781970649895,0.7400346620450606,0.850597609561753,0.6021220159151194,0.850597609561753
663776,Patrick Sandoval,LAA,2022,25,148.66666666666666,27,638,2455,148.66666666666666,5.506172839506172,0.1426,29.620253164556964,102.4419,101.8559,35.926680244399186,0,0.4736,4,2.9058,1.3386,0.2367,0.094,3.9415,3.6673,0.181230566881133,0.1881089057307154,54,52,0.9069999097363542,TRUE,-0.4003533817421286,0.9648947037078333,0.2441900000000004,0.18559000000000053,0.38752966919587895,-0.22051011002833543,0.642553679268302,0.841688654353562,0.9608610567514677,0.9608610567514677,0.8911070780399274,0.9424184261036468,0.8096446700507615,0.9424184261036468
605397,Joe Musgrove,SDP,2022,29,181,30,740,2835,181,6.033333333333333,0.1919,25.549658832448824,99.8418,100.4864,33.65079365079365,0,0.4465,4,2.9337,1.0829,0.2486,0.0568,3.4473,3.4715,0.21263288293808055,0.18499474296240248,52,53,0.9182266282083112,TRUE,0.6067606972397536,-0.12298766251194154,-0.01581999999999937,0.04864000000000033,-0.611012799409282,-0.22051011002833543,0.642553679268302,0.8604651162790697,0.9659284497444633,0.9659284497444633,0.9043062200956937,0.949748743718593,0.8314606741573034,0.949748743718593
677651,Luis Garcia,HOU,2022,25,157.33333333333334,28,643,2468,157.33333333333334,5.6190476190476195,0.1711,29.221854304635762,102.018,99.0835,35.413290113452184,0,0.3761,3,3.7182,1.1314,0.2442,0.0731,3.7715,3.8197,0.17672494488954327,0.16705567525023074,55,54,0.9075309371686499,TRUE,0.1818525259857345,0.8584210394048921,0.20180000000000006,-0.09164999999999993,0.16228037507301055,-0.22051011002833543,-0.6777621000501264,0.8427260812581914,0.9610591900311527,0.9610591900311527,0.8916184971098265,0.9427043544690603,0.8108448928121059,0.9427043544690603
666129,Braxton Garrett,MIA,2022,24,88,17,373,1436,88,5.176470588235294,0.1769,26.772793053545588,100.4063,100.403,32.729805013927574,0,0.4777,4,3.5795,1.25,0.2413,0.0643,3.5224,3.5046,0.18130828420897374,0.15293683306942543,53,55,0.8539444154707124,TRUE,0.3003365352777207,0.20389977506821258,0.040630000000000166,0.04030000000000058,-1.0150954411355648,-0.22051011002833543,0.642553679268302,0.7565922920892495,0.9348958333333334,0.9348958333333334,0.8271889400921659,0.905422446406053,0.7131931166347992,0.905422446406053
656849,David Peterson,NYM,2022,26,105.66666666666667,19,454,1889,91,5.56140350877193,0.1718,30.36773428232503,89.6378,93.2,40.44467972472208,0,0.4945,4,3.8328,1.3344,0.2775,0.1057,3.5684,3.3118,0.1265365654101482,0.1220805340794757,58,56,0.8796947895214553,TRUE,0.19615232021062953,1.1646619761888988,-1.0362200000000001,-0.6799999999999997,2.3697964336796593,-0.22051011002833543,0.642553679268302,0.7909407665505227,0.9497234791352438,0.9497234791352438,0.8629511192325263,0.9264345267287887,0.7516556291390728,0.9264345267287887
641816,Tyler Mahle,2 Tms,2022,27,120.66666666666667,23,503,2101,120.66666666666667,5.246376811594203,0.165,26.785714285714285,94.6831,103.8367,37.26796763445978,0,0.3556,4,4.4006,1.2182,0.2505,0.0855,3.8789,4.0321,0.1269162168106191,0.11357717106201627,57,57,0.889797823751154,TRUE,0.05724003345450778,0.20735302525216726,-0.5316900000000004,0.38366999999999934,0.9760178765358869,-0.22051011002833543,0.642553679268302,0.8073836276083467,0.9545661063153112,0.9545661063153112,0.8750520616409829,0.9333629498000888,0.7702909647779479,0.9333629498000888
579328,Yusei Kikuchi,TOR,2022,31,100.66666666666667,20,454,1844,82.33333333333333,5.033333333333333,0.1454,30.97142857142857,100.0414,98.9922,38.232104121475054,0,0.4389,3,5.1854,1.5,0.2731,0.1278,4.0166,4.072,0.09411599347029588,0.11216562067657561,60,58,0.8784770014366953,TRUE,-0.3431542048425491,1.3260016524428078,0.0041399999999995885,-0.10078000000000031,1.399031584917265,-0.22051011002833543,-0.6777621000501264,0.7909407665505227,0.948559670781893,0.948559670781893,0.8600746268656716,0.9247743229689067,0.7516556291390728,0.9247743229689067
660761,José Suarez,LAA,2022,24,109,20,462,1783,102.33333333333333,5.45,0.1515,24.588364434687158,103.8946,110.0368,33.59506449803702,0,0.4125,4,3.9633,1.2477,0.2229,0.0714,3.911,3.8571,0.12049405224165716,0.10883939197804338,59,59,0.8776115269575452,TRUE,-0.21854171231132236,-0.37989737611859636,0.3894599999999997,1.00368,-0.6354638972465972,-0.22051011002833543,0.642553679268302,0.7938144329896907,0.9468932554434413,0.9468932554434413,0.8559769563130101,0.9224004138644594,0.7549019607843137,0.9224004138644594
663474,Triston McKenzie,CLE,2022,24,191.33333333333334,30,741,2807,188.33333333333334,6.377777777777778,0.197,26.79296346414073,98.977,97.3421,32.703954399714995,0,0.3273,3,2.9634,0.9512,0.2564,0.0594,3.5749,3.767,0.12974542931267408,0.10705884491758925,56,60,0.9179238885305343,TRUE,0.7109449123068453,0.209290396735615,-0.10229999999999961,-0.2657899999999998,-1.0264373666090547,-0.22051011002833543,-0.6777621000501264,0.8606271777003485,0.9656002751977985,0.9656002751977985,0.9034438364982298,0.9492729117348664,0.8316498316498316,0.9492729117348664
471911,Carlos Carrasco,NYM,2022,35,152,29,645,2412,152,5.241379310344827,0.1721,27.70700636942675,90.2932,99.4533,33.74792703150912,0,0.4603,4,3.9671,1.3289,0.2357,0.0636,3.6045,3.4528,0.07158998559167622,0.06286357975702973,62,61,0.906732098208875,TRUE,0.20228080344987007,0.45357196289059315,-0.9706800000000001,-0.05467000000000013,-0.5683956470273911,-0.22051011002833543,0.642553679268302,0.8431372549019608,0.9601910828025477,0.9601910828025477,0.8893805309734514,0.9414519906323185,0.8113207547169812,0.9414519906323185
621121,Lance McCullers Jr.,HOU,2022,28,47.666666666666664,8,195,759,47.666666666666664,5.958333333333333,0.1436,27.134146341463413,99.3259,102.3246,38.866930171278,0,0.5,4,2.2657,1.2378,0.2564,0.1128,3.9602,3.5793,0.03732150454183082,0.05884937458677803,65,62,0.7625881453273556,TRUE,-0.379925104277993,0.3004728643590215,-0.06740999999999957,0.2324600000000004,1.677560740406006,-0.22051011002833543,0.642553679268302,0.6190476190476191,0.8835855646100116,0.8835855646100116,0.71671388101983,0.834983498349835,0.5652173913043478,0.834983498349835
622072,Alex Wood,SFG,2022,31,130.66666666666666,26,555,2239,130.66666666666666,5.0256410256410255,0.182,24.97678737233055,94.2971,106.7791,34.1223760607414,0,0.4816,3,5.0969,1.2398,0.236,0.0541,3.4539,3.4085,0.06322405166746049,0.036378230321907616,63,63,0.8971739041083812,TRUE,0.40452075034481183,-0.276089816331943,-0.57029,0.67791,-0.4041065919106078,-0.22051011002833543,-0.6777621000501264,0.8222222222222222,0.9572466866182129,0.9572466866182129,0.8818432453721938,0.9372122226873169,0.7872340425531915,0.9372122226873169
592351,Jon Gray,TEX,2022,30,127.33333333333333,24,521,2062,127.33333333333333,5.305555555555555,0.1823,25.892857142857142,105.0878,102.8549,33.462657613967025,0,0.4412,2,3.9581,1.1309,0.2572,0.0749,3.5557,3.463,0.051751026583432246,0.03220974047682134,64,64,0.8905862501999929,TRUE,0.4106492335840524,-0.03126656245914665,0.5087800000000001,0.2854900000000001,-0.6935572562263658,-0.22051011002833543,-1.9980778793685547,0.8127925117004681,0.9537465309898242,0.9537465309898242,0.8729889923793396,0.9321880650994575,0.7764530551415797,0.9321880650994575
669923,George Kirby,SEA,2022,24,130,25,542,2092,130,5.2,0.2048,21.162579473206176,96.0007,104.8666,31.166347992351817,0,0.455,4,3.3923,1.2077,0.2454,0.0406,3.3223,3.3291,0.07925348836380532,0.031266585348776084,61,65,0.8930714395589449,TRUE,0.8702854765271026,-1.2954518986263535,-0.3999300000000005,0.48666000000000054,-1.7010603034747993,-0.22051011002833543,0.642553679268302,0.8187311178247734,0.9543795620437956,0.9543795620437956,0.8745819397993311,0.9330954504906334,0.7832369942196532,0.9330954504906334
678394,Brayan Bello,BOS,2022,23,57.333333333333336,11,268,997,52.333333333333336,5.212121212121212,0.1045,25.982532751091703,101.5545,102.8543,38.01404212637914,1,0.5574,4,4.7093,1.7791,0.2052,0.1007,4.0736,3.7957,0.027948935401488764,0.02624354462519195,66,66,0.8080999553996312,TRUE,-1.178670753125693,-0.007300402994691283,0.15545000000000045,0.2854299999999995,1.3033571503897148,4.504706533435995,0.642553679268302,0.6907216494845361,0.9088422971741112,0.9088422971741112,0.7686969930609098,0.8692240627724499,0.6411483253588517,0.8692240627724499
664062,Tony Gonsolin,LAD,2022,28,130.33333333333334,24,498,2015,130.33333333333334,5.430555555555556,0.1687,27.24550898203593,95.6721,96.1273,33.84615384615385,0,0.4307,4,2.1407,0.8747,0.239,0.0703,3.7394,3.6947,0.021992205260059544,0.02212731746111411,67,67,0.8873747644747428,TRUE,0.13282466007180893,0.3302349686244612,-0.43278999999999995,-0.38726999999999945,-0.5252987518419512,-0.22051011002833543,0.642553679268302,0.8058252427184466,0.9527186761229315,0.9527186761229315,0.8704103671706264,0.930715935334873,0.7685185185185185,0.930715935334873
605135,Chris Bassitt,NYM,2022,33,181.66666666666666,30,745,2886,181.66666666666666,6.055555555555555,0.1584,23.564504101416855,104.0314,105.1855,34.33818433818434,0,0.4883,4,3.4183,1.145,0.2242,0.0658,3.7454,3.7156,0.021256778687452075,0.01812648764759614,68,68,0.9191026409547136,TRUE,-0.07758659780878673,-0.653528082389396,0.4031400000000005,0.5185500000000005,-0.3094209732559861,-0.22051011002833543,0.642553679268302,0.861271676300578,0.9665103817816477,0.9665103817816477,0.9058380414312618,0.950592885375494,0.8324022346368715,0.950592885375494
657746,Joe Ryan,MIN,2022,26,147,27,604,2391,147,5.444444444444445,0.1722,25.594749794913863,104.858,99.9298,33.16603931409452,0,0.2769,3,3.551,1.102,0.25,0.0778,3.9784,4.3462,0.018094581397693477,0.012472522898801556,69,69,0.9036399480646057,TRUE,0.2043236311962834,-0.11093692521427785,0.4858000000000004,-0.007019999999999982,-0.8236981737133529,-0.22051011002833543,-0.6777621000501264,0.8342541436464088,0.9598554797270172,0.9598554797270172,0.8885172798216276,0.9409681227863046,0.8010610079575596,0.9409681227863046
592791,Jameson Taillon,NYY,2022,30,177.33333333333334,32,728,2805,177.33333333333334,5.541666666666667,0.1635,23.076923076923077,97.4147,102.7146,34.47415329768271,0,0.4007,5,3.9079,1.1278,0.2074,0.044,3.8446,3.7884,0.015144187115359744,0.009610194574191665,70,70,0.9172371036391549,TRUE,0.026597617258304434,-0.7838360313948293,-0.25853000000000037,0.2714600000000004,-0.2497647580242396,-0.22051011002833543,1.9628694585867303,0.8584905660377359,0.9655765920826161,0.9655765920826161,0.9033816425120773,0.949238578680203,0.8291571753986332,0.949238578680203
656876,Drew Rasmussen,TBR,2022,26,146,28,584,2239,146,5.214285714285714,0.161,25.33783783783784,100.1772,106.9948,33.27378293881197,0,0.4656,3,2.8356,1.0411,0.214,0.0531,3.742,3.5588,0.011478729821829592,0.0053232712791999,71,71,0.8994209779291694,TRUE,-0.024473076402034482,-0.1795976575229361,0.017719999999999913,0.6994799999999998,-0.7764257897096364,-0.22051011002833543,-0.6777621000501264,0.8295454545454546,0.9572466866182129,0.9572466866182129,0.8818432453721938,0.9372122226873169,0.7956403269754768,0.9372122226873169
592767,Drew Smyly,CHC,2022,33,106.33333333333333,22,447,1814,106.33333333333333,4.833333333333333,0.1454,25.953389830508474,103.5159,107.561,32.91069459757442,0,0.4012,3,3.4702,1.1944,0.2036,0.0582,4.0604,4.1828,-0.010196898600251577,-6.122292603613917e-4,73,72,0.8768499627304074,TRUE,-0.3431542048425491,-0.015088963292277909,0.3515900000000002,0.7561000000000007,-0.9357303568175773,-0.22051011002833543,-0.6777621000501264,0.7883597883597884,0.9477533960292581,0.9477533960292581,0.8580889309366131,0.9236252545824847,0.7487437185929648,0.9236252545824847
663559,Bailey Falter,PHI,2022,25,84,16,349,1295,76.66666666666667,5.25,0.1633,23.96825396825397,100.895,104.1791,32.12355212355212,0,0.3175,4,3.8571,1.2143,0.212,0.0487,3.9364,4.1282,0.00885370477016538,-6.93218687195145e-4,72,73,0.843495121640035,TRUE,0.02251196176547721,-0.5456243404146456,0.08949999999999961,0.41791000000000056,-1.2810881577565942,-0.22051011002833543,0.642553679268302,0.744136460554371,0.9283154121863799,0.9283154121863799,0.8119122257053292,0.8961937716262975,0.6993987975951904,0.8961937716262975
686610,Ken Waldichuk,OAK,2022,24,34.666666666666664,7,146,586,34.666666666666664,4.952380952380952,0.1575,25.503355704697988,102.6789,102.9015,35.665529010238906,0,0.3535,3,4.9327,1.2115,0.226,0.0685,3.947,4.2564,-0.039504108844383365,-0.027079957727460368,75,74,0.7149087267243651,TRUE,-0.09597204752650897,-0.13536235575602812,0.26788999999999985,0.29014999999999985,0.2729498835552555,-0.22051011002833543,-0.6777621000501264,0.5488721804511278,0.8542274052478134,0.8542274052478134,0.6613995485327314,0.7961956521739131,0.49324324324324326,0.7961956521739131
650644,Aaron Civale,CLE,2022,27,97,20,407,1588,97,4.85,0.1867,24.327956989247312,98.9648,99.3407,35.89420654911839,0,0.4122,3,4.9175,1.1856,0.2408,0.0541,3.5487,3.6217,-0.021397203927243754,-0.04213483147386003,74,75,0.8647146113396864,TRUE,0.5005336544262491,-0.44949229145854636,-0.10352000000000032,-0.06593000000000018,0.37328187497734083,-0.22051011002833543,-0.6777621000501264,0.7722960151802657,0.9407582938388626,0.9407582938388626,0.8411016949152542,0.9136939010356732,0.7307001795332136,0.9136939010356732
621111,Walker Buehler,LAD,2022,27,65,12,274,1046,65,5.416666666666667,0.1496,24.807692307692307,98.8124,102.3982,35.75525812619503,0,0.4796,4,4.0154,1.2923,0.2117,0.062,3.8222,3.6396,-0.07426114550940315,-0.054497068638538065,78,76,0.8133455831157391,TRUE,-0.25735543949317957,-0.32128113829289773,-0.11876000000000034,0.23982000000000028,0.3123184237998918,-0.22051011002833543,0.642553679268302,0.6954314720812182,0.912739965095986,0.912739965095986,0.7771173848439822,0.8745819397993311,0.6462264150943396,0.8745819397993311
608337,Lucas Giolito,CHW,2022,27,161.66666666666666,30,698,2753,161.66666666666666,5.388888888888888,0.1662,28.450920245398773,95.1907,94.4132,35.74282600799128,0,0.3855,3,4.899,1.4351,0.2536,0.0874,3.7879,3.6581,-0.06636385806496628,-0.05745076437227845,77,77,0.9149581314341277,TRUE,0.08175396641147001,0.6523858759530232,-0.4809299999999993,-0.5586799999999996,0.30686384709293263,-0.22051011002833543,-0.6777621000501264,0.8533007334963325,0.9649491763056431,0.9649491763056431,0.9017359973796266,0.9483293145022391,0.8231132075471698,0.9483293145022391
669302,Logan Gilbert,SEA,2022,25,185.66666666666666,32,766,3015,185.66666666666666,5.802083333333333,0.1632,24.176548089591567,103.1685,103.3838,35.32338308457712,0,0.3667,3,3.1993,1.1795,0.2272,0.064,3.8436,3.7773,-0.06274755717422147,-0.06263529793403864,76,78,0.9216163480027919,TRUE,0.02046913401906388,-0.48995691617562537,0.31684999999999947,0.33837999999999935,0.12283377575206648,-0.22051011002833543,-0.6777621000501264,0.8645598194130926,0.9678972712680578,0.9678972712680578,0.9095022624434389,0.95260663507109,0.8362445414847162,0.95260663507109
641154,Pablo López,MIA,2022,26,180,32,736,2910,180,5.625,0.1644,28.205128205128204,96.0555,100.3908,35.017182130584196,0,0.4609,2,3.75,1.1667,0.2364,0.072,3.709,3.561,-0.08171550980161436,-0.07656731264348773,80,79,0.9189386451489651,TRUE,0.0449830669760261,0.5866969852034871,-0.3944500000000005,0.03907999999999987,-0.011511519548856122,-0.22051011002833543,-1.9980778793685547,0.8598130841121495,0.9667774086378738,0.9667774086378738,0.9065420560747663,0.9509803921568627,0.8306997742663657,0.9509803921568627
621107,Zach Eflin,PHI,2022,28,75.66666666666667,13,313,1194,68,5.820512820512821,0.1597,22.105263157894736,98.2149,107.2647,34.58961474036851,0,0.4449,4,4.0441,1.1233,0.2077,0.0479,3.7766,3.8112,-0.07788417306142915,-0.08431756328955858,79,80,0.8314732364701118,TRUE,-0.051029837105410605,-1.043515971381879,-0.17851,0.7264700000000005,-0.199106190795044,-0.22051011002833543,0.642553679268302,0.7228637413394919,0.9227202472952086,0.9227202472952086,0.7991967871485943,0.8883928571428571,0.6760259179265659,0.8883928571428571
672282,Reid Detmers,LAA,2022,22,129,25,539,2181,129,5.16,0.141,25.52182163187856,101.066,99.4216,35.809261806510776,0,0.3601,4,3.7674,1.2093,0.2263,0.0853,4.1186,4.1981,-0.12237940744090782,-0.09554003813320283,83,81,0.8946998774086452,TRUE,-0.4330386256847458,-0.1304272639938288,0.10660000000000025,-0.057840000000000204,0.3360124727071434,-0.22051011002833543,0.642553679268302,0.8179059180576631,0.9561595791319597,0.9561595791319597,0.879081015719468,0.9356499356499357,0.7822931785195936,0.9356499356499357
548389,Ross Stripling,TOR,2022,32,134.33333333333334,24,536,2033,123.33333333333333,5.597222222222222,0.1698,23.59121298949379,99.7043,104.4205,31.972454500737825,0,0.4375,3,3.0149,1.0199,0.2071,0.0373,3.7148,3.6703,-0.08979222231405307,-0.09554118860505921,81,82,0.8912334668828182,TRUE,0.1552957652823584,-0.6463900268649124,-0.029569999999999652,0.4420500000000004,-1.3473820555761407,-0.22051011002833543,-0.6777621000501264,0.8170731707317073,0.953117674636662,0.953117674636662,0.871410201457351,0.9312872194228127,0.7813411078717201,0.9312872194228127
665621,Rony García,DET,2022,24,51,8,206,885,37,6.375,0.1699,21.65450121654501,102.1081,100.8046,38.53107344632768,0,0.3121,4,4.4118,1.0392,0.233,0.0631,3.7936,4.1459,-0.0933230645485802,-0.09877698791196926,82,83,0.7806411730255822,TRUE,0.1573385930287717,-1.1639838754148006,0.21080999999999933,0.08045999999999935,1.5302040117483466,-0.22051011002833543,0.642553679268302,0.6319018404907976,0.8984771573604061,0.8984771573604061,0.7468354430379747,0.855072463768116,0.5786516853932584,0.855072463768116
622694,Elieser Hernández,MIA,2022,27,62.333333333333336,10,278,1095,46.666666666666664,6.233333333333333,0.1367,24.861878453038674,106.9653,103.975,34.337899543378995,0,0.2737,3,6.3529,1.4278,0.2158,0.0791,4.4259,5.0511,-0.15059765523202168,-0.10531995629609191,87,84,0.8178062195704262,TRUE,-0.5208802187805286,-0.3067996775512163,0.6965299999999999,0.3974999999999994,-0.3095459266296625,-0.22051011002833543,-0.6777621000501264,0.6984924623115578,0.9163179916317992,0.9163179916317992,0.7849462365591398,0.8795180722891566,0.6495327102803738,0.8795180722891566
663752,Cody Morris,CLE,2022,25,23.666666666666668,5,100,404,20.666666666666668,4.733333333333333,0.11,28.708133971291865,101.7572,95.5048,36.881188118811885,0,0.3538,3,2.2817,1.3944,0.23,0.12,4.4413,4.1911,-0.32269404778621885,-0.10968868415017656,102,85,0.6414382069423328,TRUE,-1.0663152270729475,0.7211272571664797,0.17571999999999974,-0.4495199999999997,0.8063188355352975,-0.22051011002833543,-0.6777621000501264,0.45454545454545453,0.8015873015873016,0.8015873015873016,0.5738636363636364,0.7292418772563177,0.4,0.7292418772563177
669432,Trevor Rogers,MIA,2022,24,107,23,477,1940,107,4.6521739130434785,0.1279,25.789473684210527,103.6884,105.442,35.92783505154639,0,0.4201,3,5.4673,1.5047,0.2222,0.0943,4.2044,4.1102,-0.15844370515404593,-0.1211760593981867,88,86,0.8834645811631858,TRUE,-0.7006490604649209,-0.05889619893098257,0.36884000000000017,0.5441999999999994,0.38803633942398696,-0.22051011002833543,-0.6777621000501264,0.7989949748743719,0.9509803921568627,0.9509803921568627,0.8660714285714286,0.9282296650717703,0.7607655502392344,0.9282296650717703
518876,Merrill Kelly,ARI,2022,33,200.33333333333334,33,804,3071,200.33333333333334,6.070707070707071,0.1443,23.624161073825505,95.9218,100.7413,34.516444154998375,0,0.4275,5,3.3694,1.1381,0.2201,0.0759,4.0117,3.8554,-0.13705371312445158,-0.12260843455699784,84,87,0.923956062715609,TRUE,-0.365625310053098,-0.6375845215699079,-0.4078199999999995,0.07412999999999954,-0.2312096959301701,-0.22051011002833543,1.9628694585867303,0.8701298701298701,0.968464206874803,0.968464206874803,0.9110056363097004,0.9534306116113008,0.8427672955974843,0.9534306116113008
676710,Kutter Crawford,BOS,2022,26,77.33333333333333,12,334,1296,61.333333333333336,6.444444444444444,0.1437,25.566343042071196,99.9447,102.1799,36.18827160493827,0,0.3125,3,5.4698,1.4224,0.2305,0.0868,4.1051,4.3336,-0.1706057420365812,-0.1347618234370925,89,88,0.8410085976980829,TRUE,-0.3778822765315797,-0.11852874178399633,-0.005530000000000257,0.21799000000000035,0.5023025597486828,-0.22051011002833543,-0.6777621000501264,0.73568281938326,0.9283667621776505,0.9283667621776505,0.8120300751879699,0.8962655601659751,0.6900826446280992,0.8962655601659751
446372,Corey Kluber,TBR,2022,36,164,31,689,2454,164,5.290322580645161,0.1713,23.94590294351631,97.6091,96.1031,30.48084759576202,0,0.3608,4,4.3354,1.2134,0.2017,0.0305,3.8459,3.9161,-0.1415414331694181,-0.13607181176705976,85,89,0.910062298437546,TRUE,0.18593818147856173,-0.5515977397994104,-0.2390900000000002,-0.3896900000000002,-2.001822766843495,-0.22051011002833543,0.642553679268302,0.8516687268232386,0.9608457321848082,0.9608457321848082,0.8910675381263616,0.9423963133640553,0.8212157330154947,0.9423963133640553
666201,Alek Manoah,TOR,2022,24,196.66666666666666,31,786,2949,196.66666666666666,6.344086021505376,0.1641,24.914442162902123,98.4804,93.8961,34.113258731773485,0,0.3745,4,2.2424,0.9915,0.229,0.0649,3.8463,3.9748,-0.14811609774947518,-0.1365989412398829,86,90,0.9217937795653854,TRUE,0.03885458373678555,-0.29275181908187975,-0.1519599999999997,-0.6103899999999995,-0.40810680888112344,-0.22051011002833543,0.642553679268302,0.8675496688741722,0.9672023614299771,0.9672023614299771,0.9076638965835642,0.9515972894482091,0.8397435897435898,0.9515972894482091
641778,Eric Lauer,MIL,2022,27,158.66666666666666,29,661,2676,158.66666666666666,5.471264367816092,0.1483,24.19871794871795,99.6309,98.8553,35.799701046337816,0,0.3364,4,3.687,1.2227,0.2375,0.0893,4.071,4.0782,-0.1754887327675252,-0.15587662653103843,91,91,0.9117691878876559,TRUE,-0.2839122001965563,-0.48403193401394745,-0.03691000000000031,-0.11447000000000003,0.3318177008359648,-0.22051011002833543,0.642553679268302,0.8463508322663252,0.9639769452449568,0.9639769452449568,0.8991935483870968,0.9469214437367304,0.815043156596794,0.9469214437367304
543243,Sonny Gray,MIN,2022,32,119.66666666666667,24,488,1872,119.66666666666667,4.986111111111112,0.166,22.14022140221402,100.8855,97.8652,36.324786324786324,0,0.4451,4,3.0836,1.1281,0.2398,0.0738,3.7313,3.6573,-0.17467214221671337,-0.16491756359046433,90,92,0.8828017833284718,TRUE,0.07766831091864335,-1.0341732429137103,0.08854999999999932,-0.21347999999999984,0.5621982266685618,-0.22051011002833543,0.642553679268302,0.8026315789473685,0.949290060851927,0.949290060851927,0.861878453038674,0.9258160237388724,0.7648902821316614,0.9258160237388724
640455,Sean Manaea,SDP,2022,30,158,28,671,2482,153,5.642857142857143,0.158,25.568627450980394,93.1681,95.7286,33.239323126510875,0,0.3816,4,4.9557,1.2975,0.2325,0.0745,3.9008,3.9617,-0.18308718247946384,-0.16605861705943192,92,93,0.9094731563171631,TRUE,-0.08575790879444119,-0.11791822450647034,-0.6831900000000004,-0.42713999999999996,-0.7915449903497228,-0.22051011002833543,0.642553679268302,0.8482932996207333,0.9612703330751355,0.9612703330751355,0.8921639108554996,0.9430091185410334,0.8172959805115713,0.9430091185410334
608723,Austin Voth,2 Tms,2022,30,101.66666666666667,17,442,1762,76.33333333333333,5.980392156862745,0.1335,24.644549763033176,100.6105,105.578,36.6061293984109,0,0.3449,3,4.3377,1.3967,0.2036,0.0701,4.1595,4.3255,-0.21472858758747956,-0.1786851492355023,94,94,0.8747562175626962,TRUE,-0.586250706665762,-0.3648816258470025,0.06105000000000018,0.5578000000000003,0.6856371572599955,-0.22051011002833543,-0.6777621000501264,0.7864768683274022,0.9462943071965628,0.9462943071965628,0.8545101842870999,0.9215481171548117,0.7466216216216216,0.9215481171548117
573186,Marcus Stroman,CHC,2022,31,138.66666666666666,25,569,2181,138.66666666666666,5.546666666666666,0.1459,22.4,101.123,102.7236,35.350756533700135,0,0.5172,4,3.5048,1.1466,0.2091,0.0633,3.7395,3.4892,-0.20282879953176944,-0.18280008761736521,93,95,0.8971302143538911,TRUE,-0.3329400661104813,-0.9647463895858074,0.11230000000000047,0.2723600000000005,0.1348438431861534,-0.22051011002833543,0.642553679268302,0.8258345428156749,0.9561595791319597,0.9561595791319597,0.879081015719468,0.9356499356499357,0.7913769123783032,0.9356499356499357
664141,JT Brubaker,PIT,2022,28,144,28,646,2382,144,5.142857142857143,0.144,27.601809954751133,94.4145,96.7491,35.81024349286314,0,0.4404,3,4.6875,1.4653,0.2276,0.0836,3.9689,3.8739,-0.2253227433810332,-0.19471047054553536,95,96,0.9062827732333377,TRUE,-0.3717537932923391,0.4254578067801563,-0.5585499999999997,-0.32509000000000016,0.3364431863975517,-0.22051011002833543,-0.6777621000501264,0.8433420365535248,0.959709911361805,0.959709911361805,0.8881431767337807,0.9407582938388626,0.8115577889447236,0.9407582938388626
680686,Josiah Gray,WSN,2022,24,148.66666666666666,28,649,2597,148.66666666666666,5.309523809523809,0.1356,26.999140154772142,96.1872,98.8984,38.659992298806316,0,0.3301,3,5.0247,1.3587,0.2373,0.1017,4.2746,4.5653,-0.23775641666738614,-0.2038204527281235,97,97,0.9098995140005497,TRUE,-0.5433513239910776,0.2643919292794639,-0.38127999999999956,-0.11016000000000048,1.586767001119368,-0.22051011002833543,-0.6777621000501264,0.8439531859557867,0.9629217649239896,0.9629217649239896,0.896444597859855,0.9453949763378231,0.8122653316645807,0.9453949763378231
542881,Tyler Anderson,LAD,2022,32,178.66666666666666,28,707,2576,170.66666666666666,6.3809523809523805,0.1471,24.30044182621502,102.1906,101.7305,31.055900621118013,0,0.4012,3,2.569,1.0019,0.1952,0.0481,4.0387,4.1042,-0.22900755679343,-0.2086498037969923,96,98,0.9129666758111803,TRUE,-0.3084261331535185,-0.4568458271401502,0.21906000000000034,0.17305000000000065,-1.7495189529666588,-0.22051011002833543,-0.6777621000501264,0.8548972188633616,0.9626307922272048,0.9626307922272048,0.8956884561891516,0.9449743213499633,0.8249708284714119,0.9449743213499633
669330,Tyler Wells,BAL,2022,27,103.66666666666667,23,423,1649,103.66666666666667,4.507246376811595,0.1135,25.149700598802394,103.7972,104.8087,34.14190418435415,0,0.3662,3,4.254,1.1383,0.1797,0.0662,4.5295,4.5993,-0.3106094362246827,-0.2443890717509093,100,99,0.8688842802692479,TRUE,-0.994816255948473,-0.22987807558413287,0.3797200000000004,0.4808700000000002,-0.39553865148058337,-0.22051011002833543,-0.6777621000501264,0.7790055248618785,0.9428244711263579,0.9428244711263579,0.8460749102103643,0.9166203446359088,0.7382198952879581,0.9166203446359088
593334,Domingo Germán,NYY,2022,29,72.33333333333333,14,298,1081,70.66666666666667,5.166666666666666,0.1309,24.53531598513011,96.4779,98.3011,33.024976873265494,0,0.3981,4,3.6083,1.1613,0.1946,0.0638,4.2216,4.3251,-0.33454559074302403,-0.258014184934699,104,100,0.8211158610893483,TRUE,-0.6393642280725148,-0.3940747831800664,-0.35220999999999947,-0.16988999999999949,-0.885589147669895,-0.22051011002833543,0.642553679268302,0.7129186602870813,0.9153259949195597,0.9153259949195597,0.782766111513396,0.8781478472786353,0.6651785714285714,0.8781478472786353
502043,Kyle Gibson,PHI,2022,34,167.66666666666666,31,718,2739,167.66666666666666,5.408602150537634,0.1337,25.206922498118885,89.4197,94.4517,36.21759766338079,0,0.459,5,5.0457,1.336,0.2006,0.0669,4.056,3.9421,-0.30631015448181587,-0.2692955412297024,98,101,0.9158549522501109,TRUE,-0.5821650511729347,-0.21458529763841816,-1.0580299999999994,-0.5548299999999997,0.5151693321414419,-0.22051011002833543,1.9628694585867303,0.8568019093078759,0.9647763296935541,0.9647763296935541,0.9012833168805529,0.9480789200415368,0.8271889400921659,0.9480789200415368
664161,Matt Swarmer,CHC,2022,28,34,5,153,657,24.666666666666668,6.8,0.1046,31.292517006802722,95.6248,88.0304,41.0958904109589,0,0.3505,2,5.0294,1.5588,0.2353,0.1307,4.5245,4.6753,-0.5171097607737374,-0.27707544088336483,122,102,0.730851775309475,TRUE,-1.1766279253792795,1.4118138013188006,-0.4375200000000007,-1.19696,2.655514328430651,-0.22051011002833543,-1.9980778793685547,0.5604395604395604,0.8678996036988111,0.8678996036988111,0.6865203761755486,0.8141263940520446,0.504950495049505,0.8141263940520446
664353,José Urquidy,HOU,2022,27,164.33333333333334,28,681,2640,162.33333333333334,5.8690476190476195,0.141,22.28696285506191,100.3162,100.2392,32.27272727272727,0,0.36,4,3.9432,1.1684,0.1968,0.0558,4.1837,4.321,-0.31545879546324507,-0.2870291768215074,101,103,0.9124459217111801,TRUE,-0.4330386256847458,-0.9949560117375414,0.031619999999999496,0.023919999999999674,-1.2156377429027005,-0.22051011002833543,0.642553679268302,0.850187265917603,0.9635036496350365,0.9635036496350365,0.8979591836734694,0.946236559139785,0.8194945848375451,0.946236559139785
657006,Justin Steele,CHC,2022,26,119,24,512,2032,119,4.958333333333333,0.1484,24.037460978147763,105.4131,98.8633,36.811023622047244,0,0.5121,2,3.1765,1.3529,0.2461,0.0977,3.8082,3.4754,-0.33285887531283825,-0.2964941586551152,103,104,0.8890854809397585,TRUE,-0.2818693724501424,-0.5271284944669447,0.54131,-0.11367000000000047,0.7755342481113662,-0.22051011002833543,-1.9980778793685547,0.810126582278481,0.9530956848030019,0.9530956848030019,0.8713550600343053,0.9312557286892759,0.7734138972809668,0.9312557286892759
686973,Louis Varland,MIN,2022,24,26,5,106,411,26,5.2,0.1415,20.28985507246377,95.6629,103.4772,31.873479318734795,0,0.359,4,3.8077,1.2308,0.1981,0.0566,4.1393,4.1267,-0.41773870845662714,-0.3024302202236672,111,105,0.6478570470897759,TRUE,-0.42282448695267805,-1.528690931720001,-0.43371000000000065,0.34771999999999964,-1.3908072960277662,-0.22051011002833543,0.642553679268302,0.4690265486725664,0.8043052837573386,0.8043052837573386,0.5780590717299579,0.732620320855615,0.4140625,0.732620320855615
663903,Brady Singer,KCR,2022,25,153.33333333333334,24,621,2376,147.66666666666666,6.388888888888889,0.1852,22.981956315289647,94.444,97.59,34.638047138047135,0,0.4904,2,3.2283,1.1413,0.2415,0.0564,3.3962,3.3014,-0.31043595340748553,-0.3079087840874463,99,106,0.9045508911128619,TRUE,0.46989123823004575,-0.8092162724429466,-0.5555999999999998,-0.24099999999999966,-0.17785653535335347,-0.22051011002833543,-1.9980778793685547,0.8380566801619433,0.9596122778675282,0.9596122778675282,0.8878923766816144,0.9406175771971497,0.8054474708171206,0.9406175771971497
680694,Kyle Bradish,BAL,2022,25,117.66666666666667,23,509,1993,117.66666666666667,5.115942028985508,0.1277,23.646408839779006,95.8972,105.4407,38.685398896136476,0,0.4561,3,4.8952,1.4023,0.2181,0.0904,4.1453,4.0113,-0.35536876771705733,-0.3110469836223554,105,107,0.8878890183958058,TRUE,-0.7047347159577482,-0.6316387185018668,-0.4102800000000002,0.5440700000000007,1.5979141147269598,-0.22051011002833543,-0.6777621000501264,0.809220985691574,0.9522216913521261,0.9522216913521261,0.869167030091583,0.9300046663555763,0.7723823975720789,0.9300046663555763
489119,Wade Miley,CHC,2022,35,37,8,159,566,35,4.625,0.0881,25.19685039370079,95.4919,107.4549,36.57243816254417,0,0.5263,3,3.1622,1.2162,0.1761,0.0881,4.4787,4.4166,-0.5093306218709042,-0.3156421012013586,120,108,0.7169629346972342,TRUE,-1.513694503537516,-0.21727710721048543,-0.4508099999999999,0.7454899999999995,0.6708551685935789,-0.22051011002833543,-0.6777621000501264,0.5698924731182796,0.8498498498498499,0.8498498498498499,0.6535796766743649,0.7905027932960894,0.5145631067961165,0.7905027932960894
621112,Paul Blackburn,OAK,2022,28,111.33333333333333,21,467,1762,111.33333333333333,5.301587301587301,0.1263,23.596938775510203,91.12,96.2662,37.74120317820658,0,0.4735,5,4.2844,1.2575,0.1906,0.0642,4.0889,3.8928,-0.38289724351043464,-0.3216553276383458,108,109,0.8775219857163093,TRUE,-0.7333343044075382,-0.6448597880025256,-0.8879999999999996,-0.3733800000000002,1.183649394473701,-0.22051011002833543,1.9628694585867303,0.7955706984667802,0.9462943071965628,0.9462943071965628,0.8545101842870999,0.9215481171548117,0.7568881685575365,0.9215481171548117
592836,Taijuan Walker,NYM,2022,29,157.33333333333334,29,649,2500,157.33333333333334,5.42528735632184,0.1341,23.584108199492814,93.4743,98.5647,36.08,0,0.4624,4,3.4894,1.1949,0.2034,0.0693,4.047,3.8842,-0.379887650766479,-0.3404940175251587,107,110,0.9084207194835174,TRUE,-0.5739937401872809,-0.648288809973018,-0.6525700000000001,-0.1435299999999998,0.45479852506669566,-0.22051011002833543,0.642553679268302,0.8439531859557867,0.9615384615384616,0.9615384615384616,0.8928571428571429,0.9433962264150944,0.8122653316645807,0.9433962264150944
621244,José Berríos,TOR,2022,28,172,32,753,2721,172,5.375,0.1381,21.31519274376417,98.2444,102.2786,32.96582138919515,0,0.403,4,5.2326,1.4186,0.1979,0.0598,4.1267,4.2071,-0.3702249624326428,-0.3425311660845339,106,111,0.9173907256493601,TRUE,-0.4922806303307386,-1.2546654010425504,-0.1755600000000001,0.22785999999999973,-0.9115435441943529,-0.22051011002833543,0.642553679268302,0.8625429553264605,0.9645515774548032,0.9645515774548032,0.900695134061569,0.9477533960292581,0.8338870431893688,0.9477533960292581
605182,Mike Clevinger,SDP,2022,31,114.33333333333333,22,485,1931,112.33333333333333,5.196969696969696,0.1155,24.2749731471536,100.0486,97.0024,36.147074054893835,0,0.3516,4,4.3294,1.1983,0.1876,0.0722,4.4933,4.7601,-0.4184578448151452,-0.3454880004705556,112,112,0.884046921848328,TRUE,-0.9539597010202019,-0.46365243192100114,0.004859999999999332,-0.2997600000000006,0.4842271848871061,-0.22051011002833543,0.642553679268302,0.8016528925619835,0.9507631708517972,0.9507631708517972,0.8655311519497983,0.9279192695819317,0.7637795275590551,0.9279192695819317
547179,Michael Lorenzen,LAA,2022,30,97.66666666666667,18,411,1654,97.66666666666667,5.4259259259259265,0.0998,25.158831003811944,96.0326,93.8963,38.14993954050786,0,0.5018,5,4.2389,1.2799,0.2068,0.1071,4.4267,4.1952,-0.45824503332305466,-0.35256654633612833,116,113,0.8675397427486956,TRUE,-1.27468365720713,-0.22743793888763475,-0.39673999999999976,-0.6103700000000003,1.3629819751777423,-0.22051011002833543,1.9628694585867303,0.7740112994350282,0.942987457240593,0.942987457240593,0.8464687819856704,0.9168514412416852,0.732620320855615,0.9168514412416852
500779,Jose Quintana,2 Tms,2022,33,165.66666666666666,32,679,2724,165.66666666666666,5.177083333333333,0.1325,23.984674329501917,88.3294,99.744,37.40822320117474,0,0.4642,4,2.9336,1.2133,0.2018,0.0692,4.0234,3.7222,-0.39793671524582813,-0.3600373785189236,109,114,0.913494194303835,TRUE,-0.6066789841298975,-0.5412359342038624,-1.1670599999999993,-0.025600000000000022,1.0375548354584758,-0.22051011002833543,0.642553679268302,0.8498122653316645,0.9645892351274787,0.9645892351274787,0.9007936507936508,0.9478079331941545,0.8190591073582629,0.9478079331941545
672710,Roansy Contreras,PIT,2022,22,95,18,408,1588,87.33333333333333,5.277777777777778,0.1152,27.68211920529801,98.5602,91.2452,35.26448362720403,0,0.3643,3,3.7895,1.2737,0.2108,0.0956,4.412,4.4822,-0.4732904376511021,-0.3716189886870743,117,115,0.8648451647272176,TRUE,-0.9600881842594428,0.4469207702656453,-0.14398000000000052,-0.8754800000000003,0.09699171062893022,-0.22051011002833543,-0.6777621000501264,0.7727272727272727,0.9407582938388626,0.9407582938388626,0.8411016949152542,0.9136939010356732,0.7311827956989247,0.9136939010356732
686752,Ryan Pepiot,LAD,2022,24,36.333333333333336,7,160,737,31.333333333333332,5.190476190476191,0.0938,28.525641025641026,99.8616,84.3254,40.976933514246944,0,0.2644,3,3.4679,1.4587,0.2625,0.1688,4.9582,5.3148,-0.6559441362891362,-0.37956895433926147,131,116,0.7458706023692835,TRUE,-1.3972533219919436,0.6723552987408821,-0.01384000000000043,-1.5674599999999999,2.6033221350084883,-0.22051011002833543,-0.6777621000501264,0.5714285714285714,0.8805256869772998,0.8805256869772998,0.7107039537126326,0.830890642615558,0.5161290322580645,0.830890642615558
448179,Rich Hill,BOS,2022,42,124.33333333333333,26,526,1990,124.33333333333333,4.782051282051282,0.1369,21.951219512195124,100.0201,96.3349,32.462311557788944,0,0.4016,4,4.2708,1.3029,0.2072,0.0703,4.1349,4.1224,-0.4391220707286046,-0.38761270932894365,113,117,0.8893518474770667,TRUE,-0.5167945632877015,-1.0846847423554349,0.002009999999999934,-0.36650999999999956,-1.1324578689379274,-0.22051011002833543,0.642553679268302,0.8142414860681114,0.9521531100478469,0.9521531100478469,0.868995633187773,0.9299065420560748,0.7781065088757396,0.9299065420560748
624133,Ranger Suarez,PHI,2022,26,155.33333333333334,29,662,2564,155.33333333333334,5.35632183908046,0.1073,21.422450728363327,97.0124,101.0395,37.753510140405616,1,0.5544,3,3.6502,1.3326,0.1949,0.0876,4.1111,3.8206,-0.4086065111569802,-0.39134606893838186,110,118,0.9102080886783234,TRUE,-1.1214715762261134,-1.226000282251098,-0.29876,0.10395000000000039,1.189049059136159,4.504706533435995,-0.6777621000501264,0.8465473145780051,0.9624624624624625,0.9624624624624625,0.8952513966480447,0.9447310243183493,0.8152709359605911,0.9447310243183493
608379,Michael Wacha,BOS,2022,30,127.33333333333333,23,515,1949,127.33333333333333,5.536231884057971,0.1417,20.73170731707317,95.6281,99.8608,34.376603386351974,0,0.4096,4,3.322,1.1152,0.2019,0.0602,4.0669,3.9893,-0.44825893703874853,-0.4058339433247784,115,119,0.8873619001854006,TRUE,-0.4187388314598508,-1.4106041792294255,-0.43718999999999963,-0.013920000000000243,-0.29256466270582265,-0.22051011002833543,0.642553679268302,0.8110236220472441,0.9511957052220595,0.9511957052220595,0.8666073810582481,0.9285373987613149,0.7744360902255639,0.9285373987613149
596001,Jakob Junis,SFG,2022,29,112,17,478,1802,84,6.588235294117647,0.1527,21.506682867557714,95.7526,99.817,34.07325194228635,0,0.431,3,4.4196,1.2946,0.205,0.0523,3.777,3.6725,-0.4435002804035471,-0.40653029082788045,114,120,0.8798450552761794,TRUE,-0.19402777935435958,-1.2034889113252984,-0.4247399999999999,-0.018300000000000694,-0.42565973899973936,-0.22051011002833543,-0.6777621000501264,0.7993311036789298,0.9474237644584648,0.9474237644584648,0.857278782112274,0.923155737704918,0.7611464968152867,0.923155737704918
681217,Chase Silseth,LAA,2022,22,28.666666666666668,7,129,501,28.666666666666668,4.095238095238096,0.093,25.663716814159294,90.9845,97.2003,37.3253493013972,0,0.4615,3,6.593,1.5698,0.186,0.093,4.5034,4.2444,-0.6962133253392981,-0.4160718981267275,137,121,0.6874711214425521,TRUE,-1.413595943963252,-0.09250521771249214,-0.9015500000000003,-0.27997000000000016,1.0011940129555847,-0.22051011002833543,-0.6777621000501264,0.5180722891566265,0.8336106489184693,0.8336106489184693,0.6254681647940075,0.7695852534562212,0.46236559139784944,0.7695852534562212
641726,Daulton Jefferies,OAK,2022,26,39.333333333333336,8,172,611,39.333333333333336,4.916666666666667,0.1163,22.68041237113402,87.2469,93.1491,36.661211129296234,0,0.4662,5,5.7203,1.3729,0.1628,0.0465,4.3134,4.3332,-0.6114823451290333,-0.42351764543233394,128,122,0.7311974354441676,TRUE,-0.9376170790488936,-0.8898050790699565,-1.2753100000000004,-0.6850899999999995,0.7098041995404948,-0.22051011002833543,1.9628694585867303,0.589041095890411,0.8593530239099859,0.8593530239099859,0.6706915477497256,0.8028909329829172,0.5341614906832298,0.8028909329829172
624522,Keegan Thompson,CHC,2022,27,115,17,485,1878,78.33333333333333,6.764705882352941,0.134,24.452133794694348,96.7415,93.3338,36.954206602768906,0,0.4087,3,3.7565,1.2696,0.2227,0.0887,4.0467,4.2642,-0.5008822914922421,-0.4330870074636825,118,123,0.8826643063751227,TRUE,-0.5760365679336942,-0.4163055511651771,-0.3258499999999998,-0.6666200000000003,0.8383556063608335,-0.22051011002833543,-0.6777621000501264,0.8016528925619835,0.9494438827098078,0.9494438827098078,0.8622589531680441,0.9260355029585798,0.7637795275590551,0.9260355029585798
596295,Austin Gomber,COL,2022,28,124.66666666666667,17,529,2059,87.66666666666667,7.333333333333334,0.1153,22.123015873015873,96.3985,101.1488,35.74550752792618,0,0.4264,4,5.5588,1.3717,0.1796,0.0643,4.2421,4.1884,-0.504959995958749,-0.4390412331413353,119,124,0.8912244255007743,TRUE,-0.9580453565130291,-1.0387714883513612,-0.36015000000000014,0.11487999999999943,0.30804036069555596,-0.22051011002833543,0.642553679268302,0.8151001540832049,0.953682260305697,0.953682260305697,0.8728274692666385,0.9320959710276143,0.7790868924889544,0.9320959710276143
669022,MacKenzie Gore,SDP,2022,23,70,13,309,1258,65.33333333333333,5.384615384615385,0.1133,24.143835616438356,99.4196,95.862,37.59936406995231,0,0.3763,3,4.5,1.4714,0.233,0.1197,4.4301,4.4197,-0.5727164897857396,-0.4492358911759588,125,125,0.8343691701012489,TRUE,-0.9989019114413002,-0.4986994534552824,-0.05803999999999974,-0.4138000000000005,1.1214176586310998,-0.22051011002833543,-0.6777621000501264,0.7202797202797203,0.9263622974963182,0.9263622974963182,0.8074454428754814,0.8934659090909091,0.673202614379085,0.8934659090909091
663738,Daniel Lynch IV,KCR,2022,25,131.66666666666666,27,600,2435,131.66666666666666,4.876543209876543,0.1167,25.432098765432098,91.5399,99.0252,36.75564681724846,0,0.4149,3,5.1266,1.5722,0.2033,0.0867,4.3436,4.3007,-0.5129507354567869,-0.4498655677185399,121,126,0.9040992139030241,TRUE,-0.9294457680632394,-0.15440605340152852,-0.8460099999999997,-0.09748000000000019,0.7512377425110406,-0.22051011002833543,-0.6777621000501264,0.8333333333333334,0.960552268244576,0.960552268244576,0.8903107861060329,0.941972920696325,0.8,0.941972920696325
656605,Mitch Keller,PIT,2022,26,159,29,687,2661,153,5.482758620689655,0.1135,21.581548599670512,99.5052,99.8265,37.24163848177377,0,0.4905,4,3.9057,1.3962,0.2009,0.0873,4.179,3.992,-0.528666449565212,-0.47208191867907523,123,127,0.9130873449378077,TRUE,-0.994816255948473,-1.1834807495791815,-0.04947999999999979,-0.01735000000000042,0.9644659928905247,-0.22051011002833543,0.642553679268302,0.8513011152416357,0.9637812386816371,0.9637812386816371,0.8986828774062816,0.9466382070437567,0.8207885304659498,0.9466382070437567
543294,Kyle Hendricks,CHC,2022,32,84.33333333333333,16,356,1347,84.33333333333333,5.270833333333333,0.118,23.941368078175895,92.2705,93.0827,36.45137342242019,0,0.3615,4,4.8024,1.2925,0.1854,0.0674,4.4285,4.4562,-0.5845217019429491,-0.47415054543890955,126,128,0.8472413295921868,TRUE,-0.9028890073598632,-0.5528097004210091,-0.7729500000000001,-0.6917299999999997,0.6177381614438847,-0.22051011002833543,0.642553679268302,0.7478991596638656,0.9308914996544575,0.9308914996544575,0.8178506375227687,0.8997995991983968,0.7035573122529645,0.8997995991983968
693821,Bryce Elder,ATL,2022,23,54,9,227,873,51.666666666666664,6,0.1057,23.737373737373737,91.3471,92.4558,38.373424971363114,0,0.4934,4,3.1667,1.2407,0.207,0.1013,4.3423,4.1594,-0.69026596894612,-0.5049647735607542,135,129,0.7859630338229936,TRUE,-1.1541568201687304,-0.6073279913783795,-0.8652900000000002,-0.7544200000000003,1.461035935533455,-0.22051011002833543,0.642553679268302,0.654178674351585,0.8972250770811921,0.8972250770811921,0.7442455242966752,0.8533724340175953,0.6021220159151194,0.8533724340175953
601713,Nick Pivetta,BOS,2022,29,179.66666666666666,33,773,3082,179.66666666666666,5.444444444444444,0.132,23.53342428376535,98.4163,92.997,35.62621674237508,0,0.3846,3,4.5584,1.3803,0.2264,0.0944,4.2134,4.263,-0.5598261272036158,-0.5112795307101717,124,130,0.922675388003222,TRUE,-0.6168931228619653,-0.6618342860564386,-0.15836999999999932,-0.7003,0.2557016739522344,-0.22051011002833543,-0.6777621000501264,0.8656215005599104,0.9685732243871779,0.9685732243871779,0.9112950916617386,0.9535891089108911,0.8374864572047671,0.9535891089108911
665152,Dean Kremer,BAL,2022,26,125.33333333333333,21,512,1947,120,5.968253968253968,0.1035,22.289766970618036,99.1303,98.442,34.05238828967642,0,0.3937,4,3.2314,1.2527,0.1699,0.0664,4.5358,4.4294,-0.6036593258092946,-0.5152922509058853,127,131,0.8870376653760709,TRUE,-1.1990990305898288,-0.9942066008118957,-0.08696999999999946,-0.1558000000000007,-0.4348136411492444,-0.22051011002833543,0.642553679268302,0.810126582278481,0.9511480214948705,0.9511480214948705,0.8664886515353805,0.9284692417739628,0.7734138972809668,0.9284692417739628
661309,Adrián Martinez,OAK,2022,25,57.666666666666664,12,259,1015,57.666666666666664,4.805555555555555,0.1313,24.016563146997928,87.6791,93.0217,36.1576354679803,0,0.413,3,6.2428,1.526,0.2046,0.0734,4.1559,4.1131,-0.6586101896589583,-0.5286213201206862,132,132,0.8073727619136466,TRUE,-0.6311929170868603,-0.532713522142343,-1.2320899999999995,-0.6978300000000004,0.488860992004274,-0.22051011002833543,-0.6777621000501264,0.683377308707124,0.9103139013452914,0.9103139013452914,0.7718631178707225,0.871244635193133,0.6332518337408313,0.871244635193133
663436,Davis Martin,CHW,2022,25,63.333333333333336,9,269,1044,44.333333333333336,7.037037037037037,0.10780000000000001,24.1635687732342,92.828,89.8029,33.71647509578544,0,0.3673,4,4.8316,1.2947,0.1784,0.0706,4.3976,4.4152,-0.71129955211216,-0.5406407107862059,139,133,0.8120322486906802,TRUE,-1.1112574374940456,-0.49342568958775124,-0.7171999999999997,-1.0197100000000006,-0.5821951454857832,-0.22051011002833543,0.642553679268302,0.6915167095115681,0.9125874125874126,0.9125874125874126,0.7767857142857143,0.8743718592964824,0.6420047732696897,0.8743718592964824
656427,Jack Flaherty,STL,2022,26,36,8,167,662,35,4.5,0.0659,25.862068965517242,99.3403,90.0804,40.93655589123867,0,0.4175,3,4.25,1.6111,0.1976,0.1317,4.9863,4.9272,-0.8862495620767348,-0.5457237459097879,156,134,0.7378456830995784,FALSE,-1.9672022632413253,-0.03949482410436407,-0.06597000000000008,-0.9919600000000003,2.585606502134524,-0.22051011002833543,-0.6777621000501264,0.5818815331010453,0.868766404199475,0.868766404199475,0.6881496881496881,0.8152709359605911,0.526813880126183,0.8152709359605911
592789,Noah Syndergaard,2 Tms,2022,29,134.66666666666666,24,565,2026,132.66666666666666,5.611111111111111,0.1133,20.198019801980198,92.7181,98.7227,32.97137216189536,0,0.4279,5,3.9431,1.255,0.1681,0.0549,4.3919,4.2841,-0.6195155203491755,-0.5478696033746039,129,135,0.8934442142837214,TRUE,-0.9989019114413002,-1.5532342694257653,-0.7281899999999993,-0.12772999999999968,-0.9091081494386091,-0.22051011002833543,1.9628694585867303,0.8248175182481752,0.9529633113828786,0.9529633113828786,0.8710232158211522,0.9310661764705882,0.7902097902097902,0.9310661764705882
502179,Paolo Espino,WSN,2022,35,113.33333333333333,19,487,1873,83.66666666666667,5.964912280701754,0.1396,21.377672209026127,90.1917,98.0912,35.66470902295782,0,0.3912,3,4.8441,1.3676,0.1889,0.0493,4.0507,4.1364,-0.6270730095538554,-0.5662672996404325,130,136,0.8827295067733553,TRUE,-0.46163821413453526,-1.2379675178923717,-0.9808300000000003,-0.19087999999999994,0.2725901151352567,-0.22051011002833543,-0.6777621000501264,0.8023064250411862,0.9493157627977699,0.9493157627977699,0.8619420156465716,0.925852694018784,0.7645211930926217,0.925852694018784
680739,Josh Winder,MIN,2022,25,67,11,287,1114,53,6.090909090909091,0.101,22.22222222222222,91.6447,97.0689,36.086175942549374,0,0.3502,4,4.7015,1.2985,0.1638,0.0627,4.6301,4.9046,-0.7264056755797078,-0.5714217113178994,143,137,0.8210942551058519,TRUE,-1.2501697242501673,-1.0122582008278822,-0.83553,-0.2931100000000001,0.45750821233166955,-0.22051011002833543,0.642553679268302,0.7051597051597052,0.9176276771004942,0.9176276771004942,0.7878359264497878,0.8813291139240507,0.6567505720823799,0.8813291139240507
675627,Michael Grove,LAD,2022,25,29.333333333333332,6,133,472,28.333333333333332,4.888888888888888,0.1053,22.26890756302521,91.1814,93.7971,34.74576271186441,0,0.4021,3,4.6023,1.4318,0.1805,0.0752,4.5608,4.7698,-0.8815384524702491,-0.5799144251225223,155,138,0.6821556950651034,FALSE,-1.1623281311543845,-0.9997813596403625,-0.8818600000000003,-0.62029,-0.13059645864789518,-0.22051011002833543,-0.6777621000501264,0.525691699604743,0.8251748251748252,0.8251748251748252,0.6113989637305699,0.7588424437299035,0.46996466431095407,0.7588424437299035
669461,Matthew Liberatore,STL,2022,22,34.666666666666664,7,161,650,29.666666666666668,4.952380952380952,0.0621,21.60278745644599,95.0232,93.3431,40.15384615384615,0,0.3839,5,5.9712,1.7308,0.1739,0.1118,5.0025,4.9348,-0.9198781262838207,-0.58398071145317,161,139,0.7333117833948192,FALSE,-2.0448297176050403,-1.17780458146229,-0.49767999999999973,-0.6656899999999993,2.2421935589882525,-0.22051011002833543,1.9628694585867303,0.5729537366548043,0.8666666666666667,0.8666666666666667,0.6842105263157895,0.8125,0.5176848874598071,0.8125
666214,Joey Wentz,DET,2022,24,32.666666666666664,7,135,555,32.666666666666664,4.666666666666666,0.1037,21.825396825396826,94.6748,91.8613,39.0990990990991,0,0.3656,3,3.0306,1.102,0.2,0.0963,4.5769,4.5578,-0.8904291768407835,-0.5926090499432817,157,140,0.7030490508436776,FALSE,-1.1950133750970016,-1.1183113509217992,-0.5325199999999995,-0.81387,1.779424574470172,-0.22051011002833543,-0.6777621000501264,0.5294117647058824,0.8473282442748091,0.8473282442748091,0.6491228070175439,0.7872340425531915,0.47368421052631576,0.7872340425531915
656629,Michael Kopech,CHW,2022,26,119.33333333333333,25,494,2011,119.33333333333333,4.773333333333333,0.0972,24.195338512763595,103.1256,91.9253,37.941322725012434,0,0.3567,3,3.5447,1.1899,0.2126,0.1154,4.7266,4.8335,-0.7079493782356454,-0.594182058394589,138,141,0.8868943751165946,TRUE,-1.3277971786138827,-0.4849351015817672,0.31256000000000056,-0.8074700000000007,1.2714516016860942,-0.22051011002833543,-0.6777621000501264,0.8045602605863192,0.9526290857413549,0.9526290857413549,0.8701860666378192,0.9305876908838501,0.7670807453416149,0.9305876908838501
666120,Ian Anderson,ATL,2022,24,111.66666666666667,22,493,2005,111.66666666666667,5.075757575757576,0.0872,28.404255319148938,87.019,91.4758,39.750623441396506,0,0.4794,3,4.997,1.5134,0.1968,0.1095,4.5782,4.2182,-0.7245135040427833,-0.5993806718238904,142,142,0.8866550121954216,TRUE,-1.532079953255238,0.6399144906352308,-1.2980999999999994,-0.8524199999999993,2.065280085435393,-0.22051011002833543,-0.6777621000501264,0.8042414355628059,0.9524940617577197,0.9524940617577197,0.8698481561822126,0.9303944315545244,0.7667185069984448,0.9303944315545244
543475,Jordan Lyles,BAL,2022,31,179,32,774,2988,179,5.59375,0.1189,21.852387843704776,87.3929,91.5274,36.64658634538153,0,0.4021,5,4.4246,1.3855,0.186,0.0672,4.3581,4.3947,-0.6701541593383235,-0.6104582048673814,134,143,0.9216891628567373,TRUE,-0.8845035576421411,-1.1110978949819816,-1.2607100000000002,-0.84726,0.7033875934257449,-0.22051011002833543,1.9628694585867303,0.8657718120805369,0.9676165803108808,0.9676165803108808,0.9087591240875912,0.9521988527724665,0.8376623376623377,0.9521988527724665
676265,Cory Abbott,WSN,2022,26,48,9,216,845,39,5.333333333333333,0.0926,26.161369193154034,90.9645,86.6762,38.22485207100592,0,0.2786,3,5.25,1.4375,0.2083,0.1157,4.9803,5.7031,-0.8690085268969436,-0.6147699300552849,152,144,0.7796949420471806,FALSE,-1.421767254948906,0.04049434044670086,-0.9035499999999999,-1.3323800000000006,1.395849756614289,-0.22051011002833543,-0.6777621000501264,0.6428571428571429,0.8941798941798942,0.8941798941798942,0.7379912663755459,0.8492462311557789,0.5901639344262295,0.8492462311557789
543606,Jake Odorizzi,2 Tms,2022,32,106.33333333333333,22,453,1798,106.33333333333333,4.833333333333333,0.1126,22.197558268590456,91.5551,93.4933,36.48498331479421,0,0.3171,4,4.4013,1.326,0.1898,0.0773,4.5889,4.697,-0.7183236778090182,-0.6163346033934595,140,145,0.8770640265134029,TRUE,-1.013201705666195,-1.0188497395684584,-0.8444900000000004,-0.6506699999999995,0.632484460752034,-0.22051011002833543,0.642553679268302,0.7905759162303665,0.9473129610115911,0.9473129610115911,0.8570066730219257,0.9229979466119097,0.7512437810945274,0.9229979466119097
502624,Chase Anderson,CIN,2022,34,24,7,103,493,22.333333333333332,3.4285714285714284,0.0777,22.374429223744293,90.7356,85.7551,41.37931034482759,0,0.5161,4,6.375,1.3333,0.2233,0.1456,4.7704,4.6177,-1.0728866729128845,-0.6267611632292892,173,146,0.6695509577195559,FALSE,-1.7261485891645256,-0.9715802802439134,-0.9264399999999995,-1.42449,2.7798644789224642,-0.22051011002833543,0.642553679268302,0.4618834080717489,0.8313659359190556,0.8313659359190556,0.6216897856242118,0.7667185069984448,0.40711462450592883,0.7667185069984448
571945,Miles Mikolas,STL,2022,33,202.33333333333334,32,805,3152,199.33333333333334,6.322916666666667,0.1416,18.689162881245945,92.4772,96.5567,33.40736040609137,0,0.4503,4,3.2916,1.0329,0.1901,0.0484,3.9865,3.8038,-0.6686509982987532,-0.6297892808802619,133,147,0.924848774743953,TRUE,-0.42078165920626415,-1.956482223727652,-0.7522800000000004,-0.34432999999999936,-0.7178188387736983,-0.22051011002833543,0.642553679268302,0.8702702702702703,0.9692496924969249,0.9692496924969249,0.9130938586326767,0.9545729860690491,0.8429319371727748,0.9545729860690491
666159,Matt Manning,DET,2022,24,63,12,263,990,63,5.25,0.1103,22.357723577235774,93.3813,94.5474,34.84848484848485,0,0.4103,3,3.4286,1.1746,0.1825,0.0722,4.4518,4.3738,-0.8027861905556991,-0.6319271615713489,147,148,0.8063265249136033,TRUE,-1.060186743833707,-0.976044930064105,-0.6618700000000004,-0.5452600000000004,-0.08552724642547285,-0.22051011002833543,-0.6777621000501264,0.6866840731070496,0.908256880733945,0.908256880733945,0.7674418604651163,0.868421052631579,0.6368038740920097,0.868421052631579
527048,Martín Pérez,TEX,2022,31,196.33333333333334,32,821,2979,196.33333333333334,6.135416666666667,0.1218,20.9811320754717,95.4695,98.6354,36.72373279624035,0,0.5142,3,2.8879,1.2581,0.2058,0.084,4.0766,3.8036,-0.6903773281258272,-0.6384965874435217,136,149,0.9236673473784771,TRUE,-0.8252615529961479,-1.3439444302536883,-0.45305000000000034,-0.13645999999999958,0.7372355046973925,-0.22051011002833543,-0.6777621000501264,0.8724760892667375,0.9675219227021761,0.9675219227021761,0.9085086916742909,0.9520613614573347,0.8455200823892894,0.9520613614573347
668933,Graham Ashcraft,CIN,2022,24,105,19,464,1756,105,5.526315789473684,0.0884,18.569780853517877,105.074,108.8769,35.6492027334852,0,0.5452,3,4.8857,1.419,0.153,0.0647,4.2215,4.0865,-0.7449205648886789,-0.6422062551903481,144,150,0.8770214520858237,TRUE,-1.5075660202982752,-1.988387540792658,0.5073999999999999,0.8876900000000006,0.26578674953153736,-0.22051011002833543,-0.6777621000501264,0.7945205479452054,0.9461206896551724,0.9461206896551724,0.8540856031128404,0.9213011542497377,0.755700325732899,0.9213011542497377
608566,Germán Márquez,COL,2022,27,181.66666666666666,31,779,2839,181.66666666666666,5.860215053763441,0.1117,23.245924875974485,90.3114,91.8568,34.80098626276858,0,0.4758,4,4.9541,1.3651,0.1926,0.0809,4.2672,4.018,-0.7205613635708771,-0.6521356445503846,141,151,0.9201520289311366,TRUE,-1.0315871553839173,-0.738669635029258,-0.9688599999999994,-0.8143199999999993,-0.10636719300701065,-0.22051011002833543,0.642553679268302,0.8665183537263627,0.9659748213678122,0.9659748213678122,0.9044281618349793,0.9498159919705588,0.8385360602798708,0.9498159919705588
547943,Hyun Jin Ryu,TOR,2022,35,27,6,113,395,27,4.5,0.1062,16.939890710382514,87.1983,101.1033,36.20253164556962,0,0.4565,4,5.6667,1.3333,0.1416,0.0354,4.4634,4.2359,-0.9608878015070065,-0.6545293151141528,163,152,0.6469260770790874,FALSE,-1.1439426814366627,-2.423982100438716,-1.2801699999999996,0.11033000000000044,0.5085591351924877,-0.22051011002833543,0.642553679268302,0.48497854077253216,0.797979797979798,0.797979797979798,0.5683453237410072,0.7247706422018348,0.4296577946768061,0.7247706422018348
666142,Cole Ragans,TEX,2022,24,40,9,174,706,40,4.444444444444445,0.0632,22.471910112359552,99.6056,95.2574,38.243626062322946,0,0.3615,3,4.95,1.475,0.1552,0.092,5.075,4.8499,-1.005776962848121,-0.6714066460326791,166,153,0.7474366840869185,FALSE,-2.022358612394491,-0.9455281288586752,-0.039440000000000454,-0.47425999999999957,1.4040868224188623,-0.22051011002833543,-0.6777621000501264,0.5918367346938775,0.8759305210918115,0.8759305210918115,0.7017892644135189,0.8247663551401869,0.5370370370370371,0.8247663551401869
528748,Humberto Castellanos,ARI,2022,24,44.333333333333336,9,194,748,41.333333333333336,4.9259259259259265,0.1031,17.76504297994269,90.3116,95.2516,35.42780748663102,0,0.3333,5,5.6842,1.3985,0.1649,0.0619,4.61,4.6883,-0.9051939913691224,-0.683118637735087,160,154,0.7608005086939015,FALSE,-1.2072703415754829,-2.2034569067538308,-0.9688400000000001,-0.4748400000000004,0.16864985485833198,-0.22051011002833543,1.9628694585867303,0.6178343949044586,0.8820754716981132,0.8820754716981132,0.7137404580152672,0.8329621380846325,0.563953488372093,0.8329621380846325
641540,Dane Dunning,TEX,2022,27,153.33333333333334,29,671,2548,153.33333333333334,5.287356321839081,0.1118,24.49160035366932,87.7081,86.0752,37.755102040816325,0,0.533,4,4.4609,1.4348,0.2042,0.0924,4.1675,4.0281,-0.7757787316215462,-0.6894546246688441,145,155,0.9105042891321291,TRUE,-1.0295443276375036,-0.4057579578504659,-1.2291899999999998,-1.3924800000000004,1.1897475035008076,-0.22051011002833543,0.642553679268302,0.8482932996207333,0.9622356495468278,0.9622356495468278,0.8946629213483146,0.9444032616753151,0.8172959805115713,0.9444032616753151
665871,Javier Assad,CHC,2022,24,37.666666666666664,8,166,690,36.666666666666664,4.708333333333333,0.0602,23.197492163009404,94.8392,94.0183,38.84057971014493,0,0.3879,3,3.1062,1.4602,0.1807,0.1205,5.0899,4.9203,-1.061030386088388,-0.7010150863192974,171,156,0.7417711884257996,FALSE,-2.083643444786898,-0.7516134683086622,-0.5160799999999994,-0.5981700000000003,1.6659995077054714,-0.22051011002833543,-0.6777621000501264,0.5804195804195804,0.8734177215189873,0.8734177215189873,0.696969696969697,0.8214285714285714,0.5253164556962026,0.8214285714285714
605507,Zach Thompson,PIT,2022,28,121.66666666666667,22,543,2080,102.33333333333333,5.53030303030303,0.081,24.053224155578302,93.2183,91.8587,37.21153846153846,0,0.4527,4,5.1781,1.5123,0.1657,0.0847,4.6187,4.4351,-0.832979436740105,-0.7083313977661612,150,157,0.8928902315743538,TRUE,-1.6587352735328784,-0.5229157232195096,-0.67817,-0.8141300000000001,0.9512596457046506,-0.22051011002833543,0.642553679268302,0.8190045248868778,0.9541284403669725,0.9541284403669725,0.8739495798319328,0.9327354260089686,0.7835497835497836,0.9327354260089686
668676,Zach Plesac,CLE,2022,27,131.66666666666666,24,568,2153,130.66666666666666,5.486111111111111,0.1092,22.00180342651037,90.9749,91.5243,34.50998606595448,0,0.4005,4,4.3063,1.3215,0.1761,0.0669,4.4613,4.3946,-0.8071380445222461,-0.7116190213297704,148,158,0.896476160113525,TRUE,-1.0826578490442558,-1.0711659920432588,-0.9025099999999995,-0.8475700000000004,-0.2340431746256739,-0.22051011002833543,0.642553679268302,0.8255813953488372,0.9556147359076786,0.9556147359076786,0.8777007745617611,0.9348675640468953,0.7910863509749304,0.9348675640468953
663372,Ryan Feltner,COL,2022,25,97.33333333333333,19,428,1675,94,5.12280701754386,0.1145,20.827943078913325,95.147,94.1622,37.134328358208954,0,0.4125,3,5.8253,1.4075,0.1963,0.0818,4.3757,4.4292,-0.835185045478246,-0.7218957881697052,151,159,0.8703639963881262,FALSE,-0.9743879784843374,-1.3848847928784376,-0.48529999999999945,-0.5837800000000002,0.9173838069890826,-0.22051011002833543,-0.6777621000501264,0.781021897810219,0.9436619718309859,0.9436619718309859,0.8481012658227848,0.9178082191780822,0.740484429065744,0.9178082191780822
608344,Cole Irvin,OAK,2022,28,181,30,741,2610,181,6.033333333333333,0.1242,20.56005895357406,90.8398,91.9924,31.839080459770116,0,0.3766,4,3.9779,1.1602,0.1727,0.0486,4.3679,4.3492,-0.794936687137596,-0.7283873752894046,146,160,0.9152411193805331,TRUE,-0.7762336870822226,-1.4564778803664422,-0.9160200000000003,-0.8007599999999997,-1.4058997534658033,-0.22051011002833543,0.642553679268302,0.8606271777003485,0.9630996309963099,0.9630996309963099,0.8969072164948454,0.9456521739130435,0.8316498316498316,0.9456521739130435
605164,Dylan Bundy,MIN,2022,29,140,29,595,2180,140,4.827586206896552,0.1109,21.284080914687774,92.3512,92.228,30.91743119266055,0,0.3405,4,4.8857,1.2786,0.158,0.0471,4.653,4.6967,-0.8257813306404633,-0.7342712757934224,149,161,0.8990547350429532,TRUE,-1.0479297773552256,-1.2629801598889638,-0.7648799999999994,-0.7772000000000006,-1.8102722459060983,-0.22051011002833543,0.642553679268302,0.8321678321678322,0.956140350877193,0.956140350877193,0.8790322580645161,0.9356223175965666,0.7986577181208053,0.9356223175965666
669145,Bruce Zimmermann,BAL,2022,27,73.66666666666667,13,320,1130,66.66666666666667,5.666666666666667,0.1156,18.989547038327526,90.2464,95.1629,33.008849557522126,0,0.3976,4,5.9864,1.4796,0.15310000000000001,0.0375,4.4303,4.4221,-0.879690725723476,-0.7352384337063854,153,162,0.8287652793280064,FALSE,-0.9519168732737886,-1.8762033747636966,-0.9753600000000006,-0.48371000000000064,-0.8926649877928625,-0.22051011002833543,0.642553679268302,0.7272727272727273,0.9186991869918699,0.9186991869918699,0.7902097902097902,0.8828125,0.6808510638297872,0.8828125
656457,Tyler Gilbert,ARI,2022,28,34.333333333333336,7,146,564,31.333333333333332,4.904761904761905,0.0685,19.636363636363637,90.3075,87.9766,34.57446808510638,0,0.3274,5,5.2427,1.2524,0.137,0.0685,5.1518,5.1507,-1.1753263691536104,-0.7703526859313834,187,163,0.710502902138307,FALSE,-1.9140887418345727,-1.7033390916216997,-0.9692499999999995,-1.2023399999999995,-0.20575176732730716,-0.22051011002833543,1.9628694585867303,0.5488721804511278,0.8493975903614458,0.8493975903614458,0.6527777777777778,0.7899159663865546,0.49324324324324326,0.7899159663865546
592716,Adrian Sampson,CHC,2022,30,104.33333333333333,19,428,1694,98.66666666666667,5.491228070175438,0.1075,21.297429620563037,85.5608,91.5869,37.42621015348288,0,0.4,4,3.1054,1.2268,0.1706,0.0631,4.4844,4.3915,-0.903831439166249,-0.7777017044531401,159,164,0.8709832068375957,FALSE,-1.1173859207332864,-1.259412665673437,-1.4439199999999999,-0.84131,1.0454465888573103,-0.22051011002833543,0.642553679268302,0.781021897810219,0.9442586399108138,0.9442586399108138,0.8495486459378134,0.9186550976138829,0.740484429065744,0.9186550976138829
663455,Konnor Pilkington,CLE,2022,24,58,11,258,1039,51,5.2727272727272725,0.0698,27.84552845528455,91.2324,84.0886,40.13474494706448,0,0.3988,2,3.8793,1.4655,0.1938,0.124,4.9342,4.857,-1.0737020006252713,-0.7873901786899539,174,165,0.8089913333981159,FALSE,-1.8875319811311966,0.4905925358688488,-0.8767600000000002,-1.59114,2.233812927797447,-0.22051011002833543,-1.9980778793685547,0.6825396825396826,0.9122036874451273,0.9122036874451273,0.7759522031366691,0.8738435660218671,0.6323529411764706,0.8738435660218671
676664,JP Sears,2 Tms,2022,26,70,11,288,1079,52.666666666666664,6.363636363636363,0.0972,19.919517102615693,93.8957,96.4696,34.75440222428174,0,0.4048,3,3.8571,1.2857,0.1771,0.0799,4.5316,4.5666,-0.9840419162358932,-0.7954361605594379,164,166,0.8188759245467695,FALSE,-1.3277971786138827,-1.6276652126404731,-0.6104299999999995,-0.35304,-0.12680588310648352,-0.22051011002833543,-0.6777621000501264,0.7058823529411765,0.9151823579304496,0.9151823579304496,0.7824510514865844,0.8779495524816925,0.6575342465753424,0.8779495524816925
571578,Patrick Corbin,WSN,2022,32,152.66666666666666,31,713,2623,152.66666666666666,4.924731182795699,0.1108,20.90032154340836,89.613,96.5722,35.91307662981319,0,0.4419,3,6.3079,1.6965,0.1795,0.0687,4.3342,4.2135,-0.8800828833966045,-0.80397775045704,154,167,0.913980190258817,FALSE,-1.0499726051016391,-1.3655413631986164,-1.0387,-0.3427800000000005,0.38156109987927966,-0.22051011002833543,-0.6777621000501264,0.8559423769507803,0.9632757987513771,0.9632757987513771,0.8973657201505303,0.9459069599711504,0.8261877172653534,0.9459069599711504
641447,Daniel Castano,MIA,2022,27,35.666666666666664,7,156,577,31.666666666666668,5.095238095238095,0.0705,17.627118644067796,95.2842,96.6301,32.92894280762565,0,0.459,4,4.0374,1.4299,0.1282,0.0577,4.6778,4.3689,-1.1698849012605315,-0.8072512665615796,185,168,0.7178386194139631,FALSE,-1.8732321869063018,-2.240317728695074,-0.47158000000000017,-0.3369900000000001,-0.9277239769024355,-0.22051011002833543,0.642553679268302,0.5652173913043478,0.8522895125553914,0.8522895125553914,0.6579247434435576,0.7936726272352133,0.5098039215686274,0.7936726272352133
656412,Alex Faedo,DET,2022,26,53.666666666666664,12,244,967,53.666666666666664,4.472222222222222,0.0779,24.2152466367713,91.7052,85.142,37.74560496380558,0,0.3121,3,5.5342,1.6398,0.1803,0.1025,4.978,5.0225,-1.0993342020899886,-0.8174997529558191,179,169,0.7995458923957705,FALSE,-1.7220629336716986,-0.4796145770378037,-0.8294799999999996,-1.4858000000000005,1.1855806725394211,-0.22051011002833543,-0.6777621000501264,0.6703296703296703,0.9062792877225867,0.9062792877225867,0.7632202052091555,0.8657117278424351,0.6192893401015228,0.8657117278424351
456501,Johnny Cueto,CHW,2022,36,158.33333333333334,24,651,2372,153.33333333333334,6.597222222222222,0.106,17.597292724196276,87.7922,96.6244,34.56998313659359,0,0.4257,5,3.3537,1.2253,0.1567,0.0507,4.4905,4.3768,-0.9026779905702746,-0.8195567120624594,158,170,0.9064224641921247,FALSE,-1.1480283369294897,-2.2482888232422695,-1.2207800000000006,-0.3375600000000006,-0.20771953302007543,-0.22051011002833543,1.9628694585867303,0.8443579766536965,0.959546925566343,0.959546925566343,0.8877245508982036,0.9405233941316415,0.8127340823970037,0.9405233941316415
502042,Chris Archer,MIN,2022,33,102.66666666666667,25,437,1787,102.66666666666667,4.1066666666666665,0.0824,24.215809284818068,91.3619,88.8,39.39563514269726,0,0.4367,3,4.5584,1.3149,0.1922,0.1098,4.7597,4.5669,-0.994068155235168,-0.8320535991207276,165,171,0.8749156416840361,FALSE,-1.6301356850830886,-0.47946420713146404,-0.8638099999999994,-1.1200000000000003,1.9095294021170612,-0.22051011002833543,-0.6777621000501264,0.7845601436265709,0.9470058293587705,0.9470058293587705,0.8562529947292765,0.9225606608156943,0.7444633730834753,0.9225606608156943
592717,Aaron Sanchez,2 Tms,2022,29,60,10,265,1006,43.3,6,0.0981,18.277310924369747,90.2826,94.3946,35.288270377733596,0,0.5276,4,6.6,1.55,0.1547,0.0566,4.1598,4.1768,-1.0381796379189956,-0.8334785473317406,168,172,0.8081156389459148,FALSE,-1.3094117288961604,-2.066551281173296,-0.9717399999999998,-0.5605400000000003,0.10742811842737854,-0.22051011002833543,0.642553679268302,0.6883116883116883,0.9095840867992767,0.9095840867992767,0.7702909647779479,0.870242214532872,0.6385542168674698,0.870242214532872
607536,Kyle Freeland,COL,2022,29,174.66666666666666,31,766,2839,174.66666666666666,5.634408602150537,0.1018,20.83024462564863,85.5711,87.9362,36.843959140542445,0,0.4196,5,4.5344,1.4084,0.171,0.0692,4.5056,4.4841,-0.9303914309176848,-0.8447787942608056,162,173,0.9195448784870759,FALSE,-1.233827102278859,-1.384269695449392,-1.4428899999999998,-1.20638,0.7899846667022535,-0.22051011002833543,1.9628694585867303,0.8645598194130926,0.9659748213678122,0.9659748213678122,0.9044281618349793,0.9498159919705588,0.8362445414847162,0.9498159919705588
685503,Kohei Arihara,TEX,2022,29,20,4,108,390,18,5,0.0278,21.62162162162162,84.0104,78.14,40.256410256410255,0,0.5065,5,9.45,2.35,0.1296,0.1019,5.0943,5.2188,-1.5669044867451467,-0.8710458808374566,211,174,0.6419696331616823,FALSE,-2.74551963462489,-1.172771076645703,-1.5989599999999995,-2.186,2.287193433961101,-0.22051011002833543,1.9628694585867303,0.47368421052631576,0.7959183673469388,0.7959183673469388,0.5652173913043478,0.7222222222222222,0.4186046511627907,0.7222222222222222
675921,Spencer Howard,TEX,2022,25,37.666666666666664,8,179,692,34,4.708333333333333,0.095,17.87878787878788,93.8944,92.3161,34.82658959537572,0,0.3923,3,7.4071,1.7257,0.1788,0.0838,4.6261,4.81,-1.1925503531291868,-0.8855296567815212,189,175,0.7473565730721518,FALSE,-1.3727393890349808,-2.1730581345831226,-0.6105599999999995,-0.7683899999999995,-0.09513376203646727,-0.22051011002833543,-0.6777621000501264,0.5986622073578596,0.8737373737373737,0.8737373737373737,0.6975806451612904,0.8218527315914489,0.5440729483282675,0.8218527315914489
689225,Beau Brieske,DET,2022,24,81.66666666666667,15,339,1287,81.66666666666667,5.444444444444445,0.0855,17.972350230414747,93.8627,101.8613,35.58663558663559,0,0.375,3,4.1878,1.2,0.1593,0.0737,4.8347,4.7753,-1.063071507141718,-0.8891245715552326,172,176,0.8414019049275573,FALSE,-1.5668080249442684,-2.148053227640158,-0.6137299999999997,0.18613,0.23833549012154448,-0.22051011002833543,-0.6777621000501264,0.738562091503268,0.9279019466474405,0.9279019466474405,0.8109640831758034,0.8956158663883089,0.6932515337423313,0.8956158663883089
641745,Brad Keller,KCR,2022,26,139.66666666666666,22,617,2275,122.33333333333333,6.348484848484848,0.0729,21.62162162162162,95.1681,96.7675,37.62637362637363,0,0.5209,3,5.0907,1.5036,0.1653,0.0924,4.5713,4.35,-1.0145399029783921,-0.8925728495365047,167,177,0.902454840287845,FALSE,-1.8242043209923762,-1.172771076645703,-0.48319000000000045,-0.32325000000000015,1.1332680685859067,-0.22051011002833543,-0.6777621000501264,0.8371777476255088,0.9578947368421052,0.9578947368421052,0.883495145631068,0.9381443298969072,0.8044328552803129,0.9381443298969072
641302,Tyler Alexander,DET,2022,27,101,17,427,1591,80,5.9411764705882355,0.0843,17.121588089330025,94.8437,99.1078,33.56379635449403,0,0.3522,4,4.8119,1.3168,0.1429,0.0585,4.8294,4.7728,-1.060364750283599,-0.9114633225409708,170,178,0.8673460060823451,FALSE,-1.5913219579012312,-2.3754227603477127,-0.5156300000000001,-0.08922000000000026,-0.6491827571097558,-0.22051011002833543,0.642553679268302,0.7806215722120659,0.9408633944411591,0.9408633944411591,0.8413537810682179,0.9138426191843768,0.7400346620450606,0.9138426191843768
674072,Tommy Henry,ARI,2022,24,47,9,205,773,47,5.222222222222222,0.0732,23.42105263157895,88.1274,82.1037,36.222509702457955,0,0.3944,3,5.3617,1.4468,0.1756,0.1024,4.934,4.9708,-1.2832336729133333,-0.9220386337934889,195,179,0.7677888463847017,FALSE,-1.8180758377531356,-0.6918660526494156,-1.1872600000000006,-1.7896299999999996,0.5173244832986987,-0.22051011002833543,-0.6777621000501264,0.6307692307692307,0.8854524627720504,0.8854524627720504,0.7204100652376515,0.8374864572047671,0.5774647887323944,0.8374864572047671
669060,Bryse Wilson,PIT,2022,24,115.66666666666667,20,509,1823,93.33333333333333,5.783333333333333,0.0923,17.983963344788087,92.1023,95.2372,35.32638507953922,0,0.4326,4,5.5245,1.4179,0.1552,0.0629,4.5327,4.5376,-1.0556790348439637,-0.9270461031626354,169,180,0.8834624348223168,FALSE,-1.427895738188147,-2.14494957708869,-0.7897700000000001,-0.47627999999999987,0.12415089738221398,-0.22051011002833543,0.642553679268302,0.809220985691574,0.9479979199167967,0.9479979199167967,0.8586905322656618,0.9239736441966548,0.7723823975720789,0.9239736441966548
670174,Josh Winckowski,BOS,2022,24,70.33333333333333,14,316,1194,67.33333333333333,5.023809523809524,0.0538,17.4484052532833,95.7691,95.7964,36.85092127303182,0,0.5187,5,5.8863,1.5924,0.1392,0.0854,4.8208,4.6137,-1.1696011714705996,-0.9291729084153351,184,181,0.832043603744199,FALSE,-2.2143844205573653,-2.28807958619786,-0.4230900000000005,-0.42035999999999946,0.7930392938450258,-0.22051011002833543,1.9628694585867303,0.7247706422018348,0.9227202472952086,0.9227202472952086,0.7991967871485943,0.8883928571428571,0.6781115879828327,0.8883928571428571
501985,Mike Minor,CIN,2022,34,98,19,455,1750,98,5.157894736842105,0.0791,20.09925558312655,90.6547,92.3188,36.628571428571426,0,0.3435,4,6.0612,1.6327,0.167,0.0879,4.9446,5.2056,-1.0910464538299842,-0.9318938932922296,175,182,0.8758608793091026,FALSE,-1.6975490007147358,-1.5796293958712715,-0.9345299999999994,-0.7681200000000004,0.6954835706357613,-0.22051011002833543,0.642553679268302,0.7913043478260869,0.9459459459459459,0.9459459459459459,0.8536585365853658,0.9210526315789473,0.7520661157024794,0.9210526315789473
593958,Eduardo Rodriguez,DET,2022,29,91,17,391,1469,91,5.352941176470588,0.0972,18.08972503617945,91.5066,90.9918,36.555479918311775,0,0.4337,4,4.0549,1.3297,0.1841,0.087,4.5643,4.4087,-1.0991894515360003,-0.9357335540121595,178,183,0.8579350548760141,FALSE,-1.3277971786138827,-2.1166843485497773,-0.8493399999999994,-0.9008200000000002,0.6634147596089665,-0.22051011002833543,0.642553679268302,0.7651663405088063,0.9362651370299554,0.9362651370299554,0.8304126625211984,0.907350216182829,0.722735674676525,0.907350216182829
656657,Zach Logue,OAK,2022,26,57,10,257,1022,49.333333333333336,5.7,0.0856,21.54471544715447,80.6826,85.9341,37.76908023483366,0,0.2984,4,6.7895,1.5439,0.1634,0.0778,5.0067,5.3159,-1.1992708466070716,-0.9372119356386883,190,184,0.8074275046990993,FALSE,-1.564765197197855,-1.1933245546467657,-1.9317400000000007,-1.40659,1.1958804190862884,-0.22051011002833543,0.642553679268302,0.6816976127320955,0.910873440285205,0.910873440285205,0.773071104387292,0.8720136518771331,0.6314496314496314,0.8720136518771331
660730,Elvin Rodríguez,DET,2022,24,29.666666666666668,5,143,534,23.333333333333332,5.933333333333334,0.0699,16.877637130801688,92.3296,94.2132,39.325842696629216,0,0.3465,3,10.618,1.9213,0.1748,0.1049,4.9924,5.3903,-1.3731431735662505,-0.9439045805032429,202,185,0.7025735297938384,FALSE,-1.8854891533847828,-2.440619614751022,-0.76704,-0.57868,1.8789080514827268,-0.22051011002833543,-0.6777621000501264,0.5437262357414449,0.8422712933753943,0.8422712933753943,0.6402877697841727,0.7807017543859649,0.4880546075085324,0.7807017543859649
663460,Kris Bubic,KCR,2022,24,129,27,587,2262,128,4.777777777777778,0.0801,21.26058325493885,92.4222,93.0192,37.0026525198939,0,0.4099,3,5.5814,1.6977,0.1874,0.1073,4.7741,4.5144,-1.0941876130547321,-0.9651594859878085,176,186,0.9000846846318824,FALSE,-1.6771207232506002,-1.2692600019962088,-0.7577799999999997,-0.6980800000000003,0.8596111934431383,-0.22051011002833543,-0.6777621000501264,0.8302687411598303,0.9576629974597799,0.9576629974597799,0.882903981264637,0.9378109452736318,0.7964721845318861,0.9378109452736318
623167,Chris Flexen,SEA,2022,27,137.66666666666666,22,590,2204,121,6.257575757575757,0.0746,21.840148698884757,90.2247,93.964,38.2486388384755,0,0.3379,3,3.7264,1.3293,0.161,0.0864,4.9945,5.0379,-1.0989437199404872,-0.9662271709133377,177,187,0.8991752428168996,FALSE,-1.789476249303346,-1.1143688546357804,-0.9775300000000001,-0.6036000000000001,1.4062861718451476,-0.22051011002833543,-0.6777621000501264,0.8309859154929577,0.9565972222222222,0.9565972222222222,0.8801916932907349,0.9362786745964317,0.7972972972972973,0.9362786745964317
621076,James Kaprielian,OAK,2022,28,134,26,577,2230,134,5.153846153846154,0.0676,21.294559099437148,91.029,89.7082,36.771300448430495,0,0.3771,4,4.2313,1.3433,0.1698,0.1023,5.0389,5.0601,-1.145788002971824,-0.9993635625425892,182,188,0.8987202563643513,FALSE,-1.932474191552295,-1.2601798237491222,-0.8971000000000003,-1.0291799999999995,0.7581057541101508,-0.22051011002833543,0.642553679268302,0.8278335724533716,0.9570815450643777,0.9570815450643777,0.8814229249011858,0.9369747899159664,0.7936726272352133,0.9369747899159664
605200,Zach Davies,ARI,2022,29,134.33333333333334,27,570,2292,134.33333333333334,4.975308641975309,0.0877,21.509824198552224,82.3849,92.5971,39.57242582897033,0,0.4286,3,4.0868,1.2953,0.1789,0.0912,4.7082,4.574,-1.140387515596576,-1.0138361848816388,181,189,0.8993643884948234,FALSE,-1.5218658145231703,-1.2026493782457108,-1.76151,-0.7402900000000002,1.9870961002089222,-0.22051011002833543,-0.6777621000501264,0.8260869565217391,0.9581939799331104,0.9581939799331104,0.8842592592592593,0.9385749385749386,0.7916666666666666,0.9385749385749386
641771,Chad Kuhl,COL,2022,29,137,27,617,2375,137,5.074074074074074,0.0843,23.58926919518964,88.342,83.6281,38.48421052631579,0,0.3659,3,5.7153,1.5547,0.1783,0.094,4.8008,4.7771,-1.1559801293503418,-1.0204153925212858,183,190,0.9042630154570487,FALSE,-1.5913219579012312,-0.6469095135478187,-1.1658000000000002,-1.6371899999999997,1.5096429627197194,-0.22051011002833543,-0.6777621000501264,0.8371777476255088,0.9595959595959596,0.9595959595959596,0.8878504672897196,0.9405940594059405,0.8044328552803129,0.9405940594059405
669952,Mitch White,2 Tms,2022,27,99,18,440,1715,79.66666666666667,5.5,0.0977,18.990384615384617,90.2101,91.0351,35.97667638483965,0,0.4299,3,5.4545,1.4646,0.1773,0.0795,4.4746,4.4228,-1.1735461305111705,-1.0204227695131751,186,191,0.8730775537965881,FALSE,-1.317583039881815,-1.8759795289966124,-0.9789900000000002,-0.89649,0.4094654148681008,-0.22051011002833543,-0.6777621000501264,0.7857142857142857,0.9449035812672176,0.9449035812672176,0.8511166253101737,0.9195710455764075,0.7457627118644068,0.9195710455764075
518516,Madison Bumgarner,ARI,2022,32,158.66666666666666,30,698,2715,158.66666666666666,5.288888888888889,0.0903,18.188736681887367,93.9376,90.1929,35.43278084714549,0,0.3692,4,4.8782,1.437,0.1605,0.0702,4.7643,4.8313,-1.1327741235619493,-1.0263316129135556,180,192,0.9144502077464673,FALSE,-1.4687522931164176,-2.090223096303042,-0.6062399999999997,-0.9807100000000005,0.1708319107214558,-0.22051011002833543,0.642553679268302,0.8533007334963325,0.9644760213143873,0.9644760213143873,0.900497512437811,0.9476439790575916,0.8231132075471698,0.9476439790575916
643290,Justin Dunn,CIN,2022,26,31,7,138,540,31,4.428571428571429,0.029,22.42152466367713,92.9862,76.4601,40.55555555555556,0,0.2947,3,6.0968,1.5806,0.1522,0.1232,5.7491,5.9853,-1.6624087128644043,-1.0313412392133752,214,193,0.701374988822627,FALSE,-2.7210057016679268,-0.9589938384488744,-0.7013800000000003,-2.3539900000000005,2.418443069298578,-0.22051011002833543,-0.6777621000501264,0.5348837209302325,0.84375,0.84375,0.6428571428571429,0.782608695652174,0.4791666666666667,0.782608695652174
682051,Garrett Hill,DET,2022,26,60.333333333333336,8,263,1019,42.666666666666664,7.541666666666667,0.0418,19.616204690831555,90.3522,85.676,37.585868498527965,0,0.3651,5,4.0276,1.3591,0.1521,0.1103,5.3106,5.562,-1.3817552992267108,-1.0440857358823485,204,194,0.8086689007578765,FALSE,-2.459523750126992,-1.708726649205847,-0.9647800000000004,-1.4324,1.1154964931199693,-0.22051011002833543,1.9628694585867303,0.6866840731070496,0.9106344950848972,0.9106344950848972,0.7725549658832449,0.8716852010265184,0.6368038740920097,0.8716852010265184
669169,Jonathan Heasley,KCR,2022,25,104,21,465,1796,104,4.9523809523809526,0.0495,19.347037484885128,93.6484,94.6459,39.14253897550111,0,0.3724,4,5.2788,1.4904,0.1505,0.1011,5.3044,5.4872,-1.237156030812844,-1.0476182585739138,192,195,0.8783131383441879,FALSE,-2.302226013653148,-1.7806626450391911,-0.6351600000000005,-0.5354100000000003,1.7984837672877056,-0.22051011002833543,0.642553679268302,0.7948717948717948,0.9472573839662447,0.9472573839662447,0.8568702290076335,0.9229188078108942,0.7560975609756098,0.9229188078108942
661269,Vladimir Gutierrez,CIN,2022,26,36.666666666666664,8,179,684,35,4.583333333333333,0.0279,17.993079584775085,89.5589,93.6287,40.2046783625731,0,0.3361,4,7.6091,1.9091,0.162,0.1341,5.6448,6.2865,-1.5180285026487412,-1.057882175456013,209,196,0.7461489765533551,FALSE,-2.743476806878476,-2.142513226050254,-1.0441100000000005,-0.6371300000000005,2.2644961286019885,-0.22051011002833543,0.642553679268302,0.5986622073578596,0.8724489795918368,0.8724489795918368,0.6951219512195121,0.8201438848920863,0.5440729483282675,0.8201438848920863
572971,Dallas Keuchel,3 Tms,2022,34,60.666666666666664,14,303,1165,60.666666666666664,4.333333333333333,0.0462,22.476190476190474,83.2309,93.019,39.65665236051502,0,0.5022,3,9.1978,2.0604,0.1485,0.1023,4.9561,4.7236,-1.344059874508094,-1.0584817597190226,199,197,0.8277383461426765,FALSE,-2.3696393292847957,-0.9443841847677753,-1.6769099999999995,-0.6980999999999995,2.0240503882507714,-0.22051011002833543,-0.6777621000501264,0.7163120567375887,0.9209486166007905,0.9209486166007905,0.7952218430034129,0.8859315589353612,0.6688741721854304,0.8859315589353612
669920,Jason Alexander,MIL,2022,29,71.66666666666667,11,321,1160,56,6.515151515151516,0.0561,17.16566866267465,96.9367,98.977,37.93103448275862,0,0.5063,3,5.4,1.6186,0.1433,0.0872,4.7203,4.5316,-1.3112009702399385,-1.0639432693883142,197,198,0.8308860820728896,FALSE,-2.1673993823898536,-2.363642053521631,-0.3063299999999998,-0.10229999999999961,1.266937647938752,-0.22051011002833543,-0.6777621000501264,0.7278911564625851,0.9206349206349206,0.9206349206349206,0.7945205479452054,0.8854961832061069,0.6815286624203821,0.8854961832061069
656353,Tucker Davidson,2 Tms,2022,26,52,11,243,912,48.4,4.7272727272727275,-0.0082,22.493887530562347,102.748,98.0008,40.13157894736842,0,0.4412,2,6.75,1.7115,0.1358,0.144,5.9522,5.829,-1.4911369907594196,-1.065551883958213,206,199,0.7943004302301205,FALSE,-3.4809376233337694,-0.939654577291704,0.2748000000000005,-0.19992000000000018,2.2324238492901984,-0.22051011002833543,-1.9980778793685547,0.6694214876033058,0.9011857707509882,0.9011857707509882,0.7524752475247525,0.8587570621468926,0.6183206106870229,0.8587570621468926
605288,Adrian Houser,MIL,2022,29,102.66666666666667,21,455,1848,100.66666666666667,4.888888888888889,0.0484,17.063989962358846,93.9412,100.2177,39.88095238095238,0,0.4671,4,4.7338,1.461,0.1516,0.1033,5.0286,4.642,-1.2577127863330904,-1.0736410997571375,193,200,0.8786980149130984,FALSE,-2.324697118863697,-2.3908160866158163,-0.6058800000000005,0.021769999999999356,2.1224617487926363,-0.22051011002833543,0.642553679268302,0.7913043478260869,0.9486652977412731,0.9486652977412731,0.8603351955307262,0.924924924924925,0.7520661157024794,0.924924924924925
656818,Connor Overton,CIN,2022,28,33,4,124,469,24.666666666666668,8.25,0.0242,16.267942583732058,83.4834,88.3843,36.03411513859275,0,0.4141,5,2.7273,0.9697,0.1129,0.0887,5.4416,4.9686,-1.7222222072590139,-1.0877613702255584,215,201,0.6763554166113119,FALSE,-2.8190614334957775,-2.6035628835768043,-1.6516599999999997,-1.1615700000000004,0.43466659805858854,-0.22051011002833543,1.9628694585867303,0.5081967213114754,0.8242530755711776,0.8242530755711776,0.6098829648894668,0.7576736672051696,0.45255474452554745,0.7576736672051696
615698,Cal Quantrill,CLE,2022,27,186.33333333333334,32,770,2920,186.33333333333334,5.822916666666667,0.1052,18.508092892329344,89.4218,89.7648,35.75342465753425,0,0.4211,3,3.381,1.2075,0.1662,0.061,4.4947,4.3882,-1.1854365802426599,-1.0932109430757493,188,202,0.9207160462759809,FALSE,-1.1643709589007982,-2.004873891362084,-1.0578199999999995,-1.0235200000000007,0.31151399165999794,-0.22051011002833543,-0.6777621000501264,0.8651685393258427,0.9668874172185431,0.9668874172185431,0.906832298136646,0.9511400651465798,0.8369565217391305,0.9511400651465798
657093,Spenser Watkins,BAL,2022,29,105.33333333333333,20,459,1642,95,5.266666666666667,0.0719,19.69309462915601,90.4192,92.7191,35.20097442143727,0,0.415,3,4.6994,1.4146,0.1373,0.0654,4.8579,4.6835,-1.2752050757928077,-1.0943732033547138,194,203,0.8728199286860351,FALSE,-1.8446325984565117,-1.6881775103778613,-0.9580799999999996,-0.7280900000000002,0.06912712401742281,-0.22051011002833543,-0.6777621000501264,0.7927461139896373,0.9425947187141217,0.9425947187141217,0.8455200823892894,0.9162946428571429,0.7536945812807881,0.9162946428571429
425794,Adam Wainwright,STL,2022,40,191.66666666666666,32,803,3133,191.66666666666666,5.989583333333333,0.1108,16.886930983847282,89.091,90.5983,35.39738270028727,0,0.4324,3,3.7096,1.2835,0.1781,0.0672,4.3449,4.0966,-1.2286566525942328,-1.1440588382110342,191,204,0.9245660665928039,FALSE,-1.0499726051016391,-2.438135795923194,-1.0909000000000006,-0.9401700000000005,0.15530101693827375,-0.22051011002833543,-0.6777621000501264,0.8699891657638137,0.9690689761831116,0.9690689761831116,0.9126128750364113,0.954310082241852,0.8426023084994754,0.954310082241852
571800,Drew Hutchison,DET,2022,31,105.33333333333333,18,464,1759,89.66666666666667,5.851851851851851,0.056,20.0238379022646,87.553,88.4148,37.4076179647527,0,0.4035,4,4.5285,1.481,0.1466,0.0905,5.0654,4.9296,-1.3559381967199013,-1.1544275050900397,200,205,0.8771120018896477,FALSE,-2.169442210136267,-1.5997850680943042,-1.2447000000000004,-1.15852,1.0372892887160983,-0.22051011002833543,0.642553679268302,0.7945205479452054,0.9462076385153309,0.9462076385153309,0.8542982030111704,0.9214248297537978,0.755700325732899,0.9214248297537978
501381,Michael Pineda,DET,2022,33,46.666666666666664,11,200,731,46.666666666666664,4.242424242424242,0.09,17.48633879781421,80.4012,87.1795,33.926128590971274,0,0.3916,3,5.7857,1.4143,0.13,0.04,4.8395,4.7964,-1.5079803049023266,-1.1548214329128337,207,206,0.7606075598829704,FALSE,-1.4748807763556586,-2.2779416970306983,-1.9598799999999996,-1.2820499999999995,-0.49020993004369645,-0.22051011002833543,-0.6777621000501264,0.625,0.8796630565583634,0.8796630565583634,0.7090203685741998,0.8297389330306469,0.5714285714285714,0.8297389330306469
425844,Zack Greinke,KCR,2022,38,137,26,585,2272,137,5.269230769230769,0.0786,17.44518589132507,84.3387,93.0195,36.13556338028169,0,0.4125,4,3.6788,1.3431,0.1248,0.0462,4.8393,4.5406,-1.3053995806805883,-1.1681543811937445,196,207,0.9001261783023737,FALSE,-1.7077631394468036,-2.288939973359806,-1.5661299999999998,-0.6980500000000006,0.47917689043270845,-0.22051011002833543,0.642553679268302,0.8297872340425532,0.9578414839797639,0.9578414839797639,0.8833592534992224,0.9380677126341866,0.7959183673469388,0.9380677126341866
607200,Erick Fedde,WSN,2022,29,127,27,573,2420,127,4.703703703703703,0.0628,18.443804034582133,90.0469,94.896,39.752066115702476,0,0.4187,3,5.811,1.6299,0.164,0.1012,4.9965,4.739,-1.3437249196543961,-1.192359271956035,198,208,0.9018543189499874,FALSE,-2.0305299233801457,-2.0220553417797635,-0.9953100000000006,-0.5104,2.0659130570284963,-0.22051011002833543,-0.6777621000501264,0.8268398268398268,0.9603174603174603,0.9603174603174603,0.8897058823529411,0.9416342412451362,0.7925311203319502,0.9416342412451362
657248,Glenn Otto Jr.,TEX,2022,26,135.66666666666666,27,587,2229,135.66666666666666,5.024691358024691,0.0767,23.13803376365442,86.0668,71.4337,39.03095558546433,0,0.4311,4,4.6437,1.3342,0.1823,0.1056,4.8336,4.8194,-1.3792090985700247,-1.2056139394477747,203,209,0.899448541899262,FALSE,-1.7465768666286612,-0.7675039596975304,-1.39332,-2.85663,1.7495266909308649,-0.22051011002833543,0.642553679268302,0.8302687411598303,0.95706311721769,0.95706311721769,0.8813760379596679,0.9369482976040353,0.7964721845318861,0.9369482976040353
656970,Devin Smeltzer,MIN,2022,26,70.33333333333333,12,287,1129,62.666666666666664,5.861111111111111,0.0732,18.525519848771268,88.3655,84.5276,35.25243578387954,0,0.3857,3,3.7109,1.2227,0.1394,0.0662,4.989,4.975,-1.513168800890425,-1.2198479924953585,208,210,0.8220972970988001,FALSE,-1.8180758377531356,-2.000216468621501,-1.1634500000000003,-1.5472399999999993,0.09170573405680935,-0.22051011002833543,-0.6777621000501264,0.7051597051597052,0.9186330349877949,0.9186330349877949,0.7900629811056683,0.8827208756841283,0.6567505720823799,0.8827208756841283
594835,Marco Gonzales,SEA,2022,30,183,32,783,2838,183,5.71875,0.0677,18.326417704011064,88.0212,89.2989,33.9323467230444,0,0.42,4,4.1311,1.3333,0.1315,0.0639,4.9931,4.895,-1.3693260175398818,-1.2469671057999872,201,211,0.9203229300128155,FALSE,-1.9304313638058812,-2.0534273009200334,-1.1978800000000007,-1.0701099999999997,-0.4874817321766084,-0.22051011002833543,0.642553679268302,0.867109634551495,0.9659632402995235,0.9659632402995235,0.904397705544933,0.9497991967871486,0.8392282958199357,0.9497991967871486
670124,Adam Oller,OAK,2022,27,74.33333333333333,14,337,1294,66,5.309523809523809,0.0208,21.178343949044585,91.5549,88.498,38.717156105100464,0,0.3158,3,6.296,1.6278,0.1365,0.1157,5.8299,6.0587,-1.5813185381942143,-1.2581864245818373,213,212,0.8414251003240987,FALSE,-2.8885175768738387,-1.2912387803743017,-0.8445099999999996,-1.1501999999999994,1.6118475514474042,-0.22051011002833543,-0.6777621000501264,0.737417943107221,0.9282639885222381,0.9282639885222381,0.8117942283563363,0.8961218836565097,0.6919917864476386,0.8961218836565097
434671,Aníbal Sánchez,WSN,2022,38,69.33333333333333,14,292,1232,69.33333333333333,4.952380952380952,0.0514,19.45945945945946,76.1971,86.2922,40.25974025974026,0,0.3793,4,4.2837,1.2692,0.1644,0.113,5.2603,5.2718,-1.575401471523268,-1.265102239265667,212,213,0.8294745776211669,FALSE,-2.2634122864712904,-1.7506174295898578,-2.3802899999999996,-1.3707800000000006,2.288654468862818,-0.22051011002833543,0.642553679268302,0.7087378640776699,0.924924924924925,0.924924924924925,0.804177545691906,0.8914616497829233,0.6606334841628959,0.8914616497829233
622608,Antonio Senzatela,COL,2022,27,92.33333333333333,19,413,1521,92.33333333333333,4.859649122807017,0.0751,16.32088520055325,88.3313,96.9794,37.60683760683761,0,0.4939,2,5.0686,1.6895,0.1308,0.0557,4.4829,4.0702,-1.4828669533738583,-1.2836226020287496,205,214,0.8629672797467955,FALSE,-1.7792621105712783,-2.589413760730786,-1.16687,-0.30206000000000016,1.1246966638291735,-0.22051011002833543,-1.9980778793685547,0.774859287054409,0.9383096853793954,0.9383096853793954,0.8352553542009885,0.9102333931777379,0.7335701598579041,0.9102333931777379
570632,José Ureña,2 Tms,2022,30,97,17,432,1622,89.33333333333333,5.705882352941177,0.0463,19.525065963060687,87.9054,89.2507,39.02589395807645,0,0.4969,3,5.0103,1.567,0.1458,0.0995,4.9502,4.6089,-1.5303801227453475,-1.2947573503988221,210,215,0.8690492976605141,FALSE,-2.3675965015383817,-1.7330838331284915,-1.20946,-1.0749300000000006,1.74730590808463,-0.22051011002833543,-0.6777621000501264,0.782608695652174,0.9419279907084785,0.9419279907084785,0.8439125910509886,0.9153498871331829,0.7422680412371134,0.9153498871331829
672851,Joan Adon,WSN,2022,23,64.66666666666667,14,310,1204,64.66666666666667,4.6190476190476195,0.0516,16.917293233082706,88.3466,82.7365,39.03654485049834,0,0.4783,2,7.0979,1.7784,0.1774,0.1258,5.0836,5.0557,-1.8721931079426188,-1.530569740642722,217,216,0.8314907466620386,FALSE,-2.2593266309784634,-2.430021365241304,-1.1653400000000005,-1.7263499999999994,1.7519789741511378,-0.22051011002833543,-1.9980778793685547,0.7209302325581395,0.9233128834355828,0.9233128834355828,0.800531914893617,0.8892171344165436,0.6739130434782609,0.8892171344165436
641712,Dakota Hudson,STL,2022,27,139.66666666666666,26,596,2253,136.66666666666666,5.371794871794871,0.0285,17.641129032258064,82.0514,82.7868,40.1242787394585,0,0.5303,4,4.4463,1.4463,0.1309,0.1023,5.1101,4.824,-1.8299457332547644,-1.6155319214587285,216,217,0.9005684593278737,FALSE,-2.7312198403999948,-2.2365733972750004,-1.79486,-1.72132,2.2292208919687813,-0.22051011002833543,0.642553679268302,0.8324022346368715,0.9575010624734381,0.9575010624734381,0.882491186839013,0.9375780274656679,0.7989276139410187,0.9375780274656679
594798,Jacob deGrom,TEX,2023,35,30.333333333333332,6,115,451,30.333333333333332,5.055555555555555,0.3565,42.06008583690987,123.5076,128.9646,32.81596452328159,0,0.3788,2,2.6703,0.7582,0.3913,0.0348,2.2432,2.3188,2.884793334182616,1.800657777921527,1,1,0.6659588756670776,TRUE,4.2506565113916075,4.0763462465870495,2.3507599999999997,2.896459999999999,-1.1632119383726145,-0.2205101100283354,-1.8680775167354498,0.48936170212765956,0.8185117967332124,0.8185117967332124,0.6005326231691078,0.7504159733777038,0.4339622641509434,0.7504159733777038
675911,Spencer Strider,ATL,2023,24,186.66666666666666,32,763,3100,186.66666666666666,5.833333333333333,0.2923,38.62530413625304,117.0709,114.1086,32.096774193548384,0,0.3406,2,3.8571,1.0929,0.3683,0.076,2.8581,2.9243,1.8784696236323515,1.7115284731604854,2,2,0.922394733719471,TRUE,2.8491876501729885,3.19268085999167,1.7070899999999996,1.4108599999999996,-1.4892143769061672,-0.2205101100283354,-1.8680775167354498,0.8640996602491506,0.96875,0.96875,0.9117647058823529,0.9538461538461539,0.8357064622124863,0.9538461538461539
607192,Tyler Glasnow,TBR,2023,29,120,21,485,1903,120,5.714285714285714,0.2577,35.39630836047774,110.7049,114.5538,34.57698370993169,0,0.5123,3,3.525,1.0833,0.334,0.0763,3.0758,2.7451,1.5086537282401533,1.311771830554547,4,3,0.8833252340234792,TRUE,2.0938788869617078,2.3619579642776025,1.0704899999999995,1.4553799999999995,-0.3649579499391605,-0.2205101100283354,-0.655040168205937,0.8016528925619835,0.9500748876684972,0.9500748876684972,0.8638220608261462,0.9269361909400877,0.7637795275590551,0.9269361909400877
669373,Tarik Skubal,DET,2023,26,80.33333333333333,15,310,1219,80.33333333333333,5.355555555555555,0.2839,31.31782945736434,107.4002,114.4271,30.598851517637407,0,0.516,4,2.8008,0.8963,0.329,0.0452,2.7696,2.5648,1.5141122723669513,1.1916421807448512,3,4,0.8323681203050886,TRUE,2.6658178926303653,1.312688767358447,0.7400199999999998,1.4427099999999995,-2.1682091087497297,-0.2205101100283354,0.5579971803235759,0.7209302325581395,0.9241849886277483,0.9241849886277483,0.8025016458196181,0.8904309715120526,0.6739130434782609,0.8904309715120526
554430,Zack Wheeler,PHI,2023,33,192,32,787,3158,192,6,0.2198,28.633271490414348,116.6682,121.9519,34.48385053831539,0,0.4122,5,3.6094,1.0781,0.2694,0.0496,3.5333,3.5362,1.2892240214358472,1.1836476962472353,5,5,0.9241111969875495,TRUE,1.2665320047158253,0.6220332438214118,1.66682,2.1951899999999993,-0.4071743699882748,-0.2205101100283354,1.7710345288530887,0.8676957001102535,0.9693063228974831,0.9693063228974831,0.9132446500867554,0.9546553808948005,0.83991462113127,0.9546553808948005
642547,Freddy Peralta,MIL,2023,27,165.66666666666666,30,680,2839,165.66666666666666,5.522222222222222,0.2294,33.554572271386434,102.3337,108.0952,37.125748502994014,0,0.4173,4,3.8571,1.1167,0.3088,0.0794,3.4488,3.4231,1.1026503132130907,1.0008040418054494,6,6,0.9150409852779223,TRUE,1.4760974419073944,1.8881350040404759,0.23336999999999933,0.8095200000000006,0.7903739607318525,-0.2205101100283354,0.5579971803235759,0.85,0.9659748213678122,0.9659748213678122,0.9044281618349793,0.9498159919705588,0.8192771084337349,0.9498159919705588
641154,Pablo López,MIN,2023,27,194,32,801,3028,194,6.0625,0.2322,30.281690140845072,98.5732,111.6301,32.760898282694846,0,0.4524,5,3.6649,1.1546,0.2921,0.0599,3.3676,3.2837,1.0481921076484229,0.9520431192818523,7,7,0.923356612999115,TRUE,1.537220694421602,1.0461214773546654,-0.14268,1.1630099999999999,-1.188172964640604,-0.2205101100283354,1.7710345288530887,0.8697068403908795,0.9680306905370843,0.9680306905370843,0.9098557692307693,0.9528005034612964,0.8422712933753943,0.9528005034612964
691587,Eury Pérez,MIA,2023,20,91.33333333333333,19,374,1538,91.33333333333333,4.807017543859649,0.2059,33.72549019607843,110.8999,109.7315,36.60598179453836,0,0.2544,3,3.1533,1.1277,0.2888,0.0829,3.9366,4.2368,0.9708879652563396,0.8397398443240911,8,8,0.8582541922000625,TRUE,0.9630987154488657,1.9321070136648875,1.0899900000000002,0.9731499999999997,0.5547684368256017,-0.2205101100283354,-0.655040168205937,0.757085020242915,0.938949938949939,0.938949938949939,0.8367791077257889,0.9111374407582938,0.7137404580152672,0.9111374407582938
605483,Blake Snell,SDP,2023,30,180,32,742,3170,180,5.625,0.1819,37.30684326710817,98.097,105.0825,41.640378548895896,0,0.4444,4,2.25,1.1889,0.3154,0.1334,4.057,3.6226,0.8850358726088534,0.8375943992067627,12,9,0.9220926530607899,TRUE,0.4391851224699429,2.8534807782452853,-0.19030000000000058,0.5082499999999996,2.836814719448437,-0.2205101100283354,0.5579971803235759,0.8607888631090487,0.9694189602446484,0.9694189602446484,0.9135446685878963,0.9548192771084337,0.8318385650224215,0.9548192771084337
663556,Shane McClanahan,TBR,2023,26,115,21,469,1822,115,5.476190476190476,0.1706,33.47639484978541,112.7152,115.3014,33.04061470911087,0,0.4361,4,3.287,1.1826,0.258,0.0874,4.0568,3.8449,0.9167588487560411,0.8349357008307609,9,10,0.8794820532136329,TRUE,0.1925091391090332,1.8680223193045316,1.2715199999999995,1.53014,-1.0613800513608305,-0.2205101100283354,0.5579971803235759,0.7962648556876061,0.9479708636836629,0.9479708636836629,0.8586239396795476,0.9239350912778904,0.7576736672051696,0.9239350912778904
660271,Shohei Ohtani,LAA,2023,28,132,23,531,2097,132,5.739130434782608,0.2109,30.808597748208804,119.4912,107.1686,36.19456366237482,0,0.4545,3,3.1364,1.0606,0.3145,0.1036,3.6632,3.5775,0.8972052745910798,0.8002761591930685,11,11,0.8922432663478418,TRUE,1.0722473806528081,1.181678859202857,1.9491200000000006,0.7168599999999998,0.3682763375895234,-0.2205101100283354,-0.655040168205937,0.815668202764977,0.9544833864360491,0.9544833864360491,0.8748435544430538,0.9332443257676902,0.7797356828193832,0.9332443257676902
622491,Luis Castillo,SEA,2023,30,197,33,802,3209,197,5.96969696969697,0.2032,30.59880239520958,106.7273,107.3763,33.49953256466189,0,0.3892,4,3.335,1.0964,0.2731,0.0698,3.7368,3.807,0.7740055077041057,0.7144932801120037,15,12,0.9252910245531802,TRUE,0.9041584362387367,1.1277048638020664,0.6727299999999999,0.73763,-0.8533567593183463,-0.2205101100283354,0.5579971803235759,0.8698481561822126,0.9697793895436688,0.9697793895436688,0.914505557138786,0.955343852337005,0.842436974789916,0.955343852337005
668881,Hunter Greene,CIN,2023,23,112,22,498,2093,112,5.090909090909091,0.2088,30.671859785783838,112.1448,112.9509,36.40707118967988,0,0.3439,2,4.8214,1.4196,0.3052,0.0964,3.7364,4.0041,0.8003893604774741,0.7000041307562899,13,13,0.8891470569012173,TRUE,1.0264049412671525,1.146500319499616,1.2144800000000004,1.2950900000000005,0.4646040678773956,-0.2205101100283354,-1.8680775167354498,0.8058252427184466,0.9544003647970816,0.9544003647970816,0.8746343501880485,0.9331252786446723,0.7685185185185185,0.9331252786446723
666142,Cole Ragans,2 Tms,2023,25,96,12,392,1587,71.66666666666667,8,0.1837,30.994897959183675,109.2819,105.8757,36.231884057971016,0,0.4402,5,3.4688,1.1563,0.2883,0.1046,3.8522,3.7085,0.7743771547746079,0.6886321831663399,14,14,0.8626606433355335,TRUE,0.47847864194336204,1.22960826558185,0.9281899999999993,0.5875699999999995,0.3851933336452273,-0.2205101100283354,1.7710345288530887,0.765625,0.9407231772377,0.9407231772377,0.8410174880763116,0.9136442141623489,0.7232472324723247,0.9136442141623489
453286,Max Scherzer,2 Tms,2023,38,152.66666666666666,27,621,2469,152.66666666666666,5.65432098765432,0.2077,28.5828025477707,104.8496,106.1827,33.69785338193601,0,0.3316,5,3.7729,1.1201,0.2802,0.0725,3.7721,4.0178,0.7554867705210657,0.6771518208029538,17,15,0.9061089925540405,TRUE,1.002392234922285,0.6090491121941441,0.4849599999999995,0.6182699999999997,-0.763459735720556,-0.2205101100283354,1.7710345288530887,0.8380566801619433,0.9610743479953289,0.9610743479953289,0.8916576381365113,0.9427262313860252,0.8054474708171206,0.9427262313860252
605540,Brandon Woodruff,MIL,2023,30,67,11,253,1044,67,6.090909090909091,0.2332,28.29827915869981,108.2997,113.7935,32.662835249042146,0,0.3648,3,2.2836,0.8209,0.2925,0.0593,3.4458,3.6288,0.8986458594437209,0.6714843086822471,10,16,0.8081114290906528,TRUE,1.5590504274623904,0.5358498545671813,0.8299700000000001,1.3793499999999994,-1.232624046334983,-0.2205101100283354,-0.655040168205937,0.67828418230563,0.9125874125874126,0.9125874125874126,0.7767857142857143,0.8743718592964824,0.6277915632754343,0.8743718592964824
666200,Jesús Luzardo,MIA,2023,25,178.66666666666666,32,741,2990,178.66666666666666,5.583333333333333,0.2065,31.357684355616815,105.1404,106.4622,35.752508361204015,0,0.4017,3,3.5765,1.2146,0.2807,0.0742,3.6898,3.7184,0.7130569513427412,0.6512496495669882,20,17,0.9201178969497281,TRUE,0.9761965552733386,1.322942226571083,0.5140399999999999,0.6462199999999996,0.16789668815538042,-0.2205101100283354,-0.655040168205937,0.8606271777003485,0.9676375404530745,0.9676375404530745,0.9088145896656535,0.9522292993630573,0.8316498316498316,0.9522292993630573
592332,Kevin Gausman,TOR,2023,32,185,31,763,3071,185,5.967741935483871,0.2385,28.94910773298083,99.9199,106.1536,33.99544122435689,0,0.4264,3,3.1622,1.1784,0.3106,0.0721,3.3404,3.2153,0.7345618313576309,0.6503525985996805,19,18,0.9220859136776492,TRUE,1.6747480125785692,0.7032883510484512,-0.008010000000000161,0.6153599999999997,-0.6285658720292373,-0.2205101100283354,-0.655040168205937,0.8640996602491506,0.968464206874803,0.968464206874803,0.9110056363097004,0.9534306116113008,0.8357064622124863,0.9534306116113008
676272,Bobby Miller,LAD,2023,24,124.33333333333333,22,505,1962,124.33333333333333,5.651515151515151,0.1723,26.772486772486772,109.369,115.1532,34.91335372069317,0,0.4767,5,3.7641,1.1019,0.2356,0.0634,3.9324,3.7471,0.6379834641841059,0.5708691751080077,25,19,0.8867611009566475,TRUE,0.22961968527837373,0.14330964784330166,0.9369,1.5153199999999998,-0.21248448189561775,-0.2205101100283354,1.7710345288530887,0.808,0.9515033947623667,0.9515033947623667,0.8673740053050398,0.9289772727272727,0.7709923664122137,0.9289772727272727
657746,Joe Ryan,MIN,2023,27,161.66666666666666,29,672,2685,161.66666666666666,5.57471264367816,0.2426,26.811103588354772,102.4256,105.7928,31.135940409683425,0,0.3155,3,4.5093,1.1691,0.2932,0.0506,3.4384,3.759,0.6547254193507674,0.5608461396230602,22,20,0.9125524561170429,TRUE,1.7642499180458024,0.15324458592584508,0.24256000000000028,0.57928,-1.9247515964925246,-0.2205101100283354,-0.655040168205937,0.8484848484848485,0.9640933572710951,0.9640933572710951,0.8994974874371859,0.9470899470899471,0.8175182481751825,0.9470899470899471
608331,Max Fried,ATL,2023,29,77.66666666666667,14,311,1244,77.66666666666667,5.547619047619048,0.1994,27.162629757785467,101.2754,104.3689,36.81672025723473,1,0.5769,4,2.5494,1.133,0.2572,0.0579,3.3821,3.0957,0.7428663524187311,0.5531964961399463,18,21,0.8339828628994435,TRUE,0.8212054506837406,0.24368163126964856,0.1275400000000005,0.43688999999999967,0.6502942662083662,4.504706533435995,0.5579971803235759,0.7215777262180975,0.9255952380952381,0.9255952380952381,0.805699481865285,0.8923959827833573,0.6746203904555315,0.8923959827833573
519242,Chris Sale,BOS,2023,34,102.66666666666667,20,425,1672,102.66666666666667,5.133333333333334,0.2259,29.72636815920398,102.8566,102.3379,34.688995215311,0,0.3731,3,4.2955,1.1299,0.2941,0.0682,3.5037,3.7209,0.6513029551911926,0.5398070289678454,23,22,0.8698994411169948,TRUE,1.3996933762646346,0.903253936894103,0.28566,0.23379000000000047,-0.3141841528123045,-0.2205101100283354,-0.655040168205937,0.7798165137614679,0.9435665914221218,0.9435665914221218,0.847870182555781,0.9176728869374314,0.7391304347826086,0.9176728869374314
666157,Nick Lodolo,CIN,2023,25,34.333333333333336,7,166,648,34.333333333333336,4.904761904761905,0.2229,30.363036303630363,104.7505,100.7947,35.18518518518518,0,0.46,4,6.2913,1.7476,0.2831,0.0602,3.4626,3.7844,0.7611073223111537,0.5343350839994981,16,23,0.7351372587349723,TRUE,1.3342041771422692,1.0670493833033807,0.47505000000000025,0.0794700000000006,-0.08926575017627475,-0.2205101100283354,0.5579971803235759,0.5804195804195804,0.8663101604278075,0.8663101604278075,0.6835443037974683,0.8120300751879699,0.5253164556962026,0.8120300751879699
543037,Gerrit Cole,NYY,2023,32,209,33,821,3286,209,6.333333333333333,0.2119,26.171637248934875,107.1333,111.5352,33.992696287279365,0,0.3963,3,2.6268,0.9809,0.2704,0.0585,3.626,3.5972,0.5829001638635838,0.5212815659584932,26,24,0.92685141815364,TRUE,1.0940771136935965,-0.011270751374967122,0.7133300000000006,1.1535200000000003,-0.6298101270531135,-0.2205101100283354,-0.655040168205937,0.8724760892667375,0.9704666272888364,0.9704666272888364,0.9163413273842722,0.9563445867287543,0.8455200823892894,0.9563445867287543
650911,Cristopher Sánchez,PHI,2023,26,99.33333333333333,18,396,1460,98.33333333333333,5.518518518518518,0.202,26.420454545454547,108.8804,103.2983,32.465753424657535,1,0.5704,3,3.443,1.047,0.2424,0.0404,3.3291,3.0944,0.6629999211245113,0.5106387812065211,21,25,0.85824592976478,TRUE,0.8779627565897911,0.05274240919317823,0.8880399999999995,0.32982999999999973,-1.3219594457192578,4.504706533435995,-0.655040168205937,0.7674418604651163,0.9358974358974359,0.9358974358974359,0.8295454545454546,0.906832298136646,0.7252747252747253,0.906832298136646
605400,Aaron Nola,PHI,2023,30,193.66666666666666,32,793,3094,193.66666666666666,6.052083333333333,0.198,25.9526938239159,107.6941,110.0197,32.74078862314156,0,0.4262,4,4.4613,1.1515,0.2547,0.0567,3.7512,3.6317,0.5444537200349661,0.49182008778018177,27,26,0.9237158933775017,TRUE,0.7906438244266372,-0.06759826886317044,0.7694100000000006,1.00197,-1.1972884905054781,-0.2205101100283354,0.5579971803235759,0.8685651697699891,0.9686912961803381,0.9686912961803381,0.9116087212728344,0.9537607891491985,0.8409331919406151,0.9537607891491985
621107,Zach Eflin,TBR,2023,29,177.66666666666666,31,703,2579,177.66666666666666,5.731182795698924,0.2304,24.124513618677042,105.696,109.1771,31.097324544397054,0,0.4979,3,3.4953,1.0244,0.2646,0.0341,3.3016,3.1247,0.525995404307964,0.4448350366335105,28,27,0.9127934416608005,TRUE,1.4979271749481828,-0.5379337104196124,0.5695999999999998,0.9177099999999996,-1.9422558171820743,-0.2205101100283354,-0.655040168205937,0.8541919805589308,0.9626726390444196,0.9626726390444196,0.8957971517888156,0.9450348112861854,0.8241500586166471,0.9450348112861854
656876,Drew Rasmussen,TBR,2023,27,44.666666666666664,8,177,677,44.666666666666664,5.583333333333333,0.2034,23.668639053254438,115.9507,115.2155,31.314623338257014,0,0.5259,4,2.6194,1.0522,0.2655,0.0621,3.4648,3.104,0.6475862153918429,0.4335992155204563,24,28,0.7442891933369725,TRUE,0.9085243828468945,-0.6552164402117653,1.5950699999999998,1.5215500000000006,-1.8437562493207742,-0.2205101100283354,0.5579971803235759,0.5959595959595959,0.8712998712998713,0.8712998712998713,0.6929375639713409,0.8186215235792019,0.5412844036697247,0.8186215235792019
669302,Logan Gilbert,SEA,2023,26,190.66666666666666,32,770,2924,190.66666666666666,5.958333333333333,0.1987,26.37795275590551,100.8766,108.5245,32.900136798905606,0,0.4145,4,3.729,1.0752,0.2455,0.0468,3.7757,3.7608,0.46540117225441147,0.4146521758607873,29,29,0.9207632389526917,TRUE,0.8059246375551886,0.04180798495140998,0.08765999999999963,0.8524500000000004,-1.1250574110160996,-0.2205101100283354,0.5579971803235759,0.8651685393258427,0.966931216931217,0.966931216931217,0.9069478908188585,0.9512036434612883,0.8369565217391305,0.9512036434612883
669203,Corbin Burnes,MIL,2023,28,193.66666666666666,32,784,3081,193.66666666666666,6.052083333333333,0.1709,28.771929824561404,108.753,110.1876,36.67640376501136,0,0.4409,3,3.3924,1.0688,0.2551,0.0842,4.0214,3.8043,0.4392260571813723,0.41004003091922575,32,30,0.9231717285491864,TRUE,0.19905805902126963,0.6577058370535519,0.8753,1.0187600000000003,0.5866900758568886,-0.2205101100283354,-0.655040168205937,0.8672566371681416,0.9685633448601069,0.9685633448601069,0.9112688553682342,0.9535747446610956,0.8394004282655246,0.9535747446610956
605397,Joe Musgrove,SDP,2023,30,97.33333333333333,17,399,1557,97.33333333333333,5.7254901960784315,0.1905,25.97911227154047,103.555,104.677,33.78291586384072,0,0.4502,5,3.0514,1.1404,0.2431,0.0526,3.7672,3.6983,0.44928375819380517,0.37713521299643576,31,31,0.8625091728775777,TRUE,0.6269208266207236,-0.06080160177688966,0.3555000000000007,0.46770000000000067,-0.7249016859495866,-0.2205101100283354,1.7710345288530887,0.7687861271676301,0.9396499698249849,0.9396499698249849,0.8384491114701131,0.9121265377855887,0.726775956284153,0.9121265377855887
657277,Logan Webb,SFG,2023,26,216,33,850,3184,216,6.545454545454546,0.1918,20.836098208360983,108.0288,112.475,32.19221105527638,1,0.6211,3,3.25,1.0741,0.2282,0.0365,3.1611,2.9538,0.4546841827881682,0.3762692950131069,30,32,0.927042484919463,TRUE,0.6552994795737485,-1.3839434799160146,0.8028800000000004,1.2474999999999994,-1.4459537150715482,4.504706533435995,-0.655040168205937,0.8762886597938144,0.9695493300852619,0.9695493300852619,0.9138920780711826,0.9550089982003599,0.85,0.9550089982003599
641927,Bailey Ober,MIN,2023,27,144.33333333333334,26,577,2327,144.33333333333334,5.551282051282052,0.2028,28.663967611336034,100.9856,103.3189,33.175762784701334,0,0.3427,3,3.4296,1.067,0.253,0.0503,3.8651,4.2025,0.41856184148340897,0.36193845022383014,33,33,0.9005409971363416,TRUE,0.8954265430224218,0.6299304267940743,0.09856000000000051,0.3318899999999999,-1.0001186572845886,-0.2205101100283354,-0.655040168205937,0.8278335724533716,0.9587968685620107,0.9587968685620107,0.8858012942519985,0.939442874444893,0.7936726272352133,0.939442874444893
656288,Griffin Canning,LAA,2023,27,127,22,536,2180,120,5.7727272727272725,0.1922,29.05982905982906,94.3346,103.8689,34.908256880733944,0,0.4266,4,4.3228,1.2362,0.2593,0.0672,3.8015,3.8181,0.4093987428999236,0.35702558915227367,34,34,0.8944245533736375,TRUE,0.6640313727900641,0.7317735977454926,-0.5665400000000005,0.3868899999999996,-0.21479483311535727,-0.2205101100283354,0.5579971803235759,0.8170731707317073,0.956140350877193,0.956140350877193,0.8790322580645161,0.9356223175965666,0.7813411078717201,0.9356223175965666
669923,George Kirby,SEA,2023,25,190.66666666666666,31,757,2825,190.66666666666666,6.150537634408602,0.2021,22.92207792207792,103.6041,113.1583,29.13274336283186,0,0.4417,4,3.3514,1.0385,0.2272,0.0251,3.7149,3.6305,0.4032318283380947,0.34589917032408835,35,35,0.9189390168578168,TRUE,0.8801457298938696,-0.8472840264784631,0.36041000000000023,1.3158299999999996,-2.832782607392068,-0.2205101100283354,0.5579971803235759,0.863169897377423,0.9658119658119658,0.9658119658119658,0.904,0.9495798319327731,0.834619625137817,0.9495798319327731
680694,Kyle Bradish,BAL,2023,26,168.66666666666666,30,671,2642,168.66666666666666,5.622222222222222,0.1848,25.99337748344371,100.9124,109.4409,36.0333080999243,0,0.4922,4,2.8281,1.0435,0.2504,0.0656,3.7574,3.5308,0.38124050808412135,0.337635503715262,37,36,0.9118897878794607,TRUE,0.5024913482882291,-0.057131594454755956,0.09124000000000052,0.9440899999999999,0.29518065705462165,-0.2205101100283354,0.5579971803235759,0.8482932996207333,0.9635302698760029,0.9635302698760029,0.8980285520054385,0.9462750716332379,0.8172959805115713,0.9462750716332379
477132,Clayton Kershaw,LAD,2023,35,131.66666666666666,24,523,2029,131.66666666666666,5.486111111111111,0.1855,28.08764940239044,108.6053,103.6675,34.15475603745688,0,0.4751,3,2.4608,1.0633,0.262,0.0765,3.8171,3.5727,0.3649605789379906,0.3221657306536877,39,37,0.8900089844202786,TRUE,0.5177721614167812,0.4816611924457961,0.86053,0.3667500000000004,-0.5563499155321856,-0.2205101100283354,-0.655040168205937,0.8133748055987559,0.9530295913574448,0.9530295913574448,0.87118935165307,0.9311610830656264,0.7771173848439822,0.9311610830656264
680570,Grayson Rodriguez,BAL,2023,23,122,23,515,2104,122,5.304347826086956,0.1689,26.32075471698113,112.9227,111.9093,34.125475285171106,0,0.4721,3,4.3525,1.3361,0.2505,0.0816,4.0085,3.7807,0.3602227821661085,0.32209977882096247,41,38,0.8909752686258026,TRUE,0.15539859293969266,0.027092660490194816,1.2922700000000007,1.1909300000000003,-0.5696226143611582,-0.2205101100283354,-0.655040168205937,0.8110236220472441,0.9546279491833031,0.9546279491833031,0.8752079866888519,0.9334516415261757,0.7744360902255639,0.9334516415261757
676477,Garrett Whitlock,BOS,2023,27,71.66666666666667,10,304,1195,51.666666666666664,7.166666666666667,0.1941,28.26797385620915,103.1008,105.8769,31.799163179916317,0,0.4419,3,5.1488,1.3256,0.2368,0.0428,3.6748,3.738,0.40148803763557434,0.3151412581840206,36,39,0.8297753254865394,TRUE,0.7055078655675618,0.5280532173496899,0.3100800000000007,0.5876900000000006,-1.6241187438968743,-0.2205101100283354,-0.655040168205937,0.71698113207547165,0.9227799227799228,0.9227799227799228,0.7993311036789298,0.8884758364312267,0.6696035242290749,0.8884758364312267
671737,Taj Bradley,TBR,2023,22,104.66666666666667,21,460,1822,102.66666666666667,4.984126984126984,0.1957,25.027085590465873,108.2058,103.4598,34.632272228320524,0,0.3655,4,5.5892,1.3854,0.2804,0.0848,3.8233,3.8321,0.3683325901315497,0.3074050565392407,38,40,0.8785196655048936,TRUE,0.7404354384328238,-0.3057292561369974,0.8205799999999996,0.3459800000000001,-0.3398961671641423,-0.2205101100283354,0.5579971803235759,0.7931034482758621,0.9479708636836629,0.9479708636836629,0.8586239396795476,0.9239350912778904,0.7540983606557377,0.9239350912778904
656302,Dylan Cease,CHW,2023,27,177,33,784,3263,177,5.363636363636363,0.1722,31.039046988749174,103.2665,99.835,38.18571866380631,0,0.3598,3,4.5763,1.4181,0.273,0.1008,4.0996,4.0752,0.3161376220347908,0.30157238830066996,43,41,0.9250126338426321,TRUE,0.22743671197429452,1.2409664748303002,0.32664999999999933,-0.016500000000000625,1.27084879877062,-0.2205101100283354,-0.655040168205937,0.8672566371681416,0.9702646446625037,0.9702646446625037,0.9158012910468706,0.9560503955464401,0.8394004282655246,0.9560503955464401
668678,Zac Gallen,ARI,2023,27,210,34,846,3252,210,6.176470588235294,0.2045,26.418786692759294,97.9165,105.2406,35.45510455104551,0,0.4178,3,3.4714,1.119,0.26,0.0556,3.6684,3.4852,0.3236517343464715,0.2821886285237271,42,42,0.927552176539863,TRUE,0.9325370891917616,0.05231332116803456,-0.2083500000000001,0.5240600000000001,0.0330862446156165,-0.2205101100283354,-0.655040168205937,0.8757763975155279,0.9701670644391408,0.9701670644391408,0.9155405405405406,0.9559082892416225,0.8493975903614458,0.9559082892416225
506433,Yu Darvish,SDP,2023,36,136.33333333333334,24,574,2219,136.33333333333334,5.680555555555556,0.1707,25.145631067961165,104.1207,106.3804,35.286164939161786,0,0.4158,5,4.555,1.2983,0.2456,0.0749,4.0421,3.9218,0.31122898498638746,0.27942697352854573,44,43,0.8982760508318401,TRUE,0.19469211241311182,-0.27523109225660314,0.41206999999999994,0.6380399999999995,-0.04349254567406381,-0.2205101100283354,1.7710345288530887,0.8270893371757925,0.956877964639931,0.956877964639931,0.8809051210797936,0.9366821443647109,0.7928176795580111,0.9366821443647109
686973,Louis Varland,MIN,2023,25,68,10,283,1091,56,6.8,0.1908,25.894378194207835,97.9367,109.833,30.889092575618697,0,0.4427,4,4.6324,1.2206,0.2509,0.0601,3.7661,3.8088,0.3631071104459396,0.26623447077117046,40,44,0.8186391578094353,TRUE,0.63346974653296,-0.08260111561196862,-0.20632999999999982,0.9832999999999998,-2.0366454756575565,-0.2205101100283354,0.5579971803235759,0.7022332506203474,0.9160369437447523,0.9160369437447523,0.7843278217109992,0.879129734085415,0.6535796766743649,0.879129734085415
579328,Yusei Kikuchi,TOR,2023,32,167.66666666666666,32,700,2818,167.66666666666666,5.239583333333333,0.19,27.988338192419825,98.361,104.4489,35.699077359829666,0,0.3974,3,3.8648,1.2704,0.2586,0.0686,3.858,3.7718,0.2964158560622887,0.26121235763988276,46,45,0.915907737501004,TRUE,0.6160059601003293,0.45611142352302675,-0.16389999999999957,0.44488999999999945,0.14367690095692195,-0.2205101100283354,-0.655040168205937,0.8536585365853658,0.9657299520219328,0.9657299520219328,0.9037844772289929,0.9494609164420486,0.8235294117647058,0.9494609164420486
628711,Julio Urías,LAD,2023,26,117.33333333333333,21,482,1853,117.33333333333333,5.587301587301587,0.1929,24.23580786026201,107.9195,108.7522,31.35456017269293,0,0.3708,3,4.6023,1.1591,0.2427,0.0498,3.904,4.1273,0.2843498504774266,0.22645593599558497,47,46,0.8816857619260797,TRUE,0.6793121859186155,-0.5093010700986238,0.7919499999999999,0.8752200000000002,-1.825653245324253,-0.2205101100283354,-0.655040168205937,0.8006644518272426,0.9487967229902714,0.9487967229902714,0.8606595448211798,0.9251123315027459,0.7626582278481012,0.9251123315027459
628317,Kenta Maeda,MIN,2023,35,104.33333333333333,20,428,1702,101,5.216666666666667,0.2079,28.242424242424242,90.425,101.2576,35.60517038777908,0,0.3261,3,4.2268,1.1693,0.2734,0.0654,3.76,3.9795,0.2834260282379218,0.2158692286650903,48,47,0.8712401920923064,TRUE,1.0067581815304427,0.5214800749172945,-0.9575000000000002,0.12575999999999965,0.1011097242053259,-0.2205101100283354,-0.655040168205937,0.781021897810219,0.9445061043285239,0.9445061043285239,0.8501498501498501,0.9190064794816415,0.740484429065744,0.9190064794816415
664285,Framber Valdez,HOU,2023,29,198,31,808,2962,198,6.387096774193548,0.177,26.757532281205165,104.4887,105.5604,36.36056718433491,0,0.5421,3,3.4545,1.1263,0.2475,0.0705,3.699,3.3856,0.23373633719958467,0.21170587507199276,49,48,0.9229182174777063,TRUE,0.3322194305700791,0.13946230979641172,0.44886999999999944,0.5560400000000001,0.4435242250078983,-0.2205101100283354,-0.655040168205937,0.8706896551724138,0.9673416067929458,0.9673416067929458,0.9080318822808093,0.9517994858611826,0.8434237995824635,0.9517994858611826
693433,Bryan Woo,SEA,2023,23,87.66666666666667,18,371,1451,87.66666666666667,4.87037037037037,0.1671,28.08683853459973,109.6869,102.6285,33.97656788421778,0,0.4034,3,4.2091,1.2091,0.2507,0.0836,4.1258,4.2631,0.2256218387211747,0.20365639959744286,51,49,0.8542900465966944,TRUE,0.11610507346627354,0.48145258070210945,0.9686899999999994,0.26285000000000025,-0.637120985542659,-0.2205101100283354,-0.655040168205937,0.7556008146639511,0.935525467440361,0.935525467440361,0.828669331810394,0.9063085571517802,0.7120921305182342,0.9063085571517802
543243,Sonny Gray,MIN,2023,33,184,32,754,2827,184,5.75,0.1698,26.116071428571427,99.4754,100.5781,35.90378493102229,0,0.4733,5,2.788,1.1467,0.2427,0.0729,3.9499,3.6443,0.19500241045457117,0.18105889206813422,55,50,0.9188186412409125,TRUE,0.17504535267640253,-0.025566155395422334,-0.05246000000000066,0.057810000000000625,0.23646898204598701,-0.2205101100283354,1.7710345288530887,0.8627002288329519,0.9658353262726341,0.9658353262726341,0.9040614007035497,0.9496137050722203,0.834070796460177,0.9496137050722203
645261,Sandy Alcantara,MIA,2023,27,184.66666666666666,28,762,2726,184.66666666666666,6.595238095238095,0.1352,25.440976933514246,110.0495,114.7789,31.217901687454145,0,0.5199,4,4.1426,1.213,0.1982,0.063,4.2366,4.0027,0.18076773512418487,0.17657348500915546,56,51,0.917892594564489,TRUE,-0.5802634105348785,-0.19924753894565994,1.0049499999999996,1.4778899999999993,-1.8875992943634172,-0.2205101100283354,0.5579971803235759,0.8639455782312925,0.9646142958244869,0.9646142958244869,0.9008592200925314,0.9478442280945758,0.8355263157894737,0.9478442280945758
656605,Mitch Keller,PIT,2023,27,194.33333333333334,32,825,3122,194.33333333333334,6.072916666666667,0.1879,23.221476510067113,106.8353,103.8886,33.60025624599616,0,0.4367,4,4.2144,1.2453,0.2545,0.0667,3.8251,3.7021,0.20216951351716342,0.1749139703090642,53,52,0.925391628683222,TRUE,0.5701635207146738,-0.7702578303301062,0.6835300000000004,0.38885999999999965,-0.8076996302170304,-0.2205101100283354,0.5579971803235759,0.873015873015873,0.9689633767846059,0.9689633767846059,0.9123319696084161,0.9541564792176039,0.8461538461538461,0.9541564792176039
677651,Luis Garcia,HOU,2023,26,27,6,115,468,27,4.5,0.1826,31.03448275862069,99.0449,94.8733,35.8974358974359,0,0.2639,3,4,1.2963,0.2696,0.087,4.0776,4.1405,0.23269991329293363,0.1720140882184412,50,53,0.670735628145483,TRUE,0.45446593559849496,1.239792236543126,-0.09551000000000016,-0.51267,0.23359102283835692,-0.2205101100283354,-0.655040168205937,0.48936170212765956,0.823943661971831,0.823943661971831,0.609375,0.7572815533980582,0.4339622641509434,0.7572815533980582
676710,Kutter Crawford,BOS,2023,27,129.33333333333334,23,527,2100,107.66666666666667,5.6231884057971016,0.1879,26.84258416742493,101.4806,102.2217,33.666666666666664,0,0.3486,3,4.0361,1.1057,0.2562,0.0683,3.9346,4.3172,0.2017530196847121,0.16687458262332436,54,54,0.8919600625855948,TRUE,0.5701635207146738,0.16134358624046738,0.14805999999999955,0.22216999999999984,-0.7775963902434676,-0.2205101100283354,-0.655040168205937,0.8145285935085008,0.9545454545454546,0.9545454545454546,0.875,0.9333333333333333,0.7784342688330872,0.9333333333333333
656557,Tanner Houck,BOS,2023,27,106,21,463,1742,106,5.0476190476190474,0.1253,28.79708383961118,100.0984,106.4673,36.681974741676235,0,0.5302,5,5.0094,1.3679,0.2138,0.0886,4.3305,4.0743,0.14798572323960493,0.1663620374750731,59,55,0.8764878714591381,TRUE,-0.7963777676386841,0.6641772039031933,0.009839999999999804,0.6467299999999995,0.5892153489350699,-0.2205101100283354,1.7710345288530887,0.7941680960548885,0.9457111834961998,0.9457111834961998,0.8530852105778648,0.9207188160676533,0.7553017944535073,0.9207188160676533
641482,Nestor Cortes,NYY,2023,28,63.333333333333336,12,266,1070,63.333333333333336,5.277777777777778,0.1767,24.242424242424242,111.2103,108.7695,34.39252336448598,0,0.2629,3,4.9737,1.2474,0.2519,0.0752,4.35,4.8393,0.22483077476606825,0.16507216732188887,52,56,0.8132460479190454,TRUE,0.3256705106578427,-0.5075988751963588,1.1210300000000004,0.8769499999999993,-0.44857214765835063,-0.2205101100283354,-0.655040168205937,0.689119170984456,0.9145299145299145,0.9145299145299145,0.781021897810219,0.8770491803278688,0.6394230769230769,0.8770491803278688
518876,Merrill Kelly,ARI,2023,34,177.66666666666666,30,722,2810,177.66666666666666,5.922222222222222,0.1634,26.98181818181818,96.0208,100.0984,35.338078291814945,0,0.452,5,3.2927,1.1932,0.259,0.0956,4.1157,3.8343,0.14373266213266567,0.13683361857425688,62,57,0.916988705779021,TRUE,0.035335061215356046,0.19716428457844598,-0.3979200000000006,0.009839999999999804,-0.01996069484445074,-0.2205101100283354,1.7710345288530887,0.8574821852731591,0.9656357388316151,0.9656357388316151,0.9035369774919614,0.9493243243243243,0.8279816513761468,0.9493243243243243
695243,Mason Miller,OAK,2023,24,33.333333333333336,6,139,611,24.333333333333332,5.555555555555556,0.1583,26.24113475177305,112.3616,104.3914,39.60720130932897,0,0.2593,3,3.78,1.2,0.2734,0.1151,4.3372,4.7683,0.15969696642717945,0.13607015535631714,57,58,0.7161182651923653,TRUE,-0.07599657729266496,0.006608852939090268,1.2361599999999995,0.4391400000000004,1.915193959731583,-0.2205101100283354,-0.655040168205937,0.5366795366795367,0.8593530239099859,0.8593530239099859,0.6706915477497256,0.8028909329829172,0.4809688581314879,0.8028909329829172
458681,Lance Lynn,2 Tms,2023,36,183.66666666666666,32,808,3170,183.66666666666666,5.739583333333333,0.1535,28.7515762925599,98.891,101.1662,36.30914826498423,0,0.3565,4,5.7332,1.3938,0.2364,0.0829,4.3288,4.496,0.12614302636016886,0.12775560413684742,63,59,0.9251620854355626,TRUE,-0.18077929588844951,0.6524694892177487,-0.11089999999999947,0.11662000000000035,0.4202164962995599,-0.2205101100283354,0.5579971803235759,0.8706896551724138,0.9694189602446484,0.9694189602446484,0.9135446685878963,0.9548192771084337,0.8434237995824635,0.9548192771084337
666129,Braxton Garrett,MIA,2023,25,159.66666666666666,30,659,2486,156.66666666666666,5.322222222222222,0.1927,25.362937660119556,102.5366,101.5972,33.95012067578439,0,0.4913,3,3.6639,1.1461,0.2367,0.044,3.6166,3.4194,0.15791544909342145,0.12741050889952865,58,60,0.9088160968086204,TRUE,0.6749462393104583,-0.21932468232882002,0.2536600000000007,0.15972000000000008,-0.6491092647022081,-0.2205101100283354,-0.655040168205937,0.8459563543003851,0.9613302397525135,0.9613302397525135,0.8923187365398421,0.9430955993930197,0.8145859085290482,0.9430955993930197
678394,Brayan Bello,BOS,2023,24,157,28,668,2622,157,5.607142857142857,0.1302,24.388318863456984,101.998,106.2844,36.8421052631579,1,0.562,4,4.242,1.3376,0.1976,0.0674,4.1766,4.0224,0.14659710535395623,0.11854974079076541,61,61,0.9114245363460982,TRUE,-0.6894120757388204,-0.47006460433645797,0.19980000000000048,0.6284400000000006,0.6618010586261839,4.504706533435995,0.5579971803235759,0.8477157360406091,0.9632623071271125,0.9632623071271125,0.8973305954825462,0.9458874458874459,0.8166259168704156,0.9458874458874459
657006,Justin Steele,CHC,2023,27,173.33333333333334,30,716,2682,173.33333333333334,5.777777777777778,0.1955,23.97743300423131,105.639,107.7655,32.36390753169277,0,0.4939,2,3.0635,1.1712,0.2458,0.0503,3.6053,3.323,0.1472521754358036,0.11126535107113655,60,62,0.9149746596091681,TRUE,0.736069491824666,-0.5757731014935833,0.5638999999999996,0.7765500000000003,-1.3681252631510052,-0.2205101100283354,-1.8680775167354498,0.8564593301435407,0.9640546369518332,0.9640546369518332,0.8993963782696177,0.9470338983050848,0.8267898383371824,0.9470338983050848
593334,Domingo Germán,NYY,2023,30,108.66666666666667,19,444,1657,103.66666666666667,5.719298245614035,0.1802,30.28503562945368,91.7601,91.6685,33.37356668678334,0,0.3945,4,4.5552,1.0767,0.2568,0.0766,3.9625,4.0413,0.11688931901418524,0.10694063327000501,64,63,0.8716516438529928,TRUE,0.40207457630060234,1.0469821703309066,-0.8239900000000006,-0.8331500000000005,-0.9104559466442665,-0.2205101100283354,0.5579971803235759,0.7872340425531915,0.9430848036425725,0.9430848036425725,0.8467041389882474,0.9169894853348091,0.7474747474747475,0.9169894853348091
673540,Kodai Senga,NYM,2023,30,166.33333333333334,29,694,2803,166.33333333333334,5.735632183908046,0.1801,29.746835443037973,101.2851,96.0586,39.35069568319658,0,0.4469,2,2.976,1.2204,0.2911,0.111,3.9985,3.7663,0.11162447192689841,0.10188599550929425,65,64,0.9153840361940541,TRUE,0.39989160299652377,0.9085195496339944,0.12850999999999999,-0.39414000000000016,1.7989222912182472,-0.2205101100283354,-1.8680775167354498,0.8525798525798526,0.965552876334826,0.965552876334826,0.9033193683532066,0.9492041991195395,0.8222748815165877,0.9492041991195395
681857,Reese Olson,DET,2023,23,103.66666666666667,18,422,1744,91.66666666666667,5.7592592592592595,0.1659,27.385377942998762,97.5006,99.4997,36.98394495412844,0,0.4281,4,3.9936,1.119,0.2441,0.0782,4.0556,3.9105,0.09620862616253437,0.08835061654436849,67,65,0.8718191693353928,TRUE,0.08990939381732724,0.30098799841440327,-0.24993999999999944,-0.050029999999999575,0.7260957011228308,-0.2205101100283354,0.5579971803235759,0.7785977859778598,0.9457700650759219,0.9457700650759219,0.8532289628180039,0.9208025343189018,0.7377622377622378,0.9208025343189018
694297,Brandon Pfaadt,ARI,2023,24,96,18,421,1614,90,5.333333333333333,0.1615,25.031446540880502,100.2518,106.8732,34.26270136307311,0,0.3232,4,5.7188,1.4063,0.2233,0.0618,4.2758,4.4591,0.09678826995551339,0.0800717374789844,66,66,0.8674282233569489,TRUE,-0.0061414315621417005,-0.3046073155684514,0.025180000000000292,0.6873199999999997,-0.5074192807275639,-0.2205101100283354,0.5579971803235759,0.7781885397412199,0.941656942823804,0.941656942823804,0.8432601880877743,0.9149659863945578,0.7373029772329247,0.9149659863945578
672282,Reid Detmers,LAA,2023,23,148.66666666666666,28,644,2602,148.66666666666666,5.309523809523809,0.1677,27.129337539432175,102.1756,101.7762,36.049192928516526,0,0.3666,3,4.4798,1.352,0.2609,0.0932,4.1419,4.2697,0.0862485241023368,0.07864349847414746,68,67,0.9096581723279495,TRUE,0.12920291329074637,0.23511655099215845,0.21756000000000028,0.17762000000000028,0.3023811054514663,-0.2205101100283354,-0.655040168205937,0.8429319371727748,0.9629903774981495,0.9629903774981495,0.8966230186078566,0.9454941860465116,0.8110831234256927,0.9454941860465116
572020,James Paxton,BOS,2023,34,96,19,411,1692,96,5.052631578947368,0.1655,27.57396449704142,103.2126,100.8294,35.46099290780142,0,0.4265,3,4.5,1.3125,0.2457,0.0803,4.1125,3.9841,0.08511195260747226,0.07854886660363682,69,68,0.8687936597547922,TRUE,0.08117750060101221,0.3495056116743458,0.3212599999999995,0.08294000000000068,0.03575538320385992,-0.2205101100283354,-0.655040168205937,0.7740112994350282,0.9441964285714286,0.9441964285714286,0.8493975903614458,0.9185667752442996,0.732620320855615,0.9185667752442996
641816,Tyler Mahle,MIN,2023,28,25.666666666666668,5,102,423,25.666666666666668,5.133333333333334,0.2255,23.958333333333332,95.1684,104.5047,36.170212765957444,0,0.3768,3,3.1558,1.0519,0.2745,0.049,3.524,3.6545,0.2982789221779003,0.07247633748993182,45,69,0.6490448882344161,TRUE,1.3909614830483197,-0.5806868688123855,-0.4831599999999995,0.45047,0.3572382976099163,-0.2205101100283354,-0.655040168205937,0.4594594594594595,0.8087954110898662,0.8087954110898662,0.5850622406639004,0.7382198952879581,0.40476190476190477,0.7382198952879581
669022,MacKenzie Gore,WSN,2023,24,136.33333333333334,27,582,2462,136.33333333333334,5.049382716049383,0.1615,27.912824811399833,100.2992,101.5503,36.96181965881397,0,0.3875,3,4.423,1.401,0.2595,0.0979,4.2073,4.111,0.06334517578766065,0.062107629714666455,70,70,0.9032294745611963,TRUE,-0.0061414315621417005,0.4366841158081305,0.0299199999999999,0.15502999999999928,0.7160665058909275,-0.2205101100283354,-0.655040168205937,0.8290598290598291,0.960967993754879,0.960967993754879,0.8913830557566981,0.942572741194487,0.7950819672131147,0.942572741194487
621244,José Berríos,TOR,2023,29,189.66666666666666,32,782,2939,189.66666666666666,5.927083333333333,0.1688,25.47584187408492,95.0181,103.9858,35.045933991153454,0,0.4157,4,3.6538,1.1863,0.2353,0.0665,4.076,4.0056,0.0607243136211668,0.0501385406892524,71,71,0.9214952842637404,TRUE,0.15321561963561406,-0.1902778448360988,-0.4981899999999996,0.39857999999999977,-0.1523870505417744,-0.2205101100283354,0.5579971803235759,0.8669623059866962,0.9670944389601843,0.9670944389601843,0.9073788206236493,0.9514405956620265,0.8390557939914163,0.9514405956620265
650644,Aaron Civale,2 Tms,2023,28,122.33333333333333,23,504,2010,122.33333333333333,5.318840579710145,0.1647,22.693531283138917,108.152,105.522,34.27860696517413,0,0.3895,4,3.4578,1.1608,0.2302,0.0655,4.1528,4.1015,0.059197160099246804,0.0461289225374553,72,72,0.887826965844333,TRUE,0.06371371416838155,-0.9060821602913018,0.8152000000000001,0.5522000000000006,-0.5002094158880317,-0.2205101100283354,0.5579971803235759,0.8076923076923077,0.95260663507109,0.95260663507109,0.8701298701298701,0.9305555555555556,0.7706422018348624,0.9305555555555556
608337,Lucas Giolito,3 Tms,2023,28,184.33333333333334,33,794,3199,183.4,5.5858585858585865,0.165,28.820375335120644,97.4632,97.9135,36.730228196311344,0,0.3617,3,4.8825,1.3128,0.2569,0.0919,4.2066,4.4481,0.032979876751432505,0.03428628231392586,74,73,0.9248383533591402,TRUE,0.070262634080617975,0.6701694008395577,-0.25367999999999996,-0.20865000000000009,0.6110882012640899,-0.2205101100283354,-0.655040168205937,0.8687089715536105,0.9696877841770234,0.9696877841770234,0.9142612174907117,0.9552105106001791,0.8411016949152542,0.9552105106001791
450203,Charlie Morton,ATL,2023,39,163.33333333333334,30,716,2853,163.33333333333334,5.444444444444445,0.1397,32.23954060705496,98.7391,94.3561,38.97651594812478,0,0.4329,3,3.6367,1.4265,0.2556,0.1159,4.4421,4.2674,-0.0038525072908668573,0.022568453580958815,78,74,0.917210550783075,TRUE,-0.4820296118513304,1.5498171529163658,-0.12609000000000065,-0.5643900000000002,1.6293100188612255,-0.2205101100283354,-0.655040168205937,0.8564593301435407,0.9661361327463597,0.9661361327463597,0.9048525214081827,0.9500499500499501,0.8267898383371824,0.9500499500499501
656849,David Peterson,NYM,2023,27,111,21,492,1969,103,5.285714285714286,0.1585,29.490022172949,90.575,95.361,38.090401218892836,0,0.5461,4,5.027,1.5676,0.2602,0.1016,3.9602,3.5943,0.003193974893570896,0.01504442283263178,77,75,0.8856883717751016,TRUE,-0.07163063068450713,0.8424492670443908,-0.9424999999999997,-0.4638999999999996,1.2276422674924423,-0.2205101100283354,0.5579971803235759,0.803921568627451,0.9516674722087965,0.9516674722087965,0.8677831643895989,0.9292118924020765,0.7663551401869159,0.9292118924020765
675627,Michael Grove,LAD,2023,26,69,12,302,1146,52,5.75,0.1788,27.160493827160494,94.5568,100.0817,34.11867364746946,0,0.3913,3,6.1304,1.4783,0.2417,0.0629,3.8884,3.9167,0.035198742301927106,0.013004223546288246,73,76,0.8263310569339504,TRUE,0.3715129500434982,0.2431321209583827,-0.5443200000000005,0.008169999999999789,-0.5727057348997532,-0.2205101100283354,-0.655040168205937,0.7156398104265402,0.9197431781701445,0.9197431781701445,0.7925311203319502,0.8842592592592593,0.668141592920354,0.8842592592592593
686613,Hunter Brown,HOU,2023,24,155.66666666666666,29,665,2725,152.66666666666666,5.3678160919540225,0.185,24.801901743264658,98.6701,99.8359,36.88073394495413,0,0.5237,3,5.0878,1.3619,0.2677,0.0827,3.7352,3.5185,0.01041167984205243,-0.006399087367342976,76,77,0.9126809768891752,TRUE,0.5068572948963869,-0.3636622454020924,-0.1329899999999995,-0.01641000000000048,0.6793110889231431,-0.2205101100283354,-0.655040168205937,0.8471337579617835,0.9646017699115044,0.9646017699115044,0.9008264462809917,0.9478260869565217,0.8159509202453987,0.9478260869565217
665795,Edward Cabrera,MIA,2023,25,99.66666666666667,20,434,1806,91,4.983333333333333,0.1198,30.888030888030887,101.0391,100.6631,40.64230343300111,0,0.5429,3,4.2441,1.4448,0.2719,0.1521,4.6828,4.3047,-0.06091122754147503,-0.006528087908234175,82,78,0.8751125738319859,TRUE,-0.9164412993630204,1.2021146022359421,0.10391000000000047,0.06631000000000001,2.38439634260227,-0.2205101100283354,-0.655040168205937,0.7833935018050542,0.9475341028331584,0.9475341028331584,0.8575498575498576,0.9233128834355828,0.7431506849315068,0.9233128834355828
669330,Tyler Wells,BAL,2023,28,118.66666666666667,20,470,1905,108.66666666666667,5.933333333333334,0.1766,26.36262513904338,93.8687,95.2422,35.958005249343834,0,0.3227,4,3.6404,0.986,0.2489,0.0723,4.1947,4.6263,-0.012595407569524866,-0.01886374977687469,79,79,0.8818406055643714,TRUE,0.32348753735376407,0.03786465298435362,-0.6131299999999996,-0.4757800000000003,0.26104655944117683,-0.2205101100283354,0.5579971803235759,0.7966101694915254,0.9501246882793017,0.9501246882793017,0.8639455782312925,0.927007299270073,0.7580645161290323,0.927007299270073
502171,Alex Cobb,SFG,2023,35,151.33333333333334,28,646,2509,151.33333333333334,5.404761904761905,0.1455,21.6696269982238,99.1197,108.7594,36.0701474691112,1,0.5757,3,3.8656,1.3216,0.2028,0.0573,3.807,3.5124,0.017017096359746256,-0.0211773604758333,75,80,0.9083740227667124,TRUE,-0.35541716021475733,-1.1695017469256312,-0.08803000000000054,0.8759399999999999,0.31187960821185207,4.504706533435995,-0.655040168205937,0.8433420365535248,0.9616711383671905,0.9616711383671905,0.8932004271982912,0.9435878149680331,0.8115577889447236,0.9435878149680331
686218,Emmet Sheehan,LAD,2023,23,60.333333333333336,11,248,1031,53.333333333333336,5.484848484848485,0.1532,29.566854990583803,98.3014,94.857,36.37245392822503,0,0.3312,3,4.9227,1.1934,0.2581,0.1048,4.4078,4.7779,-0.06179422353481193,-0.022534070476040682,84,81,0.8058253580375192,TRUE,-0.18732821580068595,0.8622160258708648,-0.1698599999999999,-0.5143000000000001,0.4489123779546144,-0.2205101100283354,-0.655040168205937,0.6739130434782609,0.9115826702033598,0.9115826702033598,0.7746055597295267,0.8729889923793396,0.6231155778894473,0.8729889923793396
656756,Jordan Montgomery,2 Tms,2023,30,188.66666666666666,32,777,2923,188.66666666666666,5.895833333333333,0.1519,25.971223021582734,99.0966,100.837,35.819363667464934,0,0.4324,4,3.1961,1.1926,0.2136,0.0618,4.2321,4.0135,-0.0417879737008614,-0.03336599282113005,81,82,0.9210776488766975,TRUE,-0.21570686875371084,-0.0628312670428122,-0.09034000000000049,0.08370000000000033,0.19820159072276092,-0.2205101100283354,0.5579971803235759,0.8662207357859532,0.966920277869666,0.966920277869666,0.9069190195470059,0.9511877643996095,0.8381877022653722,0.9511877643996095
682243,Bryce Miller,SEA,2023,24,131.33333333333334,25,537,2095,131.33333333333334,5.253333333333334,0.1732,24.299909665763323,102.4585,108.0282,32.50596658711217,0,0.3351,2,4.3173,1.1421,0.2216,0.0484,4.1681,4.3116,-0.024982569296215187,-0.041333776173571354,80,83,0.8927147948332503,TRUE,0.249266445015083,-0.4928096154222037,0.24585000000000007,0.8028199999999999,-1.3037311847438637,-0.2205101100283354,-1.8680775167354498,0.817351598173516,0.9544419134396356,0.9544419134396356,0.8747390396659708,0.933184855233853,0.7816593886462883,0.933184855233853
676440,Tanner Bibee,CLE,2023,24,142,25,585,2326,142,5.68,0.1641,26.34457611668186,101.5447,97.9331,36.32846087704213,0,0.3683,3,2.9789,1.1761,0.241,0.0769,4.1859,4.2233,-0.061408036046018015,-0.05497794750134029,83,84,0.9011228586727594,TRUE,0.0506158743439081,0.03322118573876086,0.1544700000000006,-0.2066900000000004,0.42897072778048684,-0.2205101100283354,-0.655040168205937,0.8297872340425532,0.9587798845836768,0.9587798845836768,0.8857578065498858,0.9394184168012925,0.7959183673469388,0.9394184168012925
543135,Nathan Eovaldi,TEX,2023,33,144,25,577,2235,144,5.76,0.1473,26.429240862230554,100.1254,98.1101,37.13646532438479,0,0.5103,4,3.625,1.1389,0.2288,0.0815,4.1754,3.9611,-0.08307469494173236,-0.06241890013862788,85,85,0.8988176765678924,TRUE,-0.3161236407413382,0.05500286260398303,0.012539999999999907,-0.1889899999999997,0.795231798445016,-0.2205101100283354,0.5579971803235759,0.8278335724533716,0.9571734475374732,0.9571734475374732,0.8816568047337278,0.9371069182389937,0.7936726272352133,0.9371069182389937
571510,Matthew Boyd,DET,2023,32,71,15,303,1178,71,4.733333333333333,0.1584,30.76923076923077,92.7412,90.5796,35.908319185059426,0,0.3881,3,5.4507,1.3239,0.2409,0.0825,4.2489,4.3655,-0.10938676892386685,-0.06811146577412244,87,86,0.8285444422618602,TRUE,-0.07381360398858573,1.1715509268538917,-0.7258799999999994,-0.9420400000000001,0.238524318181536,-0.2205101100283354,-0.655040168205937,0.7163120567375887,0.9217527386541471,0.9217527386541471,0.79702300405954,0.8870481927710844,0.6688741721854304,0.8870481927710844
608379,Michael Wacha,SDP,2023,31,134.33333333333334,24,553,2225,134.33333333333334,5.597222222222222,0.1465,24.62406015037594,98.1403,99.3406,35.235955056179776,0,0.3446,5,3.2159,1.1613,0.2242,0.0778,4.4259,4.467,-0.09412915131644319,-0.07513754551864722,86,87,0.8967390665477418,TRUE,-0.3335874271739689,-0.40941550532620796,-0.18597000000000036,-0.06594000000000051,-0.06625222918745538,-0.2205101100283354,1.7710345288530887,0.8216939078751857,0.956989247311828,0.956989247311828,0.8811881188118812,0.9368421052631579,0.786628733997155,0.9368421052631579
624133,Ranger Suarez,PHI,2023,27,125,22,540,2024,125,5.681818181818182,0.1315,23.076923076923077,99.6922,105.8359,37.20355731225296,0,0.485,5,4.176,1.416,0.2204,0.0889,4.3781,4.0457,-0.13026594264503838,-0.10555448852559092,88,88,0.8913637564791819,TRUE,-0.6610334227857955,-0.8074470541339035,-0.03078000000000003,0.5835899999999995,0.8256439866333668,-0.2205101100283354,1.7710345288530887,0.8181818181818182,0.9529190207156308,0.9529190207156308,0.8709122203098106,0.9310027598896045,0.782608695652174,0.9310027598896045
657376,Clarke Schmidt,NYY,2023,27,159,32,694,2714,158.33333333333334,4.96875,0.1484,22.80564263322884,103.21,103.4377,34.74576271186441,0,0.4383,4,4.6415,1.3522,0.2147,0.0663,4.2938,4.3592,-0.1455159968911309,-0.13277910803074128,89,89,0.914213917763938,TRUE,-0.2921109343964705,-0.8772393026797115,0.3209999999999994,0.3437700000000007,-0.28845196268021484,-0.2205101100283354,0.5579971803235759,0.8525798525798526,0.9644633972992182,0.9644633972992182,0.900464499004645,0.9476256983240223,0.8222748815165877,0.9476256983240223
676664,JP Sears,OAK,2023,27,172.33333333333334,32,735,2869,172.33333333333334,5.385416666666667,0.1469,24.81203007518797,100.8989,99.136,34.7159288950854,0,0.2906,4,4.5435,1.265,0.219,0.0721,4.6158,5.1013,-0.15779589240428257,-0.139069778085114,90,90,0.9183938727199893,TRUE,-0.3248555339576532,-0.36105653210658134,0.08988999999999976,-0.08640000000000043,-0.3019753606162363,-0.2205101100283354,0.5579971803235759,0.8596491228070176,0.9663186257999327,0.9663186257999327,0.9053329125907226,0.9503146737330241,0.8305084745762712,0.9503146737330241
571760,Andrew Heaney,TEX,2023,32,147.33333333333334,28,641,2605,136.66666666666666,5.261904761904762,0.142,26.454183266932272,102.6484,98.5408,36.96737044145873,0,0.4005,3,4.1538,1.3778,0.2356,0.0936,4.4007,4.5832,-0.18462204642230323,-0.15612304336956997,92,91,0.9095112959686334,TRUE,-0.43182122585751703,0.061419788514921636,0.2648399999999995,-0.14591999999999955,0.7185826252033675,-0.2205101100283354,-0.655040168205937,0.8423127463863338,0.9630314232902033,0.9630314232902033,0.8967297762478486,0.9455535390199638,0.8103666245259166,0.9455535390199638
681217,Chase Silseth,LAA,2023,23,52.333333333333336,8,221,889,37,6.541666666666667,0.1357,27.877237851662404,94.124,91.8367,38.920134983127106,0,0.4891,4,3.9554,1.2803,0.2534,0.1176,4.292,3.9837,-0.26798049031656934,-0.1694656267516681,100,92,0.7857863805400777,TRUE,-0.5693485440144843,0.4275286680170478,-0.5876000000000005,-0.8163300000000007,1.6037530399695124,-0.2205101100283354,0.5579971803235759,0.6480938416422287,0.8988877654196158,0.8988877654196158,0.7476871320437343,0.8556304138594802,0.5956873315363881,0.8556304138594802
665152,Dean Kremer,BAL,2023,27,172.66666666666666,32,735,2933,172.66666666666666,5.395833333333333,0.1388,24.014336917562723,101.9946,100.8918,36.447323559495395,0,0.3934,4,4.1178,1.3089,0.2136,0.0748,4.4413,4.3366,-0.20230001933810365,-0.17812680158563157,93,93,0.9191593423770295,TRUE,-0.5016763715880397,-0.5662788413970398,0.19946000000000055,0.08918000000000034,0.4828501011930538,-0.2205101100283354,0.5579971803235759,0.8596491228070176,0.9670293438839432,0.9670293438839432,0.9072069285493349,0.951346091469348,0.8305084745762712,0.951346091469348
607625,Seth Lugo,SDP,2023,33,146.33333333333334,26,604,2378,146.33333333333334,5.628205128205129,0.1722,21.90909090909091,98.6435,103.6443,34.94533221194281,0,0.4518,3,3.5672,1.2027,0.2318,0.0596,3.9703,3.7568,-0.17428086188005776,-0.17837576380971482,91,94,0.9034157309849399,TRUE,0.22743671197429452,-1.107894929429323,-0.1356499999999997,0.36443000000000014,-0.19798892251862582,-0.2205101100283354,-0.655040168205937,0.8342541436464088,0.9596448748991122,0.9596448748991122,0.8879761015683346,0.9406645569620253,0.8010610079575596,0.9406645569620253
671096,Andrew Abbott,CIN,2023,24,109.33333333333333,21,459,1898,109.33333333333333,5.2063492063492065,0.1656,25.591882750845546,90.1026,93.0692,37.19704952581665,0,0.2862,4,3.8689,1.3171,0.2614,0.0959,4.3342,4.563,-0.2110066119640165,-0.19190174682130204,94,95,0.8804812148663964,TRUE,0.08336047390509081,-0.16042403892932586,-0.9897400000000005,-0.6930800000000005,0.8226940662020404,-0.2205101100283354,0.5579971803235759,0.7927461139896373,0.94994994994995,0.94994994994995,0.8635122838944495,0.9267578125,0.7536945812807881,0.9267578125
668909,Gavin Williams,CLE,2023,23,82,16,345,1387,82,5.125,0.1275,27.769347496206372,96.0335,99.5405,36.8421052631579,0,0.3812,3,3.2927,1.2561,0.2348,0.1072,4.6078,4.5336,-0.27499257636627955,-0.20445728447188735,102,96,0.847341470734479,TRUE,-0.7483523549489494,0.39977174458702724,-0.3966499999999996,-0.04595000000000056,0.6618010586261839,-0.2205101100283354,-0.655040168205937,0.7419354838709677,0.9327505043712172,0.9327505043712172,0.8221695317131001,0.9024072869225764,0.696969696969697,0.9024072869225764
571927,Steven Matz,STL,2023,32,105,17,449,1867,89,6.176470588235294,0.147,25.336322869955158,97.3223,100.8243,34.81521156936262,0,0.4459,3,3.8571,1.3333,0.2183,0.0713,4.1868,3.963,-0.23905647547124803,-0.20745752773800433,97,97,0.8785475229350519,TRUE,-0.32267256065357464,-0.22617186240878856,-0.2677700000000002,0.08242999999999938,-0.25697142691413466,-0.2205101100283354,-0.655040168205937,0.789103690685413,0.949161159125572,0.949161159125572,0.8615597600369174,0.92563212692117,0.7495826377295493,0.92563212692117
592791,Jameson Taillon,CHC,2023,31,154.33333333333334,29,655,2534,150.33333333333334,5.32183908045977,0.1511,22.025723472668812,99.3072,103.1926,34.056827150749804,0,0.379,4,4.8402,1.2765,0.2137,0.0626,4.3441,4.4882,-0.22215257115002496,-0.20775593677269324,95,98,0.9093235463703432,TRUE,-0.2331706551863415,-1.0778889004103702,-0.06928000000000054,0.3192599999999999,-0.6007401896355998,-0.2205101100283354,0.5579971803235759,0.8451612903225807,0.9620349278663629,0.9620349278663629,0.8941425546930134,0.944113263785395,0.8136645962732919,0.944113263785395
641793,Zack Littell,2 Tms,2023,27,90,14,379,1332,71.33333333333333,6.428571428571429,0.1636,20.985915492957748,94.1512,104.8845,30.93093093093093,0,0.4251,4,4.1,1.1778,0.1953,0.0317,4.0976,4.1463,-0.23385646082247388,-0.2283158329737241,96,99,0.8500068113087499,TRUE,0.03970100782351386,-1.3454000264305854,-0.5848799999999997,0.4884500000000003,-2.017680529533933,-0.2205101100283354,0.5579971803235759,0.7595190380761523,0.9301675977653632,0.9301675977653632,0.8161764705882353,0.8987854251012146,0.7164461247637051,0.8987854251012146
592826,Vince Velasquez,PIT,2023,31,37.333333333333336,8,162,653,37.333333333333336,4.666666666666667,0.142,27.21311475409836,93.0114,93.8974,36.60030627871363,0,0.3028,3,3.8571,1.3125,0.2284,0.0864,4.5134,4.5597,-0.34688112844357655,-0.23104194093963912,108,100,0.734242888276017,TRUE,-0.43182122585751703,0.25666989302018933,-0.6988600000000005,-0.6102599999999996,0.5521957770965935,-0.2205101100283354,-0.655040168205937,0.574468085106383,0.8671978751660027,0.8671978751660027,0.6852046169989506,0.813200498132005,0.5192307692307693,0.813200498132005
607074,Carlos Rodón,NYY,2023,30,64.33333333333333,14,286,1134,64.33333333333333,4.595238095238095,0.1259,26.28099173553719,107.3022,100.9757,35.09700176366843,0,0.2713,2,6.8549,1.4456,0.2238,0.0979,4.8673,5.3019,-0.31978984720456566,-0.23239099410783606,104,101,0.8222103378943825,TRUE,-0.7832799278142106,0.01686284869076452,0.7302199999999999,0.09757000000000034,-0.12923849350189484,-0.2205101100283354,-1.8680775167354498,0.7044334975369458,0.9189627228525121,0.9189627228525121,0.7907949790794979,0.883177570093458,0.6559633027522935,0.883177570093458
502043,Kyle Gibson,BAL,2023,35,192,33,807,3039,192,5.818181818181818,0.1264,25.433526011560694,92.9751,97.826,37.80848963474827,0,0.4889,5,4.7344,1.3177,0.1945,0.0682,4.3986,4.1314,-0.26822602647894667,-0.23350525553289087,101,102,0.9237393077472239,TRUE,-0.7723650612938164,-0.20116443568099499,-0.7024900000000003,-0.21740000000000065,1.0998543091698127,-0.2205101100283354,1.7710345288530887,0.8705501618122977,0.9681427206116597,0.9681427206116597,0.9101527403414196,0.9529633113828786,0.8432601880877743,0.9529633113828786
664299,Cristian Javier,HOU,2023,26,162,31,687,2886,162,5.225806451612903,0.1412,27.062228654124457,98.4453,100.5003,38.25363825363825,0,0.256,2,4.5556,1.2654,0.2314,0.0902,4.7614,5.1621,-0.2632342564935788,-0.23396812561403899,99,103,0.9160191744933044,TRUE,-0.44928501229014767,0.21785146568321745,-0.1554699999999997,0.050029999999999575,1.3016361314056741,-0.2205101100283354,-1.8680775167354498,0.8513011152416357,0.9665103817816477,0.9665103817816477,0.9058380414312618,0.950592885375494,0.8207885304659498,0.950592885375494
621112,Paul Blackburn,OAK,2023,29,103.66666666666667,20,464,1876,102.66666666666667,5.183333333333334,0.1315,23.80396732788798,89.8749,95.679,38.75266524520256,0,0.4135,6,4.4277,1.5434,0.2241,0.0927,4.4998,4.3342,-0.29004176517206826,-0.23849500088622475,103,104,0.8804376610059036,TRUE,-0.6610334227857955,-0.6204005705166205,-1.0125100000000002,-0.4320999999999998,1.5278405301833606,-0.2205101100283354,2.984071877382602,0.7945205479452054,0.9493927125506073,0.9493927125506073,0.8621323529411765,0.9259624876604146,0.755700325732899,0.9259624876604146
434378,Justin Verlander,2 Tms,2023,40,162.33333333333334,27,669,2605,162.33333333333334,6.012345679012346,0.148,22.48062015503876,104.7603,102.8887,34.4721689059501,0,0.3552,3,3.2156,1.1335,0.2152,0.0673,4.4268,4.5641,-0.26180227703606573,-0.24154291084696433,98,105,0.9112368947093069,TRUE,-0.30084282761278613,-0.9608577503345075,0.47603000000000006,0.28887,-0.4124695477453912,-0.2205101100283354,-0.655040168205937,0.8479087452471483,0.9630314232902033,0.9630314232902033,0.8967297762478486,0.9455535390199638,0.8168498168498168,0.9455535390199638
607067,Colin Rea,MIL,2023,32,124.66666666666667,22,517,2021,113.66666666666667,5.666666666666667,0.1393,24.016563146997928,99.4753,96.6711,34.33943592281049,0,0.4377,4,4.5481,1.1872,0.2128,0.0735,4.3686,4.3047,-0.32076970778662894,-0.27635141532178387,105,106,0.8892849221003608,TRUE,-0.49076150506764543,-0.5657060999345666,-0.05246999999999957,-0.33289000000000046,-0.47263620236851184,-0.2205101100283354,0.5579971803235759,0.8116169544740973,0.9528524280999529,0.9528524280999529,0.8707453683757002,0.930907415937356,0.775112443778111,0.930907415937356
656427,Jack Flaherty,2 Tms,2023,27,144.33333333333334,27,650,2635,140.4,5.34567901234568,0.1262,26.597582037996546,97.4624,99.2176,38.59582542694497,0,0.4265,3,4.9885,1.5797,0.2277,0.1015,4.5315,4.3605,-0.3273341843620256,-0.2815529413724089,107,107,0.9105135889437916,TRUE,-0.7767310079019742,0.09831195270852425,-0.25375999999999976,-0.07823999999999956,1.456746466348965,-0.2205101100283354,-0.655040168205937,0.8441558441558441,0.9634369287020109,0.9634369287020109,0.8977853492333902,0.9461400359066428,0.8125,0.9461400359066428
592351,Jon Gray,TEX,2023,31,157.33333333333334,29,656,2402,157.33333333333334,5.42528735632184,0.1341,26.398026315789473,96.176,99.1406,33.97169025811824,0,0.4004,3,4.1186,1.2903,0.2165,0.0823,4.4843,4.3641,-0.3239363714344078,-0.2841235788324089,106,108,0.907248118397313,TRUE,-0.6042761168797456,0.04697230443401762,-0.3823999999999998,-0.08593999999999938,-0.6393319691126071,-0.2205101100283354,-0.655040168205937,0.845360824742268,0.9600319744204636,0.9600319744204636,0.8889711324944486,0.9412225705329154,0.8138957816377171,0.9412225705329154
690986,Kyle Harrison,SFG,2023,21,34.666666666666664,7,147,588,34.666666666666664,4.952380952380952,0.1633,23.616236162361623,92.9424,94.6167,34.863945578231295,0,0.268,3,4.1538,1.1538,0.2381,0.0748,4.4454,5.0139,-0.38588856153039025,-0.3050216992354908,110,109,0.7157816736293159,TRUE,0.03315208791127744,-0.6686981181974898,-0.7057599999999994,-0.5383300000000005,-0.23488074371960618,-0.2205101100283354,-0.655040168205937,0.550561797752809,0.8546511627906976,0.8546511627906976,0.6621621621621622,0.7967479674796748,0.494949494949495,0.7967479674796748
669854,Ronel Blanco,HOU,2023,29,52,7,226,906,38,7.428571428571429,0.1062,33.04535637149028,90.2574,89.7367,37.858719646799116,0,0.3472,2,4.5,1.4808,0.2301,0.1239,4.8551,5.1161,-0.49392757633841133,-0.30745929181056875,118,110,0.7889412479263775,TRUE,-1.2133256687177434,1.7571291631288972,-0.9742599999999996,-1.0263300000000002,1.1226231170071208,-0.2205101100283354,-1.8680775167354498,0.653179190751445,0.9005964214711729,0.9005964214711729,0.7512437810945274,0.8579545454545454,0.601063829787234,0.8579545454545454
592767,Drew Smyly,CHC,2023,34,142.33333333333334,23,626,2406,113.66666666666667,6.18840579710145,0.1358,27.053571428571427,93.2859,94.731,36.907730673316706,0,0.3477,3,4.9953,1.4262,0.2252,0.0895,4.4774,4.7063,-0.3786381924732609,-0.33107794783825023,109,111,0.9053998607648651,TRUE,-0.5671655707104051,0.21562422353746516,-0.6714100000000002,-0.5269000000000006,0.6915484604710789,-0.2205101100283354,-0.655040168205937,0.839142091152815,0.960095770151636,0.960095770151636,0.8891352549889135,0.9413145539906104,0.8067010309278351,0.9413145539906104
663776,Patrick Sandoval,LAA,2023,26,144.66666666666666,28,652,2625,144.66666666666666,5.166666666666666,0.0828,27.704918032786885,102.261,99.4425,37.6,0,0.4659,4,4.106,1.5138,0.1963,0.1135,5.0009,4.6116,-0.4200025789294754,-0.3362239919778296,113,112,0.9104943514935078,TRUE,-1.7241414218721935,0.38319599344399946,0.22609999999999958,-0.05575000000000045,1.0053478530525306,-0.2205101100283354,0.5579971803235759,0.844559585492228,0.963302752293578,0.963302752293578,0.8974358974358975,0.9459459459459459,0.8129675810473815,0.9459459459459459
642216,Allan Winans,ATL,2023,27,32.333333333333336,6,141,535,32.333333333333336,5.388888888888889,0.1844,25.19685039370079,80.6702,81.5525,31.962616822429908,0,0.4536,4,5.2887,1.3918,0.2411,0.0567,3.8791,3.9718,-0.4586965079143755,-0.36039190747602945,115,113,0.7017953851578753,TRUE,0.4937594550719141,-0.2620539097671879,-1.9329800000000006,-1.8447500000000006,-1.5500266936514415,-0.2205101100283354,0.5579971803235759,0.5402298850574713,0.84251968503937,0.84251968503937,0.6407185628742516,0.781021897810219,0.4845360824742268,0.781021897810219
668868,Zack Thompson,STL,2023,25,66.33333333333333,9,287,1169,45.333333333333336,7.37037037037037,0.1638,23.874755381604697,90.2721,93.166,36.69803250641574,0,0.4402,3,4.4774,1.4171,0.2509,0.0871,3.9825,3.8257,-0.4171242995063842,-0.36568718885952445,112,114,0.8246628959998442,TRUE,0.044066954431671676,-0.602188946516774,-0.9727900000000005,-0.6834000000000003,0.596494187715368,-0.2205101100283354,-0.655040168205937,0.7051597051597052,0.9211977935382191,0.9211977935382191,0.7957794417971409,0.8862774829416225,0.6567505720823799,0.8862774829416225
657140,Kyle Wright,ATL,2023,27,31,7,155,576,25.666666666666668,4.428571428571429,0.1097,23.16176470588235,99.058,91.0881,36.458333333333336,1,0.602,3,6.9677,1.8387,0.2194,0.1097,4.2285,4.0538,-0.495876121779855,-0.37249953546829684,119,115,0.7171837432659477,TRUE,-1.1369216030749838,-0.7856198705200678,-0.09419999999999931,-0.8911900000000003,0.48784073158737945,4.504706533435995,-0.655040168205937,0.5636363636363636,0.8520710059171598,0.8520710059171598,0.6575342465753424,0.7933884297520661,0.5081967213114754,0.7933884297520661
573186,Marcus Stroman,CHC,2023,32,136.66666666666666,25,575,2208,133.66666666666666,5.466666666666666,0.1165,22.356495468277945,98.5479,101.5509,38.22463768115942,1,0.5711,2,3.9512,1.2585,0.207,0.0904,4.214,3.7855,-0.38745504525894237,-0.37270045456120343,111,116,0.8981346824479873,TRUE,-0.9884794183976223,-0.992791275918259,-0.14521000000000014,0.15508999999999987,1.2884904355361615,4.504706533435995,-1.8680775167354498,0.8273381294964028,0.9566724436741768,0.9566724436741768,0.8803827751196173,0.9363867684478372,0.7931034482758621,0.9363867684478372
656412,Alex Faedo,DET,2023,27,64.66666666666667,12,262,1035,58.666666666666664,5.388888888888889,0.145,23.529411764705884,93.4628,97.4414,34.8792270531401,0,0.3626,3,4.4536,1.0515,0.2214,0.0763,4.4211,4.5831,-0.46021011681329554,-0.38008191934873736,116,117,0.8096701560875033,TRUE,-0.3663320267351516,-0.6910354081934444,-0.6537199999999999,-0.25585999999999987,-0.22795379006255778,-0.2205101100283354,-0.655040168205937,0.6858638743455497,0.9118942731277533,0.9118942731277533,0.7752808988764045,0.8734177215189873,0.6359223300970874,0.8734177215189873
593958,Eduardo Rodriguez,DET,2023,30,152.66666666666666,26,621,2449,152.66666666666666,5.871794871794871,0.153,23.76068376068376,95.6554,94.5857,34.667211106574115,0,0.4101,3,3.3013,1.1528,0.2303,0.0773,4.262,4.0625,-0.4215754365299658,-0.38694115728601747,114,118,0.9057832006945086,TRUE,-0.19169416240884377,-0.6315361224905436,-0.43445999999999996,-0.5414299999999997,-0.3240586912702118,-0.2205101100283354,-0.655040168205937,0.8380566801619433,0.9607689289917615,0.9607689289917615,0.8908694070571117,0.9422854944209311,0.8054474708171206,0.9422854944209311
669160,Dustin May,LAD,2023,25,48,9,187,736,48,5.333333333333333,0.0963,15.804597701149426,117.2356,111.344,35.733695652173914,0,0.4519,4,2.625,0.9375,0.1818,0.0856,4.8695,4.5823,-0.5731188754441349,-0.4134754911842356,124,119,0.7566580675432214,TRUE,-1.4294400258215494,-2.6783962947804105,1.7235600000000004,1.1343999999999994,0.1593690581724937,-0.2205101100283354,0.5579971803235759,0.6091205211726385,0.8803827751196173,0.8803827751196173,0.7104247104247104,0.8306997742663657,0.5548961424332344,0.8306997742663657
608344,Cole Irvin,BAL,2023,29,77.33333333333333,12,336,1275,58,6.444444444444444,0.1399,20.839813374805598,93.5503,94.739,32.705882352941174,0,0.4142,5,4.4224,1.2802,0.2024,0.0625,4.324,4.4854,-0.500897332920439,-0.42413988812637066,120,120,0.8402490111763293,TRUE,-0.47766366524317255,-1.3829876800199343,-0.6449700000000007,-0.5260999999999996,-1.2131111854653212,-0.2205101100283354,1.7710345288530887,0.7368421052631579,0.9272727272727272,0.9272727272727272,0.8095238095238095,0.8947368421052632,0.691358024691358,0.8947368421052632
660761,José Suarez,LAA,2023,25,33.666666666666664,7,165,620,26,4.809523809523809,0.0485,28.523489932885905,96.9822,93.5708,37.74193548387097,0,0.3333,4,8.2871,1.9604,0.1697,0.1212,5.6519,6.164,-0.7932525102050242,-0.4314860948942513,147,121,0.7298973954743815,TRUE,-2.4729012651712377,0.5937897713306088,-0.3017799999999994,-0.6429199999999995,1.0696859176001166,-0.2205101100283354,0.5579971803235759,0.5789473684210527,0.8611111111111112,0.8611111111111112,0.6739130434782609,0.8051948051948052,0.5238095238095238,0.8051948051948052
647336,Michael Soroka,ATL,2023,25,32.333333333333336,6,145,537,29.333333333333332,5.388888888888889,0.1172,23.45679012345679,87.6868,95.4844,37.98882681564246,0,0.449,4,6.4021,1.4845,0.2,0.0828,4.5895,4.6843,-0.647426965039399,-0.4335910538210603,130,122,0.7042313329615533,TRUE,-0.9731986052690705,-0.7097187587764812,-1.2313199999999995,-0.4515600000000006,1.1815995138802011,-0.2205101100283354,0.5579971803235759,0.5471698113207547,0.8430141287284144,0.8430141287284144,0.6415770609318996,0.7816593886462883,0.4915254237288136,0.7816593886462883
605135,Chris Bassitt,TOR,2023,34,200,33,826,3152,200,6.0606060606060606,0.1538,21.885521885521886,97.9957,95.9618,34.263959390862944,0,0.4227,3,3.6,1.175,0.2252,0.0714,4.2475,4.2126,-0.4655800851993256,-0.4389171595114745,117,123,0.9257429709832438,TRUE,-0.1742303759762131,-1.1139585259367268,-0.20043000000000005,-0.40382000000000035,-0.5068490281667711,-0.2205101100283354,-0.655040168205937,0.87315010570824525,0.9692496924969249,0.9692496924969249,0.9130938586326767,0.9545729860690491,0.8463114754098361,0.9545729860690491
663362,Matt Waldron,SDP,2023,26,41.333333333333336,6,173,673,31.666666666666668,6.888888888888889,0.1098,18.944099378881987,94.1161,103.6631,35.36404160475483,0,0.4,5,4.3548,1.2339,0.1792,0.0694,4.734,4.786,-0.6240587515128068,-0.4557914240418171,128,124,0.742067195951085,TRUE,-1.1347386297709052,-1.8706975221801412,-0.5883899999999997,0.36631,-0.008191761113163555,-0.2205101100283354,1.7710345288530887,0.590443686006826,0.8706338939197931,0.8706338939197931,0.6916752312435765,0.8177399756986634,0.5356037151702786,0.8177399756986634
669456,Shane Bieber,CLE,2023,28,128,21,533,1957,128,6.095238095238095,0.137,24.333333333333332,91.1788,91.1236,34.644864588656105,0,0.4715,4,3.7969,1.2344,0.2008,0.0638,4.2911,3.9616,-0.5213547385110449,-0.4564857720031152,121,125,0.8891545902324628,TRUE,-0.5409698910614588,-0.48421071723923054,-0.8821200000000005,-0.8876400000000004,-0.3341881646972354,-0.2205101100283354,0.5579971803235759,0.8162327718223583,0.9513855128828391,0.9513855128828391,0.8670801949490474,0.9288087327954437,0.780380673499268,0.9288087327954437
605182,Mike Clevinger,CHW,2023,32,131.33333333333334,24,549,2105,131.33333333333334,5.472222222222222,0.1275,23.18137730358875,99.792,96.9837,34.441805225653205,0,0.3093,3,3.769,1.2259,0.2004,0.0729,4.8088,5.1541,-0.5412624608103681,-0.4759174040364586,122,126,0.8939363944876054,TRUE,-0.7483523549489494,-0.7805741426558923,-0.02079999999999984,-0.3016300000000001,-0.4262331279972455,-0.2205101100283354,-0.655040168205937,0.820627802690583,0.9546485260770975,0.9546485260770975,0.8752598752598753,0.9334811529933481,0.7854077253218884,0.9334811529933481
696136,Jordan Wicks,CHC,2023,23,34.666666666666664,7,147,583,34.666666666666664,4.952380952380952,0.0884,23.333333333333332,95.0334,101.6819,38.42195540308748,0,0.4679,3,4.4135,1.2692,0.1633,0.0748,4.8285,4.3008,-0.7538049340636885,-0.4845965966900062,142,127,0.7148082472274363,TRUE,-1.601894916843778,-0.7414804547676439,-0.49666,0.1681899999999999,1.3779327651324105,-0.2205101100283354,-0.655040168205937,0.550561797752809,0.8535871156661786,0.8535871156661786,0.6602491506228766,0.7953615279672579,0.494949494949495,0.7953615279672579
676130,José Buttó,NYM,2023,25,42,7,179,734,37,6,0.0838,28.82882882882883,87.3575,90.3873,41.416893732970024,0,0.4224,3,3.6429,1.3333,0.2123,0.1285,5.1076,4.8992000000000004,-0.7801017315889556,-0.49347050346319726,145,128,0.7533464414076327,TRUE,-1.702311688831405,0.6723442289470605,-1.2642499999999999,-0.9612700000000004,2.735511084019853,-0.2205101100283354,-0.655040168205937,0.5986622073578596,0.8800959232613909,0.8800959232613909,0.7098646034816247,0.830316742081448,0.5440729483282675,0.830316742081448
671106,Logan Allen,CLE,2023,24,125.33333333333333,24,537,2134,125.33333333333333,5.222222222222222,0.1322,23.968565815324165,92.3711,95.5173,36.12933458294283,0,0.427,3,3.8059,1.3963,0.2216,0.0894,4.4925,4.2835,-0.5703326856926172,-0.505661272408502,123,129,0.8935547225177561,TRUE,-0.6457526096572433,-0.5780543608563397,-0.7628900000000002,-0.4482699999999994,0.33870858886017813,-0.2205101100283354,-0.655040168205937,0.817351598173516,0.955237242614145,0.955237242614145,0.876746096959737,0.9343257443082311,0.7816593886462883,0.9343257443082311
665622,Luis Medina,OAK,2023,24,109.66666666666667,17,495,1950,82.33333333333333,6.450980392156863,0.099,24.526198439241917,103.3696,90.4577,39.17948717948718,0,0.4379,4,5.4164,1.5137,0.2141,0.1152,4.8036,4.7735,-0.6275148027912725,-0.5151398596563602,129,130,0.8855097796350532,TRUE,-1.3704997466114204,-0.4345923620637394,0.33696000000000054,-0.9542299999999997,1.7213150328897762,-0.2205101100283354,0.5579971803235759,0.8048780487804879,0.9512195121951219,0.9512195121951219,0.8666666666666667,0.9285714285714286,0.7674418604651163,0.9285714285714286
664353,José Urquidy,HOU,2023,28,63,10,275,1098,46.666666666666664,6.3,0.0727,25.044404973357015,98.0045,97.6447,36.0655737704918,0,0.3645,4,5.2857,1.4286,0.1636,0.0909,5.241,5.4479,-0.7277218635793611,-0.5197483946520917,137,131,0.8173342224188506,TRUE,-1.944621725584157,-0.30127350304643935,-0.1995500000000007,-0.23552999999999996,0.30980639220574463,-0.2205101100283354,0.5579971803235759,0.6962025316455697,0.9165275459098498,0.9165275459098498,0.7854077253218884,0.8798076923076923,0.6470588235294118,0.8798076923076923
622663,Luis Severino,NYY,2023,29,89.33333333333333,18,417,1638,87.33333333333333,4.962962962962963,0.1079,20.759193357058127,101.5771,100.7729,33.6996336996337,0,0.4223,4,6.6493,1.6455,0.1894,0.0815,4.7762,4.8319,-0.6198774305996332,-0.5203272006753054,127,132,0.8677610361672228,TRUE,-1.1762151225484032,-1.403728770825362,0.15771000000000016,0.0772900000000007,-0.7626527338925031,-0.2205101100283354,0.5579971803235759,0.776536312849162,0.9424626006904487,0.9424626006904487,0.8452012383900929,0.9161073825503355,0.7354497354497355,0.9161073825503355
668933,Graham Ashcraft,CIN,2023,25,145.66666666666666,26,624,2326,145.66666666666666,5.602564102564102,0.0946,22.321428571428573,111.4879,106.5722,35.253654342218404,0,0.4777,2,4.7574,1.373,0.1779,0.0833,4.7959,4.5742,-0.5986887207123256,-0.5208153700966774,126,133,0.9038665195895393,TRUE,-1.4665505719908896,-1.001812927266633,1.1487899999999995,0.6572199999999995,-0.05822930372482302,-0.2205101100283354,-1.8680775167354498,0.8387096774193549,0.9587798845836768,0.9587798845836768,0.8857578065498858,0.9394184168012925,0.8062015503875969,0.9394184168012925
596133,Luke Weaver,3 Tms,2023,29,123.66666666666667,25,563,2260,113.3,4.946666666666667,0.1226,21.649484536082475,85.8173,97.9517,36.902654867256636,0,0.3545,5,6.4043,1.5768,0.1936,0.071,4.6505,4.6987,-0.5848435008809779,-0.5208593236929288,125,134,0.8982158952371131,TRUE,-0.8553180468488129,-1.1746837928739062,-1.4182699999999997,-0.20482999999999976,0.6892476437266156,-0.2205101100283354,1.7710345288530887,0.8243045387994143,0.9576271186440678,0.9576271186440678,0.8828125,0.9377593360995851,0.7896213183730715,0.9377593360995851
674370,Osvaldo Bido,PIT,2023,27,50.666666666666664,9,236,942,34.666666666666664,5.62962962962963,0.1144,22.69503546099291,100.6299,92.9065,36.94267515923567,0,0.3544,3,5.8618,1.5,0.2034,0.089,4.6299,4.9374,-0.7155526698241882,-0.5399679665364564,134,135,0.7951586519922265,TRUE,-1.0343218577832782,-0.9056951808496093,0.06299000000000063,-0.7093500000000006,0.707388478268745,-0.2205101100283354,-0.655040168205937,0.6629213483146067,0.9040307101727447,0.9040307101727447,0.7584541062801933,0.8626373626373627,0.6113989637305699,0.8626373626373627
666214,Joey Wentz,DET,2023,25,105.66666666666667,19,492,1931,80.33333333333333,5.56140350877193,0.1037,25.460455037919825,95.7182,90.147,36.45779388917659,0,0.3728,4,6.8991,1.6845,0.1992,0.0955,4.8424,5.1285,-0.653515345547889,-0.5432843451659192,132,136,0.884738963090232,TRUE,-1.2679000013197146,-0.19423641213768567,-0.4281800000000004,-0.9852999999999994,0.487596206455046,-0.2205101100283354,0.5579971803235759,0.803921568627451,0.9507631708517972,0.9507631708517972,0.8655311519497983,0.9279192695819317,0.7663551401869159,0.9279192695819317
682227,Brandon Williamson,CIN,2023,25,117,23,491,1940,117,5.086956521739131,0.1202,22.123893805309734,99.2838,96.8271,36.34020618556701,0,0.3736,3,4.4615,1.2821,0.1996,0.0794,4.7161,4.7225,-0.6485705763522914,-0.5644311850886644,131,137,0.8848689767598233,TRUE,-0.9077094061467051,-1.052632644698763,-0.07162000000000006,-0.31728999999999985,0.43429476936188594,-0.2205101100283354,-0.655040168205937,0.8036006546644845,0.9509803921568627,0.9509803921568627,0.8660714285714286,0.9282296650717703,0.765990639625585,0.9282296650717703
527054,Julio Teheran,MIL,2023,32,71.66666666666667,11,288,1083,62.666666666666664,6.515151515151516,0.1285,20.576923076923077,94.2555,92.8306,33.88734995383195,0,0.4,4,4.3953,1.1302,0.1736,0.0451,4.5831,4.6707,-0.7199644940355633,-0.5892441585726697,136,138,0.8191608785519815,TRUE,-0.7265226219081609,-1.4506213979549367,-0.5744500000000002,-0.7169399999999996,-0.6775626623342342,-0.2205101100283354,0.5579971803235759,0.7058823529411765,0.915469146238377,0.915469146238377,0.7830802603036876,0.878345498783455,0.6575342465753424,0.878345498783455
594902,Ben Lively,CIN,2023,31,88.66666666666667,12,383,1384,65.66666666666667,7.388888888888889,0.141,20.70063694267516,87.7332,93.1645,36.054913294797686,0,0.3964,4,5.3797,1.3647,0.2063,0.0653,4.3308,4.4157,-0.6815964921289615,-0.5944957085033219,133,139,0.8530743168189596,TRUE,-0.4536509588983055,-1.4187935641842728,-1.2266800000000004,-0.6835499999999997,0.3049740954846542,-0.2205101100283354,0.5579971803235759,0.7614314115308151,0.9326145552560647,0.9326145552560647,0.8218527315914489,0.9022164276401564,0.7185741088180112,0.9022164276401564
456501,Johnny Cueto,MIA,2023,37,52.333333333333336,10,218,860,46.333333333333336,5.233333333333333,0.1101,19.290465631929045,92.1536,101.059,33.95348837209303,0,0.3312,4,6.0191,1.2611,0.1789,0.0688,4.9316,5.1975,-0.7857698091350058,-0.6125760214533347,146,140,0.781911141798601,TRUE,-1.1281897098586684,-1.7815879671700245,-0.7846400000000002,0.10589999999999974,-0.6475827185801778,-0.2205101100283354,0.5579971803235759,0.6449704142011834,0.8958333333333334,0.8958333333333334,0.7413793103448276,0.8514851485148515,0.592391304347826,0.8514851485148515
621076,James Kaprielian,OAK,2023,29,61,11,280,1093,58.333333333333336,5.545454545454546,0.0929,24.95274102079395,94.096,94.0584,34.94967978042086,0,0.3043,3,6.3443,1.5902,0.2036,0.1107,5.1828,5.6503,-0.8113719696717305,-0.6167984367449448,148,141,0.8181148716471859,TRUE,-1.5036611181602302,-0.32485586406315564,-0.5903999999999996,-0.5941599999999994,-0.19601820924991376,-0.2205101100283354,-0.655040168205937,0.7,0.9161777032690696,0.9161777032690696,0.7846374730796841,0.8793242156074015,0.6511627906976745,0.8793242156074015
542881,Tyler Anderson,LAA,2023,33,141,25,629,2431,132,5.64,0.0874,27.791563275434243,99.5594,88.5931,36.36363636363637,0,0.3095,3,5.4255,1.4894,0.1892,0.1017,5.2281,5.5167,-0.7314682812211243,-0.6203268038738712,138,142,0.9060182549878982,TRUE,-1.6237246498845666,0.4054871922779707,-0.04406000000000034,-1.1406899999999993,0.4449154560842983,-0.2205101100283354,-0.655040168205937,0.8397863818424566,0.9604899249308574,0.9604899249308574,0.8901501281581838,0.9418829910887253,0.8074454428754814,0.9418829910887253
543101,Anthony DeSclafani,SFG,2023,33,99.66666666666667,18,419,1553,95.33333333333333,5.537037037037037,0.1408,20.303867403314918,91.9676,95.2078,35.93045717965229,0,0.4148,3,4.8763,1.2542,0.1885,0.0477,4.3676,4.1506,-0.7184739519182979,-0.6373390595675122,135,143,0.8649562327311593,TRUE,-0.4580169055064627,-1.520870359434752,-0.8032399999999995,-0.4792199999999994,0.24855926988088978,-0.2205101100283354,-0.655040168205937,0.7773654916512059,0.9395039322444041,0.9395039322444041,0.8381003777657852,0.9119201409277745,0.7363796133567663,0.9119201409277745
641585,J.P. France,HOU,2023,28,136.33333333333334,23,581,2206,133,5.9275362318840585,0.0929,21.941354903943378,93.9465,100.4192,37.71532184950136,0,0.4279,4,3.8289,1.357,0.1738,0.0809,4.9562,4.8041,-0.7358583513508178,-0.6410229438821669,139,144,0.8985485993083083,TRUE,-1.5036611181602302,-1.0995943799420105,-0.6053499999999999,0.04192000000000036,1.0576221990766044,-0.2205101100283354,0.5579971803235759,0.8288159771754636,0.9566348655680833,0.9566348655680833,0.8802873104549083,0.9363327674023769,0.7948016415868673,0.9363327674023769
547943,Hyun Jin Ryu,TOR,2023,36,52,11,224,830,52,4.7272727272727275,0.1071,21.05263157894737,85.4838,91.8885,33.734939759036145,0,0.4556,5,3.4615,1.2885,0.1696,0.0625,4.6946,4.4076,-0.865385892457372,-0.6562973309211585,153,145,0.7804900476995611,FALSE,-1.193678908981034,-1.3282359964991122,-1.4516199999999997,-0.8111500000000007,-0.7466488181217266,-0.2205101100283354,1.7710345288530887,0.6511627906976745,0.8924731182795699,0.8924731182795699,0.7345132743362832,0.8469387755102041,0.5989304812834224,0.8469387755102041
663738,Daniel Lynch IV,KCR,2023,26,52.333333333333336,9,223,809,52.333333333333336,5.814814814814815,0.0807,24.619289340101524,86.7551,98.3242,37.08281829419036,0,0.3882,3,4.6433,1.2611,0.1525,0.0717,5.2413,5.3312,-0.9072908198162954,-0.6580248077750906,158,146,0.7778055944928569,FALSE,-1.7699838612578493,-0.41064289043330465,-1.3244900000000002,-0.16757999999999953,0.7709140873462671,-0.2205101100283354,-0.655040168205937,0.6501457725947521,0.88998899889989,0.88998899889989,0.7294860234445446,0.8435870698644421,0.5978552278820375,0.8435870698644421
547179,Michael Lorenzen,2 Tms,2023,31,153,25,624,2369,148.66666666666666,6.12,0.1026,21.727972626176218,94.8879,97.2854,34.27606585056986,0,0.4105,4,4.1765,1.2092,0.1779,0.0753,4.8651,4.6775,-0.7468513047216865,-0.6607548361890327,140,147,0.9046300350120278,TRUE,-1.291912707664582,-1.1544911825363826,-0.5112099999999998,-0.2714600000000004,-0.5013612800376686,-0.2205101100283354,0.5579971803235759,0.8387096774193549,0.9594977723774808,0.9594977723774808,0.8875983514424878,0.9404525605398968,0.8062015503875969,0.9404525605398968
680686,Josiah Gray,WSN,2023,25,159,30,698,2814,159,5.3,0.0903,26.20689655172414,90.9073,84.1023,38.73489694385217,0,0.3785,5,3.9057,1.4591,0.2049,0.1146,5.0776,5.1216,-0.7662869933963017,-0.6647177097744457,144,148,0.9157465818061447,TRUE,-1.56041842406628,-0.0021995998009383686,-0.9092699999999994,-1.5897700000000001,1.5197863207073046,-0.2205101100283354,1.7710345288530887,0.8533007334963325,0.9656829100892245,0.9656829100892245,0.9036608863198459,0.9493927125506073,0.8231132075471698,0.9493927125506073
670912,Johan Oviedo,PIT,2023,25,177.66666666666666,32,781,2991,177.66666666666666,5.552083333333333,0.096,25.974025974025974,93.4897,92.4275,38.24807756603143,0,0.4493,3,4.3058,1.3734,0.2023,0.1063,4.9177,4.8656,-0.7544189632694916,-0.6719625791448042,143,149,0.9220464151563427,TRUE,-1.4359889457337858,-0.062110152203435263,-0.6510300000000001,-0.7572500000000005,1.2991155222639739,-0.2205101100283354,-0.655040168205937,0.8668146503884573,0.9676480103526367,0.9676480103526367,0.9088422971741112,0.9522445081184336,0.8388829215896885,0.9522445081184336
500779,Jose Quintana,NYM,2023,34,75.66666666666667,13,319,1231,75.66666666666667,5.820512820512821,0.1129,21.645796064400717,87.4848,92.9895,37.77416734362307,0,0.4163,4,3.5683,1.3084,0.1881,0.0752,4.7132,4.4739,-0.8271944120399967,-0.6786090723447812,149,150,0.8347678354887904,FALSE,-1.0670664573444608,-1.1756327250153533,-1.2515199999999993,-0.7010499999999993,1.084296326615981,-0.2205101100283354,0.5579971803235759,0.7266514806378133,0.9248685199098422,0.9248685199098422,0.8040496407576747,0.8913830557566981,0.6801705756929638,0.8913830557566981
641540,Dane Dunning,TEX,2023,28,172.66666666666666,26,722,2698,147,6.6410256410256405,0.1177,22.318611987381704,91.3499,91.568,35.24833209785026,0,0.4632,4,3.7008,1.2625,0.1939,0.0762,4.517,4.3906,-0.7533314726178969,-0.6814685850904854,141,151,0.9155114883644183,TRUE,-0.9622837387486763,-1.0025375491050976,-0.8650099999999995,-0.8432000000000002,-0.06064182871404296,-0.2205101100283354,0.5579971803235759,0.8574821852731591,0.9642601858470335,0.9642601858470335,0.8999332888592395,0.9473314606741573,0.8279816513761468,0.9473314606741573
682990,Quinn Priester,PIT,2023,22,50,8,234,866,40,6.25,0.0385,23.316062176165804,92.7797,96.8513,39.14549653579677,0,0.5241,5,7.74,1.7,0.1538,0.1154,5.3107,5.1031,-1.0210819857642401,-0.7033048615917593,167,152,0.7872553058851216,FALSE,-2.691198595579122,-0.7459238008389457,-0.7220299999999995,-0.31487000000000054,1.705907383103229,-0.2205101100283354,1.7710345288530887,0.6610169491525424,0.8964803312629399,0.8964803312629399,0.7427101200686106,0.8523622047244095,0.609375,0.8523622047244095
672710,Roansy Contreras,PIT,2023,23,68.33333333333333,11,302,1145,54.333333333333336,6.212121212121212,0.0762,26.492537313432837,90.2683,89.2607,36.24454148471616,0,0.3774,3,6.5854,1.5659,0.1821,0.106,5.1728,5.1991,-0.9766913050169409,-0.7426343450179832,163,153,0.826266592094019,FALSE,-1.8682176599413973,0.0712871239912746,-0.9731700000000003,-1.07393,0.3909308301240901,-0.2205101100283354,-0.655040168205937,0.7156398104265402,0.9196787148594378,0.9196787148594378,0.7923875432525952,0.8841698841698842,0.668141592920354,0.8841698841698842
669194,Ryne Nelson,ARI,2023,25,144,27,619,2358,138.33333333333334,5.333333333333333,0.0808,20.30716723549488,98.2565,101.2406,35.453774385072094,0,0.3665,4,5.3125,1.4236,0.1551,0.0743,5.2449,5.3005,-0.8567439789235908,-0.75238682418642,152,154,0.9041012683777173,TRUE,-1.7678008879537705,-1.5200214124759253,-0.17434999999999973,0.12406000000000006,0.03248329247199109,-0.2205101100283354,0.5579971803235759,0.8376184032476319,0.9593165174938975,0.9593165174938975,0.8871331828442438,0.9401913875598086,0.8049414824447334,0.9401913875598086
425844,Zack Greinke,KCR,2023,39,142.33333333333334,27,593,2221,131,5.271604938271605,0.1248,17.341040462427745,87.4051,95.8737,35.65961278703287,0,0.4313,5,5.0585,1.2717,0.1636,0.0388,4.5685,4.4242,-0.8299407247909032,-0.7561490425229471,150,155,0.8997305371175163,TRUE,-0.8072926341590784,-2.2831160688589067,-1.2594899999999996,-0.41263000000000005,0.12578796886823154,-0.2205101100283354,1.7710345288530887,0.8316970546984572,0.9569151227919,0.9569151227919,0.8809996033320111,0.9367355546183045,0.7981157469717362,0.9367355546183045
700363,AJ Smith-Shawver,ATL,2023,20,25.333333333333332,5,105,454,23,5.066666666666666,0.0857,21.844660194174757,89.8265,83.2623,41.18942731277533,0,0.3699,3,4.2632,1.1053,0.1905,0.1048,5.2512,5.7077,-1.252889075527464,-0.7588547611293707,190,156,0.6604076880596249,FALSE,-1.660835196053907,-1.1244710025445697,-1.0173500000000004,-1.6737700000000004,2.632402623571731,-0.2205101100283354,-0.655040168205937,0.4666666666666667,0.8194945848375451,0.8194945848375451,0.6021220159151194,0.7516556291390728,0.4117647058823529,0.7516556291390728
672851,Joan Adon,WSN,2023,24,51.666666666666664,10,240,924,46.666666666666664,5.166666666666666,0.1,21.818181818181817,87.2861,82.7802,37.44588744588744,0,0.3742,5,6.4452,1.6258,0.2,0.1,4.887,4.9167,-1.0084829721381474,-0.7605022018406772,166,157,0.7946158762710069,FALSE,-1.3486700135706318,-1.1312830873864521,-1.2713899999999996,-1.7219800000000007,0.9354900332623708,-0.2205101100283354,1.7710345288530887,0.6666666666666666,0.90234375,0.90234375,0.7549019607843137,0.8603351955307262,0.6153846153846154,0.8603351955307262
605288,Adrian Houser,MIL,2023,30,111.33333333333333,21,481,1859,106.33333333333333,5.301587301587301,0.1289,18.73508353221957,89.8178,98.5259,36.14846691769769,0,0.4669,3,4.1228,1.3922,0.1996,0.0707,4.4482,4.3002,-0.8475155099660722,-0.763335385226502,151,158,0.8817486747287467,FALSE,-0.7177907286918458,-1.9244709741902606,-1.0182199999999995,-0.1474100000000007,0.34738110227847946,-0.2205101100283354,-0.655040168205937,0.800332778702163,0.9489535477284329,0.9489535477284329,0.8610467809170912,0.925335988053758,0.7622820919175911,0.925335988053758
663372,Ryan Feltner,COL,2023,26,43.333333333333336,10,201,784,43.333333333333336,4.333333333333334,0.0498,21.511627906976745,94.669,98.1966,36.86224489795919,0,0.4361,4,5.8154,1.6846,0.1891,0.1393,5.5416,5.2951,-1.10465818416149,-0.7648542840406801,177,159,0.7678030774372299,FALSE,-2.4445226122182127,-1.2101501316604892,-0.5331000000000004,-0.18033999999999964,0.6709301719984828,-0.2205101100283354,0.5579971803235759,0.6261682242990654,0.8868778280542986,0.8868778280542986,0.7232472324723247,0.8394004282655246,0.5726495726495726,0.8394004282655246
663559,Bailey Falter,2 Tms,2023,26,80.66666666666667,14,347,1297,63,5.761904761904762,0.1153,18.29268292682927,93.7687,100.4285,33.15343099460293,0,0.4015,3,5.3554,1.4132,0.1729,0.0576,4.6576,4.5608,-0.902235268842131,-0.7721255187434123,157,160,0.8432697390553731,FALSE,-1.0146750980465686,-2.0382872618214343,-0.6231300000000004,0.042849999999999965,-1.010241454724872,-0.2205101100283354,-0.655040168205937,0.7430406852248393,0.9284180386542591,0.9284180386542591,0.8121477770820288,0.8963372494816862,0.6981891348088531,0.8963372494816862
605513,Spencer Turnbull,DET,2023,30,31,7,145,556,31,4.428571428571429,0.0621,21.91235059760956,91.3831,88.1543,36.8705035971223,0,0.4851,4,7.2581,1.6774,0.1655,0.1034,5.2374,5.2086,-1.2269637807774025,-0.7804217446314438,188,161,0.7083458168684571,FALSE,-2.1760168958165145,-1.1070563102197055,-0.8616900000000001,-1.1845699999999995,0.6746737652518697,-0.2205101100283354,0.5579971803235759,0.5471698113207547,0.8475609756097561,0.8475609756097561,0.6495327102803738,0.7875354107648725,0.4915254237288136,0.7875354107648725
686610,Ken Waldichuk,OAK,2023,25,141,22,639,2554,103,6.409090909090909,0.0955,25.061830173124484,91.1446,89.6697,38.21456538762725,0,0.3981,3,5.3617,1.5603,0.2066,0.1111,4.8952,5.0782,-0.8876185999708384,-0.7812835016223749,156,162,0.9086232631063893,FALSE,-1.44690381225418,-0.2967905264758823,-0.8855400000000003,-1.0330299999999994,1.2839247564421021,-0.2205101100283354,-0.655040168205937,0.841897233201581,0.9623210248681235,0.9623210248681235,0.8948843728100911,0.9445266272189349,0.8098859315589354,0.9445266272189349
543294,Kyle Hendricks,CHC,2023,33,137,24,578,2112,137,5.708333333333333,0.1142,21.13821138211382,89.1118,96.6361,34.327651515151516,0,0.4633,3,3.7445,1.2044,0.1609,0.0467,4.6314,4.4227,-0.877158692919396,-0.7860881139906157,154,163,0.8963737508334264,FALSE,-1.038687804391436,-1.3062189030007463,-1.0888199999999997,-0.3363900000000001,-0.4779779672319569,-0.2205101100283354,-0.655040168205937,0.828080229226361,0.9547920433996383,0.9547920433996383,0.8756218905472637,0.9336870026525199,0.7939560439560439,0.9336870026525199
693821,Bryce Elder,ATL,2023,24,174.66666666666666,31,732,2851,174.66666666666666,5.634408602150537,0.0888,23.596358118361152,87.8118,93.6225,37.25008768853034,0,0.4991,4,3.813,1.2767,0.1749,0.0861,4.8106,4.495,-0.8803515588834486,-0.7865966688509374,155,164,0.9180198168599479,FALSE,-1.5931630236274625,-0.6738121373600692,-1.2188199999999996,-0.6377499999999998,0.8467357832067957,-0.2205101100283354,0.5579971803235759,0.8591549295774648,0.9661131819722129,0.9661131819722129,0.9047921294827039,0.9500166611129623,0.8299319727891157,0.9500166611129623
685410,Peyton Battenfield,CLE,2023,25,34.666666666666664,6,146,551,32.666666666666664,5.777777777777778,0.1027,24.727272727272727,84.955,76.5095,35.208711433756804,0,0.4299,3,5.1923,1.3269,0.1849,0.0822,4.8497,4.8343,-1.1962251769060246,-0.7894657192920974,182,165,0.7077727521559567,FALSE,-1.2897297343605032,-0.3828620327583403,-1.5045000000000002,-2.3490499999999996,-0.07860151556853198,-0.2205101100283354,-0.655040168205937,0.5488721804511278,0.8463901689708141,0.8463901689708141,0.6474735605170387,0.7860199714693296,0.49324324324324326,0.7860199714693296
657053,Touki Toussaint,2 Tms,2023,27,87,16,384,1595,73.4,5.4375,0.0729,25.15625,91.1328,86.2004,41.37931034482759,0,0.4978,4,4.9655,1.4483,0.2214,0.1484,5.1748,4.8762,-0.99081735779716,-0.7919970284429393,164,166,0.8618258098264578,FALSE,-1.940255778975999,-0.2724991623981401,-0.8867199999999997,-1.3799599999999999,2.7184748758337216,-0.2205101100283354,0.5579971803235759,0.7619047619047619,0.9410029498525073,0.9410029498525073,0.841688654353562,0.9140401146131805,0.7191011235955056,0.9140401146131805
446372,Corey Kluber,BOS,2023,37,55,9,257,990,41.666666666666664,6.111111111111111,0.0817,20.867768595041323,95.8775,89.1752,34.94949494949495,0,0.3016,4,7.0364,1.6364,0.1634,0.0817,5.2848,5.7969,-1.0827695460667957,-0.8231707553266352,174,167,0.8048492816254129,FALSE,-1.748154128217061,-1.3757956478473403,-0.4122500000000002,-1.0824799999999997,-0.19610199142838872,-0.2205101100283354,0.5579971803235759,0.6816976127320955,0.908256880733945,0.908256880733945,0.7674418604651163,0.868421052631579,0.6314496314496314,0.868421052631579
502624,Chase Anderson,2 Tms,2023,35,86.33333333333333,17,372,1449,81.33333333333333,5.078431372549019,0.0833,21.55688622754491,88.3591,94.0242,39.47550034506556,0,0.3623,4,5.4208,1.4247,0.172,0.0887,5.1702,5.3456,-1.0029978971069027,-0.8249298603440937,165,168,0.8543545476146885,FALSE,-1.7132265553517994,-1.1985065354069404,-1.1640900000000003,-0.5975800000000007,1.855495109883284,-0.2205101100283354,0.5579971803235759,0.7560975609756098,0.9354422207876049,0.9354422207876049,0.8284734133790738,0.9061913696060038,0.7126436781609196,0.9061913696060038
656232,Brandon Bielak,HOU,2023,27,80,13,353,1388,70.66666666666667,6.153846153846154,0.0737,23.71794871794872,84.7999,85.7898,40.99423631123919,0,0.502,5,3.825,1.525,0.1756,0.102,5.0187,4.8959,-1.0443267986165037,-0.8294846749226634,170,169,0.848699605377256,FALSE,-1.9227919925433683,-0.6425305557182536,-1.5200100000000005,-1.42102,2.5439243169957897,-0.2205101100283354,1.7710345288530887,0.7463002114164905,0.9327956989247311,0.9327956989247311,0.8222748815165877,0.9024707412223667,0.7017892644135189,0.9024707412223667
543475,Jordan Lyles,KCR,2023,32,177.66666666666666,31,748,2821,177.66666666666666,5.731182795698924,0.1003,20.058997050147493,86.1944,93.0822,36.901807869549806,0,0.3351,5,6.2814,1.2439,0.1604,0.0602,5.1472,5.3431,-0.9185399599364353,-0.834169436896271,159,170,0.9184492068844479,FALSE,-1.3421210936583954,-1.5838680909226253,-1.3805599999999998,-0.69178,0.688863707365901,-0.2205101100283354,1.7710345288530887,0.8617511520737328,0.9657651489216021,0.9657651489216021,0.9038769625120153,0.9495119488387749,0.8329621380846325,0.9495119488387749
668676,Zach Plesac,CLE,2023,28,21.333333333333332,5,105,374,21.333333333333332,4.266666666666667,0.0857,19.402985074626866,87.9358,88.554,31.28342245989305,0,0.5119,3,7.5938,1.9688,0.1333,0.0476,4.7464,4.5057,-1.3594669675779603,-0.8358123807953519,197,171,0.6341239289632494,FALSE,-1.660835196053907,-1.752640119680313,-1.20642,-1.1445999999999998,-1.857899323845726,-0.2205101100283354,-0.655040168205937,0.4666666666666667,0.7890295358649789,0.7890295358649789,0.5548961424332344,0.7137404580152672,0.4117647058823529,0.7137404580152672
666159,Matt Manning,DET,2023,25,78,15,316,1183,78,5.2,0.0918,18.806509945750452,98.0768,98.2666,34.319526627218934,0,0.3866,3,3.5769,1.0385,0.1582,0.0665,5.133,5.3258,-1.0268511410251195,-0.8391480555327858,168,172,0.831378381531786,FALSE,-1.5276738245050971,-1.9060951195285742,-0.19231999999999944,-0.17334000000000033,-0.48166090507097914,-0.2205101100283354,-0.655040168205937,0.7247706422018348,0.9220576773187841,0.9220576773187841,0.7977073499662846,0.8874718679669917,0.6781115879828327,0.8874718679669917
592836,Taijuan Walker,PHI,2023,30,172.66666666666666,31,733,2839,172.66666666666666,5.569892473118279,0.0914,20.543565147881694,92.2631,94.5918,39.34483973230011,0,0.4462,4,4.3784,1.3089,0.1883,0.0969,4.9666,4.8293,-0.9445500216266944,-0.8519347094219423,161,173,0.9179220586737825,FALSE,-1.5364057177214128,-1.459203383603905,-0.7736900000000005,-0.5408199999999994,1.7962678419114977,-0.2205101100283354,0.5579971803235759,0.8593200468933178,0.9659748213678122,0.9659748213678122,0.9044281618349793,0.9498159919705588,0.8301245753114382,0.9498159919705588
663903,Brady Singer,KCR,2023,26,159.66666666666666,29,702,2615,159.66666666666666,5.505747126436781,0.1197,22.689075630252102,88.8874,91.7579,36.137667304015295,0,0.4951,2,5.524,1.4468,0.1895,0.0698,4.4581,4.2754,-0.9427339241654503,-0.8603589426790964,160,174,0.9132683410932161,FALSE,-0.9186242726670993,-0.9072284649400104,-1.1112600000000001,-0.8242099999999993,0.3424857355721628,-0.2205101100283354,-1.8680775167354498,0.8540145985401459,0.9631675874769797,0.9631675874769797,0.8970840480274442,0.945750452079566,0.823943661971831,0.945750452079566
471911,Carlos Carrasco,NYM,2023,36,90,20,417,1592,90,4.5,0.0671,24.731182795698924,89.0492,87.815,38.19095477386934,0,0.4495,4,6.8,1.7,0.1583,0.0911,5.1567,4.9268,-1.0657254226985853,-0.8677060437365951,173,175,0.8661435038405568,FALSE,-2.066868230612572,-0.38185609048061436,-1.09508,-1.2185000000000001,1.2732222798623518,-0.2205101100283354,0.5579971803235759,0.776536312849162,0.9408983451536643,0.9408983451536643,0.8414376321353065,0.9138920780711826,0.7354497354497355,0.9138920780711826
664062,Tony Gonsolin,LAD,2023,29,103,20,435,1666,103,5.15,0.0966,21.532846715328468,88.7267,87.8638,36.014405762304925,0,0.3597,4,4.9806,1.2233,0.1885,0.092,5.0479,5.2469,-1.043221398252749,-0.8864141423502653,169,176,0.8709044152382208,FALSE,-1.4228911059093126,-1.204691174405176,-1.1273300000000006,-1.2136200000000001,0.2866123992470033,-0.2205101100283354,0.5579971803235759,0.7837837837837838,0.9433748584371461,0.9433748584371461,0.8474059003051883,0.9174008810572687,0.7435897435897436,0.9174008810572687
641778,Eric Lauer,MIL,2023,28,46.666666666666664,9,211,847,41.333333333333336,5.185185185185185,0.09,21.96969696969697,91.9728,83.5848,38.252656434474616,0,0.25,3,6.5571,1.6714,0.2038,0.1137,5.3086,5.5768,-1.2007471907957195,-0.8876539652755637,185,177,0.7783288494114071,FALSE,-1.5669673439785166,-1.0923028241245711,-0.8027199999999993,-1.6415199999999999,1.3011910817042098,-0.2205101100283354,-0.655040168205937,0.6374622356495468,0.8944033790918691,0.8944033790918691,0.7384481255448997,0.8495486459378134,0.5844875346260388,0.8495486459378134
571945,Miles Mikolas,STL,2023,34,201.33333333333334,35,860,3198,201.33333333333334,5.752380952380952,0.114,16.666666666666668,92.7366,98.0537,32.58286429018136,0,0.3884,4,4.7831,1.3162,0.1593,0.0453,4.8059,4.7624,-0.9581701851499093,-0.8946238736818496,162,178,0.9275749038598521,FALSE,-1.0430537509995934,-2.4566120382903986,-0.7263400000000004,-0.19462999999999936,-1.2688741549955835,-0.2205101100283354,0.5579971803235759,0.8775510204081632,0.9696785930867192,0.9696785930867192,0.9142367066895368,0.9551971326164874,0.8514851485148515,0.9551971326164874
677960,Ryan Weathers,2 Tms,2023,23,57.666666666666664,12,257,1073,51.3,4.805555555555555,0.0545,23.56687898089172,91.4306,92.1259,39.70177073625349,0,0.3757,3,6.5549,1.6821,0.1673,0.1128,5.5107,5.5607,-1.2009330113994625,-0.8956427053300938,186,179,0.811263739728914,FALSE,-2.341922866926507,-0.6813962273193944,-0.8569400000000001,-0.7874099999999998,1.9580614212553658,-0.2205101100283354,-0.655040168205937,0.6816976127320955,0.9147485080988917,0.9147485080988917,0.7815003641660597,0.8773507767784138,0.6314496314496314,0.8773507767784138
489119,Wade Miley,MIL,2023,36,120.33333333333333,23,490,1876,120.33333333333333,5.231884057971015,0.0837,19.075829383886255,93.9479,100.8543,36.940298507462686,0,0.4628,3,3.1413,1.1385,0.1612,0.0776,5.0439,4.8465,-1.053474936503109,-0.9169447965555831,171,180,0.8831066345554015,FALSE,-1.704494662135484,-1.8368073783680765,-0.6052099999999996,0.08542999999999949,0.7063111636254498,-0.2205101100283354,-0.655040168205937,0.8032786885245902,0.9493927125506073,0.9493927125506073,0.8621323529411765,0.9259624876604146,0.765625,0.9259624876604146
656731,Tylor Megill,NYM,2023,27,126.33333333333333,25,567,2237,126.33333333333333,5.053333333333333,0.0829,23.406374501992033,88.5693,90.985,39.785426911041576,0,0.4391,3,4.7018,1.5752,0.1852,0.1023,5.0657,4.9186,-1.062302790043198,-0.9269541346380964,172,181,0.8980874306470856,FALSE,-1.7219584485681145,-0.7226891724780513,-1.1430700000000003,-0.9015000000000001,1.9959820047946644,-0.2205101100283354,-0.655040168205937,0.8253275109170306,0.9572100984167736,0.9572100984167736,0.8817500985415846,0.9371596145789695,0.7907949790794979,0.9371596145789695
656629,Michael Kopech,CHW,2023,27,129.33333333333334,27,591,2432,126.66666666666667,4.790123456790123,0.0728,26.85546875,97.7054,82.963,41.858552631578945,0,0.3551,2,5.4278,1.5928,0.2267,0.154,5.4148,5.6837,-1.0870016305676837,-0.9347961391517748,175,182,0.9034009819030384,FALSE,-1.942438752280078,0.1646583994177185,-0.22946000000000027,-1.7037000000000007,2.9357110477762665,-0.2205101100283354,-1.8680775167354498,0.8312236286919831,0.9605055292259084,0.9605055292259084,0.890190336749634,0.9419054996127033,0.7975708502024291,0.9419054996127033
669461,Matthew Liberatore,STL,2023,23,61.666666666666664,11,275,1059,49,5.6060606060606055,0.0764,18.736842105263158,94.9693,90.5694,38.904627006610006,0,0.4343,4,5.2541,1.4757,0.1673,0.0909,5.0511,5.019,-1.1971102960652045,-0.9363146916924974,183,183,0.8145441845080611,FALSE,-1.8638517133332397,-1.924018546564912,-0.5030699999999996,-0.9430599999999998,1.5967234151924787,-0.2205101100283354,0.5579971803235759,0.6962025316455697,0.913718723037101,0.913718723037101,0.7792494481236203,0.8759305210918115,0.6470588235294118,0.8759305210918115
605200,Zach Davies,ARI,2023,30,82.33333333333333,18,377,1501,82.33333333333333,4.5740740740740735,0.0875,22.019867549668874,79.8203,88.8435,41.372418387741504,0,0.4427,4,6.996,1.664,0.191,0.1034,4.9954,4.7872,-1.136406609911309,-0.9478462881975139,179,184,0.8572453174021634,FALSE,-1.6215416765804878,-1.079395452183551,-2.0179699999999996,-1.1156499999999994,2.715350814339228,-0.2205101100283354,0.5579971803235759,0.7585513078470825,0.9375390381011868,0.9375390381011868,0.8334258745141588,0.9091459721380981,0.715370018975332,0.9091459721380981
592789,Noah Syndergaard,2 Tms,2023,30,88.66666666666667,18,391,1409,88.66666666666667,4.9259259259259265,0.0946,17.91907514450867,85.4722,91.3739,34.13768630234209,0,0.3717,5,6.4962,1.3872,0.1432,0.0486,5.0673,5.2107,-1.1310128666509078,-0.9588347425382426,178,185,0.8553416589634214,FALSE,-1.4665505719908896,-2.134405237917627,-1.45278,-0.8626099999999994,-0.5640874712840921,-0.2205101100283354,1.7710345288530887,0.7651663405088063,0.9337309476474487,0.9337309476474487,0.8244587478057344,0.9037844772289929,0.722735674676525,0.9037844772289929
594835,Marco Gonzales,SEA,2023,31,50,10,215,811,50,5,0.0744,20.050761421319798,87.3086,94.0587,33.66214549938348,0,0.4062,3,5.22,1.46,0.1581,0.0837,5.1945,4.8268,-1.2930267429649116,-0.9714053629863382,193,186,0.7755844788430554,FALSE,-1.9075111794148167,-1.5859868689895076,-1.2691400000000002,-0.5941299999999998,-0.7796457942724174,-0.2205101100283354,-0.655040168205937,0.6417910447761194,0.8902305159165752,0.8902305159165752,0.72997299729973,0.8439125910509886,0.589041095890411,0.8439125910509886
663562,Noah Davis,COL,2023,26,30,6,146,602,25,5,0.0753,19.78798586572438,91.2828,81.8322,37.70764119601329,0,0.46,3,8.7,1.9333,0.1781,0.1027,5.0769,5.3506,-1.4676571190759673,-0.9950263631913506,203,187,0.7179549619354372,FALSE,-1.8878644196781067,-1.6535910672064238,-0.8717200000000005,-1.81678,1.0541406286728843,-0.2205101100283354,-0.655040168205937,0.5488721804511278,0.8575498575498576,0.8575498575498576,0.6674057649667405,0.800531914893617,0.49324324324324326,0.800531914893617
448179,Rich Hill,2 Tms,2023,43,146.33333333333334,27,660,2536,135.66666666666666,5.419753086419753,0.1076,19.337979094076655,95.0782,88.6352,35.25236593059937,0,0.3799,3,5.4123,1.5239,0.1955,0.0879,4.7983,4.7679,-1.1008535887413036,-0.9966396738694349,176,188,0.9096604412059649,FALSE,-1.1827640424606396,-1.7693641912342428,-0.49218000000000045,-1.1364800000000002,-0.05881332899918486,-0.2205101100283354,-0.655040168205937,0.8461538461538461,0.9620637329286799,0.9620637329286799,0.8942172073342737,0.9441548771407298,0.8148148148148148,0.9441548771407298
570632,José Ureña,2 Tms,2023,31,44.666666666666664,10,203,771,44.666666666666664,4.466666666666667,0.0345,21.763085399449036,89.7119,88.5959,38.00259403372244,0,0.4733,4,6.4478,1.6119,0.1429,0.1084,5.6309,5.4631,-1.4358877014289089,-1.001228475705938,199,189,0.7668696749545323,FALSE,-2.778517527742276,-1.1454577285725902,-1.02881,-1.14041,1.187840068682378,-0.2205101100283354,0.5579971803235759,0.628482972136223,0.8851894374282434,0.8851894374282434,0.7198879551820728,0.8371335504885994,0.5750708215297451,0.8371335504885994
663623,Jake Irvin,WSN,2023,26,121,24,530,2149,121,5.041666666666667,0.0849,17.91044776119403,97.0284,96.8764,37.785016286644954,0,0.4278,3,4.6116,1.4215,0.1868,0.1019,5.0917,5.1372,-1.1439403382833693,-1.0085601416174088,180,190,0.8932682100337376,FALSE,-1.6782989824865377,-2.136624802558542,-0.29715999999999954,-0.31235999999999964,1.0892140538634507,-0.2205101100283354,-0.655040168205937,0.8153846153846154,0.9555357936860827,0.9555357936860827,0.8775010208248265,0.9347542409743367,0.7794117647058824,0.9347542409743367
664192,Joey Lucchesi,NYM,2023,30,46.666666666666664,9,195,700,46.666666666666664,5.185185185185185,0.0769,17.37704918032787,94.7928,89.654,38.714285714285715,0,0.4532,3,2.8929,1.3071,0.1641,0.0872,5.1519,5.0182,-1.3893955613535474,-1.0203863456017264,198,191,0.7544748334116254,FALSE,-1.8529368468128455,-2.273852115456007,-0.5207200000000001,-1.0346000000000004,1.5104434377150766,-0.2205101100283354,-0.655040168205937,0.6190476190476191,0.875,0.875,0.7,0.8235294117647058,0.5652173913043478,0.8235294117647058
572971,Dallas Keuchel,MIN,2023,35,37.666666666666664,6,172,658,25.333333333333332,6.277777777777778,0.0407,20.357142857142858,86.9016,87.3695,38.753799392097264,0,0.5276,4,5.9735,1.6726,0.1453,0.1047,5.104,4.8374,-1.5196243488605468,-1.0339174256450205,205,192,0.7392729734688047,FALSE,-2.6431731828893876,-1.5071641974117307,-1.30984,-1.2630499999999998,1.5283546286605563,-0.2205101100283354,0.5579971803235759,0.589041095890411,0.8680738786279684,0.8680738786279684,0.6868475991649269,0.8143564356435643,0.5341614906832298,0.8143564356435643
674072,Tommy Henry,ARI,2023,25,89,16,381,1391,87.66666666666667,5.5625,0.0761,22.271386430678465,83.6416,85.0505,36.80805176132279,0,0.3623,4,4.1461,1.3596,0.168,0.0919,5.2912,5.3978,-1.2579159198752248,-1.0355211037282974,191,193,0.8531094867447536,FALSE,-1.8704006332454761,-1.014687255682773,-1.6358400000000004,-1.49495,0.6463649158140703,-0.2205101100283354,0.5579971803235759,0.7604790419161677,0.9329309188464118,0.9329309188464118,0.8225901833234772,0.9026606099935107,0.7175141242937854,0.9026606099935107
657756,Connor Seabold,COL,2023,27,87.33333333333333,13,408,1563,59,6.717948717948717,0.0956,21.501272264631044,85.2414,87.0163,34.22904670505438,0,0.3344,3,7.5229,1.6489,0.1642,0.0686,5.0321,5.5923,-1.220471208759425,-1.0387521808744913,187,194,0.8639262202887189,FALSE,-1.4447208389501012,-1.2128143250487058,-1.4758600000000002,-1.2983699999999998,-0.5226746312634781,-0.2205101100283354,-0.655040168205937,0.7727272727272727,0.9398677089597114,0.9398677089597114,0.8389694041867954,0.9124343257443083,0.7311827956989247,0.9124343257443083
680723,Drew Rom,STL,2023,23,33.666666666666664,8,170,672,33.666666666666664,4.208333333333333,0.0765,18.43003412969283,90.7884,85.4894,37.79761904761905,0,0.395,3,8.0198,2.0792,0.1882,0.1118,5.2504,5.6008,-1.4671603039078471,-1.0479932863446295,202,195,0.7406834371543561,FALSE,-1.8616687400291607,-2.0029509539115136,-0.9211600000000004,-1.4510599999999996,1.094926770845248,-0.2205101100283354,-0.655040168205937,0.5862068965517241,0.8704663212435233,0.8704663212435233,0.691358024691358,0.8175182481751825,0.53125,0.8175182481751825
592866,Trevor Williams,WSN,2023,31,144.33333333333334,30,659,2625,144.33333333333334,4.811111111111112,0.088,18.962722852512155,84.1867,92.1548,38.51428571428571,0,0.3951,4,5.5497,1.6005,0.1684,0.0804,5.0898,5.2135,-1.1991194018908715,-1.0827419770251159,184,196,0.9109250795349112,FALSE,-1.6106268100600936,-1.8659062660074406,-1.58133,-0.7845200000000006,1.419785255852567,-0.2205101100283354,0.5579971803235759,0.8459563543003851,0.963302752293578,0.963302752293578,0.8974358974358975,0.9459459459459459,0.8145859085290482,0.9459459459459459
571578,Patrick Corbin,WSN,2023,33,180,32,790,2925,180,5.625,0.0848,21.364317841079462,83.6794,92.7552,38.495726495726494,0,0.442,3,5.2,1.4833,0.157,0.0722,5.0097,4.7585,-1.188648547897933,-1.0846295215478305,181,197,0.9216939237348163,FALSE,-1.6804819557906165,-1.2480485536491768,-1.6320599999999998,-0.7244799999999998,1.4113725307957286,-0.2205101100283354,-0.655040168205937,0.8681318681318682,0.9669421487603306,0.9669421487603306,0.9069767441860465,0.9512195121951219,0.8404255319148937,0.9512195121951219
682847,Luis Ortiz,PIT,2023,24,86.66666666666667,15,400,1462,73,5.777777777777778,0.0275,22.55639097744361,95.1293,89.6287,39.398084815321475,0,0.4793,4,4.7769,1.6962,0.1475,0.12,5.6247,5.3794,-1.3524659470790164,-1.0846787573901582,196,198,0.858871034008638,FALSE,-2.931325659027795,-0.9413642107421001,-0.48706999999999995,-1.0371300000000006,1.8204033540106745,-0.2205101100283354,0.5579971803235759,0.7692307692307693,0.9359795134443022,0.9359795134443022,0.8297389330306469,0.9069478908188585,0.7272727272727273,0.9069478908188585
596295,Austin Gomber,COL,2023,29,139,27,603,2163,139,5.148148148148148,0.073,19.084712755598833,89.2358,93.4076,36.061026352288486,0,0.4165,4,5.5036,1.4892,0.1443,0.0713,5.2434,5.0776,-1.230141522841954,-1.0880349420860271,189,199,0.8992770120407706,FALSE,-1.9380728056719205,-1.8345219556592143,-1.0764200000000002,-0.6592399999999998,0.30774508887333907,-0.2205101100283354,0.5579971803235759,0.8340248962655602,0.9558108705258507,0.9558108705258507,0.8781973203410475,0.9351491569390402,0.8007968127490039,0.9351491569390402
683769,Hunter Gaddis,CLE,2023,25,42,7,182,687,31.333333333333332,6,0.0549,17.073170731707318,93.5564,93.0068,35.95342066957787,0,0.2662,3,4.5,1.3095,0.1319,0.0769,5.9346,6.429,-1.5273196094752346,-1.0969985142129584,206,200,0.7477625521083554,FALSE,-2.3331909737101912,-2.3520308441731577,-0.6443600000000004,-0.6993200000000002,0.25896841111024854,-0.2205101100283354,-0.655040168205937,0.6026490066225165,0.8729351969504447,0.8729351969504447,0.6960486322188449,0.8207885304659498,0.5481927710843374,0.8207885304659498
623167,Chris Flexen,2 Tms,2023,28,102.33333333333333,16,466,1755,77.66666666666667,6.395833333333333,0.0773,22.327790973871736,83.7743,87.9694,37.37891737891738,0,0.3908,3,6.8599,1.671,0.1588,0.0815,5.1063,5.1242,-1.2872615405332575,-1.1023020201901457,192,201,0.8772047030694485,FALSE,-1.8442049535965301,-1.0001760736600303,-1.6225700000000003,-1.2030600000000007,0.9051331107087884,-0.2205101100283354,-0.655040168205937,0.7952218430034129,0.9460916442048517,0.9460916442048517,0.8540145985401459,0.9212598425196851,0.7564935064935064,0.9212598425196851
615698,Cal Quantrill,CLE,2023,28,99.66666666666667,19,444,1714,99.66666666666667,5.245614035087719,0.0518,18.90547263681592,88.6749,85.966,38.33138856476079,0,0.4082,6,5.2375,1.4649,0.1306,0.0788,5.5028,5.429,-1.324117064850055,-1.1066289090307893,195,202,0.8735076716957505,FALSE,-2.400863146136636,-1.8806350139730563,-1.1325100000000006,-1.4034000000000006,1.3368796406337444,-0.2205101100283354,2.984071877382602,0.7872340425531915,0.9448732083792724,0.9448732083792724,0.8510427010923535,0.9195278969957081,0.7474747474747475,0.9195278969957081
689266,Dylan Dodd,ATL,2023,25,34.333333333333336,7,164,568,34.333333333333336,4.904761904761905,0.0183,18.627450980392158,91.123,96.7407,30.1056338028169,0,0.3556,3,7.6019,1.8932,0.0915,0.0732,6.1859,6.5028,-1.6925479160665589,-1.139163124596411,207,203,0.7195581666989099,FALSE,-3.1321592030030487,-1.9521615725484118,-0.8876999999999995,-0.3259299999999996,-2.3917802151897707,-0.2205101100283354,-0.655040168205937,0.5774647887323944,0.8502994011976048,0.8502994011976048,0.6543778801843319,0.7910863509749304,0.5222929936305732,0.7910863509749304
527048,Martín Pérez,TEX,2023,32,141.66666666666666,20,608,2226,108.33333333333333,7.083333333333333,0.0724,17.46031746031746,89.0193,99.7243,36.16352201257862,0,0.4549,3,4.4471,1.4047,0.153,0.0806,5.08,4.9551,-1.304132614247525,-1.1671452097511863,194,204,0.9008948083503661,FALSE,-1.9511706454963933,-2.252429706918643,-1.0980699999999999,-0.02757000000000005,0.354205439926842,-0.2205101100283354,-0.655040168205937,0.8351648351648352,0.9570077386070507,0.9570077386070507,0.8812351543942993,0.9368686868686869,0.8021108179419525,0.9368686868686869
666205,Kyle Muller,OAK,2023,25,77,13,372,1457,60,5.923076923076923,0.0457,21.164772727272727,89.7229,90.5618,38.229238160603984,0,0.4244,3,7.5974,1.961,0.1505,0.1048,5.4715,5.4982,-1.4510796188970279,-1.1861103138655698,200,205,0.8546943196794886,FALSE,-2.5340245176854457,-1.2993854727033127,-1.0277100000000003,-0.9438199999999994,1.2905757910468607,-0.2205101100283354,-0.655040168205937,0.7560975609756098,0.9357739242132306,0.9357739242132306,0.8292544109277177,0.9066583696328563,0.7126436781609196,0.9066583696328563
666201,Alek Manoah,TOR,2023,25,87.33333333333333,19,415,1693,87.33333333333333,4.5964912280701755,0.0482,21.801566579634464,90.5912,80.1899,39.397519196692265,0,0.3774,4,5.874,1.7405,0.1904,0.1422,5.6511,5.8453,-1.4802821845781893,-1.2244585002960056,204,206,0.8693377698460355,FALSE,-2.4794501850834743,-1.1355576854465015,-0.9408799999999999,-1.9810100000000006,1.8201469642279158,-0.2205101100283354,0.5579971803235759,0.7757009345794392,0.9442275515895148,0.9442275515895148,0.8494731560461616,0.9186109603906674,0.7345132743362832,0.9186109603906674
641745,Brad Keller,KCR,2023,27,45.333333333333336,9,211,879,43.333333333333336,5.037037037037037,-0.0664,22.796352583586625,90.5202,76.9749,45.27872582480091,1,0.5833,5,4.5662,1.9191,0.1469,0.2133,7.1085,6.4133,-1.8860672966808494,-1.297050782629755,211,207,0.78166593751886,FALSE,-4.9811375915578315,-0.8796293513127899,-0.9479799999999997,-2.3025099999999994,4.486044464538228,4.504706533435995,1.7710345288530887,0.6374622356495468,0.8978549540347294,0.8978549540347294,0.7455470737913485,0.8542274052478134,0.5844875346260388,0.8542274052478134
607536,Kyle Freeland,COL,2023,30,155.66666666666666,29,677,2419,155.66666666666666,5.3678160919540225,0.0768,17.235772357723576,80.3499,86.1638,34.39437784208351,0,0.3996,5,5.03,1.4711,0.1388,0.062,5.2445,5.1277,-1.4527033481287903,-1.3100184607245913,201,208,0.9087926689193029,FALSE,-1.8551198201169243,-2.310198366526262,-1.9650099999999995,-1.3836200000000005,-0.4477315298218684,-0.2205101100283354,1.7710345288530887,0.849435382685069,0.9603017070265979,0.9603017070265979,0.889665318131666,0.9416115219929934,0.8186215235792019,0.9416115219929934
663765,Jake Woodford,STL,2023,26,47.666666666666664,8,222,910,33.666666666666664,5.958333333333333,0.0315,15.831134564643799,90.3116,95.4245,39.23076923076923,0,0.5119,3,6.2308,1.7413,0.1306,0.0991,5.3522,5.2766,-1.733604334276846,-1.3100346937516734,208,209,0.7881320637662405,FALSE,-2.844006726864641,-2.671569162874386,-0.9688400000000001,-0.4575500000000005,1.7445607205468294,-0.2205101100283354,-0.655040168205937,0.6491228070175439,0.900990099009901,0.900990099009901,0.7520661157024794,0.8584905660377359,0.5967741935483871,0.8584905660377359
570666,Luis Cessa,CIN,2023,31,26,6,132,465,25,4.333333333333333,-0.0076,14.61187214611872,81.5491,92.4287,36.98924731182796,0,0.3832,4,9,2.2308,0.0833,0.0909,6.1378,5.6258,-2.147275105190537,-1.3745003329304097,214,210,0.6797072269305241,FALSE,-3.69754928875947,-2.9852484852665913,-1.8450900000000003,-0.7571299999999994,0.7284992116659467,-0.2205101100283354,0.5579971803235759,0.5238095238095238,0.8230088495575221,0.8230088495575221,0.6078431372549019,0.7560975609756098,0.46808510638297873,0.7560975609756098
641712,Dakota Hudson,STL,2023,28,81.33333333333333,12,354,1318,65,6.777777777777778,0.0311,20.161290322580644,85.9436,85.1768,38.54324734446131,0,0.5149,3,4.9795,1.5,0.1271,0.096,5.3554,5.1078,-1.7547503331162457,-1.4242896837891628,209,211,0.8454855581955929,FALSE,-2.852738620080957,-1.557551127572826,-1.4056399999999996,-1.48232,1.4329132995300355,-0.2205101100283354,-0.655040168205937,0.7468354430379747,0.9294781382228491,0.9294781382228491,0.8145859085290482,0.8978201634877384,0.7023809523809523,0.8978201634877384
694363,Jared Shuster,ATL,2023,24,52.666666666666664,11,230,864,52.666666666666664,4.787878787878788,0.0174,21.573604060913706,80.4619,80.3206,38.31018518518518,0,0.3571,3,5.8101,1.5,0.1304,0.113,6.1215,6.1338,-1.934380908701303,-1.4242936156503307,212,212,0.7859067412058539,FALSE,-3.1518059627397585,-1.194205542804107,-1.95381,-1.96794,1.3272683414254174,-0.2205101100283354,-0.655040168205937,0.6571428571428571,0.8962655601659751,0.8962655601659751,0.7422680412371134,0.8520710059171598,0.6052631578947368,0.8520710059171598
621389,Ty Blach,COL,2023,32,78,13,352,1264,64.66666666666667,6,0.0739,15.27331189710611,84.0994,80.3209,33.30696202531646,0,0.3918,3,5.5385,1.641,0.142,0.0682,5.1429,5.0134,-1.8577716165002347,-1.5584447008702194,210,213,0.8423357763825432,FALSE,-1.918426045935211,-2.8150800541392065,-1.5900599999999998,-1.9679100000000005,-0.9406472342050439,-0.2205101100283354,-0.655040168205937,0.7457627118644068,0.9266862170087976,0.9266862170087976,0.8081841432225064,0.8939179632248939,0.701195219123506,0.8939179632248939
425794,Adam Wainwright,STL,2023,41,101,21,484,1792,101,4.809523809523809,0.0289,13.143631436314363,81.2702,86.7833,39.0625,0,0.401,4,7.396,1.901,0.1136,0.0847,5.8271,5.7707,-2.067285268467453,-1.796392108549576,213,214,0.8801628341197013,FALSE,-2.900764032770691,-3.3629823873064892,-1.8729799999999996,-1.3216700000000003,1.6682858079221217,-0.2205101100283354,0.5579971803235759,0.8013245033112583,0.9471458773784355,0.9471458773784355,0.8565965583173997,0.9227600411946447,0.7634069400630915,0.9227600411946447
676979,Garrett Crochet,CHW,2024,25,146,32,595,2395,146,4.5625,0.2958,33.12401883830455,115.6855,115.8363,32.275574112734866,0,0.4509,2,3.5753,1.0685,0.3513,0.0555,2.5325,2.3788,1.7727608347447257,1.550780715957179,1,1,0.9030671118483681,TRUE,3.2420995952124185,2.0312551186007117,1.5685500000000006,1.5836299999999994,-1.3023691691331762,-0.23656382080646654,-1.9735390230915268,0.8321678321678322,0.9599198396793587,0.9599198396793587,0.8886827458256029,0.9410609037328095,0.7986577181208053,0.9410609037328095
605483,Blake Snell,SFG,2024,31,104,20,418,1774,104,5.2,0.2416,37.745098039215684,105.4003,111.2829,37.429537767756486,0,0.4204,4,3.1154,1.0481,0.3469,0.1053,3.1617,3.0136,1.6355762941439074,1.4232971176982343,2,2,0.872224342976982,TRUE,1.934003371914422,3.2864431568200545,0.5400300000000001,1.1282899999999998,0.9479332353846172,-0.23656382080646654,0.4729969559475561,0.7769516728624535,0.9466382070437567,0.9466382070437567,0.8553519768563163,0.922037422037422,0.7359154929577465,0.922037422037422
669373,Tarik Skubal,DET,2024,27,192,31,753,2868,192,6.193548387096774,0.2563,31.940700808625337,112.1932,112.0296,30.788005578800558,0,0.457,4,2.3906,0.9219,0.3028,0.0465,2.8893,2.8256,1.4784798725330148,1.3388001503683762,3,3,0.9192777150780139,TRUE,2.2887822369048374,1.709839585196788,1.2193200000000004,1.2029600000000003,-1.951865221658859,-0.23656382080646654,0.4729969559475561,0.8625429553264605,0.9663072776280324,0.9663072776280324,0.9053030303030303,0.9502982107355865,0.8338870431893688,0.9502982107355865
694973,Paul Skenes,PIT,2024,22,133,23,514,2127,133,5.782608695652174,0.2685,28.70632672332389,108.4921,115.34,33.89750822755054,0,0.5132,4,1.9624,0.9474,0.3307,0.0623,2.714,2.5359,1.4277166243768584,1.220765926684805,4,4,0.8913790460686942,TRUE,2.5832245602302177,0.8313115430466886,0.8492099999999994,1.5340000000000003,-0.594206969544705,-0.23656382080646654,0.4729969559475561,0.8107255520504731,0.9550965424337674,0.9550965424337674,0.8763906056860321,0.9341238471673254,0.7740963855421686,0.9341238471673254
519242,Chris Sale,ATL,2024,35,177.66666666666666,29,702,2818,177.66666666666666,6.126436781609195,0.265,31.03698332124728,104.2276,109.7776,32.82469836763662,0,0.4484,3,2.3809,1.0131,0.3205,0.0556,2.8033,2.6443,1.2679234756433775,1.1251262341345416,5,5,0.9160177820955618,TRUE,2.498753401899166,1.4643697867430154,0.4227599999999995,0.9777600000000006,-1.0626127963887746,-0.23656382080646654,-0.7502710335719854,0.8540145985401459,0.9657299520219328,0.9657299520219328,0.9037844772289929,0.9494609164420486,0.823943661971831,0.9494609164420486
607192,Tyler Glasnow,LAD,2024,30,134,22,522,2012,134,6.090909090909091,0.2548,30.903490759753595,107.5391,111.7331,34.940357852882705,0,0.4857,3,3.4925,0.9478,0.3218,0.067,2.9002,2.6838,1.267468442419464,1.0903503538830033,6,6,0.8895220948915173,TRUE,2.2525803119058163,1.4281102337050373,0.7539100000000005,1.1733099999999994,-0.13888225704911192,-0.23656382080646654,-0.7502710335719854,0.8130841121495327,0.9526515151515151,0.9526515151515151,0.870242214532872,0.9306197964847364,0.7767857142857143,0.9306197964847364
666142,Cole Ragans,KCR,2024,26,186.33333333333334,32,762,3118,186.33333333333334,5.822916666666667,0.2047,31.97903014416776,109.8906,109.7063,36.49775497113534,0,0.4074,5,3.1395,1.1431,0.2927,0.0879,3.4946,3.4575,1.1366955085952148,1.0547820911044263,8,7,0.9225359426200189,TRUE,1.0434360169384793,1.7202506864556144,0.9890600000000006,0.9706299999999999,0.54110206464442,-0.23656382080646654,1.6962649454670975,0.8639455782312925,0.968924798011187,0.968924798011187,0.9122293739028672,0.9541003671970624,0.8355263157894737,0.9541003671970624
669302,Logan Gilbert,SEA,2024,27,208.66666666666666,33,803,3042,208.66666666666666,6.323232323232323,0.2279,31.657963446475197,96.2457,110.858,34.418145956607496,0,0.4515,5,3.2348,0.8866,0.274,0.0461,3.1912,3.111,1.1536694249283388,1.0532513639427379,7,8,0.9235980258988817,TRUE,1.6033591235900202,1.6330418201079375,-0.37543000000000004,1.0858000000000003,-0.36688826650378475,-0.23656382080646654,1.6962649454670975,0.8699891657638137,0.9681731381285805,0.9681731381285805,0.9102333931777379,0.9530075187969925,0.8426023084994754,0.9530075187969925
543243,Sonny Gray,STL,2024,34,166.33333333333334,28,671,2486,166.33333333333334,5.940476190476191,0.2444,29.801324503311257,97.3238,107.1402,33.588093322606596,0,0.4231,5,3.8417,1.0882,0.3025,0.0581,3.031,2.8194,1.1142235369453324,0.987559534713247,9,9,0.9095370992804589,TRUE,2.0015802985792632,1.1287373294400236,-0.2676199999999994,0.7140199999999993,-0.7293024322204263,-0.23656382080646654,1.6962649454670975,0.8482932996207333,0.9613302397525135,0.9613302397525135,0.8923187365398421,0.9430955993930197,0.8172959805115713,0.9430955993930197
656427,Jack Flaherty,2 Tms,2024,28,162,28,649,2646,161.3,5.785714285714286,0.2404,32.134096484055604,98.6687,104.3962,35.82766439909297,0,0.3951,3,3.1667,1.0679,0.2989,0.0586,3.0952,2.9959,0.9849306635776318,0.8724681629933865,10,10,0.9106080249209493,TRUE,1.9050418319152043,1.7623701582273388,-0.1331299999999999,0.43961999999999934,0.2485298762390019,-0.23656382080646654,-0.7502710335719854,0.8439531859557867,0.9635833940276766,0.9635833940276766,0.8981670061099797,0.9463519313304721,0.8122653316645807,0.9463519313304721
656302,Dylan Cease,SDP,2024,28,189.33333333333334,33,762,3188,189.33333333333334,5.737373737373738,0.2087,32.356770833333336,109.7713,113.0629,37.2961104140527,0,0.3978,2,3.4701,1.0669,0.294,0.0853,3.4577,3.4351,0.9491242275287438,0.8711993068517755,12,11,0.9232516132781688,TRUE,1.1399744836025383,1.8228534712111493,0.9771299999999996,1.30629,0.8896767332116658,-0.23656382080646654,-1.9735390230915268,0.8639455782312925,0.9695863746958637,0.9695863746958637,0.9139908256880734,0.9550629119233074,0.8355263157894737,0.9550629119233074
554430,Zack Wheeler,PHI,2024,34,200,32,787,3136,200,6.25,0.2186,27.538940809968846,110.0621,113.3426,34.40688775510204,0,0.426,4,2.565,0.955,0.2846,0.0661,3.317,3.3007,0.9514243061568207,0.863302333179028,11,12,0.9238854840763052,TRUE,1.3789071885960835,0.5142235272991758,1.00621,1.3342600000000004,-0.37180377612201593,-0.23656382080646654,0.4729969559475561,0.8676957001102535,0.969097651421508,0.969097651421508,0.9126891734575088,0.9543517954960439,0.83991462113127,0.9543517954960439
579328,Yusei Kikuchi,2 Tms,2024,33,175.66666666666666,32,736,2926,175.66666666666666,5.489583333333333,0.2201,29.02542372881356,103.9134,110.2773,34.72317156527683,0,0.4259,4,4.0474,1.2011,0.2799,0.0598,3.2953,3.1991,0.9192021661010715,0.8289317909066679,13,13,0.9191279037134937,TRUE,1.4151091135951055,0.9179853971202726,0.3913399999999996,1.0277299999999996,-0.233709240307252,-0.23656382080646654,0.4729969559475561,0.8598130841121495,0.9669530733641771,0.9669530733641771,0.9070055796652201,0.9512353706111834,0.8306997742663657,0.9512353706111834
680885,Spencer Schwellenbach,ATL,2024,24,123.66666666666667,21,500,1887,123.66666666666667,5.888888888888889,0.208,27.44510978043912,107.0477,112.5204,30.73661897191309,0,0.4164,5,3.3477,1.0431,0.254,0.046,3.4208,3.3444,0.8950429689739631,0.7764751515834851,14,14,0.8843683590337389,TRUE,1.1230802519363277,0.48873692974068894,0.7047700000000006,1.2520399999999996,-1.9743014305223452,-0.23656382080646654,1.6962649454670975,0.8064516129032258,0.949672873678913,0.949672873678913,0.8628257887517147,0.9263622974963182,0.7692307692307693,0.9263622974963182
680570,Grayson Rodriguez,BAL,2024,24,116.66666666666667,20,491,1879,116.66666666666667,5.833333333333334,0.1914,30.010604453870627,107.6898,112.7754,33.74135178286323,0,0.4062,4,3.8571,1.2429,0.2648,0.0733,3.6133,3.5733,0.8362707819260358,0.7401194159664016,15,15,0.8832851759554543,TRUE,0.7224456152804837,1.1855824253928182,0.7689800000000006,1.2775400000000006,-0.6623873539015934,-0.23656382080646654,0.4729969559475561,0.8036006546644845,0.9494694290045478,0.9494694290045478,0.8623221661312529,0.9260719566288812,0.765990639625585,0.9260719566288812
669203,Corbin Burnes,BAL,2024,29,194.33333333333334,32,784,2997,194.33333333333334,6.072916666666667,0.1696,28.639781271360217,113.1886,119.235,35.50216883550217,0,0.4818,4,2.9177,1.0961,0.2309,0.0612,3.7489,3.5461,0.7843665783225495,0.7320721713071401,18,16,0.9222511065098978,TRUE,0.1963109719613636,0.8132363160983529,1.3188599999999995,1.9235,0.10641334255048937,-0.23656382080646654,0.4729969559475561,0.8672566371681416,0.9677106877623507,0.9677106877623507,0.9090081892629663,0.9523355576739753,0.8394004282655246,0.9523355576739753
657746,Joe Ryan,MIN,2024,28,135,23,538,2108,135,5.869565217391305,0.2305,26.561043802423114,105.008,113.2561,32.06831119544592,0,0.3565,3,3.6,0.9852,0.2732,0.0428,3.2793,3.4365,0.8138999570242537,0.6865477436492343,17,17,0.893082936697212,TRUE,1.666109126921659,0.24860491893603,0.5007999999999996,1.3256100000000004,-1.3928634512743112,-0.23656382080646654,-0.7502710335719854,0.817629179331307,0.9547101449275363,0.9547101449275363,0.8754152823920266,0.933569530558016,0.7819767441860465,0.933569530558016
592662,Robbie Ray,SFG,2024,32,30.666666666666668,7,129,568,30.666666666666668,4.380952380952381,0.2171,35.97122302158273,104.9662,89.5492,37.147887323943664,0,0.2812,3,4.6957,1.1413,0.3333,0.1163,3.5126,4.0928,0.81439587317783535,0.5952235847667711,16,18,0.702512466440554,TRUE,1.3427052635970615,2.8046191917622814,0.49662000000000006,-1.04508,0.8249601774881042,-0.23656382080646654,-0.7502710335719854,0.5180722891566265,0.8502994011976048,0.8502994011976048,0.6543778801843319,0.7910863509749304,0.46236559139784944,0.7910863509749304
607074,Carlos Rodón,NYY,2024,31,175,32,736,3102,175,5.46875,0.1875,30.111038536903983,111.0294,105.5213,36.13797549967763,0,0.3383,3,3.96,1.2229,0.2649,0.0774,3.7768,4.091,0.620525723405243,0.5756215064103668,21,19,0.9210882217791033,TRUE,0.6283206102830267,1.2128625593554954,1.1029399999999996,0.5521299999999997,0.38401663216788134,-0.23656382080646654,-0.7502710335719854,0.8598130841121495,0.9687695190505934,0.9687695190505934,0.9118165784832452,0.9538745387453874,0.8306997742663657,0.9538745387453874
641927,Bailey Ober,MIN,2024,28,178.66666666666666,31,709,2697,178.66666666666666,5.763440860215053,0.2087,28.96600566572238,96.8207,104.4237,32.480533926585096,0,0.3355,4,3.9795,1.0019,0.2694,0.0606,3.5648,3.8315,0.6192895348368365,0.5527423546847308,22,20,0.9148066100855515,TRUE,1.1399744836025383,0.9018461277410537,-0.31792999999999977,0.44236999999999965,-1.2128804585390853,-0.23656382080646654,0.4729969559475561,0.8552472858866104,0.9642474079370754,0.9642474079370754,0.8998998998998999,0.9473129610115911,0.8253783469150174,0.9473129610115911
601713,Nick Pivetta,BOS,2024,31,145.66666666666666,26,595,2388,139.66666666666666,5.602564102564102,0.2286,25.583333333333332,102.7811,108.6093,33.584589614740366,0,0.3351,3,4.1396,1.1259,0.2891,0.0605,3.3052,3.4976,0.6361309411266544,0.535006527040816,20,21,0.9029470350926845,TRUE,1.6202533552562308,-0.01696302142762988,0.2781099999999995,0.8609300000000004,-0.7308322067325967,-0.23656382080646654,-0.7502710335719854,0.8321678321678322,0.9598070739549839,0.9598070739549839,0.8883928571428571,0.9408983451536643,0.7986577181208053,0.9408983451536643
664285,Framber Valdez,HOU,2024,30,176.33333333333334,28,703,2605,176.33333333333334,6.297619047619048,0.1622,27.226027397260275,107.2923,110.3749,36.77543186180422,1,0.6056,3,2.9093,1.1059,0.2404,0.0782,3.4148,3.0849,0.5773667203559436,0.5080791930826223,23,22,0.913177391434823,TRUE,0.017714808632855086,0.42922927475471595,0.7292299999999997,1.0374899999999996,0.6623402061168362,4.19900781931478,-0.7502710335719854,0.8541919805589308,0.9630314232902033,0.9630314232902033,0.8967297762478486,0.9455535390199638,0.8241500586166471,0.9455535390199638
657376,Clarke Schmidt,NYY,2024,28,85.33333333333333,16,353,1456,85.33333333333333,5.333333333333333,0.1785,29.439252336448597,106.8097,105.6847,37.637362637362635,0,0.4045,4,2.8477,1.1836,0.2635,0.085,3.7727,3.9171,0.5764193017266551,0.5041399127772069,24,23,0.851701777855781,TRUE,0.4111090602888942,1.0303904643335866,0.6809700000000006,0.5684700000000007,1.0386728748342773,-0.23656382080646654,0.4729969559475561,0.7463002114164905,0.9357326478149101,0.9357326478149101,0.8291571753986332,0.9066002490660025,0.7017892644135189,0.9066002490660025
605397,Joe Musgrove,SDP,2024,31,99.66666666666667,19,410,1582,99.66666666666667,5.245614035087719,0.1902,28.266666666666666,108.1603,104.2915,34.51327433628319,0,0.413,4,3.8829,1.1739,0.2463,0.0561,3.6242,3.7411,0.5738338354585801,0.4957332857186787,25,24,0.8648866640735091,TRUE,0.6934840752812665,0.7118900789241568,0.8160300000000007,0.4291499999999999,-0.3253537047857327,-0.23656382080646654,0.4729969559475561,0.7735849056603774,0.9405469678953626,0.9405469678953626,0.8405951115834219,0.9133949191685913,0.7321428571428571,0.9133949191685913
668881,Hunter Greene,CIN,2024,24,150.33333333333334,26,611,2563,150.33333333333334,5.782051282051283,0.1833,29.683885890516578,113.1336,108.4787,35.73936792820913,0,0.3398,2,2.7539,1.0177,0.2766,0.0933,3.805,4.1949,0.5397255235455926,0.49191045466562894,27,25,0.9068950133898769,TRUE,0.5269552202857647,1.0968383864450864,1.31336,0.8478700000000003,0.20997823442702504,-0.23656382080646654,-1.9735390230915268,0.8358413132694938,0.9624483665039429,0.9624483665039429,0.8952148096402375,0.9447106524143015,0.8028909329829172,0.9447106524143015
686752,Ryan Pepiot,TBR,2024,26,130,26,539,2150,130,5,0.1744,29.873908826382152,109.6833,108.0632,36,0,0.3529,3,3.6,1.1538,0.2635,0.0891,3.8796,4.0539,0.5366220258780695,0.49035480985882235,28,26,0.8940609207839766,TRUE,0.31215713195823414,1.1484528482874117,0.9683300000000002,0.8063199999999995,0.3237743372136667,-0.23656382080646654,-0.7502710335719854,0.8179059180576631,0.9555555555555556,0.9555555555555556,0.8775510204081632,0.9347826086956522,0.7822931785195936,0.9347826086956522
680694,Kyle Bradish,BAL,2024,27,39.333333333333336,8,163,674,39.333333333333336,4.916666666666667,0.2331,26.85512367491166,97.1223,106.7662,37.53709198813056,0,0.5495,4,2.7458,1.0678,0.3252,0.092,3.0928,2.9208,0.7665648353405755,0.4804213695887688,19,27,0.7380363840485558,TRUE,1.728859130253297,0.3284835624693223,-0.2877700000000004,0.6766199999999998,0.9948931165409397,-0.23656382080646654,0.4729969559475561,0.5759717314487632,0.8708010335917312,0.8708010335917312,0.6919917864476386,0.8179611650485437,0.5207667731629393,0.8179611650485437
669923,George Kirby,SEA,2024,26,191,33,778,2969,191,5.787878787878788,0.2005,24.053030303030305,104.1489,112.0364,31.559447625463118,0,0.4128,4,3.534,1.0681,0.2301,0.0296,3.562,3.5762,0.5018011735981096,0.4422505557410884,29,28,0.9216583019866393,TRUE,0.942070626941218,-0.4326274095446842,0.41488999999999976,1.20364,-1.6150413694263182,-0.23656382080646654,0.4729969559475561,0.8663697104677061,0.9674160964483545,0.9674160964483545,0.9082288161517283,0.9519076627124078,0.8383620689655172,0.9519076627124078
808967,Yoshinobu Yamamoto,LAD,2024,25,90,18,368,1474,90,5,0.2255,27.04225352112676,96.9948,105.3473,33.44640434192673,0,0.479,3,3,1.1111,0.2853,0.0598,3.143,2.8598,0.5641640260193294,0.43094701937269553,26,29,0.8548028352295773,TRUE,1.5454360435915853,0.37931219672356914,-0.30052000000000023,0.5347300000000004,-0.7911660919703205,-0.23656382080646654,-0.7502710335719854,0.7540983606557377,0.9364675984752223,0.9364675984752223,0.830890642615558,0.9076354679802956,0.7104247104247104,0.9076354679802956
683003,Jared Jones,PIT,2024,22,121.66666666666667,22,504,1912,121.66666666666667,5.53030303030303,0.1845,30.192502532928064,103.7816,110.1303,33.26359832635983,0,0.3872,2,4.1425,1.1918,0.2619,0.0774,3.7159,3.7841,0.48824309869374366,0.42801035946323707,30,30,0.8854024636406227,TRUE,0.5559167602849825,1.2349899951576804,0.3781599999999997,1.0130300000000005,-0.8709821023121278,-0.23656382080646654,-1.9735390230915268,0.8076923076923077,0.9502982107355865,0.9502982107355865,0.864376130198915,0.92725509214355,0.7706422018348624,0.92725509214355
672282,Reid Detmers,LAA,2024,24,87.33333333333333,17,391,1559,87.33333333333333,5.137254901960784,0.1816,29.22673656618611,104.3502,101.3756,34.50930083386786,0,0.3833,4,6.6985,1.5573,0.2788,0.0972,3.7747,3.8622,0.46052713683670055,0.40456089512421967,31,31,0.8614898753718228,TRUE,0.4859263719535402,0.972666447676644,0.4350200000000001,0.13756000000000057,-0.3270885990609099,-0.23656382080646654,0.4729969559475561,0.7651663405088063,0.9397227245328511,0.9397227245328511,0.8386229155459924,0.9122293739028672,0.722735674676525,0.9122293739028672
642547,Freddy Peralta,MIL,2024,28,173.66666666666666,32,725,3070,173.66666666666666,5.427083333333333,0.1821,31.063238359972203,98.879,100.3098,39.21824104234528,0,0.3665,3,3.6795,1.215,0.2759,0.0938,3.7794,3.9345,0.4074874084983553,0.3789864489394666,35,32,0.9201828054607645,TRUE,0.4979936802865476,1.4715012400502885,-0.1120999999999995,0.030979999999999563,1.7289094993235838,-0.23656382080646654,-0.7502710335719854,0.8579881656804734,0.9684542586750788,0.9684542586750788,0.9109792284866469,0.953416149068323,0.8285714285714286,0.953416149068323
650633,Michael King,SDP,2024,29,173.66666666666666,30,726,2895,170.33333333333334,5.788888888888889,0.1901,29.32216298552932,95.6541,100.1001,35.33678756476684,0,0.404,4,2.9539,1.1919,0.2769,0.0868,3.6298,3.4975,0.411810270769719,0.3748499142099713,33,33,0.9182466153259482,TRUE,0.6910706136146647,0.9985863886432664,-0.43459000000000003,0.010009999999999764,0.03420525260105366,-0.23656382080646654,0.4729969559475561,0.8581560283687943,0.9666110183639399,0.9666110183639399,0.9061032863849765,0.9507389162561576,0.8287671232876712,0.9507389162561576
694297,Brandon Pfaadt,ARI,2024,25,181.66666666666666,32,760,2797,181.66666666666666,5.677083333333333,0.1882,25.436046511627907,102.9736,108.4578,33.178405434393994,0,0.4149,4,4.7064,1.2385,0.2434,0.0553,3.6499,3.579,0.4099351643497388,0.3656101658501064,34,34,0.9187282697482219,TRUE,0.6452148419492372,-0.05696940278450928,0.29736000000000046,0.8457800000000006,-0.9081786722669363,-0.23656382080646654,0.4729969559475561,0.8636363636363636,0.9654815326199516,0.9654815326199516,0.903132063287052,0.9491007804546997,0.8351648351648352,0.9491007804546997
684007,Shota Imanaga,CHC,2024,30,173.33333333333334,29,694,2594,173.33333333333334,5.977011494252874,0.2104,28.343728343728344,97.4705,105.7124,31.457208943716267,0,0.3724,2,2.9077,1.0212,0.2507,0.0403,3.4984,3.6231,0.4187759796517824,0.35873833475987377,32,35,0.9125176411105463,TRUE,1.1810033319347633,0.732821746841441,-0.2529499999999999,0.5712400000000002,-1.659680401978577,-0.23656382080646654,-1.9735390230915268,0.8525798525798526,0.9628804751299184,0.9628804751299184,0.8963372494816862,0.9453352769679301,0.8222748815165877,0.9453352769679301
605400,Aaron Nola,PHI,2024,31,199.33333333333334,33,820,3193,199.33333333333334,6.040404040404041,0.1793,25.177533892834088,111.6037,111.1888,34.48167867209521,0,0.4452,3,3.5669,1.199,0.2402,0.061,3.6796,3.4439,0.3821806609264541,0.34771428580413094,36,36,0.9259057922196191,TRUE,0.43041675362170584,-0.1271871880098266,1.1603700000000003,1.11888,-0.33914887367973123,-0.23656382080646654,-0.7502710335719854,0.8723404255319149,0.9696325539022168,0.9696325539022168,0.9141139421700544,0.9551301226443314,0.845360824742268,0.9551301226443314
641154,Pablo López,MIN,2024,28,185.33333333333334,32,772,2986,185.33333333333334,5.791666666666667,0.2034,27.002583979328165,93.6738,106.128,33.32217012726055,0,0.4288,3,4.0791,1.1924,0.2565,0.0531,3.4551,3.3567,0.3640078963090219,0.31457775055441045,37,37,0.9215732227047092,TRUE,1.0120610152726603,0.36853706559458493,-0.63262,0.6128,-0.8454087236028315,-0.23656382080646654,-0.7502710335719854,0.8654708520179372,0.9675955930006481,0.9675955930006481,0.9087035909920876,0.9521683673469388,0.8373101952277657,0.9521683673469388
671737,Taj Bradley,TBR,2024,23,138,25,578,2296,138,5.52,0.1851,27.429062768701634,108.5022,100.2858,35.40940766550523,0,0.4201,3,4.1087,1.2246,0.2664,0.0813,3.6895,3.6212,0.31502794374447357,0.2808363925305858,42,38,0.9000503131675244,TRUE,0.5703975302845911,0.4843782039309065,0.8502200000000002,0.028579999999999474,0.0659123421822353,-0.23656382080646654,-0.7502710335719854,0.828080229226361,0.9582637729549248,0.9582637729549248,0.884437596302003,0.9386753883892068,0.7939560439560439,0.9386753883892068
676440,Tanner Bibee,CLE,2024,25,173.66666666666666,31,710,2853,173.66666666666666,5.602150537634408,0.2014,26.891334250343878,102.7688,99.4641,33.753943217665615,0,0.3462,3,3.4722,1.1171,0.2634,0.062,3.5785,3.7221,0.32143730020828754,0.2795631981930836,41,39,0.9168896812995182,TRUE,0.9637917819406309,0.33831916129017736,0.2768799999999999,-0.053589999999999804,-0.6568897334469873,-0.23656382080646654,-0.7502710335719854,0.8554216867469879,0.9661361327463597,0.9661361327463597,0.9048525214081827,0.9500499500499501,0.8255813953488372,0.9500499500499501
686613,Hunter Brown,HOU,2024,25,170,30,712,2890,165,5.666666666666667,0.1671,25.093353248693056,104.5516,104.9876,36.98961937716263,0,0.4893,5,3.4941,1.2706,0.2514,0.0843,3.7439,3.4706,0.2990476754961821,0.2779078109873589,45,40,0.9174482256964097,TRUE,0.1359744302963268,-0.15005252594962842,0.45515999999999934,0.49876000000000004,0.7558578777750586,-0.23656382080646654,1.6962649454670975,0.8557692307692307,0.9665551839464883,0.9665551839464883,0.9059561128526645,0.9506578947368421,0.8259860788863109,0.9506578947368421
543037,Gerrit Cole,NYY,2024,33,95,17,390,1537,95,5.588235294117647,0.1795,24.831309041835357,106.9064,106.9332,35.068314899154196,0,0.3867,4,3.4105,1.1263,0.2538,0.0744,3.7882,3.986,0.3334575168507717,0.2767467663015146,40,41,0.8605161689007332,TRUE,0.43524367695490895,-0.22122956915365022,0.6906400000000005,0.6933199999999999,-0.08301417799908206,-0.23656382080646654,0.4729969559475561,0.7647058823529411,0.938912645082468,0.938912645082468,0.8366902558519325,0.9110847658565501,0.7222222222222222,0.9110847658565501
622491,Luis Castillo,SEA,2024,31,175.33333333333334,30,719,2859,175.33333333333334,5.844444444444445,0.178,25.89779005524862,103.036,105.1335,34.20776495278069,0,0.393,4,3.6445,1.1692,0.2434,0.0654,3.7903,3.8192,0.29824494776066135,0.2693464912011033,46,42,0.9174431896256207,TRUE,0.39904175195588687,0.06845042827215303,0.30360000000000015,0.5133499999999998,-0.4587439547593779,-0.23656382080646654,0.4729969559475561,0.8569725864123957,0.9662047989185536,0.9662047989185536,0.9050332383665717,0.9501495513459621,0.8273878020713463,0.9501495513459621
701581,David Festa,MIN,2024,24,64.33333333333333,13,277,1099,60,4.948717948717948,0.1949,28.411214953271028,96.7289,102.7393,35.122838944494994,0,0.3621,3,4.8964,1.3212,0.278,0.083,3.5847,3.5837,0.3571570481203626,0.26907182445251127,38,43,0.8178583187487736,TRUE,0.8069167736115352,0.7511526131510368,-0.3271100000000004,0.27393,-0.059208113667431034,-0.23656382080646654,-0.7502710335719854,0.6977329974811083,0.9165971643035863,0.9165971643035863,0.7855611150822016,0.8799039231385108,0.6487119437939111,0.8799039231385108
676962,Ben Brown,CHC,2024,24,55.333333333333336,8,222,849,39,6.916666666666667,0.2027,31.39240506329114,99.7233,93.6878,34.628975265017665,0,0.3869,2,3.5783,1.0843,0.2883,0.0856,3.4308,3.6317,0.3433290878952423,0.2582841817661729,39,44,0.7819645626525528,TRUE,0.9951667836064498,1.5609102483409407,-0.027670000000000528,-0.6312200000000004,-0.2748368413456001,-0.23656382080646654,-1.9735390230915268,0.6491228070175439,0.8946259220231823,0.8946259220231823,0.7389033942558747,0.8498498498498499,0.5967741935483871,0.8498498498498499
453286,Max Scherzer,TEX,2024,39,43.333333333333336,9,177,670,43.333333333333336,4.814814814814815,0.1695,29.23497267759563,99.8573,101.7193,31.34328358208955,0,0.3197,4,3.9462,1.1538,0.226,0.0565,4.0072,4.0358,0.3034816688585351,0.24448826873704185,43,45,0.7431959615481445,TRUE,0.1938975102947624,0.9749035589818632,-0.014270000000000494,0.17193000000000042,-1.709422024613881,-0.23656382080646654,0.4729969559475561,0.5959595959595959,0.8701298701298701,0.8701298701298701,0.6907216494845361,0.8170731707317073,0.5412844036697247,0.8170731707317073
666157,Nick Lodolo,CIN,2024,26,115.33333333333333,21,493,1865,115.33333333333333,5.492063492063492,0.1724,28.125,104.2249,96.9044,36.35388739946381,0,0.4473,4,4.7601,1.1965,0.2475,0.0751,3.7828,3.9498,0.24780794636992953,0.22948745028454587,49,46,0.8831038954368157,TRUE,0.2638878986262047,0.6734102568558951,0.42249000000000053,-0.30956000000000045,0.47828719745979037,-0.23656382080646654,0.4729969559475561,0.8042414355628059,0.9491094147582697,0.9491094147582697,0.8614318706697459,0.9255583126550868,0.7667185069984448,0.9255583126550868
608331,Max Fried,ATL,2024,30,174.33333333333334,29,714,2766,174.33333333333334,6.011494252873564,0.1527,24.13249211356467,103.5126,104.2842,36.478669558929866,1,0.5879,4,3.2524,1.1644,0.2325,0.0798,3.61,3.3261,0.2666122278062253,0.2238732562484516,47,47,0.9159989013748483,TRUE,-0.21156404969428474,-0.41104381191703016,0.3512600000000006,0.42841999999999986,0.5327690704962456,4.19900781931478,0.4729969559475561,0.8561151079136691,0.9651081646894627,0.9651081646894627,0.9021526418786693,0.948559670781893,0.8263888888888888,0.948559670781893
650911,Cristopher Sánchez,PHI,2024,27,181.66666666666666,31,754,2798,181.66666666666666,5.860215053763441,0.1446,24.34119278779473,106.63720000000001,110.7489,32.2373123659757,1,0.5738,3,3.3193,1.244,0.2029,0.0584,3.5778,3.1908,0.25017884033726395,0.21042378510073162,48,48,0.9184510480355864,TRUE,-0.4070544446890037,-0.35435606031774325,0.6637200000000008,1.0748900000000006,-1.3190748555710925,4.19900781931478,-0.7502710335719854,0.8627002288329519,0.9654934437543133,0.9654934437543133,0.9031633311814073,0.9491180461329715,0.834070796460177,0.9491180461329715
543135,Nathan Eovaldi,TEX,2024,34,170.66666666666666,29,696,2623,170.66666666666666,5.885057471264368,0.1782,26.80788897005113,99.7103,101.3767,32.215020968356846,0,0.4833,4,3.7969,1.1074,0.2385,0.0603,3.6356,3.4734,0.23009514512827772,0.20697248445703675,52,49,0.9130524927895952,TRUE,0.40386867528908993,0.3156535645506399,-0.028969999999999628,0.13766999999999996,-1.3288076338790822,-0.23656382080646654,0.4729969559475561,0.8529411764705882,0.9632757987513771,0.9632757987513771,0.8973657201505303,0.9459069599711504,0.8226950354609929,0.9459069599711504
656731,Tylor Megill,NYM,2024,28,78,15,337,1367,76,5.2,0.1751,28.550074738415546,103.3799,99.7125,36.28383321141185,0,0.4019,3,4.0385,1.3077,0.27,0.095,3.8098,3.7879,0.23444322754502503,0.20341521242859836,51,50,0.8450506194774462,TRUE,0.3290513636244446,0.7888700236790237,0.3379900000000006,-0.028749999999999432,0.44770042611803645,-0.23656382080646654,-0.7502710335719854,0.737417943107221,0.9318336741649625,0.9318336741649625,0.8200359928014397,0.9011206328279499,0.6919917864476386,0.9011206328279499
625643,Reynaldo López,ATL,2024,30,135.66666666666666,25,543,2117,134.66666666666666,5.426666666666666,0.1952,27.46615087040619,97.9595,98.4864,34.81341521020312,0,0.3937,3,1.9902,1.1057,0.2726,0.0773,3.5784,3.4399,0.2364737308858526,0.19587993422042405,50,51,0.8936982884211052,TRUE,0.8141571586113402,0.49445215843284207,-0.20404999999999945,-0.15135999999999966,-0.1943074313767179,-0.23656382080646654,-0.7502710335719854,0.8190045248868778,0.95489400090212,0.95489400090212,0.8758791890773686,0.9338332598147331,0.7835497835497836,0.9338332598147331
701542,Will Warren,NYY,2024,25,22.666666666666668,5,110,458,21.666666666666668,4.533333333333333,0.1727,25.77319587628866,103.2276,106.5362,38.646288209606986,0,0.3623,4,10.3235,1.8971,0.2636,0.0909,3.8465,3.998,0.30239974914872014,0.19245488753782541,44,52,0.6648164909751951,TRUE,0.271128283626009,0.03460787412777337,0.32275999999999955,0.6536199999999994,1.4791858068548331,-0.23656382080646654,0.4729969559475561,0.4782608695652174,0.8207885304659498,0.8207885304659498,0.604221635883905,0.7532894736842105,0.4230769230769231,0.7532894736842105
669022,MacKenzie Gore,WSN,2024,25,166.33333333333334,32,731,2995,166.33333333333334,5.197916666666667,0.1587,28.60927152317881,104.3396,103.8614,35.85976627712855,0,0.3915,3,3.8958,1.4188,0.2476,0.0889,3.9813,3.8698,0.19760668771390202,0.19209953986180436,55,53,0.9196673505285896,TRUE,-0.06675634969819642,0.8049491889357546,0.43396000000000046,0.3861400000000003,0.2625460661402685,-0.23656382080646654,-0.7502710335719854,0.8589894242068156,0.9676898222940227,0.9676898222940227,0.9089529590288316,0.9523052464228935,0.8297389330306469,0.9523052464228935
682243,Bryce Miller,SEA,2024,25,180.33333333333334,31,704,2749,180.33333333333334,5.817204301075269,0.179,24.404761904761905,105.3903,108.395,34.88541287740997,0,0.381,3,2.9445,0.976,0.2429,0.0639,3.8044,3.8544,0.2121612679337588,0.18232680969528742,53,54,0.9152354225770643,TRUE,0.42317636862190156,-0.33708927224762447,0.5390299999999997,0.8394999999999996,-0.16287210616300732,-0.23656382080646654,-0.7502710335719854,0.8543689320388349,0.9648999648999649,0.9648999648999649,0.9016070842899311,0.948258020006899,0.8243559718969555,0.948258020006899
681293,Spencer Arrighetti,HOU,2024,24,145,28,632,2509,142.66666666666666,5.178571428571429,0.1677,27.749576988155667,100.368,98.3389,35.751295336787564,0,0.3599,4,4.531,1.4069,0.2706,0.1028,3.9336,4.0076,0.16916225959558676,0.16034110659152592,58,55,0.9074754298580199,TRUE,0.15045520029593537,0.5714370048834176,0.0367999999999995,-0.16611000000000048,0.2151859304839368,-0.23656382080646654,0.4729969559475561,0.8404255319148937,0.9616711383671905,0.9616711383671905,0.8932004271982912,0.9435878149680331,0.8081841432225064,0.9435878149680331
506433,Yu Darvish,SDP,2024,37,81.66666666666667,16,331,1264,81.66666666666667,5.104166666666667,0.1692,25.577812018489986,99.7656,100.6873,33.06962025316456,0,0.3867,5,3.3061,1.0653,0.2356,0.0665,3.9053,3.9891,0.1839269496932956,0.1562610370128787,56,56,0.8387809719732815,TRUE,0.18665712529495745,-0.018462733517663806,-0.02343999999999937,0.06872999999999933,-0.9556760104870051,-0.23656382080646654,1.6962649454670975,0.7339246119733924,0.9266862170087976,0.9266862170087976,0.8081841432225064,0.8939179632248939,0.6881496881496881,0.8939179632248939
693433,Bryan Woo,SEA,2024,24,121.33333333333333,22,472,1717,121.33333333333333,5.515151515151515,0.1864,23.632385120350108,107.0032,113.2819,29.004076878276063,0,0.4062,2,2.8929,0.8984,0.214,0.0275,3.7472,3.754,0.2050955481765807,0.14858414269216158,54,57,0.8766638366436738,TRUE,0.6017725319504108,-0.5468840103687234,0.7003200000000007,1.3281899999999993,-2.730756830715371,-0.23656382080646654,-1.9735390230915268,0.7972972972972973,0.9449642267473858,0.9449642267473858,0.8512642538423401,0.9196572040707016,0.7588424437299035,0.9196572040707016
661563,Luis Gil,NYY,2024,26,151.66666666666666,29,637,2666,151.66666666666666,5.229885057471264,0.1476,28.98431048720066,105.6282,102.1891,39.19729932483121,0,0.3562,3,3.5011,1.1934,0.2684,0.1209,4.223,4.3574,0.13224667118634442,0.14097939091301806,59,58,0.9101279034342173,TRUE,-0.33465059469095954,0.9068181249655862,0.5628200000000007,0.21890999999999963,1.7197660127895396,-0.23656382080646654,-0.7502710335719854,0.8414795244385733,0.9638467100506146,0.9638467100506146,0.8988536749831423,0.9467329545454546,0.8094027954256671,0.9467329545454546
687792,DJ Herz,WSN,2024,23,88.66666666666667,19,382,1587,88.66666666666667,4.666666666666667,0.1832,29.29032258064516,98.8006,91.2625,35.72778827977316,0,0.3636,3,4.1617,1.2632,0.2775,0.0942,3.7659,3.8515,0.12152238372529678,0.10517351252613996,60,59,0.8612505084224528,TRUE,0.5245417586191635,0.9899378254819211,-0.11993999999999971,-0.8737499999999997,0.20492237597262103,-0.23656382080646654,-0.7502710335719854,0.7609561752988048,0.9407231772377,0.9407231772377,0.8410174880763116,0.9136442141623489,0.7180451127819549,0.9136442141623489
571510,Matthew Boyd,CLE,2024,33,39.666666666666664,8,166,669,39.666666666666664,4.958333333333333,0.1988,29.66360856269113,90.9041,91.3971,35.1270553064275,0,0.3143,3,2.7227,1.1345,0.2771,0.0783,3.6484,3.8875,0.17323572130247958,0.10373660717238888,57,60,0.7385371604555114,TRUE,0.9010417786089929,1.0913306125621947,-0.90959,-0.8602900000000006,-0.05736718306913462,-0.23656382080646654,-0.7502710335719854,0.5804195804195804,0.8699609882964889,0.8699609882964889,0.6904024767801857,0.8168498168498168,0.5253164556962026,0.8168498168498168
641482,Nestor Cortes,NYY,2024,29,174.33333333333334,30,710,2851,170,5.811111111111112,0.1732,24.217118997912316,108.1895,104.5544,34.970185899684324,0,0.3106,3,3.7686,1.153,0.2282,0.0549,4.0154,4.1642,0.11485875890365631,0.09841392139532924,62,61,0.916864985392697,TRUE,0.28319559195901634,-0.3880572651978151,0.8189499999999995,0.4554400000000001,-0.12585885798529559,-0.23656382080646654,-0.7502710335719854,0.8554216867469879,0.9661131819722129,0.9661131819722129,0.9047921294827039,0.9500166611129623,0.8255813953488372,0.9500166611129623
676282,Joey Cantillo,CLE,2024,24,38.666666666666664,8,163,711,37,4.833333333333333,0.1779,31.067961165048544,92.3624,90.1897,38.81856540084388,0,0.4854,3,4.8879,1.2931,0.2699,0.092,3.6948,3.4621,0.10221794047391142,0.09080824072961312,64,62,0.7435659170400651,TRUE,0.39662829028928565,1.472784059102058,-0.7637600000000007,-0.9810299999999998,1.5544047652396547,-0.23656382080646654,-0.7502710335719854,0.5759717314487632,0.8766954377311961,0.8766954377311961,0.7032640949554896,0.8257839721254355,0.5207667731629393,0.8257839721254355
657277,Logan Webb,SFG,2024,27,204.66666666666666,33,841,3202,204.66666666666666,6.2020202020202015,0.1451,20.81081081081081,108.9371,112.3706,33.885071830106185,1,0.5682,3,3.4739,1.2313,0.2045,0.0595,3.6143,3.2822,0.11985697046779388,0.0856849011872776,61,63,0.9268620456874839,TRUE,-0.39498713635599636,-1.3132864389577923,0.8937100000000001,1.2370599999999996,-0.599636898225964,4.19900781931478,-0.7502710335719854,0.8751300728407908,0.9697153240460327,0.9697153240460327,0.9143346659051971,0.9552505966587113,0.8486377396569122,0.9552505966587113
605488,Jeffrey Springs,TBR,2024,31,33,7,142,565,33,4.714285714285714,0.1831,29.927007299270073,92.8305,92.1458,36.10619469026549,0,0.3804,3,3.2727,1.3636,0.2606,0.0775,3.7402,3.8019,0.1067688728249697,0.07672475616133274,63,64,0.7087332848798884,TRUE,0.5221282969525624,1.1628755762085197,-0.71695,-0.7854200000000006,0.37014062592791086,-0.23656382080646654,-0.7502710335719854,0.5419847328244275,0.849624060150376,0.849624060150376,0.653179190751445,0.7902097902097902,0.4863013698630137,0.7902097902097902
624133,Ranger Suarez,PHI,2024,28,150.66666666666666,27,626,2355,150.66666666666666,5.580246913580247,0.1661,21.92273135669362,97.4348,107.8821,35.24416135881104,0,0.5188,5,3.4646,1.2013,0.2316,0.0655,3.6128,3.2615,0.0746037798421111,0.05566743161831735,65,65,0.904517413949176,TRUE,0.11183981363031209,-1.0112640524193313,-0.2565200000000004,0.7882099999999994,-0.006236820322879856,-0.23656382080646654,1.6962649454670975,0.839142091152815,0.9592668024439919,0.9592668024439919,0.8870056497175142,0.9401197604790419,0.8067010309278351,0.9401197604790419
666200,Jesús Luzardo,MIA,2024,26,66.66666666666667,12,274,1084,66.66666666666667,5.555555555555556,0.1314,29.62264150943396,99.1416,98.3293,35.97785977859779,0,0.3704,4,4.995,1.245,0.2117,0.0803,4.3336,4.2302,-0.02282347750013987,0.037601660269990414,69,66,0.816123447290547,TRUE,-0.7256313846803981,1.0802030484210399,-0.08584000000000032,-0.16706999999999966,0.31410756484335556,-0.23656382080646654,0.4729969559475561,0.6954314720812182,0.9155405405405406,0.9155405405405406,0.7832369942196532,0.8784440842787682,0.6462264150943396,0.8784440842787682
571760,Andrew Heaney,TEX,2024,33,160,31,693,2735,157.66666666666666,5.161290322580645,0.1703,26.346433770014556,99.3799,100.4641,34.515539305301644,0,0.3354,3,4.275,1.25,0.2294,0.0592,3.9529,4.1761,0.029928268181697953,0.023649479901242783,67,67,0.9144404172928507,TRUE,0.21320520362757406,0.19031205403382817,-0.062009999999999364,0.046410000000000194,-0.32436478333235347,-0.23656382080646654,-0.7502710335719854,0.8523985239852399,0.9647266313932981,0.9647266313932981,0.9011532125205931,0.9480069324090121,0.8220640569395018,0.9480069324090121
656557,Tanner Houck,BOS,2024,28,178.66666666666666,30,743,2736,178.66666666666666,5.955555555555555,0.1427,22.638563622170178,103.9735,107.3431,33.88157894736842,1,0.5594,3,3.1231,1.1418,0.2073,0.0646,3.7285,3.5751,0.05065816748027398,0.022900610026167577,66,68,0.9170986935051292,TRUE,-0.45291021635443196,-0.8168280650810337,0.39735000000000015,0.7343100000000007,-0.6011619463150861,4.19900781931478,-0.7502710335719854,0.8609501738122828,0.9647390691114246,0.9647390691114246,0.9011857707509882,0.9480249480249481,0.832026875699888,0.9480249480249481
663776,Patrick Sandoval,LAA,2024,27,79.66666666666667,16,353,1447,79.66666666666667,4.979166666666667,0.1303,26.53673163418291,99.6894,106.529,37.180373185901864,0,0.4502,4,5.0837,1.5063,0.2295,0.0992,4.2588,4.0443,-0.03649058938538106,5.911462181262057e-4,71,69,0.8513188310076539,TRUE,-0.7521794630130141,0.24200119252678268,-0.031059999999999376,0.6528999999999996,0.8391440208697208,-0.23656382080646654,0.4729969559475561,0.7463002114164905,0.9353587588881707,0.9353587588881707,0.8282770463651975,0.9060738885410144,0.7017892644135189,0.9060738885410144
677960,Ryan Weathers,MIA,2024,24,86.66666666666667,16,367,1415,86.66666666666667,5.416666666666667,0.1526,26.067073170731707,100.2067,99.3833,37.314487632508836,0,0.4661,4,3.6346,1.1769,0.218,0.0654,3.9766,4.0328,-0.018739794972859398,-0.0019618147683817103,68,70,0.8521177752688793,TRUE,-0.21397751136088594,0.11443149295180158,0.02066999999999979,-0.06166999999999945,0.897700518718943,-0.23656382080646654,0.4729969559475561,0.7535934291581109,0.933993399339934,0.933993399339934,0.8250728862973761,0.9041533546325878,0.7098646034816247,0.9041533546325878
806185,Hayden Birdsong,SFG,2024,22,72,16,315,1388,72,4.5,0.1429,29.780033840947546,99.5915,89.1266,40.92219020172911,0,0.3977,4,4.75,1.3889,0.2794,0.1365,4.2806,4.2134,-0.06899961423866731,-0.009262310112144661,74,71,0.8420521496691394,TRUE,-0.44808329302122885,1.1229543113261102,-0.040850000000000365,-1.0873400000000004,2.4728807702116837,-0.23656382080646654,0.4729969559475561,0.7241379310344828,0.9327956989247311,0.9327956989247311,0.8222748815165877,0.9024707412223667,0.6774193548387096,0.9024707412223667
669372,J.T. Ginn,OAK,2024,25,34,6,142,516,30.333333333333332,5.666666666666667,0.1408,28.278688524590162,93.2788,104.3246,37.98449612403101,0,0.4706,3,4.2353,1.3235,0.2042,0.0634,4.0133,3.8987,-0.06994412201827153,-0.019601910109953474,75,72,0.697930466962591,TRUE,-0.4987659880198595,0.7151554833041055,-0.6721199999999996,0.4324600000000004,1.19023686946536,-0.23656382080646654,-0.7502710335719854,0.5419847328244275,0.8376623376623377,0.8376623376623377,0.6323529411764706,0.7747747747747747,0.4863013698630137,0.7747747747747747
676710,Kutter Crawford,BOS,2024,28,183.66666666666666,33,759,2823,183.66666666666666,5.565656565656566,0.1634,25.323349217154526,99.8816,103.6823,32.270634077222816,0,0.3301,3,4.3612,1.1216,0.2306,0.0672,4.0935,4.3484,-0.026763470160268282,-0.028647076610146434,70,73,0.9190103172681366,TRUE,0.046676348632072213,-0.08758049811799339,-0.011839999999999407,0.3682299999999998,-1.30452606711214,-0.23656382080646654,-0.7502710335719854,0.863481228668942,0.9657885733835101,0.9657885733835101,0.9039385206532181,0.9495459132189707,0.834983498349835,0.9495459132189707
667755,José Soriano,LAA,2024,25,113,20,468,1739,107,5.65,0.1111,23.654568210262827,106.5994,109.9102,37.37780333525014,1,0.5968,3,3.4248,1.2035,0.2073,0.0962,4.031,3.8199,-0.04142982970705835,-0.043806516786820404,72,74,0.876928575540167,TRUE,-1.2155641030004962,-0.5408585890550831,0.6599400000000003,0.9910200000000003,0.9253451603305839,4.19900781931478,-0.7502710335719854,0.7959183673469388,0.9456226209896683,0.9456226209896683,0.8528690534575772,0.9205929062996294,0.7572815533980582,0.9205929062996294
668909,Gavin Williams,CLE,2024,24,76,16,332,1368,76,4.75,0.1416,24.814264487369986,101.4376,104.1316,35.67251461988304,0,0.4055,4,4.8553,1.3684,0.238,0.0964,4.1922,4.1204,-0.0796121940044016,-0.050081261855399566,76,75,0.8442265141731318,TRUE,-0.47945829468704787,-0.22585924978701705,0.14376000000000033,0.4131600000000006,0.1807890180208153,-0.23656382080646654,0.4729969559475561,0.7345132743362832,0.9318801089918256,0.9318801089918256,0.8201438848920863,0.9011857707509882,0.6887966804979253,0.9011857707509882
640455,Sean Manaea,NYM,2024,32,181.66666666666666,32,738,2997,181.66666666666666,5.677083333333333,0.164,26.140231449965963,98.3177,94.0483,35.03503503503504,0,0.3761,4,3.4679,1.0844,0.2493,0.0854,3.965,4.036,-0.061720552480181774,-0.053795392658442936,73,76,0.9200459459080799,TRUE,0.06115711863168145,0.13430291107712689,-0.1682299999999998,-0.5951700000000002,-0.09754469533720912,-0.23656382080646654,0.4729969559475561,0.8601398601398601,0.9677106877623507,0.9677106877623507,0.9090081892629663,0.9523355576739753,0.831081081081081,0.9523355576739753
608379,Michael Wacha,KCR,2024,32,166.66666666666666,29,685,2603,166.66666666666666,5.747126436781609,0.146,23.29635499207607,100.4175,106.2454,35.612754514022285,0,0.3859,4,3.348,1.194,0.2117,0.0657,4.1674,4.1409,-0.10286850932266882,-0.0921120506632278,78,77,0.912140813721824,TRUE,-0.3732659813565835,-0.638157277749149,0.0417500000000004,0.6245400000000003,0.1546968064892755,-0.23656382080646654,0.4729969559475561,0.8509316770186336,0.9630040695523493,0.9630040695523493,0.8966586290044781,0.9455139847439157,0.8203592814371258,0.9455139847439157
681857,Reese Olson,DET,2024,24,112.33333333333333,22,465,1855,112.33333333333333,5.1060606060606055,0.1462,28.652968036529682,93.0851,92.709,37.19676549865229,0,0.5062,4,3.5252,1.184,0.2172,0.071,3.9344,3.7159,-0.13357224320911384,-0.09434415183019566,82,78,0.8799757847875753,TRUE,-0.3684390580233804,0.8168181352327785,-0.6914900000000003,-0.7290999999999996,0.8463011650148782,-0.23656382080646654,0.4729969559475561,0.7948717948717948,0.948849104859335,0.948849104859335,0.8607888631090487,0.9251870324189526,0.7560975609756098,0.9251870324189526
663978,Chris Paddack,MIN,2024,28,88.33333333333333,17,384,1462,88.33333333333333,5.196078431372548,0.151,23.994452149791954,92.2623,106.2091,34.404924760601915,0,0.3728,4,4.9925,1.3925,0.2057,0.0547,4.1308,4.0934,-0.12553740649748474,-0.1138136438183512,81,79,0.8566570895796052,TRUE,-0.2525928980265099,-0.4485385407002074,-0.7737700000000004,0.6209100000000006,-0.3726608507037088,-0.23656382080646654,0.4729969559475561,0.7619047619047619,0.9359795134443022,0.9359795134443022,0.8297389330306469,0.9069478908188585,0.7191011235955056,0.9069478908188585
668678,Zac Gallen,ARI,2024,28,148,28,621,2507,148,5.285714285714286,0.1643,26.016260162601625,91.5201,99.9257,38.013562026326284,0,0.4617,3,3.6486,1.2635,0.2512,0.087,3.8525,3.6235,-0.11887207108184453,-0.11387487578406282,80,80,0.9067146649135261,TRUE,0.06839750363148574,0.1006295481640462,-0.84799,-0.0074299999999993815,1.202927504130741,-0.23656382080646654,-0.7502710335719854,0.8380566801619433,0.9616417337936325,0.9616417337936325,0.8931243320270752,0.9435453519006398,0.8054474708171206,0.9435453519006398
805673,Zebby Matthews,MIN,2024,24,37.666666666666664,9,177,717,37.666666666666664,4.185185185185185,0.1808,24.022346368715084,97.4898,96.9324,35.14644351464435,0,0.3802,3,6.6903,1.646,0.2429,0.0621,3.7791,4.0462,-0.10633454421373267,-0.11794234874812948,79,81,0.750205706575788,TRUE,0.4666186786207279,-0.4409618495409472,-0.25101999999999974,-0.30675999999999987,-0.04890198337236017,-0.23656382080646654,-0.7502710335719854,0.5959595959595959,0.8776009791921665,0.8776009791921665,0.7050147492625368,0.8269896193771626,0.5412844036697247,0.8269896193771626
666129,Braxton Garrett,MIA,2024,26,37,7,161,589,37,5.285714285714286,0.1863,21.785714285714285,95.6717,98.498,33.61629881154499,0,0.5128,4,5.3514,1.1892,0.2112,0.0248,3.4529,3.4886,-0.08683324148975487,-0.12070962099541326,77,82,0.7224215789267197,TRUE,0.5993590702838089,-1.0484809407365026,-0.4328299999999999,-0.15019999999999953,-0.716987467694661,-0.23656382080646654,0.4729969559475561,0.5729537366548043,0.8548621190130624,0.8548621190130624,0.6625421822272216,0.79702300405954,0.5176848874598071,0.79702300405954
694813,Gavin Stone,LAD,2024,25,140.33333333333334,25,580,2153,140.33333333333334,5.613333333333333,0.1362,24.677716390423573,99.1523,103.9354,34.69577333952624,0,0.4421,4,3.5273,1.2114,0.2,0.0638,4.1975,4.017,-0.1653303587728937,-0.13713022365993807,84,83,0.8973939072839345,TRUE,-0.6097852246835276,-0.2629487543111895,-0.08477000000000032,0.3935400000000001,-0.2456717409015272,-0.23656382080646654,0.4729969559475561,0.8285714285714286,0.9556147359076786,0.9556147359076786,0.8777007745617611,0.9348675640468953,0.7945205479452054,0.9348675640468953
657006,Justin Steele,CHC,2024,28,134.66666666666666,24,555,2047,134.66666666666666,5.611111111111111,0.1766,23.719165085388994,101.0208,102.2001,31.362970200293113,0,0.4484,2,3.0743,1.099,0.2432,0.0667,3.7427,3.6243,-0.13712622231825253,-0.14338444475939396,83,84,0.8931329192226624,TRUE,0.3652532886234666,-0.5233126389772904,0.10207999999999942,0.22001000000000062,-1.7008265343765498,-0.23656382080646654,-1.9735390230915268,0.8222222222222222,0.9534233814625058,0.9534233814625058,0.8721772475500639,0.9317250796540737,0.7872340425531915,0.9317250796540737
674370,Osvaldo Bido,OAK,2024,28,63.333333333333336,9,259,1056,45.666666666666664,7.037037037037037,0.1429,26.38888888888889,104.3935,88.9603,37.59469696969697,0,0.2963,4,3.4105,1.0895,0.2432,0.1004,4.2282,4.6262,-0.22728962991562332,-0.14339743610696418,91,85,0.8105176578380784,TRUE,-0.44808329302122885,0.20184380994091933,0.4393500000000003,-1.1039699999999997,1.0200443665705723,-0.23656382080646654,0.4729969559475561,0.683377308707124,0.9134948096885813,0.9134948096885813,0.7787610619469026,0.8756218905472637,0.6332518337408313,0.8756218905472637
666201,Alek Manoah,TOR,2024,26,24.333333333333332,5,103,394,24.333333333333332,4.866666666666666,0.1748,28.19148936170213,87.3015,78.7923,36.29441624365482,0,0.3538,4,3.6986,1.0274,0.2524,0.0777,3.8413,4.1867,-0.2747669201898762,-0.15826675707261764,97,86,0.6400560696695319,TRUE,0.3218109786246403,0.691470248439873,-1.2698499999999995,-2.1207700000000003,0.45232114611093754,-0.23656382080646654,0.4729969559475561,0.4618834080717489,0.7975708502024291,0.7975708502024291,0.5677233429394812,0.7242647058823529,0.40711462450592883,0.7242647058823529
665795,Edward Cabrera,MIA,2024,26,96.33333333333333,20,418,1734,96.33333333333333,4.816666666666666,0.1364,28.010139416983524,98.7248,95.8719,38.63898500576701,0,0.4704,3,4.9516,1.3702,0.256,0.1196,4.2233,3.9449,-0.21589703648913194,-0.15942049735338681,89,87,0.8710125167960341,TRUE,-0.6049583013503246,0.6422115641702656,-0.1275199999999998,-0.41281000000000034,1.475997112044041,-0.23656382080646654,-0.7502710335719854,0.7769516728624535,0.945474372955289,0.945474372955289,0.8525073746312685,0.9203821656050956,0.7359154929577465,0.9203821656050956
669854,Ronel Blanco,HOU,2024,30,167.33333333333334,29,676,2753,165.33333333333334,5.770114942528736,0.145,28.998505231689087,90.2029,96.4937,36.10606610969851,0,0.3982,3,2.7968,1.0876,0.2456,0.1006,4.1722,4.091,-0.1923973508124452,-0.1633541777004995,86,88,0.9137058781710249,TRUE,-0.3974005980225982,0.910673733734192,-0.9797100000000001,-0.3506299999999996,0.37008448560981483,-0.23656382080646654,-0.7502710335719854,0.8492462311557789,0.9649491763056431,0.9649491763056431,0.9017359973796266,0.9483293145022391,0.8184019370460048,0.9483293145022391
689017,Landon Knack,LAD,2024,26,69,12,286,1149,56.666666666666664,5.75,0.1783,23.062381852551987,93.5959,94.1645,36.98868581375109,0,0.3112,4,3.6522,1.1014,0.2413,0.0629,3.887,4.227,-0.16656012088634795,-0.16546423530995694,85,89,0.8231832111594348,TRUE,0.40628213695569115,-0.7017095938266029,-0.6404099999999999,-0.5835499999999996,0.7554502691595577,-0.23656382080646654,0.4729969559475561,0.7044334975369458,0.9199359487590072,0.9199359487590072,0.7929606625258799,0.8845265588914549,0.6559633027522935,0.8845265588914549
669358,Shane Baz,TBR,2024,25,79.33333333333333,14,319,1207,79.33333333333333,5.666666666666666,0.1317,24.58745874587459,102.2815,100.0572,34.71416735708368,0,0.3927,4,3.063,1.0588,0.2163,0.0846,4.3342,4.3908,-0.24412070762200833,-0.17730695912658417,94,90,0.8333789947708817,TRUE,-0.7183909996805932,-0.287464740917392,0.2281499999999994,0.005719999999999459,-0.23764062063976094,-0.23656382080646654,0.4729969559475561,0.7266514806378133,0.9234889058913542,0.9234889058913542,0.80092899800929,0.8894620486366986,0.6801705756929638,0.8894620486366986
450203,Charlie Morton,ATL,2024,40,165.33333333333334,30,701,2795,165.33333333333334,5.511111111111111,0.1455,26.113671274961597,97.6056,93.167,36.887298747763865,0,0.4633,4,4.1915,1.3246,0.2382,0.0927,4.0576,3.9876,-0.2240187594472557,-0.1928418991039964,90,91,0.9156701186747895,TRUE,-0.38533328968959085,0.12708857595992742,-0.23944000000000046,-0.6832999999999998,0.7111830655762021,-0.23656382080646654,0.4729969559475561,0.853836784409257,0.9654576856649395,0.9654576856649395,0.9030694668820679,0.9490662139219015,0.8237367802585194,0.9490662139219015
678394,Brayan Bello,BOS,2024,25,162.33333333333334,30,702,2713,162.33333333333334,5.411111111111111,0.1268,25.87579617834395,97.3977,106.5795,36.89642462218946,0,0.5085,3,4.4908,1.3614,0.2179,0.0912,4.1286,3.869,-0.2314153643349874,-0.1982878306676103,93,92,0.9146437232038332,TRUE,-0.8366506213440655,0.0624764014259204,-0.26022999999999996,0.6579499999999996,0.7151675673185126,-0.23656382080646654,-0.7502710335719854,0.8540145985401459,0.9644507643085674,0.9644507643085674,0.9004314636574843,0.9476074048201187,0.823943661971831,0.9476074048201187
641793,Zack Littell,TBR,2024,28,156.33333333333334,29,656,2488,156.33333333333334,5.39080459770115,0.1677,23.100775193798448,89.4217,100.0878,32.47588424437299,0,0.3403,4,3.6269,1.2473,0.2149,0.0473,3.9902,4.0072,-0.20617836488967528,-0.20237080795357862,88,93,0.9086643313428819,TRUE,0.15045520029593537,-0.6912811071929331,-1.0578299999999998,0.008780000000000144,-1.2149105836549168,-0.23656382080646654,0.4729969559475561,0.845360824742268,0.9613601236476044,0.9613601236476044,0.8923959827833573,0.9431387414708112,0.8138957816377171,0.9431387414708112
593423,Frankie Montas,2 Tms,2024,31,150.66666666666666,30,655,2638,150.66666666666666,5.022222222222222,0.1252,24.882995319812792,102.421,101.0602,36.884003032600454,0,0.4159,4,4.8385,1.3673,0.226,0.1008,4.3779,4.2612,-0.24589624750016023,-0.20322558349509998,95,94,0.9108665101836907,TRUE,-0.8752660080096889,-0.20719042482464484,0.24210000000000065,0.10601999999999948,0.7097441039821283,-0.23656382080646654,0.4729969559475561,0.8451612903225807,0.9634769905040176,0.9634769905040176,0.8978897208985704,0.9461979913916786,0.8136645962732919,0.9461979913916786
674003,Cody Bradford,TEX,2024,26,76.33333333333333,13,308,1176,74.33333333333333,5.871794871794871,0.1851,23.570190641247834,88.7411,98.1023,31.887755102040817,0,0.3604,3,3.5371,1.0087,0.2273,0.0422,3.7793,3.8238,-0.19458393725044368,-0.2059533203691349,87,95,0.8294112946956825,TRUE,0.5703975302845911,-0.563777416176844,-1.1258899999999996,-0.18977000000000005,-1.4716971098593838,-0.23656382080646654,-0.7502710335719854,0.719626168224299,0.9216300940438872,0.9216300940438872,0.7967479674796748,0.8868778280542986,0.6724890829694323,0.8868778280542986
676775,Keaton Winn,SFG,2024,26,55.333333333333336,12,238,877,55.333333333333336,4.611111111111112,0.1176,25.217391304347824,102.1853,99.6502,33.181299885974916,0,0.5,4,7.1566,1.3735,0.2017,0.084,4.2632,4.0717,-0.33625631519735755,-0.21772019360171027,104,96,0.7894999983555098,TRUE,-1.0586890946714007,-0.1163610272817084,0.2185299999999998,-0.03498000000000019,-0.9069149087272067,-0.23656382080646654,0.4729969559475561,0.664804469273743,0.8976458546571137,0.8976458546571137,0.7451146983857264,0.8539435248296008,0.6134020618556701,0.8539435248296008
621112,Paul Blackburn,2 Tms,2024,30,75.33333333333333,14,316,1212,75.33333333333333,5.3809523809523805,0.1203,23.488773747841105,88.3152,101.887,37.70627062706271,0,0.4569,6,4.6593,1.2876,0.1867,0.0665,4.3341,4.1415,-0.3016966510557159,-0.2239917967795551,102,97,0.8331094557430155,TRUE,-0.9935256296731609,-0.5858920578590198,-1.1684799999999995,0.18870000000000003,1.0687591977677886,-0.23656382080646654,2.919532934986639,0.7247706422018348,0.9237804878048781,0.9237804878048781,0.8015873015873016,0.8898678414096917,0.6781115879828327,0.8898678414096917
621107,Zach Eflin,2 Tms,2024,30,165.33333333333334,28,684,2447,165.33333333333334,5.904761904761905,0.1608,21.58626328699918,99.9726,105.2002,31.957498978340826,0,0.4275,3,3.5927,1.1492,0.1959,0.0351,3.9667,3.8096,-0.23130187949804734,-0.2251582047135136,92,98,0.9096626353591024,TRUE,-0.016073654699565787,-1.1026562744439923,-0.002740000000000009,0.5200199999999995,-1.4412458255579534,-0.23656382080646654,-0.7502710335719854,0.8507462686567164,0.9607381232822929,0.9607381232822929,0.8907899526756462,0.9422410473623412,0.8201438848920863,0.9422410473623412
687765,Mitch Spence,OAK,2024,26,151.33333333333334,24,651,2482,126,6.305555555555556,0.126,22.53184713375796,103.3218,106.2833,35.53585817888799,0,0.4841,4,4.5793,1.3811,0.1935,0.0676,4.1753,4.121,-0.26962770550266063,-0.23358536577954908,96,99,0.9082592675912196,TRUE,-0.8559583146768772,-0.8458146402752822,0.3321799999999996,0.6283299999999997,0.12112264504118117,-0.23656382080646654,0.4729969559475561,0.8443579766536965,0.9612703330751355,0.9612703330751355,0.8921639108554996,0.9430091185410334,0.8127340823970037,0.9430091185410334
688107,Robert Gasser,MIL,2024,25,28,5,114,399,28,5.6,0.1316,21.634615384615383,105.3781,101.0105,29.072681704260653,0,0.4301,4,2.5714,1.0357,0.1404,0.0088,4.3448,4.1802,-0.3888244199419419,-0.2372544609495026,109,100,0.6489376327147627,TRUE,-0.720804461347195,-1.0895227677647072,0.5378100000000003,0.10104999999999933,-2.7008028738759142,-0.23656382080646654,0.4729969559475561,0.48717948717948717,0.7995991983967936,0.7995991983967936,0.5708154506437768,0.726775956284153,0.4318181818181818,0.726775956284153
592866,Trevor Williams,WSN,2024,32,66.66666666666667,13,260,1064,66.66666666666667,5.128205128205129,0.1577,22.535211267605632,89.7315,94.2631,37.31203007518797,0,0.4536,5,2.025,1.035,0.2269,0.0692,3.9571,3.8168,-0.29704144795738785,-0.25170814079184817,101,101,0.8113538920378793,TRUE,-0.09089096636421115,-0.8449008665914782,-1.0268500000000003,-0.5736900000000006,0.8966275101533902,-0.23656382080646654,1.6962649454670975,0.6842105263157895,0.9140893470790378,0.9140893470790378,0.7800586510263929,0.8764415156507414,0.6341463414634146,0.8764415156507414
650644,Aaron Civale,2 Tms,2024,29,161,31,689,2700,161,5.193548387096774,0.1408,21.867321867321866,106.1533,99.3665,35.925925925925924,0,0.3564,4,4.3602,1.3043,0.2163,0.0755,4.2578,4.3121,-0.2893263629385332,-0.25861004363552853,100,102,0.9137418186450609,TRUE,-0.4987659880198595,-1.026314503891696,0.6153300000000002,-0.0633499999999998,0.2914324197771877,-0.23656382080646654,0.4729969559475561,0.8516687268232386,0.9642857142857143,0.9642857142857143,0.9,0.9473684210526315,0.8212157330154947,0.9473684210526315
681035,Christian Scott,NYM,2024,25,47.333333333333336,9,197,788,47.333333333333336,5.2592592592592595,0.1371,21.588089330024815,100.2816,102.519,35.40609137055838,0,0.3239,4,4.5634,1.2042,0.198,0.0609,4.4759,4.7059,-0.3444843231684785,-0.2600282960655183,105,103,0.7669120719129313,TRUE,-0.5880640696841141,-1.1021602804860013,0.02815999999999974,0.25190000000000057,0.06446439512779428,-0.23656382080646654,0.4729969559475561,0.6214511041009464,0.8873873873873874,0.8873873873873874,0.7242647058823529,0.8400852878464818,0.5677233429394812,0.8400852878464818
607625,Seth Lugo,KCR,2024,34,206.66666666666666,33,836,3112,206.66666666666666,6.262626262626262,0.1591,22.451790633608816,96.7431,96.7512,34.67223650385604,0,0.4416,4,3.0048,1.0887,0.2165,0.0574,3.9374,3.8299,-0.27834058588520955,-0.26319090442761117,99,104,0.9257410829957067,TRUE,-0.057102503031790944,-0.8675597688480836,-0.32569000000000015,-0.3248800000000003,-0.2559482972470081,-0.23656382080646654,0.4729969559475561,0.8744769874476988,0.9688667496886675,0.9688667496886675,0.9120750293083235,0.9540159411404047,0.847870182555781,0.9540159411404047
670102,Bowden Francis,TOR,2024,28,103.66666666666667,13,408,1561,77,7.9743589743589745,0.1716,21.21588089330025,98.7208,100.1883,32.607303010890455,0,0.3427,3,3.299,0.926,0.2255,0.053900000000000003,3.8765,4.1706,-0.27500055738415224,-0.2670388972108812,98,105,0.8638515659658527,TRUE,0.24458020529339305,-1.2032603822563586,-0.1279200000000003,0.018829999999999812,-1.1575310625547106,-0.23656382080646654,-0.7502710335719854,0.7727272727272727,0.9397953040337146,0.9397953040337146,0.8387963460505105,0.9123319696084161,0.7311827956989247,0.9123319696084161
679525,Alec Marsh,KCR,2024,26,129,25,548,2163,128,5.16,0.1533,23.540856031128406,94.3464,90.2768,35.64493758668516,0,0.3774,5,4.5349,1.2558,0.2245,0.0712,4.0777,4.2156,-0.3065203029237182,-0.27030990034845603,103,106,0.8950824204629866,TRUE,-0.19708327969467618,-0.5717453496674609,-0.5653599999999998,-0.9723200000000005,0.1687484472546262,-0.23656382080646654,1.6962649454670975,0.8203592814371258,0.9558108705258507,0.9558108705258507,0.8781973203410475,0.9351491569390402,0.7851002865329513,0.9351491569390402
665152,Dean Kremer,BAL,2024,28,129.66666666666666,24,553,2171,129.66666666666666,5.402777777777778,0.1302,23.33000997008973,96.2801,96.3788,36.29663749424228,0,0.4167,5,4.0951,1.2416,0.2224,0.0922,4.3324,4.3377,-0.35676845019297043,-0.30329778650043515,106,107,0.8956561060963991,TRUE,-0.7545929246796153,-0.6290158361090763,-0.37198999999999954,-0.36212000000000016,0.4532909794028602,-0.23656382080646654,1.6962649454670975,0.8216939078751857,0.9559665345662703,0.9559665345662703,0.8785916632942129,0.93537268418785,0.786628733997155,0.93537268418785
663436,Davis Martin,CHW,2024,27,50,10,220,892,47.333333333333336,5,0.1091,27.02078521939954,93.8626,93.6154,36.65919282511211,0,0.4583,4,4.32,1.46,0.2136,0.1045,4.513,4.5692,-0.4945614409584757,-0.3200636252808173,116,108,0.7857792561524917,TRUE,-1.2638333363325256,0.37348092780188974,-0.61374,-0.6384600000000006,0.6115883961943427,-0.23656382080646654,0.4729969559475561,0.6470588235294118,0.8991935483870968,0.8991935483870968,0.7483221476510067,0.8560460652591171,0.5945945945945946,0.8560460652591171
656605,Mitch Keller,PIT,2024,28,178,31,773,2852,178,5.741935483870968,0.1501,21.518054532056006,100.3484,97.0616,33.73071528751753,0,0.3941,4,4.2472,1.3034,0.2147,0.0647,4.0823,4.0787,-0.3594882403839693,-0.33354125111672805,107,109,0.9200351767907305,TRUE,-0.27431405302592277,-1.1211832915290114,0.0348399999999998,-0.29384000000000016,-0.667031416734426,-0.23656382080646654,0.4729969559475561,0.8656215005599104,0.9661246612466124,0.9661246612466124,0.9048223350253807,0.950033311125916,0.8374864572047671,0.950033311125916
622663,Luis Severino,NYM,2024,30,182,31,761,2892,182,5.870967741935484,0.1327,22.039698836413415,108.6063,101.8852,34.820193637621024,0,0.4596,3,3.9066,1.2418,0.2116,0.0788,4.2187,4.1211,-0.37484097721164833,-0.33836170634814494,108,110,0.9199553869598155,TRUE,-0.6942563830145785,-0.9794930796612792,0.8606300000000005,0.18851999999999974,-0.19134786228808034,-0.23656382080646654,-0.7502710335719854,0.8637911464245176,0.9665775401069518,0.9665775401069518,0.9060150375939849,0.9506903353057199,0.8353457738748628,0.9506903353057199
518876,Merrill Kelly,ARI,2024,35,73.66666666666667,13,300,1143,73.66666666666667,5.666666666666667,0.1467,21.272727272727273,90.8672,95.0083,35.08311461067367,0,0.4245,5,4.0317,1.1674,0.21,0.0633,4.0899,3.8917,-0.4397633411736859,-0.3697429975372832,112,111,0.8257332236729223,TRUE,-0.35637174969037305,-1.187819639440522,-0.9132800000000003,-0.49916999999999945,-0.07655238885045461,-0.23656382080646654,1.6962649454670975,0.7142857142857143,0.919549477071601,0.919549477071601,0.7920997920997921,0.8839907192575406,0.6666666666666666,0.8839907192575406
607200,Erick Fedde,2 Tms,2024,31,177.33333333333334,31,726,2895,176.4,5.720430107526882,0.1405,21.580547112462007,90.5198,102.4454,38.48013816925734,0,0.4211,4,3.2989,1.1617,0.2121,0.0716,4.1886,4.1162,-0.4163880694317216,-0.3864003387510821,110,112,0.9182466153259482,TRUE,-0.5060063730196638,-1.1042089147670622,-0.9480199999999996,0.24454000000000065,1.406642059879579,-0.23656382080646654,0.4729969559475561,0.8581560283687943,0.9666110183639399,0.9666110183639399,0.9061032863849765,0.9507389162561576,0.8287671232876712,0.9507389162561576
693821,Bryce Elder,ATL,2024,25,49.666666666666664,10,226,864,49.666666666666664,4.966666666666667,0.1283,25.526315789473685,87.2527,91.6544,37.96296296296296,0,0.5062,4,6.5235,1.6309,0.2035,0.0752,4.1233,3.9535,-0.5361066453189958,-0.3905639896242225,121,113,0.7847405991345804,TRUE,-0.8004486963450435,-0.032450256315784354,-1.2747299999999995,-0.8345600000000004,1.1808351492803353,-0.23656382080646654,0.4729969559475561,0.653179190751445,0.8962655601659751,0.8962655601659751,0.7422680412371134,0.8520710059171598,0.601063829787234,0.8520710059171598
696136,Jordan Wicks,CHC,2024,24,46,10,212,852,42.666666666666664,4.6,0.1038,23.364485981308412,102.2705,102.2204,37.32394366197183,0,0.3904,3,5.4783,1.6304,0.1981,0.0943,4.6214,4.6488,-0.5803084135694991,-0.40302896864682414,127,114,0.7791839540140842,TRUE,-1.3917468046624035,-0.6196513835633,0.22704999999999984,0.2220399999999998,0.901829171395226,-0.23656382080646654,-0.7502710335719854,0.6385542168674698,0.8949579831932774,0.8949579831932774,0.7395833333333334,0.8502994011976048,0.585635359116022,0.8502994011976048
663903,Brady Singer,KCR,2024,27,179.66666666666666,32,762,2969,179.66666666666666,5.614583333333333,0.1522,25.132075471698112,90.5273,91.7407,37.217918491074435,0,0.4713,3,3.7069,1.2746,0.2231,0.0709,3.8932,3.6219,-0.43765415822182546,-0.4037565217393872,111,115,0.9209068897848598,TRUE,-0.22363135802729212,-0.1395347077050017,-0.9472700000000003,-0.8259299999999996,0.855536897529973,-0.23656382080646654,-0.7502710335719854,0.8639455782312925,0.9674160964483545,0.9674160964483545,0.9082288161517283,0.9519076627124078,0.8355263157894737,0.9519076627124078
663372,Ryan Feltner,COL,2024,27,162.33333333333334,30,692,2580,162.33333333333334,5.411111111111111,0.1243,23.851732473811442,92.9821,93.7682,35.58139534883721,0,0.4492,5,4.4908,1.3368,0.1994,0.0751,4.3143,4.168,-0.46577739752864655,-0.40863688874396337,113,116,0.9121979768759291,TRUE,-0.8969871630091024,-0.4873043835522317,-0.7017899999999997,-0.6231800000000007,0.1410048968168267,-0.23656382080646654,1.6962649454670975,0.8522167487684729,0.9626865671641791,0.9626865671641791,0.8958333333333334,0.945054945054945,0.8218527315914489,0.945054945054945
669721,Davis Daniel,LAA,2024,27,30.333333333333332,6,134,508,30.333333333333332,5.055555555555555,0.1642,20.158102766798418,92.1466,98.7143,31.69291338582677,0,0.3636,3,6.2308,1.4835,0.209,0.0448,4.0224,4.156,-0.50287541794398,-0.41129188285388113,117,117,0.6918897846039923,TRUE,0.06598404196488453,-1.4905764817539349,-0.7853399999999994,-0.12857000000000057,-1.5567680982955652,-0.23656382080646654,-0.7502710335719854,0.5275590551181102,0.8355263157894737,0.8355263157894737,0.6287128712871287,0.7720364741641338,0.47183098591549294,0.7720364741641338
684320,Yariel Rodríguez,TOR,2024,27,86.66666666666667,21,368,1502,86.66666666666667,4.126984126984127,0.1223,25.65982404692082,93.5179,90.3796,38.08255659121172,0,0.3739,4,4.4654,1.3154,0.231,0.1087,4.4609,4.4206,-0.5269323709747005,-0.41659590445636774,120,118,0.8559427680061944,TRUE,-0.9452563963411315,0.0038135600927535042,-0.6482100000000003,-0.9620400000000003,1.2330516271654628,-0.23656382080646654,0.4729969559475561,0.7540983606557377,0.9375780274656679,0.9375780274656679,0.8335183129855716,0.9092009685230025,0.7104247104247104,0.9092009685230025
676272,Bobby Miller,LAD,2024,25,56,13,258,1054,56,4.3076923076923075,0.0853,23.711340206185568,105.6847,98.9681,39.56356736242884,0,0.4425,4,8.5179,1.7679,0.2016,0.1163,4.8392,4.6976,-0.6144091906506097,-0.41865860173733466,131,119,0.810121033147143,TRUE,-1.8382372129836755,-0.5254380504557855,0.5684700000000007,-0.10318999999999931,1.8796844563161876,-0.23656382080646654,0.4729969559475561,0.6825396825396826,0.9133448873483535,0.9133448873483535,0.7784342688330872,0.8754152823920266,0.6323529411764706,0.8754152823920266
668964,Tobias Myers,MIL,2024,25,138,25,569,2153,133,5.52,0.1599,21.254681647940075,91.2282,93.6966,34.091964700418025,0,0.3756,4,3,1.1739,0.2232,0.0633,3.9921,3.9703,-0.46603632749220597,-0.4326594016359059,114,120,0.8965538328092695,TRUE,-0.037794809698979304,-1.1927212330705599,-0.8771799999999998,-0.6303399999999997,-0.5093041844733737,-0.23656382080646654,0.4729969559475561,0.8258345428156749,0.9556147359076786,0.9556147359076786,0.8777007745617611,0.9348675640468953,0.7913769123783032,0.9348675640468953
477132,Clayton Kershaw,LAD,2024,36,30,7,133,504,30,4.285714285714286,0.1128,21.73913043478261,100.9223,99.6552,33.73015873015873,0,0.3854,3,4.5,1.5,0.1805,0.0677,4.5146,4.3297,-0.6862555637707122,-0.44340980873417296,143,121,0.6903829444875205,TRUE,-1.1745352546682712,-1.0611341522313638,0.0922300000000007,-0.03448000000000064,-0.6672744185184127,-0.23656382080646654,-0.7502710335719854,0.525691699604743,0.8344370860927153,0.8344370860927153,0.6268656716417911,0.7706422018348624,0.46996466431095407,0.7706422018348624
592332,Kevin Gausman,TOR,2024,33,181,31,756,2959,181,5.838709677419355,0.1402,23.389830508474578,95.7061,102.5111,34.87664751605272,0,0.3827,2,3.8287,1.221,0.2143,0.0741,4.2392,4.2173,-0.4789410632274959,-0.44421911070600295,115,122,0.9205033021215605,TRUE,-0.5132467580194687,-0.6127672454755945,-0.4293899999999994,0.2511099999999999,-0.16669920217278716,-0.23656382080646654,-1.9735390230915268,0.863013698630137,0.96730957829356,0.96730957829356,0.9079472230745628,0.9517529752331939,0.8344370860927153,0.9517529752331939
663855,Jordan Hicks,SFG,2024,27,109.66666666666667,20,481,1960,98.66666666666667,5.483333333333333,0.1019,24.567474048442907,105.0009,98.9542,39.13265306122449,0,0.5092,3,4.1033,1.4498,0.1996,0.0977,4.4368,4.3402,-0.5483374353052003,-0.4456081857757866,122,123,0.8843720049086271,TRUE,-1.4376025763278313,-0.2928930298674566,0.5000900000000001,-0.10457999999999998,1.6915404271675782,-0.23656382080646654,-0.7502710335719854,0.800332778702163,0.9514563106796117,0.9514563106796117,0.8672566371681416,0.9289099526066351,0.7622820919175911,0.9289099526066351
671212,Joe Boyle,OAK,2024,24,47.666666666666664,10,226,966,42.666666666666664,4.766666666666667,0.0708,30.183727034120736,104.7895,89.5934,43.99585921325052,0,0.368,2,6.4196,1.7203,0.2478,0.177,5.2236,5.1086,-0.7325603170866876,-0.4456375893243446,145,124,0.7944059615435802,TRUE,-2.1881891546408885,1.232606374221213,0.4789500000000004,-1.0406599999999997,3.8148934870804534,-0.23656382080646654,-1.9735390230915268,0.653179190751445,0.9061913696060038,0.9061913696060038,0.7630331753554502,0.8655913978494624,0.601063829787234,0.8655913978494624
663969,Tyler Phillips,PHI,2024,26,36.666666666666664,7,160,578,32.666666666666664,5.238095238095238,0.1312,21.710526315789473,93.1363,94.3613,33.73702422145329,0,0.4228,4,6.8727,1.4182,0.175,0.0438,4.2655,4.2725,-0.6327081921899681,-0.44849326301233267,134,125,0.719828398808361,TRUE,-0.7304583080136006,-1.0689036680615422,-0.6863699999999995,-0.56387,-0.6642768359581834,-0.23656382080646654,0.4729969559475561,0.5714285714285714,0.8525073746312685,0.8525073746312685,0.6583143507972665,0.7939560439560439,0.5161290322580645,0.7939560439560439
656849,David Peterson,NYM,2024,28,121,21,510,1875,121,5.761904761904762,0.10780000000000001,25.58659217877095,93.3495,95.5739,35.57333333333333,0,0.5014,4,2.9008,1.2893,0.198,0.0902,4.3714,4.0982,-0.5604547283234408,-0.4640945475287227,125,126,0.884986582405052,TRUE,-1.2952083379983446,-0.01607784642112997,-0.6650499999999994,-0.4426100000000005,0.13748489277955178,-0.23656382080646654,0.4729969559475561,0.8095238095238095,0.9493670886075949,0.9493670886075949,0.8620689655172413,0.9259259259259259,0.7727272727272727,0.9259259259259259
434378,Justin Verlander,HOU,2024,41,90.33333333333333,17,396,1580,90.33333333333333,5.313725490196078,0.1187,21.32639791937581,106.3025,95.3179,34.620253164556964,0,0.2822,4,5.4797,1.3838,0.1869,0.0682,4.804,5.1348,-0.5770447476765594,-0.4734272672568333,126,127,0.862954870568977,TRUE,-1.0321410163387845,-1.1732414963817623,0.6302499999999995,-0.46821000000000057,-0.2786450489607313,-0.23656382080646654,0.4729969559475561,0.7674418604651163,0.9404761904761905,0.9404761904761905,0.8404255319148937,0.9132947976878613,0.7252747252747253,0.9132947976878613
592791,Jameson Taillon,CHC,2024,32,165.33333333333334,28,675,2483,165.33333333333334,5.904761904761905,0.1363,19.46532999164578,92.7816,99.7145,33.54812726540475,0,0.4008,5,3.2661,1.131,0.1852,0.0489,4.2912,4.1552,-0.5197971416113737,-0.47748680086948253,118,128,0.9097247517157133,TRUE,-0.6073717630169257,-1.678748997906473,-0.7218400000000003,-0.0285499999999999,-0.7467522476712553,-0.23656382080646654,1.6962649454670975,0.8490566037735849,0.9612853271389856,0.9612853271389856,0.892202659001078,0.9430307633877706,0.8181818181818182,0.9430307633877706
663623,Jake Irvin,WSN,2024,27,187.66666666666666,33,769,3046,187.66666666666666,5.686868686868687,0.1352,22.289972899728998,98.5991,98.3957,34.83256730137886,0,0.4394,3,4.4121,1.1989,0.2029,0.0676,4.2117000000000004,4.0347,-0.5240925051830126,-0.4814791332287212,119,129,0.9220995087033194,TRUE,-0.6339198413495424,-0.9115130696046821,-0.1400899999999993,-0.1604299999999995,-0.18594532413090484,-0.23656382080646654,-0.7502710335719854,0.8650168728908887,0.9682136045772409,0.9682136045772409,0.9103407053197848,0.9530663329161452,0.8367791077257889,0.9530663329161452
502043,Kyle Gibson,STL,2024,36,169.66666666666666,30,722,2764,169.66666666666666,5.655555555555555,0.115,25.885328836424957,87.1761,94.4447,40.26772793053546,0,0.4476,4,4.2436,1.3497,0.2091,0.0942,4.4361,4.1924,-0.5551112310599452,-0.48883437808292635,124,130,0.9163955625040423,TRUE,-1.1214390980030389,0.06506568368564782,-1.2823899999999995,-0.5555300000000003,2.187132146218511,-0.23656382080646654,0.4729969559475561,0.8574821852731591,0.9650837988826816,0.9650837988826816,0.902088772845953,0.9485243651338366,0.8279816513761468,0.9485243651338366
663362,Matt Waldron,SDP,2024,27,146.66666666666666,26,625,2451,142.66666666666666,5.6410256410256405,0.1488,20.792079207920793,90.4876,95.0772,35.94451244390045,0,0.389,4,4.9091,1.2614,0.2128,0.064,4.1329,4.3238,-0.5517584409782685,-0.5099807879937924,123,131,0.9060836646224103,TRUE,-0.3056890546917424,-1.3183743595196362,-0.95124,-0.4922799999999995,0.2995475887789983,-0.23656382080646654,0.4729969559475561,0.8389261744966443,0.9607996863974911,0.9607996863974911,0.8909487459105779,0.9423298731257209,0.8064516129032258,0.9423298731257209
682990,Quinn Priester,2 Tms,2024,23,49.666666666666664,7,221,811,36.666666666666664,7.095238095238095,0.086,22.167487684729064,91.4844,90.9087,33.908754623921084,1,0.5789,5,4.7114,1.4094,0.1493,0.0633,4.1357,4.1126,-0.6776456570583607,-0.5121052862117672,141,132,0.7774343406304963,TRUE,-1.8213429813174653,-0.9447827821636722,-0.8515600000000006,-0.9091300000000004,-0.5892966142359048,4.19900781931478,1.6962649454670975,0.6480938416422287,0.8902305159165752,0.8902305159165752,0.72997299729973,0.8439125910509886,0.5956873315363881,0.8439125910509886
664299,Cristian Javier,HOU,2024,27,34.666666666666664,7,150,571,34.666666666666664,4.952380952380952,0.0533,26.31578947368421,99.192,97.5022,40.98073555166375,0,0.2524,3,3.8942,1.4135,0.18,0.1267,5.6111,5.5646,-0.916378473013739,-0.5122872544030415,168,133,0.7138532155846281,FALSE,-2.610544946296146,0.1819883805971303,-0.08080000000000069,-0.2497799999999998,2.4984426000090076,-0.23656382080646654,-0.7502710335719854,0.5555555555555556,0.8509687034277198,0.8509687034277198,0.6555683122847302,0.7919556171983356,0.5,0.7919556171983356
677944,Slade Cecconi,ARI,2024,25,77,13,338,1294,61,5.923076923076923,0.1391,19.620253164556964,95.104,103.6059,33.77125193199382,0,0.336,3,6.6623,1.4156,0.1893,0.0503,4.3541,4.6983,-0.591275021717196,-0.5178576766964972,128,134,0.8415971699870071,TRUE,-0.5397948363520847,-1.6366684134744292,-0.4896000000000001,0.3605900000000005,-0.6493324738155745,-0.23656382080646654,-0.7502710335719854,0.7379912663755459,0.9282639885222381,0.9282639885222381,0.8117942283563363,0.8961218836565097,0.6926229508196722,0.8961218836565097
458681,Lance Lynn,STL,2024,37,117.33333333333333,23,511,2040,117.33333333333333,5.101449275362318,0.1272,24.137931034482758,97.8524,91.6382,37.549019607843135,0,0.3629,3,3.8352,1.3381,0.2133,0.0861,4.3972,4.3914,-0.6060560418100842,-0.5223103086657416,130,135,0.8891782006315915,TRUE,-0.8269967746776594,-0.40956647985229094,-0.2147599999999997,-0.8361800000000003,1.0001009047823692,-0.23656382080646654,-0.7502710335719854,0.8098256735340729,0.9532710280373832,0.9532710280373832,0.8717948717948718,0.9315068493150684,0.773071104387292,0.9315068493150684
641585,J.P. France,HOU,2024,29,25.333333333333332,5,121,466,25.333333333333332,5.066666666666666,0.0826,25.510204081632654,90.3661,85.2502,42.27467811158798,0,0.2907,4,7.4605,1.6974,0.1818,0.0992,5.1769,5.5952,-0.9604924355451399,-0.5303650145721941,171,136,0.6737934810932559,FALSE,-1.903400677981915,-0.03682655502829269,-0.9633899999999997,-1.4749799999999993,3.063398476457305,-0.23656382080646654,0.4729969559475561,0.5020746887966805,0.823321554770318,0.823321554770318,0.608355091383812,0.7564935064935064,0.44649446494464945,0.7564935064935064
686563,Jonathan Cannon,CHW,2024,23,124.33333333333333,21,522,2029,115.33333333333333,5.92063492063492,0.0977,21.780104712041886,95.5948,99.9837,37.111877772301625,0,0.3808,5,4.4879,1.3271,0.1743,0.0766,4.7171,4.625,-0.6347027403203038,-0.5355298251047286,135,137,0.8899200752763514,TRUE,-1.5389679663250933,-1.0500046258903335,-0.44051999999999936,-0.0016300000000001092,0.8092378352153302,-0.23656382080646654,1.6962649454670975,0.8130841121495327,0.9530295913574448,0.9530295913574448,0.87118935165307,0.9311610830656264,0.7767857142857143,0.9311610830656264
669084,DL Hall,MIL,2024,25,43,7,197,783,31,6.142857142857143,0.1168,23.59882005899705,89.3489,88.7277,38.05874840357599,0,0.4553,4,5.0233,1.6047,0.2234,0.1066,4.3563,4.4817,-0.7677495504061627,-0.5501642857305569,151,138,0.7663031660256537,FALSE,-1.0779967880042125,-0.5560010286410245,-1.06511,-1.1272300000000002,1.222656594241299,-0.23656382080646654,0.4729969559475561,0.6214511041009464,0.8867497168742922,0.8867497168742922,0.7229916897506925,0.8392282958199357,0.5677233429394812,0.8392282958199357
621244,José Berríos,TOR,2024,30,192.33333333333334,32,786,2916,192.33333333333334,6.010416666666667,0.126,21.145374449339208,93.6597,99.1342,34.465020576131685,0,0.4324,4,3.6031,1.1542,0.1947,0.0687,4.3313,4.2479,-0.6039216575623598,-0.5539614684362911,129,139,0.9214070458656283,TRUE,-0.8559583146768772,-1.2224115028560294,-0.6340299999999999,-0.0865799999999993,-0.3464220629977965,-0.23656382080646654,0.4729969559475561,0.8675496688741722,0.96684350132626,0.96684350132626,0.9067164179104478,0.9510763209393346,0.8397435897435898,0.9510763209393346
544150,Albert Suárez,BAL,2024,34,133.66666666666666,24,565,2238,122,5.569444444444444,0.115,24.600355239786857,89.4116,93.0585,37.71224307417337,0,0.3391,4,3.7032,1.2943,0.1912,0.0761,4.5622,4.5286,-0.6426498382297112,-0.5553947416174387,136,140,0.8979503798208747,TRUE,-1.1214390980030389,-0.2839617659217553,-1.0588399999999993,-0.6941500000000005,1.071366863050971,-0.23656382080646654,0.4729969559475561,0.8248175182481752,0.9572284003421728,0.9572284003421728,0.8817966903073287,0.9371859296482412,0.7902097902097902,0.9371859296482412
690986,Kyle Harrison,SFG,2024,22,124.33333333333333,24,532,2078,124.33333333333333,5.180555555555555,0.1429,23.56621480709072,89.431,91.5596,35.99615014436959,0,0.4088,3,4.5603,1.3432,0.2218,0.0789,4.1756,4.2262,-0.6226155787907575,-0.5570903518810204,133,141,0.891910837500804,TRUE,-0.44808329302122885,-0.564857341289352,-1.0569000000000002,-0.8440399999999997,0.32209342908896066,-0.23656382080646654,-0.7502710335719854,0.8159509202453987,0.9540863177226814,0.9540863177226814,0.8738435660218671,0.9326750448833034,0.7800586510263929,0.9326750448833034
666159,Matt Manning,DET,2024,26,27.666666666666668,5,123,438,27.666666666666668,5.533333333333333,0.0894,23.61111111111111,99.7543,96.5848,34.018264840182646,0,0.3068,2,4.8795,1.5542,0.187,0.0976,5.0413,5.2097,-0.9374687796330035,-0.5571355009066702,170,142,0.66689527592663,FALSE,-1.7392852846530154,-0.5526625051230422,-0.024569999999999936,-0.3415199999999999,-0.541482714203344,-0.23656382080646654,-1.9735390230915268,0.5061728395061729,0.8141263940520446,0.8141263940520446,0.5934959349593496,0.7448979591836735,0.45054945054945056,0.7448979591836735
542881,Tyler Anderson,LAA,2024,34,179.33333333333334,31,765,2915,179.33333333333334,5.78494623655914,0.0902,27.816411682892905,98.255,93.9484,36.089193825042884,0,0.3741,3,3.8141,1.2881,0.1856,0.0954,4.8579,4.8519,-0.6462417814331246,-0.557629548802645,137,143,0.920420783186309,TRUE,-1.7199775913202033,0.5895907966114803,-0.17450000000000046,-0.6051599999999994,0.362717778106305,-0.23656382080646654,-0.7502710335719854,0.864406779661017,0.966832504145937,0.966832504145937,0.9066874027993779,0.9510603588907015,0.8360655737704918,0.9510603588907015
669467,Andre Pallante,STL,2024,25,121.33333333333333,20,509,1981,111.33333333333333,6.066666666666666,0.0904,19.825708061002178,96.5979,100.0524,38.06158505805149,1,0.6181,4,3.783,1.3022,0.1847,0.0943,4.1481,3.8876,-0.6215252478634977,-0.5585124728715507,132,144,0.8875993575851439,TRUE,-1.7151506679870006,-1.5808622874160876,-0.34021000000000046,0.0052400000000005775,1.2238951226466726,4.19900781931478,0.4729969559475561,0.809220985691574,0.9519461797212878,0.9519461797212878,0.868478737395879,0.9296105114969498,0.7723823975720789,0.9296105114969498
663554,Casey Mize,DET,2024,27,102.33333333333333,20,452,1790,99,5.116666666666666,0.1084,22.00902934537246,99.0333,102.8365,34.80446927374302,0,0.4897,3,4.4853,1.4658,0.1726,0.0642,4.3305,4.0432,-0.6604160484582082,-0.5605843112793718,138,145,0.8767200577227924,TRUE,-1.280727567998736,-0.98782359654255,-0.0966700000000003,0.28365000000000007,-0.19821336934490966,-0.23656382080646654,-0.7502710335719854,0.7902097902097902,0.9470899470899471,0.9470899470899471,0.8564593301435407,0.9226804123711341,0.7508305647840532,0.9226804123711341
593958,Eduardo Rodriguez,ARI,2024,31,50,10,224,870,50,5,0.125,22.388059701492537,91.6714,93.5627,36.666666666666664,0,0.3701,3,5.04,1.5,0.2098,0.0848,4.3957,4.2404,-0.7622853608670803,-0.5875717622729197,149,146,0.7847685430716724,FALSE,-0.8800929313428919,-0.8848705095168758,-0.8328599999999995,-0.6437299999999994,0.6148515941419684,-0.23656382080646654,-0.7502710335719854,0.6511627906976745,0.8969072164948454,0.8969072164948454,0.7435897435897436,0.8529411764705882,0.5989304812834224,0.8529411764705882
676664,JP Sears,OAK,2024,28,180.66666666666666,32,758,2858,180.66666666666666,5.645833333333333,0.1161,21.839080459770116,95.3784,96.3911,34.744576627011895,0,0.3727,4,4.3838,1.2232,0.1807,0.0646,4.6137,4.8636,-0.6736581788170575,-0.6086689627320684,140,147,0.919397624891991,TRUE,-1.094891019670423,-1.0339854992155688,-0.46216000000000007,-0.36089000000000054,-0.2243634503259158,-0.23656382080646654,0.4729969559475561,0.8633257403189066,0.9661933739012847,0.9661933739012847,0.9050031665611147,0.9501329787234043,0.8348017621145375,0.9501329787234043
669194,Ryne Nelson,ARI,2024,26,150.66666666666666,25,630,2407,137.66666666666666,6.026666666666666,0.146,18.203688853247794,102.1793,102.8594,32.156211051100954,0,0.4159,2,4.2412,1.2544,0.2,0.054,4.0841,3.9765,-0.6612693120353628,-0.6186051836065122,139,148,0.9056809859781462,TRUE,-0.3732659813565835,-2.021438832162149,0.2179299999999998,0.28593999999999936,-1.3544849779716208,-0.23656382080646654,-1.9735390230915268,0.84,0.9601116872756282,0.9601116872756282,0.889176209826376,0.9413375048885413,0.8076923076923077,0.9413375048885413
605135,Chris Bassitt,TOR,2024,35,171,31,758,2968,171,5.516129032258065,0.1293,21.696696696696698,98.2054,94.0953,36.59029649595687,0,0.4028,3,4.1579,1.462,0.2216,0.0923,4.315,4.2754,-0.6822148108152987,-0.6241763535220975,142,149,0.9207033808309523,TRUE,-0.7763140796790288,-1.0726601006400962,-0.17946000000000026,-0.5904700000000005,0.581507164439939,-0.23656382080646654,-0.7502710335719854,0.8633257403189066,0.9674054758800521,0.9674054758800521,0.9082007343941249,0.9518922386144965,0.8348017621145375,0.9518922386144965
621111,Walker Buehler,LAD,2024,29,75.33333333333333,16,344,1336,75.33333333333333,4.708333333333333,0.1047,19.43986820428336,99.837,99.8213,36.67664670658683,0,0.4545,4,5.3761,1.5531,0.186,0.0814,4.5439,4.4876,-0.7717935780507207,-0.6314667211963657,152,150,0.8447430690677015,TRUE,-1.3700256496629903,-1.6856649864752673,-0.01629999999999967,-0.01787000000000063,0.6192090381079635,-0.23656382080646654,0.4729969559475561,0.7413793103448276,0.9303621169916435,0.9303621169916435,0.8166259168704156,0.8990578734858681,0.6963562753036437,0.8990578734858681
676974,Max Meyer,MIA,2024,25,57,11,248,968,57,5.181818181818182,0.1089,23.91304347826087,88.0943,93.527,38.32644628099174,0,0.5,3,5.6842,1.4211,0.1855,0.0766,4.4414,4.4346,-0.8353776885252121,-0.6373613482545821,157,151,0.8006904755685517,FALSE,-1.2686602596657286,-0.4706509491378285,-1.1905699999999997,-0.6472999999999999,1.3395377400068569,-0.23656382080646654,-0.7502710335719854,0.6739130434782609,0.9063670411985019,0.9063670411985019,0.7634069400630915,0.8658318425760286,0.6231155778894473,0.8658318425760286
641540,Dane Dunning,TEX,2024,29,95,15,421,1689,71.66666666666667,6.333333333333333,0.1211,23.697916666666668,90.2551,86.5154,37.18176435760805,0,0.4377,4,5.3053,1.4421,0.2162,0.095,4.3141,4.4063,-0.7650628396749305,-0.6433432693444832,150,152,0.8699622169797292,FALSE,-0.9742179363403493,-0.529084182777293,-0.9744900000000001,-1.34846,0.8397514285359514,-0.23656382080646654,0.4729969559475561,0.7781885397412199,0.9441028507546115,0.9441028507546115,0.8491704374057315,0.9184339314845025,0.7373029772329247,0.9184339314845025
630023,Yonny Chirinos,MIA,2024,30,30,6,144,516,30,5,0.0833,20.74688796680498,99.6456,91.8817,34.49612403100775,0,0.3627,4,6.3,1.8667,0.1736,0.0903,5.0113,5.519,-1.0323535565993733,-0.6503970829683294,172,153,0.6989253756960839,FALSE,-1.8865064463157049,-1.3306493071703214,-0.035439999999999826,-0.8118300000000005,-0.3328418005083181,-0.23656382080646654,0.4729969559475561,0.5454545454545454,0.8376623376623377,0.8376623376623377,0.6323529411764706,0.7747747747747747,0.4897959183673469,0.7747747747747747
680573,Simeon Woods Richardson,MIN,2024,23,133.66666666666666,28,569,2298,133.66666666666666,4.773809523809524,0.1213,22.3292469352014,90.2422,98.1055,34.81288076588338,0,0.3526,3,4.1746,1.2943,0.2056,0.0844,4.5094,4.5514,-0.733738988503274,-0.6549682371330899,146,154,0.8993980226830252,TRUE,-0.9693910130071463,-0.9008453668031715,-0.9757800000000003,-0.18944999999999937,-0.19454077825657423,-0.23656382080646654,-0.7502710335719854,0.8258345428156749,0.9582985821517932,0.9582985821517932,0.8845265588914549,0.9387254901960784,0.7913769123783032,0.9387254901960784
672456,Keider Montero,DET,2024,23,98.33333333333333,16,412,1540,86.33333333333333,6.145833333333333,0.1117,21.534320323014803,94.5693,93.7216,34.15584415584416,0,0.392,4,4.7593,1.3322,0.1869,0.0752,4.4912,4.3291,-0.7895116792885342,-0.6626492042958835,154,155,0.8635746692803348,TRUE,-1.2010833330008877,-1.1167651404097592,-0.5430700000000002,-0.6278400000000005,-0.4814133994841051,-0.23656382080646654,0.4729969559475561,0.7744360902255639,0.9390243902439024,0.9390243902439024,0.8369565217391305,0.9112426035502958,0.7330960854092526,0.9112426035502958
680736,Justin Wrobleski,LAD,2024,23,36.333333333333336,6,154,593,30.333333333333332,6.055555555555556,0.0649,22.344322344322343,100.3271,97.6556,37.09949409780776,0,0.3091,3,5.6972,1.3761,0.1688,0.1039,5.2198,5.1781,-1.0558194673537693,-0.6638445780272131,176,156,0.7200439571045455,FALSE,-2.330583392970375,-0.8967505499049588,0.03271000000000015,-0.23443999999999932,0.8038309262117778,-0.23656382080646654,-0.7502710335719854,0.5620437956204379,0.8556998556998557,0.8556998556998557,0.6640537513997761,0.7981157469717362,0.506578947368421,0.7981157469717362
607067,Colin Rea,MIL,2024,33,167.66666666666666,27,714,2652,148.33333333333334,6.209876543209877,0.1289,19.258662369057213,96.3228,95.4809,34.95475113122172,0,0.3877,4,4.2942,1.2644,0.1891,0.0602,4.334,4.4163,-0.7253390268950752,-0.6644699544356054,144,157,0.9144481686830612,TRUE,-0.7859679263454349,-1.734884527396912,-0.36771999999999994,-0.4519099999999995,-0.13259792308342322,-0.23656382080646654,0.4729969559475561,0.8561151079136691,0.9636627906976745,0.9636627906976745,0.8983739837398373,0.9464668094218416,0.8263888888888888,0.9464668094218416
668933,Graham Ashcraft,CIN,2024,26,77.33333333333333,15,350,1342,77.33333333333333,5.155555555555555,0.0857,22.087745839636913,101.7105,100.3941,37.1833084947839,0,0.4864,3,5.2371,1.5,0.1629,0.0771,4.6658,4.5562,-0.8376827610498623,-0.6647494750402555,159,158,0.8460297414736159,FALSE,-1.8285833663172697,-0.9664424434145491,0.17104999999999962,0.03940999999999946,0.8404256233561519,-0.23656382080646654,-0.7502710335719854,0.7446808510638298,0.9306518723994452,0.9306518723994452,0.8172959805115713,0.8994638069705094,0.7,0.8994638069705094
683155,Joey Estes,OAK,2024,22,127.66666666666667,24,543,2027,125,5.319444444444445,0.1197,19.2,96.5473,99.0537,30.932412432165762,0,0.2457,4,5.0052,1.2298,0.1694,0.0497,5.0354,5.295,-0.7510978495843755,-0.6682533898092045,147,159,0.8916856405085994,TRUE,-1.0080063996727697,-1.7508185334446127,-0.3452699999999993,-0.09462999999999937,-1.8888148955200719,-0.23656382080646654,0.4729969559475561,0.8190045248868778,0.9529854254818994,0.9529854254818994,0.8710786420283627,0.9310978410656867,0.7835497835497836,0.9310978410656867
592351,Jon Gray,TEX,2024,32,102.66666666666667,19,439,1631,95.66666666666667,5.4035087719298245,0.1321,23.803827751196174,88.9249,93.8722,33.35377069282649,0,0.4006,2,4.4708,1.3149,0.1959,0.0638,4.2947,4.2386,-0.7721281781198311,-0.6723366011872538,153,160,0.870188179485063,FALSE,-0.7087371530141877,-0.5003163732166903,-1.1075100000000007,-0.6127799999999993,-0.8316114146893571,-0.23656382080646654,-1.9735390230915268,0.7853309481216458,0.9422299248989023,0.9422299248989023,0.8446400828586225,0.9157776530039303,0.7453310696095077,0.9157776530039303
681190,Randy Vásquez,SDP,2024,25,98,20,431,1688,98,4.9,0.0766,18.85441527446301,101.4791,98.3205,35.367298578199055,0,0.3867,6,4.8673,1.5102,0.1439,0.0673,5.007,4.9012,-0.8375381864581076,-0.6830629204209072,158,161,0.8711507783662104,TRUE,-2.0482083779780034,-1.8446870422552428,0.14791000000000026,-0.16795000000000043,0.04752684574498246,-0.23656382080646654,2.919532934986639,0.7822141560798548,0.9440715883668904,0.9440715883668904,0.8490945674044266,0.9183895538628944,0.7418244406196214,0.9183895538628944
680730,Mitchell Parker,WSN,2024,24,151,29,646,2404,151,5.206896551724138,0.1393,22.34817813765182,88.9645,90.9917,33.23627287853577,0,0.3796,3,4.2914,1.3046,0.2059,0.0666,4.2459,4.1714,-0.7513186265568917,-0.6851612569042049,148,162,0.906659724573957,FALSE,-0.5349679130188816,-0.8957032305549566,-1.1035499999999998,-0.9008300000000006,-0.8829128269075758,-0.23656382080646654,-0.7502710335719854,0.8433420365535248,0.9600638977635783,0.9600638977635783,0.8890532544378699,0.9412685982772122,0.8115577889447236,0.9412685982772122
671096,Andrew Abbott,CIN,2024,25,138,25,586,2333,138,5.52,0.1058,22.61261261261261,94.0844,91.274,36.13373339048435,0,0.3374,4,3.7174,1.2971,0.1945,0.0887,4.7818,4.9124,-0.8167094575698788,-0.7130501200853222,156,163,0.9013229827512347,FALSE,-1.343477571330374,-0.8238769372946825,-0.5915599999999998,-0.8725999999999999,0.38216445990652675,-0.23656382080646654,0.4729969559475561,0.830028328611898,0.9588984792437321,0.9588984792437321,0.8860615267755412,0.9395892066049134,0.7961956521739131,0.9395892066049134
656756,Jordan Montgomery,ARI,2024,31,117,21,532,1935,104,5.571428571428571,0.0733,26.854754440961337,92.5137,89.55,37.15762273901809,0,0.4228,4,6.2308,1.6496,0.156,0.0827,4.9135,4.6718,-0.8767197087739877,-0.7217139930775796,164,164,0.8885166275694141,FALSE,-2.1278526129758517,0.3283832703043106,-0.74863,-1.0450000000000004,0.8292108143604868,-0.23656382080646654,0.4729969559475561,0.8159509202453987,0.9508599508599509,0.9508599508599509,0.8657718120805369,0.9280575539568345,0.7800586510263929,0.9280575539568345
571578,Patrick Corbin,WSN,2024,34,174.66666666666666,32,764,2888,174.66666666666666,5.458333333333333,0.1113,22.413793103448278,93.4564,95.9195,36.59972299168975,0,0.4633,3,5.6164,1.5,0.1819,0.0707,4.4138,4.138,-0.8028212996488274,-0.7281052095087334,155,165,0.9200504487016209,FALSE,-1.2107371796672934,-0.8778807443747491,-0.6543599999999998,-0.4080500000000001,0.5856229222204993,-0.23656382080646654,-0.7502710335719854,0.8642533936651584,0.9665327978580991,0.9665327978580991,0.9058971141781681,0.9506254114549045,0.8358862144420132,0.9506254114549045
700249,Cade Povich,BAL,2024,24,79.66666666666667,16,352,1389,79.66666666666667,4.979166666666667,0.0994,22.25609756097561,97.2692,93.5613,35.3491720662347,0,0.3525,3,5.1967,1.431,0.196,0.0966,4.8024,4.9912,-0.9132153394824811,-0.74171820008474465,167,166,0.848583989889722,FALSE,-1.497939117992868,-0.920714366129852,-0.2730800000000002,-0.6438699999999997,0.039612522674589076,-0.23656382080646654,-0.7502710335719854,0.7457627118644068,0.9328408327736736,0.9328408327736736,0.822380106571936,0.9025341130604289,0.701195219123506,0.9025341130604289
681867,Cooper Criswell,BOS,2024,27,99.33333333333333,18,424,1757,85,5.518518518518518,0.0991,17.24137931034483,103.0367,101.2775,36.71030165054069,0,0.5032,4,4.0772,1.349,0.1722,0.0731,4.4531,4.4274,-0.875635740701733,-0.7472165307187284,163,167,0.8724612163565801,FALSE,-1.5051795029926727,-2.282823537942125,0.3036699999999996,0.12775000000000034,0.6339033212602128,-0.23656382080646654,0.4729969559475561,0.7794117647058824,0.946149703823371,0.946149703823371,0.8541565386485173,0.9213424226533823,0.7386759581881533,0.9213424226533823
471911,Carlos Carrasco,CLE,2024,37,103.66666666666667,21,447,1693,103.66666666666667,4.936507936507937,0.1253,22.694174757281555,84.4856,85.6907,35.20378027170703,0,0.4654,4,5.6431,1.3987,0.1991,0.0738,4.2825,4.1827,-0.8825073803684843,-0.7610980295668045,165,168,0.8731790981370399,FALSE,-0.8728525463430876,-0.8017228421344463,-1.5514399999999995,-1.4309299999999994,-0.023867844421906703,-0.23656382080646654,0.4729969559475561,0.7883597883597884,0.9442275515895148,0.9442275515895148,0.8494731560461616,0.9186109603906674,0.7487437185929648,0.9186109603906674
607536,Kyle Freeland,COL,2024,31,113.33333333333333,21,490,1769,113.33333333333333,5.396825396825396,0.1204,17.062146892655367,89.8273,96.7913,33.29564725833804,0,0.4016,5,5.2412,1.4118,0.1735,0.0531,4.4748,4.3824,-0.8734647362420577,-0.7755211439515929,162,169,0.8800807981088419,FALSE,-0.9911121680065598,-2.3315070547060426,-1.0172700000000006,-0.3208699999999993,-0.8569890295005792,-0.23656382080646654,1.6962649454670975,0.8032786885245902,0.9464954521134297,0.9464954521134297,0.8550024166263895,0.9218342886920271,0.765625,0.9218342886920271
596295,Austin Gomber,COL,2024,30,165,30,696,2622,165,5.5,0.1121,19.88950276243094,91.1204,97.0805,34.21052631578947,0,0.3799,4,4.7455,1.3091,0.1667,0.0546,4.6143,4.5038,-0.8550242648292891,-0.7756838556535693,161,170,0.9130380447776062,FALSE,-1.1914294863344814,-1.563534225581664,-0.8879599999999996,-0.29194999999999993,-0.45753829980440947,-0.23656382080646654,0.4729969559475561,0.8529411764705882,0.9632623071271125,0.9632623071271125,0.8973305954825462,0.9458874458874459,0.8226950354609929,0.9458874458874459
667725,Kyle Tyler,MIA,2024,27,31.666666666666668,7,142,581,29.666666666666668,4.523809523809524,0.0493,26.070038910505836,73.3537,91.6707,40.61962134251291,0,0.5,4,5.4,1.7368,0.1761,0.1268,5.1088,4.7245,-1.2729493732037571,-0.779330623823197,188,171,0.7119544993830925,FALSE,-2.7070834129602046,0.11523705393163176,-2.66463,-0.8329300000000004,2.340774399852817,-0.23656382080646654,0.4729969559475561,0.5419847328244275,0.8531571218795888,0.8531571218795888,0.659477866061294,0.7948016415868673,0.4863013698630137,0.7948016415868673
571945,Miles Mikolas,STL,2024,35,171.66666666666666,32,720,2705,171.66666666666666,5.364583333333333,0.1347,16.406829992576096,94.1092,97.463,31.201478743068392,0,0.4195,4,5.3476,1.2757,0.1694,0.0347,4.2772,4.0838,-0.8495998715552008,-0.7919772847350636,160,172,0.9155021995016892,FALSE,-0.6459871496825497,-2.509505720918104,-0.5890799999999998,-0.2537000000000006,-1.7713362699560387,-0.23656382080646654,0.4729969559475561,0.8571428571428571,0.964349376114082,0.964349376114082,0.9001663893510815,0.9474605954465849,0.8275862068965517,0.9474605954465849
571927,Steven Matz,STL,2024,33,44.333333333333336,7,190,754,32.333333333333336,6.333333333333334,0.0947,18.13186813186813,97.0953,106.0172,35.278514588859416,0,0.4015,2,5.0752,1.4436,0.1737,0.0789,4.6282,4.4993,-1.0501850713509946,-0.792199284028401,175,173,0.7601494756633108,FALSE,-1.6113718163231372,-2.0409469397821747,-0.29047000000000056,0.6017200000000003,0.008762345630781803,-0.23656382080646654,-1.9735390230915268,0.6129032258064516,0.882903981264637,0.882903981264637,0.715370018975332,0.834070796460177,0.5588235294117647,0.834070796460177
695076,Rhett Lowder,CIN,2024,22,30.666666666666668,6,128,498,30.666666666666668,5.111111111111112,0.0625,20.085470085470085,89.5144,94.4147,37.75100401606426,0,0.3846,4,1.1739,1.2717,0.1719,0.1094,5.156,4.7283,-1.2848778124364677,-0.7993095600262722,191,174,0.6861728162588834,FALSE,-2.3885064729688104,-1.5103051357811468,-1.0485600000000006,-0.5585300000000004,1.0882905060133055,-0.23656382080646654,0.4729969559475561,0.5161290322580645,0.8327759197324415,0.8327759197324415,0.6240601503759399,0.7685185185185185,0.460431654676259,0.7685185185185185
500779,Jose Quintana,NYM,2024,35,170.33333333333334,31,717,2826,170.33333333333334,5.494623655913979,0.1004,22.158154859967052,88.0411,92.5966,40.69355980184006,0,0.474,4,3.7515,1.2505,0.1883,0.0879,4.5748,4.4381,-0.9053094374557835,-0.8122798079632146,166,175,0.9169274289111594,FALSE,-1.4738045013268535,-0.9473177852429886,-1.19589,-0.7403400000000004,2.3730571057364958,-0.23656382080646654,0.4729969559475561,0.8566308243727598,0.9658236500341764,0.9658236500341764,0.9040307101727447,0.9495967741935484,0.8269896193771626,0.9495967741935484
685299,Tanner Gordon,COL,2024,26,34.333333333333336,8,160,607,34.333333333333336,4.291666666666667,0.125,18.84498480243161,88.095,90.1544,31.13673805601318,0,0.377,3,8.6505,1.7184,0.1625,0.0375,4.4802,4.5089,-1.1005441545497658,-0.8169928920440754,180,176,0.7253728905226315,FALSE,-0.8800929313428919,-1.8472485685078632,-1.1905000000000001,-0.9845600000000004,-1.7996030823555664,-0.23656382080646654,-0.7502710335719854,0.5714285714285714,0.8585572842998586,0.8585572842998586,0.6692392502756339,0.8018494055482166,0.5161290322580645,0.8018494055482166
656288,Griffin Canning,LAA,2024,28,171.66666666666666,31,739,2872,165.66666666666666,5.53763440860215,0.0866,24.495677233429394,86.0953,92.5327,37.116991643454035,0,0.4071,4,5.1903,1.3981,0.1759,0.0893,4.8404,4.751,-0.923648194453017,-0.8202628630169883,169,177,0.918632779821107,FALSE,-1.8068622113178565,-0.3123946439859596,-1.3904700000000005,-0.7467299999999994,0.8114706325963228,-0.23656382080646654,0.4729969559475561,0.860302677532014,0.9663526244952894,0.9663526244952894,0.905422446406053,0.9503639973527466,0.8312710911136107,0.9503639973527466
682610,Roddery Muñoz,MIA,2024,24,82.66666666666667,17,379,1486,78.66666666666667,4.862745098039216,0.0739,23.564064801178205,96.2105,87.4094,39.165545087483174,0,0.3397,4,6.5323,1.5847,0.1847,0.1108,5.1114,5.3551,-1.046918654767851,-0.8319258394729678,174,178,0.8569306500883187,FALSE,-2.1133718429762434,-0.5654413307831824,-0.3789500000000004,-1.2590599999999994,1.7059016083348664,-0.23656382080646654,0.4729969559475561,0.7595190380761523,0.9369482976040353,0.9369482976040353,0.832026875699888,0.9083129584352079,0.7164461247637051,0.9083129584352079
670124,Adam Oller,MIA,2024,29,42.333333333333336,8,189,711,42.333333333333336,5.291666666666667,0.0741,21.498371335504885,92.4917,90.7892,39.943741209563996,0,0.3906,3,5.315,1.5354,0.1905,0.1164,5.0774,5.2381,-1.2394952557733077,-0.867383795526303,186,179,0.7539136462856358,FALSE,-2.10854491964304,-1.1265296861244591,-0.7508300000000006,-0.9210800000000006,2.0456743971861586,-0.23656382080646654,-0.7502710335719854,0.6116504854368932,0.8766954377311961,0.8766954377311961,0.7032640949554896,0.8257839721254355,0.5575221238938053,0.8257839721254355
676106,Emerson Hancock,SEA,2024,25,60.666666666666664,12,266,1015,60.666666666666664,5.055555555555555,0.0752,21.893491124260354,90.8661,90.6532,34.48275862068966,0,0.3465,4,4.7473,1.3352,0.1466,0.0714,5.109,5.2355,-1.1563038969157784,-0.8752048082576185,182,180,0.8090746341221576,FALSE,-2.0819968413104237,-1.019206350828273,-0.9133899999999997,-0.9346800000000002,-0.33867735096798635,-0.23656382080646654,0.4729969559475561,0.689119170984456,0.9103139013452914,0.9103139013452914,0.7718631178707225,0.871244635193133,0.6394230769230769,0.871244635193133
665622,Luis Medina,OAK,2024,25,40,8,180,720,40,5,0.0667,19.197707736389685,100.644,88.573,37.361111111111114,0,0.3858,4,5.175,1.575,0.1778,0.1111,5.1412,5.1071,-1.2878639942501269,-0.8836131843461226,192,181,0.7518009818806336,FALSE,-2.287141082971549,-1.7514411632977314,0.06440000000000054,-1.1427000000000007,0.9180570701089528,-0.23656382080646654,0.4729969559475561,0.6,0.8780487804878049,0.8780487804878049,0.7058823529411765,0.8275862068965517,0.5454545454545454,0.8275862068965517
671106,Logan Allen,CLE,2024,25,97.33333333333333,20,432,1665,97.33333333333333,4.866666666666666,0.088,21.2,92.5381,84.1223,37.47747747747748,0,0.4342,5,5.7329,1.5822,0.1829,0.0949,4.8093,4.7477,-1.082818217829228,-0.9004312215697295,179,182,0.8705144681962401,FALSE,-1.773073747985436,-1.2075739865985606,-0.74619,-1.5877700000000003,0.9688644741899055,-0.23656382080646654,1.6962649454670975,0.782608695652174,0.943342776203966,0.943342776203966,0.8473282442748091,0.9173553719008265,0.7422680412371134,0.9173553719008265
663559,Bailey Falter,PIT,2024,27,142.33333333333334,28,589,2140,142.33333333333334,5.083333333333334,0.0883,19.565217391304348,96.2256,94.8839,33.97196261682243,0,0.3616,4,4.4262,1.2857,0.1647,0.0764,4.9093,4.7066,-1.0449607527025753,-0.917352219115467,173,183,0.897789947860615,FALSE,-1.7658333629856313,-1.6516173553248987,-0.37744,-0.5116100000000003,-0.5616990004514033,-0.23656382080646654,0.4729969559475561,0.8307475317348378,0.9553571428571429,0.9553571428571429,0.8770491803278688,0.9344978165938864,0.79702300405954,0.9344978165938864
608344,Cole Irvin,2 Tms,2024,30,111,16,492,1768,84,6.9375,0.0996,16.978922716627636,93.6766,93.1167,33.2579185520362,0,0.3893,5,5.1081,1.4505,0.1585,0.0589,4.6575,4.7775,-1.0680380998755445,-0.9300891559515662,178,184,0.8802470998947579,FALSE,-1.4931121946596655,-2.354112594602453,-0.6323400000000007,-0.6883300000000006,-0.8734619820072695,-0.23656382080646654,1.6962649454670975,0.803921568627451,0.9464668094218416,0.9464668094218416,0.8549323017408124,0.921793534932221,0.7663551401869159,0.921793534932221
696131,Mason Black,SFG,2024,24,36.333333333333336,8,169,663,33.666666666666664,4.541666666666667,0.0947,16.352201257861637,98.2063,93.7995,33.93665158371041,0,0.3193,3,6.4404,1.6789,0.1834,0.0888,4.8775,5.2351,-1.2782828708488922,-0.9314815097418336,189,185,0.7388431832968313,FALSE,-1.6113718163231372,-2.5243441020354687,-0.1793700000000001,-0.6200500000000005,-0.5771163584377317,-0.23656382080646654,-0.7502710335719854,0.5847750865051903,0.8689384010484927,0.8689384010484927,0.6884735202492211,0.8154981549815498,0.5297805642633229,0.8154981549815498
527048,Martín Pérez,2 Tms,2024,33,135,26,590,2208,135,5.1923076923076925,0.0983,21.005917159763314,83.9544,92.8444,35.552536231884055,0,0.4437,4,4.5333,1.4815,0.1814,0.0831,4.6389,4.4837,-1.0574607482522769,-0.9372882987298833,177,186,0.8992549160219859,FALSE,-1.5244871963254845,-1.2602912088960472,-1.6045599999999993,-0.7155600000000006,0.1284045479166796,-0.23656382080646654,0.4729969559475561,0.8309859154929577,0.9566724436741768,0.9566724436741768,0.8803827751196173,0.9363867684478372,0.7972972972972973,0.9363867684478372
622072,Alex Wood,OAK,2024,33,39.333333333333336,9,186,756,39.333333333333336,4.37037037037037,0.0753,20.689655172413794,92.9249,87.5351,38.35978835978836,0,0.368,3,5.2627,1.7797,0.1774,0.1022,5.0133,5.1257,-1.342164276427014,-0.9517598936440237,196,187,0.7589361384439669,FALSE,-2.079583379643822,-1.3461950088972081,-0.7075100000000006,-1.24649,1.3540954212614689,-0.23656382080646654,-0.7502710335719854,0.6078431372549019,0.883177570093458,0.883177570093458,0.7159090909090909,0.8344370860927153,0.5535714285714286,0.8344370860927153
605156,Aaron Brooks,OAK,2024,34,26.666666666666668,4,119,403,21.666666666666668,6.666666666666667,0.0336,19.90049751243781,87.5678,89.4725,35.235732009925556,0,0.4742,4,5.0625,1.5375,0.1008,0.0672,5.3033,5.1501,-1.6537609993522346,-0.9716622660277104,205,188,0.6533478295173702,FALSE,-3.0859968946166356,-1.5605478065890803,-1.2432199999999995,-1.0527500000000003,-0.009917207949797965,-0.23656382080646654,0.4729969559475561,0.497907949790795,0.8011928429423459,0.8011928429423459,0.5732574679943101,0.72875226039783,0.4423791821561338,0.72875226039783
669432,Trevor Rogers,2 Tms,2024,26,124.33333333333333,25,562,2243,124.33333333333333,4.973333333333333,0.073,20.925747348119575,88.8264,95.6452,38.029424877396345,0,0.4627,4,4.9223,1.5764,0.1726,0.0996,4.9112,4.6956,-1.1373035900143058,-0.9884580265242456,181,189,0.8978107949219504,FALSE,-2.1350929979756565,-1.2820671153946153,-1.1173599999999992,-0.43547999999999976,1.2098534768955442,-0.23656382080646654,0.4729969559475561,0.8240469208211144,0.9573196756295348,0.9573196756295348,0.8820290994887927,0.9373171750940242,0.7893258426966292,0.9373171750940242
547179,Michael Lorenzen,2 Tms,2024,32,130.33333333333334,24,536,2093,123.4,5.430555555555556,0.069,22.756410256410255,91.2848,88.8869,38.74820831342571,0,0.4182,4,3.3146,1.2353,0.181,0.1119,5.068,4.9489,-1.1623149186817066,-0.9911960817292677,183,190,0.8925857022392832,FALSE,-2.231631464639715,-0.7848182943734919,-0.8715199999999996,-1.1113100000000002,1.5236857432229345,-0.23656382080646654,0.4729969559475561,0.8170731707317073,0.9544003647970816,0.9544003647970816,0.8746343501880485,0.9331252786446723,0.7813411078717201,0.9331252786446723
700270,Yilber Díaz,ARI,2024,23,28.333333333333332,4,119,469,20,7.083333333333333,0.0588,20.098039215686274,89.1395,84.0292,38.166311300639656,0,0.3563,3,3.8118,1.3765,0.1597,0.1008,5.1133,4.7502,-1.6179812571653778,-0.995713947050838,203,191,0.6734319403412986,FALSE,-2.477804554633065,-1.5068910800568756,-1.0860500000000002,-1.5970799999999996,1.2696202637781286,-0.23656382080646654,-0.7502710335719854,0.497907949790795,0.8242530755711776,0.8242530755711776,0.6098829648894668,0.7576736672051696,0.4423791821561338,0.7576736672051696
687924,Julian Aguiar,CIN,2024,23,31.666666666666668,7,140,531,31.666666666666668,4.523809523809524,0.05,18.631178707224336,89.2468,90.719,36.346516007532955,0,0.3725,4,6.2526,1.3263,0.1357,0.0857,5.4502,5.8689,-1.547671910537359,-0.9983359647612324,202,192,0.7003890690983579,FALSE,-2.690189181293994,-1.905323066159763,-1.0753200000000007,-0.9281000000000006,0.4750687306453261,-0.23656382080646654,0.4729969559475561,0.5384615384615384,0.8415213946117274,0.8415213946117274,0.6389891696750902,0.7797356828193832,0.4827586206896552,0.7797356828193832
678368,Valente Bellozo,MIA,2024,24,68.66666666666667,13,295,1095,68.66666666666667,5.282051282051283,0.078,19.517102615694164,86.1042,86.4528,38.082191780821915,0,0.2996,5,3.6699,1.3107,0.1492,0.0712,5.325,5.4661,-1.283740039731013,-1.009408934841089,190,193,0.8214832980299478,FALSE,-2.0144199146455826,-1.6646864000613757,-1.3895799999999994,-1.3547200000000004,1.232892345154118,-0.23656382080646654,1.6962649454670975,0.7108433734939759,0.9163179916317992,0.9163179916317992,0.7849462365591398,0.8795180722891566,0.6629213483146067,0.8795180722891566
573186,Marcus Stroman,NYY,2024,33,154.66666666666666,29,675,2668,151.66666666666666,5.333333333333333,0.0785,20.40990606319385,85.4625,89.9523,39.01799100449775,0,0.4918,5,4.306,1.4677,0.1674,0.0889,4.7354,4.5004,-1.1640726510202404,-1.0352687033704016,184,194,0.9124924911981499,FALSE,-2.0023526063125754,-1.4221810979315952,-1.4537499999999994,-1.0047700000000006,1.6414771517489144,-0.23656382080646654,1.6962649454670975,0.8490566037735849,0.9638728323699421,0.9638728323699421,0.898921832884097,0.9467707594038325,0.8181818181818182,0.9467707594038325
665871,Javier Assad,CHC,2024,26,147,29,638,2538,147,5.068965517241379,0.0956,17.88693234476367,90.9907,92.259,38.69188337273444,0,0.4361,4,3.7347,1.4014,0.1944,0.0987,4.719,4.6055,-1.1691298334231752,-1.0512283449191857,185,195,0.9083147035616858,FALSE,-1.589650661323724,-2.1074769551181465,-0.9009299999999996,-0.7741,1.4990933793733388,-0.23656382080646654,0.4729969559475561,0.841688654353562,0.9620924943138741,0.9620924943138741,0.8942917547568711,0.9441964285714286,0.8096446700507615,0.9441964285714286
663765,Jake Woodford,2 Tms,2024,27,35,7,167,618,31.333333333333332,5,0.1018,13.970588235294118,91.4175,91.7491,38.02588996763754,0,0.3516,3,7.9714,1.6286,0.1557,0.053900000000000003,4.6962,4.7829,-1.454381004209997,-1.0837835348198077,199,196,0.730388785081841,FALSE,-1.440016037994433,-3.171243245639143,-0.8582499999999996,-0.8250900000000001,1.208310079141421,-0.23656382080646654,-0.7502710335719854,0.5818815331010453,0.8607242339832869,0.8607242339832869,0.673202614379085,0.8046875,0.526813880126183,0.8046875
686799,Jack Kochanowicz,LAA,2024,23,65.33333333333333,11,266,859,65.33333333333333,5.939393939393939,0.0564,15.184381778741866,101.1375,99.9726,31.664726426076832,1,0.5701,2,3.9949,1.1939,0.094,0.0376,4.5642,4.4774,-1.341388209877839,-1.087214193398506,195,197,0.7948319657505737,FALSE,-2.5357276346315,-2.841549883901675,0.11375000000000028,-0.002740000000000009,-1.5690749726833058,4.19900781931478,-1.9735390230915268,0.689119170984456,0.8957247132429614,0.8957247132429614,0.7411561691113029,0.8513379583746283,0.6394230769230769,0.8513379583746283
689672,Drew Thorpe,CHW,2024,23,44.333333333333336,9,190,721,44.333333333333336,4.9259259259259265,0.0211,23.867069486404834,82.5768,84.2874,39.80582524271845,0,0.3617,4,5.4812,1.2632,0.1316,0.1105,5.8511,5.8124,-1.659573626267793,-1.1113116674227688,206,198,0.7556943041915387,FALSE,-3.387679602941819,-0.4831385093240971,-1.7423199999999994,-1.5712599999999994,1.9854580952121335,-0.23656382080646654,0.4729969559475561,0.6129032258064516,0.8781973203410475,0.8781973203410475,0.7061704211557297,0.8277841561423651,0.5588235294117647,0.8277841561423651
594835,Marco Gonzales,PIT,2024,32,33.666666666666664,7,151,546,33.666666666666664,4.809523809523809,0.0795,17.793594306049823,84.0214,80.9356,31.86813186813187,0,0.4035,4,4.5446,1.604,0.1523,0.0728,4.9564,4.8013,-1.6362434453135914,-1.1204540717150826,204,199,0.7090878237810537,FALSE,-1.9782179896465606,-2.1328296453904483,-1.59786,-1.9064400000000006,-1.4802649255068026,-0.23656382080646654,0.4729969559475561,0.5571955719557196,0.8452012383900929,0.8452012383900929,0.6453900709219859,0.7844827586206896,0.5016611295681063,0.7844827586206896
623167,Chris Flexen,CHW,2024,29,160,30,707,2797,147.33333333333334,5.333333333333333,0.0849,22.748447204968944,81.4574,82.7919,38.61279942795853,0,0.356,4,4.95,1.5188,0.174,0.0891,4.9482,5.0307,-1.2697724750139443,-1.1376654131958917,187,200,0.9160235338244469,FALSE,-1.8478910596500813,-0.7869812365093656,-1.8542599999999994,-1.7208100000000002,1.464564072804677,-0.23656382080646654,0.4729969559475561,0.8548972188633616,0.9654815326199516,0.9654815326199516,0.903132063287052,0.9491007804546997,0.8249708284714119,0.9491007804546997
615698,Cal Quantrill,COL,2024,29,148.33333333333334,29,656,2645,148.33333333333334,5.114942528735632,0.0625,21.588089330024815,85.6589,86.1425,39.01701323251418,0,0.4437,5,4.9753,1.5169,0.1677,0.1052,5.0702,4.8711,-1.2938782426014361,-1.1379816200034003,193,201,0.9110278233276741,FALSE,-2.3885064729688104,-1.1021602804860013,-1.4341099999999998,-1.3857500000000003,1.6410502409685956,-0.23656382080646654,1.6962649454670975,0.845360824742268,0.9635701275045537,0.9635701275045537,0.8981324278438031,0.9463327370304114,0.8138957816377171,0.9463327370304114
548389,Ross Stripling,OAK,2024,34,85.33333333333333,14,381,1359,72.33333333333333,6.095238095238095,0.0709,16.897081413210447,84.5378,94.5903,33.99558498896247,0,0.3922,5,6.0117,1.5352,0.1286,0.0577,5.0059,4.7403,-1.372008390993123,-1.145676236403261,197,202,0.8516105701197977,FALSE,-2.185775692974287,-2.376342515496533,-1.5462199999999995,-0.5409700000000001,-0.55138509752441,-0.23656382080646654,1.6962649454670975,0.7604790419161677,0.9314599040438657,0.9314599040438657,0.8191681735985533,0.9005964214711729,0.7175141242937854,0.9005964214711729
687134,Bradley Blalock,2 Tms,2024,23,30.666666666666668,6,147,554,29.666666666666668,5.111111111111112,0,20.622568093385215,90.2809,87.3309,38.808664259927795,0,0.3679,4,5.8696,1.7935,0.1361,0.1361,6.0508,6.0859,-1.8675275789593702,-1.1556731620225498,209,203,0.7088966393294764,FALSE,-3.896920014594729,-1.3644173538202609,-0.9719099999999997,-1.26691,1.5500817698321827,-0.23656382080646654,0.4729969559475561,0.550561797752809,0.8470948012232415,0.8470948012232415,0.6487119437939111,0.7869318181818182,0.494949494949495,0.7869318181818182
543294,Kyle Hendricks,CHC,2024,34,130.66666666666666,24,567,2135,116.33333333333333,5.444444444444444,0.0776,18.864097363083165,85.3857,92.2336,35.31615925058548,0,0.4455,4,5.9235,1.4541,0.1534,0.0758,4.8261,4.592,-1.338534846393236,-1.1797421303632325,194,204,0.8960203882166027,FALSE,-2.0240737613119886,-1.8420571713327527,-1.46143,-0.7766400000000004,0.025198602940606062,-0.23656382080646654,0.4729969559475561,0.8253275109170306,0.9552572706935123,0.9552572706935123,0.8767967145790554,0.9343544857768052,0.7907949790794979,0.9343544857768052
663474,Triston McKenzie,CLE,2024,26,75.66666666666667,16,340,1308,75.66666666666667,4.729166666666667,0.0735,23.104693140794225,88.6672,74.8097,40.825688073394495,0,0.3505,3,5.1145,1.5595,0.2176,0.1441,5.2102,5.411,-1.5000424644347357,-1.2017753596891165,200,205,0.8426620071722901,FALSE,-2.123025689642649,-0.6902169055227891,-1.1332800000000005,-2.5190299999999994,2.4307464080066103,-0.23656382080646654,-0.7502710335719854,0.7391304347826086,0.9289772727272727,0.9289772727272727,0.8134328358208955,0.897119341563786,0.6938775510204082,0.897119341563786
674072,Tommy Henry,ARI,2024,26,38.333333333333336,7,182,706,32,5.476190476190476,0.0659,16.666666666666668,84.1524,86.0271,36.54390934844193,0,0.4341,4,7.0435,1.7478,0.1648,0.0989,5.015,5.2163,-1.6828185726998344,-1.2195834665290124,207,206,0.7505749706549099,FALSE,-2.3064487763043604,-2.4389282927829448,-1.58476,-1.3972899999999995,0.5612537989568723,-0.23656382080646654,0.4729969559475561,0.6026490066225165,0.8759305210918115,0.8759305210918115,0.7017892644135189,0.8247663551401869,0.5481927710843374,0.8247663551401869
800049,Adam Mazur,SDP,2024,23,33.666666666666664,8,158,585,33.666666666666664,4.208333333333333,0.0063,18.359375,92.109,88.5718,39.82905982905983,0,0.3363,4,7.4851,1.8119,0.1392,0.1329,6.048,6.1995,-1.8962753781610462,-1.2273649355929555,210,207,0.7203164596649617,FALSE,-3.7448719295988364,-1.9791510070408438,-0.7891000000000006,-1.1428200000000004,1.9956026846993031,-0.23656382080646654,0.4729969559475561,0.5683453237410072,0.8540145985401459,0.8540145985401459,0.6610169491525424,0.7959183673469388,0.512987012987013,0.7959183673469388
592836,Taijuan Walker,PHI,2024,31,83.66666666666667,15,381,1435,74,5.577777777777778,0.0551,16.74565560821485,85.6913,87.4325,37.8397212543554,0,0.3781,6,7.0996,1.7211,0.1522,0.0971,5.2521,5.2925,-1.5060753154753401,-1.2406085891357073,201,208,0.8550735565467283,FALSE,-2.567102636297319,-2.417473136904349,-1.43087,-1.2567499999999996,1.1270258615593673,-0.23656382080646654,2.919532934986639,0.7604790419161677,0.9348534201954397,0.9348534201954397,0.8270893371757925,0.9053627760252366,0.7175141242937854,0.9053627760252366
594902,Ben Lively,CLE,2024,32,151,29,632,2409,151,5.206896551724138,0.1092,18.571428571428573,81.8667,82.6511,34.661685346616856,0,0.4192,3,3.8146,1.245,0.1867,0.0775,4.5824,4.5689,-1.4381872341425328,-1.3045964059184836,198,209,0.9058459109419765,FALSE,-1.261419874665924,-1.9215525338819428,-1.8133300000000006,-1.73489,-0.2605551001069098,-0.23656382080646654,-0.7502710335719854,0.8404255319148937,0.9601434834595456,0.9601434834595456,0.8892580287929125,0.9413833528722158,0.8081841432225064,0.9413833528722158
572020,James Paxton,2 Tms,2024,35,100.33333333333333,21,437,1708,100.33333333333333,4.777777777777778,0.0526,21.09181141439206,88.1647,85.7707,38.2903981264637,0,0.3746,2,4.3953,1.4452,0.167,0.1144,5.3472,5.2104,-1.689952736034241,-1.4270036982527265,208,210,0.8725053882178744,FALSE,-2.627439177962356,-1.2369604161798113,-1.1835300000000004,-1.4229299999999996,1.323798543100833,-0.23656382080646654,-1.9735390230915268,0.7845601436265709,0.9446902654867256,0.9446902654867256,0.850597609561753,0.9192680301399354,0.7444633730834753,0.9192680301399354
680897,Nick Nastrini,CHW,2024,24,35.666666666666664,8,174,736,32.333333333333336,4.458333333333333,-0.0575,28.767123287671232,90.1772,71.5768,45.92391304347826,0,0.3153,2,7.0654,1.9065,0.1494,0.2069,7.1827,7.3643,-2.3278868770640093,-1.4494101515783455,214,211,0.7516376544182274,FALSE,-5.284660472890574,0.8478252440710229,-0.98228,-2.8423199999999995,4.65671241724965,-0.23656382080646654,-1.9735390230915268,0.5918367346938775,0.8803827751196173,0.8803827751196173,0.7104247104247104,0.8306997742663657,0.5370370370370371,0.8306997742663657
664350,Sixto Sánchez,MIA,2024,25,35.666666666666664,7,162,622,28.333333333333332,5.095238095238095,0.0185,13.194444444444445,91.3333,94.2357,36.17363344051447,0,0.4841,3,6.0561,1.5981,0.1049,0.0864,5.4197,5.2964,-2.1164697653182984,-1.4718621845277506,213,212,0.728958556896278,FALSE,-3.4504296062734574,-3.382061186612897,-0.8666700000000006,-0.5764300000000006,0.39958545557763075,-0.23656382080646654,-0.7502710335719854,0.574468085106383,0.8614958448753463,0.8614958448753463,0.6746203904555315,0.805699481865285,0.5192307692307693,0.805699481865285
641712,Dakota Hudson,COL,2024,29,89,18,404,1512,89,4.944444444444445,-0.0025,18.553459119496857,87.0941,80.3919,40.476190476190474,0,0.5235,5,6.1685,1.6742,0.1213,0.1238,5.7247,5.4143,-2.0639107218001556,-1.683385583341039,211,213,0.8614423479558005,FALSE,-3.957256556259766,-1.9264334372678014,-1.2905900000000003,-1.9608099999999993,2.2781502051608413,-0.23656382080646654,1.6962649454670975,0.7709923664122137,0.9379652605459057,0.9379652605459057,0.8344370860927153,0.9097472924187726,0.7292418772563177,0.9097472924187726
621389,Ty Blach,COL,2024,33,71.33333333333333,12,330,1133,56.333333333333336,5.944444444444444,0.0545,14.788732394366198,78.5178,79.1223,33.27449249779347,0,0.4091,4,6.9393,1.6963,0.1091,0.0545,5.1785,5.1165,-2.095043142588045,-1.7152827432732618,212,214,0.8307784788292002,FALSE,-2.5815834062969283,-2.949017069164215,-2.1482200000000007,-2.0877700000000003,-0.8662255340060145,-0.23656382080646654,0.4729969559475561,0.7333333333333333,0.9188969991889699,0.9188969991889699,0.790648988136776,0.8830865159781761,0.6875,0.8830865159781761
669373,Tarik Skubal,DET,2025,28,195.33333333333334,31,748,2849,195.33333333333334,6.301075268817205,0.2781,32.54324151185138,123.2773,123.5835,29.694629694629693,0,0.4099,4,2.2116,0.8908,0.3222,0.0441,2.7134,2.664,1.871397559897439,1.699073089937848,1,1,0.9187988580986526,TRUE,2.4456235926031114,1.8420499448650662,2.32773,2.35835,-2.8762908291054083,-0.2205101100283354,0.15735930109491142,0.8617511520737328,0.9660902000678196,0.9660902000678196,0.9047316608447126,0.9499833277759253,0.8329621380846325,0.9499833277759253
666142,Cole Ragans,KCR,2025,27,61.666666666666664,13,257,1079,61.666666666666664,4.743589743589744,0.3035,34.76635514018692,112.0524,111.522,34.661723818350325,0,0.3676,4,4.6703,1.1838,0.3813,0.0778,2.5183,2.4521,1.8509717290618983,1.4411211071184655,2,2,0.8116945880703706,TRUE,2.9830953795841366,2.497973014340735,1.2052400000000005,1.1522000000000006,-0.4716987418912196,-0.2205101100283354,0.15735930109491142,0.6816976127320955,0.9151823579304496,0.9151823579304496,0.7824510514865844,0.8779495524816925,0.6314496314496314,0.8779495524816925
554430,Zack Wheeler,PHI,2025,35,149.66666666666666,24,585,2394,149.66666666666666,6.236111111111111,0.2769,31.452282157676347,110.5983,120.8995,35.29657477025898,0,0.3994,3,2.706,0.9354,0.3333,0.0564,2.7308,2.7315,1.5440015704481298,1.3544213397728857,5,3,0.902318576652683,TRUE,2.420231224714243,1.5201656294873394,1.0598299999999994,2.0899500000000004,-0.16436460698328942,-0.2205101100283354,-0.8688970103936385,0.8297872340425532,0.9599037690457097,0.9599037690457097,0.888641425389755,0.9410377358490566,0.7959183673469388,0.9410377358490566
668881,Hunter Greene,CIN,2025,25,107.66666666666667,19,420,1748,107.66666666666667,5.666666666666667,0.2524,31.370449678800856,119.8831,121.008,31.40732265446224,0,0.3295,3,2.7585,0.9381,0.3143,0.0619,3.0631,3.2676,1.456794920334331,1.241667038248942,7,4,0.8716927546929429,TRUE,1.9018037136498689,1.4960211997817816,1.9883099999999998,2.1007999999999996,-2.047168642881175,-0.2205101100283354,-0.8688970103936385,0.7777777777777778,0.9458874458874459,0.9458874458874459,0.853515625,0.9209694415173867,0.7368421052631579,0.9209694415173867
694973,Paul Skenes,PIT,2025,23,187.66666666666666,32,733,2997,187.66666666666666,5.864583333333333,0.2374,30.107526881720432,110.1229,121.1991,34.8682015348682,0,0.4433,5,1.9663,0.9485,0.2947,0.0573,3.0966,3.03,1.3585700379855146,1.23516690803556,8,5,0.9197921860486248,TRUE,1.5843991150390266,1.1233995816092535,1.0122900000000001,2.11991,-0.3717419722069294,-0.2205101100283354,1.1836156125834614,0.8593200468933178,0.9677106877623507,0.9677106877623507,0.9090081892629663,0.9523355576739753,0.8301245753114382,0.9523355576739753
676979,Garrett Crochet,BOS,2025,26,205.33333333333334,32,814,3151,205.33333333333334,6.416666666666667,0.2568,29.368485591661557,117.0103,114.5828,32.91018724214535,0,0.4831,4,2.586,1.0276,0.3133,0.0565,2.8552,2.6437,1.3013826382551283,1.1837751415185613,9,6,0.9252266107301217,TRUE,1.9949090625757149,0.9053476452322479,1.70103,1.4582800000000007,-1.3196252934528996,-0.2205101100283354,0.15735930109491142,0.8715203426124197,0.9692402337742233,0.9692402337742233,0.9130686757461606,0.9545592244774311,0.8443983402489627,0.9545592244774311
660271,Shohei Ohtani,LAD,2025,30,47,14,188,753,47,3.357142857142857,0.2819,32.53333333333333,114.6239,116.8541,34.26294820717131,0,0.4138,3,2.8723,1.0426,0.3298,0.0479,2.6673,2.449,1.607990642641301,1.1492324378404737,3,7,0.7592871201583437,TRUE,2.526032757584524,1.8391265662380656,1.4623900000000005,1.6854100000000003,-0.6647477672027814,-0.2205101100283354,-0.8688970103936385,0.6103896103896104,0.8827667057444314,0.8827667057444314,0.7150997150997151,0.8338870431893688,0.5562130177514792,0.8338870431893688
650911,Cristopher Sánchez,PHI,2025,28,202,32,807,2897,202,6.3125,0.2082,30.425680390788557,117.5764,116.1732,32.9996548153262,1,0.583,3,2.495,1.0644,0.2627,0.0545,3.0208,2.7709,1.2671615517819468,1.1438192317946683,10,8,0.9221116396505767,TRUE,0.9665181630765876,1.2172698289832768,1.7576400000000008,1.6173199999999994,-1.2763136482184032,4.504706533435995,-0.8688970103936385,0.8705501618122977,0.9666332999666333,0.9666332999666333,0.906162026900219,0.9507712504102396,0.8432601880877743,0.9507712504102396
669302,Logan Gilbert,SEA,2025,28,131,25,535,2156,131,5.24,0.2654,32.87920072661217,104.0659,108.8271,33.71985157699444,0,0.3894,3,3.4351,1.0305,0.3234,0.0579,2.8565,2.953,1.235466793091778,1.0730519197052235,11,9,0.8938454383201695,TRUE,2.1768876991125987,1.94117371278939,0.4065899999999999,0.8827100000000001,-0.9276632318563475,-0.2205101100283354,-0.8688970103936385,0.816793893129771,0.9556737588652482,0.9556737588652482,0.8778501628664495,0.9349522983521249,0.781021897810219,0.9349522983521249
695505,Chase Burns,CIN,2025,22,43.333333333333336,8,188,765,34.333333333333336,5.416666666666667,0.2713,31.920199501246884,115.9857,119.7175,34.77124183006536,0,0.3592,2,4.5692,1.3154,0.3564,0.0851,2.7562,2.6804,1.4848011951857623,1.0569355531291202,6,10,0.760832823143519,TRUE,2.301733507899529,1.6582232511688184,1.5985699999999994,1.9717500000000001,-0.4186805912747911,-0.2205101100283354,-1.8951533218821883,0.6103896103896104,0.884393063583815,0.884393063583815,0.7183098591549296,0.8360655737704918,0.5562130177514792,0.8360655737704918
680694,Kyle Bradish,BAL,2025,28,32,6,126,494,32,5.333333333333333,0.2937,34.82142857142857,102.5095,106.4246,36.03238866396761,0,0.3235,4,2.5312,1.0312,0.373,0.0794,2.6301,2.6743,1.5861479031665482,1.0083159472232224,4,11,0.6840491802737046,TRUE,2.775724375158387,2.514222266563451,0.2509500000000003,0.6424599999999998,0.19184613161022598,-0.2205101100283354,0.15735930109491142,0.5121951219512195,0.8316498316498316,0.8316498316498316,0.6221662468513854,0.7670807453416149,0.45652173913043476,0.7670807453416149
519242,Chris Sale,ATL,2025,36,125.66666666666667,20,510,2031,120,6.283333333333333,0.2608,30.11077542799597,116.2054,112.9957,33.18562284588872,0,0.39,2,2.5782,1.0663,0.3235,0.0627,2.8803,2.9833,1.1643199543822902,0.9981596706332654,12,12,0.8888781029100518,TRUE,2.0795502888719395,1.124358055533945,1.6205399999999996,1.29957,-1.1862857076102469,-0.2205101100283354,-1.8951533218821883,0.8095238095238095,0.9530736743312999,0.9530736743312999,0.8712998712998713,0.9312242090784044,0.7727272727272727,0.9312242090784044
594798,Jacob deGrom,TEX,2025,37,172.66666666666666,30,669,2617,172.66666666666666,5.7555555555555555,0.2212,30.17751479289941,108.5927,117.6365,33.740924722965225,0,0.3778,3,2.971,0.9208,0.2765,0.0553,3.3245,3.3659,0.9859572208426558,0.8840208860557359,16,13,0.9114117001234313,TRUE,1.2416021485393174,1.1440493068151918,0.8592699999999993,1.7636499999999997,-0.917461629311294,-0.2205101100283354,-0.8688970103936385,0.8479087452471483,0.9631947000368053,0.9631947000368053,0.8971546109016112,0.9457896638959161,0.8168498168498168,0.9457896638959161
605483,Blake Snell,LAD,2025,32,61.333333333333336,11,254,1029,61.333333333333336,5.575757575757576,0.1811,35.59670781893004,104.0756,114.3152,37.90087463556851,0,0.4867,4,2.3478,1.2554,0.2835,0.1024,3.6419,3.0897,1.0390162481395502,0.8821615338023248,14,14,0.8072175396116779,TRUE,0.39307385491966684,2.7429661045933083,0.4075599999999994,1.4315200000000003,1.0963883992765335,-0.2205101100283354,0.15735930109491142,0.679144385026738,0.9114260407440212,0.9114260407440212,0.7742663656884876,0.8727735368956743,0.6287128712871287,0.8727735368956743
680885,Spencer Schwellenbach,ATL,2025,25,110.66666666666667,17,434,1573,110.66666666666667,6.509803921568627,0.2074,28.34355828220859,107.7013,116.8508,31.277813095994915,0,0.4689,6,3.0904,0.9669,0.2488,0.0415,3.2978,3.0072,0.9958147600332174,0.8534626580876223,15,15,0.8675303851066168,TRUE,0.9495899178173428,0.602945888418241,0.7701300000000003,1.6850800000000006,-2.1098647891091966,-0.2205101100283354,2.2098719240720115,0.7833935018050542,0.9402271368798566,0.9402271368798566,0.8398291510945008,0.9129425420777714,0.7431506849315068,0.9129425420777714
666200,Jesús Luzardo,PHI,2025,27,183.66666666666666,32,758,3015,183.66666666666666,5.739583333333333,0.2098,30.833333333333332,105.8323,112.9645,35.1575456053068,0,0.4277,4,3.9201,1.2196,0.285,0.0752,3.402,3.2489,0.9204914172344623,0.84389333264172794,19,16,0.9212339396507397,TRUE,1.0003746535950773,1.3375466182335651,0.5832300000000004,1.29645,-0.23166923653308857,-0.2205101100283354,0.15735930109491142,0.8633257403189066,0.9678972712680578,0.9678972712680578,0.9095022624434389,0.95260663507109,0.8348017621145375,0.95260663507109
686218,Emmet Sheehan,LAD,2025,25,73.33333333333333,12,291,1146,59.666666666666664,6.111111111111111,0.2302,32.8719723183391,101.2497,109.4806,35.51483420593368,0,0.3315,3,2.8227,0.9682,0.3058,0.0756,3.1957,3.3716,0.9829242591559575,0.7881103445633885,17,17,0.8240613054070403,TRUE,1.4320449077058222,1.9390409924095295,0.12497000000000043,0.9480599999999996,-0.05870425529458369,-0.2205101100283354,-0.8688970103936385,0.708029197080292,0.9197431781701445,0.9197431781701445,0.7925311203319502,0.8842592592592593,0.6598639455782312,0.8842592592592593
694819,Jacob Misiorowski,MIL,2025,23,66,14,273,1165,63.666666666666664,4.714285714285714,0.2051,29.655172413793103,116.1621,119.4478,34.592274678111586,0,0.3421,3,4.3636,1.2424,0.3187,0.1136,3.5567,3.656,0.9703634134252149,0.78659152307004,18,18,0.8212898219353315,TRUE,0.9009212126970138,0.98993374013714,1.6162099999999995,1.9447800000000002,-0.5053193757915108,-0.2205101100283354,-0.8688970103936385,0.6946564885496184,0.9209486166007905,0.9209486166007905,0.7952218430034129,0.8859315589353612,0.6453900709219859,0.8859315589353612
690997,Nolan McLean,NYM,2025,23,48,8,188,740,48,6,0.2181,28.43450479233227,108.5254,109.3933,36.351351351351354,1,0.6106,4,2.0625,1.0417,0.3032,0.0851,3.04,2.7845,1.082800714557267,0.7308682975935754,13,19,0.7575667428427028,TRUE,1.176005198159743,0.6297793859588444,0.8525400000000005,0.9393299999999997,0.3462573698705994,4.504706533435995,0.15735930109491142,0.6103896103896104,0.8809523809523809,0.8809523809523809,0.7115384615384616,0.8314606741573034,0.5562130177514792,0.8314606741573034
656302,Dylan Cease,SDP,2025,29,168,32,722,3046,168,5.25,0.1994,33.44459279038718,107.6975,107.7902,36.80236375574524,0,0.3662,2,4.5536,1.3274,0.2978,0.0983,3.5792,3.5571,0.7697253503423896,0.7125945962219803,21,20,0.919766345279409,TRUE,0.7803074652248936,2.107990960995525,0.7697500000000005,0.7790199999999998,0.5645944562692425,-0.2205101100283354,-1.8951533218821883,0.8574821852731591,0.9682136045772409,0.9682136045772409,0.9103407053197848,0.9530663329161452,0.8279816513761468,0.9530663329161452
808967,Yoshinobu Yamamoto,LAD,2025,26,173.66666666666666,30,684,2792,173.66666666666666,5.788888888888889,0.2076,28.933231005372217,100.0138,110.4835,35.95988538681949,0,0.5276,4,2.4875,0.9904,0.2939,0.0863,3.3229,3.0455,0.677369688700312,0.6073892436200612,22,21,0.9146768332530576,TRUE,0.9538219791321542,0.7769270730206436,0.0013800000000003365,1.0483500000000006,0.15674697661437068,-0.2205101100283354,0.15735930109491142,0.8507462686567164,0.9654218533886584,0.9654218533886584,0.9029754204398448,0.9490142760027193,0.8201438848920863,0.9490142760027193
608331,Max Fried,NYY,2025,31,195.33333333333334,32,801,3110,195.33333333333334,6.104166666666667,0.1723,26.611796982167352,109.0379,114.0428,36.52733118971061,0,0.5238,6,2.8567,1.1007,0.236,0.0637,3.5954,3.4076,0.6393069597239904,0.5961907914552332,25,22,0.9242388226213393,TRUE,0.20686315706797284,0.09199486322359919,0.9037899999999993,1.40428,0.43144998275205687,-0.2205101100283354,2.2098719240720115,0.8697068403908795,0.9688473520249221,0.9688473520249221,0.9120234604105572,0.9539877300613497,0.8422712933753943,0.9539877300613497
657746,Joe Ryan,MIN,2025,29,171,30,689,2798,166,5.7,0.225,26.13390928725702,107.9523,108.3517,34.52466047176555,0,0.3665,4,3.4211,1.0351,0.2816,0.0566,3.3248,3.6993,0.6667668667994967,0.5865204634888675,23,23,0.9150386815421016,TRUE,1.3220113135207308,-0.04900448099117458,0.7952299999999994,0.8351699999999994,-0.5380517101329347,-0.2205101100283354,0.15735930109491142,0.8516687268232386,0.9654934437543133,0.9654934437543133,0.9031633311814073,0.9491180461329715,0.8212157330154947,0.9491180461329715
693433,Bryan Woo,SEA,2025,25,186.66666666666666,30,731,2714,186.66666666666666,6.222222222222222,0.2216,26.228373702422147,109.4541,113.1912,32.313927781871776,0,0.4078,3,2.9411,0.9268,0.2709,0.0492,3.3032,3.3332,0.660528749070785,0.5811959510561717,24,24,0.9161958639269413,TRUE,1.2500662711689396,-0.021133036022468573,0.9454099999999996,1.3191199999999994,-1.6082771177163921,-0.2205101100283354,-0.8688970103936385,0.8589894242068156,0.9644633972992182,0.9644633972992182,0.900464499004645,0.9476256983240223,0.8297389330306469,0.9476256983240223
605540,Brandon Woodruff,MIL,2025,32,64.66666666666667,12,257,964,64.66666666666667,5.388888888888889,0.2685,27.926078028747433,97.3107,101.8452,31.12033195020747,0,0.3397,4,3.201,0.9124,0.323,0.0545,2.9032,3.2403,0.8086231656874385,0.5678511025087598,20,25,0.8026479609644301,TRUE,2.2424846494921726,0.4797695802865039,-0.2689300000000003,0.18452000000000054,-2.1861021036463866,-0.2205101100283354,0.15735930109491142,0.6816976127320955,0.9060150375939849,0.9060150375939849,0.7626582278481012,0.8653500897666068,0.6314496314496314,0.8653500897666068
543243,Sonny Gray,STL,2025,35,180.66666666666666,32,753,2724,180.66666666666666,5.645833333333333,0.2165,27.540729247478666,101.6214,103.93,33.883994126284875,0,0.4387,5,4.2841,1.2343,0.2669,0.0505,3.2881,3.0672,0.6189617442964651,0.5544872805422404,26,26,0.9174311408503922,TRUE,1.1421487076412535,0.3660735675380415,0.16213999999999942,0.3930000000000007,-0.848201102617833,-0.2205101100283354,1.1836156125834614,0.8625429553264605,0.9645892351274787,0.9645892351274787,0.9007936507936508,0.9478079331941545,0.8338870431893688,0.9478079331941545
665795,Edward Cabrera,MIA,2025,27,137.66666666666666,26,581,2253,137.66666666666666,5.294871794871795,0.1756,29.35960591133005,103.9343,105.9012,36.83976919662672,0,0.4663,5,3.5303,1.2276,0.2582,0.0826,3.7196,3.6198,0.5317391145579831,0.4890544253209859,30,27,0.8994667122113651,TRUE,0.276692168762358,0.9027277219387339,0.39342999999999934,0.5901200000000003,0.5827025945331874,-0.2205101100283354,1.1836156125834614,0.8288159771754636,0.9575010624734381,0.9575010624734381,0.882491186839013,0.9375780274656679,0.7948016415868673,0.9375780274656679
686613,Hunter Brown,HOU,2025,26,185.33333333333334,31,729,2964,185.33333333333334,5.978494623655914,0.2044,27.828054298642535,105.0962,104.1504,38.19163292847503,0,0.4814,4,2.4281,1.0252,0.2826,0.0782,3.3915,3.1876,0.5372111718605732,0.4849512083451766,29,28,0.9192119642614806,TRUE,0.8861089980951743,0.4508479700222555,0.5096199999999996,0.41504000000000046,1.2371457662601915,-0.2205101100283354,0.15735930109491142,0.8586572438162544,0.9673629242819843,0.9673629242819843,0.9080882352941176,0.9518304431599229,0.8293515358361775,0.9518304431599229
543135,Nathan Eovaldi,TEX,2025,35,130,22,496,1920,130,5.909090909090909,0.2177,27.749229188078107,99.5372,104.9362,33.020833333333336,0,0.503,4,1.7308,0.8538,0.2601,0.0423,3.1724,3.0301,0.5440817197527682,0.4562183869769193,28,29,0.8848462986318323,TRUE,1.167541075530121,0.4275908553996941,-0.04628000000000014,0.49361999999999995,-1.2660610346076249,-0.2205101100283354,0.15735930109491142,0.8051948051948052,0.9504950495049505,0.9504950495049505,0.8648648648648649,0.927536231884058,0.7678018575851393,0.927536231884058
656731,Tylor Megill,NYM,2025,29,68.33333333333333,14,305,1234,68.33333333333333,4.8809523809523805,0.1836,30.685920577617328,107.7032,103.7195,37.60129659643436,0,0.4023,3,3.9512,1.361,0.2918,0.1082,3.7447,3.7303,0.5028244688709794,0.43178827856591234,31,30,0.8322459344531296,TRUE,0.4459746213548072,1.2940529227351925,0.7703199999999996,0.37194999999999967,0.9513613543963093,-0.2205101100283354,-0.8688970103936385,0.7176470588235294,0.9250374812593704,0.9250374812593704,0.8044328552803129,0.8916184971098265,0.6703296703296703,0.8916184971098265
640455,Sean Manaea,NYM,2025,33,60.666666666666664,12,263,1095,51.333333333333336,5.055555555555555,0.2395,26.829268292682926,110.1078,105.9753,31.598173515981735,0,0.3636,2,5.6374,1.2198,0.2852,0.0456,3.0745,3.3049,0.5993664047009444,0.4226871706110458,27,31,0.8143009016571588,TRUE,1.6288357588445443,0.1561591271182299,1.0107799999999998,0.5975300000000004,-1.95477690235502,-0.2205101100283354,-1.8951533218821883,0.6866840731070496,0.9163179916317992,0.9163179916317992,0.7849462365591398,0.8795180722891566,0.6368038740920097,0.8795180722891566
666157,Nick Lodolo,CIN,2025,27,156.66666666666666,28,642,2479,155.66666666666666,5.595238095238095,0.1947,27.5,106.3394,105.746,33.92496974586527,0,0.4259,4,3.3319,1.0787,0.243,0.0483,3.5738,3.6592,0.4699461784897074,0.4196824248410393,34,32,0.9076445681980355,TRUE,0.6808540243268302,0.3540565241070935,0.6339399999999997,0.5745999999999996,-0.828364625160887,-0.2205101100283354,0.15735930109491142,0.84251968503937,0.9612252811167119,0.9612252811167119,0.8920474991003958,0.9429440852034995,0.8106060606060606,0.9429440852034995
691587,Eury Pérez,MIA,2025,22,95.33333333333333,20,385,1675,95.33333333333333,4.766666666666667,0.1896,28.38479809976247,115.311,108.7441,35.76119402985075,0,0.3102,2,4.2483,1.049,0.2727,0.0831,3.798,4.0714,0.4898378191038491,0.4193811843183592,33,33,0.864720579098426,TRUE,0.5729364607991435,0.6151135740325882,1.5311000000000008,0.8744100000000004,0.06055961779560963,-0.2205101100283354,-1.8951533218821883,0.7623762376237624,0.9436619718309859,0.9436619718309859,0.8481012658227848,0.9178082191780822,0.719626168224299,0.9178082191780822
669923,George Kirby,SEA,2025,27,126,23,524,2087,126,5.478260869565218,0.2061,26.686217008797655,99.1002,109.6435,34.83469094393867,0,0.4413,4,4.2143,1.1905,0.2615,0.0553,3.3909,3.2493,0.49468509465289023,0.4171476086842326,32,34,0.8914106059833297,TRUE,0.9220815192710698,0.11395227092225864,-0.08997999999999991,0.9643500000000003,-0.38796459649790277,-0.2205101100283354,0.15735930109491142,0.8136645962732919,0.9542752629172382,0.9542752629172382,0.8743192291579388,0.9329459097004917,0.7774480712166172,0.9329459097004917
642547,Freddy Peralta,MIL,2025,29,176.66666666666666,33,723,3089,176.66666666666666,5.353535353535353,0.1909,30.08298755186722,98.8251,105.5368,38.42667529944966,0,0.3727,3,2.7,1.0755,0.2822,0.0913,3.6787,3.8534,0.4527880222433522,0.4134907270483278,36,35,0.920281641099569,TRUE,0.6004448593454164,1.1161593252611126,-0.11748999999999939,0.55368,1.3509308106600169,-0.2205101100283354,-0.8688970103936385,0.8576512455516014,0.9686422075885858,0.9686422075885858,0.9114783121864857,0.9536894103118246,0.8281786941580757,0.9536894103118246
664285,Framber Valdez,HOU,2025,31,192,31,802,2898,192,6.193548387096774,0.1484,26.64714494875549,106.2338,110.5811,35.714285714285715,1,0.5861,3,3.6562,1.2448,0.2332,0.0848,3.665,3.3387,0.39822457924683374,0.349589266324596,38,36,0.9219057375667472,TRUE,-0.2988681700519687,0.10242417571968317,0.6233800000000003,1.0581100000000006,0.03785109614840225,4.504706533435995,-0.8688970103936385,0.8698481561822126,0.9666444296197465,0.9666444296197465,0.9061913696060038,0.9507874015748031,0.842436974789916,0.9507874015748031
657277,Logan Webb,SFG,2025,28,207,34,856,3282,207,6.088235294117647,0.2079,24.653922214897825,105.8132,110.7442,34.03412553321146,0,0.5324,3,3.2174,1.2367,0.2617,0.0537,3.136,2.7821,0.38960576684405107,0.34041844877330446,39,37,0.928234646537265,TRUE,0.9601700711043708,-0.4856702685213261,0.5813199999999995,1.0744200000000006,-0.7755218289527747,-0.2205101100283354,-0.8688970103936385,0.8770491803278688,0.9704316972205795,0.9704316972205795,0.916247906197655,0.9562937062937062,0.8508946322067594,0.9562937062937062
607074,Carlos Rodón,NYY,2025,32,195.33333333333334,33,789,3213,195.33333333333334,5.91919191919192,0.1648,30.3485987696514,107.3133,102.6241,37.41051976346094,0,0.4346,3,3.087,1.0495,0.2573,0.0925,3.9178,3.8867,0.32563910894001225,0.31403963147661346,40,38,0.9247529972743612,TRUE,0.04816085776255175,1.1945271257349956,0.7313299999999998,0.26240999999999987,0.8590054514145383,-0.2205101100283354,-0.8688970103936385,0.8679867986798679,0.9698158768487776,0.9698158768487776,0.9146029035012809,0.9553969669937555,0.8402555910543131,0.9553969669937555
669022,MacKenzie Gore,WSN,2025,26,159.66666666666666,30,680,2819,159.66666666666666,5.322222222222222,0.1779,29.690869877785765,99.5265,99.32,37.03440936502306,0,0.372,4,4.1712,1.3528,0.2721,0.0941,3.8004,3.7751,0.30528562058663417,0.28496092192652345,44,39,0.9147902422827346,TRUE,0.32536087388268703,1.0004661708038058,-0.047350000000000135,-0.06800000000000068,0.6769287551659753,-0.2205101100283354,0.15735930109491142,0.85,0.9657416923603974,0.9657416923603974,0.9038153254248157,0.9494779386998989,0.8192771084337349,0.9494779386998989
687888,Brandon Walter,HOU,2025,28,53.666666666666664,9,212,815,53.666666666666664,5.962962962962963,0.2264,24.574209245742093,96.7563,104.7184,32.88343558282209,0,0.4474,5,3.354,0.9317,0.2453,0.0189,3.2094,3.1399,0.45664088793629787,0.28140322531703676,35,40,0.7750958880044492,TRUE,1.351635742724409,-0.5091893431827477,-0.3243700000000004,0.47184000000000026,-1.3325758892592814,-0.2205101100283354,1.1836156125834614,0.6385542168674698,0.8907103825136612,0.8907103825136612,0.7309417040358744,0.844559585492228,0.585635359116022,0.844559585492228
800048,Parker Messick,CLE,2025,24,39.666666666666664,7,165,625,39.666666666666664,5.666666666666666,0.1939,26.041666666666668,98.7441,108.0658,33.92,0,0.4793,5,2.7227,1.3109,0.2303,0.0364,3.4333,3.1499,0.41695975201169544,0.26879267477657237,37,41,0.7307819606781695,TRUE,0.6639257790675848,-0.07622039207323769,-0.1255899999999997,0.8065799999999996,-0.8307705009678339,-0.2205101100283354,1.1836156125834614,0.5789473684210527,0.8620689655172413,0.8620689655172413,0.6756756756756757,0.8064516129032258,0.5238095238095238,0.8064516129032258
805673,Zebby Matthews,MIN,2025,25,79.33333333333333,16,354,1353,79.33333333333333,4.958333333333333,0.1808,27.45664739884393,101.0619,106.4793,33.85070214338507,0,0.3167,4,5.5588,1.4874,0.2486,0.0678,3.8187,3.8064,0.32392912475489805,0.267307984266072,41,42,0.8472115920870336,TRUE,0.38672576294744954,0.34126546796961044,0.10618999999999942,0.6479299999999995,-0.8643178978012057,-0.2205101100283354,0.15735930109491142,0.7468354430379747,0.9311768754301445,0.9311768754301445,0.8185117967332124,0.9001996007984032,0.7023809523809523,0.9001996007984032
669372,J.T. Ginn,ATH,2025,26,90.33333333333333,16,392,1576,75,5.645833333333333,0.1735,28.74074074074074,97.4521,108.8907,40.41878172588832,0,0.5273,3,5.0812,1.3616,0.2526,0.0791,3.5711,3.5203,0.31029430728347523,0.2654952943975322,42,43,0.8622590707629605,TRUE,0.23225552495683977,0.7201333924763913,-0.25478999999999985,0.8890699999999996,2.315318283614688,-0.2205101100283354,-0.8688970103936385,0.765625,0.9403341288782816,0.9403341288782816,0.8400852878464818,0.9130938586326767,0.7232472324723247,0.9130938586326767
676974,Max Meyer,MIA,2025,26,64.66666666666667,12,285,1040,64.66666666666667,5.388888888888889,0.1684,27.4390243902439,97.3393,107.2282,35.76923076923077,0,0.4922,5,4.732,1.4227,0.2386,0.0702,3.719,3.507,0.3061029571397788,0.2514246928207121,43,44,0.8153508690935026,TRUE,0.12433796142915364,0.33606585165356007,-0.2660700000000006,0.7228200000000001,0.06445023863726118,-0.2205101100283354,1.1836156125834614,0.7037037037037037,0.9122807017543859,0.9122807017543859,0.7761194029850746,0.8739495798319328,0.6551724137931034,0.8739495798319328
682052,Jacob Lopez,ATH,2025,27,92.66666666666667,17,399,1666,84,5.450980392156863,0.1905,28.326745718050066,98.0323,99.5028,37.69507803121248,0,0.2754,4,4.0791,1.2734,0.2832,0.0927,3.7633,4.133,0.29790627223195015,0.25049681896654874,45,45,0.8663599232494,TRUE,0.5919807367157942,0.5979853913262088,-0.19676999999999936,-0.04972000000000065,0.9967613589821196,-0.2205101100283354,0.15735930109491142,0.7687861271676301,0.9433748584371461,0.9433748584371461,0.8474059003051883,0.9174008810572687,0.726775956284153,0.9174008810572687
656427,Jack Flaherty,DET,2025,29,161,31,681,2831,161,5.193548387096774,0.1894,27.321981424148607,102.2891,103.5531,36.38290356764394,0,0.3671,3,4.6398,1.2795,0.2761,0.0866,3.6741,3.6872,0.2616351369635821,0.23010363072807338,48,46,0.9149989072333716,TRUE,0.5687043994843327,0.30153267233098935,0.22891000000000047,0.35531000000000007,0.3615319363961072,-0.2205101100283354,-0.8688970103936385,0.850187265917603,0.9658819515523712,0.9658819515523712,0.9041839667837751,0.9496813149949681,0.8194945848375451,0.9496813149949681
693645,Cam Schlittler,NYY,2025,24,73,14,304,1253,73,5.214285714285714,0.1743,26.11464968152866,112.4087,107.7152,34.23782920989625,0,0.3641,3,2.9589,1.2192,0.2763,0.102,3.8434,3.7705,0.2676781193376014,0.21928383670074267,47,47,0.8331089975500887,TRUE,0.24918377021608515,-0.054686970426361066,1.2408699999999997,0.7715199999999995,-0.6769079841388624,-0.2205101100283354,-0.8688970103936385,0.71698113207547165,0.9260901699926091,0.9260901699926091,0.8068254990341275,0.8930862437633642,0.6696035242290749,0.8930862437633642
669456,Shane Bieber,TOR,2025,30,40.333333333333336,7,159,645,40.333333333333336,5.761904761904762,0.1887,27.85234899328859,91.6702,101.3638,36.27906976744186,0,0.4825,5,3.5702,1.0165,0.2327,0.044,3.5173,3.348,0.29597539423198066,0.1970845642522327,46,48,0.7315971994355878,TRUE,0.5538921848824933,0.4580160474795224,-0.8329800000000006,0.13637999999999978,0.3112655375455287,-0.2205101100283354,1.1836156125834614,0.5698924731182796,0.8657718120805369,0.8657718120805369,0.6825396825396826,0.8113207547169812,0.5145631067961165,0.8113207547169812
694462,Hurston Waldrep,ATL,2025,23,56.333333333333336,9,229,886,50.666666666666664,6.2592592592592595,0.1441,28.535353535353536,99.2345,103.7359,39.27765237020316,0,0.4932,5,2.8757,1.1893,0.2402,0.0961,3.9562,3.6633,0.18188847584334542,0.1819874372836483,50,49,0.7878594217210898,TRUE,-0.38985748832041,0.659534507888801,-0.0765500000000003,0.3735900000000001,1.762892549207021,-0.2205101100283354,1.1836156125834614,0.6561604584527221,0.8985801217038539,0.8985801217038539,0.7470489038785835,0.8552123552123552,0.604221635883905,0.8552123552123552
677960,Ryan Weathers,MIA,2025,25,38.333333333333336,8,166,642,38.333333333333336,4.791666666666667,0.1506,28.75399361022364,104.1844,108.5032,35.82554517133956,0,0.4348,3,3.9913,1.2783,0.2229,0.0723,4.0555,4.032,0.19668228993258022,0.17194000237911422,49,50,0.7341335772532208,TRUE,-0.25231549558904504,0.7240436122329467,0.41843999999999965,0.8503200000000006,0.09171228810403834,-0.2205101100283354,-0.8688970103936385,0.5804195804195804,0.8652291105121294,0.8652291105121294,0.6815286624203821,0.8106060606060606,0.5253164556962026,0.8106060606060606
607192,Tyler Glasnow,LAD,2025,31,90.33333333333333,18,366,1484,90.33333333333333,5.018518518518518,0.1721,28.229665071770334,101.282,97.4178,39.82479784366577,0,0.4439,4,3.1882,1.0959,0.2896,0.1175,3.8828,3.7155,0.17521833614223586,0.15917125939477222,51,51,0.8549094504117896,TRUE,0.20263109575316152,0.569342035141955,0.12819999999999965,-0.25822,2.027768076682985,-0.2205101100283354,0.15735930109491142,0.7530864197530864,0.9368686868686869,0.9368686868686869,0.8318385650224215,0.9082007343941249,0.7093023255813954,0.9082007343941249
676282,Joey Cantillo,CLE,2025,25,95.33333333333333,13,401,1637,67,7.333333333333333,0.1646,29.661016949152543,100.7704,99.1585,37.38546120952963,0,0.408,3,3.2098,1.2587,0.2693,0.1047,3.8277,3.6627,0.13901676766388335,0.1346112156057749,53,52,0.8656489351905314,TRUE,0.043928796447740406,0.9916581529263744,0.07703999999999951,-0.08414999999999964,0.846874495366715,-0.2205101100283354,-0.8688970103936385,0.7696737044145874,0.9424294761082326,0.9424294761082326,0.8451213216313888,0.9160604364857303,0.7277676950998185,0.9160604364857303
605400,Aaron Nola,PHI,2025,32,94.33333333333333,17,404,1568,94.33333333333333,5.549019607843137,0.1708,25.170068027210885,101.5874,108.5651,34.88520408163265,0,0.4249,4,6.0106,1.3463,0.2401,0.0693,3.8132,3.7143,0.16599828123431873,0.13235959166331673,52,53,0.8635869917300665,TRUE,0.17512269720688864,-0.3333829804608996,0.15874000000000024,0.8565100000000001,-0.36351096462101595,-0.2205101100283354,0.15735930109491142,0.7709923664122137,0.9400479616306955,0.9400479616306955,0.8394004282655246,0.9126891734575088,0.7292418772563177,0.9126891734575088
669358,Shane Baz,TBR,2025,26,166.33333333333334,31,711,2724,166.33333333333334,5.365591397849463,0.1575,25.823353293413174,105.2237,107.0223,34.98531571218796,0,0.4674,4,4.8697,1.3347,0.2475,0.09,3.9473,3.8835,0.12776619247695373,0.12007411716239699,54,54,0.9152810896331983,TRUE,-0.106309380228058,-0.14063310407628166,0.5223699999999993,0.7022300000000001,-0.31504648444903705,-0.2205101100283354,0.15735930109491142,0.855595667870036,0.9645892351274787,0.9645892351274787,0.9007936507936508,0.9478079331941545,0.8257839721254355,0.9478079331941545
663460,Kris Bubic,KCR,2025,27,116.33333333333333,20,476,1795,116.33333333333333,5.816666666666666,0.1618,28.846153846153847,96.0466,100.3884,33.98328690807799,0,0.4717,4,2.553,1.1777,0.2437,0.0819,3.8536,3.6288,0.1042374775785037,0.1011938344099624,55,55,0.87943721023833,TRUE,-0.015320061959616688,0.7512352159658612,-0.3953400000000002,0.03884000000000043,-0.800133030729078,-0.2205101100283354,0.15735930109491142,0.7986577181208053,0.9472295514511874,0.9472295514511874,0.8568019093078759,0.922879177377892,0.7603833865814696,0.922879177377892
682847,Luis Ortiz,CLE,2025,26,88.66666666666667,16,382,1502,88.66666666666667,5.541666666666667,0.1414,28.939828080229226,99.5455,97.4236,35.61917443408788,0,0.465,5,4.3647,1.3759,0.2513,0.1099,4.1432,3.833,0.04872261849378664,0.07665261233579503,59,56,0.8580110847205246,TRUE,-0.4469903160703617,0.7788735203522672,-0.04544999999999959,-0.25764000000000065,-0.008192692447496397,-0.2205101100283354,1.1836156125834614,0.7609561752988048,0.9375780274656679,0.9375780274656679,0.8335183129855716,0.9092009685230025,0.7180451127819549,0.9092009685230025
601713,Nick Pivetta,SDP,2025,32,181.66666666666666,31,721,2852,181.66666666666666,5.860215053763441,0.1942,24.558823529411764,101.6135,103.0885,34.22159887798036,0,0.3354,3,2.8734,0.9853,0.2635,0.0693,3.6942,3.8451,0.0943221756846102,0.06686382909746173,56,57,0.9174621655516676,TRUE,0.6702738710398021,-0.513728853063323,0.1613500000000002,0.3088499999999996,-0.6847651591240154,-0.2205101100283354,-0.8688970103936385,0.8573127229488704,0.9661246612466124,0.9661246612466124,0.9048223350253807,0.950033311125916,0.8277841561423651,0.950033311125916
676962,Ben Brown,CHC,2025,25,106.33333333333333,15,472,1759,75.66666666666667,7.088888888888889,0.1886,28.26603325415677,98.8949,97.5547,34.67879476975554,0,0.4244,2,5.9248,1.4389,0.2564,0.0678,3.5186,3.5568,0.06343376531265657,0.04414601905695311,57,58,0.8779575543680898,TRUE,0.5517761542250873,0.5800723592774885,-0.1105099999999993,-0.2445300000000003,-0.4634346193181902,-0.2205101100283354,-1.8951533218821883,0.7972972972972973,0.9462076385153309,0.9462076385153309,0.8542982030111704,0.9214248297537978,0.7588424437299035,0.9214248297537978
650633,Michael King,SDP,2025,30,73.33333333333333,15,308,1219,73.33333333333333,4.888888888888888,0.1623,25.8364312267658,100.8101,102.7857,38.14602132895816,0,0.3831,4,3.4364,1.2,0.2468,0.0844,3.9912,4.2028,0.04763115060596112,0.04019734165690169,60,59,0.8319784024704215,TRUE,-0.004739908672588614,-0.1367744987050954,0.08101000000000055,0.27857000000000054,1.2150649905487607,-0.2205101100283354,0.15735930109491142,0.719626168224299,0.9241849886277483,0.9241849886277483,0.8025016458196181,0.8904309715120526,0.6724890829694323,0.8904309715120526
669854,Ronel Blanco,HOU,2025,31,48.333333333333336,9,199,794,48.333333333333336,5.37037037037037,0.1407,32.01058201058201,89.66,93.9571,36.77581863979849,0,0.3386,4,4.0966,1.1793,0.2412,0.1005,4.3228,4.3999,-0.026908259780100037,0.038026294862484454,66,60,0.7683273904342448,TRUE,-0.4618025306722012,1.684890341952836,-1.0340000000000003,-0.6042900000000003,0.551743849018834,-0.2205101100283354,0.15735930109491142,0.6238244514106583,0.8881431767337807,0.8881431767337807,0.7257769652650823,0.8411016949152542,0.5702005730659025,0.8411016949152542
506433,Yu Darvish,SDP,2025,38,72,15,296,1160,72,4.8,0.1655,22.977941176470587,99.1213,99.5091,35.08620689655172,0,0.398,7,5.375,1.1806,0.2297,0.0642,3.9388,4.1508,0.050603177897766825,0.03746334992816152,58,61,0.8259997638872235,TRUE,0.06297307236439117,-0.9801634932924222,-0.08786999999999949,-0.049089999999999634,-0.26620461885357616,-0.2205101100283354,3.236128235560561,0.7115384615384616,0.9206349206349206,0.9206349206349206,0.7945205479452054,0.8854961832061069,0.6636771300448431,0.8854961832061069
641154,Pablo López,MIN,2025,29,75.66666666666667,14,312,1259,75.66666666666667,5.404761904761905,0.1699,25.85924713584288,96.2807,107.3105,35.42494042891183,0,0.385,3,2.7357,1.1101,0.234,0.0641,3.8698,3.8687,0.03377329902428873,0.009945095943956997,61,62,0.8350045507194228,TRUE,0.15607842129023786,-0.13004273253535537,-0.3719300000000004,0.7310500000000004,-0.10222222768094583,-0.2205101100283354,-0.8688970103936385,0.7222222222222222,0.9264164827078735,0.9264164827078735,0.8075689544579859,0.893541518807665,0.6753246753246753,0.893541518807665
592332,Kevin Gausman,TOR,2025,34,193,32,775,3030,193,6.03125,0.1794,26.406649616368288,102.0117,103.0968,32.60726072607261,0,0.3669,2,3.5907,1.0622,0.2439,0.0645,3.7918,3.7658,0.015631041296787457,0.0042036137188575405,62,63,0.9222045927482087,TRUE,0.35710133374377123,0.03146674259374339,0.20117000000000046,0.3096800000000002,-1.4662733507299466,-0.2205101100283354,-1.8951533218821883,0.8659217877094972,0.9680511182108626,0.9680511182108626,0.9099099099099099,0.9528301886792453,0.8378378378378378,0.9528301886792453
686752,Ryan Pepiot,TBR,2025,27,167.66666666666666,31,679,2700,167.66666666666666,5.408602150537634,0.1561,25.96153846153846,106.4367,103.7362,35.629629629629626,0,0.3824,3,3.8648,1.163,0.2459,0.0898,4.0477,4.0706,-0.004857152082122837,-0.0010800715196353937,64,64,0.9131685204809455,TRUE,-0.13593380943173683,-0.09986198087435563,0.6436700000000002,0.3736199999999997,-0.0031312863529557077,-0.2205101100283354,-0.8688970103936385,0.8498122653316645,0.9642857142857143,0.9642857142857143,0.9,0.9473684210526315,0.8190591073582629,0.9473684210526315
624133,Ranger Suarez,PHI,2025,29,157.33333333333334,26,651,2432,157.33333333333334,6.051282051282052,0.1736,22.23175965665236,96.9771,106.8266,34.375,0,0.4677,5,3.2034,1.2203,0.232,0.0584,3.7318,3.6127,-1.723830829467054e-4,-0.018025440408004644,63,65,0.9074434933539368,TRUE,0.23437155561424572,-1.2003221332408605,-0.3022900000000007,0.6826599999999999,-0.6105030020175789,-0.2205101100283354,1.1836156125834614,0.8443579766536965,0.9605055292259084,0.9605055292259084,0.890190336749634,0.9419054996127033,0.8127340823970037,0.9419054996127033
681857,Reese Olson,DET,2025,25,68.66666666666667,13,285,1159,68.66666666666667,5.282051282051283,0.1404,29.70873786407767,92.5926,96.7886,38.826574633304574,0,0.4286,4,3.1456,1.2087,0.2281,0.0877,4.1538,4.0345,-0.07063621586221251,-0.02176330361182587,71,66,0.8236024303424881,TRUE,-0.46815062264441787,1.0057380670598284,-0.7407399999999995,-0.32113999999999976,1.5445238350558292,-0.2205101100283354,0.15735930109491142,0.7037037037037037,0.920571882446386,0.920571882446386,0.794379712131597,0.8854087089381207,0.6551724137931034,0.8854087089381207
592662,Robbie Ray,SFG,2025,33,182.33333333333334,32,755,3072,182.33333333333334,5.697916666666667,0.1497,27.843915343915345,100.314,97.2381,36.360677083333336,0,0.3607,4,3.6527,1.2121,0.2464,0.0967,4.171,4.2897,-0.03822484612670192,-0.023114222820204176,67,67,0.9217116775615936,TRUE,-0.27135977150569585,0.4555277242947457,0.031399999999999297,-0.2761899999999997,0.35077199769378936,-0.2205101100283354,0.15735930109491142,0.8628571428571429,0.9684741488020177,0.9684741488020177,0.9110320284697508,0.9534450651769087,0.8342541436464088,0.9534450651769087
669432,Trevor Rogers,BAL,2025,27,109.66666666666667,18,423,1627,109.66666666666667,6.092592592592593,0.1749,25.58139534883721,96.8015,100.236,31.776275353411187,0,0.4596,4,1.8055,0.9027,0.2435,0.0686,3.7542,3.6371000000000002,-0.014545323245169496,-0.025104627215443025,65,68,0.8681301989575895,TRUE,0.2618799541605186,-0.21202207658198077,-0.3198499999999996,0.02360000000000042,-1.868557020401107,-0.2205101100283354,0.15735930109491142,0.7790055248618785,0.9420961204400695,0.9420961204400695,0.8443175921120913,0.915588069780529,0.7382198952879581,0.915588069780529
670912,Johan Oviedo,PIT,2025,27,40.333333333333336,9,170,667,40.333333333333336,4.481481481481482,0.1118,29.893238434163703,107.5304,96.6532,39.73013493253373,0,0.3039,3,3.5702,1.2149,0.2471,0.1353,4.7264,4.8976,-0.16655370066931457,-0.02707971467290042,90,69,0.7398951131644372,TRUE,-1.0733353906624232,1.0601744119719185,0.75304,-0.3346800000000002,1.9819413455216555,-0.2205101100283354,-0.8688970103936385,0.5862068965517241,0.8696219035202086,0.8696219035202086,0.6897621509824199,0.8164014687882497,0.53125,0.8164014687882497
690953,Mick Abel,2 Tms,2025,23,39,8,174,720,34,4.875,0.1322,25.41899441340782,109.0581,103.3989,35.55555555555556,0,0.3644,4,6.2308,1.5128,0.2241,0.092,4.284,4.3404,-0.09354681109230836,-0.029701651762609933,75,70,0.7494322999201148,TRUE,-0.6416651365516778,-0.25993798996348383,0.9058099999999996,0.33988999999999975,-0.03899087104163962,-0.2205101100283354,0.15735930109491142,0.5918367346938775,0.8780487804878049,0.8780487804878049,0.7058823529411765,0.8275862068965517,0.5370370370370371,0.8275862068965517
671212,Joe Boyle,TBR,2025,25,52,9,226,934,38,5.777777777777778,0.1327,29.024390243902438,106.1437,95.2775,38.97216274089936,0,0.438,3,4.6731,1.3654,0.2566,0.1239,4.2449,4.3828,-0.12324997594364343,-0.040383027922604155,78,71,0.7915649748413748,TRUE,-0.6310849832646497,0.8038233354454188,0.6143699999999995,-0.47224999999999967,1.6150036775542986,-0.2205101100283354,-0.8688970103936385,0.653179190751445,0.9032882011605415,0.9032882011605415,0.7568881685575365,0.8616236162361623,0.601063829787234,0.8616236162361623
676917,Cade Cavalli,WSN,2025,26,48.666666666666664,10,219,790,48.666666666666664,4.866666666666666,0.1142,27.877237851662404,104.2109,102.9493,33.924050632911396,0,0.5478,4,4.2534,1.4795,0.1826,0.0685,4.0902,3.9297,-0.14016341976874377,-0.049423724632496543,81,72,0.7743451769974887,TRUE,-1.0225506548846885,0.4653594311789511,0.4210899999999995,0.29492999999999936,-0.8288095717797935,-0.2205101100283354,0.15735930109491142,0.6460176991150443,0.8876404494382022,0.8876404494382022,0.7247706422018348,0.8404255319148937,0.5934959349593496,0.8404255319148937
663554,Casey Mize,DET,2025,28,149,28,627,2353,149,5.321428571428571,0.1643,24.07883461868038,94.5723,103.3436,34.126646833829156,0,0.3874,5,3.8658,1.2685,0.2217,0.0574,3.9576,3.9688,-0.046490124156362105,-0.050432151242637516,68,73,0.9045483877874814,TRUE,0.037580704475523675,-0.6553481547617851,-0.5427700000000002,0.3343599999999995,-0.7307318608501703,-0.2205101100283354,1.1836156125834614,0.8393574297188755,0.9592335915205871,0.9592335915205871,0.8869204673954014,0.9400719137035557,0.806949806949807,0.9400719137035557
681347,Mike Burrows,PIT,2025,25,96,19,402,1538,86.66666666666667,5.052631578947368,0.1642,27.005347593582886,94.6476,97.5694,34.52535760728218,0,0.4179,4,3.9375,1.2396,0.2413,0.0771,3.8689,3.8613,-0.06030813578906266,-0.05118985721149345,69,74,0.8621899541766013,TRUE,0.0354646738181183,0.2081108015829776,-0.5352400000000003,-0.24305999999999983,-0.5377142237666098,-0.2205101100283354,0.15735930109491142,0.7701149425287356,0.938949938949939,0.938949938949939,0.8367791077257889,0.9111374407582938,0.7282608695652174,0.9111374407582938
690986,Kyle Harrison,2 Tms,2025,23,35.666666666666664,6,156,588,27.333333333333332,5.944444444444444,0.1538,25.925925925925927,103.9109,107.7229,33.843537414965986,0,0.39,2,4.0374,1.3738,0.2436,0.0897,3.9651,3.9518,-0.07216222854304367,-0.05849268471506195,72,75,0.7199973907965547,TRUE,-0.18460251455206586,-0.11036935367485122,0.3910899999999998,0.7722899999999996,-0.8677863743056664,-0.2205101100283354,-1.8951533218821883,0.5652173913043478,0.8546511627906976,0.8546511627906976,0.6621621621621622,0.7967479674796748,0.5098039215686274,0.7967479674796748
664062,Tony Gonsolin,LAD,2025,31,36,7,157,609,36,5.142857142857143,0.1274,30.337078651685392,94.7016,90.9731,38.58784893267652,0,0.4062,4,5,1.4167,0.242,0.1146,4.4026,4.5727,-0.2103102305683405,-0.07419832586722144,95,76,0.724401469667275,TRUE,-0.7432346081071471,1.1911281491641745,-0.5298400000000001,-0.9026899999999998,1.4289556745888214,-0.2205101100283354,0.15735930109491142,0.5667870036101083,0.8589562764456982,0.8589562764456982,0.66996699669967,0.8023715415019763,0.511400651465798,0.8023715415019763
657376,Clarke Schmidt,NYY,2025,29,78.66666666666667,14,316,1227,78.66666666666667,5.6190476190476195,0.1361,26.58662092624357,100.7473,101.8955,35.61532192339038,0,0.3318,4,3.3178,1.0932,0.231,0.0949,4.3741,4.4408,-0.1194339628897327,-0.07562032873810849,77,77,0.8339768216694167,TRUE,-0.5591399409128592,0.08456674274053479,0.07472999999999956,0.18954999999999983,-0.010057709801380231,-0.2205101100283354,0.15735930109491142,0.7247706422018348,0.9246420497362472,0.9246420497362472,0.8035363457760314,0.8910675381263616,0.6781115879828327,0.8910675381263616
667755,José Soriano,LAA,2025,26,169,31,724,2784,169,5.451612903225806,0.1022,26.96629213483146,103.0559,106.461,38.72126436781609,1,0.6528,2,4.2604,1.3964,0.2099,0.1077,3.9295,3.5395,-0.08501739376303798,-0.07989552091668824,73,78,0.91676018718713,TRUE,-1.276474333773362,0.19658760454189944,0.3055899999999994,0.6460999999999999,1.4935426728735528,4.504706533435995,-1.8951533218821883,0.8578199052132701,0.9653259361997226,0.9653259361997226,0.9027237354085603,0.9488752556237219,0.8283752860411899,0.9488752556237219
694477,Chad Patrick,MIL,2025,26,119.66666666666667,23,503,2011,115.66666666666667,5.202898550724638,0.173,23.535253227408145,104.7139,102.2246,35.504724017901545,0,0.314,3,3.5348,1.2786,0.2525,0.0795,3.9043,3.9838,-0.08818154549287947,-0.09398368812940809,74,79,0.8877563160392176,TRUE,0.2216753716698117,-0.8157302288621034,0.47138999999999953,0.22245999999999952,-0.06359864173800245,-0.2205101100283354,-0.8688970103936385,0.8073836276083467,0.9526290857413549,0.9526290857413549,0.8701860666378192,0.9305876908838501,0.7702909647779479,0.9305876908838501
669713,Hayden Wesneski,HOU,2025,27,32,6,131,508,32,5.333333333333333,0.1756,23.236514522821576,95.9376,104.6249,34.44881889763779,0,0.3804,4,4.5,1.0938,0.2214,0.0458,3.8446,3.8097,-0.06440400083714926,-0.09599221694763313,70,80,0.6902775675157798,TRUE,0.276692168762358,-0.903872195870023,-0.40623999999999966,0.4624899999999997,-0.5747669493627623,-0.2205101100283354,0.15735930109491142,0.5219123505976095,0.8355263157894737,0.8355263157894737,0.6287128712871287,0.7720364741641338,0.46619217081850534,0.7720364741641338
656550,Grant Holmes,ATL,2025,29,115,21,492,1966,114,5.476190476190476,0.1402,29.715489989462593,92.1627,93.9008,37.08036622583927,0,0.4539,4,3.9913,1.3391,0.25,0.1098,4.1816,4.0352,-0.1425087003694204,-0.10105973585859739,84,81,0.8856146385897061,TRUE,-0.4723826839592292,1.0077302615889403,-0.7837299999999999,-0.6099199999999996,0.6991766733892543,-0.2205101100283354,0.15735930109491142,0.803921568627451,0.9515972894482091,0.9515972894482091,0.8676081200353045,0.9291115311909263,0.7663551401869159,0.9291115311909263
702070,Noah Cameron,KCR,2025,25,138.33333333333334,24,556,2166,138.33333333333334,5.763888888888889,0.1277,26.614481409001957,96.4479,101.2831,37.39612188365651,0,0.4143,5,2.9928,1.0988,0.205,0.0773,4.3255,4.1006,-0.14058456685601364,-0.10431156910505408,83,82,0.8957958835118065,TRUE,-0.7368865161349305,0.09278689538367169,-0.3552099999999996,0.12831000000000045,0.852035374547049,-0.2205101100283354,1.1836156125834614,0.8224852071005917,0.9558693733451015,0.9558693733451015,0.878345498783455,0.93523316062176165,0.7875354107648725,0.93523316062176165
678906,Kai-Wei Teng,SFG,2025,26,29.666666666666668,7,139,573,24.666666666666668,4.238095238095238,0.1583,27.49003984063745,95.4045,84.8029,37.87085514834206,0,0.3733,5,6.3708,1.5506,0.2806,0.1223,3.9971,4.44,-0.20206293058029554,-0.10753194871309535,94,83,0.7088416005118646,TRUE,-0.0893811349688132,0.35111780868639697,-0.4595500000000001,-1.5197100000000006,1.0818558336256758,-0.2205101100283354,1.1836156125834614,0.5366795366795367,0.8514115898959881,0.8514115898959881,0.6563573883161512,0.7925311203319502,0.4809688581314879,0.7925311203319502
701581,David Festa,MIN,2025,25,53.333333333333336,10,229,882,48.666666666666664,5.333333333333334,0.1485,27.43362831858407,89.1699,99.9876,35.714285714285715,0,0.351,4,5.4,1.275,0.2314,0.083,4.1638,4.4938,-0.1519848162715992,-0.10977755676462889,87,84,0.7874587607912852,TRUE,-0.2967521393945633,0.33447375674616786,-1.0830100000000003,-0.0012399999999999523,0.03785109614840225,-0.2205101100283354,0.15735930109491142,0.6561604584527221,0.8981670061099797,0.8981670061099797,0.7461928934010152,0.8546511627906976,0.604221635883905,0.8546511627906976
668909,Gavin Williams,CLE,2025,25,167.66666666666666,31,704,2925,167.66666666666666,5.408602150537634,0.1278,27.673896783844427,100.9565,99.1199,38.39316239316239,0,0.447,4,3.0596,1.2704,0.2457,0.1179,4.3499,4.0815,-0.14399368510114183,-0.10984735139478868,85,85,0.917432138576106,TRUE,-0.7347704854775251,0.4053642534005273,0.09565000000000054,-0.08800999999999988,1.3347070654941893,-0.2205101100283354,0.15735930109491142,0.8543689320388349,0.9669421487603306,0.9669421487603306,0.9069767441860465,0.9512195121951219,0.8243559718969555,0.9512195121951219
622491,Luis Castillo,SEA,2025,32,180.66666666666666,32,745,2988,180.66666666666666,5.645833333333333,0.1557,24.594419208306295,97.9551,103.2196,34.805890227576974,0,0.4129,4,3.5369,1.1845,0.2174,0.0617,4.0336,4.0907,-0.11917242947061003,-0.11229548464937344,76,86,0.9202948430273908,TRUE,-0.14439793206135895,-0.5032264537873798,-0.20448999999999984,0.32195999999999997,-0.40190714981870723,-0.2205101100283354,0.15735930109491142,0.861271676300578,0.9676165803108808,0.9676165803108808,0.9087591240875912,0.9521988527724665,0.8324022346368715,0.9521988527724665
681343,Shane Smith,CHW,2025,25,146.33333333333334,29,616,2419,146.33333333333334,5.045977011494253,0.1412,27.654109589041095,94.8539,93.9879,36.70938404299297,0,0.4045,5,3.8132,1.1959,0.2354,0.0942,4.1958,4.232,-0.14623588936474527,-0.1140319996553565,86,87,0.9049465490859837,TRUE,-0.45122237738517307,0.39952610037663905,-0.5146100000000005,-0.6012100000000004,0.519582568838352,-0.2205101100283354,1.1836156125834614,0.8369565217391305,0.9603017070265979,0.9603017070265979,0.889665318131666,0.9416115219929934,0.804177545691906,0.9416115219929934
676440,Tanner Bibee,CLE,2025,26,182.33333333333334,31,762,2971,182.33333333333334,5.881720430107527,0.1417,23.76453488372093,103.7147,101.7878,35.88017502524403,0,0.4474,5,4.245,1.2285,0.2126,0.0709,4.1497,4.17,-0.13526686743869484,-0.117857005089305,79,88,0.9209297740513033,TRUE,-0.440642224098145,-0.748081357537543,0.37146999999999936,0.17878000000000044,0.11815884038437792,-0.2205101100283354,1.1836156125834614,0.8639455782312925,0.9674373168349072,0.9674373168349072,0.9082849281565271,0.9519384812560077,0.8355263157894737,0.9519384812560077
690916,Richard Fitts,BOS,2025,25,45,10,195,735,41,4.5,0.1231,25.319693094629155,102.1301,106.1444,33.87755102040816,0,0.4361,4,5,1.3111,0.2051,0.0821,4.3226,4.2685,-0.19982953006210863,-0.12100207636866374,93,89,0.7594151327081298,TRUE,-0.8342239263755888,-0.28923654896923723,0.21300999999999987,0.6144400000000004,-0.8513202384792291,-0.2205101100283354,0.15735930109491142,0.6190476190476191,0.8802395209580839,0.8802395209580839,0.7101449275362319,0.8305084745762712,0.5652173913043478,0.8305084745762712
684007,Shota Imanaga,CHC,2025,31,144.66666666666666,25,567,2178,144.66666666666666,5.786666666666666,0.1605,24.594363791631086,98.4713,105.4948,32.41505968778696,0,0.2919,3,3.7327,0.9885,0.2063,0.0459,4.3605,4.5074,-0.13658860956156296,-0.13285189333003464,80,90,0.8969135461082213,TRUE,-0.04282846050588956,-0.5032428043127152,-0.15287000000000006,0.5494799999999997,-1.559318717760327,-0.2205101100283354,-0.8688970103936385,0.8253275109170306,0.9561018437225637,0.9561018437225637,0.8789346246973365,0.9355670103092784,0.7907949790794979,0.9355670103092784
656876,Drew Rasmussen,TBR,2025,29,150,31,585,2316,150,4.838709677419355,0.1538,22.20248667850799,107.8658,109.0846,34.499136442141626,0,0.4927,3,2.76,1.02,0.2171,0.0632,3.9009,3.7208,-0.1402729993566546,-0.13583362008080016,82,91,0.9009415348766765,TRUE,-0.18460251455206586,-1.208959038450031,0.7865799999999993,0.9084599999999995,-0.5504080050085257,-0.2205101100283354,-0.8688970103936385,0.8297872340425532,0.9586092715231788,0.9586092715231788,0.8853211009174312,0.9391727493917275,0.7959183673469388,0.9391727493917275
700249,Cade Povich,BAL,2025,25,112.33333333333333,20,488,1971,103.66666666666667,5.616666666666666,0.1537,24.20814479638009,98.7511,97.0674,37.3921867072552,0,0.4074,5,5.2077,1.4955,0.2418,0.0881,4.0168,3.9524,-0.1646014130574802,-0.1428409041210661,89,92,0.8853438635124452,TRUE,-0.18671854520947123,-0.6171955711105652,-0.12489000000000061,-0.29325999999999935,0.8501303383627735,-0.2205101100283354,1.1836156125834614,0.8026315789473685,0.9517141477547079,0.9517141477547079,0.8678996036988111,0.9292786421499293,0.7648902821316614,0.9292786421499293
453286,Max Scherzer,TOR,2025,40,85,17,358,1392,85,5,0.1648,23.563218390804597,93.5908,104.5732,33.548850574712645,0,0.2709,4,5.1882,1.2941,0.2291,0.0642,4.2594,4.5549,-0.15218748277197774,-0.15158544543294247,88,93,0.8496818047499536,TRUE,0.04816085776255175,-0.8074791905077919,-0.6409199999999998,0.45732,-1.0104455683191982,-0.2205101100283354,0.15735930109491142,0.7489539748953975,0.9329758713136729,0.9329758713136729,0.8226950354609929,0.9027237354085603,0.7047244094488189,0.9027237354085603
701542,Will Warren,NYY,2025,26,162.33333333333334,33,711,2808,162.33333333333334,4.91919191919192,0.1491,24.624373956594322,102.9022,102.494,38.24786324786325,0,0.4206,3,4.4353,1.3737,0.2405,0.0914,4.0771,3.9086,-0.18518349853288987,-0.1688280229876127,92,94,0.9163798391789477,TRUE,-0.2840559554501293,-0.49438839432338183,0.29021999999999937,0.24939999999999998,1.2643671109125374,-0.2205101100283354,-0.8688970103936385,0.855595667870036,0.9656121045392022,0.9656121045392022,0.9034749034749034,0.949290060851927,0.8257839721254355,0.949290060851927
671096,Andrew Abbott,CIN,2025,26,166.33333333333334,29,684,2677,166.33333333333334,5.735632183908046,0.155,23.9731142643764,99.4816,101.6378,33.769144564811356,0,0.3181,4,2.8677,1.1483,0.2178,0.0629,4.203,4.3051,-0.18129475745004356,-0.1690661579311097,91,95,0.9131396909534831,TRUE,-0.15921014666319835,-0.6865406311234367,-0.051839999999999976,0.16377999999999987,-0.9038002798954282,-0.2205101100283354,0.15735930109491142,0.8507462686567164,0.9639899171768095,0.9639899171768095,0.8992274101444407,0.9469402193137602,0.8201438848920863,0.9469402193137602
675911,Spencer Strider,ATL,2025,26,125.33333333333333,23,539,2111,125.33333333333333,5.449275362318841,0.1484,30.64676616915423,94.7757,91.1258,38.891520606347704,0,0.3623,2,4.4521,1.3963,0.243,0.0946,4.1485,4.2406,-0.21308108058662212,-0.1713518128350577,96,96,0.8932325628104254,TRUE,-0.2988681700519687,1.282500530875741,-0.52243,-0.8874200000000002,1.5759644659329743,-0.2205101100283354,-1.8951533218821883,0.8179059180576631,0.9547715965626413,0.9547715965626413,0.8755703027789299,0.9336576735957541,0.7822931785195936,0.9336576735957541
669203,Corbin Burnes,ARI,2025,30,64.33333333333333,11,265,1009,64.33333333333333,5.848484848484848,0.1396,25.69593147751606,102.0789,105.4589,36.37264618434093,0,0.5029,2,2.658,1.1658,0.2377,0.0981,4.0473,3.7272,-0.23412510066100645,-0.18295196306953873,98,97,0.8083566915899617,TRUE,-0.48507886790366267,-0.1782285321894076,0.20789000000000044,0.54589,0.3565662920753844,-0.2205101100283354,-1.8951533218821883,0.6883116883116883,0.9098286744815148,0.9098286744815148,0.7708174178762414,0.8705780845556514,0.6385542168674698,0.8705780845556514
593423,Frankie Montas,NYM,2025,32,38.666666666666664,7,178,709,33.666666666666664,5.523809523809524,0.1011,23.837209302325583,100.8513,102.2508,36.248236953455574,0,0.4154,6,6.2845,1.6034,0.1798,0.0787,4.6267,4.757,-0.3466165699692438,-0.19836091456336075,106,98,0.749458883574605,TRUE,-1.2997506710048237,-0.7266389862993201,0.08512999999999948,0.2250799999999998,0.29633923683705,-0.2205101100283354,2.2098719240720115,0.5973154362416108,0.8763906056860321,0.8763906056860321,0.7026759167492567,0.8253783469150174,0.5426829268292683,0.8253783469150174
669194,Ryne Nelson,ARI,2025,27,154,23,619,2467,128,6.695652173913044,0.147,21.578099838969404,106.2802,105.5853,34.61694365626267,0,0.3991,4,3.3896,1.0714,0.2132,0.0662,4.0692,4.0495,-0.22466678370674178,-0.20823958529711845,97,99,0.9059417393806353,TRUE,-0.32849259925564755,-1.3931825199267718,0.6280199999999994,0.5585300000000004,-0.4933770150904168,-0.2205101100283354,0.15735930109491142,0.8376184032476319,0.9610440202571094,0.9610440202571094,0.8915793277918324,0.9426824608330149,0.8049414824447334,0.9426824608330149
571510,Matthew Boyd,CHC,2025,34,179.66666666666666,31,718,2747,179.66666666666666,5.795698924731182,0.156,23.055162659123056,99.3315,101.5113,32.87222424463051,0,0.3794,4,3.2059,1.0909,0.2145,0.0585,4.0891,4.2203,-0.2406375179741581,-0.22729120772846415,99,100,0.9159612232517854,TRUE,-0.13804984008914223,-0.9573795243196835,-0.06684999999999945,0.15113000000000057,-1.3380033473325663,-0.2205101100283354,0.15735930109491142,0.8568019093078759,0.9648753073410608,0.9648753073410608,0.9015425008204792,0.9482222989299275,0.8271889400921659,0.9482222989299275
518876,Merrill Kelly,2 Tms,2025,36,184,32,748,2835,183.3,5.75,0.1591,24.068767908309457,92.1091,98.3755,34.32098765432099,0,0.4307,4,3.5217,1.1141,0.2233,0.0642,3.953,3.8109,-0.29214490956127154,-0.2761315636487863,100,101,0.9186248424543102,TRUE,-0.0724528897095684,-0.6583183077408575,-0.7890900000000002,-0.16244999999999976,-0.6366506158530795,-0.2205101100283354,0.15735930109491142,0.8617511520737328,0.9659284497444633,0.9659284497444633,0.9043062200956937,0.949748743718593,0.8329621380846325,0.949748743718593
687473,Ryan Gusto,2 Tms,2025,26,101.66666666666667,17,453,1762,81.66666666666667,5.980392156862745,0.1347,23.37962962962963,98.4227,98.8623,35.07377979568672,0,0.3694,5,5.6656,1.4754,0.2141,0.0795,4.2671,4.6053,-0.3297719174847414,-0.2799768946695435,105,102,0.8760021043306775,TRUE,-0.588764370116538,-0.8616465089103511,-0.1577299999999994,-0.11376999999999952,-0.2722206329782729,-0.2205101100283354,1.1836156125834614,0.7905759162303665,0.9462943071965628,0.9462943071965628,0.8545101842870999,0.9215481171548117,0.7512437810945274,0.9215481171548117
641778,Eric Lauer,TOR,2025,30,104.66666666666667,15,426,1686,74,6.977777777777778,0.1784,23.68742368742369,94.1144,91.324700000000007,33.68920521945433,0,0.2935,4,3.1815,1.1083,0.2394,0.061,3.8768,4.1539,-0.2988993403580882,-0.28154716296018995,101,103,0.8704807051518895,TRUE,0.33594102716971513,-0.7708327868489168,-0.5885599999999996,-0.8675299999999992,-0.9424992681800719,-0.2205101100283354,0.15735930109491142,0.7802197802197802,0.9440089585666294,0.9440089585666294,0.8489425981873112,0.9183006535947712,0.7395833333333334,0.9183006535947712
579328,Yusei Kikuchi,LAA,2025,34,178.33333333333334,33,772,3097,178.33333333333334,5.404040404040404,0.1295,23.56091030789826,97.965,105.3277,36.26089764288021,0,0.3973,4,3.9869,1.4243,0.2254,0.0959,4.3425,4.2773,-0.3143641233371401,-0.28538785813249284,103,104,0.9227880289762803,TRUE,-0.6987979643016295,-0.8081601835102329,-0.20349999999999965,0.5327699999999993,0.30246833220968805,-0.2205101100283354,0.15735930109491142,0.8654708520179372,0.9687206756334064,0.9687206756334064,0.9116867824551075,0.9538035109331691,0.8373101952277657,0.9538035109331691
547179,Michael Lorenzen,KCR,2025,33,141.66666666666666,26,606,2318,140.66666666666666,5.448717948717948,0.1452,23.429084380610412,91.813,94.576,36.3244176013805,0,0.3926,6,4.6376,1.3271,0.2096,0.0644,4.1648,4.2323,-0.3199573767057176,-0.2858792779241168,104,105,0.9024911218095788,TRUE,-0.3665811510889485,-0.8470550316012239,-0.8186999999999998,-0.5424000000000007,0.3332186231817402,-0.2205101100283354,2.2098719240720115,0.8347107438016529,0.9586435070306039,0.9586435070306039,0.8854087089381207,0.9392220421393841,0.8015873015873016,0.9392220421393841
682990,Quinn Priester,MIL,2025,24,157.33333333333334,24,653,2469,130.66666666666666,6.555555555555556,0.1256,24.49517120280948,96.0791,94.7351,37.2620494127177,1,0.5609,3,3.3178,1.2394,0.2021,0.0766,3.9579,3.8087,-0.30562474725597444,-0.2959421399604339,102,106,0.9081742811049967,TRUE,-0.7813231599404488,-0.5325092828677579,-0.3920900000000003,-0.5264899999999997,0.7871303023453505,4.504706533435995,-0.8688970103936385,0.8447606727037517,0.9610743479953289,0.9610743479953289,0.8916576381365113,0.9427262313860252,0.813200498132005,0.9427262313860252
681293,Spencer Arrighetti,HOU,2025,25,35.333333333333336,7,156,619,35.333333333333336,5.047619047619048,0.0705,27.40740740740741,102.3819,96.7869,38.61066235864297,0,0.3861,4,5.3491,1.4151,0.1987,0.1282,5.0955,5.035,-0.5825482148977985,-0.29943485594960634,134,107,0.7257569109121558,TRUE,-1.9472560521709412,0.32673735482580285,0.23819000000000018,-0.3213099999999997,1.4399997543253404,-0.2205101100283354,0.15735930109491142,0.5652173913043478,0.8609179415855355,0.8609179415855355,0.6735582154515778,0.8049414824447334,0.5098039215686274,0.8049414824447334
806960,Luis Morales,ATH,2025,22,48.666666666666664,9,199,821,46.666666666666664,5.407407407407407,0.1256,23.545706371191137,97.7852,105.3115,39.46406820950061,0,0.3504,3,3.1438,1.1507,0.2161,0.0905,4.4508,4.5351,-0.4117634160983423,-0.3086434147800324,116,108,0.7714702464574961,TRUE,-0.7813231599404488,-0.8126460598531876,-0.22147999999999968,0.5311499999999996,1.8531372759911153,-0.2205101100283354,-0.8688970103936385,0.6238244514106583,0.8914223669923995,0.8914223669923995,0.7323818019625334,0.8455200823892894,0.5702005730659025,0.8455200823892894
683004,Jack Leiter,TEX,2025,25,151.66666666666666,29,646,2585,151.66666666666666,5.229885057471264,0.1254,24.271844660194176,103.6153,98.5271,37.214700193423596,0,0.3788,4,3.8571,1.2791,0.2291,0.1037,4.433,4.5289,-0.35842336504980976,-0.31101722092696193,108,109,0.9095337972436228,TRUE,-0.7855552212552595,-0.5984011155930573,0.36153000000000046,-0.14728999999999956,0.7642083372658786,-0.2205101100283354,0.15735930109491142,0.8433420365535248,0.962756052141527,0.962756052141527,0.8960138648180243,0.9451553930530164,0.8115577889447236,0.9451553930530164
690990,Cade Horton,CHC,2025,23,118,22,476,1790,114,5.363636363636363,0.1345,25.77675489067894,98.1491,98.2586,34.245810055865924,0,0.4231,3,2.6695,1.0847,0.2038,0.0693,4.2557,4.2726,-0.37491467129624323,-0.31891187914266567,110,110,0.8792915933954255,TRUE,-0.5929964314313488,-0.15438182432365186,-0.1850899999999996,-0.17413999999999988,-0.6730444215427134,-0.2205101100283354,-0.8688970103936385,0.7986577181208053,0.9470899470899471,0.9470899470899471,0.8564593301435407,0.9226804123711341,0.7603833865814696,0.9226804123711341
641927,Bailey Ober,MIN,2025,29,146.33333333333334,27,624,2356,146.33333333333334,5.419753086419753,0.1426,24.118129614438065,96.6857,98.2824,33.1918505942275,0,0.2996,4,5.1048,1.2984,0.1923,0.0497,4.5056,4.7511,-0.3582365211417149,-0.3226502773447335,107,111,0.9044019294681778,TRUE,-0.4215979481814942,-0.6437542830388574,-0.3314300000000003,-0.17176000000000044,-1.1832708272790935,-0.2205101100283354,0.15735930109491142,0.8387096774193549,0.9592833876221498,0.9592833876221498,0.8870481927710844,0.9401436552274541,0.8062015503875969,0.9401436552274541
700363,AJ Smith-Shawver,ATL,2025,22,44.333333333333336,9,192,711,44.333333333333336,4.9259259259259265,0.1094,27.051671732522795,98.7366,94.9361,36.70886075949367,0,0.3543,3,3.8571,1.4211,0.2188,0.1094,4.5995,4.3636,-0.5116845482702779,-0.3284274263325698,124,112,0.7550015769750426,TRUE,-1.124120126440158,0.22177860111287917,-0.12634000000000042,-0.5063900000000003,0.5193292449973984,-0.2205101100283354,-0.8688970103936385,0.6153846153846154,0.8766954377311961,0.8766954377311961,0.7032640949554896,0.8257839721254355,0.5614035087719298,0.8257839721254355
434378,Justin Verlander,SFG,2025,42,152,29,662,2608,152,5.241379310344827,0.1284,24.764150943396228,102.9967,100.7952,34.50920245398773,0,0.3449,3,3.8487,1.3618,0.2069,0.0785,4.4359,4.5667,-0.37296525083629023,-0.32944922337417676,109,113,0.9108606923110273,TRUE,-0.7220743015330916,-0.45314760975142565,0.29967000000000044,0.07951999999999941,-0.5455350044508432,-0.2205101100283354,-0.8688970103936385,0.8465473145780051,0.9630723781388478,0.9630723781388478,0.8968363136176066,0.9456127628716461,0.8152709359605911,0.9456127628716461
450203,Charlie Morton,3 Tms,2025,41,142,27,654,2551,125.66666666666667,5.2592592592592595,0.1177,27.912824811399833,99.0608,94.8556,36.92669541356331,0,0.4431,3,5.831,1.5775,0.2278,0.1101,4.3938,4.3952,-0.3977310683914074,-0.33665909091088814,114,114,0.909522090952689,TRUE,-0.9484895818754919,0.475859257893503,-0.09391999999999996,-0.5144400000000005,0.6247839580449016,-0.2205101100283354,-0.8688970103936385,0.8449612403100775,0.9622783855149001,0.9622783855149001,0.8947737635917222,0.9444650129581637,0.8134328358208955,0.9444650129581637
605135,Chris Bassitt,TOR,2025,36,170.33333333333334,31,736,2836,169.33333333333334,5.494623655913979,0.1549,23.280423280423282,98.5036,97.954,36.28349788434414,0,0.4652,3,3.9628,1.3268,0.2255,0.0707,3.9197,3.8424,-0.37832100457086243,-0.3545225680543828,111,115,0.9180372639155945,TRUE,-0.16132617732060375,-0.8909170474260195,-0.1496399999999994,-0.20460000000000064,0.3134092083919575,-0.2205101100283354,-0.8688970103936385,0.8598130841121495,0.9659400544959128,0.9659400544959128,0.9043367346938775,0.9497655726724715,0.8306997742663657,0.9497655726724715
647336,Michael Soroka,2 Tms,2025,27,89.66666666666667,17,379,1528,83.33333333333333,5.2745098039215685,0.1741,23.741007194244606,95.4856,90.7445,36.64921465968586,0,0.4412,3,4.5167,1.1264,0.2507,0.0765,3.7799,4.2077,-0.38911427928969117,-0.3563901134526887,112,116,0.8586024267781773,TRUE,0.2449517089012738,-0.7550231323988377,-0.4514399999999995,-0.9255499999999998,0.49045430603739176,-0.2205101100283354,-0.8688970103936385,0.7595190380761523,0.9385749385749386,0.9385749385749386,0.8358862144420132,0.9106078665077473,0.7164461247637051,0.9106078665077473
663903,Brady Singer,CIN,2025,28,169.66666666666666,32,716,2850,169.66666666666666,5.302083333333333,0.1439,23.97151898734177,95.0435,95.9238,37.68421052631579,0,0.3887,4,4.0314,1.2377,0.2277,0.0838,4.17,4.2487,-0.39620014083353056,-0.36244288806525193,113,117,0.9171734947247339,TRUE,-0.39408954963522136,-0.6870113128717199,-0.49565000000000053,-0.40762,0.9915003521174502,-0.2205101100283354,0.15735930109491142,0.8564593301435407,0.9661016949152542,0.9661016949152542,0.9047619047619048,0.95,0.8267898383371824,0.95
694738,Landen Roupp,SFG,2025,26,106.66666666666667,22,476,1851,106.66666666666667,4.848484848484849,0.1197,25.185185185185187,97.2547,102.2773,37.06104808211777,0,0.4517,3,3.7969,1.4813,0.2143,0.0945,4.3583,4.1047,-0.42985646913750397,-0.3633619578804394,119,118,0.8810192172466575,TRUE,-0.9061689687273796,-0.32892270792517825,-0.27453000000000005,0.22772999999999968,0.6898246751433287,-0.2205101100283354,-0.8688970103936385,0.7986577181208053,0.9487442337262942,0.9487442337262942,0.8605299860529986,0.9250374812593704,0.7603833865814696,0.9250374812593704
694297,Brandon Pfaadt,ARI,2025,26,176.66666666666666,33,767,2923,176.66666666666666,5.353535353535353,0.1434,22.11404728789986,96.7389,101.6755,34.92986657543619,0,0.4208,4,5.2472,1.3302,0.1917,0.0482,4.1221,4.0135,-0.4004018892175443,-0.37403169786275153,115,119,0.9206101052919815,TRUE,-0.4046697029222494,-1.2350528178281344,-0.3261099999999999,0.16754999999999995,-0.341889655155109,-0.2205101100283354,0.15735930109491142,0.8647125140924464,0.966920277869666,0.966920277869666,0.9069190195470059,0.9511877643996095,0.836423118865867,0.9511877643996095
663372,Ryan Feltner,COL,2025,28,30.333333333333332,6,135,523,30.333333333333332,5.055555555555555,0.0963,26.48221343873518,90.674,88.744,38.04971319311664,0,0.4845,5,4.7473,1.4835,0.1852,0.0889,4.629,4.5034,-0.6696807230992962,-0.37867533782237545,147,120,0.6959690584282953,TRUE,-1.401320142560293,0.0537616238253945,-0.9325999999999993,-1.1256,1.1684417988776084,-0.2205101100283354,1.1836156125834614,0.5294117647058824,0.8394863563402889,0.8394863563402889,0.6354799513973268,0.7771173848439822,0.47368421052631576,0.7771173848439822
571578,Patrick Corbin,TEX,2025,35,155.33333333333334,30,663,2589,154.33333333333334,5.177777777777778,0.1207,26.939115929941618,93.2703,98.1062,37.62070297412128,0,0.3961,3,4.4034,1.3648,0.1976,0.0769,4.4221,4.2084,-0.43771365579298294,-0.3825161550831247,121,121,0.9106418818623423,TRUE,-0.8850086621533235,0.18856934605036643,-0.6729699999999994,-0.18937999999999988,0.9607560670925334,-0.2205101100283354,-0.8688970103936385,0.8467432950191571,0.9628114540721457,0.9628114540721457,0.8961578400830738,0.9452354874041621,0.8154981549815498,0.9452354874041621
645261,Sandy Alcantara,MIA,2025,29,174.66666666666666,31,745,2893,174.66666666666666,5.634408602150537,0.1141,20.949720670391063,104.2617,105.8594,34.08226754234359,0,0.4654,5,5.3588,1.271,0.1906,0.0765,4.3787,4.1875,-0.4254625108560413,-0.38257597720269204,117,122,0.9191869823406641,TRUE,-1.024666685542094,-1.57858392622244,0.4261700000000005,0.5859399999999994,-0.7522160708297543,-0.2205101100283354,1.1836156125834614,0.861271676300578,0.9665887069829603,0.9665887069829603,0.9060444722831194,0.9507065395990798,0.8324022346368715,0.9507065395990798
665152,Dean Kremer,BAL,2025,29,171.66666666666666,29,708,2756,163.33333333333334,5.919540229885057,0.137,22.884473877851363,96.0582,96.032,34.542815674891145,0,0.3992,5,4.1942,1.2117,0.2006,0.0636,4.2514,4.242,-0.4295761510622703,-0.39006232709894856,118,123,0.9155452930880943,TRUE,-0.5400956649962084,-1.0077407419874524,-0.3941800000000001,-0.3968000000000004,-0.52926269653863,-0.2205101100283354,1.1836156125834614,0.855072463768116,0.9649859943977591,0.9649859943977591,0.9018324607329843,0.9483826565726085,0.8251748251748252,0.9483826565726085
605280,Clay Holmes,NYM,2025,32,165.66666666666666,31,708,2766,161,5.344086021505376,0.089,22.114608555286523,99.8911,101.9391,37.23788864786695,1,0.5576,4,3.5312,1.3038,0.1822,0.0932,4.4327,4.2461,-0.436217843576315,-0.40582191402595946,120,124,0.9156765145377602,TRUE,-1.5557903805509028,-1.234887217553653,-0.010890000000000555,0.19390999999999964,0.7754339699356811,4.504706533435995,0.15735930109491142,0.855072463768116,0.9651081646894627,0.9651081646894627,0.9021526418786693,0.948559670781893,0.8251748251748252,0.948559670781893
668678,Zac Gallen,ARI,2025,29,192,33,813,3135,192,5.818181818181818,0.1341,23.66737739872068,92.6693,99.4053,37.00159489633174,0,0.4362,4,4.8281,1.2604,0.2153,0.0812,4.2394,4.1163,-0.4471074835925648,-0.41215693273728,122,125,0.9250193070231428,TRUE,-0.6014605540609714,-0.7767473847579388,-0.7330699999999993,-0.059470000000000314,0.6610431267087914,-0.2205101100283354,0.15735930109491142,0.8713826366559485,0.9690880989180835,0.9690880989180835,0.9126637554585153,0.954337899543379,0.8442367601246106,0.954337899543379
664299,Cristian Javier,HOU,2025,28,37,8,157,618,37,4.625,0.121,24.014336917562723,94.9962,92.3806,38.18770226537217,0,0.2991,4,4.6216,1.2703,0.2166,0.0955,4.6847,4.9697,-0.6171857892896554,-0.41654521159992064,139,126,0.7260305339173664,TRUE,-0.8786605701811068,-0.6743780098047284,-0.5003799999999998,-0.7619399999999998,1.2352429149835238,-0.2205101100283354,0.15735930109491142,0.5667870036101083,0.8607242339832869,0.8607242339832869,0.673202614379085,0.8046875,0.511400651465798,0.8046875
815083,Mitch Farris,LAA,2025,24,24.333333333333332,5,107,405,24.333333333333332,4.866666666666666,0.1215,28.64321608040201,87.6497,78.7696,37.03703703703704,0,0.2143,3,6.6575,1.4384,0.2243,0.1028,4.7131,4.7962,-0.7677145654523002,-0.4194356973426147,159,127,0.6465137131176182,FALSE,-0.8680804168940787,0.691359031263534,-1.2350300000000005,-2.1230400000000005,0.6782008227320868,-0.2205101100283354,-0.8688970103936385,0.4713656387665198,0.801980198019802,0.801980198019802,0.574468085106383,0.7297297297297297,0.4163424124513619,0.7297297297297297
702674,Caden Dana,LAA,2025,21,32.333333333333336,5,141,563,26.333333333333332,6.466666666666667,0.1064,28.15126050420168,90.4682,85.457,40.852575488454704,0,0.4091,3,6.4021,1.4845,0.234,0.1277,4.5845,4.478,-0.7182172198282825,-0.42793733708256665,153,128,0.7078178448028586,FALSE,-1.1876010461623263,0.5462090004805427,-0.9531800000000004,-1.4543000000000006,2.525319749858024,-0.2205101100283354,-0.8688970103936385,0.5402298850574713,0.8491704374057315,0.8491704374057315,0.6523754345307068,0.7896213183730715,0.4845360824742268,0.7896213183730715
592791,Jameson Taillon,CHC,2025,33,129.66666666666666,23,519,1979,129.66666666666666,5.637681159420289,0.1368,20.75078206465068,96.3606,101.0146,32.5922182920667,0,0.3376,5,3.6787,1.0566,0.1888,0.052,4.4,4.3409,-0.4749892019293689,-0.42848832305773205,123,129,0.8884633316071179,TRUE,-0.5443277263110198,-1.6372801706479396,-0.3639399999999995,0.10146000000000015,-1.4735554591180933,-0.2205101100283354,1.1836156125834614,0.812206572769953,0.9518999518999519,0.9518999518999519,0.8683633172444054,0.9295443870361673,0.7757847533632287,0.9295443870361673
695549,Jackson Jobe,DET,2025,22,49,10,218,877,49,4.9,0.055,24.675324675324674,107.3671,102.7223,39.22462941847206,0,0.4324,4,4.2245,1.4898,0.1789,0.1239,5.2589,5.1437,-0.6826024815976593,-0.430910046043076,150,130,0.783665025129738,TRUE,-2.2752408040688112,-0.4793555361754043,0.7367099999999993,0.2722300000000004,1.7372239053284095,-0.2205101100283354,0.15735930109491142,0.6449704142011834,0.8976458546571137,0.8976458546571137,0.7451146983857264,0.8539435248296008,0.592391304347826,0.8539435248296008
682243,Bryce Miller,SEA,2025,26,90.33333333333333,18,392,1545,90.33333333333333,5.018518518518518,0.102,24.173027989821882,102.2903,98.8401,35.40453074433657,0,0.3791,4,5.679,1.4059,0.1888,0.0867,4.6815,4.6029,-0.5458868451993476,-0.4354753008946732,128,131,0.8610998441287322,TRUE,-1.2807063950881732,-0.6275566805267709,0.2290300000000002,-0.11598999999999933,-0.11210264564964209,-0.2205101100283354,0.15735930109491142,0.765625,0.939209726443769,0.939209726443769,0.8373983739837398,0.911504424778761,0.7232472324723247,0.911504424778761
687922,Easton Lucas,TOR,2025,28,24.333333333333332,5,108,438,19.666666666666668,4.866666666666666,0.1019,23.893805309734514,102.8655,90.5892,35.61643835616438,0,0.3288,3,6.6575,1.5205,0.213,0.1111,4.6876,4.7517,-0.8008853217421286,-0.4594860439500067,165,132,0.6576905004456989,FALSE,-1.2828224257455787,-0.7099405025031824,0.28654999999999975,-0.9410799999999995,-0.00951723979066692,-0.2205101100283354,-0.8688970103936385,0.47368421052631576,0.8141263940520446,0.8141263940520446,0.5934959349593496,0.7448979591836735,0.4186046511627907,0.7448979591836735
671737,Taj Bradley,2 Tms,2025,24,142.66666666666666,27,605,2327,142.66666666666666,5.28395061728395,0.1174,23.597506678539627,101.6522,95.2218,37.30124623979373,0,0.4351,4,5.0467,1.3107,0.2099,0.0926,4.4522,4.3671,-0.5411408758668776,-0.4718221466747654,127,133,0.9025840060282506,TRUE,-0.9548376738477087,-0.7973625331082037,0.16521999999999934,-0.4778199999999998,0.8061056585361679,-0.2205101100283354,0.15735930109491142,0.8344827586206897,0.9587968685620107,0.9587968685620107,0.8858012942519985,0.939442874444893,0.8013245033112583,0.939442874444893
656849,David Peterson,NYM,2025,29,168.66666666666666,30,723,2699,168.66666666666666,5.622222222222222,0.1176,24.009508716323296,90.9025,96.8606,35.75398295665061,0,0.5466,5,4.2154,1.3696,0.2075,0.0899,4.093,3.7249,-0.5304164285664452,-0.47445224901682764,125,134,0.9155774856021038,TRUE,-0.9506056125328975,-0.675802556232156,-0.9097499999999996,-0.3139399999999995,0.0570687055790341,-0.2205101100283354,1.1836156125834614,0.8576512455516014,0.9642729546266524,0.9642729546266524,0.8999666555518506,0.9473499473499474,0.8281786941580757,0.9473499473499474
669920,Jason Alexander,2 Tms,2025,32,77.33333333333333,13,336,1252,68.33333333333333,5.948717948717948,0.1161,24.59016393442623,92.957,94.7179,38.09904153354633,0,0.4481,4,4.7716,1.3707,0.1935,0.0774,4.3477,4.1939,-0.5945391037034908,-0.4756946426980625,135,135,0.8389988768955485,TRUE,-0.9823460723939819,-0.5044819597000317,-0.7043000000000006,-0.52821,1.192321865193684,-0.2205101100283354,0.15735930109491142,0.7368421052631579,0.9260355029585798,0.9260355029585798,0.8067010309278351,0.8930099857346647,0.691358024691358,0.8930099857346647
690928,Hunter Dobbins,BOS,2025,25,61,11,256,932,53,5.545454545454546,0.1094,21.939953810623557,96.5488,103.4394,35.407725321888414,0,0.4844,4,4.1311,1.2787,0.1758,0.0664,4.3222,4.1106,-0.6109559704179368,-0.4769588450226985,137,136,0.7995462381869425,TRUE,-1.124120126440158,-1.2864185809341175,-0.34512,0.34394000000000063,-0.11055613662206504,-0.2205101100283354,0.15735930109491142,0.6808510638297872,0.9031007751937985,0.9031007751937985,0.7564935064935064,0.8613678373382625,0.6305418719211823,0.8613678373382625
677958,Kumar Rocker,TEX,2025,25,64.33333333333333,14,287,1128,64.33333333333333,4.595238095238095,0.115,24.866785079928952,94.6931,92.6875,35.283687943262414,0,0.4828,4,5.7358,1.4611,0.1951,0.0801,4.3166,4.1391,-0.6206360880378895,-0.47900598340632367,140,137,0.8220311442970971,TRUE,-1.0056224096254434,-0.42286571277167806,-0.5306899999999999,-0.73125,-0.17060317654798768,-0.2205101100283354,0.15735930109491142,0.7051597051597052,0.9185667752442996,0.9185667752442996,0.7899159663865546,0.8826291079812206,0.6567505720823799,0.8826291079812206
676664,JP Sears,2 Tms,2025,29,135.66666666666666,27,583,2366,135.66666666666666,5.024691358024691,0.1389,21.556350626118068,98.035,101.5003,36.13693998309383,0,0.2929,3,5.0418,1.3194,0.2007,0.0617,4.5013,4.7596,-0.5332362767585871,-0.4889902513148327,126,138,0.9016852140540254,TRUE,-0.49989108250550207,-1.3995995605450728,-0.19650000000000034,0.15002999999999958,0.242459884524255,-0.2205101100283354,-0.8688970103936385,0.829302987197724,0.959448499594485,0.959448499594485,0.8874718679669917,0.9403815580286169,0.7953615279672579,0.9403815580286169
641816,Tyler Mahle,TEX,2025,30,86.66666666666667,16,346,1381,86.66666666666667,5.416666666666667,0.1069,23.222060957910013,92.5115,103.2976,34.757422157856624,0,0.388,4,2.1808,1.1308,0.1908,0.0838,4.6223,4.4304,-0.6023177210783695,-0.49297562563150427,136,139,0.8472300668221544,TRUE,-1.177020892875298,-0.9081366772446237,-0.7488500000000002,0.3297600000000003,-0.4253707553049669,-0.2205101100283354,0.15735930109491142,0.7424892703862661,0.9324780553679946,0.9324780553679946,0.8215348007138608,0.9020248203788374,0.6975806451612904,0.9020248203788374
689017,Landon Knack,LAD,2025,27,42.333333333333336,7,185,773,31.666666666666668,6.047619047619048,0.1243,21.59090909090909,95.3005,96.3877,38.809831824062094,0,0.3115,4,4.8898,1.3937,0.227,0.1027,4.4056,4.6057,-0.6599163781050377,-0.49648280030135516,145,140,0.7607262983158023,TRUE,-0.8088315584867216,-1.3894031882080162,-0.46995000000000003,-0.3612300000000005,1.5364185675454065,-0.2205101100283354,0.15735930109491142,0.6065573770491803,0.8854524627720504,0.8854524627720504,0.7204100652376515,0.8374864572047671,0.5522388059701493,0.8374864572047671
677944,Slade Cecconi,CLE,2025,26,132,23,545,2065,132,5.739130434782608,0.1413,22.5,93.1265,95.216,35.738498789346245,0,0.4131,4,4.2955,1.1894,0.2,0.0587,4.191,4.0895,-0.5524689152207919,-0.49792978267199994,129,141,0.8927218151836366,TRUE,-0.4491063467277671,-1.1211786170826146,-0.6873500000000007,-0.4784000000000006,0.0495727521604412,-0.2205101100283354,0.15735930109491142,0.8195488721804511,0.953810623556582,0.953810623556582,0.87315010570824525,0.9322799097065463,0.7841726618705036,0.9322799097065463
605488,Jeffrey Springs,ATH,2025,32,171,30,713,2849,158.33333333333334,5.7,0.1178,26.024279210925645,94.4835,94.9222,37.06563706563706,0,0.3177,3,4.1053,1.2105,0.1935,0.0757,4.5981,4.6399,-0.564774287133185,-0.5027755694461515,130,142,0.9170012586783338,TRUE,-0.9463735512180863,-0.08135050921824524,-0.5516499999999993,-0.5077799999999997,0.6920462222257862,-0.2205101100283354,-0.8688970103936385,0.8559423769507803,0.9660902000678196,0.9660902000678196,0.9047316608447126,0.9499833277759253,0.8261877172653534,0.9499833277759253
607259,Nick Martinez,CIN,2025,34,165.66666666666666,26,683,2578,145,6.371794871794871,0.1083,19.91769547325103,98.2543,102.358,35.2211016291699,0,0.3809,6,4.4547,1.2072,0.1698,0.0615,4.5904,4.5397,-0.5734378724455083,-0.5145001368129511,131,143,0.9116565773362282,TRUE,-1.1473964636716196,-1.8830798937052824,-0.17456999999999995,0.2358000000000004,-0.20090148616045597,-0.2205101100283354,2.2098719240720115,0.8505603985056039,0.9626587005227782,0.9626587005227782,0.8957609451007644,0.9450146627565983,0.8199279711884754,0.9450146627565983
621107,Zach Eflin,BAL,2025,31,71.33333333333333,14,309,1127,71.33333333333333,5.095238095238095,0.1197,20.530973451327434,91.7319,97.3667,34.25022182786158,0,0.4017,6,5.9299,1.4159,0.1618,0.0421,4.4947,4.3741,-0.6344035841743468,-0.5207862300608268,142,144,0.826475184054823,TRUE,-0.9061689687273796,-1.702134048790066,-0.8268100000000004,-0.26333000000000056,-0.6709086633373904,-0.2205101100283354,2.2098719240720115,0.7202797202797203,0.9185004074979625,0.9185004074979625,0.7897687456201822,0.8825371965544244,0.673202614379085,0.8825371965544244
669461,Matthew Liberatore,STL,2025,25,151.66666666666666,29,648,2390,151.66666666666666,5.229885057471264,0.1265,20.156385751520418,95.2835,96.7401,34.97907949790795,0,0.3742,6,4.2132,1.3055,0.1883,0.0617,4.403,4.3078,-0.5772530722139425,-0.5222372914567271,132,145,0.9065463414654517,TRUE,-0.762278884023798,-1.8126550364326122,-0.4716499999999996,-0.32599000000000017,-0.31806546317953566,-0.2205101100283354,2.2098719240720115,0.84375,0.9598393574297188,0.9598393574297188,0.8884758364312267,0.9409448818897638,0.8120300751879699,0.9409448818897638
680684,Gunnar Hoglund,ATH,2025,25,32.333333333333336,6,139,548,32.333333333333336,5.388888888888889,0.0863,22,94.946,101.4101,36.67883211678832,0,0.4095,4,6.4021,1.5155,0.1655,0.0791,4.869,4.7834,-0.8166062691782184,-0.5299857583635216,167,146,0.7036333439518035,FALSE,-1.6129232083008542,-1.2687021312015854,-0.5054000000000002,0.14101,0.5047922471389863,-0.2205101100283354,0.15735930109491142,0.5366795366795367,0.845679012345679,0.845679012345679,0.6462264150943396,0.7851002865329513,0.4809688581314879,0.7851002865329513
676083,Janson Junk,MIA,2025,29,110,16,447,1622,87.33333333333333,6.875,0.1432,18.213866039952997,96.1411,106.4135,31.50431565967941,0,0.4057,4,4.1727,1.1364,0.1723,0.0291,4.146,4.0629,-0.5789040974141958,-0.5340733146308465,133,147,0.8707959790981521,TRUE,-0.40890176423706076,-2.3857897046242034,-0.38589000000000057,0.6413499999999999,-2.000213902936439,-0.2205101100283354,0.15735930109491142,0.7883597883597884,0.9419279907084785,0.9419279907084785,0.8439125910509886,0.9153498871331829,0.7487437185929648,0.9153498871331829
673540,Kodai Senga,NYM,2025,32,113.33333333333333,22,482,1908,113.33333333333333,5.151515151515151,0.112,27.398843930635838,92.9984,93.0551,39.83228511530398,0,0.4662,2,3.0176,1.3147,0.2261,0.1141,4.5188,4.3521,-0.6426991321308022,-0.5415231638515503,144,148,0.8831541322971812,FALSE,-1.0691033293476118,0.3242107264529664,-0.7001599999999997,-0.6944900000000004,2.031392697776853,-0.2205101100283354,-1.8951533218821883,0.8006644518272426,0.950199203187251,0.950199203187251,0.8641304347826086,0.9271137026239067,0.7626582278481012,0.9271137026239067
680732,Sean Burke,CHW,2025,25,134.33333333333334,22,596,2380,104,6.106060606060606,0.1174,25.134649910233392,92.3788,96.3452,37.81512605042017,0,0.3522,3,4.2208,1.4442,0.2232,0.1057,4.4727,4.7044,-0.6151094696884505,-0.542410813060363,138,149,0.9028810448116129,TRUE,-0.9548376738477087,-0.34383299062089256,-0.7621200000000001,-0.36547999999999947,1.0548771324871953,-0.2205101100283354,-0.8688970103936385,0.8324022346368715,0.9596774193548387,0.9596774193548387,0.8880597014925373,0.9407114624505929,0.7989276139410187,0.9407114624505929
641482,Nestor Cortes,2 Tms,2025,30,34.333333333333336,8,157,599,34.333333333333336,4.291666666666667,0.0573,25,97.5348,94.8999,38.898163606010016,0,0.3238,4,6.2913,1.6311,0.1847,0.1274,5.424,5.7481,-0.9132074998487945,-0.5506709238098466,177,150,0.7225466372991151,FALSE,-2.2265720989484823,-0.38356104648776057,-0.24651999999999957,-0.5100099999999997,1.5791803712541717,-0.2205101100283354,0.15735930109491142,0.5667870036101083,0.8569384835479256,0.8569384835479256,0.6662958843159066,0.7997329773030708,0.511400651465798,0.7997329773030708
686701,Ryan Bergert,2 Tms,2025,25,76.33333333333333,15,323,1312,71.4,5.088888888888889,0.1176,23.902439024390244,91.9637,97.2908,37.271341463414636,0,0.2925,3,3.655,1.2576,0.226,0.1084,4.6195,4.6773,-0.6797402895285407,-0.5583622831855993,149,151,0.8398641809758997,FALSE,-0.9506056125328975,-0.707393150651355,-0.8036299999999997,-0.27091999999999955,0.7916286249104777,-0.2205101100283354,-0.8688970103936385,0.7291196388261851,0.9291784702549575,0.9291784702549575,0.8138957816377171,0.8974008207934336,0.6828752642706131,0.8974008207934336
608379,Michael Wacha,KCR,2025,33,172.66666666666666,31,716,2666,172.66666666666666,5.569892473118279,0.1131,21.29560685033507,96.4356,99.2116,34.508627156789196,0,0.3717,5,3.8571,1.222,0.176,0.0628,4.6064,4.5628,-0.6271730678035872,-0.5666966641167837,141,152,0.9147517389508578,TRUE,-1.04582699211615,-1.4765312367213868,-0.35644000000000065,-0.07883999999999958,-0.5458135083521067,-0.2205101100283354,1.1836156125834614,0.8564593301435407,0.9638467100506146,0.9638467100506146,0.8988536749831423,0.9467329545454546,0.8267898383371824,0.9467329545454546
680573,Simeon Woods Richardson,MIN,2025,24,111.33333333333333,22,471,1881,107,5.0606060606060606,0.1295,24.057649667405766,91.317,89.3933,36.89526847421584,0,0.3248,4,4.0419,1.2754,0.2272,0.0977,4.4745,4.7075,-0.6637351976638868,-0.5756727031734683,146,153,0.8813124628790553,TRUE,-0.6987979643016295,-0.6615987116787252,-0.8683000000000007,-1.0606700000000004,0.6095700386389052,-0.2205101100283354,0.15735930109491142,0.7969543147208121,0.9495204442200909,0.9495204442200909,0.8624484181568088,0.9261447562776958,0.7584541062801933,0.9261447562776958
672782,Yoendrys Gómez,3 Tms,2025,25,62.666666666666664,9,277,1104,45,6.962962962962963,0.1119,23.93822393822394,97.1137,88.1651,36.95652173913044,0,0.3656,4,5.1702,1.3883,0.2094,0.0975,4.5045,4.8101,-0.7485028313750564,-0.5772949717202941,155,154,0.8182031887183442,FALSE,-1.0712193600050175,-0.6968349181689726,-0.28863000000000055,-1.1834900000000004,0.6392230132878632,-0.2205101100283354,0.15735930109491142,0.6977329974811083,0.9169435215946844,0.9169435215946844,0.7863247863247863,0.8803827751196173,0.6487119437939111,0.8803827751196173
693821,Bryce Elder,ATL,2025,26,156.33333333333334,28,679,2515,156.33333333333334,5.583333333333334,0.1178,22.489270386266096,91.9743,99.2565,37.25646123260437,0,0.4825,4,5.2964,1.3945,0.1929,0.0751,4.2877,4.0422,-0.6417189780351358,-0.5802096043449975,143,155,0.9104638920851771,TRUE,-0.9463735512180863,-1.124344357728944,-0.80257,-0.07434999999999974,0.784425039801952,-0.2205101100283354,0.15735930109491142,0.8498122653316645,0.9617590822179732,0.9617590822179732,0.8934280639431617,0.9437148217636022,0.8190591073582629,0.9437148217636022
621121,Lance McCullers Jr.,HOU,2025,31,55.333333333333336,13,274,1147,51.333333333333336,4.256410256410256,0.0803,25.054466230936818,96.7595,92.1592,41.325196163905844,0,0.4639,4,6.506,1.8072,0.2226,0.1423,4.9385,5.1239,-0.7986821343861505,-0.586308295471547,164,156,0.8203777793403828,FALSE,-1.7398850477451913,-0.367490946910531,-0.3240499999999997,-0.7840800000000001,2.754117495207042,-0.2205101100283354,0.15735930109491142,0.6954314720812182,0.9198075380914194,0.9198075380914194,0.7926744989633725,0.8843484965304549,0.6462264150943396,0.8843484965304549
686930,Mason Barnett,ATH,2025,24,22.333333333333332,5,104,431,22.333333333333332,4.466666666666667,0.0673,21.21212121212121,96.5793,97.7353,38.74709976798144,0,0.3514,4,6.8507,1.6567,0.1731,0.1058,5.1768,5.3442,-1.035850498764256,-0.5999458217714426,190,157,0.6529055519030538,FALSE,-2.0149690332079206,-1.5011634261769335,-0.34206999999999965,-0.22647000000000048,1.506049703596191,-0.2205101100283354,0.15735930109491142,0.4642857142857143,0.8116760828625236,0.8116760828625236,0.5896032831737346,0.7418244406196214,0.4094488188976378,0.7418244406196214
663855,Jordan Hicks,2 Tms,2025,28,67.33333333333333,9,314,1200,45.333333333333336,7.481481481481481,0.0828,23.135755258126196,104.9881,103.0734,37.833333333333336,0,0.5472,2,6.9505,1.6634,0.1847,0.1019,4.4072,4.3852,-0.7874868505002723,-0.6162581477980872,162,158,0.8320225808585892,FALSE,-1.6869842813100508,-0.9336009174858351,0.4988100000000003,0.30734000000000067,1.0636913581354657,-0.2205101100283354,-1.8951533218821883,0.7235023041474654,0.9230769230769231,0.9230769230769231,0.8,0.8888888888888888,0.6767241379310345,0.8888888888888888
686563,Jonathan Cannon,CHW,2025,24,103.66666666666667,17,466,1795,82.33333333333333,6.098039215686275,0.103,21.428571428571427,95.4022,97.146,37.43732590529248,0,0.3743,5,5.8167,1.4855,0.1845,0.0815,4.637,4.9206,-0.7229890876579375,-0.617649566108199,154,159,0.878390673780422,FALSE,-1.2595460885141172,-1.4373004330518382,-0.45978000000000063,-0.28539999999999993,0.8719824224425377,-0.2205101100283354,1.1836156125834614,0.7952218430034129,0.9472295514511874,0.9472295514511874,0.8568019093078759,0.922879177377892,0.7564935064935064,0.922879177377892
669467,Andre Pallante,STL,2025,26,162.66666666666666,31,715,2722,162.66666666666666,5.247311827956989,0.0685,22.257806244995997,95.4088,98.4851,39.16238060249816,1,0.5913,4,5.3115,1.4447,0.1552,0.0867,4.4439,4.1623,-0.6757547969849045,-0.6176791205382999,148,160,0.9154680669336474,TRUE,-1.9895766653190532,-1.1926371647543337,-0.4591200000000001,-0.15148999999999974,1.7070889800378906,4.504706533435995,0.15735930109491142,0.8562874251497006,0.9645641389085755,0.9645641389085755,0.900727994705493,0.9477715877437326,0.8265895953757225,0.9477715877437326
656288,Griffin Canning,NYM,2025,29,76.33333333333333,16,328,1343,76.33333333333333,4.770833333333333,0.1067,25.528455284552845,90.2539,92.1231,37.230081906180196,0,0.5091,3,3.7729,1.3755,0.2134,0.1067,4.4495,4.0904,-0.7739007999194838,-0.6214658112590856,161,161,0.8423149514051466,FALSE,-1.1812529541901093,-0.22764188522380796,-0.9746099999999999,-0.7876900000000007,0.7716546919877852,-0.2205101100283354,-0.8688970103936385,0.7321428571428571,0.9306999306999307,0.9306999306999307,0.8174071819841753,0.899531145344943,0.6861924686192469,0.899531145344943
607067,Colin Rea,CHC,2025,34,159.33333333333334,27,662,2536,143.33333333333334,5.901234567901235,0.1254,21.955260977630488,93.0519,95.7482,35.05520504731861,0,0.3946,4,3.954,1.249,0.1918,0.0665,4.3563,4.3112,-0.6904137239727915,-0.6273380115340528,151,162,0.909781811144527,TRUE,-0.7855552212552595,-1.2819022467979808,-0.6948099999999997,-0.4251800000000003,-0.28121275026766607,-0.2205101100283354,0.15735930109491142,0.8465473145780051,0.9620637329286799,0.9620637329286799,0.8942172073342737,0.9441548771407298,0.8152709359605911,0.9441548771407298
676467,Colton Gordon,HOU,2025,26,86,14,379,1453,70,6.142857142857143,0.1398,18.00818553888131,97.1415,100.6037,32.89745354439091,0,0.3145,4,5.3372,1.4186,0.19,0.0501,4.3196,4.4342,-0.7070539215906735,-0.6321924236282219,152,163,0.8555568385634896,TRUE,-0.4808468065888513,-2.446475125231895,-0.28585000000000066,0.06037000000000035,-1.3257897324787409,-0.2205101100283354,0.15735930109491142,0.7595190380761523,0.9356084996780425,0.9356084996780425,0.8288648031945237,0.9064254522769807,0.7164461247637051,0.9064254522769807
477132,Clayton Kershaw,LAD,2025,37,112.66666666666667,22,463,1772,111.66666666666667,5.121212121212121,0.1058,24.3142144638404,95.5975,94.0302,37.07674943566592,0,0.4749,3,3.355,1.216,0.1814,0.0756,4.4643,4.1755,-0.7574055313705519,-0.6427303573096523,158,164,0.8773938899905904,FALSE,-1.2002972301067598,-0.5859000309402138,-0.44025000000000036,-0.5969800000000006,0.6974257693766994,-0.2205101100283354,-0.8688970103936385,0.7941680960548885,0.9465811965811965,0.9465811965811965,0.8552123552123552,0.9219562955254943,0.7553017944535073,0.9219562955254943
800049,Adam Mazur,MIA,2025,24,30,6,139,489,30,5,0.0504,21.757322175732217,98.724,95.8271,33.94683026584867,0,0.4299,5,4.8,1.5,0.1367,0.0863,5.2752,5.2241,-1.0727767934505217,-0.6480360598701403,191,165,0.6897683022856839,FALSE,-2.372578214309469,-1.3403035020710443,-0.12759999999999963,-0.41728999999999983,-0.817781851397161,-0.2205101100283354,1.1836156125834614,0.5366795366795367,0.830220713073005,0.830220713073005,0.6197718631178707,0.7652582159624414,0.4809688581314879,0.7652582159624414
622503,Nabil Crismatt,ARI,2025,30,34,5,153,534,26,6.8,0.1046,23.80952380952381,78.8428,92.2755,32.58426966292135,0,0.4435,4,3.7059,1.4412,0.1634,0.0588,4.4553,4.3154,-0.9653966398068533,-0.6657923999517993,184,166,0.7073748458279938,FALSE,-1.2256895979956273,-0.734807508675786,-2.1157200000000005,-0.7724500000000006,-1.4774034254080461,-0.2205101100283354,0.15735930109491142,0.5604395604395604,0.8422712933753943,0.8422712933753943,0.6402877697841727,0.7807017543859649,0.504950495049505,0.7807017543859649
663978,Chris Paddack,2 Tms,2025,29,158,28,670,2566,145.33333333333334,5.642857142857143,0.1119,20.66869300911854,90.956,102.9074,34.95713172252533,0,0.3667,4,5.3544,1.2848,0.1672,0.0552,4.6364,4.6919,-0.7500799387747076,-0.6840229085330294,156,167,0.9107176603112407,FALSE,-1.0712193600050175,-1.661500302533556,-0.9043999999999996,0.29073999999999955,-0.3286904776653607,-0.2205101100283354,0.15735930109491142,0.8481012658227848,0.9624906226556639,0.9624906226556639,0.895324494068388,0.9447717231222386,0.8170731707317073,0.9447717231222386
656605,Mitch Keller,PIT,2025,29,176.33333333333334,32,749,2871,176.33333333333334,5.510416666666667,0.1322,20.617816091954023,94.0115,93.8729,34.62208289794496,0,0.4363,4,4.1853,1.259,0.2003,0.0681,4.2456,4.1678,-0.7537632684402797,-0.6977252374402271,157,168,0.9191183624218155,FALSE,-0.6416651365516778,-1.6765113857488554,-0.5988500000000002,-0.6127099999999999,-0.4908890856138021,-0.2205101100283354,0.15735930109491142,0.8619102416570771,0.9663412992258499,0.9663412992258499,0.9053926206244087,0.9503475670307845,0.8331479421579533,0.9503475670307845
622663,Luis Severino,ATH,2025,31,162.66666666666666,29,705,2731,162.66666666666666,5.60919540229885,0.105,18.28040278853602,104.0655,103.5749,36.6898571951666,0,0.4118,4,4.5369,1.3033,0.1759,0.0709,4.6075,4.6286,-0.7701776753528297,-0.7021525112742802,160,169,0.9150503854120539,FALSE,-1.2172254753660048,-2.3661582346861674,0.40655,0.35749,0.5101295360183592,-0.2205101100283354,0.15735930109491142,0.8545454545454545,0.9646767926527728,0.9646767926527728,0.9010227647641043,0.9479347448802499,0.8245614035087719,0.9479347448802499
687064,Brandon Young,BAL,2025,26,57.666666666666664,12,256,941,57.666666666666664,4.805555555555555,0.0977,21.63355408388521,94.5487,98.6841,35.06907545164719,0,0.4402,3,6.2428,1.5434,0.1836,0.0859,4.6712,4.5211,-0.9134253425527359,-0.7155220174319727,178,170,0.8003646228550484,FALSE,-1.3716957133566146,-1.3768209097611848,-0.5451300000000003,-0.13158999999999993,-0.27449802659539185,-0.2205101100283354,-0.8688970103936385,0.6808510638297872,0.9039385206532181,0.9039385206532181,0.75825946817083,0.8625114573785518,0.6305418719211823,0.8625114573785518
650644,Aaron Civale,3 Tms,2025,30,102,18,435,1747,89,5.666666666666667,0.1264,21.788413098236777,91.5409,89.2711,37.03491700057241,0,0.3399,4,4.8529,1.2647,0.2023,0.0759,4.4481,4.7325,-0.8243289023466378,-0.7181090797615878,168,171,0.8734842071383204,FALSE,-0.7643949146812034,-1.3311302177808975,-0.8459100000000006,-1.0728899999999997,0.6771745037656116,-0.2205101100283354,0.15735930109491142,0.7837837837837838,0.9458581483486735,0.9458581483486735,0.8534440644846116,0.9209277807063785,0.7435897435897436,0.9209277807063785
607536,Kyle Freeland,COL,2025,32,162.66666666666666,31,709,2482,162.66666666666666,5.247311827956989,0.1213,21.036106750392463,93.8158,95.3464,31.950040290088637,0,0.4187,4,4.9795,1.4201,0.1749,0.0536,4.4111,4.2892,-0.7927562032080698,-0.7237765741319774,163,172,0.911621206698495,FALSE,-0.8723124782088898,-1.5530959700369016,-0.6184200000000004,-0.4653599999999997,-1.7844366511545322,-0.2205101100283354,0.15735930109491142,0.8552472858866104,0.9612703330751355,0.9612703330751355,0.8921639108554996,0.9430091185410334,0.8253783469150174,0.9430091185410334
670102,Bowden Francis,TOR,2025,29,64,14,288,1143,64,4.571428571428571,0.0938,23.264540337711068,93.8585,93.9993,37.44531933508311,0,0.34,3,6.0469,1.5313,0.1875,0.0938,4.8826,5.2108,-0.9235992998838571,-0.7276684221929157,180,173,0.8232281120392277,FALSE,-1.4542209089954334,-0.8956032624729316,-0.6141499999999993,-0.6000699999999994,0.8758520769216952,-0.2205101100283354,-0.8688970103936385,0.7058823529411765,0.919549477071601,0.919549477071601,0.7920997920997921,0.8839907192575406,0.6575342465753424,0.8839907192575406
687362,Connor Gillispie,MIA,2025,27,26,6,123,472,26,4.333333333333333,0.0976,21.3953488372093,88.969,86.6652,36.652542372881356,0,0.3721,4,8.6538,1.6538,0.187,0.0894,4.794,5.0631,-1.129407270133262,-0.7306288668376717,194,174,0.6765936845136645,FALSE,-1.3738117440140198,-1.447102659903597,-1.1031000000000006,-1.3334800000000002,0.4920652666149647,-0.2205101100283354,0.15735930109491142,0.5061728395061729,0.8251748251748252,0.8251748251748252,0.6113989637305699,0.7588424437299035,0.45054945054945056,0.7588424437299035
542881,Tyler Anderson,LAA,2025,35,136.33333333333334,26,599,2340,136.33333333333334,5.243589743589744,0.0785,24.978165938864628,100.3571,94.1021,36.15384615384615,0,0.2926,3,4.555,1.4083,0.1736,0.0952,5.2302,5.4063,-0.8534284712009872,-0.7338179720247943,169,175,0.9023927146776789,FALSE,-1.7779735995784922,-0.3900031213401177,0.03571000000000026,-0.5897900000000007,0.25064423605928743,-0.2205101100283354,-0.8688970103936385,0.8331015299026425,0.9590163934426229,0.9590163934426229,0.8863636363636364,0.9397590361445783,0.7997329773030708,0.9397590361445783
593958,Eduardo Rodriguez,ARI,2025,32,154.33333333333334,29,694,2592,154.33333333333334,5.32183908045977,0.1196,23.0327868852459,90.798,93.2812,37.3070987654321,0,0.3716,3,5.0151,1.5421,0.2061,0.0865,4.4808,4.4357,-0.8102127001270114,-0.7359059550865759,166,176,0.9124881284054884,FALSE,-0.9082849993847854,-0.9639814299066621,-0.9201999999999998,-0.6718800000000001,0.8089388919095899,-0.2205101100283354,-0.8688970103936385,0.8525798525798526,0.962852897473997,0.962852897473997,0.8962655601659751,0.9452954048140044,0.8222748815165877,0.9452954048140044
656557,Tanner Houck,BOS,2025,29,43.666666666666664,9,203,749,43.666666666666664,4.851851851851851,0.0739,21.62162162162162,95.6519,99.6588,37.38317757009346,0,0.4832,3,8.0382,1.6947,0.1576,0.0837,4.7785,4.7344,-1.032971025179581,-0.7480510478383433,189,177,0.7640416805313548,FALSE,-1.8753110098191506,-1.3803415472916174,-0.43481000000000025,-0.03412000000000006,0.8457689754829574,-0.2205101100283354,-0.8688970103936385,0.628482972136223,0.8822143698468787,0.8822143698468787,0.7140133460438512,0.8331479421579533,0.5750708215297451,0.8331479421579533
700241,Michael McGreevy,STL,2025,24,95.66666666666667,16,400,1466,90,5.979166666666667,0.095,19.196428571428573,88.0447,101.8161,37.92633015006821,0,0.4732,5,4.4216,1.2544,0.145,0.05,4.5687,4.3199,-0.9086576835852245,-0.7771523269232855,176,178,0.8590386552344471,FALSE,-1.428828541106566,-2.0958875496543854,-1.1955299999999993,0.18161000000000058,1.108711525679479,-0.2205101100283354,1.1836156125834614,0.7692307692307693,0.9361430395913155,0.9361430395913155,0.8301245753114382,0.9071782178217822,0.7272727272727273,0.9071782178217822
695418,Brad Lord,WSN,2025,25,130.66666666666666,19,546,2129,92,6.8771929824561395,0.119,21.26058325493885,90.9087,91.9725,35.368717707844056,0,0.4859,4,4.3393,1.2934,0.1978,0.0788,4.159,3.9541,-0.8731602031558561,-0.7792191795593071,171,179,0.8942045635289544,FALSE,-0.9209811833292191,-1.4868648444612491,-0.9091300000000004,-0.8027500000000003,-0.12943989395298297,-0.2205101100283354,0.15735930109491142,0.8198198198198198,0.9551368326603858,0.9551368326603858,0.8764923836969947,0.9341816586222027,0.7844827586206896,0.9341816586222027
621244,José Berríos,TOR,2025,31,166,30,698,2584,164,5.533333333333333,0.1175,22.016806722689076,87.6151,91.9802,36.57120743034056,0,0.415,4,4.1747,1.3012,0.1977,0.0802,4.4641,4.4314,-0.8676743257836914,-0.7895531294492703,170,180,0.9125923952925464,FALSE,-0.9527216431903033,-1.2637433576177544,-1.23849,-0.8019800000000004,0.45269066360238314,-0.2205101100283354,0.15735930109491142,0.8533007334963325,0.96274217585693,0.96274217585693,0.8959778085991679,0.9451353328456474,0.8231132075471698,0.9451353328456474
678394,Brayan Bello,BOS,2025,26,166.66666666666666,28,700,2698,161.66666666666666,5.952380952380952,0.0929,20.06472491909385,93.3395,97.5109,37.916975537435135,0,0.498,5,3.348,1.236,0.1771,0.0843,4.5502,4.3862,-0.8909861417040098,-0.8030245125535674,172,181,0.9143292186073848,FALSE,-1.473265184912084,-1.8396992926458864,-0.6660499999999999,-0.24890999999999935,1.1041829166062134,-0.2205101100283354,1.1836156125834614,0.8536585365853658,0.9642601858470335,0.9642601858470335,0.8999332888592395,0.9473314606741573,0.8235294117647058,0.9473314606741573
608337,Lucas Giolito,BOS,2025,30,145,26,613,2372,145,5.576923076923077,0.106,22.87756925826631,92.1427,93.403,36.42495784148398,0,0.3782,3,3.4138,1.2897,0.1974,0.0914,4.654,4.5913,-0.9008401141468082,-0.8038849345543331,173,182,0.9039374306058169,FALSE,-1.1960651687919486,-1.0097779294771363,-0.7857299999999995,-0.6596999999999994,0.3818905951189954,-0.2205101100283354,-0.8688970103936385,0.8362892223738063,0.959546925566343,0.959546925566343,0.8877245508982036,0.9405233941316415,0.8034076015727392,0.9405233941316415
605288,Adrian Houser,2 Tms,2025,32,125,21,518,1892,124.3,5.9523809523809526,0.1042,18.104366347177848,94.026,99.546,34.72515856236787,0,0.4894,5,3.312,1.28,0.1776,0.0734,4.4556,4.2965,-0.9060433567134408,-0.8042409639900892,175,183,0.8861690882550407,FALSE,-1.2341537206252495,-2.4180972635704783,-0.5974000000000004,-0.04539999999999935,-0.44098970362464013,-0.2205101100283354,1.1836156125834614,0.8119122257053292,0.9497991967871486,0.9497991967871486,0.8631386861313869,0.9265426052889324,0.7754491017964071,0.9265426052889324
669160,Dustin May,2 Tms,2025,27,132.33333333333334,23,584,2170,124.66666666666667,5.753623188405798,0.1147,19.95926680244399,98.2594,94.9406,36.26728110599078,0,0.4216,3,4.9647,1.4207,0.2106,0.0959,4.4673,4.5304,-0.9216968102455295,-0.8283355015052244,179,184,0.8980446028489365,FALSE,-1.0119705015976603,-1.8708143965669979,-0.17406000000000005,-0.5059399999999996,0.3055585947459677,-0.2205101100283354,-0.8688970103936385,0.8295454545454546,0.9559471365638766,0.9559471365638766,0.8785425101214575,0.9353448275862069,0.7956403269754768,0.9353448275862069
663568,Stephen Kolek,2 Tms,2025,28,112.66666666666667,19,461,1689,112.66666666666667,5.9298245614035094,0.0998,17.699115044247787,94.5505,99.3003,35.82001184132623,0,0.5145,5,3.5148,1.145,0.167,0.0672,4.3851,4.1622,-0.9535964969610231,-0.8339468630674044,182,185,0.8746006246728946,FALSE,-1.3272590695510966,-2.537665456189547,-0.54495,-0.06997000000000071,0.08903357873501898,-0.2205101100283354,1.1836156125834614,0.7934595524956971,0.9441028507546115,0.9441028507546115,0.8491704374057315,0.9184339314845025,0.7545008183306056,0.9184339314845025
641793,Zack Littell,2 Tms,2025,29,186.66666666666666,32,759,2789,186.66666666666666,5.833333333333333,0.1291,20.429362880886426,87.7588,92.1548,33.022588741484405,0,0.4031,4,3.8089,1.1036,0.1713,0.0422,4.3973,4.3513,-0.9018297930742624,-0.8359306950256086,174,186,0.9185774679764259,FALSE,-0.7072620869312523,-1.732113945636247,-1.2241200000000005,-0.7845200000000006,-1.2652112338096622,-0.2205101100283354,0.15735930109491142,0.863481228668942,0.965385946694358,0.965385946694358,0.9028811913240531,0.9489622320517183,0.834983498349835,0.9489622320517183
471911,Carlos Carrasco,2 Tms,2025,38,45.666666666666664,9,212,779,40.666666666666664,5.0740740740740735,0.0802,22.535211267605632,80.345,88.3793,39.40949935815148,0,0.3585,5,7.0949,1.708,0.1604,0.0802,4.9617000000000004,4.9911,-1.1434321000716376,-0.8378690792651533,196,187,0.7708135990281738,FALSE,-1.7420010784025968,-1.1107896372150818,-1.9655,-1.16207,1.8267202553158153,-0.2205101100283354,1.1836156125834614,0.6385542168674698,0.8862343572241184,0.8862343572241184,0.7219647822057461,0.8385360602798708,0.585635359116022,0.8385360602798708
801403,Chase Dollander,COL,2025,23,98,21,441,1778,98,4.666666666666667,0.0748,22.87425149700599,97.4082,95.1345,38.863892013498315,0,0.4272,3,6.5204,1.551,0.1859,0.1111,4.9906,4.9703,-1.0072899074737527,-0.8439915094390942,187,188,0.8751173759376417,FALSE,-1.8562667339024996,-1.0107568250773964,-0.25918000000000063,-0.4865499999999997,1.5625893427539637,-0.2205101100283354,-0.8688970103936385,0.786096256684492,0.946751863684771,0.946751863684771,0.8556304138594802,0.9221991701244814,0.7461928934010152,0.9221991701244814
607625,Seth Lugo,KCR,2025,35,145.33333333333334,26,611,2380,145.33333333333334,5.58974358974359,0.1146,20.593869731800766,92.6483,90.0536,37.26890756302521,0,0.3895,4,4.1491,1.2936,0.2046,0.09,4.5322,4.5306,-0.9502319169663632,-0.8556505319772223,181,189,0.9039385301936873,FALSE,-1.014086532255066,-1.6835766881491894,-0.7351699999999994,-0.9946399999999997,0.7904503630391082,-0.2205101100283354,0.15735930109491142,0.8358413132694938,0.9596774193548387,0.9596774193548387,0.8880597014925373,0.9407114624505929,0.8028909329829172,0.9407114624505929
592866,Trevor Williams,WSN,2025,33,82.66666666666667,17,373,1448,82.66666666666667,4.862745098039216,0.118,19.82248520710059,90.4986,94.4492,36.32596685082873,0,0.3297,3,6.2056,1.5363,0.1743,0.0563,4.592,4.5606,-1.0065116727640322,-0.8702178328724393,186,190,0.8544610085745071,FALSE,-0.9421414899032752,-1.9111713997907127,-0.9501400000000004,-0.5550799999999996,0.3339686216459391,-0.2205101100283354,-0.8688970103936385,0.7565922920892495,0.9354005167958657,0.9354005167958657,0.8283752860411899,0.9061326658322904,0.7131931166347992,0.9061326658322904
608372,Tomoyuki Sugano,BAL,2025,35,157,30,675,2568,157,5.233333333333333,0.1037,18.506224066390043,87.7575,98.6068,36.91588785046729,0,0.4023,5,4.6433,1.3312,0.157,0.0533,4.689,4.6976,-0.9624493310211346,-0.8785488677247081,183,191,0.911042588116619,FALSE,-1.2447338739122777,-2.299530337742443,-1.2242500000000007,-0.1393199999999993,0.619551969269283,-0.2205101100283354,1.1836156125834614,0.8490566037735849,0.9625187406296851,0.9625187406296851,0.895397489539749,0.9448123620309051,0.8181818181818182,0.9448123620309051
663436,Davis Martin,CHW,2025,28,142.66666666666666,25,601,2311,136.66666666666666,5.706666666666666,0.0932,21.56003505696757,92.8477,92.4731,36.65080051925573,0,0.4535,4,4.1005,1.2897,0.173,0.0799,4.6843,4.5742,-0.9927836271847887,-0.8795316698084735,185,192,0.9020110716505222,FALSE,-1.466917092939867,-1.3985124801721787,-0.7152299999999997,-0.7526899999999997,0.49122202762231915,-0.2205101100283354,0.15735930109491142,0.8335644937586685,0.9585234342596433,0.9585234342596433,0.8851014936805821,0.9390491670052824,0.800266311584554,0.9390491670052824
685326,McCade Brown,COL,2025,24,25.666666666666668,7,126,502,25.666666666666668,3.666666666666667,0.0476,23.318385650224215,90.9435,83.6837,39.8406374501992,0,0.3457,3,7.3636,1.8312,0.1825,0.1349,5.4702,6.1369,-1.4569460641099021,-0.8866955505574772,210,193,0.6860433443098074,FALSE,-2.4318270727168265,-0.8797163630313843,-0.90565,-1.63163,2.0354360997939196,-0.2205101100283354,-0.8688970103936385,0.5121951219512195,0.8338870431893688,0.8338870431893688,0.6259351620947631,0.7699386503067485,0.45652173913043476,0.7699386503067485
687931,Carson Whisenhunt,SFG,2025,24,23.333333333333332,5,102,408,23.333333333333332,4.666666666666666,0.0392,23.783783783783782,91.337,76.5828,39.21568627450981,0,0.4366,3,5.0143,1.4571,0.1569,0.1176,5.4584,5.4799,-1.6219082719261702,-0.8991861392108933,215,194,0.6441653363797596,FALSE,-2.609573647938898,-0.7424020267771494,-0.8662999999999996,-2.3417199999999996,1.7328944900463916,-0.2205101100283354,-0.8688970103936385,0.4594594594594595,0.8031496062992126,0.8031496062992126,0.576271186440678,0.7311827956989247,0.40476190476190477,0.7311827956989247
671106,Logan Allen,CLE,2025,26,156.66666666666666,29,676,2709,155.66666666666666,5.402298850574712,0.0888,20.583333333333332,91.5388,91.9537,38.39055001845699,0,0.444,5,4.2511,1.3979,0.1805,0.0917,4.7861,4.7201,-1.0122430527345059,-0.9077738403470107,188,195,0.9131165373369836,FALSE,-1.5600224418657138,-1.6866854212053364,-0.8461200000000005,-0.8046300000000002,1.3334424034223664,-0.2205101100283354,1.1836156125834614,0.8492462311557789,0.9644001423994304,0.9644001423994304,0.9002991026919243,0.9475341028331584,0.8184019370460048,0.9475341028331584
615698,Cal Quantrill,2 Tms,2025,30,117.66666666666667,26,513,2006,117.66666666666667,4.5256410256410255,0.0975,20.21390374331551,88.3681,89.0326,37.387836490528414,0,0.3385,5,6.0425,1.4533,0.1657,0.0682,4.8434,4.8852,-1.074045971763985,-0.941971792466601,192,196,0.888567637677969,FALSE,-1.3759277746714256,-1.7956845238832562,-1.1631900000000002,-1.0967399999999998,0.8480243793335419,-0.2205101100283354,1.1836156125834614,0.8104265402843602,0.9525166191832859,0.9525166191832859,0.8699045967042498,0.9304267161410018,0.7737556561085973,0.9304267161410018
527048,Martín Pérez,CHW,2025,34,56,10,228,904,52.666666666666664,5.6,0.0965,20.94240837696335,85.6678,89.6189,39.04867256637168,0,0.3899,3,3.5357,1.1071,0.193,0.0965,4.7801,4.9143,-1.2183678500971,-0.9493296659826306,199,197,0.7893349162108707,FALSE,-1.3970880812454818,-1.5807413966678905,-1.43322,-1.0381100000000003,1.6520424201958563,-0.2205101100283354,-0.8688970103936385,0.6551724137931034,0.900398406374502,0.900398406374502,0.7508305647840532,0.857685009487666,0.6031746031746031,0.857685009487666
571760,Andrew Heaney,2 Tms,2025,34,122.33333333333333,23,536,2085,117,5.318840579710145,0.0858,19.939271255060728,90.1881,92.9055,36.21103117505995,0,0.3671,5,5.5177,1.3815,0.1604,0.0746,4.8995,4.9346,-1.082980480462801,-0.9498497420861113,193,198,0.8924095351977028,FALSE,-1.6235033615878824,-1.8767140234004207,-0.9811899999999995,-0.7094499999999997,0.27832775605968413,-0.2205101100283354,1.1836156125834614,0.8170731707317073,0.954233409610984,0.954233409610984,0.8742138364779874,0.9328859060402684,0.7813411078717201,0.9328859060402684
688138,Logan Evans,SEA,2025,24,81.33333333333333,15,350,1340,78.33333333333333,5.422222222222222,0.08,19.435215946843854,91.3779,91.7829,37.38805970149254,0,0.4,5,4.3156,1.3893,0.1686,0.0886,4.9265,4.8709,-1.1549724418744387,-0.9514503410163923,197,199,0.8459318358610648,FALSE,-1.7462331397174078,-2.025434044157369,-0.8622100000000004,-0.8217100000000002,0.8481324367419057,-0.2205101100283354,1.1836156125834614,0.7446808510638298,0.9305555555555556,0.9305555555555556,0.8170731707317073,0.8993288590604027,0.7,0.8993288590604027
685299,Tanner Gordon,COL,2025,27,75.33333333333333,15,337,1245,75.33333333333333,5.022222222222222,0.1335,17.97583081570997,88.5123,90.7142,32.44979919678715,0,0.3452,3,6.3319,1.5,0.184,0.0504,4.3663,4.3321,-1.1317089761533885,-0.9823473883441706,195,200,0.8387831891534402,FALSE,-0.6141567380054049,-2.4560212901530605,-1.1487700000000003,-0.9285799999999995,-1.5425011688323453,-0.2205101100283354,-0.8688970103936385,0.737417943107221,0.9256505576208178,0.9256505576208178,0.8058252427184466,0.8924731182795699,0.6919917864476386,0.8924731182795699
661563,Luis Gil,NYY,2025,27,57,11,244,970,57,5.181818181818182,0.0328,21.54566744730679,97.5492,95.5115,38.76288659793814,0,0.3136,3,3.3158,1.4035,0.168,0.1352,5.7407,5.6499,-1.3706511374315073,-1.0129837726073858,206,201,0.7998036438975198,FALSE,-2.744999610012857,-1.4027516007054748,-0.2450800000000001,-0.4488500000000002,1.5136921773344676,-0.2205101100283354,-0.8688970103936385,0.6703296703296703,0.9065420560747663,0.9065420560747663,0.7637795275590551,0.8660714285714286,0.6192893401015228,0.8660714285714286
665871,Javier Assad,CHC,2025,27,37,7,153,567,34.666666666666664,5.285714285714286,0.0719,16.47509578544061,93.2451,92.2022,36.68430335097002,0,0.4737,4,3.6486,1.2162,0.1503,0.0784,4.8261,4.6893,-1.4543935012293971,-1.0225525872449575,209,202,0.7144441682056956,FALSE,-1.9176316229672625,-2.8988087010066117,-0.6754900000000006,-0.7797799999999995,0.5074408956431045,-0.2205101100283354,0.15735930109491142,0.5604395604395604,0.8500749625187406,0.8500749625187406,0.6539792387543253,0.7907949790794979,0.504950495049505,0.7907949790794979
676106,Emerson Hancock,SEA,2025,26,90,16,385,1423,81.33333333333333,5.625,0.0857,20.254957507082153,90.0385,87.8503,35.20730850316233,0,0.4296,4,4.9,1.3778,0.1662,0.0805,4.7604,4.6088,-1.255278819491444,-1.0538971751613146,201,203,0.855121336263232,FALSE,-1.625619392245288,-1.7835717328859253,-0.9961500000000001,-1.2149699999999997,-0.20757879905802354,-0.2205101100283354,0.15735930109491142,0.7623762376237624,0.9343401181877873,0.9343401181877873,0.8258850841555426,0.9046408137317228,0.719626168224299,0.9046408137317228
543294,Kyle Hendricks,LAA,2025,35,164.66666666666666,31,695,2574,164.66666666666666,5.311827956989247,0.1022,18.299595141700404,97.6537,92.6776,33.333333333333336,0,0.3849,3,4.7551,1.2753,0.164,0.0619,4.7295,4.7316,-1.1784225852462635,-1.0758494937492773,198,204,0.9122764764946999,FALSE,-1.276474333773362,-2.3604955879201226,-0.23462999999999995,-0.7322400000000002,-1.1147784117022292,-0.2205101100283354,-0.8688970103936385,0.852760736196319,0.9626028421839941,0.9626028421839941,0.8956158663883089,0.9449339207048458,0.8224852071005917,0.9449339207048458
573186,Marcus Stroman,NYY,2025,34,39,9,175,705,39,4.333333333333333,0.0571,19.21921921921922,86.0917,89.5302,38.297872340425535,0,0.4651,4,6.2308,1.5385,0.1486,0.0914,5.1218,5.0049,-1.5115973486167353,-1.0803718505475548,211,205,0.7476928595438032,FALSE,-2.2308041602632933,-2.0891632367521376,-1.3908299999999998,-1.0469800000000007,1.2885767323267487,-0.2205101100283354,0.15735930109491142,0.5932203389830508,0.8757763975155279,0.8757763975155279,0.7014925373134329,0.8245614035087719,0.5384615384615384,0.8245614035087719
621111,Walker Buehler,2 Tms,2025,30,126,24,565,2191,120,5.25,0.0549,19.24257932446264,96.0877,91.7378,38.38429940666362,0,0.4271,5,4.9286,1.5159,0.1628,0.108,5.1868,5.0899,-1.2802605488233165,-1.1147443208693955,202,206,0.8970207516365669,FALSE,-2.2773568347262167,-2.082270907120741,-0.3912300000000002,-0.8262200000000007,1.3304164547924007,-0.2205101100283354,1.1836156125834614,0.8248175182481752,0.9563509384548232,0.9563509384548232,0.8795664391810518,0.9359248184536523,0.7902097902097902,0.9359248184536523
808963,Roki Sasaki,LAD,2025,23,36.333333333333336,8,161,624,34.333333333333336,4.541666666666667,0.0373,22.09737827715356,90.8391,84.3006,41.02564102564103,0,0.3889,2,4.4587,1.4312,0.1739,0.1366,5.5226,5.5251,-1.6718926605173736,-1.1235478206325618,218,207,0.7288747580416899,FALSE,-2.6497782304296047,-1.239970959912497,-0.9160899999999998,-1.5699399999999997,2.609101536738275,-0.2205101100283354,-1.8951533218821883,0.5729537366548043,0.861878453038674,0.861878453038674,0.6753246753246753,0.8062015503875969,0.5176848874598071,0.8062015503875969
571945,Miles Mikolas,STL,2025,36,156.33333333333334,31,669,2483,156.33333333333334,5.043010752688172,0.0942,16.456759026028546,89.0777,93.6827,33.95086588803866,0,0.4019,5,4.8358,1.3177,0.1495,0.0553,4.8323,4.8325,-1.2516732546112652,-1.1411345166455953,200,208,0.9093704860216507,FALSE,-1.4457567863658107,-2.904218907378656,-1.0922300000000007,-0.6317300000000003,-0.8158281889652962,-0.2205101100283354,1.1836156125834614,0.8479087452471483,0.9612853271389856,0.9612853271389856,0.892202659001078,0.9430307633877706,0.8168498168498168,0.9430307633877706
680730,Mitchell Parker,WSN,2025,25,164.66666666666666,30,725,2707,158.33333333333334,5.488888888888889,0.0621,19.624819624819626,92.1725,94.1147,34.13372737347617,0,0.3694,4,5.6842,1.4332,0.1421,0.08,5.2011,5.0829,-1.3179322744926443,-1.1883416519791523,203,209,0.915790955547201,FALSE,-2.1250026273930125,-1.9694920424276339,-0.7827500000000001,-0.5885300000000001,-0.7273041405001356,-0.2205101100283354,0.15735930109491142,0.8579881656804734,0.9643747773423584,0.9643747773423584,0.900232790156302,0.9474973748687434,0.8285714285714286,0.9474973748687434
592836,Taijuan Walker,PHI,2025,32,123.66666666666667,21,538,2062,103.66666666666667,5.888888888888889,0.0818,18.51453175457481,86.2752,91.5447,37.53637245392822,0,0.4478,4,4.0755,1.407,0.1599,0.0781,4.7926,4.7302,-1.348499703401288,-1.1954912553829993,204,210,0.892066301153608,FALSE,-1.7081445878841068,-2.297079179032,-1.3724800000000001,-0.8455299999999994,0.9199312917780311,-0.2205101100283354,0.15735930109491142,0.817629179331307,0.9537465309898242,0.9537465309898242,0.8729889923793396,0.9321880650994575,0.7819767441860465,0.9321880650994575
594902,Ben Lively,CLE,2025,33,44.666666666666664,9,178,720,44.666666666666664,4.962962962962963,0.0787,16.224188790560472,90.4925,89.3411,36.111111111111114,0,0.291,3,3.2239,1.1866,0.1629,0.0843,5.2992,5.2603,-1.5995564412026415,-1.198967682897318,213,211,0.7510215272543955,FALSE,-1.7737415382636808,-2.9728380642101095,-0.9507499999999993,-1.0658900000000002,0.22995601412350866,-0.2205101100283354,-0.8688970103936385,0.5973154362416108,0.8780487804878049,0.8780487804878049,0.7058823529411765,0.8275862068965517,0.5426829268292683,0.8275862068965517
687223,Carson Palmquist,COL,2025,24,34.333333333333336,7,175,705,30.666666666666668,4.904761904761905,0.0114,20.983606557377048,93.1986,84.5653,40.851063829787236,0,0.3162,3,8.9126,2.0388,0.1543,0.1429,6.0025,6.5685,-1.8017277534729232,-1.225154812651128,221,212,0.7476928595438032,FALSE,-3.1978301706976584,-1.5685859959680182,-0.6801400000000001,-1.5434700000000006,2.524587949255937,-0.2205101100283354,-0.8688970103936385,0.5932203389830508,0.8757763975155279,0.8757763975155279,0.7014925373134329,0.8245614035087719,0.5384615384615384,0.8245614035087719
663623,Jake Irvin,WSN,2025,28,180,33,787,2947,180,5.454545454545454,0.0788,18.228031953522148,92.5929,94.113,35.49372242958941,0,0.4281,3,5.7,1.4278,0.1576,0.0788,4.9229,4.8179,-1.3624158836034972,-1.250697460766067,205,213,0.92181586765836665,FALSE,-1.7716255076062755,-2.3816100939233498,-0.74071,-0.5887,-0.06892455897315412,-0.2205101100283354,-0.8688970103936385,0.8676957001102535,0.9671808336068264,0.9671808336068264,0.9076070218663381,0.951566031643526,0.83991462113127,0.951566031643526
663559,Bailey Falter,2 Tms,2025,28,125.33333333333333,24,518,1952,121.33333333333333,5.222222222222222,0.0676,18.12227074235808,93.366,94.5757,36.16803278688525,0,0.3549,3,4.4521,1.2846,0.1564,0.0888,5.1778,5.0342,-1.42429622152209,-1.2509716875468355,207,214,0.8877084718004845,FALSE,-2.008620941235704,-2.4128146249801534,-0.6634,-0.5424300000000002,0.25751204743960965,-0.2205101100283354,-0.8688970103936385,0.8119122257053292,0.9512670565302144,0.9512670565302144,0.866785079928952,0.928639391056137,0.7754491017964071,0.928639391056137
500779,Jose Quintana,MIL,2025,36,131.66666666666666,24,556,2177,131.66666666666666,5.486111111111111,0.0701,18.404255319148938,85.7898,91.376,38.95268718419844,0,0.4328,4,3.9646,1.2911,0.1601,0.0899,5.0375,4.9216,-1.4364628006213171,-1.273887797136584,208,215,0.8960214483342924,FALSE,-1.9557201748005637,-2.3296159135890773,-1.42102,-0.8623999999999995,1.605575474993474,-0.2205101100283354,0.15735930109491142,0.8224852071005917,0.956082564778217,0.956082564778217,0.878885748889786,0.9355393210141814,0.7875354107648725,0.9355393210141814
596295,Austin Gomber,COL,2025,31,57.666666666666664,12,272,999,57.666666666666664,4.805555555555555,0.0625,15.918367346938776,90.2051,88.7215,33.933933933933936,0,0.3318,4,7.4913,1.7168,0.125,0.0625,5.4362,5.6728,-1.6721439524364983,-1.3378960567748563,219,216,0.809200029231186,FALSE,-2.11653850476339,-3.063069772322128,-0.9794899999999999,-1.1278499999999994,-0.8240250223345024,-0.2205101100283354,0.15735930109491142,0.6938775510204082,0.9090081892629663,0.9090081892629663,0.76905311778291,0.8694516971279374,0.6445497630331753,0.8694516971279374
681190,Randy Vásquez,SDP,2025,26,133.66666666666666,26,570,2149,129,5.1410256410256405,0.0456,15.747241725175527,93.6618,95.1422,36.621684504420664,0,0.4014,5,3.8379,1.3242,0.1368,0.0912,5.4277,5.5068,-1.5334915328753713,-1.3536895799559312,212,217,0.8965478161905815,FALSE,-2.4741476858649385,-3.1135598784787444,-0.63382,-0.48577999999999977,0.4771268369253542,-0.2205101100283354,1.1836156125834614,0.8260869565217391,0.9555357936860827,0.9555357936860827,0.8775010208248265,0.9347542409743367,0.7916666666666666,0.9347542409743367
686799,Jack Kochanowicz,LAA,2025,24,111,23,512,1862,111,4.826086956521739,0.0273,20.81447963800905,92.5289,85.5545,38.50698174006445,0,0.5187,4,6.8108,1.7477,0.1406,0.1133,5.352,5.178,-1.6190413406050512,-1.3810157147686757,214,218,0.884819700793025,FALSE,-2.861381296170166,-1.6184863909225837,-0.7471100000000007,-1.4445499999999996,1.3898075113716997,-0.2205101100283354,0.15735930109491142,0.810126582278481,0.9490316004077471,0.9490316004077471,0.8612395929694727,0.9254473161033797,0.7734138972809668,0.9254473161033797
608566,Germán Márquez,COL,2025,30,126.33333333333333,26,591,2087,126.33333333333333,4.858974358974359,0.0592,18.6,85.5758,85.1872,37.47005270723527,0,0.3705,4,6.6966,1.7098,0.1404,0.0812,5.2638,5.349,-1.6298913885480097,-1.4433604859708644,216,219,0.8967937218982586,FALSE,-2.1863675164577754,-2.2718620272105863,-1.4424199999999998,-1.4812799999999995,0.88782561104161,-0.2205101100283354,0.15735930109491142,0.8312236286919831,0.9542752629172382,0.9542752629172382,0.8743192291579388,0.9329459097004917,0.7975708502024291,0.9329459097004917
607200,Erick Fedde,3 Tms,2025,32,141,24,623,2372,120.66666666666667,5.875,0.0257,17.958412098298677,88.5095,94.9256,39.16526138279932,0,0.4039,4,5.4894,1.5177,0.1332,0.1075,5.597,5.4263,-1.6689599675080804,-1.4788695068603075,217,220,0.9046155183930359,FALSE,-2.895237786688656,-2.461160630960979,-1.1490499999999997,-0.5074399999999997,1.7084835784378072,-0.2205101100283354,0.15735930109491142,0.8384925975773889,0.959546925566343,0.959546925566343,0.8877245508982036,0.9405233941316415,0.8059508408796895,0.9405233941316415
687134,Bradley Blalock,COL,2025,24,58.666666666666664,12,275,1033,55.666666666666664,4.888888888888888,0.0145,15.885947046843178,91.1765,91.7677,38.33494675701839,0,0.4027,4,9.358,1.8409,0.0982,0.0836,5.7637,5.6729,-1.909073045994415,-1.4965894208493413,222,221,0.8125842890292146,FALSE,-3.132233220318084,-3.0726352855199166,-0.8823499999999995,-0.8232299999999995,1.3065246202782845,-0.2205101100283354,0.15735930109491142,0.6962025316455697,0.911738746690203,0.911738746690203,0.7749437359339835,0.8732037193575655,0.6470588235294118,0.8732037193575655
622608,Antonio Senzatela,COL,2025,30,130,23,618,2286,108,5.6521739130434785,0.0421,18.105065666041277,85.3294,93.0184,38.58267716535433,0,0.4557,3,6.6462,1.8385,0.1181,0.0761,5.2224,5.1907,-1.7100183203505694,-1.525080715355912,220,222,0.902728798164392,FALSE,-2.5482087588741353,-2.417890931618033,-1.4670599999999994,-0.69816,1.4264519993070386,-0.2205101100283354,-0.8688970103936385,0.8373983739837398,0.9580888516345348,0.9580888516345348,0.8839907192575406,0.9384236453201971,0.8046875,0.9384236453201971
